0.02 -4.05732e-12 1.80212e-12 -1.24558e-09 1.60799e-11 -3.11524e-08 4.50718e-11
0.04 -3.42156e-11 1.75637e-10 -1.69407e-08 1.74387e-10 -4.23693e-07 4.39275e-09
0.06 -9.3166e-11 1.72604e-09 -8.44355e-08 7.93175e-10 -2.11177e-06 4.31691e-08
0.08 5.02494e-11 8.44944e-09 -2.30069e-07 2.14691e-09 -5.75411e-06 2.11324e-07
0.1 1.10367e-09 2.81753e-08 -3.95081e-07 4.26419e-09 -9.88115e-06 7.04677e-07
0.12 3.95627e-09 6.85001e-08 -4.45799e-07 7.26272e-09 -1.11496e-05 1.71322e-06
0.14 8.67066e-09 1.09645e-07 -3.08502e-07 1.05301e-08 -7.71576e-06 2.74227e-06
0.16 1.36997e-08 5.62714e-08 -6.67325e-08 9.5098e-09 -1.66901e-06 1.40737e-06
0.18 1.64523e-08 -2.717e-07 1.17138e-07 -5.66894e-09 2.92967e-06 -6.79533e-06
0.2 1.49569e-08 -1.04982e-06 1.59946e-07 -4.50252e-08 4.00032e-06 -2.62565e-05
0.22 9.14788e-09 -2.30194e-06 1.03627e-07 -1.1071e-07 2.59174e-06 -5.75724e-05
0.24 7.44595e-10 -3.82816e-06 2.08068e-08 -1.94624e-07 5.20386e-07 -9.57438e-05
0.26 -7.97402e-09 -5.31442e-06 -7.58731e-08 -2.83796e-07 -1.89762e-06 -0.000132916
0.28 -1.53926e-08 -6.5587e-06 -2.12583e-07 -3.66865e-07 -5.31679e-06 -0.000164036
0.3 -2.08561e-08 -7.58153e-06 -3.67324e-07 -4.35359e-07 -9.18693e-06 -0.000189617
0.32 -2.40737e-08 -8.4891e-06 -4.33731e-07 -4.81935e-07 -1.08478e-05 -0.000212316
0.34 -2.47163e-08 -9.2818e-06 -2.8809e-07 -5.01658e-07 -7.20524e-06 -0.000232142
0.36 -2.31281e-08 -9.8822e-06 9.36292e-08 -4.96242e-07 2.34171e-06 -0.000247158
0.38 -2.14038e-08 -1.03217e-05 5.73651e-07 -4.76112e-07 1.43473e-05 -0.00025815
0.4 -2.30232e-08 -1.07853e-05 9.1359e-07 -4.59125e-07 2.28493e-05 -0.000269745
0.42 -3.07291e-08 -1.14539e-05 9.2386e-07 -4.67872e-07 2.31061e-05 -0.000286468
0.44 -4.45839e-08 -1.23817e-05 5.86549e-07 -5.23032e-07 1.46698e-05 -0.000309672
0.46 -6.18413e-08 -1.35125e-05 7.60636e-08 -6.29869e-07 1.90238e-06 -0.000337953
0.48 -7.80986e-08 -1.46665e-05 -3.10049e-07 -7.66008e-07 -7.75445e-06 -0.000366815
0.5 -8.87871e-08 -1.54563e-05 -3.04056e-07 -8.86111e-07 -7.60457e-06 -0.000386568
0.52 -9.13414e-08 -1.53956e-05 1.05124e-07 -9.47866e-07 2.62919e-06 -0.00038505
0.54 -8.76205e-08 -1.43228e-05 5.55383e-07 -9.43268e-07 1.38903e-05 -0.000358218
0.56 -8.37012e-08 -1.27564e-05 5.50894e-07 -9.09848e-07 1.37781e-05 -0.000319043
0.58 -8.5213e-08 -1.1661e-05 -6.0246e-08 -9.05988e-07 -1.50678e-06 -0.000291647
0.6 -9.14925e-08 -1.16251e-05 -8.69939e-07 -9.61155e-07 -2.17575e-05 -0.000290749
0.62 -9.45025e-08 -1.21572e-05 -1.25208e-06 -1.042e-06 -3.13152e-05 -0.000304057
0.64 -8.45971e-08 -1.19282e-05 -9.56233e-07 -1.07097e-06 -2.39158e-05 -0.00029833
0.66 -5.84593e-08 -9.93019e-06 -3.64501e-07 -9.82751e-07 -9.11632e-06 -0.000248358
0.68 -2.16717e-08 -6.40969e-06 -1.51893e-07 -7.64737e-07 -3.7989e-06 -0.000160309
0.7 1.70675e-08 -2.53156e-06 -6.51865e-07 -4.5298e-07 -1.63034e-05 -6.33154e-05
0.72 5.43874e-08 8.01004e-07 -1.50406e-06 -1.00192e-07 -3.76171e-05 2.00334e-05
0.74 9.40991e-08 3.57742e-06 -1.93355e-06 2.58195e-07 -4.83589e-05 8.94728e-05
0.76 1.40386e-07 6.22673e-06 -1.45609e-06 6.23743e-07 -3.64175e-05 0.000155733
0.78 1.90479e-07 8.91669e-06 -3.83425e-07 1.02684e-06 -9.58961e-06 0.00022301
0.8 2.35388e-07 1.1434e-05 3.65346e-07 1.49161e-06 9.13745e-06 0.000285968
0.82 2.67563e-07 1.347e-05 3.73802e-08 2.00493e-06 9.34893e-07 0.000336889
0.84 2.87296e-07 1.48275e-05 -1.2288e-06 2.5239e-06 -3.07328e-05 0.000370841
0.86 3.0236e-07 1.55477e-05 -2.38197e-06 3.01441e-06 -5.95741e-05 0.000388854
0.88 3.21552e-07 1.60122e-05 -2.29858e-06 3.47534e-06 -5.74884e-05 0.000400471
0.9 3.46361e-07 1.66924e-05 -8.68354e-07 3.91951e-06 -2.17179e-05 0.000417484
0.92 3.66908e-07 1.75021e-05 7.27844e-07 4.33478e-06 1.82037e-05 0.000437735
0.94 3.67726e-07 1.75057e-05 1.0048e-06 4.6704e-06 2.51304e-05 0.000437825
0.96 3.41247e-07 1.56398e-05 -4.14556e-07 4.86481e-06 -1.03682e-05 0.000391157
0.98 2.97004e-07 1.18786e-05 -2.3528e-06 4.88912e-06 -5.88445e-05 0.000297088
1 2.5587e-07 7.51593e-06 -2.99993e-06 4.76702e-06 -7.50295e-05 0.000187977
1.02 2.33347e-07 4.09661e-06 -1.00064e-06 4.55819e-06 -2.50265e-05 0.000102458
1.04 2.25388e-07 2.21921e-06 3.80744e-06 4.33455e-06 9.52257e-05 5.55035e-05
1.06 2.06157e-07 1.70615e-06 8.80958e-06 4.16213e-06 0.000220331 4.26715e-05
1.08 1.44167e-07 2.55314e-06 8.63188e-06 4.03393e-06 0.000215887 6.3855e-05
1.1 3.50425e-08 4.8257e-06 6.61788e-07 3.77797e-06 1.65516e-05 0.000120693
1.12 -7.93598e-08 7.70129e-06 -9.74414e-06 3.13354e-06 -0.000243705 0.000192613
1.14 -1.40598e-07 9.51158e-06 -1.33335e-05 2.02075e-06 -0.000333477 0.000237889
1.16 -1.3095e-07 9.12871e-06 -6.59596e-06 6.76737e-07 -0.000164968 0.000228313
1.18 -9.30253e-08 7.09028e-06 4.23711e-06 -5.31694e-07 0.000105972 0.000177331
1.2 -8.75274e-08 5.01169e-06 9.18381e-06 -1.37798e-06 0.000229691 0.000125344
1.22 -1.34245e-07 3.89116e-06 4.64628e-06 -1.89295e-06 0.000116205 9.73194e-05
1.24 -1.95626e-07 3.49866e-06 -3.13066e-06 -2.33321e-06 -7.82991e-05 8.75031e-05
1.26 -2.18976e-07 3.43276e-06 -5.69733e-06 -3.00438e-06 -0.000142493 8.58547e-05
1.28 -1.92648e-07 3.81959e-06 -2.11609e-06 -4.00355e-06 -5.29244e-05 9.55297e-05
1.3 -1.52571e-07 4.52449e-06 1.07497e-06 -5.13518e-06 2.68855e-05 0.000113159
1.32 -1.33065e-07 4.55038e-06 -1.2601e-06 -6.07203e-06 -3.15156e-05 0.000113807
1.34 -1.23761e-07 3.08534e-06 -6.79777e-06 -6.52017e-06 -0.000170015 7.71657e-05
1.36 -8.21124e-08 8.30916e-07 -8.95995e-06 -6.29024e-06 -0.000224092 2.07816e-05
1.38 1.80524e-08 -5.97023e-07 -3.64903e-06 -5.37345e-06 -9.12638e-05 -1.49318e-05
1.4 1.53221e-07 -5.32583e-07 7.58405e-06 -3.93312e-06 0.00018968 -1.33201e-05
1.42 2.58379e-07 6.31988e-07 1.74108e-05 -2.14284e-06 0.000435451 1.58063e-05
1.44 2.73677e-07 3.22216e-06 1.60688e-05 -1.61341e-07 0.000401888 8.05875e-05
1.46 2.03654e-07 8.33931e-06 1.00365e-06 1.67313e-06 2.51017e-05 0.00020857
1.48 1.31892e-07 1.54299e-05 -1.64785e-05 2.92396e-06 -0.000412135 0.000385909
1.5 1.50546e-07 2.13466e-05 -2.06796e-05 3.54359e-06 -0.000517204 0.000533888
1.52 2.64348e-07 2.29361e-05 -8.77034e-06 4.05325e-06 -0.00021935 0.000573641
1.54 3.84786e-07 1.99794e-05 6.30322e-06 5.0614e-06 0.000157646 0.000499694
1.56 4.27559e-07 1.52004e-05 1.09576e-05 6.76528e-06 0.000274055 0.000380169
1.58 3.96057e-07 1.20506e-05 4.78132e-06 8.90457e-06 0.000119583 0.00030139
1.6 3.5904e-07 1.25149e-05 -1.95059e-06 1.08725e-05 -4.87852e-05 0.000313002
1.62 3.62062e-07 1.58264e-05 -1.06445e-06 1.1882e-05 -2.66224e-05 0.000395826
1.64 3.75974e-07 1.8714e-05 5.36037e-06 1.14348e-05 0.000134065 0.000468046
1.66 3.323e-07 1.7896e-05 8.3363e-06 9.75459e-06 0.000208494 0.000447586
1.68 2.03664e-07 1.31807e-05 2.10936e-06 7.57184e-06 5.2756e-05 0.000329656
1.7 4.43918e-08 7.75164e-06 -9.14837e-06 5.52629e-06 -0.000228805 0.000193872
1.72 -5.37015e-08 5.00636e-06 -1.50247e-05 3.90709e-06 -0.000375774 0.000125211
1.74 -4.85988e-08 5.25629e-06 -9.42166e-06 2.72876e-06 -0.00023564 0.000131462
1.76 9.77502e-09 5.41125e-06 3.256e-06 1.76143e-06 8.1434e-05 0.000135338
1.78 2.55944e-08 1.82237e-06 1.26923e-05 6.07196e-07 0.000317439 4.55783e-05
1.8 -5.48138e-08 -5.89743e-06 1.23352e-05 -1.02385e-06 0.000308507 -0.000147497
1.82 -1.98392e-07 -1.35842e-05 4.12282e-06 -3.14341e-06 0.000103114 -0.000339746
1.84 -3.22525e-07 -1.60845e-05 -4.66291e-06 -5.60397e-06 -0.000116621 -0.000402279
1.86 -3.72612e-07 -1.29191e-05 -7.75676e-06 -8.19841e-06 -0.000194 -0.000323112
1.88 -3.65717e-07 -9.63874e-06 -4.19381e-06 -1.05782e-05 -0.000104889 -0.000241069
1.9 -3.64391e-07 -1.25647e-05 1.88594e-06 -1.22727e-05 4.7168e-05 -0.000314248
1.92 -4.11845e-07 -2.23324e-05 5.35338e-06 -1.29422e-05 0.00013389 -0.000558543
1.94 -4.92586e-07 -3.30487e-05 4.54543e-06 -1.25913e-05 0.000113683 -0.000826562
1.96 -5.53147e-07 -3.76076e-05 1.93364e-06 -1.15461e-05 4.83611e-05 -0.000940582
1.98 -5.56998e-07 -3.37652e-05 8.13293e-07 -1.03013e-05 2.03408e-05 -0.000844482
2 -5.17817e-07 -2.56591e-05 1.91445e-06 -9.32211e-06 4.78812e-05 -0.000641745
2.02 -4.81873e-07 -1.98595e-05 3.18315e-06 -8.78357e-06 7.96119e-05 -0.000496693
2.04 -4.7999e-07 -1.9481e-05 2.23046e-06 -8.39902e-06 5.57849e-05 -0.000487227
2.06 -4.94875e-07 -2.14945e-05 -1.24232e-06 -7.58166e-06 -3.1071e-05 -0.000537587
2.08 -4.73714e-07 -1.97227e-05 -5.07164e-06 -5.86777e-06 -0.000126844 -0.000493273
2.1 -3.74886e-07 -1.07356e-05 -6.51668e-06 -3.23533e-06 -0.000162985 -0.000268501
2.12 -2.05788e-07 2.94697e-06 -4.81137e-06 -1.05902e-07 -0.000120334 7.37048e-05
2.14 -1.61521e-08 1.52128e-05 -1.89841e-06 2.88982e-06 -4.748e-05 0.000380479
2.16 1.46302e-07 2.18066e-05 -3.4028e-07 5.22827e-06 -8.51055e-06 0.000545393
2.18 2.7394e-07 2.37083e-05 -6.02081e-07 6.74309e-06 -1.50583e-05 0.000592956
2.2 3.93804e-07 2.54201e-05 -8.79331e-07 7.64875e-06 -2.19924e-05 0.000635766
2.22 5.27027e-07 3.00667e-05 4.17446e-07 8.31937e-06 1.04405e-05 0.00075198
2.24 6.57966e-07 3.63052e-05 2.52974e-06 9.0198e-06 6.32698e-05 0.000908008
2.26 7.46212e-07 3.99333e-05 2.99169e-06 9.78695e-06 7.48234e-05 0.000998748
2.28 7.68076e-07 3.81442e-05 4.4509e-07 1.04827e-05 1.11319e-05 0.000954002
2.3 7.43645e-07 3.22153e-05 -3.407e-06 1.09328e-05 -8.52105e-05 0.000805719
2.32 7.21084e-07 2.65122e-05 -5.20387e-06 1.10544e-05 -0.000130151 0.000663082
2.34 7.33423e-07 2.49023e-05 -3.32971e-06 1.08836e-05 -8.32773e-05 0.000622816
2.36 7.69772e-07 2.75163e-05 7.15073e-07 1.04942e-05 1.78843e-05 0.000688194
2.38 7.85719e-07 3.0588e-05 4.19281e-06 9.91739e-06 0.000104864 0.000765018
2.4 7.39049e-07 2.96951e-05 5.36604e-06 9.16073e-06 0.000134207 0.000742687
2.42 6.19873e-07 2.36381e-05 4.03858e-06 8.26525e-06 0.000101007 0.000591198
2.44 4.55938e-07 1.54007e-05 1.27238e-06 7.28432e-06 3.18227e-05 0.000385179
2.46 2.91828e-07 9.32453e-06 -1.10673e-06 6.21694e-06 -2.76797e-05 0.00023321
2.48 1.56653e-07 7.32393e-06 -1.72434e-06 5.00344e-06 -4.31265e-05 0.000183174
2.5 4.61394e-08 7.72823e-06 -9.15972e-07 3.56892e-06 -2.29088e-05 0.000193286
2.52 -6.49342e-08 7.28435e-06 -4.18107e-07 1.85273e-06 -1.0457e-05 0.000182185
2.54 -1.93019e-07 3.90778e-06 -1.43322e-06 -1.36611e-07 -3.58454e-05 9.77352e-05
2.56 -3.27616e-07 -1.99976e-06 -3.00897e-06 -2.24876e-06 -7.52556e-05 -5.00148e-05
2.58 -4.40811e-07 -8.16296e-06 -2.77006e-06 -4.23457e-06 -6.92803e-05 -0.000204159
2.6 -5.15526e-07 -1.23771e-05 1.67205e-07 -5.91001e-06 4.18187e-06 -0.000309557
2.62 -5.64202e-07 -1.43242e-05 3.34296e-06 -7.26399e-06 8.36087e-05 -0.000358254
2.64 -6.14409e-07 -1.55534e-05 3.2346e-06 -8.42528e-06 8.08988e-05 -0.000388997
2.66 -6.73132e-07 -1.75039e-05 -4.62399e-07 -9.5423e-06 -1.15648e-05 -0.00043778
2.68 -7.11451e-07 -1.95139e-05 -4.21537e-06 -1.06264e-05 -0.000105428 -0.00048805
2.7 -6.90163e-07 -1.88678e-05 -4.84651e-06 -1.1472e-05 -0.000121213 -0.000471892
2.72 -5.97388e-07 -1.3217e-05 -3.04016e-06 -1.17941e-05 -7.60356e-05 -0.000330564
2.74 -4.57914e-07 -3.52087e-06 -1.8496e-06 -1.14692e-05 -4.62592e-05 -8.80583e-05
2.76 -3.09846e-07 5.56086e-06 -2.72881e-06 -1.05951e-05 -6.82486e-05 0.000139079
2.78 -1.75219e-07 9.20169e-06 -4.07246e-06 -9.33693e-06 -0.000101854 0.000230138
2.8 -4.94044e-08 6.94114e-06 -3.4906e-06 -7.7839e-06 -8.73013e-05 0.000173601
2.82 8.49296e-08 3.14915e-06 -1.02292e-06 -5.93232e-06 -2.55838e-05 7.87616e-05
2.84 2.34767e-07 2.49156e-06 3.40484e-07 -3.74779e-06 8.51566e-06 6.2315e-05
2.86 3.91178e-07 5.57322e-06 -2.04455e-06 -1.24388e-06 -5.11351e-05 0.000139389
2.88 5.48015e-07 9.57818e-06 -6.70371e-06 1.48937e-06 -0.000167663 0.000239554
2.9 7.15817e-07 1.22128e-05 -8.63616e-06 4.35919e-06 -0.000215994 0.000305448
2.92 9.03528e-07 1.36375e-05 -4.28368e-06 7.35175e-06 -0.000107137 0.000341079
2.94 1.08649e-06 1.46317e-05 4.51201e-06 1.04757e-05 0.000112847 0.000365944
2.96 1.20482e-06 1.42214e-05 1.1621e-05 1.36159e-05 0.000290647 0.000355682
2.98 1.20405e-06 1.00611e-05 1.1506e-05 1.64754e-05 0.00028777 0.000251632
3 1.083e-06 1.07957e-06 3.86207e-06 1.86625e-05 9.6592e-05 2.70004e-05
3.02 9.03567e-07 -1.06551e-05 -5.50352e-06 1.98708e-05 -0.000137645 -0.000266488
3.04 7.49015e-07 -2.08773e-05 -8.97905e-06 2.00686e-05 -0.00022457 -0.000522151
3.06 6.60507e-07 -2.61568e-05 -3.85946e-06 1.95368e-05 -9.65266e-05 -0.000654194
3.08 6.05916e-07 -2.65373e-05 4.86408e-06 1.86382e-05 0.000121653 -0.000663708
3.1 5.12171e-07 -2.54857e-05 9.12959e-06 1.75125e-05 0.000228335 -0.000637408
3.12 3.34738e-07 -2.68254e-05 5.54811e-06 1.6011e-05 0.000138761 -0.000670915
3.14 9.8805e-08 -3.12218e-05 -1.54983e-06 1.38597e-05 -3.87619e-05 -0.00078087
3.16 -1.28739e-07 -3.60136e-05 -4.56551e-06 1.08121e-05 -0.000114185 -0.000900715
3.18 -3.08975e-07 -3.89041e-05 -3.46371e-08 6.75106e-06 -8.66289e-07 -0.000973007
3.2 -4.69813e-07 -4.09028e-05 7.91857e-06 1.8115e-06 0.000198047 -0.001023
3.22 -6.70341e-07 -4.43951e-05 1.13853e-05 -3.60246e-06 0.00028475 -0.00111034
3.24 -9.26966e-07 -4.89974e-05 6.51228e-06 -9.02794e-06 0.000162875 -0.00122545
3.26 -1.18391e-06 -5.12371e-05 -2.44184e-06 -1.41681e-05 -6.10715e-05 -0.00128146
3.28 -1.36298e-06 -4.8552e-05 -7.50243e-06 -1.88796e-05 -0.000187639 -0.00121431
3.3 -1.43572e-06 -4.20431e-05 -5.10653e-06 -2.30389e-05 -0.000127717 -0.00105152
3.32 -1.43883e-06 -3.47842e-05 1.01881e-06 -2.65177e-05 2.54809e-05 -0.000869968
3.34 -1.4258e-06 -2.86109e-05 4.54249e-06 -2.92228e-05 0.000113609 -0.000715571
3.36 -1.4164e-06 -2.31826e-05 2.61763e-06 -3.10802e-05 6.54681e-05 -0.000579807
3.38 -1.39028e-06 -1.74212e-05 -2.67191e-06 -3.20238e-05 -6.68256e-05 -0.000435711
3.4 -1.31379e-06 -1.10756e-05 -7.20738e-06 -3.20198e-05 -0.000180259 -0.000277006
3.42 -1.16546e-06 -4.72471e-06 -8.18371e-06 -3.10135e-05 -0.000204678 -0.000118167
3.44 -9.44463e-07 1.56193e-06 -5.55031e-06 -2.88376e-05 -0.000138816 3.90645e-05
3.46 -6.66425e-07 9.03518e-06 -1.5302e-06 -2.52829e-05 -3.8271e-05 0.000225974
3.48 -3.55086e-07 1.91586e-05 1.09131e-06 -2.03176e-05 2.7294e-05 0.000479164
3.5 -3.39414e-08 3.1698e-05 8.87985e-07 -1.42096e-05 2.22089e-05 0.000792781
3.52 2.79713e-07 4.43098e-05 -1.44965e-06 -7.43775e-06 -3.62563e-05 0.00110821
3.54 5.77054e-07 5.40805e-05 -3.96511e-06 -4.93589e-07 -9.91691e-05 0.00135258
3.56 8.56357e-07 5.94151e-05 -4.81955e-06 6.30202e-06 -0.000120539 0.001486
3.58 1.11865e-06 6.08883e-05 -3.13473e-06 1.28774e-05 -7.84009e-05 0.00152284
3.6 1.36096e-06 6.07868e-05 6.07876e-07 1.93145e-05 1.52032e-05 0.0015203
3.62 1.56955e-06 6.14314e-05 4.34745e-06 2.56154e-05 0.000108731 0.00153642
3.64 1.72013e-06 6.30403e-05 5.17523e-06 3.15191e-05 0.000129435 0.00157666
3.66 1.79244e-06 6.32176e-05 1.63482e-06 3.65465e-05 4.08874e-05 0.0015811
3.68 1.79292e-06 5.94831e-05 -4.15924e-06 4.02485e-05 -0.000104024 0.0014877
3.7 1.7605e-06 5.27033e-05 -7.62415e-06 4.24323e-05 -0.000190683 0.00131813
3.72 1.73817e-06 4.71235e-05 -5.86542e-06 4.31743e-05 -0.000146697 0.00117858
3.74 1.73142e-06 4.60483e-05 -3.74369e-07 4.26419e-05 -9.36313e-06 0.00115169
3.76 1.69717e-06 4.77738e-05 4.83907e-06 4.09139e-05 0.000121027 0.00119484
3.78 1.57706e-06 4.66291e-05 7.00539e-06 3.79376e-05 0.000175208 0.00116621
3.8 1.34232e-06 3.81381e-05 6.03095e-06 3.36077e-05 0.000150837 0.000953851
3.82 1.01183e-06 2.28561e-05 3.45344e-06 2.78821e-05 8.63719e-05 0.000571639
3.84 6.35836e-07 5.53167e-06 1.11604e-06 2.08822e-05 2.79126e-05 0.000138349
3.86 2.63386e-07 -8.77101e-06 1.00371e-07 1.29256e-05 2.51032e-06 -0.000219367
3.88 -8.32715e-08 -1.80859e-05 -8.2476e-08 4.43054e-06 -2.06276e-06 -0.000452335
3.9 -4.10512e-07 -2.44341e-05 -7.83419e-07 -4.23536e-06 -1.95936e-05 -0.000611108
3.92 -7.31632e-07 -3.1842e-05 -2.15604e-06 -1.27718e-05 -5.39236e-05 -0.000796382
3.94 -1.0428e-06 -4.26028e-05 -2.57132e-06 -2.08116e-05 -6.43097e-05 -0.00106551
3.96 -1.31976e-06 -5.46433e-05 -7.74759e-07 -2.78768e-05 -1.9377e-05 -0.00136665
3.98 -1.53587e-06 -6.27272e-05 1.99641e-06 -3.35514e-05 4.99312e-05 -0.00156883
4 -1.68032e-06 -6.27617e-05 2.80412e-06 -3.76719e-05 7.01322e-05 -0.0015697
4.02 -1.75873e-06 -5.51616e-05 -2.75113e-07 -4.03284e-05 -6.8807e-06 -0.00137962
4.04 -1.77713e-06 -4.41174e-05 -6.41701e-06 -4.17122e-05 -0.000160492 -0.0011034
4.06 -1.72602e-06 -3.36872e-05 -1.25495e-05 -4.19275e-05 -0.000313867 -0.000842532
4.08 -1.58156e-06 -2.46777e-05 -1.5422e-05 -4.08593e-05 -0.00038571 -0.000617199
4.1 -1.32661e-06 -1.53516e-05 -1.38108e-05 -3.82139e-05 -0.000345414 -0.000383949
4.12 -9.7376e-07 -4.79908e-06 -9.16796e-06 -3.37574e-05 -0.000229295 -0.000120027
4.14 -5.65987e-07 5.24195e-06 -4.08169e-06 -2.75592e-05 -0.000102085 0.000131103
4.16 -1.52679e-07 1.21565e-05 -2.27974e-07 -2.00296e-05 -5.70173e-06 0.000304038
4.18 2.33974e-07 1.50508e-05 2.0336e-06 -1.17704e-05 5.08613e-05 0.000376427
4.2 5.81297e-07 1.48136e-05 2.74474e-06 -3.3742e-06 6.8647e-05 0.000370496
4.22 8.85809e-07 1.24984e-05 2.00663e-06 4.75936e-06 5.01867e-05 0.00031259
4.24 1.14951e-06 9.0202e-06 3.98536e-07 1.25306e-05 9.96754e-06 0.000225599
4.26 1.38198e-06 6.03781e-06 -1.18221e-06 2.00657e-05 -2.95677e-05 0.000151008
4.28 1.59473e-06 5.46743e-06 -2.11418e-06 2.7481e-05 -5.28765e-05 0.000136743
4.3 1.78949e-06 7.699e-06 -1.84949e-06 3.46852e-05 -4.62566e-05 0.000192555
4.32 1.95344e-06 1.11625e-05 3.82594e-07 4.13539e-05 9.56884e-06 0.000279179
4.34 2.06414e-06 1.3879e-05 4.55063e-06 4.70037e-05 0.000113813 0.000347119
4.36 2.09734e-06 1.50486e-05 8.75634e-06 5.10879e-05 0.000219 0.000376372
4.38 2.03671e-06 1.54192e-05 1.03285e-05 5.31264e-05 0.000258319 0.00038564
4.4 1.88365e-06 1.65142e-05 8.16683e-06 5.28292e-05 0.000204256 0.000413026
4.42 1.65575e-06 1.89289e-05 3.54656e-06 5.0113e-05 8.8701e-05 0.00047342
4.44 1.36975e-06 2.06083e-05 -1.23912e-06 4.50257e-05 -3.09908e-05 0.000515421
4.46 1.02724e-06 1.69082e-05 -4.42361e-06 3.77139e-05 -0.000110636 0.000422881
4.48 6.21643e-07 3.21894e-06 -4.88493e-06 2.84866e-05 -0.000122174 8.05069e-05
4.5 1.57914e-07 -2.14449e-05 -1.74739e-06 1.78561e-05 -4.37029e-05 -0.000536347
4.52 -3.41967e-07 -5.28349e-05 4.7474e-06 6.43587e-06 0.000118734 -0.00132142
4.54 -8.54525e-07 -8.35353e-05 1.2016e-05 -5.24714e-06 0.000300525 -0.00208925
4.56 -1.36904e-06 -0.000107367 1.63502e-05 -1.68898e-05 0.000408925 -0.00268529
4.58 -1.88391e-06 -0.000122853 1.62483e-05 -2.8417e-05 0.000406376 -0.00307261
4.6 -2.3963e-06 -0.000133216 1.38496e-05 -3.98133e-05 0.000346385 -0.00333179
4.62 -2.89942e-06 -0.000142854 1.2299e-05 -5.08389e-05 0.000307603 -0.00357283
4.64 -3.38282e-06 -0.00015311 1.19057e-05 -6.08799e-05 0.000297766 -0.00382935
4.66 -3.82634e-06 -0.000161223 9.71138e-06 -6.91255e-05 0.000242886 -0.00403225
4.68 -4.19208e-06 -0.000163285 3.49034e-06 -7.49227e-05 8.7295e-05 -0.00408383
4.7 -4.4262e-06 -0.000157558 -4.1875e-06 -7.79886e-05 -0.000104731 -0.00394059
4.72 -4.47789e-06 -0.000144588 -7.29867e-06 -7.83745e-05 -0.000182543 -0.00361622
4.74 -4.32875e-06 -0.000125073 -2.65784e-06 -7.62849e-05 -6.64738e-05 -0.00312812
4.76 -4.00767e-06 -9.85474e-05 5.91614e-06 -7.19043e-05 0.000147965 -0.00246471
4.78 -3.56976e-06 -6.38999e-05 1.0876e-05 -6.5355e-05 0.000272014 -0.00159816
4.8 -3.05534e-06 -2.08656e-05 8.31947e-06 -5.68086e-05 0.000208073 -0.000521857
4.82 -2.47298e-06 2.83226e-05 1.40908e-06 -4.66142e-05 3.52418e-05 0.000708359
4.84 -1.82488e-06 7.83248e-05 -3.52512e-06 -3.52839e-05 -8.81648e-05 0.00195894
4.86 -1.14034e-06 0.000122366 -3.58448e-06 -2.33368e-05 -8.96494e-05 0.00306043
4.88 -4.72607e-07 0.000155454 -1.5467e-06 -1.11454e-05 -3.86836e-05 0.00388798
4.9 1.41626e-07 0.000176822 -1.80239e-06 1.1021e-06 -4.50785e-05 0.00442239
4.92 7.17398e-07 0.000190404 -4.91014e-06 1.33445e-05 -0.000122805 0.00476208
4.94 1.31238e-06 0.000203584 -7.01067e-06 2.55617e-05 -0.00017534 0.00509172
4.96 1.97673e-06 0.000224118 -4.63203e-06 3.76659e-05 -0.000115849 0.00560529
4.98 2.70252e-06 0.000255637 8.59218e-07 4.93673e-05 2.14894e-05 0.00639358
5 3.41564e-06 0.00029447 4.2918e-06 6.01132e-05 0.00010734 0.00736481
5.02 4.01819e-06 0.00033102 1.74782e-06 6.9203e-05 4.37137e-05 0.00827895
5.04 4.44671e-06 0.000355249 -5.97145e-06 7.60294e-05 -0.000149348 0.00888492
5.06 4.70005e-06 0.000362066 -1.44577e-05 8.02821e-05 -0.000361593 0.00905542
5.08 4.82076e-06 0.00035275 -1.95318e-05 8.20039e-05 -0.000488498 0.00882243
5.1 4.85351e-06 0.000332072 -2.01675e-05 8.14739e-05 -0.000504397 0.00830525
5.12 4.81558e-06 0.000303772 -1.82232e-05 7.89527e-05 -0.000455771 0.00759747
5.14 4.6951e-06 0.000267762 -1.5476e-05 7.44498e-05 -0.000387062 0.00669684
5.16 4.46658e-06 0.000220908 -1.12261e-05 6.77359e-05 -0.00028077 0.00552499
5.18 4.10249e-06 0.000160339 -3.56587e-06 5.86036e-05 -8.9184e-05 0.00401015
5.2 3.57174e-06 8.58506e-05 6.97666e-06 4.70871e-05 0.000174489 0.00214716
5.22 2.83614e-06 -1.12608e-06 1.62547e-05 3.34244e-05 0.000406536 -2.81636e-05
5.24 1.86182e-06 -0.000100492 1.98819e-05 1.79182e-05 0.000497256 -0.00251335
5.26 6.47802e-07 -0.000213848 1.7499e-05 9.72894e-07 0.000437657 -0.00534842
5.28 -7.45342e-07 -0.000339731 1.33895e-05 -1.66908e-05 0.000334877 -0.00849681
5.3 -2.19107e-06 -0.000467511 1.33798e-05 -3.39193e-05 0.000334634 -0.0116926
5.32 -3.53436e-06 -0.000577406 2.08583e-05 -4.93363e-05 0.000521676 -0.0144412
5.34 -4.66102e-06 -0.000649217 3.39251e-05 -6.18661e-05 0.000848481 -0.0162372
5.36 -5.5491e-06 -0.000672997 4.52334e-05 -7.136e-05 0.00113131 -0.0168319
5.38 -6.24918e-06 -0.000652433 4.61682e-05 -7.88909e-05 0.00115469 -0.0163176
5.4 -6.80856e-06 -0.000599371 3.3567e-05 -8.60301e-05 0.000839524 -0.0149905
5.42 -7.22179e-06 -0.00052615 1.27618e-05 -9.32059e-05 0.000319178 -0.0131592
5.44 -7.45898e-06 -0.000444518 -6.86242e-06 -9.90593e-05 -0.000171632 -0.0111176
5.46 -7.53371e-06 -0.000370267 -1.94481e-05 -0.000102044 -0.000486406 -0.00926052
5.48 -7.50957e-06 -0.000319177 -2.55638e-05 -0.000102305 -0.000639361 -0.00798275
5.5 -7.39156e-06 -0.000293016 -2.85116e-05 -0.000101312 -0.000713088 -0.00732845
5.52 -7.03812e-06 -0.000272153 -2.9567e-05 -9.96967e-05 -0.000739483 -0.00680667
5.54 -6.24294e-06 -0.000227444 -2.75403e-05 -9.61133e-05 -0.000688796 -0.00568846
5.56 -4.91223e-06 -0.000142362 -2.19565e-05 -8.86274e-05 -0.000549141 -0.00356052
5.58 -3.14258e-06 -2.23302e-05 -1.49623e-05 -7.68689e-05 -0.000374213 -0.000558487
5.6 -1.13752e-06 0.00011367 -8.96599e-06 -6.24546e-05 -0.000224243 0.00284294
5.62 9.01419e-07 0.00024423 -2.85994e-06 -4.75019e-05 -7.15283e-05 0.00610831
5.64 2.7928e-06 0.000349242 7.07574e-06 -3.30348e-05 0.000176967 0.00873469
5.66 4.35066e-06 0.000412103 2.10689e-05 -1.87231e-05 0.000526941 0.0103069
5.68 5.42088e-06 0.000426792 3.2687e-05 -3.73814e-06 0.000817517 0.0106742
5.7 5.96878e-06 0.000403874 3.44008e-05 1.24736e-05 0.000860379 0.0101011
5.72 6.11136e-06 0.000365962 2.59237e-05 3.01276e-05 0.000648362 0.00915285
5.74 6.03933e-06 0.000334468 1.53476e-05 4.91896e-05 0.000383851 0.00836518
5.76 5.89333e-06 0.000319307 1.20015e-05 6.89636e-05 0.000300164 0.00798601
5.78 5.69672e-06 0.000318842 1.88109e-05 8.76565e-05 0.000470469 0.00797438
5.8 5.37943e-06 0.000326532 3.08046e-05 0.000102897 0.000770435 0.0081667
5.82 4.84808e-06 0.000336391 3.95143e-05 0.000113077 0.000988269 0.00841328
5.84 4.04266e-06 0.000343302 3.87603e-05 0.000118149 0.000969412 0.00858612
5.86 2.95545e-06 0.000340868 2.80702e-05 0.000118872 0.000702049 0.00852524
5.88 1.63134e-06 0.000322679 1.22462e-05 0.000115258 0.000306283 0.00807035
5.9 1.68393e-07 0.000287896 -2.69196e-06 0.000106132 -6.73271e-05 0.00720039
5.92 -1.29455e-06 0.000244414 -1.41528e-05 9.04232e-05 -0.000353968 0.0061129
5.94 -2.61324e-06 0.000204531 -2.35247e-05 6.86264e-05 -0.000588362 0.00511541
5.96 -3.67839e-06 0.000176807 -3.23677e-05 4.26272e-05 -0.000809531 0.00442202
5.98 -4.44084e-06 0.000160666 -3.981e-05 1.41551e-05 -0.000995664 0.00401833
6 -4.92299e-06 0.000145183 -4.40072e-05 -1.63331e-05 -0.00110064 0.0036311
6.02 -5.21263e-06 0.000110934 -4.36477e-05 -4.92433e-05 -0.00109165 0.00277451
6.04 -5.42075e-06 3.68065e-05 -3.73823e-05 -8.44765e-05 -0.000934946 0.000920545
6.06 -5.60803e-06 -8.653e-05 -2.51646e-05 -0.000120377 -0.000629378 -0.00216415
6.08 -5.71832e-06 -0.000242535 -1.12043e-05 -0.000153718 -0.000280223 -0.0060659
6.1 -5.56605e-06 -0.000387405 -1.5689e-06 -0.000180571 -3.92389e-05 -0.00968917
6.12 -4.92174e-06 -0.000470104 1.93829e-06 -0.000197469 4.84774e-05 -0.0117575
6.14 -3.68643e-06 -0.000464944 4.6198e-07 -0.000202359 1.15543e-05 -0.0116285
6.16 -2.02525e-06 -0.000392235 -9.54691e-06 -0.000195062 -0.000238772 -0.00980996
6.18 -2.88972e-07 -0.000307716 -3.43799e-05 -0.00017704 -0.000859854 -0.0076961
6.2 1.25975e-06 -0.000266328 -6.92363e-05 -0.000150411 -0.00173163 -0.00666097
6.22 2.6528e-06 -0.000287698 -9.23536e-05 -0.000117018 -0.0023098 -0.00719545
6.24 4.11992e-06 -0.000349372 -7.81835e-05 -7.85075e-05 -0.0019554 -0.00873793
6.26 5.79381e-06 -0.000410515 -2.44375e-05 -3.61638e-05 -0.000611192 -0.0102672
6.28 7.49261e-06 -0.000440416 3.10104e-05 1.04644e-05 0.000775583 -0.011015
6.3 8.79502e-06 -0.000424182 3.63734e-05 6.28008e-05 0.000909715 -0.010609
6.32 9.3836e-06 -0.000354465 -5.47036e-05 0.000120334 -0.00136816 -0.00886531
6.34 9.41234e-06 -0.000229779 -0.000223997 0.000181021 -0.00560225 -0.00574688
6.36 9.43772e-06 -6.35071e-05 -0.000379193 0.000244192 -0.00948379 -0.00158834
6.38 9.85827e-06 0.000111934 -0.000443026 0.000310132 -0.0110803 0.00279951
6.4 1.05345e-05 0.000259949 -0.00042704 0.000374799 -0.0106805 0.00650143
6.42 1.09952e-05 0.000357917 -0.000406331 0.000428064 -0.0101625 0.00895166
6.44 1.09765e-05 0.000400111 -0.00040356 0.000460915 -0.0100932 0.0100069
6.46 1.06537e-05 0.000396826 -0.000366532 0.000469758 -0.00916711 0.00992479
6.48 1.02571e-05 0.000375471 -0.000256696 0.000453156 -0.00642008 0.00939068
6.5 9.51708e-06 0.000364777 -0.000118084 0.000412316 -0.00295334 0.00912323
6.52 7.79652e-06 0.000372678 -4.89036e-05 0.000356053 -0.0012231 0.00932084
6.54 4.80091e-06 0.000385116 -0.000110891 0.000299326 -0.00277344 0.00963192
6.56 1.01046e-06 0.000385162 -0.00026062 0.0002548 -0.00651821 0.00963306
6.58 -2.54538e-06 0.000369484 -0.00038486 0.000226538 -0.00962552 0.00924095
6.6 -5.00915e-06 0.000343549 -0.00040356 0.000208448 -0.0100932 0.0085923
6.62 -6.26875e-06 0.000305009 -0.000326817 0.000186758 -0.00817384 0.00762841
6.64 -6.82936e-06 0.000241655 -0.000218337 0.00014691 -0.00546069 0.00604388
6.66 -7.17784e-06 0.000150249 -0.000124925 8.18815e-05 -0.00312442 0.00375779
6.68 -7.39094e-06 5.12063e-05 -4.57169e-05 -4.27343e-06 -0.0011434 0.00128069
6.7 -7.31816e-06 -2.31802e-05 4.45683e-05 -0.000100366 0.00111467 -0.000579748
6.72 -6.97124e-06 -5.46795e-05 0.00015386 -0.000194638 0.00384811 -0.00136756
6.74 -6.64986e-06 -5.11387e-05 0.000257429 -0.000278085 0.00643842 -0.001279
6.76 -6.74483e-06 -3.59661e-05 0.000319971 -0.000344256 0.00800261 -0.000899527
6.78 -7.47173e-06 -3.08063e-05 0.000325009 -0.000388316 0.0081286 -0.000770479
6.8 -8.72367e-06 -4.7194e-05 0.000279138 -0.000407818 0.00698135 -0.00118034
6.82 -1.01314e-05 -8.70094e-05 0.000198335 -0.000405911 0.00496043 -0.00217614
6.84 -1.12043e-05 -0.000145759 0.000106628 -0.000392247 0.00266681 -0.0036455
6.86 -1.15279e-05 -0.000217031 3.82846e-05 -0.00037639 0.000957513 -0.00542805
6.88 -1.09459e-05 -0.000294933 1.78801e-05 -0.000360747 0.00044719 -0.0073764
6.9 -9.48028e-06 -0.000370507 4.50153e-05 -0.000343673 0.00112585 -0.00926652
6.92 -7.32661e-06 -0.000427515 0.000104121 -0.000326774 0.0026041 -0.0106923
6.94 -4.85291e-06 -0.000448515 0.000168987 -0.000313615 0.00422642 -0.0112175
6.96 -2.43459e-06 -0.000428504 0.000210425 -0.000303143 0.00526282 -0.0107171
6.98 -3.73651e-07 -0.000381415 0.000216383 -0.000288912 0.00541182 -0.00953934
7 1.1683e-06 -0.000333859 0.000197039 -0.000262704 0.00492802 -0.00834996
7.02 2.22601e-06 -0.000308751 0.000168774 -0.000217192 0.00422112 -0.007722
7.04 2.96505e-06 -0.000306244 0.000137127 -0.0001492 0.0034296 -0.00765928
7.06 3.55982e-06 -0.000302041 9.70166e-05 -6.18739e-05 0.00242643 -0.00755416
7.08 4.16267e-06 -0.000270208 4.35381e-05 3.7445e-05 0.00108891 -0.00675802
7.1 4.88853e-06 -0.000203874 -1.97416e-05 0.000139216 -0.000493747 -0.00509898
7.12 5.7617e-06 -0.000113054 -8.10551e-05 0.000231173 -0.00202722 -0.00282752
7.14 6.72723e-06 -1.11527e-05 -0.000127565 0.000300308 -0.00319046 -0.000278933
7.16 7.69757e-06 9.2267e-05 -0.000152768 0.000338697 -0.00382078 0.00230764
7.18 8.53681e-06 0.000189446 -0.000157861 0.000347427 -0.00394817 0.00473812
7.2 9.07128e-06 0.000270492 -0.000146792 0.000334274 -0.00367134 0.00676513
7.22 9.20839e-06 0.000323718 -0.000117955 0.000308336 -0.00295009 0.00809633
7.24 8.89941e-06 0.000338907 -6.73892e-05 0.000277902 -0.00168543 0.0084762
7.26 8.06697e-06 0.000313055 -2.39605e-06 0.00025054 -5.99263e-05 0.00782965
7.28 6.65299e-06 0.00025781 5.19366e-05 0.000230922 0.00129896 0.00644794
7.3 4.70596e-06 0.000199819 6.59847e-05 0.000218694 0.0016503 0.00499756
7.32 2.47283e-06 0.000167958 3.05487e-05 0.000210146 0.000764036 0.00420069
7.34 3.28434e-07 0.000177243 -3.61595e-05 0.000200806 -0.000904363 0.00443293
7.36 -1.40422e-06 0.000224115 -0.000104598 0.000185048 -0.00261605 0.0056052
7.38 -2.5725e-06 0.000293228 -0.000151639 0.000154822 -0.00379254 0.00733377
7.4 -3.18496e-06 0.000365687 -0.000165191 0.000102225 -0.00413151 0.00914598
7.42 -3.37071e-06 0.000422899 -0.000142842 2.58658e-05 -0.00357253 0.0105769
7.44 -3.348e-06 0.000448537 -9.20408e-05 -6.52518e-05 -0.00230198 0.0112181
7.46 -3.35586e-06 0.000432322 -2.81119e-05 -0.000155556 -0.00070309 0.0108126
7.48 -3.55022e-06 0.00037409 3.33625e-05 -0.000231308 0.000834409 0.00935615
7.5 -3.95111e-06 0.000283761 8.42587e-05 -0.000285711 0.00210734 0.00709697
7.52 -4.48775e-06 0.000176337 0.000121798 -0.000317843 0.00304623 0.00441026
7.54 -5.07666e-06 6.53242e-05 0.000141899 -0.000329232 0.00354896 0.00163378
7.56 -5.66301e-06 -4.127e-05 0.000136116 -0.000322345 0.00340432 -0.00103218
7.58 -6.19722e-06 -0.000139792 9.41599e-05 -0.000301233 0.00235498 -0.00349626
7.6 -6.54326e-06 -0.000226389 1.85939e-05 -0.000271491 0.000465041 -0.00566207
7.62 -6.4405e-06 -0.000295447 -6.10574e-05 -0.000238006 -0.00152707 -0.00738925
7.64 -5.62815e-06 -0.000343555 -0.000100657 -0.000203015 -0.00251747 -0.00859244
7.66 -4.07414e-06 -0.000372463 -7.79543e-05 -0.000167501 -0.00194967 -0.00931546
7.68 -2.08261e-06 -0.000386526 -1.34136e-05 -0.000133829 -0.000335481 -0.00966718
7.7 -1.24031e-07 -0.000389426 5.07321e-05 -0.000104718 0.00126883 -0.0097397
7.72 1.44864e-06 -0.000384592 8.72542e-05 -7.88696e-05 0.00218226 -0.0096188
7.74 2.53258e-06 -0.000375379 9.60524e-05 -4.86976e-05 0.00240231 -0.0093884
7.76 3.20215e-06 -0.000360849 8.78639e-05 -4.23952e-06 0.00219751 -0.00902497
7.78 3.59147e-06 -0.000332958 6.71245e-05 5.88541e-05 0.00167881 -0.00832743
7.8 3.84394e-06 -0.000281984 3.15482e-05 0.000134581 0.000789033 -0.00705254
7.82 4.08775e-06 -0.000204945 -1.89348e-05 0.000209584 -0.000473567 -0.00512577
7.84 4.40694e-06 -0.000108334 -7.71053e-05 0.000270359 -0.00192844 -0.00270947
7.86 4.84261e-06 -4.75272e-06 -0.000129793 0.000308369 -0.00324618 -0.000118868
7.88 5.40955e-06 9.25822e-05 -0.000162111 0.000320819 -0.00405446 0.00231552
7.9 6.08e-06 0.000175022 -0.000163264 0.000309259 -0.0040833 0.00437738
7.92 6.76012e-06 0.000241271 -0.000128195 0.000278569 -0.00320622 0.00603428
7.94 7.28994e-06 0.00029544 -5.98641e-05 0.000236372 -0.00149723 0.00738909
7.96 7.4246e-06 0.000341079 2.09271e-05 0.000191347 0.000523397 0.00853053
7.98 6.87365e-06 0.000376859 7.53427e-05 0.000150336 0.00188435 0.00942541
8 5.48739e-06 0.000399193 7.11714e-05 0.000116404 0.00178003 0.00998397
8.02 3.45903e-06 0.000408602 1.22861e-05 8.94409e-05 0.000307281 0.0102193
8.04 1.29105e-06 0.000411297 -6.30385e-05 6.7876e-05 -0.00157662 0.0102867
8.06 -5.09e-07 0.000413764 -0.000115189 4.89356e-05 -0.00288093 0.0103484
8.08 -1.69932e-06 0.000417169 -0.000131008 2.75863e-05 -0.00327655 0.0104336
8.1 -2.32453e-06 0.000417235 -0.000120897 -2.63982e-06 -0.00302368 0.0104352
8.12 -2.57004e-06 0.000407238 -9.80022e-05 -4.54785e-05 -0.00245108 0.0101852
8.14 -2.63685e-06 0.00038027 -6.60277e-05 -9.79066e-05 -0.00165138 0.0095107
8.16 -2.70837e-06 0.000331417 -2.36324e-05 -0.000151058 -0.000591055 0.00828887
8.18 -2.94817e-06 0.000259982 2.57819e-05 -0.000195784 0.000644815 0.00650227
8.2 -3.48171e-06 0.000168813 7.04284e-05 -0.000227301 0.00176144 0.00422209
8.22 -4.36954e-06 6.09073e-05 9.53755e-05 -0.000244983 0.00238538 0.00152332
8.24 -5.57172e-06 -6.20407e-05 9.19303e-05 -0.000249149 0.00229922 -0.00155166
8.26 -6.91529e-06 -0.000196613 6.29344e-05 -0.000239224 0.00157402 -0.00491738
8.28 -8.1079e-06 -0.000333265 2.0165e-05 -0.000214891 0.000504336 -0.00833511
8.3 -8.8163e-06 -0.000455914 -2.03421e-05 -0.000178313 -0.000508765 -0.0114026
8.32 -8.7848e-06 -0.000547273 -4.25821e-05 -0.000134885 -0.001065 -0.0136875
8.34 -7.94426e-06 -0.000596061 -3.9057e-05 -9.20588e-05 -0.000976832 -0.0149077
8.36 -6.45138e-06 -0.000600697 -1.74113e-05 -5.72459e-05 -0.000435464 -0.0150237
8.38 -4.6107e-06 -0.000567964 6.05366e-06 -3.57014e-05 0.000151404 -0.014205
8.4 -2.72159e-06 -0.000509413 2.08466e-05 -2.88521e-05 0.000521382 -0.0127406
8.42 -9.92098e-07 -0.000439283 2.82878e-05 -3.35649e-05 0.000707491 -0.0109867
8.44 4.26812e-07 -0.000374818 3.43229e-05 -4.20747e-05 0.00085843 -0.00937437
8.46 1.40331e-06 -0.00033537 4.00527e-05 -4.26356e-05 0.00100174 -0.00838774
8.48 1.87795e-06 -0.000331908 4.04583e-05 -2.35813e-05 0.00101188 -0.00830117
8.5 1.96465e-06 -0.000351982 3.02021e-05 1.87961e-05 0.000755367 -0.00880321
8.52 1.97025e-06 -0.000360734 8.8e-06 7.53779e-05 0.000220092 -0.00902211
8.54 2.23503e-06 -0.000323243 -1.90131e-05 0.000128933 -0.000475526 -0.00808444
8.56 2.9206e-06 -0.000227963 -4.61747e-05 0.000164673 -0.00115485 -0.00570146
8.58 3.9561e-06 -8.89372e-05 -6.65731e-05 0.000176775 -0.00166502 -0.00222436
8.6 5.14704e-06 7.00371e-05 -7.64723e-05 0.00016721 -0.0019126 0.00175166
8.62 6.28516e-06 0.000227947 -7.3041e-05 0.000141746 -0.00182679 0.00570104
8.64 7.16083e-06 0.000366256 -5.42811e-05 0.000107922 -0.00135759 0.00916022
8.66 7.54341e-06 0.000466479 -2.38356e-05 7.431e-05 -0.000596138 0.0116668
8.68 7.22767e-06 0.000515609 4.79733e-06 4.84381e-05 0.000119983 0.0128956
8.7 6.14922e-06 0.000514195 1.55786e-05 3.39621e-05 0.000389626 0.0128602
8.72 4.47086e-06 0.000477006 4.2158e-06 2.98601e-05 0.000105439 0.0119301
8.74 2.53643e-06 0.000425367 -1.8924e-05 3.23839e-05 -0.000473297 0.0106386
8.76 7.09279e-07 0.000378045 -3.99958e-05 3.75517e-05 -0.00100031 0.00945506
8.78 -7.69847e-07 0.000346161 -5.24868e-05 4.20743e-05 -0.00131272 0.00865763
8.8 -1.80015e-06 0.000333653 -5.74024e-05 4.27076e-05 -0.00143566 0.0083448
8.82 -2.36876e-06 0.000341137 -5.72721e-05 3.52162e-05 -0.0014324 0.00853198
8.84 -2.53871e-06 0.000365729 -5.23226e-05 1.50066e-05 -0.00130861 0.00914703
8.86 -2.47514e-06 0.000393454 -4.12072e-05 -1.90908e-05 -0.00103061 0.00984044
8.88 -2.43945e-06 0.000397292 -2.36121e-05 -6.13421e-05 -0.000590548 0.00993644
8.9 -2.68622e-06 0.000352347 -1.90642e-06 -0.000101404 -4.76804e-05 0.00881235
8.92 -3.31792e-06 0.000254218 1.89543e-05 -0.000130811 0.000474056 0.00635811
8.94 -4.24491e-06 0.000119477 3.31894e-05 -0.000146478 0.000830082 0.00298817
8.96 -5.27873e-06 -2.93969e-05 3.57734e-05 -0.000148842 0.000894709 -0.000735228
8.98 -6.2251e-06 -0.000175333 2.46519e-05 -0.000139224 0.000616554 -0.00438516
9 -6.88205e-06 -0.000305682 4.91212e-06 -0.000120141 0.000122854 -0.00764523
9.02 -7.03238e-06 -0.000407645 -1.10798e-05 -9.6706e-05 -0.00027711 -0.0101954
9.04 -6.53243e-06 -0.000469682 -1.32086e-05 -7.56517e-05 -0.000330353 -0.0117469
9.06 -5.42425e-06 -0.000487113 -4.89324e-06 -6.21003e-05 -0.000122382 -0.0121829
9.08 -3.92354e-06 -0.000464953 -3.96287e-08 -5.7249e-05 -9.91129e-07 -0.0116287
9.1 -2.28254e-06 -0.000416491 -6.64468e-06 -5.87899e-05 -0.000166186 -0.0104166
9.12 -6.76752e-07 -0.000360138 -1.68827e-05 -6.28347e-05 -0.000422242 -0.0090072
9.14 7.82487e-07 -0.000314806 -1.56543e-05 -6.52279e-05 -0.00039152 -0.00787343
9.16 1.97267e-06 -0.000293972 2.32797e-06 -6.13928e-05 5.82235e-05 -0.00735235
9.18 2.75226e-06 -0.000300899 2.49517e-05 -4.58023e-05 0.000624052 -0.00752561
9.2 3.05237e-06 -0.000325842 3.16062e-05 -1.3872e-05 0.000790485 -0.00814945
9.22 2.98283e-06 -0.000346796 1.03293e-05 3.32008e-05 0.000258341 -0.00867352
9.24 2.83143e-06 -0.000339404 -3.1966e-05 8.58401e-05 -0.000799482 -0.00848862
9.26 2.90221e-06 -0.000293607 -7.53166e-05 0.000130513 -0.0018837 -0.00734324
9.28 3.32192e-06 -0.000220602 -0.000102643 0.000157804 -0.00256715 -0.00551735
9.3 4.01252e-06 -0.000139476 -0.000110324 0.000166621 -0.00275926 -0.00348835
9.32 4.83075e-06 -5.71218e-05 -0.000103947 0.000162073 -0.00259976 -0.00142864
9.34 5.67339e-06 3.42008e-05 -8.72287e-05 0.000150927 -0.00218163 0.000855375
9.36 6.42223e-06 0.000137918 -5.96731e-05 0.000138861 -0.00149245 0.00344938
9.38 6.83473e-06 0.000237161 -2.65451e-05 0.00012968 -0.000663904 0.00593149
9.4 6.60108e-06 0.000304019 -5.08863e-06 0.000124681 -0.000127269 0.00760365
9.42 5.58437e-06 0.000324862 -1.15518e-05 0.00012224 -0.000288915 0.00812494
9.44 3.99492e-06 0.000312653 -4.27937e-05 0.000119007 -0.00107029 0.00781958
9.46 2.28551e-06 0.000293747 -7.74674e-05 0.00011223 -0.00193749 0.00734673
9.48 8.48671e-07 0.000285619 -9.60081e-05 0.000101042 -0.0024012 0.00714346
9.5 -1.81657e-07 0.000287997 -9.55795e-05 8.59091e-05 -0.00239048 0.00720291
9.52 -8.71324e-07 0.000291938 -8.5718e-05 6.73116e-05 -0.00214384 0.00730149
9.54 -1.31707e-06 0.000293272 -7.46422e-05 4.46861e-05 -0.00186683 0.00733485
9.56 -1.5795e-06 0.000294679 -6.30106e-05 1.63948e-05 -0.00157592 0.00737005
9.58 -1.73747e-06 0.000295377 -4.83821e-05 -1.85648e-05 -0.00121006 0.00738751
9.6 -1.93752e-06 0.000283624 -3.11455e-05 -5.83485e-05 -0.000778962 0.00709355
9.62 -2.34635e-06 0.00024349 -1.49788e-05 -9.81252e-05 -0.000374625 0.00608979
9.64 -3.04587e-06 0.000167898 -3.7721e-06 -0.000132132 -9.43417e-05 0.0041992
9.66 -3.97921e-06 6.30359e-05 6.07842e-07 -0.000155705 1.52024e-05 0.00157655
9.68 -4.98636e-06 -5.73151e-05 -1.36727e-06 -0.000166132 -3.4196e-05 -0.00143347
9.7 -5.87085e-06 -0.000177399 -8.11533e-06 -0.000163032 -0.000202968 -0.00443681
9.72 -6.43961e-06 -0.000279951 -1.85748e-05 -0.000148795 -0.000464564 -0.0070017
9.74 -6.52326e-06 -0.000347287 -3.0743e-05 -0.000128422 -0.000768895 -0.00868579
9.76 -6.02407e-06 -0.000368421 -4.01867e-05 -0.000107854 -0.00100509 -0.00921436
9.78 -4.97959e-06 -0.000347099 -4.33815e-05 -9.14674e-05 -0.00108499 -0.00868109
9.8 -3.57092e-06 -0.000301159 -4.14017e-05 -8.0459e-05 -0.00103547 -0.00753212
9.82 -2.03928e-06 -0.000252229 -3.72837e-05 -7.28823e-05 -0.000932482 -0.00630834
9.84 -5.71405e-07 -0.000214513 -3.01466e-05 -6.46274e-05 -0.000753979 -0.00536507
9.86 7.38835e-07 -0.000190824 -1.61563e-05 -5.05237e-05 -0.000404075 -0.00477259
9.88 1.83929e-06 -0.000175993 3.30123e-06 -2.59253e-05 8.25651e-05 -0.00440167
9.9 2.67366e-06 -0.000162803 1.74494e-05 1.0767e-05 0.000436417 -0.00407177
9.92 3.2123e-06 -0.000145879 1.35056e-05 5.61517e-05 0.000337782 -0.00364849
9.94 3.51564e-06 -0.000121684 -1.14303e-05 0.000102652 -0.000285877 -0.00304336
9.96 3.7419e-06 -8.63716e-05 -4.68541e-05 0.000141995 -0.00117184 -0.00216019
9.98 4.0721e-06 -3.5671e-05 -7.70325e-05 0.000168807 -0.00192662 -0.000892146
10 4.60234e-06 3.14112e-05 -9.23445e-05 0.000182008 -0.00230957 0.000785606
10.02 5.28272e-06 0.000108456 -9.39736e-05 0.000183836 -0.00235032 0.00271254
10.04 5.95101e-06 0.000182489 -8.92987e-05 0.00017799 -0.0022334 0.00456412
10.06 6.439e-06 0.000240853 -8.26063e-05 0.00016815 -0.00206602 0.00602383
10.08 6.66127e-06 0.000278522 -7.02117e-05 0.000157197 -0.00175602 0.00696594
10.1 6.60245e-06 0.000299267 -4.7109e-05 0.00014672 -0.00117822 0.0074848
10.12 6.23645e-06 0.000310036 -1.9411e-05 0.000136712 -0.000485477 0.00775414
10.14 5.49592e-06 0.000314025 -4.77777e-06 0.000125818 -0.000119494 0.0078539
10.16 4.3502e-06 0.000308448 -1.62202e-05 0.000112254 -0.000405675 0.00771441
10.18 2.9045e-06 0.000288462 -4.81892e-05 9.46514e-05 -0.00120523 0.00721455
10.2 1.38829e-06 0.000253262 -8.11129e-05 7.2262e-05 -0.00202867 0.0063342
10.22 3.31407e-08 0.000208163 -9.77509e-05 4.50579e-05 -0.00244479 0.00520624
10.24 -1.04383e-06 0.000160557 -9.38566e-05 1.42628e-05 -0.00234739 0.00401559
10.26 -1.8637e-06 0.000114397 -7.63539e-05 -1.76766e-05 -0.00190964 0.00286112
10.28 -2.53033e-06 6.92153e-05 -5.53725e-05 -4.83122e-05 -0.00138489 0.0017311
10.3 -3.1527e-06 2.35095e-05 -3.783e-05 -7.6301e-05 -0.000946144 0.000587981
10.32 -3.79055e-06 -2.28426e-05 -2.51811e-05 -0.000101094 -0.00062979 -0.000571304
10.34 -4.44732e-06 -6.94901e-05 -1.53706e-05 -0.000121835 -0.000384424 -0.00173798
10.36 -5.1e-06 -0.000116971 -7.46143e-06 -0.000136992 -0.000186613 -0.00292549
10.38 -5.72124e-06 -0.00016603 -4.48019e-06 -0.000145096 -0.000112051 -0.00415248
10.4 -6.26502e-06 -0.000215867 -1.10601e-05 -0.000145671 -0.000276618 -0.00539893
10.42 -6.63999e-06 -0.000263291 -2.81128e-05 -0.000139443 -0.000703112 -0.00658502
10.44 -6.71425e-06 -0.000303274 -4.99743e-05 -0.000127907 -0.00124988 -0.00758501
10.46 -6.35693e-06 -0.000330354 -6.58065e-05 -0.000112839 -0.00164585 -0.0082623
10.48 -5.50187e-06 -0.000340196 -6.56379e-05 -9.60172e-05 -0.00164163 -0.00850844
10.5 -4.20524e-06 -0.000330743 -4.94551e-05 -7.90454e-05 -0.00123689 -0.00827201
10.52 -2.64264e-06 -0.000302753 -2.82919e-05 -6.28497e-05 -0.000707591 -0.00757199
10.54 -1.02696e-06 -0.000259654 -1.37156e-05 -4.682e-05 -0.000343032 -0.00649405
10.56 4.86488e-07 -0.000206596 -8.59345e-06 -2.87651e-05 -0.000214926 -0.00516706
10.58 1.81938e-06 -0.000149503 -9.41059e-06 -6.5054e-06 -0.000235363 -0.00373913
10.6 2.92663e-06 -9.49837e-05 -1.42511e-05 2.03278e-05 -0.000356427 -0.00237558
10.62 3.77684e-06 -4.99778e-05 -2.43495e-05 5.02249e-05 -0.00060899 -0.00124996
10.64 4.38397e-06 -1.90168e-05 -3.89857e-05 8.11067e-05 -0.000975047 -0.000475617
10.66 4.82823e-06 7.69761e-08 -5.30908e-05 0.00011118 -0.00132782 1.92497e-06
10.68 5.21955e-06 1.74712e-05 -6.13923e-05 0.0001387 -0.00153545 0.000436962
10.7 5.63078e-06 4.62811e-05 -6.32103e-05 0.000161563 -0.00158092 0.00115751
10.72 6.05389e-06 9.39189e-05 -6.22854e-05 0.000177568 -0.00155778 0.00234895
10.74 6.40254e-06 0.00015664 -6.2803e-05 0.000185106 -0.00157073 0.00391764
10.76 6.56054e-06 0.000221616 -6.43217e-05 0.000183745 -0.00160871 0.0055427
10.78 6.43722e-06 0.000274649 -6.16444e-05 0.000174459 -0.00154175 0.0068691
10.8 5.98093e-06 0.000307474 -5.23788e-05 0.000159355 -0.00131002 0.00769004
10.82 5.16852e-06 0.000319309 -4.18668e-05 0.000141003 -0.00104711 0.00798605
10.84 4.0089e-06 0.00031255 -3.84332e-05 0.000121784 -0.000961229 0.00781701
10.86 2.56595e-06 0.000288495 -4.49051e-05 0.000103341 -0.0011231 0.00721538
10.88 9.70662e-07 0.000248792 -5.66965e-05 8.59487e-05 -0.001418 0.00622239
10.9 -6.02922e-07 0.000200232 -6.71545e-05 6.80215e-05 -0.00167956 0.00500789
10.92 -1.98539e-06 0.000155052 -7.23225e-05 4.68101e-05 -0.00180881 0.00387791
10.94 -3.06593e-06 0.000123856 -7.15956e-05 2.02381e-05 -0.00179064 0.00309768
10.96 -3.83157e-06 0.000107266 -6.624e-05 -1.19137e-05 -0.00165669 0.00268276
10.98 -4.36039e-06 9.4476e-05 -5.75264e-05 -4.83259e-05 -0.00143876 0.00236288
11 -4.7617e-06 7.0699e-05 -4.5099e-05 -8.67606e-05 -0.00112794 0.00176821
11.02 -5.10924e-06 2.77027e-05 -2.75815e-05 -0.000124048 -0.000689825 0.000692856
11.04 -5.42067e-06 -3.07713e-05 -6.14935e-06 -0.000156146 -0.000153798 -0.000769602
11.06 -5.68141e-06 -9.2241e-05 1.30504e-05 -0.000179145 0.000326395 -0.00230699
11.08 -5.86876e-06 -0.000144004 2.11392e-05 -0.000190738 0.000528701 -0.00360161
11.1 -5.95455e-06 -0.000180291 1.11794e-05 -0.000190932 0.000279601 -0.00450915
11.12 -5.88803e-06 -0.000203594 -1.65723e-05 -0.000181618 -0.00041448 -0.00509197
11.14 -5.57702e-06 -0.000220932 -5.06559e-05 -0.000165406 -0.00126693 -0.00552559
11.16 -4.90958e-06 -0.000238369 -7.18065e-05 -0.000144603 -0.00179591 -0.00596171
11.18 -3.82987e-06 -0.000256613 -6.73508e-05 -0.000121148 -0.00168447 -0.00641799
11.2 -2.40901e-06 -0.000270311 -4.30536e-05 -9.69998e-05 -0.00107679 -0.0067606
11.22 -8.25643e-07 -0.00027248 -1.63485e-05 -7.36677e-05 -0.000408883 -0.00681484
11.24 7.3e-07 -0.000260756 5.07853e-07 -5.08793e-05 1.27016e-05 -0.00652161
11.26 2.12325e-06 -0.000239081 6.88214e-06 -2.6221e-05 0.000172125 -0.00597951
11.28 3.27177e-06 -0.000213211 6.02494e-06 3.07037e-06 0.000150686 -0.00533251
11.3 4.13045e-06 -0.000185569 -2.37894e-06 3.78955e-05 -5.94983e-05 -0.00464116
11.32 4.70151e-06 -0.0001548 -2.04448e-05 7.69813e-05 -0.000511332 -0.00387161
11.34 5.03645e-06 -0.000119325 -4.72952e-05 0.000118038 -0.00118287 -0.00298437
11.36 5.20884e-06 -8.07656e-05 -7.8473e-05 0.000158415 -0.00196264 -0.00201998
11.38 5.28801e-06 -4.43935e-05 -0.000107647 0.000194864 -0.00269231 -0.0011103
11.4 5.33548e-06 -1.6014e-05 -0.000127426 0.000223622 -0.00318697 -0.000400517
11.42 5.40373e-06 3.24558e-06 -0.000131322 0.000241469 -0.00328441 8.11731e-05
11.44 5.51948e-06 2.03098e-05 -0.00011656 0.000246888 -0.0029152 0.000507955
11.46 5.65902e-06 4.73058e-05 -8.59803e-05 0.000240312 -0.0021504 0.00118314
11.48 5.72371e-06 9.30715e-05 -4.98014e-05 0.000223528 -0.00124555 0.00232776
11.5 5.53993e-06 0.000155281 -2.43785e-05 0.000199013 -0.000609716 0.00388365
11.52 4.93062e-06 0.000219193 -2.26114e-05 0.000169708 -0.00056552 0.0054821
11.54 3.8304e-06 0.000264339 -4.23408e-05 0.000138898 -0.00105896 0.00661122
11.56 2.33819e-06 0.000276157 -6.85011e-05 0.000109452 -0.00171324 0.0069068
11.58 6.61929e-07 0.000255825 -8.81938e-05 8.24733e-05 -0.00220576 0.00639828
11.6 -9.72907e-07 0.000219674 -9.93895e-05 5.65787e-05 -0.00248577 0.00549414
11.62 -2.37713e-06 0.000186586 -0.00010409 2.89197e-05 -0.00260333 0.00466659
11.64 -3.42894e-06 0.000164921 -9.96723e-05 -2.79906e-06 -0.00249285 0.00412473
11.66 -4.10305e-06 0.000152074 -8.19175e-05 -3.9198e-05 -0.00204879 0.00380344
11.68 -4.46429e-06 0.000144214 -5.29753e-05 -7.9441e-05 -0.00132493 0.00360685
11.7 -4.61679e-06 0.000141709 -2.11314e-05 -0.000121635 -0.000528505 0.0035442
11.72 -4.66618e-06 0.000143676 6.31731e-06 -0.000162751 0.000157998 0.0035934
11.74 -4.72347e-06 0.000140663 2.66709e-05 -0.000198698 0.000667051 0.00351803
11.76 -4.90086e-06 0.000116869 3.95194e-05 -0.000225167 0.000988396 0.00292295
11.78 -5.26051e-06 6.13954e-05 4.42124e-05 -0.000238928 0.00110577 0.00153552
11.8 -5.76007e-06 -2.2383e-05 3.83881e-05 -0.000238664 0.000960102 -0.000559809
11.82 -6.25786e-06 -0.000117814 1.77565e-05 -0.000225049 0.000444098 -0.00294658
11.84 -6.55149e-06 -0.000204788 -1.72257e-05 -0.000200482 -0.000430823 -0.00512183
11.86 -6.41922e-06 -0.000269885 -5.28085e-05 -0.000168683 -0.00132076 -0.00674994
11.88 -5.69767e-06 -0.000309606 -6.74194e-05 -0.000134121 -0.00168619 -0.00774337
11.9 -4.38692e-06 -0.000326637 -5.08293e-05 -0.000101205 -0.00127126 -0.00816934
11.92 -2.69039e-06 -0.000325285 -1.4727e-05 -7.30263e-05 -0.00036833 -0.00813552
11.94 -9.18948e-07 -0.000310837 1.81993e-05 -4.99701e-05 0.000455173 -0.00777417
11.96 6.64245e-07 -0.000290882 3.26982e-05 -2.92991e-05 0.000817796 -0.00727509
11.98 1.92728e-06 -0.000273807 2.80507e-05 -6.5449e-06 0.000701559 -0.00684803
12 2.85742e-06 -0.000264423 1.18452e-05 2.20908e-05 0.000296254 -0.00661333
12.02 3.51417e-06 -0.000261194 -9.06583e-06 5.80371e-05 -0.00022674 -0.00653257
12.04 3.9851e-06 -0.000257404 -3.29252e-05 0.000100053 -0.000823473 -0.00643777
12.06 4.35211e-06 -0.000244819 -6.19122e-05 0.000144702 -0.00154845 -0.00612302
12.08 4.68088e-06 -0.000217925 -9.71778e-05 0.000187094 -0.00243046 -0.0054504
12.1 5.02952e-06 -0.000176864 -0.000133893 0.000221989 -0.00334872 -0.00442344
12.12 5.44622e-06 -0.000126733 -0.000161696 0.000245185 -0.00404409 -0.00316965
12.14 5.94514e-06 -7.32512e-05 -0.000171433 0.00025474 -0.00428762 -0.00183204
12.16 6.48491e-06 -1.86197e-05 -0.000161306 0.000251375 -0.00403433 -0.000465687
12.18 6.97159e-06 3.86021e-05 -0.000135365 0.000237622 -0.00338554 0.000965454
12.2 7.2919e-06 9.97276e-05 -9.89217e-05 0.000216384 -0.00247407 0.00249423
12.22 7.30295e-06 0.000161868 -6.13473e-05 0.000190366 -0.00153432 0.00404838
12.24 6.8415e-06 0.000217605 -3.88622e-05 0.000162371 -0.00097196 0.00544238
12.26 5.8247e-06 0.000259066 -4.42969e-05 0.000135307 -0.00110788 0.00647935
12.28 4.34612e-06 0.000282792 -7.32397e-05 0.000111622 -0.00183175 0.00707274
12.3 2.65637e-06 0.00029144 -0.000106667 9.25168e-05 -0.00266778 0.00728902
12.32 1.01443e-06 0.000291535 -0.000128912 7.71641e-05 -0.00322414 0.00729141
12.34 -4.34538e-07 0.000289128 -0.0001384 6.24069e-05 -0.00346145 0.00723121
12.36 -1.65043e-06 0.000286193 -0.000140706 4.37185e-05 -0.00351912 0.00715779
12.38 -2.62187e-06 0.0002802 -0.00013672 1.71756e-05 -0.00341943 0.00700792
12.4 -3.33852e-06 0.000266751 -0.000120786 -1.8659e-05 -0.0030209 0.00667155
12.42 -3.82017e-06 0.000242522 -8.80564e-05 -6.17604e-05 -0.00220233 0.00606558
12.44 -4.13969e-06 0.000206606 -4.13056e-05 -0.000106954 -0.00103307 0.00516729
12.46 -4.40804e-06 0.000160613 8.52637e-06 -0.000147593 0.000213248 0.004017
12.48 -4.73263e-06 0.000107848 4.74268e-05 -0.000177887 0.00118616 0.00269732
12.5 -5.16961e-06 5.15297e-05 6.57313e-05 -0.000194656 0.00164397 0.00128878
12.52 -5.69458e-06 -6.38354e-06 6.31022e-05 -0.00019784 0.00157821 -0.000159655
12.54 -6.21098e-06 -6.43293e-05 4.54706e-05 -0.000189821 0.00113724 -0.0016089
12.56 -6.59821e-06 -0.00011905 1.63275e-05 -0.000174145 0.000408359 -0.00297749
12.58 -6.73414e-06 -0.000164729 -2.39903e-05 -0.000154419 -0.000600008 -0.00411993
12.6 -6.46986e-06 -0.000195046 -6.64209e-05 -0.00013355 -0.00166121 -0.00487818
12.62 -5.65585e-06 -0.000206845 -8.90401e-05 -0.000113341 -0.00222693 -0.00517328
12.64 -4.25887e-06 -0.000201925 -7.55325e-05 -9.47156e-05 -0.0018891 -0.00505022
12.66 -2.46121e-06 -0.000185661 -3.39785e-05 -7.80944e-05 -0.000849816 -0.00464346
12.68 -5.95848e-07 -0.000165036 1.03144e-05 -6.29729e-05 0.000257966 -0.00412763
12.7 1.04087e-06 -0.000147604 3.73686e-05 -4.71418e-05 0.000934605 -0.00369164
12.72 2.30637e-06 -0.000139547 4.29382e-05 -2.73792e-05 0.0010739 -0.00349014
12.74 3.1907e-06 -0.000142675 3.15751e-05 -1.57584e-06 0.000789707 -0.00356836
12.76 3.75344e-06 -0.0001539 8.04996e-06 3.00541e-05 0.000201333 -0.0038491
12.78 4.08889e-06 -0.000168671 -2.3325e-05 6.56579e-05 -0.000583369 -0.00421853
12.8 4.29922e-06 -0.000184233 -5.64048e-05 0.000102806 -0.00141071 -0.00460774
12.82 4.46629e-06 -0.000198226 -8.42692e-05 0.000138779 -0.00210761 -0.00495771
12.84 4.6458e-06 -0.0002044 -0.000102442 0.00017054 -0.00256211 -0.00511214
12.86 4.87405e-06 -0.000192039 -0.000110214 0.000195023 -0.0027565 -0.00480297
12.88 5.15154e-06 -0.00015227 -0.000109209 0.000209665 -0.00273136 -0.00380833
12.9 5.41151e-06 -8.61417e-05 -9.96358e-05 0.000212859 -0.00249193 -0.00215444
12.92 5.53889e-06 -6.50236e-06 -7.91968e-05 0.000204302 -0.00198075 -0.000162627
12.94 5.38114e-06 6.83494e-05 -5.07699e-05 0.000185551 -0.00126978 0.00170945
12.96 4.78016e-06 0.000123947 -2.80659e-05 0.000160189 -0.00070194 0.00309998
12.98 3.66777e-06 0.000154529 -2.64216e-05 0.000132885 -0.000660816 0.00386484
13 2.13639e-06 0.000161217 -4.76653e-05 0.000107823 -0.00119213 0.00403212
13.02 4.23936e-07 0.00014864 -7.82685e-05 8.73398e-05 -0.00195753 0.00371756
13.04 -1.19441e-06 0.000125173 -0.000102318 7.09976e-05 -0.00255902 0.00313062
13.06 -2.50946e-06 0.000103735 -0.000112341 5.55129e-05 -0.00280969 0.00259445
13.08 -3.42074e-06 9.68662e-05 -0.000109034 3.61069e-05 -0.00272698 0.00242266
13.1 -3.93776e-06 0.000108324 -9.57804e-05 8.60169e-06 -0.00239551 0.00270922
13.12 -4.16301e-06 0.000130463 -7.52364e-05 -2.88765e-05 -0.00188169 0.00326294
13.14 -4.24161e-06 0.000150665 -4.87913e-05 -7.48648e-05 -0.00122029 0.00376821
13.16 -4.29536e-06 0.000159806 -1.77284e-05 -0.000124435 -0.000443395 0.00399683
13.18 -4.39681e-06 0.000154913 1.46311e-05 -0.000170553 0.00036593 0.00387444
13.2 -4.5886e-06 0.000136037 4.20316e-05 -0.000206503 0.00105123 0.00340235
13.22 -4.892e-06 0.000103483 5.75731e-05 -0.000227926 0.00143993 0.00258814
13.24 -5.27896e-06 5.9315e-05 5.69767e-05 -0.000233614 0.00142501 0.00148349
13.26 -5.64555e-06 1.03403e-05 3.83539e-05 -0.000225177 0.000959248 0.000258616
13.28 -5.83405e-06 -3.25331e-05 1.68674e-06 -0.000206062 4.21861e-05 -0.000813668
13.3 -5.66452e-06 -5.94872e-05 -4.51342e-05 -0.000180453 -0.00112883 -0.0014878
13.32 -4.97375e-06 -6.78377e-05 -8.24321e-05 -0.000152235 -0.00206166 -0.00169665
13.34 -3.71171e-06 -6.44677e-05 -9.04427e-05 -0.000124299 -0.00226201 -0.00161236
13.36 -2.03017e-06 -6.30055e-05 -6.69027e-05 -9.8417e-05 -0.00167326 -0.00157579
13.38 -2.45375e-07 -7.74553e-05 -2.80555e-05 -7.51928e-05 -0.000701679 -0.00193719
13.4 1.33349e-06 -0.000115358 7.54647e-06 -5.37267e-05 0.00018874 -0.00288514
13.42 2.5505e-06 -0.000173283 3.13801e-05 -3.15712e-05 0.000784829 -0.00433389
13.44 3.40022e-06 -0.000237456 4.23121e-05 -5.56376e-06 0.00105824 -0.00593888
13.46 3.93632e-06 -0.000290801 3.89089e-05 2.68266e-05 0.000973127 -0.00727306
13.48 4.21046e-06 -0.000322667 1.85534e-05 6.63054e-05 0.000464027 -0.00807004
13.5 4.26977e-06 -0.000333448 -1.81488e-05 0.000111081 -0.000453909 -0.00833967
13.52 4.17959e-06 -0.000329891 -6.48842e-05 0.000157098 -0.00162278 -0.00825072
13.54 4.04449e-06 -0.00031579 -0.000110919 0.000199287 -0.00277414 -0.00789804
13.56 3.9969e-06 -0.000287571 -0.000145048 0.000233057 -0.00362771 -0.00719226
13.58 4.13266e-06 -0.000239349 -0.000159721 0.000255057 -0.00399469 -0.00598621
13.6 4.43245e-06 -0.000172192 -0.000153485 0.000263209 -0.00383872 -0.00430659
13.62 4.76047e-06 -9.72643e-05 -0.000128293 0.000256791 -0.00320867 -0.00243262
13.64 4.93954e-06 -2.82473e-05 -8.75526e-05 0.000236782 -0.00218973 -0.000706476
13.66 4.80923e-06 2.9561e-05 -4.22832e-05 0.00020602 -0.00105752 0.000739333
13.68 4.2619e-06 8.1756e-05 -1.23119e-05 0.000168979 -0.000307927 0.00204475
13.7 3.28034e-06 0.000135938 -1.3488e-05 0.000131154 -0.000337341 0.00339986
13.72 1.96163e-06 0.000191415 -4.48634e-05 9.76696e-05 -0.00112205 0.00478737
13.74 4.97805e-07 0.000239474 -9.0743e-05 7.10795e-05 -0.00226952 0.00598933
13.76 -8.79472e-07 0.000273424 -0.000131767 4.99171e-05 -0.00329555 0.00683845
13.78 -1.94992e-06 0.000296231 -0.000152395 2.97646e-05 -0.00381147 0.00740886
13.8 -2.5636e-06 0.000317502 -0.000144092 5.98556e-06 -0.00360379 0.00794086
13.82 -2.71547e-06 0.000344261 -0.000108467 -2.4301e-05 -0.0027128 0.0086101
13.84 -2.56882e-06 0.000375396 -5.75547e-05 -6.16228e-05 -0.00143947 0.00938881
13.86 -2.36846e-06 0.0004041 -6.95325e-06 -0.000104032 -0.000173904 0.0101067
13.88 -2.30539e-06 0.000424025 3.34218e-05 -0.000147425 0.000835894 0.010605
13.9 -2.45302e-06 0.000432102 6.19586e-05 -0.000186695 0.00154961 0.0108071
13.92 -2.80608e-06 0.000425978 8.03473e-05 -0.000217094 0.00200952 0.0106539
13.94 -3.3432e-06 0.000401229 8.82024e-05 -0.000235076 0.00220598 0.0100349
13.96 -4.03649e-06 0.00035376 8.18528e-05 -0.000238935 0.00204717 0.00884769
13.98 -4.80931e-06 0.000284541 5.55406e-05 -0.00022929 0.00138909 0.0071165
14 -5.50704e-06 0.000199296 9.03124e-06 -0.000208646 0.000225875 0.00498449
14.02 -5.91635e-06 0.000103082 -4.17266e-05 -0.000180451 -0.0010436 0.00257812
14.04 -5.82024e-06 -2.15206e-06 -6.67221e-05 -0.000148661 -0.00166875 -5.38241e-05
14.06 -5.12296e-06 -0.000112699 -4.41497e-05 -0.000117457 -0.0011042 -0.00281865
14.08 -3.95501e-06 -0.00021638 1.49433e-05 -9.03385e-05 0.000373738 -0.00541176
14.1 -2.6098e-06 -0.000293303 7.25727e-05 -6.88106e-05 0.00181507 -0.00733563
14.12 -1.35886e-06 -0.000327903 9.62332e-05 -5.18257e-05 0.00240683 -0.00820099
14.14 -3.29843e-07 -0.00032396 8.20145e-05 -3.67618e-05 0.00205122 -0.00810238
14.16 4.57506e-07 -0.000307322 4.9724e-05 -2.1117e-05 0.00124362 -0.00768625
14.18 1.01366e-06 -0.000310042 2.19245e-05 -3.257e-06 0.000548341 -0.00775429
14.2 1.36857e-06 -0.000347722 8.64825e-06 1.8202e-05 0.000216296 -0.00869668
14.22 1.58736e-06 -0.000409762 5.55395e-06 4.48884e-05 0.000138907 -0.0102483
14.24 1.74168e-06 -0.000470433 1.14828e-06 7.76568e-05 2.87191e-05 -0.0117657
14.26 1.87216e-06 -0.000508432 -1.34194e-05 0.000114575 -0.000335625 -0.0127161
14.28 2.00866e-06 -0.000514948 -3.79376e-05 0.000149751 -0.000948835 -0.0128791
14.3 2.22253e-06 -0.000485334 -6.44538e-05 0.00017466 -0.00161202 -0.0121384
14.32 2.62028e-06 -0.000410895 -8.46944e-05 0.000182091 -0.00211824 -0.0102767
14.34 3.25891e-06 -0.000286537 -9.299e-05 0.000170285 -0.00232572 -0.00716642
14.36 4.05868e-06 -0.000127091 -8.45448e-05 0.000144074 -0.0021145 -0.0031786
14.38 4.78029e-06 3.04174e-05 -5.66022e-05 0.000112289 -0.00141564 0.000760751
14.4 5.11578e-06 0.00014714 -1.5727e-05 8.34273e-05 -0.000393338 0.00368002
14.42 4.84092e-06 0.00020733 1.78935e-05 6.25742e-05 0.000447523 0.0051854
14.44 3.94128e-06 0.000225224 2.3661e-05 5.07846e-05 0.000591772 0.00563295
14.46 2.64875e-06 0.000231491 -1.00104e-06 4.57668e-05 -2.50365e-05 0.00578968
14.48 1.32832e-06 0.000254052 -4.01435e-05 4.27019e-05 -0.001004 0.00635394
14.5 2.76655e-07 0.00030572 -7.58837e-05 3.57796e-05 -0.00189788 0.00764618
14.52 -4.0877e-07 0.000381043 -0.000100531 2.09975e-05 -0.00251432 0.00953004
14.54 -7.96189e-07 0.00046099 -0.000113473 -1.56613e-06 -0.00283801 0.0115295
14.56 -9.98368e-07 0.000523537 -0.000112999 -2.85146e-05 -0.00282614 0.0130939
14.58 -1.09373e-06 0.000554452 -9.53252e-05 -5.63485e-05 -0.00238412 0.0138671
14.6 -1.13895e-06 0.000550187 -6.00322e-05 -8.33271e-05 -0.00150143 0.0137604
14.62 -1.22487e-06 0.000511467 -1.39614e-05 -0.00010801 -0.00034918 0.012792
14.64 -1.49017e-06 0.000437564 3.02101e-05 -0.000127399 0.000755566 0.0109437
14.66 -2.04693e-06 0.000331118 5.79611e-05 -0.000138061 0.00144963 0.0082814
14.68 -2.86281e-06 0.000207489 5.82171e-05 -0.00013901 0.00145604 0.0051894
14.7 -3.73153e-06 9.2299e-05 2.7554e-05 -0.000132513 0.000689137 0.00230844
14.72 -4.37978e-06 3.52407e-06 -2.67e-05 -0.000121716 -0.000667778 8.81382e-05
14.74 -4.594e-06 -6.34578e-05 -8.15702e-05 -0.000107991 -0.0020401 -0.00158711
14.76 -4.2781e-06 -0.000129119 -0.000104218 -9.0999e-05 -0.00260654 -0.00322932
14.78 -3.47886e-06 -0.000207804 -7.69297e-05 -7.09491e-05 -0.00192404 -0.00519726
14.8 -2.40634e-06 -0.000295107 -1.75489e-05 -4.99639e-05 -0.000438905 -0.00738075
14.82 -1.36556e-06 -0.00037592 3.38448e-05 -3.09774e-05 0.000846473 -0.00940191
14.84 -5.77204e-07 -0.000439134 5.09445e-05 -1.58136e-05 0.00127414 -0.0109829
14.86 -5.17369e-08 -0.000481622 3.96805e-05 -4.66995e-06 0.000992426 -0.0120456
14.88 3.46152e-07 -0.00050233 2.23432e-05 3.40018e-06 0.000558813 -0.0125635
14.9 7.30698e-07 -0.000498837 1.10027e-05 1.08631e-05 0.000275181 -0.0124761
14.92 1.1084e-06 -0.000471228 -3.97314e-07 2.22547e-05 -9.93699e-06 -0.0117856
14.94 1.42725e-06 -0.000426817 -2.27691e-05 4.23137e-05 -0.000569464 -0.0106749
14.96 1.67738e-06 -0.000378036 -5.58597e-05 7.20925e-05 -0.00139707 -0.00945484
14.98 1.94386e-06 -0.000332665 -8.52566e-05 0.000106862 -0.0021323 -0.00832009
15 2.3686e-06 -0.000284824 -9.37552e-05 0.000138232 -0.00234486 -0.00712356
15.02 3.0381e-06 -0.00021751 -7.56271e-05 0.000158463 -0.00189146 -0.00544001
15.04 3.88016e-06 -0.000117447 -4.11064e-05 0.000163231 -0.00102809 -0.00293741
15.06 4.65472e-06 1.02643e-05 -8.35056e-06 0.000151944 -0.000208851 0.000256714
15.08 5.05989e-06 0.000141707 7.94072e-06 0.000127395 0.000198601 0.00354414
15.1 4.8889e-06 0.000249396 2.09163e-06 9.55579e-05 5.23125e-05 0.00623749
15.12 4.14869e-06 0.000320821 -2.16502e-05 6.42835e-05 -0.000541481 0.00802388
15.14 3.06272e-06 0.000364353 -5.17666e-05 4.03021e-05 -0.00129471 0.00911262
15.16 1.93834e-06 0.000397637 -7.50919e-05 2.64113e-05 -0.00187808 0.00994508
15.18 9.918e-07 0.000430348 -8.29913e-05 2.10786e-05 -0.00207565 0.0107632
15.2 2.60049e-07 0.000458115 -7.56815e-05 2.02784e-05 -0.00189283 0.0114576
15.22 -3.44781e-07 0.000471331 -6.11334e-05 1.94419e-05 -0.00152897 0.0117882
15.24 -9.08136e-07 0.000467034 -4.83312e-05 1.39786e-05 -0.00120878 0.0116807
15.26 -1.4353e-06 0.000451153 -4.00489e-05 -8.39299e-07 -0.00100164 0.0112835
15.28 -1.89075e-06 0.000429373 -3.20828e-05 -2.8404e-05 -0.000802404 0.0107388
15.3 -2.29398e-06 0.000396558 -1.96562e-05 -6.74174e-05 -0.00049161 0.00991809
15.32 -2.75267e-06 0.000338431 -3.77158e-06 -0.000110204 -9.43289e-05 0.00846431
15.34 -3.37366e-06 0.000246713 9.31476e-06 -0.000146081 0.000232966 0.00617041
15.36 -4.14229e-06 0.000130321 1.35654e-05 -0.000167366 0.000339277 0.00325939
15.38 -4.91815e-06 8.30577e-06 7.08035e-06 -0.000172215 0.000177082 0.000207731
15.4 -5.54101e-06 -0.000105927 -8.08331e-06 -0.000162806 -0.000202167 -0.00264929
15.42 -5.9016e-06 -0.000209631 -2.50452e-05 -0.000142668 -0.000626392 -0.00524295
15.44 -5.92478e-06 -0.00030287 -3.30562e-05 -0.000116147 -0.000826748 -0.0075749
15.46 -5.5699e-06 -0.000382452 -2.56663e-05 -8.87221e-05 -0.000641926 -0.00956528
15.48 -4.8838e-06 -0.000444796 -7.91864e-06 -6.58391e-05 -0.000198049 -0.0111245
15.5 -4.00226e-06 -0.000489372 7.15901e-06 -5.07416e-05 0.00017905 -0.0122394
15.52 -3.05162e-06 -0.000515807 9.8684e-06 -4.3565e-05 0.000246813 -0.0129005
15.54 -2.0632e-06 -0.000520588 9.70537e-07 -4.21388e-05 2.42735e-05 -0.0130201
15.56 -1.00658e-06 -0.000500638 -1.0359e-05 -4.26946e-05 -0.000259082 -0.0125212
15.58 1.06948e-07 -0.000460098 -1.43734e-05 -3.96198e-05 -0.000359486 -0.0115072
15.6 1.18124e-06 -0.000411011 -8.63693e-06 -2.60875e-05 -0.000216013 -0.0102796
15.62 2.08767e-06 -0.000364626 -5.82363e-07 2.53239e-06 -1.45651e-05 -0.00911944
15.64 2.75572e-06 -0.00032067 -1.81591e-06 4.43337e-05 -4.54166e-05 -0.0080201
15.66 3.23411e-06 -0.000266753 -1.82633e-05 9.05042e-05 -0.000456774 -0.00667161
15.68 3.66034e-06 -0.000189765 -4.53098e-05 0.000130201 -0.00113322 -0.0047461
15.7 4.15675e-06 -8.80251e-05 -7.20942e-05 0.000155927 -0.00180311 -0.00220154
15.72 4.74978e-06 2.65987e-05 -8.97066e-05 0.000165206 -0.0022436 0.000665245
15.74 5.37874e-06 0.000137523 -9.42783e-05 0.000159362 -0.00235794 0.0034395
15.76 5.95662e-06 0.000234199 -8.54985e-05 0.00014222 -0.00213835 0.0058574
15.78 6.39609e-06 0.000314869 -6.49617e-05 0.000119496 -0.00162472 0.007875
15.8 6.58949e-06 0.000380516 -3.82343e-05 9.76431e-05 -0.000956257 0.00951686
15.82 6.3997e-06 0.000428205 -1.6768e-05 8.16999e-05 -0.000419375 0.0107096
15.84 5.71365e-06 0.000450769 -1.15783e-05 7.33805e-05 -0.000289578 0.0112739
15.86 4.5344e-06 0.000441969 -2.44335e-05 7.07665e-05 -0.000611092 0.0110538
15.88 3.01573e-06 0.000402471 -4.69511e-05 6.95267e-05 -0.00117427 0.010066
15.9 1.40198e-06 0.000342701 -6.85647e-05 6.46813e-05 -0.00171483 0.0085711
15.92 -7.10177e-08 0.000279563 -8.3555e-05 5.21456e-05 -0.00208974 0.00699199
15.94 -1.24506e-06 0.000226765 -9.04287e-05 3.0077e-05 -0.00226166 0.00567149
15.96 -2.07165e-06 0.000185793 -8.75761e-05 -8.9577e-08 -0.00219032 0.00464677
15.98 -2.6136e-06 0.000146699 -7.28241e-05 -3.40024e-05 -0.00182136 0.00366899
16 -3.00062e-06 9.85217e-05 -4.72319e-05 -6.64243e-05 -0.00118129 0.00246407
16.02 -3.35666e-06 3.93951e-05 -1.72124e-05 -9.33425e-05 -0.000430488 0.000985288
16.04 -3.75415e-06 -2.25255e-05 7.91595e-06 -0.000112721 0.000197981 -0.000563373
16.06 -4.21884e-06 -7.74181e-05 2.02664e-05 -0.000124132 0.000506872 -0.00193626
16.08 -4.75069e-06 -0.000123726 1.65619e-05 -0.000128278 0.00041422 -0.00309444
16.1 -5.32287e-06 -0.000170157 -1.31899e-06 -0.000126694 -3.29885e-05 -0.0042557
16.12 -5.85754e-06 -0.000226533 -2.79777e-05 -0.000121197 -0.000699735 -0.00566568
16.14 -6.19964e-06 -0.000291268 -5.55532e-05 -0.000113096 -0.00138941 -0.00728473
16.16 -6.13186e-06 -0.000348058 -7.29122e-05 -0.000102889 -0.00182356 -0.00870509
16.18 -5.47717e-06 -0.00037621 -6.96605e-05 -9.08075e-05 -0.00174224 -0.00940917
16.2 -4.2405e-06 -0.000365451 -4.60484e-05 -7.75151e-05 -0.00115169 -0.00914008
16.22 -2.64853e-06 -0.000321883 -1.59392e-05 -6.40305e-05 -0.000398647 -0.00805042
16.24 -1.01839e-06 -0.000261117 3.89435e-06 -5.08568e-05 9.73994e-05 -0.00653066
16.26 4.28165e-07 -0.000196556 7.21835e-06 -3.72105e-05 0.000180534 -0.00491594
16.28 1.63094e-06 -0.000133588 3.64777e-08 -2.13006e-05 9.12323e-07 -0.0033411
16.3 2.61678e-06 -7.29356e-05 -8.59807e-06 -1.44725e-06 -0.000215041 -0.00182415
16.32 3.40452e-06 -1.68449e-05 -1.49804e-05 2.30429e-05 -0.000374667 -0.000421297
16.34 3.98308e-06 2.9838e-05 -2.17084e-05 5.16032e-05 -0.000542936 0.000746261
16.36 4.35427e-06 6.46643e-05 -3.32902e-05 8.22924e-05 -0.000832602 0.00161728
16.38 4.58125e-06 9.23167e-05 -5.05359e-05 0.000111766 -0.00126392 0.00230888
16.4 4.78702e-06 0.000123119 -6.76553e-05 0.000135862 -0.00169209 0.00307926
16.42 5.08487e-06 0.000166001 -7.56158e-05 0.000150979 -0.00189118 0.00415175
16.44 5.48549e-06 0.000221782 -6.99169e-05 0.000155495 -0.00174865 0.00554685
16.46 5.86527e-06 0.00028163 -5.44276e-05 0.000150295 -0.00136126 0.00704368
16.48 6.02726e-06 0.000330988 -3.77677e-05 0.000138198 -0.000944586 0.00827816
16.5 5.80226e-06 0.000356152 -2.75415e-05 0.00012277 -0.000688824 0.00890751
16.52 5.12543e-06 0.000349883 -2.65834e-05 0.000107041 -0.000664862 0.00875072
16.54 4.05441e-06 0.000313514 -3.22872e-05 9.27139e-05 -0.000807515 0.0078411
16.56 2.73274e-06 0.000255477 -3.96005e-05 7.98818e-05 -0.000990425 0.00638957
16.58 1.32671e-06 0.000187799 -4.55836e-05 6.70113e-05 -0.00114006 0.00469692
16.6 -2.55601e-08 0.000121961 -5.05473e-05 5.15814e-05 -0.00126421 0.0030503
16.62 -1.23002e-06 6.53002e-05 -5.46287e-05 3.15037e-05 -0.00136629 0.00163318
16.64 -2.23595e-06 1.94916e-05 -5.55538e-05 6.32052e-06 -0.00138942 0.000487493
16.66 -3.04083e-06 -1.8092e-05 -5.13842e-05 -2.27522e-05 -0.00128514 -0.000452489
16.68 -3.68678e-06 -5.1523e-05 -4.37377e-05 -5.35922e-05 -0.0010939 -0.00128861
16.7 -4.2289e-06 -8.40612e-05 -3.60012e-05 -8.37759e-05 -0.000900405 -0.00210241
16.72 -4.69731e-06 -0.000117287 -2.91883e-05 -0.000110757 -0.000730011 -0.0029334
16.74 -5.091e-06 -0.000151191 -2.18991e-05 -0.000132117 -0.000547706 -0.00378135
16.76 -5.40089e-06 -0.000184639 -1.44185e-05 -0.000146141 -0.000360613 -0.00461789
16.78 -5.62249e-06 -0.000215828 -1.07351e-05 -0.000152297 -0.000268489 -0.00539794
16.8 -5.73649e-06 -0.000242479 -1.51476e-05 -0.000151171 -0.000378849 -0.00606449
16.82 -5.68619e-06 -0.000261688 -2.71847e-05 -0.000144006 -0.000679902 -0.00654491
16.84 -5.38469e-06 -0.000269999 -3.97836e-05 -0.000132196 -0.000995003 -0.00675279
16.86 -4.76449e-06 -0.000264494 -4.4364e-05 -0.000116938 -0.00110956 -0.00661511
16.88 -3.83671e-06 -0.000244383 -3.94284e-05 -9.91953e-05 -0.00098612 -0.00611213
16.9 -2.69631e-06 -0.000211505 -3.19118e-05 -7.98404e-05 -0.000798127 -0.00528983
16.92 -1.46035e-06 -0.00016932 -2.82065e-05 -5.95464e-05 -0.000705457 -0.00423477
16.94 -2.05023e-07 -0.000121618 -2.62985e-05 -3.85198e-05 -0.000657737 -0.00304172
16.96 1.02559e-06 -7.17983e-05 -2.00816e-05 -1.64682e-05 -0.000502248 -0.00179571
16.98 2.1654e-06 -2.25544e-05 -9.75355e-06 7.12037e-06 -0.00024394 -0.000564095
17 3.1182e-06 2.41715e-05 -3.87176e-06 3.26179e-05 -9.68344e-05 0.00060454
17.02 3.81919e-06 6.70894e-05 -1.01743e-05 5.99459e-05 -0.000254464 0.00167793
17.04 4.28974e-06 0.000105747 -2.69235e-05 8.82172e-05 -0.000673368 0.00264478
17.06 4.61689e-06 0.000140814 -4.50238e-05 0.000115477 -0.00112606 0.00352181
17.08 4.88179e-06 0.000173486 -5.73151e-05 0.000138973 -0.00143348 0.00433895
17.1 5.11165e-06 0.000204033 -6.3812e-05 0.000155972 -0.00159597 0.00510295
17.12 5.29029e-06 0.00023095 -6.81777e-05 0.000164618 -0.00170515 0.00577616
17.14 5.39592e-06 0.000251561 -7.12159e-05 0.00016444 -0.00178114 0.00629163
17.16 5.41787e-06 0.000263171 -6.88594e-05 0.000156457 -0.0017222 0.00658201
17.18 5.33646e-06 0.00026355 -5.67078e-05 0.000142769 -0.00141829 0.0065915
17.2 5.09304e-06 0.000250961 -3.68408e-05 0.000125649 -0.000921403 0.00627664
17.22 4.59775e-06 0.000224594 -1.92706e-05 0.000106611 -0.000481965 0.00561718
17.24 3.78763e-06 0.000185279 -1.46539e-05 8.612e-05 -0.000366501 0.00463391
17.26 2.69058e-06 0.000135849 -2.4865e-05 6.41549e-05 -0.000621885 0.00339763
17.28 1.4317e-06 8.08976e-05 -4.17138e-05 4.09879e-05 -0.00104328 0.00202328
17.3 1.67781e-07 2.56668e-05 -5.47709e-05 1.72312e-05 -0.00136984 0.000641936
17.32 -9.91664e-07 -2.60734e-05 -5.95088e-05 -6.68714e-06 -0.00148834 -0.000652107
17.34 -2.01105e-06 -7.37354e-05 -5.82881e-05 -3.0644e-05 -0.00145781 -0.00184415
17.36 -2.8947e-06 -0.000118822 -5.51308e-05 -5.43414e-05 -0.00137884 -0.0029718
17.38 -3.63725e-06 -0.000161072 -5.08719e-05 -7.69059e-05 -0.00127233 -0.00402849
17.4 -4.2081e-06 -0.000195956 -4.35179e-05 -9.70175e-05 -0.0010884 -0.00490095
17.42 -4.58299e-06 -0.000217431 -3.25657e-05 -0.000113368 -0.000814483 -0.00543805
17.44 -4.78671e-06 -0.000224048 -2.19101e-05 -0.000125024 -0.000547982 -0.00560353
17.46 -4.89158e-06 -0.00022181 -1.75131e-05 -0.000131503 -0.000438011 -0.00554755
17.48 -4.9589e-06 -0.000219897 -2.17484e-05 -0.000132658 -0.000543936 -0.00549973
17.5 -4.97869e-06 -0.000222921 -3.06195e-05 -0.000128557 -0.000765807 -0.00557535
17.52 -4.87504e-06 -0.000227145 -3.78265e-05 -0.000119376 -0.000946057 -0.005681
17.54 -4.56968e-06 -0.000224031 -4.1266e-05 -0.000105332 -0.00103208 -0.00560311
17.56 -4.03172e-06 -0.000207192 -4.34292e-05 -8.67589e-05 -0.00108618 -0.00518197
17.58 -3.27288e-06 -0.000176084 -4.59867e-05 -6.44685e-05 -0.00115015 -0.00440393
17.6 -2.31732e-06 -0.000133772 -4.66814e-05 -4.01578e-05 -0.00116752 -0.00334569
17.62 -1.19403e-06 -8.23079e-05 -4.22124e-05 -1.61093e-05 -0.00105575 -0.00205856
17.64 4.53158e-08 -2.1319e-05 -3.26876e-05 5.95508e-06 -0.000817532 -0.000533198
17.66 1.31295e-06 4.86317e-05 -2.24182e-05 2.57786e-05 -0.000560688 0.0012163
17.68 2.49443e-06 0.000122051 -1.70136e-05 4.42775e-05 -0.000425516 0.00305255
17.7 3.48142e-06 0.000188964 -1.96956e-05 6.24049e-05 -0.000492596 0.00472606
17.72 4.21463e-06 0.000240071 -2.93473e-05 8.02887e-05 -0.000733989 0.00600428
17.74 4.70795e-06 0.000272 -4.13107e-05 9.72086e-05 -0.0010332 0.00680284
17.76 5.02942e-06 0.000288242 -5.03738e-05 0.000112037 -0.00125987 0.00720905
17.78 5.25095e-06 0.000295665 -5.38174e-05 0.000123604 -0.00134599 0.0073947
17.8 5.40628e-06 0.000299934 -5.23923e-05 0.000130912 -0.00131035 0.00750148
17.82 5.4825e-06 0.000302876 -4.8911e-05 0.000133334 -0.00122328 0.00757506
17.84 5.4386e-06 0.000302406 -4.57231e-05 0.00013069 -0.00114355 0.0075633
17.86 5.2297e-06 0.000293933 -4.26846e-05 0.00012305 -0.00106756 0.00735138
17.88 4.81811e-06 0.000272066 -3.7683e-05 0.000110428 -0.000942467 0.00680449
17.9 4.16831e-06 0.000232371 -3.04936e-05 9.27871e-05 -0.000762658 0.0058117
17.92 3.25124e-06 0.00017348 -2.52963e-05 7.07046e-05 -0.000632671 0.00433881
17.94 2.07558e-06 9.86968e-05 -2.72637e-05 4.60667e-05 -0.000681877 0.00246845
17.96 7.20319e-07 1.51433e-05 -3.66399e-05 2.16227e-05 -0.000916378 0.000378739
17.98 -6.79233e-07 -6.95698e-05 -4.76822e-05 -4.93563e-07 -0.00119255 -0.00173997
18 -1.99198e-06 -0.000150397 -5.37559e-05 -1.97473e-05 -0.00134446 -0.0037615
18.02 -3.13913e-06 -0.000224966 -5.24274e-05 -3.67827e-05 -0.00131123 -0.00562649
18.04 -4.08957e-06 -0.000290887 -4.58159e-05 -5.23006e-05 -0.00114587 -0.00727521
18.06 -4.82838e-06 -0.000343448 -3.7543e-05 -6.64835e-05 -0.000938966 -0.00858977
18.08 -5.34491e-06 -0.000377034 -3.01386e-05 -7.92613e-05 -0.00075378 -0.00942978
18.1 -5.64808e-06 -0.000389667 -2.46438e-05 -9.06804e-05 -0.000616353 -0.00974573
18.12 -5.77915e-06 -0.000385708 -2.16209e-05 -0.000100828 -0.000540747 -0.00964672
18.14 -5.79578e-06 -0.000373071 -2.18112e-05 -0.000109552 -0.000545507 -0.00933067
18.16 -5.73463e-06 -0.000357375 -2.54123e-05 -0.000116304 -0.000635573 -0.0089381
18.18 -5.58686e-06 -0.000338831 -3.10575e-05 -0.000120058 -0.000776761 -0.0084743
18.2 -5.30991e-06 -0.000314003 -3.64917e-05 -0.00011931 -0.000912673 -0.00785334
18.22 -4.86025e-06 -0.000279152 -4.07793e-05 -0.00011237 -0.00101991 -0.00698171
18.24 -4.21079e-06 -0.000232095 -4.4521e-05 -9.81352e-05 -0.00111349 -0.0058048
18.26 -3.3488e-06 -0.000172855 -4.7658e-05 -7.72356e-05 -0.00119195 -0.00432317
18.28 -2.27659e-06 -0.000103275 -4.85721e-05 -5.24812e-05 -0.00121481 -0.00258296
18.3 -1.02127e-06 -2.54928e-05 -4.59011e-05 -2.76838e-05 -0.00114801 -0.000637585
18.32 3.5819e-07 5.86979e-05 -4.06634e-05 -5.66852e-06 -0.00101701 0.00146806
18.34 1.77382e-06 0.000146003 -3.59445e-05 1.28364e-05 -0.000898987 0.00365161
18.36 3.11892e-06 0.000229509 -3.45677e-05 2.87835e-05 -0.000864553 0.00574013
18.38 4.29019e-06 0.000299814 -3.69592e-05 4.36405e-05 -0.000924365 0.00749847
18.4 5.21807e-06 0.00034948 -4.1046e-05 5.85508e-05 -0.00102658 0.00874063
18.42 5.88274e-06 0.000376921 -4.42839e-05 7.41074e-05 -0.00110756 0.00942695
18.44 6.30138e-06 0.000386245 -4.59413e-05 9.03346e-05 -0.00114901 0.00966014
18.46 6.50354e-06 0.000383593 -4.72684e-05 0.00010662 -0.0011822 0.00959383
18.48 6.51874e-06 0.000373474 -4.94147e-05 0.000121754 -0.00123588 0.00934075
18.5 6.37738e-06 0.000357661 -5.169e-05 0.00013422 -0.00129279 0.00894526
18.52 6.10905e-06 0.000336416 -5.23115e-05 0.000142573 -0.00130833 0.00841391
18.54 5.73171e-06 0.000309861 -5.04454e-05 0.00014573 -0.00126166 0.00774974
18.56 5.23895e-06 0.000277218 -4.67149e-05 0.00014303 -0.00116836 0.00693334
18.58 4.5947e-06 0.000234973 -4.25173e-05 0.00013398 -0.00106338 0.00587676
18.6 3.75306e-06 0.000178465 -3.93458e-05 0.000118356 -0.000984054 0.00446348
18.62 2.69989e-06 0.000107009 -3.81042e-05 9.71175e-05 -0.000953003 0.00267634
18.64 1.47785e-06 2.62104e-05 -3.86858e-05 7.28487e-05 -0.000967548 0.000655532
18.66 1.67688e-07 -5.56683e-05 -4.03604e-05 4.86128e-05 -0.00100943 -0.00139229
18.68 -1.15268e-06 -0.000132835 -4.26689e-05 2.61945e-05 -0.00106717 -0.00332226
18.7 -2.42208e-06 -0.000203108 -4.53079e-05 5.52312e-06 -0.00113317 -0.00507982
18.72 -3.57729e-06 -0.000265044 -4.72246e-05 -1.4401e-05 -0.00118111 -0.00662886
18.74 -4.5427e-06 -0.00031514 -4.67635e-05 -3.431e-05 -0.00116958 -0.00788178
18.76 -5.25191e-06 -0.000348326 -4.33118e-05 -5.42797e-05 -0.00108325 -0.00871178
18.78 -5.67759e-06 -0.000361173 -3.83081e-05 -7.39861e-05 -0.000958102 -0.00903308
18.8 -5.83896e-06 -0.000354565 -3.39898e-05 -9.29015e-05 -0.0008501 -0.00886781
18.82 -5.78474e-06 -0.000333368 -3.12825e-05 -0.000110227 -0.000782387 -0.00833768
18.84 -5.56977e-06 -0.000303525 -2.9408e-05 -0.00012482 -0.000735508 -0.00759129
18.86 -5.24006e-06 -0.000269051 -2.75565e-05 -0.000135291 -0.000689199 -0.00672907
18.88 -4.82722e-06 -0.000231013 -2.64865e-05 -0.000140282 -0.000662439 -0.00577774
18.9 -4.34614e-06 -0.000188549 -2.85285e-05 -0.000138733 -0.00071351 -0.00471568
18.92 -3.79188e-06 -0.000140786 -3.56022e-05 -0.000129959 -0.000890426 -0.00352111
18.94 -3.13866e-06 -8.86635e-05 -4.61501e-05 -0.000113907 -0.00115423 -0.00221751
18.96 -2.34949e-06 -3.50348e-05 -5.46538e-05 -9.17479e-05 -0.00136691 -0.000876235
18.98 -1.39894e-06 1.76761e-05 -5.57277e-05 -6.60027e-05 -0.00139377 0.000442086
19 -2.97297e-07 6.97729e-05 -4.8912e-05 -3.95665e-05 -0.00122331 0.00174505
19.02 9.00037e-07 0.000123253 -3.87279e-05 -1.43361e-05 -0.000968601 0.00308261
19.04 2.10246e-06 0.00017795 -3.04303e-05 9.3347e-06 -0.000761073 0.0044506
19.06 3.20341e-06 0.000228984 -2.66638e-05 3.20007e-05 -0.000666873 0.00572697
19.08 4.10357e-06 0.000268511 -2.75737e-05 5.41358e-05 -0.000689629 0.00671557
19.1 4.73829e-06 0.000290465 -3.23445e-05 7.57213e-05 -0.00080895 0.00726466
19.12 5.09943e-06 0.000294217 -3.9718e-05 9.64202e-05 -0.000993363 0.00735848
19.14 5.23261e-06 0.000284236 -4.77186e-05 0.000115729 -0.00119346 0.00710886
19.16 5.20665e-06 0.000266329 -5.39643e-05 0.000132866 -0.00134967 0.006661
19.18 5.07698e-06 0.00024382 -5.66627e-05 0.000146693 -0.00141716 0.00609803
19.2 4.86912e-06 0.000216917 -5.5335e-05 0.000155902 -0.00138395 0.00542519
19.22 4.58641e-06 0.000185295 -5.07536e-05 0.000159335 -0.00126937 0.0046343
19.24 4.22386e-06 0.000150365 -4.43537e-05 0.000156134 -0.0011093 0.00376069
19.26 3.7707e-06 0.000114378 -3.77404e-05 0.000145681 -0.000943902 0.00286064
19.28 3.20329e-06 7.7782e-05 -3.31717e-05 0.000127776 -0.000829639 0.00194536
19.3 2.49038e-06 3.83072e-05 -3.33444e-05 0.000103275 -0.000833956 0.000958079
19.32 1.62131e-06 -7.08304e-06 -3.90088e-05 7.44614e-05 -0.000975627 -0.00017715
19.34 6.33763e-07 -5.91042e-05 -4.72284e-05 4.44496e-05 -0.0011812 -0.00147822
19.36 -3.90283e-07 -0.000114477 -5.32198e-05 1.59392e-05 -0.00133105 -0.00286312
19.38 -1.36079e-06 -0.000167096 -5.41031e-05 -9.66731e-06 -0.00135314 -0.00417914
19.4 -2.21388e-06 -0.000211106 -5.0348e-05 -3.22149e-05 -0.00125923 -0.00527984
19.42 -2.91979e-06 -0.000243154 -4.42121e-05 -5.21671e-05 -0.00110576 -0.00608139
19.44 -3.47135e-06 -0.000262065 -3.79525e-05 -7.00819e-05 -0.000949207 -0.00655436
19.46 -3.87129e-06 -0.000267268 -3.35323e-05 -8.63893e-05 -0.000838658 -0.00668447
19.48 -4.1256e-06 -0.000258609 -3.25305e-05 -0.000101206 -0.000813602 -0.00646792
19.5 -4.241e-06 -0.000237737 -3.50567e-05 -0.000114105 -0.000876782 -0.0059459
19.52 -4.22464e-06 -0.000208612 -3.90641e-05 -0.000124034 -0.000977009 -0.00521747
19.54 -4.08566e-06 -0.000175791 -4.17276e-05 -0.000129509 -0.00104363 -0.00439661
19.56 -3.83642e-06 -0.000142057 -4.17729e-05 -0.000128945 -0.00104476 -0.00355291
19.58 -3.49101e-06 -0.000107653 -4.02438e-05 -0.000121022 -0.00100651 -0.00269244
19.6 -3.06174e-06 -7.14673e-05 -3.94109e-05 -0.000105226 -0.000985683 -0.00178743
19.62 -2.55526e-06 -3.26877e-05 -4.10259e-05 -8.2531e-05 -0.00102608 -0.000817534
19.64 -1.96929e-06 8.51536e-06 -4.4787e-05 -5.55106e-05 -0.00112014 0.000212973
19.66 -1.29627e-06 5.12673e-05 -4.84094e-05 -2.74427e-05 -0.00121074 0.00128222
19.68 -5.3711e-07 9.41967e-05 -4.96599e-05 -1.06589e-06 -0.00124201 0.0023559
19.7 2.82681e-07 0.000135003 -4.83533e-05 2.21504e-05 -0.00120934 0.00337647
19.72 1.11168e-06 0.000170179 -4.60321e-05 4.199e-05 -0.00115128 0.00425626
19.74 1.89172e-06 0.00019603 -4.38964e-05 5.90268e-05 -0.00109787 0.00490279
19.76 2.57872e-06 0.000210517 -4.17628e-05 7.40563e-05 -0.0010445 0.00526511
19.78 3.14603e-06 0.000214053 -3.91198e-05 8.76173e-05 -0.000978401 0.00535356
19.8 3.57456e-06 0.000208431 -3.65813e-05 9.97267e-05 -0.000914913 0.00521296
19.82 3.84851e-06 0.000195374 -3.5785e-05 0.000109877 -0.000894998 0.00488639
19.84 3.96316e-06 0.000176288 -3.79283e-05 0.000117206 -0.000948602 0.00440904
19.86 3.93319e-06 0.000152686 -4.25823e-05 0.00012071 -0.001065 0.00381875
19.88 3.78765e-06 0.000125843 -4.77939e-05 0.000119469 -0.00119535 0.00314739
19.9 3.55361e-06 9.57905e-05 -5.11615e-05 0.000112863 -0.00127957 0.00239576
19.92 3.24265e-06 6.12056e-05 -5.10713e-05 0.000100852 -0.00127731 0.00153078
19.94 2.8516e-06 2.08567e-05 -4.72473e-05 8.42219e-05 -0.00118167 0.000521634
19.96 2.37347e-06 -2.45639e-05 -4.0645e-05 6.44841e-05 -0.00101655 -0.000614354
19.98 1.80589e-06 -7.18174e-05 -3.33891e-05 4.33204e-05 -0.000835074 -0.00179618
20 1.15365e-06 -0.000116327 -2.83575e-05 2.20593e-05 -0.000709233 -0.00290938
20.02 4.29978e-07 -0.000154411 -2.76333e-05 1.62452e-06 -0.000691119 -0.00386189
20.04 -3.41521e-07 -0.000184847 -3.0941e-05 -1.72233e-05 -0.000773847 -0.00462311
20.06 -1.12857e-06 -0.000208654 -3.61788e-05 -3.37935e-05 -0.000904847 -0.00521852
20.08 -1.89671e-06 -0.000227582 -4.14918e-05 -4.76191e-05 -0.00103773 -0.00569192
20.1 -2.61191e-06 -0.0002427 -4.61803e-05 -5.85934e-05 -0.00115499 -0.00607002
20.12 -3.23665e-06 -0.000253882 -4.96941e-05 -6.69027e-05 -0.00124287 -0.0063497
20.14 -3.72935e-06 -0.000259936 -5.07361e-05 -7.28821e-05 -0.00126893 -0.00650111
20.16 -4.05485e-06 -0.000258826 -4.81394e-05 -7.69221e-05 -0.00120399 -0.00647334
20.18 -4.19776e-06 -0.000247976 -4.25302e-05 -7.93142e-05 -0.0010637 -0.00620199
20.2 -4.1653e-06 -0.000224963 -3.65331e-05 -7.99605e-05 -0.000913709 -0.00562642
20.22 -3.9777e-06 -0.000188575 -3.29586e-05 -7.81861e-05 -0.000824307 -0.00471634
20.24 -3.65753e-06 -0.000139788 -3.2865e-05 -7.29982e-05 -0.000821967 -0.00349616
20.26 -3.22745e-06 -8.20752e-05 -3.54597e-05 -6.37701e-05 -0.000886863 -0.00205274
20.28 -2.71329e-06 -2.07059e-05 -3.96223e-05 -5.07759e-05 -0.000990971 -0.000517863
20.3 -2.14231e-06 3.87004e-05 -4.49426e-05 -3.50884e-05 -0.00112403 0.000967914
20.32 -1.53256e-06 9.16065e-05 -5.07781e-05 -1.80612e-05 -0.00126998 0.00229112
20.34 -8.85142e-07 0.000135553 -5.51406e-05 -9.5027e-07 -0.00137909 0.00339023
20.36 -1.91188e-07 0.00017072 -5.59923e-05 1.51318e-05 -0.00140039 0.00426979
20.38 5.51001e-07 0.000199649 -5.36032e-05 2.92008e-05 -0.00134064 0.00499331
20.4 1.32528e-06 0.000225453 -5.03607e-05 4.05937e-05 -0.00125954 0.00563868
20.42 2.10049e-06 0.000249191 -4.80095e-05 4.92456e-05 -0.00120074 0.00623236
20.44 2.83657e-06 0.000268618 -4.61572e-05 5.57158e-05 -0.00115441 0.00671825
20.46 3.48688e-06 0.000279686 -4.38681e-05 6.08645e-05 -0.00109716 0.00699506
20.48 4.00396e-06 0.000279272 -4.17182e-05 6.54448e-05 -0.00104339 0.0069847
20.5 4.35324e-06 0.000266517 -4.13102e-05 6.98666e-05 -0.00103319 0.0066657
20.52 4.52426e-06 0.000242145 -4.30847e-05 7.41028e-05 -0.00107757 0.00605614
20.54 4.52752e-06 0.000207349 -4.55325e-05 7.76276e-05 -0.00113879 0.00518588
20.56 4.38124e-06 0.000163582 -4.67729e-05 7.94671e-05 -0.00116981 0.00409126
20.58 4.10188e-06 0.00011308 -4.64421e-05 7.85836e-05 -0.00116154 0.00282819
20.6 3.70508e-06 5.91276e-05 -4.57797e-05 7.44863e-05 -0.00114497 0.00147881
20.62 3.21166e-06 5.46396e-06 -4.59868e-05 6.75073e-05 -0.00115015 0.000136656
20.64 2.64958e-06 -4.4883e-05 -4.64497e-05 5.84794e-05 -0.00116173 -0.00112254
20.66 2.0449e-06 -9.05556e-05 -4.50859e-05 4.82249e-05 -0.00112762 -0.00226483
20.68 1.40624e-06 -0.000131996 -4.09363e-05 3.7326e-05 -0.00102383 -0.00330127
20.7 7.20624e-07 -0.000170694 -3.59608e-05 2.62207e-05 -0.000899396 -0.00426913
20.72 -2.82797e-08 -0.000207938 -3.34225e-05 1.5362e-05 -0.000835911 -0.00520062
20.74 -8.31391e-07 -0.000243579 -3.46049e-05 5.20923e-06 -0.000865483 -0.00609201
20.76 -1.64369e-06 -0.000275404 -3.79743e-05 -3.94841e-06 -0.000949753 -0.00688797
20.78 -2.4024e-06 -0.000299694 -4.12845e-05 -1.21461e-05 -0.00103254 -0.00749546
20.8 -3.0536e-06 -0.000312871 -4.36312e-05 -1.96928e-05 -0.00109123 -0.00782504
20.82 -3.56346e-06 -0.000312981 -4.53196e-05 -2.69496e-05 -0.00113346 -0.00782779
20.84 -3.91322e-06 -0.000299729 -4.65299e-05 -3.41467e-05 -0.00116373 -0.00749635
20.86 -4.09266e-06 -0.000273619 -4.67386e-05 -4.13328e-05 -0.00116895 -0.00684333
20.88 -4.10166e-06 -0.000235792 -4.52888e-05 -4.83323e-05 -0.00113269 -0.00589726
20.9 -3.95599e-06 -0.000188714 -4.21526e-05 -5.46136e-05 -0.00105425 -0.00471981
20.92 -3.68758e-06 -0.000136203 -3.81696e-05 -5.92394e-05 -0.000954639 -0.0034065
20.94 -3.3341e-06 -8.20352e-05 -3.47311e-05 -6.11863e-05 -0.00086864 -0.00205174
20.96 -2.92391e-06 -2.82756e-05 -3.3194e-05 -5.98862e-05 -0.000830196 -0.000707185
20.98 -2.46857e-06 2.49028e-05 -3.43963e-05 -5.54768e-05 -0.000860265 0.000622828
21 -1.96822e-06 7.77223e-05 -3.86087e-05 -4.85873e-05 -0.00096562 0.00194387
21.02 -1.42073e-06 0.000129207 -4.52881e-05 -3.99818e-05 -0.00113267 0.00323153
21.04 -8.24807e-07 0.000176949 -5.2387e-05 -3.0347e-05 -0.00131022 0.00442557
21.06 -1.82237e-07 0.000218093 -5.65954e-05 -2.02245e-05 -0.00141547 0.00545459
21.08 4.9229e-07 0.000250364 -5.56323e-05 -1.00051e-05 -0.00139139 0.00626171
21.1 1.16057e-06 0.000272262 -5.05252e-05 5.67203e-08 -0.00126366 0.00680938
21.12 1.76714e-06 0.000282605 -4.47079e-05 9.83876e-06 -0.00111816 0.00706808
21.14 2.2634e-06 0.000280354 -4.08195e-05 1.93468e-05 -0.00102091 0.00701177
21.16 2.62684e-06 0.000265241 -3.88979e-05 2.86498e-05 -0.000972854 0.00663378
21.18 2.85845e-06 0.000238554 -3.76374e-05 3.77624e-05 -0.000941327 0.00596634
21.2 2.9668e-06 0.000202907 -3.66395e-05 4.65764e-05 -0.000916368 0.00507479
21.22 2.957e-06 0.000160844 -3.69039e-05 5.48413e-05 -0.000922981 0.00402279
21.24 2.83184e-06 0.000113554 -3.93372e-05 6.20847e-05 -0.00098384 0.00284005
21.26 2.59906e-06 6.09726e-05 -4.33249e-05 6.75779e-05 -0.00108357 0.00152495
21.28 2.27629e-06 3.12624e-06 -4.69498e-05 7.05559e-05 -0.00117423 7.81883e-05
21.3 1.88931e-06 -5.84957e-05 -4.83966e-05 7.05584e-05 -0.00121042 -0.001463
21.32 1.46543e-06 -0.000120551 -4.70632e-05 6.75696e-05 -0.00117707 -0.00301503
21.34 1.02665e-06 -0.00017868 -4.36327e-05 6.19014e-05 -0.00109127 -0.00446885
21.36 5.85697e-07 -0.000229119 -3.93912e-05 5.40186e-05 -0.000985191 -0.00573037
21.38 1.45576e-07 -0.00027006 -3.55685e-05 4.44488e-05 -0.000889583 -0.00675431
21.4 -2.96361e-07 -0.000301628 -3.32189e-05 3.37483e-05 -0.000830819 -0.00754383
21.42 -7.38288e-07 -0.000324493 -3.31025e-05 2.24646e-05 -0.000827907 -0.00811571
21.44 -1.16375e-06 -0.00033847 -3.5058e-05 1.11148e-05 -0.000876815 -0.00846528
21.46 -1.54273e-06 -0.000342452 -3.77444e-05 1.69074e-07 -0.000944004 -0.00856487
21.48 -1.84689e-06 -0.000335535 -3.96982e-05 -1.00222e-05 -0.000992869 -0.00839186
21.5 -2.06534e-06 -0.000318036 -4.07074e-05 -1.93371e-05 -0.00101811 -0.00795421
21.52 -2.20342e-06 -0.000291388 -4.16731e-05 -2.78726e-05 -0.00104226 -0.00728773
21.54 -2.26518e-06 -0.000256863 -4.31244e-05 -3.57232e-05 -0.00107856 -0.00642425
21.56 -2.23977e-06 -0.000214127 -4.44473e-05 -4.26476e-05 -0.00111165 -0.00535541
21.58 -2.10768e-06 -0.000161244 -4.485e-05 -4.79365e-05 -0.00112172 -0.00403277
21.6 -1.86085e-06 -9.68287e-05 -4.4625e-05 -5.0736e-05 -0.00111609 -0.00242173
21.62 -1.5169e-06 -2.28861e-05 -4.49529e-05 -5.05721e-05 -0.00112429 -0.00057239
21.64 -1.11542e-06 5.42176e-05 -4.65239e-05 -4.75442e-05 -0.00116358 0.00135601
21.66 -6.99991e-07 0.000125939 -4.86996e-05 -4.20692e-05 -0.001218 0.00314978
21.68 -2.99383e-07 0.000185728 -5.01533e-05 -3.45434e-05 -0.00125436 0.00464514
21.7 8.03916e-08 0.000232153 -5.01803e-05 -2.52708e-05 -0.00125503 0.00580625
21.72 4.48618e-07 0.000268387 -4.92856e-05 -1.46338e-05 -0.00123265 0.00671248
21.74 8.12395e-07 0.0002984 -4.85753e-05 -3.22002e-06 -0.00121489 0.0074631
21.76 1.16223e-06 0.000323097 -4.87312e-05 8.27055e-06 -0.00121879 0.00808079
21.78 1.47257e-06 0.000339713 -4.96205e-05 1.92343e-05 -0.00124103 0.00849637
21.8 1.71791e-06 0.000344667 -5.05619e-05 2.92857e-05 -0.00126457 0.00862027
21.82 1.89007e-06 0.000336872 -5.0571e-05 3.8243e-05 -0.0012648 0.00842531
21.84 1.99901e-06 0.000318382 -4.85701e-05 4.60707e-05 -0.00121476 0.00796286
21.86 2.05395e-06 0.000292156 -4.41581e-05 5.28151e-05 -0.00110441 0.00730693
21.88 2.04281e-06 0.000259402 -3.85624e-05 5.84598e-05 -0.000964462 0.00648776
21.9 1.93274e-06 0.000218967 -3.43471e-05 6.26625e-05 -0.000859036 0.00547647
21.92 1.69549e-06 0.000169178 -3.35764e-05 6.46472e-05 -0.000839759 0.00423122
21.94 1.33563e-06 0.000110384 -3.61226e-05 6.361e-05 -0.000903441 0.00276076
21.96 8.95574e-07 4.59807e-05 -3.98335e-05 5.93363e-05 -0.000996253 0.00115
21.98 4.33681e-07 -1.87147e-05 -4.23278e-05 5.23398e-05 -0.00105864 -0.000468062
22 -4.99498e-09 -7.87829e-05 -4.26383e-05 4.34226e-05 -0.0010664 -0.00197039
22.02 -4.03881e-07 -0.000131842 -4.12924e-05 3.31894e-05 -0.00103274 -0.00329742
22.04 -7.70712e-07 -0.00017873 -3.91783e-05 2.19626e-05 -0.000979864 -0.00447011
22.06 -1.12147e-06 -0.000221945 -3.66985e-05 1.00377e-05 -0.000917846 -0.00555095
22.08 -1.46247e-06 -0.000262529 -3.40241e-05 -2.09402e-06 -0.000850958 -0.00656596
22.1 -1.78003e-06 -0.000297827 -3.17654e-05 -1.37894e-05 -0.000794465 -0.00744877
22.12 -2.04476e-06 -0.000322385 -3.09963e-05 -2.44526e-05 -0.000775229 -0.008063
22.14 -2.22801e-06 -0.000331562 -3.25776e-05 -3.36611e-05 -0.000814779 -0.00829251
22.16 -2.31717e-06 -0.000324823 -3.65027e-05 -4.11628e-05 -0.000912949 -0.00812396
22.18 -2.31688e-06 -0.000305996 -4.16855e-05 -4.68311e-05 -0.00104257 -0.00765309
22.2 -2.23647e-06 -0.000280454 -4.6176e-05 -5.06086e-05 -0.00115488 -0.00701426
22.22 -2.07688e-06 -0.000251487 -4.78979e-05 -5.24069e-05 -0.00119795 -0.0062898
22.24 -1.82985e-06 -0.000218377 -4.59509e-05 -5.19392e-05 -0.00114925 -0.00546171
22.26 -1.48995e-06 -0.000177485 -4.16949e-05 -4.86465e-05 -0.00104281 -0.00443897
22.28 -1.06741e-06 -0.000125713 -3.82698e-05 -4.20537e-05 -0.000957144 -0.00314413
22.3 -5.88866e-07 -6.35786e-05 -3.8387e-05 -3.23704e-05 -0.000960075 -0.00159013
22.32 -8.44053e-08 4.62788e-06 -4.2225e-05 -2.06037e-05 -0.00105606 0.000115745
22.34 4.26358e-07 7.33364e-05 -4.74728e-05 -7.96786e-06 -0.00118732 0.00183417
22.36 9.34601e-07 0.000138242 -5.14196e-05 4.76786e-06 -0.00128603 0.0034575
22.38 1.42982e-06 0.000196745 -5.29275e-05 1.73602e-05 -0.00132374 0.00492067
22.4 1.8894e-06 0.000246601 -5.25479e-05 2.96847e-05 -0.00131425 0.00616759
22.42 2.28166e-06 0.000285047 -5.12843e-05 4.13892e-05 -0.00128264 0.00712914
22.44 2.57979e-06 0.000309951 -4.97285e-05 5.19225e-05 -0.00124373 0.00775199
22.46 2.77496e-06 0.000321875 -4.82344e-05 6.07723e-05 -0.00120636 0.00805023
22.48 2.87839e-06 0.000324349 -4.72929e-05 6.76242e-05 -0.00118282 0.00811212
22.5 2.91044e-06 0.000321416 -4.73081e-05 7.237e-05 -0.0011832 0.00803874
22.52 2.88579e-06 0.000314687 -4.80228e-05 7.50404e-05 -0.00120107 0.00787046
22.54 2.80634e-06 0.000302772 -4.83729e-05 7.57032e-05 -0.00120983 0.00757245
22.56 2.66281e-06 0.000283029 -4.71573e-05 7.43411e-05 -0.00117942 0.00707867
22.58 2.4374e-06 0.000253117 -4.40736e-05 7.07194e-05 -0.0011023 0.00633056
22.6 2.10596e-06 0.000211261 -4.01769e-05 6.4392e-05 -0.00100484 0.00528373
22.62 1.64907e-06 0.000156841 -3.72364e-05 5.50775e-05 -0.000931297 0.00392267
22.64 1.07269e-06 9.19809e-05 -3.64157e-05 4.31261e-05 -0.000910773 0.00230048
22.66 4.19922e-07 2.23582e-05 -3.73128e-05 2.95125e-05 -0.00093321 0.000559187
22.68 -2.42855e-07 -4.43465e-05 -3.82416e-05 1.53622e-05 -0.000956439 -0.00110913
22.7 -8.58107e-07 -0.000101675 -3.77447e-05 1.51878e-06 -0.000944011 -0.00254293
22.72 -1.4021e-06 -0.000147111 -3.61083e-05 -1.15262e-05 -0.000903083 -0.00367931
22.74 -1.88424e-06 -0.000182511 -3.52134e-05 -2.34633e-05 -0.000880701 -0.00456467
22.76 -2.32288e-06 -0.000212002 -3.65105e-05 -3.40308e-05 -0.000913142 -0.00530227
22.78 -2.71832e-06 -0.000238853 -3.92138e-05 -4.30086e-05 -0.000980754 -0.00597381
22.8 -3.04606e-06 -0.000263415 -4.09401e-05 -5.02439e-05 -0.00102393 -0.00658811
22.82 -3.27362e-06 -0.000283245 -4.02087e-05 -5.56455e-05 -0.00100564 -0.00708409
22.84 -3.38072e-06 -0.000294673 -3.79725e-05 -5.91691e-05 -0.000949707 -0.0073699
22.86 -3.36292e-06 -0.00029435 -3.66088e-05 -6.0784e-05 -0.000915602 -0.00736182
22.88 -3.2212e-06 -0.000280111 -3.77441e-05 -6.03788e-05 -0.000943995 -0.00700568
22.9 -2.95388e-06 -0.000251404 -4.11654e-05 -5.76616e-05 -0.00102956 -0.00628773
22.92 -2.55966e-06 -0.000209548 -4.53672e-05 -5.21959e-05 -0.00113465 -0.00524089
22.94 -2.046e-06 -0.000157729 -4.86341e-05 -4.36814e-05 -0.00121636 -0.00394487
22.96 -1.4349e-06 -0.000100594 -4.97507e-05 -3.23724e-05 -0.00124429 -0.0025159
22.98 -7.62283e-07 -4.32191e-05 -4.84096e-05 -1.91854e-05 -0.00121074 -0.00108093
23 -7.08132e-08 1.04158e-05 -4.54971e-05 -5.26903e-06 -0.0011379 0.000260503
23.02 6.01385e-07 5.85719e-05 -4.28878e-05 8.52392e-06 -0.00107264 0.00146491
23.04 1.23114e-06 0.0001017 -4.24277e-05 2.17605e-05 -0.00106113 0.00254355
23.06 1.81313e-06 0.000141311 -4.46307e-05 3.41978e-05 -0.00111623 0.00353424
23.08 2.35259e-06 0.000178612 -4.8268e-05 4.55812e-05 -0.0012072 0.00446715
23.1 2.85102e-06 0.000213497 -5.1427e-05 5.5656e-05 -0.00128621 0.00533964
23.12 3.29383e-06 0.000244003 -5.30608e-05 6.42533e-05 -0.00132707 0.00610261
23.14 3.64931e-06 0.00026643 -5.34342e-05 7.12757e-05 -0.00133641 0.00666352
23.16 3.88216e-06 0.000276564 -5.31864e-05 7.66095e-05 -0.00133021 0.00691697
23.18 3.97189e-06 0.000271768 -5.23407e-05 8.00854e-05 -0.00130906 0.00679702
23.2 3.92149e-06 0.000252567 -5.03648e-05 8.15028e-05 -0.00125965 0.0063168
23.22 3.74979e-06 0.000222349 -4.69206e-05 8.06668e-05 -0.0011735 0.00556104
23.24 3.47512e-06 0.00018535 -4.23813e-05 7.74008e-05 -0.00105997 0.00463568
23.26 3.1038e-06 0.000144594 -3.7859e-05 7.15437e-05 -0.000946868 0.00361635
23.28 2.63154e-06 0.000101405 -3.49328e-05 6.30694e-05 -0.000873684 0.00253618
23.3 2.05578e-06 5.64087e-05 -3.50329e-05 5.23176e-05 -0.000876186 0.0014108
23.32 1.38994e-06 1.05316e-05 -3.83629e-05 4.00329e-05 -0.000959472 0.0002634
23.34 6.67449e-07 -3.50441e-05 -4.31441e-05 2.7076e-05 -0.00107905 -0.000876468
23.36 -6.96206e-08 -7.95932e-05 -4.63068e-05 1.40838e-05 -0.00115815 -0.00199066
23.38 -7.88867e-07 -0.000123113 -4.5482e-05 1.38973e-06 -0.00113752 -0.0030791
23.4 -1.47714e-06 -0.000165569 -4.07668e-05 -1.08003e-05 -0.0010196 -0.00414094
23.42 -2.133e-06 -0.000205675 -3.4725e-05 -2.22355e-05 -0.000868486 -0.00514402
23.44 -2.7491e-06 -0.000240351 -3.06014e-05 -3.26334e-05 -0.000765354 -0.00601128
23.46 -3.30052e-06 -0.000265516 -3.02545e-05 -4.17978e-05 -0.000756678 -0.00664067
23.48 -3.74836e-06 -0.000277799 -3.33295e-05 -4.96514e-05 -0.000833584 -0.00694786
23.5 -4.05454e-06 -0.000275975 -3.78603e-05 -5.6147e-05 -0.000946903 -0.00690225
23.52 -4.19608e-06 -0.000261196 -4.15099e-05 -6.11564e-05 -0.00103818 -0.00653262
23.54 -4.17174e-06 -0.000236122 -4.27542e-05 -6.44257e-05 -0.0010693 -0.00590551
23.56 -4.00061e-06 -0.000203863 -4.15643e-05 -6.56206e-05 -0.00103954 -0.00509871
23.58 -3.714e-06 -0.000167247 -3.9206e-05 -6.44067e-05 -0.000980557 -0.00418292
23.6 -3.34289e-06 -0.000128259 -3.72657e-05 -6.05188e-05 -0.00093203 -0.00320781
23.62 -2.90655e-06 -8.76162e-05 -3.68281e-05 -5.39241e-05 -0.000921087 -0.00219132
23.64 -2.4091e-06 -4.47998e-05 -3.82462e-05 -4.50216e-05 -0.000956554 -0.00112046
23.66 -1.84499e-06 1.16402e-06 -4.12246e-05 -3.45777e-05 -0.00103104 2.91126e-05
23.68 -1.20953e-06 5.04335e-05 -4.49203e-05 -2.33563e-05 -0.00112347 0.00126136
23.7 -5.08828e-07 0.000101401 -4.82853e-05 -1.18162e-05 -0.00120764 0.00253608
23.72 2.35119e-07 0.000150711 -5.06094e-05 -1.46149e-07 -0.00126576 0.00376936
23.74 9.87318e-07 0.000194206 -5.15498e-05 1.15166e-05 -0.00128928 0.00485716
23.76 1.70839e-06 0.000228149 -5.07768e-05 2.29724e-05 -0.00126995 0.00570609
23.78 2.36125e-06 0.000250106 -4.7996e-05 3.39895e-05 -0.0012004 0.00625524
23.8 2.91229e-06 0.000259268 -4.35419e-05 4.43256e-05 -0.001089 0.00648441
23.82 3.33172e-06 0.000256405 -3.88431e-05 5.36896e-05 -0.000971483 0.0064128
23.84 3.59834e-06 0.000243505 -3.6085e-05 6.17366e-05 -0.0009025 0.00609016
23.86 3.70677e-06 0.000223054 -3.70429e-05 6.81336e-05 -0.000926458 0.00557868
23.88 3.67145e-06 0.000197153 -4.17711e-05 7.26311e-05 -0.00104471 0.00493087
23.9 3.52279e-06 0.000166969 -4.81835e-05 7.50835e-05 -0.00120509 0.00417596
23.92 3.29539e-06 0.000132767 -5.30233e-05 7.53952e-05 -0.00132613 0.00332056
23.94 3.01302e-06 9.43058e-05 -5.3584e-05 7.34817e-05 -0.00134016 0.00235863
23.96 2.67819e-06 5.13058e-05 -4.90567e-05 6.93647e-05 -0.00122693 0.00128318
23.98 2.27286e-06 3.87527e-06 -4.08585e-05 6.32765e-05 -0.00102189 9.69219e-05
24 1.77101e-06 -4.69895e-05 -3.21265e-05 5.55531e-05 -0.000803498 -0.00117523
24.02 1.15771e-06 -9.88485e-05 -2.66563e-05 4.63991e-05 -0.000666686 -0.00247224
24.04 4.47656e-07 -0.000147683 -2.70333e-05 3.58453e-05 -0.000676113 -0.00369362
24.06 -3.08417e-07 -0.000188787 -3.26822e-05 2.40168e-05 -0.000817396 -0.00472163
24.08 -1.03917e-06 -0.000218602 -3.99545e-05 1.1393e-05 -0.000999278 -0.00546734
24.1 -1.68524e-06 -0.000236453 -4.48585e-05 -1.28047e-06 -0.00112193 -0.00591379
24.12 -2.22534e-06 -0.000244862 -4.59729e-05 -1.33171e-05 -0.0011498 -0.00612411
24.14 -2.67265e-06 -0.000247964 -4.47483e-05 -2.42935e-05 -0.00111917 -0.00620168
24.16 -3.04517e-06 -0.000248759 -4.3313e-05 -3.40229e-05 -0.00108328 -0.00622157
24.18 -3.33856e-06 -0.000246943 -4.2388e-05 -4.24734e-05 -0.00106014 -0.00617615
24.2 -3.52554e-06 -0.000238986 -4.1331e-05 -4.97208e-05 -0.00103371 -0.00597713
24.22 -3.57887e-06 -0.000220752 -3.96765e-05 -5.58555e-05 -0.000992326 -0.0055211
24.24 -3.49458e-06 -0.000190826 -3.80932e-05 -6.08041e-05 -0.000952727 -0.00477264
24.26 -3.29519e-06 -0.00015177 -3.78748e-05 -6.41566e-05 -0.000947265 -0.00379584
24.28 -3.01204e-06 -0.000108266 -3.98669e-05 -6.51893e-05 -0.000997087 -0.00270777
24.3 -2.6625e-06 -6.39275e-05 -4.38999e-05 -6.31894e-05 -0.00109795 -0.00159885
24.32 -2.24174e-06 -1.97854e-05 -4.89135e-05 -5.78655e-05 -0.00122335 -0.000494841
24.34 -1.73527e-06 2.43012e-05 -5.3325e-05 -4.94883e-05 -0.00133368 0.000607784
24.36 -1.14012e-06 6.7095e-05 -5.53264e-05 -3.87005e-05 -0.00138374 0.00167807
24.38 -4.77554e-07 0.000105374 -5.36387e-05 -2.62623e-05 -0.00134153 0.00263545
24.4 2.11421e-07 0.000136121 -4.87031e-05 -1.29446e-05 -0.00121809 0.00340445
24.42 8.82232e-07 0.000159019 -4.29169e-05 5.32738e-07 -0.00107337 0.00397714
24.44 1.50166e-06 0.000176429 -3.9128e-05 1.36509e-05 -0.000978607 0.00441256
24.46 2.05172e-06 0.000190954 -3.86555e-05 2.61989e-05 -0.00096679 0.00477585
24.48 2.52202e-06 0.000203037 -4.07803e-05 3.81534e-05 -0.00101993 0.00507805
24.5 2.89998e-06 0.000210442 -4.38688e-05 4.94283e-05 -0.00109718 0.00526324
24.52 3.1696e-06 0.000209606 -4.65653e-05 5.97611e-05 -0.00116462 0.00524234
24.54 3.31994e-06 0.000197862 -4.79366e-05 6.88128e-05 -0.00119891 0.0049486
24.56 3.35362e-06 0.000175278 -4.71593e-05 7.62973e-05 -0.00117947 0.00438376
24.58 3.28407e-06 0.000144851 -4.38166e-05 8.19617e-05 -0.00109587 0.0036228
24.6 3.12166e-06 0.000110706 -3.86361e-05 8.54487e-05 -0.000966305 0.0027688
24.62 2.86257e-06 7.57705e-05 -3.35553e-05 8.6216e-05 -0.000839232 0.00189505
24.64 2.49369e-06 4.10214e-05 -3.07063e-05 8.36821e-05 -0.000767978 0.00102596
24.66 2.01077e-06 6.63124e-06 -3.10671e-05 7.75399e-05 -0.000777002 0.00016585
24.68 1.43176e-06 -2.6592e-05 -3.39967e-05 6.79614e-05 -0.000850272 -0.000665076
24.7 7.92878e-07 -5.71457e-05 -3.77922e-05 5.55467e-05 -0.000945199 -0.00142924
24.72 1.31784e-07 -8.41159e-05 -4.0654e-05 4.11433e-05 -0.00101677 -0.00210377
24.74 -5.26817e-07 -0.000108152 -4.15639e-05 2.56773e-05 -0.00103953 -0.00270493
24.76 -1.17158e-06 -0.000130705 -4.05918e-05 1.00022e-05 -0.00101522 -0.00326898
24.78 -1.79334e-06 -0.000152095 -3.86047e-05 -5.23336e-06 -0.000965521 -0.00380396
24.8 -2.3746e-06 -0.000170456 -3.67463e-05 -1.96477e-05 -0.00091904 -0.00426319
24.82 -2.88936e-06 -0.000182691 -3.60201e-05 -3.30893e-05 -0.000900877 -0.00456918
24.84 -3.31128e-06 -0.00018643 -3.69127e-05 -4.55265e-05 -0.000923201 -0.00466269
24.86 -3.62041e-06 -0.000181191 -3.90964e-05 -5.69045e-05 -0.000977817 -0.00453167
24.88 -3.80481e-06 -0.000168155 -4.16074e-05 -6.70178e-05 -0.00104062 -0.00420563
24.9 -3.86067e-06 -0.00014934 -4.35484e-05 -7.5452e-05 -0.00108916 -0.00373506
24.92 -3.79238e-06 -0.000126981 -4.45859e-05 -8.1629e-05 -0.00111511 -0.00317584
24.94 -3.6099e-06 -0.000103117 -4.47165e-05 -8.49183e-05 -0.00111838 -0.002579
24.96 -3.32383e-06 -7.91209e-05 -4.38657e-05 -8.47416e-05 -0.0010971 -0.00197885
24.98 -2.94425e-06 -5.53384e-05 -4.22684e-05 -8.06829e-05 -0.00105715 -0.00138404
25 -2.48316e-06 -3.12477e-05 -4.10109e-05 -7.26655e-05 -0.0010257 -0.000781518
25.02 -1.95402e-06 -6.19042e-06 -4.14137e-05 -6.10967e-05 -0.00103578 -0.000154825
25.04 -1.36795e-06 1.9829e-05 -4.38768e-05 -4.68106e-05 -0.00109738 0.000495932
25.06 -7.32208e-07 4.58804e-05 -4.75207e-05 -3.08349e-05 -0.00118851 0.00114749
25.08 -5.40043e-08 7.04347e-05 -5.07582e-05 -1.41243e-05 -0.00126948 0.0017616
25.1 6.53542e-07 9.18539e-05 -5.21171e-05 2.63605e-06 -0.00130347 0.0022973
25.12 1.36769e-06 0.000108731 -5.09458e-05 1.90784e-05 -0.00127418 0.00271942
25.14 2.05563e-06 0.000120081 -4.78515e-05 3.50238e-05 -0.00119679 0.00300328
25.16 2.6789e-06 0.00012543 -4.4425e-05 5.028e-05 -0.00111109 0.00313705
25.18 3.20303e-06 0.000124815 -4.22539e-05 6.45277e-05 -0.00105679 0.00312167
25.2 3.60683e-06 0.000118778 -4.20188e-05 7.73429e-05 -0.00105091 0.00297068
25.22 3.8848e-06 0.000108372 -4.34106e-05 8.82694e-05 -0.00108572 0.00271044
25.24 4.04183e-06 9.49638e-05 -4.57062e-05 9.68756e-05 -0.00114313 0.00237508
25.26 4.0855e-06 7.96502e-05 -4.82861e-05 0.000102801 -0.00120766 0.00199209
25.28 4.02108e-06 6.26576e-05 -5.06668e-05 0.000105784 -0.0012672 0.00156709
25.3 3.85165e-06 4.33408e-05 -5.22132e-05 0.000105645 -0.00130587 0.00108397
25.32 3.58126e-06 2.10458e-05 -5.19353e-05 0.000102254 -0.00129892 0.000526363
25.34 3.21777e-06 -3.74359e-06 -4.8592e-05 9.55734e-05 -0.00121531 -9.3629e-05
25.36 2.76856e-06 -2.89632e-05 -4.19809e-05 8.57338e-05 -0.00104996 -0.000724383
25.38 2.23186e-06 -5.17294e-05 -3.46023e-05 7.30206e-05 -0.000865417 -0.00129377
25.4 1.5984e-06 -6.99057e-05 -3.07633e-05 5.78705e-05 -0.000769404 -0.00174837
25.42 8.68775e-07 -8.32634e-05 -3.28806e-05 4.10018e-05 -0.000822358 -0.00208245
25.44 7.10054e-08 -9.30571e-05 -3.91645e-05 2.34499e-05 -0.00097952 -0.0023274
25.46 -7.43339e-07 -0.000100353 -4.5696e-05 6.28093e-06 -0.00114288 -0.00250986
25.48 -1.52042e-06 -0.000104919 -5.00303e-05 -9.78189e-06 -0.00125128 -0.00262407
25.5 -2.21955e-06 -0.000105793 -5.21273e-05 -2.44387e-05 -0.00130373 -0.00264592
25.52 -2.81309e-06 -0.000102501 -5.25572e-05 -3.76349e-05 -0.00131448 -0.00256358
25.54 -3.28199e-06 -9.53643e-05 -5.11255e-05 -4.94293e-05 -0.00127867 -0.0023851
25.56 -3.61637e-06 -8.48536e-05 -4.74679e-05 -5.99602e-05 -0.00118719 -0.00212222
25.58 -3.81782e-06 -7.1123e-05 -4.21924e-05 -6.9317e-05 -0.00105525 -0.00177882
25.6 -3.89735e-06 -5.4212e-05 -3.69101e-05 -7.73198e-05 -0.000923138 -0.00135586
25.62 -3.86963e-06 -3.44198e-05 -3.33266e-05 -8.3431e-05 -0.000833512 -0.000860854
25.64 -3.74735e-06 -1.24927e-05 -3.24126e-05 -8.69015e-05 -0.000810654 -0.000312447
25.66 -3.53851e-06 1.02378e-05 -3.4143e-05 -8.70257e-05 -0.000853931 0.000256051
25.68 -3.24761e-06 3.179e-05 -3.79711e-05 -8.33548e-05 -0.000949673 0.000795082
25.7 -2.87751e-06 4.99296e-05 -4.3473e-05 -7.5811e-05 -0.00108728 0.00124876
25.72 -2.42483e-06 6.30786e-05 -4.95061e-05 -6.46914e-05 -0.00123817 0.00157762
25.74 -1.87635e-06 7.11919e-05 -5.32399e-05 -5.06277e-05 -0.00133155 0.00178054
25.76 -1.22056e-06 7.59288e-05 -5.1972e-05 -3.45844e-05 -0.00129984 0.00189901
25.78 -4.70045e-07 7.97591e-05 -4.62114e-05 -1.77877e-05 -0.00115577 0.00199481
25.8 3.30382e-07 8.43713e-05 -3.96654e-05 -1.41765e-06 -0.000992047 0.00211016
25.82 1.12293e-06 8.95228e-05 -3.57059e-05 1.3807e-05 -0.000893019 0.002239
25.84 1.86106e-06 9.32955e-05 -3.47751e-05 2.77871e-05 -0.000869741 0.00233336
25.86 2.51469e-06 9.34492e-05 -3.53508e-05 4.08215e-05 -0.000884139 0.0023372
25.88 3.06231e-06 8.86531e-05 -3.63623e-05 5.32836e-05 -0.000909435 0.00221725
25.9 3.48812e-06 7.88688e-05 -3.79815e-05 6.54385e-05 -0.000949932 0.00197254
25.92 3.78577e-06 6.50939e-05 -4.07097e-05 7.73198e-05 -0.00101817 0.00162803
25.94 3.95914e-06 4.88504e-05 -4.45345e-05 8.85581e-05 -0.00111383 0.00122177
25.96 4.01813e-06 3.15749e-05 -4.88697e-05 9.83073e-05 -0.00122225 0.0007897
25.98 3.97427e-06 1.41491e-05 -5.27974e-05 0.000105421 -0.00132048 0.000353876
26 3.8382e-06 -3.13461e-06 -5.53562e-05 0.000108812 -0.00138448 -7.8398e-05
26.02 3.618e-06 -2.02008e-05 -5.58501e-05 0.000107793 -0.00139683 -0.00050523
26.04 3.31953e-06 -3.67574e-05 -5.35336e-05 0.000102264 -0.0013389 -0.000919318
26.06 2.94553e-06 -5.21427e-05 -4.75991e-05 9.27063e-05 -0.00119047 -0.00130411
26.08 2.48771e-06 -6.55609e-05 -3.9122e-05 7.99956e-05 -0.000978457 -0.00163971
26.1 1.92393e-06 -7.66246e-05 -3.24224e-05 6.5155e-05 -0.000810898 -0.00191641
26.12 1.23648e-06 -8.57552e-05 -3.22579e-05 4.92118e-05 -0.000806783 -0.00214477
26.14 4.43442e-07 -9.372e-05 -3.90888e-05 3.31248e-05 -0.000977628 -0.00234398
26.16 -3.91196e-07 -0.000100427 -4.84505e-05 1.76127e-05 -0.00121177 -0.00251172
26.18 -1.18697e-06 -0.00010439 -5.52973e-05 2.94078e-06 -0.00138301 -0.00261084
26.2 -1.88658e-06 -0.000103849 -5.79777e-05 -1.10512e-05 -0.00145005 -0.0025973
26.22 -2.46867e-06 -9.8467e-05 -5.80266e-05 -2.46391e-05 -0.00145127 -0.0024627
26.24 -2.93191e-06 -8.9644e-05 -5.7261e-05 -3.79415e-05 -0.00143212 -0.00224203
26.26 -3.27508e-06 -7.91183e-05 -5.57589e-05 -5.08697e-05 -0.00139455 -0.00197878
26.28 -3.49094e-06 -6.74807e-05 -5.22782e-05 -6.31182e-05 -0.0013075 -0.00168772
26.3 -3.57523e-06 -5.40931e-05 -4.61541e-05 -7.40702e-05 -0.00115433 -0.00135289
26.32 -3.5401e-06 -3.83364e-05 -3.87673e-05 -8.28045e-05 -0.000969586 -0.000958811
26.34 -3.41707e-06 -2.09858e-05 -3.31909e-05 -8.83355e-05 -0.000830117 -0.000524864
26.36 -3.24249e-06 -4.48699e-06 -3.21511e-05 -8.9925e-05 -0.000804111 -0.000112222
26.38 -3.03552e-06 8.24563e-06 -3.62737e-05 -8.72402e-05 -0.000907221 0.000206226
26.4 -2.78665e-06 1.56892e-05 -4.41036e-05 -8.03438e-05 -0.00110305 0.000392394
26.42 -2.46155e-06 1.86749e-05 -5.2675e-05 -6.9616e-05 -0.00131742 0.000467068
26.44 -2.01838e-06 1.96559e-05 -5.80686e-05 -5.57023e-05 -0.00145232 0.000491601
26.46 -1.43433e-06 2.10908e-05 -5.72905e-05 -3.95441e-05 -0.00143286 0.000527491
26.48 -7.27658e-07 2.42994e-05 -5.07605e-05 -2.23651e-05 -0.00126954 0.000607739
26.5 4.33279e-08 2.93396e-05 -4.22659e-05 -5.39837e-06 -0.00105709 0.000733795
26.52 8.08617e-07 3.55263e-05 -3.58054e-05 1.05556e-05 -0.000895507 0.000888527
26.54 1.51561e-06 4.19127e-05 -3.28287e-05 2.53462e-05 -0.000821059 0.00104826
26.56 2.13386e-06 4.73228e-05 -3.25047e-05 3.92616e-05 -0.000812956 0.00118356
26.58 2.6422e-06 5.01241e-05 -3.3779e-05 5.26457e-05 -0.000844826 0.00125362
26.6 3.0223e-06 4.8416e-05 -3.64589e-05 6.56659e-05 -0.000911851 0.00121091
26.62 3.26616e-06 4.10046e-05 -4.05946e-05 7.8221e-05 -0.00101529 0.00102554
26.64 3.38509e-06 2.85478e-05 -4.55432e-05 8.98508e-05 -0.00113905 0.000713992
26.66 3.40764e-06 1.37543e-05 -4.9925e-05 9.9701e-05 -0.00124865 0.000344002
26.68 3.36623e-06 2.41451e-07 -5.2343e-05 0.000106665 -0.00130912 6.03861e-06
26.7 3.28047e-06 -9.22938e-06 -5.20803e-05 0.000109669 -0.00130255 -0.000230831
26.72 3.14726e-06 -1.40151e-05 -4.92292e-05 0.000107957 -0.00123124 -0.000350524
26.74 2.94376e-06 -1.56168e-05 -4.42705e-05 0.00010128 -0.00110722 -0.000390583
26.76 2.638e-06 -1.64731e-05 -3.84002e-05 8.99931e-05 -0.000960405 -0.000411999
26.78 2.2021e-06 -1.84154e-05 -3.41176e-05 7.50304e-05 -0.000853295 -0.000460576
26.8 1.62782e-06 -2.20111e-05 -3.39305e-05 5.778e-05 -0.000848615 -0.000550507
26.82 9.37946e-07 -2.70289e-05 -3.79288e-05 3.98277e-05 -0.000948615 -0.000676004
26.84 1.83144e-07 -3.30153e-05 -4.34488e-05 2.25368e-05 -0.00108667 -0.000825727
26.86 -5.77945e-07 -3.91841e-05 -4.76654e-05 6.63609e-06 -0.00119213 -0.000980012
26.88 -1.29783e-06 -4.4079e-05 -4.98844e-05 -7.88411e-06 -0.00124763 -0.00110243
26.9 -1.94351e-06 -4.58895e-05 -5.10985e-05 -2.14819e-05 -0.00127799 -0.00114772
26.92 -2.49052e-06 -4.3424e-05 -5.20435e-05 -3.46473e-05 -0.00130163 -0.00108605
26.94 -2.9219e-06 -3.69042e-05 -5.23306e-05 -4.76427e-05 -0.00130881 -0.00092299
26.96 -3.23198e-06 -2.78966e-05 -5.11561e-05 -6.03865e-05 -0.00127944 -0.000697707
26.98 -3.4262e-06 -1.84294e-05 -4.82394e-05 -7.23611e-05 -0.00120649 -0.000460926
27 -3.51567e-06 -9.96908e-06 -4.40691e-05 -8.26071e-05 -0.00110219 -0.000249331
27.02 -3.51233e-06 -3.03997e-06 -3.96695e-05 -8.99229e-05 -0.000992151 -7.60311e-05
27.04 -3.42733e-06 2.37242e-06 -3.62208e-05 -9.32168e-05 -0.000905898 5.9335e-05
27.06 -3.2692e-06 6.30092e-06 -3.4667e-05 -9.18157e-05 -0.000867037 0.000157588
27.08 -3.04205e-06 8.82844e-06 -3.57802e-05 -8.56123e-05 -0.000894879 0.000220803
27.1 -2.74227e-06 1.04093e-05 -3.98164e-05 -7.50471e-05 -0.000995825 0.000260341
27.12 -2.3568e-06 1.17628e-05 -4.53038e-05 -6.09851e-05 -0.00113307 0.000294191
27.14 -1.87031e-06 1.34069e-05 -4.90164e-05 -4.46003e-05 -0.00122592 0.000335312
27.16 -1.28195e-06 1.54441e-05 -4.85907e-05 -2.72701e-05 -0.00121527 0.000386263
27.18 -6.18505e-07 1.77503e-05 -4.49052e-05 -1.03184e-05 -0.0011231 0.000443942
27.2 7.44069e-08 2.02506e-05 -4.07098e-05 5.39955e-06 -0.00101817 0.000506475
27.22 7.55586e-07 2.30385e-05 -3.75342e-05 1.97577e-05 -0.000938746 0.000576201
27.24 1.39783e-06 2.62289e-05 -3.49911e-05 3.31647e-05 -0.000875142 0.000655996
27.26 1.97647e-06 2.9467e-05 -3.26831e-05 4.6076e-05 -0.000817419 0.000736981
27.28 2.45994e-06 3.1471e-05 -3.15168e-05 5.86641e-05 -0.000788247 0.000787104
27.3 2.81912e-06 3.04564e-05 -3.2824e-05 7.07899e-05 -0.000820943 0.000761726
27.32 3.04449e-06 2.55229e-05 -3.68388e-05 8.203e-05 -0.000921353 0.000638337
27.34 3.15159e-06 1.76481e-05 -4.23642e-05 9.16364e-05 -0.00105955 0.000441386
27.36 3.17023e-06 9.04766e-06 -4.75569e-05 9.85998e-05 -0.00118942 0.000226286
27.38 3.12714e-06 1.56496e-06 -5.08199e-05 0.000101917 -0.00127103 3.91401e-05
27.4 3.03406e-06 -4.17818e-06 -5.1361e-05 0.000100916 -0.00128456 -0.000104498
27.42 2.8875e-06 -8.30096e-06 -4.91991e-05 9.54502e-05 -0.00123049 -0.000207611
27.44 2.67609e-06 -1.08662e-05 -4.4801e-05 8.58948e-05 -0.00112049 -0.000271767
27.46 2.38488e-06 -1.17964e-05 -3.93207e-05 7.3018e-05 -0.000983426 -0.000295032
27.48 1.99629e-06 -1.14804e-05 -3.49971e-05 5.78367e-05 -0.000875292 -0.000287129
27.5 1.49665e-06 -1.12497e-05 -3.41665e-05 4.15268e-05 -0.000854517 -0.000281359
27.52 8.90702e-07 -1.29339e-05 -3.73516e-05 2.529e-05 -0.00093418 -0.000323483
27.54 2.11221e-07 -1.76031e-05 -4.28245e-05 1.00777e-05 -0.00107106 -0.000440262
27.56 -4.88814e-07 -2.45969e-05 -4.82627e-05 -3.68051e-06 -0.00120707 -0.00061518
27.58 -1.15408e-06 -3.1822e-05 -5.23509e-05 -1.60867e-05 -0.00130932 -0.000795882
27.6 -1.7395e-06 -3.70251e-05 -5.47682e-05 -2.74949e-05 -0.00136977 -0.000926013
27.62 -2.21424e-06 -3.88354e-05 -5.53397e-05 -3.82012e-05 -0.00138407 -0.00097129
27.64 -2.5632e-06 -3.69128e-05 -5.38139e-05 -4.82991e-05 -0.00134591 -0.000923204
27.66 -2.78789e-06 -3.16538e-05 -5.03667e-05 -5.7636e-05 -0.00125969 -0.000791674
27.68 -2.90423e-06 -2.40701e-05 -4.59109e-05 -6.57614e-05 -0.00114825 -0.000602003
27.7 -2.93615e-06 -1.57555e-05 -4.17673e-05 -7.19366e-05 -0.00104462 -0.000394053
27.72 -2.90704e-06 -8.54627e-06 -3.90758e-05 -7.52973e-05 -0.000977301 -0.000213746
27.74 -2.83129e-06 -3.86945e-06 -3.83906e-05 -7.51125e-05 -0.000960166 -9.67767e-05
27.76 -2.70958e-06 -2.16293e-06 -3.97061e-05 -7.09986e-05 -0.000993065 -5.40958e-05
27.78 -2.53042e-06 -2.73756e-06 -4.2753e-05 -6.3017e-05 -0.00106927 -6.84677e-05
27.8 -2.27496e-06 -4.19761e-06 -4.67564e-05 -5.16714e-05 -0.0011694 -0.000104984
27.82 -1.92378e-06 -5.11823e-06 -5.00262e-05 -3.78574e-05 -0.00125118 -0.000128009
27.84 -1.46685e-06 -4.47087e-06 -5.07234e-05 -2.27737e-05 -0.00126861 -0.000111819
27.86 -9.13885e-07 -1.66742e-06 -4.84179e-05 -7.71597e-06 -0.00121095 -4.1703e-05
27.88 -2.96742e-07 3.43027e-06 -4.44492e-05 6.26867e-06 -0.00111169 8.57923e-05
27.9 3.40537e-07 1.03025e-05 -4.05575e-05 1.86862e-05 -0.00101436 0.00025767
27.92 9.5457e-07 1.76366e-05 -3.7605e-05 2.96263e-05 -0.000940517 0.000441099
27.94 1.50841e-06 2.36529e-05 -3.56802e-05 3.95047e-05 -0.000892377 0.000591568
27.96 1.97288e-06 2.68189e-05 -3.48783e-05 4.87439e-05 -0.000872321 0.000670751
27.98 2.33023e-06 2.64774e-05 -3.54918e-05 5.75812e-05 -0.000887666 0.00066221
28 2.57804e-06 2.30326e-05 -3.75493e-05 6.5973e-05 -0.000939125 0.000576056
28.02 2.72753e-06 1.76891e-05 -4.0511e-05 7.35282e-05 -0.0010132 0.000442412
28.04 2.79622e-06 1.19415e-05 -4.34967e-05 7.9526e-05 -0.00108787 0.000298662
28.06 2.80002e-06 7.06858e-06 -4.57136e-05 8.3093e-05 -0.00114332 0.000176788
28.08 2.74813e-06 3.82261e-06 -4.67307e-05 8.34786e-05 -0.00116876 9.56049e-05
28.1 2.6413e-06 2.34651e-06 -4.64736e-05 8.0287e-05 -0.00116232 5.8687e-05
28.12 2.47386e-06 2.23097e-06 -4.49599e-05 7.35766e-05 -0.00112447 5.57972e-05
28.14 2.23621e-06 2.67155e-06 -4.24388e-05 6.38314e-05 -0.00106141 6.68163e-05
28.16 1.91714e-06 2.70076e-06 -3.98888e-05 5.18661e-05 -0.000997636 6.7547e-05
28.18 1.50907e-06 1.4195e-06 -3.8754e-05 3.87161e-05 -0.000969254 3.55022e-05
28.2 1.01677e-06 -1.77952e-06 -3.97805e-05 2.54752e-05 -0.000994928 -4.45067e-05
28.22 4.63066e-07 -6.9656e-06 -4.23671e-05 1.30429e-05 -0.00105962 -0.000174213
28.24 -1.16015e-07 -1.35185e-05 -4.53091e-05 1.88136e-06 -0.0011332 -0.000338103
28.26 -6.82419e-07 -2.02735e-05 -4.78587e-05 -8.03469e-06 -0.00119697 -0.00050705
28.28 -1.20342e-06 -2.59468e-05 -4.98758e-05 -1.70278e-05 -0.00124742 -0.00064894
28.3 -1.65285e-06 -2.95484e-05 -5.12635e-05 -2.54452e-05 -0.00128212 -0.000739017
28.32 -2.01173e-06 -3.05598e-05 -5.16839e-05 -3.34796e-05 -0.00129264 -0.000764315
28.34 -2.27091e-06 -2.8952e-05 -5.08643e-05 -4.10917e-05 -0.00127214 -0.000724102
28.36 -2.43226e-06 -2.51899e-05 -4.89627e-05 -4.79677e-05 -0.00122458 -0.000630011
28.38 -2.5064e-06 -2.01739e-05 -4.65667e-05 -5.3529e-05 -0.00116465 -0.000504558
28.4 -2.50773e-06 -1.50014e-05 -4.4449e-05 -5.70539e-05 -0.00111169 -0.000375192
28.42 -2.44886e-06 -1.06228e-05 -4.33008e-05 -5.7889e-05 -0.00108297 -0.00026568
28.44 -2.33606e-06 -7.59244e-06 -4.35093e-05 -5.56457e-05 -0.00108818 -0.00018989
28.46 -2.16787e-06 -6.0067e-06 -4.50938e-05 -5.03013e-05 -0.00112781 -0.00015023
28.48 -1.93646e-06 -5.57004e-06 -4.75635e-05 -4.21925e-05 -0.00118958 -0.000139309
28.5 -1.63113e-06 -5.68716e-06 -4.98036e-05 -3.19455e-05 -0.00124561 -0.000142238
28.52 -1.24455e-06 -5.54263e-06 -5.05896e-05 -2.03934e-05 -0.00126527 -0.000138624
28.54 -7.8022e-07 -4.27435e-06 -4.95217e-05 -8.46012e-06 -0.00123856 -0.000106903
28.56 -2.5652e-07 -1.32282e-06 -4.72923e-05 3.03677e-06 -0.0011828 -3.30844e-05
28.58 2.97152e-07 3.2158e-06 -4.48929e-05 1.36e-05 -0.00112279 8.04284e-05
28.6 8.48214e-07 8.54005e-06 -4.28048e-05 2.31344e-05 -0.00107057 0.00021359
28.62 1.36578e-06 1.34605e-05 -4.10398e-05 3.18338e-05 -0.00102642 0.000336652
28.64 1.82216e-06 1.6819e-05 -3.95592e-05 3.99761e-05 -0.000989392 0.00042065
