0.02 -5.86292e-10 -8.60019e-10 1.64628e-07 7.73166e-11 4.11741e-06 -2.15094e-08
0.04 -2.84504e-09 -2.32977e-08 5.93325e-07 9.59303e-10 1.48393e-05 -5.82686e-07
0.06 -7.06275e-09 -9.77043e-08 1.05151e-06 4.07864e-09 2.62987e-05 -2.44363e-06
0.08 -1.14242e-08 -3.31808e-07 1.46677e-06 1.28165e-08 3.66845e-05 -8.29867e-06
0.1 -1.082e-08 -9.00523e-07 1.91323e-06 3.46864e-08 4.78508e-05 -2.25225e-05
0.12 1.7973e-09 -1.79268e-06 2.3393e-06 7.25035e-08 5.8507e-05 -4.48357e-05
0.14 3.224e-08 -2.9185e-06 2.76289e-06 1.17457e-07 6.9101e-05 -7.29929e-05
0.16 8.20606e-08 -4.21248e-06 3.21542e-06 1.61557e-07 8.0419e-05 -0.000105356
0.18 1.47134e-07 -5.53834e-06 3.65046e-06 1.98063e-07 9.12995e-05 -0.000138516
0.2 2.21263e-07 -6.96245e-06 4.08646e-06 2.1495e-07 0.000102204 -0.000174134
0.22 3.00903e-07 -8.62714e-06 4.64745e-06 2.1526e-07 0.000116235 -0.000215768
0.24 3.84847e-07 -1.0315e-05 5.4262e-06 2.26768e-07 0.000135712 -0.000257982
0.26 4.70963e-07 -1.17295e-05 6.36459e-06 2.8925e-07 0.000159181 -0.00029336
0.28 5.5535e-07 -1.29426e-05 7.25347e-06 4.53519e-07 0.000181412 -0.000323701
0.3 6.34405e-07 -1.41768e-05 7.86754e-06 7.53983e-07 0.00019677 -0.000354568
0.32 7.07572e-07 -1.54824e-05 8.10445e-06 1.15336e-06 0.000202696 -0.00038722
0.34 7.79247e-07 -1.68784e-05 8.01879e-06 1.56457e-06 0.000200553 -0.000422135
0.36 8.57051e-07 -1.84425e-05 7.73481e-06 1.93464e-06 0.000193451 -0.000461254
0.38 9.46407e-07 -2.01617e-05 7.37299e-06 2.24828e-06 0.000184402 -0.000504252
0.4 1.04572e-06 -2.18376e-05 7.08747e-06 2.46459e-06 0.000177261 -0.000546167
0.42 1.14589e-06 -2.32113e-05 6.96998e-06 2.52314e-06 0.000174322 -0.000580524
0.44 1.2339e-06 -2.41531e-05 6.79474e-06 2.41483e-06 0.000169939 -0.00060408
0.46 1.29942e-06 -2.47891e-05 6.17577e-06 2.20718e-06 0.000154459 -0.000619985
0.48 1.34184e-06 -2.54074e-05 5.15212e-06 2.00721e-06 0.000128857 -0.00063545
0.5 1.37112e-06 -2.60925e-05 4.16276e-06 1.91439e-06 0.000104112 -0.000652585
0.52 1.39874e-06 -2.65548e-05 3.4989e-06 1.9827e-06 8.75089e-05 -0.000664148
0.54 1.42023e-06 -2.59917e-05 3.24187e-06 2.18282e-06 8.10805e-05 -0.000650063
0.56 1.40834e-06 -2.38835e-05 3.31277e-06 2.40086e-06 8.28536e-05 -0.000597337
0.58 1.33141e-06 -2.09633e-05 3.45535e-06 2.52348e-06 8.64196e-05 -0.000524301
0.6 1.17953e-06 -1.82102e-05 3.63946e-06 2.51025e-06 9.10244e-05 -0.000455444
0.62 9.71576e-07 -1.55065e-05 4.28952e-06 2.35885e-06 0.000107283 -0.000387823
0.64 7.37756e-07 -1.21157e-05 5.84579e-06 2.08846e-06 0.000146206 -0.000303019
0.66 4.95549e-07 -7.9856e-06 8.25903e-06 1.7807e-06 0.000206562 -0.000199723
0.68 2.38371e-07 -3.63851e-06 1.10247e-05 1.49105e-06 0.000275733 -9.10007e-05
0.7 -5.168e-08 4.04589e-07 1.36107e-05 1.0965e-06 0.000340409 1.01189e-05
0.72 -3.77985e-07 3.75737e-06 1.58671e-05 3.99658e-07 0.000396843 9.39734e-05
0.74 -7.19885e-07 6.50667e-06 1.80782e-05 -6.04749e-07 0.000452143 0.000162734
0.76 -1.04713e-06 9.03872e-06 2.07322e-05 -1.6987e-06 0.00051852 0.000226062
0.78 -1.34259e-06 1.18849e-05 2.41749e-05 -2.65925e-06 0.000604624 0.000297247
0.8 -1.61091e-06 1.53034e-05 2.81236e-05 -3.41625e-06 0.000703383 0.000382745
0.82 -1.86572e-06 1.87182e-05 3.15222e-05 -4.00681e-06 0.000788383 0.000468149
0.84 -2.10933e-06 2.12437e-05 3.35433e-05 -4.46274e-06 0.000838931 0.000531314
0.86 -2.3204e-06 2.24537e-05 3.45249e-05 -4.75739e-06 0.000863483 0.000561578
0.88 -2.46184e-06 2.27072e-05 3.5366e-05 -4.78904e-06 0.000884519 0.000567917
0.9 -2.50764e-06 2.28365e-05 3.66139e-05 -4.41815e-06 0.00091573 0.000571151
0.92 -2.46829e-06 2.3589e-05 3.80904e-05 -3.62288e-06 0.000952656 0.000589972
0.94 -2.38581e-06 2.46863e-05 3.91201e-05 -2.63236e-06 0.000978411 0.000617414
0.96 -2.29793e-06 2.50227e-05 3.87602e-05 -1.81194e-06 0.000969408 0.000625829
0.98 -2.2071e-06 2.40773e-05 3.65387e-05 -1.37455e-06 0.000913848 0.000602184
1 -2.07377e-06 2.40333e-05 2.57786e-05 -1.24903e-06 0.000644734 0.000601083
1.02 -1.8608e-06 2.51776e-05 1.12905e-05 -1.10701e-06 0.000282381 0.000629702
1.04 -1.58406e-06 2.45731e-05 9.22782e-06 -5.09138e-07 0.000230792 0.000614584
1.06 -1.29262e-06 2.36994e-05 9.56366e-06 4.8975e-07 0.000239191 0.000592733
1.08 -1.03173e-06 2.26705e-05 4.20237e-06 1.17739e-06 0.000105103 0.000566998
1.1 -8.23677e-07 1.89498e-05 1.98263e-06 1.16413e-06 4.95863e-05 0.000473942
1.12 -6.48799e-07 1.57043e-05 -5.80196e-06 6.85394e-07 -0.00014511 0.000392772
1.14 -4.63574e-07 1.38457e-05 -1.88186e-05 7.39654e-08 -0.000470661 0.000346286
1.16 -2.52041e-07 1.06405e-05 -1.92436e-05 -6.58011e-08 -0.000481289 0.000266124
1.18 -4.07284e-08 9.59829e-06 -1.61865e-05 7.52822e-07 -0.000404831 0.000240057
1.2 1.30533e-07 1.18432e-05 -2.28839e-05 1.85282e-06 -0.000572335 0.000296204
1.22 2.45068e-07 1.18181e-05 -3.05783e-05 1.99744e-06 -0.000764776 0.000295577
1.24 3.19584e-07 8.19537e-06 -3.30124e-05 6.79627e-07 -0.000825653 0.00020497
1.26 3.83374e-07 3.68601e-06 -2.92281e-05 -1.63499e-06 -0.000731007 9.21886e-05
1.28 4.42875e-07 4.43968e-07 -1.84799e-05 -3.61883e-06 -0.00046219 1.11038e-05
1.3 4.52837e-07 3.54615e-07 -5.4732e-06 -3.90993e-06 -0.000136887 8.86907e-06
1.32 3.47087e-07 2.91659e-06 2.89428e-06 -2.73046e-06 7.23871e-05 7.29452e-05
1.34 1.15053e-07 4.54424e-06 5.40292e-06 -1.82958e-06 0.000135129 0.000113653
1.36 -1.71923e-07 6.42392e-06 -2.73534e-06 -2.44862e-06 -6.84119e-05 0.000160665
1.38 -4.38685e-07 1.01025e-05 -1.1431e-05 -3.97576e-06 -0.000285895 0.000252668
1.4 -6.81911e-07 1.2086e-05 1.00156e-06 -4.59627e-06 2.50494e-05 0.000302275
1.42 -9.44803e-07 1.49138e-05 1.8009e-05 -3.49458e-06 0.000450413 0.000373
1.44 -1.25919e-06 1.94122e-05 2.25925e-05 -2.05464e-06 0.000565049 0.000485508
1.46 -1.60962e-06 2.00847e-05 2.58405e-05 -1.96194e-06 0.000646283 0.000502326
1.48 -1.94103e-06 1.86049e-05 2.89986e-05 -3.3099e-06 0.000725266 0.000465316
1.5 -2.2118e-06 2.00373e-05 3.00239e-05 -5.06074e-06 0.00075091 0.000501141
1.52 -2.43127e-06 2.4223e-05 3.51561e-05 -5.66065e-06 0.000879269 0.000605827
1.54 -2.63781e-06 2.95479e-05 4.11615e-05 -3.77749e-06 0.00102947 0.000739005
1.56 -2.83521e-06 3.50523e-05 3.65392e-05 -1.68848e-07 0.000913861 0.000876672
1.58 -2.95895e-06 3.83156e-05 2.11817e-05 2.25657e-06 0.000529762 0.000958289
1.6 -2.92293e-06 3.72625e-05 8.2686e-06 1.57064e-06 0.000206801 0.00093195
1.62 -2.70575e-06 3.32551e-05 7.87435e-06 -8.8872e-07 0.000196941 0.000831723
1.64 -2.38608e-06 3.0482e-05 1.56761e-05 -2.14038e-06 0.000392066 0.000762367
1.66 -2.07956e-06 3.04758e-05 2.07527e-05 -8.18396e-07 0.000519034 0.000762211
1.68 -1.83044e-06 2.94263e-05 1.7895e-05 1.68656e-06 0.000447562 0.000735964
1.7 -1.56379e-06 2.2951e-05 9.50469e-06 2.95061e-06 0.000237716 0.000574014
1.72 -1.16192e-06 1.32147e-05 7.71752e-08 1.96378e-06 1.93018e-06 0.000330504
1.74 -5.90225e-07 6.14378e-06 -7.26479e-06 3.46931e-08 -0.000181695 0.000153659
1.76 6.22254e-08 2.55219e-06 -1.12775e-05 -4.40142e-07 -0.000282056 6.38314e-05
1.78 6.53978e-07 -8.43974e-07 -1.37642e-05 1.55152e-06 -0.000344249 -2.11081e-05
1.8 1.11625e-06 -7.01014e-06 -1.81671e-05 4.18157e-06 -0.000454367 -0.000175326
1.82 1.52132e-06 -1.75331e-05 -2.47533e-05 4.48689e-06 -0.000619091 -0.000438511
1.84 2.00844e-06 -3.10338e-05 -2.91778e-05 1.71076e-06 -0.000729749 -0.000776169
1.86 2.62706e-06 -4.19851e-05 -2.98244e-05 -1.85147e-06 -0.000745921 -0.00105006
1.88 3.26915e-06 -4.59498e-05 -3.05989e-05 -3.35829e-06 -0.000765292 -0.00114922
1.9 3.76637e-06 -4.55702e-05 -3.38758e-05 -2.00133e-06 -0.000847249 -0.00113973
1.92 4.03231e-06 -4.61474e-05 -3.87894e-05 6.72606e-07 -0.000970138 -0.00115417
1.94 4.11992e-06 -4.947e-05 -4.48522e-05 2.28168e-06 -0.00112177 -0.00123727
1.96 4.15453e-06 -5.30222e-05 -5.08761e-05 1.73621e-06 -0.00127243 -0.00132611
1.98 4.19961e-06 -5.25502e-05 -5.36267e-05 2.96226e-07 -0.00134123 -0.0013143
2 4.18068e-06 -4.60052e-05 -5.18881e-05 2.89833e-07 -0.00129774 -0.00115061
2.02 3.94037e-06 -3.47414e-05 -4.76607e-05 2.62645e-06 -0.00119201 -0.000868896
2.04 3.38045e-06 -2.24092e-05 -4.33023e-05 5.78054e-06 -0.00108301 -0.000560463
2.06 2.55955e-06 -1.27935e-05 -3.93241e-05 7.32776e-06 -0.000983512 -0.00031997
2.08 1.64847e-06 -6.15236e-06 -3.40525e-05 6.28313e-06 -0.000851666 -0.000153873
2.1 7.8647e-07 1.54417e-06 -2.58037e-05 3.80572e-06 -0.00064536 3.86205e-05
2.12 -1.4315e-08 1.27387e-05 -1.4941e-05 1.89727e-06 -0.00037368 0.000318599
2.14 -8.33584e-07 2.4785e-05 -3.6532e-06 1.58012e-06 -9.1368e-05 0.000619884
2.16 -1.73222e-06 3.38307e-05 6.57434e-06 1.99436e-06 0.000164427 0.000846121
2.18 -2.66776e-06 3.87035e-05 1.51913e-05 1.16575e-06 0.000379942 0.000967991
2.2 -3.503e-06 4.0037e-05 2.32993e-05 -1.95398e-06 0.000582725 0.00100134
2.22 -4.11419e-06 3.99484e-05 3.45738e-05 -6.23516e-06 0.000864706 0.000999125
2.24 -4.50471e-06 4.27341e-05 4.90407e-05 -9.52066e-06 0.00122653 0.0010688
2.26 -4.79052e-06 4.92789e-05 6.1806e-05 -1.06964e-05 0.00154579 0.00123248
2.28 -5.08187e-06 5.51917e-05 7.08288e-05 -1.02611e-05 0.00177146 0.00138037
2.3 -5.39102e-06 5.73251e-05 7.74859e-05 -9.45949e-06 0.00193796 0.00143373
2.32 -5.62338e-06 5.6458e-05 8.0731e-05 -9.1244e-06 0.00201912 0.00141204
2.34 -5.64913e-06 5.49354e-05 7.91599e-05 -8.81934e-06 0.00197982 0.00137396
2.36 -5.41741e-06 5.51506e-05 7.53132e-05 -7.24279e-06 0.00188361 0.00137934
2.38 -5.00341e-06 5.75467e-05 7.02765e-05 -3.9456e-06 0.00175765 0.00143927
2.4 -4.52573e-06 5.86312e-05 6.16833e-05 -2.53016e-07 0.00154272 0.00146639
2.42 -4.03586e-06 5.45432e-05 5.0327e-05 1.86723e-06 0.0012587 0.00136415
2.44 -3.49011e-06 4.54353e-05 3.86403e-05 1.53475e-06 0.000966409 0.00113636
2.46 -2.79573e-06 3.34386e-05 2.61101e-05 -3.75518e-07 0.000653025 0.000836312
2.48 -1.90536e-06 2.15971e-05 1.31138e-05 -2.00181e-06 0.000327981 0.000540153
2.5 -8.9387e-07 1.32679e-05 1.27828e-06 -2.12534e-06 3.19704e-05 0.000331836
2.52 8.80523e-08 6.94932e-06 -1.11821e-05 -1.03041e-06 -0.00027967 0.000173805
2.54 9.27092e-07 -5.19502e-07 -2.74353e-05 1.84299e-07 -0.000686169 -1.2993e-05
2.56 1.60473e-06 -8.86136e-06 -4.50915e-05 6.64456e-07 -0.00112776 -0.000221626
2.58 2.17081e-06 -1.6157e-05 -5.78914e-05 4.48023e-07 -0.00144789 -0.000404094
2.6 2.67413e-06 -2.01068e-05 -6.4907e-05 5.29663e-07 -0.00162335 -0.000502879
2.62 3.09371e-06 -1.86568e-05 -6.93363e-05 1.86823e-06 -0.00173413 -0.000466615
2.64 3.32773e-06 -1.21123e-05 -7.22007e-05 4.13389e-06 -0.00180577 -0.000302933
2.66 3.29735e-06 -6.40336e-06 -7.24916e-05 5.9517e-06 -0.00181305 -0.000160151
2.68 3.04158e-06 -6.41749e-06 -6.91793e-05 6.29513e-06 -0.0017302 -0.000160504
2.7 2.68704e-06 -9.97394e-06 -6.13762e-05 5.1737e-06 -0.00153504 -0.000249452
2.72 2.34193e-06 -1.25933e-05 -4.8599e-05 3.40432e-06 -0.00121548 -0.000314963
2.74 2.01106e-06 -1.12963e-05 -3.42238e-05 1.94508e-06 -0.000855951 -0.000282525
2.76 1.61355e-06 -8.08756e-06 -2.22961e-05 9.21077e-07 -0.000557636 -0.000202273
2.78 1.06891e-06 -7.27861e-06 -9.66966e-06 -6.22234e-07 -0.000241842 -0.000182041
2.8 3.69207e-07 -8.94752e-06 9.70577e-06 -3.60694e-06 0.000242745 -0.000223781
2.82 -4.17355e-07 -1.01491e-05 3.53858e-05 -7.61247e-06 0.000885013 -0.000253834
2.84 -1.21854e-06 -8.21731e-06 6.15396e-05 -1.09369e-05 0.00153913 -0.000205518
2.86 -2.01328e-06 -2.96974e-06 8.41495e-05 -1.20997e-05 0.00210461 -7.42743e-05
2.88 -2.7924e-06 2.44454e-06 0.000101403 -1.1061e-05 0.00253614 6.1139e-05
2.9 -3.48921e-06 4.68378e-06 0.000112242 -8.85055e-06 0.00280722 0.000117143
2.92 -3.99452e-06 3.89806e-06 0.000120145 -6.39969e-06 0.00300487 9.7492e-05
2.94 -4.24611e-06 3.26143e-06 0.000130423 -3.99203e-06 0.00326192 8.15697e-05
2.96 -4.27421e-06 4.48267e-06 0.000141744 -1.55205e-06 0.00354508 0.000112113
2.98 -4.16155e-06 6.07562e-06 0.000147907 8.28266e-07 0.00369922 0.000151954
3 -3.9601e-06 4.98772e-06 0.00014615 2.69704e-06 0.00365526 0.000124745
3.02 -3.62966e-06 -9.20943e-07 0.000138294 3.68865e-06 0.0034588 -2.30332e-05
3.04 -3.07112e-06 -9.84058e-06 0.000127192 4.14468e-06 0.00318112 -0.000246117
3.06 -2.2388e-06 -1.75011e-05 0.000114637 5.0499e-06 0.00286712 -0.000437709
3.08 -1.21932e-06 -2.18533e-05 0.000100504 7.2242e-06 0.00251365 -0.000546561
3.1 -1.71259e-07 -2.59127e-05 8.19867e-05 1.04975e-05 0.00205052 -0.000648087
3.12 8.17008e-07 -3.40866e-05 5.57483e-05 1.35789e-05 0.00139429 -0.00085252
3.14 1.78405e-06 -4.53909e-05 2.3403e-05 1.49044e-05 0.000585319 -0.00113524
3.16 2.82428e-06 -5.56181e-05 -7.7799e-06 1.40949e-05 -0.000194579 -0.00139103
3.18 3.97023e-06 -6.25906e-05 -3.22605e-05 1.25915e-05 -0.000806849 -0.00156542
3.2 5.14137e-06 -6.65329e-05 -5.29808e-05 1.21775e-05 -0.00132507 -0.00166402
3.22 6.20196e-06 -6.89136e-05 -7.55456e-05 1.28466e-05 -0.00188943 -0.00172356
3.24 7.06091e-06 -7.15287e-05 -9.95815e-05 1.28523e-05 -0.00249058 -0.00178896
3.26 7.72312e-06 -7.58275e-05 -0.000122017 1.08587e-05 -0.00305169 -0.00189648
3.28 8.23097e-06 -7.98278e-05 -0.000140515 7.36419e-06 -0.00351435 -0.00199653
3.3 8.57897e-06 -7.98727e-05 -0.00015268 4.0652e-06 -0.0038186 -0.00199765
3.32 8.71629e-06 -7.62969e-05 -0.000158473 2.42254e-06 -0.00396349 -0.00190822
3.34 8.5873e-06 -7.04959e-05 -0.000160016 2.47894e-06 -0.00400207 -0.00176313
3.36 8.1458e-06 -6.1377e-05 -0.000158109 2.49486e-06 -0.00395438 -0.00153507
3.38 7.37008e-06 -4.9421e-05 -0.000151323 4.50259e-07 -0.00378464 -0.00123604
3.4 6.28412e-06 -3.73152e-05 -0.000138422 -3.64433e-06 -0.00346198 -0.000933269
3.42 4.9465e-06 -2.48978e-05 -0.000120166 -7.73223e-06 -0.0030054 -0.000622703
3.44 3.42439e-06 -9.92589e-06 -9.80743e-05 -1.00255e-05 -0.00245288 -0.000248251
3.46 1.78659e-06 7.1751e-06 -7.32854e-05 -1.0482e-05 -0.0018329 0.000179452
3.48 8.53395e-08 2.41558e-05 -4.56334e-05 -1.03216e-05 -0.00114131 0.000604145
3.5 -1.66634e-06 3.99522e-05 -1.49911e-05 -1.09184e-05 -0.000374934 0.000999222
3.52 -3.46852e-06 5.43854e-05 1.68559e-05 -1.27684e-05 0.000421574 0.0013602
3.54 -5.28462e-06 6.77589e-05 4.74806e-05 -1.49671e-05 0.00118751 0.00169468
3.56 -7.02401e-06 8.04009e-05 7.48207e-05 -1.59805e-05 0.0018713 0.00201086
3.58 -8.56894e-06 9.21255e-05 9.87362e-05 -1.51056e-05 0.00246943 0.0023041
3.6 -9.82901e-06 0.000103268 0.000121583 -1.29964e-05 0.00304084 0.00258279
3.62 -1.07905e-05 0.00011434 0.000144349 -1.08343e-05 0.00361024 0.0028597
3.64 -1.15235e-05 0.000125076 0.000164173 -9.19284e-06 0.00410604 0.00312819
3.66 -1.21148e-05 0.000133516 0.000177887 -7.70952e-06 0.00444904 0.00333929
3.68 -1.25703e-05 0.000137031 0.000185902 -5.68278e-06 0.00464949 0.00342719
3.7 -1.27804e-05 0.000135398 0.000188653 -2.84616e-06 0.00471829 0.00338637
3.72 -1.25793e-05 0.000129904 0.000184453 4.84457e-07 0.00461326 0.00324895
3.74 -1.18676e-05 0.000121719 0.000173812 3.78558e-06 0.00434712 0.00304425
3.76 -1.06881e-05 0.000111053 0.000158449 6.46913e-06 0.00396286 0.00277748
3.78 -9.18091e-06 9.6536e-05 0.000138111 7.83987e-06 0.00345422 0.00241441
3.8 -7.47146e-06 7.6773e-05 0.000112615 7.43712e-06 0.00281654 0.00192012
3.82 -5.59254e-06 5.13627e-05 8.49281e-05 5.52772e-06 0.00212409 0.0012846
3.84 -3.50778e-06 2.25151e-05 5.82784e-05 3.03782e-06 0.00145757 0.000563112
3.86 -1.2012e-06 -5.27655e-06 3.13455e-05 9.3146e-07 0.000783963 -0.000131969
3.88 1.23888e-06 -2.84379e-05 1.83914e-06 -2.29505e-07 4.59977e-05 -0.000711244
3.9 3.61048e-06 -4.61752e-05 -2.98108e-05 -2.85617e-07 -0.000745579 -0.00115486
3.92 5.68494e-06 -5.96375e-05 -6.23491e-05 5.61822e-07 -0.00155938 -0.00149156
3.94 7.31733e-06 -6.95797e-05 -9.37453e-05 1.79571e-06 -0.00234461 -0.00174022
3.96 8.5018e-06 -7.68228e-05 -0.000120421 2.98263e-06 -0.00301178 -0.00192137
3.98 9.31738e-06 -8.09805e-05 -0.000138576 4.15091e-06 -0.00346585 -0.00202536
4 9.80795e-06 -7.93839e-05 -0.00014709 5.40069e-06 -0.00367878 -0.00198542
4.02 9.9343e-06 -7.3e-05 -0.000147874 6.35886e-06 -0.00369839 -0.00182576
4.04 9.63086e-06 -6.72494e-05 -0.000141908 6.40269e-06 -0.00354918 -0.00168193
4.06 8.88974e-06 -6.5189e-05 -0.000128538 5.08368e-06 -0.00321479 -0.0016304
4.08 7.79033e-06 -6.4491e-05 -0.000108455 2.25905e-06 -0.00271251 -0.00161295
4.1 6.46604e-06 -6.23724e-05 -8.41763e-05 -1.65304e-06 -0.00210528 -0.00155996
4.12 5.03838e-06 -5.90419e-05 -5.73614e-05 -5.66656e-06 -0.00143463 -0.00147666
4.14 3.55829e-06 -5.45697e-05 -2.74063e-05 -9.09606e-06 -0.000685443 -0.00136481
4.16 2.01869e-06 -4.8408e-05 6.07034e-06 -1.21559e-05 0.000151822 -0.0012107
4.18 4.02505e-07 -3.98234e-05 4.22187e-05 -1.51635e-05 0.00105591 -0.000996
4.2 -1.28754e-06 -2.86854e-05 8.00821e-05 -1.75751e-05 0.00200289 -0.000717434
4.22 -3.02528e-06 -1.51129e-05 0.000119252 -1.82661e-05 0.00298255 -0.000377981
4.24 -4.7662e-06 2.191e-06 0.00015807 -1.64913e-05 0.00395339 5.47978e-05
4.26 -6.43155e-06 2.22247e-05 0.0001914 -1.22253e-05 0.004787 0.000555848
4.28 -7.91977e-06 4.16902e-05 0.000215884 -5.89243e-06 0.00539935 0.00104269
4.3 -9.15607e-06 6.00708e-05 0.000232158 1.57895e-06 0.00580638 0.0015024
4.32 -1.01041e-05 7.73768e-05 0.000240106 8.74155e-06 0.00600515 0.00193523
4.34 -1.07176e-05 8.89112e-05 0.000239389 1.44726e-05 0.00598723 0.00222371
4.36 -1.0911e-05 8.99765e-05 0.000232065 1.84846e-05 0.00580403 0.00225035
4.38 -1.05765e-05 8.07884e-05 0.000219355 2.05549e-05 0.00548615 0.00202055
4.4 -9.59475e-06 6.09882e-05 0.000200557 2.02147e-05 0.005016 0.00152534
4.42 -7.88737e-06 3.04724e-05 0.000177115 1.75919e-05 0.00442971 0.000762128
4.44 -5.50553e-06 -5.40056e-06 0.000148854 1.35365e-05 0.00372289 -0.00013507
4.46 -2.62197e-06 -4.21745e-05 0.000111629 9.0319e-06 0.00279189 -0.0010548
4.48 5.59328e-07 -7.88702e-05 6.52393e-05 5.17775e-06 0.00163166 -0.00197258
4.5 3.87482e-06 -0.000113865 1.38456e-05 2.99266e-06 0.000346284 -0.00284782
4.52 7.24271e-06 -0.000146563 -4.08081e-05 2.87201e-06 -0.00102063 -0.00366561
4.54 1.0651e-05 -0.000176819 -9.8141e-05 4.79965e-06 -0.00245455 -0.00442233
4.56 1.40724e-05 -0.000201623 -0.000156906 8.67255e-06 -0.00392429 -0.00504268
4.58 1.73979e-05 -0.000219481 -0.000216826 1.40308e-05 -0.0054229 -0.00548932
4.6 2.04588e-05 -0.00023342 -0.000274645 2.00319e-05 -0.00686899 -0.00583794
4.62 2.3081e-05 -0.000244752 -0.000323388 2.56459e-05 -0.00808807 -0.00612135
4.64 2.51218e-05 -0.000251047 -0.00036086 2.96664e-05 -0.00902525 -0.0062788
4.66 2.64969e-05 -0.000250942 -0.000392575 3.11973e-05 -0.00981846 -0.00627617
4.68 2.71626e-05 -0.000243786 -0.000422861 3.02016e-05 -0.0105759 -0.00609719
4.7 2.70558e-05 -0.000227078 -0.000449858 2.70257e-05 -0.0112511 -0.00567931
4.72 2.60866e-05 -0.000200331 -0.000469146 2.19535e-05 -0.0117335 -0.00501037
4.74 2.41938e-05 -0.000166549 -0.000476848 1.57034e-05 -0.0119262 -0.00416546
4.76 2.13865e-05 -0.000127489 -0.000472192 9.32349e-06 -0.0118097 -0.00318855
4.78 1.77585e-05 -8.28344e-05 -0.00045836 3.12173e-06 -0.0114638 -0.00207172
4.8 1.3492e-05 -3.36938e-05 -0.000437764 -3.38583e-06 -0.0109487 -0.000842697
4.82 8.81273e-06 1.76964e-05 -0.000407398 -1.0352e-05 -0.0101892 0.000442595
4.84 3.8866e-06 7.26506e-05 -0.000362667 -1.72324e-05 -0.00907044 0.00181702
4.86 -1.24341e-06 0.000135488 -0.000304328 -2.34042e-05 -0.00761136 0.00338861
4.88 -6.61332e-06 0.000207316 -0.00023903 -2.84927e-05 -0.00597825 0.00518505
4.9 -1.22368e-05 0.000284223 -0.000173984 -3.23998e-05 -0.00435141 0.00710855
4.92 -1.80165e-05 0.000360414 -0.00011158 -3.54728e-05 -0.00279066 0.00901411
4.94 -2.37099e-05 0.000430732 -4.98084e-05 -3.81482e-05 -0.00124573 0.0107728
4.96 -2.89872e-05 0.000491519 1.31212e-05 -4.01107e-05 0.000328166 0.0122931
4.98 -3.35718e-05 0.000541442 7.70478e-05 -4.04749e-05 0.001927 0.0135417
5 -3.73456e-05 0.000580223 0.00014047 -3.92105e-05 0.00351321 0.0145116
5.02 -4.03083e-05 0.000604863 0.000200572 -3.78501e-05 0.00501639 0.0151279
5.04 -4.24438e-05 0.000609809 0.000256289 -3.83635e-05 0.00640989 0.0152516
5.06 -4.36221e-05 0.000591106 0.000309685 -4.14751e-05 0.00774536 0.0147838
5.08 -4.36098e-05 0.000549582 0.000361264 -4.60528e-05 0.00903536 0.0137453
5.1 -4.21666e-05 0.000489191 0.000406061 -4.98459e-05 0.0101558 0.0122349
5.12 -3.9153e-05 0.000411895 0.000436933 -5.08249e-05 0.0109279 0.0103017
5.14 -3.45708e-05 0.000316448 0.000450895 -4.82073e-05 0.0112771 0.00791448
5.16 -2.84956e-05 0.000200001 0.000449429 -4.24901e-05 0.0112404 0.00500211
5.18 -2.09847e-05 6.23795e-05 0.000435566 -3.44929e-05 0.0108937 0.00156014
5.2 -1.20902e-05 -8.90626e-05 0.000411493 -2.44337e-05 0.0102916 -0.00222749
5.22 -2.00299e-06 -0.000239544 0.000377983 -1.20133e-05 0.00945351 -0.0059911
5.24 8.8195e-06 -0.000374944 0.000333748 2.86083e-06 0.00834718 -0.00937751
5.26 1.97208e-05 -0.000491278 0.000273936 1.97641e-05 0.00685125 -0.0122871
5.28 3.00669e-05 -0.000591002 0.000193799 3.80033e-05 0.00484698 -0.0147812
5.3 3.94631e-05 -0.000676375 9.43459e-05 5.7018e-05 0.00235963 -0.0169164
5.32 4.78004e-05 -0.000747196 -1.77603e-05 7.67737e-05 -0.000444193 -0.0186877
5.34 5.50837e-05 -0.000800518 -0.000135233 9.74123e-05 -0.00338223 -0.0200213
5.36 6.12057e-05 -0.00083487 -0.000251765 0.00011791 -0.00629674 -0.0208805
5.38 6.5884e-05 -0.000853014 -0.000361635 0.00013531 -0.00904463 -0.0213343
5.4 6.88078e-05 -0.000859803 -0.000459519 0.000145764 -0.0114928 -0.0215041
5.42 6.98035e-05 -0.000856214 -0.000538782 0.00014649 -0.0134752 -0.0214143
5.44 6.88923e-05 -0.000835606 -0.0005943 0.000137067 -0.0148637 -0.0208989
5.46 6.61831e-05 -0.000787526 -0.00062425 0.000119524 -0.0156128 -0.0196964
5.48 6.17107e-05 -0.000706501 -0.000629836 9.73591e-05 -0.0157525 -0.0176699
5.5 5.54173e-05 -0.000597297 -0.000614746 7.3869e-05 -0.0153751 -0.0149387
5.52 4.72863e-05 -0.00047291 -0.000578764 5.09193e-05 -0.0144751 -0.0118277
5.54 3.75177e-05 -0.000347704 -0.000516899 2.9209e-05 -0.0129278 -0.00869625
5.56 2.66086e-05 -0.000231455 -0.000428241 9.39798e-06 -0.0107105 -0.00578881
5.58 1.52614e-05 -0.000125594 -0.0003232 -7.75066e-06 -0.00808337 -0.00314119
5.6 4.14536e-06 -2.37672e-05 -0.00021329 -2.26468e-05 -0.00533448 -0.000594461
5.62 -6.30483e-06 7.78341e-05 -9.99774e-05 -3.74916e-05 -0.00250048 0.00194663
5.64 -1.58909e-05 0.00017599 1.40818e-05 -5.47913e-05 0.000352191 0.00440155
5.66 -2.44996e-05 0.000265104 0.000122323 -7.52707e-05 0.00305934 0.00663033
5.68 -3.19513e-05 0.00034262 0.000219392 -9.70001e-05 0.00548709 0.00856904
5.7 -3.79783e-05 0.000411501 0.000295307 -0.000115946 0.00738574 0.0102918
5.72 -4.23396e-05 0.000474812 0.000337683 -0.000127409 0.00844559 0.0118752
5.74 -4.49791e-05 0.000531807 0.000341326 -0.000127705 0.0085367 0.0133007
5.76 -4.60546e-05 0.000578479 0.00030828 -0.000115429 0.00771021 0.014468
5.78 -4.58103e-05 0.000612372 0.000241797 -9.19266e-05 0.00604745 0.0153156
5.8 -4.44452e-05 0.000636064 0.00014744 -6.10153e-05 0.00368754 0.0159082
5.82 -4.20794e-05 0.000653884 3.28495e-05 -2.79791e-05 0.000821579 0.0163539
5.84 -3.87946e-05 0.000667847 -9.60613e-05 1.98344e-06 -0.00240253 0.0167031
5.86 -3.46663e-05 0.000674171 -0.00023004 2.52681e-05 -0.00575341 0.0168613
5.88 -2.97654e-05 0.000665898 -0.000356931 4.06398e-05 -0.00892698 0.0166544
5.9 -2.4144e-05 0.000637837 -0.000470823 4.89399e-05 -0.0117755 0.0159525
5.92 -1.77952e-05 0.000582346 -0.000571808 5.22392e-05 -0.0143012 0.0145647
5.94 -1.06338e-05 0.000488165 -0.000655507 5.29064e-05 -0.0163945 0.0122092
5.96 -2.55381e-06 0.000350109 -0.000712021 5.23167e-05 -0.0178079 0.00875634
5.98 6.46095e-06 0.000175584 -0.00073887 5.00006e-05 -0.0184795 0.00439142
6 1.61396e-05 -1.32247e-05 -0.000737312 4.44172e-05 -0.0184405 -0.000330775
6.02 2.57061e-05 -0.000184576 -0.000699992 3.43386e-05 -0.0175071 -0.00461635
6.04 3.39308e-05 -0.00031567 -0.00061758 1.95909e-05 -0.0154459 -0.00789505
6.06 3.96791e-05 -0.000410532 -0.000500109 1.66543e-06 -0.0125079 -0.0102676
6.08 4.25716e-05 -0.000489451 -0.000363086 -1.60837e-05 -0.00908095 -0.0122414
6.1 4.31539e-05 -0.000565212 -0.000198916 -2.96358e-05 -0.00497497 -0.0141362
6.12 4.24582e-05 -0.000639241 7.76143e-06 -3.56513e-05 0.000194116 -0.0159877
6.14 4.12063e-05 -0.000703612 0.000257941 -3.2263e-05 0.00645122 -0.0175977
6.16 3.9253e-05 -0.000749278 0.000535673 -2.05048e-05 0.0133974 -0.0187398
6.18 3.57578e-05 -0.000777447 0.000823444 -5.11509e-06 0.0205947 -0.0194443
6.2 2.9973e-05 -0.000792621 0.00110098 7.29692e-06 0.0275372 -0.0198238
6.22 2.18659e-05 -0.000786088 0.00135011 1.14833e-05 0.0337814 -0.0196604
6.24 1.20246e-05 -0.000737427 0.00157101 6.38495e-06 0.039401 -0.0184434
6.26 1.14575e-06 -0.000632584 0.00175722 -3.79343e-06 0.0444929 -0.0158212
6.28 -1.02915e-05 -0.000476975 0.00188254 -1.24274e-05 0.0487619 -0.0119294
6.3 -2.18289e-05 -0.000295423 0.00194057 -1.58077e-05 0.0516144 -0.00738869
6.32 -3.34396e-05 -0.000116383 0.00195483 -1.51236e-05 0.0525477 -0.00291083
6.34 -4.56581e-05 4.69328e-05 0.00193192 -1.30188e-05 0.0519746 0.00117377
6.36 -5.79596e-05 0.000201952 0.00188921 -9.20602e-06 0.0509063 0.00505085
6.38 -6.9006e-05 0.000364452 0.00182525 -2.48832e-07 0.0493067 0.00911507
6.4 -7.81112e-05 0.00054026 0.00169829 1.60853e-05 0.0461314 0.0135121
6.42 -8.53426e-05 0.000717686 0.00149592 3.65472e-05 0.04107 0.0179496
6.44 -9.0711e-05 0.000875323 0.00124116 5.31185e-05 0.0346985 0.0218923
6.46 -9.35484e-05 0.000993684 0.000967716 5.88835e-05 0.0278595 0.0248529
6.48 -9.31274e-05 0.0010607 0.000720972 5.40203e-05 0.0216883 0.0265295
6.5 -8.91301e-05 0.00107575 0.000529529 4.58766e-05 0.0169002 0.026906
6.52 -8.18221e-05 0.00104779 0.000369704 4.29042e-05 0.012903 0.0262068
6.54 -7.17925e-05 0.000989928 0.00019162 4.86334e-05 0.00844898 0.0247596
6.56 -5.99971e-05 0.000917693 -3.37699e-05 6.0842e-05 0.00281176 0.0229529
6.58 -4.75325e-05 0.000844856 -0.000305027 7.53735e-05 -0.00397344 0.0211313
6.6 -3.51035e-05 0.000781947 -0.00061249 9.0308e-05 -0.01167 0.0195579
6.62 -2.30599e-05 0.000737785 -0.000950227 0.00010617 -0.0201626 0.0184534
6.64 -1.14453e-05 0.000710229 -0.00129014 0.000121454 -0.0289145 0.0177642
6.66 -1.12635e-07 0.000674451 -0.00156744 0.000129057 -0.0367072 0.0168694
6.68 1.11972e-05 0.000593116 -0.00173018 0.000119522 -0.0422201 0.0148351
6.7 2.2717e-05 0.000439868 -0.00178521 8.85058e-05 -0.0444772 0.0110023
6.72 3.45281e-05 0.000211459 -0.00173499 4.16231e-05 -0.0432211 0.00528976
6.74 4.63562e-05 -7.15673e-05 -0.00158466 -7.95507e-06 -0.0394614 -0.00178886
6.76 5.78224e-05 -0.000371806 -0.00139912 -4.83794e-05 -0.0348208 -0.00929795
6.78 6.83061e-05 -0.000650515 -0.00122294 -7.55289e-05 -0.0304144 -0.0162686
6.8 7.72311e-05 -0.000880815 -0.00108661 -9.11828e-05 -0.0270049 -0.0220289
6.82 8.42881e-05 -0.00104646 -0.0010108 -9.83072e-05 -0.0251087 -0.0261736
6.84 8.91166e-05 -0.00113698 -0.000979048 -9.93362e-05 -0.0243147 -0.0284405
6.86 9.13647e-05 -0.00115237 -0.000953545 -9.61167e-05 -0.0236768 -0.0288262
6.88 9.09208e-05 -0.00110909 -0.000915201 -8.90003e-05 -0.0227178 -0.0277437
6.9 8.76472e-05 -0.00103642 -0.000864345 -7.77226e-05 -0.0214459 -0.0259263
6.92 8.1757e-05 -0.000968306 -0.000777617 -6.57696e-05 -0.0192768 -0.0242227
6.94 7.41602e-05 -0.000928704 -0.000589437 -6.08995e-05 -0.0145704 -0.0232322
6.96 6.58131e-05 -0.000908709 -0.000260443 -6.59443e-05 -0.00634207 -0.0227321
6.98 5.71078e-05 -0.00087433 0.000154327 -7.11364e-05 0.00403155 -0.0218723
7 4.75367e-05 -0.000812147 0.000550839 -6.18982e-05 0.0139497 -0.0203171
7.02 3.65217e-05 -0.000741675 0.000858551 -3.39527e-05 0.021655 -0.0185545
7.04 2.41714e-05 -0.000670467 0.00105198 3.29486e-06 0.0265181 -0.0167736
7.06 1.1289e-05 -0.000572122 0.00112887 3.72743e-05 0.0284627 -0.0143139
7.08 -1.25634e-06 -0.000421263 0.00110667 6.22099e-05 0.0279074 -0.0105409
7.1 -1.30414e-05 -0.000225025 0.00101522 7.84686e-05 0.0256201 -0.00563288
7.12 -2.40521e-05 -1.70093e-05 0.000886315 8.56719e-05 0.0223961 -0.000430331
7.14 -3.42515e-05 0.000167254 0.000759808 7.96848e-05 0.0192322 0.00417818
7.16 -4.32189e-05 0.000309037 0.000680644 5.71837e-05 0.0172522 0.00772421
7.18 -5.03228e-05 0.000411282 0.000666444 2.26304e-05 0.0168971 0.0102814
7.2 -5.50966e-05 0.000490031 0.000692292 -1.03917e-05 0.0175436 0.012251
7.22 -5.76436e-05 0.000558557 0.00071708 -2.63498e-05 0.0181635 0.0139648
7.24 -5.84681e-05 0.000619945 0.000710928 -1.7373e-05 0.0180096 0.0155002
7.26 -5.80268e-05 0.000673947 0.000653833 1.36681e-05 0.0165817 0.0168508
7.28 -5.65906e-05 0.00072706 0.000528233 5.77271e-05 0.0134404 0.0181793
7.3 -5.42244e-05 0.000788584 0.000329024 0.000104765 0.00845807 0.0197181
7.32 -5.09275e-05 0.000857678 7.30228e-05 0.000145122 0.00205538 0.0214464
7.34 -4.67128e-05 0.000921844 -0.000210511 0.000169391 -0.00503593 0.0230517
7.36 -4.16167e-05 0.00096215 -0.000489922 0.000169641 -0.0120241 0.0240602
7.38 -3.5602e-05 0.000956917 -0.000730207 0.000141669 -0.0180337 0.0239293
7.4 -2.85317e-05 0.000890212 -0.000897869 8.69348e-05 -0.0222271 0.022261
7.42 -2.0298e-05 0.000760319 -0.000974695 1.3494e-05 -0.0241487 0.0190123
7.44 -1.10021e-05 0.00057777 -0.000965117 -6.49578e-05 -0.0239091 0.0144467
7.46 -1.00312e-06 0.00035695 -0.000891393 -0.000132897 -0.0220652 0.00892389
7.48 9.16679e-06 0.00011468 -0.000784785 -0.000178402 -0.019399 0.0028646
7.5 1.89556e-05 -0.000125658 -0.00067477 -0.000196556 -0.0166474 -0.00314634
7.52 2.78796e-05 -0.000336102 -0.000578493 -0.000188582 -0.0142395 -0.00840965
7.54 3.54771e-05 -0.000490465 -0.000502468 -0.000159045 -0.0123381 -0.0122703
7.56 4.12582e-05 -0.000574636 -0.000448613 -0.00011475 -0.0109911 -0.0143755
7.58 4.48482e-05 -0.000594484 -0.000412655 -6.51009e-05 -0.0100918 -0.0148719
7.6 4.61756e-05 -0.00057096 -0.00038065 -2.10096e-05 -0.00929136 -0.0142835
7.62 4.55221e-05 -0.000528239 -0.000330144 8.61224e-06 -0.00802819 -0.0132151
7.64 4.33706e-05 -0.000485261 -0.000238711 2.07277e-05 -0.00574141 -0.0121402
7.66 4.01749e-05 -0.000454571 -9.5984e-05 1.94493e-05 -0.00217175 -0.0113726
7.68 3.62364e-05 -0.00044193 8.9732e-05 1.33694e-05 0.00247309 -0.0110564
7.7 3.16329e-05 -0.000444618 0.000295971 1.06292e-05 0.00763121 -0.0111237
7.72 2.62393e-05 -0.000454265 0.000496718 1.53138e-05 0.012652 -0.011365
7.74 1.9911e-05 -0.000460473 0.000668574 2.7361e-05 0.0169503 -0.0115202
7.76 1.26174e-05 -0.000450216 0.000792569 4.49103e-05 0.0200518 -0.0112637
7.78 4.44691e-06 -0.000406237 0.000857136 6.61683e-05 0.021667 -0.0101638
7.8 -4.41735e-06 -0.000313377 0.000861088 8.88883e-05 0.0217659 -0.00784129
7.82 -1.37241e-05 -0.000168787 0.000814837 0.000108855 0.0206092 -0.00422503
7.84 -2.32298e-05 1.93496e-05 0.000737029 0.000120318 0.0186631 0.000480342
7.86 -3.27117e-05 0.000233673 0.000645634 0.000118799 0.0163773 0.00584066
7.88 -4.17937e-05 0.000445808 0.000553435 0.00010387 0.0140714 0.0111462
7.9 -4.98258e-05 0.000626447 0.000470557 7.96049e-05 0.0119986 0.0156641
7.92 -5.60041e-05 0.000760245 0.000405413 5.26207e-05 0.0103693 0.0190104
7.94 -5.9698e-05 0.000847068 0.000361982 2.92576e-05 0.00928308 0.0211819
7.96 -6.07536e-05 0.000889974 0.000334931 1.33241e-05 0.00860651 0.022255
7.98 -5.95393e-05 0.000890377 0.000305814 5.01125e-06 0.00787828 0.0222651
8 -5.66708e-05 0.000853661 0.000250009 1.37441e-06 0.00648259 0.0213468
8.02 -5.26203e-05 0.000792564 0.000151062 -1.60967e-06 0.00400787 0.0198188
8.04 -4.75772e-05 0.00072564 8.01167e-06 -6.86362e-06 0.000430129 0.018145
8.06 -4.16128e-05 0.000669181 -0.000167855 -1.57358e-05 -0.00396836 0.0167329
8.08 -3.48645e-05 0.000626691 -0.00035973 -2.90158e-05 -0.00876724 0.0156702
8.1 -2.75185e-05 0.00058517 -0.000548319 -4.76172e-05 -0.0134839 0.0146318
8.12 -1.96491e-05 0.00052314 -0.000710713 -7.18476e-05 -0.0175455 0.0130804
8.14 -1.11326e-05 0.000424357 -0.000819901 -9.97316e-05 -0.0202764 0.0106098
8.16 -1.75541e-06 0.000283824 -0.000854071 -0.000125682 -0.021131 0.00709497
8.18 8.54146e-06 0.000107676 -0.000813063 -0.000141187 -0.0201054 0.00268944
8.2 1.94639e-05 -8.85234e-05 -0.000722949 -0.000138351 -0.0178516 -0.00221759
8.22 3.03748e-05 -0.000285145 -0.000620805 -0.000114215 -0.0152969 -0.00713518
8.24 4.04875e-05 -0.000463276 -0.000537277 -7.21794e-05 -0.0132079 -0.0115903
8.26 4.91105e-05 -0.000607161 -0.000489374 -1.98023e-05 -0.0120098 -0.0151889
8.28 5.57944e-05 -0.000706396 -0.000477861 3.45044e-05 -0.0117218 -0.0176709
8.3 6.03406e-05 -0.000758344 -0.000489342 8.34346e-05 -0.012009 -0.0189701
8.32 6.27367e-05 -0.00076974 -0.000502804 0.000121119 -0.0123457 -0.0192552
8.34 6.30825e-05 -0.000755341 -0.000493486 0.000143013 -0.0121126 -0.018895
8.36 6.15595e-05 -0.000734377 -0.000436026 0.000146706 -0.0106755 -0.0183707
8.38 5.84388e-05 -0.000722589 -0.000314204 0.000133683 -0.00762871 -0.0180759
8.4 5.40677e-05 -0.000723884 -0.000131929 0.000110238 -0.00306995 -0.0181083
8.42 4.87711e-05 -0.00073137 8.57703e-05 8.58709e-05 0.00237481 -0.0182955
8.44 4.2752e-05 -0.00073345 0.000302892 6.94716e-05 0.0078051 -0.0183475
8.46 3.60811e-05 -0.00071795 0.000486445 6.54253e-05 0.0123959 -0.0179599
8.48 2.87275e-05 -0.000673257 0.000615576 7.23051e-05 0.0156255 -0.0168421
8.5 2.06003e-05 -0.000590056 0.000683412 8.4816e-05 0.0173221 -0.0147612
8.52 1.16225e-05 -0.000466005 0.000695211 9.67659e-05 0.0176172 -0.0116586
8.54 1.84448e-06 -0.000307447 0.000663923 0.000102813 0.0168346 -0.00769302
8.56 -8.45735e-06 -0.000126374 0.000605507 9.90043e-05 0.0153737 -0.00316429
8.58 -1.87561e-05 6.2651e-05 0.000538471 8.30241e-05 0.0136971 0.00156329
8.6 -2.83677e-05 0.00024367 0.000482478 5.45822e-05 0.0122967 0.00609064
8.62 -3.66332e-05 0.000400529 0.000449488 1.61494e-05 0.0114715 0.0100138
8.64 -4.30682e-05 0.000521235 0.000435959 -2.64136e-05 0.0111332 0.0130327
8.66 -4.7413e-05 0.000602451 0.000425266 -6.48301e-05 0.0108658 0.0150639
8.68 -4.96204e-05 0.000649448 0.000396373 -9.1377e-05 0.0101431 0.0162393
8.7 -4.9822e-05 0.000671381 0.000331936 -0.000101894 0.00853153 0.0167879
8.72 -4.82757e-05 0.000676313 0.00022205 -9.68095e-05 0.00578323 0.0169112
8.74 -4.53098e-05 0.000671156 6.56696e-05 -8.02709e-05 0.00187209 0.0167823
8.76 -4.12825e-05 0.000662167 -0.000127448 -5.85874e-05 -0.00295787 0.0165575
8.78 -3.65504e-05 0.000653134 -0.000337017 -3.86665e-05 -0.00819926 0.0163315
8.8 -3.13969e-05 0.000643018 -0.00053623 -2.66053e-05 -0.0131817 0.0160785
8.82 -2.59539e-05 0.000624251 -0.000697854 -2.61678e-05 -0.017224 0.0156091
8.84 -2.01989e-05 0.000586553 -0.000801801 -3.71706e-05 -0.0198237 0.0146663
8.86 -1.39851e-05 0.00052292 -0.000843281 -5.49557e-05 -0.0208612 0.0130748
8.88 -7.11886e-06 0.000430907 -0.000831966 -7.18308e-05 -0.0205782 0.0107735
8.9 4.91019e-07 0.000312413 -0.000782256 -7.97376e-05 -0.0193349 0.00780995
8.92 8.70341e-06 0.000172912 -0.000709588 -7.30001e-05 -0.0175175 0.00432098
8.94 1.71449e-05 2.00744e-05 -0.000632456 -5.03406e-05 -0.0155883 0.000498439
8.96 2.53133e-05 -0.000135849 -0.000568874 -1.52585e-05 -0.0139981 -0.00340127
8.98 3.26764e-05 -0.000280927 -0.000526377 2.53773e-05 -0.0129353 -0.00702974
9 3.87273e-05 -0.000400679 -0.000496018 6.32992e-05 -0.012176 -0.0100248
9.02 4.30293e-05 -0.000488955 -0.000454802 9.06042e-05 -0.0111452 -0.0122326
9.04 4.52909e-05 -0.000551316 -0.000377397 0.000101736 -0.00920922 -0.0137923
9.06 4.54601e-05 -0.000596976 -0.00025089 9.53271e-05 -0.00604522 -0.0149342
9.08 4.37475e-05 -0.0006291 -8.02014e-05 7.4605e-05 -0.00177624 -0.0157377
9.1 4.05416e-05 -0.000645522 0.00011413 4.62888e-05 0.00308408 -0.0161484
9.12 3.62636e-05 -0.000645949 0.000309002 1.90072e-05 0.00795791 -0.0161591
9.14 3.12345e-05 -0.000633485 0.000492103 1.2974e-06 0.0125373 -0.0158474
9.16 2.56677e-05 -0.000612623 0.000655762 -1.08073e-06 0.0166306 -0.0153256
9.18 1.97813e-05 -0.000586493 0.000786236 1.25346e-05 0.019894 -0.0146721
9.2 1.38288e-05 -0.000552546 0.000870479 3.71421e-05 0.0220012 -0.013823
9.22 7.95954e-06 -0.000502059 0.00091012 6.37698e-05 0.022993 -0.0125603
9.24 2.05011e-06 -0.000424002 0.000918839 8.30029e-05 0.0232111 -0.0106081
9.26 -4.25e-06 -0.00031477 0.000908114 8.88818e-05 0.0229429 -0.00787616
9.28 -1.11968e-05 -0.000184886 0.000881172 8.09153e-05 0.022269 -0.0046277
9.3 -1.8614e-05 -4.8557e-05 0.000839716 6.25607e-05 0.0212322 -0.00121806
9.32 -2.58542e-05 8.73193e-05 0.00078855 3.78072e-05 0.0199525 0.00218026
9.34 -3.20938e-05 0.000218522 0.000731273 1.01166e-05 0.01852 0.0054617
9.36 -3.67729e-05 0.000336224 0.000671041 -1.57128e-05 0.0170136 0.00840548
9.38 -3.98429e-05 0.000429614 0.000610396 -3.32466e-05 0.0154968 0.0107412
9.4 -4.15612e-05 0.000491491 0.00054167 -3.76107e-05 0.013778 0.0122888
9.42 -4.20969e-05 0.000522314 0.000449202 -2.85877e-05 0.0114653 0.0130596
9.44 -4.13991e-05 0.000533456 0.000326529 -1.06662e-05 0.00839719 0.0133383
9.46 -3.93935e-05 0.000539459 0.000179552 9.21568e-06 0.00472123 0.0134885
9.48 -3.61907e-05 0.000544695 1.60288e-05 2.4461e-05 0.000631443 0.0136194
9.5 -3.20678e-05 0.000541825 -0.000154352 3.0523e-05 -0.00362986 0.0135476
9.52 -2.72664e-05 0.000521334 -0.000314441 2.49155e-05 -0.00763375 0.0130352
9.54 -2.18601e-05 0.000480415 -0.000444037 7.07547e-06 -0.010875 0.0120117
9.56 -1.57905e-05 0.000419336 -0.000529973 -2.04756e-05 -0.0130243 0.0104841
9.58 -9.00834e-06 0.000336113 -0.000571092 -5.11843e-05 -0.0140527 0.00840268
9.6 -1.59505e-06 0.000230257 -0.000575716 -7.61506e-05 -0.0141683 0.0057552
9.62 6.21735e-06 0.000108305 -0.000556397 -8.77675e-05 -0.0136852 0.00270513
9.64 1.40623e-05 -1.57824e-05 -0.000526228 -8.25675e-05 -0.0129306 -0.000398356
9.66 2.14539e-05 -0.00012867 -0.00049543 -6.19058e-05 -0.0121604 -0.00322172
9.68 2.78365e-05 -0.000223648 -0.000468394 -3.08367e-05 -0.0114842 -0.00559715
9.7 3.27352e-05 -0.000299961 -0.000443649 3.87206e-06 -0.0108653 -0.00750579
9.72 3.59179e-05 -0.000358416 -0.000414723 3.55598e-05 -0.0101418 -0.00896777
9.74 3.73907e-05 -0.0003968 -0.000369836 5.87086e-05 -0.00901921 -0.00992775
9.76 3.72283e-05 -0.00041202 -0.000296206 6.95672e-05 -0.00717768 -0.0103084
9.78 3.54394e-05 -0.000406036 -0.000189738 6.69974e-05 -0.00451489 -0.0101587
9.8 3.20251e-05 -0.0003878 -5.9363e-05 5.3106e-05 -0.00125414 -0.00970266
9.82 2.71629e-05 -0.000367671 7.95869e-05 3.27829e-05 0.00222105 -0.00919924
9.84 2.12951e-05 -0.000349351 0.000216089 1.22515e-05 0.00563502 -0.00874104
9.86 1.49911e-05 -0.000328026 0.000345379 -2.5711e-06 0.00886864 -0.00820771
9.88 8.65589e-06 -0.000295112 0.000462902 -7.56636e-06 0.0118079 -0.00738451
9.9 2.32708e-06 -0.000244908 0.000561316 -1.73478e-06 0.0142693 -0.00612888
9.92 -4.24072e-06 -0.000177734 0.000633431 1.22441e-05 0.0160729 -0.00444883
9.94 -1.12704e-05 -9.63772e-05 0.000676366 2.89944e-05 0.0171468 -0.00241407
9.96 -1.86964e-05 -1.78599e-06 0.000694751 4.28463e-05 0.0176066 -4.83009e-05
9.98 -2.61585e-05 0.000107812 0.000700117 5.02737e-05 0.0177408 0.00269279
10 -3.32203e-05 0.000233395 0.000702186 5.06249e-05 0.0177925 0.00583368
10.02 -3.9553e-05 0.000366643 0.000700625 4.49607e-05 0.0177535 0.00916626
10.04 -4.49255e-05 0.000488819 0.000688158 3.45747e-05 0.0174417 0.0122219
10.06 -4.9053e-05 0.000579564 0.000659909 2.06029e-05 0.0167352 0.0144915
10.08 -5.15132e-05 0.000626762 0.000617744 4.84507e-06 0.0156806 0.0156719
10.1 -5.18657e-05 0.000630622 0.000565951 -9.41661e-06 0.0143852 0.0157685
10.12 -4.99002e-05 0.000600214 0.000504032 -1.82659e-05 0.0128366 0.015008
10.14 -4.58242e-05 0.000547771 0.000426981 -1.97527e-05 0.0109095 0.0136963
10.16 -4.01903e-05 0.000481402 0.000330093 -1.586e-05 0.00848633 0.0120364
10.18 -3.36181e-05 0.000405007 0.000212334 -1.15202e-05 0.00554112 0.0101258
10.2 -2.65357e-05 0.000324734 7.96489e-05 -1.13242e-05 0.00222262 0.0081181
10.22 -1.91273e-05 0.000249938 -5.60454e-05 -1.64923e-05 -0.00117115 0.00624742
10.24 -1.14673e-05 0.000186579 -0.000182889 -2.42324e-05 -0.00434357 0.0046628
10.26 -3.66727e-06 0.00013251 -0.000293577 -3.00884e-05 -0.00711192 0.00331051
10.28 4.07914e-06 7.94109e-05 -0.000384296 -3.13601e-05 -0.00938083 0.00198247
10.3 1.15671e-05 1.66242e-05 -0.000451344 -2.81128e-05 -0.0110577 0.000412146
10.32 1.86574e-05 -6.2159e-05 -0.000490826 -2.11129e-05 -0.0120452 -0.00155826
10.34 2.52521e-05 -0.000153929 -0.000501011 -9.9925e-06 -0.0122999 -0.00385345
10.36 3.12066e-05 -0.000249287 -0.000486318 6.07207e-06 -0.0119324 -0.0062384
10.38 3.62813e-05 -0.000338418 -0.000456968 2.64059e-05 -0.0111984 -0.00846761
10.4 4.01667e-05 -0.000413202 -0.000422103 4.75921e-05 -0.0103264 -0.010338
10.42 4.25623e-05 -0.000468631 -0.000385169 6.4078e-05 -0.00940266 -0.0117243
10.44 4.32581e-05 -0.000502653 -0.00034224 7.0846e-05 -0.00832898 -0.0125752
10.46 4.2166e-05 -0.00051361 -0.000285058 6.63593e-05 -0.00689886 -0.0128492
10.48 3.93132e-05 -0.000500959 -0.00020868 5.31908e-05 -0.0049886 -0.0125328
10.5 3.48294e-05 -0.000467437 -0.000113232 3.59856e-05 -0.0026014 -0.0116944
10.52 2.89465e-05 -0.000420337 1.32991e-06 1.88734e-05 0.000263831 -0.0105164
10.54 2.1991e-05 -0.000368881 0.000137498 4.45035e-06 0.00366944 -0.00922949
10.56 1.43381e-05 -0.000317936 0.000293127 -5.53338e-06 0.0075618 -0.00795535
10.58 6.32912e-06 -0.000264427 0.000455238 -9.31835e-06 0.0116163 -0.00661707
10.6 -1.80351e-06 -0.000200166 0.000603324 -5.52661e-06 0.01532 -0.00500986
10.62 -9.93465e-06 -0.000118748 0.000716768 5.36245e-06 0.0181572 -0.00297356
10.64 -1.79513e-05 -2.02669e-05 0.00078288 2.00598e-05 0.0198107 -0.000510516
10.66 -2.56344e-05 8.83469e-05 0.000802707 3.34482e-05 0.0203067 0.00220596
10.68 -3.26283e-05 0.000198004 0.000789046 4.09967e-05 0.019965 0.00494852
10.7 -3.85392e-05 0.000302662 0.000754877 4.05853e-05 0.0191104 0.00756607
10.72 -4.30751e-05 0.000397544 0.000705565 3.26188e-05 0.0178771 0.00993912
10.74 -4.61141e-05 0.000475127 0.000643899 1.91255e-05 0.0163348 0.0118795
10.76 -4.76391e-05 0.000526554 0.000575361 2.8691e-06 0.0146206 0.0131657
10.78 -4.76357e-05 0.000547165 0.000504108 -1.30404e-05 0.0128386 0.0136812
10.8 -4.60564e-05 0.000540876 0.000427594 -2.51188e-05 0.0109249 0.0135239
10.82 -4.2907e-05 0.0005192 0.000338263 -2.98745e-05 0.00869072 0.0129818
10.84 -3.83831e-05 0.000494513 0.000227852 -2.5223e-05 0.00592928 0.0123644
10.86 -3.28632e-05 0.000471599 9.08202e-05 -1.20854e-05 0.00250206 0.0117913
10.88 -2.67349e-05 0.000445443 -6.92758e-05 5.52765e-06 -0.00150201 0.0111371
10.9 -2.0212e-05 0.000408247 -0.000235838 2.23177e-05 -0.00566781 0.0102068
10.92 -1.33054e-05 0.000357262 -0.000388808 3.39895e-05 -0.00949364 0.00893164
10.94 -5.97188e-06 0.000295969 -0.000516373 3.84277e-05 -0.0126841 0.00739869
10.96 1.68917e-06 0.000227441 -0.000614092 3.54063e-05 -0.0151281 0.00568476
10.98 9.3655e-06 0.000149729 -0.000678711 2.57315e-05 -0.0167442 0.00374116
11 1.66363e-05 5.98571e-05 -0.000706476 1.08368e-05 -0.0174387 0.00149342
11.02 2.31632e-05 -4.27126e-05 -0.000696442 -6.76843e-06 -0.0171877 -0.00107189
11.04 2.87937e-05 -0.000154173 -0.00065309 -2.29432e-05 -0.0161035 -0.00385956
11.06 3.34931e-05 -0.000265241 -0.000585766 -3.2863e-05 -0.0144197 -0.00663743
11.08 3.71986e-05 -0.00036493 -0.000505182 -3.35028e-05 -0.0124042 -0.00913069
11.1 3.97319e-05 -0.0004454 -0.000419536 -2.54258e-05 -0.0102622 -0.0111433
11.12 4.08253e-05 -0.000502273 -0.000331798 -1.23234e-05 -0.0080678 -0.0125657
11.14 4.02289e-05 -0.000533486 -0.000237625 1.04542e-06 -0.00571249 -0.0133463
11.16 3.7857e-05 -0.000540308 -0.000130838 1.10208e-05 -0.0030417 -0.013517
11.18 3.38804e-05 -0.000525902 -1.08656e-05 1.60474e-05 -4.11538e-05 -0.0131567
11.2 2.86815e-05 -0.000493817 0.000120623 1.62336e-05 0.00324744 -0.0123542
11.22 2.26953e-05 -0.000448794 0.000265137 1.26226e-05 0.00686179 -0.0112282
11.24 1.62492e-05 -0.000396243 0.00042211 7.1007e-06 0.0107877 -0.00991384
11.26 9.51866e-06 -0.00034128 0.000581342 2.43615e-06 0.0147702 -0.00853919
11.28 2.60874e-06 -0.000287599 0.000726737 1.76223e-06 0.0184066 -0.00719661
11.3 -4.32052e-06 -0.000236003 0.000845193 7.50668e-06 0.0213695 -0.00590617
11.32 -1.10109e-05 -0.000182269 0.000927809 2.01323e-05 0.0234361 -0.00456225
11.34 -1.71949e-05 -0.000118234 0.000967713 3.74639e-05 0.0244343 -0.0029607
11.36 -2.27386e-05 -3.7507e-05 0.000963522 5.54357e-05 0.0243295 -0.000941698
11.38 -2.76986e-05 5.99576e-05 0.000922473 6.98334e-05 0.0233029 0.00149593
11.4 -3.22096e-05 0.000166667 0.000856471 7.76596e-05 0.0216521 0.00416477
11.42 -3.62862e-05 0.000271158 0.000776465 7.76432e-05 0.0196511 0.00677815
11.44 -3.96893e-05 0.000361898 0.000692519 7.0431e-05 0.0175516 0.00904759
11.46 -4.19658e-05 0.000429312 0.000613297 5.8562e-05 0.0155703 0.0107336
11.48 -4.26765e-05 0.000470509 0.000537707 4.55458e-05 0.0136797 0.011764
11.5 -4.16417e-05 0.000490812 0.000454408 3.42369e-05 0.0115964 0.0122718
11.52 -3.90412e-05 0.00049604 0.000355813 2.6093e-05 0.00913048 0.0124025
11.54 -3.52801e-05 0.000485559 0.000241438 2.16523e-05 0.00626991 0.0121404
11.56 -3.07223e-05 0.000459748 0.000106679 2.04441e-05 0.00289953 0.0114949
11.58 -2.55319e-05 0.000427306 -5.56733e-05 2.01812e-05 -0.00116097 0.0106835
11.6 -1.97258e-05 0.000396129 -0.000239168 1.76205e-05 -0.00575025 0.00990371
11.62 -1.33736e-05 0.000366117 -0.000422349 1.07751e-05 -0.0103317 0.00915311
11.64 -6.7188e-06 0.000330254 -0.000583024 -6.46199e-07 -0.0143502 0.00825615
11.66 -7.91144e-08 0.000276791 -0.000703113 -1.62276e-05 -0.0173537 0.00691904
11.68 6.36158e-06 0.000197084 -0.000771469 -3.46925e-05 -0.0190634 0.00492551
11.7 1.26158e-05 9.49329e-05 -0.000790632 -5.33579e-05 -0.0195427 0.00237068
11.72 1.87388e-05 -1.6074e-05 -0.000773616 -6.88569e-05 -0.0191171 -0.00040565
11.74 2.4644e-05 -0.000124607 -0.000733365 -7.80539e-05 -0.0181104 -0.0031201
11.76 3.00618e-05 -0.00022517 -0.00067892 -7.83992e-05 -0.0167487 -0.00563522
11.78 3.46578e-05 -0.000313864 -0.000619204 -6.87981e-05 -0.0152552 -0.0078535
11.8 3.8183e-05 -0.000385987 -0.000562076 -5.07459e-05 -0.0138264 -0.00965732
11.82 4.05232e-05 -0.000437144 -0.000509422 -2.81528e-05 -0.0125095 -0.0109368
11.84 4.16415e-05 -0.000467089 -0.00045655 -5.68145e-06 -0.0111871 -0.0116857
11.86 4.15072e-05 -0.000481661 -0.000393612 1.30903e-05 -0.00961304 -0.0120502
11.88 4.0098e-05 -0.000488596 -0.000307133 2.6436e-05 -0.00745016 -0.0122236
11.9 3.74414e-05 -0.000492183 -0.000184245 3.4082e-05 -0.00437669 -0.0123133
11.92 3.36335e-05 -0.000493154 -1.9989e-05 3.67191e-05 -0.000268568 -0.0123376
11.94 2.88132e-05 -0.000490035 0.000177391 3.60134e-05 0.00466799 -0.0122596
11.96 2.31267e-05 -0.000479343 0.000389067 3.44755e-05 0.0099621 -0.0119922
11.98 1.67271e-05 -0.000457172 0.000593096 3.4936e-05 0.015065 -0.0114377
12 9.80375e-06 -0.00042119 0.000772004 4.00562e-05 0.0195397 -0.0105378
12.02 2.58989e-06 -0.000369398 0.00091371 5.1519e-05 0.0230843 -0.00924243
12.04 -4.67206e-06 -0.000299194 0.0010093 6.86008e-05 0.0254763 -0.0074866
12.06 -1.17821e-05 -0.000210063 0.00105659 8.74688e-05 0.02666 -0.0052574
12.08 -1.86089e-05 -0.000105939 0.00106155 0.000102415 0.0267841 -0.00265321
12.1 -2.50718e-05 5.01229e-06 0.00103737 0.000108204 0.0261795 0.000121727
12.12 -3.10815e-05 0.000112876 0.0010018 0.000102076 0.0252897 0.00281944
12.14 -3.64792e-05 0.000209248 0.00096962 8.47154e-05 0.024485 0.00522975
12.16 -4.10236e-05 0.000289023 0.000944772 5.99003e-05 0.0238635 0.00722494
12.18 -4.44423e-05 0.000350698 0.00092126 3.28318e-05 0.0232754 0.00876746
12.2 -4.65549e-05 0.000395766 0.000891345 8.16001e-06 0.0225273 0.00989463
12.22 -4.73534e-05 0.000427254 0.000845278 -1.08947e-05 0.0213751 0.0106822
12.24 -4.69349e-05 0.000448718 0.000769439 -2.21643e-05 0.0194783 0.011219
12.26 -4.54131e-05 0.000464645 0.000650866 -2.43665e-05 0.0165128 0.0116173
12.28 -4.28532e-05 0.000479824 0.000483593 -1.81832e-05 0.0123292 0.011997
12.3 -3.92539e-05 0.000495379 0.000275374 -7.3228e-06 0.00712156 0.012386
12.32 -3.45982e-05 0.000506345 4.70882e-05 2.40939e-06 0.00141204 0.0126603
12.34 -2.89325e-05 0.000504762 -0.000177294 5.72773e-06 -0.00419985 0.0126207
12.36 -2.24114e-05 0.000484537 -0.000379352 -1.42009e-08 -0.00925341 0.0121148
12.38 -1.52682e-05 0.000442527 -0.000546337 -1.43097e-05 -0.0134298 0.0110641
12.4 -7.75448e-06 0.000377513 -0.000668958 -3.39468e-05 -0.0164966 0.00943812
12.42 -1.09753e-07 0.000291348 -0.000742732 -5.38664e-05 -0.0183418 0.00728311
12.44 7.42767e-06 0.000190405 -0.000770712 -6.85556e-05 -0.0190416 0.00475848
12.46 1.46017e-05 8.4306e-05 -0.000765718 -7.37064e-05 -0.0189167 0.0021049
12.48 2.11298e-05 -1.67252e-05 -0.000746597 -6.741e-05 -0.0184385 -0.000421938
12.5 2.67051e-05 -0.000103282 -0.000727135 -5.05565e-05 -0.0179517 -0.00258676
12.52 3.10336e-05 -0.000168687 -0.000710407 -2.64767e-05 -0.0175333 -0.00422256
12.54 3.39047e-05 -0.000211351 -0.000692472 1.15566e-07 -0.0170848 -0.00528961
12.56 3.52478e-05 -0.000234261 -0.000666175 2.43963e-05 -0.0164271 -0.00586259
12.58 3.51364e-05 -0.000242419 -0.00062318 4.21941e-05 -0.0153517 -0.00606664
12.6 3.37481e-05 -0.000243522 -0.000555925 5.03729e-05 -0.0136697 -0.00609422
12.62 3.13316e-05 -0.000248576 -0.000457981 4.75414e-05 -0.0112201 -0.00622062
12.64 2.8157e-05 -0.000266353 -0.000321999 3.4907e-05 -0.00781909 -0.00666523
12.66 2.44441e-05 -0.000298108 -0.000143662 1.64231e-05 -0.0033588 -0.00745943
12.68 2.03221e-05 -0.000337715 6.9242e-05 -2.14447e-06 0.00196602 -0.00845002
12.7 1.58398e-05 -0.000376375 0.000297778 -1.50248e-05 0.00768179 -0.00941693
12.72 1.10142e-05 -0.000405418 0.000519351 -1.83866e-05 0.0132234 -0.0101433
12.74 5.88032e-06 -0.000413979 0.000710737 -1.13753e-05 0.0180101 -0.0103574
12.76 5.17534e-07 -0.000389655 0.000847859 4.29961e-06 0.0214399 -0.00974907
12.78 -4.96619e-06 -0.000325582 0.000915889 2.56385e-05 0.0231417 -0.00814657
12.8 -1.04602e-05 -0.000226313 0.000921528 4.91686e-05 0.0232827 -0.0056638
12.82 -1.58238e-05 -0.000105511 0.000885267 7.07962e-05 0.0223758 -0.00264249
12.84 -2.08058e-05 1.77844e-05 0.000826842 8.59741e-05 0.0209146 0.000441162
12.86 -2.50352e-05 0.000124186 0.000761439 9.12738e-05 0.0192788 0.0031023
12.88 -2.81607e-05 0.000202548 0.000701357 8.60346e-05 0.0177762 0.00506218
12.9 -2.99513e-05 0.000248727 0.000651526 7.25947e-05 0.0165299 0.00621713
12.92 -3.03253e-05 0.0002605 0.000607345 5.54824e-05 0.0154249 0.00651159
12.94 -2.93593e-05 0.000243734 0.000561106 3.98213e-05 0.0142684 0.00609226
12.96 -2.72454e-05 0.000216053 0.000501691 2.92631e-05 0.0127824 0.00539995
12.98 -2.42714e-05 0.000196514 0.000409976 2.50939e-05 0.0104886 0.00491127
13 -2.07651e-05 0.000194838 0.000267781 2.66917e-05 0.00693226 0.00486936
13.02 -1.69955e-05 0.000210056 7.52846e-05 3.17293e-05 0.00211784 0.00524995
13.04 -1.30841e-05 0.000234699 -0.000145757 3.64931e-05 -0.0034105 0.00586628
13.06 -8.99255e-06 0.000261197 -0.000366385 3.74628e-05 -0.00892851 0.00652901
13.08 -4.65101e-06 0.000283736 -0.000563098 3.26956e-05 -0.0138484 0.00709272
13.1 -9.353e-08 0.00029296 -0.000717742 2.15994e-05 -0.0177161 0.00732342
13.12 4.54599e-06 0.000276224 -0.000816767 4.35638e-06 -0.0201928 0.00690484
13.14 9.14951e-06 0.000225901 -0.000856017 -1.77009e-05 -0.0211745 0.00564624
13.16 1.3682e-05 0.00014525 -0.000843267 -4.13362e-05 -0.0208557 0.00362912
13.18 1.81081e-05 4.8416e-05 -0.00079416 -6.16415e-05 -0.0196275 0.00120727
13.2 2.2239e-05 -4.60137e-05 -0.000725924 -7.38434e-05 -0.0179209 -0.00115446
13.22 2.56994e-05 -0.000125198 -0.000656004 -7.55769e-05 -0.0161721 -0.00313489
13.24 2.80679e-05 -0.000184822 -0.000597037 -6.78882e-05 -0.0146973 -0.0046261
13.26 2.9084e-05 -0.000225683 -0.000549054 -5.44217e-05 -0.0134973 -0.00564805
13.28 2.87753e-05 -0.000251445 -0.000502045 -3.94896e-05 -0.0123215 -0.00629239
13.3 2.74275e-05 -0.000267154 -0.000443134 -2.63409e-05 -0.0108482 -0.00668526
13.32 2.54215e-05 -0.000278276 -0.000359514 -1.67337e-05 -0.00875679 -0.00696343
13.34 2.30403e-05 -0.000289114 -0.000240117 -1.14958e-05 -0.00577063 -0.00723451
13.36 2.03812e-05 -0.000302985 -8.06517e-05 -1.07246e-05 -0.00178233 -0.00758141
13.38 1.74122e-05 -0.000322675 0.00011298 -1.31457e-05 0.00306049 -0.00807386
13.4 1.41094e-05 -0.000349065 0.000326541 -1.56144e-05 0.00840173 -0.0087339
13.42 1.05685e-05 -0.000378573 0.000539897 -1.36828e-05 0.0137379 -0.0094719
13.44 6.98337e-06 -0.000400659 0.000730592 -3.17763e-06 0.0185073 -0.0100243
13.46 3.47735e-06 -0.000400277 0.00087961 1.78354e-05 0.0222349 -0.0100147
13.48 -5.12469e-08 -0.000366348 0.0009729 4.76807e-05 0.0245691 -0.00916614
13.5 -3.86857e-06 -0.000300457 0.00100318 8.12937e-05 0.0253268 -0.00751818
13.52 -8.14791e-06 -0.000215111 0.000976889 0.000112034 0.0246694 -0.00538364
13.54 -1.27387e-05 -0.000123139 0.0009138 0.000133969 0.0230915 -0.00308338
13.56 -1.71883e-05 -3.09526e-05 0.000836513 0.000143599 0.0211585 -0.000777769
13.58 -2.10289e-05 5.97717e-05 0.000761288 0.000140527 0.0192771 0.00149128
13.6 -2.40553e-05 0.000145287 0.000694949 0.000126866 0.0176179 0.00363006
13.62 -2.63357e-05 0.00021667 0.000634247 0.000105928 0.0160998 0.00541537
13.64 -2.80085e-05 0.000265517 0.000570323 8.12955e-05 0.014501 0.00663706
13.66 -2.90571e-05 0.000292423 0.000498839 5.67646e-05 0.0127131 0.00730999
13.68 -2.93421e-05 0.000310803 0.000418514 3.63291e-05 0.0107042 0.00776968
13.7 -2.88436e-05 0.000338885 0.000320439 2.30823e-05 0.00825131 0.00847202
13.72 -2.77901e-05 0.000385337 0.000189177 1.73011e-05 0.00496839 0.00963381
13.74 -2.65381e-05 0.00044436 1.62238e-05 1.54153e-05 0.000642748 0.01111
13.76 -2.52933e-05 0.000504088 -0.000189573 1.13165e-05 -0.00450432 0.0126038
13.78 -2.39487e-05 0.000556554 -0.00040625 -3.10723e-07 -0.0099235 0.013916
13.8 -2.21827e-05 0.00059746 -0.000607415 -2.0917e-05 -0.0149547 0.0149391
13.82 -1.97185e-05 0.000620647 -0.000769068 -4.78302e-05 -0.0189978 0.015519
13.84 -1.649e-05 0.000616536 -0.000878143 -7.69215e-05 -0.021726 0.0154162
13.86 -1.26056e-05 0.000577001 -0.000933909 -0.000105235 -0.0231209 0.0144274
13.88 -8.22285e-06 0.000501713 -0.000942204 -0.000130816 -0.0233284 0.0125444
13.9 -3.48785e-06 0.000399648 -0.00091222 -0.000150545 -0.0225785 0.00999173
13.92 1.44291e-06 0.000285485 -0.000857661 -0.000159284 -0.021214 0.00713647
13.94 6.38769e-06 0.000173938 -0.000796534 -0.000152185 -0.0196852 0.00434663
13.96 1.118e-05 7.54111e-05 -0.000746539 -0.000128357 -0.0184348 0.00188243
13.98 1.56972e-05 -4.13164e-06 -0.000719651 -9.25972e-05 -0.0177623 -0.000106967
14 1.98123e-05 -6.02837e-05 -0.000715469 -5.3561e-05 -0.0176577 -0.00151135
14.02 2.33251e-05 -9.15728e-05 -0.000720455 -1.95965e-05 -0.0177824 -0.00229391
14.04 2.59881e-05 -0.000107895 -0.00071395 4.989e-06 -0.0176197 -0.00270213
14.06 2.76896e-05 -0.000132019 -0.000668684 2.06861e-05 -0.0164876 -0.00330549
14.08 2.86039e-05 -0.000183452 -0.000559374 3.01912e-05 -0.0137537 -0.00459184
14.1 2.91202e-05 -0.00026594 -0.000379324 3.55988e-05 -0.00925055 -0.0066549
14.12 2.9573e-05 -0.000370552 -0.000144323 3.86869e-05 -0.00337308 -0.00927129
14.14 2.99424e-05 -0.000480863 0.000113602 4.2661e-05 0.00307772 -0.0120302
14.16 2.98277e-05 -0.000579018 0.000353419 5.16547e-05 0.00907566 -0.0144851
14.18 2.87858e-05 -0.000652002 0.000537877 6.83604e-05 0.013689 -0.0163105
14.2 2.66943e-05 -0.000688467 0.000648464 9.22366e-05 0.0164549 -0.0172225
14.22 2.37485e-05 -0.000673089 0.000686698 0.000118882 0.0174111 -0.0168379
14.24 2.01346e-05 -0.000596944 0.000672032 0.000141086 0.0170443 -0.0149335
14.26 1.57833e-05 -0.000473859 0.000636079 0.000152125 0.0161451 -0.011855
14.28 1.05089e-05 -0.000338785 0.00060482 0.000149096 0.0153633 -0.0084768
14.3 4.38592e-06 -0.00022411 0.000589954 0.000133449 0.0149915 -0.00560872
14.32 -2.0601e-06 -0.000137549 0.000594529 0.000109335 0.0151059 -0.0034438
14.34 -8.07612e-06 -6.84914e-05 0.00061392 8.21902e-05 0.0155909 -0.00171663
14.36 -1.31577e-05 -4.13389e-06 0.000631904 5.75095e-05 0.0160407 -0.000107026
14.38 -1.73468e-05 6.49745e-05 0.000627009 3.84689e-05 0.0159183 0.0016214
14.4 -2.10552e-05 0.000141286 0.000581357 2.43075e-05 0.0147765 0.00352998
14.42 -2.45921e-05 0.000222169 0.000484127 1.19785e-05 0.0123448 0.0055529
14.44 -2.78797e-05 0.000308214 0.000337598 -1.04092e-06 0.00867999 0.00770493
14.46 -3.05757e-05 0.000402302 0.000160689 -1.57063e-05 0.00425542 0.0100581
14.48 -3.23568e-05 0.000499571 -2.23573e-05 -3.15258e-05 -0.000322637 0.0124909
14.5 -3.30796e-05 0.000585487 -0.000195408 -4.71508e-05 -0.00465072 0.0146396
14.52 -3.27715e-05 0.000645876 -0.000348614 -6.20306e-05 -0.00848245 0.01615
14.54 -3.15058e-05 0.000672395 -0.000472985 -7.74023e-05 -0.011593 0.0168133
14.56 -2.92561e-05 0.00066008 -0.000561877 -9.42932e-05 -0.0138162 0.0165053
14.58 -2.58958e-05 0.000610544 -0.000614248 -0.000110753 -0.0151261 0.0152663
14.6 -2.13785e-05 0.000536406 -0.000633474 -0.000122217 -0.0156069 0.0134121
14.62 -1.5899e-05 0.000453102 -0.00062539 -0.000124366 -0.0154047 0.0113286
14.64 -9.85009e-06 0.000364332 -0.000596111 -0.000115257 -0.0146725 0.00910847
14.66 -3.64871e-06 0.000265088 -0.000549385 -9.60063e-05 -0.0135038 0.00662633
14.68 2.40348e-06 0.000157393 -0.000490542 -7.04967e-05 -0.0120321 0.00393284
14.7 8.16991e-06 4.98697e-05 -0.000429483 -4.31903e-05 -0.010505 0.00124363
14.72 1.36279e-05 -5.21296e-05 -0.000376488 -1.61713e-05 -0.00917959 -0.00130741
14.74 1.8734e-05 -0.00014699 -0.000331688 1.04753e-05 -0.00805913 -0.0036799
14.76 2.33367e-05 -0.000234166 -0.000280138 3.51938e-05 -0.00676983 -0.00586022
14.78 2.72364e-05 -0.000316215 -0.000204578 5.39934e-05 -0.00488006 -0.0079123
14.8 3.02603e-05 -0.000396486 -9.83351e-05 6.3611e-05 -0.00222287 -0.00991992
14.82 3.22284e-05 -0.000471526 3.53196e-05 6.42595e-05 0.00111989 -0.0117967
14.84 3.29489e-05 -0.000535383 0.000187294 5.95929e-05 0.00492084 -0.0133938
14.86 3.23401e-05 -0.00058732 0.000345434 5.55572e-05 0.00887598 -0.0146928
14.88 3.04858e-05 -0.000624324 0.000498862 5.82398e-05 0.0127133 -0.0156182
14.9 2.75079e-05 -0.00063248 0.000634434 7.03715e-05 0.016104 -0.0158222
14.92 2.34251e-05 -0.000595839 0.000728661 8.94184e-05 0.0184607 -0.0149058
14.94 1.81551e-05 -0.000512435 0.000760374 0.000109356 0.0192538 -0.0128198
14.96 1.16568e-05 -0.000396424 0.000733579 0.000123781 0.0185837 -0.00991837
14.98 4.15548e-06 -0.000267572 0.00067372 0.00012793 0.0170866 -0.00669571
15 -3.71279e-06 -0.00014155 0.00060249 0.00011995 0.0153051 -0.00354387
15.02 -1.10757e-05 -2.41649e-05 0.000528048 0.00010124 0.0134433 -0.000608007
15.04 -1.72975e-05 8.85422e-05 0.00045591 7.47454e-05 0.0116391 0.00221084
15.06 -2.23151e-05 0.000198522 0.000393714 4.28449e-05 0.0100835 0.00496148
15.08 -2.65071e-05 0.000296482 0.000344812 7.74037e-06 0.00886049 0.00741151
15.1 -3.02539e-05 0.000372424 0.000302502 -2.67035e-05 0.00780228 0.00931086
15.12 -3.35918e-05 0.000431683 0.000248644 -5.50007e-05 0.00645528 0.0107929
15.14 -3.61886e-05 0.000490062 0.000160391 -7.21551e-05 0.00424804 0.012253
15.16 -3.75946e-05 0.000554652 2.67358e-05 -7.5795e-05 0.000905257 0.0138684
15.18 -3.75593e-05 0.000618094 -0.000141137 -6.75936e-05 -0.0032933 0.0154552
15.2 -3.61121e-05 0.000664316 -0.000319287 -5.33183e-05 -0.00774892 0.0166112
15.22 -3.33581e-05 0.000677198 -0.000486199 -4.04008e-05 -0.0119235 0.0169334
15.24 -2.92903e-05 0.00065142 -0.000625718 -3.46216e-05 -0.0154129 0.0162887
15.26 -2.38646e-05 0.000593565 -0.000723317 -3.8517e-05 -0.0178539 0.0148417
15.28 -1.71727e-05 0.000510576 -0.000770241 -5.10345e-05 -0.0190275 0.0127661
15.3 -9.47638e-06 0.00040198 -0.00076725 -6.74551e-05 -0.0189527 0.0100501
15.32 -1.14097e-06 0.000269602 -0.000723691 -8.09854e-05 -0.0178632 0.00673923
15.34 7.42919e-06 0.000126149 -0.000657545 -8.59576e-05 -0.0162089 0.00315141
15.36 1.5847e-05 -1.56734e-05 -0.000589762 -7.94583e-05 -0.0145136 -0.000395629
15.38 2.3782e-05 -0.00015301 -0.000533053 -6.06111e-05 -0.0130953 -0.00383048
15.4 3.0967e-05 -0.000285405 -0.000488863 -3.04101e-05 -0.0119901 -0.00714174
15.42 3.72072e-05 -0.000406628 -0.000452931 7.34673e-06 -0.0110914 -0.0101736
15.44 4.23575e-05 -0.000507531 -0.00041539 4.64165e-05 -0.0101525 -0.0126972
15.46 4.62087e-05 -0.000581621 -0.000359599 7.98588e-05 -0.00875716 -0.0145502
15.48 4.84064e-05 -0.000628823 -0.00026741 0.000101636 -0.00645147 -0.0157308
15.5 4.85847e-05 -0.00065597 -0.000129883 0.000108413 -0.00301187 -0.0164097
15.52 4.66394e-05 -0.000671137 4.31594e-05 0.000101528 0.001316 -0.0167891
15.54 4.28513e-05 -0.000674954 0.000227967 8.68679e-05 0.00593811 -0.0168845
15.56 3.77312e-05 -0.000659615 0.000400582 7.19236e-05 0.0102553 -0.0165009
15.58 3.17042e-05 -0.000616541 0.000543493 6.24672e-05 0.0138296 -0.0154236
15.6 2.49164e-05 -0.000545536 0.000646658 6.09046e-05 0.0164098 -0.0136477
15.62 1.73317e-05 -0.000457748 0.000708183 6.61165e-05 0.0179486 -0.0114521
15.64 8.98648e-06 -0.000364372 0.000733531 7.40154e-05 0.0185826 -0.00911672
15.66 1.4969e-07 -0.000265367 0.000731909 7.87999e-05 0.018542 -0.00664058
15.68 -8.75418e-06 -0.000153555 0.000712769 7.53312e-05 0.0180633 -0.00384411
15.7 -1.73507e-05 -2.73994e-05 0.00068682 6.17496e-05 0.0174143 -0.000688905
15.72 -2.5438e-05 0.000105887 0.000664303 3.99366e-05 0.0168511 0.00264464
15.74 -3.2894e-05 0.000236439 0.00064679 1.33322e-05 0.0164131 0.0059098
15.76 -3.94367e-05 0.000351412 0.000624138 -1.47552e-05 0.0158466 0.00878534
15.78 -4.45249e-05 0.000439552 0.000586023 -4.06025e-05 0.0148933 0.0109898
15.8 -4.75659e-05 0.000500274 0.000529472 -5.98762e-05 0.013479 0.0125084
15.82 -4.82192e-05 0.000539199 0.000450986 -6.91592e-05 0.011516 0.0134819
15.84 -4.65502e-05 0.000558727 0.000347477 -6.72424e-05 0.00892719 0.0139704
15.86 -4.29734e-05 0.00055746 0.000224316 -5.54976e-05 0.00584689 0.0139387
15.88 -3.80292e-05 0.000535322 9.06684e-05 -3.80044e-05 0.00250431 0.013385
15.9 -3.21086e-05 0.000494878 -4.82421e-05 -2.05294e-05 -0.000969903 0.0123735
15.92 -2.53657e-05 0.000440469 -0.000186177 -7.9153e-06 -0.0044197 0.0110127
15.94 -1.78966e-05 0.00037897 -0.00031075 -2.08572e-06 -0.00753533 0.00947457
15.96 -9.94538e-06 0.000315776 -0.00041167 -2.30036e-06 -0.0100594 0.00789405
15.98 -1.90544e-06 0.000247824 -0.000486274 -6.3994e-06 -0.0119253 0.00619455
16 5.87158e-06 0.000163975 -0.000533042 -1.15858e-05 -0.013095 0.00409745
16.02 1.3252e-05 5.64499e-05 -0.000549712 -1.49742e-05 -0.0135119 0.0014082
16.04 2.03076e-05 -6.81925e-05 -0.000541434 -1.41956e-05 -0.0133048 -0.00170916
16.06 2.70744e-05 -0.000192389 -0.000517904 -7.62974e-06 -0.0127164 -0.00481536
16.08 3.32687e-05 -0.000299669 -0.000483781 5.4292e-06 -0.0118629 -0.00749848
16.1 3.82577e-05 -0.000382015 -0.000442373 2.38339e-05 -0.0108273 -0.00955798
16.12 4.13672e-05 -0.000438688 -0.000400124 4.37375e-05 -0.00977062 -0.0109754
16.14 4.2273e-05 -0.000471831 -0.000359306 5.97913e-05 -0.00874975 -0.0118043
16.16 4.11228e-05 -0.000481371 -0.000311475 6.79654e-05 -0.00755347 -0.0120429
16.18 3.8309e-05 -0.000463935 -0.000246029 6.72432e-05 -0.00591662 -0.0116069
16.2 3.41529e-05 -0.000420867 -0.000157921 5.91112e-05 -0.00371302 -0.0105297
16.22 2.87787e-05 -0.000363423 -4.5187e-05 4.62083e-05 -0.000893494 -0.00909299
16.24 2.22437e-05 -0.00030557 8.854e-05 3.11863e-05 0.00245107 -0.00764607
16.26 1.47688e-05 -0.000253803 0.000229305 1.61502e-05 0.00597166 -0.00635134
16.28 6.81073e-06 -0.000204304 0.000358997 3.09096e-06 0.00921532 -0.00511336
16.3 -1.12017e-06 -0.000147566 0.000467667 -5.4837e-06 0.0119332 -0.00369433
16.32 -8.71341e-06 -7.5405e-05 0.00055103 -7.37142e-06 0.0140182 -0.00188954
16.34 -1.59287e-05 1.37443e-05 0.000601835 -2.70579e-06 0.0152888 0.000340118
16.36 -2.28402e-05 0.000114352 0.000615711 5.1245e-06 0.0156358 0.00285637
16.38 -2.94104e-05 0.000217297 0.000599024 1.10596e-05 0.0152185 0.00543106
16.4 -3.53667e-05 0.000313683 0.000565212 1.13602e-05 0.0143728 0.0078417
16.42 -4.02617e-05 0.000397264 0.00052616 5.7079e-06 0.0133961 0.0099321
16.44 -4.36574e-05 0.000463768 0.000489398 -3.07143e-06 0.0124767 0.0115954
16.46 -4.52931e-05 0.000509525 0.00045707 -1.12765e-05 0.0116682 0.0127398
16.48 -4.5133e-05 0.000532277 0.000422837 -1.67459e-05 0.010812 0.0133088
16.5 -4.3299e-05 0.000531161 0.000377119 -1.94259e-05 0.00966856 0.0132809
16.52 -3.99573e-05 0.000505616 0.000316358 -1.97145e-05 0.0081489 0.012642
16.54 -3.52507e-05 0.000458533 0.000240773 -1.67266e-05 0.00625848 0.0114645
16.56 -2.93129e-05 0.000398467 0.000146877 -8.84853e-06 0.00391011 0.00996218
16.58 -2.23233e-05 0.000333533 3.085e-05 4.05139e-06 0.00100823 0.00833817
16.6 -1.4551e-05 0.000265539 -0.000101018 1.92888e-05 -0.00228984 0.00663761
16.62 -6.35926e-06 0.000192805 -0.00023163 3.20716e-05 -0.00555652 0.00481849
16.64 1.85306e-06 0.000113728 -0.000343499 3.78393e-05 -0.00835441 0.00284076
16.66 9.75475e-06 2.67876e-05 -0.000426056 3.50129e-05 -0.0104192 0.000666335
16.68 1.71287e-05 -6.56891e-05 -0.000476968 2.58848e-05 -0.0116925 -0.00164655
16.7 2.38372e-05 -0.000157287 -0.000500282 1.46763e-05 -0.0122756 -0.00393745
16.72 2.97614e-05 -0.000243537 -0.000500403 5.11602e-06 -0.0122786 -0.00609458
16.74 3.47415e-05 -0.000321909 -0.000479389 -3.39596e-07 -0.0117531 -0.0080547
16.76 3.85468e-05 -0.000388044 -0.000442601 -3.90852e-07 -0.010833 -0.00970877
16.78 4.09332e-05 -0.000436879 -0.000403595 5.11523e-06 -0.00985743 -0.0109302
16.8 4.17534e-05 -0.000465328 -0.000373942 1.50872e-05 -0.0091158 -0.0116417
16.82 4.10004e-05 -0.000472041 -0.000348988 2.6978e-05 -0.00849167 -0.0118096
16.84 3.87692e-05 -0.000457702 -0.000313457 3.7022e-05 -0.00760303 -0.011451
16.86 3.52004e-05 -0.000425519 -0.000257288 4.1635e-05 -0.00619822 -0.010646
16.88 3.04441e-05 -0.000379717 -0.000180771 3.90028e-05 -0.00428449 -0.00950051
16.9 2.46586e-05 -0.000324211 -8.9603e-05 2.94173e-05 -0.00200435 -0.00811228
16.92 1.80441e-05 -0.000262375 1.06337e-05 1.47767e-05 0.000502609 -0.00656574
16.94 1.08608e-05 -0.000196711 0.000117757 -1.67968e-06 0.0031818 -0.00492345
16.96 3.37756e-06 -0.000126975 0.000230324 -1.57013e-05 0.00599715 -0.00317933
16.98 -4.19508e-06 -5.01669e-05 0.000338249 -2.32351e-05 0.00869639 -0.00125833
17 -1.1698e-05 3.50018e-05 0.000424026 -2.2145e-05 0.0108417 0.000871776
17.02 -1.89655e-05 0.000125457 0.000477755 -1.32674e-05 0.0121855 0.00313409
17.04 -2.57845e-05 0.000216092 0.000504431 -5.41644e-09 0.0128527 0.00540093
17.06 -3.18981e-05 0.00030201 0.000516806 1.34837e-05 0.0131622 0.00754975
17.08 -3.70402e-05 0.000378853 0.000523198 2.42396e-05 0.0133221 0.00947163
17.1 -4.09804e-05 0.000442689 0.000522952 3.08652e-05 0.0133159 0.0110682
17.12 -4.35416e-05 0.00048859 0.00051348 3.24682e-05 0.013079 0.0122162
17.14 -4.45829e-05 0.000510829 0.000496422 2.82247e-05 0.0126524 0.0127724
17.16 -4.40009e-05 0.000506399 0.000475162 1.84132e-05 0.0121207 0.0126616
17.18 -4.17724e-05 0.000477057 0.000450391 5.48847e-06 0.0115011 0.0119278
17.2 -3.80056e-05 0.000428205 0.000419305 -6.40524e-06 0.0107237 0.0107059
17.22 -3.29381e-05 0.000366284 0.00037584 -1.34778e-05 0.00963656 0.00915729
17.24 -2.68645e-05 0.000295216 0.000313899 -1.42421e-05 0.0080874 0.00737984
17.26 -2.00471e-05 0.000215749 0.000234057 -9.67314e-06 0.00609052 0.00539233
17.28 -1.26917e-05 0.000130565 0.000143828 -1.8417e-06 0.00383384 0.00326184
17.3 -5.00705e-06 4.65551e-05 5.14366e-05 7.33505e-06 0.00152311 0.00116073
17.32 2.72635e-06 -3.00479e-05 -3.80919e-05 1.64304e-05 -0.000716039 -0.000755144
17.34 1.01538e-05 -9.79866e-05 -0.00012186 2.41883e-05 -0.00281113 -0.00245432
17.36 1.69419e-05 -0.000160996 -0.000196493 2.91502e-05 -0.00467772 -0.00403021
17.38 2.2905e-05 -0.000224465 -0.000256862 3.00462e-05 -0.00618757 -0.00561759
17.4 2.80259e-05 -0.000289145 -0.000297165 2.69292e-05 -0.00719556 -0.00723527
17.42 3.2326e-05 -0.00034879 -0.000316205 2.17418e-05 -0.00767176 -0.00872702
17.44 3.57134e-05 -0.000395613 -0.000320835 1.74349e-05 -0.00778755 -0.00989807
17.46 3.79512e-05 -0.000425284 -0.000321039 1.61842e-05 -0.00779267 -0.0106402
17.48 3.87756e-05 -0.00043783 -0.000321256 1.80429e-05 -0.00779808 -0.0109539
17.5 3.80592e-05 -0.000435126 -0.000317937 2.12336e-05 -0.00771507 -0.0108863
17.52 3.58657e-05 -0.000415981 -0.000304721 2.38125e-05 -0.00738454 -0.0104075
17.54 3.23447e-05 -0.000375192 -0.000278228 2.49459e-05 -0.00672195 -0.00938735
17.56 2.75935e-05 -0.000310195 -0.000239138 2.47409e-05 -0.00574427 -0.00776174
17.58 2.16415e-05 -0.00022638 -0.000188669 2.32817e-05 -0.00448203 -0.0056655
17.6 1.45641e-05 -0.000133544 -0.000126326 2.00496e-05 -0.00292281 -0.00334363
17.62 6.60786e-06 -3.97883e-05 -5.08781e-05 1.44715e-05 -0.00103583 -0.000998757
17.64 -1.80423e-06 5.20578e-05 3.65044e-05 7.16764e-06 0.00114965 0.00129835
17.66 -1.0203e-05 0.000143263 0.000129373 2.23122e-07 0.00347232 0.00357944
17.68 -1.82241e-05 0.000234175 0.000217988 -4.2932e-06 0.00568862 0.00585319
17.7 -2.5649e-05 0.000321022 0.000294652 -6.03665e-06 0.00760601 0.00802526
17.72 -3.23238e-05 0.000397798 0.000355674 -6.49477e-06 0.00913222 0.00994545
17.74 -3.80528e-05 0.000459927 0.000399137 -7.5479e-06 0.0102192 0.0114993
17.76 -4.25673e-05 0.000505039 0.000424963 -9.96587e-06 0.0108651 0.0126276
17.78 -4.55856e-05 0.000531939 0.000436112 -1.31456e-05 0.011144 0.0133004
17.8 -4.6901e-05 0.000539231 0.000435672 -1.61183e-05 0.011133 0.0134828
17.82 -4.6434e-05 0.00052542 0.0004248 -1.86099e-05 0.0108611 0.0131373
17.84 -4.42358e-05 0.00049066 0.000404335 -2.10442e-05 0.0103492 0.012268
17.86 -4.04516e-05 0.000437179 0.000376127 -2.35757e-05 0.00964375 0.0109304
17.88 -3.52716e-05 0.000368252 0.000342301 -2.51545e-05 0.00879774 0.0092065
17.9 -2.88891e-05 0.000287702 0.000302724 -2.3609e-05 0.00780792 0.0071919
17.92 -2.14784e-05 0.000199252 0.000254494 -1.68549e-05 0.00660167 0.00497974
17.94 -1.32106e-05 0.000105718 0.00019494 -4.28683e-06 0.00511219 0.00264041
17.96 -4.30336e-06 9.73508e-06 0.000123391 1.2693e-05 0.00332271 0.000239844
17.98 4.92979e-06 -8.60552e-05 4.19111e-05 3.13152e-05 0.00128487 -0.00215591
18 1.40908e-05 -0.000180821 -4.38761e-05 4.8802e-05 -0.000860704 -0.00452605
18.02 2.27808e-05 -0.000275238 -0.000127401 6.33795e-05 -0.00294969 -0.00688745
18.04 3.06926e-05 -0.000367762 -0.000204554 7.40507e-05 -0.00487934 -0.00920151
18.06 3.76301e-05 -0.000453384 -0.000272075 7.97849e-05 -0.00656804 -0.0113429
18.08 4.34376e-05 -0.000526219 -0.000324359 7.96216e-05 -0.0078757 -0.0131646
18.1 4.79116e-05 -0.000581782 -0.000356599 7.37002e-05 -0.00868204 -0.0145542
18.12 5.07904e-05 -0.000617241 -0.000369756 6.37826e-05 -0.00901108 -0.0154411
18.14 5.18467e-05 -0.00063096 -0.000368754 5.2615e-05 -0.00898604 -0.0157842
18.16 5.10075e-05 -0.000622555 -0.00035763 4.27971e-05 -0.00870782 -0.015574
18.18 4.83791e-05 -0.000591667 -0.000337307 3.58583e-05 -0.00819954 -0.0148015
18.2 4.4155e-05 -0.000537369 -0.000306799 3.18342e-05 -0.00743652 -0.0134435
18.22 3.85009e-05 -0.000460731 -0.000265435 2.95831e-05 -0.00640199 -0.0115267
18.24 3.15169e-05 -0.000366408 -0.000213487 2.7576e-05 -0.00510275 -0.00916765
18.26 2.33055e-05 -0.000260785 -0.000151934 2.43412e-05 -0.00356327 -0.00652597
18.28 1.40779e-05 -0.000149398 -8.08703e-05 1.84849e-05 -0.00178594 -0.00374014
18.3 4.1998e-06 -3.58152e-05 7.83021e-07 9.03979e-06 0.00025624 -0.000899388
18.32 -5.87382e-06 7.84164e-05 9.20462e-05 -3.86481e-06 0.00253877 0.00195759
18.34 -1.57189e-05 0.000192052 0.000187356 -1.88924e-05 0.0049225 0.00479966
18.36 -2.50107e-05 0.000301639 0.000278467 -3.41587e-05 0.00720122 0.00754049
18.38 -3.35002e-05 0.000401428 0.000359576 -4.79252e-05 0.00922981 0.0100362
18.4 -4.09488e-05 0.000485985 0.000428573 -5.87926e-05 0.0109554 0.012151
18.42 -4.70928e-05 0.000552082 0.000483871 -6.5558e-05 0.0123385 0.0138042
18.44 -5.16723e-05 0.000598661 0.000522725 -6.72202e-05 0.0133102 0.0149691
18.46 -5.44967e-05 0.000625622 0.00054272 -6.33881e-05 0.0138103 0.0156434
18.48 -5.54961e-05 0.000632589 0.000544551 -5.47492e-05 0.0138561 0.0158177
18.5 -5.47253e-05 0.000619679 0.000531807 -4.30194e-05 0.0135374 0.0154948
18.52 -5.23281e-05 0.000588633 0.000508205 -3.02542e-05 0.0129471 0.0147183
18.54 -4.84772e-05 0.00054299 0.000475107 -1.79498e-05 0.0121193 0.0135768
18.56 -4.3337e-05 0.000486813 0.00043118 -6.53258e-06 0.0110206 0.0121718
18.58 -3.70517e-05 0.000422642 0.000374892 4.45504e-06 0.00961286 0.0105668
18.6 -2.97431e-05 0.000350219 0.00030662 1.572e-05 0.00790535 0.00875549
18.62 -2.15264e-05 0.000267446 0.000228894 2.77091e-05 0.00596139 0.0066853
18.64 -1.25574e-05 0.000173689 0.000144944 4.04485e-05 0.00386177 0.00434039
18.66 -3.08592e-06 7.09384e-05 5.71342e-05 5.34786e-05 0.00166561 0.00177057
18.68 6.52753e-06 -3.74656e-05 -3.24183e-05 6.57677e-05 -0.000574138 -0.000940665
18.7 1.5845e-05 -0.000147697 -0.000119755 7.58065e-05 -0.00275846 -0.00369759
18.72 2.44207e-05 -0.000254861 -0.000198743 8.19951e-05 -0.00473398 -0.00637782
18.74 3.18659e-05 -0.000352218 -0.00026397 8.31458e-05 -0.00636535 -0.00881275
18.76 3.7878e-05 -0.000432454 -0.000313122 7.88904e-05 -0.00759465 -0.0108195
18.78 4.2235e-05 -0.000489633 -0.000346904 6.98486e-05 -0.00843957 -0.0122496
18.8 4.47925e-05 -0.000520791 -0.000367357 5.7434e-05 -0.0089511 -0.0130288
18.82 4.55042e-05 -0.000526565 -0.000375612 4.34102e-05 -0.00915755 -0.0131732
18.84 4.44465e-05 -0.000510318 -0.000371463 2.95075e-05 -0.00905379 -0.0127669
18.86 4.18145e-05 -0.000476742 -0.000354329 1.71966e-05 -0.00862527 -0.0119271
18.88 3.78693e-05 -0.000430053 -0.000324437 7.40931e-06 -0.00787765 -0.0107594
18.9 3.28656e-05 -0.000372956 -0.000283083 1.65602e-07 -0.00684336 -0.00933142
18.92 2.69931e-05 -0.00030706 -0.000231878 -5.48541e-06 -0.0055627 -0.00768333
18.94 2.03672e-05 -0.000233822 -0.00017212 -1.0932e-05 -0.00406814 -0.00585161
18.96 1.30811e-05 -0.000155054 -0.000104961 -1.72351e-05 -0.00238846 -0.0038816
18.98 5.28706e-06 -7.23962e-05 -3.29364e-05 -2.46815e-05 -0.000587096 -0.00181429
19 -2.75564e-06 1.32176e-05 4.0545e-05 -3.27617e-05 0.0012507 0.000326945
19.02 -1.07129e-05 0.000101598 0.000112961 -4.04029e-05 0.00306187 0.00253738
19.04 -1.82649e-05 0.000192128 0.000182713 -4.63496e-05 0.00480639 0.00480158
19.06 -2.5175e-05 0.000281392 0.000248895 -4.94843e-05 0.00646161 0.00703409
19.08 -3.12787e-05 0.000362856 0.000310062 -4.89104e-05 0.00799143 0.00907154
19.1 -3.64108e-05 0.000429543 0.000363387 -4.39909e-05 0.00932512 0.0107394
19.12 -4.03562e-05 0.000477512 0.000405376 -3.45755e-05 0.0103753 0.0119391
19.14 -4.28919e-05 0.000507208 0.00043331 -2.12709e-05 0.0110739 0.0126819
19.16 -4.38852e-05 0.000520131 0.000446498 -5.44647e-06 0.0114037 0.013005
19.18 -4.33548e-05 0.000515735 0.00044567 1.10098e-05 0.0113831 0.0128951
19.2 -4.14404e-05 0.000492571 0.000432558 2.59307e-05 0.0110551 0.0123158
19.22 -3.83051e-05 0.000450327 0.000409794 3.72349e-05 0.0104858 0.0112592
19.24 -3.40671e-05 0.000391244 0.000380467 4.36365e-05 0.00975231 0.00978155
19.26 -2.88196e-05 0.000320121 0.000347286 4.52206e-05 0.00892242 0.00800272
19.28 -2.27052e-05 0.000242222 0.000311256 4.33141e-05 0.00802129 0.00605443
19.3 -1.59547e-05 0.000160454 0.000271808 3.98588e-05 0.00703469 0.00400939
19.32 -8.85066e-06 7.54142e-05 0.000227499 3.67422e-05 0.00592649 0.00188251
19.34 -1.66471e-06 -1.1519e-05 0.000176741 3.52041e-05 0.00465702 -0.000291728
19.36 5.37334e-06 -9.66324e-05 0.000118857 3.55286e-05 0.00320932 -0.00242045
19.38 1.20552e-05 -0.000175356 5.49561e-05 3.72643e-05 0.00161113 -0.00438937
19.4 1.816e-05 -0.000244621 -1.14229e-05 3.96125e-05 -4.90344e-05 -0.00612172
19.42 2.34483e-05 -0.000303243 -7.42013e-05 4.14636e-05 -0.00161915 -0.00758788
19.44 2.76959e-05 -0.000350043 -0.000127306 4.13112e-05 -0.00294731 -0.00875835
19.46 3.07394e-05 -0.000383018 -0.000168092 3.76735e-05 -0.0039674 -0.00958308
19.48 3.24987e-05 -0.000400481 -0.000196889 2.99727e-05 -0.00468762 -0.0100198
19.5 3.29648e-05 -0.000401456 -0.000215232 1.90416e-05 -0.00514639 -0.0100442
19.52 3.21817e-05 -0.00038594 -0.000225308 6.78187e-06 -0.00539839 -0.00965615
19.54 3.02384e-05 -0.000355227 -0.000229481 -4.58726e-06 -0.00550276 -0.00888801
19.56 2.72562e-05 -0.00031109 -0.00022921 -1.32186e-05 -0.00549598 -0.00778412
19.58 2.33635e-05 -0.000255143 -0.000224705 -1.81805e-05 -0.00538331 -0.00638487
19.6 1.86808e-05 -0.000189697 -0.000215487 -1.96383e-05 -0.00515276 -0.00474804
19.62 1.33412e-05 -0.000118868 -0.00019978 -1.84545e-05 -0.00475993 -0.00297658
19.64 7.5175e-06 -4.64631e-05 -0.000174804 -1.56046e-05 -0.00413527 -0.00116569
19.66 1.42261e-06 2.64138e-05 -0.000138625 -1.19512e-05 -0.0032304 0.000656988
19.68 -4.71371e-06 9.98322e-05 -9.14448e-05 -8.25521e-06 -0.00205041 0.00249321
19.7 -1.0671e-05 0.000172078 -3.5626e-05 -5.10926e-06 -0.000654364 0.00430011
19.72 -1.62436e-05 0.000238976 2.53716e-05 -2.86783e-06 0.000871211 0.00597325
19.74 -2.12291e-05 0.000296325 8.82068e-05 -1.61786e-06 0.00244274 0.00740758
19.76 -2.54205e-05 0.000341246 0.000150069 -1.02277e-06 0.00398996 0.00853106
19.78 -2.86262e-05 0.000371777 0.000208443 -2.0405e-07 0.0054499 0.00929466
19.8 -3.07159e-05 0.000386764 0.000261141 1.87517e-06 0.0067679 0.00966949
19.82 -3.16408e-05 0.000384988 0.000306405 5.69031e-06 0.00789997 0.00962506
19.84 -3.14104e-05 0.000365223 0.000343023 1.08434e-05 0.00881581 0.00913075
19.86 -3.00607e-05 0.000328058 0.000370481 1.63525e-05 0.00950255 0.00820123
19.88 -2.76507e-05 0.000276722 0.000388573 2.11413e-05 0.00995502 0.0069173
19.9 -2.4279e-05 0.000215904 0.000397021 2.44489e-05 0.0101663 0.00539622
19.92 -2.00941e-05 0.000149577 0.000396026 2.60359e-05 0.0101414 0.00373736
19.94 -1.52798e-05 8.00578e-05 0.000386324 2.60962e-05 0.00989878 0.00199864
19.96 -1.0023e-05 8.8108e-06 0.000367898 2.50256e-05 0.00943793 0.000216728
19.98 -4.48372e-06 -6.28809e-05 0.000339891 2.33601e-05 0.00873748 -0.00157631
20 1.20476e-06 -0.000133585 0.000301971 2.18968e-05 0.00778908 -0.00334465
20.02 6.90869e-06 -0.000201394 0.000254699 2.16341e-05 0.00660678 -0.00504058
20.04 1.24641e-05 -0.00026384 0.000199229 2.33557e-05 0.00521946 -0.00660239
20.06 1.76706e-05 -0.00031839 0.00013716 2.71454e-05 0.00366708 -0.00796671
20.08 2.23065e-05 -0.000362328 7.02389e-05 3.22019e-05 0.00199336 -0.00906561
20.1 2.61549e-05 -0.000392695 1.91557e-07 3.70794e-05 0.000241447 -0.0098251
20.12 2.90295e-05 -0.000407267 -7.02831e-05 4.02947e-05 -0.00152115 -0.0101895
20.14 3.079e-05 -0.000405074 -0.000136349 4.0986e-05 -0.0031735 -0.0101347
20.16 3.13506e-05 -0.000386486 -0.000192811 3.91699e-05 -0.00458562 -0.00966981
20.18 3.06838e-05 -0.000352696 -0.000237278 3.54737e-05 -0.00569776 -0.00882471
20.2 2.88233e-05 -0.000305827 -0.000269667 3.06717e-05 -0.00650783 -0.00765249
20.22 2.58592e-05 -0.000248903 -0.000289745 2.53901e-05 -0.00700999 -0.00622879
20.24 2.19275e-05 -0.000185155 -0.000297109 2.00587e-05 -0.00719417 -0.00463444
20.26 1.71998e-05 -0.000117301 -0.000292284 1.50007e-05 -0.00707348 -0.00293737
20.28 1.18662e-05 -4.63863e-05 -0.000277156 1.04579e-05 -0.00669512 -0.00116377
20.3 6.11306e-06 2.76279e-05 -0.000253612 6.43198e-06 -0.00610629 0.000687353
20.32 1.09241e-07 0.0001038 -0.000221766 2.53212e-06 -0.0053098 0.00259245
20.34 -5.98046e-06 0.0001786 -0.000180317 -1.90043e-06 -0.00427315 0.00446322
20.36 -1.19696e-05 0.000247391 -0.000127982 -7.41797e-06 -0.00296423 0.00618371
20.38 -1.76441e-05 0.000307244 -6.48095e-05 -1.40997e-05 -0.00138426 0.00768066
20.4 -2.27831e-05 0.000356599 7.42626e-06 -2.13668e-05 0.00042239 0.00891505
20.42 -2.71951e-05 0.000393925 8.63259e-05 -2.81259e-05 0.0023957 0.00984861
20.44 -3.0747e-05 0.000417817 0.000169351 -3.32937e-05 0.00447221 0.0104461
20.46 -3.33555e-05 0.000427153 0.000252455 -3.62412e-05 0.00655067 0.0106796
20.48 -3.49528e-05 0.000421482 0.000329597 -3.67154e-05 0.00848 0.0105378
20.5 -3.5471e-05 0.00040197 0.000394622 -3.46114e-05 0.0101063 0.0100498
20.52 -3.48618e-05 0.000370904 0.000443611 -3.00454e-05 0.0113315 0.00927283
20.54 -3.31275e-05 0.000330034 0.000476247 -2.34529e-05 0.0121478 0.00825064
20.56 -3.03378e-05 0.000280092 0.000494916 -1.54522e-05 0.0126147 0.00700158
20.58 -2.66201e-05 0.00022163 0.000501553 -6.72511e-06 0.0127807 0.00553943
20.6 -2.21288e-05 0.000155382 0.000496567 2.00317e-06 0.012656 0.00388254
20.62 -1.70144e-05 8.24144e-05 0.000480631 1.01281e-05 0.0122574 0.00205758
20.64 -1.14175e-05 4.66781e-06 0.000455119 1.74549e-05 0.0116194 0.00011311
20.66 -5.48521e-06 -7.47802e-05 0.000420985 2.43255e-05 0.0107657 -0.00187392
20.68 6.01642e-07 -0.00015152 0.000378215 3.1411e-05 0.00969597 -0.00379321
20.7 6.61988e-06 -0.000221005 0.000325753 3.92451e-05 0.00838388 -0.00553106
20.72 1.23302e-05 -0.000280468 0.000262195 4.78135e-05 0.00679426 -0.00701825
20.74 1.75162e-05 -0.000328384 0.000188055 5.64762e-05 0.00493998 -0.00821665
20.76 2.20037e-05 -0.000362911 0.000106945 6.42306e-05 0.00291139 -0.0090802
20.78 2.56567e-05 -0.000382664 2.37291e-05 7.01816e-05 0.00083013 -0.00957422
20.8 2.83674e-05 -0.000388147 -5.69815e-05 7.38613e-05 -0.00118847 -0.00971135
20.82 3.00521e-05 -0.000380989 -0.000131015 7.50094e-05 -0.00304009 -0.00953233
20.84 3.06644e-05 -0.000363105 -0.000195045 7.31506e-05 -0.00464151 -0.00908503
20.86 3.02092e-05 -0.000336207 -0.000246585 6.77254e-05 -0.00593054 -0.0084123
20.88 2.87321e-05 -0.000300843 -0.000284223 5.86703e-05 -0.00687187 -0.00752785
20.9 2.62973e-05 -0.000257075 -0.000308254 4.6696e-05 -0.00747289 -0.00643318
20.92 2.2982e-05 -0.000205605 -0.000320064 3.30434e-05 -0.00776829 -0.00514591
20.94 1.88904e-05 -0.000147661 -0.000320913 1.90004e-05 -0.00778951 -0.00369671
20.96 1.41663e-05 -8.4615e-05 -0.000311904 5.49552e-06 -0.00756418 -0.00211989
20.98 8.98725e-06 -1.78561e-05 -0.00029459 -6.98869e-06 -0.00713115 -0.000450221
21 3.54606e-06 5.0848e-05 -0.0002704 -1.81953e-05 -0.00652617 0.0012681
21.02 -1.96111e-06 0.000118662 -0.000239962 -2.78605e-05 -0.0057649 0.00296415
21.04 -7.33153e-06 0.000181894 -0.000203162 -3.5713e-05 -0.00484451 0.00454562
21.06 -1.23525e-05 0.000237241 -0.000159047 -4.16503e-05 -0.00374118 0.00592985
21.08 -1.68156e-05 0.000282541 -0.000106764 -4.58262e-05 -0.00243357 0.00706284
21.1 -2.05426e-05 0.000316155 -4.71915e-05 -4.8469e-05 -0.000943623 0.00790353
21.12 -2.34038e-05 0.000336419 1.68108e-05 -4.95788e-05 0.000657101 0.00841034
21.14 -2.53171e-05 0.00034206 8.17569e-05 -4.88097e-05 0.00228143 0.00855143
21.16 -2.62292e-05 0.000332371 0.000144715 -4.55845e-05 0.00385604 0.00830909
21.18 -2.61022e-05 0.000307965 0.000202747 -3.93287e-05 0.00530745 0.00769871
21.2 -2.49253e-05 0.000270991 0.000252624 -2.97908e-05 0.00655488 0.00677397
21.22 -2.27417e-05 0.000224087 0.000291798 -1.73156e-05 0.00753464 0.00560088
21.24 -1.96658e-05 0.000169707 0.000319391 -2.86481e-06 0.00822476 0.0042408
21.26 -1.58687e-05 0.00010952 0.000336396 1.22539e-05 0.00865005 0.0027355
21.28 -1.154e-05 4.46016e-05 0.000344575 2.68092e-05 0.00885461 0.00111187
21.3 -6.84824e-06 -2.40008e-05 0.000345926 3.99779e-05 0.00888841 -0.000603904
21.32 -1.92974e-06 -9.46961e-05 0.000342616 5.13926e-05 0.00880564 -0.00237202
21.34 3.0869e-06 -0.000164932 0.000336171 6.09462e-05 0.00864443 -0.00412864
21.36 8.0445e-06 -0.000231993 0.00032696 6.86048e-05 0.00841406 -0.00580587
21.38 1.27428e-05 -0.000293565 0.000314312 7.43751e-05 0.00809772 -0.00734581
21.4 1.69625e-05 -0.000347468 0.000296544 7.83016e-05 0.00765336 -0.00869396
21.42 2.05148e-05 -0.000391354 0.000271537 8.04071e-05 0.00702791 -0.00979156
21.44 2.32759e-05 -0.000422728 0.000238681 8.06574e-05 0.00620617 -0.0105762
21.46 2.51827e-05 -0.00043917 0.000199382 7.8953e-05 0.00522329 -0.0109875
21.48 2.61901e-05 -0.000438067 0.000155567 7.50622e-05 0.00412745 -0.0109599
21.5 2.62338e-05 -0.000418002 0.000109183 6.86188e-05 0.00296736 -0.010458
21.52 2.52419e-05 -0.000380781 6.2812e-05 5.93668e-05 0.00180761 -0.00952712
21.54 2.31859e-05 -0.000330317 1.98039e-05 4.74449e-05 0.000731961 -0.00826501
21.56 2.01356e-05 -0.000270979 -1.65461e-05 3.34632e-05 -0.000177169 -0.00678093
21.58 1.62711e-05 -0.000206008 -4.42526e-05 1.84708e-05 -0.00087012 -0.00515599
21.6 1.1824e-05 -0.000136035 -6.37289e-05 3.76111e-06 -0.00135723 -0.00340593
21.62 6.98863e-06 -6.01208e-05 -7.7538e-05 -9.58563e-06 -0.0017026 -0.00150728
21.64 1.87704e-06 2.13373e-05 -8.84307e-05 -2.10583e-05 -0.00197503 0.000530021
21.66 -3.43798e-06 0.000105116 -9.77953e-05 -3.06349e-05 -0.00220924 0.00262537
21.68 -8.83678e-06 0.0001872 -0.000106023 -3.84849e-05 -0.00241503 0.00467832
21.7 -1.40972e-05 0.000264487 -0.00011316 -4.47266e-05 -0.00259353 0.00661131
21.72 -1.89262e-05 0.000335192 -0.000118279 -4.92916e-05 -0.00272156 0.00837967
21.74 -2.30634e-05 0.000398095 -0.000118803 -5.20177e-05 -0.00273466 0.0099529
21.76 -2.63642e-05 0.000450237 -0.000112404 -5.28824e-05 -0.00257461 0.011257
21.78 -2.87936e-05 0.000487331 -9.92796e-05 -5.20463e-05 -0.00224637 0.0121847
21.8 -3.03525e-05 0.000506242 -8.13161e-05 -4.96769e-05 -0.00179709 0.0126577
21.82 -3.10076e-05 0.000506297 -6.04731e-05 -4.57376e-05 -0.0012758 0.0126591
21.84 -3.06835e-05 0.000489057 -3.85581e-05 -3.99022e-05 -0.000727696 0.0122279
21.86 -2.93171e-05 0.000457218 -1.70191e-05 -3.17563e-05 -0.000188998 0.0114316
21.88 -2.69314e-05 0.000413719 3.38423e-06 -2.12358e-05 0.000321298 0.0103437
21.9 -2.36566e-05 0.000360647 2.15646e-05 -8.92314e-06 0.000775996 0.0090163
21.92 -1.9685e-05 0.000298887 3.60423e-05 4.08369e-06 0.00113809 0.00747166
21.94 -1.51983e-05 0.000228737 4.68728e-05 1.66094e-05 0.00140896 0.00571718
21.96 -1.0316e-05 0.000150265 5.58689e-05 2.78801e-05 0.00163396 0.00375456
21.98 -5.09926e-06 6.49843e-05 6.43443e-05 3.77236e-05 0.00184593 0.00162165
22 3.81911e-07 -2.30843e-05 7.22259e-05 4.62568e-05 0.00204306 -0.000580982
22.02 5.97043e-06 -0.000109233 7.91305e-05 5.33799e-05 0.00221574 -0.00273559
22.04 1.13991e-05 -0.000190026 8.48221e-05 5.86342e-05 0.00235809 -0.00475627
22.06 1.63523e-05 -0.000263834 8.93274e-05 6.15096e-05 0.00247077 -0.00660222
22.08 2.05683e-05 -0.000329385 9.28405e-05 6.18968e-05 0.00255864 -0.00824169
22.1 2.39092e-05 -0.00038453 9.57588e-05 6.03331e-05 0.00263162 -0.0096209
22.12 2.63474e-05 -0.000426059 9.83904e-05 5.77871e-05 0.00269744 -0.0106595
22.14 2.78806e-05 -0.000450193 0.000100353 5.50224e-05 0.00274652 -0.0112632
22.16 2.84565e-05 -0.0004549 0.000100625 5.20958e-05 0.00275332 -0.0113809
22.18 2.7971e-05 -0.00044065 9.80883e-05 4.84684e-05 0.00268989 -0.0110245
22.2 2.63381e-05 -0.000409632 9.28297e-05 4.35034e-05 0.00255837 -0.0102487
22.22 2.35727e-05 -0.000364454 8.6497e-05 3.6889e-05 0.00239998 -0.00911878
22.24 1.98128e-05 -0.000306617 8.15029e-05 2.87801e-05 0.00227508 -0.00767224
22.26 1.52687e-05 -0.000237239 7.96277e-05 1.9683e-05 0.00222818 -0.00593707
22.28 1.01403e-05 -0.000158151 8.08386e-05 1.01879e-05 0.00225846 -0.00395905
22.3 4.5764e-06 -7.2741e-05 8.39474e-05 7.22653e-07 0.00233622 -0.00182292
22.32 -1.29526e-06 1.42822e-05 8.78798e-05 -8.44068e-06 0.00243457 0.000353569
22.34 -7.30742e-06 9.9327e-05 9.17658e-05 -1.69561e-05 0.00253176 0.00248058
22.36 -1.32301e-05 0.00018159 9.42347e-05 -2.42857e-05 0.00259351 0.004538
22.38 -1.88157e-05 0.000262237 9.39788e-05 -2.9881e-05 0.0025871 0.00655502
22.4 -2.38658e-05 0.000340881 9.096e-05 -3.34928e-05 0.0025116 0.00852195
22.42 -2.82523e-05 0.00041331 8.65764e-05 -3.53208e-05 0.00240197 0.0103334
22.44 -3.18818e-05 0.000473692 8.31417e-05 -3.5886e-05 0.00231606 0.0118436
22.46 -3.46467e-05 0.000517678 8.28845e-05 -3.56538e-05 0.00230963 0.0129437
22.48 -3.64161e-05 0.000543763 8.6237e-05 -3.46217e-05 0.00239348 0.0135961
22.5 -3.7072e-05 0.000551818 9.11886e-05 -3.22982e-05 0.00251732 0.0137976
22.52 -3.65507e-05 0.000541445 9.49331e-05 -2.82003e-05 0.00261097 0.0135381
22.54 -3.48578e-05 0.000512863 9.54849e-05 -2.24199e-05 0.00262477 0.0128233
22.56 -3.20553e-05 0.000467772 9.19633e-05 -1.56726e-05 0.0025367 0.0116955
22.58 -2.82529e-05 0.000409638 8.42703e-05 -8.81331e-06 0.00234429 0.0102416
22.6 -2.36128e-05 0.00034279 7.2962e-05 -2.39069e-06 0.00206147 0.00856969
22.62 -1.83402e-05 0.000270258 5.85023e-05 3.43366e-06 0.00169982 0.00675563
22.64 -1.26405e-05 0.000192654 4.08679e-05 8.79201e-06 0.00125878 0.00481472
22.66 -6.67507e-06 0.000109416 2.11099e-05 1.39997e-05 0.000764624 0.0027329
22.68 -5.66303e-07 2.17842e-05 2.146e-06 1.93795e-05 0.000290329 0.000541198
22.7 5.55187e-06 -6.67659e-05 -1.34352e-05 2.51148e-05 -9.93633e-05 -0.00167348
22.72 1.14877e-05 -0.000152353 -2.58512e-05 3.12435e-05 -0.000409894 -0.00381405
22.74 1.69849e-05 -0.000231167 -3.69809e-05 3.75692e-05 -0.000688251 -0.00578521
22.76 2.1767e-05 -0.000299341 -4.81496e-05 4.34516e-05 -0.000967586 -0.00749028
22.78 2.56034e-05 -0.000353063 -5.96184e-05 4.79453e-05 -0.00125443 -0.00883388
22.8 2.83475e-05 -0.000389174 -7.04051e-05 5.03861e-05 -0.0015242 -0.00973704
22.82 2.99274e-05 -0.000405969 -7.88831e-05 5.08088e-05 -0.00173624 -0.0101571
22.84 3.03183e-05 -0.000403731 -8.3771e-05 4.97338e-05 -0.00185849 -0.0101011
22.86 2.95318e-05 -0.000384994 -8.39596e-05 4.76113e-05 -0.00186321 -0.00963249
22.88 2.76195e-05 -0.000353605 -7.80499e-05 4.44886e-05 -0.0017154 -0.00884744
22.9 2.46731e-05 -0.000313059 -6.48881e-05 4.01228e-05 -0.00138622 -0.00783336
22.92 2.08198e-05 -0.000265483 -4.449e-05 3.43616e-05 -0.000876057 -0.00664348
22.94 1.6212e-05 -0.000211639 -1.82735e-05 2.74221e-05 -0.000220371 -0.00529681
22.96 1.10124e-05 -0.000151464 1.17603e-05 1.97934e-05 0.000530787 -0.00379181
22.98 5.38168e-06 -8.47292e-05 4.4314e-05 1.1878e-05 0.00134497 -0.00212275
23 -5.26196e-07 -1.18084e-05 7.8748e-05 3.79367e-06 0.00220618 -0.000298965
23.02 -6.55436e-06 6.54317e-05 0.000113815 -4.42539e-06 0.00308322 0.00163284
23.04 -1.25233e-05 0.000143274 0.000148084 -1.24582e-05 0.00394029 0.00357971
23.06 -1.82141e-05 0.000216993 0.000181211 -1.95807e-05 0.00476881 0.00542345
23.08 -2.33754e-05 0.00028255 0.000213509 -2.49305e-05 0.00557662 0.00706307
23.1 -2.77632e-05 0.000337535 0.00024488 -2.79087e-05 0.0063612 0.00843825
23.12 -3.11912e-05 0.000380289 0.00027436 -2.84222e-05 0.00709851 0.00950756
23.14 -3.35607e-05 0.0004092 0.000300415 -2.69055e-05 0.00775016 0.0102306
23.16 -3.48422e-05 0.00042254 0.000321231 -2.41543e-05 0.00827078 0.0105643
23.18 -3.50257e-05 0.000419018 0.00033476 -2.09518e-05 0.00860913 0.0104762
23.2 -3.40891e-05 0.000399217 0.000339481 -1.76738e-05 0.00872723 0.00998095
23.22 -3.20173e-05 0.000365653 0.000335046 -1.42084e-05 0.00861631 0.00914151
23.24 -2.88544e-05 0.000321452 0.000321805 -1.0231e-05 0.00828513 0.00803601
23.26 -2.47334e-05 0.000268342 0.0003006 -5.54396e-06 0.00775479 0.0067077
23.28 -1.9854e-05 0.00020661 0.000272801 -2.11762e-07 0.00705953 0.00516378
23.3 -1.443e-05 0.000137054 0.000239486 5.54391e-06 0.0062263 0.00342414
23.32 -8.6423e-06 6.19816e-05 0.000200473 1.15869e-05 0.00525057 0.00154655
23.34 -2.63733e-06 -1.47958e-05 0.000155378 1.80249e-05 0.00412272 -0.000373681
23.36 3.4345e-06 -8.91119e-05 0.00010515 2.5071e-05 0.0028665 -0.00223236
23.38 9.38256e-06 -0.000157531 5.13558e-05 3.2708e-05 0.00152109 -0.00394354
23.4 1.49772e-05 -0.000217865 -4.21933e-06 4.0468e-05 0.000131129 -0.00545252
23.42 1.99839e-05 -0.000268946 -5.91469e-05 4.75019e-05 -0.00124263 -0.00673008
23.44 2.41992e-05 -0.000309546 -0.000110627 5.28782e-05 -0.00253018 -0.00774551
23.46 2.74723e-05 -0.000338355 -0.000156684 5.59655e-05 -0.00368207 -0.00846603
23.48 2.97124e-05 -0.000354708 -0.000196621 5.67036e-05 -0.00468091 -0.00887503
23.5 3.08806e-05 -0.000358578 -0.000229909 5.551e-05 -0.00551346 -0.00897182
23.52 3.09761e-05 -0.000349937 -0.000256076 5.2835e-05 -0.0061679 -0.00875572
23.54 3.00222e-05 -0.000328654 -0.000274963 4.87932e-05 -0.00664029 -0.0082234
23.56 2.80586e-05 -0.000295392 -0.000286123 4.3225e-05 -0.0069194 -0.0073915
23.58 2.51396e-05 -0.000251591 -0.000288448 3.60141e-05 -0.00697755 -0.00629603
23.6 2.13407e-05 -0.000198827 -0.00028075 2.73007e-05 -0.00678502 -0.00497637
23.62 1.67754e-05 -0.000139148 -0.000262401 1.75484e-05 -0.0063261 -0.00348378
23.64 1.16021e-05 -7.47889e-05 -0.000233104 7.50804e-06 -0.00559337 -0.00187413
23.66 6.00873e-06 -7.56244e-06 -0.000193153 -2.00408e-06 -0.00459418 -0.000192773
23.68 1.89439e-07 6.09411e-05 -0.000144398 -1.03863e-05 -0.00337481 0.00152053
23.7 -5.66323e-06 0.000128355 -8.97603e-05 -1.73319e-05 -0.00200829 0.00320659
23.72 -1.13527e-05 0.00019165 -3.2133e-05 -2.27566e-05 -0.000567004 0.0047896
23.74 -1.66745e-05 0.000248602 2.58144e-05 -2.67715e-05 0.000882285 0.00621402
23.76 -2.14176e-05 0.000297412 8.18182e-05 -2.96042e-05 0.00228296 0.00743476
23.78 -2.53785e-05 0.00033597 0.00013458 -3.13786e-05 0.00360257 0.00839911
23.8 -2.83915e-05 0.000362356 0.000184319 -3.20446e-05 0.00484656 0.00905903
23.82 -3.03542e-05 0.000375195 0.000231528 -3.15367e-05 0.00602726 0.00938015
23.84 -3.12319e-05 0.000373726 0.000275471 -2.98287e-05 0.00712631 0.00934341
23.86 -3.10454e-05 0.000357811 0.000314669 -2.68121e-05 0.00810666 0.00894536
23.88 -2.98528e-05 0.000328294 0.000346932 -2.22683e-05 0.00891357 0.00820715
23.9 -2.77278e-05 0.000287156 0.000368716 -1.60043e-05 0.00945841 0.00717825
23.92 -2.47431e-05 0.000236877 0.000376628 -7.97151e-06 0.00965627 0.00592076
23.94 -2.09792e-05 0.000180351 0.000370076 1.64662e-06 0.00949242 0.00450701
23.96 -1.65524e-05 0.000120787 0.00035107 1.23056e-05 0.00901707 0.0030173
23.98 -1.16328e-05 6.07922e-05 0.000322318 2.30866e-05 0.00829797 0.00151681
24 -6.43031e-06 1.21277e-06 0.000286628 3.29724e-05 0.00740535 2.66985e-05
24.02 -1.15039e-06 -5.87832e-05 0.000246433 4.1246e-05 0.00640005 -0.00147383
24.04 4.04912e-06 -0.000119437 0.000202961 4.76889e-05 0.00531279 -0.00299081
24.06 9.06958e-06 -0.000179383 0.000156409 5.25213e-05 0.0041485 -0.00449007
24.08 1.38318e-05 -0.000235604 0.000107243 5.62087e-05 0.00291885 -0.00589618
24.1 1.82083e-05 -0.000283694 5.64142e-05 5.91001e-05 0.0016476 -0.00709895
24.12 2.19938e-05 -0.000319852 4.19306e-06 6.10437e-05 0.000341527 -0.00800328
24.14 2.49499e-05 -0.000342812 -4.89178e-05 6.13816e-05 -0.000986799 -0.0085775
24.16 2.68994e-05 -0.000353845 -0.000100418 5.93873e-05 -0.00227483 -0.00885344
24.18 2.77938e-05 -0.000354191 -0.00014649 5.47562e-05 -0.00342711 -0.00886211
24.2 2.77057e-05 -0.000343474 -0.000183835 4.78335e-05 -0.00436115 -0.00859406
24.22 2.67484e-05 -0.000320676 -0.000210249 3.9522e-05 -0.00502177 -0.00802386
24.24 2.49859e-05 -0.000285806 -0.000224114 3.08458e-05 -0.00536853 -0.00715175
24.26 2.24171e-05 -0.000241451 -0.000225185 2.24056e-05 -0.00539533 -0.00604242
24.28 1.90453e-05 -0.000191872 -0.000214543 1.42236e-05 -0.00512915 -0.00480244
24.3 1.49591e-05 -0.000139952 -0.000193626 6.10324e-06 -0.00460602 -0.00350388
24.32 1.03484e-05 -8.57356e-05 -0.000164872 -1.89161e-06 -0.00388686 -0.00214792
24.34 5.44406e-06 -2.7904e-05 -0.00013119 -9.2752e-06 -0.00304447 -0.000701524
24.36 4.40268e-07 3.34823e-05 -9.44301e-05 -1.54441e-05 -0.00212508 0.000833774
24.38 -4.5356e-06 9.58738e-05 -5.49687e-05 -2.01895e-05 -0.00113813 0.00239421
24.4 -9.38573e-06 0.000155224 -1.25488e-05 -2.38837e-05 -7.71932e-05 0.00387858
24.42 -1.39803e-05 0.00020749 3.28986e-05 -2.70746e-05 0.00105947 0.00518578
24.44 -1.81349e-05 0.000249932 8.13111e-05 -2.9879e-05 0.00227028 0.00624728
24.46 -2.16493e-05 0.000281746 0.000132158 -3.17825e-05 0.00354199 0.00704294
24.48 -2.43749e-05 0.000303787 0.000183648 -3.19627e-05 0.00482977 0.0075942
24.5 -2.62531e-05 0.000316862 0.000232079 -2.9762e-05 0.00604105 0.00792123
24.52 -2.72962e-05 0.000320676 0.000272419 -2.49938e-05 0.00704996 0.00801661
24.54 -2.75338e-05 0.00031498 0.000300428 -1.804e-05 0.0077505 0.00787415
24.56 -2.69656e-05 0.000300272 0.000314021 -9.66709e-06 0.00809046 0.00750629
24.58 -2.55636e-05 0.000277672 0.000313628 -5.93932e-07 0.00808062 0.00694107
24.6 -2.33239e-05 0.000248755 0.000301896 8.73539e-06 0.00778721 0.00621784
24.62 -2.03167e-05 0.000214431 0.000281604 1.79088e-05 0.00727969 0.00535937
24.64 -1.66808e-05 0.000174032 0.000254286 2.62751e-05 0.00659647 0.00434899
24.66 -1.25714e-05 0.000126277 0.00022113 3.30919e-05 0.00576722 0.00315461
24.68 -8.11685e-06 7.17868e-05 0.000183405 3.79297e-05 0.00482368 0.00179178
24.7 -3.42302e-06 1.40468e-05 0.000141514 4.09389e-05 0.00377599 0.000347684
24.72 1.39197e-06 -4.2807e-05 9.47181e-05 4.27945e-05 0.0026056 -0.00107425
24.74 6.1682e-06 -9.57817e-05 4.23868e-05 4.42594e-05 0.00129677 -0.00239917
24.76 1.071e-05 -0.000143191 -1.47266e-05 4.55646e-05 -0.000131663 -0.0035849
24.78 1.48263e-05 -0.00018419 -7.40673e-05 4.62121e-05 -0.0016158 -0.00461031
24.8 1.83699e-05 -0.000218146 -0.000131905 4.54787e-05 -0.00306234 -0.00545956
24.82 2.12454e-05 -0.000244307 -0.000184674 4.30672e-05 -0.00438211 -0.00611385
24.84 2.33916e-05 -0.000261867 -0.000229267 3.92437e-05 -0.0054974 -0.00655304
24.86 2.47633e-05 -0.000270495 -0.000263012 3.44815e-05 -0.00634138 -0.00676883
24.88 2.53261e-05 -0.000270282 -0.000284664 2.90773e-05 -0.0068829 -0.00676349
24.9 2.50609e-05 -0.000261536 -0.000294565 2.30705e-05 -0.00713054 -0.00654476
24.92 2.39729e-05 -0.000244766 -0.000293756 1.64786e-05 -0.00711032 -0.00612533
24.94 2.21016e-05 -0.000220554 -0.000283379 9.57907e-06 -0.00685076 -0.00551978
24.96 1.95241e-05 -0.000189709 -0.000264142 2.93995e-06 -0.00636963 -0.00474834
24.98 1.63453e-05 -0.000153264 -0.000235908 -2.82106e-06 -0.00566349 -0.00383683
25 1.26773e-05 -0.000112275 -0.000198005 -7.34436e-06 -0.00471552 -0.00281167
25.02 8.62544e-06 -6.814e-05 -0.000150558 -1.06592e-05 -0.00352886 -0.00170784
25.04 4.29059e-06 -2.26969e-05 -9.50408e-05 -1.30333e-05 -0.00214035 -0.000571291
25.06 -2.16929e-07 2.23014e-05 -3.30892e-05 -1.46847e-05 -0.000590919 0.000554133
25.08 -4.76587e-06 6.56e-05 3.41063e-05 -1.55908e-05 0.00108967 0.00163705
25.1 -9.20468e-06 0.000106383 0.000105063 -1.55185e-05 0.00286434 0.00265706
25.12 -1.33766e-05 0.000143908 0.000177497 -1.42371e-05 0.00467594 0.00359556
25.14 -1.71423e-05 0.000177292 0.000248816 -1.17536e-05 0.00645964 0.00443051
25.16 -2.03905e-05 0.000205036 0.00031637 -8.34613e-06 0.0081492 0.00512439
25.18 -2.303e-05 0.000225233 0.000377481 -4.35709e-06 0.00967762 0.00562954
25.2 -2.49788e-05 0.000236419 0.00043003 1.92254e-08 0.0109919 0.00590932
25.22 -2.61608e-05 0.000237989 0.000472592 4.75737e-06 0.0120564 0.00594857
25.24 -2.65189e-05 0.00023043 0.000503831 9.84748e-06 0.0128377 0.00575951
25.26 -2.60366e-05 0.000215186 0.000521999 1.5083e-05 0.0132921 0.00537826
25.28 -2.47544e-05 0.000193897 0.000525412 1.99815e-05 0.0133774 0.00484581
25.3 -2.27597e-05 0.000167437 0.00051372 2.39864e-05 0.013085 0.00418403
25.32 -2.0158e-05 0.000136221 0.000488262 2.6795e-05 0.0124483 0.00340331
25.34 -1.70464e-05 0.000101273 0.000450785 2.84998e-05 0.011511 0.00252924
25.36 -1.35106e-05 6.45132e-05 0.000402696 2.94792e-05 0.0103083 0.00160987
25.38 -9.64565e-06 2.81652e-05 0.000345213 3.01862e-05 0.00887058 0.00070079
25.4 -5.57791e-06 -6.14742e-06 0.000279276 3.09324e-05 0.00722146 -0.000157383
25.42 -1.46191e-06 -3.78176e-05 0.000205807 3.17629e-05 0.00538398 -0.000949468
25.44 2.54583e-06 -6.65424e-05 0.000126288 3.25126e-05 0.00339518 -0.00166789
25.46 6.31387e-06 -9.14091e-05 4.24834e-05 3.29611e-05 0.00129918 -0.00228981
25.48 9.74482e-06 -0.000111187 -4.40436e-05 3.29069e-05 -0.000864893 -0.00278445
25.5 1.27619e-05 -0.00012499 -0.000130889 3.20937e-05 -0.00303692 -0.00312969
25.52 1.52912e-05 -0.000132819 -0.000214071 3.01214e-05 -0.00511736 -0.00332548
25.54 1.72555e-05 -0.000135363 -0.000288782 2.65504e-05 -0.0069859 -0.00338912
25.56 1.85835e-05 -0.00013341 -0.000350452 2.11961e-05 -0.00852828 -0.00334028
25.58 1.92251e-05 -0.000127528 -0.000395772 1.43582e-05 -0.00966176 -0.00319317
25.6 1.91631e-05 -0.000118012 -0.000423162 6.77468e-06 -0.0103468 -0.00295517
25.62 1.84189e-05 -0.000105035 -0.000432906 -6.31254e-07 -0.0105905 -0.00263061
25.64 1.70431e-05 -8.82641e-05 -0.000426417 -7.02258e-06 -0.0104282 -0.00221116
25.66 1.50962e-05 -6.71881e-05 -0.000405513 -1.18164e-05 -0.00990539 -0.00168403
25.68 1.26353e-05 -4.153e-05 -0.000372488 -1.47435e-05 -0.00907943 -0.00104232
25.7 9.71489e-06 -1.16351e-05 -0.000329769 -1.58677e-05 -0.00801101 -0.000294633
25.72 6.40655e-06 2.08563e-05 -0.000278757 -1.55553e-05 -0.00673517 0.000517991
25.74 2.81491e-06 5.37663e-05 -0.000219127 -1.43716e-05 -0.00524381 0.00134108
25.76 -9.23504e-07 8.50192e-05 -0.000149863 -1.29363e-05 -0.00351148 0.00212273
25.78 -4.66057e-06 0.000112717 -7.05322e-05 -1.17267e-05 -0.00152738 0.00281546
25.8 -8.2631e-06 0.000135289 1.80842e-05 -1.08971e-05 0.000688951 0.00338001
25.82 -1.16294e-05 0.000152001 0.000113526 -1.0264e-05 0.00307599 0.00379797
25.84 -1.46865e-05 0.000163144 0.000211243 -9.43826e-06 0.00551994 0.00407666
25.86 -1.73696e-05 0.000169186 0.000305247 -7.92742e-06 0.00787102 0.00422779
25.88 -1.96071e-05 0.000170846 0.000389756 -5.22261e-06 0.00998461 0.0042693
25.9 -2.13203e-05 0.000169083 0.000460088 -9.95472e-07 0.0117436 0.0042252
25.92 -2.24336e-05 0.000164256 0.000513068 4.723e-06 0.0130687 0.00410447
25.94 -2.28912e-05 0.000156194 0.000547787 1.15138e-05 0.013937 0.00390285
25.96 -2.26751e-05 0.000144647 0.000565655 1.86246e-05 0.0143839 0.00361405
25.98 -2.18095e-05 0.000129364 0.000568762 2.51328e-05 0.0144616 0.00323181
26 -2.03444e-05 0.000110105 0.000558577 3.0257e-05 0.0142069 0.00275013
26.02 -1.83345e-05 8.66815e-05 0.000536319 3.36371e-05 0.0136502 0.00216431
26.04 -1.58278e-05 5.93908e-05 0.000503443 3.53897e-05 0.012828 0.00148175
26.06 -1.28763e-05 2.96776e-05 0.000461458 3.59606e-05 0.0117779 0.000738615
26.08 -9.56114e-06 -1.5226e-09 0.000411015 3.59156e-05 0.0105163 -3.67141e-06
26.1 -6.00853e-06 -2.77609e-05 0.000351401 3.57826e-05 0.00902534 -0.000697945
26.12 -2.37169e-06 -5.30689e-05 0.00028147 3.59268e-05 0.00727633 -0.00133091
26.14 1.20709e-06 -7.56401e-05 0.000201011 3.63945e-05 0.00526402 -0.00189542
26.16 4.62908e-06 -9.51571e-05 0.000112045 3.68783e-05 0.00303896 -0.00238355
26.18 7.83424e-06 -0.000111181 1.9469e-05 3.69162e-05 0.000723585 -0.0027843
26.2 1.07609e-05 -0.000122826 -7.08226e-05 3.60292e-05 -0.00153465 -0.00307557
26.22 1.33144e-05 -0.000129749 -0.000154346 3.36551e-05 -0.0036236 -0.0032487
26.24 1.538e-05 -0.000133292 -0.000227508 2.92164e-05 -0.00545342 -0.00333733
26.26 1.68712e-05 -0.000135791 -0.000286485 2.24667e-05 -0.00692846 -0.00339983
26.28 1.77664e-05 -0.000138416 -0.000328129 1.38097e-05 -0.00796998 -0.00346547
26.3 1.81032e-05 -0.000140275 -0.000351114 4.35316e-06 -0.00854484 -0.00351196
26.32 1.79331e-05 -0.000139226 -0.000356351 -4.35364e-06 -0.00867582 -0.00348572
26.34 1.72719e-05 -0.000133092 -0.000346793 -1.09105e-05 -0.00843677 -0.00333232
26.36 1.60881e-05 -0.000120859 -0.000325998 -1.46892e-05 -0.0079167 -0.00302637
26.38 1.43448e-05 -0.000103119 -0.000296699 -1.59453e-05 -0.00718391 -0.00258269
26.4 1.20555e-05 -8.09908e-05 -0.000260334 -1.53525e-05 -0.0062744 -0.00202925
26.42 9.30531e-06 -5.51296e-05 -0.000217259 -1.34906e-05 -0.00519707 -0.00138245
26.44 6.22549e-06 -2.5803e-05 -0.000167121 -1.07272e-05 -0.0039431 -0.000648976
26.46 2.94592e-06 5.84144e-06 -0.000109075 -7.43715e-06 -0.00249136 0.000142463
26.48 -4.28778e-07 3.66627e-05 -4.23491e-05 -4.18455e-06 -0.000822512 0.000913317
26.5 -3.80888e-06 6.29229e-05 3.29187e-05 -1.60352e-06 0.00105997 0.00157009
26.52 -7.09236e-06 8.23426e-05 0.000114824 -2.68207e-08 0.00310845 0.00205579
26.54 -1.01543e-05 9.49888e-05 0.000199485 8.64693e-07 0.00522586 0.00237208
26.56 -1.28698e-05 0.000102905 0.000281566 2.01208e-06 0.00727874 0.00257006
26.58 -1.51515e-05 0.000108842 0.000354994 4.45339e-06 0.00911521 0.00271855
26.6 -1.69669e-05 0.000114717 0.00041415 8.6846e-06 0.0105947 0.00286549
26.62 -1.83186e-05 0.000120744 0.000455332 1.44129e-05 0.0116247 0.00301623
26.64 -1.9207e-05 0.00012589 0.000477642 2.0795e-05 0.0121827 0.00314493
26.66 -1.96046e-05 0.000128848 0.000482523 2.68753e-05 0.0123048 0.0032189
26.68 -1.94615e-05 0.000128783 0.000472616 3.19222e-05 0.012057 0.00321728
26.7 -1.87371e-05 0.000125248 0.000451379 3.55184e-05 0.0115258 0.00312887
26.72 -1.74328e-05 0.000117566 0.000422336 3.74528e-05 0.0107995 0.00293674
26.74 -1.55981e-05 0.00010485 0.000387761 3.76034e-05 0.00993471 0.00261871
26.76 -1.33116e-05 8.68279e-05 0.000347982 3.59818e-05 0.00893983 0.00216797
26.78 -1.06544e-05 6.45105e-05 0.000301499 3.29269e-05 0.00777726 0.0016098
26.8 -7.70186e-06 4.01517e-05 0.000246072 2.92031e-05 0.00639102 0.00100058
26.82 -4.5362e-06 1.6451e-05 0.000180063 2.5758e-05 0.0047401 0.000407812
26.84 -1.26095e-06 -4.66505e-06 0.00010346 2.32369e-05 0.00282423 -0.000120308
26.86 2.00132e-06 -2.27856e-05 1.8544e-05 2.16436e-05 0.000700451 -0.00057351
26.88 5.12711e-06 -3.84485e-05 -7.02411e-05 2.03765e-05 -0.0015201 -0.000965246
26.9 8.00648e-06 -5.19245e-05 -0.000156946 1.85418e-05 -0.00368864 -0.00130229
26.92 1.05455e-05 -6.31163e-05 -0.000235116 1.53726e-05 -0.0056437 -0.0015822
26.94 1.26633e-05 -7.21782e-05 -0.000299143 1.0603e-05 -0.00724504 -0.00180884
26.96 1.4293e-05 -7.95041e-05 -0.000345438 4.58981e-06 -0.00840289 -0.00199206
26.98 1.53886e-05 -8.50756e-05 -0.00037315 -1.88513e-06 -0.00909597 -0.00213141
27 1.59301e-05 -8.82116e-05 -0.000383734 -7.90259e-06 -0.00936068 -0.00220984
27.02 1.59194e-05 -8.8015e-05 -0.000379943 -1.25754e-05 -0.00926587 -0.00220493
27.04 1.53702e-05 -8.37703e-05 -0.000365207 -1.51777e-05 -0.00889731 -0.00209876
27.06 1.43034e-05 -7.5297e-05 -0.000342662 -1.53423e-05 -0.00833345 -0.00188684
27.08 1.27538e-05 -6.29302e-05 -0.000314158 -1.32297e-05 -0.00762056 -0.00157754
27.1 1.07765e-05 -4.72627e-05 -0.000279722 -9.52903e-06 -0.00675932 -0.00118569
27.12 8.44e-06 -2.886e-05 -0.000237959 -5.27082e-06 -0.00571479 -0.000725435
27.14 5.81081e-06 -8.18045e-06 -0.000187192 -1.51061e-06 -0.00444509 -0.00020823
27.16 2.9489e-06 1.36032e-05 -0.000126433 1.03666e-06 -0.00292549 0.000336589
27.18 -7.76845e-08 3.4473e-05 -5.60278e-05 2.25604e-06 -0.00116462 0.000858551
27.2 -3.17349e-06 5.26577e-05 2.2169e-05 2.61058e-06 0.000791113 0.00131336
27.22 -6.21336e-06 6.76946e-05 0.000104725 2.89457e-06 0.00285587 0.00168944
27.24 -9.0668e-06 8.04829e-05 0.000186926 3.97908e-06 0.00491175 0.00200928
27.26 -1.16311e-05 9.20536e-05 0.00026352 6.60389e-06 0.00682741 0.00229867
27.28 -1.38446e-05 0.000102619 0.000329382 1.11215e-05 0.00847464 0.00256292
27.3 -1.56693e-05 0.00011175 0.000380753 1.72462e-05 0.00975944 0.00279129
27.32 -1.70635e-05 0.000119002 0.000416111 2.40514e-05 0.0106438 0.00297266
27.34 -1.79717e-05 0.000124175 0.000435768 3.03106e-05 0.0111354 0.00310202
27.36 -1.83428e-05 0.000127041 0.000441312 3.49346e-05 0.011274 0.00317372
27.38 -1.81547e-05 0.000126839 0.000435207 3.72233e-05 0.0111214 0.00316866
27.4 -1.74194e-05 0.00012208 0.000420131 3.69251e-05 0.0107443 0.00304964
27.42 -1.6168e-05 0.000111338 0.000397979 3.42291e-05 0.0101903 0.00278098
27.44 -1.44369e-05 9.45084e-05 0.000369539 2.97203e-05 0.00947898 0.00236006
27.46 -1.22721e-05 7.30871e-05 0.000334706 2.42838e-05 0.00860778 0.00182431
27.48 -9.74267e-06 4.92304e-05 0.000292572 1.89711e-05 0.007554 0.00122764
27.5 -6.94794e-06 2.50225e-05 0.000242018 1.47768e-05 0.00628963 0.00062219
27.52 -4.00941e-06 2.31627e-06 0.000182544 1.2313e-05 0.00480215 5.42975e-05
27.54 -1.05168e-06 -1.73506e-05 0.00011485 1.15685e-05 0.0031091 -0.000437578
27.56 1.8146e-06 -3.29934e-05 4.11274e-05 1.19537e-05 0.00126527 -0.000828812
27.58 4.49813e-06 -4.44898e-05 -3.49586e-05 1.25842e-05 -0.000637673 -0.00111634
27.6 6.92412e-06 -5.26453e-05 -0.000108595 1.26078e-05 -0.00247936 -0.00132032
27.62 9.0323e-06 -5.88194e-05 -0.000174573 1.14378e-05 -0.00412949 -0.00147473
27.64 1.07767e-05 -6.42538e-05 -0.000228372 8.85862e-06 -0.00547502 -0.00161065
27.66 1.2124e-05 -6.9635e-05 -0.000267199 5.03862e-06 -0.00644611 -0.00174523
27.68 1.30478e-05 -7.48455e-05 -0.000290371 4.94428e-07 -0.00702564 -0.00187555
27.7 1.35236e-05 -7.90467e-05 -0.000299001 -3.9922e-06 -0.00724149 -0.00198062
27.72 1.35299e-05 -8.11397e-05 -0.000295401 -7.52187e-06 -0.00715144 -0.00203297
27.74 1.30553e-05 -7.99996e-05 -0.000282315 -9.2984e-06 -0.00682416 -0.00200446
27.76 1.2104e-05 -7.4515e-05 -0.000262111 -8.88798e-06 -0.00631886 -0.00186728
27.78 1.06967e-05 -6.38632e-05 -0.000236175 -6.38987e-06 -0.00567019 -0.00160088
27.8 8.86798e-06 -4.80278e-05 -0.000204718 -2.39854e-06 -0.00488342 -0.00120483
27.82 6.66561e-06 -2.80743e-05 -0.000166949 2.21005e-06 -0.0039388 -0.000705784
27.84 4.15557e-06 -5.91294e-06 -0.000121605 6.53957e-06 -0.00280475 -0.000151518
27.86 1.42859e-06 1.63672e-05 -6.77446e-05 9.90121e-06 -0.00145766 0.000405718
27.88 -1.40126e-06 3.71303e-05 -5.54816e-06 1.19755e-05 9.78955e-05 0.00092501
27.9 -4.20987e-06 5.53298e-05 6.31893e-05 1.28694e-05 0.00181705 0.00138019
27.92 -6.88197e-06 7.04252e-05 0.000135068 1.30392e-05 0.00361475 0.00175773
27.94 -9.3236e-06 8.22773e-05 0.000205498 1.3105e-05 0.00537626 0.00205416
27.96 -1.14623e-05 9.10519e-05 0.000269469 1.36419e-05 0.00697618 0.00227361
27.98 -1.32416e-05 9.72629e-05 0.00032256 1.50105e-05 0.00830403 0.00242895
28 -1.46181e-05 0.000101649 0.000361874 1.72433e-05 0.00928728 0.00253866
28.02 -1.5563e-05 0.000104732 0.000386465 2.00164e-05 0.00990231 0.00261575
28.04 -1.60633e-05 0.00010647 0.000397183 2.27397e-05 0.0101704 0.00265923
28.06 -1.61196e-05 0.000106335 0.000396103 2.47338e-05 0.0101434 0.00265585
28.08 -1.57411e-05 0.000103642 0.00038577 2.54339e-05 0.00988492 0.0025885
28.1 -1.49413e-05 9.78696e-05 0.000368464 2.45716e-05 0.00945211 0.00244413
28.12 -1.37383e-05 8.88086e-05 0.000345619 2.22836e-05 0.00888073 0.00221751
28.14 -1.21591e-05 7.66077e-05 0.000317551 1.9094e-05 0.00817874 0.00191236
28.16 -1.02441e-05 6.17975e-05 0.000283602 1.57591e-05 0.00732966 0.00154195
28.18 -8.04961e-06 4.52595e-05 0.000242655 1.30274e-05 0.00630556 0.00112833
28.2 -5.64726e-06 2.80828e-05 0.000193876 1.14035e-05 0.00508559 0.000698728
28.22 -3.12271e-06 1.1352e-05 0.000137426 1.10023e-05 0.00367375 0.000280286
28.24 -5.7123e-07 -4.06262e-06 7.48792e-05 1.15335e-05 0.00210942 -0.000105241
28.26 1.90878e-06 -1.76487e-05 9.22028e-06 1.24104e-05 0.00046726 -0.000445034
28.28 4.22358e-06 -2.92581e-05 -5.55286e-05 1.29361e-05 -0.00115214 -0.00073539
28.3 6.29048e-06 -3.89882e-05 -0.000114962 1.25095e-05 -0.00263859 -0.000978744
28.32 8.04153e-06 -4.70313e-05 -0.00016511 1.08042e-05 -0.00389282 -0.00117991
28.34 9.42471e-06 -5.35398e-05 -0.000203212 7.88495e-06 -0.00484577 -0.00134269
28.36 1.04032e-05 -5.855e-05 -0.000227937 4.2226e-06 -0.00546415 -0.00146799
28.38 1.0954e-05 -6.19128e-05 -0.000239253 5.8244e-07 -0.00574716 -0.0015521
28.4 1.10667e-05 -6.31795e-05 -0.000238502 -2.1993e-06 -0.00572839 -0.00158378
28.42 1.07424e-05 -6.17152e-05 -0.000227896 -3.46917e-06 -0.00546311 -0.00154716
28.44 9.99255e-06 -5.69991e-05 -0.000209507 -2.93948e-06 -0.0050032 -0.0014292
28.46 8.83886e-06 -4.88211e-05 -0.000184779 -7.56748e-07 -0.00438473 -0.00122467
28.48 7.31501e-06 -3.73959e-05 -0.00015434 2.54147e-06 -0.00362345 -0.000938921
28.5 5.46874e-06 -2.3408e-05 -0.000117925 6.17565e-06 -0.00271269 -0.000589077
28.52 3.36252e-06 -7.88699e-06 -7.48552e-05 9.33948e-06 -0.0016355 -0.00020089
28.54 1.07202e-06 7.97771e-06 -2.48214e-05 1.14058e-05 -0.000384136 0.000195893
28.56 -1.31724e-06 2.29557e-05 3.1827e-05 1.20786e-05 0.00103266 0.000570498
28.58 -3.71461e-06 3.59864e-05 9.38239e-05 1.14751e-05 0.00258323 0.000896401
28.6 -6.02955e-06 4.64606e-05 0.000158709 1.01025e-05 0.00420603 0.00115836
28.62 -8.17089e-06 5.44544e-05 0.000220842 8.70623e-06 0.00576 0.00135829
28.64 -1.00514e-05 6.04786e-05 0.000274963 8.03666e-06 0.00711359 0.00150896
