0.02 -7.0702e-12 -1.00683e-11 7.77619e-10 1.60799e-11 1.94486e-08 -2.51813e-10
0.04 -5.03526e-11 -1.54878e-10 4.13083e-09 1.74387e-10 1.03314e-07 -3.87355e-09
0.06 -1.47262e-10 -6.91446e-10 1.82476e-09 7.93175e-10 4.5638e-08 -1.72933e-08
0.08 -1.28495e-10 -1.01557e-09 -4.89597e-08 2.14691e-09 -1.2245e-06 -2.53998e-08
0.1 5.53375e-10 3.432e-09 -2.27724e-07 4.26419e-09 -5.69548e-06 8.58359e-08
0.12 2.58519e-09 2.89103e-08 -6.0059e-07 7.26272e-09 -1.5021e-05 7.23058e-07
0.14 5.99165e-09 1.17367e-07 -1.16111e-06 1.05301e-08 -2.90398e-05 2.93539e-06
0.16 9.53086e-09 3.43501e-07 -1.82679e-06 9.5098e-09 -4.56889e-05 8.59109e-06
0.18 1.1175e-08 7.9298e-07 -2.48939e-06 -5.66894e-09 -6.22606e-05 1.98328e-05
0.2 9.42479e-09 1.51555e-06 -3.0685e-06 -4.50252e-08 -7.67445e-05 3.79046e-05
0.22 4.25741e-09 2.48684e-06 -3.53403e-06 -1.1071e-07 -8.83876e-05 6.21969e-05
0.24 -3.02866e-09 3.61127e-06 -3.89679e-06 -1.94624e-07 -9.74604e-05 9.03193e-05
0.26 -1.07248e-08 4.77044e-06 -4.19097e-06 -2.83796e-07 -0.000104818 0.000119311
0.28 -1.7556e-08 5.87718e-06 -4.4726e-06 -3.66865e-07 -0.000111861 0.000146991
0.3 -2.28673e-08 6.88449e-06 -4.82406e-06 -4.35359e-07 -0.000120652 0.000172184
0.32 -2.62122e-08 7.76143e-06 -5.3278e-06 -4.81935e-07 -0.000133251 0.000194117
0.34 -2.71588e-08 8.49391e-06 -6.00249e-06 -5.01658e-07 -0.000150125 0.000212436
0.36 -2.59793e-08 9.10941e-06 -6.75076e-06 -4.96242e-07 -0.000168839 0.00022783
0.38 -2.44991e-08 9.67234e-06 -7.37207e-06 -4.76112e-07 -0.000184378 0.000241909
0.4 -2.56427e-08 1.02504e-05 -7.64455e-06 -4.59125e-07 -0.000191193 0.000256366
0.42 -3.16491e-08 1.08977e-05 -7.43201e-06 -4.67872e-07 -0.000185878 0.000272555
0.44 -4.26218e-08 1.16449e-05 -6.76142e-06 -5.23032e-07 -0.000169106 0.000291244
0.46 -5.64814e-08 1.24529e-05 -5.82872e-06 -6.29869e-07 -0.000145779 0.000311452
0.48 -6.97489e-08 1.3166e-05 -4.90688e-06 -7.66008e-07 -0.000122723 0.000329286
0.5 -7.86719e-08 1.35595e-05 -4.17752e-06 -8.86111e-07 -0.000104482 0.000339129
0.52 -8.11184e-08 1.34861e-05 -3.60055e-06 -9.47866e-07 -9.00512e-05 0.000337293
0.54 -7.8576e-08 1.3001e-05 -2.96652e-06 -9.43268e-07 -7.41938e-05 0.000325159
0.56 -7.57737e-08 1.23478e-05 -2.12525e-06 -9.09848e-07 -5.31533e-05 0.000308824
0.58 -7.68676e-08 1.17862e-05 -1.18613e-06 -9.05988e-07 -2.96656e-05 0.000294777
0.6 -8.11058e-08 1.13599e-05 -4.92234e-07 -9.61155e-07 -1.2311e-05 0.000284115
0.62 -8.23201e-08 1.08036e-05 -3.78944e-07 -1.042e-06 -9.47754e-06 0.000270202
0.64 -7.33918e-08 9.72371e-06 -9.24049e-07 -1.07097e-06 -2.31109e-05 0.000243194
0.66 -5.2104e-08 7.90832e-06 -1.91678e-06 -9.82751e-07 -4.79394e-05 0.00019779
0.68 -2.28384e-08 5.45156e-06 -3.08719e-06 -7.64737e-07 -7.72118e-05 0.000136346
0.7 8.01392e-09 2.61786e-06 -4.38516e-06 -4.5298e-07 -0.000109675 6.54738e-05
0.72 3.83463e-08 -3.34888e-07 -6.03723e-06 -1.00192e-07 -0.000150994 -8.37569e-06
0.74 7.12557e-08 -3.22483e-06 -8.31791e-06 2.58195e-07 -0.000208034 -8.06542e-05
0.76 1.09593e-07 -5.95866e-06 -1.12329e-05 6.23743e-07 -0.00028094 -0.000149029
0.78 1.5081e-07 -8.51592e-06 -1.43933e-05 1.02684e-06 -0.000359982 -0.000212987
0.8 1.88027e-07 -1.08681e-05 -1.72203e-05 1.49161e-06 -0.000430686 -0.000271815
0.82 2.15735e-07 -1.29098e-05 -1.93617e-05 2.00493e-06 -0.000484243 -0.000322879
0.84 2.34256e-07 -1.45334e-05 -2.09825e-05 2.5239e-06 -0.000524781 -0.000363487
0.86 2.49441e-07 -1.57659e-05 -2.26191e-05 3.01441e-06 -0.000565712 -0.000394312
0.88 2.67855e-07 -1.67338e-05 -2.46417e-05 3.47534e-06 -0.000616298 -0.000418518
0.9 2.90247e-07 -1.74477e-05 -2.6803e-05 3.91951e-06 -0.000670355 -0.000436373
0.92 3.08483e-07 -1.7681e-05 -2.83541e-05 4.33478e-06 -0.000709148 -0.000442209
0.94 3.1056e-07 -1.71167e-05 -2.86735e-05 4.6704e-06 -0.000717135 -0.000428096
0.96 2.9124e-07 -1.56202e-05 -2.78342e-05 4.86481e-06 -0.000696145 -0.000390669
0.98 2.584e-07 -1.33916e-05 -2.65858e-05 4.88912e-06 -0.000664923 -0.00033493
1 2.2804e-07 -1.0886e-05 -2.57821e-05 4.76702e-06 -0.000644821 -0.000272264
1.02 2.11692e-07 -8.59066e-06 -2.56368e-05 4.55819e-06 -0.000641186 -0.000214856
1.04 2.0589e-07 -6.89423e-06 -2.49745e-05 4.33455e-06 -0.000624624 -0.000172427
1.06 1.9049e-07 -6.09981e-06 -2.11655e-05 4.16213e-06 -0.000529358 -0.000152559
1.08 1.4078e-07 -6.28923e-06 -1.21378e-05 4.03393e-06 -0.00030357 -0.000157296
1.1 5.2951e-08 -7.07697e-06 7.44828e-07 3.77797e-06 1.86285e-05 -0.000176998
1.12 -4.01888e-08 -7.7526e-06 1.28288e-05 3.13354e-06 0.000320854 -0.000193896
1.14 -9.22396e-08 -7.76278e-06 1.97667e-05 2.02075e-06 0.000494372 -0.00019415
1.16 -8.89676e-08 -6.98746e-06 2.0795e-05 6.76737e-07 0.000520093 -0.000174759
1.18 -6.3773e-08 -5.69031e-06 1.90897e-05 -5.31694e-07 0.000477441 -0.000142317
1.2 -6.35859e-08 -4.28605e-06 1.89757e-05 -1.37798e-06 0.00047459 -0.000107196
1.22 -1.03076e-07 -3.05943e-06 2.19874e-05 -1.89295e-06 0.000549915 -7.65175e-05
1.24 -1.53936e-07 -2.09377e-06 2.59285e-05 -2.33321e-06 0.000648482 -5.2366e-05
1.26 -1.77994e-07 -1.36905e-06 2.80176e-05 -3.00438e-06 0.000700732 -3.42404e-05
1.28 -1.68298e-07 -7.45971e-07 2.77614e-05 -4.00355e-06 0.000694325 -1.8657e-05
1.3 -1.51833e-07 2.05614e-08 2.6299e-05 -5.13518e-06 0.00065775 5.14248e-07
1.32 -1.50739e-07 1.01094e-06 2.4061e-05 -6.07203e-06 0.000601775 2.5284e-05
1.34 -1.50692e-07 1.93101e-06 1.97606e-05 -6.52017e-06 0.000494221 4.82955e-05
1.36 -1.14905e-07 2.32652e-06 1.14826e-05 -6.29024e-06 0.000287186 5.81871e-05
1.38 -2.49503e-08 1.96146e-06 -1.06295e-06 -5.37345e-06 -2.65848e-05 4.90569e-05
1.4 9.52918e-08 7.73229e-07 -1.46489e-05 -3.93312e-06 -0.000366376 1.93388e-05
1.42 1.90609e-07 -1.51161e-06 -2.31675e-05 -2.14284e-06 -0.000579428 -3.7806e-05
1.44 2.12455e-07 -5.20599e-06 -2.22071e-05 -1.61341e-07 -0.000555409 -0.000130204
1.46 1.6419e-07 -9.90873e-06 -1.40887e-05 1.67313e-06 -0.000352365 -0.000247821
1.48 1.12125e-07 -1.445e-05 -6.82626e-06 2.92396e-06 -0.000170728 -0.0003614
1.5 1.304e-07 -1.77686e-05 -7.1543e-06 3.54359e-06 -0.000178932 -0.000444401
1.52 2.25007e-07 -1.94778e-05 -1.53118e-05 4.05325e-06 -0.000382954 -0.000487148
1.54 3.28474e-07 -1.97971e-05 -2.61795e-05 5.0614e-06 -0.000654759 -0.000495133
1.56 3.76281e-07 -1.94964e-05 -3.41421e-05 6.76528e-06 -0.000853909 -0.000487614
1.58 3.70756e-07 -1.96153e-05 -3.70817e-05 8.90457e-06 -0.000927428 -0.000490586
1.6 3.60364e-07 -2.05476e-05 -3.66515e-05 1.08725e-05 -0.000916669 -0.000513903
1.62 3.71558e-07 -2.14638e-05 -3.49637e-05 1.1882e-05 -0.000874456 -0.000536818
1.64 3.76013e-07 -2.10729e-05 -3.14829e-05 1.14348e-05 -0.000787401 -0.000527041
1.66 3.23729e-07 -1.88857e-05 -2.40113e-05 9.75459e-06 -0.000600532 -0.000472339
1.68 2.02782e-07 -1.55088e-05 -1.25456e-05 7.57184e-06 -0.00031377 -0.000387882
1.7 6.3807e-08 -1.19632e-05 -9.85156e-07 5.52629e-06 -2.46392e-05 -0.000299204
1.72 -1.89201e-08 -8.94199e-06 5.66865e-06 3.90709e-06 0.000141775 -0.000223643
1.74 -1.56406e-08 -6.35825e-06 5.68351e-06 2.72876e-06 0.000142147 -0.000159023
1.76 2.89323e-08 -3.33899e-06 2.14737e-06 1.76143e-06 5.37067e-05 -8.35095e-05
1.78 3.5666e-08 9.3594e-07 4.98804e-07 6.07196e-07 1.24753e-05 2.34082e-05
1.8 -3.8076e-08 6.13099e-06 4.48142e-06 -1.02385e-06 0.000112082 0.000153339
1.82 -1.6545e-07 1.09013e-05 1.37239e-05 -3.14341e-06 0.00034324 0.000272646
1.84 -2.82033e-07 1.43581e-05 2.44198e-05 -5.60397e-06 0.000610749 0.000359101
1.86 -3.45247e-07 1.70151e-05 3.23347e-05 -8.19841e-06 0.000808705 0.000425554
1.88 -3.64301e-07 2.01339e-05 3.57413e-05 -1.05782e-05 0.000893905 0.000503556
1.9 -3.7968e-07 2.44086e-05 3.59595e-05 -1.22727e-05 0.000899363 0.00061047
1.92 -4.18755e-07 2.92571e-05 3.54787e-05 -1.29422e-05 0.000887336 0.000731732
1.94 -4.70627e-07 3.30826e-05 3.58606e-05 -1.25913e-05 0.000896888 0.000827411
1.96 -5.01237e-07 3.43464e-05 3.71689e-05 -1.15461e-05 0.000929611 0.000859019
1.98 -4.9076e-07 3.28068e-05 3.87158e-05 -1.03013e-05 0.0009683 0.000820513
2 -4.5455e-07 2.97619e-05 4.00245e-05 -9.32211e-06 0.00100103 0.000744357
2.02 -4.26965e-07 2.68053e-05 4.11693e-05 -8.78357e-06 0.00102966 0.000670411
2.04 -4.25274e-07 2.42697e-05 4.22476e-05 -8.39902e-06 0.00105663 0.000606996
2.06 -4.29504e-07 2.09913e-05 4.25685e-05 -7.58166e-06 0.00106465 0.000525
2.08 -3.97306e-07 1.5527e-05 4.06e-05 -5.86777e-06 0.00101542 0.000388337
2.1 -3.00232e-07 7.51722e-06 3.49606e-05 -3.23533e-06 0.000874378 0.000188009
2.12 -1.48957e-07 -1.93635e-06 2.55087e-05 -1.05902e-07 0.000637984 -4.84289e-05
2.14 1.51145e-08 -1.10138e-05 1.34156e-05 2.88982e-06 0.00033553 -0.00027546
2.16 1.5425e-07 -1.84252e-05 2.37215e-07 5.22827e-06 5.93284e-06 -0.000460822
2.18 2.6262e-07 -2.4134e-05 -1.29609e-05 6.74309e-06 -0.000324157 -0.0006036
2.2 3.61263e-07 -2.88901e-05 -2.56538e-05 7.64875e-06 -0.000641613 -0.000722552
2.22 4.66515e-07 -3.31403e-05 -3.73348e-05 8.31937e-06 -0.000933759 -0.000828853
2.24 5.66959e-07 -3.65151e-05 -4.71692e-05 9.0198e-06 -0.00117972 -0.000913257
2.26 6.33645e-07 -3.82574e-05 -5.43292e-05 9.78695e-06 -0.0013588 -0.000956833
2.28 6.51062e-07 -3.80095e-05 -5.87973e-05 1.04827e-05 -0.00147054 -0.000950633
2.3 6.35381e-07 -3.63042e-05 -6.16412e-05 1.09328e-05 -0.00154167 -0.000907984
2.32 6.21507e-07 -3.43428e-05 -6.41309e-05 1.10544e-05 -0.00160394 -0.000858928
2.34 6.3187e-07 -3.30741e-05 -6.65619e-05 1.08836e-05 -0.00166474 -0.000827197
2.36 6.56713e-07 -3.23726e-05 -6.80101e-05 1.04942e-05 -0.00170096 -0.000809653
2.38 6.63068e-07 -3.12056e-05 -6.69627e-05 9.91739e-06 -0.00167477 -0.000780466
2.4 6.21572e-07 -2.86318e-05 -6.21486e-05 9.16073e-06 -0.00155436 -0.000716093
2.42 5.27217e-07 -2.46169e-05 -5.32818e-05 8.26525e-06 -0.0013326 -0.000615679
2.44 4.00815e-07 -1.99806e-05 -4.13143e-05 7.28432e-06 -0.00103329 -0.000499724
2.46 2.73171e-07 -1.56809e-05 -2.77968e-05 6.21694e-06 -0.00069521 -0.000392186
2.48 1.63179e-07 -1.21281e-05 -1.39225e-05 5.00344e-06 -0.000348208 -0.000303329
2.5 6.66384e-08 -8.99525e-06 -1.86998e-07 3.56892e-06 -4.67689e-06 -0.000224975
2.52 -3.38772e-08 -5.53205e-06 1.32449e-05 1.85273e-06 0.000331261 -0.000138359
2.54 -1.4761e-07 -1.19033e-06 2.59481e-05 -1.36611e-07 0.000648973 -2.97708e-05
2.56 -2.63697e-07 3.85665e-06 3.69963e-05 -2.24876e-06 0.000925293 9.64564e-05
2.58 -3.5997e-07 8.85216e-06 4.55735e-05 -4.23457e-06 0.00113981 0.000221396
2.6 -4.24649e-07 1.31433e-05 5.19639e-05 -5.91001e-06 0.00129964 0.00032872
2.62 -4.69397e-07 1.65898e-05 5.7468e-05 -7.26399e-06 0.0014373 0.000414918
2.64 -5.16347e-07 1.93122e-05 6.29489e-05 -8.42528e-06 0.00157438 0.000483007
2.66 -5.69775e-07 2.12229e-05 6.77232e-05 -9.5423e-06 0.00169379 0.000530795
2.68 -6.05851e-07 2.17974e-05 7.01234e-05 -1.06264e-05 0.00175382 0.000545162
2.7 -5.94463e-07 2.03002e-05 6.89033e-05 -1.1472e-05 0.0017233 0.000507718
2.72 -5.27625e-07 1.65077e-05 6.39366e-05 -1.17941e-05 0.00159908 0.000412865
2.74 -4.24148e-07 1.13251e-05 5.57792e-05 -1.14692e-05 0.00139506 0.000283244
2.76 -3.10981e-07 6.39797e-06 4.47982e-05 -1.05951e-05 0.00112042 0.000160016
2.78 -2.02615e-07 2.88346e-06 3.0876e-05 -9.33693e-06 0.000772222 7.21166e-05
2.8 -9.51731e-08 6.74663e-07 1.41369e-05 -7.7839e-06 0.00035357 1.68736e-05
2.82 2.20609e-08 -1.16118e-06 -4.21314e-06 -5.93232e-06 -0.000105372 -2.90416e-05
2.84 1.50252e-07 -3.42781e-06 -2.24114e-05 -3.74779e-06 -0.000560517 -8.57309e-05
2.86 2.80153e-07 -6.35907e-06 -3.98107e-05 -1.24388e-06 -0.000995683 -0.000159043
2.88 4.09159e-07 -9.76035e-06 -5.75822e-05 1.48937e-06 -0.00144016 -0.00024411
2.9 5.5007e-07 -1.3211e-05 -7.72738e-05 4.35919e-06 -0.00193265 -0.000330412
2.92 7.12063e-07 -1.61451e-05 -9.86078e-05 7.35175e-06 -0.00246622 -0.000403797
2.94 8.74266e-07 -1.79134e-05 -0.000118614 1.04757e-05 -0.00296658 -0.00044802
2.96 9.87355e-07 -1.7858e-05 -0.000132895 1.36159e-05 -0.00332375 -0.000446636
2.98 1.00734e-06 -1.54961e-05 -0.00013836 1.64754e-05 -0.00346045 -0.000387564
3 9.31697e-07 -1.09011e-05 -0.000135544 1.86625e-05 -0.00339002 -0.000272642
3.02 8.06256e-07 -4.98331e-06 -0.000128297 1.98708e-05 -0.00320876 -0.000124635
3.04 6.93776e-07 8.30141e-07 -0.000120656 2.00686e-05 -0.00301765 2.07622e-05
3.06 6.25615e-07 5.48172e-06 -0.000113632 1.95368e-05 -0.00284199 0.0001371
3.08 5.77533e-07 8.98071e-06 -0.000104877 1.86382e-05 -0.00262302 0.000224611
3.1 4.95139e-07 1.21885e-05 -9.13276e-05 1.75125e-05 -0.00228414 0.000304839
3.12 3.47245e-07 1.5908e-05 -7.22341e-05 1.6011e-05 -0.00180661 0.000397865
3.14 1.54932e-07 2.03021e-05 -4.98848e-05 1.38597e-05 -0.00124764 0.000507765
3.16 -3.27055e-08 2.52114e-05 -2.74912e-05 1.08121e-05 -0.000687567 0.000630546
3.18 -1.90685e-07 3.06702e-05 -6.2305e-06 6.75106e-06 -0.000155827 0.000767075
3.2 -3.43069e-07 3.67092e-05 1.56565e-05 1.8115e-06 0.000391575 0.000918112
3.22 -5.32418e-07 4.27942e-05 4.06522e-05 -3.60246e-06 0.00101673 0.0010703
3.24 -7.65247e-07 4.79063e-05 6.87925e-05 -9.02794e-06 0.00172053 0.00119816
3.26 -9.94483e-07 5.12085e-05 9.6833e-05 -1.41681e-05 0.00242183 0.00128075
3.28 -1.16006e-06 5.241e-05 0.00012053 -1.88796e-05 0.0030145 0.0013108
3.3 -1.24192e-06 5.16457e-05 0.00013761 -2.30389e-05 0.00344167 0.00129168
3.32 -1.26832e-06 4.9331e-05 0.000148739 -2.65177e-05 0.00372004 0.00123379
3.34 -1.27838e-06 4.59808e-05 0.000156056 -2.92228e-05 0.00390304 0.00115
3.36 -1.28494e-06 4.18583e-05 0.000160821 -3.10802e-05 0.00402219 0.00104689
3.38 -1.27102e-06 3.68907e-05 0.00016215 -3.20238e-05 0.00405544 0.000922652
3.4 -1.21066e-06 3.09739e-05 0.000157709 -3.20198e-05 0.00394436 0.00077467
3.42 -1.08836e-06 2.40353e-05 0.000145609 -3.10135e-05 0.00364173 0.000601134
3.44 -9.04142e-07 1.576e-05 0.000125898 -2.88376e-05 0.00314876 0.000394164
3.46 -6.69204e-07 5.68707e-06 0.00010056 -2.52829e-05 0.00251506 0.000142236
3.48 -4.00668e-07 -6.22773e-06 7.2251e-05 -2.03176e-05 0.00180703 -0.000155758
3.5 -1.17404e-07 -1.92984e-05 4.29107e-05 -1.42096e-05 0.00107321 -0.000482662
3.52 1.64594e-07 -3.23331e-05 1.32149e-05 -7.43775e-06 0.000330509 -0.000808664
3.54 4.3592e-07 -4.40866e-05 -1.70705e-05 -4.93589e-07 -0.00042694 -0.00110262
3.56 6.93863e-07 -5.37518e-05 -4.82566e-05 6.30202e-06 -0.00120692 -0.00134435
3.58 9.38921e-07 -6.13326e-05 -7.98285e-05 1.28774e-05 -0.00199655 -0.00153395
3.6 1.16889e-06 -6.74744e-05 -0.000109927 1.93145e-05 -0.00274932 -0.00168756
3.62 1.37235e-06 -7.26667e-05 -0.000135754 2.56154e-05 -0.00339526 -0.00181742
3.64 1.52803e-06 -7.66101e-05 -0.000154966 3.15191e-05 -0.00387578 -0.00191605
3.66 1.61718e-06 -7.85579e-05 -0.000167171 3.65465e-05 -0.00418102 -0.00196476
3.68 1.64293e-06 -7.82785e-05 -0.000174115 4.02485e-05 -0.00435468 -0.00195778
3.7 1.6346e-06 -7.64564e-05 -0.000178125 4.24323e-05 -0.00445498 -0.00191221
3.72 1.62426e-06 -7.40203e-05 -0.00018012 4.31743e-05 -0.00450489 -0.00185128
3.74 1.61488e-06 -7.11499e-05 -0.000178996 4.26419e-05 -0.00447676 -0.00177949
3.76 1.57388e-06 -6.69697e-05 -0.000172612 4.09139e-05 -0.0043171 -0.00167494
3.78 1.45922e-06 -6.0122e-05 -0.000159216 3.79376e-05 -0.00398205 -0.00150368
3.8 1.25117e-06 -4.97027e-05 -0.000138373 3.36077e-05 -0.00346078 -0.00124308
3.82 9.63489e-07 -3.59613e-05 -0.000111156 2.78821e-05 -0.00278006 -0.000899408
3.84 6.32117e-07 -2.03189e-05 -7.94803e-05 2.08822e-05 -0.00198784 -0.000508183
3.86 2.93598e-07 -4.5594e-06 -4.50986e-05 1.29256e-05 -0.00112793 -0.000114032
3.88 -3.2907e-08 1.02892e-05 -9.29617e-06 4.43054e-06 -0.000232501 0.000257337
3.9 -3.47743e-07 2.43629e-05 2.65355e-05 -4.23536e-06 0.000663663 0.000609326
3.92 -6.55175e-07 3.81773e-05 6.05661e-05 -1.27718e-05 0.00151478 0.000954831
3.94 -9.4647e-07 5.14554e-05 9.11342e-05 -2.08116e-05 0.0022793 0.00128692
3.96 -1.20012e-06 6.28044e-05 0.000117578 -2.78768e-05 0.00294067 0.00157076
3.98 -1.39701e-06 7.04731e-05 0.000140293 -3.35514e-05 0.00350878 0.00176256
4 -1.53204e-06 7.33803e-05 0.000159874 -3.76719e-05 0.00399852 0.00183527
4.02 -1.61079e-06 7.16418e-05 0.000175926 -4.03284e-05 0.00439998 0.00179179
4.04 -1.63669e-06 6.63276e-05 0.000186359 -4.17122e-05 0.00466091 0.00165888
4.06 -1.60062e-06 5.86503e-05 0.000187916 -4.19275e-05 0.00469985 0.00146687
4.08 -1.48298e-06 4.93233e-05 0.000177833 -4.08593e-05 0.00444768 0.0012336
4.1 -1.26984e-06 3.87191e-05 0.000155403 -3.82139e-05 0.00388669 0.000968381
4.12 -9.71069e-07 2.74095e-05 0.000122237 -3.37574e-05 0.00305721 0.000685522
4.14 -6.21016e-07 1.62461e-05 8.13956e-05 -2.75592e-05 0.00203574 0.000406323
4.16 -2.59508e-07 6.04767e-06 3.64048e-05 -2.00296e-05 0.000910499 0.000151255
4.18 8.61598e-08 -2.54297e-06 -9.40223e-06 -1.17704e-05 -0.000235154 -6.36008e-05
4.2 4.02363e-07 -9.13153e-06 -5.34525e-05 -3.3742e-06 -0.00133687 -0.000228383
4.22 6.82932e-07 -1.39032e-05 -9.42835e-05 4.75936e-06 -0.00235807 -0.000347725
4.24 9.29479e-07 -1.77752e-05 -0.000131327 1.25306e-05 -0.00328455 -0.000444565
4.26 1.15268e-06 -2.18467e-05 -0.000164394 2.00657e-05 -0.00411155 -0.000546395
4.28 1.364e-06 -2.66665e-05 -0.000193424 2.7481e-05 -0.00483762 -0.00066694
4.3 1.56454e-06 -3.21244e-05 -0.000218326 3.46852e-05 -0.00546043 -0.000803444
4.32 1.74249e-06 -3.77338e-05 -0.000238395 4.13539e-05 -0.00596235 -0.000943737
4.34 1.8769e-06 -4.2759e-05 -0.000251807 4.70037e-05 -0.00629781 -0.00106942
4.36 1.94231e-06 -4.64458e-05 -0.000256102 5.10879e-05 -0.00640521 -0.00116163
4.38 1.91835e-06 -4.84461e-05 -0.000249394 5.31264e-05 -0.00623746 -0.00121166
4.4 1.80174e-06 -4.86718e-05 -0.000231361 5.28292e-05 -0.00578644 -0.0012173
4.42 1.60578e-06 -4.64779e-05 -0.000203516 5.0113e-05 -0.00509003 -0.00116243
4.44 1.34509e-06 -4.02938e-05 -0.000168817 4.50257e-05 -0.00422218 -0.00100776
4.46 1.02456e-06 -2.82924e-05 -0.000130711 3.77139e-05 -0.00326913 -0.000707605
4.48 6.4585e-07 -9.48752e-06 -9.20116e-05 2.84866e-05 -0.00230125 -0.000237287
4.5 2.19659e-07 1.54677e-05 -5.3942e-05 1.78561e-05 -0.00134911 0.000386853
4.52 -2.34344e-07 4.42008e-05 -1.56264e-05 6.43587e-06 -0.000390823 0.00110548
4.54 -6.99465e-07 7.34559e-05 2.53303e-05 -5.24714e-06 0.000633521 0.00183716
4.56 -1.16938e-06 0.000100486 7.10778e-05 -1.68898e-05 0.00177769 0.00251321
4.58 -1.64265e-06 0.00012408 0.00012188 -2.8417e-05 0.00304826 0.0031033
4.6 -2.11408e-06 0.000144401 0.000175964 -3.98133e-05 0.00440092 0.00361153
4.62 -2.57325e-06 0.000161784 0.000230704 -5.08389e-05 0.00577 0.00404628
4.64 -3.00607e-06 0.00017571 0.000283805 -6.08799e-05 0.00709808 0.00439457
4.66 -3.3921e-06 0.000184892 0.000333237 -6.91255e-05 0.00833439 0.00462423
4.68 -3.69976e-06 0.000187978 0.000376038 -7.49227e-05 0.00940488 0.00470141
4.7 -3.88735e-06 0.000183953 0.00040791 -7.79886e-05 0.010202 0.00460073
4.72 -3.91664e-06 0.000172246 0.000425068 -7.83745e-05 0.0106311 0.00430794
4.74 -3.77577e-06 0.000152761 0.000426874 -7.62849e-05 0.0106763 0.00382062
4.76 -3.49123e-06 0.000125682 0.000416341 -7.19043e-05 0.0104128 0.00314336
4.78 -3.10921e-06 9.13346e-05 0.000397789 -6.5355e-05 0.00994886 0.00228432
4.8 -2.66109e-06 5.06867e-05 0.000373826 -5.68086e-05 0.00934955 0.0012677
4.82 -2.15166e-06 6.03225e-06 0.000344184 -4.66142e-05 0.0086082 0.000150869
4.84 -1.58212e-06 -3.92269e-05 0.000307176 -3.52839e-05 0.00768261 -0.000981081
4.86 -9.76189e-07 -8.17164e-05 0.00026217 -2.33368e-05 0.00655699 -0.00204376
4.88 -3.75788e-07 -0.000119205 0.000210555 -1.11454e-05 0.00526606 -0.00298138
4.9 1.89631e-07 -0.00015129 0.000154481 1.1021e-06 0.00386362 -0.00378383
4.92 7.28352e-07 -0.000179652 9.53153e-05 1.33445e-05 0.00238388 -0.00449317
4.94 1.27968e-06 -0.000207393 3.3846e-05 2.55617e-05 0.000846501 -0.00518698
4.96 1.87641e-06 -0.000237198 -2.81885e-05 3.76659e-05 -0.000705006 -0.00593241
4.98 2.50653e-06 -0.00026943 -8.73553e-05 4.93673e-05 -0.00218479 -0.00673855
5 3.10927e-06 -0.000301629 -0.000139707 6.01132e-05 -0.00349414 -0.00754386
5.02 3.61066e-06 -0.000329584 -0.000182909 6.9203e-05 -0.00457463 -0.00824304
5.04 3.96699e-06 -0.00034905 -0.000217495 7.60294e-05 -0.00543964 -0.00872988
5.06 4.1806e-06 -0.00035721 -0.000246257 8.02821e-05 -0.00615899 -0.00893398
5.08 4.28243e-06 -0.000353299 -0.000272252 8.20039e-05 -0.00680914 -0.00883615
5.1 4.30233e-06 -0.000337968 -0.000297029 8.14739e-05 -0.00742881 -0.00845273
5.12 4.24952e-06 -0.000311875 -0.000320405 7.89527e-05 -0.00801347 -0.00780013
5.14 4.11241e-06 -0.000274751 -0.000341406 7.44498e-05 -0.0085387 -0.00687164
5.16 3.87055e-06 -0.000225698 -0.000358724 6.77359e-05 -0.00897183 -0.00564479
5.18 3.50338e-06 -0.000164038 -0.000370102 5.86036e-05 -0.00925641 -0.00410267
5.2 2.98827e-06 -8.96933e-05 -0.000371864 4.70871e-05 -0.00930046 -0.00224327
5.22 2.29794e-06 -3.01907e-06 -0.000359928 3.34244e-05 -0.00900195 -7.55083e-05
5.24 1.41174e-06 9.5078e-05 -0.000331896 1.79182e-05 -0.00830087 0.00237794
5.26 3.39233e-07 0.00020213 -0.00028854 9.72894e-07 -0.0072165 0.00505536
5.28 -8.60277e-07 0.000312616 -0.000233417 -1.66908e-05 -0.00583786 0.00781865
5.3 -2.07945e-06 0.000417472 -0.000170616 -3.39193e-05 -0.00426717 0.0104411
5.32 -3.19488e-06 0.000505853 -0.000101856 -4.93363e-05 -0.00254746 0.0126516
5.34 -4.12088e-06 0.000568489 -2.50447e-05 -6.18661e-05 -0.000626378 0.0142182
5.36 -4.84962e-06 0.000600597 6.40873e-05 -7.136e-05 0.00160285 0.0150212
5.38 -5.43791e-06 0.000602911 0.00016786 -7.88909e-05 0.00419825 0.0150791
5.4 -5.94232e-06 0.000580527 0.000282816 -8.60301e-05 0.00707336 0.0145192
5.42 -6.36042e-06 0.000540715 0.000399003 -9.32059e-05 0.00997923 0.0135235
5.44 -6.64091e-06 0.000492127 0.000503027 -9.90593e-05 0.0125809 0.0123083
5.46 -6.75082e-06 0.000443419 0.000582781 -0.000102044 0.0145756 0.0110901
5.48 -6.70982e-06 0.000398767 0.000630698 -0.000102305 0.015774 0.00997332
5.5 -6.53254e-06 0.000355125 0.000644136 -0.000101312 0.0161101 0.00888182
5.52 -6.15219e-06 0.00030502 0.000623809 -9.96967e-05 0.0156017 0.00762868
5.54 -5.44544e-06 0.000241395 0.000572204 -9.61133e-05 0.0143111 0.00603739
5.56 -4.3471e-06 0.000160579 0.000493244 -8.86274e-05 0.0123362 0.00401614
5.58 -2.92264e-06 6.37572e-05 0.000392399 -7.68689e-05 0.00981407 0.00159459
5.6 -1.32693e-06 -4.16837e-05 0.000275961 -6.24546e-05 0.00690189 -0.00104253
5.62 2.79079e-07 -0.000143017 0.000150173 -4.75019e-05 0.0037559 -0.00357692
5.64 1.76041e-06 -0.000227079 2.18035e-05 -3.30348e-05 0.000545314 -0.00567934
5.66 2.99652e-06 -0.000285998 -0.000100657 -1.87231e-05 -0.00251748 -0.00715292
5.68 3.89431e-06 -0.000319473 -0.000207697 -3.73814e-06 -0.00519458 -0.00799014
5.7 4.43736e-06 -0.000333413 -0.00029175 1.24736e-05 -0.00729678 -0.0083388
5.72 4.709e-06 -0.000336869 -0.000349844 3.01276e-05 -0.00874974 -0.00842523
5.74 4.84217e-06 -0.000338371 -0.00038342 4.91896e-05 -0.00958948 -0.00846281
5.76 4.92951e-06 -0.000342894 -0.000395158 6.89636e-05 -0.00988307 -0.00857592
5.78 4.9692e-06 -0.000351016 -0.000385164 8.76565e-05 -0.00963311 -0.00877907
5.8 4.88336e-06 -0.00036028 -0.000349826 0.000102897 -0.0087493 -0.00901074
5.82 4.58121e-06 -0.000366953 -0.000284612 0.000113077 -0.00711826 -0.00917764
5.84 4.01345e-06 -0.000366971 -0.000188473 0.000118149 -0.00471378 -0.00917809
5.86 3.18736e-06 -0.000356648 -6.62433e-05 0.000118872 -0.00165677 -0.00891991
5.88 2.15214e-06 -0.000334161 7.25548e-05 0.000115258 0.00181463 -0.0083575
5.9 9.8252e-07 -0.000300861 0.000216976 0.000106132 0.00542667 -0.00752465
5.92 -2.27945e-07 -0.000260656 0.000357042 9.04232e-05 0.00892976 -0.00651912
5.94 -1.37547e-06 -0.000217807 0.00048392 6.86264e-05 0.012103 -0.00544743
5.96 -2.36827e-06 -0.000174735 0.000589399 4.26272e-05 0.0147411 -0.00437019
5.98 -3.15716e-06 -0.000130224 0.000666262 1.41551e-05 0.0166635 -0.00325695
6 -3.75669e-06 -7.83955e-05 0.000708951 -1.63331e-05 0.0177312 -0.0019607
6.02 -4.2362e-06 -1.04291e-05 0.000713749 -4.92433e-05 0.0178512 -0.000260835
6.04 -4.67504e-06 8.00709e-05 0.000679616 -8.44765e-05 0.0169975 0.00200261
6.06 -5.10338e-06 0.000190647 0.000609779 -0.000120377 0.0152508 0.00476816
6.08 -5.46011e-06 0.00030699 0.000511463 -0.000153718 0.0127919 0.00767794
6.1 -5.59045e-06 0.000406658 0.000393036 -0.000180571 0.00982999 0.0101707
6.12 -5.30769e-06 0.000469082 0.000261747 -0.000197469 0.00654641 0.0117319
6.14 -4.52049e-06 0.00048638 0.000123167 -0.000202359 0.00308045 0.0121646
6.16 -3.33398e-06 0.000467483 -2.08093e-05 -0.000195062 -0.000520449 0.0116919
6.18 -1.99164e-06 0.000432363 -0.00017558 -0.00017704 -0.00439132 0.0108136
6.2 -6.72442e-07 0.000400412 -0.000353572 -0.000150411 -0.00884299 0.0100145
6.22 6.51776e-07 0.00038084 -0.000566584 -0.000117018 -0.0141705 0.00952496
6.24 2.13732e-06 0.000370311 -0.000813662 -7.85075e-05 -0.0203501 0.00926164
6.26 3.8367e-06 0.00035657 -0.00107149 -3.61638e-05 -0.0267992 0.00891796
6.28 5.56775e-06 0.000324299 -0.00129497 1.04644e-05 -0.0323957 0.00811084
6.3 6.96848e-06 0.0002616 -0.0014324 6.28008e-05 -0.0358548 0.00654272
6.32 7.78192e-06 0.000164149 -0.00145994 0.000120334 -0.0365523 0.00410543
6.34 8.15552e-06 3.51226e-05 -0.00140408 0.000181021 -0.0351551 0.00087843
6.36 8.54988e-06 -0.000115769 -0.00131903 0.000244192 -0.0330278 -0.00289542
6.38 9.31338e-06 -0.00027262 -0.00124767 0.000310132 -0.0312433 -0.00681833
6.4 1.03356e-05 -0.000415666 -0.001205 0.000374799 -0.0301761 -0.010396
6.42 1.11655e-05 -0.000527636 -0.00118018 0.000428064 -0.0295553 -0.0131964
6.44 1.15318e-05 -0.000600226 -0.00116429 0.000460915 -0.0291578 -0.0150119
6.46 1.15504e-05 -0.000635481 -0.00114957 0.000469758 -0.0287896 -0.0158936
6.48 1.1342e-05 -0.000642021 -0.001104 0.000453156 -0.0276499 -0.0160572
6.5 1.06549e-05 -0.000629931 -0.000981002 0.000412316 -0.0245737 -0.0157548
6.52 9.04696e-06 -0.00060816 -0.000744268 0.000356053 -0.0186529 -0.0152103
6.54 6.43059e-06 -0.000581995 -0.00039545 0.000299326 -0.00992885 -0.0145559
6.56 3.30571e-06 -0.000552243 8.34592e-06 0.0002548 0.000170256 -0.0138118
6.58 4.71949e-07 -0.000516703 0.000379873 0.000226538 0.00946231 -0.012923
6.6 -1.51164e-06 -0.000468837 0.000655661 0.000208448 0.0163601 -0.0117258
6.62 -2.67565e-06 -0.000399528 0.000821258 0.000186758 0.0205025 -0.00999236
6.64 -3.48081e-06 -0.000304865 0.000897879 0.00014691 0.0224198 -0.0076248
6.66 -4.31194e-06 -0.000191388 0.000918778 8.18815e-05 0.0229429 -0.0047867
6.68 -5.18116e-06 -7.27556e-05 0.000911045 -4.27343e-06 0.0227495 -0.00181965
6.7 -5.89256e-06 3.74255e-05 0.000891202 -0.000100366 0.0222532 0.000936026
6.72 -6.37489e-06 0.000129029 0.00087543 -0.000194638 0.0218587 0.00322706
6.74 -6.79497e-06 0.000197124 0.000885351 -0.000278085 0.0221069 0.00493017
6.76 -7.39281e-06 0.000244641 0.0009374 -0.000344256 0.0234086 0.00611858
6.78 -8.26546e-06 0.000281165 0.00102989 -0.000388316 0.0257217 0.00703206
6.8 -9.30734e-06 0.00031637 0.00114315 -0.000407818 0.0285545 0.00791256
6.82 -1.03105e-05 0.000356049 0.00124657 -0.000405911 0.0311411 0.00890494
6.84 -1.10559e-05 0.000403458 0.00130392 -0.000392247 0.0325755 0.0100906
6.86 -1.13186e-05 0.000459594 0.00128298 -0.00037639 0.0320517 0.0114946
6.88 -1.09369e-05 0.000519427 0.00116887 -0.000360747 0.0291977 0.0129911
6.9 -9.92908e-06 0.000571311 0.000970201 -0.000343673 0.024229 0.0142887
6.92 -8.46692e-06 0.00060593 0.000715392 -0.000326774 0.0178561 0.0151546
6.94 -6.77573e-06 0.000619935 0.000444216 -0.000313615 0.0110739 0.0155048
6.96 -5.07796e-06 0.000611124 0.000191294 -0.000303143 0.0047482 0.0152845
6.98 -3.51957e-06 0.00057947 -2.77969e-05 -0.000288912 -0.000731359 0.0144928
7 -2.12368e-06 0.000528914 -0.000214353 -0.000262704 -0.00539721 0.0132284
7.02 -8.22008e-07 0.000464412 -0.000376634 -0.000217192 -0.00945592 0.0116151
7.04 4.78143e-07 0.000387514 -0.000520925 -0.0001492 -0.0130647 0.00969189
7.06 1.83744e-06 0.000295521 -0.000647482 -6.18739e-05 -0.0162301 0.0073911
7.08 3.26229e-06 0.000187367 -0.000752375 3.7445e-05 -0.0188537 0.00468613
7.1 4.69166e-06 6.82075e-05 -0.000832046 0.000139216 -0.0208467 0.0017059
7.12 6.00613e-06 -5.24721e-05 -0.000885864 0.000231173 -0.0221931 -0.00131235
7.14 7.08108e-06 -0.000164735 -0.000915342 0.000300308 -0.0229307 -0.0041201
7.16 7.8482e-06 -0.000260819 -0.00092241 0.000338697 -0.0231076 -0.00652319
7.18 8.30444e-06 -0.000336249 -0.000910203 0.000347427 -0.0228023 -0.00840974
7.2 8.47747e-06 -0.000389201 -0.000885022 0.000334274 -0.0221725 -0.00973407
7.22 8.40645e-06 -0.000418996 -0.000852727 0.000308336 -0.0213648 -0.0104793
7.24 8.12067e-06 -0.000426509 -0.000811424 0.000277902 -0.0203318 -0.0106672
7.26 7.60521e-06 -0.00041646 -0.000749202 0.00025054 -0.0187756 -0.0104158
7.28 6.7923e-06 -0.000397358 -0.000647506 0.000230922 -0.0162321 -0.00993808
7.3 5.62813e-06 -0.000378589 -0.000490358 0.000218694 -0.0123018 -0.00946866
7.32 4.16659e-06 -0.000367363 -0.000276652 0.000210146 -0.00695692 -0.00918791
7.34 2.57745e-06 -0.000366202 -2.39137e-05 0.000200806 -0.000635837 -0.00915887
7.36 1.05541e-06 -0.000371474 0.000238912 0.000185048 0.00593754 -0.00929072
7.38 -2.90869e-07 -0.000374231 0.000481704 0.000154822 0.0120099 -0.00935967
7.4 -1.45893e-06 -0.000364301 0.000681337 0.000102225 0.0170028 -0.00911133
7.42 -2.48499e-06 -0.000335181 0.000825614 2.58658e-05 0.0206113 -0.00838303
7.44 -3.38215e-06 -0.000285488 0.000912038 -6.52518e-05 0.022773 -0.00714017
7.46 -4.13865e-06 -0.000217485 0.000944886 -0.000155556 0.0235947 -0.00543939
7.48 -4.74694e-06 -0.000136077 0.000933853 -0.000231308 0.0233187 -0.00340335
7.5 -5.21785e-06 -4.80667e-05 0.000892751 -0.000285711 0.0222908 -0.00120217
7.52 -5.57455e-06 4.01253e-05 0.00083677 -0.000317843 0.0208907 0.00100355
7.54 -5.85252e-06 0.000124651 0.000779668 -0.000329232 0.0194625 0.00311758
7.56 -6.10192e-06 0.000203965 0.000731519 -0.000322345 0.0182583 0.00510126
7.58 -6.3585e-06 0.00027686 0.000693744 -0.000301233 0.0173135 0.00692439
7.6 -6.57215e-06 0.000341069 0.000652432 -0.000271491 0.0162803 0.00853029
7.62 -6.54701e-06 0.00039333 0.0005806 -0.000238006 0.0144837 0.00983735
7.64 -6.02478e-06 0.000430465 0.000454003 -0.000203015 0.0113175 0.0107661
7.66 -4.90451e-06 0.000450798 0.0002685 -0.000167501 0.006678 0.0112746
7.68 -3.36936e-06 0.000454643 4.38683e-05 -0.000133829 0.00105987 0.0113708
7.7 -1.76065e-06 0.000442708 -0.000187438 -0.000104718 -0.00472521 0.0110723
7.72 -3.29494e-07 0.000414221 -0.00039602 -7.88696e-05 -0.00994193 0.0103598
7.74 8.84893e-07 0.000367344 -0.000565411 -4.86976e-05 -0.0141785 0.00918744
7.76 1.97857e-06 0.000300618 -0.000691565 -4.23952e-06 -0.0173336 0.00751859
7.78 3.03014e-06 0.000214578 -0.000775255 5.88541e-05 -0.0194268 0.00536668
7.8 4.02114e-06 0.000113752 -0.000816869 0.000134581 -0.0204677 0.00284499
7.82 4.86789e-06 6.26274e-06 -0.000818567 0.000209584 -0.0205101 0.000156634
7.84 5.50524e-06 -9.85173e-05 -0.000788778 0.000270359 -0.0197651 -0.00246396
7.86 5.93985e-06 -0.000191426 -0.000742401 0.000308369 -0.0186052 -0.00478764
7.88 6.2309e-06 -0.000265654 -0.000695747 0.000320819 -0.0174383 -0.00664412
7.9 6.4409e-06 -0.000319775 -0.000660057 0.000309259 -0.0165457 -0.00799769
7.92 6.5996e-06 -0.000357719 -0.00063671 0.000278569 -0.0159618 -0.0089467
7.94 6.68401e-06 -0.000385228 -0.000613295 0.000236372 -0.0153762 -0.00963472
7.96 6.58384e-06 -0.000406645 -0.000564103 0.000191347 -0.0141459 -0.0101704
7.98 6.10283e-06 -0.000423865 -0.000462425 0.000150336 -0.0116029 -0.010601
8 5.09692e-06 -0.000436689 -0.000298367 0.000116404 -0.00749972 -0.0109218
8.02 3.65031e-06 -0.000443932 -8.66908e-05 8.94409e-05 -0.00220561 -0.0111029
8.04 2.07031e-06 -0.00044433 0.000140328 6.7876e-05 0.00347223 -0.0111129
8.06 6.74165e-07 -0.000435873 0.000348264 4.89356e-05 0.0086728 -0.0109014
8.08 -4.11374e-07 -0.000414606 0.000514514 2.75863e-05 0.0128308 -0.0103695
8.1 -1.26021e-06 -0.00037627 0.000633056 -2.63982e-06 0.0157956 -0.00941067
8.12 -2.00846e-06 -0.000319609 0.000708698 -4.54785e-05 0.0176874 -0.00799355
8.14 -2.72343e-06 -0.00024673 0.000748609 -9.79066e-05 0.0186856 -0.00617083
8.16 -3.39136e-06 -0.000161522 0.000759663 -0.000151058 0.0189621 -0.00403973
8.18 -4.00025e-06 -6.8644e-05 0.00075105 -0.000195784 0.0187467 -0.00171681
8.2 -4.60063e-06 2.77095e-05 0.000735071 -0.000227301 0.018347 0.000693028
8.22 -5.27177e-06 0.000124873 0.000722503 -0.000244983 0.0180327 0.00312312
8.24 -6.03405e-06 0.000221034 0.000716202 -0.000249149 0.0178751 0.00552816
8.26 -6.79718e-06 0.000313521 0.00070869 -0.000239224 0.0176872 0.00784129
8.28 -7.3818e-06 0.00039787 0.00068524 -0.000214891 0.0171007 0.0099509
8.3 -7.60064e-06 0.000468343 0.000630317 -0.000178313 0.0157271 0.0117135
8.32 -7.33659e-06 0.000519547 0.000535324 -0.000134885 0.0133513 0.0129941
8.34 -6.595e-06 0.000548277 0.000404216 -9.20588e-05 0.0100722 0.0137126
8.36 -5.51659e-06 0.00055459 0.00025184 -5.72459e-05 0.00626122 0.0138705
8.38 -4.30937e-06 0.000541697 9.59179e-05 -3.57014e-05 0.00236154 0.0135481
8.4 -3.13992e-06 0.000514788 -5.01094e-05 -2.88521e-05 -0.00129066 0.0128751
8.42 -2.08149e-06 0.000479274 -0.000179778 -3.35649e-05 -0.00453373 0.0119868
8.44 -1.14835e-06 0.000439573 -0.000293126 -4.20747e-05 -0.0073686 0.0109939
8.46 -3.29345e-07 0.000397969 -0.000393771 -4.26356e-05 -0.00988578 0.00995337
8.48 4.18832e-07 0.000352609 -0.000484014 -2.35813e-05 -0.0121428 0.00881889
8.5 1.16547e-06 0.000298081 -0.000561173 1.87961e-05 -0.0140726 0.00745513
8.52 1.95883e-06 0.000229854 -0.000618368 7.53779e-05 -0.0155031 0.00574874
8.54 2.78324e-06 0.000147028 -0.000648927 0.000128933 -0.0162673 0.00367722
8.56 3.57401e-06 5.19926e-05 -0.000650579 0.000164673 -0.0163087 0.00130036
8.58 4.26822e-06 -4.9683e-05 -0.00062658 0.000176775 -0.0157084 -0.00124259
8.6 4.82984e-06 -0.00014988 -0.00058362 0.00016721 -0.014634 -0.00374856
8.62 5.23304e-06 -0.000240472 -0.000528374 0.000141746 -0.0132523 -0.0060143
8.64 5.44295e-06 -0.000315406 -0.000464335 0.000107922 -0.0116506 -0.00788844
8.66 5.41188e-06 -0.000371075 -0.000389895 7.431e-05 -0.00978884 -0.00928074
8.68 5.08376e-06 -0.000406454 -0.000299877 4.84381e-05 -0.00753746 -0.0101656
8.7 4.43215e-06 -0.000423332 -0.000190724 3.39621e-05 -0.0048075 -0.0105877
8.72 3.51566e-06 -0.000425825 -6.45042e-05 2.98601e-05 -0.00165069 -0.0106501
8.74 2.4774e-06 -0.00041923 7.14262e-05 3.23839e-05 0.00174899 -0.0104851
8.76 1.47156e-06 -0.000408506 0.000207265 3.75517e-05 0.00514637 -0.0102169
8.78 5.89811e-07 -0.000396693 0.00033416 4.20743e-05 0.00832008 -0.00992145
8.8 -1.48861e-07 -0.000383986 0.000446993 4.27076e-05 0.0111421 -0.00960366
8.82 -7.69498e-07 -0.000367787 0.000544636 3.52162e-05 0.0135842 -0.00919851
8.84 -1.32643e-06 -0.000343291 0.000627148 1.50066e-05 0.0156478 -0.00858585
8.86 -1.89078e-06 -0.000304603 0.000692479 -1.90908e-05 0.0172818 -0.00761824
8.88 -2.51334e-06 -0.000247338 0.000736155 -6.13421e-05 0.0183742 -0.00618602
8.9 -3.19234e-06 -0.000171301 0.000754357 -0.000101404 0.0188294 -0.0042843
8.92 -3.88149e-06 -8.02894e-05 0.000746976 -0.000130811 0.0186448 -0.00200807
8.94 -4.5252e-06 1.9411e-05 0.000717601 -0.000146478 0.0179101 0.000485477
8.96 -5.07312e-06 0.000119657 0.000670588 -0.000148842 0.0167343 0.00299267
8.98 -5.46238e-06 0.000212094 0.000607629 -0.000139224 0.0151597 0.00530455
9 -5.61383e-06 0.000290726 0.000526823 -0.000120141 0.0131387 0.00727117
9.02 -5.46017e-06 0.000352366 0.000426342 -9.6706e-05 0.0106256 0.00881281
9.04 -4.9939e-06 0.00039529 0.000309744 -7.56517e-05 0.00770943 0.00988637
9.06 -4.29333e-06 0.000418954 0.000186046 -6.21003e-05 0.00461568 0.0104782
9.08 -3.47842e-06 0.000424833 6.36124e-05 -5.7249e-05 0.00155357 0.0106253
9.1 -2.6292e-06 0.000416696 -5.52293e-05 -5.87899e-05 -0.00141871 0.0104217
9.12 -1.75297e-06 0.000399765 -0.00017392 -6.28347e-05 -0.0043872 0.00999828
9.14 -8.35278e-07 0.000379004 -0.000296443 -6.52279e-05 -0.00745157 0.00947904
9.16 9.41549e-08 0.000356938 -0.000420993 -6.13928e-05 -0.0105666 0.00892716
9.18 9.61285e-07 0.000332057 -0.000537721 -4.58023e-05 -0.013486 0.0083049
9.2 1.70811e-06 0.000299298 -0.00063314 -1.3872e-05 -0.0158725 0.00748556
9.22 2.33833e-06 0.000253764 -0.00069762 3.32008e-05 -0.0174852 0.00634675
9.24 2.89895e-06 0.00019541 -0.000730068 8.58401e-05 -0.0182967 0.00488728
9.26 3.4225e-06 0.000129648 -0.000737089 0.000130513 -0.0184723 0.00324255
9.28 3.89708e-06 6.32326e-05 -0.000728289 0.000157804 -0.0182522 0.00158147
9.3 4.29722e-06 -1.96029e-07 -0.000711518 0.000166621 -0.0178328 -4.90187e-06
9.32 4.63506e-06 -6.13352e-05 -0.000690424 0.000162073 -0.0173052 -0.00153402
9.34 4.95616e-06 -0.000122669 -0.000664054 0.000150927 -0.0166457 -0.00306801
9.36 5.26438e-06 -0.000184211 -0.000626856 0.000138861 -0.0157153 -0.0046072
9.38 5.45158e-06 -0.000241571 -0.000569316 0.00012968 -0.0142762 -0.00604179
9.4 5.32659e-06 -0.000288486 -0.000482208 0.000124681 -0.0120976 -0.00721515
9.42 4.76614e-06 -0.000321048 -0.000363382 0.00012224 -0.00912575 -0.00802955
9.44 3.84873e-06 -0.000339505 -0.000220964 0.000119007 -0.00556383 -0.00849117
9.46 2.81008e-06 -0.000346778 -7.02127e-05 0.00011223 -0.00179346 -0.00867306
9.48 1.8617e-06 -0.000345713 7.3121e-05 0.000101042 0.00179137 -0.00864641
9.5 1.06621e-06 -0.00033738 0.000198715 8.59091e-05 0.00493252 -0.00843801
9.52 3.734e-07 -0.00032133 0.000303796 6.73116e-05 0.00756065 -0.00803659
9.54 -2.74064e-07 -0.000296805 0.000390831 4.46861e-05 0.00973743 -0.00742322
9.56 -8.98479e-07 -0.000262996 0.000463407 1.63948e-05 0.0115526 -0.00657764
9.58 -1.5182e-06 -0.000218406 0.000523514 -1.85648e-05 0.0130559 -0.00546241
9.6 -2.17087e-06 -0.000161463 0.000571196 -5.83485e-05 0.0142484 -0.00403825
9.62 -2.88675e-06 -9.21255e-05 0.000605507 -9.81252e-05 0.0151066 -0.0023041
9.64 -3.6491e-06 -1.25614e-05 0.000625269 -0.000132132 0.0156008 -0.000314164
9.66 -4.39067e-06 7.28151e-05 0.000629186 -0.000155705 0.0156988 0.00182114
9.68 -5.02286e-06 0.000157292 0.000615998 -0.000166132 0.015369 0.00393395
9.7 -5.4618e-06 0.000232669 0.000585041 -0.000163032 0.0145947 0.00581914
9.72 -5.63756e-06 0.000291267 0.000536474 -0.000148795 0.01338 0.00728472
9.74 -5.50488e-06 0.000328122 0.000470887 -0.000128422 0.0117397 0.00820647
9.76 -5.0573e-06 0.000342372 0.000389338 -0.000107854 0.0097001 0.00856288
9.78 -4.34148e-06 0.000337368 0.000293703 -9.14674e-05 0.00730823 0.00843771
9.8 -3.45202e-06 0.000319125 0.000185917 -8.0459e-05 0.00461244 0.00798144
9.82 -2.48408e-06 0.00029351 6.69786e-05 -7.28823e-05 0.00163775 0.00734081
9.84 -1.48105e-06 0.000263609 -6.19261e-05 -6.46274e-05 -0.00158621 0.00659297
9.86 -4.36125e-07 0.000228913 -0.00019665 -5.05237e-05 -0.00495571 0.00572522
9.88 6.50199e-07 0.000187025 -0.000328319 -2.59253e-05 -0.00824882 0.00467758
9.9 1.72145e-06 0.000136683 -0.000444554 1.0767e-05 -0.0111559 0.00341851
9.92 2.67931e-06 7.92495e-05 -0.00053392 5.61517e-05 -0.013391 0.00198206
9.94 3.44928e-06 1.75471e-05 -0.00059125 0.000102652 -0.0148248 0.000438862
9.96 4.03518e-06 -4.56798e-05 -0.000619729 0.000141995 -0.0155371 -0.00114247
9.98 4.50731e-06 -0.000107908 -0.000627992 0.000168807 -0.0157438 -0.00269882
10 4.93293e-06 -0.000166467 -0.000624708 0.000182008 -0.0156616 -0.0041634
10.02 5.3174e-06 -0.000218672 -0.000614927 0.000183836 -0.015417 -0.00546909
10.04 5.61273e-06 -0.000262307 -0.000600294 0.00017799 -0.015051 -0.00656039
10.06 5.77612e-06 -0.000296263 -0.000581288 0.00016815 -0.0145757 -0.00740966
10.08 5.80888e-06 -0.000320965 -0.000557352 0.000157197 -0.013977 -0.00802748
10.1 5.72823e-06 -0.00033773 -0.000523787 0.00014672 -0.0131375 -0.00844676
10.12 5.49816e-06 -0.000347175 -0.000470646 0.000136712 -0.0118085 -0.008683
10.14 5.01788e-06 -0.000348053 -0.00038814 0.000125818 -0.00974495 -0.00870496
10.16 4.20936e-06 -0.000337622 -0.000274434 0.000112254 -0.00690113 -0.00844406
10.18 3.11033e-06 -0.000313294 -0.000138596 9.46514e-05 -0.00350377 -0.00783562
10.2 1.8664e-06 -0.000274239 3.10201e-06 7.2262e-05 4.01683e-05 -0.00685882
10.22 6.38053e-07 -0.000222089 0.000134349 4.50579e-05 0.0033227 -0.00555453
10.24 -4.77012e-07 -0.000160596 0.000245223 1.42628e-05 0.00609572 -0.00401656
10.26 -1.45639e-06 -9.41266e-05 0.000334336 -1.76766e-05 0.00832446 -0.00235415
10.28 -2.32495e-06 -2.6411e-05 0.000405863 -4.83122e-05 0.0101134 -0.000660549
10.3 -3.11775e-06 3.94027e-05 0.000464611 -7.6301e-05 0.0115827 0.000985478
10.32 -3.84746e-06 0.000100761 0.000513028 -0.000101094 0.0127936 0.00252007
10.34 -4.49627e-06 0.00015625 0.000551185 -0.000121835 0.013748 0.00390788
10.36 -5.03907e-06 0.000205412 0.000578116 -0.000136992 0.0144215 0.00513744
10.38 -5.46524e-06 0.000248014 0.000592633 -0.000145096 0.0147846 0.00620293
10.4 -5.76909e-06 0.000283755 0.000592803 -0.000145671 0.0147888 0.00709682
10.42 -5.92201e-06 0.00031212 0.000574678 -0.000139443 0.0143355 0.00780626
10.44 -5.85885e-06 0.000332057 0.000531929 -0.000127907 0.0132663 0.00830489
10.46 -5.50388e-06 0.000342008 0.000458271 -0.000112839 0.0114241 0.00855377
10.48 -4.8191e-06 0.000340449 0.000352521 -9.60172e-05 0.00877929 0.00851476
10.5 -3.8443e-06 0.000326347 0.000221877 -7.90454e-05 0.00551182 0.00816207
10.52 -2.69234e-06 0.000299274 7.90594e-05 -6.28497e-05 0.00193989 0.00748498
10.54 -1.48307e-06 0.000259476 -6.37489e-05 -4.682e-05 -0.0016318 0.0064896
10.56 -2.81637e-07 0.000208362 -0.000198078 -2.87651e-05 -0.00499142 0.00521122
10.58 8.88995e-07 0.000149154 -0.00031891 -6.5054e-06 -0.00801348 0.00373042
10.6 1.99237e-06 8.66074e-05 -0.000423841 2.03278e-05 -0.0106378 0.00216609
10.62 2.97e-06 2.55806e-05 -0.000512453 5.02249e-05 -0.0128541 0.000639782
10.64 3.78832e-06 -3.06144e-05 -0.000585422 8.11067e-05 -0.014679 -0.000765678
10.66 4.46628e-06 -8.1302e-05 -0.000643352 0.00011118 -0.0161279 -0.0020334
10.68 5.04538e-06 -0.000128358 -0.00068541 0.0001387 -0.0171798 -0.00321028
10.7 5.54157e-06 -0.000174484 -0.000708413 0.000161563 -0.0177551 -0.00436392
10.72 5.92592e-06 -0.00022069 -0.00070787 0.000177568 -0.0177415 -0.00551955
10.74 6.14309e-06 -0.000264977 -0.000680948 0.000185106 -0.0170682 -0.0066272
10.76 6.14146e-06 -0.000303237 -0.000628664 0.000183745 -0.0157606 -0.00758409
10.78 5.8999e-06 -0.000331287 -0.000554442 0.000174459 -0.0139042 -0.00828563
10.8 5.42621e-06 -0.000346402 -0.000460761 0.000159355 -0.0115612 -0.00866365
10.82 4.72905e-06 -0.000347662 -0.000348644 0.000141003 -0.00875716 -0.00869517
10.84 3.81706e-06 -0.000335409 -0.000220093 0.000121784 -0.00554203 -0.00838872
10.86 2.72632e-06 -0.000310751 -7.98191e-05 0.000103341 -0.00203373 -0.00777202
10.88 1.53096e-06 -0.000275683 6.50478e-05 8.59487e-05 0.00158946 -0.00689494
10.9 3.20206e-07 -0.000233215 0.000206546 6.80215e-05 0.00512839 -0.0058328
10.92 -8.29207e-07 -0.000186797 0.000337856 4.68101e-05 0.0084125 -0.00467187
10.94 -1.86687e-06 -0.000138927 0.000454311 2.02381e-05 0.0113251 -0.00347462
10.96 -2.77668e-06 -8.97309e-05 0.000552604 -1.19137e-05 0.0137834 -0.00224421
10.98 -3.57544e-06 -3.71773e-05 0.000629363 -4.83259e-05 0.0157032 -0.000929819
11 -4.28763e-06 2.05078e-05 0.000681272 -8.67606e-05 0.0170015 0.000512909
11.02 -4.91081e-06 8.22479e-05 0.000706997 -0.000124048 0.0176449 0.00205706
11.04 -5.41005e-06 0.000143605 0.000708892 -0.000156146 0.0176923 0.00359162
11.06 -5.74782e-06 0.000198434 0.000692551 -0.000179145 0.0172836 0.00496293
11.08 -5.91325e-06 0.000241487 0.000664076 -0.000190738 0.0165714 0.00603968
11.1 -5.9143e-06 0.000270666 0.00062615 -0.000190932 0.0156229 0.00676947
11.12 -5.74707e-06 0.000287649 0.000574649 -0.000181618 0.0143348 0.00719423
11.14 -5.3742e-06 0.000296275 0.000498925 -0.000165406 0.0124409 0.00740995
11.16 -4.73402e-06 0.000299871 0.000388571 -0.000144603 0.00968091 0.00749989
11.18 -3.79964e-06 0.000299507 0.000242472 -0.000121148 0.00602692 0.00749079
11.2 -2.6359e-06 0.00029407 7.11872e-05 -9.69998e-05 0.00174301 0.00735483
11.22 -1.37613e-06 0.000281533 -0.000108608 -7.36677e-05 -0.00275375 0.00704126
11.24 -1.37956e-07 0.000260089 -0.000280897 -5.08793e-05 -0.00706276 0.00650495
11.26 1.02355e-06 0.000228747 -0.000433979 -2.6221e-05 -0.0108914 0.00572107
11.28 2.08736e-06 0.000187743 -0.00056105 3.07037e-06 -0.0140695 0.00469552
11.3 3.02824e-06 0.00013844 -0.000658927 3.78955e-05 -0.0165175 0.00346244
11.32 3.82182e-06 8.27697e-05 -0.000726816 7.69813e-05 -0.0182154 0.00207011
11.34 4.46623e-06 2.34287e-05 -0.000766532 0.000118038 -0.0192087 0.000585962
11.36 4.97774e-06 -3.53496e-05 -0.00078327 0.000158415 -0.0196273 -0.000884107
11.38 5.36991e-06 -8.83526e-05 -0.00078477 0.000194864 -0.0196649 -0.00220973
11.4 5.64913e-06 -0.000131664 -0.000778401 0.000223622 -0.0195056 -0.00329296
11.42 5.82742e-06 -0.000164751 -0.000767805 0.000241469 -0.0192406 -0.00412048
11.44 5.92304e-06 -0.000190634 -0.000750923 0.000246888 -0.0188183 -0.00476784
11.46 5.93356e-06 -0.000213969 -0.000719589 0.000240312 -0.0180347 -0.00535144
11.48 5.81054e-06 -0.000238037 -0.000661128 0.000223528 -0.0165725 -0.00595341
11.5 5.458e-06 -0.000262285 -0.000564053 0.000199013 -0.0141446 -0.00655986
11.52 4.7824e-06 -0.000282023 -0.000426147 0.000169708 -0.0106955 -0.0070535
11.54 3.77397e-06 -0.000290924 -0.000257178 0.000138898 -0.00646957 -0.00727614
11.56 2.52904e-06 -0.00028497 -7.34897e-05 0.000109452 -0.00187544 -0.00712722
11.58 1.19142e-06 -0.000264741 0.000109046 8.24733e-05 0.00268985 -0.00662129
11.6 -1.15577e-07 -0.00023418 0.000278285 5.65787e-05 0.00692259 -0.00585694
11.62 -1.30528e-06 -0.000197633 0.000426012 2.89197e-05 0.0106173 -0.00494289
11.64 -2.32147e-06 -0.000158212 0.00054755 -2.79906e-06 0.013657 -0.00395696
11.66 -3.1468e-06 -0.00011801 0.000641679 -3.9198e-05 0.0160112 -0.00295149
11.68 -3.80563e-06 -7.85619e-05 0.000710476 -7.9441e-05 0.0177319 -0.00196486
11.7 -4.33894e-06 -4.04409e-05 0.000758255 -0.000121635 0.0189269 -0.00101144
11.72 -4.7794e-06 -2.55149e-06 0.000789376 -0.000162751 0.0197052 -6.3813e-05
11.74 -5.15446e-06 3.77746e-05 0.00080612 -0.000198698 0.020124 0.000944759
11.76 -5.49517e-06 8.33952e-05 0.00080841 -0.000225167 0.0201813 0.00208575
11.78 -5.82126e-06 0.000135193 0.000795568 -0.000238928 0.0198601 0.00338125
11.8 -6.11553e-06 0.000190493 0.000767744 -0.000238664 0.0191642 0.00476431
11.82 -6.31056e-06 0.000243486 0.000723978 -0.000225049 0.0180696 0.00608969
11.84 -6.30294e-06 0.000287716 0.000658233 -0.000200482 0.0164253 0.00719589
11.86 -5.97271e-06 0.000318762 0.000560083 -0.000168683 0.0139705 0.00797238
11.88 -5.23154e-06 0.000335234 0.000422726 -0.000134121 0.0105352 0.00838434
11.9 -4.1049e-06 0.00033812 0.000250502 -0.000101205 0.00622777 0.00845652
11.92 -2.75193e-06 0.000329781 5.86392e-05 -7.30263e-05 0.0014292 0.00824796
11.94 -1.38079e-06 0.000313038 -0.000133127 -4.99701e-05 -0.00336694 0.00782921
11.96 -1.36122e-07 0.000290224 -0.000308357 -2.92991e-05 -0.00774953 0.00725864
11.98 9.41097e-07 0.000262565 -0.000459106 -6.5449e-06 -0.0115198 0.00656685
12 1.88033e-06 0.000230293 -0.000585283 2.20908e-05 -0.0146756 0.00575973
12.02 2.72866e-06 0.00019307 -0.000689359 5.80371e-05 -0.0172786 0.00482877
12.04 3.51348e-06 0.000150257 -0.000772048 0.000100053 -0.0193467 0.003758
12.06 4.23155e-06 0.000101629 -0.000832513 0.000144702 -0.020859 0.00254177
12.08 4.86462e-06 4.857e-05 -0.000871295 0.000187094 -0.021829 0.00121476
12.1 5.40287e-06 -5.697e-06 -0.000892115 0.000221989 -0.0223497 -0.000142483
12.12 5.85219e-06 -5.76033e-05 -0.000900632 0.000245185 -0.0225627 -0.00144068
12.14 6.22234e-06 -0.000105029 -0.000901304 0.00025474 -0.0225795 -0.00262681
12.16 6.51535e-06 -0.000147806 -0.000894756 0.000251375 -0.0224158 -0.00369668
12.18 6.71611e-06 -0.000186932 -0.000876864 0.000237622 -0.0219683 -0.00467526
12.2 6.7782e-06 -0.000223272 -0.000838544 0.000216384 -0.0210099 -0.00558413
12.22 6.62131e-06 -0.000256411 -0.000767274 0.000190366 -0.0192274 -0.00641294
12.24 6.14628e-06 -0.000284473 -0.000653349 0.000162371 -0.0163781 -0.00711479
12.26 5.30056e-06 -0.000305125 -0.00049718 0.000135307 -0.0124722 -0.0076313
12.28 4.15414e-06 -0.000316981 -0.000310386 0.000111622 -0.00780046 -0.00792782
12.3 2.87571e-06 -0.000320175 -0.000110383 9.25168e-05 -0.00279828 -0.00800771
12.32 1.6219e-06 -0.000315402 8.62645e-05 7.71641e-05 0.00211995 -0.00788834
12.34 4.57281e-07 -0.00030254 0.000267665 6.24069e-05 0.00665685 -0.00756666
12.36 -6.2452e-07 -0.000280461 0.000426638 4.37185e-05 0.0106328 -0.00701445
12.38 -1.63371e-06 -0.000247899 0.000558256 1.71756e-05 0.0139247 -0.00620005
12.4 -2.55068e-06 -0.000204426 0.000658157 -1.8659e-05 0.0164232 -0.00511277
12.42 -3.34157e-06 -0.000151221 0.00072399 -6.17604e-05 0.0180698 -0.0037821
12.44 -3.98944e-06 -9.14335e-05 0.000758421 -0.000106954 0.0189309 -0.00228679
12.46 -4.50952e-06 -2.96548e-05 0.00076976 -0.000147593 0.0192145 -0.000741678
12.48 -4.93922e-06 2.95878e-05 0.000768618 -0.000177887 0.0191859 0.000740005
12.5 -5.31117e-06 8.33024e-05 0.000763048 -0.000194656 0.0190466 0.00208343
12.52 -5.63057e-06 0.000130271 0.000755945 -0.00019784 0.018869 0.00325813
12.54 -5.87851e-06 0.000170138 0.00074576 -0.000189821 0.0186143 0.00425523
12.56 -6.01936e-06 0.000202424 0.000727618 -0.000174145 0.0181605 0.00506272
12.58 -6.00035e-06 0.000226144 0.000692008 -0.000154419 0.0172699 0.00565595
12.6 -5.73e-06 0.000240075 0.00062473 -0.00013355 0.0155872 0.00600437
12.62 -5.08881e-06 0.00024346 0.000513773 -0.000113341 0.0128122 0.00608904
12.64 -4.03185e-06 0.000236732 0.000358582 -9.47156e-05 0.00893079 0.00592076
12.66 -2.67502e-06 0.000221804 0.000172007 -7.80944e-05 0.00426447 0.0055474
12.68 -1.24234e-06 0.00020164 -2.55326e-05 -6.29729e-05 -0.000676092 0.00504309
12.7 7.70859e-08 0.000179208 -0.000213742 -4.71418e-05 -0.00538329 0.00448207
12.72 1.20306e-06 0.000156571 -0.000378442 -2.73792e-05 -0.0095025 0.00391592
12.74 2.13102e-06 0.000134816 -0.00051399 -1.57584e-06 -0.0128926 0.00337181
12.76 2.88108e-06 0.000114506 -0.000621194 3.00541e-05 -0.0155738 0.00286384
12.78 3.48291e-06 9.59475e-05 -0.000703474 6.56579e-05 -0.0176317 0.00239969
12.8 3.97122e-06 7.88882e-05 -0.000764649 0.000102806 -0.0191617 0.00197303
12.82 4.37461e-06 6.17092e-05 -0.000807833 0.000138779 -0.0202418 0.00154337
12.84 4.71158e-06 4.10946e-05 -0.000833961 0.00017054 -0.0208953 0.00102779
12.86 4.99315e-06 1.33357e-05 -0.000841265 0.000195023 -0.021078 0.000333532
12.88 5.21871e-06 -2.32647e-05 -0.000826959 0.000209665 -0.0207202 -0.00058186
12.9 5.35994e-06 -6.68089e-05 -0.000789317 0.000212859 -0.0197787 -0.00167092
12.92 5.35234e-06 -0.000112071 -0.000726715 0.000204302 -0.018213 -0.00280295
12.94 5.11058e-06 -0.000152314 -0.000635164 0.000185551 -0.0159233 -0.00380943
12.96 4.55009e-06 -0.00018177 -0.000510582 0.000160189 -0.0128074 -0.00454615
12.98 3.63765e-06 -0.000197307 -0.000354605 0.000132885 -0.00890641 -0.00493474
13 2.44909e-06 -0.000198669 -0.000177031 0.000107823 -0.00446521 -0.0049688
13.02 1.1504e-06 -0.00018823 6.74771e-06 8.73398e-05 0.000131181 -0.00470772
13.04 -8.73983e-08 -0.000170294 0.000180771 7.09976e-05 0.00448357 -0.00425911
13.06 -1.15564e-06 -0.000149339 0.000333706 5.55129e-05 0.00830855 -0.00373503
13.08 -2.02071e-06 -0.000128046 0.00046147 3.61069e-05 0.011504 -0.00320249
13.1 -2.7116e-06 -0.000106595 0.000565339 8.60169e-06 0.0141018 -0.00266599
13.12 -3.29376e-06 -8.35766e-05 0.000647771 -2.88765e-05 0.0161634 -0.00209029
13.14 -3.82376e-06 -5.75513e-05 0.000710093 -7.48648e-05 0.0177222 -0.00143938
13.16 -4.31361e-06 -2.81074e-05 0.000753187 -0.000124435 0.0188 -0.000702977
13.18 -4.74147e-06 3.95768e-06 0.000778874 -0.000170553 0.0194424 9.89841e-05
13.2 -5.09036e-06 3.69945e-05 0.000790031 -0.000206503 0.0197215 0.000925249
13.22 -5.36327e-06 6.89761e-05 0.000789708 -0.000227926 0.0197134 0.00172512
13.24 -5.56381e-06 9.77768e-05 0.000780147 -0.000233614 0.0194743 0.00244544
13.26 -5.67195e-06 0.000121195 0.000761256 -0.000225177 0.0190018 0.00303113
13.28 -5.6299e-06 0.000137229 0.000727741 -0.000206062 0.0181636 0.00343216
13.3 -5.34809e-06 0.000145066 0.000667493 -0.000180453 0.0166568 0.00362815
13.32 -4.72866e-06 0.0001462 0.000566351 -0.000152235 0.0141271 0.00365653
13.34 -3.73085e-06 0.000144633 0.000417519 -0.000124299 0.0104048 0.00361734
13.36 -2.4463e-06 0.000145716 0.00022663 -9.8417e-05 0.00563059 0.00364441
13.38 -1.0752e-06 0.000153882 9.333e-06 -7.51928e-05 0.000195892 0.00384866
13.4 1.92634e-07 0.00017007 -0.000214009 -5.37267e-05 -0.00538998 0.00425352
13.42 1.27041e-06 0.000190424 -0.000423457 -3.15712e-05 -0.0106284 0.00476257
13.44 2.16263e-06 0.000207715 -0.000603402 -5.56376e-06 -0.0151289 0.00519504
13.46 2.90093e-06 0.000214934 -0.000743877 2.68266e-05 -0.0186422 0.00537558
13.48 3.501e-06 0.000208525 -0.000840118 6.63054e-05 -0.0210493 0.00521531
13.5 3.95835e-06 0.000189015 -0.000892722 0.000111081 -0.022365 0.00472735
13.52 4.27148e-06 0.000159112 -0.000908189 0.000157098 -0.0227519 0.00397945
13.54 4.47335e-06 0.000121395 -0.000897442 0.000199287 -0.0224831 0.00303614
13.56 4.63497e-06 7.75606e-05 -0.000871931 0.000233057 -0.0218451 0.00193982
13.58 4.81965e-06 2.9366e-05 -0.000839473 0.000255057 -0.0210333 0.000734457
13.6 5.02474e-06 -2.02762e-05 -0.000802579 0.000263209 -0.0201106 -0.000507114
13.62 5.17113e-06 -6.76507e-05 -0.000758804 0.000256791 -0.0190157 -0.00169197
13.64 5.15518e-06 -0.000109916 -0.000699798 0.000236782 -0.0175399 -0.00274904
13.66 4.88841e-06 -0.000146543 -0.000611957 0.00020602 -0.015343 -0.00366511
13.68 4.30959e-06 -0.000179067 -0.000483523 0.000168979 -0.0121308 -0.00447855
13.7 3.41922e-06 -0.000209135 -0.000312853 0.000131154 -0.00786229 -0.00523056
13.72 2.30585e-06 -0.000236707 -0.000110838 9.76696e-05 -0.00280982 -0.00592014
13.74 1.11614e-06 -0.000260095 0.000101797 7.10795e-05 0.00250829 -0.00650509
13.76 -1.81007e-09 -0.000277418 0.000300296 4.99171e-05 0.00747281 -0.00693834
13.78 -9.2556e-07 -0.000287853 0.000464177 2.97646e-05 0.0115715 -0.00719931
13.8 -1.57948e-06 -0.000291738 0.000584422 5.98556e-06 0.0145789 -0.0072965
13.82 -1.97698e-06 -0.000289882 0.000664785 -2.4301e-05 0.0165889 -0.00725006
13.84 -2.2306e-06 -0.000283024 0.000717311 -6.16228e-05 0.0179026 -0.00707856
13.86 -2.48268e-06 -0.000271763 0.000755851 -0.000104032 0.0188665 -0.00679691
13.88 -2.81447e-06 -0.000256409 0.000790758 -0.000147425 0.0197396 -0.0064129
13.9 -3.22363e-06 -0.000236639 0.000826364 -0.000186695 0.0206301 -0.00591845
13.92 -3.67241e-06 -0.000211415 0.000861624 -0.000217094 0.021512 -0.00528757
13.94 -4.13443e-06 -0.00017941 0.000892629 -0.000235076 0.0222875 -0.00448712
13.96 -4.59698e-06 -0.000139634 0.000914756 -0.000238935 0.022841 -0.0034923
13.98 -5.0382e-06 -9.17046e-05 0.000921997 -0.00022929 0.0230222 -0.00229357
14 -5.38953e-06 -3.56689e-05 0.000902986 -0.000208646 0.0225467 -0.000892093
14.02 -5.51926e-06 2.79691e-05 0.000840118 -0.000180451 0.0209743 0.00069952
14.04 -5.28432e-06 9.72749e-05 0.000718949 -0.000148661 0.0179438 0.00243289
14.06 -4.63591e-06 0.000167389 0.00054197 -0.000117457 0.0135175 0.00418647
14.08 -3.69136e-06 0.000230241 0.00033229 -9.03385e-05 0.00827335 0.00575843
14.1 -2.66907e-06 0.000277097 0.00012283 -6.88106e-05 0.00303466 0.00693032
14.12 -1.73794e-06 0.000303265 -5.97628e-05 -5.18257e-05 -0.00153207 0.00758479
14.14 -9.44282e-07 0.000311489 -0.000206063 -3.67618e-05 -0.00519111 0.00779047
14.16 -2.64512e-07 0.000310789 -0.000324225 -2.1117e-05 -0.00814638 0.00777297
14.18 3.26281e-07 0.000311144 -0.000429725 -3.257e-06 -0.010785 0.00778185
14.2 8.46702e-07 0.00031759 -0.000532301 1.8202e-05 -0.0133505 0.00794305
14.22 1.32239e-06 0.000327813 -0.000630068 4.48884e-05 -0.0157956 0.00819874
14.24 1.77203e-06 0.000334663 -0.000713033 7.76568e-05 -0.0178707 0.00837007
14.26 2.18527e-06 0.000330566 -0.000770382 0.000114575 -0.019305 0.00826759
14.28 2.53248e-06 0.000309834 -0.000795605 0.000149751 -0.0199359 0.00774908
14.3 2.80429e-06 0.000268758 -0.000788036 0.00017466 -0.0197466 0.00672176
14.32 3.03919e-06 0.000206195 -0.000752661 0.000182091 -0.0188618 0.00515702
14.34 3.30236e-06 0.000125545 -0.000698807 0.000170285 -0.0175149 0.00313993
14.36 3.62043e-06 3.57236e-05 -0.000636398 0.000144074 -0.0159541 0.000893463
14.38 3.92975e-06 -5.12916e-05 -0.00057024 0.000112289 -0.0142994 -0.00128282
14.4 4.08096e-06 -0.000125336 -0.000495866 8.34273e-05 -0.0124393 -0.00313471
14.42 3.91643e-06 -0.000182052 -0.000401946 6.25742e-05 -0.0100903 -0.0045532
14.44 3.38386e-06 -0.000223928 -0.000279131 5.07846e-05 -0.00701866 -0.00560054
14.46 2.58472e-06 -0.000258134 -0.000127199 4.57668e-05 -0.00321877 -0.00645603
14.48 1.7048e-06 -0.000291991 4.48546e-05 4.27019e-05 0.00108436 -0.00730282
14.5 8.89574e-07 -0.000328482 0.000222558 3.57796e-05 0.00552879 -0.00821547
14.52 1.87572e-07 -0.000364789 0.000389488 2.09975e-05 0.00970379 -0.00912352
14.54 -4.04581e-07 -0.000394456 0.000530178 -1.56613e-06 0.0132225 -0.00986551
14.56 -8.81629e-07 -0.000410656 0.000632706 -2.85146e-05 0.0157868 -0.0102707
14.58 -1.23144e-06 -0.000408101 0.000691102 -5.63485e-05 0.0172473 -0.0102068
14.6 -1.47668e-06 -0.000383672 0.000707362 -8.33271e-05 0.017654 -0.00959581
14.62 -1.69098e-06 -0.000336948 0.000691507 -0.00010801 0.0172574 -0.0084272
14.64 -1.96832e-06 -0.000270802 0.000658574 -0.000127399 0.0164338 -0.00677288
14.66 -2.3717e-06 -0.000191642 0.000623547 -0.000138061 0.0155577 -0.00479306
14.68 -2.89576e-06 -0.000108217 0.000596056 -0.00013901 0.0148702 -0.00270656
14.7 -3.45373e-06 -2.83821e-05 0.00057584 -0.000132513 0.0143645 -0.000709848
14.72 -3.89917e-06 4.429e-05 0.000549473 -0.000121716 0.0137051 0.00110771
14.74 -4.07072e-06 0.000110925 0.00049294 -0.000107991 0.0122912 0.00277428
14.76 -3.84577e-06 0.000174424 0.000385555 -9.0999e-05 0.00960543 0.00436241
14.78 -3.22156e-06 0.000236129 0.000226921 -7.09491e-05 0.00563794 0.00590568
14.8 -2.36456e-06 0.000294689 3.97752e-05 -4.99639e-05 0.000957336 0.0073703
14.82 -1.531e-06 0.00034676 -0.00014383 -3.09774e-05 -0.00363471 0.00867261
14.84 -8.94719e-07 0.000388041 -0.000299212 -1.58136e-05 -0.00752088 0.00970508
14.86 -4.53695e-07 0.000414348 -0.000416805 -4.66995e-06 -0.0104619 0.010363
14.88 -9.84103e-08 0.000422624 -0.000499427 3.40018e-06 -0.0125283 0.01057
14.9 2.65122e-07 0.000411341 -0.000554315 1.08631e-05 -0.0139011 0.0102878
14.92 6.67611e-07 0.000380884 -0.000587485 2.22547e-05 -0.0147307 0.00952607
14.94 1.10594e-06 0.000334374 -0.000604299 4.23137e-05 -0.0151512 0.00836285
14.96 1.58112e-06 0.000276912 -0.00061234 7.20925e-05 -0.0153523 0.00692569
14.98 2.11048e-06 0.00021257 -0.000619946 0.000106862 -0.0155426 0.00531647
15 2.71436e-06 0.000142234 -0.000630204 0.000138232 -0.0157991 0.00355734
15.02 3.3803e-06 6.50844e-05 -0.000636559 0.000158463 -0.0159581 0.00162779
15.04 4.01741e-06 -1.77775e-05 -0.00062447 0.000163231 -0.0156557 -0.000444622
15.06 4.45559e-06 -0.000101411 -0.000578073 0.000151944 -0.0144953 -0.00253633
15.08 4.51992e-06 -0.000178614 -0.000487914 0.000127395 -0.0122404 -0.00446721
15.1 4.13574e-06 -0.000243642 -0.00035609 9.55579e-05 -0.00894341 -0.00609359
15.12 3.39204e-06 -0.000295229 -0.000196344 6.42835e-05 -0.00494811 -0.00738379
15.14 2.50703e-06 -0.000336311 -2.86925e-05 4.03021e-05 -0.000755071 -0.00841129
15.16 1.70878e-06 -0.000370497 0.000127977 2.64113e-05 0.0031633 -0.00926629
15.18 1.11348e-06 -0.000398573 0.000261416 2.10786e-05 0.00650066 -0.00996847
15.2 6.89146e-07 -0.000418069 0.000368368 2.02784e-05 0.00917558 -0.0104561
15.22 3.1802e-07 -0.000425218 0.000453109 1.94419e-05 0.011295 -0.0106349
15.24 -1.09054e-07 -0.00041667 0.000522817 1.39786e-05 0.0130384 -0.0104211
15.26 -6.42155e-07 -0.000389977 0.000582923 -8.39299e-07 0.0145417 -0.0097535
15.28 -1.28532e-06 -0.000343536 0.000634984 -2.8404e-05 0.0158438 -0.00859197
15.3 -2.02835e-06 -0.000277004 0.000676864 -6.74174e-05 0.0168912 -0.00692799
15.32 -2.8473e-06 -0.00019284 0.000704446 -0.000110204 0.017581 -0.00482301
15.34 -3.68105e-06 -9.71812e-05 0.000714191 -0.000146081 0.0178248 -0.00243054
15.36 -4.43291e-06 1.91862e-06 0.000704593 -0.000167366 0.0175847 4.79865e-05
15.38 -5.00975e-06 9.72247e-05 0.000674948 -0.000172215 0.0168433 0.00243163
15.4 -5.34897e-06 0.00018364 0.000622923 -0.000162806 0.0155421 0.00459292
15.42 -5.4157e-06 0.000258487 0.000544485 -0.000142668 0.0135803 0.00646486
15.44 -5.19559e-06 0.000321578 0.000438033 -0.000116147 0.0109179 0.00804281
15.46 -4.72037e-06 0.000374395 0.000309147 -8.87221e-05 0.00769443 0.00936378
15.48 -4.09506e-06 0.000418182 0.000170069 -6.58391e-05 0.00421604 0.0104589
15.5 -3.4523e-06 0.000452406 3.42065e-05 -5.07416e-05 0.000818062 0.0113149
15.52 -2.86262e-06 0.000474686 -8.92524e-05 -4.3565e-05 -0.0022697 0.0118721
15.54 -2.29518e-06 0.000481889 -0.000198094 -4.21388e-05 -0.00499187 0.0120523
15.56 -1.66212e-06 0.00047133 -0.00029654 -4.26946e-05 -0.00745405 0.0117882
15.58 -8.90822e-07 0.000441512 -0.000390713 -3.96198e-05 -0.00980935 0.0110424
15.6 3.0314e-08 0.000392834 -0.000482515 -2.60875e-05 -0.0121054 0.00982495
15.62 1.04485e-06 0.000327669 -0.000566703 2.53239e-06 -0.0142109 0.00819514
15.64 2.05197e-06 0.000248959 -0.00063319 4.43337e-05 -0.0158738 0.00622657
15.66 2.95603e-06 0.000159361 -0.000672702 9.05042e-05 -0.016862 0.00398569
15.68 3.71211e-06 6.24403e-05 -0.000681956 0.000130201 -0.0170935 0.00156166
15.7 4.3241e-06 -3.59326e-05 -0.000665078 0.000155927 -0.0166714 -0.000898688
15.72 4.80386e-06 -0.000128374 -0.000630815 0.000165206 -0.0158144 -0.00321068
15.74 5.14731e-06 -0.000208917 -0.000587827 0.000159362 -0.0147393 -0.00522511
15.76 5.34959e-06 -0.000275231 -0.000540994 0.00014222 -0.0135679 -0.00688364
15.78 5.42243e-06 -0.000327948 -0.000490021 0.000119496 -0.0122931 -0.00820212
15.8 5.36849e-06 -0.000368283 -0.000430055 9.76431e-05 -0.0107933 -0.00921092
15.82 5.14403e-06 -0.000396167 -0.000354579 8.16999e-05 -0.00890564 -0.00990831
15.84 4.6781e-06 -0.000409716 -0.000259796 7.33805e-05 -0.00653507 -0.0102472
15.86 3.93626e-06 -0.000406228 -0.00014737 7.07665e-05 -0.00372325 -0.0101599
15.88 2.95914e-06 -0.000384423 -2.39303e-05 6.95267e-05 -0.000635968 -0.00961457
15.9 1.84489e-06 -0.000346068 0.000101403 6.46813e-05 0.00249866 -0.0086553
15.92 7.04874e-07 -0.00029519 0.000219506 5.21456e-05 0.00545248 -0.00738283
15.94 -3.71037e-07 -0.000235807 0.000322513 3.0077e-05 0.00802871 -0.00589763
15.96 -1.32725e-06 -0.000170602 0.000404157 -8.9577e-08 0.0100707 -0.00426683
15.98 -2.14188e-06 -0.000101392 0.000460866 -3.40024e-05 0.011489 -0.00253585
16 -2.82172e-06 -3.03487e-05 0.000493583 -6.64243e-05 0.0123073 -0.000759032
16.02 -3.3917e-06 3.90623e-05 0.000508218 -9.33425e-05 0.0126733 0.000976964
16.04 -3.87826e-06 0.000102467 0.000513488 -0.000112721 0.0128051 0.00256274
16.06 -4.29929e-06 0.000156911 0.000516891 -0.000124132 0.0128902 0.00392442
16.08 -4.66871e-06 0.000203116 0.000520911 -0.000128278 0.0129907 0.00508003
16.1 -4.99891e-06 0.0002445 0.000521731 -0.000126694 0.0130113 0.00611504
16.12 -5.2729e-06 0.000283313 0.000510685 -0.000121197 0.012735 0.00708579
16.14 -5.4077e-06 0.000317679 0.0004769 -0.000113096 0.01189 0.00794529
16.16 -5.26271e-06 0.000342078 0.000411312 -0.000102889 0.0102496 0.00855552
16.18 -4.71882e-06 0.000350443 0.000312301 -9.08075e-05 0.00777333 0.00876473
16.2 -3.78402e-06 0.000339394 0.000188644 -7.75151e-05 0.0046806 0.00848839
16.22 -2.61676e-06 0.000309629 5.58609e-05 -6.40305e-05 0.00135964 0.00774395
16.24 -1.4236e-06 0.00026483 -7.09725e-05 -5.08568e-05 -0.00181251 0.00662351
16.26 -3.27553e-07 0.000209348 -0.000182504 -3.72105e-05 -0.00460197 0.00523587
16.28 6.65376e-07 0.000146804 -0.000276263 -2.13006e-05 -0.0069469 0.00367163
16.3 1.59422e-06 8.03005e-05 -0.000354172 -1.44725e-06 -0.00889544 0.00200835
16.32 2.46528e-06 1.30369e-05 -0.000418386 2.30429e-05 -0.0105015 0.000326059
16.34 3.24009e-06 -5.18324e-05 -0.000468723 5.16032e-05 -0.0117604 -0.00129635
16.36 3.87489e-06 -0.00011206 -0.0005037 8.22924e-05 -0.0126352 -0.00280266
16.38 4.36253e-06 -0.000166967 -0.000523283 0.000111766 -0.013125 -0.00417591
16.4 4.74078e-06 -0.00021708 -0.00052974 0.000135862 -0.0132865 -0.00542927
16.42 5.05712e-06 -0.000262778 -0.000525671 0.000150979 -0.0131847 -0.0065722
16.44 5.31708e-06 -0.000302916 -0.000511582 0.000155495 -0.0128323 -0.00757605
16.46 5.46145e-06 -0.000334446 -0.000485294 0.000150295 -0.0121749 -0.00836464
16.48 5.3989e-06 -0.000353312 -0.000443288 0.000138198 -0.0111243 -0.00883648
16.5 5.06398e-06 -0.000356045 -0.000383127 0.00012277 -0.00961962 -0.00890483
16.52 4.45028e-06 -0.000341158 -0.000305798 0.000107041 -0.00768558 -0.00853251
16.54 3.61064e-06 -0.000309781 -0.000215899 9.27139e-05 -0.00543718 -0.00774776
16.56 2.63173e-06 -0.000265302 -0.000119062 7.98818e-05 -0.00301524 -0.0066353
16.58 1.59432e-06 -0.000212075 -1.95443e-05 6.70113e-05 -0.000526272 -0.00530408
16.6 5.49086e-07 -0.00015414 7.95645e-05 5.15814e-05 0.00195248 -0.0038551
16.62 -4.73522e-07 -9.44926e-05 0.000175189 3.15037e-05 0.00434408 -0.0023633
16.64 -1.44451e-06 -3.4812e-05 0.000264311 6.32052e-06 0.00657306 -0.000870663
16.66 -2.34131e-06 2.41329e-05 0.000344553 -2.27522e-05 0.00857995 0.000603574
16.68 -3.15941e-06 8.15701e-05 0.000414028 -5.35922e-05 0.0103175 0.0020401
16.7 -3.89766e-06 0.000136196 0.00047076 -8.37759e-05 0.0117364 0.00340632
16.72 -4.53315e-06 0.000186307 0.000512603 -0.000110757 0.012783 0.00465961
16.74 -5.02581e-06 0.0002301 0.000537947 -0.000132117 0.0134168 0.00575489
16.76 -5.34937e-06 0.000265904 0.000546608 -0.000146141 0.0136334 0.00665038
16.78 -5.50683e-06 0.000292409 0.000539768 -0.000152297 0.0134624 0.00731328
16.8 -5.51104e-06 0.00030876 0.000518369 -0.000151171 0.0129272 0.00772222
16.82 -5.35151e-06 0.000314434 0.000481278 -0.000144006 0.0119995 0.00786412
16.84 -4.99173e-06 0.000309118 0.000425708 -0.000132196 0.0106097 0.00773117
16.86 -4.40301e-06 0.000292823 0.00035048 -0.000116938 0.00872819 0.00732364
16.88 -3.60508e-06 0.000266092 0.000258811 -9.91953e-05 0.0064355 0.00665507
16.9 -2.67066e-06 0.00022997 0.00015693 -7.98404e-05 0.00388743 0.00575165
16.92 -1.67527e-06 0.000185896 5.03781e-05 -5.95464e-05 0.00122252 0.00464934
16.94 -6.5176e-07 0.000135669 -5.71091e-05 -3.85198e-05 -0.00146579 0.00339314
16.96 3.91215e-07 8.11312e-05 -0.000161622 -1.64682e-05 -0.00407969 0.00202913
16.98 1.4168e-06 2.3792e-05 -0.000257544 7.12037e-06 -0.00647874 0.000595048
17 2.35383e-06 -3.49399e-05 -0.000338646 3.26179e-05 -0.00850714 -0.00087386
17.02 3.14627e-06 -9.33326e-05 -0.000400941 5.99459e-05 -0.0100652 -0.00233429
17.04 3.79143e-06 -0.000149398 -0.000444634 8.82172e-05 -0.011158 -0.00373651
17.06 4.32175e-06 -0.000201092 -0.000473064 0.000115477 -0.011869 -0.0050294
17.08 4.75718e-06 -0.000246234 -0.000489655 0.000138973 -0.0122839 -0.00615842
17.1 5.08175e-06 -0.000282548 -0.000496092 0.000155972 -0.0124449 -0.00706664
17.12 5.26421e-06 -0.000308053 -0.000493144 0.000164618 -0.0123712 -0.00770453
17.14 5.29428e-06 -0.000321439 -0.000482327 0.00016444 -0.0121007 -0.00803931
17.16 5.192e-06 -0.000322142 -0.000465753 0.000156457 -0.0116861 -0.0080569
17.18 4.97828e-06 -0.000310234 -0.000443697 0.000142769 -0.0111345 -0.00775908
17.2 4.63861e-06 -0.000286324 -0.000412396 0.000125649 -0.0103517 -0.00716108
17.22 4.12036e-06 -0.000251462 -0.000365362 0.000106611 -0.00917531 -0.00628916
17.24 3.37743e-06 -0.000207038 -0.000298036 8.612e-05 -0.00749145 -0.0051781
17.26 2.42531e-06 -0.000155024 -0.000211705 6.41549e-05 -0.0053323 -0.00387722
17.28 1.35057e-06 -9.81387e-05 -0.000113355 4.09879e-05 -0.00287252 -0.00245449
17.3 2.63418e-07 -3.90842e-05 -1.21606e-05 1.72312e-05 -0.000341603 -0.000977512
17.32 -7.6225e-07 2.03233e-05 8.43265e-05 -6.68714e-06 0.00207158 0.000508294
17.34 -1.70686e-06 7.88373e-05 0.000171771 -3.0644e-05 0.0042586 0.00197175
17.36 -2.57225e-06 0.000134747 0.000248045 -5.43414e-05 0.00616625 0.00337008
17.38 -3.33937e-06 0.00018536 0.000311613 -7.69059e-05 0.00775612 0.00463592
17.4 -3.96267e-06 0.000227462 0.000361439 -9.70175e-05 0.00900229 0.00568893
17.42 -4.40524e-06 0.000258588 0.000398018 -0.000113368 0.00991713 0.00646738
17.44 -4.67431e-06 0.000278281 0.000423324 -0.000125024 0.01055 0.00695992
17.46 -4.81536e-06 0.000288149 0.000438925 -0.000131503 0.0109402 0.00720673
17.48 -4.86654e-06 0.00029042 0.000444107 -0.000132658 0.0110698 0.00726352
17.5 -4.82009e-06 0.000286212 0.000436131 -0.000128557 0.0108704 0.00715829
17.52 -4.62958e-06 0.000274859 0.000412409 -0.000119376 0.0102771 0.00687435
17.54 -4.25341e-06 0.000254595 0.000372236 -0.000105332 0.00927232 0.00636752
17.56 -3.68561e-06 0.000223937 0.000316523 -8.67589e-05 0.00787892 0.00560076
17.58 -2.94616e-06 0.000182759 0.000246853 -6.44685e-05 0.00613644 0.00457089
17.6 -2.06172e-06 0.00013226 0.000165548 -4.01578e-05 0.00410297 0.00330787
17.62 -1.06475e-06 7.40448e-05 7.62903e-05 -1.61093e-05 0.00187059 0.00185189
17.64 -1.04672e-09 9.74569e-06 -1.55873e-05 5.95508e-06 -0.000427306 0.000243745
17.66 1.06941e-06 -5.82282e-05 -0.000103612 2.57786e-05 -0.00262884 -0.00145631
17.68 2.07753e-06 -0.000126116 -0.000181899 4.42775e-05 -0.00458684 -0.00315422
17.7 2.95766e-06 -0.000189451 -0.00024728 6.24049e-05 -0.00622203 -0.00473825
17.72 3.67007e-06 -0.000244314 -0.000299986 8.02887e-05 -0.00754025 -0.00611039
17.74 4.21648e-06 -0.000288287 -0.000342341 9.72086e-05 -0.00859954 -0.00721019
17.76 4.62762e-06 -0.000320771 -0.000376622 0.000112037 -0.00945693 -0.00802261
17.78 4.93131e-06 -0.000342524 -0.000403442 0.000123604 -0.0101277 -0.00856666
17.8 5.1299e-06 -0.000354574 -0.000421332 0.000130912 -0.0105752 -0.00886804
17.82 5.20183e-06 -0.000357167 -0.000427705 0.000133334 -0.0107345 -0.0089329
17.84 5.11845e-06 -0.000349337 -0.000420492 0.00013069 -0.0105541 -0.00873707
17.86 4.85791e-06 -0.000329145 -0.000399017 0.00012305 -0.010017 -0.00823205
17.88 4.40525e-06 -0.000294455 -0.000363221 0.000110428 -0.00912177 -0.00736445
17.9 3.74452e-06 -0.000244169 -0.000312486 9.27871e-05 -0.00785286 -0.00610676
17.92 2.86397e-06 -0.000179516 -0.000246319 7.07046e-05 -0.006198 -0.00448976
17.94 1.78725e-06 -0.000104291 -0.000166646 4.60667e-05 -0.00420534 -0.00260837
17.96 5.97256e-07 -2.34446e-05 -7.88888e-05 2.16227e-05 -0.0020105 -0.000586358
17.98 -5.90628e-07 5.84686e-05 9.37851e-06 -4.93563e-07 0.000197099 0.00146233
18 -1.68546e-06 0.000137672 9.1009e-05 -1.97473e-05 0.00223871 0.00344322
18.02 -2.64781e-06 0.00021098 0.000161566 -3.67827e-05 0.00400337 0.00527669
18.04 -3.46958e-06 0.000275562 0.000220163 -5.23006e-05 0.00546891 0.00689193
18.06 -4.14518e-06 0.000328754 0.000268474 -6.64835e-05 0.00667718 0.00822228
18.08 -4.66652e-06 0.000368506 0.000308872 -7.92613e-05 0.00768755 0.00921648
18.1 -5.03598e-06 0.000394345 0.000343065 -9.06804e-05 0.00854273 0.00986274
18.12 -5.27397e-06 0.000407526 0.000371587 -0.000100828 0.00925608 0.0101924
18.14 -5.40712e-06 0.000409902 0.000393684 -0.000109552 0.00980874 0.0102518
18.16 -5.44386e-06 0.000402594 0.000407348 -0.000116304 0.0101505 0.010069
18.18 -5.36059e-06 0.000385367 0.000409761 -0.000120058 0.0102108 0.00963819
18.2 -5.11407e-06 0.000356877 0.000398203 -0.00011931 0.00992176 0.00892563
18.22 -4.66689e-06 0.000315509 0.000370771 -0.00011237 0.00923569 0.00789102
18.24 -4.00437e-06 0.000260662 0.000326585 -9.81352e-05 0.00813056 0.00651926
18.26 -3.13716e-06 0.000193884 0.000266121 -7.72356e-05 0.00661835 0.00484913
18.28 -2.10169e-06 0.000118351 0.000191753 -5.24812e-05 0.00475835 0.00296
18.3 -9.5778e-07 3.73293e-05 0.000107687 -2.76838e-05 0.00265584 0.000933623
18.32 2.26193e-07 -4.58863e-05 1.92153e-05 -5.66852e-06 0.000443122 -0.00114763
18.34 1.38695e-06 -0.000127205 -6.84195e-05 1.28364e-05 -0.00174866 -0.00318146
18.36 2.46774e-06 -0.000202234 -0.000151275 2.87835e-05 -0.00382091 -0.00505795
18.38 3.42057e-06 -0.000267455 -0.00022739 4.36405e-05 -0.00572458 -0.00668916
18.4 4.21804e-06 -0.0003207 -0.000296203 5.85508e-05 -0.00744563 -0.00802085
18.42 4.85792e-06 -0.000361192 -0.000357151 7.41074e-05 -0.00896995 -0.00903357
18.44 5.34925e-06 -0.000389494 -0.000408734 9.03346e-05 -0.0102601 -0.0097414
18.46 5.69566e-06 -0.000406861 -0.000448786 0.00010662 -0.0112618 -0.0101758
18.48 5.89283e-06 -0.000414222 -0.000475426 0.000121754 -0.0119281 -0.0103599
18.5 5.93586e-06 -0.000411694 -0.000487683 0.00013422 -0.0122346 -0.0102966
18.52 5.82237e-06 -0.000398752 -0.000485352 0.000142573 -0.0121763 -0.00997296
18.54 5.55012e-06 -0.000374427 -0.000468508 0.00014573 -0.011755 -0.00936458
18.56 5.11097e-06 -0.000337383 -0.000437175 0.00014303 -0.0109714 -0.00843808
18.58 4.48851e-06 -0.000286427 -0.000391271 0.00013398 -0.00982332 -0.00716367
18.6 3.66786e-06 -0.000222002 -0.000331175 0.000118356 -0.00832028 -0.00555236
18.62 2.66234e-06 -0.000147284 -0.000258636 9.71175e-05 -0.00650605 -0.00368364
18.64 1.5341e-06 -6.70701e-05 -0.000176865 7.28487e-05 -0.00446092 -0.00167745
18.66 3.71621e-07 1.40377e-05 -8.97143e-05 4.86128e-05 -0.00228125 0.00035109
18.68 -7.57104e-07 9.20331e-05 -1.08214e-06 2.61945e-05 -6.45265e-05 0.00230179
18.7 -1.81919e-06 0.00016354 8.52371e-05 5.52312e-06 0.00209435 0.00409019
18.72 -2.79006e-06 0.000226227 0.000165779 -1.4401e-05 0.00410874 0.00565804
18.74 -3.63291e-06 0.000278506 0.000237838 -3.431e-05 0.00591096 0.00696555
18.76 -4.3106e-06 0.000318814 0.000299807 -5.42797e-05 0.00746084 0.00797368
18.78 -4.80607e-06 0.000345924 0.00035107 -7.39861e-05 0.00874294 0.00865169
18.8 -5.12472e-06 0.000359729 0.000391365 -9.29015e-05 0.00975074 0.00899698
18.82 -5.28124e-06 0.000361162 0.000420178 -0.000110227 0.0104714 0.00903281
18.84 -5.28723e-06 0.00035136 0.000436799 -0.00012482 0.0108871 0.00878765
18.86 -5.14873e-06 0.000331036 0.00044093 -0.000135291 0.0109904 0.00827935
18.88 -4.87138e-06 0.000300441 0.000433067 -0.000140282 0.0107937 0.00751416
18.9 -4.46243e-06 0.000259726 0.000413933 -0.000138733 0.0103152 0.00649586
18.92 -3.9241e-06 0.000209529 0.000383087 -0.000129959 0.00954369 0.0052404
18.94 -3.24884e-06 0.000151686 0.000338274 -0.000113907 0.00842291 0.00379372
18.96 -2.42845e-06 8.91741e-05 0.000276998 -9.17479e-05 0.00689038 0.00223028
18.98 -1.47561e-06 2.48769e-05 0.000199311 -6.60027e-05 0.00494738 0.000622182
19 -4.34451e-07 -3.92132e-05 0.000109157 -3.95665e-05 0.00269259 -0.000980738
19.02 6.33037e-07 -0.000101383 1.32946e-05 -1.43361e-05 0.000295042 -0.00253562
19.04 1.66471e-06 -0.000159483 -8.09187e-05 9.3347e-06 -0.00206127 -0.00398873
19.06 2.60302e-06 -0.000211027 -0.000167453 3.20007e-05 -0.00422553 -0.00527788
19.08 3.39618e-06 -0.000253643 -0.000242612 5.41358e-05 -0.00610528 -0.00634371
19.1 4.01021e-06 -0.000285635 -0.000305028 7.57213e-05 -0.00766633 -0.00714384
19.12 4.44323e-06 -0.000306579 -0.000355011 9.64202e-05 -0.00891643 -0.00766768
19.14 4.72282e-06 -0.000317268 -0.000393779 0.000115729 -0.00988603 -0.00793501
19.16 4.88363e-06 -0.00031879 -0.000422741 0.000132866 -0.0106104 -0.00797306
19.18 4.94328e-06 -0.000311675 -0.000442761 0.000146693 -0.0111111 -0.00779513
19.2 4.89575e-06 -0.000295915 -0.000453578 0.000155902 -0.0113816 -0.00740096
19.22 4.72406e-06 -0.000271516 -0.000453716 0.000159335 -0.0113851 -0.00679074
19.24 4.41454e-06 -0.000238746 -0.000440846 0.000156134 -0.0110632 -0.00597114
19.26 3.95684e-06 -0.000197931 -0.000412394 0.000145681 -0.0103516 -0.00495034
19.28 3.33892e-06 -0.000149518 -0.000366578 0.000127776 -0.00920573 -0.0037395
19.3 2.55549e-06 -9.44748e-05 -0.000304032 0.000103275 -0.00764143 -0.00236285
19.32 1.63223e-06 -3.44881e-05 -0.000228882 7.44614e-05 -0.00576189 -0.000862561
19.34 6.37988e-07 2.78954e-05 -0.000147818 4.44496e-05 -0.00373444 0.000697675
19.36 -3.38024e-07 8.91558e-05 -6.76352e-05 1.59392e-05 -0.00172905 0.00222982
19.38 -1.22405e-06 0.000145431 6.88693e-06 -9.66731e-06 0.000134783 0.0036373
19.4 -1.98558e-06 0.000193658 7.37853e-05 -3.22149e-05 0.00180794 0.00484346
19.42 -2.61916e-06 0.000232013 0.000133545 -5.21671e-05 0.00330255 0.00580275
19.44 -3.13648e-06 0.000259539 0.000187974 -7.00819e-05 0.00466384 0.00649119
19.46 -3.55121e-06 0.000275864 0.000238735 -8.63893e-05 0.0059334 0.00689947
19.48 -3.87023e-06 0.000281291 0.00028601 -0.000101206 0.00711576 0.0070352
19.5 -4.08896e-06 0.000276722 0.00032785 -0.000114105 0.0081622 0.00692092
19.52 -4.19194e-06 0.000263218 0.000360671 -0.000124034 0.00898306 0.0065832
19.54 -4.15983e-06 0.000241591 0.000380713 -0.000129509 0.00948433 0.0060423
19.56 -3.97866e-06 0.000212255 0.000385571 -0.000128945 0.00960584 0.0053086
19.58 -3.64579e-06 0.000175337 0.000374871 -0.000121022 0.00933823 0.00438525
19.6 -3.16995e-06 0.000131201 0.00034994 -0.000105226 0.00871469 0.00328138
19.62 -2.57067e-06 8.11416e-05 0.000312848 -8.2531e-05 0.00778699 0.00202939
19.64 -1.87755e-06 2.74056e-05 0.000265431 -5.55106e-05 0.00660108 0.000685426
19.66 -1.1233e-06 -2.72941e-05 0.00020914 -2.74427e-05 0.00519322 -0.000682636
19.68 -3.38506e-07 -7.99988e-05 0.00014561 -1.06589e-06 0.0036043 -0.0020008
19.7 4.44796e-07 -0.000127702 7.6904e-05 2.21504e-05 0.00188594 -0.00319389
19.72 1.19126e-06 -0.000167949 5.21411e-06 4.199e-05 9.29453e-05 -0.00420047
19.74 1.87082e-06 -0.000199352 -6.73012e-05 5.90268e-05 -0.00172069 -0.00498588
19.76 2.46722e-06 -0.000221554 -0.000138347 7.40563e-05 -0.00349757 -0.00554115
19.78 2.97292e-06 -0.000234839 -0.00020528 8.76173e-05 -0.00517159 -0.00587341
19.8 3.377e-06 -0.000239796 -0.000265077 9.97267e-05 -0.00666716 -0.0059974
19.82 3.66216e-06 -0.000237094 -0.000314723 0.000109877 -0.00790883 -0.00592982
19.84 3.81387e-06 -0.000227261 -0.000352006 0.000117206 -0.00884128 -0.00568389
19.86 3.82973e-06 -0.000210497 -0.000376197 0.00012071 -0.0094463 -0.00526463
19.88 3.71865e-06 -0.000186619 -0.000388047 0.000119469 -0.00974269 -0.00466741
19.9 3.49171e-06 -0.000155246 -0.000389101 0.000112863 -0.00976904 -0.00388277
19.92 3.1558e-06 -0.000116326 -0.000380795 0.000100852 -0.00956131 -0.00290937
19.94 2.71615e-06 -7.07383e-05 -0.000363787 8.42219e-05 -0.00913592 -0.00176919
19.96 2.18282e-06 -2.04954e-05 -0.000337616 6.44841e-05 -0.00848139 -0.000512599
19.98 1.57201e-06 3.15099e-05 -0.00030089 4.33204e-05 -0.00756285 0.000788077
20 9.01041e-07 8.20352e-05 -0.000252291 2.20593e-05 -0.00634737 0.00205174
20.02 1.88554e-07 0.000128261 -0.000192006 1.62452e-06 -0.0048396 0.00320787
20.04 -5.39497e-07 0.000168463 -0.000122357 -1.72233e-05 -0.00309766 0.00421333
20.06 -1.25123e-06 0.000202035 -4.72505e-05 -3.37935e-05 -0.00121922 0.00505297
20.08 -1.91763e-06 0.000228993 2.87682e-05 -4.76191e-05 0.000682043 0.0057272
20.1 -2.5159e-06 0.000249483 0.000101212 -5.85934e-05 0.00249389 0.00623966
20.12 -3.02371e-06 0.00026346 0.000166174 -6.69027e-05 0.00411862 0.00658926
20.14 -3.41659e-06 0.000270456 0.00022084 -7.28821e-05 0.00548585 0.00676423
20.16 -3.67496e-06 0.000269499 0.000263974 -7.69221e-05 0.00656463 0.00674028
20.18 -3.79219e-06 0.00025928 0.000296062 -7.93142e-05 0.00736718 0.0064847
20.2 -3.77317e-06 0.000238534 0.000318692 -7.99605e-05 0.00793317 0.00596585
20.22 -3.62486e-06 0.000206588 0.0003333 -7.81861e-05 0.00829852 0.00516686
20.24 -3.3506e-06 0.000163974 0.000340241 -7.29982e-05 0.00847211 0.00410105
20.26 -2.95617e-06 0.000112773 0.00033885 -6.37701e-05 0.00843731 0.00282051
20.28 -2.45999e-06 5.63146e-05 0.000328049 -5.07759e-05 0.00816717 0.00140845
20.3 -1.8917e-06 -1.59834e-06 0.000306712 -3.50884e-05 0.00763354 -3.99743e-05
20.32 -1.27838e-06 -5.73906e-05 0.000273766 -1.80612e-05 0.00680953 -0.00143536
20.34 -6.34164e-07 -0.000108324 0.000228675 -9.5027e-07 0.00568178 -0.00270922
20.36 3.35955e-08 -0.000152998 0.000172372 1.51318e-05 0.00427362 -0.00382654
20.38 7.10925e-07 -0.000191237 0.000107536 2.92008e-05 0.00265205 -0.00478291
20.4 1.37527e-06 -0.000223237 3.7698e-05 4.05937e-05 0.00090538 -0.00558325
20.42 2.00383e-06 -0.000248768 -3.38926e-05 4.92456e-05 -0.000885129 -0.00622179
20.44 2.57731e-06 -0.000267074 -0.000104656 5.57158e-05 -0.00265494 -0.00667964
20.46 3.07522e-06 -0.000277237 -0.000172386 6.08645e-05 -0.00434892 -0.00693382
20.48 3.47409e-06 -0.000278495 -0.000234935 6.54448e-05 -0.00591329 -0.00696526
20.5 3.75452e-06 -0.000270412 -0.000290304 6.98666e-05 -0.00729809 -0.00676311
20.52 3.90867e-06 -0.000252975 -0.000336985 7.41028e-05 -0.0084656 -0.00632702
20.54 3.93817e-06 -0.000226581 -0.000373992 7.76276e-05 -0.00939116 -0.00566689
20.56 3.84525e-06 -0.000191998 -0.000400418 7.94671e-05 -0.0100521 -0.00480195
20.58 3.62873e-06 -0.000150529 -0.000415114 7.85836e-05 -0.0104196 -0.00376478
20.6 3.29121e-06 -0.000104172 -0.000417074 7.44863e-05 -0.0104687 -0.00260539
20.62 2.85e-06 -5.52948e-05 -0.000406226 6.75073e-05 -0.0101973 -0.00138295
20.64 2.336e-06 -6.01841e-06 -0.000383743 5.84794e-05 -0.00963505 -0.000150522
20.66 1.77972e-06 4.2101e-05 -0.000351337 4.82249e-05 -0.00882454 0.00105297
20.68 1.19623e-06 8.81135e-05 -0.000310097 3.7326e-05 -0.00779311 0.00220376
20.7 5.82481e-07 0.000131542 -0.000260303 2.62207e-05 -0.00654775 0.00328993
20.72 -6.70738e-08 0.000171951 -0.000202405 1.5362e-05 -0.00509971 0.00430057
20.74 -7.40479e-07 0.000208396 -0.000137887 5.20923e-06 -0.00348607 0.00521207
20.76 -1.4036e-06 0.00023928 -6.92328e-05 -3.94841e-06 -0.001769 0.0059845
20.78 -2.01466e-06 0.000262757 6.23721e-07 -1.21461e-05 -2.18622e-05 0.00657167
20.8 -2.54125e-06 0.000277263 6.88786e-05 -1.96928e-05 0.00168522 0.00693446
20.82 -2.96461e-06 0.000281766 0.000133161 -2.69496e-05 0.00329295 0.0070471
20.84 -3.27331e-06 0.000275801 0.000191465 -3.41467e-05 0.00475116 0.0068979
20.86 -3.45827e-06 0.000259526 0.000242 -4.13328e-05 0.00601505 0.00649085
20.88 -3.51497e-06 0.000233815 0.000283289 -4.83323e-05 0.00704773 0.00584781
20.9 -3.44829e-06 0.000200112 0.000314443 -5.46136e-05 0.00782688 0.00500488
20.92 -3.27253e-06 0.000160066 0.000335288 -5.92394e-05 0.00834822 0.00400331
20.94 -3.00564e-06 0.000115277 0.000346331 -6.11863e-05 0.00862442 0.00288314
20.96 -2.66402e-06 6.72082e-05 0.000348535 -5.98862e-05 0.00867954 0.00168091
20.98 -2.26151e-06 1.71751e-05 0.000342876 -5.54768e-05 0.00853801 0.000429556
21 -1.80958e-06 -3.34161e-05 0.000329753 -4.85873e-05 0.0082098 -0.000835751
21.02 -1.31671e-06 -8.27575e-05 0.000308507 -3.99818e-05 0.00767842 -0.0020698
21.04 -7.88304e-07 -0.000128698 0.000277563 -3.0347e-05 0.0069045 -0.00321878
21.06 -2.29189e-07 -0.000169128 0.000235608 -2.02245e-05 0.00585519 -0.00422996
21.08 3.47863e-07 -0.000202259 0.00018311 -1.00051e-05 0.0045422 -0.00505857
21.1 9.13896e-07 -0.000226663 0.000122725 5.67203e-08 0.00303194 -0.00566894
21.12 1.42889e-06 -0.000241322 5.82782e-05 9.83876e-06 0.0014201 -0.00603556
21.14 1.8593e-06 -0.000245765 -6.54822e-06 1.93468e-05 -0.000201235 -0.00614668
21.16 2.19071e-06 -0.000240192 -6.89075e-05 2.86498e-05 -0.00176087 -0.0060073
21.18 2.42398e-06 -0.000225395 -0.000126745 3.77624e-05 -0.00320739 -0.00563722
21.2 2.56303e-06 -0.000202465 -0.000178388 4.65764e-05 -0.00449902 -0.00506374
21.22 2.60763e-06 -0.000172404 -0.000222395 5.48413e-05 -0.00559965 -0.0043119
21.24 2.55503e-06 -0.000135858 -0.000257889 6.20847e-05 -0.00648737 -0.00339786
21.26 2.40539e-06 -9.32885e-05 -0.000284911 6.75779e-05 -0.0071632 -0.00233318
21.28 2.16644e-06 -4.54866e-05 -0.000304231 7.05559e-05 -0.0076464 -0.00113764
21.3 1.85455e-06 6.03735e-06 -0.000316683 7.05584e-05 -0.00795785 0.000150998
21.32 1.49128e-06 5.90163e-05 -0.000322554 6.75696e-05 -0.00810467 0.00147602
21.34 1.09731e-06 0.000110735 -0.000321407 6.19014e-05 -0.00807599 0.00276954
21.36 6.87552e-07 0.000158623 -0.000312376 5.40186e-05 -0.00785012 0.00396722
21.38 2.69889e-07 0.000200775 -0.00029468 4.44488e-05 -0.00740754 0.00502148
21.4 -1.51546e-07 0.000235999 -0.000268115 3.37483e-05 -0.00674312 0.00590244
21.42 -5.70028e-07 0.000263474 -0.000233412 2.24646e-05 -0.00587519 0.0065896
21.44 -9.69806e-07 0.000282502 -0.000192322 1.11148e-05 -0.00484752 0.0070655
21.46 -1.32668e-06 0.000292531 -0.000147146 1.69074e-07 -0.00371764 0.00731631
21.48 -1.61908e-06 0.000293296 -9.99515e-05 -1.00222e-05 -0.00253729 0.00733545
21.5 -1.83956e-06 0.000284915 -5.2186e-05 -1.93371e-05 -0.00134266 0.00712583
21.52 -1.99328e-06 0.000267748 -4.88275e-06 -2.78726e-05 -0.000159581 0.00669649
21.54 -2.08389e-06 0.000242 4.09429e-05 -3.57232e-05 0.000986537 0.00605253
21.56 -2.1019e-06 0.000207395 8.4125e-05 -4.26476e-05 0.00206654 0.00518703
21.58 -2.02808e-06 0.000163529 0.000123468 -4.79365e-05 0.00305052 0.00408992
21.6 -1.84945e-06 0.000110904 0.000157944 -5.0736e-05 0.00391278 0.00277376
21.62 -1.57398e-06 5.16906e-05 0.000186639 -5.05721e-05 0.00463047 0.0012928
21.64 -1.23036e-06 -1.04458e-05 0.000208478 -4.75442e-05 0.00517667 -0.000261254
21.66 -8.53149e-07 -7.1291e-05 0.000222192 -4.20692e-05 0.00551965 -0.00178302
21.68 -4.66689e-07 -0.000127364 0.000226811 -3.45434e-05 0.00563518 -0.00318543
21.7 -8.05797e-08 -0.000176827 0.000222334 -2.52708e-05 0.00552322 -0.00442251
21.72 3.03274e-07 -0.0002193 0.000209934 -1.46338e-05 0.00521308 -0.00548478
21.74 6.7971e-07 -0.000254789 0.000191461 -3.22002e-06 0.00475107 -0.00637238
21.76 1.03385e-06 -0.000282785 0.00016863 8.27055e-06 0.00418004 -0.00707256
21.78 1.3444e-06 -0.000302246 0.000142491 1.92343e-05 0.00352631 -0.00755931
21.8 1.59445e-06 -0.000312229 0.000113447 2.92857e-05 0.0027999 -0.00780899
21.82 1.7807e-06 -0.000312456 8.16542e-05 3.8243e-05 0.00200474 -0.00781466
21.84 1.91152e-06 -0.000303361 4.76605e-05 4.60707e-05 0.00115455 -0.00758718
21.86 1.99316e-06 -0.000285638 1.29806e-05 5.28151e-05 0.000287189 -0.00714392
21.88 2.01551e-06 -0.000259712 -1.98748e-05 5.84598e-05 -0.000534538 -0.0064955
21.9 1.95209e-06 -0.000225563 -4.80904e-05 6.26625e-05 -0.00124022 -0.00564143
21.92 1.77711e-06 -0.000183224 -6.96016e-05 6.46472e-05 -0.00177823 -0.00458252
21.94 1.48708e-06 -0.000133632 -8.3909e-05 6.361e-05 -0.00213606 -0.00334219
21.96 1.10973e-06 -7.89329e-05 -9.20821e-05 5.93363e-05 -0.00234047 -0.00197414
21.98 6.91498e-07 -2.19686e-05 -9.58997e-05 5.23398e-05 -0.00243595 -0.000549442
22 2.72974e-07 3.45075e-05 -9.68225e-05 4.34226e-05 -0.00245903 0.000863049
22.02 -1.27472e-07 8.85113e-05 -9.55361e-05 3.31894e-05 -0.00242686 0.00221371
22.04 -5.11082e-07 0.000139083 -9.21314e-05 2.19626e-05 -0.00234171 0.00347853
22.06 -8.84312e-07 0.00018571 -8.64443e-05 1.00377e-05 -0.00219947 0.00464468
22.08 -1.24547e-06 0.000227304 -7.81711e-05 -2.09402e-06 -0.00199255 0.00568498
22.1 -1.57973e-06 0.0002618 -6.68723e-05 -1.37894e-05 -0.00170997 0.00654773
22.12 -1.86363e-06 0.000286767 -5.2209e-05 -2.44526e-05 -0.00134323 0.00717216
22.14 -2.0756e-06 0.000300465 -3.4455e-05 -3.36611e-05 -0.000899196 0.00751475
22.16 -2.20449e-06 0.000302578 -1.49482e-05 -4.11628e-05 -0.000411323 0.0075676
22.18 -2.2496e-06 0.000294192 3.91874e-06 -4.68311e-05 6.05477e-05 0.00735786
22.2 -2.21312e-06 0.000276969 1.93618e-05 -5.06086e-05 0.000446785 0.00692711
22.22 -2.09298e-06 0.000252021 2.93468e-05 -5.24069e-05 0.000696513 0.00630315
22.24 -1.88304e-06 0.00021926 3.35584e-05 -5.19392e-05 0.000801848 0.00548379
22.26 -1.58016e-06 0.000177871 3.34826e-05 -4.86465e-05 0.000799952 0.00444862
22.28 -1.19259e-06 0.000127683 3.14851e-05 -4.20537e-05 0.000749995 0.00319341
22.3 -7.43084e-07 7.00949e-05 2.94127e-05 -3.23704e-05 0.000698162 0.0017531
22.32 -2.61513e-07 7.77236e-06 2.75801e-05 -2.06037e-05 0.000652328 0.000194391
22.34 2.28987e-07 -5.60603e-05 2.48262e-05 -7.96786e-06 0.000583451 -0.00140209
22.36 7.17783e-07 -0.000118088 1.94944e-05 4.76786e-06 0.000450102 -0.00295343
22.38 1.19726e-06 -0.000175258 1.05197e-05 1.73602e-05 0.000225641 -0.00438327
22.4 1.6503e-06 -0.000225045 -2.03997e-06 2.96847e-05 -8.84823e-05 -0.00562847
22.42 2.05002e-06 -0.000265581 -1.71064e-05 4.13892e-05 -0.0004653 -0.0066423
22.44 2.37133e-06 -0.00029588 -3.30212e-05 5.19225e-05 -0.000863335 -0.00740007
22.46 2.60232e-06 -0.000316056 -4.80225e-05 6.07723e-05 -0.00123852 -0.00790469
22.48 2.74619e-06 -0.000327058 -6.06668e-05 6.76242e-05 -0.00155476 -0.00817986
22.5 2.81402e-06 -0.00032991 -7.02061e-05 7.237e-05 -0.00179335 -0.00825118
22.52 2.81489e-06 -0.000325075 -7.6765e-05 7.50404e-05 -0.00195739 -0.00813027
22.54 2.75102e-06 -0.000312288 -8.1038e-05 7.57032e-05 -0.00206426 -0.00781044
22.56 2.61787e-06 -0.000290692 -8.35326e-05 7.43411e-05 -0.00212665 -0.00727032
22.58 2.40377e-06 -0.000259151 -8.38599e-05 7.07194e-05 -0.00213483 -0.00648148
22.6 2.08989e-06 -0.000216961 -8.07064e-05 6.4392e-05 -0.00205596 -0.00542629
22.62 1.66039e-06 -0.000164909 -7.26168e-05 5.50775e-05 -0.00185364 -0.00412443
22.64 1.12239e-06 -0.00010565 -5.89526e-05 4.31261e-05 -0.00151189 -0.00264236
22.66 5.16115e-07 -4.30766e-05 -4.0282e-05 2.95125e-05 -0.00104493 -0.00107736
22.68 -1.00165e-07 1.85416e-05 -1.79827e-05 1.53622e-05 -0.000487217 0.000463733
22.7 -6.78402e-07 7.54542e-05 6.59331e-06 1.51878e-06 0.00012744 0.00188714
22.72 -1.19843e-06 0.000125488 3.26094e-05 -1.15262e-05 0.000778113 0.00313851
22.74 -1.66441e-06 0.000168404 5.93468e-05 -2.34633e-05 0.00144683 0.00421185
22.76 -2.08599e-06 0.000205012 8.543e-05 -3.40308e-05 0.00209918 0.00512745
22.78 -2.45941e-06 0.00023593 0.000108711 -4.30086e-05 0.00268145 0.00590071
22.8 -2.76419e-06 0.000260925 0.000127081 -5.02439e-05 0.00314088 0.00652584
22.82 -2.97666e-06 0.000278863 0.000139476 -5.56455e-05 0.00345089 0.00697448
22.84 -3.08405e-06 0.000287981 0.000146223 -5.91691e-05 0.00361963 0.00720254
22.86 -3.0845e-06 0.000286414 0.000148444 -6.0784e-05 0.00367519 0.00716334
22.88 -2.97721e-06 0.000272815 0.000146966 -6.03788e-05 0.00363822 0.00682323
22.9 -2.75673e-06 0.000246824 0.000141503 -5.76616e-05 0.0035016 0.00617318
22.92 -2.41665e-06 0.000209321 0.000130682 -5.21959e-05 0.00323095 0.00523522
22.94 -1.95849e-06 0.000162507 0.000112862 -4.36814e-05 0.00278526 0.00406437
22.96 -1.39979e-06 0.000109659 8.72489e-05 -3.23724e-05 0.00214467 0.00274263
22.98 -7.75866e-07 5.43609e-05 5.46083e-05 -1.91854e-05 0.00132832 0.00135959
23 -1.31066e-07 -4.11432e-07 1.71988e-05 -5.26903e-06 0.000392688 -1.02892e-05
23.02 4.96009e-07 -5.26607e-05 -2.19658e-05 8.52392e-06 -0.000586835 -0.00131706
23.04 1.08231e-06 -0.000101269 -6.01654e-05 2.17605e-05 -0.00154222 -0.00253279
23.06 1.62015e-06 -0.000145791 -9.57892e-05 3.41978e-05 -0.00243319 -0.0036463
23.08 2.11072e-06 -0.000186015 -0.000128432 4.55812e-05 -0.0032496 -0.00465231
23.1 2.55505e-06 -0.000221285 -0.000158328 5.5656e-05 -0.00399732 -0.00553444
23.12 2.94493e-06 -0.000250124 -0.000185695 6.42533e-05 -0.00468178 -0.0062557
23.14 3.25995e-06 -0.000270493 -0.000210442 7.12757e-05 -0.0053007 -0.00676515
23.16 3.47539e-06 -0.000280497 -0.0002322 7.66095e-05 -0.00584487 -0.00701535
23.18 3.575e-06 -0.000279074 -0.00025039 8.00854e-05 -0.00629981 -0.00697975
23.2 3.55708e-06 -0.000266346 -0.00026415 8.15028e-05 -0.00664397 -0.00666142
23.22 3.42968e-06 -0.0002435 -0.000272191 8.06668e-05 -0.00684508 -0.00609004
23.24 3.20067e-06 -0.000212275 -0.000272743 7.74008e-05 -0.00685887 -0.0053091
23.26 2.87092e-06 -0.000174409 -0.000263781 7.15437e-05 -0.00663475 -0.00436204
23.28 2.43639e-06 -0.000131493 -0.000243711 6.30694e-05 -0.00613278 -0.00328868
23.3 1.89963e-06 -8.51239e-05 -0.000212303 5.23176e-05 -0.00534724 -0.00212898
23.32 1.28132e-06 -3.68496e-05 -0.000171301 4.00329e-05 -0.00432177 -0.000921624
23.34 6.19454e-07 1.20075e-05 -0.000124152 2.7076e-05 -0.00314254 0.000300313
23.36 -4.51395e-08 6.03285e-05 -7.48251e-05 1.40838e-05 -0.00190887 0.00150884
23.38 -6.84421e-07 0.000107068 -2.63123e-05 1.38973e-06 -0.000695543 0.00267781
23.4 -1.28789e-06 0.00015107 2.03225e-05 -1.08003e-05 0.000470814 0.00377834
23.42 -1.85504e-06 0.000190794 6.57313e-05 -2.22355e-05 0.0016065 0.00477184
23.44 -2.38252e-06 0.00022421 0.000111083 -3.26334e-05 0.00274076 0.00560759
23.46 -2.85521e-06 0.000249172 0.000156663 -4.17978e-05 0.00388074 0.0062319
23.48 -3.24691e-06 0.000264028 0.000201085 -4.96514e-05 0.00499175 0.00660346
23.5 -3.52908e-06 0.000268037 0.00024148 -5.6147e-05 0.00600206 0.00670371
23.52 -3.6805e-06 0.00026142 0.000274505 -6.11564e-05 0.00682803 0.00653823
23.54 -3.69332e-06 0.000245171 0.000297574 -6.44257e-05 0.007405 0.00613184
23.56 -3.57459e-06 0.000220744 0.000309624 -6.56206e-05 0.00770635 0.0055209
23.58 -3.3429e-06 0.000189649 0.000311056 -6.44067e-05 0.00774219 0.0047432
23.6 -3.02004e-06 0.000153082 0.000303133 -6.05188e-05 0.00754401 0.00382866
23.62 -2.62244e-06 0.000111922 0.000287325 -5.39241e-05 0.00714866 0.00279923
23.64 -2.15942e-06 6.69549e-05 0.000264848 -4.50216e-05 0.00658649 0.00167457
23.66 -1.63749e-06 1.90368e-05 0.000236329 -3.45777e-05 0.00587322 0.000476119
23.68 -1.06339e-06 -3.0648e-05 0.000201793 -2.33563e-05 0.00500946 -0.000766517
23.7 -4.46326e-07 -8.02682e-05 0.00016101 -1.18162e-05 0.00398948 -0.00200754
23.72 1.97772e-07 -0.000127391 0.000113897 -1.46149e-07 0.00281116 -0.00318609
23.74 8.44653e-07 -0.000169433 6.0818e-05 1.15166e-05 0.00148362 -0.00423758
23.76 1.46617e-06 -0.000204121 2.92939e-06 2.29724e-05 3.58035e-05 -0.00510516
23.78 2.03509e-06 -0.000229789 -5.7537e-05 3.39895e-05 -0.00147649 -0.00574713
23.8 2.52517e-06 -0.000245594 -0.000117285 4.43256e-05 -0.00297081 -0.00614241
23.82 2.91059e-06 -0.000251587 -0.000172343 5.36896e-05 -0.00434784 -0.00629231
23.84 3.17025e-06 -0.000248507 -0.000218892 6.17366e-05 -0.00551203 -0.00621526
23.86 3.29502e-06 -0.000237377 -0.000254423 6.81336e-05 -0.00640069 -0.0059369
23.88 3.29247e-06 -0.000219177 -0.00027864 7.26311e-05 -0.00700636 -0.00548171
23.9 3.18486e-06 -0.00019467 -0.000293346 7.50835e-05 -0.00737417 -0.00486878
23.92 2.99966e-06 -0.000164335 -0.000301275 7.53952e-05 -0.00757248 -0.00411007
23.94 2.75659e-06 -0.000128479 -0.000304522 7.34817e-05 -0.00765367 -0.00321331
23.96 2.45958e-06 -8.75842e-05 -0.000303372 6.93647e-05 -0.00762491 -0.00219052
23.98 2.09819e-06 -4.25754e-05 -0.000295981 6.32765e-05 -0.00744007 -0.00106483
24 1.65593e-06 5.06127e-06 -0.000279081 5.55531e-05 -0.0070174 0.000126585
24.02 1.12233e-06 5.3181e-05 -0.000249597 4.63991e-05 -0.00627999 0.00133008
24.04 5.06355e-07 9.90771e-05 -0.000206558 3.58453e-05 -0.00520356 0.00247796
24.06 -1.54705e-07 0.000140024 -0.000152149 2.40168e-05 -0.00384276 0.00350205
24.08 -8.03148e-07 0.000174044 -9.10474e-05 1.1393e-05 -0.0023146 0.00435291
24.1 -1.387e-06 0.000200407 -2.85412e-05 -1.28047e-06 -0.00075129 0.00501226
24.12 -1.88346e-06 0.000219561 3.11989e-05 -1.33171e-05 0.000742836 0.0054913
24.14 -2.29797e-06 0.0002325 8.57616e-05 -2.42935e-05 0.00210747 0.00581493
24.16 -2.64205e-06 0.000239876 0.000134106 -3.40229e-05 0.00331658 0.00599941
24.18 -2.91323e-06 0.000241396 0.000175831 -4.24734e-05 0.00436015 0.00603741
24.2 -3.09444e-06 0.000235985 0.000210794 -4.97208e-05 0.00523458 0.0059021
24.22 -3.16933e-06 0.000222615 0.000239083 -5.58555e-05 0.0059421 0.0055677
24.24 -3.13635e-06 0.000201121 0.000260899 -6.08041e-05 0.00648772 0.00503011
24.26 -3.0085e-06 0.00017237 0.000276147 -6.41566e-05 0.00686909 0.00431105
24.28 -2.80017e-06 0.000137809 0.000284076 -6.51893e-05 0.0070674 0.00344667
24.3 -2.51529e-06 9.89484e-05 0.000283271 -6.31894e-05 0.00704726 0.00247474
24.32 -2.14728e-06 5.72042e-05 0.000271988 -5.78655e-05 0.00676506 0.0014307
24.34 -1.68967e-06 1.41099e-05 0.000248671 -4.94883e-05 0.0061819 0.000352896
24.36 -1.14819e-06 -2.84473e-05 0.000212628 -3.87005e-05 0.00528045 -0.000711478
24.38 -5.45975e-07 -6.84286e-05 0.000164831 -2.62623e-05 0.00408503 -0.00171143
24.4 7.9889e-08 -0.000104257 0.000108356 -1.29446e-05 0.00267258 -0.00260751
24.42 6.88904e-07 -0.000135251 4.78097e-05 5.32738e-07 0.00115828 -0.00338268
24.44 1.25e-06 -0.000161465 -1.21083e-05 1.36509e-05 -0.000340296 -0.00403831
24.46 1.74746e-06 -0.0001831 -6.79675e-05 2.61989e-05 -0.00173736 -0.00457942
24.48 2.17553e-06 -0.000199889 -0.000118163 3.81534e-05 -0.00299276 -0.00499932
24.5 2.52842e-06 -0.000210841 -0.000162586 4.94283e-05 -0.00410381 -0.00527322
24.52 2.79655e-06 -0.000214598 -0.000201827 5.97611e-05 -0.00508523 -0.00536719
24.54 2.97196e-06 -0.000210241 -0.000236345 6.88128e-05 -0.00594854 -0.0052582
24.56 3.05465e-06 -0.000197889 -0.000265834 7.62973e-05 -0.00668607 -0.00494928
24.58 3.05009e-06 -0.000178613 -0.000288834 8.19617e-05 -0.00726132 -0.00446717
24.6 2.95872e-06 -0.000153845 -0.000302781 8.54487e-05 -0.00761014 -0.00384772
24.62 2.76931e-06 -0.000124881 -0.000304667 8.6216e-05 -0.00765731 -0.00312332
24.64 2.46573e-06 -9.28093e-05 -0.000292161 8.36821e-05 -0.00734452 -0.0023212
24.66 2.04331e-06 -5.86796e-05 -0.000264639 7.75399e-05 -0.00665619 -0.0014676
24.68 1.52009e-06 -2.35783e-05 -0.000223577 6.79614e-05 -0.00562922 -0.000589703
24.7 9.31901e-07 1.14408e-05 -0.000172132 5.55467e-05 -0.00434256 0.00028614
24.72 3.16688e-07 4.54886e-05 -0.000114185 4.11433e-05 -0.00289328 0.00113769
24.74 -2.97739e-07 7.79083e-05 -5.33e-05 2.56773e-05 -0.00137052 0.00194852
24.76 -8.95219e-07 0.000108108 7.92634e-06 1.00022e-05 0.000160779 0.00270382
24.78 -1.46449e-06 0.000135246 6.79725e-05 -5.23336e-06 0.00166256 0.00338256
24.8 -1.99259e-06 0.000158138 0.000126084 -1.96477e-05 0.00311596 0.00395509
24.82 -2.46397e-06 0.000175524 0.000181682 -3.30893e-05 0.00450649 0.00438993
24.84 -2.86353e-06 0.000186458 0.000233704 -4.55265e-05 0.00580757 0.00466339
24.86 -3.17811e-06 0.000190551 0.000280304 -5.69045e-05 0.00697305 0.00476576
24.88 -3.39588e-06 0.000188031 0.000319103 -6.70178e-05 0.00794343 0.00470274
24.9 -3.50725e-06 0.000179612 0.000347705 -7.5452e-05 0.00865878 0.00449216
24.92 -3.50705e-06 0.000166207 0.000364127 -8.1629e-05 0.0090695 0.00415692
24.94 -3.39478e-06 0.00014863 0.000367104 -8.49183e-05 0.00914396 0.0037173
24.96 -3.17311e-06 0.000127409 0.00035636 -8.47416e-05 0.00887524 0.00318657
24.98 -2.84768e-06 0.000102836 0.000332718 -8.06829e-05 0.00828396 0.00257197
25 -2.42915e-06 7.51943e-05 0.000297843 -7.26655e-05 0.00741173 0.00188064
25.02 -1.93388e-06 4.50115e-05 0.000253617 -6.10967e-05 0.00630561 0.00112576
25.04 -1.37966e-06 1.31824e-05 0.000201565 -4.68106e-05 0.00500377 0.000329697
25.06 -7.81596e-07 -1.90193e-05 0.000142622 -3.08349e-05 0.00352956 -0.000475679
25.08 -1.52463e-07 -5.00784e-05 7.72826e-05 -1.41243e-05 0.00189541 -0.00125248
25.1 4.94393e-07 -7.85176e-05 6.20414e-06 2.63605e-06 0.000117706 -0.00196376
25.12 1.14168e-06 -0.000103149 -6.90278e-05 1.90784e-05 -0.00176388 -0.00257981
25.14 1.76578e-06 -0.000123158 -0.000145603 3.50238e-05 -0.00367906 -0.00308023
25.16 2.3381e-06 -0.000138063 -0.000219919 5.028e-05 -0.00553773 -0.00345302
25.18 2.83129e-06 -0.000147684 -0.00028833 6.45277e-05 -0.00724871 -0.00369365
25.2 3.22629e-06 -0.000152124 -0.00034778 7.73429e-05 -0.00873559 -0.00380469
25.22 3.51436e-06 -0.0001517 -0.000396144 8.82694e-05 -0.0099452 -0.00379407
25.24 3.69403e-06 -0.000146785 -0.000432235 9.68756e-05 -0.0108478 -0.00367115
25.26 3.76661e-06 -0.000137631 -0.000455615 0.000102801 -0.0114326 -0.00344222
25.28 3.73365e-06 -0.000124289 -0.000466426 0.000105784 -0.011703 -0.00310853
25.3 3.59716e-06 -0.000106735 -0.000465247 0.000105645 -0.0116735 -0.00266949
25.32 3.36203e-06 -8.51914e-05 -0.000452747 0.000102254 -0.0113608 -0.00213067
25.34 3.03539e-06 -6.04539e-05 -0.000429041 9.55734e-05 -0.010768 -0.00151198
25.36 2.62322e-06 -3.39016e-05 -0.000393045 8.57338e-05 -0.00986768 -0.000847892
25.38 2.12515e-06 -7.10499e-06 -0.000342715 7.30206e-05 -0.00860892 -0.000177698
25.4 1.53633e-06 1.86102e-05 -0.000276758 5.78705e-05 -0.00695929 0.000465449
25.42 8.63581e-07 4.23126e-05 -0.000196504 4.10018e-05 -0.00495212 0.00105826
25.44 1.38641e-07 6.33553e-05 -0.000106106 2.34499e-05 -0.00269123 0.00158454
25.46 -5.8963e-07 8.1219e-05 -1.12003e-05 6.28093e-06 -0.000317586 0.00203132
25.48 -1.27651e-06 9.5457e-05 8.25905e-05 -9.78189e-06 0.00202816 0.00238742
25.5 -1.89245e-06 0.000105746 0.000170618 -2.44387e-05 0.00422975 0.00264476
25.52 -2.4191e-06 0.000111947 0.000249548 -3.76349e-05 0.00620384 0.00279983
25.54 -2.84415e-06 0.000114097 0.00031724 -4.94293e-05 0.00789685 0.00285362
25.56 -3.16228e-06 0.000112351 0.000372573 -5.99602e-05 0.00928075 0.00280994
25.58 -3.37625e-06 0.000106876 0.000415383 -6.9317e-05 0.0103514 0.00267302
25.6 -3.4931e-06 9.77906e-05 0.000446183 -7.73198e-05 0.0111218 0.00244578
25.62 -3.51852e-06 8.52138e-05 0.000465545 -8.3431e-05 0.011606 0.00213123
25.64 -3.45395e-06 6.9452e-05 0.000473517 -8.69015e-05 0.0118054 0.00173703
25.66 -3.29819e-06 5.11796e-05 0.000469463 -8.70257e-05 0.011704 0.00128002
25.68 -3.05081e-06 3.14439e-05 0.00045228 -8.33548e-05 0.0112742 0.000786426
25.7 -2.71283e-06 1.14259e-05 0.000420601 -7.5811e-05 0.0104819 0.000285768
25.72 -2.28438e-06 -7.92445e-06 0.000372962 -6.46914e-05 0.00929048 -0.000198193
25.74 -1.76195e-06 -2.61328e-05 0.000308694 -5.06277e-05 0.00768311 -0.00065359
25.76 -1.14693e-06 -4.31644e-05 0.000229419 -3.45844e-05 0.0057004 -0.00107956
25.78 -4.62205e-07 -5.91301e-05 0.00013945 -1.77877e-05 0.00345024 -0.00147887
25.8 2.46967e-07 -7.39229e-05 4.44551e-05 -1.41765e-06 0.00107438 -0.00184884
25.82 9.33239e-07 -8.70552e-05 -5.02567e-05 1.3807e-05 -0.0012944 -0.00217729
25.84 1.56591e-06 -9.7796e-05 -0.000140722 2.77871e-05 -0.00355699 -0.00244592
25.86 2.13016e-06 -0.000105454 -0.000224461 4.08215e-05 -0.00565133 -0.00263744
25.88 2.61671e-06 -0.000109625 -0.000299921 5.32836e-05 -0.00753862 -0.00274176
25.9 3.01763e-06 -0.000110313 -0.00036573 6.54385e-05 -0.00918452 -0.00275897
25.92 3.32787e-06 -0.000107838 -0.000420424 7.73198e-05 -0.0105524 -0.00269708
25.94 3.5448e-06 -0.000102574 -0.000462719 8.85581e-05 -0.0116103 -0.00256541
25.96 3.66555e-06 -9.471e-05 -0.000491806 9.83073e-05 -0.0123377 -0.00236874
25.98 3.68638e-06 -8.42167e-05 -0.000507393 0.000105421 -0.0127276 -0.00210629
26 3.60487e-06 -7.09852e-05 -0.000509612 0.000108812 -0.0127831 -0.00177537
26.02 3.42294e-06 -5.5062e-05 -0.000498928 0.000107793 -0.0125159 -0.00137712
26.04 3.14741e-06 -3.68549e-05 -0.000475874 0.000102264 -0.0119393 -0.000921756
26.06 2.78652e-06 -1.71596e-05 -0.000440357 9.27063e-05 -0.011051 -0.000429169
26.08 2.34298e-06 3.05919e-06 -0.000391095 7.99956e-05 -0.0098189 7.65125e-05
26.1 1.8091e-06 2.29537e-05 -0.000326558 6.5155e-05 -0.00820481 0.000574083
26.12 1.17995e-06 4.18713e-05 -0.000247189 4.92118e-05 -0.00621976 0.00104722
26.14 4.77831e-07 5.91847e-05 -0.0001566 3.31248e-05 -0.00395409 0.00148024
26.16 -2.43903e-07 7.41675e-05 -6.06387e-05 1.76127e-05 -0.00155406 0.00185496
26.18 -9.26519e-07 8.6161e-05 3.45178e-05 2.94078e-06 0.000825842 0.00215492
26.2 -1.5339e-06 9.48668e-05 0.000123929 -1.10512e-05 0.00306205 0.00237266
26.22 -2.05625e-06 0.00010043 0.000204469 -2.46391e-05 0.00507639 0.00251179
26.24 -2.4947e-06 0.000103249 0.000274245 -3.79415e-05 0.00682152 0.00258231
26.26 -2.84648e-06 0.000103671 0.000331678 -5.08697e-05 0.00825794 0.00259286
26.28 -3.10156e-06 0.00010174 0.000375434 -6.31182e-05 0.0093523 0.00254456
26.3 -3.24983e-06 9.72067e-05 0.000405132 -7.40702e-05 0.0100951 0.00243118
26.32 -3.29161e-06 8.98814e-05 0.000421695 -8.28045e-05 0.0105093 0.00224797
26.34 -3.24143e-06 8.00471e-05 0.000426727 -8.83355e-05 0.0106352 0.00200201
26.36 -3.11975e-06 6.8513e-05 0.000421394 -8.9925e-05 0.0105018 0.00171354
26.38 -2.93858e-06 5.62348e-05 0.000405585 -8.72402e-05 0.0101064 0.00140646
26.4 -2.69186e-06 4.38404e-05 0.000377761 -8.03438e-05 0.0094105 0.00109647
26.42 -2.35883e-06 3.14141e-05 0.000335534 -6.9616e-05 0.00835438 0.000785681
26.44 -1.91639e-06 1.86437e-05 0.000277149 -5.57023e-05 0.00689414 0.000466287
26.46 -1.35759e-06 5.1851e-06 0.000203396 -3.95441e-05 0.00504955 0.000129682
26.48 -7.07971e-07 -9.02273e-06 0.000118312 -2.23651e-05 0.00292156 -0.000225661
26.5 -2.08743e-08 -2.3683e-05 2.79419e-05 -5.39837e-06 0.000661376 -0.000592322
26.52 6.48272e-07 -3.82679e-05 -6.16002e-05 1.05556e-05 -0.00157811 -0.000957095
26.54 1.26434e-06 -5.21349e-05 -0.000145521 2.53462e-05 -0.00367701 -0.00130391
26.56 1.81168e-06 -6.452e-05 -0.00022087 3.92616e-05 -0.00556151 -0.00161367
26.58 2.28036e-06 -7.45431e-05 -0.000286228 5.26457e-05 -0.00719613 -0.00186435
26.6 2.65955e-06 -8.13947e-05 -0.000340977 6.56659e-05 -0.00856543 -0.00203571
26.62 2.94224e-06 -8.46401e-05 -0.000384824 7.8221e-05 -0.00966208 -0.00211688
26.64 3.13055e-06 -8.44233e-05 -0.000417694 8.98508e-05 -0.0104842 -0.00211146
26.66 3.23423e-06 -8.14161e-05 -0.000439589 9.9701e-05 -0.0110318 -0.00203625
26.68 3.26317e-06 -7.64958e-05 -0.000450294 0.000106665 -0.0112995 -0.00191319
26.7 3.21997e-06 -7.02903e-05 -0.000449211 0.000109669 -0.0112724 -0.00175799
26.72 3.09728e-06 -6.28846e-05 -0.000435431 0.000107957 -0.0109278 -0.00157277
26.74 2.87986e-06 -5.39243e-05 -0.000407857 0.00010128 -0.0102381 -0.00134867
26.76 2.55164e-06 -4.30291e-05 -0.000365354 8.99931e-05 -0.00917512 -0.00107617
26.78 2.10387e-06 -3.01745e-05 -0.000307413 7.50304e-05 -0.00772598 -0.000754676
26.8 1.54419e-06 -1.57886e-05 -0.000235323 5.778e-05 -0.00592298 -0.000394879
26.82 9.03834e-07 -6.25903e-07 -0.000152649 3.98277e-05 -0.00385528 -1.56532e-05
26.84 2.30869e-07 1.43916e-05 -6.42838e-05 2.25368e-05 -0.00164523 0.00035994
26.86 -4.29198e-07 2.83228e-05 2.49967e-05 6.63609e-06 0.000587715 0.000708365
26.88 -1.0477e-06 4.03788e-05 0.000111417 -7.88411e-06 0.00274911 0.00100989
26.9 -1.61017e-06 5.0069e-05 0.000192321 -2.14819e-05 0.00477257 0.00125225
26.92 -2.10641e-06 5.72742e-05 0.000265705 -3.46473e-05 0.00660794 0.00143245
26.94 -2.52685e-06 6.2235e-05 0.000329622 -4.76427e-05 0.00820653 0.00155652
26.96 -2.86423e-06 6.53962e-05 0.000382042 -6.03865e-05 0.00951756 0.00163559
26.98 -3.11365e-06 6.71172e-05 0.000421231 -7.23611e-05 0.0104977 0.00167863
27 -3.2701e-06 6.74507e-05 0.000446165 -8.26071e-05 0.0111213 0.00168697
27.02 -3.32835e-06 6.6169e-05 0.000456637 -8.99229e-05 0.0113832 0.00165492
27.04 -3.28603e-06 6.29556e-05 0.000453105 -9.32168e-05 0.0112949 0.00157455
27.06 -3.14636e-06 5.75708e-05 0.000436424 -9.18157e-05 0.0108777 0.00143987
27.08 -2.91551e-06 4.99417e-05 0.000407497 -8.56123e-05 0.0101542 0.00124906
27.1 -2.59844e-06 4.02229e-05 0.000366796 -7.50471e-05 0.00913627 0.00100599
27.12 -2.19613e-06 2.88246e-05 0.000314181 -6.09851e-05 0.00782035 0.000720917
27.14 -1.70843e-06 1.63571e-05 0.000249812 -4.46003e-05 0.00621044 0.0004091
27.16 -1.14686e-06 3.48975e-06 0.000175434 -2.72701e-05 0.00435022 8.72809e-05
27.18 -5.42112e-07 -9.21165e-06 9.44191e-05 -1.03184e-05 0.002324 -0.000230386
27.2 6.7908e-08 -2.14242e-05 1.07071e-05 5.39955e-06 0.000230326 -0.000535826
27.22 6.57617e-07 -3.31051e-05 -7.20075e-05 1.97577e-05 -0.0018384 -0.000827972
27.24 1.21616e-06 -4.42934e-05 -0.000150513 3.31647e-05 -0.00380186 -0.0011078
27.26 1.73239e-06 -5.4759e-05 -0.000222095 4.6076e-05 -0.00559215 -0.00136955
27.28 2.1853e-06 -6.38743e-05 -0.00028445 5.86641e-05 -0.00715167 -0.00159752
27.3 2.55141e-06 -7.08844e-05 -0.00033572 7.07899e-05 -0.00843395 -0.00177285
27.32 2.81758e-06 -7.52726e-05 -0.000374784 8.203e-05 -0.00941097 -0.0018826
27.34 2.98489e-06 -7.68681e-05 -0.000401454 9.16364e-05 -0.010078 -0.0019225
27.36 3.06218e-06 -7.57297e-05 -0.000416206 9.85998e-05 -0.010447 -0.00189403
27.38 3.0571e-06 -7.20316e-05 -0.000419664 0.000101917 -0.0105334 -0.00180154
27.4 2.97229e-06 -6.60357e-05 -0.000412205 0.000100916 -0.0103469 -0.00165158
27.42 2.80716e-06 -5.80993e-05 -0.000393828 9.54502e-05 -0.00988726 -0.00145309
27.44 2.5607e-06 -4.86576e-05 -0.000364114 8.58948e-05 -0.0091441 -0.00121695
27.46 2.23225e-06 -3.81446e-05 -0.000322314 7.3018e-05 -0.00809866 -0.000954012
27.48 1.81996e-06 -2.68618e-05 -0.000267962 5.78367e-05 -0.00673931 -0.000671824
27.5 1.32498e-06 -1.49052e-05 -0.000201961 4.15268e-05 -0.00508859 -0.000372784
27.52 7.61937e-07 -2.2915e-06 -0.000127096 2.529e-05 -0.00321618 -5.73104e-05
27.54 1.62108e-07 1.07781e-05 -4.74644e-05 1.00777e-05 -0.00122457 0.000269566
27.56 -4.36121e-07 2.37818e-05 3.24813e-05 -3.68051e-06 0.000774909 0.000594794
27.58 -9.993e-07 3.59905e-05 0.000108685 -1.60867e-05 0.00268078 0.000900139
27.6 -1.50284e-06 4.66731e-05 0.000177936 -2.74949e-05 0.0044128 0.00116732
27.62 -1.92956e-06 5.52355e-05 0.000237995 -3.82012e-05 0.0059149 0.00138146
27.64 -2.26923e-06 6.13072e-05 0.000287465 -4.82991e-05 0.00715216 0.00153332
27.66 -2.51927e-06 6.47955e-05 0.000325676 -5.7636e-05 0.00810782 0.00162056
27.68 -2.6834e-06 6.58641e-05 0.000352569 -6.57614e-05 0.00878043 0.00164729
27.7 -2.7683e-06 6.48344e-05 0.000368428 -7.19366e-05 0.00917707 0.00162154
27.72 -2.77974e-06 6.20655e-05 0.000373524 -7.52973e-05 0.00930452 0.00155229
27.74 -2.72017e-06 5.7839e-05 0.000367919 -7.51125e-05 0.00916434 0.00144658
27.76 -2.58807e-06 5.22679e-05 0.000351487 -7.09986e-05 0.00875338 0.00130724
27.78 -2.37865e-06 4.52986e-05 0.00032399 -6.3017e-05 0.00806567 0.00113294
27.8 -2.08653e-06 3.68384e-05 0.000285145 -5.16714e-05 0.00709413 0.000921344
27.82 -1.70883e-06 2.69174e-05 0.000235012 -3.78574e-05 0.00584029 0.000673217
27.84 -1.25091e-06 1.57455e-05 0.000174746 -2.27737e-05 0.004333 0.000393803
27.86 -7.32492e-07 3.67133e-06 0.000106937 -7.71597e-06 0.00263707 9.18224e-05
27.88 -1.85157e-07 -8.8437e-06 3.51183e-05 6.26867e-06 0.000840862 -0.000221184
27.9 3.58424e-07 -2.12285e-05 -3.70245e-05 1.86862e-05 -0.000963459 -0.000530934
27.92 8.72981e-07 -3.28577e-05 -0.000106234 2.96263e-05 -0.00269443 -0.000821784
27.94 1.34026e-06 -4.31544e-05 -0.000169972 3.95047e-05 -0.00428853 -0.00107931
27.96 1.7459e-06 -5.16804e-05 -0.000226413 4.87439e-05 -0.00570014 -0.00129255
27.98 2.07998e-06 -5.81935e-05 -0.00027425 5.75812e-05 -0.00689656 -0.00145544
28 2.33877e-06 -6.26606e-05 -0.000312565 6.5973e-05 -0.00785485 -0.00156717
28.02 2.52321e-06 -6.51957e-05 -0.000340799 7.35282e-05 -0.00856099 -0.00163057
28.04 2.63507e-06 -6.59423e-05 -0.000358658 7.9526e-05 -0.00900764 -0.00164924
28.06 2.67418e-06 -6.49821e-05 -0.000365964 8.3093e-05 -0.00919036 -0.00162523
28.08 2.63852e-06 -6.23221e-05 -0.00036259 8.34786e-05 -0.00910598 -0.0015587
28.1 2.52607e-06 -5.79349e-05 -0.000348523 8.0287e-05 -0.00875418 -0.00144897
28.12 2.33602e-06 -5.18083e-05 -0.000323915 7.35766e-05 -0.0081387 -0.00129575
28.14 2.06941e-06 -4.39929e-05 -0.000289019 6.38314e-05 -0.00726595 -0.00110028
28.16 1.72886e-06 -3.46471e-05 -0.000244287 5.18661e-05 -0.00614718 -0.000866537
28.18 1.3204e-06 -2.40596e-05 -0.000190803 3.87161e-05 -0.00480952 -0.00060174
28.2 8.58666e-07 -1.26367e-05 -0.000130609 2.54752e-05 -0.00330406 -0.000316049
28.22 3.67834e-07 -8.73202e-07 -6.64646e-05 1.30429e-05 -0.00169977 -2.18382e-05
28.24 -1.24926e-07 1.06935e-05 -1.31973e-06 1.88136e-06 -7.04688e-05 0.00026745
28.26 -5.97347e-07 2.15547e-05 6.20797e-05 -8.03469e-06 0.00151518 0.000539094
28.28 -1.03348e-06 3.12884e-05 0.000121406 -1.70278e-05 0.00299896 0.000782538
28.3 -1.42063e-06 3.95678e-05 0.000174782 -2.54452e-05 0.0043339 0.000989608
28.32 -1.74779e-06 4.61495e-05 0.000220685 -3.34796e-05 0.00548197 0.00115422
28.34 -2.00685e-06 5.08765e-05 0.00025791 -4.10917e-05 0.00641297 0.00127244
28.36 -2.19339e-06 5.36795e-05 0.00028562 -4.79677e-05 0.00710602 0.00134255
28.38 -2.306e-06 5.45601e-05 0.000303366 -5.3529e-05 0.00754984 0.00136457
28.4 -2.34487e-06 5.35692e-05 0.000310987 -5.70539e-05 0.00774045 0.00133979
28.42 -2.31089e-06 5.08017e-05 0.000308477 -5.7889e-05 0.00767767 0.00127057
28.44 -2.20507e-06 4.64021e-05 0.000295868 -5.56457e-05 0.00736231 0.00116054
28.46 -2.02789e-06 4.05595e-05 0.000273172 -5.03013e-05 0.00679469 0.00101441
28.48 -1.77962e-06 3.34847e-05 0.000240399 -4.21925e-05 0.00597501 0.000837467
28.5 -1.46149e-06 2.53874e-05 0.00019779 -3.19455e-05 0.00490936 0.00063495
28.52 -1.07851e-06 1.64715e-05 0.00014631 -2.03934e-05 0.00362181 0.000411959
28.54 -6.43694e-07 6.95074e-06 8.79147e-05 -8.46012e-06 0.00216132 0.000173842
28.56 -1.78266e-07 -2.9153e-06 2.52734e-05 3.03677e-06 0.000594637 -7.29119e-05
28.58 2.94015e-07 -1.2793e-05 -3.87707e-05 1.36e-05 -0.00100713 -0.000319956
28.6 7.52878e-07 -2.22855e-05 -0.000101581 2.31344e-05 -0.00257804 -0.000557369
28.62 1.18239e-06 -3.09715e-05 -0.0001609 3.18338e-05 -0.00406164 -0.00077461
28.64 1.56879e-06 -3.84413e-05 -0.000214867 3.99761e-05 -0.00541137 -0.000961431
