0.02 1.06737e-11 2.39799e-11 5.69679e-10 -2.77244e-11 1.42479e-08 5.99747e-10
0.04 1.60157e-10 -1.94303e-11 1.20716e-07 -3.08424e-10 3.01915e-06 -4.85961e-10
0.06 8.85567e-10 -1.45333e-08 4.95122e-07 -8.21003e-10 1.23832e-05 -3.63484e-07
0.08 3.11249e-09 -7.04186e-08 9.8741e-07 -1.24195e-09 2.46955e-05 -1.7612e-06
0.1 8.7346e-09 -2.50165e-07 1.44759e-06 -3.98413e-10 3.62048e-05 -6.25672e-06
0.12 2.1276e-08 -7.1833e-07 1.91634e-06 9.4268e-09 4.79285e-05 -1.79657e-05
0.14 4.5777e-08 -1.53206e-06 2.3966e-06 3.78421e-08 5.994e-05 -3.83174e-05
0.16 8.73181e-08 -2.60778e-06 2.85483e-06 7.61063e-08 7.14005e-05 -6.52216e-05
0.18 1.48462e-07 -3.85537e-06 3.31804e-06 9.96326e-08 8.29856e-05 -9.64244e-05
0.2 2.27951e-07 -5.15096e-06 3.81125e-06 9.42547e-08 9.53209e-05 -0.000128828
0.22 3.2264e-07 -6.46549e-06 4.34769e-06 7.47323e-08 0.000108738 -0.000161705
0.24 4.29594e-07 -7.92247e-06 4.96347e-06 9.74965e-08 0.000124138 -0.000198144
0.26 5.44933e-07 -9.488e-06 5.67544e-06 2.42063e-07 0.000141945 -0.000237299
0.28 6.62155e-07 -1.09599e-05 6.44354e-06 5.48951e-07 0.000161156 -0.000274112
0.3 7.73748e-07 -1.23473e-05 7.17201e-06 9.98174e-07 0.000179375 -0.000308812
0.32 8.74768e-07 -1.38339e-05 7.72287e-06 1.5496e-06 0.000193152 -0.000345993
0.34 9.64781e-07 -1.54024e-05 7.97154e-06 2.14981e-06 0.000199372 -0.00038522
0.36 1.04725e-06 -1.69124e-05 7.8987e-06 2.71044e-06 0.00019755 -0.000422987
0.38 1.1276e-06 -1.84156e-05 7.59962e-06 3.14401e-06 0.00019007 -0.000460581
0.4 1.21067e-06 -2.00437e-05 7.20871e-06 3.41058e-06 0.000180293 -0.0005013
0.42 1.29735e-06 -2.16459e-05 6.87634e-06 3.49573e-06 0.00017198 -0.000541373
0.44 1.38182e-06 -2.28107e-05 6.69527e-06 3.3886e-06 0.000167451 -0.000570505
0.46 1.4527e-06 -2.32855e-05 6.47214e-06 3.12831e-06 0.000161871 -0.000582379
0.48 1.49957e-06 -2.32642e-05 5.77656e-06 2.84059e-06 0.000144474 -0.000581848
0.5 1.52003e-06 -2.32153e-05 4.50333e-06 2.68828e-06 0.00011263 -0.000580624
0.52 1.52095e-06 -2.34227e-05 3.10778e-06 2.77678e-06 7.77269e-05 -0.000585812
0.54 1.5108e-06 -2.37688e-05 2.10882e-06 3.09268e-06 5.27424e-05 -0.000594468
0.56 1.48759e-06 -2.36105e-05 1.74023e-06 3.49753e-06 4.35239e-05 -0.000590508
0.58 1.43543e-06 -2.21586e-05 1.98057e-06 3.77676e-06 4.95348e-05 -0.000554196
0.6 1.33661e-06 -1.94593e-05 2.5602e-06 3.77865e-06 6.40317e-05 -0.000486685
0.62 1.18648e-06 -1.63171e-05 3.17759e-06 3.55006e-06 7.94729e-05 -0.000408098
0.64 9.93751e-07 -1.31365e-05 3.8951e-06 3.25206e-06 9.7418e-05 -0.00032855
0.66 7.68286e-07 -9.67849e-06 5.14711e-06 2.92598e-06 0.000128731 -0.000242063
0.68 5.12778e-07 -5.96298e-06 7.30015e-06 2.44384e-06 0.00018258 -0.000149136
0.7 2.25658e-07 -2.28414e-06 1.02671e-05 1.66347e-06 0.000256785 -5.71274e-05
0.72 -9.09481e-08 1.4917e-06 1.35205e-05 5.19214e-07 0.000338154 3.73079e-05
0.74 -4.26655e-07 5.66856e-06 1.64868e-05 -9.59854e-07 0.000412343 0.000141773
0.76 -7.6357e-07 1.00647e-05 1.89761e-05 -2.5959e-06 0.000474601 0.000251723
0.78 -1.08038e-06 1.40236e-05 2.13215e-05 -4.10714e-06 0.000533261 0.000350736
0.8 -1.35975e-06 1.72797e-05 2.41377e-05 -5.31131e-06 0.000603694 0.000432172
0.82 -1.5955e-06 2.03082e-05 2.76869e-05 -6.24036e-06 0.000692462 0.000507915
0.84 -1.79159e-06 2.33497e-05 3.12796e-05 -6.98212e-06 0.000782315 0.000583987
0.86 -1.95154e-06 2.58136e-05 3.37353e-05 -7.45007e-06 0.000843733 0.000645608
0.88 -2.06761e-06 2.69414e-05 3.45991e-05 -7.40113e-06 0.000865338 0.000673816
0.9 -2.12092e-06 2.66416e-05 3.44523e-05 -6.68523e-06 0.000861667 0.000666317
0.92 -2.09459e-06 2.54306e-05 3.4243e-05 -5.4329e-06 0.000856432 0.000636029
0.94 -1.98927e-06 2.39917e-05 3.45635e-05 -4.01505e-06 0.000864448 0.000600043
0.96 -1.82604e-06 2.26696e-05 3.53072e-05 -2.82546e-06 0.000883047 0.000566976
0.98 -1.63427e-06 2.13103e-05 3.54916e-05 -2.01308e-06 0.000887659 0.000532981
1 -1.44257e-06 1.96512e-05 3.37775e-05 -1.36189e-06 0.000844789 0.000491486
1.02 -1.28022e-06 1.88318e-05 2.45594e-05 -5.67274e-07 0.00061424 0.000470991
1.04 -1.16267e-06 1.91417e-05 8.86502e-06 3.67016e-07 0.000221718 0.000478741
1.06 -1.06718e-06 1.78521e-05 1.22693e-06 1.27314e-06 3.06859e-05 0.00044649
1.08 -9.44634e-07 1.51644e-05 1.45387e-06 1.97735e-06 3.63618e-05 0.000379268
1.1 -7.72304e-07 1.32995e-05 -1.20054e-06 2.08827e-06 -3.0026e-05 0.000332625
1.12 -5.98944e-07 1.13005e-05 -4.03367e-06 1.51816e-06 -0.000100884 0.000282631
1.14 -5.08207e-07 9.62719e-06 -8.99888e-06 9.97446e-07 -0.000225066 0.00024078
1.16 -5.1328e-07 9.5299e-06 -2.08833e-05 1.18058e-06 -0.000522299 0.000238347
1.18 -5.30073e-07 8.80226e-06 -2.83446e-05 1.93514e-06 -0.000708911 0.000220148
1.2 -4.71329e-07 7.58312e-06 -2.81138e-05 2.58898e-06 -0.000703137 0.000189657
1.22 -3.27829e-07 7.86931e-06 -2.97582e-05 2.13203e-06 -0.000744266 0.000196815
1.24 -1.63227e-07 7.51193e-06 -3.14582e-05 7.38714e-08 -0.000786783 0.000187876
1.26 -4.81469e-08 4.98575e-06 -2.8071e-05 -2.5752e-06 -0.000702068 0.000124696
1.28 1.11207e-08 2.77709e-06 -2.24812e-05 -4.30659e-06 -0.000562264 6.94561e-05
1.3 6.1507e-08 2.4999e-06 -1.63947e-05 -4.73691e-06 -0.000410038 6.25236e-05
1.32 1.17417e-07 3.27646e-06 -7.9913e-06 -4.51045e-06 -0.000199866 8.19458e-05
1.34 1.31587e-07 4.06446e-06 1.83753e-06 -4.40334e-06 4.59573e-05 0.000101654
1.36 4.72661e-08 4.2377e-06 1.00514e-05 -4.76592e-06 0.000251389 0.000105987
1.38 -1.6601e-07 6.11691e-06 8.61604e-06 -5.28782e-06 0.000215491 0.000152986
1.4 -4.94711e-07 1.14782e-05 -9.32295e-07 -5.42944e-06 -2.33171e-05 0.000287074
1.42 -8.58051e-07 1.56236e-05 1.93219e-06 -4.9725e-06 4.83249e-05 0.000390753
1.44 -1.14492e-06 1.68763e-05 1.77481e-05 -4.28129e-06 0.000443887 0.000422084
1.46 -1.31505e-06 1.87655e-05 2.8157e-05 -4.38739e-06 0.000704219 0.000469333
1.48 -1.45463e-06 2.06552e-05 3.2429e-05 -5.76417e-06 0.000811063 0.000516595
1.5 -1.68924e-06 2.14714e-05 3.52444e-05 -7.00445e-06 0.000881477 0.000537009
1.52 -2.03029e-06 2.41704e-05 3.3223e-05 -6.28114e-06 0.000830921 0.000604513
1.54 -2.3557e-06 2.94816e-05 2.84869e-05 -3.62452e-06 0.00071247 0.000737348
1.56 -2.54234e-06 3.38361e-05 2.68863e-05 -6.34252e-07 0.000672438 0.000846255
1.58 -2.56456e-06 3.4554e-05 2.66218e-05 1.1549e-06 0.000665822 0.000864211
1.6 -2.47669e-06 3.22485e-05 2.30965e-05 1.20632e-06 0.000577652 0.000806548
1.62 -2.34645e-06 2.89518e-05 1.71665e-05 3.09769e-07 0.000429341 0.000724096
1.64 -2.19554e-06 2.60722e-05 1.29036e-05 2.24288e-08 0.000322726 0.000652078
1.66 -1.98687e-06 2.43378e-05 1.16946e-05 1.05568e-06 0.000292486 0.000608697
1.68 -1.68154e-06 2.35104e-05 1.1568e-05 2.43249e-06 0.000289321 0.000588004
1.7 -1.29821e-06 2.13677e-05 1.00827e-05 2.75296e-06 0.000252173 0.000534414
1.72 -8.93466e-07 1.50347e-05 6.01608e-06 1.99477e-06 0.000150465 0.000376024
1.74 -5.04291e-07 5.68827e-06 -1.27429e-06 1.51347e-06 -3.18705e-05 0.000142266
1.76 -1.31442e-07 -1.52242e-06 -1.13761e-05 2.30528e-06 -0.000284522 -3.80763e-05
1.78 2.44751e-07 -5.01731e-06 -2.0535e-05 3.81107e-06 -0.000513588 -0.000125485
1.8 6.54456e-07 -8.41779e-06 -2.38776e-05 4.53467e-06 -0.000597189 -0.000210532
1.82 1.12678e-06 -1.44496e-05 -2.17788e-05 3.38418e-06 -0.000544697 -0.000361392
1.84 1.6611e-06 -2.25509e-05 -2.00531e-05 5.58243e-07 -0.000501535 -0.000564008
1.86 2.20692e-06 -3.13842e-05 -2.22188e-05 -2.34331e-06 -0.000555701 -0.000784933
1.88 2.68591e-06 -3.90634e-05 -2.71018e-05 -3.43807e-06 -0.000677829 -0.000976991
1.9 3.04426e-06 -4.29081e-05 -3.31927e-05 -2.37925e-06 -0.000830164 -0.00107315
1.92 3.28431e-06 -4.28997e-05 -3.90551e-05 -6.63257e-07 -0.000976785 -0.00107294
1.94 3.44622e-06 -4.23325e-05 -4.25834e-05 1.96251e-07 -0.00106503 -0.00105875
1.96 3.56273e-06 -4.3875e-05 -4.39681e-05 2.41462e-07 -0.00109966 -0.00109733
1.98 3.62193e-06 -4.66542e-05 -4.56346e-05 6.98756e-07 -0.00114134 -0.00116684
2 3.56307e-06 -4.71604e-05 -4.79467e-05 2.57136e-06 -0.00119917 -0.0011795
2.02 3.31808e-06 -4.27615e-05 -4.88669e-05 5.63614e-06 -0.00122218 -0.00106948
2.04 2.8671e-06 -3.35775e-05 -4.69616e-05 8.4883e-06 -0.00117453 -0.000839788
2.06 2.25276e-06 -2.17552e-05 -4.25981e-05 9.6088e-06 -0.0010654 -0.000544108
2.08 1.54274e-06 -1.04116e-05 -3.69132e-05 8.67135e-06 -0.000923214 -0.000260397
2.1 7.81807e-07 -1.67449e-06 -3.01267e-05 6.81802e-06 -0.00075348 -4.18797e-05
2.12 -2.37249e-08 5.76011e-06 -2.14666e-05 5.4188e-06 -0.000536889 0.000144063
2.14 -8.79127e-07 1.47185e-05 -1.06772e-05 4.59218e-06 -0.000267041 0.000368116
2.16 -1.76102e-06 2.53039e-05 1.2934e-06 3.20893e-06 3.23484e-05 0.000632862
2.18 -2.60478e-06 3.52076e-05 1.36013e-05 2.12331e-07 0.000340174 0.000880556
2.2 -3.32968e-06 4.30186e-05 2.54818e-05 -4.36069e-06 0.00063731 0.00107591
2.22 -3.87545e-06 4.83096e-05 3.61449e-05 -9.37004e-06 0.000903999 0.00120824
2.24 -4.22708e-06 5.07912e-05 4.68366e-05 -1.32434e-05 0.0011714 0.00127031
2.26 -4.41783e-06 5.24078e-05 5.86403e-05 -1.50939e-05 0.00146662 0.00131074
2.28 -4.50384e-06 5.57224e-05 6.9264e-05 -1.54285e-05 0.00173232 0.00139364
2.3 -4.52675e-06 5.96722e-05 7.6628e-05 -1.52584e-05 0.0019165 0.00149243
2.32 -4.49271e-06 6.12324e-05 8.12525e-05 -1.4635e-05 0.00203216 0.00153145
2.34 -4.37805e-06 5.93489e-05 8.22327e-05 -1.27291e-05 0.00205667 0.00148434
2.36 -4.15968e-06 5.49426e-05 7.7529e-05 -9.0936e-06 0.00193903 0.00137414
2.38 -3.84755e-06 4.96424e-05 6.9351e-05 -4.36953e-06 0.0017345 0.00124158
2.4 -3.47774e-06 4.50952e-05 6.14451e-05 -9.18512e-08 0.00153677 0.00112785
2.42 -3.07156e-06 4.13628e-05 5.30988e-05 2.13392e-06 0.00132802 0.0010345
2.44 -2.62109e-06 3.69775e-05 4.23066e-05 1.82127e-06 0.00105811 0.000924824
2.46 -2.11403e-06 3.10591e-05 2.9285e-05 3.56819e-08 0.00073243 0.0007768
2.48 -1.55183e-06 2.30605e-05 1.42723e-05 -1.53779e-06 0.000356956 0.000576754
2.5 -9.52191e-07 1.31313e-05 -1.79685e-06 -1.84495e-06 -4.494e-05 0.000328419
2.52 -3.48401e-07 3.95905e-06 -1.63327e-05 -1.06128e-06 -0.000408488 9.90175e-05
2.54 2.25618e-07 -2.74546e-06 -2.89125e-05 -1.93455e-07 -0.000723114 -6.8665e-05
2.56 7.5356e-07 -8.26069e-06 -4.217e-05 1.68082e-07 -0.00105469 -0.000206603
2.58 1.23556e-06 -1.35231e-05 -5.6186e-05 5.421e-07 -0.00140524 -0.000338218
2.6 1.67485e-06 -1.81677e-05 -6.6788e-05 1.82209e-06 -0.00167039 -0.000454381
2.62 2.06288e-06 -2.17112e-05 -7.21107e-05 4.24913e-06 -0.00180352 -0.000543006
2.64 2.36049e-06 -2.32048e-05 -7.43541e-05 7.12092e-06 -0.00185963 -0.000580361
2.66 2.49879e-06 -2.10859e-05 -7.45563e-05 9.11407e-06 -0.00186468 -0.000527368
2.68 2.43079e-06 -1.68514e-05 -7.14913e-05 9.21076e-06 -0.00178803 -0.00042146
2.7 2.18561e-06 -1.42856e-05 -6.48408e-05 7.69688e-06 -0.0016217 -0.000357288
2.72 1.8495e-06 -1.40186e-05 -5.55407e-05 5.71742e-06 -0.0013891 -0.00035061
2.74 1.48587e-06 -1.37764e-05 -4.33952e-05 3.76136e-06 -0.00108533 -0.000344554
2.76 1.08859e-06 -1.13632e-05 -2.85899e-05 1.22387e-06 -0.000715045 -0.000284199
2.78 6.25193e-07 -6.95071e-06 -1.31633e-05 -2.62788e-06 -0.000329219 -0.00017384
2.8 1.05315e-07 -2.31991e-06 3.08476e-06 -7.68821e-06 7.71512e-05 -5.80219e-05
2.82 -4.11955e-07 2.42093e-06 2.33122e-05 -1.29104e-05 0.000583047 6.05484e-05
2.84 -8.67831e-07 7.902e-06 4.80663e-05 -1.68889e-05 0.00120216 0.000197632
2.86 -1.2526e-06 1.31033e-05 7.36494e-05 -1.85662e-05 0.001842 0.00032772
2.88 -1.60382e-06 1.64877e-05 9.66112e-05 -1.77329e-05 0.00241629 0.000412365
2.9 -1.94813e-06 1.76175e-05 0.000114917 -1.50309e-05 0.00287413 0.000440621
2.92 -2.24473e-06 1.67264e-05 0.000126181 -1.13356e-05 0.00315584 0.000418335
2.94 -2.39796e-06 1.40363e-05 0.00013108 -7.17223e-06 0.00327837 0.000351055
2.96 -2.32787e-06 1.02388e-05 0.000135145 -2.88873e-06 0.00338003 0.000256077
2.98 -2.02494e-06 6.26147e-06 0.000141679 9.17266e-07 0.00354344 0.000156602
3 -1.54969e-06 2.49213e-06 0.000147033 3.63114e-06 0.00367735 6.23291e-05
3.02 -9.92174e-07 -1.72306e-06 0.000145512 5.28128e-06 0.00363931 -4.30944e-05
3.04 -4.1982e-07 -8.01441e-06 0.000134858 6.75479e-06 0.00337287 -0.000200444
3.06 1.5242e-07 -1.68851e-05 0.000116718 9.20858e-06 0.00291917 -0.000422304
3.08 7.45671e-07 -2.65022e-05 9.50189e-05 1.30299e-05 0.00237646 -0.000662832
3.1 1.37613e-06 -3.47493e-05 7.38805e-05 1.72893e-05 0.00184778 -0.000869094
3.12 2.03979e-06 -4.21117e-05 5.44934e-05 2.04424e-05 0.0013629 -0.00105323
3.14 2.72467e-06 -5.06648e-05 3.35958e-05 2.17046e-05 0.000840245 -0.00126715
3.16 3.41265e-06 -5.956e-05 7.38404e-06 2.15533e-05 0.000184678 -0.00148962
3.18 4.0761e-06 -6.59398e-05 -2.28935e-05 2.09386e-05 -0.000572576 -0.00164918
3.2 4.69431e-06 -6.97691e-05 -5.167e-05 2.03964e-05 -0.00129229 -0.00174495
3.22 5.26605e-06 -7.3194e-05 -7.59855e-05 1.97507e-05 -0.00190043 -0.00183061
3.24 5.78227e-06 -7.64266e-05 -9.71974e-05 1.82061e-05 -0.00243095 -0.00191146
3.26 6.19085e-06 -7.77006e-05 -0.000115952 1.50403e-05 -0.0029 -0.00194333
3.28 6.41428e-06 -7.69901e-05 -0.000132125 1.07046e-05 -0.00330451 -0.00192556
3.3 6.40548e-06 -7.51818e-05 -0.000146907 6.80871e-06 -0.00367421 -0.00188033
3.32 6.17816e-06 -7.12501e-05 -0.00015975 4.43668e-06 -0.00399541 -0.00178199
3.34 5.78743e-06 -6.47571e-05 -0.000167099 2.96799e-06 -0.00417921 -0.0016196
3.36 5.27954e-06 -5.67768e-05 -0.000165839 9.72207e-07 -0.00414771 -0.00142001
3.38 4.65038e-06 -4.66458e-05 -0.00015609 -2.40207e-06 -0.00390388 -0.00116663
3.4 3.85117e-06 -3.30285e-05 -0.000140569 -6.99741e-06 -0.00351569 -0.000826057
3.42 2.83905e-06 -1.72415e-05 -0.000122162 -1.17044e-05 -0.00305533 -0.000431217
3.44 1.62422e-06 -1.21439e-06 -0.000102069 -1.50835e-05 -0.00255278 -3.03725e-05
3.46 2.72982e-07 1.50213e-05 -7.95113e-05 -1.6719e-05 -0.00198861 0.000375688
3.48 -1.12946e-06 3.11932e-05 -5.32724e-05 -1.76397e-05 -0.00133236 0.000780154
3.5 -2.51919e-06 4.58818e-05 -2.27604e-05 -1.89962e-05 -0.000569247 0.00114752
3.52 -3.86487e-06 5.90193e-05 1.12144e-05 -2.08924e-05 0.000280478 0.0014761
3.54 -5.15128e-06 7.21654e-05 4.55698e-05 -2.26165e-05 0.00113972 0.00180489
3.56 -6.35666e-06 8.6064e-05 7.64665e-05 -2.33118e-05 0.00191246 0.0021525
3.58 -7.43563e-06 9.90026e-05 0.000101593 -2.23993e-05 0.0025409 0.0024761
3.6 -8.31978e-06 0.000108066 0.000121449 -1.9894e-05 0.0030375 0.00270278
3.62 -8.94828e-06 0.000112619 0.000139095 -1.64117e-05 0.00347882 0.00281665
3.64 -9.31091e-06 0.00011504 0.000156839 -1.26912e-05 0.00392262 0.00287719
3.66 -9.45932e-06 0.000117725 0.000173013 -9.06889e-06 0.00432713 0.00294435
3.68 -9.46419e-06 0.000120219 0.000183877 -5.36358e-06 0.00459884 0.00300673
3.7 -9.35203e-06 0.000119811 0.000188012 -1.17026e-06 0.00470227 0.00299652
3.72 -9.0801e-06 0.000114796 0.000185391 3.61831e-06 0.0046367 0.00287109
3.74 -8.57175e-06 0.000105037 0.00017498 8.425e-06 0.00437632 0.00262702
3.76 -7.78007e-06 9.10153e-05 0.000157881 1.2167e-05 0.00394866 0.00227633
3.78 -6.71925e-06 7.42196e-05 0.000137948 1.38198e-05 0.00345013 0.00185626
3.8 -5.43933e-06 5.68341e-05 0.000116744 1.28928e-05 0.00291982 0.00142145
3.82 -3.98375e-06 4.00309e-05 9.22052e-05 9.72209e-06 0.00230609 0.00100119
3.84 -2.3751e-06 2.22926e-05 6.34973e-05 5.52151e-06 0.00158809 0.000557546
3.86 -6.34262e-07 1.34051e-06 3.29563e-05 1.9175e-06 0.00082425 3.35267e-05
3.88 1.18787e-06 -2.20793e-05 1.9417e-06 3.6986e-08 4.85626e-05 -0.000552213
3.9 2.98888e-06 -4.41531e-05 -2.9963e-05 -7.62907e-08 -0.000749386 -0.00110429
3.92 4.62761e-06 -6.13851e-05 -6.1976e-05 8.88273e-07 -0.00155005 -0.00153527
3.94 5.97693e-06 -7.28011e-05 -9.24159e-05 2.31257e-06 -0.00231136 -0.00182079
3.96 6.97751e-06 -7.89367e-05 -0.000119975 3.98447e-06 -0.00300063 -0.00197424
3.98 7.64111e-06 -8.15186e-05 -0.000142864 5.85681e-06 -0.00357308 -0.00203882
4 7.99566e-06 -8.25553e-05 -0.000158018 7.74111e-06 -0.00395209 -0.00206474
4.02 8.02986e-06 -8.13457e-05 -0.00016295 9.02634e-06 -0.00407546 -0.00203449
4.04 7.70156e-06 -7.62341e-05 -0.000158143 8.6645e-06 -0.00395523 -0.00190665
4.06 6.99671e-06 -6.82593e-05 -0.000145663 5.92666e-06 -0.0036431 -0.00170719
4.08 5.97002e-06 -5.94079e-05 -0.000126713 1.13738e-06 -0.00316913 -0.00148582
4.1 4.7311e-06 -4.94062e-05 -0.000102041 -4.75787e-06 -0.00255208 -0.00123567
4.12 3.40157e-06 -3.79165e-05 -7.30216e-05 -1.1024e-05 -0.0018263 -0.000948307
4.14 2.08294e-06 -2.73314e-05 -4.06233e-05 -1.71312e-05 -0.00101601 -0.000683569
4.16 8.47132e-07 -1.91397e-05 -4.30817e-06 -2.25017e-05 -0.000107749 -0.000478693
4.18 -2.63045e-07 -1.12593e-05 3.58985e-05 -2.66813e-05 0.000897836 -0.000281599
4.2 -1.23667e-06 -9.15369e-07 7.75948e-05 -2.92246e-05 0.00194068 -2.28938e-05
4.22 -2.09006e-06 1.13578e-05 0.000117704 -2.92373e-05 0.00294382 0.000284063
4.24 -2.8491e-06 2.25919e-05 0.000155036 -2.56218e-05 0.00387751 0.000565033
4.26 -3.53385e-06 3.2259e-05 0.000189252 -1.80897e-05 0.00473326 0.000806811
4.28 -4.15251e-06 4.12363e-05 0.000217261 -7.64382e-06 0.0054338 0.00103134
4.3 -4.70629e-06 4.81408e-05 0.000235548 4.10485e-06 0.00589115 0.00120402
4.32 -5.19747e-06 5.22981e-05 0.000244335 1.56005e-05 0.00611092 0.001308
4.34 -5.61432e-06 5.59031e-05 0.000244979 2.51965e-05 0.00612702 0.00139816
4.36 -5.89673e-06 5.86884e-05 0.000237555 3.13474e-05 0.00594135 0.00146782
4.38 -5.93175e-06 5.64631e-05 0.000223147 3.3461e-05 0.00558101 0.00141217
4.4 -5.59097e-06 4.68876e-05 0.000203572 3.18842e-05 0.00509141 0.00117268
4.42 -4.77106e-06 2.96854e-05 0.000179089 2.72152e-05 0.00447909 0.000742444
4.44 -3.42635e-06 4.72207e-06 0.000150081 2.04909e-05 0.00375358 0.000118101
4.46 -1.58846e-06 -2.48684e-05 0.000116353 1.33669e-05 0.00291003 -0.000621969
4.48 6.52254e-07 -5.45945e-05 7.51191e-05 7.30329e-06 0.00187876 -0.00136543
4.5 3.18832e-06 -8.31846e-05 2.60512e-05 3.27244e-06 0.000651552 -0.00208048
4.52 5.9272e-06 -0.000111324 -2.63287e-05 2.21463e-06 -0.000658493 -0.00278426
4.54 8.80178e-06 -0.000140418 -7.89184e-05 4.79565e-06 -0.00197378 -0.00351192
4.56 1.17383e-05 -0.000171706 -0.000131942 1.08652e-05 -0.00329992 -0.00429444
4.58 1.45989e-05 -0.00020275 -0.000185586 1.94453e-05 -0.00464159 -0.00507086
4.6 1.71833e-05 -0.000228881 -0.000239882 2.88704e-05 -0.00599955 -0.0057244
4.62 1.93087e-05 -0.000248456 -0.000293413 3.72369e-05 -0.00733837 -0.00621399
4.64 2.08716e-05 -0.000261304 -0.000341178 4.31546e-05 -0.00853302 -0.00653531
4.66 2.18255e-05 -0.000265346 -0.000379174 4.58333e-05 -0.00948329 -0.00663641
4.68 2.21145e-05 -0.00025967 -0.000409175 4.48287e-05 -0.0102336 -0.00649446
4.7 2.16318e-05 -0.000245698 -0.000434256 4.03772e-05 -0.0108609 -0.006145
4.72 2.02474e-05 -0.000222536 -0.000453644 3.34081e-05 -0.0113458 -0.00556572
4.74 1.78998e-05 -0.00018754 -0.0004646 2.47316e-05 -0.0116199 -0.00469045
4.76 1.46697e-05 -0.000141812 -0.000464603 1.48154e-05 -0.0116199 -0.00354677
4.78 1.07588e-05 -8.9719e-05 -0.000451737 4.25523e-06 -0.0112981 -0.00224391
4.8 6.39865e-06 -3.43854e-05 -0.000426349 -6.37561e-06 -0.0106632 -0.000859993
4.82 1.78413e-06 2.2681e-05 -0.000390993 -1.68174e-05 -0.00977889 0.000567262
4.84 -2.93028e-06 7.98142e-05 -0.000347334 -2.65926e-05 -0.00868696 0.00199619
4.86 -7.61562e-06 0.00013712 -0.000295465 -3.48104e-05 -0.00738969 0.00342944
4.88 -1.21792e-05 0.000197884 -0.000236338 -4.11055e-05 -0.00591092 0.00494917
4.9 -1.65882e-05 0.000264123 -0.000172655 -4.60595e-05 -0.00431817 0.00660582
4.92 -2.08612e-05 0.000332609 -0.000107658 -5.01854e-05 -0.00269257 0.00831869
4.94 -2.50105e-05 0.000397231 -4.37024e-05 -5.31433e-05 -0.00109302 0.00993491
4.96 -2.89765e-05 0.000453256 1.80475e-05 -5.42984e-05 0.000451375 0.0113361
4.98 -3.26151e-05 0.000498126 7.68951e-05 -5.36174e-05 0.00192318 0.0124583
5 -3.5747e-05 0.000530857 0.000133037 -5.20417e-05 0.0033273 0.013277
5.02 -3.82135e-05 0.000552326 0.000187843 -5.14183e-05 0.00469803 0.0138139
5.04 -3.98841e-05 0.000563754 0.000241243 -5.37196e-05 0.00603358 0.0140997
5.06 -4.06228e-05 0.000563839 0.000290954 -5.95362e-05 0.00727688 0.0141019
5.08 -4.0262e-05 0.00054816 0.000335414 -6.72207e-05 0.00838886 0.0137097
5.1 -3.86254e-05 0.000512198 0.000374473 -7.38221e-05 0.00936571 0.0128103
5.12 -3.55846e-05 0.000454424 0.000406556 -7.69288e-05 0.0101681 0.0113653
5.14 -3.10974e-05 0.000375424 0.00042804 -7.56336e-05 0.0107055 0.0093895
5.16 -2.51842e-05 0.000276118 0.000436521 -7.00911e-05 0.0109176 0.00690582
5.18 -1.78631e-05 0.000157186 0.000432028 -6.05307e-05 0.0108052 0.00393128
5.2 -9.12802e-06 1.99839e-05 0.000415337 -4.6665e-05 0.0103878 0.000499805
5.22 9.57289e-07 -0.000130961 0.000386931 -2.79176e-05 0.00967732 -0.00327538
5.24 1.2102e-05 -0.000285827 0.000347617 -4.28774e-06 0.00869404 -0.00714864
5.26 2.37225e-05 -0.00043195 0.000297738 2.31149e-05 0.00744655 -0.0108033
5.28 3.50559e-05 -0.000561081 0.000233813 5.27949e-05 0.00584776 -0.0140329
5.3 4.53657e-05 -0.000671107 0.000149517 8.40447e-05 0.00373949 -0.0167847
5.32 5.40884e-05 -0.000762663 4.30367e-05 0.0001168 0.00107637 -0.0190745
5.34 6.08579e-05 -0.000837098 -7.85881e-05 0.000150288 -0.00196552 -0.0209362
5.36 6.55009e-05 -0.000894415 -0.000204084 0.000181966 -0.00510422 -0.0223697
5.38 6.80677e-05 -0.000931838 -0.000323907 0.00020748 -0.00810106 -0.0233057
5.4 6.86737e-05 -0.00094478 -0.000431808 0.000221839 -0.0107997 -0.0236294
5.42 6.73382e-05 -0.00092999 -0.000523959 0.000221664 -0.0131044 -0.0232595
5.44 6.42745e-05 -0.000887507 -0.000596907 0.000207062 -0.0149289 -0.022197
5.46 5.98107e-05 -0.000819168 -0.000647517 0.000181372 -0.0161947 -0.0204878
5.48 5.4154e-05 -0.000726407 -0.000672861 0.000149036 -0.0168285 -0.0181678
5.5 4.73672e-05 -0.000611529 -0.000669482 0.000113714 -0.016744 -0.0152947
5.52 3.93503e-05 -0.000480322 -0.000635359 7.79571e-05 -0.0158906 -0.0120131
5.54 3.00606e-05 -0.000341732 -0.000569972 4.36891e-05 -0.0142552 -0.00854695
5.56 1.97195e-05 -0.000204914 -0.00047342 1.23236e-05 -0.0118404 -0.00512507
5.58 8.86835e-06 -7.71591e-05 -0.000350101 -1.56864e-05 -0.00875617 -0.00192986
5.6 -1.81005e-06 3.79631e-05 -0.000213462 -4.12856e-05 -0.00533878 0.000949395
5.62 -1.17343e-05 0.000143339 -7.89215e-05 -6.67855e-05 -0.00197386 0.0035849
5.64 -2.05274e-05 0.000244395 4.79968e-05 -9.47862e-05 0.00120042 0.00611235
5.66 -2.79453e-05 0.000342249 0.000165494 -0.000125931 0.00413907 0.0085597
5.68 -3.37985e-05 0.000432276 0.000267375 -0.00015723 0.00668716 0.0108113
5.7 -3.8005e-05 0.000507439 0.000347643 -0.000182726 0.00869469 0.0126912
5.72 -4.07032e-05 0.000562862 0.000400764 -0.000195917 0.0100233 0.0140773
5.74 -4.22464e-05 0.000596792 0.000418597 -0.000192142 0.0104693 0.0149259
5.76 -4.30312e-05 0.000610241 0.000394842 -0.000170048 0.00987516 0.0152623
5.78 -4.32834e-05 0.000606892 0.000330043 -0.000132058 0.00825452 0.0151786
5.8 -4.29698e-05 0.000592576 0.000230423 -8.37753e-05 0.00576296 0.0148205
5.82 -4.18964e-05 0.000573504 0.000106574 -3.24507e-05 0.00266546 0.0143435
5.84 -3.99e-05 0.000553182 -2.98171e-05 1.48817e-05 -0.00074574 0.0138352
5.86 -3.69772e-05 0.000531965 -0.000172324 5.29953e-05 -0.0043099 0.0133046
5.88 -3.3266e-05 0.000507724 -0.000316861 7.9389e-05 -0.00792484 0.0126983
5.9 -2.89488e-05 0.000476719 -0.000455688 9.43359e-05 -0.011397 0.0119229
5.92 -2.41649e-05 0.0004349 -0.000580862 9.98825e-05 -0.0145276 0.010877
5.94 -1.8943e-05 0.000374878 -0.000687165 9.8364e-05 -0.0171863 0.00937579
5.96 -1.3158e-05 0.000284908 -0.000765953 9.16546e-05 -0.0191568 0.00712561
5.98 -6.55972e-06 0.00015852 -0.000804302 8.10106e-05 -0.0201159 0.00396459
6 1.07661e-06 3.59845e-06 -0.000798297 6.67005e-05 -0.0199658 8.99307e-05
6.02 9.69928e-06 -0.000157794 -0.000755055 4.80548e-05 -0.0188843 -0.00394657
6.04 1.87925e-05 -0.000296528 -0.000677039 2.44683e-05 -0.016933 -0.00741636
6.06 2.74861e-05 -0.000390612 -0.000558445 -3.34759e-06 -0.0139669 -0.00976945
6.08 3.49544e-05 -0.000442255 -0.000405239 -3.21299e-05 -0.0101352 -0.0110611
6.1 4.07565e-05 -0.000476354 -0.000235732 -5.56007e-05 -0.00589575 -0.0119139
6.12 4.48447e-05 -0.000518208 -5.23931e-05 -6.68772e-05 -0.00131038 -0.0129607
6.14 4.73684e-05 -0.000578459 0.000159803 -6.28515e-05 0.00399673 -0.0144676
6.16 4.84624e-05 -0.000649344 0.000407618 -4.65254e-05 0.0101947 -0.0162404
6.18 4.81082e-05 -0.000708793 0.000677829 -2.59152e-05 0.0169528 -0.0177273
6.2 4.6212e-05 -0.000735602 0.000952794 -1.03697e-05 0.0238301 -0.0183978
6.22 4.27449e-05 -0.000721606 0.00121699 -5.3489e-06 0.0304422 -0.0180477
6.24 3.77872e-05 -0.000668226 0.00145266 -9.38096e-06 0.0363755 -0.0167127
6.26 3.14487e-05 -0.000579256 0.00164895 -1.65669e-05 0.0414777 -0.0144875
6.28 2.37477e-05 -0.00046046 0.00180004 -2.17411e-05 0.0458651 -0.0115164
6.3 1.47383e-05 -0.000319681 0.0019001 -2.30453e-05 0.0496232 -0.00799544
6.32 4.59724e-06 -0.000165706 0.00195365 -2.07996e-05 0.0526207 -0.00414445
6.34 -7.03528e-06 -7.32526e-06 0.00197288 -1.47506e-05 0.0541838 -0.000183282
6.36 -1.99159e-05 0.000148198 0.00195265 -2.57794e-06 0.0536778 0.00370642
6.38 -3.30011e-05 0.000297233 0.0018798 1.83557e-05 0.0518556 0.00743384
6.4 -4.55587e-05 0.000439869 0.00177116 4.71985e-05 0.0491385 0.0110012
6.42 -5.67212e-05 0.000576688 0.00161316 7.76289e-05 0.0451869 0.0144231
6.44 -6.56799e-05 0.000704811 0.0014039 0.000100735 0.0399533 0.0176276
6.46 -7.17887e-05 0.000816375 0.00116365 0.000110969 0.0339444 0.0204179
6.48 -7.50066e-05 0.000898712 0.000919021 0.00010979 0.0278262 0.0224772
6.5 -7.53363e-05 0.000936342 0.000683108 0.0001044 0.0219259 0.0234184
6.52 -7.26254e-05 0.000920644 0.000459775 0.000103251 0.0163403 0.0230258
6.54 -6.72907e-05 0.000859105 0.000236811 0.000111226 0.0107638 0.0214867
6.56 -6.02688e-05 0.000771676 -6.41676e-06 0.000127875 0.00468028 0.0193
6.58 -5.24024e-05 0.000680093 -0.000284639 0.000150147 -0.00228013 0.0170095
6.6 -4.43616e-05 0.000599037 -0.000597765 0.000175581 -0.0101239 0.0149823
6.62 -3.62204e-05 0.000532116 -0.000927092 0.00020112 -0.0184273 0.0133086
6.64 -2.74704e-05 0.000474198 -0.00123855 0.000219738 -0.02649 0.01186
6.66 -1.79168e-05 0.000415872 -0.0014895 0.000220847 -0.0335016 0.0104012
6.68 -7.76183e-06 0.000343873 -0.00164563 0.000195582 -0.0385194 0.00860052
6.7 2.43652e-06 0.000243837 -0.00170607 0.0001427 -0.0407507 0.00609858
6.72 1.21856e-05 0.000109319 -0.00168894 6.99754e-05 -0.0403223 0.00273421
6.74 2.11847e-05 -5.45265e-05 -0.00160197 -9.33334e-06 -0.038147 -0.00136362
6.76 2.93979e-05 -0.000235709 -0.00147113 -8.14181e-05 -0.0348747 -0.00589506
6.78 3.71545e-05 -0.000418412 -0.00133397 -0.000136583 -0.0314442 -0.0104645
6.8 4.48928e-05 -0.000584017 -0.00122224 -0.000172013 -0.0286499 -0.0146064
6.82 5.24602e-05 -0.000716368 -0.00113925 -0.000190381 -0.0265744 -0.0179166
6.84 5.91887e-05 -0.000805973 -0.00108185 -0.000195674 -0.0251387 -0.0201577
6.86 6.39975e-05 -0.000849199 -0.00104125 -0.00019024 -0.0241232 -0.0212389
6.88 6.67001e-05 -0.000849875 -0.00100234 -0.000175779 -0.02315 -0.0212558
6.9 6.72774e-05 -0.000824033 -0.000936678 -0.000157208 -0.0215078 -0.0206095
6.92 6.61191e-05 -0.000793552 -0.000801502 -0.000142989 -0.018127 -0.0198471
6.94 6.42432e-05 -0.000770195 -0.000571474 -0.000137795 -0.0123739 -0.019263
6.96 6.27047e-05 -0.000753286 -0.00026091 -0.000136098 -0.00460658 -0.0188401
6.98 6.07852e-05 -0.000738796 9.53585e-05 -0.000126429 0.00430385 -0.0184777
7 5.67473e-05 -0.000719537 0.000452735 -0.000101061 0.0132424 -0.017996
7.02 5.02313e-05 -0.000684318 0.00075706 -6.03487e-05 0.0208572 -0.0171151
7.04 4.08775e-05 -0.000625289 0.000967456 -1.03116e-05 0.0261319 -0.0156388
7.06 2.91981e-05 -0.00053874 0.00107426 4.11684e-05 0.0288196 -0.0134742
7.08 1.62924e-05 -0.000420894 0.00108792 8.63287e-05 0.0291641 -0.0105268
7.1 3.22401e-06 -0.00027226 0.00103033 0.00011811 0.0277238 -0.00680942
7.12 -9.20734e-06 -0.000102855 0.000938362 0.000130346 0.0254236 -0.00257252
7.14 -2.05411e-05 7.08083e-05 0.000850673 0.000119024 0.0232305 0.00177087
7.16 -3.04075e-05 0.00023207 0.000789763 8.59607e-05 0.0217071 0.0058041
7.18 -3.81401e-05 0.000367011 0.000760031 4.20458e-05 0.0209635 0.00917903
7.2 -4.30244e-05 0.000465315 0.000753844 4.76954e-06 0.0208087 0.0116377
7.22 -4.54765e-05 0.000523797 0.000753908 -9.61957e-06 0.0208103 0.0131003
7.24 -4.64701e-05 0.000549475 0.000733645 7.1266e-06 0.0203035 0.0137425
7.26 -4.67748e-05 0.000556168 0.000662914 5.35251e-05 0.0185345 0.0139099
7.28 -4.69348e-05 0.000556646 0.000522482 0.00012001 0.0150223 0.0139219
7.3 -4.70262e-05 0.000559767 0.000314903 0.000191831 0.00983062 0.0139999
7.32 -4.6871e-05 0.000571922 6.08515e-05 0.000252466 0.0034767 0.0143039
7.34 -4.62659e-05 0.000595183 -0.000211069 0.000286617 -0.00332414 0.0148857
7.36 -4.50826e-05 0.000625534 -0.00047256 0.000282458 -0.00986415 0.0156448
7.38 -4.30991e-05 0.000653716 -0.000700307 0.000234226 -0.0155602 0.0163496
7.4 -4.00308e-05 0.000665884 -0.000875366 0.00014533 -0.0199388 0.016654
7.42 -3.5611e-05 0.000646728 -0.000981632 2.93764e-05 -0.0225971 0.0161749
7.44 -2.97329e-05 0.000585769 -0.00101046 -9.32662e-05 -0.0233184 0.0146503
7.46 -2.25347e-05 0.000480933 -0.000968236 -0.000201626 -0.0222624 0.0120283
7.48 -1.43827e-05 0.000336762 -0.000877079 -0.000279184 -0.0199825 0.00842251
7.5 -5.72618e-06 0.000163551 -0.000767312 -0.00031633 -0.0172372 0.00409043
7.52 3.04333e-06 -2.05312e-05 -0.000666372 -0.000311256 -0.0147126 -0.000513552
7.54 1.15909e-05 -0.000192167 -0.000587964 -0.000269861 -0.0127516 -0.00480624
7.56 1.96556e-05 -0.000330465 -0.000529835 -0.000204321 -0.0112978 -0.00826513
7.58 2.70566e-05 -0.000424298 -0.000480338 -0.000130401 -0.0100599 -0.0106119
7.6 3.35678e-05 -0.000475586 -0.000424589 -6.37459e-05 -0.00866556 -0.0118947
7.62 3.88917e-05 -0.000495554 -0.000348335 -1.5581e-05 -0.00675841 -0.0123941
7.64 4.27329e-05 -0.000497799 -0.000241248 1.05147e-05 -0.00408013 -0.0124502
7.66 4.49419e-05 -0.000493694 -9.8884e-05 1.87965e-05 -0.000519539 -0.0123476
7.68 4.55708e-05 -0.000491261 7.63324e-05 1.84032e-05 0.0038627 -0.0122867
7.7 4.44893e-05 -0.000494369 0.000273332 1.90133e-05 0.00878973 -0.0123644
7.72 4.13019e-05 -0.000500984 0.000472102 2.72537e-05 0.0137611 -0.0125299
7.74 3.59477e-05 -0.000502887 0.000648032 4.55027e-05 0.0181612 -0.0125775
7.76 2.85394e-05 -0.000487379 0.000778318 7.29429e-05 0.0214201 -0.0121896
7.78 1.93891e-05 -0.00044214 0.000847943 0.000106714 0.0231618 -0.0110582
7.8 9.16872e-06 -0.000360673 0.000855001 0.000142028 0.0233384 -0.00902065
7.82 -1.37671e-06 -0.000243023 0.000811884 0.000172407 0.02226 -0.00607817
7.84 -1.15502e-05 -9.38611e-05 0.000740375 0.00019096 0.0204716 -0.00234757
7.86 -2.09078e-05 7.94061e-05 0.000662752 0.000192433 0.0185302 0.00198592
7.88 -2.92478e-05 0.000264669 0.000592316 0.000175538 0.0167685 0.00661941
7.9 -3.64687e-05 0.000441277 0.00053055 0.000144519 0.0152238 0.0110365
7.92 -4.24324e-05 0.000585449 0.000473306 0.000108019 0.0137921 0.0146423
7.94 -4.70864e-05 0.000682933 0.000417289 7.48834e-05 0.0123911 0.0170804
7.96 -5.04435e-05 0.000734319 0.000360574 4.99963e-05 0.0109726 0.0183656
7.98 -5.25684e-05 0.000748099 0.000299014 3.33421e-05 0.00943295 0.0187102
8 -5.35963e-05 0.000734346 0.00022253 2.18415e-05 0.00752004 0.0183662
8.02 -5.36571e-05 0.000705274 0.00011736 1.14621e-05 0.0048897 0.0176391
8.04 -5.28991e-05 0.000673634 -2.4714e-05 -1.4484e-06 0.00133637 0.0168478
8.06 -5.13328e-05 0.000647358 -0.000198514 -1.95548e-05 -0.00301044 0.0161906
8.08 -4.85162e-05 0.000626734 -0.000385505 -4.47664e-05 -0.00768716 0.0156748
8.1 -4.41555e-05 0.000605842 -0.00056071 -7.84625e-05 -0.0120691 0.0151523
8.12 -3.81255e-05 0.000574058 -0.000701514 -0.000120193 -0.0155907 0.0143574
8.14 -3.03097e-05 0.000517274 -0.000793337 -0.000165336 -0.0178874 0.0129372
8.16 -2.08672e-05 0.000422976 -0.00082968 -0.000204475 -0.0187965 0.0105788
8.18 -1.00834e-05 0.000285575 -0.000811539 -0.000226095 -0.0183427 0.00714229
8.2 1.57043e-06 0.000108633 -0.000751015 -0.000220994 -0.016829 0.00271689
8.22 1.35166e-05 -9.42522e-05 -0.00067172 -0.000185813 -0.0148458 -0.00235734
8.24 2.50921e-05 -0.000301681 -0.000598603 -0.00012428 -0.0130171 -0.00754522
8.26 3.56455e-05 -0.000490669 -0.00054714 -4.5831e-05 -0.01173 -0.0122719
8.28 4.46366e-05 -0.000643596 -0.000521717 3.75073e-05 -0.0110942 -0.0160967
8.3 5.17531e-05 -0.000752075 -0.000516134 0.000113935 -0.0109545 -0.0188098
8.32 5.6908e-05 -0.000816583 -0.000512696 0.00017335 -0.0108685 -0.0204232
8.34 6.01703e-05 -0.000843769 -0.000486799 0.000208418 -0.0102208 -0.0211031
8.36 6.1735e-05 -0.000843337 -0.000416663 0.00021629 -0.00846672 -0.0210923
8.38 6.18962e-05 -0.000826295 -0.000291528 0.000200291 -0.00533703 -0.0206661
8.4 6.09439e-05 -0.000802822 -0.000116258 0.000169854 -0.000953473 -0.020079
8.42 5.86623e-05 -0.000778678 8.8636e-05 0.000137631 0.00417102 -0.0194752
8.44 5.47494e-05 -0.000754375 0.000293457 0.000114825 0.00929368 -0.0188673
8.46 4.93052e-05 -0.000725886 0.000469363 0.000107431 0.0136932 -0.0181548
8.48 4.23489e-05 -0.000684324 0.000596738 0.000115046 0.0168789 -0.0171153
8.5 3.39586e-05 -0.000618231 0.000668728 0.00013189 0.0186794 -0.0154623
8.52 2.43505e-05 -0.000519205 0.000690068 0.00014928 0.0192132 -0.0129856
8.54 1.38309e-05 -0.000385817 0.000673706 0.000158554 0.0188039 -0.00964957
8.56 2.88537e-06 -0.000223039 0.000635956 0.000153026 0.0178598 -0.00557841
8.58 -7.90574e-06 -4.05355e-05 0.000590601 0.000128828 0.0167254 -0.00101393
8.6 -1.79846e-05 0.000147925 0.000546124 8.5878e-05 0.0156131 0.00369955
8.62 -2.69183e-05 0.000325975 0.0005068 2.89383e-05 0.0146296 0.00815265
8.64 -3.44459e-05 0.000477763 0.000472141 -3.28181e-05 0.0137627 0.0119489
8.66 -4.04499e-05 0.000592072 0.000434888 -8.8222e-05 0.012831 0.0148079
8.68 -4.49121e-05 0.000665507 0.000382944 -0.000127384 0.0115319 0.0166445
8.7 -4.79436e-05 0.000702164 0.000304484 -0.000144582 0.00956954 0.0175613
8.72 -4.97638e-05 0.000709905 0.000191916 -0.00013977 0.00675416 0.0177549
8.74 -5.06077e-05 0.000696863 4.33015e-05 -0.00011818 0.00303725 0.0174287
8.76 -5.06141e-05 0.000671673 -0.000136206 -8.86003e-05 -0.0014523 0.0167987
8.78 -4.97765e-05 0.000643723 -0.000331781 -6.12678e-05 -0.00634373 0.0160997
8.8 -4.7767e-05 0.00061998 -0.00052017 -4.53132e-05 -0.0110554 0.0155059
8.82 -4.42375e-05 0.000601221 -0.000677457 -4.58198e-05 -0.0149892 0.0150367
8.84 -3.91651e-05 0.000579739 -0.000787224 -6.18053e-05 -0.0177346 0.0144994
8.86 -3.25393e-05 0.000541681 -0.000843413 -8.6329e-05 -0.01914 0.0135476
8.88 -2.44539e-05 0.000474763 -0.000850527 -0.000108713 -0.0193179 0.0118739
8.9 -1.52366e-05 0.000373746 -0.000821034 -0.000118138 -0.0185803 0.00934743
8.92 -5.38304e-06 0.000239743 -0.000768239 -0.000107284 -0.0172599 0.00599597
8.94 4.49982e-06 7.84013e-05 -0.000702339 -7.44873e-05 -0.0156117 0.00196075
8.96 1.38674e-05 -9.89194e-05 -0.000632819 -2.40769e-05 -0.0138729 -0.00247411
8.98 2.23213e-05 -0.000274463 -0.000568567 3.45777e-05 -0.012266 -0.00686452
9 2.96082e-05 -0.000427955 -0.000511559 8.92291e-05 -0.0108402 -0.0107034
9.02 3.55295e-05 -0.00054305 -0.000452463 0.000128113 -0.00936218 -0.013582
9.04 3.9983e-05 -0.000613497 -0.000373665 0.00014342 -0.00739142 -0.0153439
9.06 4.30517e-05 -0.000645116 -0.000258136 0.000133561 -0.00450197 -0.0161347
9.08 4.49446e-05 -0.000650424 -9.95028e-05 0.000103626 -0.000534496 -0.0162675
9.1 4.58077e-05 -0.0006399 9.32449e-05 6.38853e-05 0.0042862 -0.0160043
9.12 4.5558e-05 -0.000619046 0.000296419 2.67693e-05 0.00936766 -0.0154827
9.14 4.38901e-05 -0.000592263 0.000481383 3.43972e-06 0.0139937 -0.0148129
9.16 4.05652e-05 -0.000564313 0.000631339 7.28316e-07 0.0177442 -0.0141138
9.18 3.57693e-05 -0.00053807 0.000745644 1.89333e-05 0.0206031 -0.0134575
9.2 3.00011e-05 -0.000513278 0.000828262 5.16098e-05 0.0226696 -0.0128374
9.22 2.37664e-05 -0.000485541 0.000880833 8.79973e-05 0.0239847 -0.0121437
9.24 1.73239e-05 -0.000444765 0.000907269 0.000116855 0.024646 -0.0111239
9.26 1.06253e-05 -0.000375289 0.000913944 0.000129759 0.0248131 -0.00938623
9.28 3.57907e-06 -0.000264909 0.000902289 0.000122912 0.0245216 -0.0066256
9.3 -3.69573e-06 -0.000119642 0.000868501 9.77816e-05 0.0236765 -0.0029924
9.32 -1.08171e-05 3.71093e-05 0.000813692 6.06637e-05 0.0223057 0.000928016
9.34 -1.73377e-05 0.000182109 0.000747574 2.05547e-05 0.0206521 0.00455452
9.36 -2.30295e-05 0.000302633 0.000677591 -1.37382e-05 0.0189018 0.00756887
9.38 -2.78904e-05 0.000392917 0.00060263 -3.5342e-05 0.017027 0.00982693
9.4 -3.19812e-05 0.000451415 0.000518915 -4.02539e-05 0.0149332 0.01129
9.42 -3.52979e-05 0.000481933 0.000421671 -2.86931e-05 0.0125011 0.0120533
9.44 -3.77199e-05 0.000491615 0.000303315 -5.61328e-06 0.00954095 0.0122954
9.46 -3.91178e-05 0.000488539 0.000160839 2.08762e-05 0.00597759 0.0122185
9.48 -3.94408e-05 0.000480206 2.01478e-06 4.17669e-05 0.00200532 0.0120101
9.5 -3.86752e-05 0.000470764 -0.000160046 4.90358e-05 -0.00204789 0.0117739
9.52 -3.66559e-05 0.000459891 -0.000311935 3.77771e-05 -0.00584669 0.011502
9.54 -3.32071e-05 0.000444185 -0.000439401 8.16591e-06 -0.00903468 0.0111091
9.56 -2.82924e-05 0.000418755 -0.000530078 -3.41669e-05 -0.0113026 0.0104731
9.58 -2.20103e-05 0.000375779 -0.000579869 -7.94255e-05 -0.0125479 0.0093983
9.6 -1.46308e-05 0.000305504 -0.00059484 -0.00011591 -0.0129223 0.00764067
9.62 -6.5164e-06 0.000203994 -0.000586045 -0.000133374 -0.0127023 0.00510188
9.64 1.89881e-06 7.8669e-05 -0.00056312 -0.000126693 -0.012129 0.00196744
9.66 1.01151e-05 -5.4789e-05 -0.000532879 -9.7446e-05 -0.0113726 -0.0013704
9.68 1.76023e-05 -0.000181173 -0.000500603 -5.25461e-05 -0.0105654 -0.00453132
9.7 2.3911e-05 -0.000290553 -0.000468312 -1.62535e-06 -0.00975777 -0.00726695
9.72 2.87932e-05 -0.000376953 -0.000432081 4.52911e-05 -0.00885162 -0.00942784
9.74 3.22084e-05 -0.000436661 -0.000383288 7.97763e-05 -0.0076313 -0.0109212
9.76 3.42243e-05 -0.000467735 -0.000312216 9.66126e-05 -0.00585375 -0.0116983
9.78 3.48936e-05 -0.000470336 -0.000211886 9.45149e-05 -0.00334445 -0.0117634
9.8 3.42038e-05 -0.00044758 -8.30471e-05 7.61423e-05 -0.000122144 -0.0111943
9.82 3.21317e-05 -0.000406476 6.28897e-05 4.78317e-05 0.0035278 -0.0101662
9.84 2.87209e-05 -0.000357151 0.000208135 1.8568e-05 0.00716045 -0.0089326
9.86 2.41374e-05 -0.000308921 0.000338497 -2.45701e-06 0.0104208 -0.00772635
9.88 1.86196e-05 -0.000265865 0.000448892 -9.02223e-06 0.0131819 -0.00664948
9.9 1.24053e-05 -0.000225177 0.000539805 -1.0154e-07 0.0154556 -0.00563186
9.92 5.70283e-06 -0.000179377 0.000611921 2.01094e-05 0.0172593 -0.00448639
9.94 -1.29605e-06 -0.000120781 0.000664678 4.43974e-05 0.0185788 -0.00302089
9.96 -8.36092e-06 -4.47192e-05 0.000696878 6.57115e-05 0.0193841 -0.00111855
9.98 -1.52066e-05 4.8787e-05 0.000708579 7.94402e-05 0.0196768 0.00122008
10 -2.15392e-05 0.000155066 0.000704308 8.37645e-05 0.01957 0.00387816
10.02 -2.71353e-05 0.000267139 0.000691899 7.8615e-05 0.0192596 0.00668115
10.04 -3.18715e-05 0.000375836 0.000675838 6.47729e-05 0.0188579 0.00939971
10.06 -3.5694e-05 0.000469117 0.000653581 4.42141e-05 0.0183012 0.0117327
10.08 -3.85695e-05 0.000534707 0.00061888 2.08857e-05 0.0174334 0.0133731
10.1 -4.0414e-05 0.000564491 0.000567193 1.56372e-07 0.0161406 0.0141181
10.12 -4.10831e-05 0.000557281 0.000497753 -1.34171e-05 0.0144039 0.0139377
10.14 -4.0442e-05 0.000518773 0.00041189 -1.8552e-05 0.0122565 0.0129746
10.16 -3.84515e-05 0.000460443 0.000312087 -1.81221e-05 0.00976034 0.0115158
10.18 -3.5194e-05 0.000394785 0.000201547 -1.74764e-05 0.0069957 0.00987364
10.2 -3.07579e-05 0.000330036 8.22278e-05 -2.08929e-05 0.00401147 0.00825424
10.22 -2.52371e-05 0.000269959 -4.39839e-05 -2.88853e-05 0.000854862 0.00675167
10.24 -1.87903e-05 0.000215169 -0.000170911 -3.86061e-05 -0.00231964 0.00538136
10.26 -1.16264e-05 0.000161915 -0.000287586 -4.62731e-05 -0.00523772 0.00404946
10.28 -4.03503e-06 0.000103003 -0.00038359 -4.90023e-05 -0.00763882 0.00257604
10.3 3.64429e-06 3.32008e-05 -0.000454102 -4.52616e-05 -0.00940237 0.000830265
10.32 1.10747e-05 -4.86595e-05 -0.000499623 -3.44982e-05 -0.0105409 -0.0012171
10.34 1.79554e-05 -0.000141245 -0.000522595 -1.64713e-05 -0.0111154 -0.00353269
10.36 2.40531e-05 -0.000240265 -0.000524949 8.55594e-06 -0.0111743 -0.00600923
10.38 2.92055e-05 -0.000337682 -0.000509038 3.82508e-05 -0.0107763 -0.00844567
10.4 3.32943e-05 -0.000423752 -0.000478825 6.72594e-05 -0.0100207 -0.0105983
10.42 3.62018e-05 -0.000489259 -0.000437501 8.87742e-05 -0.00898717 -0.0122367
10.44 3.78144e-05 -0.000527569 -0.000385608 9.75489e-05 -0.00768929 -0.0131948
10.46 3.80595e-05 -0.000536337 -0.000320828 9.20768e-05 -0.00606913 -0.0134141
10.48 3.69344e-05 -0.000517015 -0.000238612 7.48071e-05 -0.00401286 -0.0129309
10.5 3.45147e-05 -0.000474285 -0.000135605 5.06553e-05 -0.00143662 -0.0118622
10.52 3.09198e-05 -0.00041578 -1.26239e-05 2.5065e-05 0.00163918 -0.0103989
10.54 2.62971e-05 -0.00035087 0.000126663 2.91555e-06 0.0051228 -0.0087755
10.56 2.08267e-05 -0.000287838 0.000277743 -1.16359e-05 0.00890139 -0.00719904
10.58 1.47205e-05 -0.000230152 0.000432674 -1.54407e-05 0.0127763 -0.0057563
10.6 8.20496e-06 -0.000174861 0.000577746 -7.43634e-06 0.0164046 -0.00437345
10.62 1.46314e-06 -0.00011496 0.000697525 1.02381e-05 0.0194003 -0.00287529
10.64 -5.38816e-06 -4.41509e-05 0.000780119 3.23734e-05 0.021466 -0.00110433
10.66 -1.22339e-05 3.95413e-05 0.000819488 5.23704e-05 0.0224507 0.000988843
10.68 -1.88635e-05 0.000132338 0.000817483 6.45631e-05 0.0224006 0.00330972
10.7 -2.49536e-05 0.000226362 0.000784978 6.59349e-05 0.0215876 0.0056613
10.72 -3.01677e-05 0.000314156 0.000736 5.64158e-05 0.0203626 0.00785708
10.74 -3.42677e-05 0.000390694 0.000678561 3.81056e-05 0.0189261 0.00977131
10.76 -3.71529e-05 0.00045147 0.000613402 1.46679e-05 0.0172964 0.0112913
10.78 -3.88505e-05 0.000491552 0.000538762 -8.75168e-06 0.0154296 0.0122938
10.8 -3.93806e-05 0.000507494 0.000451674 -2.61117e-05 0.0132515 0.0126925
10.82 -3.87069e-05 0.000499635 0.000347314 -3.22331e-05 0.0106414 0.012496
10.84 -3.68479e-05 0.000472648 0.000222837 -2.49821e-05 0.00752822 0.011821
10.86 -3.39422e-05 0.000434003 8.09688e-05 -6.49664e-06 0.00398003 0.0108545
10.88 -3.02151e-05 0.000390325 -7.28248e-05 1.75105e-05 0.000133587 0.00976208
10.9 -2.58502e-05 0.000343763 -0.00023231 4.01516e-05 -0.00385521 0.00859755
10.92 -2.0879e-05 0.000292231 -0.000386368 5.58872e-05 -0.00770827 0.00730872
10.94 -1.52351e-05 0.000233146 -0.000519493 6.15891e-05 -0.0110378 0.00583097
10.96 -8.92228e-06 0.000166957 -0.000620127 5.61677e-05 -0.0135547 0.00417556
10.98 -2.12994e-06 9.63735e-05 -0.000684931 4.0091e-05 -0.0151755 0.00241024
11 4.77043e-06 2.33955e-05 -0.000715527 1.56968e-05 -0.0159407 0.000585029
11.02 1.13575e-05 -5.05674e-05 -0.000714837 -1.23654e-05 -0.0159235 -0.00126481
11.04 1.73074e-05 -0.000124972 -0.000686789 -3.77534e-05 -0.015222 -0.00312572
11.06 2.24494e-05 -0.000201377 -0.000636281 -5.42301e-05 -0.0139587 -0.00503663
11.08 2.66998e-05 -0.000280559 -0.000567684 -5.79657e-05 -0.0122431 -0.00701701
11.1 2.99801e-05 -0.000358135 -0.000483882 -4.93107e-05 -0.0101472 -0.0089572
11.12 3.2198e-05 -0.00042468 -0.0003876 -3.26634e-05 -0.00773913 -0.0106215
11.14 3.32795e-05 -0.000469842 -0.000282266 -1.42193e-05 -0.0051047 -0.0117511
11.16 3.32349e-05 -0.000487226 -0.000168257 6.80262e-07 -0.00225328 -0.0121858
11.18 3.21968e-05 -0.000478188 -4.16349e-05 9.07387e-06 0.000913595 -0.0119598
11.2 3.03813e-05 -0.000450358 9.97357e-05 1.06968e-05 0.00444933 -0.0112637
11.22 2.79691e-05 -0.000412191 0.000252964 7.44239e-06 0.00828165 -0.0103092
11.24 2.4988e-05 -0.000369498 0.000413179 2.47892e-06 0.0122887 -0.0092414
11.26 2.13251e-05 -0.000324724 0.000573003 -4.20142e-07 0.0162859 -0.00812158
11.28 1.68658e-05 -0.000278092 0.000718695 2.46877e-06 0.0199298 -0.00695529
11.3 1.16359e-05 -0.000229801 0.000834431 1.3745e-05 0.0228246 -0.00574753
11.32 5.85304e-06 -0.000181306 0.000912355 3.37893e-05 0.0247737 -0.00453465
11.34 -1.32584e-07 -0.000133099 0.000953494 6.0308e-05 0.0258029 -0.00332897
11.36 -5.96652e-06 -8.16505e-05 0.000959961 8.86252e-05 0.0259647 -0.00204221
11.38 -1.14114e-05 -2.07697e-05 0.000933184 0.000112789 0.025295 -0.00051956
11.4 -1.63821e-05 5.36713e-05 0.000879271 0.000127523 0.0239466 0.00134224
11.42 -2.08555e-05 0.000139552 0.000809041 0.000130211 0.0221901 0.00349014
11.44 -2.47328e-05 0.000228234 0.000731125 0.000121726 0.0202414 0.00570811
11.46 -2.7823e-05 0.000307158 0.00064954 0.000105718 0.0182009 0.00768204
11.48 -2.99535e-05 0.00036333 0.00056663 8.71043e-05 0.0161273 0.00908692
11.5 -3.10496e-05 0.00039036 0.00047989 7.0455e-05 0.0139579 0.00976296
11.52 -3.11971e-05 0.000394455 0.000378381 5.83834e-05 0.0114191 0.00986538
11.54 -3.06107e-05 0.000388479 0.000252883 5.06941e-05 0.00828035 0.00971592
11.56 -2.94597e-05 0.000378393 0.000105748 4.53331e-05 0.00460044 0.00946365
11.58 -2.77196e-05 0.000362211 -5.6452e-05 4.00441e-05 0.000543742 0.00905895
11.6 -2.52515e-05 0.000340592 -0.000230186 3.25115e-05 -0.00380141 0.00851824
11.62 -2.20158e-05 0.000317068 -0.000406045 1.98804e-05 -0.00819972 0.0079299
11.64 -1.81546e-05 0.000291102 -0.000564016 -1.13671e-08 -0.0121507 0.00728049
11.66 -1.38627e-05 0.000258591 -0.000686234 -2.6918e-05 -0.0152075 0.00646736
11.68 -9.20089e-06 0.000215284 -0.000765124 -5.81902e-05 -0.0171807 0.00538424
11.7 -4.10207e-06 0.000157482 -0.000799769 -8.95213e-05 -0.0180473 0.00393859
11.72 1.45294e-06 8.39058e-05 -0.000795095 -0.000115417 -0.0179304 0.00209842
11.74 7.30176e-06 -1.79836e-06 -0.00076322 -0.00013049 -0.0171331 -4.508e-05
11.76 1.31351e-05 -9.28477e-05 -0.000718593 -0.000131425 -0.016017 -0.00232226
11.78 1.86314e-05 -0.000182233 -0.000670563 -0.000117929 -0.0148158 -0.00455782
11.8 2.3549e-05 -0.000264078 -0.000621302 -9.25244e-05 -0.0135837 -0.00660481
11.82 2.77715e-05 -0.000334691 -0.000567553 -5.99181e-05 -0.0122395 -0.00837085
11.84 3.12283e-05 -0.000392253 -0.00050297 -2.58705e-05 -0.0106242 -0.00981051
11.86 3.37773e-05 -0.000435932 -0.000421273 4.2933e-06 -0.00858092 -0.0109029
11.88 3.52701e-05 -0.000466085 -0.000317987 2.6934e-05 -0.00599768 -0.0116571
11.9 3.56746e-05 -0.000483728 -0.000189618 4.07822e-05 -0.00278713 -0.0120983
11.92 3.51038e-05 -0.000489376 -3.32583e-05 4.69159e-05 0.00112349 -0.0122396
11.94 3.37133e-05 -0.000484314 0.00015046 4.8198e-05 0.00571835 -0.012113
11.96 3.15852e-05 -0.000471363 0.000352271 4.86858e-05 0.0107657 -0.0117891
11.98 2.86786e-05 -0.000451795 0.000553329 5.28933e-05 0.0157943 -0.0112997
12 2.48787e-05 -0.000423514 0.000731645 6.44345e-05 0.0202541 -0.0105924
12.02 2.01354e-05 -0.000384465 0.000872094 8.45458e-05 0.0237672 -0.00961573
12.04 1.45698e-05 -0.000335067 0.000970211 0.000111311 0.0262218 -0.00838027
12.06 8.47365e-06 -0.000275857 0.00102818 0.00013963 0.0276725 -0.00689939
12.08 2.19181e-06 -0.000205571 0.00105253 0.000162146 0.0282822 -0.00514153
12.1 -4.01234e-06 -0.000122892 0.00105283 0.000171662 0.0282897 -0.00307368
12.12 -9.99256e-06 -2.93201e-05 0.00103839 0.00016414 0.0279285 -0.00073341
12.14 -1.56501e-05 6.99227e-05 0.00101613 0.000140271 0.0273716 0.00174869
12.16 -2.08386e-05 0.00016712 0.000989898 0.000104817 0.0267156 0.00417963
12.18 -2.53004e-05 0.000253768 0.000959187 6.46876e-05 0.0259475 0.00634675
12.2 -2.89518e-05 0.000322941 0.000918981 2.70198e-05 0.024942 0.00807678
12.22 -3.18623e-05 0.000372456 0.000862102 -2.231e-06 0.0235194 0.00931517
12.24 -3.40908e-05 0.000405795 0.000778404 -1.92515e-05 0.0214261 0.010149
12.26 -3.57067e-05 0.000428726 0.000656145 -2.31152e-05 0.0183683 0.0107225
12.28 -3.66967e-05 0.000445232 0.000489896 -1.6222e-05 0.0142104 0.0111353
12.3 -3.6967e-05 0.00045669 0.00028542 -4.00613e-06 0.00909636 0.0114219
12.32 -3.63118e-05 0.00046243 5.89199e-05 6.40985e-06 0.00343149 0.0115655
12.34 -3.44984e-05 0.000459668 -0.000166287 8.44268e-06 -0.00220104 0.0114964
12.36 -3.1368e-05 0.000444589 -0.000367292 -1.66615e-06 -0.00722825 0.0111193
12.38 -2.69229e-05 0.000415004 -0.000530241 -2.35649e-05 -0.0113037 0.0103793
12.4 -2.13715e-05 0.000371039 -0.000651692 -5.29432e-05 -0.0143413 0.00927973
12.42 -1.50656e-05 0.000312789 -0.000733595 -8.27692e-05 -0.0163899 0.00782288
12.44 -8.38694e-06 0.000239425 -0.000779874 -0.000105177 -0.0175475 0.00598802
12.46 -1.66238e-06 0.000151825 -0.000796182 -0.000113715 -0.0179554 0.0037971
12.48 4.83824e-06 5.49726e-05 -0.000790846 -0.000105304 -0.017822 0.00137479
12.5 1.08511e-05 -4.28264e-05 -0.00077413 -8.10325e-05 -0.0174039 -0.00107121
12.52 1.609e-05 -0.000131905 -0.000753296 -4.55683e-05 -0.0168829 -0.00329909
12.54 2.02614e-05 -0.000203332 -0.000728987 -5.82277e-06 -0.0162749 -0.00508552
12.56 2.32267e-05 -0.000252037 -0.000697061 3.06078e-05 -0.0154764 -0.00630365
12.58 2.50594e-05 -0.000278822 -0.000650194 5.69722e-05 -0.0143042 -0.00697357
12.6 2.58933e-05 -0.000288642 -0.000578034 6.8613e-05 -0.0124995 -0.00721915
12.62 2.58578e-05 -0.000288284 -0.000471397 6.39213e-05 -0.00983245 -0.00721021
12.64 2.50739e-05 -0.000285642 -0.00032838 4.51352e-05 -0.00625552 -0.00714412
12.66 2.36713e-05 -0.000287076 -0.000153472 1.82994e-05 -0.001881 -0.00717998
12.68 2.18066e-05 -0.00029418 4.64865e-05 -8.42249e-06 0.00312004 -0.00735768
12.7 1.96146e-05 -0.000304046 0.000260305 -2.73046e-05 0.00846774 -0.00760442
12.72 1.71773e-05 -0.000313025 0.000471035 -3.29037e-05 0.0137382 -0.007829
12.74 1.45499e-05 -0.000318667 0.000660659 -2.28012e-05 0.0184808 -0.0079701
12.76 1.17603e-05 -0.000316234 0.000813662 2.1113e-06 0.0223076 -0.00790924
12.78 8.78749e-06 -0.000296637 0.000915506 3.75946e-05 0.0248552 -0.00741912
12.8 5.56486e-06 -0.000252354 0.000956939 7.68251e-05 0.0258918 -0.00631158
12.82 2.05012e-06 -0.000184853 0.000944871 0.000112136 0.02559 -0.00462336
12.84 -1.69232e-06 -0.000103243 0.00090019 0.000136894 0.0244725 -0.00258225
12.86 -5.47668e-06 -1.9227e-05 0.000842585 0.000146879 0.0230318 -0.000480977
12.88 -9.05002e-06 5.5127e-05 0.000782332 0.000141416 0.0215249 0.00137865
12.9 -1.21159e-05 0.000111618 0.000723738 0.000123776 0.0200594 0.00279151
12.92 -1.46282e-05 0.000148205 0.000666035 9.98875e-05 0.0186162 0.00370658
12.94 -1.66433e-05 0.000165636 0.000599756 7.63809e-05 0.0169585 0.00414253
12.96 -1.80742e-05 0.000167804 0.000511164 5.90501e-05 0.0147428 0.00419675
12.98 -1.88429e-05 0.00016452 0.000391784 5.10445e-05 0.0117571 0.0041146
13 -1.89424e-05 0.000166211 0.000240392 5.14611e-05 0.0079707 0.00415692
13.02 -1.84763e-05 0.000176161 5.94734e-05 5.6341e-05 0.00344585 0.00440576
13.04 -1.75361e-05 0.00019115 -0.000143041 6.10167e-05 -0.00161912 0.00478065
13.06 -1.61201e-05 0.000206659 -0.000349179 6.12308e-05 -0.00677473 0.00516852
13.08 -1.4144e-05 0.000219459 -0.000535174 5.33472e-05 -0.0114265 0.00548866
13.1 -1.15502e-05 0.000226611 -0.00068245 3.51011e-05 -0.0151101 0.00566753
13.12 -8.39281e-06 0.000222754 -0.000781547 6.6123e-06 -0.0175887 0.00557108
13.14 -4.8293e-06 0.00020155 -0.000829561 -2.90844e-05 -0.0187897 0.00504075
13.16 -1.05477e-06 0.000160992 -0.000831184 -6.62788e-05 -0.0188303 0.00402636
13.18 2.73651e-06 0.000104614 -0.000800792 -9.78851e-05 -0.0180702 0.00261635
13.2 6.33249e-06 3.908e-05 -0.000756486 -0.000117715 -0.0169621 0.000977306
13.22 9.4887e-06 -2.69087e-05 -0.000709544 -0.000122844 -0.015788 -0.000673101
13.24 1.19781e-05 -8.456e-05 -0.000663127 -0.000114636 -0.0146271 -0.00211498
13.26 1.3651e-05 -0.000128007 -0.000616912 -9.76399e-05 -0.0134713 -0.0032016
13.28 1.4584e-05 -0.000156302 -0.000566153 -7.73303e-05 -0.0122018 -0.00390927
13.3 1.50564e-05 -0.000174076 -0.0005002 -5.8377e-05 -0.0105523 -0.00435381
13.32 1.53755e-05 -0.000189182 -0.000406791 -4.39244e-05 -0.00821607 -0.00473162
13.34 1.58179e-05 -0.000208065 -0.000277618 -3.54339e-05 -0.00498541 -0.00520389
13.36 1.65433e-05 -0.000232052 -0.000110719 -3.2642e-05 -0.000811188 -0.00580382
13.38 1.75336e-05 -0.00025856 8.84436e-05 -3.33496e-05 0.00416995 -0.00646681
13.4 1.85986e-05 -0.000285542 0.000306348 -3.31242e-05 0.00961984 -0.00714164
13.42 1.94592e-05 -0.000313588 0.000523288 -2.58045e-05 0.0150456 -0.00784307
13.44 1.9854e-05 -0.000343619 0.000717398 -5.58673e-06 0.0199005 -0.00859416
13.46 1.95789e-05 -0.000372195 0.000870343 3.00251e-05 0.0237261 -0.00930886
13.48 1.8458e-05 -0.000389482 0.000972593 7.8237e-05 0.0262842 -0.00974121
13.5 1.63362e-05 -0.000383339 0.00102211 0.000131339 0.0275235 -0.00958757
13.52 1.31622e-05 -0.000347575 0.00102029 0.000179454 0.0274779 -0.00869309
13.54 9.09342e-06 -0.000286058 0.000974812 0.000214188 0.0263405 -0.00715452
13.56 4.49088e-06 -0.000208621 0.0009026 0.000231023 0.0245345 -0.00521779
13.58 -2.16401e-07 -0.000124928 0.00082298 0.000229409 0.0225432 -0.00312461
13.6 -4.67511e-06 -4.15799e-05 0.000748416 0.000211562 0.0206783 -0.00104003
13.62 -8.77002e-06 3.73957e-05 0.000681652 0.000181413 0.0190085 0.00093518
13.64 -1.26329e-05 0.000109106 0.000615893 0.000144289 0.0173638 0.00272868
13.66 -1.63627e-05 0.00017161 0.000537084 0.000106714 0.0153928 0.00429194
13.68 -1.99062e-05 0.000224519 0.000434061 7.52577e-05 0.0128161 0.00561522
13.7 -2.3142e-05 0.000270613 0.000306575 5.40367e-05 0.00962766 0.00676804
13.72 -2.59899e-05 0.000316 0.000159776 4.22979e-05 0.00595615 0.00790318
13.74 -2.84661e-05 0.000366115 -4.00351e-06 3.44018e-05 0.00185997 0.00915658
13.76 -3.06013e-05 0.000421704 -0.000183156 2.28083e-05 -0.00262069 0.0105469
13.78 -3.23399e-05 0.000479479 -0.000369483 1.87724e-06 -0.00728082 0.0119919
13.8 -3.35224e-05 0.000534841 -0.000548529 -3.01553e-05 -0.0117589 0.0133765
13.82 -3.39394e-05 0.000581188 -0.00070448 -7.1548e-05 -0.0156594 0.0145357
13.84 -3.34077e-05 0.000608792 -0.000822307 -0.000118459 -0.0186067 0.015226
13.86 -3.18453e-05 0.000608572 -0.000892331 -0.000166035 -0.0203585 0.0152205
13.88 -2.9301e-05 0.000577859 -0.000916357 -0.000208657 -0.0209597 0.0144524
13.9 -2.59399e-05 0.000521196 -0.000907419 -0.000239758 -0.0207362 0.0130352
13.92 -2.19667e-05 0.000445526 -0.000882536 -0.000252493 -0.0201139 0.0111427
13.94 -1.75052e-05 0.000356341 -0.000854666 -0.000242075 -0.0194168 0.00891214
13.96 -1.25348e-05 0.000258192 -0.000829061 -0.000208669 -0.0187764 0.00645739
13.98 -7.02025e-06 0.000156089 -0.000804915 -0.000158404 -0.0181725 0.00390374
14 -1.04192e-06 5.57296e-05 -0.000779752 -0.000101267 -0.0175432 0.00139372
14.02 5.23494e-06 -3.55484e-05 -0.000749573 -4.73732e-05 -0.0167884 -0.000889182
14.04 1.1434e-05 -0.000109575 -0.00070614 -4.10485e-06 -0.0157021 -0.00274062
14.06 1.71255e-05 -0.00016544 -0.000638042 2.51401e-05 -0.0139989 -0.00413782
14.08 2.21525e-05 -0.000216865 -0.000530859 4.1365e-05 -0.0113183 -0.00542398
14.1 2.66417e-05 -0.000282749 -0.000371071 4.93129e-05 -0.0073219 -0.00707177
14.12 3.07901e-05 -0.000370495 -0.000158801 5.5232e-05 -0.00201292 -0.00926632
14.14 3.45163e-05 -0.000472664 8.49315e-05 6.47534e-05 0.00408292 -0.0118216
14.16 3.73965e-05 -0.000573135 0.000324607 8.21585e-05 0.0100773 -0.0143344
14.18 3.89571e-05 -0.000653518 0.000522248 0.000109512 0.0150204 -0.0163449
14.2 3.90024e-05 -0.000700526 0.00065076 0.000145154 0.0182346 -0.0175205
14.22 3.77201e-05 -0.000709756 0.000705784 0.000183491 0.0196108 -0.0177514
14.24 3.54614e-05 -0.000680753 0.000704607 0.000216463 0.0195814 -0.017026
14.26 3.23956e-05 -0.000613543 0.000676495 0.000235603 0.0188783 -0.0153451
14.28 2.84119e-05 -0.000513875 0.000651979 0.000234932 0.0182652 -0.0128523
14.3 2.33371e-05 -0.000397807 0.000647489 0.000214223 0.0181529 -0.00994941
14.32 1.72661e-05 -0.000284391 0.000657972 0.00017964 0.018415 -0.00711284
14.34 1.05415e-05 -0.000182405 0.000668383 0.000140223 0.0186754 -0.00456212
14.36 3.43518e-06 -9.04713e-05 0.000665901 0.000103247 0.0186133 -0.00226283
14.38 -3.86387e-06 -5.25503e-06 0.000638814 7.21859e-05 0.0179359 -0.000131537
14.4 -1.118e-05 7.93765e-05 0.000576224 4.69112e-05 0.0163705 0.00198513
14.42 -1.83169e-05 0.000172431 0.00047386 2.46366e-05 0.0138103 0.00431248
14.44 -2.50196e-05 0.000277133 0.000334663 2.1806e-06 0.0103289 0.00693111
14.46 -3.10613e-05 0.000387073 0.000166323 -2.15011e-05 0.00611869 0.00968076
14.48 -3.62711e-05 0.000492111 -1.69865e-05 -4.56073e-05 0.00153404 0.0123078
14.5 -4.04932e-05 0.000583232 -0.000196053 -6.99003e-05 -0.00294448 0.0145868
14.52 -4.35171e-05 0.000652702 -0.000354054 -9.53856e-05 -0.00689616 0.0163243
14.54 -4.50963e-05 0.000695498 -0.00047988 -0.000122721 -0.0100431 0.0173946
14.56 -4.50327e-05 0.000709919 -0.000567912 -0.000150736 -0.0122448 0.0177553
14.58 -4.32332e-05 0.000693729 -0.000619913 -0.000175811 -0.0135454 0.0173504
14.6 -3.97181e-05 0.000644522 -0.00064474 -0.000192216 -0.0141663 0.0161197
14.62 -3.46363e-05 0.000566745 -0.00065132 -0.000194572 -0.0143309 0.0141744
14.64 -2.82565e-05 0.000471851 -0.000642309 -0.000181195 -0.0141055 0.0118011
14.66 -2.09095e-05 0.000366416 -0.000614903 -0.000154542 -0.0134201 0.00916412
14.68 -1.29229e-05 0.000248071 -0.000565807 -0.000118423 -0.0121922 0.00620426
14.7 -4.60998e-06 0.000118358 -0.000497718 -7.62005e-05 -0.0104893 0.00296009
14.72 3.70585e-06 -1.20241e-05 -0.000420871 -3.15474e-05 -0.00856729 -0.000300827
14.74 1.16786e-05 -0.000134506 -0.000346258 1.11796e-05 -0.00670119 -0.00336414
14.76 1.90196e-05 -0.000248007 -0.000275245 4.78748e-05 -0.00492513 -0.00620285
14.78 2.56109e-05 -0.000351565 -0.000195362 7.4991e-05 -0.00292722 -0.00879288
14.8 3.1481e-05 -0.000441848 -9.048e-05 8.99687e-05 -0.000304075 -0.0110509
14.82 3.66286e-05 -0.000518163 4.50216e-05 9.34675e-05 0.00308487 -0.0129596
14.84 4.0811e-05 -0.000580682 0.000202909 9.07977e-05 0.0070337 -0.0145232
14.86 4.35551e-05 -0.000626773 0.000365501 8.96967e-05 0.0111002 -0.015676
14.88 4.44138e-05 -0.000654867 0.000511624 9.67284e-05 0.0147548 -0.0163786
14.9 4.32171e-05 -0.000665449 0.000626061 0.000115046 0.0176169 -0.0166433
14.92 4.01135e-05 -0.000654127 0.000704355 0.000142791 0.0195751 -0.0163601
14.94 3.53315e-05 -0.000610334 0.000744707 0.000172563 0.0205843 -0.0152648
14.96 2.90128e-05 -0.000527634 0.000743969 0.000194384 0.0205659 -0.0131965
14.98 2.13192e-05 -0.000411573 0.000707419 0.00020079 0.0196518 -0.0102937
15 1.2627e-05 -0.000276053 0.000650999 0.000189401 0.0182407 -0.00690431
15.02 3.58951e-06 -0.000136466 0.000587345 0.000161792 0.0166487 -0.00341318
15.04 -5.08941e-06 -4.91222e-06 0.000518984 0.000121446 0.0149389 -0.000122959
15.06 -1.29912e-05 0.000115042 0.000448235 7.25077e-05 0.0131694 0.00287715
15.08 -2.01218e-05 0.000227998 0.000381262 1.94233e-05 0.0114944 0.00570223
15.1 -2.66434e-05 0.000337186 0.000317762 -3.21871e-05 0.00990628 0.00843306
15.12 -3.25709e-05 0.000438549 0.000245078 -7.47502e-05 0.00808842 0.0109682
15.14 -3.77489e-05 0.000526385 0.000146336 -0.000100873 0.00561884 0.013165
15.16 -4.19911e-05 0.00059811 1.26527e-05 -0.000107619 0.00227536 0.0149589
15.18 -4.51724e-05 0.000650394 -0.000150022 -9.84502e-05 -0.0017932 0.0162665
15.2 -4.7144e-05 0.00067884 -0.000322708 -8.13779e-05 -0.00611216 0.016978
15.22 -4.76018e-05 0.000682071 -0.000482955 -6.59459e-05 -0.01012 0.0170588
15.24 -4.60714e-05 0.00066084 -0.000613853 -6.02038e-05 -0.0133938 0.0165278
15.26 -4.22279e-05 0.000615972 -0.000705452 -6.76327e-05 -0.0156848 0.0154056
15.28 -3.61593e-05 0.000549255 -0.000753051 -8.59734e-05 -0.0168753 0.013737
15.3 -2.82701e-05 0.000462629 -0.000759768 -0.000108877 -0.0170433 0.0115705
15.32 -1.9091e-05 0.000355411 -0.000736276 -0.000128193 -0.0164557 0.00888889
15.34 -9.13428e-06 0.000227926 -0.000693732 -0.000135792 -0.0153917 0.00570044
15.36 1.09062e-06 8.73037e-05 -0.00064045 -0.000125944 -0.0140591 0.0021834
15.38 1.10357e-05 -5.79604e-05 -0.000583454 -9.72407e-05 -0.0126336 -0.00144971
15.4 2.02237e-05 -0.000205894 -0.000527052 -5.22393e-05 -0.011223 -0.00514959
15.42 2.84144e-05 -0.000354969 -0.000470724 3.59609e-06 -0.00981418 -0.00887802
15.44 3.5574e-05 -0.000494612 -0.000410686 6.17954e-05 -0.00831259 -0.0123705
15.46 4.17123e-05 -0.000609594 -0.000339697 0.000111847 -0.00653713 -0.0152463
15.48 4.67408e-05 -0.000690488 -0.000246302 0.000144867 -0.00420127 -0.0172695
15.5 5.04404e-05 -0.000736034 -0.000119563 0.00015714 -0.00103148 -0.0184086
15.52 5.25752e-05 -0.000749502 4.19625e-05 0.000150956 0.00300834 -0.0187455
15.54 5.29919e-05 -0.000736878 0.00022332 0.00013352 0.00754416 -0.0184297
15.56 5.15955e-05 -0.000705647 0.00039788 0.000114625 0.01191 -0.0176486
15.58 4.81324e-05 -0.000661215 0.000542047 0.000102786 0.0155157 -0.0165374
15.6 4.24818e-05 -0.000603254 0.000644454 0.000101461 0.0180769 -0.0150877
15.62 3.47772e-05 -0.000527542 0.000704841 0.000108079 0.0195872 -0.0131942
15.64 2.54039e-05 -0.000433785 0.000730644 0.000116334 0.0202326 -0.0108492
15.66 1.50776e-05 -0.000327189 0.000734236 0.00011955 0.0203225 -0.00818323
15.68 4.54699e-06 -0.000210752 0.000727191 0.000112869 0.0201463 -0.00527111
15.7 -5.6061e-06 -8.20255e-05 0.000713972 9.38923e-05 0.0198156 -0.0020516
15.72 -1.50623e-05 5.89581e-05 0.000693682 6.29338e-05 0.0193082 0.00147446
15.74 -2.36439e-05 0.000204312 0.000666319 2.32986e-05 0.0186238 0.00510981
15.76 -3.11726e-05 0.000343404 0.000631887 -1.93336e-05 0.0177627 0.00858856
15.78 -3.73585e-05 0.000464073 0.000585138 -5.83144e-05 0.0165935 0.0116066
15.8 -4.18697e-05 0.000551436 0.00051979 -8.70425e-05 0.0149591 0.0137915
15.82 -4.45042e-05 0.000596276 0.000435774 -0.000100296 0.0128578 0.014913
15.84 -4.52755e-05 0.000602221 0.000334147 -9.66415e-05 0.0103161 0.0150617
15.86 -4.43712e-05 0.00058055 0.000213427 -7.96076e-05 0.00729681 0.0145197
15.88 -4.19921e-05 0.000541021 7.78296e-05 -5.58643e-05 0.00390546 0.0135311
15.9 -3.8193e-05 0.000489338 -6.03433e-05 -3.23512e-05 0.000449702 0.0122384
15.92 -3.30126e-05 0.000428559 -0.000190128 -1.44006e-05 -0.00279626 0.0107183
15.94 -2.65545e-05 0.000359828 -0.000305613 -4.706e-06 -0.00568458 0.00899934
15.96 -1.90805e-05 0.000284776 -0.000400965 -3.10528e-06 -0.0080694 0.00712225
15.98 -1.10694e-05 0.000207313 -0.000471587 -7.52714e-06 -0.00983568 0.00518487
16 -3.01838e-06 0.000129674 -0.000518854 -1.49717e-05 -0.0110179 0.00324309
16.02 4.72349e-06 4.67163e-05 -0.000546104 -2.14087e-05 -0.0116994 0.00116829
16.04 1.20263e-05 -5.06856e-05 -0.000553173 -2.18424e-05 -0.0118762 -0.00126778
16.06 1.88543e-05 -0.000163724 -0.000541177 -1.22103e-05 -0.0115761 -0.00409491
16.08 2.50747e-05 -0.000280617 -0.000515375 8.00897e-06 -0.0109308 -0.00701846
16.1 3.03621e-05 -0.000384328 -0.000478917 3.51002e-05 -0.010019 -0.00961232
16.12 3.43181e-05 -0.000461814 -0.000432124 6.28109e-05 -0.00884869 -0.0115503
16.14 3.66974e-05 -0.000506494 -0.000377629 8.47814e-05 -0.00748576 -0.0126677
16.16 3.7494e-05 -0.000518235 -0.000317709 9.65478e-05 -0.00598713 -0.0129614
16.18 3.6842e-05 -0.000502526 -0.000246949 9.67423e-05 -0.00421739 -0.0125685
16.2 3.48722e-05 -0.000465995 -0.000156226 8.67795e-05 -0.00194836 -0.0116548
16.22 3.16316e-05 -0.000413329 -4.25519e-05 6.92808e-05 0.000894667 -0.0103376
16.24 2.71483e-05 -0.000348987 8.99455e-05 4.71572e-05 0.00420848 -0.00872843
16.26 2.15373e-05 -0.000278335 0.000231848 2.40784e-05 0.00775753 -0.00696138
16.28 1.50086e-05 -0.000205828 0.000366993 4.65687e-06 0.0111376 -0.00514795
16.3 7.84358e-06 -0.000133446 0.000476632 -6.83671e-06 0.0138797 -0.00333766
16.32 3.36828e-07 -6.07195e-05 0.000551733 -8.40834e-06 0.015758 -0.00151873
16.34 -7.2445e-06 1.48816e-05 0.000595818 -1.6239e-06 0.0168606 0.000372087
16.36 -1.46307e-05 9.65692e-05 0.000614314 8.63862e-06 0.0173232 0.00241513
16.38 -2.15378e-05 0.000185255 0.00060981 1.63444e-05 0.0172105 0.00463319
16.4 -2.76891e-05 0.000276885 0.000586885 1.73925e-05 0.0166372 0.0069249
16.42 -3.2827e-05 0.000362725 0.000553162 1.14807e-05 0.0157937 0.0090718
16.44 -3.66959e-05 0.000433231 0.000514169 1.43535e-06 0.0148185 0.0108352
16.46 -3.90665e-05 0.000481659 0.000471812 -9.09022e-06 0.0137591 0.0120464
16.48 -3.98138e-05 0.000504833 0.00042671 -1.74471e-05 0.0126311 0.012626
16.5 -3.89695e-05 0.000503154 0.000376388 -2.2194e-05 0.0113725 0.012584
16.52 -3.66948e-05 0.000479704 0.000314128 -2.22763e-05 0.00981539 0.0119975
16.54 -3.32166e-05 0.000437164 0.000234675 -1.64414e-05 0.00782824 0.0109336
16.56 -2.87478e-05 0.000377232 0.000138277 -3.77673e-06 0.00541727 0.00943462
16.58 -2.34478e-05 0.000303813 2.77625e-05 1.46539e-05 0.00265326 0.00759839
16.6 -1.74635e-05 0.000222906 -9.28893e-05 3.46882e-05 -0.000364288 0.00557486
16.62 -1.0971e-05 0.000139052 -0.000214589 5.033e-05 -0.00340804 0.00347764
16.64 -4.17841e-06 5.56354e-05 -0.000323014 5.67122e-05 -0.0061198 0.00139136
16.66 2.71677e-06 -2.35094e-05 -0.000406557 5.22472e-05 -0.00820925 -0.000588087
16.68 9.54236e-06 -9.70712e-05 -0.000461955 3.9016e-05 -0.00959476 -0.0024279
16.7 1.60993e-05 -0.000166829 -0.000492203 2.1864e-05 -0.0103513 -0.00417257
16.72 2.21137e-05 -0.000233944 -0.000502403 6.4174e-06 -0.0106064 -0.00585115
16.74 2.7274e-05 -0.000298099 -0.000496481 -2.95638e-06 -0.0104583 -0.00745569
16.76 3.13168e-05 -0.000357596 -0.000476018 -3.92085e-06 -0.0099465 -0.00894374
16.78 3.40749e-05 -0.000407938 -0.000442991 3.73138e-06 -0.00912048 -0.0102028
16.8 3.5466e-05 -0.000443228 -0.000403431 1.77916e-05 -0.00813107 -0.0110854
16.82 3.54737e-05 -0.000459671 -0.000363271 3.39897e-05 -0.00712664 -0.0114967
16.84 3.41442e-05 -0.000455912 -0.000319173 4.73625e-05 -0.00602373 -0.0114027
16.86 3.16154e-05 -0.000431901 -0.000260579 5.36072e-05 -0.00455829 -0.0108021
16.88 2.81146e-05 -0.000389312 -0.00018147 5.00734e-05 -0.00257973 -0.00973696
16.9 2.38738e-05 -0.00033167 -8.47667e-05 3.66774e-05 -0.00016114 -0.00829533
16.92 1.9027e-05 -0.000263215 2.26002e-05 1.62704e-05 0.00252415 -0.00658322
16.94 1.35987e-05 -0.000187965 0.00013318 -6.00305e-06 0.00528981 -0.00470119
16.96 7.61288e-06 -0.000109748 0.000239527 -2.40619e-05 0.00794959 -0.00274495
16.98 1.19547e-06 -3.16244e-05 0.000335386 -3.27023e-05 0.0103471 -0.000791048
17 -5.42949e-06 4.51053e-05 0.00041476 -2.95533e-05 0.0123322 0.00112799
17.02 -1.20151e-05 0.000119826 0.000471659 -1.59934e-05 0.0137553 0.0029968
17.04 -1.83355e-05 0.000191129 0.000504639 3.85811e-06 0.0145801 0.00478012
17.06 -2.41594e-05 0.000257598 0.000518734 2.50589e-05 0.0149327 0.00644253
17.08 -2.9207e-05 0.000318241 0.00052145 4.31076e-05 0.0150006 0.00795924
17.1 -3.31687e-05 0.000370965 0.000517936 5.44535e-05 0.0149127 0.00927787
17.12 -3.57952e-05 0.000412103 0.000509532 5.68802e-05 0.0147025 0.0103067
17.14 -3.69734e-05 0.000437536 0.000496188 4.99348e-05 0.0143688 0.0109428
17.16 -3.67207e-05 0.000444014 0.000477932 3.53481e-05 0.0139122 0.0111049
17.18 -3.51188e-05 0.000430412 0.000452748 1.70567e-05 0.0132823 0.0107647
17.2 -3.22764e-05 0.000397673 0.000416463 1.46562e-07 0.0123748 0.00994586
17.22 -2.83249e-05 0.000347829 0.000367141 -1.10534e-05 0.0111413 0.00869924
17.24 -2.3437e-05 0.000283969 0.000306111 -1.44721e-05 0.00961488 0.00710207
17.26 -1.78242e-05 0.000209677 0.000234068 -1.04878e-05 0.00781304 0.005244
17.28 -1.16943e-05 0.000127525 0.00015107 -9.88908e-07 0.00573723 0.00318934
17.3 -5.23402e-06 4.05832e-05 6.03361e-05 1.16641e-05 0.00346794 0.00101489
17.32 1.37055e-06 -4.51074e-05 -3.12264e-05 2.48719e-05 0.00117793 -0.00112826
17.34 7.89965e-06 -0.000122821 -0.000116285 3.56954e-05 -0.00094943 -0.00307192
17.36 1.40958e-05 -0.000189362 -0.000189971 4.15007e-05 -0.00279234 -0.00473614
17.38 1.97053e-05 -0.000245971 -0.00025027 4.11917e-05 -0.00430046 -0.00615194
17.4 2.45365e-05 -0.00029627 -0.000296432 3.59582e-05 -0.00545497 -0.00740996
17.42 2.8473e-05 -0.000342482 -0.000327203 2.8882e-05 -0.00622457 -0.00856572
17.44 3.14251e-05 -0.000382655 -0.000342211 2.33873e-05 -0.00659992 -0.00957048
17.46 3.32761e-05 -0.000412276 -0.000344722 2.14272e-05 -0.00666272 -0.0103113
17.48 3.38876e-05 -0.000427158 -0.000340212 2.28166e-05 -0.00654993 -0.0106835
17.5 3.31739e-05 -0.00042487 -0.000331334 2.60479e-05 -0.00632789 -0.0106263
17.52 3.11806e-05 -0.000405419 -0.000315774 2.95856e-05 -0.00593872 -0.0101398
17.54 2.80674e-05 -0.000370014 -0.000289029 3.25086e-05 -0.00526982 -0.0092543
17.56 2.40002e-05 -0.000318582 -0.000247882 3.41267e-05 -0.00424073 -0.00796797
17.58 1.90628e-05 -0.000250604 -0.000191654 3.3384e-05 -0.00283443 -0.00626782
17.6 1.32802e-05 -0.00016831 -0.000121789 2.92589e-05 -0.00108708 -0.00420962
17.62 6.73724e-06 -7.66401e-05 -4.18153e-05 2.19002e-05 0.000913094 -0.00191691
17.64 -3.38888e-07 1.87798e-05 4.31835e-05 1.3023e-05 0.00303895 0.000469582
17.66 -7.61347e-06 0.00011277 0.000128421 5.04336e-06 0.00517077 0.00282032
17.68 -1.47516e-05 0.000201308 0.000210146 -3.01321e-07 0.00721474 0.00503469
17.7 -2.14897e-05 0.000281993 0.000284812 -2.92218e-06 0.00908219 0.00705266
17.72 -2.76269e-05 0.000353749 0.00034875 -4.26494e-06 0.0106813 0.00884731
17.74 -3.29777e-05 0.000415868 0.00039841 -6.12399e-06 0.0119233 0.0104009
17.76 -3.73388e-05 0.000466726 0.000430611 -9.41992e-06 0.0127287 0.0116729
17.78 -4.04918e-05 0.000502732 0.000444764 -1.39584e-05 0.0130826 0.0125734
17.8 -4.22302e-05 0.000519444 0.000444975 -1.90771e-05 0.0130879 0.0129914
17.82 -4.23929e-05 0.000514101 0.000436666 -2.43275e-05 0.0128801 0.0128578
17.84 -4.08872e-05 0.000486988 0.00042141 -2.94754e-05 0.0124985 0.0121797
17.86 -3.77124e-05 0.00044102 0.000397006 -3.3829e-05 0.0118882 0.01103
17.88 -3.29951e-05 0.000379844 0.000361306 -3.56527e-05 0.0109953 0.00949994
17.9 -2.69291e-05 0.000305678 0.000314494 -3.24191e-05 0.00982454 0.00764504
17.92 -1.97199e-05 0.000219097 0.000257831 -2.19301e-05 0.00840736 0.00547961
17.94 -1.15999e-05 0.000120509 0.000192083 -3.6129e-06 0.00676298 0.00301387
17.96 -2.86531e-06 1.15015e-05 0.000118577 2.0926e-05 0.00492457 0.00028755
17.98 6.09198e-06 -0.000103781 3.98087e-05 4.8436e-05 0.00295454 -0.00259571
18 1.48311e-05 -0.000218197 -4.14969e-05 7.50736e-05 0.000921056 -0.0054573
18.02 2.29534e-05 -0.00032447 -0.000121848 9.72973e-05 -0.00108856 -0.00811524
18.04 3.01807e-05 -0.000418735 -0.000196444 0.000112495 -0.00295423 -0.0104729
18.06 3.63586e-05 -0.000499683 -0.000260949 0.000119301 -0.00456754 -0.0124974
18.08 4.13917e-05 -0.000565367 -0.000312461 0.000117558 -0.00585587 -0.0141402
18.1 4.51659e-05 -0.000612613 -0.000348144 0.000108284 -0.00674832 -0.0153218
18.12 4.75263e-05 -0.000638611 -0.000366134 9.3807e-05 -0.00719826 -0.015972
18.14 4.83276e-05 -0.000641856 -0.000368519 7.74584e-05 -0.0072579 -0.0160532
18.16 4.74936e-05 -0.000622408 -0.000360019 6.25344e-05 -0.00704531 -0.0155668
18.18 4.50265e-05 -0.000582746 -0.000343318 5.12377e-05 -0.00662762 -0.0145748
18.2 4.10239e-05 -0.000526953 -0.000317293 4.42268e-05 -0.00597671 -0.0131794
18.22 3.56295e-05 -0.000457548 -0.000279448 4.05489e-05 -0.00503019 -0.0114436
18.24 2.89883e-05 -0.000374409 -0.000228709 3.7833e-05 -0.00376119 -0.00936422
18.26 2.12709e-05 -0.000277212 -0.000165623 3.31118e-05 -0.0021834 -0.0069333
18.28 1.27042e-05 -0.000167682 -9.17334e-05 2.40652e-05 -0.000335379 -0.0041939
18.3 3.61382e-06 -4.96047e-05 -9.16518e-06 9.83576e-06 0.00172969 -0.00124074
18.32 -5.60377e-06 7.20031e-05 7.97596e-05 -8.92032e-06 0.00395373 0.00180072
18.34 -1.45577e-05 0.000191843 0.000172079 -3.04204e-05 0.00626269 0.00479796
18.36 -2.29324e-05 0.000305164 0.000263319 -5.23108e-05 0.00854463 0.00763217
18.38 -3.05012e-05 0.000407882 0.00034771 -7.21793e-05 0.0106553 0.0102012
18.4 -3.70917e-05 0.000496179 0.000420358 -8.77816e-05 0.0124722 0.0124095
18.42 -4.2541e-05 0.000566323 0.000478572 -9.71264e-05 0.0139282 0.0141639
18.44 -4.66765e-05 0.000614757 0.000520696 -9.88011e-05 0.0149817 0.0153752
18.46 -4.93407e-05 0.000638896 0.000545214 -9.25122e-05 0.0155949 0.0159789
18.48 -5.04361e-05 0.000638425 0.000551647 -7.94012e-05 0.0157558 0.0159672
18.5 -4.99421e-05 0.000615542 0.000541758 -6.17578e-05 0.0155085 0.0153948
18.52 -4.78723e-05 0.000574218 0.000518508 -4.21573e-05 0.014927 0.0143613
18.54 -4.42283e-05 0.000519003 0.000483794 -2.25152e-05 0.0140588 0.0129804
18.56 -3.91018e-05 0.000453685 0.000437799 -3.62482e-06 0.0129084 0.0113467
18.58 -3.26622e-05 0.000380125 0.000380124 1.46773e-05 0.011466 0.00950698
18.6 -2.51357e-05 0.000298019 0.00031123 3.30156e-05 0.0097429 0.00745348
18.62 -1.68278e-05 0.000206027 0.00023275 5.19611e-05 0.00778009 0.0051527
18.64 -8.06735e-06 0.000103379 0.000147311 7.15767e-05 0.00564323 0.00258545
18.66 7.97335e-07 -8.32717e-06 5.84995e-05 9.10766e-05 0.00342201 -0.000208373
18.68 9.42092e-06 -0.000124315 -2.97793e-05 0.000108754 0.00121412 -0.00310928
18.7 1.74693e-05 -0.000237526 -0.000114142 0.000122312 -0.000895817 -0.00594072
18.72 2.46435e-05 -0.000340512 -0.00019146 0.000129522 -0.00282958 -0.00851645
18.74 3.07059e-05 -0.000426981 -0.000258107 0.000128972 -0.00449645 -0.0106791
18.76 3.5494e-05 -0.000492147 -0.000310732 0.000120519 -0.00581261 -0.0123089
18.78 3.89021e-05 -0.000532951 -0.000347674 0.000105275 -0.00673655 -0.0133294
18.8 4.08508e-05 -0.000548356 -0.000369296 8.52532e-05 -0.00727733 -0.0137147
18.82 4.12789e-05 -0.000539383 -0.00037729 6.2942e-05 -0.00747727 -0.0134903
18.84 4.01722e-05 -0.000509001 -0.000373399 4.08775e-05 -0.00737995 -0.0127304
18.86 3.75868e-05 -0.000461851 -0.000358522 2.11769e-05 -0.00700788 -0.0115512
18.88 3.3669e-05 -0.00040369 -0.000332499 5.08214e-06 -0.00635702 -0.0100966
18.9 2.86456e-05 -0.000339587 -0.000294591 -7.32917e-06 -0.00540893 -0.00849331
18.92 2.27477e-05 -0.000271607 -0.000244556 -1.71137e-05 -0.00415753 -0.0067931
18.94 1.61748e-05 -0.000198546 -0.00018362 -2.60106e-05 -0.00263349 -0.00496582
18.96 9.11102e-06 -0.000118436 -0.00011456 -3.56002e-05 -0.000906284 -0.00296224
18.98 1.7681e-06 -3.13784e-05 -4.07521e-05 -4.64442e-05 0.000939685 -0.000784893
19 -5.57752e-06 5.98282e-05 3.43879e-05 -5.77788e-05 0.00281897 0.00149622
19.02 -1.26092e-05 0.000150742 0.000108077 -6.7917e-05 0.00466197 0.00377001
19.04 -1.90374e-05 0.000236799 0.000178914 -7.49244e-05 0.00643363 0.00592234
19.06 -2.46582e-05 0.000314518 0.000246001 -7.71488e-05 0.00811149 0.00786611
19.08 -2.93557e-05 0.000381137 0.000307798 -7.34888e-05 0.00965708 0.00953229
19.1 -3.3057e-05 0.000433401 0.000361812 -6.34228e-05 0.011008 0.0108394
19.12 -3.56883e-05 0.00046745 0.000405068 -4.69915e-05 0.0120898 0.011691
19.14 -3.71742e-05 0.000480558 0.000435066 -2.50101e-05 0.0128401 0.0120188
19.16 -3.74776e-05 0.00047332 0.000450543 5.51295e-07 0.0132272 0.0118378
19.18 -3.66244e-05 0.000448992 0.000451885 2.65503e-05 0.0132607 0.0112294
19.2 -3.46748e-05 0.000410984 0.000440587 4.94173e-05 0.0129782 0.0102788
19.22 -3.16776e-05 0.000362145 0.000418704 6.62715e-05 0.0124309 0.0090573
19.24 -2.76717e-05 0.000304907 0.000388672 7.5713e-05 0.0116798 0.00762574
19.26 -2.27132e-05 0.000240827 0.000352911 7.81007e-05 0.0107854 0.00602307
19.28 -1.6927e-05 0.000170792 0.000313145 7.53259e-05 0.00979079 0.00427148
19.3 -1.05406e-05 9.6166e-05 0.000269756 7.00235e-05 0.00870563 0.00240504
19.32 -3.85472e-06 1.88419e-05 0.000222267 6.46048e-05 0.0075179 0.000471137
19.34 2.81046e-06 -5.96506e-05 0.000170304 6.07454e-05 0.00621829 -0.00149199
19.36 9.16606e-06 -0.000137675 0.000113952 5.92807e-05 0.00480889 -0.00344343
19.38 1.49685e-05 -0.000212256 5.38924e-05 6.00413e-05 0.00330678 -0.00530873
19.4 2.00122e-05 -0.000279206 -8.09848e-06 6.17256e-05 0.00175637 -0.00698317
19.42 2.41319e-05 -0.000334629 -6.85752e-05 6.22334e-05 0.000243818 -0.00836933
19.44 2.72219e-05 -0.000375764 -0.000122465 5.93962e-05 -0.001104 -0.00939812
19.46 2.92418e-05 -0.000400276 -0.000165169 5.16953e-05 -0.00217203 -0.0100112
19.48 3.01877e-05 -0.000406247 -0.000195561 3.87887e-05 -0.00293215 -0.0101605
19.5 3.00534e-05 -0.000393828 -0.000215727 2.18394e-05 -0.0034365 -0.00984991
19.52 2.88184e-05 -0.000365485 -0.000228325 3.37913e-06 -0.00375158 -0.00914104
19.54 2.64843e-05 -0.000324368 -0.000235335 -1.35318e-05 -0.00392692 -0.00811267
19.56 2.31215e-05 -0.000273416 -0.000237993 -2.63985e-05 -0.0039934 -0.00683836
19.58 1.88669e-05 -0.000215435 -0.000236037 -3.39249e-05 -0.00394447 -0.00538823
19.6 1.38992e-05 -0.000152835 -0.00022739 -3.60786e-05 -0.00372822 -0.00382257
19.62 8.42166e-06 -8.7348e-05 -0.000209762 -3.38347e-05 -0.00328733 -0.00218472
19.64 2.66425e-06 -2.07692e-05 -0.000181969 -2.86599e-05 -0.00259222 -0.000519553
19.66 -3.11249e-06 4.50301e-05 -0.000143953 -2.19516e-05 -0.00164141 0.00112611
19.68 -8.64232e-06 0.000109097 -9.64958e-05 -1.48738e-05 -0.000454488 0.00272845
19.7 -1.36918e-05 0.000170842 -4.10461e-05 -8.46899e-06 0.000932331 0.00427271
19.72 -1.8084e-05 0.000228224 2.01739e-05 -3.47681e-06 0.00246347 0.00570786
19.74 -2.16952e-05 0.000277441 8.40553e-05 8.39424e-08 0.00406117 0.00693881
19.76 -2.44427e-05 0.000315065 0.000147104 2.95991e-06 0.00563805 0.00787979
19.78 -2.62767e-05 0.00033922 0.000206278 6.21934e-06 0.00711802 0.00848393
19.8 -2.71792e-05 0.000348534 0.000259404 1.07614e-05 0.00844673 0.00871688
19.82 -2.71572e-05 0.000341909 0.000305255 1.69468e-05 0.00959348 0.00855118
19.84 -2.6226e-05 0.000319355 0.000343324 2.43247e-05 0.0105456 0.00798709
19.86 -2.43972e-05 0.000282276 0.000373287 3.17526e-05 0.011295 0.00705974
19.88 -2.16891e-05 0.000233254 0.000394595 3.79711e-05 0.0118279 0.00583368
19.9 -1.81498e-05 0.00017564 0.000406362 4.2098e-05 0.0121222 0.00439273
19.92 -1.38786e-05 0.000113065 0.000407631 4.3727e-05 0.0121539 0.0028277
19.94 -9.02781e-06 4.86265e-05 0.000398205 4.29008e-05 0.0119182 0.00121606
19.96 -3.78434e-06 -1.58639e-05 0.000378923 4.01803e-05 0.0114359 -0.000396869
19.98 1.6492e-06 -7.97153e-05 0.000350374 3.66562e-05 0.0107219 -0.00199382
20 7.06576e-06 -0.000142688 0.00031208 3.37472e-05 0.00976416 -0.00356878
20.02 1.22574e-05 -0.000204335 0.000263656 3.28319e-05 0.00855305 -0.0051106
20.04 1.7025e-05 -0.000263375 0.000205946 3.47855e-05 0.00710972 -0.00658722
20.06 2.11997e-05 -0.000317297 0.000140963 3.95381e-05 0.00548446 -0.00793583
20.08 2.46576e-05 -0.000362834 7.14955e-05 4.59589e-05 0.00374704 -0.00907473
20.1 2.73104e-05 -0.000396633 7.168e-07 5.22589e-05 0.00197684 -0.00992007
20.12 2.90798e-05 -0.000415633 -6.84364e-05 5.66746e-05 0.000247289 -0.0103953
20.14 2.98827e-05 -0.000417765 -0.000133308 5.80537e-05 -0.00137518 -0.0104486
20.16 2.96426e-05 -0.000402533 -0.000190699 5.61403e-05 -0.00281056 -0.0100676
20.18 2.83142e-05 -0.000371094 -0.000237228 5.14722e-05 -0.00397427 -0.00928133
20.2 2.59006e-05 -0.000325646 -0.000271256 4.49727e-05 -0.00482532 -0.00814464
20.22 2.24559e-05 -0.000268963 -0.000293024 3.75484e-05 -0.00536974 -0.00672697
20.24 1.80781e-05 -0.000204152 -0.000302792 2.99488e-05 -0.00561404 -0.00510603
20.26 1.29178e-05 -0.000134163 -0.000300546 2.27633e-05 -0.00555788 -0.00335558
20.28 7.1896e-06 -6.14045e-05 -0.000287133 1.63168e-05 -0.0052224 -0.00153586
20.3 1.15278e-06 1.27576e-05 -0.000264336 1.04776e-05 -0.00465225 0.000318966
20.32 -4.93155e-06 8.77234e-05 -0.000233197 4.58571e-06 -0.00387343 0.00219389
20.34 -1.08311e-05 0.000162276 -0.000192633 -2.28309e-06 -0.00285891 0.00405849
20.36 -1.6335e-05 0.000233278 -0.000140741 -1.07381e-05 -0.00156109 0.00583427
20.38 -2.12405e-05 0.000296501 -7.71711e-05 -2.05907e-05 2.88311e-05 0.00741552
20.4 -2.53695e-05 0.000348956 -3.85856e-06 -3.09114e-05 0.00186241 0.00872744
20.42 -2.86016e-05 0.000389062 7.58945e-05 -4.04695e-05 0.00385707 0.00973049
20.44 -3.088e-05 0.0004153 0.000158591 -4.8039e-05 0.00592534 0.0103867
20.46 -3.21814e-05 0.000426465 0.000240721 -5.25551e-05 0.00797943 0.010666
20.48 -3.24839e-05 0.00042246 0.000318013 -5.33523e-05 0.00991254 0.0105658
20.5 -3.17644e-05 0.000403816 0.000385535 -5.02758e-05 0.0116013 0.0100995
20.52 -3.00282e-05 0.000371299 0.000439178 -4.35404e-05 0.0129429 0.00928622
20.54 -2.73348e-05 0.000326259 0.000476812 -3.36755e-05 0.0138842 0.00815978
20.56 -2.37829e-05 0.000270724 0.000498562 -2.16184e-05 0.0144282 0.0067708
20.58 -1.94886e-05 0.000206957 0.00050642 -8.5895e-06 0.0146247 0.00517596
20.6 -1.45779e-05 0.000137116 0.000502578 4.28599e-06 0.0145286 0.00342923
20.62 -9.1944e-06 6.2934e-05 0.000488086 1.63178e-05 0.0141661 0.0015739
20.64 -3.50935e-06 -1.42426e-05 0.000463364 2.74453e-05 0.0135478 -0.000356321
20.66 2.28454e-06 -9.27381e-05 0.000428624 3.82208e-05 0.012679 -0.00231953
20.68 7.99339e-06 -0.000170049 0.000383541 4.94522e-05 0.0115514 -0.0042531
20.7 1.34331e-05 -0.000242732 0.000327853 6.16379e-05 0.0101587 -0.00607094
20.72 1.84256e-05 -0.000307097 0.000262337 7.45787e-05 0.00852006 -0.00768074
20.74 2.27983e-05 -0.000360646 0.00018867 8.74418e-05 0.00667761 -0.00902002
20.76 2.63931e-05 -0.000402066 0.000109292 9.91397e-05 0.00469235 -0.010056
20.78 2.90755e-05 -0.00042973 2.77449e-05 0.000108579 0.00265282 -0.0107478
20.8 3.07416e-05 -0.000441891 -5.1856e-05 0.00011466 0.000661972 -0.011052
20.82 3.13268e-05 -0.000438479 -0.000125497 0.000116351 -0.00117981 -0.0109667
20.84 3.0813e-05 -0.000420889 -0.000189459 0.000112909 -0.00277955 -0.0105267
20.86 2.92272e-05 -0.000390414 -0.000241072 0.000104016 -0.0040704 -0.00976452
20.88 2.66345e-05 -0.000347947 -0.00027931 8.99129e-05 -0.00502674 -0.0087024
20.9 2.3126e-05 -0.000294388 -0.000304559 7.15695e-05 -0.00565824 -0.00736287
20.92 1.88107e-05 -0.000231127 -0.000318167 5.05572e-05 -0.00599858 -0.00578068
20.94 1.38283e-05 -0.000160313 -0.000321615 2.85831e-05 -0.00608482 -0.0040096
20.96 8.35908e-06 -8.45418e-05 -0.00031555 7.0917e-06 -0.00593311 -0.00211453
20.98 2.61627e-06 -6.56464e-06 -0.000300011 -1.28529e-05 -0.0055445 -0.000164292
21 -3.17472e-06 7.08111e-05 -0.000275586 -3.05387e-05 -0.0049336 0.00177091
21.02 -8.79568e-06 0.000144886 -0.0002434 -4.55577e-05 -0.00412863 0.00362354
21.04 -1.40392e-05 0.000212981 -0.000204242 -5.77498e-05 -0.00314925 0.00532662
21.06 -1.86989e-05 0.000272231 -0.000158432 -6.71234e-05 -0.00200353 0.00680852
21.08 -2.25687e-05 0.000319907 -0.000106019 -7.37603e-05 -0.000692677 0.00800089
21.1 -2.54669e-05 0.000354007 -4.72015e-05 -7.77156e-05 0.000778381 0.00885375
21.12 -2.72728e-05 0.000373224 1.66498e-05 -7.88798e-05 0.00237533 0.00933439
21.14 -2.79468e-05 0.000376667 8.23693e-05 -7.68334e-05 0.004019 0.00942048
21.16 -2.7517e-05 0.000364103 0.000145791 -7.08888e-05 0.00560522 0.00910625
21.18 -2.60424e-05 0.000335869 0.000203233 -6.03999e-05 0.00704185 0.00840011
21.2 -2.35885e-05 0.00029277 0.000252037 -4.5155e-05 0.00826247 0.00732219
21.22 -2.02285e-05 0.000236396 0.000290581 -2.56699e-05 0.00922646 0.00591225
21.24 -1.60603e-05 0.000169278 0.000318574 -3.25071e-06 0.00992658 0.0042336
21.26 -1.12239e-05 9.48891e-05 0.000337034 2.0283e-05 0.0103883 0.00237311
21.28 -5.8962e-06 1.69445e-05 0.00034756 4.31109e-05 0.0106515 0.000423681
21.3 -2.70166e-07 -6.16517e-05 0.000351243 6.38681e-05 0.0107436 -0.00154204
21.32 5.46051e-06 -0.000139257 0.000348661 8.18204e-05 0.0106791 -0.00348299
21.34 1.11025e-05 -0.000214817 0.000340794 9.67457e-05 0.0104823 -0.00537277
21.36 1.64538e-05 -0.000286526 0.000328899 0.000108654 0.0101848 -0.00716624
21.38 2.13024e-05 -0.00035156 0.000313478 0.000117549 0.00979913 -0.00879277
21.4 2.54408e-05 -0.000406819 0.00029391 0.000123394 0.00930973 -0.0101748
21.42 2.86909e-05 -0.00044951 0.000268861 0.000126172 0.00868323 -0.0112425
21.44 3.09265e-05 -0.000477458 0.000237002 0.000125871 0.00788642 -0.0119415
21.46 3.20816e-05 -0.000489412 0.00019837 0.000122391 0.00692022 -0.0122405
21.48 3.21413e-05 -0.000485007 0.000154991 0.000115512 0.0058353 -0.0121303
21.5 3.11143e-05 -0.00046367 0.000109698 0.000104905 0.0047025 -0.0115967
21.52 2.90118e-05 -0.000424458 6.50327e-05 9.02383e-05 0.00358541 -0.010616
21.54 2.58552e-05 -0.000368026 2.32749e-05 7.1544e-05 0.00254103 -0.0092046
21.56 2.17041e-05 -0.000297536 -1.35241e-05 4.96925e-05 0.00162067 -0.00744162
21.58 1.66891e-05 -0.000217793 -4.39893e-05 2.6384e-05 0.000858721 -0.0054472
21.6 1.10148e-05 -0.00013374 -6.77225e-05 3.59676e-06 0.000265143 -0.003345
21.62 4.91634e-06 -4.85378e-05 -8.53595e-05 -1.70656e-05 -0.000175964 -0.00121406
21.64 -1.3907e-06 3.71892e-05 -9.83603e-05 -3.47992e-05 -0.000501121 0.00093001
21.66 -7.71988e-06 0.00012365 -0.00010817 -4.95853e-05 -0.000746469 0.00309242
21.68 -1.38796e-05 0.000209311 -0.000115433 -6.16789e-05 -0.000928116 0.00523486
21.7 -1.96405e-05 0.000290573 -0.000120184 -7.1083e-05 -0.00104695 0.00726725
21.72 -2.47485e-05 0.000362947 -0.0001222 -7.75436e-05 -0.00109735 0.00907735
21.74 -2.89812e-05 0.000422446 -0.000120467 -8.08874e-05 -0.00105401 0.0105654
21.76 -3.21993e-05 0.000466873 -0.000112785 -8.12455e-05 -0.000861881 0.0116766
21.78 -3.43489e-05 0.000495464 -9.75286e-05 -7.899e-05 -0.000480319 0.0123916
21.8 -3.54225e-05 0.000507969 -7.60282e-05 -7.44121e-05 5.7415e-05 0.0127044
21.82 -3.54242e-05 0.000504409 -5.18119e-05 -6.74041e-05 0.000663074 0.0126154
21.84 -3.43587e-05 0.000484788 -2.79105e-05 -5.74858e-05 0.00126086 0.0121246
21.86 -3.22445e-05 0.000449028 -5.91551e-06 -4.419e-05 0.00181096 0.0112303
21.88 -2.91306e-05 0.000397816 1.34954e-05 -2.75623e-05 0.00229644 0.00994945
21.9 -2.5102e-05 0.000333781 3.04497e-05 -8.49261e-06 0.00272047 0.00834789
21.92 -2.029e-05 0.000260975 4.53515e-05 1.14148e-05 0.00309317 0.00652699
21.94 -1.48698e-05 0.000182949 5.80527e-05 3.04879e-05 0.00341083 0.00457552
21.96 -9.03235e-06 0.000101513 6.83577e-05 4.76524e-05 0.00366857 0.00253876
21.98 -2.95603e-06 1.67566e-05 7.67577e-05 6.2564e-05 0.00387865 0.000418982
22 3.20109e-06 -7.10576e-05 8.37816e-05 7.522e-05 0.00405433 -0.00177729
22.02 9.27246e-06 -0.000159161 8.95069e-05 8.54259e-05 0.00419752 -0.0039808
22.04 1.50503e-05 -0.000242521 9.4135e-05 9.2586e-05 0.00431327 -0.00606567
22.06 2.02905e-05 -0.000316016 9.79377e-05 9.60841e-05 0.00440837 -0.0079038
22.08 2.47619e-05 -0.000376287 0.000100686 9.59182e-05 0.00447711 -0.00941121
22.1 2.82989e-05 -0.000422019 0.000101728 9.2922e-05 0.00450318 -0.010555
22.12 3.08142e-05 -0.000453424 0.000100894 8.83596e-05 0.00448231 -0.0113404
22.14 3.227e-05 -0.000471253 9.89749e-05 8.32594e-05 0.00443432 -0.0117864
22.16 3.26354e-05 -0.000475034 9.69121e-05 7.78931e-05 0.00438272 -0.0118809
22.18 3.18673e-05 -0.000462847 9.47253e-05 7.16841e-05 0.00432803 -0.0115761
22.2 2.99326e-05 -0.000432817 9.14481e-05 6.37026e-05 0.00424607 -0.010825
22.22 2.68553e-05 -0.000384927 8.65085e-05 5.34113e-05 0.00412253 -0.00962729
22.24 2.27357e-05 -0.000321786 8.08051e-05 4.10436e-05 0.00397988 -0.00804811
22.26 1.7739e-05 -0.000247317 7.62788e-05 2.73718e-05 0.00386668 -0.0061856
22.28 1.20575e-05 -0.000165262 7.46115e-05 1.32011e-05 0.00382498 -0.00413339
22.3 5.87335e-06 -7.84254e-05 7.60314e-05 -9.0218e-07 0.00386049 -0.00196156
22.32 -6.38217e-07 1.11067e-05 7.93202e-05 -1.44948e-05 0.00394274 0.000277677
22.34 -7.27647e-06 0.000100898 8.27889e-05 -2.69715e-05 0.0040295 0.00252339
22.36 -1.37913e-05 0.000187938 8.50124e-05 -3.74674e-05 0.00408511 0.00470029
22.38 -1.99044e-05 0.000269431 8.4997e-05 -4.517e-05 0.00408472 0.00673847
22.4 -2.53649e-05 0.000343567 8.27211e-05 -4.98293e-05 0.0040278 0.00859265
22.42 -2.99929e-05 0.000408822 7.96267e-05 -5.19161e-05 0.00395041 0.0102247
22.44 -3.36724e-05 0.000462645 7.77805e-05 -5.21724e-05 0.00390424 0.0115708
22.46 -3.63182e-05 0.000502011 7.85672e-05 -5.09962e-05 0.00392391 0.0125554
22.48 -3.78603e-05 0.000524763 8.22889e-05 -4.82675e-05 0.00401699 0.0131244
22.5 -3.82603e-05 0.000529988 8.80741e-05 -4.36442e-05 0.00416168 0.0132551
22.52 -3.75238e-05 0.000517286 9.37764e-05 -3.69527e-05 0.0043043 0.0129374
22.54 -3.56854e-05 0.000486572 9.68189e-05 -2.84168e-05 0.00438039 0.0121693
22.56 -3.27939e-05 0.000439398 9.54586e-05 -1.86851e-05 0.00434637 0.0109894
22.58 -2.89053e-05 0.00037921 8.93237e-05 -8.64739e-06 0.00419293 0.00948409
22.6 -2.4105e-05 0.000309937 7.92194e-05 9.29307e-07 0.00394022 0.00775155
22.62 -1.8543e-05 0.000234827 6.66844e-05 9.68432e-06 0.00362672 0.005873
22.64 -1.24374e-05 0.000156069 5.28982e-05 1.76508e-05 0.00328192 0.00390324
22.66 -6.04698e-06 7.46544e-05 3.76614e-05 2.51259e-05 0.00290084 0.00186703
22.68 3.76478e-07 -9.32788e-06 2.04309e-05 3.2613e-05 0.0024699 -0.000233401
22.7 6.61468e-06 -9.4933e-05 2.19028e-06 4.06317e-05 0.00201369 -0.00237442
22.72 1.2483e-05 -0.000179117 -1.49487e-05 4.92841e-05 0.00158504 -0.0044799
22.74 1.78169e-05 -0.000257645 -2.99379e-05 5.80093e-05 0.00121015 -0.00644392
22.76 2.24602e-05 -0.000326119 -4.31517e-05 6.58282e-05 0.000879669 -0.00815649
22.78 2.62618e-05 -0.000380333 -5.50955e-05 7.17851e-05 0.000580949 -0.00951239
22.8 2.90838e-05 -0.000416893 -6.60122e-05 7.52817e-05 0.000307919 -0.0104268
22.82 3.08146e-05 -0.00043431 -7.57221e-05 7.62406e-05 6.50701e-05 -0.0108624
22.84 3.13799e-05 -0.000433382 -8.30849e-05 7.49874e-05 -0.000119075 -0.0108392
22.86 3.07472e-05 -0.000416249 -8.60001e-05 7.18528e-05 -0.000191987 -0.0104107
22.88 2.89242e-05 -0.000385341 -8.20981e-05 6.68774e-05 -9.43971e-05 -0.00963764
22.9 2.59657e-05 -0.000342972 -6.98551e-05 5.99409e-05 0.000211808 -0.00857798
22.92 2.19864e-05 -0.00029116 -4.96255e-05 5.10889e-05 0.000717757 -0.00728214
22.94 1.71486e-05 -0.000231402 -2.35345e-05 4.06522e-05 0.00137031 -0.00578756
22.96 1.16563e-05 -0.000164722 5.82286e-06 2.91125e-05 0.00210454 -0.00411988
22.98 5.7464e-06 -9.21307e-05 3.66736e-05 1.69332e-05 0.00287613 -0.00230433
23 -3.35219e-07 -1.49977e-05 6.86189e-05 4.50649e-06 0.0036751 -0.000375206
23.02 -6.35682e-06 6.48048e-05 0.000102027 -7.76812e-06 0.00451064 0.00162069
23.04 -1.21184e-05 0.000144551 0.000136527 -1.93181e-05 0.00537352 0.00361518
23.06 -1.74485e-05 0.000220248 0.00017074 -2.92768e-05 0.00622918 0.00550838
23.08 -2.2187e-05 0.000287101 0.000203517 -3.66032e-05 0.00704895 0.0071804
23.1 -2.61727e-05 0.000341075 0.000234361 -4.05005e-05 0.00782037 0.00853032
23.12 -2.92528e-05 0.000380136 0.00026277 -4.08745e-05 0.00853089 0.00950724
23.14 -3.13065e-05 0.000403803 0.000287969 -3.84249e-05 0.00916113 0.0100992
23.16 -3.22655e-05 0.000412278 0.000309185 -3.4256e-05 0.00969175 0.0103111
23.18 -3.21106e-05 0.000406046 0.000325428 -2.93299e-05 0.010098 0.0101553
23.2 -3.08532e-05 0.000385632 0.000334792 -2.41059e-05 0.0103322 0.00964471
23.22 -2.85374e-05 0.000351804 0.000334941 -1.85128e-05 0.0103359 0.00879867
23.24 -2.52546e-05 0.000305892 0.000324741 -1.22497e-05 0.0100808 0.00765038
23.26 -2.11409e-05 0.000249928 0.000304915 -5.17493e-06 0.00958497 0.00625068
23.28 -1.63634e-05 0.000186117 0.000277351 2.58232e-06 0.00889557 0.00465477
23.3 -1.10952e-05 0.000116347 0.00024414 1.08612e-05 0.00806495 0.00290978
23.32 -5.50439e-06 4.24782e-05 0.000206602 1.97146e-05 0.00712611 0.00106229
23.34 2.37648e-07 -3.3445e-05 0.000164522 2.93792e-05 0.00607367 -0.000836579
23.36 5.94405e-06 -0.000109022 0.000116997 4.00235e-05 0.00488505 -0.00272679
23.38 1.14137e-05 -0.000181354 6.43709e-05 5.14339e-05 0.00356886 -0.00453584
23.4 1.64484e-05 -0.000247129 8.55922e-06 6.28248e-05 0.00217298 -0.0061809
23.42 2.08716e-05 -0.000303207 -4.76685e-05 7.29819e-05 0.000766702 -0.00758345
23.44 2.45329e-05 -0.00034737 -0.000101064 8.0727e-05 -0.000568737 -0.00868798
23.46 2.73004e-05 -0.00037822 -0.000148563 8.53547e-05 -0.00175672 -0.00945955
23.48 2.90592e-05 -0.000394879 -0.000188621 8.67264e-05 -0.00275858 -0.00987621
23.5 2.97256e-05 -0.000397219 -0.000221643 8.50885e-05 -0.00358448 -0.00993473
23.52 2.92671e-05 -0.000385886 -0.000248359 8.08151e-05 -0.00425265 -0.00965127
23.54 2.77109e-05 -0.000361646 -0.000268454 7.41623e-05 -0.00475522 -0.00904502
23.56 2.51434e-05 -0.000324959 -0.00028081 6.51585e-05 -0.00506426 -0.00812746
23.58 2.16887e-05 -0.000276678 -0.000284098 5.37884e-05 -0.0051465 -0.00691993
23.6 1.74851e-05 -0.000218529 -0.000277109 4.03424e-05 -0.0049717 -0.00546562
23.62 1.26785e-05 -0.00015258 -0.000259278 2.55472e-05 -0.00452573 -0.0038162
23.64 7.42419e-06 -8.12087e-05 -0.00023114 1.04082e-05 -0.00382199 -0.00203117
23.66 1.89442e-06 -7.31927e-06 -0.00019388 -3.99782e-06 -0.00289012 -0.000183165
23.68 -3.72256e-06 6.6124e-05 -0.000148694 -1.67366e-05 -0.00175998 0.00165368
23.7 -9.22788e-06 0.000136697 -9.70213e-05 -2.72667e-05 -0.000467631 0.00341874
23.72 -1.4417e-05 0.00020217 -4.07268e-05 -3.55028e-05 0.000940317 0.00505624
23.74 -1.90865e-05 0.000260054 1.81364e-05 -4.15862e-05 0.00241251 0.00650394
23.76 -2.30487e-05 0.000308326 7.72053e-05 -4.56757e-05 0.00388985 0.00771126
23.78 -2.61476e-05 0.000345538 0.000133848 -4.79394e-05 0.0053065 0.00864193
23.8 -2.82697e-05 0.000370062 0.000185965 -4.85023e-05 0.00660998 0.0092553
23.82 -2.93484e-05 0.000380323 0.000233007 -4.73255e-05 0.00778651 0.00951194
23.84 -2.93635e-05 0.0003757 0.000275409 -4.42462e-05 0.00884701 0.00939631
23.86 -2.83406e-05 0.00035675 0.00031289 -3.90907e-05 0.00978441 0.00892236
23.88 -2.63512e-05 0.000324573 0.000344101 -3.16508e-05 0.010565 0.0081176
23.9 -2.35044e-05 0.000280473 0.000367026 -2.16749e-05 0.0111384 0.00701464
23.92 -1.99249e-05 0.00022628 0.000378766 -9.08404e-06 0.011432 0.00565925
23.94 -1.57365e-05 0.00016431 0.000376457 5.75899e-06 0.0113743 0.00410936
23.96 -1.10608e-05 9.71569e-05 0.000359794 2.19853e-05 0.0109575 0.00242983
23.98 -6.03013e-06 2.77485e-05 0.000331692 3.83383e-05 0.0102547 0.000693895
24 -8.01372e-07 -4.08463e-05 0.000296083 5.34185e-05 0.00936406 -0.00102169
24.02 4.44187e-06 -0.000106326 0.000255975 6.6097e-05 0.00836095 -0.00265937
24.04 9.50169e-06 -0.000167982 0.000212872 7.59477e-05 0.00728292 -0.00420142
24.06 1.41861e-05 -0.000225713 0.000166675 8.33027e-05 0.00612752 -0.00564527
24.08 1.83285e-05 -0.000278732 0.000116387 8.87937e-05 0.00486981 -0.00697131
24.1 2.17961e-05 -0.000325124 6.19921e-05 9.27607e-05 0.00350936 -0.00813159
24.12 2.44857e-05 -0.000361635 5.63074e-06 9.49135e-05 0.00209974 -0.00904476
24.14 2.63189e-05 -0.000384533 -4.95686e-05 9.43889e-05 0.00071918 -0.00961743
24.16 2.72483e-05 -0.000391601 -0.000100771 9.02717e-05 -0.000561402 -0.00979421
24.18 2.72689e-05 -0.000383656 -0.000145375 8.23399e-05 -0.00167697 -0.00959549
24.2 2.64176e-05 -0.000363457 -0.000181245 7.13779e-05 -0.00257409 -0.00909031
24.22 2.4753e-05 -0.000333401 -0.000207377 5.8713e-05 -0.00322767 -0.0083386
24.24 2.23312e-05 -0.000294623 -0.000223493 4.54619e-05 -0.00363073 -0.00736875
24.26 1.9198e-05 -0.000247506 -0.000228819 3.21563e-05 -0.00376394 -0.00619034
24.28 1.54166e-05 -0.000192976 -0.000222552 1.89036e-05 -0.0036072 -0.00482653
24.3 1.11079e-05 -0.000133254 -0.000205091 5.84671e-06 -0.0031705 -0.00333284
24.32 6.45162e-06 -7.10655e-05 -0.000177989 -6.49722e-06 -0.00249268 -0.00177749
24.34 1.64571e-06 -8.56014e-06 -0.00014369 -1.73767e-05 -0.00163484 -0.0002142
24.36 -3.13852e-06 5.28849e-05 -0.000104797 -2.62906e-05 -0.000662114 0.00132257
24.38 -7.76473e-06 0.000112149 -6.28114e-05 -3.3304e-05 0.000387972 0.00280479
24.4 -1.21064e-05 0.000167988 -1.78897e-05 -3.89062e-05 0.00151148 0.00420134
24.42 -1.60227e-05 0.000218753 3.01006e-05 -4.35509e-05 0.00271174 0.005471
24.44 -1.93622e-05 0.000261898 8.06144e-05 -4.718e-05 0.00397511 0.00655006
24.46 -2.19918e-05 0.000294232 0.000132426 -4.90505e-05 0.00527095 0.00735877
24.48 -2.38266e-05 0.000313532 0.000183717 -4.80795e-05 0.00655374 0.00784146
24.5 -2.48408e-05 0.000320111 0.000231852 -4.35237e-05 0.00775762 0.00800601
24.52 -2.50541e-05 0.000315998 0.000273291 -3.54103e-05 0.00879404 0.00790315
24.54 -2.45056e-05 0.000302662 0.000304198 -2.4362e-05 0.00956704 0.00756959
24.56 -2.32317e-05 0.000280579 0.000321933 -1.11654e-05 0.0100106 0.00701729
24.58 -2.12652e-05 0.000250168 0.000325914 3.39004e-06 0.0101102 0.00625669
24.6 -1.86493e-05 0.000212214 0.000317348 1.84285e-05 0.00989591 0.00530745
24.62 -1.54566e-05 0.000168026 0.000298757 3.29251e-05 0.00943095 0.00420229
24.64 -1.17982e-05 0.000119367 0.000272755 4.57522e-05 0.00878064 0.00298532
24.66 -7.81104e-06 6.78866e-05 0.000240678 5.59303e-05 0.00797836 0.00169777
24.68 -3.63812e-06 1.46125e-05 0.000202793 6.30773e-05 0.00703085 0.000365357
24.7 5.82422e-07 -3.94544e-05 0.000159224 6.76337e-05 0.00594117 -0.000986879
24.72 4.71372e-06 -9.2401e-05 0.000110076 7.04803e-05 0.00471196 -0.0023111
24.74 8.61682e-06 -0.000141913 5.55266e-05 7.22703e-05 0.00334765 -0.00354942
24.76 1.21575e-05 -0.000186093 -3.29158e-06 7.30895e-05 0.00187659 -0.00465437
24.78 1.52206e-05 -0.000223328 -6.37545e-05 7.25572e-05 0.000364385 -0.00558563
24.8 1.77215e-05 -0.000252146 -0.000122335 7.01534e-05 -0.00110073 -0.00630637
24.82 1.9605e-05 -0.000271679 -0.000175695 6.56045e-05 -0.00243529 -0.0067949
24.84 2.08363e-05 -0.000282006 -0.00022147 5.90838e-05 -0.00358013 -0.0070532
24.86 2.1394e-05 -0.000283641 -0.000257869 5.1031e-05 -0.0044905 -0.00709408
24.88 2.12716e-05 -0.000276921 -0.000283063 4.18264e-05 -0.00512061 -0.00692603
24.9 2.04805e-05 -0.000261922 -0.000296021 3.17169e-05 -0.00544469 -0.00655089
24.92 1.90504e-05 -0.000238909 -0.000297328 2.10066e-05 -0.00547738 -0.00597533
24.94 1.70267e-05 -0.000208775 -0.000288361 1.02273e-05 -0.00525312 -0.00522166
24.96 1.44698e-05 -0.00017285 -0.000270169 1.08341e-07 -0.00479813 -0.00432315
24.98 1.14613e-05 -0.000132643 -0.0002432 -8.64092e-06 -0.00412363 -0.00331755
25 8.10809e-06 -8.98003e-05 -0.000207398 -1.55788e-05 -0.00322821 -0.00224605
25.02 4.53428e-06 -4.58435e-05 -0.000162352 -2.06393e-05 -0.00210157 -0.00114667
25.04 8.67078e-07 -2.00873e-06 -0.000108114 -2.40236e-05 -0.000745054 -5.03462e-05
25.06 -2.77246e-06 4.06124e-05 -4.60807e-05 -2.59378e-05 0.000806414 0.00101563
25.08 -6.27002e-06 8.09506e-05 2.14661e-05 -2.63827e-05 0.00249579 0.0020245
25.1 -9.51435e-06 0.000117888 9.23171e-05 -2.51814e-05 0.0042678 0.00294833
25.12 -1.23964e-05 0.000150182 0.000164413 -2.21898e-05 0.00607094 0.00375601
25.14 -1.4817e-05 0.000176536 0.000235547 -1.74777e-05 0.00785003 0.00441512
25.16 -1.67022e-05 0.000196006 0.000303591 -1.13559e-05 0.00955186 0.00490208
25.18 -1.80115e-05 0.000208023 0.000366534 -4.25549e-06 0.0111261 0.00520262
25.2 -1.87331e-05 0.000212124 0.000422023 3.46717e-06 0.0125139 0.00530519
25.22 -1.88687e-05 0.000208003 0.000467541 1.16114e-05 0.0136523 0.00520212
25.24 -1.84228e-05 0.000195652 0.00050116 1.99902e-05 0.0144931 0.00489323
25.26 -1.7406e-05 0.00017563 0.000521831 2.82289e-05 0.0150101 0.00439248
25.28 -1.58485e-05 0.000149388 0.000528912 3.5727e-05 0.0151872 0.00373615
25.3 -1.3811e-05 0.000119073 0.000521766 4.183e-05 0.0150085 0.00297795
25.32 -1.13796e-05 8.65368e-05 0.000500253 4.6131e-05 0.0144704 0.00216422
25.34 -8.64906e-06 5.27367e-05 0.000465316 4.87218e-05 0.0135966 0.00131886
25.36 -5.70987e-06 1.82062e-05 0.000418407 5.01452e-05 0.0124234 0.000455237
25.38 -2.65317e-06 -1.62936e-05 0.000360821 5.10421e-05 0.0109832 -0.000407618
25.4 4.12376e-07 -4.96165e-05 0.000293892 5.18119e-05 0.00930928 -0.00124104
25.42 3.35449e-06 -8.04176e-05 0.00021907 5.25245e-05 0.00743796 -0.00201138
25.44 6.03716e-06 -0.000107427 0.000137729 5.3022e-05 0.00540357 -0.00268691
25.46 8.35101e-06 -0.000129543 5.15323e-05 5.3031e-05 0.00324776 -0.00324004
25.48 1.02294e-05 -0.000145846 -3.70978e-05 5.21847e-05 0.00103108 -0.00364776
25.5 1.1641e-05 -0.000155925 -0.000125115 4.99952e-05 -0.00117027 -0.00389985
25.52 1.25722e-05 -0.000159881 -0.000208846 4.59062e-05 -0.00326441 -0.00399879
25.54 1.30176e-05 -0.000157883 -0.000284127 3.94691e-05 -0.00514722 -0.00394883
25.56 1.29812e-05 -0.000149919 -0.00034713 3.05795e-05 -0.00672294 -0.00374965
25.58 1.2481e-05 -0.000136128 -0.000394981 1.96655e-05 -0.00791973 -0.00340473
25.6 1.15488e-05 -0.000117334 -0.000425921 7.71068e-06 -0.00869356 -0.00293467
25.62 1.02271e-05 -9.49951e-05 -0.000439366 -3.95435e-06 -0.00902981 -0.00237597
25.64 8.56651e-06 -7.06697e-05 -0.000436114 -1.40074e-05 -0.00894849 -0.00176759
25.66 6.62166e-06 -4.52271e-05 -0.000417968 -2.14724e-05 -0.00849463 -0.00113126
25.68 4.44759e-06 -1.88239e-05 -0.000386835 -2.59227e-05 -0.00771598 -0.000470901
25.7 2.10214e-06 8.57956e-06 -0.000344363 -2.75087e-05 -0.00665375 0.000214471
25.72 -3.48071e-07 3.68022e-05 -0.000291903 -2.68511e-05 -0.0053417 0.000920331
25.74 -2.8231e-06 6.48653e-05 -0.000230132 -2.48306e-05 -0.00379678 0.0016222
25.76 -5.22835e-06 9.11464e-05 -0.000158825 -2.23049e-05 -0.00201338 0.0022795
25.78 -7.46276e-06 0.000114022 -7.7787e-05 -1.98751e-05 1.34268e-05 0.00285164
25.8 -9.43596e-06 0.000132234 1.19225e-05 -1.77754e-05 0.0022571 0.00330711
25.82 -1.10874e-05 0.000145039 0.000107636 -1.58372e-05 0.00465093 0.00362737
25.84 -1.23943e-05 0.000152492 0.00020529 -1.35414e-05 0.0070933 0.00381378
25.86 -1.33597e-05 0.000155411 0.00029958 -1.01989e-05 0.00945154 0.00388678
25.88 -1.3992e-05 0.000154326 0.000384688 -5.16936e-06 0.0115801 0.00385966
25.9 -1.42903e-05 0.000149062 0.000455901 1.95962e-06 0.0133612 0.003728
25.92 -1.42418e-05 0.000139383 0.000510627 1.11565e-05 0.0147299 0.00348593
25.94 -1.38263e-05 0.000125268 0.000548114 2.17855e-05 0.0156675 0.0031329
25.96 -1.30249e-05 0.00010697 0.000569042 3.27287e-05 0.0161909 0.00267526
25.98 -1.18326e-05 8.52378e-05 0.000575252 4.27233e-05 0.0163462 0.00213173
26 -1.02671e-05 6.12261e-05 0.000568627 5.06978e-05 0.0161805 0.00153118
26.02 -8.36836e-06 3.59939e-05 0.000549886 5.60577e-05 0.0157118 0.000900116
26.04 -6.19442e-06 9.97698e-06 0.000518891 5.88693e-05 0.0149366 0.000249421
26.06 -3.81862e-06 -1.68925e-05 0.000475793 5.97931e-05 0.0138587 -0.000422594
26.08 -1.32518e-06 -4.42491e-05 0.000421584 5.97474e-05 0.0125029 -0.0011068
26.1 1.18866e-06 -7.06184e-05 0.000357531 5.94909e-05 0.0109009 -0.0017663
26.12 3.61045e-06 -9.43094e-05 0.000284416 5.93758e-05 0.00907226 -0.00235883
26.14 5.82439e-06 -0.000114567 0.000202799 5.93788e-05 0.00703099 -0.00286547
26.16 7.73452e-06 -0.000131064 0.000113918 5.92089e-05 0.00480805 -0.00327806
26.18 9.28914e-06 -0.00014343 2.06037e-05 5.83087e-05 0.00247422 -0.00358735
26.2 1.04837e-05 -0.00015155 -7.2009e-05 5.58822e-05 0.000157938 -0.00379043
26.22 1.13373e-05 -0.000155272 -0.000157491 5.1047e-05 -0.00198 -0.00388353
26.24 1.18635e-05 -0.000154095 -0.000230708 4.30587e-05 -0.0038112 -0.00385408
26.26 1.20604e-05 -0.000147912 -0.000288876 3.1687e-05 -0.005266 -0.00369945
26.28 1.19242e-05 -0.000137845 -0.000330735 1.76847e-05 -0.00631291 -0.00344767
26.3 1.14681e-05 -0.000125673 -0.000356147 2.85117e-06 -0.00694848 -0.00314324
26.32 1.07268e-05 -0.000112704 -0.000365986 -1.0592e-05 -0.00719455 -0.00281889
26.34 9.73959e-06 -9.93155e-05 -0.000361538 -2.08619e-05 -0.0070833 -0.00248403
26.36 8.52971e-06 -8.49947e-05 -0.000344174 -2.71177e-05 -0.00664902 -0.00212586
26.38 7.10241e-06 -6.87772e-05 -0.000315365 -2.94588e-05 -0.00592849 -0.00172025
26.4 5.46734e-06 -5.0118e-05 -0.000276726 -2.85569e-05 -0.00496213 -0.00125358
26.42 3.65911e-06 -2.93468e-05 -0.000229857 -2.52124e-05 -0.00378992 -0.000734084
26.44 1.73636e-06 -7.4675e-06 -0.000175762 -2.01879e-05 -0.00243697 -0.000186872
26.46 -2.32688e-07 1.44341e-05 -0.000114393 -1.43423e-05 -0.000902105 0.000360897
26.48 -2.18267e-06 3.5459e-05 -4.50751e-05 -8.69025e-06 0.000831564 0.000886737
26.5 -4.05183e-06 5.44326e-05 3.21445e-05 -4.09214e-06 0.00276286 0.00136128
26.52 -5.77952e-06 7.00084e-05 0.00011529 -7.65008e-07 0.00484237 0.00175083
26.54 -7.30994e-06 8.13343e-05 0.000200231 1.92026e-06 0.00696677 0.0020341
26.56 -8.60065e-06 8.82693e-05 0.000281517 5.15865e-06 0.00899977 0.00220754
26.58 -9.62856e-06 9.12225e-05 0.000353754 1.01242e-05 0.0108065 0.00228141
26.6 -1.03884e-05 9.11271e-05 0.000412599 1.73718e-05 0.0122782 0.00227902
26.62 -1.08831e-05 8.92483e-05 0.000455259 2.65387e-05 0.0133451 0.00223203
26.64 -1.11117e-05 8.64492e-05 0.000480814 3.65464e-05 0.0139843 0.00216202
26.66 -1.10606e-05 8.26125e-05 0.000490235 4.61273e-05 0.0142199 0.00206607
26.68 -1.07054e-05 7.68851e-05 0.000485609 5.42316e-05 0.0141042 0.00192282
26.7 -1.00247e-05 6.85879e-05 0.000469027 6.01022e-05 0.0136895 0.00171531
26.72 -9.01648e-06 5.77755e-05 0.000442379 6.31986e-05 0.013023 0.00144488
26.74 -7.70683e-06 4.48754e-05 0.000407458 6.32439e-05 0.0121496 0.00112224
26.76 -6.14574e-06 3.02099e-05 0.000365309 6.04185e-05 0.0110954 0.000755454
26.78 -4.39678e-06 1.41273e-05 0.000315624 5.54784e-05 0.0098528 0.000353224
26.8 -2.53704e-06 -2.74748e-06 0.000257068 4.95973e-05 0.0083883 -6.88227e-05
26.82 -6.6154e-07 -1.95782e-05 0.00018851 4.39636e-05 0.00667362 -0.000489766
26.84 1.12659e-06 -3.54357e-05 0.000110206 3.93119e-05 0.00471521 -0.000886369
26.86 2.74177e-06 -4.94024e-05 2.43142e-05 3.56128e-05 0.00256702 -0.00123568
26.88 4.1404e-06 -6.08614e-05 -6.50316e-05 3.21161e-05 0.000332445 -0.00152228
26.9 5.32188e-06 -6.96141e-05 -0.000152146 2.77622e-05 -0.00184633 -0.00174119
26.92 6.30556e-06 -7.54768e-05 -0.000230882 2.16981e-05 -0.00381553 -0.00188781
26.94 7.10362e-06 -7.81671e-05 -0.000296055 1.36244e-05 -0.00544555 -0.0019551
26.96 7.70861e-06 -7.7797e-05 -0.000344558 3.93112e-06 -0.00665862 -0.00194584
26.98 8.09751e-06 -7.50618e-05 -0.000375558 -6.34576e-06 -0.00743395 -0.00187743
27 8.24101e-06 -7.06894e-05 -0.000390067 -1.57823e-05 -0.00779683 -0.00176808
27.02 8.10949e-06 -6.49985e-05 -0.000390123 -2.29707e-05 -0.00779824 -0.00162575
27.04 7.67726e-06 -5.81276e-05 -0.000377963 -2.6875e-05 -0.00749411 -0.0014539
27.06 6.93069e-06 -5.02214e-05 -0.000355727 -2.70634e-05 -0.00693796 -0.00125617
27.08 5.88083e-06 -4.13009e-05 -0.00032518 -2.38441e-05 -0.00617398 -0.00103306
27.1 4.57163e-06 -3.11522e-05 -0.000287223 -1.82338e-05 -0.00522466 -0.000779237
27.12 3.07242e-06 -1.95281e-05 -0.000241622 -1.16664e-05 -0.00408416 -0.000488514
27.14 1.4617e-06 -6.35745e-06 -0.000187458 -5.54404e-06 -0.0027295 -0.000159109
27.16 -1.87792e-07 8.37524e-06 -0.000124132 -8.42543e-07 -0.00114568 0.000209361
27.18 -1.81666e-06 2.42786e-05 -5.21285e-05 2.13687e-06 0.000655156 0.00060711
27.2 -3.37795e-06 4.00299e-05 2.66538e-05 3.87941e-06 0.00262553 0.00100106
27.22 -4.83453e-06 5.37597e-05 0.000108896 5.53479e-06 0.00468244 0.00134445
27.24 -6.15827e-06 6.41495e-05 0.000190075 8.47521e-06 0.00671276 0.0016043
27.26 -7.33066e-06 7.10985e-05 0.00026522 1.37133e-05 0.00859218 0.0017781
27.28 -8.33906e-06 7.51979e-05 0.000330117 2.14998e-05 0.0102153 0.00188062
27.3 -9.16532e-06 7.69466e-05 0.00038192 3.125e-05 0.0115109 0.00192436
27.32 -9.77513e-06 7.67174e-05 0.000419252 4.1718e-05 0.0124446 0.00191863
27.34 -1.01209e-05 7.49963e-05 0.000442115 5.13098e-05 0.0130164 0.00187558
27.36 -1.016e-05 7.21696e-05 0.000451414 5.84768e-05 0.013249 0.00180488
27.38 -9.87282e-06 6.82288e-05 0.000448547 6.20879e-05 0.0131773 0.00170632
27.4 -9.26757e-06 6.28714e-05 0.000435261 6.16499e-05 0.012845 0.00157233
27.42 -8.36883e-06 5.56505e-05 0.000413294 5.73757e-05 0.0122956 0.00139173
27.44 -7.20838e-06 4.60086e-05 0.000383637 5.01712e-05 0.0115538 0.00115059
27.46 -5.82619e-06 3.35898e-05 0.000346291 4.14927e-05 0.0106198 0.000839989
27.48 -4.27672e-06 1.86722e-05 0.000300803 3.2991e-05 0.00948213 0.000466893
27.5 -2.63149e-06 2.13344e-06 0.000246776 2.60545e-05 0.00813089 5.32512e-05
27.52 -9.69424e-07 -1.48195e-05 0.000184298 2.14604e-05 0.00656827 -0.000370748
27.54 6.38766e-07 -3.08287e-05 0.000114454 1.92187e-05 0.00482145 -0.000771145
27.56 2.14057e-06 -4.46278e-05 3.96574e-05 1.86212e-05 0.00295076 -0.00111627
27.58 3.50075e-06 -5.539e-05 -3.64302e-05 1.85126e-05 0.00104778 -0.00138543
27.6 4.69403e-06 -6.29324e-05 -0.000109392 1.769e-05 -0.000777032 -0.00157407
27.62 5.70005e-06 -6.75962e-05 -0.000174795 1.52565e-05 -0.00241279 -0.00169072
27.64 6.50308e-06 -6.99412e-05 -0.000228909 1.08368e-05 -0.00376619 -0.00174936
27.66 7.09163e-06 -7.05081e-05 -0.000269231 4.6661e-06 -0.00477466 -0.00176354
27.68 7.45463e-06 -6.98056e-05 -0.000294824 -2.4415e-06 -0.00541476 -0.00174597
27.7 7.57657e-06 -6.8198e-05 -0.000306279 -9.26374e-06 -0.00570127 -0.00170577
27.72 7.43744e-06 -6.56696e-05 -0.000305246 -1.44698e-05 -0.00567543 -0.00164253
27.74 7.02034e-06 -6.19174e-05 -0.000293806 -1.69682e-05 -0.0053893 -0.00154869
27.76 6.32198e-06 -5.66213e-05 -0.000273902 -1.61911e-05 -0.0048915 -0.00141623
27.78 5.35923e-06 -4.94695e-05 -0.000246841 -1.22542e-05 -0.00421467 -0.00123736
27.8 4.16796e-06 -4.00869e-05 -0.000213 -5.95671e-06 -0.00336832 -0.0010027
27.82 2.79655e-06 -2.82375e-05 -0.000171987 1.43062e-06 -0.00234255 -0.000706339
27.84 1.30292e-06 -1.41694e-05 -0.000123173 8.55406e-06 -0.00112169 -0.000354488
27.86 -2.45538e-07 1.28141e-06 -6.63462e-05 1.43736e-05 0.000299567 3.19417e-05
27.88 -1.77749e-06 1.69477e-05 -2.24017e-06 1.84047e-05 0.00190288 0.000423762
27.9 -3.23023e-06 3.16882e-05 6.71646e-05 2.07587e-05 0.00363873 0.000792428
27.92 -4.56129e-06 4.45265e-05 0.000138641 2.2022e-05 0.00542639 0.00111352
27.94 -5.74924e-06 5.47376e-05 0.000208098 2.30267e-05 0.00716354 0.0013689
27.96 -6.78442e-06 6.20098e-05 0.000271247 2.45653e-05 0.00874291 0.00155078
27.98 -7.65751e-06 6.64494e-05 0.000324338 2.71269e-05 0.0100707 0.00166182
28 -8.3533e-06 6.84387e-05 0.000364779 3.07401e-05 0.0110822 0.00171157
28.02 -8.84999e-06 6.84968e-05 0.000391475 3.49494e-05 0.0117499 0.00171303
28.04 -9.12152e-06 6.71289e-05 0.000404797 3.89261e-05 0.012083 0.00167881
28.06 -9.14096e-06 6.46809e-05 0.000406191 4.17078e-05 0.0121179 0.00161759
28.08 -8.88552e-06 6.12705e-05 0.00039759 4.25093e-05 0.0119028 0.00153229
28.1 -8.34357e-06 5.67902e-05 0.000380804 4.09901e-05 0.011483 0.00142024
28.12 -7.52259e-06 5.09498e-05 0.000357058 3.73827e-05 0.0108891 0.00127417
28.14 -6.4539e-06 4.33689e-05 0.000326788 3.24433e-05 0.010132 0.00108457
28.16 -5.18946e-06 3.37466e-05 0.00028977 2.72338e-05 0.00920618 0.000843909
28.18 -3.79425e-06 2.20718e-05 0.000245538 2.27997e-05 0.00809992 0.000551917
28.2 -2.33833e-06 8.75026e-06 0.000193937 1.9854e-05 0.00680935 0.000218741
28.22 -8.88672e-07 -5.44096e-06 0.000135611 1.85769e-05 0.0053506 -0.000136188
28.24 4.98261e-07 -1.95127e-05 7.22868e-05 1.85876e-05 0.00376684 -0.000488129
28.26 1.78166e-06 -3.24373e-05 6.78507e-06 1.90804e-05 0.00212861 -0.000811376
28.28 2.93587e-06 -4.33229e-05 -5.72809e-05 1.90809e-05 0.000526294 -0.00108363
28.3 3.94485e-06 -5.15804e-05 -0.000116065 1.77521e-05 -0.000943913 -0.00129016
28.32 4.79515e-06 -5.70114e-05 -0.00016614 1.46687e-05 -0.00219631 -0.00142599
28.34 5.47057e-06 -5.97824e-05 -0.000205047 9.97341e-06 -0.00316939 -0.00149529
28.36 5.95001e-06 -6.0311e-05 -0.000231598 4.36801e-06 -0.00383344 -0.00150851
28.38 6.20943e-06 -5.91408e-05 -0.00024572 -1.06225e-06 -0.00418664 -0.00147924
28.4 6.22707e-06 -5.68042e-05 -0.000248034 -5.14181e-06 -0.00424452 -0.0014208
28.42 5.98934e-06 -5.36033e-05 -0.000239748 -6.93724e-06 -0.00403729 -0.00134075
28.44 5.49435e-06 -4.94909e-05 -0.000222462 -6.03278e-06 -0.00360496 -0.00123789
28.46 4.75386e-06 -4.4193e-05 -0.000197516 -2.64984e-06 -0.00298105 -0.00110539
28.48 3.79497e-06 -3.73847e-05 -0.000165618 2.42727e-06 -0.00218327 -0.000935114
28.5 2.66064e-06 -2.88273e-05 -0.000126986 8.0699e-06 -0.00121707 -0.00072109
28.52 1.40733e-06 -1.8535e-05 -8.15474e-05 1.30972e-05 -8.06228e-05 -0.000463676
28.54 9.84164e-08 -6.88714e-06 -2.92876e-05 1.65825e-05 0.00122642 -0.000172357
28.56 -1.20545e-06 5.40922e-06 2.91553e-05 1.80952e-05 0.0026881 0.00013518
28.58 -2.45425e-06 1.74309e-05 9.22002e-05 1.78071e-05 0.00426488 0.000435848
28.6 -3.61155e-06 2.82048e-05 0.000157347 1.64335e-05 0.00589423 0.000705306
28.62 -4.6521e-06 3.69154e-05 0.000221315 1.50185e-05 0.00749409 0.000923162
28.64 -5.55779e-06 4.31413e-05 0.00027897 1.46096e-05 0.00893606 0.00107887
