0.02 1.80034e-10 2.84006e-10 -4.18307e-08 -2.77244e-11 -1.0462e-06 7.10311e-09
0.04 1.1885e-09 8.06487e-09 -2.18736e-07 -3.08424e-10 -5.47069e-06 2.01706e-07
0.06 3.6868e-09 4.59102e-08 -5.0122e-07 -8.21003e-10 -1.25357e-05 1.14823e-06
0.08 6.80275e-09 1.69001e-07 -7.13097e-07 -1.24195e-09 -1.78348e-05 4.22677e-06
0.1 6.31741e-09 4.96145e-07 -8.18019e-07 -3.98413e-10 -2.0459e-05 1.24088e-05
0.12 -5.42858e-09 1.13473e-06 -9.35056e-07 9.4268e-09 -2.33861e-05 2.83801e-05
0.14 -3.6451e-08 2.04102e-06 -1.10128e-06 3.78421e-08 -2.75436e-05 5.10469e-05
0.16 -9.11964e-08 3.07001e-06 -1.27535e-06 7.61063e-08 -3.1897e-05 7.67823e-05
0.18 -1.69028e-07 4.09886e-06 -1.43043e-06 9.96326e-08 -3.57756e-05 0.000102514
0.2 -2.66109e-07 5.07456e-06 -1.56254e-06 9.42547e-08 -3.90798e-05 0.000126917
0.22 -3.79327e-07 6.07197e-06 -1.73785e-06 7.47323e-08 -4.34642e-05 0.000151862
0.24 -5.07491e-07 7.17926e-06 -2.07448e-06 9.74965e-08 -5.18837e-05 0.000179556
0.26 -6.47354e-07 8.30549e-06 -2.59068e-06 2.42063e-07 -6.4794e-05 0.000207724
0.28 -7.90281e-07 9.37925e-06 -3.15339e-06 5.48951e-07 -7.88675e-05 0.000234579
0.3 -9.25944e-07 1.0613e-05 -3.60687e-06 9.98174e-07 -9.02093e-05 0.000265435
0.32 -1.04976e-06 1.22153e-05 -3.88074e-06 1.5496e-06 -9.7059e-05 0.00030551
0.34 -1.16536e-06 1.40327e-05 -3.98716e-06 2.14981e-06 -9.97205e-05 0.000350963
0.36 -1.27986e-06 1.57917e-05 -3.99031e-06 2.71044e-06 -9.97993e-05 0.000394958
0.38 -1.39782e-06 1.74586e-05 -3.97487e-06 3.14401e-06 -9.94133e-05 0.000436648
0.4 -1.51942e-06 1.90614e-05 -4.01193e-06 3.41058e-06 -0.00010034 0.000476735
0.42 -1.6406e-06 2.03422e-05 -4.13305e-06 3.49573e-06 -0.000103369 0.000508766
0.44 -1.75213e-06 2.09078e-05 -4.25194e-06 3.3886e-06 -0.000106343 0.000522913
0.46 -1.84151e-06 2.07446e-05 -4.13067e-06 3.12831e-06 -0.00010331 0.00051883
0.48 -1.90094e-06 2.0387e-05 -3.64857e-06 2.84059e-06 -9.12522e-05 0.000509887
0.5 -1.93467e-06 2.04397e-05 -3.10218e-06 2.68828e-06 -7.75867e-05 0.000511205
0.52 -1.9549e-06 2.09849e-05 -2.93748e-06 2.77678e-06 -7.34676e-05 0.000524842
0.54 -1.96576e-06 2.14511e-05 -3.2338e-06 3.09268e-06 -8.08787e-05 0.0005365
0.56 -1.94926e-06 2.09902e-05 -3.69026e-06 3.49753e-06 -9.2295e-05 0.000524974
0.58 -1.87229e-06 1.92731e-05 -3.95699e-06 3.77676e-06 -9.89661e-05 0.000482028
0.6 -1.71402e-06 1.68935e-05 -3.90295e-06 3.77865e-06 -9.76143e-05 0.000422514
0.62 -1.4845e-06 1.45097e-05 -3.77219e-06 3.55006e-06 -9.43441e-05 0.000362893
0.64 -1.21049e-06 1.1913e-05 -3.99808e-06 3.25206e-06 -9.99936e-05 0.000297949
0.66 -9.04507e-07 8.65551e-06 -4.71056e-06 2.92598e-06 -0.000117813 0.000216478
0.68 -5.54357e-07 5.06649e-06 -5.56592e-06 2.44384e-06 -0.000139206 0.000126715
0.7 -1.44726e-07 1.73911e-06 -6.08483e-06 1.66347e-06 -0.000152184 4.34959e-05
0.72 3.1615e-07 -1.47497e-06 -6.03217e-06 5.19214e-07 -0.000150867 -3.68895e-05
0.74 7.95175e-07 -5.146e-06 -5.5779e-06 -9.59854e-07 -0.000139506 -0.000128704
0.76 1.25624e-06 -9.25649e-06 -5.22579e-06 -2.5959e-06 -0.000130699 -0.000231509
0.78 1.67875e-06 -1.31616e-05 -5.47401e-06 -4.10714e-06 -0.000136907 -0.000329177
0.8 2.05922e-06 -1.6546e-05 -6.36307e-06 -5.31131e-06 -0.000159143 -0.000413822
0.82 2.40126e-06 -1.96909e-05 -7.2974e-06 -6.24036e-06 -0.000182511 -0.000492477
0.84 2.70152e-06 -2.2578e-05 -7.51914e-06 -6.98212e-06 -0.000188057 -0.000564684
0.86 2.93992e-06 -2.44772e-05 -6.99845e-06 -7.45007e-06 -0.000175034 -0.000612185
0.88 3.08419e-06 -2.47732e-05 -6.60449e-06 -7.40113e-06 -0.000165181 -0.000619588
0.9 3.11081e-06 -2.37288e-05 -7.15169e-06 -6.68523e-06 -0.000178867 -0.000593468
0.92 3.02634e-06 -2.21975e-05 -8.55198e-06 -5.4329e-06 -0.000213889 -0.00055517
0.94 2.86641e-06 -2.0833e-05 -9.99278e-06 -4.01505e-06 -0.000249923 -0.000521042
0.96 2.66818e-06 -1.96832e-05 -1.06104e-05 -2.82546e-06 -0.000265371 -0.000492284
0.98 2.44347e-06 -1.85124e-05 -9.98905e-06 -2.01308e-06 -0.00024983 -0.000463004
1 2.18128e-06 -1.77764e-05 -6.60368e-06 -1.36189e-06 -0.000165161 -0.000444595
1.02 1.87664e-06 -1.82358e-05 6.99906e-07 -5.67274e-07 1.75049e-05 -0.000456084
1.04 1.55483e-06 -1.83885e-05 5.16353e-06 3.67016e-07 0.000129142 -0.000459905
1.06 1.26183e-06 -1.60202e-05 6.15363e-07 1.27314e-06 1.53905e-05 -0.000400673
1.08 1.02869e-06 -1.25173e-05 -4.4976e-06 1.97735e-06 -0.000112487 -0.000313064
1.1 8.47586e-07 -1.01723e-05 -2.94962e-06 2.08827e-06 -7.37711e-05 -0.000254413
1.12 6.83886e-07 -8.92217e-06 9.02525e-07 1.51816e-06 2.25725e-05 -0.000223147
1.14 5.14626e-07 -8.41696e-06 5.28423e-06 9.97446e-07 0.000132161 -0.000210512
1.16 3.5378e-07 -7.51696e-06 7.79358e-06 1.18058e-06 0.000194921 -0.000188002
1.18 2.34239e-07 -4.93159e-06 3.61435e-06 1.93514e-06 9.03964e-05 -0.000123341
1.2 1.67825e-07 -2.94937e-06 6.35264e-07 2.58898e-06 1.58882e-05 -7.37651e-05
1.22 1.26248e-07 -3.78101e-06 7.04328e-06 2.13203e-06 0.000176155 -9.45645e-05
1.24 6.07298e-08 -5.32719e-06 1.38298e-05 7.38714e-08 0.000345889 -0.000133235
1.26 -4.81827e-08 -5.77327e-06 1.19862e-05 -2.5752e-06 0.00029978 -0.000144392
1.28 -1.51631e-07 -6.13107e-06 5.16789e-06 -4.30659e-06 0.000129251 -0.000153341
1.3 -1.58323e-07 -6.82166e-06 -1.21696e-06 -4.73691e-06 -3.04368e-05 -0.000170612
1.32 -1.73139e-08 -7.09761e-06 -4.84355e-06 -4.51045e-06 -0.000121139 -0.000177514
1.34 2.2712e-07 -6.96428e-06 -4.07575e-06 -4.40334e-06 -0.000101936 -0.000174179
1.36 4.78491e-07 -8.0106e-06 1.57456e-06 -4.76592e-06 3.93805e-05 -0.000200348
1.38 6.92991e-07 -1.22837e-05 1.00327e-05 -5.28782e-06 0.000250922 -0.00030722
1.4 9.26219e-07 -1.75295e-05 1.17226e-05 -5.42944e-06 0.000293187 -0.000438419
1.42 1.2618e-06 -1.85869e-05 4.11871e-07 -4.9725e-06 1.03011e-05 -0.000464865
1.44 1.7041e-06 -1.6446e-05 -1.05466e-05 -4.28129e-06 -0.000263774 -0.00041132
1.46 2.14981e-06 -1.62435e-05 -9.33992e-06 -4.38739e-06 -0.000233595 -0.000406256
1.48 2.47182e-06 -1.87331e-05 -4.48244e-06 -5.76417e-06 -0.000112108 -0.000468521
1.5 2.64761e-06 -2.20788e-05 -4.72405e-06 -7.00445e-06 -0.000118151 -0.000552199
1.52 2.79132e-06 -2.53139e-05 -8.4299e-06 -6.28114e-06 -0.000210835 -0.000633111
1.54 3.02297e-06 -2.66694e-05 -1.26279e-05 -3.62452e-06 -0.000315829 -0.000667014
1.56 3.30844e-06 -2.49701e-05 -1.26763e-05 -6.34252e-07 -0.00031704 -0.000624513
1.58 3.46307e-06 -2.24183e-05 -4.47579e-06 1.1549e-06 -0.000111941 -0.000560692
1.6 3.32786e-06 -2.19867e-05 5.80174e-06 1.20632e-06 0.000145104 -0.000549897
1.62 2.93245e-06 -2.3366e-05 7.46636e-06 3.09769e-07 0.000186737 -0.000584394
1.64 2.477e-06 -2.36618e-05 -5.64158e-08 2.24288e-08 -1.41098e-06 -0.000591791
1.66 2.14982e-06 -2.11684e-05 -7.9767e-06 1.05568e-06 -0.000199501 -0.000529431
1.68 1.95297e-06 -1.67607e-05 -9.59412e-06 2.43249e-06 -0.000239953 -0.000419191
1.7 1.70206e-06 -1.18192e-05 -5.24947e-06 2.75296e-06 -0.000131292 -0.000295603
1.72 1.21052e-06 -6.95433e-06 4.74896e-07 1.99477e-06 1.18773e-05 -0.000173931
1.74 4.8962e-07 -3.07504e-06 3.57385e-06 1.51347e-06 8.93835e-05 -7.6908e-05
1.76 -2.44346e-07 -3.40071e-07 3.72746e-06 2.30528e-06 9.32253e-05 -8.50532e-06
1.78 -7.79922e-07 3.79705e-06 3.07296e-06 3.81107e-06 7.68561e-05 9.49657e-05
1.8 -1.12147e-06 1.12275e-05 3.28597e-06 4.53467e-06 8.21835e-05 0.000280803
1.82 -1.48125e-06 1.91852e-05 5.03023e-06 3.38418e-06 0.000125808 0.000479831
1.84 -2.06191e-06 2.36446e-05 7.79888e-06 5.58243e-07 0.000195053 0.000591362
1.86 -2.84762e-06 2.47264e-05 9.47382e-06 -2.34331e-06 0.000236944 0.000618418
1.88 -3.60912e-06 2.55574e-05 8.93477e-06 -3.43807e-06 0.000223462 0.000639202
1.9 -4.11432e-06 2.81021e-05 8.07306e-06 -2.37925e-06 0.000201911 0.000702845
1.92 -4.33324e-06 3.20389e-05 8.93009e-06 -6.63257e-07 0.000223345 0.000801306
1.94 -4.43867e-06 3.56395e-05 1.14087e-05 1.96251e-07 0.000285336 0.00089136
1.96 -4.61462e-06 3.70692e-05 1.44009e-05 2.41462e-07 0.000360173 0.000927115
1.98 -4.8612e-06 3.58195e-05 1.61801e-05 6.98756e-07 0.00040467 0.00089586
2 -4.97807e-06 3.30431e-05 1.47871e-05 2.57136e-06 0.000369831 0.000826421
2.02 -4.7388e-06 3.01946e-05 1.04495e-05 5.63614e-06 0.000261346 0.000755178
2.04 -4.08517e-06 2.71022e-05 5.99043e-06 8.4883e-06 0.000149823 0.000677838
2.06 -3.16448e-06 2.20684e-05 3.88497e-06 9.6088e-06 9.71648e-05 0.000551939
2.08 -2.1914e-06 1.42927e-05 3.9226e-06 8.67135e-06 9.81059e-05 0.000357465
2.1 -1.26646e-06 4.90517e-06 3.68693e-06 6.81802e-06 9.22116e-05 0.00012268
2.12 -3.13643e-07 -4.44254e-06 1.2382e-06 5.4188e-06 3.09679e-05 -0.00011111
2.14 8.03579e-07 -1.24189e-05 -2.5069e-06 4.59218e-06 -6.26987e-05 -0.000310603
2.16 2.10064e-06 -1.8405e-05 -4.84265e-06 3.20893e-06 -0.000121117 -0.000460316
2.18 3.41073e-06 -2.37145e-05 -4.47844e-06 2.12331e-07 -0.000112008 -0.00059311
2.2 4.50311e-06 -3.06573e-05 -2.57322e-06 -4.36069e-06 -6.43573e-05 -0.000766753
2.22 5.25725e-06 -3.90695e-05 -1.88897e-06 -9.37004e-06 -4.72439e-05 -0.000977145
2.24 5.73225e-06 -4.6409e-05 -4.81082e-06 -1.32434e-05 -0.000120321 -0.00116071
2.26 6.08272e-06 -5.15263e-05 -1.00796e-05 -1.50939e-05 -0.000252096 -0.00128869
2.28 6.40553e-06 -5.49769e-05 -1.38483e-05 -1.54285e-05 -0.000346353 -0.00137499
2.3 6.66021e-06 -5.67716e-05 -1.51123e-05 -1.52584e-05 -0.000377964 -0.00141988
2.32 6.72662e-06 -5.66225e-05 -1.56578e-05 -1.4635e-05 -0.000391607 -0.00141615
2.34 6.527e-06 -5.46256e-05 -1.56212e-05 -1.27291e-05 -0.000390693 -0.00136621
2.36 6.09832e-06 -5.06506e-05 -1.46147e-05 -9.0936e-06 -0.000365519 -0.00126679
2.38 5.56095e-06 -4.48215e-05 -1.42e-05 -4.36953e-06 -0.000355148 -0.00112101
2.4 5.0144e-06 -3.82408e-05 -1.44442e-05 -9.18512e-08 -0.000361256 -0.000956418
2.42 4.45654e-06 -3.21991e-05 -1.2877e-05 2.13392e-06 -0.000322059 -0.000805312
2.44 3.80595e-06 -2.75234e-05 -9.07331e-06 1.82127e-06 -0.000226927 -0.000688373
2.46 2.99551e-06 -2.39436e-05 -4.85862e-06 3.56819e-08 -0.000121516 -0.000598839
2.48 2.0405e-06 -1.94581e-05 -1.25352e-06 -1.53779e-06 -3.13509e-05 -0.000486654
2.5 1.03737e-06 -1.27237e-05 1.0308e-06 -1.84495e-06 2.57807e-05 -0.000318225
2.52 1.00892e-07 -5.13655e-06 2.17306e-06 -1.06128e-06 5.43491e-05 -0.000128467
2.54 -7.18837e-07 1.64621e-06 5.17749e-06 -1.93455e-07 0.000129491 4.11723e-05
2.56 -1.45853e-06 7.31674e-06 1.18486e-05 1.68082e-07 0.000296339 0.000182995
2.58 -2.17653e-06 1.16486e-05 1.82099e-05 5.421e-07 0.000455436 0.000291336
2.6 -2.8688e-06 1.46009e-05 1.9562e-05 1.82209e-06 0.000489254 0.000365174
2.62 -3.44419e-06 1.66686e-05 1.73215e-05 4.24913e-06 0.000433218 0.000416888
2.64 -3.77656e-06 1.74643e-05 1.57314e-05 7.12092e-06 0.000393449 0.000436789
2.66 -3.79472e-06 1.63124e-05 1.56073e-05 9.11407e-06 0.000390344 0.00040798
2.68 -3.53962e-06 1.46804e-05 1.50102e-05 9.21076e-06 0.000375412 0.000367162
2.7 -3.12704e-06 1.43715e-05 1.25841e-05 7.69688e-06 0.000314734 0.000359437
2.72 -2.64664e-06 1.44176e-05 8.294e-06 5.71742e-06 0.000207436 0.00036059
2.74 -2.09564e-06 1.26566e-05 3.53871e-06 3.76136e-06 8.85046e-05 0.000316548
2.76 -1.41129e-06 8.75073e-06 8.5439e-07 1.22387e-06 2.13686e-05 0.000218859
2.78 -5.76099e-07 4.23253e-06 4.71494e-07 -2.62788e-06 1.17923e-05 0.000105857
2.8 3.25785e-07 -3.70076e-07 -1.5546e-06 -7.68821e-06 -3.88812e-05 -9.25575e-06
2.82 1.1794e-06 -6.70906e-06 -8.12776e-06 -1.29104e-05 -0.000203279 -0.000167796
2.84 1.9477e-06 -1.51256e-05 -1.66284e-05 -1.68889e-05 -0.000415884 -0.000378297
2.86 2.678e-06 -2.22802e-05 -2.29455e-05 -1.85662e-05 -0.000573876 -0.000557238
2.88 3.39596e-06 -2.43672e-05 -2.63903e-05 -1.77329e-05 -0.000660033 -0.000609433
2.9 4.01729e-06 -2.10663e-05 -2.80538e-05 -1.50309e-05 -0.000701638 -0.000526877
2.92 4.38821e-06 -1.51555e-05 -2.89478e-05 -1.13356e-05 -0.000723996 -0.000379045
2.94 4.41418e-06 -9.49239e-06 -3.14265e-05 -7.17223e-06 -0.00078599 -0.000237409
2.96 4.13549e-06 -5.14549e-06 -3.70794e-05 -2.88873e-06 -0.000927372 -0.000128691
2.98 3.67297e-06 -1.64665e-06 -4.28902e-05 9.17266e-07 -0.0010727 -4.11834e-05
3 3.10782e-06 1.84406e-06 -4.43819e-05 3.63114e-06 -0.00111001 4.61206e-05
3.02 2.41616e-06 6.17064e-06 -4.13869e-05 5.28128e-06 -0.0010351 0.00015433
3.04 1.52148e-06 1.21658e-05 -3.73174e-05 6.75479e-06 -0.000933325 0.000304272
3.06 4.16227e-07 1.98123e-05 -3.48152e-05 9.20858e-06 -0.000870743 0.000495514
3.08 -7.7876e-07 2.81929e-05 -3.38156e-05 1.30299e-05 -0.000845743 0.000705117
3.1 -1.89856e-06 3.70801e-05 -3.18442e-05 1.72893e-05 -0.000796437 0.00092739
3.12 -2.88929e-06 4.72685e-05 -2.56865e-05 2.04424e-05 -0.00064243 0.00118221
3.14 -3.85793e-06 5.77544e-05 -1.46628e-05 2.17046e-05 -0.000366724 0.00144446
3.16 -4.93767e-06 6.47155e-05 -2.53589e-06 2.15533e-05 -6.34236e-05 0.00161856
3.18 -6.11241e-06 6.64349e-05 5.52797e-06 2.09386e-05 0.000138257 0.00166156
3.2 -7.20627e-06 6.65824e-05 8.7219e-06 2.03964e-05 0.000218138 0.00166525
3.22 -8.05149e-06 6.90495e-05 1.17594e-05 1.97507e-05 0.000294107 0.00172696
3.24 -8.63332e-06 7.21377e-05 1.86276e-05 1.82061e-05 0.000465885 0.00180419
3.26 -9.04854e-06 7.14973e-05 2.7715e-05 1.50403e-05 0.000693164 0.00178818
3.28 -9.34773e-06 6.65747e-05 3.5094e-05 1.07046e-05 0.000877716 0.00166506
3.3 -9.45057e-06 6.04609e-05 3.89967e-05 6.80871e-06 0.000975323 0.00151215
3.32 -9.22536e-06 5.565e-05 3.99513e-05 4.43668e-06 0.000999198 0.00139183
3.34 -8.63177e-06 5.21159e-05 3.9537e-05 2.96799e-06 0.000988838 0.00130344
3.36 -7.74982e-06 4.68686e-05 3.90481e-05 9.72207e-07 0.000976609 0.0011722
3.38 -6.67161e-06 3.58706e-05 3.8436e-05 -2.40207e-06 0.000961301 0.000897139
3.4 -5.40431e-06 1.91358e-05 3.69847e-05 -6.99741e-06 0.000925002 0.000478594
3.42 -3.89323e-06 1.59776e-06 3.43077e-05 -1.17044e-05 0.00085805 3.99607e-05
3.44 -2.11818e-06 -1.2809e-05 3.01275e-05 -1.50835e-05 0.000753501 -0.000320359
3.46 -1.51512e-07 -2.45696e-05 2.43293e-05 -1.6719e-05 0.000608487 -0.000614495
3.48 1.87531e-06 -3.57057e-05 1.74198e-05 -1.76397e-05 0.000435676 -0.000893013
3.5 3.8539e-06 -4.72108e-05 9.9361e-06 -1.89962e-05 0.000248506 -0.00118076
3.52 5.74356e-06 -5.93584e-05 2.2445e-06 -2.08924e-05 5.6136e-05 -0.00148458
3.54 7.54355e-06 -7.17997e-05 -4.83275e-06 -2.26165e-05 -0.000120869 -0.00179574
3.56 9.23097e-06 -8.30503e-05 -1.05558e-05 -2.33118e-05 -0.000264005 -0.00207712
3.58 1.07181e-05 -9.09613e-05 -1.54093e-05 -2.23993e-05 -0.000385392 -0.00227498
3.6 1.18754e-05 -9.47131e-05 -2.10961e-05 -1.9894e-05 -0.000527623 -0.00236881
3.62 1.2622e-05 -9.63768e-05 -2.88381e-05 -1.64117e-05 -0.000721253 -0.00241042
3.64 1.30045e-05 -9.89494e-05 -3.72495e-05 -1.26912e-05 -0.000931625 -0.00247477
3.66 1.31633e-05 -0.000102372 -4.32145e-05 -9.06889e-06 -0.00108081 -0.00256036
3.68 1.31975e-05 -0.000102963 -4.5848e-05 -5.36358e-06 -0.00114668 -0.00257515
3.7 1.30635e-05 -9.77188e-05 -4.72509e-05 -1.17026e-06 -0.00118176 -0.00244399
3.72 1.26156e-05 -8.75684e-05 -4.82028e-05 3.61831e-06 -0.00120557 -0.00219012
3.74 1.17421e-05 -7.52115e-05 -4.69634e-05 8.425e-06 -0.00117457 -0.00188107
3.76 1.0459e-05 -6.20459e-05 -4.30229e-05 1.2167e-05 -0.00107602 -0.00155179
3.78 8.88008e-06 -4.85323e-05 -3.75232e-05 1.38198e-05 -0.00093847 -0.00121381
3.8 7.11103e-06 -3.55093e-05 -3.05289e-05 1.28928e-05 -0.00076354 -0.000888102
3.82 5.17743e-06 -2.3381e-05 -2.19476e-05 9.72209e-06 -0.000548919 -0.00058477
3.84 3.04148e-06 -1.08942e-05 -1.37129e-05 5.52151e-06 -0.000342965 -0.00027247
3.86 6.84888e-07 3.32896e-06 -7.44401e-06 1.9175e-06 -0.000186178 8.32587e-05
3.88 -1.81139e-06 1.84578e-05 -1.72446e-06 3.6986e-08 -4.31296e-05 0.000461638
3.9 -4.25894e-06 3.21788e-05 5.49048e-06 -7.62907e-08 0.000137319 0.000804806
3.92 -6.43934e-06 4.31746e-05 1.41043e-05 8.88273e-07 0.000352755 0.00107981
3.94 -8.20398e-06 5.14778e-05 2.27372e-05 2.31257e-06 0.000568667 0.00128748
3.96 -9.51386e-06 5.7319e-05 2.97787e-05 3.98447e-06 0.000744778 0.00143357
3.98 -1.03981e-05 6.10665e-05 3.3484e-05 5.85681e-06 0.000837448 0.0015273
4 -1.08682e-05 6.27225e-05 3.30128e-05 7.74111e-06 0.000825663 0.00156872
4.02 -1.0865e-05 6.1424e-05 2.95746e-05 9.02634e-06 0.000739672 0.00153624
4.04 -1.03066e-05 5.74651e-05 2.53439e-05 8.6645e-06 0.000633862 0.00143723
4.06 -9.19487e-06 5.27931e-05 2.11783e-05 5.92666e-06 0.000529677 0.00132038
4.08 -7.65752e-06 4.75891e-05 1.66873e-05 1.13738e-06 0.000417357 0.00119022
4.1 -5.87669e-06 3.96214e-05 1.21623e-05 -4.75787e-06 0.000304183 0.000990949
4.12 -3.99707e-06 2.88114e-05 8.53819e-06 -1.1024e-05 0.000213544 0.000720585
4.14 -2.11111e-06 1.83886e-05 5.40661e-06 -1.71312e-05 0.000135221 0.000459906
4.16 -2.98458e-07 9.77929e-06 9.86341e-07 -2.25017e-05 2.46688e-05 0.000244584
4.18 1.36538e-06 3.45111e-07 -5.57751e-06 -2.66813e-05 -0.000139496 8.63138e-06
4.2 2.84523e-06 -1.20564e-05 -1.36524e-05 -2.92246e-05 -0.000341453 -0.000301536
4.22 4.15551e-06 -2.49537e-05 -2.30294e-05 -2.92373e-05 -0.000575975 -0.000624102
4.24 5.31938e-06 -3.42302e-05 -3.44499e-05 -2.56218e-05 -0.000861607 -0.000856112
4.26 6.3351e-06 -3.90365e-05 -4.70757e-05 -1.80897e-05 -0.00117738 -0.000976318
4.28 7.17716e-06 -4.04967e-05 -5.77082e-05 -7.64382e-06 -0.00144331 -0.00101284
4.3 7.81941e-06 -3.89274e-05 -6.45775e-05 4.10485e-06 -0.00161511 -0.000973591
4.32 8.26081e-06 -3.54359e-05 -6.8727e-05 1.56005e-05 -0.00171889 -0.000886267
4.34 8.51805e-06 -3.17879e-05 -7.06965e-05 2.51965e-05 -0.00176815 -0.00079503
4.36 8.57133e-06 -2.69387e-05 -7.00073e-05 3.13474e-05 -0.00175091 -0.000673748
4.38 8.31698e-06 -1.83368e-05 -6.71628e-05 3.3461e-05 -0.00167977 -0.000458611
4.4 7.58459e-06 -5.74699e-06 -6.2634e-05 3.18842e-05 -0.0015665 -0.000143735
4.42 6.21498e-06 9.90823e-06 -5.6263e-05 2.72152e-05 -0.00140716 0.000247809
4.44 4.15387e-06 2.78001e-05 -4.83973e-05 2.04909e-05 -0.00121044 0.000695292
4.46 1.48406e-06 4.60851e-05 -3.7997e-05 1.33669e-05 -0.000950322 0.00115261
4.48 -1.64174e-06 6.36824e-05 -2.27906e-05 7.30329e-06 -0.000570001 0.00159272
4.5 -5.09131e-06 8.16271e-05 -4.27709e-06 3.27244e-06 -0.000106972 0.00204153
4.52 -8.78661e-06 0.000101228 1.32073e-05 2.21463e-06 0.000330319 0.00253176
4.54 -1.2678e-05 0.00012341 2.85523e-05 4.79565e-06 0.000714104 0.00308654
4.56 -1.66774e-05 0.000148001 4.3282e-05 1.08652e-05 0.0010825 0.00370157
4.58 -2.0601e-05 0.000172353 5.77356e-05 1.94453e-05 0.00144399 0.00431061
4.6 -2.41929e-05 0.000193848 7.09094e-05 2.88704e-05 0.00177347 0.00484821
4.62 -2.72132e-05 0.000212019 8.04955e-05 3.72369e-05 0.00201322 0.00530267
4.64 -2.94916e-05 0.000225026 8.45292e-05 4.31546e-05 0.00211411 0.00562801
4.66 -3.09164e-05 0.000228624 8.6171e-05 4.58333e-05 0.00215517 0.00571797
4.68 -3.13979e-05 0.000221051 9.19269e-05 4.48287e-05 0.00229913 0.00552858
4.7 -3.08444e-05 0.000203869 0.000103033 4.03772e-05 0.0025769 0.00509886
4.72 -2.91599e-05 0.000177904 0.000114394 3.34081e-05 0.00286104 0.00444945
4.74 -2.62773e-05 0.000143596 0.000121862 2.47316e-05 0.00304781 0.0035914
4.76 -2.22184e-05 0.000103672 0.000125484 1.48154e-05 0.00313841 0.00259289
4.78 -1.71473e-05 6.10741e-05 0.000127368 4.25523e-06 0.00318552 0.00152749
4.8 -1.13607e-05 1.63084e-05 0.000129195 -6.37561e-06 0.00323123 0.00040788
4.82 -5.1991e-06 -3.07213e-05 0.00012957 -1.68174e-05 0.00324061 -0.000768352
4.84 1.0708e-06 -7.92216e-05 0.000123991 -2.65926e-05 0.00310107 -0.00198136
4.86 7.32546e-06 -0.000129808 0.000110333 -3.48104e-05 0.00275948 -0.00324656
4.88 1.35642e-05 -0.000184966 9.27085e-05 -4.11055e-05 0.00231868 -0.00462608
4.9 1.98151e-05 -0.000244987 7.72583e-05 -4.60595e-05 0.00193226 -0.00612723
4.92 2.60287e-05 -0.000305621 6.57675e-05 -5.01854e-05 0.00164487 -0.0076437
4.94 3.20415e-05 -0.000360855 5.50535e-05 -5.31433e-05 0.00137691 -0.00902512
4.96 3.76362e-05 -0.000406325 4.14236e-05 -5.42984e-05 0.00103602 -0.0101623
4.98 4.26349e-05 -0.000439938 2.41877e-05 -5.36174e-05 0.000604944 -0.011003
5 4.69323e-05 -0.000461651 5.05563e-06 -5.20417e-05 0.000126443 -0.0115461
5.02 5.04427e-05 -0.000473357 -1.38664e-05 -5.14183e-05 -0.000346804 -0.0118388
5.04 5.30198e-05 -0.000477186 -3.10868e-05 -5.37196e-05 -0.000777493 -0.0119346
5.06 5.44244e-05 -0.00047281 -4.67772e-05 -5.95362e-05 -0.00116992 -0.0118252
5.08 5.43676e-05 -0.000456846 -6.25321e-05 -6.72207e-05 -0.00156395 -0.0114259
5.1 5.25979e-05 -0.000425307 -7.83489e-05 -7.38221e-05 -0.00195954 -0.0106371
5.12 4.89668e-05 -0.000375802 -9.10707e-05 -7.69288e-05 -0.00227772 -0.00939896
5.14 4.34212e-05 -0.000307257 -9.77567e-05 -7.56336e-05 -0.00244494 -0.00768462
5.16 3.59371e-05 -0.000219195 -9.92924e-05 -7.00911e-05 -0.00248334 -0.00548215
5.18 2.64703e-05 -0.000112456 -9.90643e-05 -6.05307e-05 -0.00247764 -0.00281258
5.2 1.50018e-05 9.0075e-06 -9.9454e-05 -4.6665e-05 -0.00248739 0.000225281
5.22 1.68554e-06 0.00013686 -0.000100661 -2.79176e-05 -0.00251756 0.00342293
5.24 -1.29996e-05 0.000260121 -0.000101491 -4.28774e-06 -0.00253834 0.00650574
5.26 -2.82476e-05 0.000370918 -9.94056e-05 2.31149e-05 -0.00248617 0.00927682
5.28 -4.31334e-05 0.000468613 -9.05834e-05 5.27949e-05 -0.00226553 0.0117202
5.3 -5.68808e-05 0.000556574 -7.29513e-05 8.40447e-05 -0.00182454 0.0139202
5.32 -6.8974e-05 0.000636954 -4.95323e-05 0.0001168 -0.00123882 0.0159305
5.34 -7.90554e-05 0.00070946 -2.64524e-05 0.000150288 -0.000661586 0.0177439
5.36 -8.67801e-05 0.000771916 -7.38584e-06 0.000181966 -0.000184723 0.0193059
5.38 -9.1829e-05 0.000820217 8.51794e-06 0.00020748 0.000213037 0.020514
5.4 -9.40418e-05 0.000848607 2.39085e-05 0.000221839 0.000597961 0.021224
5.42 -9.34728e-05 0.00085031 3.94818e-05 0.000221664 0.000987457 0.0212666
5.44 -9.03723e-05 0.000819392 5.33297e-05 0.000207062 0.0013338 0.0204933
5.46 -8.50799e-05 0.000754085 6.41764e-05 0.000181372 0.00160508 0.01886
5.48 -7.77654e-05 0.000657012 7.32084e-05 0.000149036 0.00183097 0.0164321
5.5 -6.83987e-05 0.000536023 8.24083e-05 0.000113714 0.00206107 0.0134062
5.52 -5.69431e-05 0.000404129 9.16273e-05 7.79571e-05 0.00229164 0.0101075
5.54 -4.35576e-05 0.000275011 9.66926e-05 4.36891e-05 0.00241832 0.00687815
5.56 -2.87355e-05 0.000158522 9.25169e-05 1.23236e-05 0.00231389 0.00396471
5.58 -1.32553e-05 5.78901e-05 8.01035e-05 -1.56864e-05 0.00200342 0.00144787
5.6 1.99225e-06 -3.13579e-05 6.69944e-05 -4.12856e-05 0.00167556 -0.000784262
5.62 1.62272e-05 -0.000119274 5.73069e-05 -6.67855e-05 0.00143327 -0.00298308
5.64 2.89066e-05 -0.000213739 4.77724e-05 -9.47862e-05 0.00119481 -0.0053457
5.66 3.96919e-05 -0.000314141 3.65348e-05 -0.000125931 0.00091375 -0.0078568
5.68 4.83324e-05 -0.000412794 2.64222e-05 -0.00015723 0.000660831 -0.0103241
5.7 5.4625e-05 -0.000500384 1.98854e-05 -0.000182726 0.000497342 -0.0125148
5.72 5.85112e-05 -0.000568537 1.83691e-05 -0.000195917 0.000459418 -0.0142193
5.74 6.0187e-05 -0.00060906 2.26827e-05 -0.000192142 0.000567305 -0.0152328
5.76 6.0052e-05 -0.000615517 3.09518e-05 -0.000170048 0.000774117 -0.0153943
5.78 5.84944e-05 -0.000588545 4.10292e-05 -0.000132058 0.00102616 -0.0147198
5.8 5.57213e-05 -0.000539003 5.34585e-05 -8.37753e-05 0.00133702 -0.0134807
5.82 5.17872e-05 -0.000483348 6.86847e-05 -3.24507e-05 0.00171783 -0.0120887
5.84 4.67485e-05 -0.000434487 8.60191e-05 1.48817e-05 0.00215137 -0.0108667
5.86 4.07696e-05 -0.000396544 0.000105324 5.29953e-05 0.00263421 -0.00991772
5.88 3.41042e-05 -0.000366112 0.000124556 7.9389e-05 0.00311519 -0.00915661
5.9 2.70191e-05 -0.000336692 0.000140022 9.43359e-05 0.00350202 -0.00842081
5.92 1.9726e-05 -0.000300242 0.000152254 9.98825e-05 0.00380794 -0.00750917
5.94 1.22994e-05 -0.000244806 0.000164154 9.8364e-05 0.00410555 -0.0061227
5.96 4.60019e-06 -0.000158169 0.000172574 9.16546e-05 0.00431615 -0.00395586
5.98 -3.6741e-06 -3.99764e-05 0.000171631 8.10106e-05 0.00429257 -0.000999821
6 -1.27409e-05 9.14828e-05 0.000162959 6.67005e-05 0.00407567 0.00228803
6.02 -2.2377e-05 0.000206058 0.000151005 4.80548e-05 0.00377669 0.00515361
6.04 -3.17358e-05 0.000277503 0.000132326 2.44683e-05 0.00330953 0.00694046
6.06 -3.96279e-05 0.000300792 0.000102998 -3.34759e-06 0.00257603 0.00752293
6.08 -4.52014e-05 0.000297721 6.9406e-05 -3.21299e-05 0.00173587 0.00744612
6.1 -4.84531e-05 0.000300153 3.40698e-05 -5.56007e-05 0.000852101 0.00750696
6.12 -5.00401e-05 0.000327603 -1.88447e-05 -6.68772e-05 -0.000471315 0.00819349
6.14 -5.05334e-05 0.000381455 -0.000105447 -6.28515e-05 -0.00263727 0.00954035
6.16 -4.98228e-05 0.000450347 -0.000218658 -4.65254e-05 -0.00546872 0.0112634
6.18 -4.7267e-05 0.000516133 -0.000334348 -2.59152e-05 -0.00836219 0.0129087
6.2 -4.24211e-05 0.000559964 -0.000432306 -1.03697e-05 -0.0108121 0.0140049
6.22 -3.55328e-05 0.000565391 -0.000504096 -5.3489e-06 -0.0126076 0.0141407
6.24 -2.72725e-05 0.000520283 -0.000552313 -9.38096e-06 -0.0138136 0.0130125
6.26 -1.8063e-05 0.000424589 -0.000584401 -1.65669e-05 -0.0146161 0.0106191
6.28 -7.83924e-06 0.000295836 -0.000594836 -2.17411e-05 -0.0148771 0.00739898
6.3 3.42287e-06 0.000160143 -0.000560134 -2.30453e-05 -0.0140092 0.00400525
6.32 1.57685e-05 3.64132e-05 -0.00049409 -2.07996e-05 -0.0123574 0.000910716
6.34 2.94519e-05 -7.05863e-05 -0.000436266 -1.47506e-05 -0.0109112 -0.00176539
6.36 4.36318e-05 -0.000164996 -0.000396995 -2.57794e-06 -0.009929 -0.00412661
6.38 5.68894e-05 -0.000251544 -0.000366886 1.83557e-05 -0.00917597 -0.00629122
6.4 6.85574e-05 -0.000332163 -0.000330871 4.71985e-05 -0.00827522 -0.00830754
6.42 7.84982e-05 -0.000408352 -0.000261348 7.76289e-05 -0.00653641 -0.010213
6.44 8.63388e-05 -0.000483554 -0.000150441 0.000100735 -0.00376259 -0.0120939
6.46 9.11887e-05 -0.000558779 -3.12195e-05 0.000110969 -0.000780812 -0.0139753
6.48 9.23088e-05 -0.000623965 5.7214e-05 0.00010979 0.00143095 -0.0156056
6.5 8.95623e-05 -0.000657552 9.06662e-05 0.0001044 0.0022676 -0.0164456
6.52 8.34128e-05 -0.000641497 8.1079e-05 0.000103251 0.00202782 -0.0160441
6.54 7.44966e-05 -0.000578302 6.95347e-05 0.000111226 0.00173909 -0.0144636
6.56 6.3475e-05 -0.000490842 8.6342e-05 0.000127875 0.00215945 -0.0122762
6.58 5.10783e-05 -0.000404217 0.000133214 0.000150147 0.00333173 -0.0101096
6.6 3.81404e-05 -0.00033137 0.000205958 0.000175581 0.00515109 -0.0082877
6.62 2.54339e-05 -0.000275054 0.000305545 0.00020112 0.00764181 -0.00687921
6.64 1.33882e-05 -0.00023501 0.000422664 0.000219738 0.010571 -0.0058777
6.66 2.02403e-06 -0.000209026 0.000528693 0.000220847 0.0132228 -0.00522783
6.68 -8.84385e-06 -0.000188066 0.000591434 0.000195582 0.014792 -0.00470361
6.7 -1.93038e-05 -0.000154968 0.00059737 0.0001427 0.0149405 -0.0038758
6.72 -2.9238e-05 -9.18109e-05 0.000552771 6.99754e-05 0.013825 -0.00229622
6.74 -3.83886e-05 1.03728e-05 0.000464764 -9.33334e-06 0.0116239 0.000259432
6.76 -4.6657e-05 0.000146306 0.000352302 -8.14181e-05 0.00881123 0.00365918
6.78 -5.41657e-05 0.000296818 0.000252485 -0.000136583 0.00631477 0.00742355
6.8 -6.0949e-05 0.000436304 0.000190467 -0.000172013 0.00476365 0.0109121
6.82 -6.71213e-05 0.000543032 0.000171793 -0.000190381 0.00429662 0.0135815
6.84 -7.29985e-05 0.000603389 0.000183902 -0.000195674 0.00459947 0.015091
6.86 -7.80677e-05 0.000613096 0.00019976 -0.00019024 0.00499609 0.0153338
6.88 -8.12808e-05 0.000582688 0.000213004 -0.000175779 0.00532732 0.0145733
6.9 -8.17959e-05 0.00053773 0.000244018 -0.000157208 0.00610298 0.0134489
6.92 -7.96645e-05 0.00050279 0.000276751 -0.000142989 0.00692166 0.012575
6.94 -7.60564e-05 0.000480843 0.000248738 -0.000137795 0.00622103 0.0120261
6.96 -7.20543e-05 0.000456519 0.000127838 -0.000136098 0.00319728 0.0114177
6.98 -6.75703e-05 0.000425217 -5.3811e-05 -0.000126429 -0.00134584 0.0106349
7 -6.12224e-05 0.000406691 -0.000236368 -0.000101061 -0.00591167 0.0101715
7.02 -5.18595e-05 0.000420914 -0.000371252 -6.03487e-05 -0.00928517 0.0105272
7.04 -3.98004e-05 0.000455573 -0.000437706 -1.03116e-05 -0.0109472 0.0113941
7.06 -2.65339e-05 0.000467387 -0.000441134 4.11684e-05 -0.0110329 0.0116895
7.08 -1.33327e-05 0.000420726 -0.000396638 8.63287e-05 -0.00992009 0.0105225
7.1 -4.69114e-07 0.000316877 -0.000316486 0.00011811 -0.00791546 0.00792524
7.12 1.22552e-05 0.000181644 -0.000214888 0.000130346 -0.00537445 0.004543
7.14 2.45485e-05 3.61349e-05 -0.000117984 0.000119024 -0.00295084 0.000903754
7.16 3.53423e-05 -0.000112474 -5.45034e-05 8.59607e-05 -0.00136315 -0.00281302
7.18 4.35275e-05 -0.00025767 -3.66833e-05 4.20458e-05 -0.000917465 -0.00644443
7.2 4.87223e-05 -0.000380753 -5.40077e-05 4.76954e-06 -0.00135075 -0.00952279
7.22 5.13501e-05 -0.000456575 -8.86866e-05 -9.61957e-06 -0.00221809 -0.0114191
7.24 5.21851e-05 -0.00047211 -0.000130102 7.1266e-06 -0.00325391 -0.0118077
7.26 5.18206e-05 -0.000436708 -0.000164136 5.35251e-05 -0.0041051 -0.0109222
7.28 5.05404e-05 -0.000375327 -0.000169468 0.00012001 -0.00423846 -0.00938707
7.3 4.85236e-05 -0.000315462 -0.000134616 0.000191831 -0.00336679 -0.00788983
7.32 4.60551e-05 -0.000277943 -6.49105e-05 0.000252466 -0.00162344 -0.00695147
7.34 4.3481e-05 -0.000273718 2.85415e-05 0.000286617 0.000713835 -0.0068458
7.36 4.09956e-05 -0.000304877 0.000134961 0.000282458 0.00337544 -0.00762509
7.38 3.84642e-05 -0.000365062 0.000240326 0.000234226 0.00601066 -0.00913036
7.4 3.54659e-05 -0.000439035 0.000326766 0.00014533 0.00817255 -0.0109804
7.42 3.15325e-05 -0.000505134 0.000378448 2.93764e-05 0.00946513 -0.0126336
7.44 2.64141e-05 -0.000539904 0.000388454 -9.32662e-05 0.0097154 -0.0135032
7.46 2.01401e-05 -0.000522732 0.0003619 -0.000201626 0.00905127 -0.0130737
7.48 1.28672e-05 -0.00044198 0.000312767 -0.000279184 0.00782243 -0.0110541
7.5 4.70729e-06 -0.000302516 0.000256599 -0.00031633 0.00641766 -0.00756604
7.52 -4.25507e-06 -0.000127506 0.000203782 -0.000311256 0.00509667 -0.00318896
7.54 -1.37568e-05 5.02658e-05 0.000158491 -0.000269861 0.00396393 0.00125717
7.56 -2.3213e-05 0.000201372 0.000123721 -0.000204321 0.00309431 0.00503641
7.58 -3.18886e-05 0.000308351 0.000103443 -0.000130401 0.00258716 0.00771199
7.6 -3.9241e-05 0.000366395 9.72669e-05 -6.37459e-05 0.00243269 0.0091637
7.62 -4.50681e-05 0.000379281 9.55941e-05 -1.5581e-05 0.00239085 0.00948599
7.64 -4.93254e-05 0.000357664 8.34992e-05 1.05147e-05 0.00208835 0.00894533
7.66 -5.18637e-05 0.000320328 4.97214e-05 1.87965e-05 0.00124355 0.00801153
7.68 -5.24111e-05 0.000290459 -7.62619e-06 1.84032e-05 -0.000190734 0.00726451
7.7 -5.07258e-05 0.000284667 -8.13013e-05 1.90133e-05 -0.00203338 0.00711966
7.72 -4.67196e-05 0.000305672 -0.000159231 2.72537e-05 -0.00398243 0.00764498
7.74 -4.05287e-05 0.000344886 -0.000229141 4.55027e-05 -0.00573091 0.00862574
7.76 -3.2489e-05 0.00038646 -0.000280638 7.29429e-05 -0.00701886 0.00966553
7.78 -2.30269e-05 0.00041036 -0.00030614 0.000106714 -0.00765669 0.0102633
7.8 -1.25868e-05 0.000399228 -0.000302798 0.000142028 -0.0075731 0.00998486
7.82 -1.63883e-06 0.000343117 -0.000273582 0.000172407 -0.00684241 0.00858151
7.84 9.34676e-06 0.000237367 -0.000226144 0.00019096 -0.00565596 0.00593666
7.86 2.00076e-05 8.31925e-05 -0.000169476 0.000192433 -0.00423867 0.00208069
7.88 3.01005e-05 -0.000103703 -0.000110212 0.000175538 -0.00275644 -0.00259366
7.9 3.93604e-05 -0.000291009 -5.46667e-05 0.000144519 -0.00136724 -0.00727825
7.92 4.73789e-05 -0.000445113 -1.25388e-05 0.000108019 -0.0003136 -0.0111324
7.94 5.3717e-05 -0.000548459 6.31948e-06 7.48834e-05 0.000158053 -0.0137172
7.96 5.81961e-05 -0.000599979 6.10893e-08 4.99963e-05 1.52787e-06 -0.0150057
7.98 6.10146e-05 -0.000605107 -2.00323e-05 3.33421e-05 -0.000501017 -0.015134
8 6.25105e-05 -0.000573401 -3.3762e-05 2.18415e-05 -0.000844402 -0.014341
8.02 6.28104e-05 -0.00052272 -2.34756e-05 1.14621e-05 -0.000587134 -0.0130734
8.04 6.1764e-05 -0.000476271 1.67986e-05 -1.4484e-06 0.000420141 -0.0119117
8.06 5.91897e-05 -0.000451408 8.21769e-05 -1.95548e-05 0.00205528 -0.0112899
8.08 5.50678e-05 -0.000451687 0.000163701 -4.47664e-05 0.00409424 -0.0112969
8.1 4.94626e-05 -0.000468635 0.000251967 -7.84625e-05 0.00630179 -0.0117207
8.12 4.23283e-05 -0.000487315 0.000335068 -0.000120193 0.00838019 -0.0121879
8.14 3.34378e-05 -0.000489525 0.000395777 -0.000165336 0.00989856 -0.0122432
8.16 2.25712e-05 -0.000456315 0.000414722 -0.000204475 0.0103724 -0.0114126
8.18 9.81277e-06 -0.000372121 0.000381944 -0.000226095 0.00955258 -0.00930689
8.2 -4.33552e-06 -0.00023061 0.00030755 -0.000220994 0.00769194 -0.00576765
8.22 -1.91041e-05 -4.02641e-05 0.000217635 -0.000185813 0.00544314 -0.00100702
8.24 -3.36991e-05 0.000175359 0.000137766 -0.00012428 0.00344559 0.00438581
8.26 -4.74261e-05 0.000385241 8.20109e-05 -4.5831e-05 0.00205113 0.00963505
8.28 -5.96737e-05 0.000562019 5.4292e-05 3.75073e-05 0.00135787 0.0140563
8.3 -6.98842e-05 0.000689208 5.19329e-05 0.000113935 0.00129886 0.0172374
8.32 -7.76099e-05 0.000761642 6.6466e-05 0.00017335 0.00166234 0.019049
8.34 -8.26139e-05 0.000782682 8.46047e-05 0.000208418 0.002116 0.0195752
8.36 -8.48981e-05 0.000762439 9.03141e-05 0.00021629 0.00225879 0.0190689
8.38 -8.46299e-05 0.000716642 6.93466e-05 0.000200291 0.00173439 0.0179235
8.4 -8.20771e-05 0.000663431 1.67876e-05 0.000169854 0.000419864 0.0165927
8.42 -7.75266e-05 0.000618417 -5.88015e-05 0.000137631 -0.00147065 0.0154669
8.44 -7.11256e-05 0.000591169 -0.000139984 0.000114825 -0.00350105 0.0147854
8.46 -6.30557e-05 0.000582265 -0.000209219 0.000107431 -0.00523266 0.0145627
8.48 -5.36102e-05 0.000579365 -0.00025466 0.000115046 -0.00636915 0.0144902
8.5 -4.30101e-05 0.000560807 -0.000271182 0.00013189 -0.00678238 0.014026
8.52 -3.13418e-05 0.000508576 -0.000259181 0.00014928 -0.00648223 0.0127197
8.54 -1.86207e-05 0.000416228 -0.000223368 0.000158554 -0.00558653 0.0104101
8.56 -5.0491e-06 0.000285544 -0.000171438 0.000153026 -0.00428774 0.00714158
8.58 8.82205e-06 0.000121974 -0.00011343 0.000128828 -0.00283693 0.00305064
8.6 2.21792e-05 -6.40633e-05 -6.13448e-05 8.5878e-05 -0.00153426 -0.00160224
8.62 3.42279e-05 -0.000254647 -2.58626e-05 2.89383e-05 -0.000646835 -0.00636883
8.64 4.4419e-05 -0.000426378 -1.03958e-05 -3.28181e-05 -0.000260004 -0.0106639
8.66 5.24789e-05 -0.000557569 -8.72603e-06 -8.8222e-05 -0.000218242 -0.013945
8.68 5.83144e-05 -0.000636216 -9.80788e-06 -0.000127384 -0.000245299 -0.015912
8.7 6.19443e-05 -0.000662699 -3.89962e-06 -0.000144582 -9.7531e-05 -0.0165744
8.72 6.34952e-05 -0.000646029 1.55676e-05 -0.00013977 0.000389352 -0.0161574
8.74 6.31875e-05 -0.000599546 5.29025e-05 -0.00011818 0.00132311 -0.0149949
8.76 6.12793e-05 -0.000540197 0.000109389 -8.86003e-05 0.00273586 -0.0135106
8.78 5.80042e-05 -0.000486974 0.000180146 -6.12678e-05 0.00450553 -0.0121794
8.8 5.34984e-05 -0.000454841 0.000253251 -4.53132e-05 0.00633392 -0.0113757
8.82 4.77716e-05 -0.000448175 0.000313951 -4.58198e-05 0.00785205 -0.0112091
8.84 4.07843e-05 -0.000458054 0.000350622 -6.18053e-05 0.0087692 -0.0114561
8.86 3.24958e-05 -0.000464989 0.000358552 -8.6329e-05 0.00896752 -0.0116296
8.88 2.28949e-05 -0.000447123 0.000340296 -0.000108713 0.00851094 -0.0111827
8.9 1.2093e-05 -0.000388758 0.000302035 -0.000118138 0.00755402 -0.009723
8.92 4.26181e-07 -0.000283091 0.000249936 -0.000107284 0.006251 -0.00708022
8.94 -1.15371e-05 -0.00013187 0.000192088 -7.44873e-05 0.00480419 -0.00329811
8.96 -2.31329e-05 5.2075e-05 0.000141039 -2.40769e-05 0.00352745 0.00130242
8.98 -3.37579e-05 0.000243157 0.000108436 3.45777e-05 0.00271202 0.00608147
9 -4.29235e-05 0.000409525 9.56594e-05 8.92291e-05 0.00239248 0.0102424
9.02 -5.02174e-05 0.000525901 9.16583e-05 0.000128113 0.00229241 0.013153
9.04 -5.5307e-05 0.000583525 8.0581e-05 0.00014342 0.00201536 0.0145942
9.06 -5.8057e-05 0.000589798 5.23172e-05 0.000133561 0.00130848 0.0147511
9.08 -5.86252e-05 0.000559282 7.35768e-06 0.000103626 0.000184019 0.0139879
9.1 -5.73688e-05 0.000506271 -4.64808e-05 6.38853e-05 -0.0011625 0.0126621
9.12 -5.46184e-05 0.000446 -0.000100641 2.67693e-05 -0.00251707 0.0111546
9.14 -5.05325e-05 0.000397336 -0.000151817 3.43972e-06 -0.00379701 0.00993753
9.16 -4.51673e-05 0.000377176 -0.000201944 7.28316e-07 -0.00505069 0.00943333
9.18 -3.87026e-05 0.000390349 -0.00024927 1.89333e-05 -0.00623435 0.0097628
9.2 -3.15564e-05 0.00042487 -0.000283511 5.16098e-05 -0.00709073 0.0106262
9.22 -2.42015e-05 0.0004561 -0.000295989 8.79973e-05 -0.00740281 0.0114073
9.24 -1.68367e-05 0.000456452 -0.000289959 0.000116855 -0.007252 0.0114161
9.26 -9.23226e-06 0.000405895 -0.000274115 0.000129759 -0.00685572 0.0101516
9.28 -9.87053e-07 0.000301484 -0.000250365 0.000122912 -0.00626173 0.00754025
9.3 7.93417e-06 0.000159471 -0.00021549 9.77816e-05 -0.0053895 0.00398845
9.32 1.69252e-05 3.37034e-06 -0.000172527 6.06637e-05 -0.00431497 8.42967e-05
9.34 2.50508e-05 -0.000149152 -0.000131723 2.05547e-05 -0.00329445 -0.00373035
9.36 3.16835e-05 -0.000283856 -0.000101489 -1.37382e-05 -0.00253829 -0.00709936
9.38 3.6843e-05 -0.000382302 -8.41317e-05 -3.5342e-05 -0.00210417 -0.00956152
9.4 4.08979e-05 -0.000428243 -7.60789e-05 -4.02539e-05 -0.00190277 -0.0107105
9.42 4.40078e-05 -0.000421841 -6.77082e-05 -2.86931e-05 -0.00169341 -0.0105504
9.44 4.59249e-05 -0.000382589 -4.83841e-05 -5.61328e-06 -0.00121011 -0.0095687
9.46 4.63161e-05 -0.000337303 -1.45832e-05 2.08762e-05 -0.000364732 -0.0084361
9.48 4.51597e-05 -0.000304572 3.1716e-05 4.17669e-05 0.00079323 -0.00761746
9.5 4.27423e-05 -0.000289036 8.86385e-05 4.90358e-05 0.00221689 -0.00722891
9.52 3.92886e-05 -0.000288234 0.000151346 3.77771e-05 0.00378522 -0.00720885
9.54 3.47116e-05 -0.000300558 0.000208399 8.16591e-06 0.00521213 -0.00751709
9.56 2.87743e-05 -0.000322294 0.000247775 -3.41669e-05 0.00619697 -0.00806072
9.58 2.14224e-05 -0.000338362 0.000264401 -7.94255e-05 0.00661277 -0.00846258
9.6 1.28929e-05 -0.00032471 0.000260347 -0.00011591 0.00651139 -0.00812112
9.62 3.55512e-06 -0.00026516 0.000240845 -0.000133374 0.00602364 -0.00663177
9.64 -6.21381e-06 -0.000163557 0.000211546 -0.000126693 0.00529087 -0.00409062
9.66 -1.59589e-05 -3.81565e-05 0.00017826 -9.7446e-05 0.00445837 -0.000954307
9.68 -2.50606e-05 9.23959e-05 0.000147108 -5.25461e-05 0.00367922 0.00231086
9.7 -3.28517e-05 0.000215073 0.000122687 -1.62535e-06 0.00306846 0.00537908
9.72 -3.88628e-05 0.000318644 0.000105228 4.52911e-05 0.00263181 0.00796942
9.74 -4.29289e-05 0.000390499 8.98672e-05 7.97763e-05 0.00224762 0.00976654
9.76 -4.50444e-05 0.000420262 6.96185e-05 9.66126e-05 0.00174119 0.0105109
9.78 -4.51614e-05 0.000406506 4.07978e-05 9.45149e-05 0.00102037 0.0101669
9.8 -4.31885e-05 0.000359446 6.49545e-06 7.61423e-05 0.000162454 0.0089899
9.82 -3.91975e-05 0.00029693 -2.63449e-05 4.78317e-05 -0.000658896 0.00742636
9.84 -3.35843e-05 0.000236846 -5.42475e-05 1.8568e-05 -0.00135675 0.00592361
9.86 -2.69619e-05 0.000190934 -8.05362e-05 -2.45701e-06 -0.00201425 0.00477533
9.88 -1.98428e-05 0.000162727 -0.000109901 -9.02223e-06 -0.00274867 0.00406988
9.9 -1.24064e-05 0.000148718 -0.000140922 -1.0154e-07 -0.00352451 0.00371949
9.92 -4.57639e-06 0.000140527 -0.000166191 2.01094e-05 -0.00415651 0.00351463
9.94 3.6814e-06 0.000126631 -0.000179087 4.43974e-05 -0.00447904 0.00316709
9.96 1.21434e-05 9.45734e-05 -0.000179041 6.57115e-05 -0.00447789 0.00236532
9.98 2.03918e-05 3.54527e-05 -0.000171481 7.94402e-05 -0.0042888 0.000886689
10 2.80601e-05 -5.16718e-05 -0.000163239 8.37645e-05 -0.00408267 -0.00129233
10.02 3.49892e-05 -0.000158626 -0.000156179 7.8615e-05 -0.00390611 -0.0039673
10.04 4.11332e-05 -0.000269946 -0.00014578 6.47729e-05 -0.00364602 -0.00675146
10.06 4.63285e-05 -0.000367405 -0.000127624 4.42141e-05 -0.00319193 -0.00918894
10.08 5.01935e-05 -0.00043581 -0.000103963 2.08857e-05 -0.00260015 -0.0108998
10.1 5.22913e-05 -0.000466506 -8.19298e-05 1.56372e-07 -0.0020491 -0.0116675
10.12 5.23936e-05 -0.000457761 -6.56085e-05 -1.34171e-05 -0.00164089 -0.0114488
10.14 5.05864e-05 -0.000415053 -5.15914e-05 -1.8552e-05 -0.00129032 -0.0103807
10.16 4.71379e-05 -0.000351271 -3.24861e-05 -1.81221e-05 -0.000812492 -0.00878542
10.18 4.2276e-05 -0.000283139 -2.86635e-06 -1.74764e-05 -7.16887e-05 -0.00708142
10.2 3.60811e-05 -0.00022532 3.77352e-05 -2.08929e-05 0.000943774 -0.00563534
10.22 2.85879e-05 -0.000186117 8.45109e-05 -2.88853e-05 0.00211365 -0.00465485
10.24 1.9976e-05 -0.000164444 0.000129433 -3.86061e-05 0.00323717 -0.00411282
10.26 1.06252e-05 -0.000149097 0.000165325 -4.62731e-05 0.00413484 -0.00372897
10.28 9.82806e-07 -0.000124907 0.000188618 -4.90023e-05 0.00471742 -0.00312396
10.3 -8.59823e-06 -8.20027e-05 0.000198518 -4.52616e-05 0.00496501 -0.00205092
10.32 -1.78834e-05 -1.80078e-05 0.000194611 -3.44982e-05 0.00486731 -0.000450378
10.34 -2.66422e-05 6.56974e-05 0.000176255 -1.64713e-05 0.0044082 0.00164312
10.36 -3.45478e-05 0.000165095 0.000145062 8.55594e-06 0.00362805 0.0041291
10.38 -4.12155e-05 0.000271411 0.000107991 3.82508e-05 0.00270091 0.0067881
10.4 -4.63322e-05 0.00037037 7.54451e-05 6.72594e-05 0.00188691 0.00926312
10.42 -4.97304e-05 0.000445217 5.4657e-05 8.87742e-05 0.00136699 0.0111351
10.44 -5.13439e-05 0.000482996 4.57155e-05 9.75489e-05 0.00114336 0.0120799
10.46 -5.11161e-05 0.000479756 4.31599e-05 9.20768e-05 0.00107945 0.0119989
10.48 -4.89717e-05 0.000440866 4.04854e-05 7.48071e-05 0.00101256 0.0110262
10.5 -4.48991e-05 0.000377976 3.36772e-05 5.06553e-05 0.000842281 0.00945333
10.52 -3.90648e-05 0.000305397 2.01024e-05 2.5065e-05 0.00050277 0.00763812
10.54 -3.18446e-05 0.000236705 -4.83649e-06 2.91555e-06 -0.000120963 0.0059201
10.56 -2.37238e-05 0.000181376 -4.56104e-05 -1.16359e-05 -0.00114073 0.00453628
10.58 -1.51308e-05 0.00014205 -9.93291e-05 -1.54407e-05 -0.00248426 0.00355274
10.6 -6.33043e-06 0.000114227 -0.000153852 -7.43634e-06 -0.0038479 0.00285688
10.62 2.54529e-06 8.89832e-05 -0.000194816 1.02381e-05 -0.00487244 0.00222551
10.64 1.13666e-05 5.6846e-05 -0.000213323 3.23734e-05 -0.0053353 0.00142175
10.66 1.98957e-05 1.10346e-05 -0.000208714 5.23704e-05 -0.00522003 0.000275983
10.68 2.77855e-05 -5.04995e-05 -0.000187508 6.45631e-05 -0.00468966 -0.00126301
10.7 3.46836e-05 -0.000125238 -0.000158714 6.59349e-05 -0.00396949 -0.00313226
10.72 4.03526e-05 -0.000207673 -0.000127709 5.64158e-05 -0.00319405 -0.00519399
10.74 4.46969e-05 -0.000289525 -9.55755e-05 3.81056e-05 -0.00239038 -0.00724113
10.76 4.76563e-05 -0.000359732 -6.44402e-05 1.46679e-05 -0.00161168 -0.00899705
10.78 4.9099e-05 -0.000407455 -3.94931e-05 -8.75168e-06 -0.000987738 -0.0101906
10.8 4.88444e-05 -0.000426564 -2.31667e-05 -2.61117e-05 -0.000579408 -0.0106686
10.82 4.68035e-05 -0.00041755 -1.07464e-05 -3.22331e-05 -0.000268772 -0.0104431
10.84 4.31126e-05 -0.00038602 5.76816e-06 -2.49821e-05 0.000144264 -0.00965452
10.86 3.81209e-05 -0.00033967 3.20686e-05 -6.49664e-06 0.000802048 -0.00849529
10.88 3.22186e-05 -0.000285466 6.96271e-05 1.75105e-05 0.0017414 -0.00713963
10.9 2.56508e-05 -0.000228632 0.000114597 4.01516e-05 0.00286612 -0.00571817
10.92 1.8481e-05 -0.000173613 0.000158379 5.58872e-05 0.00396112 -0.00434212
10.94 1.07372e-05 -0.000124844 0.000193622 6.15891e-05 0.00484258 -0.0031224
10.96 2.59516e-06 -8.52985e-05 0.000219063 5.61677e-05 0.00547885 -0.00213335
10.98 -5.58462e-06 -5.37637e-05 0.000236087 4.0091e-05 0.00590463 -0.00134465
11 -1.33923e-05 -2.5053e-05 0.000243351 1.56968e-05 0.0060863 -0.000626582
11.02 -2.05193e-05 6.68026e-06 0.000237507 -1.23654e-05 0.00594015 0.000167079
11.04 -2.67928e-05 4.67323e-05 0.000217644 -3.77534e-05 0.00544336 0.0011688
11.06 -3.21137e-05 0.000100057 0.000187181 -5.42301e-05 0.00468147 0.00250247
11.08 -3.63893e-05 0.000168132 0.000151856 -5.79657e-05 0.00379799 0.00420505
11.1 -3.95094e-05 0.000244825 0.000116643 -4.93107e-05 0.00291728 0.00612317
11.12 -4.13542e-05 0.000316897 8.45691e-05 -3.26634e-05 0.00211511 0.00792574
11.14 -4.18178e-05 0.000369536 5.65123e-05 -1.42193e-05 0.0014134 0.00924226
11.16 -4.08535e-05 0.000393347 3.07851e-05 6.80262e-07 0.000769947 0.00983777
11.18 -3.85394e-05 0.000387952 4.9582e-06 9.07387e-06 0.000124007 0.00970285
11.2 -3.51028e-05 0.000359454 -2.21529e-05 1.06968e-05 -0.000554053 0.00899011
11.22 -3.08426e-05 0.000315941 -5.2761e-05 7.44239e-06 -0.00131957 0.00790181
11.24 -2.59827e-05 0.000265864 -9.12587e-05 2.47892e-06 -0.00228242 0.00664937
11.26 -2.05831e-05 0.000217963 -0.000138368 -4.20142e-07 -0.00346063 0.00545136
11.28 -1.46128e-05 0.000180127 -0.000186822 2.46877e-06 -0.00467249 0.00450506
11.3 -8.13931e-06 0.000157187 -0.000227197 1.3745e-05 -0.00568228 0.00393132
11.32 -1.44897e-06 0.000148214 -0.000255157 3.37893e-05 -0.00638157 0.00370689
11.34 5.04068e-06 0.000144658 -0.000269527 6.0308e-05 -0.00674099 0.00361797
11.36 1.10083e-05 0.000132764 -0.000267644 8.86252e-05 -0.00669389 0.00332049
11.38 1.63812e-05 0.000100517 -0.000247662 0.000112789 -0.00619412 0.00251398
11.4 2.1274e-05 4.38785e-05 -0.000213299 0.000127523 -0.0053347 0.00109742
11.42 2.57874e-05 -3.20868e-05 -0.000172706 0.000130211 -0.00431945 -0.000802501
11.44 2.98315e-05 -0.000116114 -0.000133303 0.000121726 -0.00333396 -0.00290406
11.46 3.31058e-05 -0.000193875 -0.00010045 0.000105718 -0.00251229 -0.0048489
11.48 3.52542e-05 -0.000251781 -7.71779e-05 8.71043e-05 -0.00193025 -0.00629716
11.5 3.60714e-05 -0.00028355 -6.05749e-05 7.0455e-05 -0.001515 -0.0070917
11.52 3.56278e-05 -0.000293209 -4.2935e-05 5.83834e-05 -0.00107382 -0.00733327
11.54 3.42015e-05 -0.000288003 -1.93089e-05 5.06941e-05 -0.000482924 -0.00720306
11.56 3.20405e-05 -0.000271241 1.1843e-05 4.53331e-05 0.000296199 -0.00678385
11.58 2.91741e-05 -0.000247303 5.55087e-05 4.00441e-05 0.0013883 -0.00618516
11.6 2.54825e-05 -0.000227163 0.000116646 3.25115e-05 0.00291736 -0.00568144
11.62 2.09542e-05 -0.000219769 0.000188317 1.98804e-05 0.00470989 -0.00549651
11.64 1.58389e-05 -0.000221757 0.000253326 -1.13671e-08 0.00633579 -0.00554623
11.66 1.05049e-05 -0.000220982 0.000298086 -2.6918e-05 0.00745526 -0.00552685
11.68 5.13519e-06 -0.000206998 0.000318493 -5.81902e-05 0.00796563 -0.00517709
11.7 -3.98667e-07 -0.000176435 0.00031667 -8.95213e-05 0.00792005 -0.0044127
11.72 -6.33202e-06 -0.000131329 0.000298113 -0.000115417 0.00745594 -0.00328458
11.74 -1.26911e-05 -7.38834e-05 0.000268964 -0.00013049 0.00672691 -0.00184785
11.76 -1.91975e-05 -3.86649e-06 0.000233848 -0.000131425 0.00584863 -9.66993e-05
11.78 -2.54503e-05 7.75048e-05 0.000197441 -0.000117929 0.00493809 0.00193843
11.8 -3.11489e-05 0.000163134 0.000165611 -9.25244e-05 0.00414201 0.00408006
11.82 -3.61299e-05 0.00024192 0.000142413 -5.99181e-05 0.0035618 0.00605052
11.84 -4.02427e-05 0.000304664 0.000127349 -2.58705e-05 0.00318506 0.00761977
11.86 -4.32545e-05 0.000348369 0.000115852 4.2933e-06 0.0028975 0.00871286
11.88 -4.49102e-05 0.000375687 0.000100282 2.6934e-05 0.0025081 0.0093961
11.9 -4.50745e-05 0.000390129 7.16974e-05 4.07822e-05 0.00179318 0.00975729
11.92 -4.37939e-05 0.000393014 2.41924e-05 4.69159e-05 0.000605062 0.00982946
11.94 -4.12309e-05 0.000385934 -4.1147e-05 4.8198e-05 -0.0010291 0.00965238
11.96 -3.75584e-05 0.000373177 -0.000116226 4.86858e-05 -0.00290686 0.00933331
11.98 -3.29082e-05 0.000359372 -0.000189646 5.28933e-05 -0.00474312 0.00898806
12 -2.73867e-05 0.00034681 -0.000251849 6.44345e-05 -0.00629885 0.00867386
12.02 -2.11153e-05 0.000335796 -0.000298059 8.45458e-05 -0.00745459 0.00839839
12.04 -1.42567e-05 0.000324141 -0.000325881 0.000111311 -0.00815041 0.00810691
12.06 -7.014e-06 0.000305001 -0.000332363 0.00013963 -0.00831255 0.0076282
12.08 4.02918e-07 0.000268223 -0.000316722 0.000162146 -0.00792135 0.00670837
12.1 7.81987e-06 0.000206278 -0.000284316 0.000171662 -0.00711086 0.0051591
12.12 1.51054e-05 0.000119456 -0.000245611 0.00016414 -0.00614284 0.00298764
12.14 2.21258e-05 1.60286e-05 -0.000211008 0.000140271 -0.00527741 0.000400884
12.16 2.8691e-05 -9.14107e-05 -0.000185862 0.000104817 -0.0046485 -0.00228622
12.18 3.45359e-05 -0.000189888 -0.000168996 6.46876e-05 -0.00422667 -0.00474916
12.2 3.93737e-05 -0.000269151 -0.00015749 2.70198e-05 -0.00393889 -0.00673156
12.22 4.302e-05 -0.000323912 -0.000149734 -2.231e-06 -0.00374492 -0.00810116
12.24 4.54529e-05 -0.000353974 -0.000140074 -1.92515e-05 -0.0035033 -0.00885304
12.26 4.67373e-05 -0.000362585 -0.000117504 -2.31152e-05 -0.00293883 -0.00906841
12.28 4.68901e-05 -0.000355668 -7.40958e-05 -1.6222e-05 -0.00185317 -0.00889541
12.3 4.58155e-05 -0.000341712 -1.0885e-05 -4.00613e-06 -0.000272237 -0.00854635
12.32 4.33668e-05 -0.000329295 6.42761e-05 6.40985e-06 0.00160757 -0.00823579
12.34 3.94733e-05 -0.000323176 0.000140982 8.44268e-06 0.00352601 -0.00808275
12.36 3.42196e-05 -0.000323053 0.00021034 -1.66615e-06 0.00526069 -0.00807968
12.38 2.78245e-05 -0.000325123 0.000267082 -2.35649e-05 0.00667983 -0.00813146
12.4 2.05669e-05 -0.000323082 0.000307232 -5.29432e-05 0.007684 -0.0080804
12.42 1.27273e-05 -0.000308254 0.000325938 -8.27692e-05 0.00815185 -0.00770955
12.44 4.57602e-06 -0.000271928 0.000320664 -0.000105177 0.00801993 -0.00680103
12.46 -3.60975e-06 -0.000209997 0.000295944 -0.000113715 0.00740169 -0.00525211
12.48 -1.15289e-05 -0.0001258 0.000263094 -0.000105304 0.0065801 -0.00314631
12.5 -1.88546e-05 -2.9004e-05 0.000233446 -8.10325e-05 0.00583859 -0.000725399
12.52 -2.52474e-05 6.75629e-05 0.000211419 -4.55683e-05 0.00528767 0.00168978
12.54 -3.03867e-05 0.000151403 0.000195158 -5.82277e-06 0.00488099 0.00378665
12.56 -3.40193e-05 0.000213526 0.000182431 3.06078e-05 0.00456267 0.00534037
12.58 -3.60242e-05 0.000249781 0.000172563 5.69722e-05 0.00431588 0.00624712
12.6 -3.64445e-05 0.000260546 0.00016322 6.8613e-05 0.0040822 0.00651636
12.62 -3.54579e-05 0.000251197 0.00014915 6.39213e-05 0.00373029 0.00628254
12.64 -3.33188e-05 0.000231997 0.000124022 4.51352e-05 0.00310184 0.00580235
12.66 -3.03001e-05 0.000214289 8.18135e-05 1.82994e-05 0.00204619 0.00535946
12.68 -2.66508e-05 0.000205747 1.99121e-05 -8.42249e-06 0.000498009 0.00514581
12.7 -2.25802e-05 0.000209374 -5.6532e-05 -2.73046e-05 -0.00141389 0.00523652
12.72 -1.82817e-05 0.000225137 -0.000135863 -3.29037e-05 -0.00339798 0.00563078
12.74 -1.39641e-05 0.000249185 -0.000205361 -2.28012e-05 -0.00513618 0.00623222
12.76 -9.81353e-06 0.000270994 -0.000253153 2.1113e-06 -0.00633146 0.00677767
12.78 -5.89284e-06 0.000275974 -0.000269391 3.75946e-05 -0.00673757 0.00690223
12.8 -2.09896e-06 0.00025492 -0.000253455 7.68251e-05 -0.00633901 0.00637565
12.82 1.72763e-06 0.000209442 -0.000217849 0.000112136 -0.00544849 0.00523823
12.84 5.62431e-06 0.000147409 -0.000178274 0.000136894 -0.0044587 0.00368676
12.86 9.43428e-06 7.73878e-05 -0.000142998 0.000146879 -0.00357645 0.0019355
12.88 1.29102e-05 8.02221e-06 -0.000114834 0.000141416 -0.00287203 0.000200642
12.9 1.58481e-05 -5.15383e-05 -9.65784e-05 0.000123776 -0.00241546 -0.00128899
12.92 1.81254e-05 -9.19515e-05 -9.04694e-05 9.98875e-05 -0.00226268 -0.00229974
12.94 1.96561e-05 -0.000106772 -9.48013e-05 7.63809e-05 -0.00237102 -0.0026704
12.96 2.0344e-05 -9.93021e-05 -0.000101749 5.90501e-05 -0.0025448 -0.00248358
12.98 2.01321e-05 -8.34591e-05 -9.74441e-05 5.10445e-05 -0.00243712 -0.00208734
13 1.9088e-05 -7.32507e-05 -6.76815e-05 5.14611e-05 -0.00169274 -0.00183203
13.02 1.73838e-05 -7.36349e-05 -7.47219e-06 5.6341e-05 -0.000186883 -0.00184164
13.04 1.51681e-05 -8.3099e-05 7.48708e-05 6.10167e-05 0.00187255 -0.00207834
13.06 1.24853e-05 -0.000100744 0.000162964 6.12308e-05 0.0040758 -0.00251965
13.08 9.36702e-06 -0.00012742 0.000241718 5.33472e-05 0.00604547 -0.00318682
13.1 5.95642e-06 -0.000160268 0.000302378 3.51011e-05 0.00756261 -0.00400836
13.12 2.4657e-06 -0.000189052 0.000340263 6.6123e-06 0.00851012 -0.00472828
13.14 -9.88492e-07 -0.000201584 0.000351832 -2.90844e-05 0.00879948 -0.00504168
13.16 -4.44391e-06 -0.000192182 0.000337181 -6.62788e-05 0.00843305 -0.00480655
13.18 -7.95741e-06 -0.000162471 0.000303307 -9.78851e-05 0.00758584 -0.00406346
13.2 -1.14203e-05 -0.000116781 0.00026124 -0.000117715 0.00653372 -0.00292074
13.22 -1.45283e-05 -6.02368e-05 0.000220777 -0.000122844 0.00552173 -0.00150654
13.24 -1.69415e-05 2.90312e-07 0.000188875 -0.000114636 0.00472384 7.26405e-06
13.26 -1.84871e-05 5.6308e-05 0.000169043 -9.76399e-05 0.00422784 0.00140829
13.28 -1.92336e-05 0.000100759 0.000159341 -7.73303e-05 0.00398518 0.00252002
13.3 -1.94261e-05 0.000131725 0.000152907 -5.8377e-05 0.00382426 0.0032945
13.32 -1.93619e-05 0.000152317 0.000141291 -4.39244e-05 0.00353374 0.00380952
13.34 -1.92781e-05 0.000166452 0.000117107 -3.54339e-05 0.00292889 0.00416303
13.36 -1.92902e-05 0.000175826 7.62593e-05 -3.2642e-05 0.00190728 0.00439748
13.38 -1.93836e-05 0.000182112 1.93712e-05 -3.33496e-05 0.000484482 0.00455469
13.4 -1.94617e-05 0.000190781 -4.93041e-05 -3.31242e-05 -0.00123312 0.00477151
13.42 -1.94302e-05 0.000210231 -0.000123312 -2.58045e-05 -0.00308408 0.00525797
13.44 -1.9243e-05 0.000245427 -0.00019396 -5.58673e-06 -0.00485102 0.00613824
13.46 -1.88363e-05 0.000291714 -0.000251945 3.00251e-05 -0.00630124 0.00729588
13.48 -1.80024e-05 0.000335423 -0.000290019 7.8237e-05 -0.00725349 0.00838908
13.5 -1.63887e-05 0.000361869 -0.000302934 0.000131339 -0.00757651 0.00905049
13.52 -1.37131e-05 0.000363253 -0.000288853 0.000179454 -0.00722433 0.00908511
13.54 -1.00232e-05 0.000338799 -0.00025411 0.000214188 -0.0063554 0.00847352
13.56 -5.71143e-06 0.000289841 -0.000212363 0.000231023 -0.00531129 0.00724905
13.58 -1.21813e-06 0.000218544 -0.000175671 0.000229409 -0.00439361 0.00546589
13.6 3.27058e-06 0.000131341 -0.00014763 0.000211562 -0.0036923 0.0032849
13.62 7.81559e-06 4.03932e-05 -0.000125723 0.000181413 -0.00314439 0.00101025
13.64 1.24733e-05 -4.09316e-05 -0.000106245 0.000144289 -0.00265722 -0.00102371
13.66 1.70752e-05 -0.000104707 -8.72445e-05 0.000106714 -0.00218202 -0.00261877
13.68 2.12912e-05 -0.000151297 -6.93035e-05 7.52577e-05 -0.00173331 -0.003784
13.7 2.49121e-05 -0.00018738 -5.06807e-05 5.40367e-05 -0.00126755 -0.00468644
13.72 2.8022e-05 -0.000221356 -2.17339e-05 4.22979e-05 -0.000543573 -0.00553621
13.74 3.08551e-05 -0.000259503 3.07535e-05 3.44018e-05 0.000769159 -0.00649027
13.76 3.34798e-05 -0.000305935 0.000110843 2.28083e-05 0.00277224 -0.00765156
13.78 3.56688e-05 -0.000364262 0.000207595 1.87724e-06 0.00519203 -0.00911033
13.8 3.7092e-05 -0.000434977 0.000302472 -3.01553e-05 0.00756496 -0.010879
13.82 3.75838e-05 -0.00050947 0.000379338 -7.1548e-05 0.00948741 -0.0127421
13.84 3.71672e-05 -0.000570359 0.000428725 -0.000118459 0.0107226 -0.0142649
13.86 3.58491e-05 -0.00060171 0.000448283 -0.000166035 0.0112117 -0.015049
13.88 3.34907e-05 -0.000598356 0.000440761 -0.000208657 0.0110236 -0.0149651
13.9 2.99278e-05 -0.000563579 0.000411001 -0.000239758 0.0102793 -0.0140953
13.92 2.51738e-05 -0.000500143 0.000365392 -0.000252493 0.00913861 -0.0125088
13.94 1.94344e-05 -0.000408032 0.000313057 -0.000242075 0.00782969 -0.0102051
13.96 1.29154e-05 -0.000291359 0.00026529 -0.000208669 0.00663501 -0.007287
13.98 5.6844e-06 -0.00016402 0.000232704 -0.000158404 0.00582001 -0.00410222
14 -2.2321e-06 -4.67363e-05 0.000221605 -0.000101267 0.00554244 -0.00116889
14.02 -1.05824e-05 4.18571e-05 0.000230077 -4.73732e-05 0.00575433 0.00104687
14.04 -1.87647e-05 9.54065e-05 0.000246919 -4.10485e-06 0.00617554 0.00238616
14.06 -2.60761e-05 0.000126482 0.00025457 2.51401e-05 0.00636691 0.00316336
14.08 -3.21494e-05 0.000160175 0.000233833 4.1365e-05 0.00584827 0.00400604
14.1 -3.71442e-05 0.000215093 0.000172742 4.93129e-05 0.00432035 0.00537957
14.12 -4.14511e-05 0.000292173 7.54178e-05 5.5232e-05 0.00188623 0.00730738
14.14 -4.51876e-05 0.000382153 -3.94538e-05 6.47534e-05 -0.000986757 0.0095578
14.16 -4.80012e-05 0.000476306 -0.000147782 8.21585e-05 -0.00369609 0.0119126
14.18 -4.93973e-05 0.000567246 -0.000227884 0.000109512 -0.00569947 0.0141871
14.2 -4.9231e-05 0.000643886 -0.000267322 0.000145154 -0.00668584 0.0161039
14.22 -4.78093e-05 0.000688386 -0.000266999 0.000183491 -0.00667776 0.0172168
14.24 -4.54738e-05 0.000681139 -0.000237943 0.000216463 -0.00595106 0.0170356
14.26 -4.21269e-05 0.00061486 -0.000196333 0.000235603 -0.00491037 0.0153779
14.28 -3.72647e-05 0.000505341 -0.000158682 0.000234932 -0.0039687 0.0126388
14.3 -3.05213e-05 0.000383287 -0.00013454 0.000214223 -0.00336489 0.00958618
14.32 -2.21599e-05 0.000272116 -0.00012474 0.00017964 -0.00311981 0.00680575
14.34 -1.29617e-05 0.000176293 -0.000127639 0.000140223 -0.00319229 0.00440918
14.36 -3.65167e-06 9.17257e-05 -0.000139893 0.000103247 -0.00349877 0.0022941
14.38 5.48937e-06 1.7278e-05 -0.000150962 7.21859e-05 -0.00377563 0.000432135
14.4 1.4484e-05 -4.95898e-05 -0.000145453 4.69112e-05 -0.00363783 -0.00124025
14.42 2.32453e-05 -0.000118409 -0.000112606 2.46366e-05 -0.00281633 -0.00296146
14.44 3.13921e-05 -0.00019936 -5.22318e-05 2.1806e-06 -0.00130634 -0.00498608
14.46 3.84622e-05 -0.000294142 2.51344e-05 -2.15011e-05 0.000628623 -0.00735662
14.48 4.42131e-05 -0.000394131 0.000103862 -4.56073e-05 0.00259764 -0.00985737
14.5 4.86555e-05 -0.000485275 0.000173446 -6.99003e-05 0.00433795 -0.0121369
14.52 5.18158e-05 -0.00055624 0.000232087 -9.53856e-05 0.00580459 -0.0139118
14.54 5.35221e-05 -0.000603851 0.000279446 -0.000122721 0.00698907 -0.0151026
14.56 5.34284e-05 -0.000629223 0.000311843 -0.000150736 0.00779933 -0.0157371
14.58 5.12175e-05 -0.000629956 0.000326184 -0.000175811 0.008158 -0.0157555
14.6 4.67969e-05 -0.000601314 0.000323191 -0.000192216 0.00808314 -0.0150391
14.62 4.03821e-05 -0.000544095 0.000305647 -0.000194572 0.00764437 -0.013608
14.64 3.24168e-05 -0.000463873 0.000276612 -0.000181195 0.00691817 -0.0116016
14.66 2.33817e-05 -0.00036312 0.000238831 -0.000154542 0.00597326 -0.00908178
14.68 1.36421e-05 -0.000243387 0.000195617 -0.000118423 0.00489246 -0.0060872
14.7 3.47036e-06 -0.000114488 0.00015391 -7.62005e-05 0.00384935 -0.00286339
14.72 -6.80629e-06 9.34211e-06 0.000123433 -3.15474e-05 0.00308712 0.000233654
14.74 -1.67603e-05 0.000121995 0.000108177 1.11796e-05 0.00270555 0.00305116
14.76 -2.5992e-05 0.000224551 9.97835e-05 4.78748e-05 0.00249563 0.00561613
14.78 -3.42629e-05 0.000314145 8.40889e-05 7.4991e-05 0.0021031 0.0078569
14.8 -4.14536e-05 0.000383416 5.41339e-05 8.99687e-05 0.00135391 0.00958941
14.82 -4.73896e-05 0.000429824 1.24536e-05 9.34675e-05 0.00031147 0.0107501
14.84 -5.17399e-05 0.00045944 -3.72374e-05 9.07977e-05 -0.000931322 0.0114908
14.86 -5.41289e-05 0.000483525 -9.38153e-05 8.96967e-05 -0.00234636 0.0120932
14.88 -5.43526e-05 0.000512206 -0.000155476 9.67284e-05 -0.00388852 0.0128105
14.9 -5.24552e-05 0.000545324 -0.000216514 0.000115046 -0.0054151 0.0136388
14.92 -4.8591e-05 0.000567809 -0.000264166 0.000142791 -0.0066069 0.0142011
14.94 -4.28508e-05 0.000559126 -0.00028054 0.000172563 -0.00701643 0.013984
14.96 -3.52616e-05 0.000509406 -0.0002577 0.000194384 -0.00644519 0.0127405
14.98 -2.59967e-05 0.000424424 -0.000209178 0.00020079 -0.00523162 0.010615
15 -1.55696e-05 0.000316855 -0.000156601 0.000189401 -0.00391666 0.00792469
15.02 -4.76458e-06 0.000196948 -0.000108895 0.000161792 -0.0027235 0.00492575
15.04 5.67991e-06 7.00385e-05 -6.39719e-05 0.000121446 -0.00159996 0.0017517
15.06 1.53795e-05 -6.09986e-05 -2.44184e-05 7.25077e-05 -0.000610714 -0.0015256
15.08 2.43391e-05 -0.000190678 1.33954e-06 1.94233e-05 3.35025e-05 -0.00476894
15.1 3.26739e-05 -0.000308222 1.17321e-05 -3.21871e-05 0.000293425 -0.00770876
15.12 4.02704e-05 -0.000403331 1.81168e-05 -7.47502e-05 0.000453109 -0.0100875
15.14 4.67146e-05 -0.000473773 3.76182e-05 -0.000100873 0.000940847 -0.0118493
15.16 5.15357e-05 -0.000522282 7.99389e-05 -0.000107619 0.0019993 -0.0130625
15.18 5.44809e-05 -0.0005483 0.00013953 -9.84502e-05 0.0034897 -0.0137132
15.2 5.55314e-05 -0.000549477 0.000201985 -8.13779e-05 0.00505172 -0.0137426
15.22 5.46761e-05 -0.000529271 0.0002577 -6.59459e-05 0.00644519 -0.0132373
15.24 5.17374e-05 -0.000497969 0.000304624 -6.02038e-05 0.00761878 -0.0124544
15.26 4.64916e-05 -0.000466415 0.000339089 -6.76327e-05 0.00848075 -0.0116652
15.28 3.89667e-05 -0.000437707 0.000352951 -8.59734e-05 0.00882744 -0.0109472
15.3 2.95431e-05 -0.000402469 0.000341893 -0.000108877 0.00855088 -0.0100659
15.32 1.8758e-05 -0.000345333 0.000310086 -0.000128193 0.00775538 -0.00863693
15.34 7.08915e-06 -0.000259533 0.000266745 -0.000135792 0.0066714 -0.00649101
15.36 -5.04187e-06 -0.000150676 0.000222568 -0.000125944 0.00556652 -0.00376846
15.38 -1.71462e-05 -2.41802e-05 0.000185828 -9.72407e-05 0.00464763 -0.000604753
15.4 -2.86856e-05 0.000121138 0.000158221 -5.22393e-05 0.00395718 0.00302971
15.42 -3.92405e-05 0.000280708 0.000136962 3.59609e-06 0.00342548 0.00702064
15.44 -4.85816e-05 0.000433966 0.000119334 6.17954e-05 0.0029846 0.0108537
15.46 -5.6511e-05 0.000554247 0.000100988 0.000111847 0.00252574 0.013862
15.48 -6.26697e-05 0.000626073 7.33759e-05 0.000144867 0.00183516 0.0156584
15.5 -6.65783e-05 0.000650577 2.89644e-05 0.00015714 0.000724412 0.0162712
15.52 -6.78897e-05 0.000638887 -3.074e-05 0.000150956 -0.000768821 0.0159788
15.54 -6.65874e-05 0.000604279 -9.44181e-05 0.00013352 -0.00236144 0.0151133
15.56 -6.29397e-05 0.00055852 -0.000149383 0.000114625 -0.00373614 0.0139688
15.58 -5.72333e-05 0.000510369 -0.000189675 0.000102786 -0.00474385 0.0127645
15.6 -4.95697e-05 0.000464179 -0.000214995 0.000101461 -0.00537712 0.0116093
15.62 -3.99711e-05 0.000420427 -0.000225349 0.000108079 -0.00563608 0.0105151
15.64 -2.86658e-05 0.000376516 -0.000220515 0.000116334 -0.00551517 0.00941683
15.66 -1.62537e-05 0.000324416 -0.000202936 0.00011955 -0.00507551 0.00811379
15.68 -3.53022e-06 0.000250432 -0.0001775 0.000112869 -0.00443935 0.00626341
15.7 8.87631e-06 0.000144337 -0.000149201 9.38923e-05 -0.00373157 0.00360993
15.72 2.06608e-05 1.05159e-05 -0.000122986 6.29338e-05 -0.00307592 0.000263013
15.74 3.16504e-05 -0.000134407 -0.000102552 2.32986e-05 -0.00256486 -0.00336156
15.76 4.1499e-05 -0.000273043 -8.60792e-05 -1.93336e-05 -0.00215288 -0.0068289
15.78 4.95871e-05 -0.000390816 -6.72167e-05 -5.83144e-05 -0.00168112 -0.00977446
15.8 5.52266e-05 -0.000474446 -4.36686e-05 -8.70425e-05 -0.00109217 -0.0118661
15.82 5.80011e-05 -0.000515932 -1.90655e-05 -0.000100296 -0.000476836 -0.0129037
15.84 5.79548e-05 -0.000516473 5.43733e-06 -9.66415e-05 0.00013599 -0.0129172
15.86 5.54922e-05 -0.000483938 3.28536e-05 -7.96076e-05 0.000821681 -0.0121035
15.88 5.10895e-05 -0.000429215 6.40509e-05 -5.58643e-05 0.00160194 -0.0107348
15.9 4.50486e-05 -0.000365028 9.79159e-05 -3.23512e-05 0.00244892 -0.0091295
15.92 3.74969e-05 -0.000303597 0.000134623 -1.44006e-05 0.00336698 -0.00759309
15.94 2.85979e-05 -0.000252501 0.000171886 -4.706e-06 0.00429894 -0.00631516
15.96 1.87411e-05 -0.000212637 0.000202862 -3.10528e-06 0.00507366 -0.00531813
15.98 8.52273e-06 -0.000178907 0.000222547 -7.52714e-06 0.00556598 -0.00447454
16 -1.48614e-06 -0.000140976 0.000230658 -1.49717e-05 0.00576886 -0.00352587
16.02 -1.09944e-05 -8.56547e-05 0.000226636 -2.14087e-05 0.00566827 -0.00214226
16.04 -2.00261e-05 -4.77169e-06 0.000209345 -2.18424e-05 0.00523581 -0.000119337
16.06 -2.86476e-05 9.7044e-05 0.000182115 -1.22103e-05 0.00455476 0.00242712
16.08 -3.66147e-05 0.000205132 0.000150936 8.00897e-06 0.00377498 0.00513044
16.1 -4.33035e-05 0.000304971 0.000119891 3.51002e-05 0.00299853 0.00762746
16.12 -4.80269e-05 0.000386453 9.35849e-05 6.28109e-05 0.0023406 0.00966536
16.14 -5.04409e-05 0.000440712 7.80521e-05 8.47814e-05 0.00195212 0.0110224
16.16 -5.06592e-05 0.000459755 7.33741e-05 9.65478e-05 0.00183512 0.0114987
16.18 -4.89915e-05 0.000441167 7.07245e-05 9.67423e-05 0.00176885 0.0110338
16.2 -4.5601e-05 0.000391168 6.06816e-05 8.67795e-05 0.00151767 0.00978328
16.22 -4.04334e-05 0.000322905 3.95825e-05 6.92808e-05 0.000989974 0.008076
16.24 -3.34672e-05 0.000251 7.95649e-06 4.71572e-05 0.000198995 0.00627763
16.26 -2.49957e-05 0.000185112 -3.00826e-05 2.40784e-05 -0.00075238 0.00462973
16.28 -1.56287e-05 0.000127485 -6.65482e-05 4.65687e-06 -0.0016644 0.00318846
16.3 -6.01392e-06 7.62914e-05 -9.50852e-05 -6.83671e-06 -0.00237812 0.00190809
16.32 3.4444e-06 2.96358e-05 -0.000115366 -8.40834e-06 -0.00288535 0.000741208
16.34 1.26145e-05 -1.48119e-05 -0.0001274 -1.6239e-06 -0.00318632 -0.000370447
16.36 2.14302e-05 -6.21154e-05 -0.000126416 8.63862e-06 -0.00316171 -0.00155353
16.38 2.96788e-05 -0.000118606 -0.000109302 1.63444e-05 -0.00273368 -0.00296639
16.4 3.69712e-05 -0.000186322 -8.16961e-05 1.73925e-05 -0.00204325 -0.00465998
16.42 4.28837e-05 -0.000259269 -5.4253e-05 1.14807e-05 -0.00135689 -0.00648441
16.44 4.71103e-05 -0.000325912 -3.46456e-05 1.43535e-06 -0.000866502 -0.00815119
16.46 4.94926e-05 -0.000375241 -2.46108e-05 -9.09022e-06 -0.000615526 -0.00938493
16.48 4.99558e-05 -0.000401439 -2.08272e-05 -1.74471e-05 -0.000520896 -0.0100402
16.5 4.84728e-05 -0.000404592 -1.70937e-05 -2.2194e-05 -0.000427521 -0.010119
16.52 4.50962e-05 -0.000386999 -8.93515e-06 -2.22763e-05 -0.000223472 -0.009679
16.54 3.99971e-05 -0.000349216 3.79734e-06 -1.64414e-05 9.49731e-05 -0.00873404
16.56 3.34541e-05 -0.000291755 2.11182e-05 -3.77673e-06 0.000528174 -0.0072969
16.58 2.58012e-05 -0.000219557 4.65747e-05 1.46539e-05 0.00116485 -0.00549122
16.6 1.73707e-05 -0.000141522 8.2377e-05 3.46882e-05 0.00206028 -0.00353951
16.62 8.46749e-06 -6.65582e-05 0.000122968 5.033e-05 0.00307549 -0.00166464
16.64 -6.08939e-07 -1.7265e-06 0.000157918 5.67122e-05 0.00394959 -4.3176e-05
16.66 -9.54093e-06 4.95183e-05 0.000180454 5.22472e-05 0.00451322 0.00123848
16.68 -1.80205e-05 8.96396e-05 0.000190428 3.9016e-05 0.00476269 0.00224193
16.7 -2.58002e-05 0.000124952 0.000190596 2.1864e-05 0.00476689 0.00312511
16.72 -3.27e-05 0.000161249 0.000182446 6.4174e-06 0.00456306 0.00403291
16.74 -3.85513e-05 0.000202182 0.000165353 -2.95638e-06 0.00413554 0.00505667
16.76 -4.31307e-05 0.000248283 0.000140299 -3.92085e-06 0.00350893 0.00620967
16.78 -4.61699e-05 0.00029576 0.000114718 3.73138e-06 0.00286914 0.00739708
16.8 -4.74637e-05 0.000338049 9.94415e-05 1.77916e-05 0.00248707 0.00845475
16.82 -4.69768e-05 0.000368251 9.7e-05 3.39897e-05 0.00242601 0.00921012
16.84 -4.48358e-05 0.000379745 9.72403e-05 4.73625e-05 0.00243202 0.00949759
16.86 -4.12252e-05 0.000367417 8.92954e-05 5.36072e-05 0.00223332 0.00918925
16.88 -3.63048e-05 0.000330162 7.32825e-05 5.00734e-05 0.00183283 0.00825749
16.9 -3.02264e-05 0.000271571 5.60602e-05 3.66774e-05 0.00140209 0.00679211
16.92 -2.32016e-05 0.000198479 4.03152e-05 1.62704e-05 0.0010083 0.00496405
16.94 -1.55099e-05 0.000119526 2.18781e-05 -6.00305e-06 0.000547181 0.0029894
16.96 -7.42525e-06 4.37065e-05 -4.41235e-06 -2.40619e-05 -0.000110355 0.00109312
16.98 8.48775e-07 -2.21437e-05 -3.70896e-05 -3.27023e-05 -0.000927627 -0.000553818
17 9.14847e-06 -7.52869e-05 -6.60477e-05 -2.95533e-05 -0.00165188 -0.00188295
17.02 1.72567e-05 -0.000116645 -8.14036e-05 -1.59934e-05 -0.00203594 -0.00291735
17.04 2.48617e-05 -0.000149571 -8.41279e-05 3.85811e-06 -0.00210407 -0.00374082
17.06 3.16241e-05 -0.000178806 -8.35041e-05 2.50589e-05 -0.00208847 -0.00447201
17.08 3.72816e-05 -0.000208294 -8.53417e-05 4.31076e-05 -0.00213443 -0.00520951
17.1 4.16766e-05 -0.000238949 -8.68132e-05 5.44535e-05 -0.00217124 -0.00597621
17.12 4.46816e-05 -0.000268818 -8.23778e-05 5.68802e-05 -0.0020603 -0.00672324
17.14 4.61278e-05 -0.000294613 -7.16847e-05 4.99348e-05 -0.00179286 -0.00736839
17.16 4.58413e-05 -0.000312683 -5.97462e-05 3.53481e-05 -0.00149428 -0.00782033
17.18 4.3762e-05 -0.000319141 -5.03789e-05 1.70567e-05 -0.00126 -0.00798185
17.2 4.00159e-05 -0.000309812 -4.24919e-05 1.46562e-07 -0.00106274 -0.00774853
17.22 3.4863e-05 -0.000281472 -3.27607e-05 -1.10534e-05 -0.000819359 -0.00703974
17.24 2.85763e-05 -0.000234068 -1.88006e-05 -1.44721e-05 -0.000470211 -0.00585414
17.26 2.13611e-05 -0.000170917 -9.15436e-08 -1.04878e-05 -2.28955e-06 -0.00427471
17.28 1.33723e-05 -9.72394e-05 2.14839e-05 -9.88908e-07 0.00053732 -0.00243199
17.3 4.81316e-06 -2.00824e-05 4.263e-05 1.16641e-05 0.00106619 -0.000502265
17.32 -3.97549e-06 5.22013e-05 6.14219e-05 2.48719e-05 0.00153619 0.00130558
17.34 -1.25357e-05 0.000113443 7.82425e-05 3.56954e-05 0.00195688 0.00283727
17.36 -2.04336e-05 0.000162487 9.3791e-05 4.15007e-05 0.00234575 0.00406387
17.38 -2.74106e-05 0.000202096 0.000106924 4.11917e-05 0.00267423 0.00505452
17.4 -3.33998e-05 0.000235729 0.000114375 3.59582e-05 0.00286057 0.00589569
17.42 -3.8375e-05 0.000265004 0.000113297 2.8882e-05 0.0028336 0.00662787
17.44 -4.21854e-05 0.000289759 0.000105507 2.33873e-05 0.00263879 0.007247
17.46 -4.45564e-05 0.000309612 9.77991e-05 2.14272e-05 0.002446 0.00774353
17.48 -4.52577e-05 0.000323685 9.57544e-05 2.28166e-05 0.00239486 0.00809551
17.5 -4.42626e-05 0.000329235 9.83492e-05 2.60479e-05 0.00245975 0.0082343
17.52 -4.17372e-05 0.000322091 0.000100329 2.95856e-05 0.00250928 0.00805564
17.54 -3.78714e-05 0.000298247 9.84314e-05 3.25086e-05 0.00246181 0.00745928
17.56 -3.27252e-05 0.000255597 9.35015e-05 3.41267e-05 0.00233851 0.0063926
17.58 -2.62568e-05 0.000196018 8.72947e-05 3.3384e-05 0.00218328 0.00490251
17.6 -1.84998e-05 0.000125141 7.90409e-05 2.92589e-05 0.00197685 0.00312984
17.62 -9.70499e-06 4.88979e-05 6.6025e-05 2.19002e-05 0.00165131 0.00122296
17.64 -3.09469e-07 -2.86136e-05 4.68185e-05 1.3023e-05 0.00117095 -0.000715634
17.66 9.22365e-06 -0.000103946 2.32396e-05 5.04336e-06 0.000581233 -0.00259973
17.68 1.85346e-05 -0.000173197 -5.16199e-07 -3.01321e-07 -1.29104e-05 -0.00433171
17.7 2.73576e-05 -0.000233211 -2.04182e-05 -2.92218e-06 -0.000510668 -0.00583269
17.72 3.54257e-05 -0.000283444 -3.42864e-05 -4.26494e-06 -0.000857518 -0.00708906
17.74 4.24183e-05 -0.000325699 -4.11509e-05 -6.12399e-06 -0.0010292 -0.00814585
17.76 4.80014e-05 -0.000361018 -4.05741e-05 -9.41992e-06 -0.00101477 -0.00902922
17.78 5.18964e-05 -0.000386942 -3.41472e-05 -1.39584e-05 -0.000854034 -0.00967758
17.8 5.39058e-05 -0.000398876 -2.57412e-05 -1.90771e-05 -0.000643797 -0.00997605
17.82 5.38917e-05 -0.000394157 -1.81629e-05 -2.43275e-05 -0.000454263 -0.00985802
17.84 5.17664e-05 -0.000374077 -1.12434e-05 -2.94754e-05 -0.000281201 -0.00935581
17.86 4.75228e-05 -0.000341953 -4.33446e-06 -3.3829e-05 -0.000108407 -0.00855239
17.88 4.12783e-05 -0.000299423 1.27332e-06 -3.56527e-05 3.18462e-05 -0.00748868
17.9 3.32739e-05 -0.000244774 3.72072e-06 -3.24191e-05 9.30569e-05 -0.00612189
17.92 2.38155e-05 -0.000175081 3.56242e-06 -2.19301e-05 8.90976e-05 -0.00437886
17.94 1.32164e-05 -8.98192e-05 3.99261e-06 -3.6129e-06 9.98569e-05 -0.00224641
17.96 1.80692e-06 7.38045e-06 8.05213e-06 2.0926e-05 0.000201387 0.000184593
17.98 -9.9943e-06 0.000109552 1.66796e-05 4.8436e-05 0.000417164 0.00273994
18 -2.1641e-05 0.000209161 2.89921e-05 7.50736e-05 0.000725104 0.0052312
18.02 -3.25391e-05 0.000301161 4.33029e-05 9.72973e-05 0.00108302 0.00753216
18.04 -4.22111e-05 0.000382945 5.83315e-05 0.000112495 0.00145889 0.00957763
18.06 -5.03957e-05 0.000451071 7.34973e-05 0.000119301 0.0018382 0.0112815
18.08 -5.69823e-05 0.000500126 8.72287e-05 0.000117558 0.00218163 0.0125084
18.1 -6.18461e-05 0.000526233 9.64035e-05 0.000108284 0.00241109 0.0131613
18.12 -6.47632e-05 0.00053033 9.95511e-05 9.3807e-05 0.00248982 0.0132638
18.14 -6.54933e-05 0.00051697 9.90804e-05 7.74584e-05 0.00247804 0.0129296
18.16 -6.39431e-05 0.000490905 9.82132e-05 6.25344e-05 0.00245635 0.0122777
18.18 -6.02375e-05 0.000455271 9.70807e-05 5.12377e-05 0.00242803 0.0113865
18.2 -5.46289e-05 0.000411199 9.3363e-05 4.42268e-05 0.00233505 0.0102843
18.22 -4.73385e-05 0.00035796 8.58215e-05 4.05489e-05 0.00214643 0.00895273
18.24 -3.84903e-05 0.000294219 7.58576e-05 3.7833e-05 0.00189723 0.00735855
18.26 -2.82002e-05 0.000219574 6.56622e-05 3.31118e-05 0.00164224 0.00549164
18.28 -1.67223e-05 0.000134635 5.56802e-05 2.40652e-05 0.00139259 0.00336728
18.3 -4.50673e-06 4.03312e-05 4.42617e-05 9.83576e-06 0.001107 0.0010087
18.32 7.8894e-06 -6.16715e-05 2.9938e-05 -8.92032e-06 0.000748762 -0.00154242
18.34 1.99503e-05 -0.000167705 1.38691e-05 -3.04204e-05 0.000346873 -0.00419436
18.36 3.1277e-05 -0.000271673 -6.21183e-07 -5.23108e-05 -1.55361e-05 -0.00679464
18.38 4.15489e-05 -0.00036629 -1.12117e-05 -7.21793e-05 -0.000280409 -0.00916105
18.4 5.04507e-05 -0.000445115 -1.86707e-05 -8.77816e-05 -0.000466962 -0.0111325
18.42 5.76581e-05 -0.000503574 -2.50907e-05 -9.71264e-05 -0.000627529 -0.0125946
18.44 6.28888e-05 -0.000538576 -3.08281e-05 -9.88011e-05 -0.000771023 -0.01347
18.46 6.59564e-05 -0.00054851 -3.4437e-05 -9.25122e-05 -0.000861285 -0.0137185
18.48 6.67812e-05 -0.00053429 -3.53248e-05 -7.94012e-05 -0.000883487 -0.0133628
18.5 6.53702e-05 -0.000499931 -3.51584e-05 -6.17578e-05 -0.000879326 -0.0125035
18.52 6.18045e-05 -0.000451678 -3.59515e-05 -4.21573e-05 -0.000899162 -0.0112967
18.54 5.62279e-05 -0.000395959 -3.74085e-05 -2.25152e-05 -0.000935602 -0.0099031
18.56 4.88449e-05 -0.000337236 -3.69499e-05 -3.62482e-06 -0.000924132 -0.00843441
18.58 3.99142e-05 -0.000276497 -3.23183e-05 1.46773e-05 -0.000808293 -0.00691529
18.6 2.97299e-05 -0.000211155 -2.36086e-05 3.30156e-05 -0.000590461 -0.00528106
18.62 1.86105e-05 -0.000137209 -1.25759e-05 5.19611e-05 -0.000314527 -0.00343165
18.64 6.91048e-06 -5.24708e-05 -6.39034e-07 7.15767e-05 -1.59825e-05 -0.00131231
18.66 -4.95198e-06 4.16108e-05 1.20942e-05 9.10766e-05 0.000302482 0.00104071
18.68 -1.64941e-05 0.00014033 2.62764e-05 0.000108754 0.000657183 0.00350973
18.7 -2.72146e-05 0.000237004 4.1985e-05 0.000122312 0.00105006 0.00592758
18.72 -3.66667e-05 0.000324089 5.78184e-05 0.000129522 0.00144606 0.00810562
18.74 -4.4509e-05 0.000394179 7.17013e-05 0.000128972 0.00179328 0.00985859
18.76 -5.05041e-05 0.000441259 8.28073e-05 0.000120519 0.00207104 0.0110361
18.78 -5.44876e-05 0.000462236 9.21391e-05 0.000105275 0.00230444 0.0115607
18.8 -5.63548e-05 0.00045785 0.000101086 8.52532e-05 0.00252821 0.011451
18.82 -5.60808e-05 0.000432238 0.000109735 6.2942e-05 0.00274451 0.0108105
18.84 -5.37499e-05 0.000391522 0.000116566 4.08775e-05 0.00291536 0.00979214
18.86 -4.95572e-05 0.000342349 0.000119659 2.11769e-05 0.00299273 0.00856231
18.88 -4.3774e-05 0.000290553 0.000118076 5.08214e-06 0.00295312 0.00726685
18.9 -3.67027e-05 0.000239402 0.000112204 -7.32917e-06 0.00280628 0.00598754
18.92 -2.86322e-05 0.000188212 0.000103157 -1.71137e-05 0.00258001 0.00470728
18.94 -1.98111e-05 0.000133368 9.21114e-05 -2.60106e-05 0.00230374 0.00333558
18.96 -1.04624e-05 7.16924e-05 8.00548e-05 -3.56002e-05 0.0020022 0.00179306
18.98 -8.39837e-07 2.92449e-06 6.79601e-05 -4.64442e-05 0.00169971 7.31473e-05
19 8.72047e-06 -7.07399e-05 5.68607e-05 -5.77788e-05 0.00142211 -0.00176923
19.02 1.78144e-05 -0.000146182 4.69916e-05 -6.7917e-05 0.00117528 -0.00365606
19.04 2.60568e-05 -0.000219893 3.71245e-05 -7.49244e-05 0.0009285 -0.00549962
19.06 3.31741e-05 -0.0002875 2.55264e-05 -7.71488e-05 0.000638426 -0.00719049
19.08 3.90203e-05 -0.00034332 1.1467e-05 -7.34888e-05 0.000286794 -0.00858657
19.1 4.3504e-05 -0.000381229 -4.20367e-06 -6.34228e-05 -0.000105135 -0.0095347
19.12 4.6508e-05 -0.000397038 -1.96717e-05 -4.69915e-05 -0.000491998 -0.00993008
19.14 4.78979e-05 -0.000390812 -3.32714e-05 -2.50101e-05 -0.000832132 -0.00977436
19.16 4.76159e-05 -0.000366646 -4.40886e-05 5.51295e-07 -0.00110267 -0.00916996
19.18 4.57521e-05 -0.000329613 -5.1653e-05 2.65503e-05 -0.00129186 -0.00824375
19.2 4.2501e-05 -0.000283665 -5.54547e-05 4.94173e-05 -0.00138695 -0.00709458
19.22 3.80446e-05 -0.000232583 -5.52879e-05 6.62715e-05 -0.00138277 -0.00581699
19.24 3.24876e-05 -0.000180742 -5.1913e-05 7.5713e-05 -0.00129837 -0.00452043
19.26 2.5909e-05 -0.0001314 -4.68914e-05 7.81007e-05 -0.00117277 -0.00328637
19.28 1.84676e-05 -8.48153e-05 -4.15244e-05 7.53259e-05 -0.00103854 -0.00212126
19.3 1.04501e-05 -3.85551e-05 -3.59213e-05 7.00235e-05 -0.000898406 -0.000964273
19.32 2.2131e-06 1.06667e-05 -2.91782e-05 6.46048e-05 -0.00072976 0.000266783
19.34 -5.91265e-06 6.48068e-05 -2.02039e-05 6.07454e-05 -0.000505307 0.00162085
19.36 -1.36624e-05 0.000122791 -8.23282e-06 5.92807e-05 -0.000205906 0.00307105
19.38 -2.07988e-05 0.000180695 6.93731e-06 6.00413e-05 0.000173505 0.00451926
19.4 -2.70625e-05 0.000233877 2.4521e-05 6.17256e-05 0.000613281 0.00584936
19.42 -3.21865e-05 0.000278655 4.22992e-05 6.22334e-05 0.00105792 0.00696927
19.44 -3.59649e-05 0.000311628 5.73402e-05 5.93962e-05 0.0014341 0.00779395
19.46 -3.83004e-05 0.000328484 6.83198e-05 5.16953e-05 0.00170871 0.00821553
19.48 -3.91855e-05 0.000325661 7.66386e-05 3.87887e-05 0.00191676 0.00814491
19.5 -3.86547e-05 0.000303646 8.42632e-05 2.18394e-05 0.00210746 0.00759432
19.52 -3.67608e-05 0.000267353 9.15497e-05 3.37913e-06 0.0022897 0.00668662
19.54 -3.35906e-05 0.00022313 9.79733e-05 -1.35318e-05 0.00245035 0.00558057
19.56 -2.92845e-05 0.000175992 0.000103484 -2.63985e-05 0.00258818 0.00440164
19.58 -2.40289e-05 0.00012883 0.000108164 -3.39249e-05 0.00270522 0.00322209
19.6 -1.80265e-05 8.28724e-05 0.000111537 -3.60786e-05 0.0027896 0.00207268
19.62 -1.14833e-05 3.8712e-05 0.000112623 -3.38347e-05 0.00281675 0.000968208
19.64 -4.62532e-06 -3.17409e-06 0.000110088 -2.86599e-05 0.00275335 -7.93809e-05
19.66 2.28521e-06 -4.33469e-05 0.000102825 -2.19516e-05 0.0025717 -0.00108412
19.68 8.97094e-06 -8.38567e-05 9.09406e-05 -1.48738e-05 0.00227446 -0.00209729
19.7 1.5183e-05 -0.00012613 7.58496e-05 -8.46899e-06 0.00189703 -0.00315456
19.72 2.0718e-05 -0.000168498 5.93602e-05 -3.47681e-06 0.00148462 -0.0042142
19.74 2.53978e-05 -0.000206871 4.28152e-05 8.39424e-08 0.00107083 -0.00517391
19.76 2.90555e-05 -0.000237508 2.68033e-05 2.95991e-06 0.000670361 -0.00594016
19.78 3.15631e-05 -0.000257831 1.13805e-05 6.21934e-06 0.000284632 -0.00644845
19.8 3.28685e-05 -0.000265255 -3.46514e-06 1.07614e-05 -8.66645e-05 -0.00663413
19.82 3.2992e-05 -0.000257331 -1.75148e-05 1.69468e-05 -0.000438052 -0.00643596
19.84 3.19761e-05 -0.000233524 -3.02954e-05 2.43247e-05 -0.000757699 -0.00584053
19.86 2.9845e-05 -0.000196376 -4.1237e-05 3.17526e-05 -0.00103135 -0.00491143
19.88 2.66181e-05 -0.000150776 -4.98263e-05 3.79711e-05 -0.00124618 -0.00377096
19.9 2.23603e-05 -0.000101922 -5.55944e-05 4.2098e-05 -0.00139044 -0.00254912
19.92 1.72138e-05 -5.35248e-05 -5.82825e-05 4.3727e-05 -0.00145767 -0.00133867
19.94 1.138e-05 -7.22529e-06 -5.82425e-05 4.29008e-05 -0.00145667 -0.000180703
19.96 5.07416e-06 3.692e-05 -5.61079e-05 4.01803e-05 -0.00140328 0.000923388
19.98 -1.50435e-06 7.97079e-05 -5.18707e-05 3.66562e-05 -0.00129731 0.00199353
20 -8.1663e-06 0.000122394 -4.50937e-05 3.37472e-05 -0.00112781 0.00306112
20.02 -1.47096e-05 0.000166281 -3.60185e-05 3.28319e-05 -0.000900837 0.00415877
20.04 -2.09097e-05 0.000211736 -2.5523e-05 3.47855e-05 -0.000638342 0.00529561
20.06 -2.65351e-05 0.000257095 -1.4029e-05 3.95381e-05 -0.000350871 0.00643006
20.08 -3.1375e-05 0.000298433 -1.0077e-06 4.59589e-05 -2.5203e-05 0.00746393
20.1 -3.52531e-05 0.000330379 1.45426e-05 5.22589e-05 0.000363718 0.00826292
20.12 -3.80203e-05 0.000347854 3.30638e-05 5.66746e-05 0.00082694 0.00869997
20.14 -3.95407e-05 0.000348041 5.32779e-05 5.80537e-05 0.0013325 0.00870465
20.16 -3.96921e-05 0.000331231 7.23148e-05 5.61403e-05 0.00180862 0.00828423
20.18 -3.83917e-05 0.000300026 8.79405e-05 5.14722e-05 0.00219943 0.00750378
20.2 -3.56283e-05 0.000257891 0.000100182 4.49727e-05 0.00250558 0.00644996
20.22 -3.14818e-05 0.00020835 0.000109795 3.75484e-05 0.00274602 0.00521094
20.24 -2.61151e-05 0.000154741 0.000116318 2.99488e-05 0.00290916 0.00387015
20.26 -1.97511e-05 9.98207e-05 0.000118943 2.27633e-05 0.00297482 0.00249656
20.28 -1.26494e-05 4.50258e-05 0.000118362 1.63168e-05 0.00296029 0.00112612
20.3 -5.08614e-06 -1.00525e-05 0.000116496 1.04776e-05 0.00291361 -0.000251414
20.32 2.66422e-06 -6.67642e-05 0.000114386 4.58571e-06 0.00286085 -0.0016698
20.34 1.03388e-05 -0.000125182 0.000111014 -2.28309e-06 0.00277651 -0.00313085
20.36 1.76805e-05 -0.000182928 0.000104508 -1.07381e-05 0.00261379 -0.00457511
20.38 2.44305e-05 -0.000236686 9.40222e-05 -2.05907e-05 0.00235153 -0.00591961
20.4 3.03443e-05 -0.000283991 7.9988e-05 -3.09114e-05 0.00200053 -0.00710272
20.42 3.52232e-05 -0.000322564 6.28219e-05 -4.04695e-05 0.0015712 -0.00806745
20.44 3.8931e-05 -0.000349291 4.22141e-05 -4.8039e-05 0.00105579 -0.00873591
20.46 4.13768e-05 -0.000361452 1.8459e-05 -5.25551e-05 0.000461668 -0.00904006
20.48 4.24853e-05 -0.000358315 -5.9272e-06 -5.33523e-05 -0.000148242 -0.00896161
20.5 4.2188e-05 -0.000340946 -2.72044e-05 -5.02758e-05 -0.000680393 -0.00852721
20.52 4.04509e-05 -0.00031115 -4.31599e-05 -4.35404e-05 -0.00107945 -0.00778198
20.54 3.73127e-05 -0.000270806 -5.42635e-05 -3.36755e-05 -0.00135715 -0.00677297
20.56 3.28982e-05 -0.000221716 -6.24636e-05 -2.16184e-05 -0.00156224 -0.00554519
20.58 2.73962e-05 -0.000165814 -6.91741e-05 -8.5895e-06 -0.00173007 -0.00414706
20.6 2.10187e-05 -0.000105248 -7.41596e-05 4.28599e-06 -0.00185476 -0.00263228
20.62 1.3969e-05 -4.18657e-05 -7.65954e-05 1.63178e-05 -0.00191568 -0.00104707
20.64 6.44054e-06 2.31712e-05 -7.68618e-05 2.74453e-05 -0.00192234 0.000579525
20.66 -1.36088e-06 8.89909e-05 -7.61211e-05 3.82208e-05 -0.00190382 0.0022257
20.68 -9.1959e-06 0.000154221 -7.44322e-05 4.94522e-05 -0.00186158 0.00385714
20.7 -1.67905e-05 0.000216518 -7.02957e-05 6.16379e-05 -0.00175812 0.0054152
20.72 -2.38625e-05 0.000273095 -6.17443e-05 7.45787e-05 -0.00154425 0.00683023
20.74 -3.01594e-05 0.000321594 -4.76818e-05 8.74418e-05 -0.00119254 0.0080432
20.76 -3.54731e-05 0.000359759 -2.88179e-05 9.91397e-05 -0.000720749 0.00899772
20.78 -3.96193e-05 0.000384962 -7.20326e-06 0.000108579 -0.000180156 0.00962807
20.8 -4.24177e-05 0.000395552 1.53205e-05 0.00011466 0.000383172 0.00989293
20.82 -4.37155e-05 0.000392117 3.75754e-05 0.000116351 0.000939777 0.00980702
20.84 -4.34396e-05 0.000376115 5.84799e-05 0.000112909 0.00146261 0.0094068
20.86 -4.16248e-05 0.000347993 7.71135e-05 0.000104016 0.00192864 0.00870346
20.88 -3.83846e-05 0.00030757 9.30498e-05 8.99129e-05 0.00232721 0.00769246
20.9 -3.38573e-05 0.000255745 0.000106306 7.15695e-05 0.00265876 0.00639628
20.92 -2.81897e-05 0.000195279 0.000117218 5.05572e-05 0.00293168 0.00488402
20.94 -2.15681e-05 0.000129783 0.000126064 2.85831e-05 0.00315291 0.00324593
20.96 -1.42469e-05 6.20955e-05 0.000132707 7.0917e-06 0.00331906 0.00155304
20.98 -6.53258e-06 -6.05276e-06 0.000137099 -1.28529e-05 0.0034289 -0.000151378
21 1.26285e-06 -7.30752e-05 0.000139766 -3.05387e-05 0.0034956 -0.00182764
21.02 8.8552e-06 -0.000136703 0.000141063 -4.55577e-05 0.00352805 -0.00341899
21.04 1.59797e-05 -0.000194095 0.00014033 -5.77498e-05 0.00350972 -0.00485439
21.06 2.23655e-05 -0.000242712 0.000136188 -6.71234e-05 0.00340611 -0.00607032
21.08 2.77382e-05 -0.000281155 0.000127397 -7.37603e-05 0.00318624 -0.0070318
21.1 3.186e-05 -0.00030892 0.000113674 -7.77156e-05 0.00284302 -0.00772621
21.12 3.4573e-05 -0.000325169 9.60165e-05 -7.88798e-05 0.00240141 -0.0081326
21.14 3.58078e-05 -0.000328194 7.59514e-05 -7.68334e-05 0.00189958 -0.00820826
21.16 3.55576e-05 -0.000316214 5.44409e-05 -7.08888e-05 0.00136159 -0.00790863
21.18 3.38497e-05 -0.0002884 3.2005e-05 -6.03999e-05 0.000800458 -0.00721301
21.2 3.07404e-05 -0.00024548 9.75397e-06 -4.5155e-05 0.000243951 -0.00613956
21.22 2.63338e-05 -0.000189797 -1.05515e-05 -2.56699e-05 -0.000263897 -0.00474689
21.24 2.0798e-05 -0.000124904 -2.76191e-05 -3.25071e-06 -0.000690765 -0.00312389
21.26 1.43632e-05 -5.49273e-05 -4.1355e-05 2.0283e-05 -0.00103431 -0.00137375
21.28 7.29932e-06 1.63532e-05 -5.24179e-05 4.31109e-05 -0.00131099 0.000409005
21.3 -1.1624e-07 8.63852e-05 -6.14212e-05 6.38681e-05 -0.00153617 0.00216054
21.32 -7.62336e-06 0.000153925 -6.89105e-05 8.18204e-05 -0.00172348 0.00384974
21.34 -1.49789e-05 0.000218074 -7.56265e-05 9.67457e-05 -0.00189145 0.00545412
21.36 -2.19333e-05 0.000277358 -8.19923e-05 0.000108654 -0.00205066 0.00693683
21.38 -2.82144e-05 0.000329932 -8.73897e-05 0.000117549 -0.00218565 0.00825174
21.4 -3.35481e-05 0.000374113 -9.02161e-05 0.000123394 -0.00225634 0.00935674
21.42 -3.77073e-05 0.000408244 -8.85958e-05 0.000126172 -0.00221582 0.0102103
21.44 -4.05511e-05 0.00043041 -8.14187e-05 0.000125871 -0.00203632 0.0107647
21.46 -4.20213e-05 0.00043872 -6.90997e-05 0.000122391 -0.00172821 0.0109726
21.48 -4.21027e-05 0.000431483 -5.29038e-05 0.000115512 -0.00132315 0.0107916
21.5 -4.07788e-05 0.000407097 -3.36288e-05 0.000104905 -0.00084107 0.0101817
21.52 -3.80259e-05 0.00036504 -1.17956e-05 9.02383e-05 -0.000295012 0.00912981
21.54 -3.38568e-05 0.00030748 1.11193e-05 7.1544e-05 0.000278099 0.00769021
21.56 -2.83795e-05 0.000239113 3.26286e-05 4.96925e-05 0.000816055 0.00598031
21.58 -2.1822e-05 0.000165351 5.0581e-05 2.6384e-05 0.00126505 0.0041355
21.6 -1.44939e-05 9.0378e-05 6.44159e-05 3.59676e-06 0.00161107 0.0022604
21.62 -6.70736e-06 1.59998e-05 7.53632e-05 -1.70656e-05 0.00188486 0.000400167
21.64 1.28173e-06 -5.77406e-05 8.543e-05 -3.47992e-05 0.00213664 -0.00144411
21.66 9.26321e-06 -0.00013047 9.58975e-05 -4.95853e-05 0.00239844 -0.00326311
21.68 1.70072e-05 -0.000200338 0.000106839 -6.16789e-05 0.00267209 -0.00501054
21.7 2.42157e-05 -0.000264874 0.000117851 -7.1083e-05 0.00294751 -0.00662461
21.72 3.05497e-05 -0.000321938 0.000128292 -7.75436e-05 0.00320864 -0.00805181
21.74 3.57218e-05 -0.000369732 0.00013652 -8.08874e-05 0.00341442 -0.00924715
21.76 3.95769e-05 -0.000406381 0.000140176 -8.12455e-05 0.00350585 -0.0101638
21.78 4.20857e-05 -0.000429719 0.000138306 -7.899e-05 0.00345908 -0.0107475
21.8 4.32635e-05 -0.000438039 0.000132352 -7.44121e-05 0.00331017 -0.0109555
21.82 4.30973e-05 -0.000430984 0.000124238 -6.74041e-05 0.00310724 -0.0107791
21.84 4.15452e-05 -0.000409073 0.000114467 -5.74858e-05 0.00286287 -0.0102311
21.86 3.85969e-05 -0.00037279 0.00010263 -4.419e-05 0.00256681 -0.00932362
21.88 3.4332e-05 -0.000323115 8.87421e-05 -2.75623e-05 0.00221948 -0.00808124
21.9 2.89288e-05 -0.000262733 7.37973e-05 -8.49261e-06 0.0018457 -0.00657106
21.92 2.26243e-05 -0.000195649 5.95291e-05 1.14148e-05 0.00148885 -0.00489327
21.94 1.5664e-05 -0.000125332 4.71673e-05 3.04879e-05 0.00117967 -0.00313461
21.96 8.26854e-06 -5.3256e-05 3.61862e-05 4.76524e-05 0.000905031 -0.00133195
21.98 6.26042e-07 2.06571e-05 2.5186e-05 6.2564e-05 0.000629911 0.000516647
22 -7.08278e-06 9.56324e-05 1.38841e-05 7.522e-05 0.000347248 0.00239181
22.02 -1.46377e-05 0.000168326 3.24127e-06 8.54259e-05 8.10654e-05 0.0042099
22.04 -2.17513e-05 0.000234109 -5.83373e-06 9.2586e-05 -0.000145904 0.00585516
22.06 -2.80992e-05 0.000289624 -1.29718e-05 9.60841e-05 -0.00032443 0.00724362
22.08 -3.33973e-05 0.000333685 -1.81341e-05 9.59182e-05 -0.00045354 0.00834561
22.1 -3.74678e-05 0.000366398 -2.16015e-05 9.2922e-05 -0.000540262 0.00916378
22.12 -4.02428e-05 0.000388191 -2.3948e-05 8.83596e-05 -0.000598951 0.00970883
22.14 -4.1704e-05 0.000399074 -2.5561e-05 8.32594e-05 -0.00063929 0.00998101
22.16 -4.18156e-05 0.000398052 -2.59952e-05 7.78931e-05 -0.00065015 0.00995546
22.18 -4.05113e-05 0.0003835 -2.39141e-05 7.16841e-05 -0.000598102 0.0095915
22.2 -3.77458e-05 0.000354334 -1.81418e-05 6.37026e-05 -0.000453733 0.00886203
22.22 -3.3564e-05 0.000311038 -9.11352e-06 5.34113e-05 -0.000227933 0.0077792
22.24 -2.81264e-05 0.000255655 1.05695e-06 4.10436e-05 2.64347e-05 0.00639404
22.26 -2.16674e-05 0.000190911 1.01894e-05 2.73718e-05 0.000254842 0.00477477
22.28 -1.44278e-05 0.00011967 1.75903e-05 1.32011e-05 0.00043994 0.00299301
22.3 -6.62079e-06 4.48799e-05 2.40136e-05 -9.0218e-07 0.000600589 0.00112247
22.32 1.54126e-06 -3.04009e-05 3.0352e-05 -1.44948e-05 0.000759115 -0.000760334
22.34 9.79537e-06 -0.0001033 3.68151e-05 -2.69715e-05 0.000920762 -0.00258357
22.36 1.78132e-05 -0.000171901 4.34551e-05 -3.74674e-05 0.00108683 -0.00429932
22.38 2.52516e-05 -0.000235664 5.07327e-05 -4.517e-05 0.00126885 -0.00589404
22.4 3.18315e-05 -0.000294484 5.88577e-05 -4.98293e-05 0.00147206 -0.00736517
22.42 3.73724e-05 -0.000346879 6.69467e-05 -5.19161e-05 0.00167436 -0.00867557
22.44 4.17576e-05 -0.000389633 7.33476e-05 -5.21724e-05 0.00183445 -0.00974489
22.46 4.48799e-05 -0.000419704 7.65866e-05 -5.09962e-05 0.00191546 -0.010497
22.48 4.66323e-05 -0.000435708 7.60907e-05 -4.82675e-05 0.00190306 -0.0108972
22.5 4.69479e-05 -0.000437101 7.25608e-05 -4.36442e-05 0.00181478 -0.0109321
22.52 4.58256e-05 -0.000422809 6.75727e-05 -3.69527e-05 0.00169002 -0.0105746
22.54 4.33084e-05 -0.000392185 6.25302e-05 -2.84168e-05 0.00156391 -0.0098087
22.56 3.94509e-05 -0.000347425 5.82069e-05 -1.86851e-05 0.00145578 -0.00868923
22.58 3.43304e-05 -0.000293607 5.50604e-05 -8.64739e-06 0.00137708 -0.00734323
22.6 2.8095e-05 -0.000235856 5.32818e-05 9.29307e-07 0.0013326 -0.00589885
22.62 2.09882e-05 -0.000176834 5.26568e-05 9.68432e-06 0.00131697 -0.00442268
22.64 1.33099e-05 -0.000116472 5.29208e-05 1.76508e-05 0.00132357 -0.00291302
22.66 5.34344e-06 -5.32525e-05 5.36968e-05 2.51259e-05 0.00134298 -0.00133186
22.68 -2.68219e-06 1.39174e-05 5.3583e-05 3.2613e-05 0.00134013 0.000348085
22.7 -1.05607e-05 8.41016e-05 5.05249e-05 4.06317e-05 0.00126365 0.00210342
22.72 -1.80527e-05 0.000154407 4.41301e-05 4.92841e-05 0.00110371 0.00386178
22.74 -2.48781e-05 0.000221126 3.66412e-05 5.80093e-05 0.000916411 0.00553046
22.76 -3.07682e-05 0.000280019 3.08169e-05 6.58282e-05 0.000770744 0.00700339
22.78 -3.55187e-05 0.000326212 2.78287e-05 7.17851e-05 0.000696008 0.0081587
22.8 -3.89906e-05 0.000355479 2.74025e-05 7.52817e-05 0.000685347 0.00889068
22.82 -4.10704e-05 0.000366369 2.87415e-05 7.62406e-05 0.000718836 0.00916303
22.84 -4.16524e-05 0.000360801 3.10533e-05 7.49874e-05 0.000776656 0.00902379
22.86 -4.06694e-05 0.000342374 3.36424e-05 7.18528e-05 0.000841409 0.00856292
22.88 -3.81351e-05 0.000314248 3.56025e-05 6.68774e-05 0.000890432 0.00785949
22.9 -3.41555e-05 0.000278398 3.59252e-05 5.99409e-05 0.000898505 0.00696284
22.92 -2.89077e-05 0.000236025 3.43656e-05 5.10889e-05 0.000859498 0.00590309
22.94 -2.26126e-05 0.000187972 3.1768e-05 4.06522e-05 0.000794531 0.00470127
22.96 -1.55203e-05 0.000134704 2.92167e-05 2.91125e-05 0.000730722 0.00336902
22.98 -7.90516e-06 7.63433e-05 2.71157e-05 1.69332e-05 0.000678176 0.00190938
23 -5.33522e-08 1.30241e-05 2.52026e-05 4.50649e-06 0.000630328 0.000325743
23.02 7.76047e-06 -5.43375e-05 2.33583e-05 -7.76812e-06 0.000584201 -0.001359
23.04 1.52859e-05 -0.000122993 2.19623e-05 -1.93181e-05 0.000549285 -0.00307611
23.06 2.22848e-05 -0.000188041 2.09108e-05 -2.92768e-05 0.000522988 -0.00470299
23.08 2.85128e-05 -0.000243925 1.88704e-05 -3.66032e-05 0.000471956 -0.00610067
23.1 3.37262e-05 -0.000286876 1.4414e-05 -4.05005e-05 0.0003605 -0.00717488
23.12 3.7721e-05 -0.000315858 7.57168e-06 -4.08745e-05 0.000189371 -0.00789974
23.14 4.03676e-05 -0.000331412 -2.62167e-07 -3.84249e-05 -6.55691e-06 -0.00828875
23.16 4.16086e-05 -0.00033436 -7.52935e-06 -3.4256e-05 -0.000188312 -0.00836247
23.18 4.14259e-05 -0.000325519 -1.31184e-05 -2.93299e-05 -0.000328096 -0.00814136
23.2 3.98156e-05 -0.000305908 -1.62859e-05 -2.41059e-05 -0.000407316 -0.00765087
23.22 3.6802e-05 -0.000276828 -1.68316e-05 -1.85128e-05 -0.000420966 -0.00692359
23.24 3.24785e-05 -0.000239632 -1.52884e-05 -1.22497e-05 -0.000382369 -0.00599329
23.26 2.70292e-05 -0.000195292 -1.25205e-05 -5.17493e-06 -0.000313144 -0.00488434
23.28 2.06989e-05 -0.000144293 -9.23576e-06 2.58232e-06 -0.00023099 -0.00360882
23.3 1.37354e-05 -8.73177e-05 -5.74365e-06 1.08612e-05 -0.000143651 -0.00218385
23.32 6.35232e-06 -2.59621e-05 -1.67452e-06 1.97146e-05 -4.18804e-05 -0.000649318
23.34 -1.25814e-06 3.75402e-05 3.82782e-06 2.93792e-05 9.57353e-05 0.000938902
23.36 -8.88507e-06 0.000100935 1.10604e-05 4.00235e-05 0.000276625 0.00252444
23.38 -1.62733e-05 0.000161968 1.94167e-05 5.14339e-05 0.000485619 0.00405089
23.4 -2.31377e-05 0.000218018 2.83868e-05 6.28248e-05 0.000709966 0.00545273
23.42 -2.92026e-05 0.000266161 3.79168e-05 7.29819e-05 0.000948316 0.0066568
23.44 -3.42339e-05 0.000303699 4.76648e-05 8.0727e-05 0.00119212 0.00759565
23.46 -3.8045e-05 0.000328719 5.69675e-05 8.53547e-05 0.00142478 0.0082214
23.48 -4.04912e-05 0.000340652 6.56804e-05 8.67264e-05 0.00164269 0.00851985
23.5 -4.14765e-05 0.000340392 7.41968e-05 8.50885e-05 0.00185569 0.00851334
23.52 -4.09733e-05 0.000329291 8.26767e-05 8.08151e-05 0.00206778 0.0082357
23.54 -3.90301e-05 0.000307798 9.09889e-05 7.41623e-05 0.00227567 0.00769817
23.56 -3.5753e-05 0.000275524 9.90313e-05 6.51585e-05 0.00247681 0.00689098
23.58 -3.12795e-05 0.000232664 0.000106431 5.37884e-05 0.00266189 0.00581903
23.6 -2.57654e-05 0.00018072 0.00011227 4.03424e-05 0.00280792 0.00451989
23.62 -1.93918e-05 0.000122059 0.000115479 2.55472e-05 0.00288818 0.00305276
23.64 -1.23734e-05 5.95209e-05 0.000115233 1.04082e-05 0.00288202 0.00148865
23.66 -4.9557e-06 -3.89458e-06 0.000111021 -3.99782e-06 0.00277669 -9.74004e-05
23.68 2.60068e-06 -6.56046e-05 0.000103049 -1.67366e-05 0.0025773 -0.00164079
23.7 1.00341e-05 -0.000123639 9.25406e-05 -2.72667e-05 0.00231448 -0.00309226
23.72 1.70823e-05 -0.000176228 8.10239e-05 -3.55028e-05 0.00202644 -0.00440754
23.74 2.34779e-05 -0.000221865 6.95003e-05 -4.15862e-05 0.00173823 -0.00554893
23.76 2.89595e-05 -0.000259751 5.85082e-05 -4.56757e-05 0.00146331 -0.00649647
23.78 3.32983e-05 -0.000289235 4.82274e-05 -4.79394e-05 0.00120619 -0.00723388
23.8 3.63267e-05 -0.000308947 3.80345e-05 -4.85023e-05 0.000951257 -0.00772688
23.82 3.7952e-05 -0.000317227 2.66118e-05 -4.73255e-05 0.000665573 -0.00793399
23.84 3.81548e-05 -0.000313174 1.32293e-05 -4.42462e-05 0.00033087 -0.0078326
23.86 3.69795e-05 -0.00029681 -1.47555e-06 -3.90907e-05 -3.69041e-05 -0.00742333
23.88 3.45177e-05 -0.000268539 -1.61464e-05 -3.16508e-05 -0.000403829 -0.00671626
23.9 3.08897e-05 -0.000229051 -2.91416e-05 -2.16749e-05 -0.000728845 -0.00572866
23.92 2.62259e-05 -0.000179769 -3.848e-05 -9.08404e-06 -0.000962401 -0.0044961
23.94 2.06648e-05 -0.000123095 -4.29199e-05 5.75899e-06 -0.00107345 -0.00307864
23.96 1.4369e-05 -6.23027e-05 -4.3175e-05 2.19853e-05 -0.00107983 -0.00155821
23.98 7.55053e-06 -1.08939e-06 -4.10129e-05 3.83383e-05 -0.00102575 -2.72415e-05
24 4.75929e-07 5.74591e-05 -3.75885e-05 5.34185e-05 -0.000940104 0.00143708
24.02 -6.56535e-06 0.000112054 -3.32917e-05 6.6097e-05 -0.000832638 0.00280251
24.04 -1.33142e-05 0.000163157 -2.82579e-05 7.59477e-05 -0.000706742 0.00408063
24.06 -1.95727e-05 0.00021141 -2.23453e-05 8.33027e-05 -0.000558864 0.00528747
24.08 -2.51877e-05 0.000256249 -1.52278e-05 8.87937e-05 -0.000380855 0.00640891
24.1 -3.00052e-05 0.000295513 -6.69789e-06 9.27607e-05 -0.000167517 0.0073909
24.12 -3.3843e-05 0.000325734 3.72791e-06 9.49135e-05 9.32365e-05 0.00814676
24.14 -3.65146e-05 0.000343402 1.70565e-05 9.43889e-05 0.000426589 0.00858862
24.16 -3.78953e-05 0.000346796 3.35077e-05 9.02717e-05 0.000838042 0.00867351
24.18 -3.7974e-05 0.000336656 5.13344e-05 8.23399e-05 0.00128389 0.0084199
24.2 -3.68417e-05 0.000314942 6.78606e-05 7.13779e-05 0.00169722 0.00787685
24.22 -3.46181e-05 0.000283511 8.12043e-05 5.8713e-05 0.00203095 0.00709073
24.24 -3.13811e-05 0.000244079 9.04924e-05 4.54619e-05 0.00226325 0.00610452
24.26 -2.71665e-05 0.000198742 9.54288e-05 3.21563e-05 0.00238671 0.00497063
24.28 -2.20425e-05 0.000149956 9.64839e-05 1.89036e-05 0.0024131 0.00375046
24.3 -1.61842e-05 9.96598e-05 9.47588e-05 5.84671e-06 0.00236996 0.00249254
24.32 -9.8686e-06 4.85065e-05 9.1457e-05 -6.49722e-06 0.00228738 0.00121317
24.34 -3.39173e-06 -3.50888e-06 8.77776e-05 -1.73767e-05 0.00219535 -8.77539e-05
24.36 3.01441e-06 -5.56091e-05 8.44471e-05 -2.62906e-05 0.00211206 -0.0013908
24.38 9.19272e-06 -0.00010593 8.10716e-05 -3.3304e-05 0.00202764 -0.00264934
24.4 1.50044e-05 -0.000152618 7.66606e-05 -3.89062e-05 0.00191731 -0.00381704
24.42 2.02735e-05 -0.000194399 7.05928e-05 -4.35509e-05 0.00176555 -0.004862
24.44 2.47869e-05 -0.000229691 6.24451e-05 -4.718e-05 0.00156178 -0.00574467
24.46 2.83441e-05 -0.000256001 5.14372e-05 -4.90505e-05 0.00128647 -0.00640268
24.48 3.08136e-05 -0.000271101 3.70669e-05 -4.80795e-05 0.000927059 -0.00678034
24.5 3.21571e-05 -0.000274503 2.0388e-05 -4.35237e-05 0.000509911 -0.00686544
24.52 3.24064e-05 -0.000267095 4.24276e-06 -3.54103e-05 0.000106113 -0.00668016
24.54 3.16096e-05 -0.000249972 -8.18966e-06 -2.4362e-05 -0.000204827 -0.00625189
24.56 2.97947e-05 -0.000224401 -1.53185e-05 -1.11654e-05 -0.000383123 -0.00561235
24.58 2.69842e-05 -0.00019215 -1.76969e-05 3.39004e-06 -0.000442606 -0.00480575
24.6 2.32464e-05 -0.000155084 -1.71427e-05 1.84285e-05 -0.000428746 -0.00387871
24.62 1.87321e-05 -0.000114663 -1.54147e-05 3.29251e-05 -0.000385529 -0.00286777
24.64 1.36537e-05 -7.19001e-05 -1.31069e-05 4.57522e-05 -0.000327809 -0.00179825
24.66 8.22253e-06 -2.75595e-05 -9.79052e-06 5.59303e-05 -0.000244865 -0.000689271
24.68 2.60356e-06 1.74675e-05 -5.23684e-06 6.30773e-05 -0.000130976 0.000436874
24.7 -3.06957e-06 6.17593e-05 3.46235e-07 6.76337e-05 8.65947e-06 0.00154463
24.72 -8.64351e-06 0.000103694 7.34472e-06 7.04803e-05 0.000183695 0.00259343
24.74 -1.39218e-05 0.000142281 1.68891e-05 7.22703e-05 0.000422404 0.0035585
24.76 -1.86975e-05 0.000176905 2.96396e-05 7.30895e-05 0.000741299 0.00442447
24.78 -2.28056e-05 0.000206182 4.49631e-05 7.25572e-05 0.00112455 0.00515671
24.8 -2.614e-05 0.000227949 6.12988e-05 7.01534e-05 0.00153311 0.00570109
24.82 -2.86287e-05 0.000240737 7.70275e-05 6.56045e-05 0.00192649 0.00602093
24.84 -3.02093e-05 0.000244792 9.09424e-05 5.90838e-05 0.00227451 0.00612234
24.86 -3.08337e-05 0.000241357 0.000102007 5.1031e-05 0.00255123 0.00603645
24.88 -3.04896e-05 0.000231235 0.000109402 4.18264e-05 0.00273619 0.00578328
24.9 -2.92088e-05 0.000214335 0.000113333 3.17169e-05 0.00283449 0.00536062
24.92 -2.70561e-05 0.000190617 0.000115045 2.10066e-05 0.00287733 0.00476742
24.94 -2.41172e-05 0.000161058 0.000115576 1.02273e-05 0.00289061 0.00402813
24.96 -2.0496e-05 0.000127511 0.000114851 1.08341e-07 0.00287247 0.00318911
24.98 -1.63175e-05 9.19548e-05 0.000111957 -8.64092e-06 0.00280009 0.00229983
25 -1.17246e-05 5.5927e-05 0.000105876 -1.55788e-05 0.00264801 0.00139876
25.02 -6.867e-06 2.03435e-05 9.61823e-05 -2.06393e-05 0.00240556 0.000508804
25.04 -1.89254e-06 -1.42555e-05 8.34371e-05 -2.40236e-05 0.0020868 -0.000356531
25.06 3.0522e-06 -4.72874e-05 6.86511e-05 -2.59378e-05 0.00171699 -0.00118267
25.08 7.81686e-06 -7.79526e-05 5.22376e-05 -2.63827e-05 0.00130648 -0.00194962
25.1 1.2248e-05 -0.000105303 3.40243e-05 -2.51814e-05 0.000850961 -0.00263368
25.12 1.61984e-05 -0.000128369 1.42594e-05 -2.21898e-05 0.000356632 -0.00321056
25.14 1.95415e-05 -0.00014636 -6.0432e-06 -1.74777e-05 -0.000151143 -0.00366053
25.16 2.21821e-05 -0.000158776 -2.571e-05 -1.13559e-05 -0.000643018 -0.00397105
25.18 2.40582e-05 -0.000165134 -4.38297e-05 -4.25549e-06 -0.0010962 -0.00413008
25.2 2.51343e-05 -0.000164776 -5.97837e-05 3.46717e-06 -0.00149522 -0.00412111
25.22 2.53924e-05 -0.000157153 -7.32741e-05 1.16114e-05 -0.00183262 -0.00393045
25.24 2.48284e-05 -0.000142365 -8.40796e-05 1.99902e-05 -0.00210287 -0.0035606
25.26 2.3459e-05 -0.000121603 -9.15703e-05 2.82289e-05 -0.00229021 -0.00304133
25.28 2.13355e-05 -9.70945e-05 -9.46801e-05 3.5727e-05 -0.00236799 -0.00242837
25.3 1.8549e-05 -7.11765e-05 -9.26458e-05 4.183e-05 -0.00231711 -0.00178015
25.32 1.52161e-05 -4.51374e-05 -8.58633e-05 4.6131e-05 -0.00214748 -0.0011289
25.34 1.1458e-05 -1.9159e-05 -7.5734e-05 4.87218e-05 -0.00189414 -0.00047917
25.36 7.39135e-06 6.75487e-06 -6.35134e-05 5.01452e-05 -0.0015885 0.000168947
25.38 3.14009e-06 3.22064e-05 -4.9675e-05 5.10421e-05 -0.00124239 0.0008055
25.4 -1.14799e-06 5.66266e-05 -3.42625e-05 5.18119e-05 -0.00085692 0.00141626
25.42 -5.30337e-06 7.95871e-05 -1.72392e-05 5.25245e-05 -0.00043116 0.00199051
25.44 -9.15996e-06 0.000100607 1.47073e-06 5.3022e-05 3.67837e-05 0.00251623
25.46 -1.25818e-05 0.000118672 2.19945e-05 5.3031e-05 0.000550093 0.00296803
25.48 -1.54711e-05 0.000132291 4.45623e-05 5.21847e-05 0.00111452 0.00330867
25.5 -1.77585e-05 0.000140233 6.91539e-05 4.99952e-05 0.00172957 0.0035073
25.52 -1.93926e-05 0.000141926 9.46905e-05 4.59062e-05 0.00236825 0.00354964
25.54 -2.03358e-05 0.000137169 0.000119044 3.94691e-05 0.00297734 0.00343065
25.56 -2.05665e-05 0.000125923 0.000140064 3.05795e-05 0.00350305 0.00314939
25.58 -2.00829e-05 0.000108752 0.000156264 1.96655e-05 0.00390823 0.00271995
25.6 -1.89096e-05 8.72772e-05 0.000166803 7.71068e-06 0.00417181 0.00218284
25.62 -1.71061e-05 6.38216e-05 0.000171475 -3.95435e-06 0.00428866 0.00159621
25.64 -1.47663e-05 4.03555e-05 0.00017077 -1.40074e-05 0.00427102 0.00100931
25.66 -1.19989e-05 1.7709e-05 0.000165599 -2.14724e-05 0.0041417 0.000442913
25.68 -8.90372e-06 -4.18652e-06 0.000157068 -2.59227e-05 0.00392835 -0.000104702
25.7 -5.56146e-06 -2.5608e-05 0.000146462 -2.75087e-05 0.00366308 -0.000640462
25.72 -2.04926e-06 -4.65732e-05 0.000134762 -2.68511e-05 0.00337046 -0.00116481
25.74 1.53462e-06 -6.67133e-05 0.000121801 -2.48306e-05 0.00304629 -0.00166852
25.76 5.06501e-06 -8.55079e-05 0.000106284 -2.23049e-05 0.00265821 -0.00213858
25.78 8.41073e-06 -0.000102377 8.69185e-05 -1.98751e-05 0.00217387 -0.00256049
25.8 1.14614e-05 -0.000116438 6.32772e-05 -1.77754e-05 0.00158259 -0.00291216
25.82 1.41379e-05 -0.000126622 3.58357e-05 -1.58372e-05 0.000896265 -0.00316686
25.84 1.63851e-05 -0.000132311 5.97235e-06 -1.35414e-05 0.000149371 -0.00330915
25.86 1.81586e-05 -0.00013343 -2.39447e-05 -1.01989e-05 -0.000598867 -0.00333713
25.88 1.94145e-05 -0.000129785 -5.119e-05 -5.16936e-06 -0.00128028 -0.00324597
25.9 2.01073e-05 -0.000121001 -7.37305e-05 1.95962e-06 -0.00184403 -0.00302628
25.92 2.01969e-05 -0.000107098 -9.05519e-05 1.11565e-05 -0.00226474 -0.00267855
25.94 1.96592e-05 -8.87305e-05 -0.00010146 2.17855e-05 -0.00253756 -0.00221918
25.96 1.84979e-05 -6.71527e-05 -0.000107093 3.27287e-05 -0.00267843 -0.00167951
25.98 1.67503e-05 -4.40845e-05 -0.00010861 4.27233e-05 -0.00271639 -0.00110257
26 1.44819e-05 -2.12183e-05 -0.000106802 5.06978e-05 -0.00267117 -0.000530674
26.02 1.17711e-05 5.0176e-07 -0.000101864 5.60577e-05 -0.00254766 1.25538e-05
26.04 8.69505e-06 2.11935e-05 -9.4203e-05 5.88693e-05 -0.00235606 0.000530062
26.06 5.32782e-06 4.1451e-05 -8.47991e-05 5.97931e-05 -0.00212086 0.00103671
26.08 1.76155e-06 6.12962e-05 -7.44188e-05 5.97474e-05 -0.00186125 0.00153305
26.1 -1.86973e-06 8.00465e-05 -6.2604e-05 5.94909e-05 -0.00156575 0.002002
26.12 -5.39923e-06 9.73384e-05 -4.77387e-05 5.93758e-05 -0.00119396 0.00243448
26.14 -8.6723e-06 0.000113353 -2.8356e-05 5.93788e-05 -0.000709195 0.002835
26.16 -1.1586e-05 0.000127695 -4.37201e-06 5.92089e-05 -0.000109346 0.0031937
26.18 -1.40876e-05 0.000139007 2.26258e-05 5.83087e-05 0.000565881 0.00347662
26.2 -1.6137e-05 0.000145726 5.0116e-05 5.58822e-05 0.00125342 0.00364467
26.22 -1.76758e-05 0.000146593 7.61439e-05 5.1047e-05 0.00190439 0.00366636
26.24 -1.86374e-05 0.000140931 9.99759e-05 4.30587e-05 0.00250044 0.00352476
26.26 -1.89882e-05 0.000129246 0.000120836 3.1687e-05 0.00302216 0.0032325
26.28 -1.87589e-05 0.000113379 0.00013691 1.76847e-05 0.00342417 0.00283567
26.3 -1.80307e-05 9.57205e-05 0.000146417 2.85117e-06 0.00366194 0.00239401
26.32 -1.68902e-05 7.83148e-05 0.000149057 -1.0592e-05 0.00372798 0.00195869
26.34 -1.53912e-05 6.24019e-05 0.000146139 -2.08619e-05 0.00365499 0.0015607
26.36 -1.35532e-05 4.8179e-05 0.000139727 -2.71177e-05 0.00349463 0.00120498
26.38 -1.1392e-05 3.49626e-05 0.0001316 -2.94588e-05 0.00329138 0.000874434
26.4 -8.95072e-06 2.17948e-05 0.000122673 -2.85569e-05 0.00306811 0.000545102
26.42 -6.30449e-06 7.98491e-06 0.000113098 -2.52124e-05 0.00282862 0.00019971
26.44 -3.53993e-06 -6.69004e-06 0.000102456 -2.01879e-05 0.00256248 -0.000167316
26.46 -7.29628e-07 -2.19994e-05 8.97783e-05 -1.43423e-05 0.00224539 -0.000550211
26.48 2.0721e-06 -3.71575e-05 7.38494e-05 -8.69025e-06 0.001847 -0.00092932
26.5 4.80633e-06 -5.08073e-05 5.39372e-05 -4.09214e-06 0.00134899 -0.00127071
26.52 7.38546e-06 -6.15882e-05 3.0301e-05 -7.65008e-07 0.000757841 -0.00154034
26.54 9.697e-06 -6.86954e-05 4.1881e-06 1.92026e-06 0.000104746 -0.0017181
26.56 1.16364e-05 -7.17559e-05 -2.24579e-05 5.15865e-06 -0.000561682 -0.00179464
26.58 1.31404e-05 -7.06186e-05 -4.72745e-05 1.01242e-05 -0.00118236 -0.00176619
26.6 1.4193e-05 -6.56674e-05 -6.77218e-05 1.73718e-05 -0.00169375 -0.00164236
26.62 1.4803e-05 -5.80639e-05 -8.16408e-05 2.65387e-05 -0.00204187 -0.0014522
26.64 1.49769e-05 -4.92555e-05 -8.81285e-05 3.65464e-05 -0.00220413 -0.0012319
26.66 1.47089e-05 -4.02025e-05 -8.79383e-05 4.61273e-05 -0.00219937 -0.00100548
26.68 1.39895e-05 -3.11896e-05 -8.28539e-05 5.42316e-05 -0.00207221 -0.00078006
26.7 1.28255e-05 -2.22809e-05 -7.48222e-05 6.01022e-05 -0.00187134 -0.000557251
26.72 1.12515e-05 -1.35984e-05 -6.56556e-05 6.31986e-05 -0.00164207 -0.000340098
26.74 9.32686e-06 -5.08938e-06 -5.66898e-05 6.32439e-05 -0.00141784 -0.000127283
26.76 7.1195e-06 3.55188e-06 -4.80881e-05 6.04185e-05 -0.0012027 8.88385e-05
26.78 4.69478e-06 1.25463e-05 -3.86518e-05 5.54784e-05 -0.000966698 0.000313792
26.8 2.11975e-06 2.1885e-05 -2.65552e-05 4.95973e-05 -0.000664157 0.000547357
26.82 -5.22662e-07 3.15317e-05 -1.04063e-05 4.39636e-05 -0.000260266 0.000788625
26.84 -3.12756e-06 4.1431e-05 1.02185e-05 3.93119e-05 0.000255569 0.00103621
26.86 -5.58304e-06 5.12046e-05 3.48573e-05 3.56128e-05 0.000871795 0.00128065
26.88 -7.79789e-06 5.99187e-05 6.22703e-05 3.21161e-05 0.00155741 0.0014986
26.9 -9.71666e-06 6.60834e-05 9.03725e-05 2.77622e-05 0.00226025 0.00165278
26.92 -1.13077e-05 6.8064e-05 0.000116407 2.16981e-05 0.0029114 0.00170231
26.94 -1.254e-05 6.50718e-05 0.000137677 1.36244e-05 0.00344337 0.00162748
26.96 -1.33769e-05 5.79312e-05 0.000152437 3.93112e-06 0.0038125 0.00144889
26.98 -1.37925e-05 4.85691e-05 0.000160317 -6.34576e-06 0.00400961 0.00121474
27 -1.3786e-05 3.87411e-05 0.000162141 -1.57823e-05 0.0040552 0.000968935
27.02 -1.33756e-05 2.95149e-05 0.000159342 -2.29707e-05 0.00398521 0.000738186
27.04 -1.25789e-05 2.16942e-05 0.000153503 -2.6875e-05 0.00383917 0.000542585
27.06 -1.14068e-05 1.59859e-05 0.000146141 -2.70634e-05 0.00365505 0.000399819
27.08 -9.88083e-06 1.24329e-05 0.000138353 -2.38441e-05 0.00346027 0.000310956
27.1 -8.05102e-06 9.90855e-06 0.000130312 -1.82338e-05 0.00325917 0.000247821
27.12 -5.99288e-06 6.45803e-06 0.000121198 -1.16664e-05 0.0030312 0.000161522
27.14 -3.78277e-06 2.07792e-07 0.000109787 -5.54404e-06 0.00274582 5.20151e-06
27.16 -1.47735e-06 -9.71278e-06 9.51857e-05 -8.42543e-07 0.00238063 -0.000242916
27.18 8.79252e-07 -2.2475e-05 7.70563e-05 2.13687e-06 0.00192721 -0.000562105
27.2 3.22772e-06 -3.56891e-05 5.54645e-05 3.87941e-06 0.00138719 -0.000892595
27.22 5.47785e-06 -4.66456e-05 3.09267e-05 5.53479e-06 0.000773489 -0.00116662
27.24 7.52779e-06 -5.3642e-05 4.77153e-06 8.47521e-06 0.000119338 -0.0013416
27.26 9.30255e-06 -5.61648e-05 -2.08352e-05 1.37133e-05 -0.000521096 -0.0014047
27.28 1.07705e-05 -5.41865e-05 -4.34694e-05 2.14998e-05 -0.00108719 -0.00135522
27.3 1.19195e-05 -4.80325e-05 -6.11656e-05 3.125e-05 -0.00152978 -0.00120131
27.32 1.27213e-05 -3.90851e-05 -7.29159e-05 4.1718e-05 -0.00182366 -0.000977529
27.34 1.31273e-05 -2.98598e-05 -7.86908e-05 5.13098e-05 -0.00196809 -0.000746802
27.36 1.30984e-05 -2.27343e-05 -7.90943e-05 5.84768e-05 -0.00197818 -0.000568589
27.38 1.26366e-05 -1.86005e-05 -7.52093e-05 6.20879e-05 -0.00188102 -0.000465201
27.4 1.17812e-05 -1.67412e-05 -6.85328e-05 6.16499e-05 -0.00171403 -0.000418699
27.42 1.05788e-05 -1.56482e-05 -6.04833e-05 5.73757e-05 -0.00151271 -0.000391364
27.44 9.05917e-06 -1.38587e-05 -5.17856e-05 5.01712e-05 -0.00129518 -0.000346608
27.46 7.24283e-06 -1.03455e-05 -4.24612e-05 4.14927e-05 -0.00106197 -0.000258741
27.48 5.16914e-06 -4.4365e-06 -3.21401e-05 3.2991e-05 -0.000803838 -0.000110954
27.5 2.91182e-06 4.31149e-06 -2.01695e-05 2.60545e-05 -0.000504448 0.000107837
27.52 5.67267e-07 1.57584e-05 -5.79001e-06 2.14604e-05 -0.000144811 0.000394127
27.54 -1.76994e-06 2.86695e-05 1.15219e-05 1.92187e-05 0.000288167 0.000717039
27.56 -4.02015e-06 4.08934e-05 3.17653e-05 1.86212e-05 0.000794464 0.00102277
27.58 -6.11343e-06 5.03224e-05 5.41724e-05 1.85126e-05 0.00135487 0.00125859
27.6 -7.98094e-06 5.58168e-05 7.70942e-05 1.769e-05 0.00192816 0.00139601
27.62 -9.55829e-06 5.73644e-05 9.83089e-05 1.52565e-05 0.00245875 0.00143471
27.64 -1.07976e-05 5.55904e-05 0.000115692 1.08368e-05 0.00289351 0.00139034
27.66 -1.16742e-05 5.1333e-05 0.000127854 4.6661e-06 0.00319768 0.00128386
27.68 -1.21811e-05 4.56105e-05 0.000134435 -2.4415e-06 0.00336228 0.00114074
27.7 -1.23175e-05 3.95845e-05 0.000135985 -9.26374e-06 0.00340103 0.00099003
27.72 -1.20831e-05 3.43046e-05 0.000133582 -1.44698e-05 0.00334094 0.000857977
27.74 -1.14806e-05 3.04462e-05 0.000128481 -1.69682e-05 0.00321337 0.000761477
27.76 -1.05235e-05 2.80726e-05 0.000121836 -1.61911e-05 0.00304718 0.000702111
27.78 -9.23917e-06 2.64375e-05 0.000114437 -1.22542e-05 0.00286211 0.000661218
27.8 -7.66344e-06 2.41695e-05 0.000106494 -5.95671e-06 0.00266347 0.000604494
27.82 -5.83553e-06 1.99453e-05 9.76128e-05 1.43062e-06 0.00244134 0.000498844
27.84 -3.80089e-06 1.31467e-05 8.69677e-05 8.55406e-06 0.0021751 0.00032881
27.86 -1.62124e-06 3.98548e-06 7.36593e-05 1.43736e-05 0.00184225 9.9683e-05
27.88 6.20569e-07 -6.80087e-06 5.71387e-05 1.84047e-05 0.00142906 -0.000170088
27.9 2.83043e-06 -1.8167e-05 3.75457e-05 2.07587e-05 0.000939034 -0.000454359
27.92 4.92105e-06 -2.87534e-05 1.58476e-05 2.2022e-05 0.000396354 -0.000719131
27.94 6.82378e-06 -3.70656e-05 -6.25467e-06 2.30267e-05 -0.000156432 -0.000927023
27.96 8.48695e-06 -4.19803e-05 -2.66539e-05 2.45653e-05 -0.000666626 -0.00104994
27.98 9.86759e-06 -4.31886e-05 -4.33641e-05 2.71269e-05 -0.00108455 -0.00108016
28 1.09278e-05 -4.12607e-05 -5.50633e-05 3.07401e-05 -0.00137715 -0.00103194
28.02 1.16386e-05 -3.73518e-05 -6.13762e-05 3.49494e-05 -0.00153504 -0.00093418
28.04 1.19842e-05 -3.27568e-05 -6.27927e-05 3.89261e-05 -0.00157047 -0.000819255
28.06 1.19606e-05 -2.85638e-05 -6.03738e-05 4.17078e-05 -0.00150997 -0.000714389
28.08 1.15702e-05 -2.54729e-05 -5.54156e-05 4.25093e-05 -0.00138597 -0.000637084
28.1 1.08187e-05 -2.36584e-05 -4.91286e-05 4.09901e-05 -0.00122873 -0.000591703
28.12 9.71936e-06 -2.26401e-05 -4.23519e-05 3.73827e-05 -0.00105924 -0.000566233
28.14 8.29948e-06 -2.13192e-05 -3.5348e-05 3.24433e-05 -0.000884068 -0.000533199
28.16 6.6034e-06 -1.83309e-05 -2.77646e-05 2.72338e-05 -0.000694404 -0.00045846
28.18 4.69026e-06 -1.26129e-05 -1.88131e-05 2.27997e-05 -0.000470524 -0.000315449
28.2 2.62957e-06 -3.87468e-06 -7.61996e-06 1.9854e-05 -0.000190578 -9.69028e-05
28.22 4.98086e-07 7.27696e-06 6.38624e-06 1.85769e-05 0.000159723 0.000182004
28.24 -1.6228e-06 1.95292e-05 2.31945e-05 1.85876e-05 0.000580104 0.000488439
28.26 -3.65152e-06 3.12057e-05 4.20989e-05 1.90804e-05 0.00105291 0.000780471
28.28 -5.51295e-06 4.0654e-05 6.17634e-05 1.90809e-05 0.00154473 0.00101678
28.3 -7.1441e-06 4.66275e-05 8.04656e-05 1.77521e-05 0.00201248 0.00116618
28.32 -8.49617e-06 4.85859e-05 9.64905e-05 1.46687e-05 0.00241327 0.00121516
28.34 -9.53297e-06 4.68357e-05 0.000108551 9.97341e-06 0.0027149 0.00117139
28.36 -1.02285e-05 4.2461e-05 0.000116003 4.36801e-06 0.00290129 0.00106197
28.38 -1.0566e-05 3.70351e-05 0.00011876 -1.06225e-06 0.00297024 0.000926267
28.4 -1.05388e-05 3.21201e-05 0.000117231 -5.14181e-06 0.00293199 0.00080334
28.42 -1.01508e-05 2.87143e-05 0.000112399 -6.93724e-06 0.00281114 0.000718161
28.44 -9.41573e-06 2.69766e-05 0.00010553 -6.03278e-06 0.00263935 0.000674701
28.46 -8.35597e-06 2.63221e-05 9.75738e-05 -2.64984e-06 0.00244036 0.000658332
28.48 -7.00299e-06 2.56791e-05 8.8912e-05 2.42727e-06 0.00222373 0.000642251
28.5 -5.39856e-06 2.38007e-05 7.94646e-05 8.0699e-06 0.00198744 0.000595271
28.52 -3.59576e-06 1.96443e-05 6.88203e-05 1.30972e-05 0.00172122 0.000491318
28.54 -1.65839e-06 1.27293e-05 5.64918e-05 1.65825e-05 0.00141288 0.00031837
28.56 3.41644e-07 3.35447e-06 4.21913e-05 1.80952e-05 0.00105522 8.39011e-05
28.58 2.32828e-06 -7.39338e-06 2.58943e-05 1.78071e-05 0.000647626 -0.000184907
28.6 4.22569e-06 -1.79016e-05 7.95667e-06 1.64335e-05 0.000199 -0.000447722
28.62 5.96058e-06 -2.65281e-05 -1.01273e-05 1.50185e-05 -0.000253287 -0.000663473
28.64 7.46217e-06 -3.20719e-05 -2.57213e-05 1.46096e-05 -0.0006433 -0.000802126
