0.02 -1.82782e-10 -3.10797e-11 -1.59625e-08 -2.77244e-11 -3.99228e-07 -7.77317e-10
0.04 -1.24019e-09 -5.89412e-10 4.85978e-08 -3.08424e-10 1.21545e-06 -1.47414e-08
0.06 -4.01982e-09 -1.64277e-08 3.3721e-07 -8.21003e-10 8.43376e-06 -4.10862e-07
0.08 -8.15584e-09 -7.48569e-08 7.34367e-07 -1.24195e-09 1.83668e-05 -1.8722e-06
0.1 -1.05065e-08 -2.5911e-07 1.0984e-06 -3.98413e-10 2.74715e-05 -6.48046e-06
0.12 -5.06221e-09 -7.26992e-07 1.47138e-06 9.4268e-09 3.67999e-05 -1.81824e-05
0.14 1.43585e-08 -1.523e-06 1.85431e-06 3.78421e-08 4.6377e-05 -3.80909e-05
0.16 5.03069e-08 -2.5687e-06 2.21422e-06 7.61063e-08 5.53785e-05 -6.42442e-05
0.18 1.00042e-07 -3.7946e-06 2.58049e-06 9.96326e-08 6.45392e-05 -9.49046e-05
0.2 1.57823e-07 -5.08517e-06 2.9741e-06 9.42547e-08 7.43835e-05 -0.000127182
0.22 2.19729e-07 -6.40008e-06 3.39433e-06 7.47323e-08 8.48936e-05 -0.000160069
0.24 2.85719e-07 -7.82656e-06 3.86314e-06 9.74965e-08 9.66188e-05 -0.000195745
0.26 3.56115e-07 -9.27996e-06 4.39942e-06 2.42063e-07 0.000110031 -0.000232096
0.28 4.27322e-07 -1.05457e-05 4.98609e-06 5.48951e-07 0.000124704 -0.000263751
0.3 4.93114e-07 -1.16643e-05 5.55933e-06 9.98174e-07 0.000139041 -0.00029173
0.32 5.50657e-07 -1.2836e-05 6.00756e-06 1.5496e-06 0.000150252 -0.000321033
0.34 6.04203e-07 -1.40503e-05 6.21707e-06 2.14981e-06 0.000155492 -0.000351403
0.36 6.61782e-07 -1.52214e-05 6.16134e-06 2.71044e-06 0.000154098 -0.000380693
0.38 7.28675e-07 -1.647e-05 5.91544e-06 3.14401e-06 0.000147948 -0.000411921
0.4 8.044e-07 -1.79431e-05 5.58525e-06 3.41058e-06 0.000139689 -0.000448764
0.42 8.83407e-07 -1.94779e-05 5.29719e-06 3.49573e-06 0.000132485 -0.000487149
0.44 9.55994e-07 -2.06744e-05 5.15724e-06 3.3886e-06 0.000128985 -0.000517076
0.46 1.0112e-06 -2.12794e-05 5.02908e-06 3.12831e-06 0.000125779 -0.000532208
0.48 1.04444e-06 -2.1421e-05 4.51982e-06 2.84059e-06 0.000113042 -0.000535747
0.5 1.06326e-06 -2.14632e-05 3.4876e-06 2.68828e-06 8.72264e-05 -0.000536803
0.52 1.08142e-06 -2.16204e-05 2.30813e-06 2.77678e-06 5.77274e-05 -0.000540736
0.54 1.1023e-06 -2.17791e-05 1.43695e-06 3.09268e-06 3.59387e-05 -0.000544705
0.56 1.10661e-06 -2.13751e-05 1.09376e-06 3.49753e-06 2.73554e-05 -0.000534599
0.58 1.06159e-06 -1.97602e-05 1.28986e-06 3.77676e-06 3.22599e-05 -0.000494212
0.6 9.48845e-07 -1.70913e-05 1.79076e-06 3.77865e-06 4.47878e-05 -0.00042746
0.62 7.83182e-07 -1.41229e-05 2.28508e-06 3.55006e-06 5.71507e-05 -0.000353219
0.64 5.99198e-07 -1.11228e-05 2.78282e-06 3.25206e-06 6.95995e-05 -0.000278185
0.66 4.17287e-07 -7.85171e-06 3.67423e-06 2.92598e-06 9.18939e-05 -0.000196375
0.68 2.25878e-07 -4.46431e-06 5.3355e-06 2.44384e-06 0.000133443 -0.000111654
0.7 -4.00718e-10 -1.32029e-06 7.74452e-06 1.66347e-06 0.000193694 -3.30209e-05
0.72 -2.67993e-07 1.74297e-06 1.04505e-05 5.19214e-07 0.000261371 4.35925e-05
0.74 -5.54111e-07 5.04925e-06 1.29155e-05 -9.59854e-07 0.000323023 0.000126284
0.76 -8.26169e-07 8.47376e-06 1.49169e-05 -2.5959e-06 0.000373079 0.000211932
0.78 -1.06546e-06 1.15145e-05 1.6709e-05 -4.10714e-06 0.000417898 0.000287982
0.8 -1.27508e-06 1.40369e-05 1.88626e-05 -5.31131e-06 0.000471762 0.00035107
0.82 -1.47146e-06 1.64977e-05 2.17162e-05 -6.24036e-06 0.000543132 0.000412614
0.84 -1.66551e-06 1.90687e-05 2.47373e-05 -6.98212e-06 0.00061869 0.000476916
0.86 -1.84454e-06 2.12279e-05 2.68377e-05 -7.45007e-06 0.000671223 0.000530919
0.88 -1.97209e-06 2.23942e-05 2.752e-05 -7.40113e-06 0.000688287 0.000560087
0.9 -2.01388e-06 2.25476e-05 2.72461e-05 -6.68523e-06 0.000681435 0.000563924
0.92 -1.97062e-06 2.20753e-05 2.68798e-05 -5.4329e-06 0.000672276 0.000552112
0.94 -1.88302e-06 2.14324e-05 2.70236e-05 -4.01505e-06 0.000675872 0.000536033
0.96 -1.7975e-06 2.07789e-05 2.76871e-05 -2.82546e-06 0.000692465 0.00051969
0.98 -1.7248e-06 1.99252e-05 2.8048e-05 -2.01308e-06 0.000701492 0.000498337
1 -1.63111e-06 1.87596e-05 2.75788e-05 -1.36189e-06 0.000689757 0.000469184
1.02 -1.47091e-06 1.85442e-05 2.07781e-05 -5.67274e-07 0.000519668 0.000463798
1.04 -1.23719e-06 1.9391e-05 6.95431e-06 3.67016e-07 0.00017393 0.000484977
1.06 -9.77205e-07 1.84612e-05 1.15493e-07 1.27314e-06 2.88852e-06 0.000461721
1.08 -7.52998e-07 1.61196e-05 8.68938e-07 1.97735e-06 2.17325e-05 0.000403158
1.1 -5.94522e-07 1.43974e-05 -1.29e-06 2.08827e-06 -3.22635e-05 0.000360086
1.12 -4.83301e-07 1.21248e-05 -3.03273e-06 1.51816e-06 -7.58499e-05 0.000303247
1.14 -3.67529e-07 1.02626e-05 -6.13909e-06 9.97446e-07 -0.000153541 0.000256671
1.16 -2.07513e-07 1.03985e-05 -1.66969e-05 1.18058e-06 -0.000417596 0.000260072
1.18 -1.78308e-08 9.99698e-06 -2.36516e-05 1.93514e-06 -0.000591536 0.000250029
1.2 1.44354e-07 8.90175e-06 -2.27779e-05 2.58898e-06 -0.000569684 0.000222636
1.22 2.34818e-07 8.76401e-06 -2.3504e-05 2.13203e-06 -0.000587845 0.000219192
1.24 2.65489e-07 7.21414e-06 -2.47578e-05 7.38714e-08 -0.000619203 0.000180429
1.26 2.92857e-07 3.41586e-06 -2.20196e-05 -2.5752e-06 -0.000550718 8.5432e-05
1.28 3.53474e-07 6.04236e-07 -1.80176e-05 -4.30659e-06 -0.000450628 1.51122e-05
1.3 4.07262e-07 1.13476e-07 -1.3865e-05 -4.73691e-06 -0.000346768 2.83808e-06
1.32 3.6311e-07 5.90207e-07 -7.23775e-06 -4.51045e-06 -0.000181019 1.47613e-05
1.34 1.75519e-07 1.09005e-06 1.23095e-06 -4.40334e-06 3.07867e-05 2.72627e-05
1.36 -9.71713e-08 1.20286e-06 9.3531e-06 -4.76592e-06 0.000233925 3.00841e-05
1.38 -3.48595e-07 3.23205e-06 8.9484e-06 -5.28782e-06 0.000223803 8.0835e-05
1.4 -5.33083e-07 8.66989e-06 -8.04931e-07 -5.42944e-06 -2.01317e-05 0.000216838
1.42 -7.00537e-07 1.26986e-05 7.2841e-08 -4.9725e-06 1.82178e-06 0.000317599
1.44 -9.2643e-07 1.39393e-05 1.37248e-05 -4.28129e-06 0.000343262 0.000348627
1.46 -1.22649e-06 1.57165e-05 2.26466e-05 -4.38739e-06 0.000566402 0.000393077
1.48 -1.53973e-06 1.6962e-05 2.61454e-05 -5.76417e-06 0.000653908 0.000424227
1.5 -1.78656e-06 1.7382e-05 2.86154e-05 -7.00445e-06 0.000715683 0.000434732
1.52 -1.94539e-06 2.08949e-05 2.63286e-05 -6.28114e-06 0.000658489 0.00052259
1.54 -2.06842e-06 2.76383e-05 2.14527e-05 -3.62452e-06 0.000536542 0.000691245
1.56 -2.21064e-06 3.2984e-05 2.03761e-05 -6.34252e-07 0.000509614 0.000824944
1.58 -2.34506e-06 3.4189e-05 2.15623e-05 1.1549e-06 0.000539282 0.00085508
1.6 -2.37024e-06 3.22175e-05 1.96744e-05 1.20632e-06 0.000492066 0.000805774
1.62 -2.21492e-06 2.91894e-05 1.44899e-05 3.09769e-07 0.000362399 0.000730039
1.64 -1.92219e-06 2.65952e-05 9.9865e-06 2.24288e-08 0.000249766 0.000665157
1.66 -1.61684e-06 2.52161e-05 8.40072e-06 1.05568e-06 0.000210106 0.000630666
1.68 -1.3892e-06 2.45565e-05 8.5058e-06 2.43249e-06 0.000212733 0.000614168
1.7 -1.20877e-06 2.22042e-05 7.96448e-06 2.75296e-06 0.000199195 0.000555336
1.72 -9.50965e-07 1.56975e-05 5.28691e-06 1.99477e-06 0.000132228 0.000392601
1.74 -5.23424e-07 6.82704e-06 -4.37995e-07 1.51347e-06 -1.09544e-05 0.000170747
1.76 2.66166e-08 5.72295e-07 -9.03492e-06 2.30528e-06 -0.000225967 1.43133e-05
1.78 5.43976e-07 -2.40028e-06 -1.70063e-05 3.81107e-06 -0.000425335 -6.00321e-05
1.8 9.16554e-07 -6.20165e-06 -1.96138e-05 4.53467e-06 -0.00049055 -0.000155106
1.82 1.19018e-06 -1.3229e-05 -1.70878e-05 3.38418e-06 -0.000427373 -0.000330862
1.84 1.51765e-06 -2.24602e-05 -1.5027e-05 5.58243e-07 -0.000375832 -0.000561738
1.86 1.99124e-06 -3.21869e-05 -1.67857e-05 -2.34331e-06 -0.000419818 -0.000805007
1.88 2.53961e-06 -4.0099e-05 -2.10062e-05 -3.43807e-06 -0.000525374 -0.00100289
1.9 2.99139e-06 -4.35464e-05 -2.61416e-05 -2.37925e-06 -0.000653813 -0.00108911
1.92 3.22679e-06 -4.31592e-05 -3.0957e-05 -6.63257e-07 -0.000774248 -0.00107943
1.94 3.27052e-06 -4.25335e-05 -3.35493e-05 1.96251e-07 -0.000839082 -0.00106378
1.96 3.25371e-06 -4.38238e-05 -3.41805e-05 2.41462e-07 -0.00085487 -0.00109605
1.98 3.27934e-06 -4.56322e-05 -3.53747e-05 6.98756e-07 -0.000884736 -0.00114128
2 3.3103e-06 -4.45861e-05 -3.76297e-05 2.57136e-06 -0.000941134 -0.00111512
2.02 3.19344e-06 -3.86356e-05 -3.89437e-05 5.63614e-06 -0.000973999 -0.000966292
2.04 2.80008e-06 -2.84555e-05 -3.77644e-05 8.4883e-06 -0.000944504 -0.000711685
2.06 2.14643e-06 -1.64643e-05 -3.43076e-05 9.6088e-06 -0.000858046 -0.000411778
2.08 1.38342e-06 -5.62953e-06 -2.97289e-05 8.67135e-06 -0.000743532 -0.000140797
2.1 6.69316e-07 2.43358e-06 -2.44245e-05 6.81802e-06 -0.000610866 6.08647e-05
2.12 4.34105e-08 9.37677e-06 -1.77237e-05 5.4188e-06 -0.000443276 0.000234517
2.14 -5.80695e-07 1.76913e-05 -9.20576e-06 4.59218e-06 -0.00023024 0.000442466
2.16 -1.29891e-06 2.68608e-05 4.55393e-07 3.20893e-06 1.13896e-05 0.0006718
2.18 -2.09483e-06 3.4502e-05 1.06152e-05 2.12331e-07 0.000265491 0.000862909
2.2 -2.83167e-06 3.96805e-05 2.05102e-05 -4.36069e-06 0.000512969 0.000992426
2.22 -3.3647e-06 4.24651e-05 2.90385e-05 -9.37004e-06 0.000726264 0.00106207
2.24 -3.66583e-06 4.30024e-05 3.72502e-05 -1.32434e-05 0.000931644 0.00107551
2.26 -3.84034e-06 4.35287e-05 4.65595e-05 -1.50939e-05 0.00116447 0.00108867
2.28 -4.02298e-06 4.63631e-05 5.51263e-05 -1.54285e-05 0.00137873 0.00115956
2.3 -4.25791e-06 5.00784e-05 6.09978e-05 -1.52584e-05 0.00152558 0.00125248
2.32 -4.46439e-06 5.19776e-05 6.47742e-05 -1.4635e-05 0.00162003 0.00129998
2.34 -4.5062e-06 5.15691e-05 6.57668e-05 -1.27291e-05 0.00164486 0.00128976
2.36 -4.31054e-06 4.96105e-05 6.18625e-05 -9.0936e-06 0.00154721 0.00124078
2.38 -3.93535e-06 4.6979e-05 5.49329e-05 -4.36953e-06 0.00137389 0.00117496
2.4 -3.51218e-06 4.45661e-05 4.86107e-05 -9.18512e-08 0.00121577 0.00111462
2.42 -3.12012e-06 4.18859e-05 4.22328e-05 2.13392e-06 0.00105626 0.00104758
2.44 -2.72295e-06 3.74186e-05 3.37911e-05 1.82127e-06 0.000845129 0.000935855
2.46 -2.21725e-06 3.08405e-05 2.35056e-05 3.56819e-08 0.000587884 0.000771333
2.48 -1.53437e-06 2.22785e-05 1.14866e-05 -1.53779e-06 0.000287284 0.000557196
2.5 -7.17505e-07 1.22639e-05 -1.63852e-06 -1.84495e-06 -4.098e-05 0.000306726
2.52 9.26218e-08 3.43143e-06 -1.33718e-05 -1.06128e-06 -0.000334435 8.58216e-05
2.54 7.64085e-07 -2.93953e-06 -2.29926e-05 -1.93455e-07 -0.000575054 -7.35188e-05
2.56 1.27064e-06 -8.28915e-06 -3.30726e-05 1.68082e-07 -0.00082716 -0.000207315
2.58 1.68705e-06 -1.31081e-05 -4.4303e-05 5.421e-07 -0.00110804 -0.000327839
2.6 2.09452e-06 -1.66708e-05 -5.30667e-05 1.82209e-06 -0.00132722 -0.000416943
2.62 2.48405e-06 -1.86972e-05 -5.74126e-05 4.24913e-06 -0.00143591 -0.000467624
2.64 2.74754e-06 -1.87067e-05 -5.92066e-05 7.12092e-06 -0.00148078 -0.000467862
2.66 2.77377e-06 -1.56848e-05 -5.94287e-05 9.11407e-06 -0.00148634 -0.000392283
2.68 2.56167e-06 -1.1556e-05 -5.70386e-05 9.21076e-06 -0.00142656 -0.00028902
2.7 2.2316e-06 -9.83647e-06 -5.18413e-05 7.69688e-06 -0.00129657 -0.000246014
2.72 1.92067e-06 -1.04926e-05 -4.4759e-05 5.71742e-06 -0.00111944 -0.000262424
2.74 1.66108e-06 -1.12585e-05 -3.53104e-05 3.76136e-06 -0.000883127 -0.00028158
2.76 1.35873e-06 -1.05479e-05 -2.3256e-05 1.22387e-06 -0.000581641 -0.000263808
2.78 9.04351e-07 -8.75977e-06 -1.06997e-05 -2.62788e-06 -0.000267604 -0.000219085
2.8 2.96626e-07 -7.18609e-06 1.96623e-06 -7.68821e-06 4.91763e-05 -0.000179727
2.82 -3.65882e-07 -5.22822e-06 1.7593e-05 -1.29104e-05 0.000440008 -0.00013076
2.84 -9.99927e-07 -1.78796e-06 3.71813e-05 -1.68889e-05 0.000929921 -4.47177e-05
2.86 -1.60887e-06 2.40936e-06 5.77656e-05 -1.85662e-05 0.00144474 6.02592e-05
2.88 -2.22768e-06 6.02559e-06 7.64461e-05 -1.77329e-05 0.00191195 0.000150702
2.9 -2.82303e-06 8.51739e-06 9.15612e-05 -1.50309e-05 0.00228998 0.000213024
2.92 -3.28176e-06 9.74217e-06 0.000100676 -1.13356e-05 0.00251795 0.000243656
2.94 -3.50517e-06 9.58094e-06 0.000103887 -7.17223e-06 0.00259825 0.000239623
2.96 -3.49869e-06 8.40475e-06 0.000106267 -2.88873e-06 0.00265778 0.000210206
2.98 -3.35904e-06 6.67162e-06 0.000111379 9.17266e-07 0.00278564 0.00016686
3 -3.17423e-06 4.42885e-06 0.000116244 3.63114e-06 0.0029073 0.000110767
3.02 -2.93135e-06 1.20762e-06 0.000115611 5.28128e-06 0.00289149 3.0203e-05
3.04 -2.52481e-06 -3.99347e-06 0.000107184 6.75479e-06 0.00268072 -9.98784e-05
3.06 -1.87168e-06 -1.10961e-05 9.22228e-05 9.20858e-06 0.00230653 -0.000277517
3.08 -1.02337e-06 -1.82887e-05 7.42112e-05 1.30299e-05 0.00185605 -0.000457407
3.1 -1.46041e-07 -2.41908e-05 5.71054e-05 1.72893e-05 0.00142823 -0.000605022
3.12 6.29112e-07 -3.0069e-05 4.23359e-05 2.04424e-05 0.00105884 -0.000752039
3.14 1.33048e-06 -3.80106e-05 2.68774e-05 2.17046e-05 0.000672214 -0.00095066
3.16 2.09992e-06 -4.66082e-05 6.63332e-06 2.15533e-05 0.000165902 -0.00116569
3.18 3.02139e-06 -5.28158e-05 -1.78557e-05 2.09386e-05 -0.000446579 -0.00132095
3.2 4.016e-06 -5.68847e-05 -4.13772e-05 2.03964e-05 -0.00103486 -0.00142271
3.22 4.91569e-06 -6.10745e-05 -6.07615e-05 1.97507e-05 -0.00151967 -0.0015275
3.24 5.61497e-06 -6.55396e-05 -7.72339e-05 1.82061e-05 -0.00193165 -0.00163917
3.26 6.12761e-06 -6.86167e-05 -9.1624e-05 1.50403e-05 -0.00229155 -0.00171613
3.28 6.51644e-06 -7.01322e-05 -0.000104046 1.07046e-05 -0.00260223 -0.00175404
3.3 6.80083e-06 -7.02776e-05 -0.000115856 6.80871e-06 -0.0028976 -0.00175767
3.32 6.93696e-06 -6.76779e-05 -0.000126627 4.43668e-06 -0.00316701 -0.00169265
3.34 6.86246e-06 -6.24634e-05 -0.000132982 2.96799e-06 -0.00332593 -0.00156224
3.36 6.53529e-06 -5.62362e-05 -0.000132009 9.72207e-07 -0.0033016 -0.00140649
3.38 5.94081e-06 -4.82201e-05 -0.0001239 -2.40207e-06 -0.0030988 -0.001206
3.4 5.09085e-06 -3.69486e-05 -0.000111198 -6.99741e-06 -0.00278112 -0.000924099
3.42 4.02574e-06 -2.36422e-05 -9.6456e-05 -1.17044e-05 -0.0024124 -0.000591302
3.44 2.80971e-06 -9.71126e-06 -8.06515e-05 -1.50835e-05 -0.00201713 -0.000242883
3.46 1.5098e-06 5.1741e-06 -6.2988e-05 -1.6719e-05 -0.00157536 0.000129406
3.48 1.63014e-07 2.03508e-05 -4.23563e-05 -1.76397e-05 -0.00105935 0.000508982
3.5 -1.23434e-06 3.3974e-05 -1.81966e-05 -1.89962e-05 -0.000455105 0.000849705
3.52 -2.6892e-06 4.61067e-05 8.96076e-06 -2.08924e-05 0.000224112 0.00115315
3.54 -4.16521e-06 5.85365e-05 3.65815e-05 -2.26165e-05 0.000914917 0.00146402
3.56 -5.57986e-06 7.20859e-05 6.14051e-05 -2.33118e-05 0.00153577 0.0018029
3.58 -6.83371e-06 8.52632e-05 8.13646e-05 -2.23993e-05 0.00203496 0.00213247
3.6 -7.84452e-06 9.54462e-05 9.66869e-05 -1.9894e-05 0.00241818 0.00238715
3.62 -8.58854e-06 0.000101964 0.000110041 -1.64117e-05 0.00275217 0.00255015
3.64 -9.1249e-06 0.000106768 0.000123792 -1.26912e-05 0.00309609 0.00267032
3.66 -9.55252e-06 0.000111803 0.000136753 -9.06889e-06 0.00342025 0.00279623
3.68 -9.90831e-06 0.000116499 0.000145527 -5.36358e-06 0.00363969 0.00291369
3.7 -1.01037e-05 0.000118423 0.000148806 -1.17026e-06 0.00372169 0.0029618
3.72 -9.97803e-06 0.000116118 0.000146745 3.61831e-06 0.00367015 0.00290417
3.74 -9.42713e-06 0.000109172 0.000138382 8.425e-06 0.003461 0.00273043
3.76 -8.4858e-06 9.7371e-05 0.000124552 1.2167e-05 0.0031151 0.00243529
3.78 -7.28781e-06 8.16135e-05 0.000108753 1.38198e-05 0.00271996 0.00204119
3.8 -5.95084e-06 6.38413e-05 9.24172e-05 1.28928e-05 0.00231139 0.0015967
3.82 -4.49944e-06 4.53832e-05 7.33927e-05 9.72209e-06 0.00183558 0.00113505
3.84 -2.88325e-06 2.537e-05 5.0582e-05 5.52151e-06 0.00126508 0.000634514
3.86 -1.06315e-06 2.52044e-06 2.61606e-05 1.9175e-06 0.000654287 6.30372e-05
3.88 9.0384e-07 -2.17044e-05 1.53052e-06 3.6986e-08 3.8279e-05 -0.000542837
3.9 2.84673e-06 -4.35699e-05 -2.3737e-05 -7.62907e-08 -0.000593672 -0.0010897
3.92 4.55462e-06 -6.01318e-05 -4.90514e-05 8.88273e-07 -0.0012268 -0.00150392
3.94 5.8916e-06 -7.07359e-05 -7.30886e-05 2.31257e-06 -0.00182798 -0.00176914
3.96 6.85519e-06 -7.58929e-05 -9.50261e-05 3.98447e-06 -0.00237664 -0.00189811
3.98 7.52896e-06 -7.73551e-05 -0.000113647 5.85681e-06 -0.00284235 -0.00193468
4 7.97053e-06 -7.73181e-05 -0.000126332 7.74111e-06 -0.00315962 -0.00193376
4.02 8.13839e-06 -7.54343e-05 -0.000130663 9.02634e-06 -0.00326793 -0.00188664
4.04 7.93395e-06 -7.06805e-05 -0.000126953 8.6645e-06 -0.00317513 -0.00176775
4.06 7.31531e-06 -6.45275e-05 -0.000117091 5.92666e-06 -0.0029285 -0.00161386
4.08 6.36195e-06 -5.86105e-05 -0.000102078 1.13738e-06 -0.00255301 -0.00146587
4.1 5.22394e-06 -5.20216e-05 -8.23523e-05 -4.75787e-06 -0.00205967 -0.00130108
4.12 4.01657e-06 -4.4225e-05 -5.90091e-05 -1.1024e-05 -0.00147584 -0.00110608
4.14 2.77333e-06 -3.74482e-05 -3.29945e-05 -1.71312e-05 -0.000825205 -0.000936594
4.16 1.48682e-06 -3.25818e-05 -3.86346e-06 -2.25017e-05 -9.66268e-05 -0.000814884
4.18 1.60494e-07 -2.70538e-05 2.84548e-05 -2.66813e-05 0.000711666 -0.000676627
4.2 -1.19117e-06 -1.79966e-05 6.18996e-05 -2.92246e-05 0.00154813 -0.000450103
4.22 -2.55438e-06 -5.65562e-06 9.37311e-05 -2.92373e-05 0.00234425 -0.000141449
4.24 -3.89963e-06 7.67561e-06 0.000123024 -2.56218e-05 0.00307689 0.00019197
4.26 -5.17062e-06 2.17379e-05 0.000149986 -1.80897e-05 0.00375121 0.000543673
4.28 -6.3022e-06 3.67255e-05 0.000172211 -7.64382e-06 0.00430707 0.00091852
4.3 -7.245e-06 5.02752e-05 0.000186538 4.10485e-06 0.0046654 0.0012574
4.32 -7.96994e-06 6.1028e-05 0.000193243 1.56005e-05 0.0048331 0.00152633
4.34 -8.44993e-06 7.02687e-05 0.000193624 2.51965e-05 0.00484261 0.00175745
4.36 -8.63554e-06 7.65383e-05 0.000187566 3.13474e-05 0.00469111 0.00191426
4.38 -8.44268e-06 7.5271e-05 0.000175926 3.3461e-05 0.00439997 0.00188256
4.4 -7.76392e-06 6.46721e-05 0.000160393 3.18842e-05 0.00401149 0.00161748
4.42 -6.51642e-06 4.49098e-05 0.000141039 2.72152e-05 0.00352743 0.00112321
4.44 -4.71277e-06 1.63184e-05 0.000118192 2.04909e-05 0.00295604 0.000408129
4.46 -2.47926e-06 -1.70073e-05 9.20505e-05 1.33669e-05 0.00230222 -0.000425358
4.48 1.37996e-08 -4.98369e-05 6.00915e-05 7.30329e-06 0.00150291 -0.00124644
4.5 2.63341e-06 -8.05521e-05 2.15757e-05 3.27244e-06 0.000539618 -0.00201464
4.52 5.31623e-06 -0.000109201 -1.96422e-05 2.21463e-06 -0.000491261 -0.00273116
4.54 8.05448e-06 -0.00013658 -6.08672e-05 4.79565e-06 -0.00152231 -0.00341591
4.56 1.08353e-05 -0.000164013 -0.000102433 1.08652e-05 -0.00256188 -0.00410202
4.58 1.3573e-05 -0.000189725 -0.000144506 1.94453e-05 -0.00361417 -0.00474509
4.6 1.61122e-05 -0.000210128 -0.000187388 2.88704e-05 -0.00468665 -0.00525539
4.62 1.82952e-05 -0.000224784 -0.000230451 3.72369e-05 -0.00576368 -0.00562195
4.64 2.00118e-05 -0.000234198 -0.000269403 4.31546e-05 -0.00673788 -0.00585738
4.66 2.11966e-05 -0.000236591 -0.000300103 4.58333e-05 -0.0075057 -0.00591723
4.68 2.17991e-05 -0.000231434 -0.00032373 4.48287e-05 -0.00809663 -0.00578826
4.7 2.17606e-05 -0.0002201 -0.00034323 4.03772e-05 -0.00858433 -0.0055048
4.72 2.10177e-05 -0.000201009 -0.000358347 3.34081e-05 -0.00896241 -0.00502731
4.74 1.95248e-05 -0.000171127 -0.000367038 2.47316e-05 -0.00917978 -0.00427997
4.76 1.7278e-05 -0.000131615 -0.000367168 1.48154e-05 -0.00918302 -0.00329175
4.78 1.43424e-05 -8.64279e-05 -0.000356746 4.25523e-06 -0.00892235 -0.0021616
4.8 1.08695e-05 -3.79562e-05 -0.000335853 -6.37561e-06 -0.00839982 -0.000949301
4.82 7.06233e-06 1.25743e-05 -0.00030706 -1.68174e-05 -0.00767971 0.000314489
4.84 3.09238e-06 6.36585e-05 -0.000272305 -2.65926e-05 -0.00681045 0.00159213
4.86 -9.6645e-07 0.000115902 -0.000231602 -3.48104e-05 -0.00579247 0.00289875
4.88 -5.13834e-06 0.000172724 -0.000185168 -4.11055e-05 -0.00463114 0.0043199
4.9 -9.47828e-06 0.000235571 -0.000134708 -4.60595e-05 -0.0033691 0.00589172
4.92 -1.39664e-05 0.000300951 -8.28653e-05 -5.01854e-05 -0.0020725 0.00752691
4.94 -1.84343e-05 0.000363329 -3.19243e-05 -5.31433e-05 -0.000798441 0.009087
4.96 -2.26054e-05 0.000418472 1.68959e-05 -5.42984e-05 0.000422575 0.0104662
4.98 -2.62345e-05 0.000463517 6.29726e-05 -5.36174e-05 0.00157497 0.0115928
5 -2.92203e-05 0.000496682 0.000106634 -5.20417e-05 0.00266696 0.0124222
5.02 -3.15853e-05 0.000517916 0.000149436 -5.14183e-05 0.00373747 0.0129533
5.04 -3.33494e-05 0.000527565 0.000191493 -5.37196e-05 0.00478932 0.0131946
5.06 -3.44203e-05 0.000524121 0.000230589 -5.95362e-05 0.00576714 0.0131085
5.08 -3.45863e-05 0.000504133 0.000265238 -6.72207e-05 0.00663372 0.0126086
5.1 -3.36156e-05 0.000464708 0.000295704 -7.38221e-05 0.00739569 0.0116225
5.12 -3.13815e-05 0.000405536 0.000321204 -7.69288e-05 0.00803344 0.0101426
5.14 -2.79047e-05 0.00032762 0.00033876 -7.56336e-05 0.00847253 0.0081939
5.16 -2.3276e-05 0.000231929 0.000346105 -7.00911e-05 0.00865623 0.00580064
5.18 -1.75399e-05 0.000119268 0.000343004 -6.05307e-05 0.00857868 0.00298294
5.2 -1.06793e-05 -8.71697e-06 0.000329946 -4.6665e-05 0.00825209 -0.000218015
5.22 -2.74776e-06 -0.000147222 0.000307277 -2.79176e-05 0.00768511 -0.00368209
5.24 5.95968e-06 -0.000286597 0.000275847 -4.28774e-06 0.00689904 -0.00716792
5.26 1.48842e-05 -0.000415081 0.000236484 2.31149e-05 0.00591456 -0.0103813
5.28 2.34046e-05 -0.000525483 0.000186594 5.27949e-05 0.0046668 -0.0131426
5.3 3.11101e-05 -0.000616043 0.000120455 8.40447e-05 0.00301263 -0.0154075
5.32 3.79009e-05 -0.000687364 3.57914e-05 0.0001168 0.000895157 -0.0171912
5.34 4.38242e-05 -0.000741459 -6.18191e-05 0.000150288 -0.00154612 -0.0185442
5.36 4.88168e-05 -0.000780042 -0.000162892 0.000181966 -0.00407399 -0.0195092
5.38 5.26213e-05 -0.000802792 -0.00025938 0.00020748 -0.0064872 -0.0200782
5.4 5.49403e-05 -0.000807782 -0.000346104 0.000221839 -0.00865621 -0.020203
5.42 5.56335e-05 -0.000793535 -0.000420208 0.000221664 -0.0105096 -0.0198467
5.44 5.47904e-05 -0.000759892 -0.000479112 0.000207062 -0.0119828 -0.0190052
5.46 5.26025e-05 -0.000706695 -0.000520299 0.000181372 -0.0130129 -0.0176747
5.48 4.91479e-05 -0.000633055 -0.000541204 0.000149036 -0.0135357 -0.015833
5.5 4.43273e-05 -0.000539532 -0.000538524 0.000113714 -0.0134687 -0.0134939
5.52 3.80077e-05 -0.00043045 -0.000510579 7.79571e-05 -0.0127698 -0.0107658
5.54 3.02507e-05 -0.000313284 -0.000457448 4.36891e-05 -0.011441 -0.00783536
5.56 2.14315e-05 -0.000196123 -0.000379328 1.23236e-05 -0.00948716 -0.00490514
5.58 1.21565e-05 -8.61217e-05 -0.000279117 -1.56864e-05 -0.00698083 -0.00215395
5.6 3.049e-06 1.25143e-05 -0.000167643 -4.12856e-05 -0.00419283 0.00031298
5.62 -5.45646e-06 0.000101559 -5.84209e-05 -6.67855e-05 -0.00146113 0.00254003
5.64 -1.31723e-05 0.000185178 4.40358e-05 -9.47862e-05 0.00110135 0.00463137
5.66 -2.00379e-05 0.000264188 0.000138836 -0.000125931 0.00347236 0.00660745
5.68 -2.59427e-05 0.00033574 0.000220888 -0.00015723 0.0055245 0.00839699
5.7 -3.06684e-05 0.000396244 0.000285647 -0.000182726 0.00714416 0.00991023
5.72 -3.40127e-05 0.000444441 0.000329217 -0.000195917 0.00823385 0.0111157
5.74 -3.59578e-05 0.00048103 0.000344705 -0.000192142 0.00862122 0.0120308
5.76 -3.66904e-05 0.000507617 0.000326256 -0.000170048 0.00815979 0.0126957
5.78 -3.64452e-05 0.000526385 0.000274111 -0.000132058 0.00685563 0.0131651
5.8 -3.53508e-05 0.000539938 0.000193426 -8.37753e-05 0.00483767 0.0135041
5.82 -3.34299e-05 0.000550453 9.31015e-05 -3.24507e-05 0.00232851 0.0137671
5.84 -3.07015e-05 0.0005576 -1.68173e-05 1.48817e-05 -0.000420608 0.0139458
5.86 -2.72406e-05 0.000558835 -0.000131381 5.29953e-05 -0.0032859 0.0139767
5.88 -2.3149e-05 0.000550497 -0.00024811 7.9389e-05 -0.00620534 0.0137681
5.9 -1.85072e-05 0.000528819 -0.000360715 9.43359e-05 -0.00902163 0.013226
5.92 -1.33652e-05 0.000490735 -0.000462208 9.98825e-05 -0.01156 0.0122735
5.94 -7.73733e-06 0.000429981 -0.000548518 9.8364e-05 -0.0137187 0.010754
5.96 -1.58236e-06 0.000335951 -0.00061301 9.16546e-05 -0.0153316 0.00840227
5.98 5.16913e-06 0.000203469 -0.000644399 8.10106e-05 -0.0161167 0.00508883
6 1.24656e-05 4.11095e-05 -0.000639039 6.67005e-05 -0.0159826 0.00102816
6.02 1.98998e-05 -0.000129522 -0.000603965 4.80548e-05 -0.0151054 -0.0032394
6.04 2.66108e-05 -0.000280165 -0.000542235 2.44683e-05 -0.0135615 -0.00700704
6.06 3.15729e-05 -0.000389073 -0.000447654 -3.34759e-06 -0.011196 -0.00973089
6.08 3.42039e-05 -0.000457004 -0.000324143 -3.21299e-05 -0.00810694 -0.0114299
6.1 3.47849e-05 -0.000504875 -0.00018903 -5.56007e-05 -0.00472771 -0.0126271
6.12 3.42239e-05 -0.000553179 -4.61916e-05 -6.68772e-05 -0.00115527 -0.0138352
6.14 3.32752e-05 -0.000610572 0.000117658 -6.28515e-05 0.00294268 -0.0152707
6.16 3.18733e-05 -0.000671538 0.0003102 -4.65254e-05 0.00775823 -0.0167955
6.18 2.92171e-05 -0.000719077 0.000521536 -2.59152e-05 0.0130438 -0.0179844
6.2 2.45512e-05 -0.000737432 0.000738219 -1.03697e-05 0.0184632 -0.0184435
6.22 1.78652e-05 -0.00072109 0.000948486 -5.3489e-06 0.0237222 -0.0180348
6.24 9.85317e-06 -0.00066981 0.00113686 -9.38096e-06 0.0284345 -0.0167522
6.26 1.28209e-06 -0.000584026 0.00129543 -1.65669e-05 0.0324058 -0.0146067
6.28 -7.48403e-06 -0.000467751 0.00142469 -2.17411e-05 0.0356554 -0.0116987
6.3 -1.62777e-05 -0.000328652 0.00152477 -2.30453e-05 0.0381953 -0.00821974
6.32 -2.53548e-05 -0.000175161 0.00159612 -2.07996e-05 0.040035 -0.00438085
6.34 -3.53438e-05 -1.46613e-05 0.0016323 -1.47506e-05 0.0409842 -0.000366696
6.36 -4.56317e-05 0.000147478 0.00161901 -2.57794e-06 0.0406518 0.00368847
6.38 -5.48143e-05 0.000308465 0.00156018 1.83557e-05 0.0391805 0.00771483
6.4 -6.22432e-05 0.000466789 0.00147394 4.71985e-05 0.0370236 0.0116746
6.42 -6.81283e-05 0.000619034 0.0013535 7.76289e-05 0.0340114 0.0154823
6.44 -7.26341e-05 0.000758081 0.00119129 0.000100735 0.0299544 0.0189599
6.46 -7.51403e-05 0.000874287 0.0010045 0.000110969 0.0252828 0.0218664
6.48 -7.49091e-05 0.000956324 0.000811274 0.00010979 0.0204501 0.0239183
6.5 -7.16119e-05 0.000992035 0.000620869 0.0001044 0.015688 0.0248115
6.52 -6.55465e-05 0.00097666 0.000438336 0.000103251 0.0111227 0.024427
6.54 -5.73019e-05 0.000920197 0.000257647 0.000111226 0.00660363 0.0230149
6.56 -4.77103e-05 0.00084279 6.31527e-05 0.000127875 0.00173923 0.0210789
6.58 -3.76606e-05 0.000764972 -0.000158175 0.000150147 -0.00379628 0.0191326
6.6 -2.76682e-05 0.000699999 -0.000407285 0.000175581 -0.0100266 0.0175076
6.62 -1.79579e-05 0.000648776 -0.000668808 0.00020112 -0.0165678 0.0162265
6.64 -8.51919e-06 0.000600942 -0.000917314 0.000219738 -0.022786 0.0150302
6.66 7.55396e-07 0.000541187 -0.00112388 0.000220847 -0.0279651 0.0135356
6.68 9.9869e-06 0.000452857 -0.0012604 0.000195582 -0.0314063 0.0113265
6.7 1.92403e-05 0.000322602 -0.00131553 0.0001427 -0.032805 0.00806874
6.72 2.85236e-05 0.000148356 -0.00130295 6.99754e-05 -0.0324904 0.00371078
6.74 3.76435e-05 -5.90982e-05 -0.00123839 -9.33334e-06 -0.0308759 -0.00147773
6.76 4.63737e-05 -0.000281274 -0.00113742 -8.14181e-05 -0.0283505 -0.00703444
6.78 5.42868e-05 -0.000496156 -0.0010317 -0.000136583 -0.0257065 -0.0124087
6.8 6.09948e-05 -0.000682343 -0.000944834 -0.000172013 -0.0235339 -0.0170654
6.82 6.6341e-05 -0.00082504 -0.000878415 -0.000190381 -0.0218727 -0.0206344
6.84 7.01402e-05 -0.00091733 -0.000830586 -0.000195674 -0.0206765 -0.0229429
6.86 7.21723e-05 -0.000956852 -0.000797346 -0.00019024 -0.0198451 -0.0239316
6.88 7.22646e-05 -0.000948514 -0.000766983 -0.000175779 -0.0190857 -0.0237231
6.9 7.00134e-05 -0.000912148 -0.000714368 -0.000157208 -0.0177698 -0.0228136
6.92 6.53795e-05 -0.000875147 -0.000603462 -0.000142989 -0.014996 -0.0218882
6.94 5.92549e-05 -0.000850043 -0.000417725 -0.000137795 -0.0103506 -0.0212603
6.96 5.27649e-05 -0.000830255 -0.000173698 -0.000136098 -0.00424743 -0.0207654
6.98 4.63676e-05 -0.000806047 0.000102561 -0.000126429 0.00266194 -0.0201599
7 3.93179e-05 -0.000769783 0.000381088 -0.000101061 0.00962801 -0.019253
7.02 3.06534e-05 -0.000712427 0.000620449 -6.03487e-05 0.0156146 -0.0178185
7.04 2.03222e-05 -0.000627388 0.000787108 -1.03116e-05 0.0197832 -0.0156916
7.06 9.3059e-06 -0.000512572 0.000873121 4.11684e-05 0.0219351 -0.01282
7.08 -1.27874e-06 -0.00036854 0.000886168 8.63287e-05 0.0222615 -0.0092177
7.1 -1.09685e-05 -0.000201877 0.000843062 0.00011811 0.0211834 -0.0050494
7.12 -1.99102e-05 -2.73883e-05 0.000773499 0.000130346 0.0194437 -0.000685361
7.14 -2.82357e-05 0.000136981 0.000708224 0.000119024 0.0178111 0.0034256
7.16 -3.55785e-05 0.00027758 0.000662921 8.59607e-05 0.016678 0.00694202
7.18 -4.12853e-05 0.000387911 0.000639484 4.20458e-05 0.0160919 0.00970144
7.2 -4.4885e-05 0.000466944 0.00063297 4.76954e-06 0.015929 0.0116781
7.22 -4.65248e-05 0.000518874 0.000631407 -9.61957e-06 0.0158899 0.0129769
7.24 -4.67641e-05 0.000554365 0.000613814 7.1266e-06 0.0154499 0.0138645
7.26 -4.60895e-05 0.000587034 0.000555404 5.35251e-05 0.013989 0.0146816
7.28 -4.475e-05 0.000625172 0.000441075 0.00012001 0.0111296 0.0156354
7.3 -4.27352e-05 0.000669192 0.000274026 0.000191831 0.00695162 0.0167364
7.32 -3.99665e-05 0.000715477 7.14954e-05 0.000252466 0.00188624 0.0178941
7.34 -3.64322e-05 0.000757161 -0.000143492 0.000286617 -0.00349067 0.0189366
7.36 -3.22119e-05 0.000783665 -0.000348527 0.000282458 -0.0086187 0.0195995
7.38 -2.73514e-05 0.000782727 -0.000526144 0.000234226 -0.013061 0.0195761
7.4 -2.17753e-05 0.000742883 -0.000662869 0.00014533 -0.0164805 0.0185796
7.42 -1.53638e-05 0.000657124 -0.000746535 2.93764e-05 -0.0185731 0.0164347
7.44 -8.14704e-06 0.000526615 -0.000769596 -9.32662e-05 -0.0191498 0.0131706
7.46 -4.14951e-07 0.000360532 -0.000736217 -0.000201626 -0.018315 0.00901679
7.48 7.35868e-06 0.000172272 -0.000663534 -0.000279184 -0.0164972 0.00430833
7.5 1.47371e-05 -2.20224e-05 -0.000575893 -0.00031633 -0.0143053 -0.000551064
7.52 2.14555e-05 -0.000202444 -0.000496021 -0.000311256 -0.0123076 -0.00506349
7.54 2.73256e-05 -0.000349106 -0.000435241 -0.000269861 -0.0107875 -0.00873156
7.56 3.2057e-05 -0.000448853 -0.000390983 -0.000204321 -0.00968059 -0.0112263
7.58 3.52996e-05 -0.000500056 -0.00035286 -0.000130401 -0.00872712 -0.0125069
7.6 3.68525e-05 -0.000513226 -0.000308547 -6.37459e-05 -0.00761883 -0.0128363
7.62 3.68179e-05 -0.000505173 -0.000247206 -1.5581e-05 -0.00608465 -0.0126349
7.64 3.55296e-05 -0.000491024 -0.000161717 1.05147e-05 -0.00394655 -0.012281
7.66 3.33231e-05 -0.000480031 -4.92867e-05 1.87965e-05 -0.00113462 -0.0120061
7.68 3.03977e-05 -0.000475874 8.84167e-05 1.84032e-05 0.0023094 -0.0119021
7.7 2.67629e-05 -0.000477538 0.000243418 1.90133e-05 0.00618605 -0.0119437
7.72 2.22712e-05 -0.000479128 0.000400267 2.72537e-05 0.0101089 -0.0119835
7.74 1.67989e-05 -0.000470571 0.000539327 4.55027e-05 0.0135869 -0.0117694
7.76 1.03898e-05 -0.000439303 0.000642241 7.29429e-05 0.0161608 -0.0109874
7.78 3.26033e-06 -0.00037487 0.000696871 0.000106714 0.0175271 -0.00937592
7.8 -4.28291e-06 -0.000274018 0.000701763 0.000142028 0.0176495 -0.00685358
7.82 -1.1932e-05 -0.000140536 0.000667116 0.000172407 0.0167829 -0.00351514
7.84 -1.94472e-05 1.75308e-05 0.000610716 0.00019096 0.0153723 0.000438176
7.86 -2.66878e-05 0.000190294 0.000550801 0.000192433 0.0138739 0.00475907
7.88 -3.34957e-05 0.000364914 0.000497968 0.000175538 0.0125525 0.00912637
7.9 -3.95259e-05 0.00052296 0.00045235 0.000144519 0.0114115 0.0130792
7.92 -4.42079e-05 0.000645594 0.000409134 0.000108019 0.0103307 0.0161463
7.94 -4.69823e-05 0.000723635 0.00036474 7.48834e-05 0.00922039 0.0180981
7.96 -4.76755e-05 0.000760198 0.000317847 4.99963e-05 0.00804756 0.0190126
7.98 -4.66458e-05 0.00076353 0.000266571 3.33421e-05 0.00676514 0.0190959
8 -4.4496e-05 0.000742158 0.000204437 2.18415e-05 0.00521112 0.0185614
8.02 -4.16099e-05 0.000706371 0.000120925 1.14621e-05 0.00312246 0.0176664
8.04 -3.79941e-05 0.000666836 8.93384e-06 -1.4484e-06 0.000321517 0.0166776
8.06 -3.35224e-05 0.00062965 -0.000127942 -1.95548e-05 -0.00310181 0.0157475
8.08 -2.82259e-05 0.000593816 -0.000274801 -4.47664e-05 -0.0067748 0.0148513
8.1 -2.2315e-05 0.00055272 -0.000411277 -7.84625e-05 -0.0101881 0.0138235
8.12 -1.59683e-05 0.000496356 -0.000519509 -0.000120193 -0.012895 0.0124138
8.14 -9.14986e-06 0.000413842 -0.00058929 -0.000165336 -0.0146403 0.0103501
8.16 -1.66526e-06 0.000298465 -0.000617219 -0.000204475 -0.0153388 0.00746447
8.18 6.57767e-06 0.000150936 -0.000604516 -0.000226095 -0.0150211 0.00377471
8.2 1.53422e-05 -2.07262e-05 -0.000559699 -0.000220994 -0.0139002 -0.000518642
8.22 2.40753e-05 -0.000201497 -0.000500297 -0.000185813 -0.0124146 -0.00503981
8.24 3.21201e-05 -0.000372003 -0.000445411 -0.00012428 -0.0110418 -0.00930422
8.26 3.89457e-05 -0.000514408 -0.000406818 -4.5831e-05 -0.0100766 -0.0128658
8.28 4.42475e-05 -0.000617985 -0.000387953 3.75073e-05 -0.00960478 -0.0154563
8.3 4.79146e-05 -0.000681342 -0.000384268 0.000113935 -0.00951262 -0.0170409
8.32 4.99485e-05 -0.000710972 -0.000381799 0.00017335 -0.00945087 -0.017782
8.34 5.04023e-05 -0.000717697 -0.000360863 0.000208418 -0.00892725 -0.0179502
8.36 4.93695e-05 -0.000712474 -0.000304461 0.00021629 -0.00751661 -0.0178196
8.38 4.70169e-05 -0.000703979 -0.000204675 0.000200291 -0.00502094 -0.0176071
8.4 4.36017e-05 -0.000696911 -6.57226e-05 0.000169854 -0.00154567 -0.0174303
8.42 3.9378e-05 -0.000690187 9.61956e-05 0.000137631 0.00250397 -0.0172621
8.44 3.44902e-05 -0.000678539 0.0002578 0.000114825 0.00654575 -0.0169708
8.46 2.89829e-05 -0.000654788 0.00039646 0.000107431 0.0100137 -0.0163768
8.48 2.28681e-05 -0.000609957 0.00049681 0.000115046 0.0125235 -0.0152556
8.5 1.61508e-05 -0.000535466 0.00055365 0.00013189 0.0139451 -0.0133925
8.52 8.82782e-06 -0.000427823 0.000570958 0.00014928 0.014378 -0.0107003
8.54 9.52858e-07 -0.000290702 0.00055924 0.000158554 0.0140849 -0.00727087
8.56 -7.2548e-06 -0.000132958 0.000531635 0.000153026 0.0133945 -0.00332561
8.58 -1.53661e-05 3.35798e-05 0.000498697 0.000128828 0.0125707 0.000839559
8.6 -2.283e-05 0.000195339 0.00046605 8.5878e-05 0.0117542 0.00488522
8.62 -2.91529e-05 0.000339144 0.0004362 2.89383e-05 0.0110076 0.00848185
8.64 -3.40229e-05 0.000454681 0.000408788 -3.28181e-05 0.010322 0.0113715
8.66 -3.73088e-05 0.000536884 0.000378611 -8.8222e-05 0.00956731 0.0134274
8.68 -3.90074e-05 0.00058754 0.000336624 -0.000127384 0.00851718 0.0146943
8.7 -3.92161e-05 0.000613784 0.000273815 -0.000144582 0.00694632 0.0153507
8.72 -3.81259e-05 0.000623578 0.000184414 -0.00013977 0.00471036 0.0155957
8.74 -3.59826e-05 0.000622234 6.69699e-05 -0.00011818 0.00177302 0.015562
8.76 -3.30299e-05 0.00061347 -7.46291e-05 -8.86003e-05 -0.00176843 0.0153429
8.78 -2.94773e-05 0.000600775 -0.000228876 -6.12678e-05 -0.0056262 0.0150254
8.8 -2.54709e-05 0.00058582 -0.000377414 -4.53132e-05 -0.00934121 0.0146513
8.82 -2.10765e-05 0.000566629 -0.000501455 -4.58198e-05 -0.0124435 0.0141713
8.84 -1.62996e-05 0.000536361 -0.000588378 -6.18053e-05 -0.0146175 0.0134143
8.86 -1.10888e-05 0.00048528 -0.000633487 -8.6329e-05 -0.0157457 0.0121368
8.88 -5.35642e-06 0.000407107 -0.000640193 -0.000108713 -0.0159134 0.0101816
8.9 9.2852e-07 0.000302498 -0.000618542 -0.000118138 -0.0153719 0.00756531
8.92 7.61761e-06 0.000176394 -0.000579097 -0.000107284 -0.0143854 0.0044114
8.94 1.43615e-05 3.52429e-05 -0.000529155 -7.44873e-05 -0.0131363 0.000881156
8.96 2.07271e-05 -0.000111929 -0.000475247 -2.40769e-05 -0.011788 -0.00279966
8.98 2.63326e-05 -0.000252649 -0.000424266 3.45777e-05 -0.010513 -0.00631914
9 3.089e-05 -0.00037385 -0.000378472 8.92291e-05 -0.00936767 -0.00935042
9.02 3.41619e-05 -0.00046607 -0.000331419 0.000128113 -0.00819084 -0.0116569
9.04 3.59455e-05 -0.000527406 -0.000269633 0.00014342 -0.00664557 -0.0131909
9.06 3.61566e-05 -0.000564355 -0.000179155 0.000133561 -0.00438266 -0.014115
9.08 3.49176e-05 -0.000586332 -5.39931e-05 0.000103626 -0.00125231 -0.0146647
9.1 3.25181e-05 -0.000597821 9.9546e-05 6.38853e-05 0.00258776 -0.014952
9.12 2.92633e-05 -0.000597329 0.000262255 2.67693e-05 0.00665719 -0.0149397
9.14 2.53509e-05 -0.000583284 0.00040949 3.43972e-06 0.0103396 -0.0145885
9.16 2.08864e-05 -0.000556961 0.000526841 7.28316e-07 0.0132746 -0.0139301
9.18 1.60104e-05 -0.000521195 0.000615098 1.89333e-05 0.0154819 -0.0130356
9.2 1.09569e-05 -0.00047915 0.000679266 5.16098e-05 0.0170868 -0.011984
9.22 5.94759e-06 -0.000431946 0.000720966 8.79973e-05 0.0181298 -0.0108034
9.24 1.02087e-06 -0.00037527 0.00074273 0.000116855 0.0186741 -0.00938595
9.26 -4.02161e-06 -0.000298275 0.000749422 0.000129759 0.0188414 -0.00746028
9.28 -9.43182e-06 -0.000191836 0.000742088 0.000122912 0.018658 -0.00479818
9.3 -1.51816e-05 -6.20519e-05 0.000717029 9.77816e-05 0.0180313 -0.00155223
9.32 -2.07963e-05 7.16081e-05 0.000674544 6.06637e-05 0.0169687 0.00179066
9.34 -2.55704e-05 0.000192359 0.000622721 2.05547e-05 0.0156726 0.00481071
9.36 -2.90354e-05 0.000293087 0.00056765 -1.37382e-05 0.0142952 0.00732994
9.38 -3.12391e-05 0.000371233 0.00050783 -3.5342e-05 0.0127991 0.0092844
9.4 -3.25236e-05 0.000426676 0.000440474 -4.02539e-05 0.0111145 0.0106711
9.42 -3.30811e-05 0.000462951 0.000362861 -2.86931e-05 0.0091734 0.0115783
9.44 -3.27793e-05 0.000484735 0.000269022 -5.61328e-06 0.00682644 0.0121231
9.46 -3.13999e-05 0.000495957 0.000155969 2.08762e-05 0.00399894 0.0124038
9.48 -2.89581e-05 0.000499157 3.01566e-05 4.17669e-05 0.000852315 0.0124838
9.5 -2.57232e-05 0.000493574 -9.74753e-05 4.90358e-05 -0.00233981 0.0123442
9.52 -2.19461e-05 0.00047578 -0.000216568 3.77771e-05 -0.00531837 0.0118992
9.54 -1.76548e-05 0.000442775 -0.000316406 8.16591e-06 -0.00781537 0.0110737
9.56 -1.27384e-05 0.000393421 -0.000387394 -3.41669e-05 -0.00959079 0.00983935
9.58 -7.17275e-06 0.000325537 -0.000426287 -7.94255e-05 -0.0105635 0.00814153
9.6 -1.11459e-06 0.000235686 -0.000438062 -0.00011591 -0.010858 0.00589433
9.62 5.1911e-06 0.000125519 -0.000431669 -0.000133374 -0.0106981 0.00313899
9.64 1.14827e-05 5.24424e-06 -0.000414541 -0.000126693 -0.0102698 0.000130877
9.66 1.74264e-05 -0.000110465 -0.000391664 -9.7446e-05 -0.00969759 -0.00276306
9.68 2.25732e-05 -0.000210354 -0.00036708 -5.25461e-05 -0.00908275 -0.00526133
9.7 2.64925e-05 -0.00028991 -0.000342447 -1.62535e-06 -0.00846667 -0.00725105
9.72 2.89837e-05 -0.000348898 -0.000314609 4.52911e-05 -0.00777042 -0.00872636
9.74 3.0119e-05 -0.00038848 -0.000276785 7.97763e-05 -0.00682442 -0.00971633
9.76 3.00491e-05 -0.000409594 -0.0002214 9.66126e-05 -0.00543922 -0.0102444
9.78 2.87931e-05 -0.000412994 -0.00014259 9.45149e-05 -0.00346815 -0.0103294
9.8 2.62517e-05 -0.000400363 -4.02361e-05 7.61423e-05 -0.000908235 -0.0100135
9.82 2.24333e-05 -0.00037529 7.67867e-05 4.78317e-05 0.00201855 -0.00938644
9.84 1.76401e-05 -0.000342767 0.000193435 1.8568e-05 0.00493597 -0.00857303
9.86 1.23926e-05 -0.000306689 0.000297284 -2.45701e-06 0.00753329 -0.00767071
9.88 7.12154e-06 -0.000267557 0.00038411 -9.02223e-06 0.00970483 -0.006692
9.9 1.90777e-06 -0.000222172 0.000455043 -1.0154e-07 0.0114789 -0.00555689
9.92 -3.47467e-06 -0.000165599 0.000511513 2.01094e-05 0.0128912 -0.00414198
9.94 -9.24364e-06 -9.41408e-05 0.000553516 4.43974e-05 0.0139417 -0.00235478
9.96 -1.53171e-05 -6.80813e-06 0.000579763 6.57115e-05 0.0145982 -0.000170558
9.98 -2.13056e-05 9.3944e-05 0.00058933 7.94402e-05 0.0148375 0.00234929
10 -2.6769e-05 0.000202255 0.000585347 8.37645e-05 0.0147379 0.0050582
10.02 -3.14685e-05 0.000310783 0.000574798 7.8615e-05 0.014474 0.00777252
10.04 -3.53714e-05 0.000410639 0.000562324 6.47729e-05 0.014162 0.01027
10.06 -3.84269e-05 0.000491148 0.000546043 4.42141e-05 0.0137548 0.0122835
10.08 -4.03758e-05 0.000542781 0.000520095 2.08857e-05 0.0131059 0.0135749
10.1 -4.08147e-05 0.000560711 0.000479881 1.56372e-07 0.0121001 0.0140233
10.12 -3.94717e-05 0.00054599 0.000424633 -1.34171e-05 0.0107183 0.0136552
10.14 -3.64405e-05 0.0005045 0.000355965 -1.8552e-05 0.00900091 0.0126175
10.16 -3.21544e-05 0.000445937 0.000276624 -1.81221e-05 0.00701657 0.0111528
10.18 -2.71272e-05 0.000380104 0.00018975 -1.74764e-05 0.00484382 0.00950627
10.2 -2.16763e-05 0.000313348 9.66705e-05 -2.08929e-05 0.00251586 0.00783668
10.22 -1.58602e-05 0.000249434 -2.06801e-06 -2.88853e-05 4.63649e-05 0.00623817
10.24 -9.65789e-06 0.000190257 -0.000102227 -3.86061e-05 -0.00245866 0.00475813
10.26 -3.17151e-06 0.000133497 -0.000194907 -4.62731e-05 -0.00477662 0.00333854
10.28 3.33984e-06 7.3388e-05 -0.000271319 -4.90023e-05 -0.00668771 0.00183518
10.3 9.59175e-06 6.11972e-06 -0.000327579 -4.52616e-05 -0.00809481 0.000152773
10.32 1.54076e-05 -6.86673e-05 -0.000364523 -3.44982e-05 -0.00901878 -0.00171768
10.34 2.07173e-05 -0.000149619 -0.000384501 -1.64713e-05 -0.00951844 -0.00374231
10.36 2.54505e-05 -0.000233035 -0.000388801 8.55594e-06 -0.00962598 -0.00582859
10.38 2.94488e-05 -0.000312623 -0.00037846 3.82508e-05 -0.00936735 -0.00781911
10.4 3.24761e-05 -0.00038188 -0.000355967 6.72594e-05 -0.00880479 -0.00955126
10.42 3.42957e-05 -0.000435207 -0.000323609 8.87742e-05 -0.00799552 -0.010885
10.44 3.47549e-05 -0.000468428 -0.000282057 9.75489e-05 -0.00695627 -0.0117159
10.46 3.38167e-05 -0.000479865 -0.000229985 9.20768e-05 -0.00565393 -0.0120019
10.48 3.15297e-05 -0.000469929 -0.000163903 7.48071e-05 -0.00400121 -0.0117534
10.5 2.79904e-05 -0.000440993 -8.09842e-05 5.06553e-05 -0.00192736 -0.0110297
10.52 2.33412e-05 -0.000397699 1.78604e-05 2.5065e-05 0.000544782 -0.0099469
10.54 1.77948e-05 -0.000346265 0.000128987 2.91555e-06 0.00332411 -0.00866053
10.56 1.16359e-05 -0.000292112 0.000248511 -1.16359e-05 0.00631344 -0.00730612
10.58 5.16226e-06 -0.000236748 0.000370565 -1.54407e-05 0.00936607 -0.00592145
10.6 -1.40124e-06 -0.000176938 0.000484904 -7.43634e-06 0.0122257 -0.00442557
10.62 -7.9365e-06 -0.000107375 0.000579841 1.02381e-05 0.0146002 -0.00268578
10.64 -1.43651e-05 -2.48796e-05 0.00064619 3.23734e-05 0.0162596 -0.000622534
10.66 -2.05311e-05 6.90549e-05 0.000678691 5.23704e-05 0.0170724 0.00172681
10.68 -2.61446e-05 0.000167799 0.000677924 6.45631e-05 0.0170532 0.00419644
10.7 -3.0856e-05 0.000261911 0.000652399 6.59349e-05 0.0164149 0.00655023
10.72 -3.44103e-05 0.000343819 0.000614072 5.64158e-05 0.0154563 0.00859878
10.74 -3.67409e-05 0.000409512 0.000569705 3.81056e-05 0.0143467 0.0102418
10.76 -3.78973e-05 0.000456488 0.000519284 1.46679e-05 0.0130856 0.0114167
10.78 -3.79088e-05 0.000482919 0.000460693 -8.75168e-06 0.0116202 0.0120777
10.8 -3.67184e-05 0.00048905 0.00039139 -2.61117e-05 0.00988691 0.0122311
10.82 -3.42659e-05 0.000478126 0.000307653 -3.22331e-05 0.00779261 0.0119579
10.84 -3.06536e-05 0.000455682 0.000207663 -2.49821e-05 0.00529182 0.0113965
10.86 -2.61916e-05 0.000427671 9.44369e-05 -6.49664e-06 0.00245999 0.0106959
10.88 -2.12508e-05 0.000397483 -2.73357e-05 1.75105e-05 -0.00058559 0.00994094
10.9 -1.60453e-05 0.000363633 -0.000153531 4.01516e-05 -0.00374178 0.00909433
10.92 -1.05557e-05 0.000321172 -0.000276043 5.58872e-05 -0.00680586 0.00803235
10.94 -4.67343e-06 0.000265791 -0.000382122 6.15891e-05 -0.00945893 0.00664726
10.96 1.56085e-06 0.000197122 -0.000461899 5.61677e-05 -0.0114542 0.00492981
10.98 7.85575e-06 0.000117905 -0.000512769 4.0091e-05 -0.0127265 0.00294856
11 1.37957e-05 3.14865e-05 -0.000536614 1.56968e-05 -0.0133229 0.000787207
11.02 1.90587e-05 -5.78524e-05 -0.00053624 -1.23654e-05 -0.0133135 -0.0014472
11.04 2.35201e-05 -0.000145933 -0.000514878 -3.77534e-05 -0.0127792 -0.00365012
11.06 2.71792e-05 -0.00023104 -0.000476174 -5.42301e-05 -0.0118112 -0.0057787
11.08 3.00155e-05 -0.000311975 -0.000423102 -5.79657e-05 -0.0104839 -0.00780291
11.1 3.19072e-05 -0.000384478 -0.000357402 -4.93107e-05 -0.00884069 -0.00961625
11.12 3.26558e-05 -0.000441461 -0.000281048 -3.26634e-05 -0.00693105 -0.0110414
11.14 3.20825e-05 -0.000475989 -0.000197314 -1.42193e-05 -0.00483682 -0.011905
11.16 3.01351e-05 -0.000484736 -0.00010697 6.80262e-07 -0.00257728 -0.0121237
11.18 2.69546e-05 -0.000470885 -6.47236e-06 9.07387e-06 -6.37895e-05 -0.0117773
11.2 2.28469e-05 -0.000442227 0.000106245 1.06968e-05 0.00275532 -0.0110606
11.22 1.81599e-05 -0.000405932 0.000228399 7.44239e-06 0.00581045 -0.0101528
11.24 1.31411e-05 -0.000365832 0.000355635 2.47892e-06 0.00899267 -0.0091499
11.26 7.88071e-06 -0.000322294 0.000482299 -4.20142e-07 0.0121606 -0.00806098
11.28 2.3917e-06 -0.000273665 0.000597611 2.46877e-06 0.0150446 -0.00684476
11.3 -3.23907e-06 -0.000218931 0.000688649 1.3745e-05 0.0173215 -0.00547583
11.32 -8.7752e-06 -0.000159409 0.000749281 3.37893e-05 0.0188379 -0.00398718
11.34 -1.39151e-05 -9.66602e-05 0.000781203 6.0308e-05 0.0196363 -0.0024178
11.36 -1.84656e-05 -2.94838e-05 0.00078659 8.86252e-05 0.019771 -0.000737686
11.38 -2.24359e-05 4.49413e-05 0.00076617 0.000112789 0.0192603 0.00112372
11.4 -2.59567e-05 0.000127483 0.000724352 0.000127523 0.0182144 0.00318812
11.42 -2.90916e-05 0.000214397 0.000669778 0.000130211 0.0168495 0.00536186
11.44 -3.16904e-05 0.000297665 0.000609114 0.000121726 0.0153323 0.00744444
11.46 -3.34093e-05 0.000366948 0.000544951 0.000105718 0.0137276 0.00917724
11.48 -3.39004e-05 0.000412103 0.00047933 8.71043e-05 0.0120863 0.0103066
11.5 -3.3011e-05 0.000429474 0.000411009 7.0455e-05 0.0103776 0.010741
11.52 -3.0876e-05 0.000426805 0.0003309 5.83834e-05 0.00837404 0.0106743
11.54 -2.78445e-05 0.000416424 0.000230818 5.06941e-05 0.00587096 0.0104146
11.56 -2.42523e-05 0.000402637 0.000113379 4.53331e-05 0.00293376 0.0100698
11.58 -2.02229e-05 0.000382493 -1.47756e-05 4.00441e-05 -0.000271449 0.00956603
11.6 -1.56903e-05 0.000356045 -0.000151086 3.25115e-05 -0.00368063 0.00890456
11.62 -1.06322e-05 0.000325182 -0.000289214 1.98804e-05 -0.00713526 0.00813265
11.64 -5.25018e-06 0.000287633 -0.000413434 -1.13671e-08 -0.0102421 0.00719355
11.66 1.17916e-07 0.000239434 -0.00050961 -2.6918e-05 -0.0126475 0.00598806
11.68 5.25579e-06 0.00017815 -0.00057219 -5.81902e-05 -0.0142126 0.00445533
11.7 1.01859e-05 0.000102597 -0.000600249 -8.95213e-05 -0.0149144 0.00256571
11.72 1.50207e-05 1.46745e-05 -0.000597047 -0.000115417 -0.0148343 0.000366732
11.74 1.97316e-05 -7.87707e-05 -0.00057225 -0.00013049 -0.0142141 -0.00197037
11.76 2.40832e-05 -0.000169278 -0.000537937 -0.000131425 -0.0133559 -0.004234
11.78 2.77679e-05 -0.000250134 -0.00050157 -0.000117929 -0.0124464 -0.00625624
11.8 3.0576e-05 -0.000317051 -0.000464238 -9.25244e-05 -0.0115127 -0.00792986
11.82 3.24408e-05 -0.00036874 -0.00042271 -5.99181e-05 -0.010474 -0.00922263
11.84 3.33529e-05 -0.000406341 -0.000371606 -2.58705e-05 -0.00919593 -0.0101631
11.86 3.32719e-05 -0.000432016 -0.000306141 4.2933e-06 -0.00755862 -0.0108052
11.88 3.2151e-05 -0.000448433 -0.000223553 2.6934e-05 -0.00549305 -0.0112158
11.9 3.00164e-05 -0.00045753 -0.000121955 4.07822e-05 -0.00295206 -0.0114433
11.92 2.69784e-05 -0.000459178 7.39069e-07 4.69159e-05 0.000116577 -0.0114845
11.94 2.31645e-05 -0.000452936 0.000144709 4.8198e-05 0.00371733 -0.0113284
11.96 1.86686e-05 -0.000439239 0.000303439 4.86858e-05 0.00768722 -0.0109858
11.98 1.35746e-05 -0.00041671 0.000462163 5.28933e-05 0.011657 -0.0104224
12 8.01449e-06 -0.000381306 0.000602902 6.44345e-05 0.0151769 -0.0095369
12.02 2.18276e-06 -0.000330636 0.000713336 8.45458e-05 0.0179389 -0.00826962
12.04 -3.70358e-06 -0.000266433 0.000790432 0.000111311 0.0198672 -0.00666389
12.06 -9.4579e-06 -0.000191937 0.000836503 0.00013963 0.0210194 -0.00480071
12.08 -1.49552e-05 -0.000109753 0.000856996 0.000162146 0.0215319 -0.00274526
12.1 -2.01251e-05 -2.25106e-05 0.000859348 0.000171662 0.0215908 -0.000563282
12.12 -2.49015e-05 6.60447e-05 0.000850255 0.00016414 0.0213634 0.00165152
12.14 -2.91636e-05 0.000151092 0.0008344 0.000140271 0.0209668 0.0037786
12.16 -3.27261e-05 0.000227495 0.000814687 0.000104817 0.0204738 0.00568946
12.18 -3.53829e-05 0.000290527 0.000791004 6.46876e-05 0.0198815 0.00726592
12.2 -3.70011e-05 0.000337414 0.000759424 2.70198e-05 0.0190916 0.00843857
12.22 -3.75884e-05 0.000369668 0.000714368 -2.231e-06 0.0179648 0.00924527
12.24 -3.72404e-05 0.000393046 0.000648045 -1.92515e-05 0.016306 0.00982997
12.26 -3.60614e-05 0.000413498 0.00055121 -2.31152e-05 0.0138841 0.0103415
12.28 -3.40952e-05 0.000433206 0.000419646 -1.6222e-05 0.0105937 0.0108344
12.3 -3.13052e-05 0.000450471 0.000257882 -4.00613e-06 0.00654787 0.0112662
12.32 -2.76385e-05 0.000461021 7.85222e-05 6.40985e-06 0.002062 0.01153
12.34 -2.3114e-05 0.000458736 -9.98182e-05 8.44268e-06 -0.00239837 0.0114729
12.36 -1.78627e-05 0.000437761 -0.00025844 -1.66615e-06 -0.00636557 0.0109483
12.38 -1.20884e-05 0.000396024 -0.000386296 -2.35649e-05 -0.00956329 0.00990445
12.4 -6.00749e-06 0.000335976 -0.000481384 -5.29432e-05 -0.0119415 0.00840262
12.42 1.79512e-07 0.000261562 -0.000546093 -8.27692e-05 -0.0135599 0.00654149
12.44 6.27709e-06 0.000176315 -0.000583838 -0.000105177 -0.0145039 0.00440943
12.46 1.20743e-05 8.47564e-05 -0.000598579 -0.000113715 -0.0148726 0.00211951
12.48 1.73345e-05 -6.39905e-06 -0.000595979 -0.000105304 -0.0148076 -0.000160327
12.5 2.181e-05 -8.95214e-05 -0.000583801 -8.10325e-05 -0.014503 -0.00223925
12.52 2.52796e-05 -0.000157635 -0.000568058 -4.55683e-05 -0.0141092 -0.00394279
12.54 2.75927e-05 -0.000205778 -0.000549476 -5.82277e-06 -0.0136445 -0.00514688
12.56 2.8698e-05 -0.000233324 -0.000524838 3.06078e-05 -0.0130283 -0.00583581
12.58 2.8647e-05 -0.000245013 -0.000488266 5.69722e-05 -0.0121136 -0.00612816
12.6 2.75618e-05 -0.000248349 -0.000431162 6.8613e-05 -0.0106854 -0.00621158
12.62 2.56043e-05 -0.000250804 -0.000345922 6.39213e-05 -0.00855353 -0.006273
12.64 2.29612e-05 -0.000258789 -0.000231632 4.51352e-05 -0.00569508 -0.00647271
12.66 1.98179e-05 -0.000275125 -9.28858e-05 1.82994e-05 -0.00222499 -0.00688127
12.68 1.63214e-05 -0.000296887 6.47698e-05 -8.42249e-06 0.00171804 -0.00742555
12.7 1.25465e-05 -0.000317102 0.00023301 -2.73046e-05 0.0059258 -0.00793113
12.72 8.51158e-06 -0.000329206 0.000398795 -3.29037e-05 0.0100722 -0.00823387
12.74 4.25046e-06 -0.00032914 0.000548308 -2.28012e-05 0.0138115 -0.00823222
12.76 -1.36765e-07 -0.000312297 0.000670169 2.1113e-06 0.0168593 -0.00781096
12.78 -4.51743e-06 -0.000272036 0.00075303 3.75946e-05 0.0189317 -0.00680402
12.8 -8.79087e-06 -0.000205224 0.000788161 7.68251e-05 0.0198104 -0.00513303
12.82 -1.28783e-05 -0.000118042 0.000779928 0.000112136 0.0196045 -0.00295257
12.84 -1.66392e-05 -2.31273e-05 0.000745224 0.000136894 0.0187365 -0.000578706
12.86 -1.98392e-05 6.58721e-05 0.000700211 0.000146879 0.0176107 0.00164721
12.88 -2.22309e-05 0.000136735 0.000652811 0.000141416 0.0164252 0.00341951
12.9 -2.36356e-05 0.000183155 0.000606254 0.000123776 0.0152608 0.0045805
12.92 -2.39984e-05 0.000206282 0.000560137 9.98875e-05 0.0141074 0.00515891
12.94 -2.33764e-05 0.000210302 0.000506589 7.63809e-05 0.0127681 0.00525945
12.96 -2.18579e-05 0.000202381 0.000434292 5.90501e-05 0.01096 0.00506135
12.98 -1.95894e-05 0.00019431 0.000337488 5.10445e-05 0.00853885 0.00485948
13 -1.68117e-05 0.000195839 0.000216885 5.14611e-05 0.00552251 0.00489773
13.02 -1.3785e-05 0.00020778 7.47701e-05 5.6341e-05 0.00196817 0.00519637
13.04 -1.06417e-05 0.000224581 -8.37937e-05 6.10167e-05 -0.00199758 0.00561659
13.06 -7.31975e-06 0.000239707 -0.000245499 6.12308e-05 -0.0060419 0.0059949
13.08 -3.70632e-06 0.000247717 -0.000391376 5.33472e-05 -0.00969034 0.00619522
13.1 1.6123e-07 0.00024404 -0.000506633 3.51011e-05 -0.012573 0.00610327
13.12 4.08241e-06 0.000223438 -0.000584215 6.6123e-06 -0.0145133 0.005588
13.14 7.87223e-06 0.000181674 -0.000622023 -2.90844e-05 -0.0154589 0.00454346
13.16 1.14921e-05 0.00012023 -0.000623609 -6.62788e-05 -0.0154986 0.00300673
13.18 1.49738e-05 4.65122e-05 -0.000600448 -9.78851e-05 -0.0149193 0.00116301
13.2 1.82298e-05 -2.96866e-05 -0.000567173 -0.000117715 -0.0140871 -0.000742757
13.22 2.09681e-05 -9.82875e-05 -0.000532205 -0.000122844 -0.0132125 -0.0024585
13.24 2.28139e-05 -0.000151337 -0.00049706 -0.000114636 -0.0123335 -0.00378528
13.26 2.35301e-05 -0.000185391 -0.000461305 -9.76399e-05 -0.0114393 -0.004637
13.28 2.31488e-05 -0.000202357 -0.00042153 -7.73303e-05 -0.0104445 -0.00506132
13.3 2.19345e-05 -0.00020939 -0.000369373 -5.8377e-05 -0.00914005 -0.00523723
13.32 2.02293e-05 -0.000216159 -0.000295084 -4.39244e-05 -0.00728203 -0.0054065
13.34 1.82862e-05 -0.00022991 -0.000192309 -3.54339e-05 -0.00471159 -0.00575043
13.36 1.61878e-05 -0.000251692 -5.97159e-05 -3.2642e-05 -0.00139539 -0.00629519
13.38 1.38793e-05 -0.000277631 9.83614e-05 -3.33496e-05 0.00255819 -0.00694396
13.4 1.12877e-05 -0.00030328 0.000271161 -3.31242e-05 0.00687999 -0.00758545
13.42 8.44781e-06 -0.000325851 0.000442939 -2.58045e-05 0.0111762 -0.00814995
13.44 5.52608e-06 -0.00034306 0.000596265 -5.58673e-06 0.015011 -0.00858036
13.46 2.68685e-06 -0.0003502 0.000716609 3.00251e-05 0.0180208 -0.00875894
13.48 -9.56514e-08 -0.00033923 0.000796969 7.8237e-05 0.0200307 -0.00848457
13.5 -3.06208e-06 -0.000302561 0.000836487 0.000131339 0.0210191 -0.00756746
13.52 -6.43908e-06 -0.000239644 0.000836036 0.000179454 0.0210078 -0.00599389
13.54 -1.01458e-05 -0.000158909 0.000800773 0.000214188 0.0201258 -0.00397466
13.56 -1.37538e-05 -7.2408e-05 0.000743692 0.000231023 0.0186982 -0.00181124
13.58 -1.67854e-05 1.00314e-05 0.000680436 0.000229409 0.0171161 0.000250606
13.6 -1.90535e-05 8.28922e-05 0.00062133 0.000211562 0.0156379 0.00207288
13.62 -2.07079e-05 0.000144155 0.000568983 0.000181413 0.0143287 0.00360508
13.64 -2.19878e-05 0.000193974 0.000518046 0.000144289 0.0130547 0.00485108
13.66 -2.29105e-05 0.000234354 0.000456242 0.000106714 0.011509 0.005861
13.68 -2.3257e-05 0.000268769 0.000373575 7.52577e-05 0.00944143 0.00672174
13.7 -2.28747e-05 0.000302136 0.000270591 5.40367e-05 0.00686575 0.00755627
13.72 -2.19216e-05 0.000339726 0.000153396 4.22979e-05 0.00393465 0.0084964
13.74 -2.07898e-05 0.000383607 2.50199e-05 3.44018e-05 0.000723923 0.00959388
13.76 -1.97545e-05 0.000430662 -0.00011377 2.28083e-05 -0.00274727 0.0107707
13.78 -1.87222e-05 0.00047508 -0.000257624 1.87724e-06 -0.00634511 0.0118817
13.8 -1.73344e-05 0.000511456 -0.000396171 -3.01553e-05 -0.00981025 0.0127914
13.82 -1.53029e-05 0.000533662 -0.000517767 -7.1548e-05 -0.0128514 0.0133468
13.84 -1.26184e-05 0.000533647 -0.000610473 -0.000118459 -0.01517 0.0133464
13.86 -9.46628e-06 0.000505308 -0.000665893 -0.000166035 -0.0165561 0.0126377
13.88 -6.02129e-06 0.0004499 -0.000685194 -0.000208657 -0.0170388 0.0112519
13.9 -2.36861e-06 0.000376099 -0.000679245 -0.000239758 -0.0168901 0.0094061
13.92 1.4253e-06 0.00029438 -0.000662063 -0.000252493 -0.0164603 0.00736228
13.94 5.24895e-06 0.000212218 -0.000643589 -0.000242075 -0.0159983 0.00530739
13.96 8.97761e-06 0.000133615 -0.000626787 -0.000208669 -0.015578 0.00334149
13.98 1.25204e-05 6.03032e-05 -0.000609573 -0.000158404 -0.0151475 0.00150792
14 1.58041e-05 -6.99425e-06 -0.000589457 -0.000101267 -0.0146444 -0.000175213
14.02 1.87078e-05 -6.61229e-05 -0.000563876 -4.73732e-05 -0.0140046 -0.00165405
14.04 2.10198e-05 -0.000113378 -0.000527298 -4.10485e-06 -0.0130898 -0.00283592
14.06 2.25545e-05 -0.000150816 -0.000472182 2.51401e-05 -0.0117113 -0.00377225
14.08 2.33529e-05 -0.000192194 -0.000388234 4.1365e-05 -0.00961174 -0.00480712
14.1 2.37178e-05 -0.000253019 -0.000264173 4.93129e-05 -0.00650894 -0.00632838
14.12 2.39822e-05 -0.000336078 -9.86898e-05 5.5232e-05 -0.00237012 -0.00840573
14.14 2.41766e-05 -0.000430681 9.24803e-05 6.47534e-05 0.00241112 -0.0107718
14.16 2.39504e-05 -0.000519056 0.000281592 8.21585e-05 0.00714088 -0.0129821
14.18 2.28904e-05 -0.000582372 0.000438409 0.000109512 0.0110629 -0.0145656
14.2 2.0923e-05 -0.000608658 0.000540669 0.000145154 0.0136205 -0.0152231
14.22 1.83577e-05 -0.000596539 0.000584549 0.000183491 0.014718 -0.01492
14.24 1.55191e-05 -0.00054944 0.000583835 0.000216463 0.0147001 -0.013742
14.26 1.23726e-05 -0.000471717 0.000561754 0.000235603 0.0141479 -0.0117981
14.28 8.57112e-06 -0.000372821 0.000543106 0.000234932 0.0136815 -0.00932468
14.3 3.9207e-06 -0.000269328 0.00054133 0.000214223 0.013637 -0.00673629
14.32 -1.22233e-06 -0.000176514 0.000551399 0.00017964 0.0138889 -0.00441497
14.34 -6.11081e-06 -9.76415e-05 0.000560094 0.000140223 0.0141063 -0.00244234
14.36 -1.01954e-05 -2.75382e-05 0.000557396 0.000103247 0.0140389 -0.000689027
14.38 -1.3506e-05 3.86226e-05 0.000534879 7.21859e-05 0.0134757 0.000965683
14.4 -1.64656e-05 0.000107094 0.000484577 4.69112e-05 0.0122176 0.00267818
14.42 -1.93819e-05 0.000185672 0.000403841 2.46366e-05 0.0101984 0.00464344
14.44 -2.21465e-05 0.000275807 0.000295176 2.1806e-06 0.00748062 0.00689777
14.46 -2.43769e-05 0.000370645 0.000163612 -2.15011e-05 0.00419017 0.0092697
14.48 -2.57539e-05 0.000460729 1.93695e-05 -4.56073e-05 0.000582593 0.0115227
14.5 -2.62106e-05 0.000536878 -0.000122069 -6.99003e-05 -0.00295483 0.0134272
14.52 -2.58661e-05 0.000590357 -0.000246725 -9.53856e-05 -0.00607254 0.0147648
14.54 -2.48351e-05 0.000616131 -0.000345591 -0.000122721 -0.00854522 0.0154094
14.56 -2.30965e-05 0.000613923 -0.000414314 -0.000150736 -0.010264 0.0153542
14.58 -2.05178e-05 0.000583731 -0.000454648 -0.000175811 -0.0112728 0.0145991
14.6 -1.69982e-05 0.000526087 -0.000474333 -0.000192216 -0.0117651 0.0131574
14.62 -1.26192e-05 0.000448168 -0.000480925 -0.000194572 -0.01193 0.0112086
14.64 -7.68995e-06 0.000361939 -0.000476245 -0.000181195 -0.0118129 0.00905196
14.66 -2.62914e-06 0.000272247 -0.00045736 -0.000154542 -0.0113406 0.00680872
14.68 2.24731e-06 0.000175092 -0.000420665 -0.000118423 -0.0104228 0.00437885
14.7 6.83966e-06 7.10558e-05 -0.000367445 -7.62005e-05 -0.00909179 0.00177685
14.72 1.11725e-05 -3.14786e-05 -0.000305716 -3.15474e-05 -0.00754793 -0.000787577
14.74 1.52217e-05 -0.000127695 -0.000245189 1.11796e-05 -0.00603413 -0.003194
14.76 1.88644e-05 -0.000219327 -0.000188435 4.78748e-05 -0.0046147 -0.00548574
14.78 2.19589e-05 -0.000306698 -0.000125866 7.4991e-05 -0.00304981 -0.00767092
14.8 2.43863e-05 -0.000387354 -4.3638e-05 8.99687e-05 -0.000993251 -0.00968817
14.82 2.60026e-05 -0.000460244 6.35501e-05 9.34675e-05 0.00168757 -0.0115112
14.84 2.66279e-05 -0.000522561 0.000189092 9.07977e-05 0.00482741 -0.0130697
14.86 2.61499e-05 -0.000567536 0.000318211 8.96967e-05 0.00805675 -0.0141946
14.88 2.46179e-05 -0.000590572 0.000432914 9.67284e-05 0.0109255 -0.0147707
14.9 2.21831e-05 -0.000590654 0.000520846 0.000115046 0.0131247 -0.0147728
14.92 1.89338e-05 -0.000563972 0.000580437 0.000142791 0.0146151 -0.0141055
14.94 1.47981e-05 -0.000503862 0.000612382 0.000172563 0.0154141 -0.0126021
14.96 9.65292e-06 -0.000409784 0.000613733 0.000194384 0.0154479 -0.0102492
14.98 3.60347e-06 -0.000291521 0.000586919 0.00020079 0.0147773 -0.00729134
15 -2.8284e-06 -0.000163948 0.000544136 0.000189401 0.0137072 -0.00410068
15.02 -8.85934e-06 -4.14817e-05 0.000495783 0.000161792 0.0124979 -0.00103776
15.04 -1.38805e-05 6.55848e-05 0.000443389 0.000121446 0.0111875 0.00164002
15.06 -1.78019e-05 0.000156198 0.00038813 7.25077e-05 0.00980546 0.00390629
15.08 -2.09958e-05 0.000237747 0.000335097 1.94233e-05 0.00847907 0.00594587
15.1 -2.38913e-05 0.000316543 0.000284539 -3.21871e-05 0.00721459 0.00791659
15.12 -2.65718e-05 0.000392664 0.000226706 -7.47502e-05 0.00576817 0.0098204
15.14 -2.87115e-05 0.000464656 0.000148541 -0.000100873 0.00381323 0.0116209
15.16 -2.98708e-05 0.000531475 4.30843e-05 -0.000107619 0.00117571 0.0132921
15.18 -2.98425e-05 0.000587586 -8.53703e-05 -9.84502e-05 -0.00203699 0.0146955
15.2 -2.87121e-05 0.000624294 -0.000222004 -8.13779e-05 -0.00545425 0.0156136
15.22 -2.662e-05 0.000635312 -0.000348633 -6.59459e-05 -0.00862131 0.0158891
15.24 -2.35313e-05 0.000616942 -0.000451574 -6.02038e-05 -0.0111959 0.0154297
15.26 -1.93e-05 0.00056803 -0.000523303 -6.76327e-05 -0.0129899 0.0142064
15.28 -1.39163e-05 0.000491823 -0.000560523 -8.59734e-05 -0.0139208 0.0123004
15.3 -7.6245e-06 0.000393704 -0.000566115 -0.000108877 -0.0140606 0.00984641
15.32 -8.12912e-07 0.000277062 -0.000548945 -0.000128193 -0.0136312 0.00692916
15.34 6.15403e-06 0.000146707 -0.000517439 -0.000135792 -0.0128432 0.00366891
15.36 1.29725e-05 1.33199e-05 -0.000477095 -0.000125944 -0.0118342 0.000332854
15.38 1.93448e-05 -0.000113881 -0.000432962 -9.72407e-05 -0.0107304 -0.0028485
15.4 2.49957e-05 -0.000234707 -0.000388668 -5.22393e-05 -0.00962261 -0.0058704
15.42 2.97803e-05 -0.000350647 -0.000343987 3.59609e-06 -0.0085051 -0.0087701
15.44 3.36998e-05 -0.00045578 -0.000296241 6.17954e-05 -0.00731096 -0.0113995
15.46 3.67211e-05 -0.00054112 -0.000240297 0.000111847 -0.00591177 -0.0135339
15.48 3.86016e-05 -0.000602407 -0.000167444 0.000144867 -0.0040897 -0.0150667
15.5 3.89783e-05 -0.000640103 -6.86719e-05 0.00015714 -0.00161936 -0.0160095
15.52 3.76559e-05 -0.000655994 5.8214e-05 0.000150956 0.00155411 -0.016407
15.54 3.47916e-05 -0.000652345 0.000201975 0.00013352 0.00514963 -0.0163157
15.56 3.07992e-05 -0.000631394 0.000340915 0.000114625 0.00862458 -0.0157917
15.58 2.60496e-05 -0.00059365 0.000455491 0.000102786 0.0114902 -0.0148477
15.6 2.06494e-05 -0.000536837 0.000536495 0.000101461 0.0135161 -0.0134268
15.62 1.44994e-05 -0.000458488 0.000583957 0.000108079 0.0147032 -0.0114673
15.64 7.57359e-06 -0.000361972 0.000604138 0.000116334 0.0152079 -0.00905336
15.66 1.444e-07 -0.000255724 0.000607366 0.00011955 0.0152886 -0.00639605
15.68 -7.28996e-06 -0.000144719 0.000603211 0.000112869 0.0151847 -0.00361977
15.7 -1.42959e-05 -2.78008e-05 0.000594679 9.38923e-05 0.0149713 -0.000695596
15.72 -2.07033e-05 9.44802e-05 0.000579917 6.29338e-05 0.0146021 0.0023627
15.74 -2.65023e-05 0.000215706 0.000558648 2.32986e-05 0.0140702 0.00539462
15.76 -3.15781e-05 0.000328848 0.000531704 -1.93336e-05 0.0133963 0.00822434
15.78 -3.55662e-05 0.000425968 0.000495208 -5.83144e-05 0.0124835 0.0106534
15.8 -3.79824e-05 0.00049608 0.000443628 -8.70425e-05 0.0111935 0.0124069
15.82 -3.85033e-05 0.000533068 0.000377113 -0.000100296 0.00952991 0.013332
15.84 -3.71545e-05 0.000541273 0.00029688 -9.66415e-05 0.00752325 0.0135372
15.86 -3.42879e-05 0.000529428 0.000201147 -7.96076e-05 0.00512892 0.0132409
15.88 -3.0366e-05 0.000503197 9.2946e-05 -5.58643e-05 0.00242277 0.0125849
15.9 -2.56967e-05 0.000464743 -1.70394e-05 -3.23512e-05 -0.000328009 0.0116231
15.92 -2.03518e-05 0.000414587 -0.000119484 -1.44006e-05 -0.00289019 0.0103687
15.94 -1.43343e-05 0.000352357 -0.000210278 -4.706e-06 -0.00516099 0.0088123
15.96 -7.80215e-06 0.000279503 -0.000285244 -3.10528e-06 -0.00703593 0.00699021
15.98 -1.12169e-06 0.000200805 -0.000340606 -7.52714e-06 -0.00842055 0.00502193
16 5.30011e-06 0.000119886 -0.000377857 -1.49717e-05 -0.00935221 0.00299812
16.02 1.12492e-05 3.38689e-05 -0.000400334 -2.14087e-05 -0.00991437 0.000846792
16.04 1.67861e-05 -6.30435e-05 -0.000407507 -2.18424e-05 -0.0100938 -0.00157703
16.06 2.20485e-05 -0.000169277 -0.000399506 -1.22103e-05 -0.00989366 -0.00423397
16.08 2.6922e-05 -0.000273065 -0.000380591 8.00897e-06 -0.00942058 -0.00682975
16.1 3.09128e-05 -0.000360267 -0.00035314 3.51002e-05 -0.00873403 -0.00901072
16.12 3.34037e-05 -0.000421684 -0.000316605 6.28109e-05 -0.00782027 -0.0105468
16.14 3.40735e-05 -0.000453948 -0.00027291 8.47814e-05 -0.00672744 -0.0113537
16.16 3.30775e-05 -0.000459037 -0.000224776 9.65478e-05 -0.00552358 -0.011481
16.18 3.083e-05 -0.000443134 -0.000168359 9.67423e-05 -0.00411258 -0.0110832
16.2 2.76361e-05 -0.000412178 -9.60537e-05 8.67795e-05 -0.00230419 -0.010309
16.22 2.35273e-05 -0.000369613 -5.49411e-06 6.92808e-05 -3.92562e-05 -0.00924445
16.24 1.84212e-05 -0.000318471 9.98924e-05 4.71572e-05 0.0025965 -0.00796537
16.26 1.24113e-05 -0.000261851 0.000212997 2.40784e-05 0.00542531 -0.0065493
16.28 5.88299e-06 -0.000201112 0.000321092 4.65687e-06 0.00812881 -0.00503017
16.3 -6.58504e-07 -0.000135661 0.00040833 -6.83671e-06 0.0103107 -0.00339322
16.32 -6.87312e-06 -6.42788e-05 0.000467024 -8.40834e-06 0.0117786 -0.00160792
16.34 -1.27096e-05 1.4268e-05 0.000501084 -1.6239e-06 0.0126305 0.000356564
16.36 -1.82697e-05 0.000100437 0.000515911 8.63862e-06 0.0130013 0.00251168
16.38 -2.35645e-05 0.000192103 0.000513351 1.63444e-05 0.0129373 0.0048043
16.4 -2.83741e-05 0.00028333 0.000496301 1.73925e-05 0.0125108 0.00708592
16.42 -3.2305e-05 0.000365384 0.000470413 1.14807e-05 0.0118634 0.00913812
16.44 -3.49759e-05 0.000430103 0.000439768 1.43535e-06 0.0110969 0.0107568
16.46 -3.61803e-05 0.000472409 0.000405703 -9.09022e-06 0.010245 0.0118149
16.48 -3.59275e-05 0.000490499 0.000369292 -1.74471e-05 0.00933431 0.0122673
16.5 -3.43655e-05 0.000485927 0.000329241 -2.2194e-05 0.0083326 0.012153
16.52 -3.16622e-05 0.000462781 0.000279894 -2.22763e-05 0.00709843 0.0115741
16.54 -2.79311e-05 0.000424401 0.000216519 -1.64414e-05 0.00551338 0.0106142
16.56 -2.32443e-05 0.000372582 0.000139644 -3.77673e-06 0.0035907 0.00931814
16.58 -1.77071e-05 0.00031026 5.21712e-05 1.46539e-05 0.00140298 0.00775945
16.6 -1.15224e-05 0.000240966 -4.28777e-05 3.46882e-05 -0.000974235 0.00602637
16.62 -4.98472e-06 0.000166073 -0.000138896 5.033e-05 -0.00337568 0.00415326
16.64 1.58812e-06 8.6684e-05 -0.000224649 5.67122e-05 -0.00552042 0.00216772
16.66 7.93246e-06 5.9217e-06 -0.000290768 5.22472e-05 -0.00717407 0.00014782
16.68 1.38728e-05 -7.41117e-05 -0.000334668 3.9016e-05 -0.00827203 -0.00185385
16.7 1.92964e-05 -0.000152839 -0.000358802 2.1864e-05 -0.00887563 -0.00382285
16.72 2.41007e-05 -0.000228179 -0.000367451 6.4174e-06 -0.00909196 -0.00570715
16.74 2.81447e-05 -0.000297151 -0.000364024 -2.95638e-06 -0.00900623 -0.00743217
16.76 3.12295e-05 -0.00035667 -0.000349449 -3.92085e-06 -0.00864171 -0.00892076
16.78 3.31386e-05 -0.000402178 -0.00032416 3.73138e-06 -0.00800922 -0.0100589
16.8 3.37343e-05 -0.000429252 -0.000292359 1.77916e-05 -0.00721386 -0.0107361
16.82 3.30281e-05 -0.00043671 -0.000259683 3.39897e-05 -0.00639663 -0.0109226
16.84 3.11527e-05 -0.000425847 -0.000224473 4.73625e-05 -0.005516 -0.0106509
16.86 2.82683e-05 -0.000398745 -0.000178124 5.36072e-05 -0.0043568 -0.00997307
16.88 2.44912e-05 -0.000358549 -0.000115169 5.00734e-05 -0.00278227 -0.00896774
16.9 1.99056e-05 -0.000308949 -3.76925e-05 3.66774e-05 -0.00084455 -0.00772723
16.92 1.46372e-05 -0.000252512 4.85868e-05 1.62704e-05 0.00131333 -0.00631572
16.94 8.89371e-06 -0.000190198 0.000137124 -6.00305e-06 0.00352768 -0.0047572
16.96 2.91476e-06 -0.000122408 0.000221273 -2.40619e-05 0.00563229 -0.00306176
16.98 -3.11626e-06 -4.9448e-05 0.000296302 -3.27023e-05 0.00750879 -0.001237
17 -9.09342e-06 2.85222e-05 0.000358488 -2.95533e-05 0.0090641 0.000713067
17.02 -1.49201e-05 0.000110064 0.000403477 -1.59934e-05 0.0101893 0.00275246
17.04 -2.04289e-05 0.000191695 0.000429624 3.85811e-06 0.0108432 0.00479408
17.06 -2.53733e-05 0.000269574 0.000440358 2.50589e-05 0.0111117 0.00674188
17.08 -2.94976e-05 0.000340178 0.000441694 4.31076e-05 0.0111451 0.00850771
17.1 -3.26154e-05 0.000399029 0.000438346 5.44535e-05 0.0110614 0.00997959
17.12 -3.46197e-05 0.00044101 0.000431783 5.68802e-05 0.0108972 0.0110296
17.14 -3.54327e-05 0.000462018 0.000421809 4.99348e-05 0.0106478 0.011555
17.16 -3.49771e-05 0.00046018 0.000408102 3.53481e-05 0.010305 0.011509
17.18 -3.32165e-05 0.000436685 0.000388704 1.70567e-05 0.0098198 0.0109214
17.2 -3.02205e-05 0.000395045 0.000360001 1.46562e-07 0.00910192 0.00987995
17.22 -2.6179e-05 0.000339351 0.000320707 -1.10534e-05 0.00811917 0.00848704
17.24 -2.13452e-05 0.000273779 0.000272547 -1.44721e-05 0.00691466 0.00684704
17.26 -1.59473e-05 0.000201939 0.000216109 -1.04878e-05 0.00550312 0.0050503
17.28 -1.01397e-05 0.000125613 0.00015078 -9.88908e-07 0.00386922 0.00314136
17.3 -4.03974e-06 4.66232e-05 7.87008e-05 1.16641e-05 0.00206649 0.00116578
17.32 2.17663e-06 -3.06521e-05 5.60733e-06 2.48719e-05 0.000238395 -0.000766906
17.34 8.22335e-06 -0.000101516 -6.21863e-05 3.56954e-05 -0.00145715 -0.00253925
17.36 1.37744e-05 -0.000164426 -0.000120614 4.15007e-05 -0.00291845 -0.00411265
17.38 1.8615e-05 -0.000220996 -0.000168353 4.11917e-05 -0.00411243 -0.00552748
17.4 2.27204e-05 -0.000273817 -0.000205327 3.59582e-05 -0.00503717 -0.00684856
17.42 2.61554e-05 -0.000323291 -0.000230618 2.8882e-05 -0.0056697 -0.00808593
17.44 2.88867e-05 -0.000365816 -0.00024333 2.33873e-05 -0.00598762 -0.0091495
17.46 3.07076e-05 -0.000396179 -0.000245477 2.14272e-05 -0.00604133 -0.00990889
17.48 3.13566e-05 -0.000410434 -0.000241516 2.28166e-05 -0.00594227 -0.0102654
17.5 3.07102e-05 -0.000406729 -0.000234092 2.60479e-05 -0.00575658 -0.0101727
17.52 2.88605e-05 -0.00038558 -0.000221682 2.95856e-05 -0.00544621 -0.00964381
17.54 2.60024e-05 -0.000348629 -0.000200565 3.25086e-05 -0.00491807 -0.00871965
17.56 2.22538e-05 -0.000296421 -0.000167809 3.41267e-05 -0.00409882 -0.00741388
17.58 1.76033e-05 -0.000229347 -0.000122683 3.3384e-05 -0.0029702 -0.00573635
17.6 1.20378e-05 -0.000150255 -6.64961e-05 2.92589e-05 -0.00156494 -0.00375823
17.62 5.71177e-06 -6.36517e-05 -2.49145e-06 2.19002e-05 3.58418e-05 -0.00159224
17.64 -1.01794e-06 2.61079e-05 6.48836e-05 1.3023e-05 0.00172092 0.000652684
17.66 -7.7307e-06 0.000115082 0.000131917 5.04336e-06 0.00339745 0.00287796
17.68 -1.41183e-05 0.000199905 0.00019615 -3.01321e-07 0.00500394 0.00499943
17.7 -2.00333e-05 0.000278147 0.000255167 -2.92218e-06 0.00647998 0.00695628
17.72 -2.53908e-05 0.000348133 0.000306116 -4.26494e-06 0.00775425 0.00870668
17.74 -3.00479e-05 0.000408412 0.000346099 -6.12399e-06 0.00875423 0.0102143
17.76 -3.37732e-05 0.000456918 0.00037232 -9.41992e-06 0.00941003 0.0114274
17.78 -3.6313e-05 0.000490022 0.000383941 -1.39584e-05 0.00970067 0.0122554
17.8 -3.74819e-05 0.000503507 0.000384292 -1.90771e-05 0.00970945 0.0125926
17.82 -3.72119e-05 0.000494913 0.000378082 -2.43275e-05 0.00955414 0.0123777
17.84 -3.55428e-05 0.000464866 0.000366631 -2.94754e-05 0.00926774 0.0116262
17.86 -3.25815e-05 0.000416862 0.000347784 -3.3829e-05 0.00879637 0.0104256
17.88 -2.84657e-05 0.000355521 0.000319376 -3.56527e-05 0.00808588 0.00889145
17.9 -2.33415e-05 0.000284279 0.000281511 -3.24191e-05 0.00713886 0.00710966
17.92 -1.73536e-05 0.000204714 0.000235519 -2.19301e-05 0.00598858 0.0051197
17.94 -1.06545e-05 0.000117477 0.000182309 -3.6129e-06 0.00465777 0.00293787
17.96 -3.43509e-06 2.33588e-05 0.00012317 2.0926e-05 0.00317869 0.000583929
17.98 4.04118e-06 -7.51489e-05 6.02315e-05 4.8436e-05 0.00160457 -0.00187979
18 1.14407e-05 -0.000173062 -4.51154e-06 7.50736e-05 -1.46815e-05 -0.00432865
18.02 1.84219e-05 -0.000265417 -6.84994e-05 9.72973e-05 -0.00161505 -0.00663847
18.04 2.47263e-05 -0.000350172 -0.000127796 0.000112495 -0.00309808 -0.00875823
18.06 3.02161e-05 -0.000426764 -0.000178823 0.000119301 -0.00437429 -0.0106738
18.08 3.48132e-05 -0.000493019 -0.000219527 0.000117558 -0.00539232 -0.0123309
18.1 3.83899e-05 -0.000545023 -0.000247867 0.000108284 -0.00610109 -0.0136315
18.12 4.07311e-05 -0.000578779 -0.000262146 9.3807e-05 -0.00645822 -0.0144758
18.14 4.16216e-05 -0.000591116 -0.000263855 7.74584e-05 -0.00650097 -0.0147843
18.16 4.09769e-05 -0.000580374 -0.000256924 6.25344e-05 -0.00632761 -0.0145157
18.18 3.88864e-05 -0.000547783 -0.000243722 5.12377e-05 -0.00599742 -0.0137006
18.2 3.5531e-05 -0.000496855 -0.000223346 4.42268e-05 -0.00548782 -0.0124268
18.22 3.10587e-05 -0.000430406 -0.000193597 4.05489e-05 -0.00474379 -0.0107649
18.24 2.55332e-05 -0.000349674 -0.000153429 3.7833e-05 -0.00373918 -0.00874577
18.26 1.90012e-05 -0.000256236 -0.000103164 3.31118e-05 -0.00248203 -0.00640885
18.28 1.16128e-05 -0.000153175 -4.41007e-05 2.40652e-05 -0.00100482 -0.00383125
18.3 3.67993e-06 -4.45505e-05 2.18009e-05 9.83576e-06 0.000643404 -0.00111451
18.32 -4.3922e-06 6.51767e-05 9.25638e-05 -8.92032e-06 0.00241321 0.00162981
18.34 -1.22403e-05 0.000171709 0.000166043 -3.04204e-05 0.00425095 0.00429423
18.36 -1.96214e-05 0.000271556 0.00023898 -5.23108e-05 0.00607514 0.00679146
18.38 -2.63758e-05 0.000362004 0.000306727 -7.21793e-05 0.00776953 0.00905358
18.4 -3.23385e-05 0.000440591 0.000365074 -8.77816e-05 0.0092288 0.0110191
18.42 -3.7298e-05 0.000504812 0.000411734 -9.71264e-05 0.0103958 0.0126253
18.44 -4.10322e-05 0.000551932 0.000445466 -9.88011e-05 0.0112394 0.0138038
18.46 -4.33787e-05 0.000579481 0.000465136 -9.25122e-05 0.0117314 0.0144928
18.48 -4.4275e-05 0.000586473 0.000470276 -7.94012e-05 0.01186 0.0146677
18.5 -4.37531e-05 0.000573849 0.000462183 -6.17578e-05 0.0116575 0.0143519
18.52 -4.19078e-05 0.000544198 0.000443224 -4.21573e-05 0.0111834 0.0136103
18.54 -3.88533e-05 0.000501007 0.00041502 -2.25152e-05 0.010478 0.0125301
18.56 -3.47059e-05 0.000447525 0.00037788 -3.62482e-06 0.00954909 0.0111925
18.58 -2.95851e-05 0.000385552 0.000331577 1.46773e-05 0.00839104 0.00964254
18.6 -2.36138e-05 0.00031504 0.000276457 3.30156e-05 0.00701246 0.00787899
18.62 -1.69188e-05 0.000234989 0.000213706 5.19611e-05 0.00544304 0.0058769
18.64 -9.65058e-06 0.000144709 0.000145341 7.15767e-05 0.00373319 0.00361896
18.66 -2.02237e-06 4.53154e-05 7.43393e-05 9.10766e-05 0.00195741 0.00113307
18.68 5.67021e-06 -5.94795e-05 4.0161e-06 0.000108754 0.000198598 -0.00148789
18.7 1.30747e-05 -0.000164015 -6.29379e-05 0.000122312 -0.00147595 -0.00410236
18.72 1.98463e-05 -0.000262157 -0.000124268 0.000129522 -0.00300984 -0.00655694
18.74 2.57042e-05 -0.000348409 -0.00017722 0.000128972 -0.00433418 -0.00871413
18.76 3.04431e-05 -0.000418029 -0.00021902 0.000120519 -0.00537963 -0.0104554
18.78 3.39085e-05 -0.000467328 -0.000248154 0.000105275 -0.00610827 -0.0116883
18.8 3.5983e-05 -0.000494178 -0.000264809 8.52532e-05 -0.00652483 -0.0123599
18.82 3.66087e-05 -0.00049822 -0.000270461 6.2942e-05 -0.00666618 -0.012461
18.84 3.58224e-05 -0.000480955 -0.000266755 4.08775e-05 -0.00657349 -0.0120292
18.86 3.37604e-05 -0.000445783 -0.000254614 2.11769e-05 -0.00626984 -0.0111495
18.88 3.06191e-05 -0.000397721 -0.000233914 5.08214e-06 -0.00575212 -0.00994744
18.9 2.65991e-05 -0.000341726 -0.000203878 -7.32917e-06 -0.00500091 -0.008547
18.92 2.18594e-05 -0.000280345 -0.000164098 -1.71137e-05 -0.004006 -0.00701182
18.94 1.65032e-05 -0.000213292 -0.000115479 -2.60106e-05 -0.00279001 -0.00533479
18.96 1.061e-05 -0.000139531 -6.03293e-05 -3.56002e-05 -0.00141071 -0.00349002
18.98 4.30356e-06 -5.95283e-05 -1.38626e-06 -4.64442e-05 6.34831e-05 -0.00148911
19 -2.1967e-06 2.43848e-05 5.86201e-05 -5.77788e-05 0.00156427 0.000609591
19.02 -8.59614e-06 0.000108795 0.000117408 -6.7917e-05 0.00303459 0.00272072
19.04 -1.46117e-05 0.000190295 0.000173836 -7.49244e-05 0.00444586 0.00475907
19.06 -2.00536e-05 0.000266376 0.000227148 -7.71488e-05 0.00577921 0.0066619
19.08 -2.48257e-05 0.000334887 0.000276082 -7.34888e-05 0.00700309 0.00837537
19.1 -2.88454e-05 0.000392802 0.00031867 -6.34228e-05 0.00806822 0.00982386
19.12 -3.19677e-05 0.000436228 0.000352598 -4.69915e-05 0.00891677 0.01091
19.14 -3.39998e-05 0.000462046 0.000375928 -2.50101e-05 0.00950026 0.0115557
19.16 -3.48051e-05 0.00046976 0.000387664 5.51295e-07 0.00979379 0.0117486
19.18 -3.43907e-05 0.000460725 0.000388171 2.65503e-05 0.00980646 0.0115226
19.2 -3.28863e-05 0.000436195 0.000378712 4.94173e-05 0.00956991 0.0109091
19.22 -3.04344e-05 0.000397421 0.000360946 6.62715e-05 0.00912556 0.00993938
19.24 -2.71102e-05 0.000346153 0.000336788 7.5713e-05 0.00852136 0.00865714
19.26 -2.29493e-05 0.00028418 0.000308123 7.81007e-05 0.00780443 0.00710717
19.28 -1.804e-05 0.000213417 0.000276333 7.53259e-05 0.00700935 0.00533736
19.3 -1.25771e-05 0.000136642 0.000241732 7.00235e-05 0.00614397 0.00341718
19.32 -6.8253e-06 5.69921e-05 0.000203954 6.46048e-05 0.00519913 0.00142511
19.34 -1.03678e-06 -2.3126e-05 0.000162769 6.07454e-05 0.00416907 -0.000578675
19.36 4.59705e-06 -0.000101515 0.000118297 5.92807e-05 0.00305682 -0.00253922
19.38 9.92468e-06 -0.000175189 7.10512e-05 6.00413e-05 0.00187517 -0.00438184
19.4 1.47838e-05 -0.00024078 2.23017e-05 6.17256e-05 0.000655929 -0.0060223
19.42 1.89861e-05 -0.000295757 -2.54207e-05 6.22334e-05 -0.000537628 -0.0073973
19.44 2.23553e-05 -0.000338602 -6.81236e-05 5.93962e-05 -0.00160565 -0.00846886
19.46 2.47729e-05 -0.000367684 -0.000101909 5.16953e-05 -0.00245063 -0.00919622
19.48 2.61854e-05 -0.000381175 -0.000125731 3.87887e-05 -0.00304643 -0.00953362
19.5 2.65837e-05 -0.000378598 -0.000141339 2.18394e-05 -0.0034368 -0.00946918
19.52 2.59898e-05 -0.000361041 -0.000150969 3.37913e-06 -0.00367765 -0.00903007
19.54 2.44599e-05 -0.000329933 -0.000156243 -1.35318e-05 -0.00380956 -0.00825205
19.56 2.20834e-05 -0.000286833 -0.0001582 -2.63985e-05 -0.00385849 -0.00717409
19.58 1.89619e-05 -0.000233814 -0.000156631 -3.39249e-05 -0.00381924 -0.00584806
19.6 1.5191e-05 -0.000173168 -0.000149734 -3.60786e-05 -0.00364676 -0.00433129
19.62 1.08716e-05 -0.000107071 -0.000135612 -3.38347e-05 -0.00329356 -0.00267818
19.64 6.1436e-06 -3.81324e-05 -0.000113441 -2.86599e-05 -0.00273905 -0.000953991
19.66 1.20044e-06 3.09744e-05 -8.33165e-05 -2.19516e-05 -0.00198563 0.000774399
19.68 -3.73985e-06 9.86444e-05 -4.58814e-05 -1.48738e-05 -0.00104936 0.00246685
19.7 -8.4853e-06 0.000163663 -2.16494e-06 -8.46899e-06 4.40079e-05 0.004093
19.72 -1.28895e-05 0.000223535 4.62109e-05 -3.47681e-06 0.00125391 0.00559042
19.74 -1.68205e-05 0.00027453 9.68052e-05 8.39424e-08 0.00251929 0.00686582
19.76 -2.01271e-05 0.000313766 0.000146763 2.95991e-06 0.00376876 0.00784713
19.78 -2.26551e-05 0.000339942 0.000193591 6.21934e-06 0.00493994 0.00850181
19.8 -2.43008e-05 0.000352035 0.000235536 1.07614e-05 0.005989 0.00880426
19.82 -2.50387e-05 0.00034908 0.000271663 1.69468e-05 0.00689255 0.00873035
19.84 -2.48917e-05 0.000330882 0.000301655 2.43247e-05 0.00764268 0.00827522
19.86 -2.38871e-05 0.000298263 0.000325318 3.17526e-05 0.00823448 0.00745939
19.88 -2.20486e-05 0.000253135 0.000342228 3.79711e-05 0.00865742 0.00633072
19.9 -1.9425e-05 0.000198369 0.000351659 4.2098e-05 0.00889329 0.004961
19.92 -1.61159e-05 0.000137306 0.000352755 4.3727e-05 0.00892071 0.00343379
19.94 -1.22675e-05 7.29578e-05 0.000345268 4.29008e-05 0.00873346 0.00182442
19.96 -8.04046e-06 7.42077e-06 0.000329935 4.01803e-05 0.00834997 0.000185312
19.98 -3.57854e-06 -5.7924e-05 0.000307338 3.66562e-05 0.00778479 -0.00144899
20 9.99167e-07 -0.00012197 0.00027704 3.37472e-05 0.00702703 -0.0030508
20.02 5.5792e-06 -0.000183524 0.000238598 3.28319e-05 0.0060656 -0.00459029
20.04 1.00301e-05 -0.000240899 0.000192625 3.47855e-05 0.00491579 -0.00602527
20.06 1.41941e-05 -0.000291703 0.000140754 3.95381e-05 0.00361847 -0.0072959
20.08 1.78985e-05 -0.000333337 8.53296e-05 4.59589e-05 0.00223228 -0.00833717
20.1 2.09771e-05 -0.000363414 2.90622e-05 5.22589e-05 0.000825011 -0.00908943
20.12 2.32894e-05 -0.000379794 -2.5644e-05 5.66746e-05 -0.000543213 -0.00949908
20.14 2.47316e-05 -0.000381047 -7.68656e-05 5.80537e-05 -0.00182429 -0.00953044
20.16 2.52378e-05 -0.000366902 -0.000122259 5.61403e-05 -0.00295959 -0.00917665
20.18 2.47796e-05 -0.000338291 -0.000159065 5.14722e-05 -0.00388014 -0.00846109
20.2 2.33676e-05 -0.000296915 -0.000185872 4.49727e-05 -0.00455059 -0.00742626
20.22 2.10548e-05 -0.000245005 -0.000202958 3.75484e-05 -0.0049779 -0.00612796
20.24 1.79367e-05 -0.000185176 -0.000210617 2.99488e-05 -0.00516946 -0.00463161
20.26 1.41469e-05 -0.000119976 -0.000208799 2.27633e-05 -0.00512399 -0.00300094
20.28 9.84621e-06 -5.1613e-05 -0.000198083 1.63168e-05 -0.00485597 -0.00129115
20.3 5.20224e-06 1.8446e-05 -0.000179878 1.04776e-05 -0.00440067 0.000461059
20.32 3.68389e-07 8.9205e-05 -0.000155087 4.58571e-06 -0.00378064 0.00223077
20.34 -4.5197e-06 0.000158948 -0.000122845 -2.28309e-06 -0.00297424 0.00397508
20.36 -9.32214e-06 0.000224286 -8.1555e-05 -1.07381e-05 -0.00194157 0.00560921
20.38 -1.38718e-05 0.000281233 -3.09025e-05 -2.05907e-05 -0.000674731 0.00703348
20.4 -1.79848e-05 0.000327386 2.75321e-05 -3.09114e-05 0.000786743 0.00818778
20.42 -2.15026e-05 0.000361768 9.10026e-05 -4.04695e-05 0.00237417 0.00904769
20.44 -2.43242e-05 0.000383461 0.00015661 -4.8039e-05 0.00401503 0.00959023
20.46 -2.63975e-05 0.000391917 0.000221605 -5.25551e-05 0.00564058 0.00980172
20.48 -2.76815e-05 0.000387501 0.000282765 -5.33523e-05 0.00717022 0.00969127
20.5 -2.81236e-05 0.000370814 0.000336295 -5.02758e-05 0.00850903 0.00927393
20.52 -2.76752e-05 0.000342464 0.000378928 -4.35404e-05 0.0095753 0.00856489
20.54 -2.63248e-05 0.000303529 0.000408823 -3.36755e-05 0.010323 0.0075911
20.56 -2.41196e-05 0.000255482 0.000425895 -2.16184e-05 0.01075 0.00638944
20.58 -2.11623e-05 0.000199816 0.000431769 -8.5895e-06 0.0108969 0.00499721
20.6 -1.75845e-05 0.000138014 0.000428388 4.28599e-06 0.0108123 0.00345149
20.62 -1.35151e-05 7.14534e-05 0.000416641 1.63178e-05 0.0105185 0.00178679
20.64 -9.06726e-06 1.4957e-06 0.000396771 2.74453e-05 0.0100216 3.71238e-05
20.66 -4.3511e-06 -6.98775e-05 0.000368864 3.82208e-05 0.00932361 -0.00174795
20.68 5.00977e-07 -0.000139785 0.00033261 4.94522e-05 0.00841686 -0.00349636
20.7 5.31791e-06 -0.000204623 0.000287856 6.16379e-05 0.00729755 -0.00511799
20.72 9.90184e-06 -0.000260908 0.000235431 7.45787e-05 0.00598638 -0.00652569
20.74 1.40671e-05 -0.000306612 0.000176802 8.74418e-05 0.00452005 -0.00766878
20.76 1.76737e-05 -0.000340945 0.000113822 9.91397e-05 0.00294489 -0.00852746
20.78 2.06244e-05 -0.00036284 4.92032e-05 0.000108579 0.00132875 -0.00907506
20.8 2.28376e-05 -0.000371291 -1.38166e-05 0.00011466 -0.000247404 -0.00928643
20.82 2.42344e-05 -0.000366987 -7.20569e-05 0.000116351 -0.00170402 -0.00917878
20.84 2.47609e-05 -0.000351729 -0.000122519 0.000112909 -0.00296609 -0.00879717
20.86 2.44146e-05 -0.000326823 -0.000163054 0.000104016 -0.0039799 -0.00817426
20.88 2.32389e-05 -0.000292935 -0.000192894 8.99129e-05 -0.0047262 -0.0073267
20.9 2.12922e-05 -0.000250441 -0.000212385 7.15695e-05 -0.00521367 -0.00626391
20.92 1.86346e-05 -0.000199899 -0.000222642 5.05572e-05 -0.00547022 -0.00499985
20.94 1.53451e-05 -0.000142528 -0.000224919 2.85831e-05 -0.00552717 -0.00356496
20.96 1.15402e-05 -8.00655e-05 -0.000219726 7.0917e-06 -0.00539729 -0.00200276
20.98 7.36928e-06 -1.45464e-05 -0.000206972 -1.28529e-05 -0.00507829 -0.000364096
21 2.99182e-06 5.17394e-05 -0.000187057 -3.05387e-05 -0.00458021 0.00129374
21.02 -1.437e-06 0.000116356 -0.00016094 -4.55577e-05 -0.00392702 0.00290983
21.04 -5.75971e-06 0.000176682 -0.000129342 -5.77498e-05 -0.00313674 0.0044186
21.06 -9.8046e-06 0.000229837 -9.26425e-05 -6.71234e-05 -0.00221887 0.00574803
21.08 -1.33945e-05 0.000273114 -5.09619e-05 -7.37603e-05 -0.00117643 0.0068304
21.1 -1.63781e-05 0.000304579 -4.3816e-06 -7.77156e-05 -1.14317e-05 0.00761735
21.12 -1.8656e-05 0.000323028 4.61568e-05 -7.88798e-05 0.00125256 0.00807879
21.14 -2.01763e-05 0.000327791 9.81627e-05 -7.68334e-05 0.00255324 0.0081979
21.16 -2.09083e-05 0.000318988 0.000148194 -7.08888e-05 0.00380455 0.00797775
21.18 -2.08223e-05 0.00029727 0.000193244 -6.03999e-05 0.00493126 0.00743456
21.2 -1.99016e-05 0.000263507 0.00023126 -4.5155e-05 0.00588205 0.00659014
21.22 -1.81723e-05 0.00021898 0.000261061 -2.56699e-05 0.00662741 0.0054765
21.24 -1.57211e-05 0.000165484 0.000282518 -3.25071e-06 0.00716405 0.00413853
21.26 -1.26842e-05 0.000105456 0.000296498 2.0283e-05 0.00751369 0.00263722
21.28 -9.21549e-06 4.15457e-05 0.000304312 4.31109e-05 0.00770911 0.00103879
21.3 -5.45323e-06 -2.41801e-05 0.000306777 6.38681e-05 0.00777078 -0.000605038
21.32 -1.50739e-06 -9.05558e-05 0.000304214 8.18204e-05 0.00770667 -0.00226512
21.34 2.52356e-06 -0.000156675 0.00029735 9.67457e-05 0.007535 -0.00391879
21.36 6.51756e-06 -0.000220725 0.000287274 0.000108654 0.007283 -0.00552072
21.38 1.0309e-05 -0.000279913 0.000274501 0.000117549 0.00696355 -0.00700102
21.4 1.37085e-05 -0.000331225 0.000258641 0.000123394 0.00656688 -0.00828435
21.42 1.65533e-05 -0.000371925 0.000238713 0.000126172 0.00606848 -0.00930227
21.44 1.87472e-05 -0.000399861 0.000213594 0.000125871 0.00544022 -0.010001
21.46 2.02555e-05 -0.000413844 0.000183182 0.000122391 0.0046796 -0.0103507
21.48 2.10627e-05 -0.000413615 0.000149105 0.000115512 0.00382733 -0.010345
21.5 2.11297e-05 -0.000398736 0.000113707 0.000104905 0.00294202 -0.00997284
21.52 2.03905e-05 -0.00036845 7.90043e-05 9.02383e-05 0.00207408 -0.00921536
21.54 1.87985e-05 -0.00032344 4.66897e-05 7.1544e-05 0.00126588 -0.00808964
21.56 1.63878e-05 -0.000266344 1.82392e-05 4.96925e-05 0.000554324 -0.00666165
21.58 1.32972e-05 -0.000200899 -5.36856e-06 2.6384e-05 -3.6116e-05 -0.00502486
21.6 9.72627e-06 -0.000130862 -2.38011e-05 3.59676e-06 -0.00049712 -0.0032732
21.62 5.85107e-06 -5.84638e-05 -3.74257e-05 -1.70656e-05 -0.00083788 -0.00146249
21.64 1.76876e-06 1.6136e-05 -4.73016e-05 -3.47992e-05 -0.00108488 0.000403284
21.66 -2.47569e-06 9.31426e-05 -5.4583e-05 -4.95853e-05 -0.00126699 0.00232925
21.68 -6.804e-06 0.000170888 -5.97968e-05 -6.16789e-05 -0.00139739 0.00427369
21.7 -1.10396e-05 0.00024586 -6.29693e-05 -7.1083e-05 -0.00147673 0.00614878
21.72 -1.49279e-05 0.000313814 -6.40027e-05 -7.75436e-05 -0.00150258 0.00784834
21.74 -1.8235e-05 0.000370887 -6.2259e-05 -8.08874e-05 -0.00145897 0.00927575
21.76 -2.08406e-05 0.000414793 -5.60011e-05 -8.12455e-05 -0.00130246 0.0103739
21.78 -2.27426e-05 0.000444538 -4.37483e-05 -7.899e-05 -0.000996008 0.0111178
21.8 -2.39739e-05 0.000459704 -2.64955e-05 -7.44121e-05 -0.00056451 0.0114971
21.82 -2.45191e-05 0.00046039 -7.20141e-06 -6.74041e-05 -8.19565e-05 0.0115143
21.84 -2.43023e-05 0.00044687 1.16014e-05 -5.74858e-05 0.00038831 0.0111761
21.86 -2.32489e-05 0.000419291 2.86298e-05 -4.419e-05 0.000814197 0.0104864
21.88 -2.13609e-05 0.000378273 4.33582e-05 -2.75623e-05 0.00118256 0.00946047
21.9 -1.87415e-05 0.000325904 5.60345e-05 -8.49261e-06 0.0014996 0.00815072
21.92 -1.55565e-05 0.00026529 6.72129e-05 1.14148e-05 0.00177918 0.00663474
21.94 -1.19668e-05 0.000199011 7.68059e-05 3.04879e-05 0.0020191 0.00497705
21.96 -8.07771e-06 0.000128278 8.44959e-05 4.76524e-05 0.00221143 0.00320799
21.98 -3.93627e-06 5.29765e-05 9.06061e-05 6.2564e-05 0.00236425 0.00132468
22 4.17842e-07 -2.66793e-05 9.5615e-05 7.522e-05 0.00248952 -0.000667544
22.02 4.87724e-06 -0.000108078 9.96328e-05 8.54259e-05 0.00259001 -0.00270335
22.04 9.23081e-06 -0.000186565 0.000102884 9.2586e-05 0.00267132 -0.00466636
22.06 1.3208e-05 -0.000257401 0.000105634 9.60841e-05 0.00274009 -0.00643799
22.08 1.65787e-05 -0.000317224 0.000107666 9.59182e-05 0.00279092 -0.0079342
22.1 1.92306e-05 -0.000364249 0.000108337 9.2922e-05 0.0028077 -0.00911032
22.12 2.11605e-05 -0.000398021 0.000107426 8.83596e-05 0.00278491 -0.00995496
22.14 2.23905e-05 -0.000418736 0.000105645 8.32594e-05 0.00274037 -0.010473
22.16 2.28867e-05 -0.000425724 0.000103928 7.78931e-05 0.00269742 -0.0106478
22.18 2.25508e-05 -0.000417356 0.00010242 7.16841e-05 0.00265973 -0.0104385
22.2 2.12894e-05 -0.000392305 0.000100279 6.37026e-05 0.00260616 -0.009812
22.22 1.91006e-05 -0.000350882 9.6844e-05 5.34113e-05 0.00252026 -0.008776
22.24 1.61034e-05 -0.000295528 9.26754e-05 4.10436e-05 0.002416 -0.00739156
22.26 1.24852e-05 -0.00022967 8.93051e-05 2.73718e-05 0.00233171 -0.00574442
22.28 8.41445e-06 -0.000156572 8.82063e-05 1.32011e-05 0.00230423 -0.00391622
22.3 3.99648e-06 -7.87061e-05 8.96744e-05 -9.0218e-07 0.00234095 -0.00196876
22.32 -6.91718e-07 2.12684e-06 9.2711e-05 -1.44948e-05 0.00241689 5.29091e-05
22.34 -5.5285e-06 8.38841e-05 9.58789e-05 -2.69715e-05 0.00249613 0.00209769
22.36 -1.03141e-05 0.000164092 9.80195e-05 -3.74674e-05 0.00254966 0.00410374
22.38 -1.48149e-05 0.000240441 9.83491e-05 -4.517e-05 0.00255791 0.00601325
22.4 -1.88473e-05 0.000311247 9.68387e-05 -4.98293e-05 0.00252013 0.00778413
22.42 -2.23171e-05 0.000374688 9.46451e-05 -5.19161e-05 0.00246527 0.00937081
22.44 -2.51796e-05 0.000427836 9.34044e-05 -5.21724e-05 0.00243424 0.0107001
22.46 -2.73692e-05 0.000467567 9.41446e-05 -5.09962e-05 0.00245275 0.0116938
22.48 -2.87775e-05 0.000491861 9.70885e-05 -4.82675e-05 0.00252638 0.0123014
22.5 -2.93004e-05 0.000499906 0.000101642 -4.36442e-05 0.00264026 0.0125026
22.52 -2.88928e-05 0.00049126 0.000106154 -3.69527e-05 0.0027531 0.0122863
22.54 -2.75713e-05 0.000465694 0.000108528 -2.84168e-05 0.00281249 0.0116469
22.56 -2.53832e-05 0.000424489 0.000107327 -1.86851e-05 0.00278245 0.0106164
22.58 -2.23938e-05 0.000370639 0.000102266 -8.64739e-06 0.00265587 0.00926956
22.6 -1.87078e-05 0.000307591 9.40355e-05 9.29307e-07 0.00245002 0.00769269
22.62 -1.44838e-05 0.000238312 8.39733e-05 9.68432e-06 0.00219836 0.00596001
22.64 -9.90574e-06 0.000164955 7.31315e-05 1.76508e-05 0.0019272 0.00412532
22.66 -5.12956e-06 8.86299e-05 6.12165e-05 2.51259e-05 0.0016292 0.00221639
22.68 -2.61156e-07 9.71786e-06 4.74423e-05 3.2613e-05 0.00128471 0.000242763
22.7 4.60681e-06 -7.04804e-05 3.24248e-05 4.06317e-05 0.000909111 -0.00176303
22.72 9.33503e-06 -0.000148882 1.80706e-05 4.92841e-05 0.000550107 -0.00372389
22.74 1.37178e-05 -0.000221704 5.50819e-06 5.80093e-05 0.000235916 -0.00554521
22.76 1.75277e-05 -0.000285177 -5.44252e-06 6.58282e-05 -3.79658e-05 -0.00713268
22.78 2.05853e-05 -0.000335565 -1.5169e-05 7.17851e-05 -0.000281229 -0.0083929
22.8 2.27896e-05 -0.000369754 -2.39545e-05 7.52817e-05 -0.000500958 -0.00924797
22.82 2.40947e-05 -0.00038635 -3.17959e-05 7.62406e-05 -0.000697074 -0.00966305
22.84 2.44743e-05 -0.000386071 -3.78215e-05 7.49874e-05 -0.000847779 -0.00965607
22.86 2.39162e-05 -0.000370921 -4.02903e-05 7.18528e-05 -0.000909523 -0.00927717
22.88 2.24384e-05 -0.000343276 -3.72349e-05 6.68774e-05 -0.000833108 -0.00858576
22.9 2.00996e-05 -0.000305425 -2.74051e-05 5.99409e-05 -0.000587259 -0.0076391
22.92 1.69988e-05 -0.000259264 -1.1113e-05 5.10889e-05 -0.000179786 -0.00648459
22.94 1.32649e-05 -0.000206083 9.87608e-06 4.06522e-05 0.000345159 -0.00515451
22.96 9.04385e-06 -0.000146699 3.34281e-05 2.91125e-05 0.000934204 -0.00366928
22.98 4.48442e-06 -8.1894e-05 5.80769e-05 1.69332e-05 0.00155068 -0.00204849
23 -2.72215e-07 -1.27543e-05 8.35242e-05 4.50649e-06 0.00218713 -0.000319275
23.02 -5.09495e-06 5.91849e-05 0.000110215 -7.76812e-06 0.00285468 0.00147995
23.04 -9.8509e-06 0.000131577 0.000137942 -1.93181e-05 0.00354815 0.00329052
23.06 -1.4383e-05 0.000200913 0.000165474 -2.92768e-05 0.00423674 0.00502462
23.08 -1.84998e-05 0.000262987 0.000191724 -3.66032e-05 0.00489326 0.00657714
23.1 -2.20003e-05 0.000314249 0.000216236 -4.05005e-05 0.00550631 0.00785921
23.12 -2.4727e-05 0.000352732 0.000238654 -4.08745e-05 0.00606698 0.00882168
23.14 -2.66032e-05 0.000377546 0.000258455 -3.84249e-05 0.00656221 0.0094423
23.16 -2.76195e-05 0.000388282 0.00027516 -3.4256e-05 0.00698003 0.00971081
23.18 -2.77814e-05 0.000384933 0.000288125 -2.93299e-05 0.00730427 0.00962706
23.2 -2.70688e-05 0.000367788 0.000295817 -2.41059e-05 0.00749667 0.00919825
23.22 -2.54505e-05 0.000337617 0.000296189 -1.85128e-05 0.00750596 0.00844367
23.24 -2.29417e-05 0.000295856 0.00028819 -1.22497e-05 0.0073059 0.0073992
23.26 -1.96457e-05 0.000244555 0.000272378 -5.17493e-06 0.00691044 0.00611614
23.28 -1.57378e-05 0.000185813 0.000250306 2.58232e-06 0.00635841 0.00464699
23.3 -1.14059e-05 0.000121448 0.000223738 1.08612e-05 0.00569395 0.00303718
23.32 -6.79884e-06 5.33973e-05 0.00019387 1.97146e-05 0.00494693 0.00133521
23.34 -2.02359e-06 -1.61662e-05 0.000160541 2.93792e-05 0.00411334 -0.000404607
23.36 2.81463e-06 -8.48174e-05 0.000122844 4.00235e-05 0.00317053 -0.0021216
23.38 7.57219e-06 -0.000149859 8.09396e-05 5.14339e-05 0.00212249 -0.00374833
23.4 1.20636e-05 -0.000208485 3.63831e-05 6.28248e-05 0.00100811 -0.00521458
23.42 1.60931e-05 -0.000258265 -8.56336e-06 7.29819e-05 -0.000116019 -0.00645961
23.44 1.94925e-05 -0.000297622 -5.12469e-05 8.0727e-05 -0.00118355 -0.00744393
23.46 2.21407e-05 -0.000325506 -8.91086e-05 8.53547e-05 -0.00213049 -0.00814132
23.48 2.39623e-05 -0.000341133 -0.000120838 8.67264e-05 -0.00292405 -0.00853216
23.5 2.49197e-05 -0.000344333 -0.000146866 8.50885e-05 -0.00357502 -0.0086122
23.52 2.50077e-05 -0.000335611 -0.000167907 8.08151e-05 -0.00410127 -0.00839405
23.54 2.42475e-05 -0.000315555 -0.000183704 7.41623e-05 -0.00449636 -0.00789244
23.56 2.26755e-05 -0.000284533 -0.000193305 6.51585e-05 -0.00473648 -0.00711658
23.58 2.03369e-05 -0.000243367 -0.000195633 5.37884e-05 -0.00479471 -0.00608698
23.6 1.72912e-05 -0.000193582 -0.000189738 4.03424e-05 -0.00464726 -0.00484185
23.62 1.36293e-05 -0.000136798 -0.000175197 2.55472e-05 -0.0042836 -0.00342166
23.64 9.48001e-06 -7.48262e-05 -0.00015255 1.04082e-05 -0.00371719 -0.00187172
23.66 4.9982e-06 -9.97054e-06 -0.000122858 -3.99782e-06 -0.00297458 -0.000249651
23.68 3.42413e-07 5.53783e-05 -8.70304e-05 -1.67366e-05 -0.00207851 0.00138475
23.7 -4.33657e-06 0.000119156 -4.60811e-05 -2.72667e-05 -0.00105435 0.00297985
23.72 -8.88977e-06 0.000179191 -1.392e-06 -3.55028e-05 6.33393e-05 0.00448136
23.74 -1.31569e-05 0.000232944 4.54754e-05 -4.15862e-05 0.00123551 0.00582574
23.76 -1.69645e-05 0.000278376 9.26486e-05 -4.56757e-05 0.00241533 0.00696202
23.78 -2.01435e-05 0.000313969 0.000137918 -4.79394e-05 0.00354754 0.00785221
23.8 -2.25579e-05 0.000337986 0.000179397 -4.85023e-05 0.00458494 0.00845288
23.82 -2.41255e-05 0.000348877 0.000216548 -4.73255e-05 0.00551411 0.00872528
23.84 -2.48211e-05 0.000346163 0.000249835 -4.42462e-05 0.00634662 0.0086574
23.86 -2.46666e-05 0.000330497 0.000279147 -3.90907e-05 0.00707972 0.00826558
23.88 -2.37151e-05 0.000303046 0.00030349 -3.16508e-05 0.00768857 0.00757903
23.9 -2.20312e-05 0.000265234 0.000321412 -2.16749e-05 0.00813681 0.00663333
23.92 -1.96732e-05 0.000218922 0.000330665 -9.08404e-06 0.00836821 0.00547504
23.94 -1.66959e-05 0.000166167 0.000328761 5.75899e-06 0.00832061 0.00415563
23.96 -1.31743e-05 0.000109023 0.000315264 2.19853e-05 0.00798303 0.00272641
23.98 -9.23011e-06 4.96998e-05 0.00029255 3.83383e-05 0.00741494 0.00124273
24 -5.03393e-06 -9.5245e-06 0.00026389 5.34185e-05 0.00669814 -0.000238496
24.02 -7.71287e-07 -6.70269e-05 0.000231754 6.6097e-05 0.00589443 -0.00167666
24.04 3.40836e-06 -0.000122369 0.00019737 7.59477e-05 0.00503447 -0.00306079
24.06 7.41771e-06 -0.000175249 0.000160619 8.33027e-05 0.0041153 -0.00438334
24.08 1.12042e-05 -0.000224542 0.000120544 8.87937e-05 0.003113 -0.00561617
24.1 1.46864e-05 -0.000268215 7.70224e-05 9.27607e-05 0.00202452 -0.00670844
24.12 1.77122e-05 -0.000303242 3.19446e-05 9.49135e-05 0.000897101 -0.00758449
24.14 2.00841e-05 -0.000326397 -1.19289e-05 9.43889e-05 -0.000200192 -0.0081636
24.16 2.16417e-05 -0.000335971 -5.22955e-05 9.02717e-05 -0.00120978 -0.00840305
24.18 2.23384e-05 -0.000332839 -8.72061e-05 8.23399e-05 -0.00208291 -0.00832473
24.2 2.22468e-05 -0.000319209 -0.0001151 7.13779e-05 -0.00278054 -0.00798384
24.22 2.1483e-05 -0.000296695 -0.00013534 5.8713e-05 -0.00328676 -0.00742076
24.24 2.01101e-05 -0.000265901 -0.00014788 4.54619e-05 -0.00360039 -0.00665057
24.26 1.811e-05 -0.000227003 -0.000152078 3.21563e-05 -0.00370537 -0.00567772
24.28 1.54499e-05 -0.000180835 -0.000147115 1.89036e-05 -0.00358125 -0.00452304
24.3 1.21805e-05 -0.000129397 -0.000133209 5.84671e-06 -0.00323347 -0.00323655
24.32 8.46527e-06 -7.49836e-05 -0.000111516 -6.49722e-06 -0.00269091 -0.00187566
24.34 4.51898e-06 -1.92911e-05 -8.39481e-05 -1.73767e-05 -0.00200142 -0.000482762
24.36 5.15478e-07 3.64931e-05 -5.26642e-05 -2.62906e-05 -0.001219 0.000912423
24.38 -3.44865e-06 9.11228e-05 -1.89639e-05 -3.3304e-05 -0.000376141 0.00227874
24.4 -7.31292e-06 0.000143111 1.70071e-05 -3.89062e-05 0.000523509 0.00357899
24.42 -1.09864e-05 0.000190673 5.53803e-05 -4.35509e-05 0.00148324 0.00476854
24.44 -1.43219e-05 0.000231385 9.5677e-05 -4.718e-05 0.00249108 0.00578674
24.46 -1.71482e-05 0.000262505 0.000136837 -4.90505e-05 0.00352051 0.00656507
24.48 -1.9332e-05 0.000282415 0.000177387 -4.80795e-05 0.00453468 0.00706303
24.5 -2.08213e-05 0.00029179 0.000215324 -4.35237e-05 0.00548351 0.00729751
24.52 -2.16385e-05 0.000292534 0.000247988 -3.54103e-05 0.00630044 0.00731611
24.54 -2.18267e-05 0.000285723 0.000272392 -2.4362e-05 0.0069108 0.00714577
24.56 -2.13926e-05 0.000271483 0.00028642 -1.11654e-05 0.00726164 0.00678963
24.58 -2.02992e-05 0.000249867 0.000289542 3.39004e-06 0.00733971 0.00624899
24.6 -1.85199e-05 0.000221098 0.000282601 1.84285e-05 0.00716612 0.00552947
24.62 -1.61007e-05 0.000185781 0.000267601 3.29251e-05 0.00679097 0.00464619
24.64 -1.31663e-05 0.000144989 0.00024675 4.57522e-05 0.00626948 0.00362595
24.66 -9.86596e-06 9.98352e-05 0.000221148 5.59303e-05 0.00562915 0.00249664
24.68 -6.31348e-06 5.11885e-05 0.000190919 6.30773e-05 0.00487313 0.00127996
24.7 -2.58094e-06 3.44321e-07 0.000156128 6.76337e-05 0.00400297 8.32743e-06
24.72 1.25577e-06 -5.03372e-05 0.000116912 7.04803e-05 0.00302218 -0.00125924
24.74 5.07264e-06 -9.83324e-05 7.34629e-05 7.22703e-05 0.00193549 -0.00245962
24.76 8.70268e-06 -0.000141793 2.67037e-05 7.30895e-05 0.000766024 -0.00354659
24.78 1.19841e-05 -0.000179246 -2.12649e-05 7.25572e-05 -0.000433689 -0.0044833
24.8 1.48015e-05 -0.00020938 -6.76436e-05 7.01534e-05 -0.00159364 -0.00523698
24.82 1.70875e-05 -0.000231456 -0.0001098 6.56045e-05 -0.002648 -0.00578909
24.84 1.87993e-05 -0.000245514 -0.000145945 5.90838e-05 -0.00355199 -0.0061407
24.86 1.99021e-05 -0.00025188 -0.000174768 5.1031e-05 -0.00427287 -0.00629991
24.88 2.03673e-05 -0.000250689 -0.000194774 4.18264e-05 -0.00477323 -0.00627013
24.9 2.01759e-05 -0.000241831 -0.000205016 3.17169e-05 -0.00502937 -0.00604858
24.92 1.93253e-05 -0.000225326 -0.000205923 2.10066e-05 -0.00505207 -0.00563579
24.94 1.78405e-05 -0.000201728 -0.000198629 1.02273e-05 -0.00486963 -0.00504559
24.96 1.57814e-05 -0.000171969 -0.00018402 1.08341e-07 -0.00450426 -0.0043013
24.98 1.32365e-05 -0.000137195 -0.000162531 -8.64092e-06 -0.00396682 -0.00343159
25 1.03024e-05 -9.88093e-05 -0.000134191 -1.55788e-05 -0.00325802 -0.00247155
25.02 7.06555e-06 -5.82499e-05 -9.86206e-05 -2.06393e-05 -0.00236839 -0.00145714
25.04 3.60198e-06 -1.68017e-05 -5.57142e-05 -2.40236e-05 -0.00129528 -0.000420503
25.06 -5.35018e-09 2.4369e-05 -6.5491e-06 -2.59378e-05 -6.56417e-05 0.000609193
25.08 -3.6497e-06 6.4196e-05 4.69601e-05 -2.63827e-05 0.00127265 0.00160528
25.1 -7.20163e-06 0.000101632 0.000102989 -2.51814e-05 0.00267394 0.00254158
25.12 -1.05287e-05 0.000135479 0.000159924 -2.21898e-05 0.00409791 0.0033881
25.14 -1.35186e-05 0.000164399 0.000216057 -1.74777e-05 0.00550184 0.00411141
25.16 -1.60891e-05 0.000187318 0.000269766 -1.13559e-05 0.0068451 0.0046846
25.18 -1.81789e-05 0.000203451 0.000319535 -4.25549e-06 0.00808987 0.00508811
25.2 -1.97312e-05 0.000212128 0.000363494 3.46717e-06 0.0091893 0.00530511
25.22 -2.0687e-05 0.000212894 0.000399547 1.16114e-05 0.010091 0.00532427
25.24 -2.09946e-05 0.000205595 0.000426113 1.99902e-05 0.0107554 0.00514173
25.26 -2.06322e-05 0.000190553 0.000442446 2.82289e-05 0.0111639 0.00476553
25.28 -1.96262e-05 0.000168889 0.000448158 3.5727e-05 0.0113068 0.0042237
25.3 -1.80475e-05 0.0001424 0.00044274 4.183e-05 0.0111713 0.0035612
25.32 -1.59843e-05 0.000112696 0.000425951 4.6131e-05 0.0107514 0.0028183
25.34 -1.35134e-05 8.07609e-05 0.000398458 4.87218e-05 0.0100638 0.00201958
25.36 -1.06951e-05 4.74257e-05 0.000361405 5.01452e-05 0.00913704 0.00118585
25.38 -7.59599e-06 1.37984e-05 0.000315802 5.10421e-05 0.0079965 0.000344819
25.4 -4.31681e-06 -1.87828e-05 0.000262731 5.18119e-05 0.00666916 -0.000470049
25.42 -9.92824e-07 -4.89491e-05 0.000203387 5.25245e-05 0.00518496 -0.00122452
25.44 2.23691e-06 -7.55089e-05 0.000138852 5.3022e-05 0.0035709 -0.00188879
25.46 5.26253e-06 -9.75102e-05 7.04384e-05 5.3031e-05 0.00185985 -0.00243906
25.48 8.01002e-06 -0.000114269 1.54188e-07 5.21847e-05 0.00010201 -0.00285821
25.5 1.04233e-05 -0.000125689 -6.95178e-05 4.99952e-05 -0.00164052 -0.00314382
25.52 1.24451e-05 -0.000132173 -0.000135686 4.59062e-05 -0.0032954 -0.003306
25.54 1.40137e-05 -0.000134088 -0.000195101 3.94691e-05 -0.00478139 -0.00335387
25.56 1.50735e-05 -0.000131433 -0.000244797 3.05795e-05 -0.00602432 -0.00328749
25.58 1.55857e-05 -0.000124115 -0.000282559 1.96655e-05 -0.00696875 -0.00310444
25.6 1.55365e-05 -0.000112424 -0.000307006 7.71068e-06 -0.0075802 -0.00281206
25.62 1.49407e-05 -9.70641e-05 -0.000317635 -3.95435e-06 -0.00784602 -0.0024279
25.64 1.38389e-05 -7.8807e-05 -0.000315057 -1.40074e-05 -0.00778156 -0.00197128
25.66 1.22837e-05 -5.7935e-05 -0.000300729 -2.14724e-05 -0.0074232 -0.00144926
25.68 1.03237e-05 -3.43591e-05 -0.000276135 -2.59227e-05 -0.00680809 -0.00085962
25.7 8.0008e-06 -8.14375e-06 -0.000242501 -2.75087e-05 -0.00596689 -0.000203963
25.72 5.36518e-06 2.01635e-05 -0.000200874 -2.68511e-05 -0.0049258 0.000504013
25.74 2.4964e-06 4.90891e-05 -0.000151865 -2.48306e-05 -0.00370006 0.00122745
25.76 -4.9351e-07 7.65645e-05 -9.53438e-05 -2.23049e-05 -0.00228643 0.00191463
25.78 -3.48039e-06 0.00010068 -3.11516e-05 -1.98751e-05 -0.000680962 0.00251776
25.8 -6.35559e-06 0.00012006 3.98532e-05 -1.77754e-05 0.0010949 0.00300248
25.82 -9.03995e-06 0.000134039 0.000115534 -1.58372e-05 0.00298772 0.00335209
25.84 -1.14781e-05 0.000142948 0.00019271 -1.35414e-05 0.00491792 0.0035749
25.86 -1.36225e-05 0.000147975 0.00026723 -1.01989e-05 0.00678168 0.00370062
25.88 -1.542e-05 0.000149972 0.00033446 -5.16936e-06 0.00846313 0.00375058
25.9 -1.68089e-05 0.000148977 0.000390655 1.95962e-06 0.00986859 0.00372569
25.92 -1.77269e-05 0.00014475 0.000433821 1.11565e-05 0.0109482 0.00361998
25.94 -1.81253e-05 0.000136909 0.000463402 2.17855e-05 0.011688 0.00342386
25.96 -1.79846e-05 0.00012507 0.000479899 3.27287e-05 0.0121006 0.00312776
25.98 -1.73188e-05 0.000109289 0.000484787 4.27233e-05 0.0122229 0.00273308
26 -1.61668e-05 9.013e-05 0.000479636 5.06978e-05 0.012094 0.0022539
26.02 -1.45742e-05 6.82871e-05 0.000464983 5.60577e-05 0.0117276 0.0017076
26.04 -1.25808e-05 4.41996e-05 0.000440554 5.88693e-05 0.0111166 0.00110517
26.06 -1.02231e-05 1.81752e-05 0.000406319 5.97931e-05 0.0102604 0.000454285
26.08 -7.55623e-06 -8.88416e-06 0.000363072 5.97474e-05 0.00917874 -0.000222481
26.1 -4.67963e-06 -3.50992e-05 0.000311989 5.94909e-05 0.00790113 -0.00087813
26.12 -1.73188e-06 -5.86532e-05 0.000253859 5.93758e-05 0.00644726 -0.00146723
26.14 1.15232e-06 -7.88404e-05 0.000189193 5.93788e-05 0.00482994 -0.00197211
26.16 3.88624e-06 -9.54513e-05 0.0001189 5.92089e-05 0.00307188 -0.00238756
26.18 6.43329e-06 -0.000108395 4.50339e-05 5.83087e-05 0.00122447 -0.00271128
26.2 8.76347e-06 -0.000118034 -2.83901e-05 5.58822e-05 -0.000611895 -0.00295237
26.22 1.08097e-05 -0.000124736 -9.60635e-05 5.1047e-05 -0.00230443 -0.00311999
26.24 1.24713e-05 -0.000128392 -0.000153751 4.30587e-05 -0.00374722 -0.00321143
26.26 1.36622e-05 -0.000128995 -0.000199348 3.1687e-05 -0.00488762 -0.00322651
26.28 1.43584e-05 -0.000127193 -0.000232063 1.76847e-05 -0.00570583 -0.00318143
26.3 1.4601e-05 -0.000123685 -0.000251951 2.85117e-06 -0.00620325 -0.0030937
26.32 1.44492e-05 -0.000118529 -0.000259769 -1.0592e-05 -0.00639877 -0.00296475
26.34 1.3925e-05 -0.00011118 -0.000256431 -2.08619e-05 -0.0063153 -0.00278094
26.36 1.29974e-05 -0.000100692 -0.000242838 -2.71177e-05 -0.00597532 -0.00251862
26.38 1.1622e-05 -8.60948e-05 -0.000220023 -2.94588e-05 -0.00540471 -0.00215355
26.4 9.79919e-06 -6.71429e-05 -0.000189259 -2.85569e-05 -0.00463528 -0.00167956
26.42 7.60073e-06 -4.45976e-05 -0.000151906 -2.52124e-05 -0.00370109 -0.00111569
26.44 5.14482e-06 -1.99347e-05 -0.000108874 -2.01879e-05 -0.00262483 -0.000498858
26.46 2.54525e-06 5.21385e-06 -6.01785e-05 -1.43423e-05 -0.00140694 0.000130116
26.48 -1.20794e-07 2.9346e-05 -5.26282e-06 -8.69025e-06 -3.34716e-05 0.000733672
26.5 -2.80006e-06 5.08406e-05 5.58756e-05 -4.09214e-06 0.00149563 0.00127126
26.52 -5.42494e-06 6.83217e-05 0.000121678 -7.65008e-07 0.00314138 0.00170847
26.54 -7.89346e-06 8.13473e-05 0.000188834 1.92026e-06 0.00482096 0.00203425
26.56 -1.00912e-05 9.03962e-05 0.000252979 5.15865e-06 0.00642527 0.00226056
26.58 -1.19349e-05 9.64325e-05 0.000309873 1.01242e-05 0.0078482 0.00241153
26.6 -1.33961e-05 0.000100643 0.000356182 1.73718e-05 0.00900642 0.00251684
26.62 -1.44842e-05 0.000104093 0.000389797 2.65387e-05 0.00984713 0.00260312
26.64 -1.52081e-05 0.000107071 0.000410021 3.65464e-05 0.0103529 0.0026776
26.66 -1.55475e-05 0.000108786 0.000417618 4.61273e-05 0.010543 0.0027205
26.68 -1.54551e-05 0.00010782 0.000414224 5.42316e-05 0.0104581 0.00269633
26.7 -1.48869e-05 0.000103043 0.00040138 6.01022e-05 0.0101368 0.00257687
26.72 -1.38369e-05 9.41476e-05 0.000380437 6.31986e-05 0.00961303 0.00235439
26.74 -1.23491e-05 8.13726e-05 0.000352775 6.32439e-05 0.00892121 0.00203488
26.76 -1.04974e-05 6.51813e-05 0.000319292 6.04185e-05 0.00808379 0.00162993
26.78 -8.35532e-06 4.64129e-05 0.000279838 5.54784e-05 0.00709702 0.00116052
26.8 -5.98397e-06 2.6356e-05 0.000233404 4.95973e-05 0.00593569 0.00065889
26.82 -3.44518e-06 6.44523e-06 0.000179101 4.39636e-05 0.00457754 0.000160914
26.84 -8.20711e-07 -1.20473e-05 0.000117133 3.93119e-05 0.00302769 -0.000301591
26.86 1.78672e-06 -2.82381e-05 4.91928e-05 3.56128e-05 0.00132849 -0.000706532
26.88 4.27343e-06 -4.19043e-05 -2.14543e-05 3.21161e-05 -0.000438428 -0.00104833
26.9 6.55523e-06 -5.33828e-05 -9.02999e-05 2.77622e-05 -0.00216028 -0.00133541
26.92 8.56948e-06 -6.29011e-05 -0.000152476 2.16981e-05 -0.00371534 -0.00157347
26.94 1.02622e-05 -7.03252e-05 -0.00020391 1.36244e-05 -0.00500172 -0.00175915
26.96 1.15803e-05 -7.55863e-05 -0.0002422 3.93112e-06 -0.00595936 -0.00189073
26.98 1.24802e-05 -7.88214e-05 -0.000266725 -6.34576e-06 -0.00657276 -0.00197164
27 1.29396e-05 -7.99289e-05 -0.00027829 -1.57823e-05 -0.00686198 -0.00199934
27.02 1.29569e-05 -7.84044e-05 -0.00027848 -2.29707e-05 -0.00686674 -0.00196121
27.04 1.25387e-05 -7.38146e-05 -0.000268982 -2.6875e-05 -0.0066292 -0.00184642
27.06 1.1694e-05 -6.60888e-05 -0.000251408 -2.70634e-05 -0.00618968 -0.00165319
27.08 1.04453e-05 -5.54371e-05 -0.000227143 -2.38441e-05 -0.00558278 -0.00138679
27.1 8.83976e-06 -4.22202e-05 -0.000196952 -1.82338e-05 -0.00482769 -0.00105623
27.12 6.94384e-06 -2.6981e-05 -0.000160716 -1.16664e-05 -0.00392143 -0.00067509
27.14 4.82414e-06 -1.03989e-05 -0.000117734 -5.54404e-06 -0.00284641 -0.000260365
27.16 2.534e-06 7.01618e-06 -6.75329e-05 -8.42543e-07 -0.00159087 0.000175193
27.18 1.21727e-07 2.46755e-05 -1.05036e-05 2.13687e-06 -0.000164545 0.00061686
27.2 -2.34677e-06 4.14929e-05 5.18314e-05 3.87941e-06 0.00139448 0.00103747
27.22 -4.7756e-06 5.62666e-05 0.000116823 5.53479e-06 0.00301994 0.00140697
27.24 -7.05568e-06 6.8495e-05 0.00018087 8.47521e-06 0.00462179 0.0017128
27.26 -9.10042e-06 7.86287e-05 0.000240034 1.37133e-05 0.0061015 0.00196625
27.28 -1.08656e-05 8.73185e-05 0.000291055 2.14998e-05 0.00737755 0.00218359
27.3 -1.23313e-05 9.46836e-05 0.000331785 3.125e-05 0.00839623 0.00236779
27.32 -1.34668e-05 0.000100427 0.000361188 4.1718e-05 0.00913162 0.00251144
27.34 -1.42179e-05 0.000104191 0.000379288 5.13098e-05 0.00958431 0.00260559
27.36 -1.45306e-05 0.0001055 0.000386785 5.84768e-05 0.00977181 0.00263833
27.38 -1.43819e-05 0.000103683 0.000384714 6.20879e-05 0.00972002 0.00259288
27.4 -1.37869e-05 9.8137e-05 0.00037438 6.16499e-05 0.00946156 0.00245416
27.42 -1.27802e-05 8.85268e-05 0.00035714 5.73757e-05 0.00903036 0.00221381
27.44 -1.13954e-05 7.48213e-05 0.00033377 5.01712e-05 0.00844589 0.00187103
27.46 -9.66665e-06 5.75251e-05 0.000304238 4.14927e-05 0.00770728 0.00143844
27.48 -7.64458e-06 3.78672e-05 0.000268182 3.2991e-05 0.00680551 0.000946789
27.5 -5.40819e-06 1.74705e-05 0.000225314 2.60545e-05 0.00573335 0.000436659
27.52 -3.05719e-06 -2.07386e-06 0.000175733 2.14604e-05 0.0044933 -5.21524e-05
27.54 -6.91947e-07 -1.94144e-05 0.000120334 1.92187e-05 0.00310776 -0.000485848
27.56 1.60199e-06 -3.36574e-05 6.10706e-05 1.86212e-05 0.00162556 -0.00084207
27.58 3.7549e-06 -4.45984e-05 8.7533e-07 1.85126e-05 0.000120046 -0.00111571
27.6 5.70718e-06 -5.27184e-05 -5.67584e-05 1.769e-05 -0.0013214 -0.00131879
27.62 7.40811e-06 -5.88634e-05 -0.000108371 1.52565e-05 -0.00261226 -0.00147248
27.64 8.81862e-06 -6.38101e-05 -0.000151076 1.08368e-05 -0.00368033 -0.0015962
27.66 9.91066e-06 -6.79632e-05 -0.00018293 4.6661e-06 -0.004477 -0.00170007
27.68 1.06617e-05 -7.13544e-05 -0.00020319 -2.4415e-06 -0.00498371 -0.00178489
27.7 1.10499e-05 -7.36396e-05 -0.000212311 -9.26374e-06 -0.00521182 -0.00184204
27.72 1.10556e-05 -7.40542e-05 -0.000211575 -1.44698e-05 -0.00519342 -0.00185241
27.74 1.0668e-05 -7.17101e-05 -0.0002026 -1.69682e-05 -0.00496896 -0.00179378
27.76 9.89195e-06 -6.59937e-05 -0.000186902 -1.61911e-05 -0.00457634 -0.00165081
27.78 8.74907e-06 -5.66552e-05 -0.000165502 -1.22542e-05 -0.00404113 -0.00141725
27.8 7.27303e-06 -4.37526e-05 -0.000138692 -5.95671e-06 -0.00337059 -0.00109456
27.82 5.5052e-06 -2.7762e-05 -0.000106157 1.43062e-06 -0.00255687 -0.000694624
27.84 3.49748e-06 -9.69727e-06 -6.74193e-05 8.55406e-06 -0.00158803 -0.000242817
27.86 1.32039e-06 9.0283e-06 -2.23503e-05 1.43736e-05 -0.000460838 0.000225517
27.88 -9.34807e-07 2.699e-05 2.84325e-05 1.84047e-05 0.000809263 0.000674748
27.9 -3.16803e-06 4.31137e-05 8.33408e-05 2.07587e-05 0.00218254 0.00107801
27.92 -5.28924e-06 5.67427e-05 0.000139819 2.2022e-05 0.0035951 0.00141887
27.94 -7.22959e-06 6.76085e-05 0.000194652 2.30267e-05 0.00496647 0.00169063
27.96 -8.93847e-06 7.58362e-05 0.000244488 2.45653e-05 0.00621289 0.00189641
27.98 -1.0374e-05 8.17945e-05 0.00028641 2.71269e-05 0.00726138 0.00204543
28 -1.14988e-05 8.58696e-05 0.000318395 3.07401e-05 0.00806135 0.00214735
28.02 -1.22831e-05 8.83226e-05 0.000339578 3.49494e-05 0.00859115 0.0022087
28.04 -1.271e-05 8.91969e-05 0.000350233 3.89261e-05 0.00885763 0.00223057
28.06 -1.27754e-05 8.83023e-05 0.000351476 4.17078e-05 0.0088887 0.00220819
28.08 -1.24835e-05 8.53256e-05 0.000344802 4.25093e-05 0.00872179 0.00213374
28.1 -1.18428e-05 7.99834e-05 0.000331611 4.09901e-05 0.00839188 0.00200013
28.12 -1.08676e-05 7.21286e-05 0.000312845 3.73827e-05 0.00792255 0.00180368
28.14 -9.58247e-06 6.18068e-05 0.000288839 3.24433e-05 0.00732215 0.00154553
28.16 -8.02544e-06 4.93047e-05 0.000259423 2.72338e-05 0.00658642 0.00123285
28.18 -6.24776e-06 3.51851e-05 0.000224255 2.27997e-05 0.00570685 0.000879709
28.2 -4.31146e-06 2.02412e-05 0.000183254 1.9854e-05 0.00468142 0.000505957
28.22 -2.2869e-06 5.34375e-06 0.000136971 1.85769e-05 0.00352386 0.000133365
28.24 -2.49502e-07 -8.73317e-06 8.67974e-05 1.85876e-05 0.00226899 -0.000218704
28.26 1.72502e-06 -2.14126e-05 3.49736e-05 1.90804e-05 0.000972858 -0.000535822
28.28 3.56617e-06 -3.23492e-05 -1.565e-05 1.90809e-05 -0.000293258 -0.00080935
28.3 5.2127e-06 -4.14197e-05 -6.20568e-05 1.77521e-05 -0.00145391 -0.00103621
28.32 6.61389e-06 -4.86533e-05 -0.000101573 1.46687e-05 -0.00244224 -0.00121712
28.34 7.72894e-06 -5.41219e-05 -0.000132286 9.97341e-06 -0.00321039 -0.00135389
28.36 8.52622e-06 -5.78407e-05 -0.000153292 4.36801e-06 -0.00373574 -0.00144691
28.38 8.98334e-06 -5.97474e-05 -0.000164564 -1.06225e-06 -0.00401765 -0.00149459
28.4 9.08771e-06 -5.97222e-05 -0.000166559 -5.14181e-06 -0.00406756 -0.00149396
28.42 8.8369e-06 -5.75463e-05 -0.000160166 -6.93724e-06 -0.00390767 -0.00143954
28.44 8.23835e-06 -5.29417e-05 -0.00014662 -6.03278e-06 -0.00356887 -0.00132438
28.46 7.30957e-06 -4.57651e-05 -0.000126965 -2.64984e-06 -0.0030773 -0.00114489
28.48 6.07943e-06 -3.61348e-05 -0.000101746 2.42727e-06 -0.00244656 -0.000904032
28.5 4.58953e-06 -2.44437e-05 -7.11463e-05 8.0699e-06 -0.00168125 -0.000611632
28.52 2.89367e-06 -1.1367e-05 -3.51304e-05 1.30972e-05 -0.000780472 -0.000284578
28.54 1.05493e-06 2.19917e-06 6.31465e-06 1.65825e-05 0.000256086 5.47181e-05
28.56 -8.58103e-07 1.5317e-05 5.26706e-05 1.80952e-05 0.00141547 0.000382801
28.58 -2.77485e-06 2.7173e-05 0.000102651 1.78071e-05 0.0026655 0.000679323
28.6 -4.62586e-06 3.72006e-05 0.000154253 1.64335e-05 0.00395609 0.000930117
28.62 -6.34417e-06 4.51674e-05 0.000205085 1.50185e-05 0.0052274 0.00112937
28.64 -7.86471e-06 5.12307e-05 0.000251055 1.46096e-05 0.00637716 0.00128102
