0.02 1.82435e-10 1.09475e-11 -1.5926e-08 -2.77244e-11 -3.98315e-07 2.73803e-10
0.04 1.37862e-09 -1.19948e-09 4.83945e-08 -3.08424e-10 1.21037e-06 -2.99995e-08
0.06 5.19957e-09 -2.10956e-08 3.35604e-07 -8.21003e-10 8.39361e-06 -5.27609e-07
0.08 1.40506e-08 -9.62366e-08 7.27593e-07 -1.24195e-09 1.81974e-05 -2.40692e-06
0.1 3.22715e-08 -3.27956e-07 1.07768e-06 -3.98413e-10 2.69532e-05 -8.20231e-06
0.12 6.68073e-08 -9.00177e-07 1.42461e-06 9.4268e-09 3.56301e-05 -2.25138e-05
0.14 1.25155e-07 -1.88049e-06 1.76991e-06 3.78421e-08 4.42661e-05 -4.70317e-05
0.16 2.1237e-07 -3.16794e-06 2.08389e-06 7.61063e-08 5.21191e-05 -7.92314e-05
0.18 3.29271e-07 -4.63269e-06 2.40114e-06 9.96326e-08 6.00534e-05 -0.000115865
0.2 4.72706e-07 -6.13483e-06 2.74496e-06 9.42547e-08 6.86526e-05 -0.000153435
0.22 6.38169e-07 -7.66547e-06 3.11228e-06 7.47323e-08 7.78394e-05 -0.000191716
0.24 8.21432e-07 -9.38637e-06 3.52336e-06 9.74965e-08 8.81208e-05 -0.000234757
0.26 1.01644e-06 -1.1303e-05 3.99813e-06 2.42063e-07 9.99949e-05 -0.000282693
0.28 1.21362e-06 -1.3226e-05 4.518e-06 5.48951e-07 0.000112997 -0.000330788
0.3 1.40295e-06 -1.51517e-05 5.0141e-06 9.98174e-07 0.000125405 -0.000378951
0.32 1.57877e-06 -1.72559e-05 5.37391e-06 1.5496e-06 0.000134404 -0.000431577
0.34 1.74044e-06 -1.94981e-05 5.48975e-06 2.14981e-06 0.000137301 -0.000487657
0.36 1.88972e-06 -2.16654e-05 5.34161e-06 2.71044e-06 0.000133596 -0.000541862
0.38 2.02861e-06 -2.37348e-05 5.0074e-06 3.14401e-06 0.000125237 -0.000593618
0.4 2.15867e-06 -2.58103e-05 4.59762e-06 3.41058e-06 0.000114989 -0.000645526
0.42 2.2793e-06 -2.77138e-05 4.24969e-06 3.49573e-06 0.000106286 -0.000693134
0.44 2.3846e-06 -2.898e-05 4.0801e-06 3.3886e-06 0.000102045 -0.000724802
0.46 2.46318e-06 -2.93588e-05 3.95022e-06 3.12831e-06 9.87967e-05 -0.000734276
0.48 2.50438e-06 -2.91684e-05 3.44928e-06 2.84059e-06 8.62679e-05 -0.000729515
0.5 2.50658e-06 -2.90479e-05 2.41526e-06 2.68828e-06 6.04067e-05 -0.000726501
0.52 2.47847e-06 -2.93687e-05 1.21741e-06 2.77678e-06 3.04478e-05 -0.000734523
0.54 2.42936e-06 -2.99404e-05 3.28951e-07 3.09268e-06 8.22721e-06 -0.000748823
0.56 2.35609e-06 -2.99303e-05 7.57605e-10 3.49753e-06 1.8948e-08 -0.00074857
0.58 2.24205e-06 -2.83666e-05 2.59198e-07 3.77676e-06 6.48266e-06 -0.000709461
0.6 2.07269e-06 -2.5237e-05 8.59554e-07 3.77865e-06 2.14978e-05 -0.000631189
0.62 1.84911e-06 -2.14507e-05 1.4762e-06 3.55006e-06 3.69203e-05 -0.00053649
0.64 1.58259e-06 -1.75451e-05 2.11748e-06 3.25206e-06 5.2959e-05 -0.00043881
0.66 1.27949e-06 -1.32775e-05 3.17274e-06 2.92598e-06 7.93515e-05 -0.000332077
0.68 9.38107e-07 -8.56929e-06 5.01036e-06 2.44384e-06 0.000125311 -0.000214321
0.7 5.59407e-07 -3.67653e-06 7.60551e-06 1.66347e-06 0.000190217 -9.19516e-05
0.72 1.56167e-07 1.52268e-06 1.05155e-05 5.19214e-07 0.000262996 3.80829e-05
0.74 -2.49911e-07 7.33859e-06 1.32078e-05 -9.59854e-07 0.000330334 0.000183541
0.76 -6.37419e-07 1.34997e-05 1.54457e-05 -2.5959e-06 0.000386303 0.000337633
0.78 -9.9032e-07 1.91296e-05 1.74602e-05 -4.10714e-06 0.000436688 0.000478439
0.8 -1.29875e-06 2.38066e-05 1.98133e-05 -5.31131e-06 0.000495539 0.000595413
0.82 -1.55876e-06 2.80275e-05 2.28449e-05 -6.24036e-06 0.000571361 0.00070098
0.84 -1.76873e-06 3.20695e-05 2.60157e-05 -6.98212e-06 0.000650663 0.000802072
0.86 -1.92258e-06 3.51898e-05 2.82149e-05 -7.45007e-06 0.000705666 0.000880111
0.88 -2.00656e-06 3.63888e-05 2.89241e-05 -7.40113e-06 0.000723403 0.0009101
0.9 -2.00573e-06 3.55211e-05 2.86056e-05 -6.68523e-06 0.000715439 0.000888397
0.92 -1.91534e-06 3.33273e-05 2.81489e-05 -5.4329e-06 0.000704015 0.000833531
0.94 -1.74589e-06 3.08116e-05 2.8188e-05 -4.01505e-06 0.000704994 0.000770611
0.96 -1.51696e-06 2.85355e-05 2.87521e-05 -2.82546e-06 0.000719101 0.000713686
0.98 -1.24952e-06 2.63773e-05 2.90223e-05 -2.01308e-06 0.000725861 0.000659707
1 -9.81864e-07 2.40292e-05 2.849e-05 -1.36189e-06 0.000712546 0.00060098
1.02 -7.89682e-07 2.25417e-05 2.16517e-05 -5.67274e-07 0.000541518 0.000563779
1.04 -7.34894e-07 2.21374e-05 7.75467e-06 3.67016e-07 0.000193948 0.000553665
1.06 -8.07086e-07 2.01196e-05 7.93878e-07 1.27314e-06 1.98552e-05 0.0005032
1.08 -9.57793e-07 1.66594e-05 1.42247e-06 1.97735e-06 3.55764e-05 0.00041666
1.1 -1.13514e-06 1.4236e-05 -8.36567e-07 2.08827e-06 -2.09229e-05 0.00035605
1.12 -1.29373e-06 1.22328e-05 -2.63083e-06 1.51816e-06 -6.5798e-05 0.000305948
1.14 -1.4303e-06 1.06115e-05 -5.75777e-06 9.97446e-07 -0.000144004 0.000265399
1.16 -1.55767e-06 1.00562e-05 -1.6376e-05 1.18058e-06 -0.000409572 0.000251509
1.18 -1.64753e-06 8.70764e-06 -2.34299e-05 1.93514e-06 -0.000585991 0.000217782
1.2 -1.66447e-06 7.22413e-06 -2.26192e-05 2.58898e-06 -0.000565716 0.000180679
1.22 -1.60783e-06 7.95528e-06 -2.33367e-05 2.13203e-06 -0.000583661 0.000198965
1.24 -1.49127e-06 8.83801e-06 -2.45283e-05 7.38714e-08 -0.000613464 0.000221042
1.26 -1.33173e-06 7.60037e-06 -2.17098e-05 -2.5752e-06 -0.000542972 0.000190089
1.28 -1.15486e-06 6.01153e-06 -1.76439e-05 -4.30659e-06 -0.000441282 0.000150351
1.3 -9.79317e-07 5.98975e-06 -1.34651e-05 -4.73691e-06 -0.000336768 0.000149806
1.32 -7.9786e-07 7.11285e-06 -6.84255e-06 -4.51045e-06 -0.000171135 0.000177895
1.34 -5.8593e-07 8.2243e-06 1.62387e-06 -4.40334e-06 4.06137e-05 0.000205693
1.36 -3.59656e-07 8.72437e-06 9.82541e-06 -4.76592e-06 0.000245738 0.0002182
1.38 -2.2969e-07 1.11189e-05 9.60827e-06 -5.28782e-06 0.000240307 0.000278087
1.4 -3.14003e-07 1.70544e-05 2.17668e-08 -5.42944e-06 5.44398e-07 0.000426537
1.42 -6.06667e-07 2.16496e-05 9.60056e-07 -4.9725e-06 2.40114e-05 0.000541466
1.44 -1.00773e-06 2.30813e-05 1.46287e-05 -4.28129e-06 0.000365869 0.000577272
1.46 -1.40753e-06 2.52697e-05 2.36068e-05 -4.38739e-06 0.000590416 0.000632005
1.48 -1.72066e-06 2.81338e-05 2.72338e-05 -5.76417e-06 0.000681129 0.000703637
1.5 -1.93347e-06 2.98536e-05 2.98733e-05 -7.00445e-06 0.000747143 0.000746651
1.52 -2.10792e-06 3.22817e-05 2.77151e-05 -6.28114e-06 0.000693166 0.000807378
1.54 -2.28608e-06 3.64875e-05 2.28485e-05 -3.62452e-06 0.00057145 0.000912568
1.56 -2.41825e-06 3.98432e-05 2.16678e-05 -6.34252e-07 0.000541921 0.000996495
1.58 -2.41878e-06 3.98835e-05 2.27401e-05 1.1549e-06 0.00056874 0.000997503
1.6 -2.2766e-06 3.70871e-05 2.08193e-05 1.20632e-06 0.0005207 0.000927564
1.62 -2.08261e-06 3.34036e-05 1.56532e-05 3.09769e-07 0.000391494 0.000835437
1.64 -1.94775e-06 3.00208e-05 1.11187e-05 2.24288e-08 0.000278084 0.000750833
1.66 -1.9039e-06 2.75283e-05 9.40085e-06 1.05568e-06 0.000235119 0.000688495
1.68 -1.87206e-06 2.5931e-05 9.3033e-06 2.43249e-06 0.000232679 0.000648544
1.7 -1.71398e-06 2.31703e-05 8.53683e-06 2.75296e-06 0.00021351 0.0005795
1.72 -1.3397e-06 1.6039e-05 5.64436e-06 1.99477e-06 0.000141168 0.000401143
1.74 -8.00753e-07 5.31486e-06 -2.72083e-07 1.51347e-06 -6.80492e-06 0.000132927
1.76 -2.6311e-07 -3.6548e-06 -9.07852e-06 2.30528e-06 -0.000227058 -9.14081e-05
1.78 1.47484e-07 -8.58445e-06 -1.73322e-05 3.81107e-06 -0.000433485 -0.000214701
1.8 4.66488e-07 -1.27091e-05 -2.0268e-05 4.53467e-06 -0.000506911 -0.000317859
1.82 8.41282e-07 -1.89015e-05 -1.80113e-05 3.38418e-06 -0.000450469 -0.000472735
1.84 1.37399e-06 -2.68392e-05 -1.6102e-05 5.58243e-07 -0.000402718 -0.000671259
1.86 2.02078e-06 -3.55154e-05 -1.79461e-05 -2.34331e-06 -0.00044884 -0.000888256
1.88 2.62702e-06 -4.35488e-05 -2.22761e-05 -3.43807e-06 -0.000557136 -0.00108917
1.9 3.05532e-06 -4.83405e-05 -2.75874e-05 -2.37925e-06 -0.000689972 -0.00120902
1.92 3.29425e-06 -4.92587e-05 -3.26064e-05 -6.63257e-07 -0.0008155 -0.00123198
1.94 3.44294e-06 -4.92252e-05 -3.53545e-05 1.96251e-07 -0.000884232 -0.00123114
1.96 3.58382e-06 -5.13069e-05 -3.605e-05 2.41462e-07 -0.000901624 -0.00128321
1.98 3.67335e-06 -5.50667e-05 -3.72321e-05 6.98756e-07 -0.000931191 -0.00137724
2 3.56479e-06 -5.68492e-05 -3.94467e-05 2.57136e-06 -0.000986578 -0.00142182
2.02 3.14031e-06 -5.34388e-05 -4.0701e-05 5.63614e-06 -0.00101795 -0.00133653
2.04 2.41854e-06 -4.43375e-05 -3.93828e-05 8.4883e-06 -0.00098498 -0.0011089
2.06 1.53963e-06 -3.13945e-05 -3.56434e-05 9.6088e-06 -0.000891455 -0.000785189
2.08 6.56708e-07 -1.79755e-05 -3.0645e-05 8.67135e-06 -0.000766444 -0.000449574
2.1 -1.66703e-07 -6.85662e-06 -2.48519e-05 6.81802e-06 -0.000621557 -0.000171487
2.12 -9.71466e-07 2.80268e-06 -1.76717e-05 5.4188e-06 -0.000441978 7.00962e-05
2.14 -1.81781e-06 1.40449e-05 -8.72972e-06 4.59218e-06 -0.000218334 0.000351268
2.16 -2.68107e-06 2.75439e-05 1.31782e-06 3.20893e-06 3.29593e-05 0.000688885
2.18 -3.43967e-06 4.11667e-05 1.18963e-05 2.12331e-07 0.000297531 0.0010296
2.2 -3.96907e-06 5.30994e-05 2.2275e-05 -4.36069e-06 0.000557108 0.00132804
2.22 -4.23488e-06 6.2281e-05 3.12847e-05 -9.37004e-06 0.000782444 0.00155767
2.24 -4.3005e-06 6.78437e-05 3.9886e-05 -1.32434e-05 0.000997565 0.0016968
2.26 -4.26793e-06 7.14311e-05 4.94618e-05 -1.50939e-05 0.00123706 0.00178652
2.28 -4.20241e-06 7.58512e-05 5.81866e-05 -1.54285e-05 0.00145527 0.00189707
2.3 -4.09332e-06 8.03609e-05 6.41287e-05 -1.52584e-05 0.00160389 0.00200986
2.32 -3.89041e-06 8.15546e-05 6.78871e-05 -1.4635e-05 0.00169788 0.00203971
2.34 -3.58043e-06 7.77683e-05 6.87421e-05 -1.27291e-05 0.00171927 0.00194502
2.36 -3.21831e-06 7.01e-05 6.45575e-05 -9.0936e-06 0.00161461 0.00175323
2.38 -2.88474e-06 6.10696e-05 5.72436e-05 -4.36953e-06 0.00143169 0.00152738
2.4 -2.62272e-06 5.32675e-05 5.05235e-05 -9.18512e-08 0.00126361 0.00133224
2.42 -2.41205e-06 4.74413e-05 4.38213e-05 2.13392e-06 0.00109599 0.00118653
2.44 -2.19845e-06 4.22344e-05 3.51629e-05 1.82127e-06 0.000879438 0.0010563
2.46 -1.94539e-06 3.60813e-05 2.47069e-05 3.56819e-08 0.00061793 0.000902409
2.48 -1.65629e-06 2.75413e-05 1.24565e-05 -1.53779e-06 0.000311542 0.00068882
2.5 -1.35783e-06 1.63817e-05 -9.93523e-07 -1.84495e-06 -2.48484e-05 0.000409714
2.52 -1.0694e-06 5.49824e-06 -1.30989e-05 -1.06128e-06 -0.000327609 0.000137513
2.54 -7.81151e-07 -2.8246e-06 -2.30733e-05 -1.93455e-07 -0.000577073 -7.06443e-05
2.56 -4.65156e-07 -9.6125e-06 -3.34455e-05 1.68082e-07 -0.000836486 -0.000240413
2.58 -1.09775e-07 -1.6231e-05 -4.49089e-05 5.421e-07 -0.00112319 -0.000405944
2.6 2.57411e-07 -2.27005e-05 -5.38794e-05 1.82209e-06 -0.00134755 -0.00056775
2.62 5.70647e-07 -2.83104e-05 -5.84178e-05 4.24913e-06 -0.00146105 -0.000708054
2.64 7.4923e-07 -3.14909e-05 -6.03375e-05 7.12092e-06 -0.00150906 -0.0007876
2.66 7.42069e-07 -3.01297e-05 -6.05773e-05 9.11407e-06 -0.00151506 -0.000753556
2.68 5.70431e-07 -2.5523e-05 -5.81237e-05 9.21076e-06 -0.0014537 -0.00063834
2.7 3.17516e-07 -2.18801e-05 -5.28253e-05 7.69688e-06 -0.00132118 -0.000547231
2.72 6.81012e-08 -2.04422e-05 -4.562e-05 5.71742e-06 -0.00114098 -0.000511268
2.74 -1.41094e-07 -1.87285e-05 -3.60003e-05 3.76136e-06 -0.000900383 -0.000468407
2.76 -3.19317e-07 -1.38761e-05 -2.37071e-05 1.22387e-06 -0.000592924 -0.000347046
2.78 -4.68806e-07 -5.94032e-06 -1.08455e-05 -2.62788e-06 -0.000271251 -0.00014857
2.8 -5.45276e-07 2.79833e-06 2.20467e-06 -7.68821e-06 5.51396e-05 6.99875e-05
2.82 -4.92636e-07 1.15745e-05 1.8286e-05 -1.29104e-05 0.00045734 0.000289484
2.84 -3.07628e-07 2.04252e-05 3.83203e-05 -1.68889e-05 0.000958406 0.000510842
2.86 -4.51612e-08 2.76847e-05 5.92163e-05 -1.85662e-05 0.00148102 0.000692406
2.88 2.45891e-07 3.12726e-05 7.79851e-05 -1.77329e-05 0.00195044 0.000782141
2.9 5.76294e-07 3.07904e-05 9.29716e-05 -1.50309e-05 0.00232526 0.000770081
2.92 9.99104e-07 2.70664e-05 0.00010182 -1.13356e-05 0.00254655 0.000676941
2.94 1.55129e-06 2.09687e-05 0.000104715 -7.17223e-06 0.00261898 0.000524436
2.96 2.21697e-06 1.36902e-05 0.000106784 -2.88873e-06 0.00267072 0.000342397
2.98 2.93702e-06 6.65471e-06 0.000111607 9.17266e-07 0.00279134 0.000166437
3 3.64801e-06 5.23197e-07 0.0001162 3.63114e-06 0.00290622 1.30854e-05
3.02 4.31701e-06 -5.68756e-06 0.000115282 5.28128e-06 0.00288325 -0.000142248
3.04 4.93863e-06 -1.43471e-05 0.000106507 6.75479e-06 0.00266378 -0.000358828
3.06 5.49504e-06 -2.65098e-05 9.11107e-05 9.20858e-06 0.00227872 -0.000663021
3.08 5.93413e-06 -4.01896e-05 7.25954e-05 1.30299e-05 0.00181564 -0.00100516
3.1 6.20984e-06 -5.24907e-05 5.49466e-05 1.72893e-05 0.00137424 -0.00131281
3.12 6.34458e-06 -6.31565e-05 3.96275e-05 2.04424e-05 0.000991101 -0.00157957
3.14 6.42148e-06 -7.40537e-05 2.36944e-05 2.17046e-05 0.000592606 -0.00185211
3.16 6.4926e-06 -8.45238e-05 3.13875e-06 2.15533e-05 7.85015e-05 -0.00211397
3.18 6.51432e-06 -9.18133e-05 -2.15134e-05 2.09386e-05 -0.000538058 -0.00229629
3.2 6.39267e-06 -9.59021e-05 -4.51562e-05 2.03964e-05 -0.00112938 -0.00239855
3.22 6.07977e-06 -9.90625e-05 -6.4674e-05 1.97507e-05 -0.00161752 -0.0024776
3.24 5.61045e-06 -0.000101397 -8.12117e-05 1.82061e-05 -0.00203114 -0.00253599
3.26 5.04887e-06 -0.000100769 -9.55043e-05 1.50403e-05 -0.0023886 -0.00252029
3.28 4.41267e-06 -9.72637e-05 -0.000107674 1.07046e-05 -0.00269297 -0.0024326
3.3 3.65545e-06 -9.26266e-05 -0.000119167 6.80871e-06 -0.00298041 -0.00231663
3.32 2.73393e-06 -8.64119e-05 -0.000129648 4.43668e-06 -0.00324255 -0.0021612
3.34 1.69101e-06 -7.76403e-05 -0.000135735 2.96799e-06 -0.0033948 -0.00194182
3.36 6.43747e-07 -6.6514e-05 -0.000134387 9.72207e-07 -0.00336107 -0.00166354
3.38 -3.22729e-07 -5.21197e-05 -0.000125662 -2.40207e-06 -0.00314286 -0.00130354
3.4 -1.22606e-06 -3.33495e-05 -0.00011213 -6.99741e-06 -0.00280443 -0.000834086
3.42 -2.14481e-06 -1.207e-05 -9.6507e-05 -1.17044e-05 -0.00241368 -0.000301876
3.44 -3.12641e-06 8.92221e-06 -7.99037e-05 -1.50835e-05 -0.00199842 0.000223148
3.46 -4.13928e-06 2.91581e-05 -6.15478e-05 -1.6719e-05 -0.00153934 0.000729255
3.48 -5.09611e-06 4.88206e-05 -4.02805e-05 -1.76397e-05 -0.00100743 0.00122102
3.5 -5.91425e-06 6.70135e-05 -1.54799e-05 -1.89962e-05 -0.000387158 0.00167604
3.52 -6.56198e-06 8.36008e-05 1.23484e-05 -2.08924e-05 0.000308838 0.00209089
3.54 -7.05828e-06 9.98736e-05 4.06342e-05 -2.26165e-05 0.00101628 0.00249788
3.56 -7.43171e-06 0.000116295 6.60287e-05 -2.33118e-05 0.00165141 0.00290858
3.58 -7.67363e-06 0.000130643 8.63742e-05 -2.23993e-05 0.00216026 0.00326745
3.6 -7.73251e-06 0.000139607 0.000101884 -1.9894e-05 0.00254816 0.00349163
3.62 -7.56756e-06 0.000142781 0.000115304 -1.64117e-05 0.0028838 0.003571
3.64 -7.21277e-06 0.00014326 0.000129091 -1.26912e-05 0.00322863 0.003583
3.66 -6.77414e-06 0.000143919 0.000142063 -9.06889e-06 0.00355305 0.00359947
3.68 -6.3447e-06 0.000144092 0.000150728 -5.36358e-06 0.00376977 0.0036038
3.7 -5.9242e-06 0.000140508 0.000153698 -1.17026e-06 0.00384404 0.00351417
3.72 -5.43351e-06 0.000131203 0.000151126 3.61831e-06 0.00377973 0.00328144
3.74 -4.79706e-06 0.000116493 0.00014211 8.425e-06 0.00355423 0.00291353
3.76 -4.00066e-06 9.77611e-05 0.000127561 1.2167e-05 0.00319036 0.00244505
3.78 -3.08463e-06 7.72891e-05 0.000111057 1.38198e-05 0.00277759 0.00193303
3.8 -2.10257e-06 5.76797e-05 9.40876e-05 1.28928e-05 0.00235317 0.00144259
3.82 -1.0836e-06 3.99468e-05 7.44917e-05 9.72209e-06 0.00186307 0.000999086
3.84 -1.74786e-08 2.1741e-05 5.10941e-05 5.52151e-06 0.00127788 0.000543751
3.86 1.11755e-06 -3.30902e-07 2.60031e-05 1.9175e-06 0.000650348 -8.27601e-06
3.88 2.29673e-06 -2.6095e-05 6.31265e-07 3.6986e-08 1.57882e-05 -0.000652647
3.9 3.42163e-06 -5.13369e-05 -2.53741e-05 -7.62907e-08 -0.000634618 -0.00128396
3.92 4.35813e-06 -7.17356e-05 -5.13418e-05 8.88273e-07 -0.00128408 -0.00179414
3.94 4.99839e-06 -8.58469e-05 -7.5893e-05 2.31257e-06 -0.00189812 -0.00214707
3.96 5.29327e-06 -9.42505e-05 -9.81989e-05 3.98447e-06 -0.002456 -0.00235724
3.98 5.24913e-06 -9.87591e-05 -0.000117068 5.85681e-06 -0.00292793 -0.00247001
4 4.89787e-06 -0.000101167 -0.000129874 7.74111e-06 -0.00324819 -0.00253023
4.02 4.2642e-06 -0.000100338 -0.000134161 9.02634e-06 -0.00335542 -0.0025095
4.04 3.37898e-06 -9.40657e-05 -0.00013024 8.6645e-06 -0.00325735 -0.00235262
4.06 2.33144e-06 -8.31191e-05 -0.000120025 5.92666e-06 -0.00300187 -0.00207884
4.08 1.27968e-06 -6.98285e-05 -0.000104518 1.13738e-06 -0.00261403 -0.00174644
4.1 3.8663e-07 -5.44814e-05 -8.41612e-05 -4.75787e-06 -0.00210491 -0.0013626
4.12 -2.43658e-07 -3.71307e-05 -6.01249e-05 -1.1024e-05 -0.00150375 -0.000928655
4.14 -5.65229e-07 -2.06528e-05 -3.345e-05 -1.71312e-05 -0.0008366 -0.000516536
4.16 -5.62632e-07 -7.21575e-06 -3.7139e-06 -2.25017e-05 -9.28863e-05 -0.000180469
4.18 -2.55659e-07 4.98996e-06 2.9207e-05 -2.66813e-05 0.00073048 0.000124801
4.2 2.78006e-07 1.87486e-05 6.32612e-05 -2.92246e-05 0.00158219 0.000468911
4.22 9.20564e-07 3.29645e-05 9.56111e-05 -2.92373e-05 0.00239127 0.000824457
4.24 1.5638e-06 4.36812e-05 0.000125228 -2.56218e-05 0.00313201 0.00109249
4.26 2.13135e-06 4.99661e-05 0.000152279 -1.80897e-05 0.00380857 0.00124967
4.28 2.57238e-06 5.3342e-05 0.000174368 -7.64382e-06 0.00436102 0.00133411
4.3 2.85352e-06 5.35151e-05 0.000188396 4.10485e-06 0.00471187 0.00133843
4.32 2.94475e-06 5.07672e-05 0.000194751 1.56005e-05 0.00487081 0.00126971
4.34 2.8189e-06 4.83196e-05 0.000194801 2.51965e-05 0.00487205 0.00120849
4.36 2.49837e-06 4.69011e-05 0.00018841 3.13474e-05 0.00471222 0.00117302
4.38 2.10364e-06 4.24676e-05 0.000176392 3.3461e-05 0.00441164 0.00106213
4.4 1.8376e-06 3.19659e-05 0.000160399 3.18842e-05 0.00401164 0.00079948
4.42 1.92098e-06 1.45779e-05 0.000140466 2.72152e-05 0.00351312 0.0003646
4.44 2.51695e-06 -1.01315e-05 0.000116935 2.04909e-05 0.0029246 -0.000253394
4.46 3.67398e-06 -3.96991e-05 9.00344e-05 1.33669e-05 0.0022518 -0.00099289
4.48 5.32909e-06 -7.02198e-05 5.72405e-05 7.30329e-06 0.00143161 -0.00175623
4.5 7.36003e-06 -0.000100766 1.77862e-05 3.27244e-06 0.000444839 -0.0025202
4.52 9.6289e-06 -0.000132793 -2.45239e-05 2.21463e-06 -0.000613353 -0.00332121
4.54 1.19924e-05 -0.000168461 -6.70372e-05 4.79565e-06 -0.00167663 -0.00421328
4.56 1.42819e-05 -0.000208785 -0.000110048 1.08652e-05 -0.00275235 -0.00522179
4.58 1.62818e-05 -0.000250238 -0.000153599 1.94453e-05 -0.00384159 -0.00625856
4.6 1.77617e-05 -0.000286679 -0.000197857 2.88704e-05 -0.00494848 -0.00716995
4.62 1.85603e-05 -0.000314928 -0.000242068 3.72369e-05 -0.00605421 -0.00787649
4.64 1.86281e-05 -0.000333674 -0.000281784 4.31546e-05 -0.00704754 -0.00834533
4.66 1.79823e-05 -0.000340112 -0.000312737 4.58333e-05 -0.00782168 -0.00850634
4.68 1.66337e-05 -0.000332798 -0.000336065 4.48287e-05 -0.00840512 -0.00832341
4.7 1.4549e-05 -0.000313192 -0.000354722 4.03772e-05 -0.00887174 -0.00783307
4.72 1.166e-05 -0.000281091 -0.000368469 3.34081e-05 -0.00921555 -0.0070302
4.74 7.91799e-06 -0.000234399 -0.000375325 2.47316e-05 -0.00938703 -0.00586242
4.76 3.36992e-06 -0.000174556 -0.000373271 1.48154e-05 -0.00933567 -0.00436572
4.78 -1.80459e-06 -0.000106741 -0.000360428 4.25523e-06 -0.00901445 -0.00266964
4.8 -7.331e-06 -3.51104e-05 -0.000336949 -6.37561e-06 -0.00842723 -0.000878126
4.82 -1.29153e-05 3.8271e-05 -0.000305475 -1.68174e-05 -0.00764007 0.000957174
4.84 -1.8303e-05 0.000111429 -0.000267997 -2.65926e-05 -0.00670272 0.00278688
4.86 -2.33188e-05 0.000184125 -0.000224515 -3.48104e-05 -0.00561521 0.00460504
4.88 -2.78932e-05 0.00025975 -0.000175196 -4.11055e-05 -0.00438172 0.00649645
4.9 -3.2053e-05 0.000340799 -0.000121763 -4.60595e-05 -0.00304535 0.00852353
4.92 -3.58675e-05 0.000423753 -6.69875e-05 -5.01854e-05 -0.00167538 0.0105982
4.94 -3.93887e-05 0.000501143 -1.33435e-05 -5.31433e-05 -0.000333726 0.0125338
4.96 -4.26211e-05 0.000567024 3.77606e-05 -5.42984e-05 0.000944409 0.0141815
4.98 -4.55127e-05 0.000618714 8.55818e-05 -5.36174e-05 0.00214044 0.0154743
5 -4.79454e-05 0.000655991 0.000130453 -5.20417e-05 0.00326269 0.0164066
5.02 -4.9727e-05 0.000680868 0.000174035 -5.14183e-05 0.00435268 0.0170288
5.04 -5.05988e-05 0.000695576 0.00021653 -5.37196e-05 0.00541551 0.0173966
5.06 -5.02591e-05 0.000698791 0.000255686 -5.95362e-05 0.00639482 0.0174771
5.08 -4.83996e-05 0.000684555 0.000289834 -6.72207e-05 0.00724887 0.017121
5.1 -4.47622e-05 0.000646115 0.000319008 -7.38221e-05 0.00797853 0.0161596
5.12 -3.91951e-05 0.000580267 0.000342246 -7.69288e-05 0.00855971 0.0145127
5.14 -3.16606e-05 0.000486961 0.00035649 -7.56336e-05 0.00891595 0.0121791
5.16 -2.21899e-05 0.000367033 0.000359472 -7.00911e-05 0.00899055 0.00917964
5.18 -1.08359e-05 0.000221217 0.000351021 -6.05307e-05 0.00877918 0.00553273
5.2 2.30308e-06 5.12022e-05 0.000331778 -4.6665e-05 0.0082979 0.00128059
5.22 1.69736e-05 -0.000137483 0.000302393 -2.79176e-05 0.00756297 -0.00343851
5.24 3.26377e-05 -0.000333136 0.000264138 -4.28774e-06 0.0066062 -0.00833186
5.26 4.84418e-05 -0.000520792 0.000218207 2.31149e-05 0.00545744 -0.0130252
5.28 6.33419e-05 -0.000690441 0.000162206 5.27949e-05 0.00405685 -0.0172682
5.3 7.63086e-05 -0.000839456 9.04718e-05 8.40447e-05 0.00226274 -0.0209952
5.32 8.64914e-05 -0.000968521 7.25215e-07 0.0001168 1.81379e-05 -0.0242233
5.34 9.32902e-05 -0.00107819 -0.000101413 0.000150288 -0.00253638 -0.0269667
5.36 9.63796e-05 -0.00116631 -0.000206296 0.000181966 -0.00515955 -0.029172
5.38 9.57538e-05 -0.0012269 -0.000305572 0.00020748 -0.00764248 -0.0306892
5.4 9.17514e-05 -0.00125181 -0.000393692 0.000221839 -0.00984641 -0.0313132
5.42 8.49747e-05 -0.00123518 -0.000467507 0.000221664 -0.0116925 -0.0308974
5.44 7.61983e-05 -0.00117675 -0.000524315 0.000207062 -0.0131133 -0.0294359
5.46 6.6246e-05 -0.00108029 -0.00056167 0.000181372 -0.0140476 -0.0270233
5.48 5.56946e-05 -0.000950108 -0.000577259 0.000149036 -0.0144375 -0.0237675
5.5 4.47443e-05 -0.000791511 -0.000568194 0.000113714 -0.0142108 -0.019801
5.52 3.33199e-05 -0.000613524 -0.000533291 7.79571e-05 -0.0133378 -0.0153494
5.54 2.13185e-05 -0.000428477 -0.000473135 4.36891e-05 -0.0118333 -0.0107213
5.56 8.92007e-06 -0.000248161 -0.000388341 1.23236e-05 -0.00971258 -0.00621155
5.58 -3.33331e-06 -8.08247e-05 -0.000282031 -1.56864e-05 -0.00705372 -0.00202641
5.6 -1.47215e-05 7.08682e-05 -0.000164957 -4.12856e-05 -0.00412564 0.0017675
5.62 -2.46283e-05 0.000211863 -5.03368e-05 -6.67855e-05 -0.00125894 0.00529384
5.64 -3.26859e-05 0.000349577 5.75666e-05 -9.47862e-05 0.00143976 0.00873813
5.66 -3.87658e-05 0.000485281 0.000157847 -0.000125931 0.00394783 0.0121322
5.68 -4.29233e-05 0.00061156 0.00024509 -0.00015723 0.0061298 0.0152905
5.7 -4.53862e-05 0.000716574 0.000314272 -0.000182726 0.00786006 0.017917
5.72 -4.65856e-05 0.000790519 0.000361 -0.000195917 0.00902875 0.0197666
5.74 -4.71265e-05 0.000828149 0.000377998 -0.000192142 0.00945388 0.0207079
5.76 -4.7617e-05 0.000829409 0.000359249 -0.000170048 0.00898498 0.0207395
5.78 -4.84322e-05 0.000799973 0.000305178 -0.000132058 0.00763263 0.0200033
5.8 -4.9598e-05 0.000750468 0.000221469 -8.37753e-05 0.00553904 0.0187651
5.82 -5.08807e-05 0.000693166 0.000117713 -3.24507e-05 0.00294406 0.017332
5.84 -5.19835e-05 0.000637056 4.54767e-06 1.48817e-05 0.000113739 0.0159286
5.86 -5.26852e-05 0.000586049 -0.000112783 5.29953e-05 -0.00282075 0.0146529
5.88 -5.28385e-05 0.000539274 -0.000231809 7.9389e-05 -0.00579764 0.0134831
5.9 -5.23039e-05 0.000492242 -0.000346448 9.43359e-05 -0.00866481 0.0123068
5.92 -5.09052e-05 0.000438633 -0.000450091 9.98825e-05 -0.011257 0.010966
5.94 -4.83562e-05 0.000368079 -0.000539192 9.8364e-05 -0.0134854 0.00920141
5.96 -4.41573e-05 0.00026612 -0.000607547 9.16546e-05 -0.015195 0.00665136
5.98 -3.76225e-05 0.000124989 -0.00064388 8.10106e-05 -0.0161037 0.00312163
6 -2.81607e-05 -4.57908e-05 -0.00064395 6.67005e-05 -0.0161055 -0.00114965
6.02 -1.5692e-05 -0.000219602 -0.000613761 4.80548e-05 -0.0153504 -0.00549675
6.04 -9.01761e-07 -0.00036256 -0.000555401 2.44683e-05 -0.0138908 -0.00907219
6.06 1.49012e-05 -0.000451262 -0.000462415 -3.34759e-06 -0.0115652 -0.0112906
6.08 3.02808e-05 -0.000491603 -0.000339378 -3.21299e-05 -0.00848799 -0.0122996
6.1 4.42012e-05 -0.000516249 -0.000204701 -5.56007e-05 -0.00511966 -0.012916
6.12 5.62397e-05 -0.000558341 -6.31542e-05 -6.68772e-05 -0.00157951 -0.0139687
6.14 6.64135e-05 -0.000631306 9.828e-05 -6.28515e-05 0.00245802 -0.0157936
6.16 7.48638e-05 -0.000723561 0.000287725 -4.65254e-05 0.00719612 -0.018101
6.18 8.17293e-05 -0.000805081 0.000496174 -2.59152e-05 0.0124095 -0.0201399
6.2 8.72483e-05 -0.000846248 0.000711132 -1.03697e-05 0.0177857 -0.0211695
6.22 9.17382e-05 -0.00083386 0.000921565 -5.3489e-06 0.0230488 -0.0208597
6.24 9.52581e-05 -0.000769674 0.0011123 -9.38096e-06 0.0278201 -0.0192544
6.26 9.72192e-05 -0.000661229 0.0012752 -1.65669e-05 0.0318986 -0.0165421
6.28 9.6258e-05 -0.000518195 0.00141001 -2.17411e-05 0.0352853 -0.0129648
6.3 9.0489e-05 -0.000351558 0.00151607 -2.30453e-05 0.037973 -0.00879711
6.32 7.91223e-05 -0.000172899 0.00159332 -2.07996e-05 0.0399621 -0.00432877
6.34 6.41495e-05 6.38643e-06 0.00163493 -1.47506e-05 0.0410538 0.000155223
6.36 4.7365e-05 0.000176878 0.00162671 -2.57794e-06 0.040848 0.0044193
6.38 2.94506e-05 0.00033418 0.00157234 1.83557e-05 0.0394883 0.00835348
6.4 1.1528e-05 0.000480125 0.00149001 4.71985e-05 0.0374292 0.0120036
6.42 -5.45885e-06 0.000619438 0.00137309 7.76289e-05 0.0345051 0.0154879
6.44 -2.09046e-05 0.000753542 0.0012143 0.000100735 0.0305336 0.0188419
6.46 -3.48758e-05 0.000875749 0.00103091 0.000110969 0.0259469 0.0218985
6.48 -4.73701e-05 0.000970093 0.000840552 0.00010979 0.021186 0.0242584
6.5 -5.85157e-05 0.001015 0.00065161 0.0001044 0.0164605 0.0253818
6.52 -6.8465e-05 0.000996171 0.000468428 0.000103251 0.011879 0.0249109
6.54 -7.67226e-05 0.0009192 0.000284989 0.000111226 0.00729115 0.0229858
6.56 -8.25101e-05 0.000806824 8.6375e-05 0.000127875 0.00232372 0.0201752
6.58 -8.51115e-05 0.000685449 -0.000139511 0.000150147 -0.00332578 0.0171396
6.6 -8.42933e-05 0.000573523 -0.000392984 0.000175581 -0.00966527 0.0143403
6.62 -8.0315e-05 0.000478395 -0.000658372 0.00020112 -0.0163031 0.0119611
6.64 -7.37462e-05 0.000400289 -0.000910048 0.000219738 -0.0226004 0.0100076
6.66 -6.5399e-05 0.000335002 -0.00111896 0.000220847 -0.0278377 0.00837475
6.68 -5.63429e-05 0.000271041 -0.00125708 0.000195582 -0.0313186 0.00677506
6.7 -4.77084e-05 0.000190848 -0.00131351 0.0001427 -0.0327502 0.0047694
6.72 -4.02166e-05 8.15435e-05 -0.00130267 6.99754e-05 -0.0324789 0.00203565
6.74 -3.36471e-05 -5.8351e-05 -0.00124091 -9.33334e-06 -0.0309343 -0.00146317
6.76 -2.71969e-05 -0.000222521 -0.00114401 -8.14181e-05 -0.028511 -0.00556913
6.78 -1.99954e-05 -0.000398745 -0.00104326 -0.000136583 -0.0259911 -0.00997656
6.8 -1.16405e-05 -0.000567853 -0.00096144 -0.000172013 -0.0239448 -0.014206
6.82 -1.93849e-06 -0.00070932 -0.00089937 -0.000190381 -0.0223923 -0.0177442
6.84 9.4158e-06 -0.000808935 -0.000854568 -0.000195674 -0.0212718 -0.0202358
6.86 2.28674e-05 -0.000861083 -0.000822804 -0.00019024 -0.0204774 -0.0215401
6.88 3.74023e-05 -0.000869839 -0.00079262 -0.000175779 -0.0197225 -0.0217591
6.9 5.14203e-05 -0.000850318 -0.000739503 -0.000157208 -0.018394 -0.0212709
6.92 6.40382e-05 -0.000821811 -0.000627922 -0.000142989 -0.0156033 -0.0205579
6.94 7.44708e-05 -0.000796495 -0.000441382 -0.000137795 -0.0109379 -0.0199248
6.96 8.24194e-05 -0.000779013 -0.000196295 -0.000136098 -0.00480815 -0.0194875
6.98 8.7456e-05 -0.000770624 8.10217e-05 -0.000126429 0.00212766 -0.0192777
7 8.89253e-05 -0.000765651 0.000359929 -0.000101061 0.00910326 -0.0191534
7.02 8.64259e-05 -0.000751733 0.000598658 -6.03487e-05 0.015074 -0.0188053
7.04 8.05208e-05 -0.000717837 0.000764337 -1.03116e-05 0.0192181 -0.0179575
7.06 7.24554e-05 -0.000654234 0.000850398 4.11684e-05 0.021371 -0.0163668
7.08 6.32651e-05 -0.000549498 0.000865539 8.63287e-05 0.0217498 -0.0137473
7.1 5.31375e-05 -0.000398175 0.000826674 0.00011811 0.0207778 -0.00996262
7.12 4.18374e-05 -0.000208056 0.000763011 0.000130346 0.0191856 -0.00520767
7.14 2.96463e-05 2.95406e-06 0.000704763 0.000119024 0.0177287 6.97788e-05
7.16 1.76086e-05 0.000212938 0.000667102 8.59607e-05 0.0167868 0.00532157
7.18 6.64232e-06 0.00039821 0.000651129 4.20458e-05 0.0163873 0.0099553
7.2 -3.28654e-06 0.000536241 0.000650722 4.76954e-06 0.0163772 0.0134075
7.22 -1.23597e-05 0.000613783 0.000652755 -9.61957e-06 0.016428 0.0153469
7.24 -2.08974e-05 0.000633312 0.000635755 7.1266e-06 0.0160028 0.0158353
7.26 -2.92869e-05 0.000610448 0.000575364 5.35251e-05 0.0144924 0.0152635
7.28 -3.75069e-05 0.000565861 0.000457575 0.00012001 0.0115465 0.0141483
7.3 -4.54993e-05 0.000520652 0.000286881 0.000191831 0.00727734 0.0130176
7.32 -5.31607e-05 0.000494195 8.1649e-05 0.000252466 0.00214441 0.0123559
7.34 -6.03831e-05 0.000499238 -0.000134281 0.000286617 -0.00325608 0.012482
7.36 -6.68881e-05 0.000538696 -0.000338096 0.000282458 -0.0083536 0.0134689
7.38 -7.22124e-05 0.000605125 -0.000512457 0.000234226 -0.0127144 0.0151303
7.4 -7.57686e-05 0.000679664 -0.000644589 0.00014533 -0.0160191 0.0169946
7.42 -7.69957e-05 0.000735274 -0.000723474 2.93764e-05 -0.0179921 0.0183854
7.44 -7.55434e-05 0.000746336 -0.000742925 -9.32662e-05 -0.0184785 0.0186621
7.46 -7.13355e-05 0.000696644 -0.000708367 -0.000201626 -0.0176142 0.0174193
7.48 -6.4456e-05 0.000580532 -0.000637705 -0.000279184 -0.015847 0.0145153
7.5 -5.50247e-05 0.000403497 -0.00055527 -0.00031633 -0.0137852 0.0100875
7.52 -4.32128e-05 0.000185355 -0.000482985 -0.000311256 -0.0119773 0.00463171
7.54 -2.92971e-05 -4.2471e-05 -0.000430882 -0.000269861 -0.0106742 -0.00106631
7.56 -1.37684e-05 -0.000246932 -0.000395027 -0.000204321 -0.00977746 -0.00617997
7.58 2.65927e-06 -0.000404476 -0.000363928 -0.000130401 -0.00899967 -0.0101202
7.6 1.92659e-05 -0.000507333 -0.000324583 -6.37459e-05 -0.00801564 -0.0126927
7.62 3.53886e-05 -0.000561589 -0.000265953 -1.5581e-05 -0.00654927 -0.0140497
7.64 5.03073e-05 -0.000580986 -0.000181221 1.05147e-05 -0.00443009 -0.0145348
7.66 6.31591e-05 -0.00058167 -6.8359e-05 1.87965e-05 -0.00160736 -0.0145519
7.68 7.30197e-05 -0.000578914 6.99953e-05 1.84032e-05 0.00185294 -0.014483
7.7 7.91386e-05 -0.000583437 0.000225116 1.90133e-05 0.00573257 -0.0145961
7.72 8.11314e-05 -0.000597372 0.000381298 2.72537e-05 0.00963875 -0.0149446
7.74 7.90396e-05 -0.000613165 0.000519148 4.55027e-05 0.0130864 -0.0153396
7.76 7.32749e-05 -0.000615767 0.000620873 7.29429e-05 0.0156306 -0.0154047
7.78 6.45152e-05 -0.0005884 0.000675029 0.000106714 0.0169851 -0.0147202
7.8 5.3601e-05 -0.000519146 0.0006808 0.000142028 0.0171294 -0.0129882
7.82 4.14438e-05 -0.000403057 0.000648861 0.000172407 0.0163306 -0.0100847
7.84 2.88903e-05 -0.00024105 0.000597293 0.00019096 0.0150409 -0.00603285
7.86 1.65297e-05 -3.88247e-05 0.000544308 0.000192433 0.0137157 -0.000975118
7.88 4.56749e-06 0.000189486 0.000499859 0.000175538 0.012604 0.00473503
7.9 -7.10042e-06 0.000416526 0.00046286 0.000144519 0.0116787 0.0104134
7.92 -1.86841e-05 0.000609129 0.000427187 0.000108019 0.0107864 0.0152305
7.94 -3.02702e-05 0.000745314 0.000388379 7.48834e-05 0.00981585 0.0186365
7.96 -4.18635e-05 0.000822484 0.000344817 4.99963e-05 0.00872636 0.0205666
7.98 -5.33792e-05 0.000850106 0.000294788 3.33421e-05 0.0074751 0.0212574
8 -6.44472e-05 0.000841622 0.000232338 2.18415e-05 0.0059132 0.0210452
8.02 -7.43381e-05 0.000813874 0.000147717 1.14621e-05 0.00379679 0.0203513
8.04 -8.20937e-05 0.000784649 3.46217e-05 -1.4484e-06 0.000968237 0.0196203
8.06 -8.68799e-05 0.000765818 -0.000102783 -1.95548e-05 -0.00246832 0.0191494
8.08 -8.82412e-05 0.000759458 -0.000249414 -4.47664e-05 -0.00613562 0.0189903
8.1 -8.60973e-05 0.000759222 -0.000385125 -7.84625e-05 -0.0095298 0.0189844
8.12 -8.06251e-05 0.000751573 -0.000492592 -0.000120193 -0.0122176 0.0187931
8.14 -7.2153e-05 0.000716355 -0.000562382 -0.000165336 -0.0139631 0.0179123
8.16 -6.1111e-05 0.000632466 -0.000591985 -0.000204475 -0.0147035 0.0158142
8.18 -4.801e-05 0.000485974 -0.000583424 -0.000226095 -0.0144893 0.0121503
8.2 -3.33646e-05 0.00027556 -0.000545586 -0.000220994 -0.013543 0.00688781
8.22 -1.76194e-05 1.51544e-05 -0.000495687 -0.000185813 -0.012295 0.000374953
8.24 -1.12565e-06 -0.000268093 -0.000451831 -0.00012428 -0.0111982 -0.00670919
8.26 1.57869e-05 -0.000541421 -0.000424426 -4.5831e-05 -0.0105127 -0.0135452
8.28 3.27091e-05 -0.000776163 -0.000415594 3.75073e-05 -0.0102918 -0.0194163
8.3 4.90799e-05 -0.000954222 -0.000419832 0.000113935 -0.0103978 -0.0238699
8.32 6.42324e-05 -0.00106899 -0.000422662 0.00017335 -0.0104686 -0.0267412
8.34 7.74931e-05 -0.00112331 -0.000404288 0.000208418 -0.0100091 -0.0281007
8.36 8.8245e-05 -0.0011272 -0.000347982 0.00021629 -0.00860084 -0.0281982
8.38 9.59993e-05 -0.0010964 -0.000246468 0.000200291 -0.00606192 -0.0274278
8.4 0.000100507 -0.0010492 -0.000104837 0.000169854 -0.00251969 -0.0262473
8.42 0.000101813 -0.00100042 5.98104e-05 0.000137631 0.00159822 -0.0250274
8.44 0.000100062 -0.000957662 0.000223547 0.000114825 0.00569334 -0.0239579
8.46 9.55458e-05 -0.000919936 0.000363592 0.000107431 0.00919592 -0.0230144
8.48 8.86879e-05 -0.000876718 0.000465013 0.000115046 0.0117325 -0.0219335
8.5 7.9795e-05 -0.000810986 0.000523425 0.00013189 0.0131934 -0.0202895
8.52 6.90121e-05 -0.000707132 0.000543595 0.00014928 0.0136979 -0.0176921
8.54 5.64076e-05 -0.000557571 0.00053651 0.000158554 0.0135207 -0.0139515
8.56 4.21923e-05 -0.000363561 0.00051544 0.000153026 0.0129937 -0.00909921
8.58 2.68164e-05 -0.000133765 0.000490763 0.000128828 0.0123765 -0.00335192
8.6 1.08722e-05 0.000115716 0.000467591 8.5878e-05 0.011797 0.0028877
8.62 -5.08267e-06 0.000362241 0.000447571 2.89383e-05 0.0112963 0.00905338
8.64 -2.05656e-05 0.000580882 0.000429252 -3.28181e-05 0.0108381 0.0145217
8.66 -3.51545e-05 0.0007512 0.000406378 -8.8222e-05 0.010266 0.0187816
8.68 -4.84912e-05 0.000862912 0.000369211 -0.000127384 0.00933646 0.0215758
8.7 -6.0273e-05 0.00091702 0.000308564 -0.000144582 0.00781966 0.0229294
8.72 -7.02504e-05 0.000922523 0.00021896 -0.00013977 0.00557861 0.0230671
8.74 -7.82074e-05 0.000892456 9.95921e-05 -0.00011818 0.00259317 0.0223151
8.76 -8.39593e-05 0.000843015 -4.47763e-05 -8.86003e-05 -0.00101754 0.0210786
8.78 -8.73772e-05 0.000792189 -0.00020171 -6.12678e-05 -0.00494252 0.0198074
8.8 -8.83814e-05 0.000754207 -0.00035212 -4.53132e-05 -0.00870434 0.0188575
8.82 -8.69102e-05 0.000733021 -0.000476958 -4.58198e-05 -0.0118266 0.0183276
8.84 -8.29264e-05 0.000718657 -0.00056395 -6.18053e-05 -0.0140023 0.0179683
8.86 -7.64018e-05 0.000690436 -0.000609233 -8.6329e-05 -0.0151348 0.0172625
8.88 -6.7341e-05 0.000627102 -0.000617223 -0.000108713 -0.0153347 0.0156785
8.9 -5.58928e-05 0.000515328 -0.000598799 -0.000118138 -0.0148739 0.012883
8.92 -4.24356e-05 0.000351534 -0.000564945 -0.000107284 -0.0140272 0.00878643
8.94 -2.75426e-05 0.000141247 -0.000522847 -7.44873e-05 -0.0129743 0.00352708
8.96 -1.18201e-05 -9.94193e-05 -0.000478336 -2.40769e-05 -0.011861 -0.00249209
8.98 4.17117e-06 -0.000343435 -0.000437091 3.45777e-05 -0.0108295 -0.00859504
9 1.98497e-05 -0.000558716 -0.000399933 8.92291e-05 -0.00990015 -0.0139793
9.02 3.45906e-05 -0.000718382 -0.000359217 0.000128113 -0.00888183 -0.0179726
9.04 4.78017e-05 -0.000810385 -0.000300895 0.00014342 -0.00742318 -0.0202737
9.06 5.90711e-05 -0.000840636 -0.000211132 0.000133561 -0.00517816 -0.0210304
9.08 6.82505e-05 -0.000826768 -8.45454e-05 0.000103626 -0.00201218 -0.0206835
9.1 7.53343e-05 -0.000787622 7.17159e-05 6.38853e-05 0.00189598 -0.0197045
9.12 8.02597e-05 -0.000738241 0.00023749 2.67693e-05 0.00604205 -0.0184694
9.14 8.28368e-05 -0.000691547 0.000387191 3.43972e-06 0.00978615 -0.0173016
9.16 8.29075e-05 -0.000657751 0.000505731 7.28316e-07 0.0127509 -0.0164564
9.18 8.05878e-05 -0.000640314 0.000593747 1.89333e-05 0.0149522 -0.0160202
9.2 7.63241e-05 -0.000634207 0.000656745 5.16098e-05 0.0165278 -0.0158675
9.22 7.06633e-05 -0.000626554 0.000697372 8.79973e-05 0.0175439 -0.0156761
9.24 6.39434e-05 -0.000597808 0.000719372 0.000116855 0.0180941 -0.0149572
9.26 5.61688e-05 -0.00052458 0.000728545 0.000129759 0.0183236 -0.0131257
9.28 4.71836e-05 -0.00039103 0.000726138 0.000122912 0.0182633 -0.00978555
9.3 3.70034e-05 -0.000205119 0.00070788 9.77816e-05 0.0178067 -0.00513583
9.32 2.59698e-05 2.51956e-06 0.000673112 6.06637e-05 0.0169372 5.72889e-05
9.34 1.45424e-05 0.000198949 0.00062895 2.05547e-05 0.0158326 0.00497008
9.36 3.02717e-06 0.000362897 0.000580559 -1.37382e-05 0.0146224 0.00907048
9.38 -8.52139e-06 0.000482797 0.000525606 -3.5342e-05 0.013248 0.0120692
9.4 -2.00755e-05 0.000554112 0.000460786 -4.02539e-05 0.0116268 0.0138529
9.42 -3.12932e-05 0.000581253 0.000383449 -2.86931e-05 0.00969256 0.0145317
9.44 -4.14931e-05 0.000576142 0.000288323 -5.61328e-06 0.00731342 0.0144038
9.46 -4.99382e-05 0.000554185 0.000173413 2.08762e-05 0.00443948 0.0138547
9.48 -5.6165e-05 0.000530305 4.60103e-05 4.17669e-05 0.00125308 0.0132574
9.5 -6.00392e-05 0.000514613 -8.24918e-05 4.90358e-05 -0.00196082 0.012865
9.52 -6.15522e-05 0.000509937 -0.000201599 3.77771e-05 -0.00493974 0.012748
9.54 -6.06526e-05 0.000512074 -0.000300672 8.16591e-06 -0.00741758 0.0128015
9.56 -5.73038e-05 0.000511233 -0.000370506 -3.41669e-05 -0.00916417 0.0127804
9.58 -5.16296e-05 0.000491563 -0.000408686 -7.94255e-05 -0.0101191 0.0122885
9.6 -4.39269e-05 0.000434128 -0.0004212 -0.00011591 -0.010432 0.010852
9.62 -3.45532e-05 0.000327769 -0.000417673 -0.000133374 -0.0103438 0.0081919
9.64 -2.38846e-05 0.000177785 -0.00040551 -0.000126693 -0.0100396 0.00444075
9.66 -1.23892e-05 3.29775e-06 -0.000389068 -9.7446e-05 -0.0096284 7.67554e-05
9.68 -6.69711e-07 -0.000173674 -0.000371516 -5.25461e-05 -0.00918943 -0.00434939
9.7 1.06286e-05 -0.000335283 -0.000353653 -1.62535e-06 -0.00874268 -0.00839129
9.72 2.09717e-05 -0.000467724 -0.000331559 4.52911e-05 -0.00819009 -0.0117037
9.74 3.00325e-05 -0.00056059 -0.00029779 7.97763e-05 -0.00734552 -0.0140263
9.76 3.76295e-05 -0.000607809 -0.000244324 9.66126e-05 -0.00600831 -0.0152073
9.78 4.35996e-05 -0.000608853 -0.000165229 9.45149e-05 -0.00403011 -0.0152334
9.8 4.77576e-05 -0.000569613 -6.07864e-05 7.61423e-05 -0.00141795 -0.014252
9.82 4.99715e-05 -0.000502913 5.93668e-05 4.78317e-05 0.00158713 -0.0125838
9.84 5.02596e-05 -0.000426578 0.000179321 1.8568e-05 0.00458724 -0.0106746
9.86 4.87791e-05 -0.00035724 0.000285956 -2.45701e-06 0.00725422 -0.00894044
9.88 4.57087e-05 -0.000303327 0.000374698 -9.02223e-06 0.00947369 -0.00759205
9.9 4.11597e-05 -0.000262046 0.000446744 -1.0154e-07 0.0112756 -0.0065596
9.92 3.52291e-05 -0.000222135 0.000503931 2.01094e-05 0.0127059 -0.00556141
9.94 2.81349e-05 -0.000170235 0.000546859 4.43974e-05 0.0137795 -0.00426338
9.96 2.0269e-05 -9.63882e-05 0.000574823 6.57115e-05 0.0144789 -0.00241643
9.98 1.20977e-05 2.75804e-06 0.000587248 7.94402e-05 0.0147897 6.32566e-05
10 3.99988e-06 0.000123637 0.000587285 8.37645e-05 0.0147906 0.00308649
10.02 -3.82138e-06 0.000258366 0.000581592 7.8615e-05 0.0146482 0.00645612
10.04 -1.12948e-05 0.000395255 0.000574233 6.47729e-05 0.0144641 0.00987977
10.06 -1.83595e-05 0.000518274 0.000562633 4.42141e-05 0.014174 0.0129565
10.08 -2.48669e-05 0.000610085 0.000540276 2.08857e-05 0.0136149 0.0152527
10.1 -3.06118e-05 0.000657816 0.000502067 1.56372e-07 0.0126593 0.0164465
10.12 -3.53982e-05 0.000657675 0.000447024 -1.34171e-05 0.0112826 0.016443
10.14 -3.90391e-05 0.000616083 0.000376934 -1.8552e-05 0.00952962 0.0154028
10.16 -4.1307e-05 0.000548234 0.000295095 -1.81221e-05 0.00748279 0.0137058
10.18 -4.19019e-05 0.00047164 0.00020537 -1.74764e-05 0.00523873 0.0117902
10.2 -4.0538e-05 0.000398458 0.000109716 -2.08929e-05 0.00284638 0.00995989
10.22 -3.71156e-05 0.000333596 8.98977e-06 -2.88853e-05 0.000327177 0.00833766
10.24 -3.18497e-05 0.000276239 -9.26866e-05 -3.86061e-05 -0.00221579 0.00690314
10.26 -2.52189e-05 0.00021986 -0.000186857 -4.62731e-05 -0.00457103 0.00549307
10.28 -1.77873e-05 0.000154131 -0.000265226 -4.90023e-05 -0.00653107 0.00384916
10.3 -1.00379e-05 7.11759e-05 -0.000324226 -4.52616e-05 -0.00800669 0.00177442
10.32 -2.31183e-06 -3.14384e-05 -0.0003648 -3.44982e-05 -0.00902146 -0.000792008
10.34 5.16349e-06 -0.000152155 -0.000389254 -1.64713e-05 -0.00963305 -0.00381119
10.36 1.22403e-05 -0.000285207 -0.00039867 8.55594e-06 -0.00986858 -0.00713887
10.38 1.88514e-05 -0.000419245 -0.000393664 3.82508e-05 -0.00974337 -0.0104912
10.4 2.50124e-05 -0.000539094 -0.000376063 6.72594e-05 -0.00930314 -0.0134887
10.42 3.0771e-05 -0.000629587 -0.000347401 8.87742e-05 -0.00858631 -0.015752
10.44 3.60975e-05 -0.000679883 -0.000307767 9.75489e-05 -0.00759505 -0.0170099
10.46 4.0805e-05 -0.000686347 -0.000255635 9.20768e-05 -0.0062912 -0.0171715
10.48 4.45608e-05 -0.000652089 -0.000187733 7.48071e-05 -0.00459294 -0.0163147
10.5 4.69741e-05 -0.000585676 -0.000101754 5.06553e-05 -0.00244258 -0.0146537
10.52 4.77268e-05 -0.000499812 7.4192e-07 2.5065e-05 0.000120895 -0.0125062
10.54 4.66938e-05 -0.000409094 0.000115494 2.91555e-06 0.0029909 -0.0102373
10.56 4.39885e-05 -0.000326194 0.000238155 -1.16359e-05 0.00605871 -0.00816396
10.58 3.99002e-05 -0.000257073 0.000362646 -1.54407e-05 0.00917228 -0.00643523
10.6 3.47679e-05 -0.000198554 0.000478797 -7.43634e-06 0.0120773 -0.00497165
10.62 2.88837e-05 -0.000140738 0.000575239 1.02381e-05 0.0144893 -0.00352564
10.64 2.24647e-05 -7.28876e-05 0.000643226 3.23734e-05 0.0161897 -0.00182868
10.66 1.56726e-05 1.13234e-05 0.000677884 5.23704e-05 0.0170565 0.000277477
10.68 8.64767e-06 0.000111097 0.000679982 6.45631e-05 0.017109 0.00277286
10.7 1.52434e-06 0.000219607 0.000657988 6.59349e-05 0.0165589 0.00548673
10.72 -5.58337e-06 0.000328534 0.000623626 5.64158e-05 0.0156995 0.00821105
10.74 -1.26017e-05 0.000430474 0.000583272 3.81056e-05 0.0146902 0.0107606
10.76 -1.94643e-05 0.000517309 0.000536423 1.46679e-05 0.0135185 0.0129324
10.78 -2.59723e-05 0.000579498 0.000480473 -8.75168e-06 0.0121192 0.0144878
10.8 -3.17996e-05 0.000608989 0.000412507 -2.61117e-05 0.0104193 0.0152253
10.82 -3.66074e-05 0.000603159 0.000328654 -3.22331e-05 0.00832212 0.0150795
10.84 -4.01434e-05 0.000566574 0.000227213 -2.49821e-05 0.00578503 0.0141645
10.86 -4.23107e-05 0.000509419 0.000111535 -6.49664e-06 0.00289188 0.0127351
10.88 -4.31124e-05 0.00044271 -1.32598e-05 1.75105e-05 -0.000229292 0.0110666
10.9 -4.25576e-05 0.000373128 -0.000142642 4.01516e-05 -0.0034652 0.00932637
10.92 -4.0595e-05 0.00030211 -0.00026819 5.58872e-05 -0.00660521 0.00755018
10.94 -3.71636e-05 0.000229352 -0.000376929 6.15891e-05 -0.00932481 0.00573046
10.96 -3.23197e-05 0.000156469 -0.00045888 5.61677e-05 -0.0113744 0.00390762
10.98 -2.63056e-05 8.60651e-05 -0.00051147 4.0091e-05 -0.0126897 0.0021468
11 -1.94891e-05 1.83937e-05 -0.000536736 1.56968e-05 -0.0133217 0.00045431
11.02 -1.22472e-05 -4.86069e-05 -0.000537738 -1.23654e-05 -0.0133467 -0.0012214
11.04 -4.88566e-06 -0.000118769 -0.00051805 -3.77534e-05 -0.0128543 -0.00297617
11.06 2.38991e-06 -0.000197536 -0.000481637 -5.42301e-05 -0.0119436 -0.00494618
11.08 9.47368e-06 -0.00028767 -0.000431582 -5.79657e-05 -0.0106917 -0.00720048
11.1 1.63317e-05 -0.000383674 -0.000369371 -4.93107e-05 -0.00913579 -0.00960157
11.12 2.29573e-05 -0.000471915 -0.000296402 -3.26634e-05 -0.0073108 -0.0118085
11.14 2.93316e-05 -0.000536555 -0.00021528 -1.42193e-05 -0.00528191 -0.0134252
11.16 3.53935e-05 -0.000566822 -0.000126319 6.80262e-07 -0.00305696 -0.0141822
11.18 4.1019e-05 -0.000562142 -2.58781e-05 9.07387e-06 -0.000544883 -0.0140651
11.2 4.59963e-05 -0.000530814 8.79118e-05 1.06968e-05 0.00230105 -0.0132816
11.22 5.00161e-05 -0.00048386 0.000211915 7.44239e-06 0.00540242 -0.0121073
11.24 5.27081e-05 -0.000430392 0.000341377 2.47892e-06 0.00864032 -0.01077
11.26 5.37124e-05 -0.00037614 0.000470247 -4.20142e-07 0.0118634 -0.00941313
11.28 5.27863e-05 -0.000324178 0.000587391 2.46877e-06 0.0147932 -0.00811356
11.3 4.99402e-05 -0.000276523 0.000679657 1.3745e-05 0.0171009 -0.00692168
11.32 4.5515e-05 -0.000234678 0.000740913 3.37893e-05 0.0186329 -0.00587512
11.34 4.008e-05 -0.000197082 0.000773161 6.0308e-05 0.0194394 -0.00493482
11.36 3.41777e-05 -0.00015626 0.000779101 8.86252e-05 0.019588 -0.00391386
11.38 2.81028e-05 -0.000101159 0.000759982 0.000112789 0.0191098 -0.00253576
11.4 2.18761e-05 -2.37822e-05 0.000720494 0.000127523 0.0181222 -0.000600526
11.42 1.53831e-05 7.47959e-05 0.000669202 0.000130211 0.0168394 0.00186495
11.44 8.51253e-06 0.000183697 0.000612365 0.000121726 0.0154178 0.00458861
11.46 1.254e-06 0.000285878 0.000551929 0.000105718 0.0139063 0.0071442
11.48 -6.24585e-06 0.000363431 0.000489305 8.71043e-05 0.0123401 0.00908384
11.5 -1.37738e-05 0.000406377 0.000422928 7.0455e-05 0.0106799 0.0101579
11.52 -2.11334e-05 0.000419871 0.000343756 5.83834e-05 0.00869983 0.0104954
11.54 -2.80954e-05 0.000418199 0.00024381 5.06941e-05 0.00620014 0.0104536
11.56 -3.4295e-05 0.0004097 0.000125912 4.53331e-05 0.00325146 0.0102411
11.58 -3.92468e-05 0.000394316 -2.99754e-06 4.00441e-05 2.7377e-05 0.00985628
11.6 -4.25709e-05 0.000374511 -0.000139975 3.25115e-05 -0.00339847 0.00936096
11.62 -4.41996e-05 0.000356191 -0.000278423 1.98804e-05 -0.00686112 0.00890276
11.64 -4.43702e-05 0.000340227 -0.000402646 -1.13671e-08 -0.009968 0.0085035
11.66 -4.34069e-05 0.000321203 -0.00049879 -2.6918e-05 -0.0123726 0.0080277
11.68 -4.14573e-05 0.00029177 -0.000561665 -5.81902e-05 -0.0139451 0.00729156
11.7 -3.83986e-05 0.000244988 -0.000590626 -8.95213e-05 -0.0146695 0.00612153
11.72 -3.3996e-05 0.000176348 -0.000589089 -0.000115417 -0.014631 0.00440482
11.74 -2.81469e-05 8.65263e-05 -0.000566803 -0.00013049 -0.0140736 0.00215834
11.76 -2.09713e-05 -1.90504e-05 -0.000535862 -0.000131425 -0.0132998 -0.000482182
11.78 -1.27001e-05 -0.000132419 -0.0005036 -0.000117929 -0.0124929 -0.00331758
11.8 -3.51993e-06 -0.00024494 -0.000470761 -9.25244e-05 -0.0116716 -0.00613178
11.82 6.38184e-06 -0.000349041 -0.000433624 -5.99181e-05 -0.0107428 -0.00873537
11.84 1.6687e-05 -0.000438722 -0.000386349 -2.58705e-05 -0.00956041 -0.0109783
11.86 2.69306e-05 -0.000509604 -0.000323873 4.2933e-06 -0.00799786 -0.0127511
11.88 3.65705e-05 -0.000559776 -0.000243359 2.6934e-05 -0.00598416 -0.014006
11.9 4.51205e-05 -0.000589575 -0.000142946 4.07822e-05 -0.0034728 -0.0147512
11.92 5.22454e-05 -0.000600436 -2.06328e-05 4.69159e-05 -0.000413691 -0.0150229
11.94 5.77737e-05 -0.000595834 0.000123581 4.8198e-05 0.00319316 -0.0149078
11.96 6.16515e-05 -0.000581602 0.00028292 4.86858e-05 0.00717829 -0.0145518
11.98 6.38698e-05 -0.000562204 0.000442362 5.28933e-05 0.011166 -0.0140667
12 6.44322e-05 -0.000537809 0.000583739 6.44345e-05 0.0147019 -0.0134565
12.02 6.33914e-05 -0.000506723 0.000694667 8.45458e-05 0.0174763 -0.0126791
12.04 6.08928e-05 -0.000467666 0.000772241 0.000111311 0.0194164 -0.0117022
12.06 5.71532e-05 -0.00041757 0.00081913 0.00013963 0.0205891 -0.0104493
12.08 5.23771e-05 -0.000350157 0.000841264 0.000162146 0.0211427 -0.00876329
12.1 4.66859e-05 -0.000259369 0.000846471 0.000171662 0.021273 -0.00649266
12.12 4.01166e-05 -0.000144584 0.000841527 0.00016414 0.0211493 -0.00362182
12.14 3.26848e-05 -1.2547e-05 0.000830826 0.000140271 0.0208817 -0.000319531
12.16 2.44308e-05 0.000124613 0.000816704 0.000104817 0.0205285 0.00311091
12.18 1.53619e-05 0.000252606 0.000798376 6.46876e-05 0.0200701 0.00631207
12.2 5.64147e-06 0.000358744 0.000771341 2.70198e-05 0.0193939 0.00896661
12.22 -4.46629e-06 0.000436311 0.000729669 -2.231e-06 0.0183517 0.0109066
12.24 -1.47312e-05 0.000486454 0.000665454 -1.92515e-05 0.0167457 0.0121607
12.26 -2.48232e-05 0.000515271 0.000569531 -2.31152e-05 0.0143466 0.0128814
12.28 -3.42902e-05 0.000529459 0.000437943 -1.6222e-05 0.0110555 0.0132363
12.3 -4.25723e-05 0.000534576 0.000275624 -4.00613e-06 0.00699585 0.0133642
12.32 -4.91366e-05 0.000534488 9.56109e-05 6.40985e-06 0.00249364 0.013362
12.34 -5.35965e-05 0.000530209 -8.31759e-05 8.44268e-06 -0.00197789 0.013255
12.36 -5.57735e-05 0.000519891 -0.000241942 -1.66615e-06 -0.00594871 0.012997
12.38 -5.57024e-05 0.000500742 -0.000369759 -2.35649e-05 -0.00914546 0.012518
12.4 -5.3602e-05 0.000469725 -0.000464939 -5.29432e-05 -0.0115259 0.0117423
12.42 -4.98003e-05 0.000422006 -0.000530314 -8.27692e-05 -0.013161 0.0105488
12.44 -4.46436e-05 0.000351432 -0.000569741 -0.000105177 -0.0141471 0.00878374
12.46 -3.84363e-05 0.000254903 -0.000587426 -0.000113715 -0.0145894 0.0063695
12.48 -3.14455e-05 0.00013627 -0.000588968 -0.000105304 -0.014628 0.00340246
12.5 -2.39392e-05 6.01342e-06 -0.000581743 -8.10325e-05 -0.0144473 0.000144674
12.52 -1.62013e-05 -0.000121486 -0.000571156 -4.55683e-05 -0.0141825 -0.00304414
12.54 -8.46817e-06 -0.000231353 -0.000557276 -5.82277e-06 -0.0138353 -0.00579196
12.56 -9.40296e-07 -0.00031265 -0.000536351 3.06078e-05 -0.013312 -0.00782523
12.58 6.22018e-06 -0.000361575 -0.00050217 5.69722e-05 -0.0124571 -0.00904887
12.6 1.29494e-05 -0.000380673 -0.000446045 6.8613e-05 -0.0110534 -0.00952651
12.62 1.92073e-05 -0.000377026 -0.000360561 6.39213e-05 -0.00891541 -0.0094353
12.64 2.4908e-05 -0.000361557 -0.000245228 4.51352e-05 -0.00603087 -0.00904841
12.66 2.99187e-05 -0.00034574 -0.000105171 1.82994e-05 -0.002528 -0.00865282
12.68 3.413e-05 -0.000336802 5.35824e-05 -8.42249e-06 0.00144249 -0.00842927
12.7 3.75471e-05 -0.000336454 0.000222363 -2.73046e-05 0.00566375 -0.00842058
12.72 4.03173e-05 -0.000344022 0.000387964 -3.29037e-05 0.00980551 -0.00860985
12.74 4.26695e-05 -0.00035801 0.000536666 -2.28012e-05 0.0135246 -0.00895972
12.76 4.47574e-05 -0.000372019 0.00065749 2.1113e-06 0.0165465 -0.00931008
12.78 4.64851e-05 -0.000372618 0.000739646 3.75946e-05 0.0186012 -0.00932505
12.8 4.74615e-05 -0.000346655 0.000774861 7.68251e-05 0.019482 -0.0086757
12.82 4.71592e-05 -0.000290801 0.000767706 0.000112136 0.019303 -0.00727879
12.84 4.51609e-05 -0.000211522 0.000735044 0.000136894 0.0184861 -0.00529598
12.86 4.13248e-05 -0.000120036 0.000692807 0.000146879 0.0174298 -0.00300788
12.88 3.57454e-05 -2.98335e-05 0.000648563 0.000141416 0.0163232 -0.000751871
12.9 2.85036e-05 4.74877e-05 0.000605096 0.000123776 0.0152361 0.00118196
12.92 1.98653e-05 0.000105318 0.000561505 9.98875e-05 0.0141459 0.00262831
12.94 1.03563e-05 0.000140242 0.000509556 7.63809e-05 0.0128466 0.00350178
12.96 6.28372e-07 0.000153474 0.000437923 5.90501e-05 0.011055 0.00383273
12.98 -8.57305e-06 0.000154495 0.000341174 5.10445e-05 0.00863528 0.00385827
13 -1.66495e-05 0.000156028 0.000220423 5.14611e-05 0.00561526 0.0038966
13.02 -2.32617e-05 0.000164641 7.82485e-05 5.6341e-05 0.00205941 0.00411201
13.04 -2.83251e-05 0.000179574 -8.01246e-05 6.10167e-05 -0.00190157 0.00448549
13.06 -3.19073e-05 0.00019826 -0.00024127 6.12308e-05 -0.00593189 0.00495285
13.08 -3.41794e-05 0.000219555 -0.00038615 5.33472e-05 -0.00955539 0.00548544
13.1 -3.53991e-05 0.0002415 -0.000500073 3.51011e-05 -0.0124046 0.0060343
13.12 -3.58354e-05 0.000257303 -0.000576297 6.6123e-06 -0.0143111 0.00642952
13.14 -3.56422e-05 0.000257122 -0.000613129 -2.90844e-05 -0.0152322 0.006425
13.16 -3.48128e-05 0.000234672 -0.000614453 -6.62788e-05 -0.0152654 0.00586352
13.18 -3.32613e-05 0.000189652 -0.000591933 -9.78851e-05 -0.0147021 0.00473756
13.2 -3.09483e-05 0.000126264 -0.000560214 -0.000117715 -0.0139088 0.0031522
13.22 -2.7925e-05 5.28571e-05 -0.000527555 -0.000122844 -0.013092 0.00131625
13.24 -2.42547e-05 -1.97001e-05 -0.000495142 -0.000114636 -0.0122813 -0.000498431
13.26 -1.98789e-05 -8.18632e-05 -0.000462112 -9.76399e-05 -0.0114552 -0.00205316
13.28 -1.46629e-05 -0.000129011 -0.000424706 -7.73303e-05 -0.0105197 -0.00323233
13.3 -8.44656e-06 -0.000163167 -0.000374414 -5.8377e-05 -0.00926187 -0.00408661
13.32 -1.06188e-06 -0.000190886 -0.000301529 -4.39244e-05 -0.00743898 -0.00477987
13.34 7.5268e-06 -0.000218386 -0.000199796 -3.54339e-05 -0.0048946 -0.00546765
13.36 1.71261e-05 -0.000247621 -6.79617e-05 -3.2642e-05 -0.00159737 -0.00619884
13.38 2.7289e-05 -0.000277638 8.95057e-05 -3.33496e-05 0.00234095 -0.00694955
13.4 3.73999e-05 -0.000309457 0.000261562 -3.31242e-05 0.00664416 -0.00774536
13.42 4.68233e-05 -0.000347909 0.000432082 -2.58045e-05 0.0109089 -0.00870708
13.44 5.50147e-05 -0.000397466 0.000583387 -5.58673e-06 0.0146931 -0.00994651
13.46 6.15378e-05 -0.000455108 0.000701074 3.00251e-05 0.0176365 -0.0113882
13.48 6.60151e-05 -0.000507256 0.00077868 7.8237e-05 0.0195775 -0.0126924
13.5 6.8113e-05 -0.000535121 0.000816049 0.000131339 0.0205121 -0.0133893
13.52 6.76297e-05 -0.000525589 0.000814616 0.000179454 0.0204763 -0.0131509
13.54 6.46192e-05 -0.000477694 0.000779832 0.000214188 0.0196063 -0.0119531
13.56 5.94052e-05 -0.000399436 0.000724724 0.000231023 0.0182281 -0.0099958
13.58 5.24129e-05 -0.000301112 0.00066477 0.000229409 0.0167286 -0.00753667
13.6 4.38935e-05 -0.000191657 0.000609933 0.000211562 0.0153571 -0.00479914
13.62 3.39035e-05 -7.87838e-05 0.000562307 0.000181413 0.0141659 -0.00197614
13.64 2.25429e-05 2.9894e-05 0.000515995 0.000144289 0.0130076 0.000741938
13.66 1.00475e-05 0.000127392 0.000458284 0.000106714 0.0115643 0.0031804
13.68 -3.15675e-06 0.000209305 0.000378977 7.52577e-05 0.00958076 0.00522908
13.7 -1.64941e-05 0.000277 0.00027868 5.40367e-05 0.0070723 0.00692217
13.72 -2.93918e-05 0.000338503 0.000163765 4.22979e-05 0.00419823 0.00846037
13.74 -4.13534e-05 0.000403559 3.76255e-05 3.44018e-05 0.00104343 0.0100875
13.76 -5.1986e-05 0.000477452 -9.86036e-05 2.28083e-05 -0.00236372 0.0119355
13.78 -6.10169e-05 0.000559779 -0.000239312 1.87724e-06 -0.00588289 0.0139946
13.8 -6.83625e-05 0.000646416 -0.000374153 -3.01553e-05 -0.00925532 0.0161614
13.82 -7.41457e-05 0.000728819 -0.000491888 -7.1548e-05 -0.0121999 0.0182224
13.84 -7.85669e-05 0.000793309 -0.00058124 -0.000118459 -0.0144347 0.0198353
13.86 -8.17018e-05 0.00082581 -0.000634413 -0.000166035 -0.0157645 0.0206481
13.88 -8.34113e-05 0.000818829 -0.00065291 -0.000208657 -0.0162272 0.0204735
13.9 -8.34256e-05 0.000772823 -0.000647747 -0.000239758 -0.016098 0.0193229
13.92 -8.14695e-05 0.000691527 -0.000633056 -0.000252493 -0.0157306 0.0172897
13.94 -7.72901e-05 0.000578876 -0.00061883 -0.000242075 -0.0153748 0.0144722
13.96 -7.06017e-05 0.000440932 -0.00060782 -0.000208669 -0.0150994 0.0110222
13.98 -6.10369e-05 0.000287904 -0.000597313 -0.000158404 -0.0148367 0.0071949
14 -4.8379e-05 0.000133157 -0.000583886 -0.000101267 -0.0145008 0.00332461
14.02 -3.30343e-05 -8.21412e-06 -0.000564062 -4.73732e-05 -0.014005 -0.00021115
14.04 -1.60315e-05 -0.000122488 -0.000531856 -4.10485e-06 -0.0131996 -0.0030692
14.06 1.27377e-06 -0.000207112 -0.000479989 2.51401e-05 -0.0119023 -0.00518568
14.08 1.76518e-05 -0.000278614 -0.000398897 4.1365e-05 -0.00987418 -0.00697398
14.1 3.24347e-05 -0.00036164 -0.000277959 4.93129e-05 -0.00684947 -0.00905047
14.12 4.54776e-05 -0.000468896 -0.000116152 5.5232e-05 -0.00280261 -0.011733
14.14 5.6854e-05 -0.000595377 7.08371e-05 6.47534e-05 0.00187406 -0.0148963
14.16 6.65714e-05 -0.000725005 0.000255495 8.21585e-05 0.00649244 -0.0181384
14.18 7.4564e-05 -0.000838011 0.000407932 0.000109512 0.0103049 -0.0209648
14.2 8.08304e-05 -0.000917761 0.000506394 0.000145154 0.0127675 -0.0229595
14.22 8.54292e-05 -0.00095441 0.000547799 0.000183491 0.0138031 -0.0238763
14.24 8.82172e-05 -0.000941418 0.000546719 0.000216463 0.0137761 -0.0235513
14.26 8.86392e-05 -0.0008739 0.000526783 0.000235603 0.0132775 -0.0218627
14.28 8.59179e-05 -0.000755908 0.000512455 0.000234932 0.0129191 -0.0189116
14.3 7.95346e-05 -0.000606601 0.000516285 0.000214223 0.0130149 -0.0151774
14.32 6.95263e-05 -0.00045183 0.000532351 0.00017964 0.0134167 -0.0113065
14.34 5.64682e-05 -0.000307292 0.000546861 0.000140223 0.0137796 -0.00769155
14.36 4.1287e-05 -0.000175759 0.000549501 0.000103247 0.0138456 -0.00440185
14.38 2.4869e-05 -5.51612e-05 0.000531779 7.21859e-05 0.0134024 -0.00138566
14.4 7.92102e-06 6.13067e-05 0.000485932 4.69112e-05 0.0122557 0.00152725
14.42 -8.95015e-06 0.000185016 0.000409674 2.46366e-05 0.0103485 0.00462128
14.44 -2.52325e-05 0.00032182 0.000305803 2.1806e-06 0.00775067 0.0080428
14.46 -4.05177e-05 0.00046566 0.000179362 -2.15011e-05 0.00458831 0.0116403
14.48 -5.45265e-05 0.000604462 4.02556e-05 -4.56073e-05 0.0011092 0.0151118
14.5 -6.70085e-05 0.000727478 -9.6509e-05 -6.99003e-05 -0.00231134 0.0181885
14.52 -7.75896e-05 0.000826397 -0.000217325 -9.53856e-05 -0.00533298 0.0206626
14.54 -8.57193e-05 0.000895465 -0.000313328 -0.000122721 -0.00773407 0.0223902
14.56 -9.08042e-05 0.000931136 -0.00038027 -0.000150736 -0.00940833 0.0232825
14.58 -9.24144e-05 0.000928345 -0.000420141 -0.000175811 -0.0104055 0.0232127
14.6 -9.04168e-05 0.00088138 -0.00044093 -0.000192216 -0.0109255 0.0220381
14.62 -8.49961e-05 0.000792369 -0.000450238 -0.000194572 -0.0111583 0.0198119
14.64 -7.65579e-05 0.000672978 -0.000449766 -0.000181195 -0.0111464 0.0168259
14.66 -6.55543e-05 0.000532022 -0.000436402 -0.000154542 -0.0108122 0.0133005
14.68 -5.23622e-05 0.000369577 -0.000406226 -0.000118423 -0.0100575 0.00923769
14.7 -3.73182e-05 0.000189746 -0.000360019 -7.62005e-05 -0.00890184 0.00474004
14.72 -2.08609e-05 7.27144e-06 -0.000305297 -3.15474e-05 -0.00753322 0.000176268
14.74 -3.53774e-06 -0.000164425 -0.000251447 1.11796e-05 -0.00618639 -0.00411793
14.76 1.4083e-05 -0.000320783 -0.000200786 4.78748e-05 -0.00491934 -0.00802852
14.78 3.14338e-05 -0.000458821 -0.000143416 7.4991e-05 -0.00348449 -0.0114809
14.8 4.78785e-05 -0.000573683 -6.52311e-05 8.99687e-05 -0.00152906 -0.0143536
14.82 6.26348e-05 -0.000664843 3.91135e-05 9.34675e-05 0.00108064 -0.0166336
14.84 7.48295e-05 -0.000735956 0.000162757 9.07977e-05 0.00417302 -0.0184122
14.86 8.36977e-05 -0.000789659 0.000290435 8.96967e-05 0.00736631 -0.0197554
14.88 8.88391e-05 -0.000828395 0.000403704 9.67284e-05 0.0101992 -0.0207242
14.9 9.03333e-05 -0.000853825 0.000490185 0.000115046 0.0123621 -0.0213603
14.92 8.85779e-05 -0.00085906 0.000548835 0.000142791 0.013829 -0.0214912
14.94 8.39748e-05 -0.000827318 0.000581108 0.000172563 0.0146361 -0.0206974
14.96 7.67475e-05 -0.000745121 0.000584578 0.000194384 0.0147229 -0.0186416
14.98 6.70459e-05 -0.000614332 0.000561731 0.00020079 0.0141515 -0.0153705
15 5.51645e-05 -0.000449589 0.000524417 0.000189401 0.0132183 -0.0112502
15.02 4.15919e-05 -0.000269188 0.000482528 0.000161792 0.0121706 -0.0067383
15.04 2.68333e-05 -8.84083e-05 0.000437169 0.000121446 0.0110362 -0.00221692
15.06 1.12234e-05 8.58738e-05 0.000389233 7.25077e-05 0.00983727 0.00214195
15.08 -5.01604e-06 0.000254561 0.000343492 1.94233e-05 0.00869326 0.00636088
15.1 -2.15631e-05 0.000416438 0.000299714 -3.21871e-05 0.00759837 0.0104095
15.12 -3.78044e-05 0.000562071 0.000247634 -7.47502e-05 0.00629583 0.0140519
15.14 -5.28934e-05 0.000680906 0.000173843 -0.000100873 0.00445029 0.017024
15.16 -6.60469e-05 0.000768528 7.12149e-05 -0.000107619 0.00188351 0.0192155
15.18 -7.67378e-05 0.000823541 -5.595e-05 -9.84502e-05 -0.00129694 0.0205914
15.2 -8.46429e-05 0.00084582 -0.000192619 -8.13779e-05 -0.0047151 0.0211486
15.22 -8.9463e-05 0.000839431 -0.000320207 -6.59459e-05 -0.00790612 0.0209888
15.24 -9.08662e-05 0.000810645 -0.000424544 -6.02038e-05 -0.0105156 0.0202689
15.26 -8.86332e-05 0.000763366 -0.000497738 -6.76327e-05 -0.0123462 0.0190864
15.28 -8.28549e-05 0.000698217 -0.000536464 -8.59734e-05 -0.0133148 0.017457
15.3 -7.39329e-05 0.000612703 -0.000544015 -0.000108877 -0.0135036 0.0153183
15.32 -6.23729e-05 0.000500626 -0.00052984 -0.000128193 -0.0131491 0.0125152
15.34 -4.86366e-05 0.000357361 -0.000502695 -0.000135792 -0.0124702 0.00893208
15.36 -3.3206e-05 0.00018707 -0.000468074 -0.000125944 -0.0116043 0.00467302
15.38 -1.66697e-05 -1.85393e-06 -0.000430917 -9.72407e-05 -0.010675 -5.20399e-05
15.4 3.55497e-07 -0.000205114 -0.000394672 -5.22393e-05 -0.00976853 -0.00513565
15.42 1.73509e-05 -0.000416653 -0.000358599 3.59609e-06 -0.00886632 -0.0104263
15.44 3.39146e-05 -0.000618314 -0.000319075 6.17954e-05 -0.0078778 -0.01547
15.46 4.95956e-05 -0.000785302 -0.00026988 0.000111847 -0.00664743 -0.0196465
15.48 6.37548e-05 -0.0009008 -0.000201525 0.000144867 -0.00493783 -0.0225353
15.5 7.56576e-05 -0.000961437 -0.000104781 0.00015714 -0.00251823 -0.024052
15.52 8.46912e-05 -0.000973124 2.22131e-05 0.000150956 0.000657952 -0.0243444
15.54 9.05137e-05 -0.000947425 0.000167553 0.00013352 0.00429297 -0.0237016
15.56 9.30205e-05 -0.000898892 0.000308817 0.000114625 0.00782604 -0.0224878
15.58 9.21868e-05 -0.000839082 0.00042592 0.000102786 0.0107548 -0.0209919
15.6 8.79618e-05 -0.000770157 0.000509426 0.000101461 0.0128433 -0.0192681
15.62 8.0381e-05 -0.000686239 0.000559395 0.000108079 0.0140931 -0.0171693
15.64 6.97816e-05 -0.000583082 0.000582319 0.000116334 0.0146664 -0.0145893
15.66 5.68888e-05 -0.000461772 0.000588947 0.00011955 0.0148322 -0.0115552
15.68 4.2617e-05 -0.000322014 0.000589329 0.000112869 0.0148418 -0.00805985
15.7 2.77327e-05 -0.000159369 0.000586708 9.38923e-05 0.0147762 -0.00399203
15.72 1.27201e-05 2.58499e-05 0.000579003 6.29338e-05 0.0145835 0.000640384
15.74 -2.06354e-06 0.000222297 0.000565349 2.32986e-05 0.014242 0.00555361
15.76 -1.61554e-05 0.000413163 0.000545811 -1.93336e-05 0.0137534 0.0103272
15.78 -2.8957e-05 0.000579324 0.000515677 -5.83144e-05 0.0129997 0.014483
15.8 -3.98712e-05 0.000699711 0.000468683 -8.70425e-05 0.0118243 0.017494
15.82 -4.84822e-05 0.00076082 0.000404556 -0.000100296 0.0102205 0.0190224
15.84 -5.4651e-05 0.000765736 0.000324515 -9.66415e-05 0.00821864 0.0191453
15.86 -5.84172e-05 0.000729516 0.000227148 -7.96076e-05 0.00578346 0.0182394
15.88 -5.98163e-05 0.00066783 0.0001161 -5.58643e-05 0.0030061 0.0166966
15.9 -5.8789e-05 0.000591868 2.72551e-06 -3.23512e-05 0.000170559 0.0147968
15.92 -5.52845e-05 0.000508824 -0.0001031 -1.44006e-05 -0.00247617 0.0127198
15.94 -4.94478e-05 0.000422378 -0.000196943 -4.706e-06 -0.00482322 0.0105578
15.96 -4.17241e-05 0.000334725 -0.000274538 -3.10528e-06 -0.00676392 0.00836555
15.98 -3.27998e-05 0.000248554 -0.000332256 -7.52714e-06 -0.00820747 0.00621038
16 -2.33908e-05 0.000163515 -0.000371969 -1.49717e-05 -0.00920071 0.00408352
16.02 -1.39862e-05 7.05836e-05 -0.000397513 -2.14087e-05 -0.00983958 0.00175927
16.04 -4.7427e-06 -4.36309e-05 -0.000408698 -2.18424e-05 -0.0101193 -0.00109728
16.06 4.35466e-06 -0.000182499 -0.000405597 -1.22103e-05 -0.0100418 -0.00457042
16.08 1.32249e-05 -0.000332337 -0.000392031 8.00897e-06 -0.00970248 -0.00831793
16.1 2.1597e-05 -0.000470909 -0.000369746 3.51002e-05 -0.00914511 -0.0117837
16.12 2.91438e-05 -0.000579242 -0.000337533 6.28109e-05 -0.00833946 -0.0144931
16.14 3.56341e-05 -0.000645945 -0.000296752 8.47814e-05 -0.0073195 -0.0161614
16.16 4.09522e-05 -0.000667871 -0.000249775 9.65478e-05 -0.00614459 -0.0167098
16.18 4.49632e-05 -0.000649788 -0.000192712 9.67423e-05 -0.0047174 -0.0162575
16.2 4.73673e-05 -0.000599947 -0.000118218 8.67795e-05 -0.00285428 -0.015011
16.22 4.77483e-05 -0.000525975 -2.44158e-05 6.92808e-05 -0.000508256 -0.0131609
16.24 4.58224e-05 -0.000435642 8.47246e-05 4.71572e-05 0.00222139 -0.0109017
16.26 4.16677e-05 -0.000337998 0.000201654 2.40784e-05 0.00514585 -0.00845953
16.28 3.57022e-05 -0.000241303 0.00031336 4.65687e-06 0.00793965 -0.00604114
16.3 2.84633e-05 -0.000150282 0.000403834 -6.83671e-06 0.0102024 -0.00376468
16.32 2.04137e-05 -6.50805e-05 0.000465355 -8.40834e-06 0.0117411 -0.00163375
16.34 1.1905e-05 1.85634e-05 0.000501964 -1.6239e-06 0.0126567 0.000458221
16.36 3.2408e-06 0.000107316 0.000519359 8.63862e-06 0.0130918 0.00267797
16.38 -5.2693e-06 0.000205713 0.000519703 1.63444e-05 0.0131004 0.0051389
16.4 -1.33139e-05 0.000311472 0.000505984 1.73925e-05 0.0127573 0.00778398
16.42 -2.06198e-05 0.000414813 0.000483615 1.14807e-05 0.0121978 0.0103686
16.44 -2.69735e-05 0.000503172 0.000456197 1.43535e-06 0.0115121 0.0125785
16.46 -3.21816e-05 0.000566567 0.000424571 -9.09022e-06 0.0107211 0.014164
16.48 -3.60284e-05 0.000599555 0.000389522 -1.74471e-05 0.00984449 0.0149891
16.5 -3.83182e-05 0.000601239 0.000349691 -2.2194e-05 0.0088483 0.0150312
16.52 -3.89534e-05 0.000573883 0.000299454 -2.22763e-05 0.00759187 0.014347
16.54 -3.79569e-05 0.000519708 0.000234089 -1.64414e-05 0.00595706 0.0129921
16.56 -3.54354e-05 0.000440754 0.00015419 -3.77673e-06 0.00395876 0.0110174
16.58 -3.15537e-05 0.000342811 6.28989e-05 1.46539e-05 0.00167552 0.00856779
16.6 -2.65306e-05 0.000235609 -3.63486e-05 3.46882e-05 -0.000806701 0.00588662
16.62 -2.06234e-05 0.00012821 -0.000136443 5.033e-05 -0.0033101 0.00320054
16.64 -1.41127e-05 2.74413e-05 -0.000225713 5.67122e-05 -0.00554279 0.000680261
16.66 -7.29168e-06 -6.16221e-05 -0.000294602 5.22472e-05 -0.00726573 -0.00154725
16.68 -4.40472e-07 -0.000138674 -0.000340641 3.9016e-05 -0.00841717 -0.00347434
16.7 6.20056e-06 -0.000208486 -0.000366575 2.1864e-05 -0.0090658 -0.00522039
16.72 1.24346e-05 -0.000276173 -0.000377005 6.4174e-06 -0.00932665 -0.00691327
16.74 1.81006e-05 -0.000344537 -0.000375554 -2.95638e-06 -0.00929038 -0.00862308
16.76 2.30645e-05 -0.000413176 -0.000363192 -3.92085e-06 -0.00898118 -0.0103398
16.78 2.72077e-05 -0.000476988 -0.000340196 3.73138e-06 -0.00840605 -0.0119357
16.8 3.04282e-05 -0.000527628 -0.000310487 1.77916e-05 -0.007663 -0.0132023
16.82 3.26512e-05 -0.00055763 -0.000279342 3.39897e-05 -0.00688406 -0.0139526
16.84 3.38507e-05 -0.000562034 -0.000244733 4.73625e-05 -0.00601849 -0.0140628
16.86 3.40487e-05 -0.000538064 -0.000197786 5.36072e-05 -0.00484432 -0.0134633
16.88 3.32715e-05 -0.000485906 -0.000132956 5.00734e-05 -0.00322289 -0.0121588
16.9 3.15143e-05 -0.000409505 -5.24727e-05 3.66774e-05 -0.00120997 -0.0102479
16.92 2.87449e-05 -0.000315809 3.76181e-05 1.62704e-05 0.00104324 -0.00790456
16.94 2.49406e-05 -0.000213211 0.000130321 -6.00305e-06 0.00336178 -0.00533856
16.96 2.01335e-05 -0.000110281 0.000218508 -2.40619e-05 0.00556738 -0.00276423
16.98 1.44398e-05 -1.38184e-05 0.000297063 -3.27023e-05 0.00753207 -0.000351661
17 8.06283e-06 7.32412e-05 0.00036207 -2.95533e-05 0.00915792 0.00182574
17.02 1.28207e-06 0.000151057 0.00040919 -1.59934e-05 0.0103364 0.00377195
17.04 -5.56247e-06 0.000220613 0.000436968 3.85811e-06 0.0110312 0.00551157
17.06 -1.21012e-05 0.000283415 0.000449096 2.50589e-05 0.0113345 0.00708228
17.08 -1.79769e-05 0.000341365 0.00045179 4.31076e-05 0.0114018 0.00853161
17.1 -2.28763e-05 0.000394758 0.000449843 5.44535e-05 0.0113532 0.00986701
17.12 -2.65441e-05 0.00044104 0.000444686 5.68802e-05 0.0112242 0.0110245
17.14 -2.8795e-05 0.000475512 0.000436007 4.99348e-05 0.0110071 0.0118867
17.16 -2.95353e-05 0.000492931 0.000423299 3.53481e-05 0.0106893 0.0123224
17.18 -2.87954e-05 0.000489261 0.000404363 1.70567e-05 0.0102157 0.0122306
17.2 -2.67319e-05 0.000462364 0.00037532 1.46562e-07 0.0094893 0.0115578
17.22 -2.35716e-05 0.000411964 0.000334703 -1.10534e-05 0.00847345 0.0102973
17.24 -1.95341e-05 0.000340221 0.00028422 -1.44721e-05 0.00721084 0.008503
17.26 -1.47817e-05 0.000251189 0.000224603 -1.04878e-05 0.0057198 0.00627629
17.28 -9.42245e-06 0.000149054 0.0001555 -9.88908e-07 0.00399151 0.00372185
17.3 -3.57639e-06 3.92963e-05 7.94028e-05 1.16641e-05 0.00208829 0.00097676
17.32 2.54807e-06 -6.90991e-05 2.42488e-06 2.48719e-05 0.000163041 -0.00173425
17.34 8.64453e-06 -0.000166384 -6.88092e-05 3.56954e-05 -0.00161855 -0.0041674
17.36 1.43839e-05 -0.000247313 -0.000130072 4.15007e-05 -0.00315076 -0.00619147
17.38 1.95128e-05 -0.000312948 -0.000180051 4.11917e-05 -0.00440076 -0.00783301
17.4 2.38948e-05 -0.000368358 -0.00021879 3.59582e-05 -0.00536964 -0.00921885
17.42 2.74624e-05 -0.000417824 -0.000245505 2.8882e-05 -0.00603778 -0.010456
17.44 3.01377e-05 -0.000461036 -0.000259393 2.33873e-05 -0.00638514 -0.0115368
17.46 3.1812e-05 -0.000493979 -0.000262487 2.14272e-05 -0.00646253 -0.0123607
17.48 3.24042e-05 -0.000511887 -0.000259161 2.28166e-05 -0.00637934 -0.0128086
17.5 3.19306e-05 -0.000511319 -0.000251906 2.60479e-05 -0.00619788 -0.0127944
17.52 3.04984e-05 -0.000491307 -0.000239031 2.95856e-05 -0.00587588 -0.0122938
17.54 2.82068e-05 -0.000452186 -0.000216679 3.25086e-05 -0.00531684 -0.0113154
17.56 2.50484e-05 -0.000393065 -0.000181854 3.41267e-05 -0.00444585 -0.00983679
17.58 2.09175e-05 -0.000312787 -0.000133877 3.3384e-05 -0.00324592 -0.00782898
17.6 1.57303e-05 -0.000213656 -7.42018e-05 2.92589e-05 -0.00175342 -0.00534967
17.62 9.54877e-06 -0.000101905 -6.27829e-06 2.19002e-05 -5.46294e-05 -0.00255473
17.64 2.60372e-06 1.47179e-05 6.52005e-05 1.3023e-05 0.00173308 0.000362044
17.66 -4.77393e-06 0.000128995 0.000136255 5.04336e-06 0.00351019 0.00322016
17.68 -1.22368e-05 0.000235529 0.000204189 -3.01321e-07 0.00520925 0.00588462
17.7 -1.94497e-05 0.00033145 0.000266455 -2.92218e-06 0.00676655 0.00828364
17.72 -2.60766e-05 0.000416098 0.000320199 -4.26494e-06 0.00811069 0.0104007
17.74 -3.17878e-05 0.000489536 0.000362577 -6.12399e-06 0.0091706 0.0122374
17.76 -3.63035e-05 0.000550462 0.000390789 -9.41992e-06 0.00987618 0.0137612
17.78 -3.94249e-05 0.00059485 0.000403868 -1.39584e-05 0.0102033 0.0148714
17.8 -4.10157e-05 0.000617409 0.000404972 -1.90771e-05 0.0102309 0.0154356
17.82 -4.09672e-05 0.000614694 0.000398709 -2.43275e-05 0.0100743 0.0153677
17.84 -3.91986e-05 0.000586716 0.000386421 -2.94754e-05 0.00976694 0.014668
17.86 -3.56982e-05 0.000536158 0.000366032 -3.3829e-05 0.009257 0.0134035
17.88 -3.05572e-05 0.000465927 0.000335392 -3.56527e-05 0.00849068 0.011647
17.9 -2.39582e-05 0.000376978 0.000294522 -3.24191e-05 0.00746852 0.00942232
17.92 -1.61271e-05 0.000268733 0.000244653 -2.19301e-05 0.00622128 0.00671506
17.94 -7.29988e-06 0.00014146 0.000186701 -3.6129e-06 0.00477187 0.00353192
17.96 2.2567e-06 -1.82955e-06 0.000122151 2.0926e-05 0.00315745 -5.18144e-05
17.98 1.2187e-05 -0.000154204 5.35001e-05 4.8436e-05 0.00144045 -0.00386276
18 2.20209e-05 -0.000305073 -1.68412e-05 7.50736e-05 -0.000318813 -0.00763606
18.02 3.12447e-05 -0.000443821 -8.59784e-05 9.72973e-05 -0.00204796 -0.0111062
18.04 3.94299e-05 -0.00056401 -0.000149736 0.000112495 -0.00364256 -0.0141122
18.06 4.63038e-05 -0.000662891 -0.000204324 0.000119301 -0.00500782 -0.0165852
18.08 5.17052e-05 -0.000738047 -0.000247498 0.000117558 -0.00608763 -0.0184649
18.1 5.54917e-05 -0.00078659 -0.000277118 0.000108284 -0.00682844 -0.019679
18.12 5.75001e-05 -0.000806894 -0.000291548 9.3807e-05 -0.00718936 -0.0201868
18.14 5.75933e-05 -0.000799511 -0.000292467 7.74584e-05 -0.00721234 -0.0200022
18.16 5.57433e-05 -0.000766803 -0.000284037 6.25344e-05 -0.00700149 -0.0191841
18.18 5.20667e-05 -0.000713041 -0.000268819 5.12377e-05 -0.00662089 -0.0178395
18.2 4.6777e-05 -0.000643185 -0.000245997 4.42268e-05 -0.00605011 -0.0160924
18.22 4.00866e-05 -0.000559496 -0.000213351 4.05489e-05 -0.00523361 -0.0139993
18.24 3.2159e-05 -0.000460423 -0.000169758 3.7833e-05 -0.00414332 -0.0115214
18.26 2.31601e-05 -0.000343735 -0.000115472 3.31118e-05 -0.00278561 -0.00860303
18.28 1.33513e-05 -0.000209945 -5.17747e-05 2.40652e-05 -0.00119251 -0.00525689
18.3 3.12567e-06 -6.29138e-05 1.93154e-05 9.83576e-06 0.000585479 -0.00157958
18.32 -7.05545e-06 9.12161e-05 9.56679e-05 -8.92032e-06 0.00249509 0.00227528
18.34 -1.67671e-05 0.000245318 0.000174886 -3.04204e-05 0.00447636 0.00612943
18.36 -2.56811e-05 0.000392333 0.000253388 -5.23108e-05 0.00643974 0.00980634
18.38 -3.35564e-05 0.000525675 0.000326184 -7.21793e-05 0.0082604 0.0131413
18.4 -4.01973e-05 0.000639137 0.000388754 -8.77816e-05 0.00982529 0.015979
18.42 -4.54315e-05 0.000726934 0.000438559 -9.71264e-05 0.0110709 0.0181749
18.44 -4.91179e-05 0.000784088 0.000474174 -9.88011e-05 0.0119617 0.0196043
18.46 -5.11628e-05 0.000807609 0.000494383 -9.25122e-05 0.0124671 0.0201926
18.48 -5.15189e-05 0.000797985 0.000498779 -7.94012e-05 0.0125771 0.0199519
18.5 -5.01687e-05 0.000759256 0.000488864 -6.17578e-05 0.0123291 0.0189833
18.52 -4.71203e-05 0.000697683 0.000467298 -4.21573e-05 0.0117897 0.0174433
18.54 -4.24161e-05 0.000619818 0.000435987 -2.25152e-05 0.0110066 0.0154959
18.56 -3.61591e-05 0.000530677 0.000395426 -3.62482e-06 0.00999216 0.0132664
18.58 -2.85374e-05 0.000432427 0.000345438 1.46773e-05 0.00874195 0.0108092
18.6 -1.98258e-05 0.000324325 0.000286305 3.30156e-05 0.007263 0.00810549
18.62 -1.03742e-05 0.000204347 0.000219114 5.19611e-05 0.00558252 0.00510478
18.64 -5.85026e-07 7.15444e-05 0.000145855 7.15767e-05 0.00375028 0.00178334
18.66 9.11353e-06 -7.16194e-05 6.96215e-05 9.10766e-05 0.00184366 -0.00179725
18.68 1.83001e-05 -0.00021843 -6.01459e-06 0.000108754 -4.80343e-05 -0.00546904
18.7 2.6592e-05 -0.000359234 -7.801e-05 0.000122312 -0.00184867 -0.0089906
18.72 3.36771e-05 -0.000483962 -0.000143729 0.000129522 -0.00349233 -0.0121101
18.74 3.93347e-05 -0.000584297 -0.000200075 0.000128972 -0.00490156 -0.0146195
18.76 4.34295e-05 -0.000654474 -0.000244034 0.000120519 -0.006001 -0.0163747
18.78 4.58797e-05 -0.000691586 -0.000274 0.000105275 -0.00675045 -0.0173029
18.8 4.66306e-05 -0.000695745 -0.000290226 8.52532e-05 -0.00715628 -0.0174069
18.82 4.56586e-05 -0.000669904 -0.000294386 6.2942e-05 -0.00726032 -0.0167606
18.84 4.30006e-05 -0.00061938 -0.000288408 4.08775e-05 -0.00711082 -0.015497
18.86 3.87805e-05 -0.000551105 -0.000273526 2.11769e-05 -0.0067386 -0.0137894
18.88 3.32124e-05 -0.000472527 -0.000249884 5.08214e-06 -0.00614731 -0.0118241
18.9 2.65832e-05 -0.000389422 -0.000216851 -7.32917e-06 -0.00532115 -0.00974564
18.92 1.92143e-05 -0.000303436 -0.000174006 -1.71137e-05 -0.00424958 -0.00759508
18.94 1.14229e-05 -0.000212135 -0.000122133 -2.60106e-05 -0.0029522 -0.00531162
18.96 3.51006e-06 -0.000112333 -6.34329e-05 -3.56002e-05 -0.00148409 -0.00281552
18.98 -4.22884e-06 -3.80595e-06 -6.42262e-07 -4.64442e-05 8.633e-05 -0.000101221
19 -1.14996e-05 0.000109769 6.33874e-05 -5.77788e-05 0.00168774 0.00273933
19.02 -1.80316e-05 0.000222281 0.000126176 -6.7917e-05 0.00325812 0.00555332
19.04 -2.36171e-05 0.000327288 0.000186357 -7.49244e-05 0.00476327 0.00817958
19.06 -2.81406e-05 0.000419542 0.000242942 -7.71488e-05 0.00617847 0.0104869
19.08 -3.1567e-05 0.000494805 0.000294425 -7.34888e-05 0.00746607 0.0123692
19.1 -3.38855e-05 0.000548727 0.000338607 -6.34228e-05 0.00857109 0.0137179
19.12 -3.50561e-05 0.000576899 0.000373028 -4.69915e-05 0.00943198 0.0144224
19.14 -3.50172e-05 0.000576948 0.000395758 -2.50101e-05 0.0100005 0.0144237
19.16 -3.37482e-05 0.000551038 0.000405968 5.51295e-07 0.0102558 0.0137757
19.18 -3.13148e-05 0.000505032 0.000404267 2.65503e-05 0.0102133 0.012625
19.2 -2.78405e-05 0.000445225 0.000392188 4.94173e-05 0.00991119 0.0111292
19.22 -2.34432e-05 0.000376777 0.000371639 6.62715e-05 0.00939724 0.00941731
19.24 -1.82084e-05 0.000303422 0.000344731 7.5713e-05 0.00872426 0.00758268
19.26 -1.22275e-05 0.000226894 0.000313445 7.81007e-05 0.00794178 0.00566869
19.28 -5.66095e-06 0.00014716 0.000279141 7.53259e-05 0.00708384 0.00367451
19.3 1.23667e-06 6.40138e-05 0.00024203 7.00235e-05 0.00615568 0.00159498
19.32 8.16071e-06 -2.21387e-05 0.00020162 6.46048e-05 0.005145 -0.000559729
19.34 1.4824e-05 -0.000110717 0.000157618 6.07454e-05 0.00404449 -0.00277511
19.36 2.09809e-05 -0.000200358 0.000110198 5.92807e-05 0.00285848 -0.00501706
19.38 2.63944e-05 -0.00028747 6.00327e-05 6.00413e-05 0.00160384 -0.00719577
19.4 3.08088e-05 -0.000366305 8.60913e-06 6.17256e-05 0.000317711 -0.00916747
19.42 3.39844e-05 -0.000430907 -4.13206e-05 6.22334e-05 -0.000931052 -0.0107832
19.44 3.5771e-05 -0.000476597 -8.55398e-05 5.93962e-05 -0.00203699 -0.0119259
19.46 3.61412e-05 -0.000499697 -0.000119945 5.16953e-05 -0.00289749 -0.0125037
19.48 3.51559e-05 -0.000497837 -0.000143388 3.87887e-05 -0.00348381 -0.0124572
19.5 3.29118e-05 -0.000471938 -0.000157687 2.18394e-05 -0.00384143 -0.0118094
19.52 2.95183e-05 -0.000426484 -0.000165302 3.37913e-06 -0.00403187 -0.0106726
19.54 2.51054e-05 -0.000367206 -0.000168148 -1.35318e-05 -0.00410305 -0.00919001
19.56 1.98401e-05 -0.000299218 -0.000167524 -2.63985e-05 -0.00408745 -0.00748961
19.58 1.39252e-05 -0.000226615 -0.000163393 -3.39249e-05 -0.00398413 -0.00567378
19.6 7.58238e-06 -0.000152254 -0.00015403 -3.60786e-05 -0.00374997 -0.00381396
19.62 1.04502e-06 -7.76536e-05 -0.000137564 -3.38347e-05 -0.00333815 -0.00194818
19.64 -5.42455e-06 -3.95422e-06 -0.000113173 -2.86599e-05 -0.0027281 -0.000104928
19.66 -1.15253e-05 6.77753e-05 -8.0917e-05 -2.19516e-05 -0.00192138 0.00168906
19.68 -1.6951e-05 0.000137347 -4.13836e-05 -1.48738e-05 -0.000932627 0.00342907
19.7 -2.1446e-05 0.000204781 4.41755e-06 -8.46899e-06 0.000212878 0.00511563
19.72 -2.48348e-05 0.000268147 5.47938e-05 -3.47681e-06 0.00147281 0.00670043
19.74 -2.70149e-05 0.000323004 0.000107165 8.39424e-08 0.00278264 0.00807242
19.76 -2.79476e-05 0.00036481 0.000158521 2.95991e-06 0.00406706 0.00911802
19.78 -2.76636e-05 0.00039063 0.000206215 6.21934e-06 0.00525992 0.00976379
19.8 -2.62591e-05 0.000398339 0.000248367 1.07614e-05 0.00631417 0.00995659
19.82 -2.38623e-05 0.000386444 0.000283966 1.69468e-05 0.0072045 0.0096591
19.84 -2.05842e-05 0.000355169 0.00031271 2.43247e-05 0.0079234 0.0088769
19.86 -1.64907e-05 0.000306873 0.000334526 3.17526e-05 0.00846904 0.007669
19.88 -1.16252e-05 0.000245468 0.000349191 3.79711e-05 0.0088358 0.00613324
19.9 -6.06293e-06 0.000175538 0.000356184 4.2098e-05 0.00901071 0.00438425
19.92 4.62687e-08 0.000101624 0.000354813 4.3727e-05 0.00897642 0.00253562
19.94 6.4768e-06 2.72793e-05 0.000344917 4.29008e-05 0.00872892 0.000676235
19.96 1.29601e-05 -4.58169e-05 0.000327258 4.01803e-05 0.00828724 -0.00115193
19.98 1.92184e-05 -0.000117674 0.000302389 3.66562e-05 0.00766528 -0.0029491
20 2.49842e-05 -0.000189012 0.000269821 3.37472e-05 0.00685072 -0.00473331
20.02 3.00174e-05 -0.000260204 0.000229055 3.28319e-05 0.00583117 -0.00651385
20.04 3.41298e-05 -0.000330273 0.000180705 3.47855e-05 0.0046219 -0.00826628
20.06 3.72061e-05 -0.00039622 0.000126493 3.95381e-05 0.00326604 -0.00991566
20.08 3.92056e-05 -0.000453474 6.89505e-05 4.59589e-05 0.00182687 -0.0113476
20.1 4.01306e-05 -0.000496918 1.10331e-05 5.22589e-05 0.000378336 -0.0124342
20.12 3.99786e-05 -0.00052184 -4.46266e-05 5.66746e-05 -0.00101374 -0.0130575
20.14 3.87094e-05 -0.000525096 -9.59671e-05 5.80537e-05 -0.00229778 -0.0131389
20.16 3.62534e-05 -0.000505941 -0.000140631 5.61403e-05 -0.00341484 -0.0126598
20.18 3.2553e-05 -0.000466048 -0.000175948 5.14722e-05 -0.00429813 -0.0116621
20.2 2.7607e-05 -0.000408606 -0.00020065 4.49727e-05 -0.00491595 -0.0102254
20.22 2.15021e-05 -0.000337513 -0.000215181 3.75484e-05 -0.00527937 -0.00844738
20.24 1.44267e-05 -0.000256947 -0.000219996 2.99488e-05 -0.00539979 -0.00643239
20.26 6.66951e-06 -0.000170763 -0.000215182 2.27633e-05 -0.00527941 -0.00427688
20.28 -1.4017e-06 -8.18867e-05 -0.000201408 1.63168e-05 -0.00493492 -0.00205405
20.3 -9.3865e-06 8.31678e-06 -0.000180108 1.04776e-05 -0.00440217 0.000201975
20.32 -1.69086e-05 9.96277e-05 -0.000152171 4.58571e-06 -0.00370348 0.0024857
20.34 -2.36533e-05 0.000191145 -0.000116755 -2.28309e-06 -0.0028177 0.00477458
20.36 -2.93732e-05 0.000279542 -7.23523e-05 -1.07381e-05 -0.00170717 0.00698542
20.38 -3.38837e-05 0.000359818 -1.87783e-05 -2.05907e-05 -0.00036726 0.00899316
20.4 -3.70653e-05 0.000427902 4.22422e-05 -3.09114e-05 0.00115889 0.010696
20.42 -3.88652e-05 0.000481128 0.000107809 -4.04695e-05 0.00279875 0.0120272
20.44 -3.92774e-05 0.000516922 0.000174875 -4.8039e-05 0.00447609 0.0129224
20.46 -3.83153e-05 0.000533091 0.000240582 -5.25551e-05 0.00611944 0.0133268
20.48 -3.59963e-05 0.000528951 0.000301661 -5.33523e-05 0.00764705 0.0132232
20.5 -3.23548e-05 0.000505058 0.000354331 -5.02758e-05 0.00896437 0.0126257
20.52 -2.74737e-05 0.000462578 0.000395389 -4.35404e-05 0.00999125 0.0115632
20.54 -2.15111e-05 0.000403465 0.000423088 -3.36755e-05 0.010684 0.0100848
20.56 -1.46956e-05 0.000330658 0.000437456 -2.16184e-05 0.0110434 0.00826385
20.58 -7.2948e-06 0.000247596 0.000440247 -8.5895e-06 0.0111131 0.00618646
20.6 4.19541e-07 0.000157515 0.000433533 4.28599e-06 0.0109452 0.0039335
20.62 8.1896e-06 6.28413e-05 0.000418308 1.63178e-05 0.0105645 0.00156566
20.64 1.57773e-05 -3.48169e-05 0.000394888 2.74453e-05 0.0099787 -0.000876815
20.66 2.29659e-05 -0.000133832 0.000363407 3.82208e-05 0.00919135 -0.00335323
20.68 2.95558e-05 -0.000231731 0.000323617 4.94522e-05 0.0081962 -0.00580171
20.7 3.536e-05 -0.00032476 0.000275468 6.16379e-05 0.00699196 -0.00812842
20.72 4.02061e-05 -0.000408529 0.00021991 7.45787e-05 0.00560244 -0.0102235
20.74 4.39445e-05 -0.000479614 0.000158546 8.74418e-05 0.00406769 -0.0120014
20.76 4.64474e-05 -0.000535726 9.33705e-05 9.91397e-05 0.00243763 -0.0134048
20.78 4.75936e-05 -0.000574249 2.72346e-05 0.000108579 0.000783541 -0.0143682
20.8 4.72687e-05 -0.00059245 -3.65387e-05 0.00011466 -0.000811454 -0.0148235
20.82 4.53996e-05 -0.000589496 -9.47458e-05 0.000116351 -0.00226724 -0.0147496
20.84 4.19997e-05 -0.000566489 -0.000144395 0.000112909 -0.00350898 -0.0141742
20.86 3.71818e-05 -0.000524822 -0.000183351 0.000104016 -0.0044833 -0.0131321
20.88 3.11287e-05 -0.000465736 -0.000210878 8.99129e-05 -0.00517176 -0.0116543
20.9 2.40524e-05 -0.000390902 -0.000227409 7.15695e-05 -0.00558521 -0.00978265
20.92 1.61791e-05 -0.000302984 -0.000234213 5.05572e-05 -0.00575537 -0.0075838
20.94 7.76749e-06 -0.000205621 -0.000232724 2.85831e-05 -0.00571813 -0.0051487
20.96 -8.73418e-07 -0.000102796 -0.000223619 7.0917e-06 -0.00549042 -0.00257699
20.98 -9.3977e-06 1.56511e-06 -0.000206945 -1.28529e-05 -0.00507338 3.31125e-05
21 -1.74627e-05 0.000103704 -0.000183222 -3.05387e-05 -0.00448007 0.00258766
21.02 -2.4762e-05 0.000200184 -0.000153538 -4.55577e-05 -0.00373765 0.00500066
21.04 -3.1025e-05 0.000287757 -0.000118745 -5.77498e-05 -0.00286746 0.00719088
21.06 -3.60007e-05 0.000363107 -7.93381e-05 -6.71234e-05 -0.00188189 0.00907543
21.08 -3.94639e-05 0.000423144 -3.55174e-05 -7.37603e-05 -0.000785911 0.010577
21.1 -4.12496e-05 0.000465563 1.25828e-05 -7.77156e-05 0.000417094 0.0116379
21.12 -4.12879e-05 0.000488725 6.39623e-05 -7.88798e-05 0.00170212 0.0122172
21.14 -3.96083e-05 0.000491282 0.00011606 -7.68334e-05 0.0030051 0.0122811
21.16 -3.63111e-05 0.000472452 0.000165364 -7.08888e-05 0.00423822 0.0118102
21.18 -3.15303e-05 0.000432201 0.000208834 -6.03999e-05 0.00532541 0.0108035
21.2 -2.54156e-05 0.000371426 0.000244446 -4.5155e-05 0.0062161 0.00928348
21.22 -1.81376e-05 0.000292416 0.000271129 -2.56699e-05 0.00688344 0.00730742
21.24 -9.90519e-06 0.000199034 0.000288931 -3.25071e-06 0.00732868 0.00497189
21.26 -9.7707e-07 9.64906e-05 0.000298941 2.0283e-05 0.00757904 0.00240724
21.28 8.34012e-06 -9.76364e-06 0.000302683 4.31109e-05 0.00767261 -0.000250224
21.3 1.77092e-05 -0.000115474 0.000301133 6.38681e-05 0.00763385 -0.00289408
21.32 2.67875e-05 -0.000218176 0.000294713 8.18204e-05 0.00747329 -0.0054627
21.34 3.52472e-05 -0.000316374 0.000284231 9.67457e-05 0.00721113 -0.00791869
21.36 4.27807e-05 -0.000407939 0.000270858 0.000108654 0.00687666 -0.0102088
21.38 4.91051e-05 -0.000489637 0.000255201 0.000117549 0.00648507 -0.0122521
21.4 5.39783e-05 -0.000557889 0.000236965 0.000123394 0.00602899 -0.0139591
21.42 5.72233e-05 -0.000609464 0.000215263 0.000126172 0.0054862 -0.015249
21.44 5.87435e-05 -0.000641816 0.000189054 0.000125871 0.0048307 -0.0160581
21.46 5.85189e-05 -0.000653346 0.00015831 0.000122391 0.0040618 -0.0163465
21.48 5.65797e-05 -0.000643325 0.000124731 0.000115512 0.00322198 -0.0160959
21.5 5.29676e-05 -0.000610829 9.07262e-05 0.000104905 0.00237149 -0.0152831
21.52 4.77166e-05 -0.000554718 5.83222e-05 9.02383e-05 0.00156106 -0.0138798
21.54 4.08807e-05 -0.000475968 2.91293e-05 7.1544e-05 0.000830928 -0.0119102
21.56 3.25898e-05 -0.00037895 4.43285e-06 4.96925e-05 0.000213261 -0.00948372
21.58 2.30928e-05 -0.000270403 -1.50414e-05 2.6384e-05 -0.000273798 -0.00676891
21.6 1.2754e-05 -0.000157214 -2.91959e-05 3.59676e-06 -0.000627807 -0.00393801
21.62 2.00086e-06 -4.39265e-05 -3.85516e-05 -1.70656e-05 -0.000861799 -0.00110465
21.64 -8.74252e-06 6.81594e-05 -4.42416e-05 -3.47992e-05 -0.00100411 0.00169866
21.66 -1.90887e-05 0.000179043 -4.74747e-05 -4.95853e-05 -0.00108497 0.00447192
21.68 -2.86781e-05 0.000286979 -4.88592e-05 -6.16789e-05 -0.0011196 0.00717142
21.7 -3.71672e-05 0.000387798 -4.85367e-05 -7.1083e-05 -0.00111153 0.00969296
21.72 -4.42503e-05 0.000476266 -4.6538e-05 -7.75436e-05 -0.00106154 0.0119056
21.74 -4.97064e-05 0.000547834 -4.23358e-05 -8.08874e-05 -0.000956443 0.0136955
21.76 -5.34276e-05 0.000600023 -3.42808e-05 -8.12455e-05 -0.000754984 0.0150008
21.78 -5.53987e-05 0.000631992 -2.09574e-05 -7.899e-05 -0.00042176 0.0158004
21.8 -5.56475e-05 0.000643475 -3.39993e-06 -7.44121e-05 1.73595e-05 0.0160875
21.82 -5.42096e-05 0.000634357 1.54149e-05 -6.74041e-05 0.000487927 0.0158595
21.84 -5.11305e-05 0.000604394 3.29462e-05 -5.74858e-05 0.000926391 0.0151101
21.86 -4.64895e-05 0.000553368 4.79171e-05 -4.419e-05 0.00130082 0.0138339
21.88 -4.04206e-05 0.000482286 5.98638e-05 -2.75623e-05 0.00159961 0.0120562
21.9 -3.31153e-05 0.000394809 6.91784e-05 -8.49261e-06 0.00183257 0.00986832
21.92 -2.48133e-05 0.000296586 7.66145e-05 1.14148e-05 0.00201856 0.0074117
21.94 -1.5789e-05 0.000192719 8.22708e-05 3.04879e-05 0.00216002 0.00481396
21.96 -6.33147e-06 8.59534e-05 8.59398e-05 4.76524e-05 0.00225178 0.0021437
21.98 3.28127e-06 -2.325e-05 8.79935e-05 6.2564e-05 0.00230315 -0.000587521
22 1.27896e-05 -0.000134296 8.8979e-05 7.522e-05 0.00232779 -0.00336484
22.02 2.19297e-05 -0.000243696 8.915e-05 8.54259e-05 0.00233207 -0.00610096
22.04 3.0407e-05 -0.0003453 8.89271e-05 9.2586e-05 0.0023265 -0.00864212
22.06 3.79035e-05 -0.000432977 8.87481e-05 9.60841e-05 0.00232202 -0.010835
22.08 4.41227e-05 -0.000502999 8.849e-05 9.59182e-05 0.00231556 -0.0125863
22.1 4.88422e-05 -0.000554401 8.75185e-05 9.2922e-05 0.00229127 -0.0138718
22.12 5.19377e-05 -0.000588091 8.55725e-05 8.83596e-05 0.0022426 -0.0147144
22.14 5.33663e-05 -0.000605352 8.33427e-05 8.32594e-05 0.00218683 -0.0151461
22.16 5.31272e-05 -0.00060576 8.17941e-05 7.78931e-05 0.0021481 -0.0151563
22.18 5.12332e-05 -0.000586871 8.11471e-05 7.16841e-05 0.00213192 -0.0146839
22.2 4.7714e-05 -0.000546105 8.06169e-05 6.37026e-05 0.00211865 -0.0136643
22.22 4.26439e-05 -0.000483213 7.95349e-05 5.34113e-05 0.00209159 -0.0120914
22.24 3.6162e-05 -0.000401317 7.83701e-05 4.10436e-05 0.00206246 -0.0100431
22.26 2.84642e-05 -0.000305344 7.85113e-05 2.73718e-05 0.00206599 -0.00764281
22.28 1.97816e-05 -0.000200083 8.12734e-05 1.32011e-05 0.00213508 -0.0050102
22.3 1.03728e-05 -8.92217e-05 8.68006e-05 -9.0218e-07 0.00227331 -0.0022375
22.32 5.42471e-07 2.43099e-05 9.39461e-05 -1.44948e-05 0.00245202 0.00060197
22.34 -9.3389e-06 0.000137154 0.000101127 -2.69715e-05 0.00263163 0.00342425
22.36 -1.88497e-05 0.000245334 0.000107057 -3.74674e-05 0.00277992 0.00612987
22.38 -2.75778e-05 0.000345289 0.00011086 -4.517e-05 0.00287506 0.00862978
22.4 -3.51942e-05 0.000434853 0.000112446 -4.98293e-05 0.00291471 0.0108698
22.42 -4.14868e-05 0.000512448 0.000112895 -5.19161e-05 0.00292594 0.0128105
22.44 -4.63356e-05 0.000575432 0.00011375 -5.21724e-05 0.00294732 0.0143858
22.46 -4.96664e-05 0.000620444 0.000115945 -5.09962e-05 0.00300223 0.0155115
22.48 -5.14297e-05 0.000644906 0.000119634 -4.82675e-05 0.0030945 0.0161233
22.5 -5.16086e-05 0.000647622 0.000124164 -4.36442e-05 0.00320778 0.0161913
22.52 -5.0221e-05 0.000628094 0.000127836 -3.69527e-05 0.00329963 0.0157029
22.54 -4.73003e-05 0.000586427 0.000128569 -2.84168e-05 0.00331796 0.0146608
22.56 -4.28851e-05 0.000524831 0.00012504 -1.86851e-05 0.0032297 0.0131202
22.58 -3.70471e-05 0.000447893 0.000117159 -8.64739e-06 0.0030326 0.011196
22.6 -2.99422e-05 0.000360757 0.000105817 9.29307e-07 0.00274891 0.00901665
22.62 -2.18437e-05 0.000267458 9.24853e-05 9.68432e-06 0.00241549 0.00668322
22.64 -1.31233e-05 0.000170423 7.82646e-05 1.76508e-05 0.00205982 0.00425632
22.66 -4.18657e-06 7.04982e-05 6.28475e-05 2.51259e-05 0.00167424 0.00175716
22.68 4.59914e-06 -3.25013e-05 4.54404e-05 3.2613e-05 0.00123888 -0.000818902
22.7 1.2938e-05 -0.000137735 2.67116e-05 4.06317e-05 0.000770462 -0.00345083
22.72 2.05963e-05 -0.000241706 8.68669e-06 4.92841e-05 0.000319651 -0.0060512
22.74 2.73867e-05 -0.000339068 -7.33235e-06 5.80093e-05 -8.09918e-05 -0.00848627
22.76 3.31649e-05 -0.000424022 -2.1312e-05 6.58282e-05 -0.000430629 -0.010611
22.78 3.78219e-05 -0.000491092 -3.34168e-05 7.17851e-05 -0.000733374 -0.0122884
22.8 4.12549e-05 -0.000535991 -4.37603e-05 7.52817e-05 -0.000992071 -0.0134114
22.82 4.33395e-05 -0.000556897 -5.22819e-05 7.62406e-05 -0.0012052 -0.0139343
22.84 4.39377e-05 -0.000554867 -5.81648e-05 7.49874e-05 -0.00135233 -0.0138835
22.86 4.29449e-05 -0.000532604 -5.97818e-05 7.18528e-05 -0.00139277 -0.0133267
22.88 4.0341e-05 -0.000493051 -5.52786e-05 6.68774e-05 -0.00128015 -0.0123374
22.9 3.62155e-05 -0.000438927 -4.34918e-05 5.99409e-05 -0.000985354 -0.0109838
22.92 3.07593e-05 -0.000372658 -2.48028e-05 5.10889e-05 -0.000517934 -0.00932637
22.94 2.42404e-05 -0.000296171 -1.04228e-06 4.06522e-05 7.63254e-05 -0.00741339
22.96 1.6979e-05 -0.000210883 2.55942e-05 2.91125e-05 0.000742516 -0.0052803
22.98 9.32218e-06 -0.000118185 5.35878e-05 1.69332e-05 0.00144265 -0.00296189
23 1.61003e-06 -1.99154e-05 8.25878e-05 4.50649e-06 0.00216795 -0.000504123
23.02 -5.86305e-06 8.14054e-05 0.000112957 -7.76812e-06 0.00292749 0.00202995
23.04 -1.28679e-05 0.000182114 0.000144337 -1.93181e-05 0.00371232 0.00454871
23.06 -1.92216e-05 0.00027693 0.000175276 -2.92768e-05 0.00448612 0.0069201
23.08 -2.47469e-05 0.000359625 0.00020445 -3.66032e-05 0.00521578 0.00898835
23.1 -2.92524e-05 0.000425058 0.00023123 -4.05005e-05 0.00588556 0.0106249
23.12 -3.25503e-05 0.000470828 0.000255183 -4.08745e-05 0.00648462 0.0117696
23.14 -3.44903e-05 0.000496823 0.000275792 -3.84249e-05 0.00700005 0.0124197
23.16 -3.49824e-05 0.000503945 0.000292627 -3.4256e-05 0.00742112 0.0125978
23.18 -3.40021e-05 0.0004933 0.000305101 -2.93299e-05 0.00773309 0.0123316
23.2 -3.15898e-05 0.000465822 0.000311734 -2.41059e-05 0.007899 0.0116444
23.22 -2.78566e-05 0.000422485 0.000310527 -1.85128e-05 0.00786879 0.0105605
23.24 -2.29919e-05 0.00036476 0.000300479 -1.22497e-05 0.00761751 0.00911676
23.26 -1.72501e-05 0.0002949 0.000282206 -5.17493e-06 0.00716049 0.00736955
23.28 -1.09096e-05 0.000215434 0.000257317 2.58232e-06 0.00653799 0.00538206
23.3 -4.22481e-06 0.000128564 0.000227645 1.08612e-05 0.00579589 0.00320941
23.32 2.5945e-06 3.63961e-05 0.000194467 1.97146e-05 0.00496608 0.000904251
23.34 9.36459e-06 -5.87637e-05 0.00015771 2.93792e-05 0.00404679 -0.00147573
23.36 1.5894e-05 -0.000154107 0.00011657 4.00235e-05 0.00301786 -0.00386031
23.38 2.19649e-05 -0.000246048 7.13279e-05 5.14339e-05 0.00188633 -0.00615979
23.4 2.73415e-05 -0.000330238 2.369e-05 6.28248e-05 0.00069489 -0.00826541
23.42 3.17955e-05 -0.00040229 -2.39173e-05 7.29819e-05 -0.000495789 -0.0100675
23.44 3.51307e-05 -0.000458871 -6.86904e-05 8.0727e-05 -0.00161558 -0.0114826
23.46 3.71943e-05 -0.000497893 -0.000107965 8.53547e-05 -0.00259786 -0.0124585
23.48 3.78813e-05 -0.000518251 -0.000140395 8.67264e-05 -0.00340894 -0.0129677
23.5 3.71488e-05 -0.000519921 -0.000166437 8.50885e-05 -0.00406027 -0.0130095
23.52 3.50346e-05 -0.000503825 -0.000186853 8.08151e-05 -0.00457088 -0.0126069
23.54 3.16556e-05 -0.000470994 -0.000201412 7.41623e-05 -0.00493501 -0.0117858
23.56 2.71798e-05 -0.00042204 -0.000209176 6.51585e-05 -0.00512918 -0.0105614
23.58 2.17914e-05 -0.000358001 -0.000209101 5.37884e-05 -0.00512732 -0.00895978
23.6 1.56739e-05 -0.000281087 -0.000200313 4.03424e-05 -0.00490753 -0.00703612
23.62 9.01371e-06 -0.000194232 -0.00018251 2.55472e-05 -0.00446226 -0.00486386
23.64 2.01721e-06 -0.000100903 -0.000156384 1.04082e-05 -0.00380883 -0.00252966
23.66 -5.07422e-06 -5.14964e-06 -0.000123159 -3.99782e-06 -0.00297788 -0.000134825
23.68 -1.19852e-05 8.89961e-05 -8.38912e-05 -1.67366e-05 -0.00199576 0.0022198
23.7 -1.84236e-05 0.000178313 -3.97154e-05 -2.72667e-05 -0.000890906 0.00445365
23.72 -2.41008e-05 0.00026011 7.88286e-06 -3.55028e-05 0.000299547 0.00649943
23.74 -2.87515e-05 0.000331629 5.72653e-05 -4.15862e-05 0.00153462 0.00828816
23.76 -3.21613e-05 0.000390622 0.000106505 -4.56757e-05 0.00276612 0.00976358
23.78 -3.41954e-05 0.000435475 0.000153337 -4.79394e-05 0.00393741 0.0108854
23.8 -3.48084e-05 0.000464415 0.000195812 -4.85023e-05 0.00499974 0.0116092
23.82 -3.40324e-05 0.000475608 0.000233338 -4.73255e-05 0.00593826 0.0118891
23.84 -3.19529e-05 0.000468176 0.000266345 -4.42462e-05 0.0067638 0.0117033
23.86 -2.86871e-05 0.000442585 0.000294723 -3.90907e-05 0.00747353 0.0110632
23.88 -2.43672e-05 0.000399962 0.000317493 -3.16508e-05 0.00804302 0.00999718
23.9 -1.91309e-05 0.000341689 0.000333242 -2.16749e-05 0.00843691 0.00853975
23.92 -1.31255e-05 0.000269867 0.000339791 -9.08404e-06 0.00860071 0.00674346
23.94 -6.51957e-06 0.000187503 0.000334767 5.75899e-06 0.00847506 0.00468349
23.96 4.81378e-07 9.82942e-05 0.000317892 2.19853e-05 0.008053 0.00245235
23.98 7.62207e-06 6.51239e-06 0.000291731 3.83383e-05 0.00739871 0.000156847
24 1.45989e-05 -8.34405e-05 0.000259729 5.34185e-05 0.00659833 -0.00209291
24.02 2.1092e-05 -0.00016828 0.000224462 6.6097e-05 0.00571629 -0.00421478
24.04 2.68204e-05 -0.000246919 0.000187193 7.59477e-05 0.00478417 -0.00618157
24.06 3.15844e-05 -0.000319404 0.000147808 8.33027e-05 0.00379912 -0.00799445
24.08 3.52738e-05 -0.000385131 0.00010537 8.87937e-05 0.00273773 -0.00963831
24.1 3.78431e-05 -0.000441917 5.98393e-05 9.27607e-05 0.001599 -0.0110586
24.12 3.92747e-05 -0.000485726 1.32493e-05 9.49135e-05 0.000433764 -0.0121542
24.14 3.95574e-05 -0.000511784 -3.14844e-05 9.43889e-05 -0.000685045 -0.012806
24.16 3.86942e-05 -0.000517115 -7.19705e-05 9.02717e-05 -0.00169762 -0.0129393
24.18 3.67237e-05 -0.000502561 -0.000106271 8.23399e-05 -0.00255549 -0.0125753
24.2 3.37233e-05 -0.000471726 -0.000132911 7.13779e-05 -0.00322178 -0.0118041
24.22 2.97837e-05 -0.000428131 -0.000151372 5.8713e-05 -0.0036835 -0.0107138
24.24 2.49908e-05 -0.000373763 -0.000161717 4.54619e-05 -0.0039422 -0.00935399
24.26 1.94442e-05 -0.000309538 -0.000163399 3.21563e-05 -0.00398429 -0.00774772
24.28 1.33081e-05 -0.000236851 -0.000155697 1.89036e-05 -0.00379166 -0.00592977
24.3 6.84274e-06 -0.00015849 -0.000138913 5.84671e-06 -0.00337188 -0.00396994
24.32 3.76282e-07 -7.7879e-05 -0.000114278 -6.49722e-06 -0.00275575 -0.00195382
24.34 -5.77534e-06 2.175e-06 -8.37779e-05 -1.73767e-05 -0.00199293 4.83675e-05
24.36 -1.13787e-05 7.9867e-05 -4.96479e-05 -2.62906e-05 -0.00113932 0.00199148
24.38 -1.62941e-05 0.000153915 -1.32611e-05 -3.3304e-05 -0.000229272 0.00384345
24.4 -2.0438e-05 0.00022303 2.51809e-05 -3.89062e-05 0.000732178 0.00557204
24.42 -2.37412e-05 0.000285401 6.57525e-05 -4.35509e-05 0.00174689 0.00713198
24.44 -2.61348e-05 0.000337981 0.000107884 -4.718e-05 0.00280061 0.00844701
24.46 -2.75581e-05 0.000376696 0.000150389 -4.90505e-05 0.00386369 0.0094153
24.48 -2.79738e-05 0.000398408 0.000191691 -4.80795e-05 0.00489667 0.00995832
24.5 -2.73805e-05 0.000403003 0.000229747 -4.35237e-05 0.00584847 0.0100732
24.52 -2.58118e-05 0.000392742 0.000261918 -3.54103e-05 0.00665308 0.00981662
24.54 -2.33252e-05 0.000369685 0.000285278 -2.4362e-05 0.00723733 0.00923995
24.56 -2.00011e-05 0.0003349 0.000297791 -1.11654e-05 0.00755028 0.00836995
24.58 -1.5959e-05 0.000289437 0.000299016 3.39004e-06 0.00758091 0.0072329
24.6 -1.13744e-05 0.000234935 0.000289889 1.84285e-05 0.00735264 0.00586979
24.62 -6.47329e-06 0.000173702 0.00027251 3.29251e-05 0.00691799 0.00433834
24.64 -1.49733e-06 0.00010846 0.000249183 4.57522e-05 0.00633455 0.0027066
24.66 3.34364e-06 4.16073e-05 0.000221086 5.59303e-05 0.00563184 0.00103459
24.68 7.90075e-06 -2.54496e-05 0.000188412 6.30773e-05 0.00481465 -0.000642535
24.7 1.20763e-05 -9.17381e-05 0.000151278 6.76337e-05 0.00388592 -0.00230044
24.72 1.57881e-05 -0.000155519 0.000109867 7.04803e-05 0.00285023 -0.00389561
24.74 1.89461e-05 -0.000214455 6.44044e-05 7.22703e-05 0.00171317 -0.00536964
24.76 2.14603e-05 -0.000266368 1.58649e-05 7.30895e-05 0.000499182 -0.00666799
24.78 2.32606e-05 -0.000309221 -3.35652e-05 7.25572e-05 -0.000737087 -0.00773978
24.8 2.43035e-05 -0.000341081 -8.09928e-05 7.01534e-05 -0.00192327 -0.00853661
24.82 2.45644e-05 -0.000360774 -0.000123731 6.56045e-05 -0.00299217 -0.00902915
24.84 2.40357e-05 -0.000368416 -0.000159995 5.90838e-05 -0.00389914 -0.00922028
24.86 2.27426e-05 -0.000364821 -0.000188515 5.1031e-05 -0.00461243 -0.00913035
24.88 2.07592e-05 -0.00035063 -0.000207829 4.18264e-05 -0.00509549 -0.00877544
24.9 1.82038e-05 -0.000326154 -0.000217007 3.17169e-05 -0.00532505 -0.00816327
24.92 1.52129e-05 -0.000291982 -0.000216507 2.10066e-05 -0.00531253 -0.00730862
24.94 1.19161e-05 -0.000249535 -0.000207519 1.02273e-05 -0.00508773 -0.006247
24.96 8.42745e-06 -0.000200829 -0.000191022 1.08341e-07 -0.00467514 -0.00502885
24.98 4.85319e-06 -0.000148067 -0.000167552 -8.64092e-06 -0.00408815 -0.00370925
25 1.30435e-06 -9.34232e-05 -0.000137218 -1.55788e-05 -0.0033295 -0.00234258
25.02 -2.09653e-06 -3.87187e-05 -9.9696e-05 -2.06393e-05 -0.00239105 -0.000974401
25.04 -5.22e-06 1.46857e-05 -5.49142e-05 -2.40236e-05 -0.00127103 0.000361265
25.06 -7.94101e-06 6.56113e-05 -3.98438e-06 -2.59378e-05 2.74225e-06 0.00163494
25.08 -1.01482e-05 0.000112811 5.11348e-05 -2.63827e-05 0.0013813 0.00281543
25.1 -1.17488e-05 0.000154907 0.000108564 -2.51814e-05 0.00281763 0.00386826
25.12 -1.26735e-05 0.000190416 0.000166637 -2.21898e-05 0.00427005 0.00475635
25.14 -1.28868e-05 0.000217924 0.000223606 -1.74777e-05 0.00569487 0.00544434
25.16 -1.2397e-05 0.000236505 0.000277827 -1.13559e-05 0.00705096 0.00590905
25.18 -1.12565e-05 0.000245702 0.000327774 -4.25549e-06 0.00830015 0.00613908
25.2 -9.54885e-06 0.00024518 0.00037156 3.46717e-06 0.00939526 0.00612602
25.22 -7.36801e-06 0.000234732 0.000407081 1.16114e-05 0.0102837 0.00586471
25.24 -4.80145e-06 0.000214544 0.000432771 1.99902e-05 0.0109262 0.00535979
25.26 -1.92906e-06 0.00018561 0.000447939 2.82289e-05 0.0113055 0.00463614
25.28 1.15963e-06 0.000150044 0.000452296 3.5727e-05 0.0114145 0.00374664
25.3 4.34712e-06 0.000110698 0.000445438 4.183e-05 0.011243 0.00276258
25.32 7.48812e-06 6.99127e-05 0.000427195 4.6131e-05 0.0107867 0.00174252
25.34 1.0428e-05 2.87446e-05 0.000398265 4.87218e-05 0.0100632 0.000712884
25.36 1.30192e-05 -1.24879e-05 0.000359798 5.01452e-05 0.00910109 -0.000318359
25.38 1.51247e-05 -5.32688e-05 0.000312817 5.10421e-05 0.00792607 -0.0013383
25.4 1.6623e-05 -9.2516e-05 0.000258423 5.18119e-05 0.00656566 -0.00231989
25.42 1.74258e-05 -0.00012877 0.000197845 5.25245e-05 0.00505058 -0.00322662
25.44 1.75002e-05 -0.000160523 0.000132208 5.3022e-05 0.00340896 -0.00402079
25.46 1.68749e-05 -0.000186319 6.28812e-05 5.3031e-05 0.00167508 -0.00466595
25.48 1.56213e-05 -0.000204789 -8.06633e-06 5.21847e-05 -9.93491e-05 -0.00512789
25.5 1.3828e-05 -0.000215048 -7.81004e-05 4.99952e-05 -0.00185093 -0.00538447
25.52 1.15834e-05 -0.0002168 -0.00014429 4.59062e-05 -0.00350637 -0.00542829
25.54 8.97087e-06 -0.000209983 -0.000203363 3.94691e-05 -0.00498381 -0.0052578
25.56 6.06826e-06 -0.000194589 -0.000252351 3.05795e-05 -0.006209 -0.00487278
25.58 2.95391e-06 -0.000171116 -0.000289075 1.96655e-05 -0.00712749 -0.00428571
25.6 -2.82088e-07 -0.000141178 -0.000312247 7.71068e-06 -0.00770702 -0.00353695
25.62 -3.52534e-06 -0.000107344 -0.000321479 -3.95435e-06 -0.00793793 -0.00269074
25.64 -6.6353e-06 -7.22648e-05 -0.000317496 -1.40074e-05 -0.00783831 -0.0018134
25.66 -9.45988e-06 -3.75845e-05 -0.000301822 -2.14724e-05 -0.0074463 -0.000946033
25.68 -1.18587e-05 -3.76776e-06 -0.000275972 -2.59227e-05 -0.00679978 -0.000100263
25.7 -1.37247e-05 2.93275e-05 -0.00024117 -2.75087e-05 -0.00592936 0.000727462
25.72 -1.49904e-05 6.18554e-05 -0.000198457 -2.68511e-05 -0.00486111 0.001541
25.74 -1.56199e-05 9.32488e-05 -0.000148443 -2.48306e-05 -0.00361023 0.00232616
25.76 -1.56074e-05 0.00012221 -9.10036e-05 -2.23049e-05 -0.00217364 0.00305049
25.78 -1.49825e-05 0.000147253 -2.60001e-05 -1.98751e-05 -0.00054788 0.00367683
25.8 -1.38096e-05 0.000167062 4.56744e-05 -1.77754e-05 0.00124473 0.00417226
25.82 -1.21701e-05 0.000180672 0.000121842 -1.58372e-05 0.00314971 0.00451266
25.84 -1.01427e-05 0.000187793 0.000199288 -1.35414e-05 0.00508666 0.00469075
25.86 -7.79828e-06 0.000188846 0.000273834 -1.01989e-05 0.00695109 0.00471708
25.88 -5.20161e-06 0.000184011 0.000340819 -5.16936e-06 0.00862642 0.00459615
25.9 -2.41345e-06 0.000172874 0.000396478 1.95962e-06 0.0100185 0.00431763
25.92 5.06648e-07 0.00015522 0.000438819 1.11565e-05 0.0110774 0.00387608
25.94 3.49631e-06 0.000131475 0.000467322 2.17855e-05 0.0117903 0.00328222
25.96 6.48626e-06 0.00010272 0.000482566 3.27287e-05 0.0121716 0.00256305
25.98 9.39758e-06 7.06558e-05 0.000486125 4.27233e-05 0.0122606 0.0017611
26 1.21402e-05 3.72889e-05 0.000479661 5.06978e-05 0.0120989 0.00092658
26.02 1.46152e-05 4.20562e-06 0.000463767 5.60577e-05 0.0117014 9.91541e-05
26.04 1.67262e-05 -2.81282e-05 0.000438176 5.88693e-05 0.0110614 -0.000709528
26.06 1.83942e-05 -6.01694e-05 0.000402837 5.97931e-05 0.0101775 -0.00151089
26.08 1.95529e-05 -9.20364e-05 0.000358536 5.97474e-05 0.00906953 -0.0023079
26.1 2.01407e-05 -0.000122545 0.000306458 5.94909e-05 0.00776703 -0.00307093
26.12 2.01116e-05 -0.000150038 0.000247402 5.93758e-05 0.00629002 -0.00375855
26.14 1.94628e-05 -0.000173631 0.000181899 5.93788e-05 0.00465176 -0.00434861
26.16 1.82489e-05 -0.000192762 0.000110894 5.92089e-05 0.00287589 -0.00482709
26.18 1.65662e-05 -0.000206616 3.64975e-05 5.83087e-05 0.00101521 -0.00517359
26.2 1.45231e-05 -0.000214404 -3.72064e-05 5.58822e-05 -0.000828153 -0.00536836
26.22 1.22166e-05 -0.000215278 -0.00010484 5.1047e-05 -0.00251969 -0.00539022
26.24 9.72542e-06 -0.000208261 -0.000162124 4.30587e-05 -0.0039524 -0.00521471
26.26 7.12093e-06 -0.000193248 -0.00020697 3.1687e-05 -0.00507402 -0.00483923
26.28 4.48514e-06 -0.000172108 -0.00023867 1.76847e-05 -0.00586685 -0.00431052
26.3 1.91701e-06 -0.000148063 -0.000257413 2.85117e-06 -0.0063356 -0.00370915
26.32 -4.78048e-07 -0.000124006 -0.000264092 -1.0592e-05 -0.00650266 -0.00310748
26.34 -2.60297e-06 -0.000101444 -0.000259724 -2.08619e-05 -0.00639341 -0.0025432
26.36 -4.37611e-06 -8.03387e-05 -0.000245241 -2.71177e-05 -0.0060312 -0.00201533
26.38 -5.73018e-06 -5.96509e-05 -0.000221656 -2.94588e-05 -0.00544131 -0.00149792
26.4 -6.61422e-06 -3.84263e-05 -0.000190193 -2.85569e-05 -0.00465442 -0.000967087
26.42 -7.00224e-06 -1.64941e-05 -0.00015218 -2.52124e-05 -0.00370368 -0.000418555
26.44 -6.90609e-06 5.62174e-06 -0.000108503 -2.01879e-05 -0.00261132 0.000134572
26.46 -6.3861e-06 2.73294e-05 -5.91755e-05 -1.43423e-05 -0.00137761 0.000677488
26.48 -5.5429e-06 4.81959e-05 -3.6464e-06 -8.69025e-06 1.11951e-05 0.00119937
26.5 -4.48472e-06 6.72963e-05 5.8062e-05 -4.09214e-06 0.00155455 0.00167708
26.52 -3.28991e-06 8.31139e-05 0.000124351 -7.65008e-07 0.00321246 0.00207268
26.54 -1.99325e-06 9.42325e-05 0.000191855 1.92026e-06 0.00490077 0.00235076
26.56 -6.01972e-07 9.9798e-05 0.000256153 5.15865e-06 0.00650889 0.00248996
26.58 8.78562e-07 9.9652e-05 0.000312963 1.01242e-05 0.00792972 0.00248631
26.6 2.42966e-06 9.45686e-05 0.000358956 1.73718e-05 0.00908004 0.00235917
26.62 4.01703e-06 8.61931e-05 0.000392075 2.65387e-05 0.00990835 0.0021497
26.64 5.59362e-06 7.61558e-05 0.000411699 3.65464e-05 0.0103992 0.00189866
26.66 7.10143e-06 6.5139e-05 0.000418657 4.61273e-05 0.0105732 0.00162312
26.68 8.47148e-06 5.29105e-05 0.000414628 5.42316e-05 0.0104724 0.00131728
26.7 9.62501e-06 3.92686e-05 0.000401179 6.01022e-05 0.0101361 0.000976095
26.72 1.04822e-05 2.46558e-05 0.000379682 6.31986e-05 0.0095984 0.000610622
26.74 1.09803e-05 9.69653e-06 0.000351527 6.32439e-05 0.00889424 0.000236484
26.76 1.10912e-05 -5.43325e-06 0.000317608 6.04185e-05 0.00804589 -0.000141918
26.78 1.08205e-05 -2.08788e-05 0.000277755 5.54784e-05 0.00704917 -0.000528219
26.8 1.01952e-05 -3.66673e-05 0.000230934 4.95973e-05 0.00587815 -0.000923094
26.82 9.2502e-06 -5.25275e-05 0.000176227 4.39636e-05 0.00450991 -0.00131977
26.84 8.02114e-06 -6.78094e-05 0.000113833 3.93119e-05 0.00294941 -0.00170197
26.86 6.54747e-06 -8.1456e-05 4.54712e-05 3.56128e-05 0.00123965 -0.00204328
26.88 4.88201e-06 -9.23037e-05 -2.55344e-05 3.21161e-05 -0.000536232 -0.00231458
26.9 3.09632e-06 -9.94177e-05 -9.45923e-05 2.77622e-05 -0.0022634 -0.00249251
26.92 1.27089e-06 -0.000102013 -0.00015676 2.16981e-05 -0.00381824 -0.00255742
26.94 -5.21569e-07 -9.95893e-05 -0.000207934 1.36244e-05 -0.00509813 -0.0024968
26.96 -2.22145e-06 -9.25537e-05 -0.000245752 3.93112e-06 -0.00604396 -0.00232084
26.98 -3.77325e-06 -8.23936e-05 -0.000269676 -6.34576e-06 -0.00664232 -0.00206673
27 -5.11941e-06 -7.09069e-05 -0.000280605 -1.57823e-05 -0.00691566 -0.00177944
27.02 -6.20811e-06 -5.94248e-05 -0.000280211 -2.29707e-05 -0.0069058 -0.00149227
27.04 -7.00591e-06 -4.87965e-05 -0.000270241 -2.6875e-05 -0.00665646 -0.00122645
27.06 -7.49915e-06 -3.94627e-05 -0.000252343 -2.70634e-05 -0.00620881 -0.00099301
27.08 -7.68337e-06 -3.12333e-05 -0.000227888 -2.38441e-05 -0.00559719 -0.000787187
27.1 -7.55291e-06 -2.31744e-05 -0.000197584 -1.82338e-05 -0.00483926 -0.000585631
27.12 -7.10043e-06 -1.40222e-05 -0.000161217 -1.16664e-05 -0.0039297 -0.000356732
27.14 -6.33348e-06 -2.73368e-06 -0.000117991 -5.54404e-06 -0.00284861 -7.44006e-05
27.16 -5.29539e-06 1.13204e-05 -6.73881e-05 -8.42543e-07 -0.00158301 0.000277099
27.18 -4.06478e-06 2.78119e-05 -9.82209e-06 2.13687e-06 -0.000143261 0.000689556
27.2 -2.72755e-06 4.48553e-05 5.30899e-05 3.87941e-06 0.00143019 0.00111582
27.22 -1.3459e-06 5.95415e-05 0.000118577 5.53479e-06 0.00306805 0.00148313
27.24 4.4819e-08 6.94708e-05 0.000182937 8.47521e-06 0.00467773 0.00173146
27.26 1.41611e-06 7.38732e-05 0.000242174 1.37133e-05 0.00615925 0.00184157
27.28 2.73561e-06 7.32711e-05 0.000293011 2.14998e-05 0.00743073 0.00182651
27.3 3.97919e-06 6.86358e-05 0.000333337 3.125e-05 0.00843929 0.00171058
27.32 5.14422e-06 6.12307e-05 0.0003622 4.1718e-05 0.00916116 0.00152537
27.34 6.24009e-06 5.26946e-05 0.000379742 5.13098e-05 0.00959989 0.00131188
27.36 7.26007e-06 4.45527e-05 0.000386771 5.84768e-05 0.00977569 0.00110825
27.38 8.16169e-06 3.75846e-05 0.000384382 6.20879e-05 0.00971596 0.000933977
27.4 8.87532e-06 3.17348e-05 0.000373881 6.16499e-05 0.00945331 0.00078767
27.42 9.33367e-06 2.62707e-05 0.000356577 5.73757e-05 0.00902053 0.000651011
27.44 9.49869e-06 1.99112e-05 0.000333178 5.01712e-05 0.00843532 0.000491958
27.46 9.36439e-06 1.12851e-05 0.000303578 4.14927e-05 0.00769501 0.000276215
27.48 8.94248e-06 -3.77647e-07 0.00026735 3.2991e-05 0.00678893 -1.54752e-05
27.5 8.25567e-06 -1.49718e-05 0.000224162 2.60545e-05 0.00570878 -0.000380481
27.52 7.34436e-06 -3.15917e-05 0.000174112 2.14604e-05 0.00445701 -0.000796151
27.54 6.27124e-06 -4.86577e-05 0.000118148 1.92187e-05 0.00305732 -0.00122298
27.56 5.10865e-06 -6.42289e-05 5.83159e-05 1.86212e-05 0.0015609 -0.00161242
27.58 3.91593e-06 -7.65742e-05 -2.35026e-06 1.85126e-05 4.36121e-05 -0.00192118
27.6 2.72677e-06 -8.46799e-05 -6.02828e-05 1.769e-05 -0.00140531 -0.00212391
27.62 1.55592e-06 -8.83528e-05 -0.00011199 1.52565e-05 -0.00269852 -0.00221577
27.64 4.15767e-07 -8.80056e-05 -0.00015459 1.08368e-05 -0.00376398 -0.00220709
27.66 -6.714e-07 -8.44449e-05 -0.000186177 4.6661e-06 -0.00455396 -0.00211803
27.68 -1.67183e-06 -7.88189e-05 -0.000206066 -2.4415e-06 -0.0050514 -0.00197732
27.7 -2.54669e-06 -7.23694e-05 -0.000214785 -9.26374e-06 -0.00526947 -0.00181602
27.72 -3.25889e-06 -6.59742e-05 -0.000213687 -1.44698e-05 -0.00524201 -0.00165607
27.74 -3.77535e-06 -6.00057e-05 -0.000204442 -1.69682e-05 -0.00501078 -0.0015068
27.76 -4.0665e-06 -5.4437e-05 -0.000188581 -1.61911e-05 -0.0046141 -0.00136752
27.78 -4.11052e-06 -4.87915e-05 -0.0001671 -1.22542e-05 -0.00407686 -0.00122633
27.8 -3.90228e-06 -4.2091e-05 -0.000140228 -5.95671e-06 -0.00340476 -0.00105874
27.82 -3.45897e-06 -3.3229e-05 -0.000107577 1.43062e-06 -0.00258814 -0.000837101
27.84 -2.81819e-06 -2.1616e-05 -6.86174e-05 8.55406e-06 -0.00161376 -0.000546655
27.86 -2.02876e-06 -7.54876e-06 -2.32029e-05 1.43736e-05 -0.000477921 -0.000194828
27.88 -1.13942e-06 7.93781e-06 2.80315e-05 1.84047e-05 0.000803473 0.000192498
27.9 -1.92051e-07 2.34488e-05 8.34479e-05 2.07587e-05 0.00218946 0.000580433
27.92 7.79214e-07 3.74657e-05 0.000140419 2.2022e-05 0.00361434 0.000931003
27.94 1.74582e-06 4.85931e-05 0.000195652 2.30267e-05 0.00499573 0.0012093
27.96 2.68409e-06 5.59317e-05 0.000245736 2.45653e-05 0.00624835 0.00139285
27.98 3.57583e-06 5.92825e-05 0.000287728 2.71269e-05 0.00729858 0.00147665
28 4.4064e-06 5.90963e-05 0.000319619 3.07401e-05 0.00809619 0.00147199
28.02 5.15944e-06 5.63038e-05 0.000340593 3.49494e-05 0.00862077 0.00140215
28.04 5.81314e-06 5.20506e-05 0.00035099 3.89261e-05 0.00888081 0.00129578
28.06 6.34226e-06 4.73735e-05 0.000351991 4.17078e-05 0.00890583 0.0011788
28.08 6.72374e-06 4.29193e-05 0.000345137 4.25093e-05 0.00873441 0.0010674
28.1 6.94073e-06 3.87736e-05 0.000331843 4.09901e-05 0.00840192 0.000963713
28.12 6.98333e-06 3.443e-05 0.000313029 3.73827e-05 0.00793137 0.000855078
28.14 6.84827e-06 2.89353e-05 0.000288974 3.24433e-05 0.00732975 0.000717654
28.16 6.53892e-06 2.12324e-05 0.000259439 2.72338e-05 0.00659107 0.000525
28.18 6.06826e-06 1.06174e-05 0.000224026 2.27997e-05 0.00570537 0.000259515
28.2 5.46166e-06 -2.90529e-06 0.00018263 1.9854e-05 0.00467005 -7.86927e-05
28.22 4.75392e-06 -1.85445e-05 0.000135823 1.85769e-05 0.00349939 -0.000469835
28.24 3.98155e-06 -3.48888e-05 8.50579e-05 1.85876e-05 0.00222973 -0.000878615
28.26 3.17542e-06 -5.0202e-05 3.26599e-05 1.90804e-05 0.000919231 -0.0012616
28.28 2.35933e-06 -6.27971e-05 -1.84318e-05 1.90809e-05 -0.000358595 -0.00157661
28.3 1.55256e-06 -7.14339e-05 -6.51315e-05 1.77521e-05 -0.00152657 -0.00179262
28.32 7.72194e-07 -7.56067e-05 -0.000104732 1.46687e-05 -0.00251701 -0.00189699
28.34 3.35452e-08 -7.56195e-05 -0.000135333 9.97341e-06 -0.00328234 -0.0018973
28.36 -6.48874e-07 -7.24433e-05 -0.000156083 4.36801e-06 -0.00380131 -0.00181787
28.38 -1.2579e-06 -6.7445e-05 -0.000167037 -1.06225e-06 -0.00407527 -0.00169286
28.4 -1.76984e-06 -6.20216e-05 -0.000168736 -5.14181e-06 -0.00411777 -0.00155722
28.42 -2.15466e-06 -5.71345e-05 -0.000162128 -6.93724e-06 -0.00395248 -0.00143499
28.44 -2.38083e-06 -5.29986e-05 -0.000148466 -6.03278e-06 -0.00361079 -0.00133155
28.46 -2.4218e-06 -4.91371e-05 -0.000128774 -2.64984e-06 -0.00311829 -0.00123497
28.48 -2.26129e-06 -4.4639e-05 -0.000103542 2.42727e-06 -0.00248723 -0.00112247
28.5 -1.8958e-06 -3.84725e-05 -7.28846e-05 8.0699e-06 -0.00172048 -0.000968244
28.52 -1.33563e-06 -2.98654e-05 -3.6706e-05 1.30972e-05 -0.00081564 -0.000752975
28.54 -6.05467e-07 -1.86379e-05 5.04133e-06 1.65825e-05 0.000228479 -0.000472171
28.56 2.57796e-07 -5.33554e-06 5.18339e-05 1.80952e-05 0.00139878 -0.000139474
28.58 1.21163e-06 8.83364e-06 0.000102338 1.78071e-05 0.00266191 0.000214903
28.6 2.21633e-06 2.22479e-05 0.000154472 1.64335e-05 0.00396581 0.000550398
28.62 3.23732e-06 3.32692e-05 0.000205756 1.50185e-05 0.00524844 0.000826047
28.64 4.23971e-06 4.07173e-05 0.000252026 1.46096e-05 0.00640566 0.00101233
