0.02 -5.35057e-11 3.24431e-10 -4.01937e-08 3.19639e-11 -1.00526e-06 8.11415e-09
0.04 -4.663e-10 6.02694e-09 -1.24567e-07 -2.60988e-12 -3.11548e-06 1.50736e-07
0.06 -2.00362e-09 2.04735e-08 -1.10378e-07 -8.68097e-10 -2.76061e-06 5.12052e-07
0.08 -5.91387e-09 5.30963e-08 1.12229e-07 -3.78163e-09 2.8069e-06 1.32796e-06
0.1 -1.39096e-08 1.05223e-07 4.79879e-07 -8.75747e-09 1.2002e-05 2.63168e-06
0.12 -2.80917e-08 7.95249e-08 8.72448e-07 -1.3744e-08 2.18203e-05 1.98895e-06
0.14 -5.05697e-08 -1.91101e-07 1.24025e-06 -1.58518e-08 3.10192e-05 -4.77952e-06
0.16 -8.2998e-08 -8.13441e-07 1.61825e-06 -1.1616e-08 4.04731e-05 -2.03445e-05
0.18 -1.26294e-07 -1.78001e-06 2.04791e-06 5.05589e-09 5.1219e-05 -4.45188e-05
0.2 -1.80268e-07 -2.95688e-06 2.51222e-06 4.24808e-08 6.28318e-05 -7.39528e-05
0.22 -2.43122e-07 -4.20253e-06 2.93802e-06 1.0553e-07 7.34812e-05 -0.000105107
0.24 -3.11462e-07 -5.55275e-06 3.26144e-06 1.90274e-07 8.15699e-05 -0.000138877
0.26 -3.81256e-07 -7.134e-06 3.51276e-06 2.85243e-07 8.78556e-05 -0.000178424
0.28 -4.49295e-07 -8.86848e-06 3.81953e-06 3.78518e-07 9.55281e-05 -0.000221804
0.3 -5.14063e-07 -1.0468e-05 4.28887e-06 4.64961e-07 0.000107267 -0.000261808
0.32 -5.752e-07 -1.17677e-05 4.88952e-06 5.47052e-07 0.000122289 -0.000294316
0.34 -6.32087e-07 -1.28614e-05 5.4548e-06 6.27703e-07 0.000136427 -0.00032167
0.36 -6.83259e-07 -1.38915e-05 5.80724e-06 7.05092e-07 0.000145242 -0.000347431
0.38 -7.27346e-07 -1.4906e-05 5.88254e-06 7.79736e-07 0.000147125 -0.000372804
0.4 -7.64187e-07 -1.59607e-05 5.72695e-06 8.62802e-07 0.000143233 -0.000399183
0.42 -7.94678e-07 -1.71414e-05 5.43039e-06 9.66063e-07 0.000135816 -0.000428713
0.44 -8.1966e-07 -1.83756e-05 5.11357e-06 1.08247e-06 0.000127892 -0.000459582
0.46 -8.38674e-07 -1.93438e-05 4.85755e-06 1.18762e-06 0.000121489 -0.000483797
0.48 -8.49032e-07 -1.97247e-05 4.51494e-06 1.26193e-06 0.000112921 -0.000493323
0.5 -8.46123e-07 -1.9557e-05 3.7745e-06 1.29826e-06 9.44019e-05 -0.000489129
0.52 -8.25985e-07 -1.92636e-05 2.57357e-06 1.28508e-06 6.43661e-05 -0.000481791
0.54 -7.89175e-07 -1.93488e-05 1.28444e-06 1.20148e-06 3.21244e-05 -0.000483921
0.56 -7.42343e-07 -1.9834e-05 4.25431e-07 1.04158e-06 1.06402e-05 -0.000496058
0.58 -6.94784e-07 -1.99132e-05 2.46605e-07 8.32107e-07 6.16769e-06 -0.000498037
0.6 -6.51688e-07 -1.86483e-05 5.38448e-07 6.10762e-07 1.34668e-05 -0.000466401
0.62 -6.09286e-07 -1.61026e-05 8.19929e-07 3.89377e-07 2.05068e-05 -0.000402732
0.64 -5.56448e-07 -1.32932e-05 8.13216e-07 1.46303e-07 2.03389e-05 -0.000332467
0.66 -4.82791e-07 -1.08536e-05 8.12742e-07 -1.41661e-07 2.0327e-05 -0.000271452
0.68 -3.87428e-07 -8.35185e-06 1.52368e-06 -4.58734e-07 3.8108e-05 -0.000208883
0.7 -2.80489e-07 -5.04279e-06 3.43011e-06 -7.4583e-07 8.57885e-05 -0.000126122
0.72 -1.75977e-07 -7.5927e-07 6.27666e-06 -9.45542e-07 0.000156982 -1.89897e-05
0.74 -8.30755e-08 4.03966e-06 9.21161e-06 -1.0465e-06 0.000230386 0.000101034
0.76 -3.25393e-09 8.77568e-06 1.14817e-05 -1.067e-06 0.000287162 0.000219483
0.78 6.66887e-08 1.29756e-05 1.30427e-05 -1.00185e-06 0.000326204 0.000324526
0.8 1.30092e-07 1.63919e-05 1.45965e-05 -8.16811e-07 0.000365065 0.000409968
0.82 1.87268e-07 1.92754e-05 1.70049e-05 -4.99451e-07 0.000425299 0.000482086
0.84 2.34635e-07 2.21856e-05 2.03746e-05 -7.97498e-08 0.000509576 0.00055487
0.86 2.6702e-07 2.52744e-05 2.36744e-05 4.13211e-07 0.000592106 0.000632123
0.88 2.81891e-07 2.787e-05 2.55705e-05 9.78278e-07 0.000639529 0.00069704
0.9 2.80913e-07 2.90141e-05 2.56894e-05 1.60618e-06 0.000642504 0.000725655
0.92 2.66114e-07 2.83428e-05 2.49792e-05 2.25406e-06 0.000624739 0.000708865
0.94 2.34955e-07 2.64689e-05 2.47973e-05 2.88463e-06 0.000620191 0.000661999
0.96 1.8129e-07 2.44327e-05 2.57667e-05 3.49713e-06 0.000644437 0.000611073
0.98 1.03161e-07 2.27135e-05 2.72549e-05 4.08365e-06 0.000681657 0.000568074
1 1.34513e-08 2.05156e-05 2.95409e-05 4.57758e-06 0.00073883 0.000513104
1.02 -5.27142e-08 1.762e-05 2.96068e-05 4.89929e-06 0.000740478 0.000440683
1.04 -4.905e-08 1.56747e-05 2.10419e-05 5.05854e-06 0.000526266 0.000392032
1.06 5.50319e-08 1.51191e-05 7.9572e-06 5.12993e-06 0.000199013 0.000378135
1.08 2.5724e-07 1.4853e-05 2.81287e-07 5.09969e-06 7.03511e-06 0.00037148
1.1 5.14557e-07 1.43586e-05 -9.56959e-07 4.83907e-06 -2.39339e-05 0.000359114
1.12 7.46869e-07 1.31834e-05 6.96747e-08 4.24832e-06 1.74259e-06 0.000329723
1.14 8.78269e-07 1.14896e-05 -2.00227e-06 3.3304e-06 -5.00777e-05 0.00028736
1.16 8.9169e-07 1.03767e-05 -1.18939e-05 2.13518e-06 -0.00029747 0.000259526
1.18 8.35298e-07 9.42703e-06 -2.44484e-05 7.12236e-07 -0.000611464 0.000235774
1.2 7.76418e-07 7.36875e-06 -2.91878e-05 -8.91194e-07 -0.000729998 0.000184295
1.22 7.49524e-07 4.58385e-06 -2.4708e-05 -2.61393e-06 -0.000617956 0.000114644
1.24 7.38597e-07 2.03988e-06 -1.93122e-05 -4.34275e-06 -0.000483005 5.10181e-05
1.26 7.04021e-07 -4.51555e-07 -2.01979e-05 -5.90318e-06 -0.000505159 -1.12936e-05
1.28 6.23647e-07 -3.4658e-06 -2.57188e-05 -7.14496e-06 -0.000643238 -8.66811e-05
1.3 5.02267e-07 -6.47951e-06 -2.88622e-05 -8.0407e-06 -0.000721857 -0.000162055
1.32 3.46651e-07 -8.26023e-06 -2.46304e-05 -8.6587e-06 -0.000616016 -0.000206592
1.34 1.51229e-07 -8.36667e-06 -1.35379e-05 -9.05639e-06 -0.000338589 -0.000209254
1.36 -7.86022e-08 -8.28749e-06 1.23619e-06 -9.23917e-06 3.09176e-05 -0.000207274
1.38 -2.93986e-07 -8.38747e-06 1.12487e-05 -9.14579e-06 0.000281334 -0.000209774
1.4 -4.13171e-07 -5.57736e-06 6.96649e-06 -8.57937e-06 0.000174235 -0.000139492
1.42 -3.72666e-07 1.1786e-06 -2.90071e-06 -7.27945e-06 -7.2548e-05 2.94774e-05
1.44 -1.64756e-07 9.07926e-06 -9.20175e-07 -5.21785e-06 -2.3014e-05 0.000227076
1.46 1.49893e-07 1.58547e-05 1.35797e-05 -2.70681e-06 0.000339634 0.000396534
1.48 4.49799e-07 2.09656e-05 2.68881e-05 -1.02082e-07 0.000672483 0.000524359
1.5 6.11824e-07 2.45774e-05 2.90858e-05 2.44998e-06 0.000727448 0.000614692
1.52 6.02488e-07 2.78048e-05 2.25132e-05 4.88757e-06 0.000563065 0.00069541
1.54 5.02357e-07 3.253e-05 1.65925e-05 7.05588e-06 0.000414986 0.000813588
1.56 4.2518e-07 3.87931e-05 1.94302e-05 8.78682e-06 0.000485959 0.000970231
1.58 4.25608e-07 4.33632e-05 3.10662e-05 1.00235e-05 0.000776979 0.00108453
1.6 4.87434e-07 4.30866e-05 4.13397e-05 1.07977e-05 0.00103392 0.00107761
1.62 5.69995e-07 3.88478e-05 3.88489e-05 1.12219e-05 0.000971627 0.0009716
1.64 6.44534e-07 3.42915e-05 2.45184e-05 1.15025e-05 0.000613214 0.000857644
1.66 6.99752e-07 3.18316e-05 1.10759e-05 1.17379e-05 0.000277013 0.000796121
1.68 7.30581e-07 3.10363e-05 8.10738e-06 1.16559e-05 0.000202769 0.000776231
1.7 7.23069e-07 2.95871e-05 1.23038e-05 1.07617e-05 0.000307722 0.000739987
1.72 6.5131e-07 2.43459e-05 1.36471e-05 8.82162e-06 0.00034132 0.0006089
1.74 4.99238e-07 1.37882e-05 6.95565e-06 6.07335e-06 0.000173964 0.000344848
1.76 2.87596e-07 1.23166e-06 -4.80517e-06 2.97454e-06 -0.000120179 3.08044e-05
1.78 6.93014e-08 -7.45676e-06 -1.51437e-05 -8.08361e-08 -0.000378751 -0.000186497
1.8 -1.06359e-07 -1.06234e-05 -1.93875e-05 -2.83944e-06 -0.00048489 -0.000265696
1.82 -2.23789e-07 -1.30226e-05 -1.78279e-05 -5.22583e-06 -0.000445884 -0.000325699
1.84 -3.05229e-07 -2.02197e-05 -1.60695e-05 -7.34465e-06 -0.000401906 -0.000505704
1.86 -3.96749e-07 -3.27485e-05 -1.98599e-05 -9.2844e-06 -0.000496704 -0.000819054
1.88 -5.39904e-07 -4.60623e-05 -2.86765e-05 -1.09166e-05 -0.000717211 -0.00115204
1.9 -7.35389e-07 -5.44277e-05 -3.68094e-05 -1.20274e-05 -0.000920618 -0.00136126
1.92 -9.30045e-07 -5.55644e-05 -4.00075e-05 -1.26029e-05 -0.0010006 -0.00138969
1.94 -1.04943e-06 -5.25669e-05 -3.88212e-05 -1.28109e-05 -0.000970934 -0.00131472
1.96 -1.04912e-06 -5.11377e-05 -3.66192e-05 -1.27155e-05 -0.000915862 -0.00127897
1.98 -9.38048e-07 -5.39736e-05 -3.65502e-05 -1.21636e-05 -0.000914137 -0.0013499
2 -7.60508e-07 -5.76448e-05 -3.94199e-05 -1.09694e-05 -0.000985909 -0.00144172
2.02 -5.59735e-07 -5.59739e-05 -4.30449e-05 -9.1119e-06 -0.00107657 -0.00139993
2.04 -3.50532e-07 -4.61962e-05 -4.38265e-05 -6.77686e-06 -0.00109612 -0.00115539
2.06 -1.18053e-07 -3.11452e-05 -4.00077e-05 -4.30966e-06 -0.00100061 -0.000778954
2.08 1.55743e-07 -1.62983e-05 -3.33605e-05 -2.09559e-06 -0.000834361 -0.000407626
2.1 4.59601e-07 -5.38527e-06 -2.67439e-05 -3.53768e-07 -0.000668877 -0.000134688
2.12 7.46481e-07 2.44307e-06 -2.05089e-05 9.91556e-07 -0.000512936 6.11021e-05
2.14 9.60628e-07 1.15838e-05 -1.23464e-05 2.19176e-06 -0.000308789 0.000289715
2.16 1.072e-06 2.50787e-05 -6.86262e-07 3.42427e-06 -1.71637e-05 0.000627228
2.18 1.08928e-06 4.07084e-05 1.33063e-05 4.66579e-06 0.000332797 0.00101813
2.2 1.04687e-06 5.31318e-05 2.66521e-05 5.75764e-06 0.000666581 0.00132885
2.22 9.79232e-07 5.91884e-05 3.64277e-05 6.5608e-06 0.000911073 0.00148033
2.24 9.00424e-07 5.97808e-05 4.25225e-05 7.07517e-06 0.0010635 0.00149514
2.26 8.0455e-07 5.85095e-05 4.80304e-05 7.41851e-06 0.00120126 0.00146335
2.28 6.83773e-07 5.90494e-05 5.50774e-05 7.68079e-06 0.00137751 0.00147685
2.3 5.4318e-07 6.20569e-05 6.19768e-05 7.832e-06 0.00155007 0.00155207
2.32 4.00897e-07 6.44676e-05 6.60866e-05 7.792e-06 0.00165285 0.00161236
2.34 2.7941e-07 6.26987e-05 6.67895e-05 7.54552e-06 0.00167043 0.00156812
2.36 1.94799e-07 5.63469e-05 6.4319e-05 7.16622e-06 0.00160865 0.00140926
2.38 1.49005e-07 4.8412e-05 5.91895e-05 6.76868e-06 0.00148036 0.0012108
2.4 1.346e-07 4.24804e-05 5.30492e-05 6.44676e-06 0.00132678 0.00106245
2.42 1.49879e-07 3.95729e-05 4.68649e-05 6.21152e-06 0.00117211 0.000989734
2.44 2.04263e-07 3.74175e-05 3.9344e-05 5.96792e-06 0.000984009 0.000935826
2.46 3.04613e-07 3.31659e-05 2.88685e-05 5.57896e-06 0.000722013 0.000829492
2.48 4.38627e-07 2.58252e-05 1.54201e-05 4.9707e-06 0.000385663 0.000645899
2.5 5.74629e-07 1.622e-05 6.07431e-07 4.1607e-06 1.51921e-05 0.000405669
2.52 6.77046e-07 6.67139e-06 -1.28747e-05 3.17706e-06 -0.000322001 0.000166854
2.54 7.22817e-07 -7.19072e-07 -2.27504e-05 1.98135e-06 -0.000568997 -1.79843e-05
2.56 7.09678e-07 -6.28035e-06 -2.99805e-05 4.99008e-07 -0.000749824 -0.000157074
2.58 6.55204e-07 -1.22672e-05 -3.83592e-05 -1.29646e-06 -0.000959379 -0.000306808
2.6 5.87167e-07 -2.01859e-05 -4.90418e-05 -3.35404e-06 -0.00122656 -0.000504857
2.62 5.29529e-07 -2.91532e-05 -5.84709e-05 -5.56296e-06 -0.00146238 -0.000729134
2.64 4.92838e-07 -3.67894e-05 -6.31254e-05 -7.76152e-06 -0.00157879 -0.000920118
2.66 4.75392e-07 -4.01459e-05 -6.35638e-05 -9.77009e-06 -0.00158976 -0.00100406
2.68 4.71609e-07 -3.79368e-05 -6.26175e-05 -1.1475e-05 -0.00156609 -0.000948816
2.7 4.78008e-07 -3.27144e-05 -6.15667e-05 -1.28707e-05 -0.00153981 -0.000818202
2.72 4.88218e-07 -2.87003e-05 -5.93244e-05 -1.39857e-05 -0.00148373 -0.000717805
2.74 4.79566e-07 -2.74368e-05 -5.3296e-05 -1.47769e-05 -0.00133296 -0.000686206
2.76 4.11508e-07 -2.58748e-05 -4.16242e-05 -1.51099e-05 -0.00104104 -0.000647139
2.78 2.49676e-07 -2.02397e-05 -2.6327e-05 -1.482e-05 -0.000658449 -0.000506202
2.8 -2.9582e-09 -1.10709e-05 -1.18882e-05 -1.37985e-05 -0.000297328 -0.000276887
2.82 -3.02578e-07 -2.23528e-06 5.51645e-07 -1.207e-05 1.37969e-05 -5.59054e-05
2.84 -5.97709e-07 3.76464e-06 1.49397e-05 -9.77605e-06 0.000373648 9.41553e-05
2.86 -8.68071e-07 8.02216e-06 3.47472e-05 -7.02494e-06 0.000869043 0.000200638
2.88 -1.13127e-06 1.32101e-05 5.84117e-05 -3.79118e-06 0.0014609 0.00033039
2.9 -1.4128e-06 2.02748e-05 8.10306e-05 -4.71097e-08 0.00202661 0.000507082
2.92 -1.712e-06 2.73184e-05 9.77316e-05 4.06438e-06 0.00244431 0.000683245
2.94 -1.99822e-06 3.12912e-05 0.000106397 8.32281e-06 0.00266104 0.000782605
2.96 -2.23679e-06 3.09872e-05 0.00010997 1.26493e-05 0.00275039 0.000775002
2.98 -2.41444e-06 2.81356e-05 0.000114418 1.70674e-05 0.00286164 0.000703684
3 -2.54144e-06 2.54766e-05 0.000121935 2.14515e-05 0.00304964 0.000637181
3.02 -2.63378e-06 2.39612e-05 0.000127578 2.54624e-05 0.00319077 0.00059928
3.04 -2.69308e-06 2.1625e-05 0.000124319 2.87322e-05 0.00310926 0.000540851
3.06 -2.69907e-06 1.57269e-05 0.000110487 3.099e-05 0.00276332 0.000393336
3.08 -2.62267e-06 6.13564e-06 9.12129e-05 3.20323e-05 0.00228127 0.000153455
3.1 -2.45354e-06 -3.7813e-06 7.36984e-05 3.17361e-05 0.00184323 -9.45719e-05
3.12 -2.21801e-06 -1.08222e-05 6.14348e-05 3.01293e-05 0.00153651 -0.000270669
3.14 -1.96629e-06 -1.65336e-05 5.11761e-05 2.73295e-05 0.00127994 -0.000413512
3.16 -1.73733e-06 -2.54167e-05 3.52559e-05 2.34004e-05 0.000881764 -0.000635683
3.18 -1.53472e-06 -3.87873e-05 9.03219e-06 1.83912e-05 0.000225899 -0.000970085
3.2 -1.33184e-06 -5.31305e-05 -2.30066e-05 1.25208e-05 -0.000575404 -0.00132882
3.22 -1.09335e-06 -6.46748e-05 -5.12161e-05 6.15326e-06 -0.00128094 -0.00161754
3.24 -7.9614e-07 -7.31967e-05 -7.11728e-05 -4.84424e-07 -0.00178006 -0.00183068
3.26 -4.44464e-07 -8.03731e-05 -8.66968e-05 -7.41568e-06 -0.00216832 -0.00201016
3.28 -7.06537e-08 -8.71629e-05 -0.000103533 -1.46259e-05 -0.0025894 -0.00217998
3.3 2.86943e-07 -9.30168e-05 -0.000123064 -2.17595e-05 -0.00307788 -0.00232639
3.32 6.10604e-07 -9.57998e-05 -0.000141615 -2.82545e-05 -0.00354186 -0.00239599
3.34 9.03297e-07 -9.3839e-05 -0.000154012 -3.37292e-05 -0.00385191 -0.00234695
3.36 1.16487e-06 -8.84464e-05 -0.000157273 -3.80952e-05 -0.00393346 -0.00221208
3.38 1.37854e-06 -8.21727e-05 -0.000152173 -4.13139e-05 -0.00380592 -0.00205517
3.4 1.52306e-06 -7.48117e-05 -0.000141998 -4.31991e-05 -0.00355143 -0.00187107
3.42 1.59311e-06 -6.37188e-05 -0.000129424 -4.35031e-05 -0.00323694 -0.00159363
3.44 1.60923e-06 -4.7615e-05 -0.000114544 -4.21099e-05 -0.0028648 -0.00119087
3.46 1.61084e-06 -2.78407e-05 -9.56505e-05 -3.90963e-05 -0.00239226 -0.000696307
3.48 1.63262e-06 -6.53442e-06 -7.17565e-05 -3.46329e-05 -0.00179466 -0.000163429
3.5 1.67689e-06 1.47796e-05 -4.36045e-05 -2.88509e-05 -0.00109057 0.000369643
3.52 1.70787e-06 3.55104e-05 -1.25722e-05 -2.18157e-05 -0.000314435 0.000888129
3.54 1.67771e-06 5.60343e-05 1.98647e-05 -1.36385e-05 0.000496825 0.00140144
3.56 1.56262e-06 7.71921e-05 5.17715e-05 -4.59141e-06 0.00129483 0.00193061
3.58 1.37945e-06 9.86487e-05 8.06148e-05 4.91205e-06 0.00201621 0.00246725
3.6 1.17428e-06 0.00011764 0.000104344 1.4427e-05 0.00260969 0.00294223
3.62 9.94228e-07 0.000130826 0.000123248 2.35346e-05 0.00308248 0.00327202
3.64 8.60631e-07 0.000137754 0.000139912 3.18481e-05 0.00349925 0.00344527
3.66 7.60168e-07 0.000141817 0.00015608 3.90566e-05 0.00390362 0.00354691
3.68 6.61303e-07 0.000146772 0.000169785 4.49596e-05 0.00424638 0.00367082
3.7 5.43645e-07 0.000152166 0.000177427 4.93702e-05 0.00443751 0.00380573
3.72 4.14431e-07 0.000153659 0.000177697 5.1992e-05 0.00444426 0.00384308
3.74 2.9523e-07 0.000147405 0.000171484 5.25221e-05 0.00428888 0.00368666
3.76 1.92547e-07 0.000133339 0.000160073 5.09203e-05 0.00400348 0.00333488
3.78 8.69155e-08 0.000114603 0.000144834 4.74638e-05 0.00362235 0.00286627
3.8 -4.54184e-08 9.44769e-05 0.000126759 4.24782e-05 0.0031703 0.00236291
3.82 -2.04548e-07 7.41755e-05 0.000104766 3.61237e-05 0.00262025 0.00185516
3.84 -3.65974e-07 5.22127e-05 7.66073e-05 2.8499e-05 0.00191598 0.00130586
3.86 -5.0414e-07 2.57571e-05 4.30091e-05 1.98126e-05 0.00107567 0.000644196
3.88 -6.12057e-07 -6.19808e-06 8.11633e-06 1.03436e-05 0.000202993 -0.000155017
3.9 -7.01513e-07 -4.06082e-05 -2.46657e-05 3.53929e-07 -0.000616899 -0.00101563
3.92 -7.87376e-07 -7.18693e-05 -5.49706e-05 -9.83467e-06 -0.00137484 -0.00179748
3.94 -8.64141e-07 -9.60531e-05 -8.38583e-05 -1.97712e-05 -0.00209733 -0.00240233
3.96 -8.90613e-07 -0.000112868 -0.000111632 -2.90118e-05 -0.00279195 -0.00282289
3.98 -8.05656e-07 -0.000124458 -0.000137394 -3.72637e-05 -0.00343628 -0.00311274
4 -5.73717e-07 -0.000133129 -0.000158873 -4.4294e-05 -0.00397348 -0.0033296
4.02 -2.21773e-07 -0.000138494 -0.000172629 -4.97817e-05 -0.00431752 -0.00346379
4.04 1.66198e-07 -0.000137157 -0.000176455 -5.33796e-05 -0.00441321 -0.00343036
4.06 4.89491e-07 -0.000126685 -0.000171152 -5.48905e-05 -0.00428058 -0.00316843
4.08 6.72669e-07 -0.000109362 -0.000158651 -5.43234e-05 -0.00396793 -0.00273518
4.1 6.8489e-07 -9.00142e-05 -0.000139215 -5.18214e-05 -0.00348184 -0.00225129
4.12 5.32218e-07 -7.10079e-05 -0.000111992 -4.75506e-05 -0.00280097 -0.00177594
4.14 2.36604e-07 -5.19861e-05 -7.76478e-05 -4.15798e-05 -0.001942 -0.00130019
4.16 -1.76814e-07 -3.2845e-05 -3.85414e-05 -3.38715e-05 -0.000963936 -0.000821468
4.18 -6.76822e-07 -1.46866e-05 2.9338e-06 -2.44721e-05 7.33754e-05 -0.000367318
4.2 -1.22124e-06 2.20003e-06 4.47507e-05 -1.36813e-05 0.00111923 5.50236e-05
4.22 -1.7619e-06 1.88321e-05 8.45662e-05 -1.94847e-06 0.00211503 0.000470999
4.24 -2.25305e-06 3.52831e-05 0.000120599 1.03045e-05 0.00301623 0.000882444
4.26 -2.65396e-06 5.07577e-05 0.00015328 2.26053e-05 0.00383359 0.00126947
4.28 -2.93238e-06 6.52216e-05 0.000183119 3.42979e-05 0.00457989 0.00163122
4.3 -3.07376e-06 7.86631e-05 0.000208019 4.47359e-05 0.00520265 0.0019674
4.32 -3.08216e-06 9.03414e-05 0.000225154 5.35775e-05 0.00563119 0.00225948
4.34 -2.96533e-06 0.000100583 0.000233643 6.0713e-05 0.00584351 0.00251562
4.36 -2.72485e-06 0.0001106 0.000233866 6.5983e-05 0.00584908 0.00276615
4.38 -2.36962e-06 0.000119042 0.000226227 6.91574e-05 0.00565803 0.0029773
4.4 -1.9393e-06 0.000121809 0.00021137 7.00833e-05 0.00528646 0.0030465
4.42 -1.51607e-06 0.000115013 0.000189817 6.86471e-05 0.00474741 0.00287652
4.44 -1.21504e-06 9.65459e-05 0.000162419 6.46763e-05 0.00406218 0.00241465
4.46 -1.14923e-06 6.71092e-05 0.000131012 5.80761e-05 0.00327666 0.00167843
4.48 -1.37847e-06 3.00342e-05 9.64271e-05 4.90219e-05 0.00241168 0.000751168
4.5 -1.87183e-06 -1.11547e-05 5.75151e-05 3.78882e-05 0.00143848 -0.000278982
4.52 -2.5102e-06 -5.47626e-05 1.39153e-05 2.50618e-05 0.000348029 -0.00136963
4.54 -3.13123e-06 -0.000101064 -3.23814e-05 1.0964e-05 -0.000809872 -0.00252764
4.56 -3.59343e-06 -0.000150736 -7.90047e-05 -3.79843e-06 -0.00197594 -0.00376996
4.58 -3.82304e-06 -0.000201826 -0.000125389 -1.8466e-05 -0.00313603 -0.00504774
4.6 -3.81591e-06 -0.000248569 -0.000173312 -3.23244e-05 -0.00433461 -0.00621682
4.62 -3.60006e-06 -0.000285287 -0.000224756 -4.48161e-05 -0.00562124 -0.00713515
4.64 -3.19501e-06 -0.000310625 -0.000277516 -5.55548e-05 -0.00694079 -0.00776887
4.66 -2.60102e-06 -0.000326129 -0.000324029 -6.43786e-05 -0.0081041 -0.00815662
4.68 -1.82006e-06 -0.000332447 -0.000357457 -7.13311e-05 -0.00894015 -0.00831463
4.7 -8.75747e-07 -0.000328678 -0.000377868 -7.64425e-05 -0.00945063 -0.00822038
4.72 2.00013e-07 -0.000312992 -0.000390135 -7.95558e-05 -0.00975743 -0.00782805
4.74 1.40076e-06 -0.000282789 -0.000397121 -8.04537e-05 -0.00993216 -0.00707268
4.76 2.75272e-06 -0.000236811 -0.000396383 -7.90722e-05 -0.00991371 -0.00592275
4.78 4.27669e-06 -0.000177895 -0.000382942 -7.54986e-05 -0.00957755 -0.00444923
4.8 5.93832e-06 -0.000111819 -0.000354871 -6.98769e-05 -0.00887547 -0.00279663
4.82 7.62995e-06 -4.3309e-05 -0.000316434 -6.24271e-05 -0.00791415 -0.00108318
4.84 9.19772e-06 2.4999e-05 -0.000274767 -5.34521e-05 -0.00687203 0.000625235
4.86 1.04997e-05 9.11718e-05 -0.000232918 -4.32334e-05 -0.00582538 0.00228024
4.88 1.14634e-05 0.000154557 -0.000187534 -3.20229e-05 -0.00469031 0.00386554
4.9 1.21098e-05 0.000216779 -0.000134165 -2.01999e-05 -0.00335551 0.00542173
4.92 1.25345e-05 0.000279654 -7.37552e-05 -8.29583e-06 -0.00184465 0.00699425
4.94 1.28664e-05 0.000342247 -1.25954e-05 3.21498e-06 -0.000315016 0.00855975
4.96 1.32222e-05 0.000401309 4.33802e-05 1.40452e-05 0.00108496 0.0100369
4.98 1.36581e-05 0.000453857 9.25998e-05 2.3997e-05 0.00231596 0.0113512
5 1.41315e-05 0.000498377 0.000137024 3.28902e-05 0.00342702 0.0124646
5.02 1.45003e-05 0.000534504 0.000179166 4.06192e-05 0.00448102 0.0133682
5.04 1.45745e-05 0.000562048 0.000219151 4.71227e-05 0.00548107 0.0140571
5.06 1.41868e-05 0.000579492 0.000254057 5.22403e-05 0.00635407 0.0144933
5.08 1.32361e-05 0.000582622 0.000281109 5.57072e-05 0.00703066 0.0145716
5.1 1.16871e-05 0.000565583 0.000301596 5.73249e-05 0.00754304 0.0141455
5.12 9.54286e-06 0.000524746 0.000319799 5.70719e-05 0.00799831 0.0131241
5.14 6.81726e-06 0.000460955 0.000337249 5.50996e-05 0.00843475 0.0115287
5.16 3.52908e-06 0.000377633 0.000350072 5.17438e-05 0.00875545 0.00944475
5.18 -2.82226e-07 0.0002766 0.000352543 4.75141e-05 0.00881724 0.00691787
5.2 -4.53839e-06 0.000155921 0.000341947 4.29206e-05 0.00855223 0.00389964
5.22 -9.12225e-06 1.24146e-05 0.000319286 3.82672e-05 0.00798547 0.000310494
5.24 -1.38876e-05 -0.000152114 0.00028698 3.36627e-05 0.0071775 -0.00380444
5.26 -1.86482e-05 -0.000326115 0.00024723 2.91887e-05 0.00618334 -0.00815627
5.28 -2.31371e-05 -0.000492261 0.000200311 2.4931e-05 0.00500985 -0.0123117
5.3 -2.6976e-05 -0.000636518 0.000142876 2.07828e-05 0.00357339 -0.0159196
5.32 -2.9711e-05 -0.000752733 6.97582e-05 1.62025e-05 0.00174468 -0.0188262
5.34 -3.09273e-05 -0.00083929 -2.03175e-05 1.03095e-05 -0.000508149 -0.020991
5.36 -3.03941e-05 -0.000892733 -0.000121375 2.87523e-06 -0.00303565 -0.0223277
5.38 -2.81684e-05 -0.000907141 -0.000223116 -4.52771e-06 -0.00558023 -0.022688
5.4 -2.4599e-05 -0.000881598 -0.000317366 -9.64067e-06 -0.00793745 -0.0220492
5.42 -2.01976e-05 -0.000828726 -0.000401917 -1.23857e-05 -0.0100521 -0.0207268
5.44 -1.55748e-05 -0.000770662 -0.000477384 -1.586e-05 -0.0119396 -0.0192746
5.46 -1.1281e-05 -0.000717945 -0.000541432 -2.36691e-05 -0.0135414 -0.0179562
5.48 -7.64278e-06 -0.000656068 -0.000585971 -3.5959e-05 -0.0146554 -0.0164086
5.5 -4.72894e-06 -0.000570915 -0.000600696 -4.96375e-05 -0.0150237 -0.0142789
5.52 -2.3291e-06 -0.000464627 -0.000581421 -6.26228e-05 -0.0145416 -0.0116206
5.54 -9.06484e-08 -0.000345188 -0.000532742 -7.54949e-05 -0.0133241 -0.00863334
5.56 2.2522e-06 -0.000219744 -0.000461281 -8.89263e-05 -0.0115368 -0.00549593
5.58 4.70802e-06 -9.11148e-05 -0.000368667 -0.000101344 -0.00922052 -0.00227887
5.6 7.04739e-06 3.85758e-05 -0.000256067 -0.000109729 -0.00640434 0.000964743
5.62 8.94579e-06 0.000164376 -0.000133391 -0.000111936 -0.00333616 0.00411106
5.64 1.01369e-05 0.000277905 -1.51525e-05 -0.000107554 -0.000378971 0.00695047
5.66 1.05303e-05 0.000372513 9.00425e-05 -9.69178e-05 0.002252 0.00931665
5.68 1.02762e-05 0.000447998 0.000181536 -8.01947e-05 0.00454029 0.0112046
5.7 9.72867e-06 0.000507835 0.000261303 -5.77839e-05 0.0065353 0.0127011
5.72 9.30884e-06 0.00055353 0.000328021 -3.11268e-05 0.00820393 0.013844
5.74 9.35617e-06 0.000584488 0.000374942 -2.5181e-06 0.00937745 0.0146182
5.76 1.00535e-05 0.00060361 0.000393032 2.60554e-05 0.0098299 0.0150965
5.78 1.14346e-05 0.000619045 0.000377556 5.37981e-05 0.00944283 0.0154825
5.8 1.34262e-05 0.000637577 0.000331504 8.10952e-05 0.00829104 0.015946
5.82 1.58817e-05 0.000656565 0.000262531 0.000107934 0.00656602 0.0164209
5.84 1.85922e-05 0.000664385 0.000176977 0.000131838 0.00442626 0.0166165
5.86 2.12984e-05 0.000651717 7.62348e-05 0.000149012 0.00190666 0.0162997
5.88 2.37207e-05 0.000619653 -4.01729e-05 0.00015731 -0.00100474 0.0154977
5.9 2.56114e-05 0.000574632 -0.000167821 0.000156548 -0.00419728 0.0143717
5.92 2.6803e-05 0.000521087 -0.000295513 0.000146694 -0.0073909 0.0130326
5.94 2.71945e-05 0.000458566 -0.000411694 0.000127065 -0.0102966 0.0114689
5.96 2.66582e-05 0.00038019 -0.000509502 9.72143e-05 -0.0127428 0.00950867
5.98 2.49513e-05 0.000274872 -0.000582463 5.79744e-05 -0.0145676 0.00687463
6 2.17362e-05 0.000134019 -0.000623264 1.15925e-05 -0.0155881 0.00335183
6.02 1.67264e-05 -4.1016e-05 -0.000631154 -3.88105e-05 -0.0157854 -0.00102586
6.04 9.88866e-06 -0.00023494 -0.000613042 -8.98872e-05 -0.0153324 -0.00587599
6.06 1.60708e-06 -0.000420549 -0.000570825 -0.000138513 -0.0142766 -0.0105182
6.08 -7.29096e-06 -0.000571494 -0.000499608 -0.000181928 -0.0124954 -0.0142933
6.1 -1.57302e-05 -0.000678975 -0.000403341 -0.000217682 -0.0100877 -0.0169815
6.12 -2.278e-05 -0.000753346 -0.000295933 -0.000243637 -0.00740141 -0.0188415
6.14 -2.80488e-05 -0.000808649 -0.000182391 -0.000258005 -0.00456167 -0.0202247
6.16 -3.18331e-05 -0.000845021 -4.87849e-05 -0.000259344 -0.00122013 -0.0211344
6.18 -3.49246e-05 -0.000847868 0.000120087 -0.000247061 0.00300342 -0.0212056
6.2 -3.81696e-05 -0.000808501 0.000322859 -0.000222209 0.00807483 -0.020221
6.22 -4.20133e-05 -0.000736588 0.000537455 -0.00018517 0.013442 -0.0184224
6.24 -4.61731e-05 -0.000644695 0.000714788 -0.000134335 0.0178771 -0.0161242
6.26 -4.96095e-05 -0.000537514 0.000793431 -7.17771e-05 0.019844 -0.0134435
6.28 -5.07938e-05 -0.000415516 0.000755559 -3.0097e-06 0.0188969 -0.0103923
6.3 -4.80856e-05 -0.000264448 0.000654275 7.08864e-05 0.0163637 -0.00661404
6.32 -4.14466e-05 -6.56039e-05 0.000607111 0.000151519 0.0151841 -0.00164086
6.34 -3.18285e-05 0.000175942 0.000611199 0.000235849 0.0152864 0.00440032
6.36 -2.06105e-05 0.000433618 0.0005794 0.000318041 0.0144911 0.0108449
6.38 -9.55242e-06 0.000680865 0.000502107 0.000395341 0.0125579 0.0170286
6.4 3.53014e-07 0.000897962 0.000409385 0.000465021 0.0102389 0.0224585
6.42 8.11361e-06 0.00106393 0.000354853 0.00052125 0.00887503 0.0266105
6.44 1.26311e-05 0.00115474 0.000348255 0.000564619 0.00871002 0.0288835
6.46 1.46879e-05 0.00113878 0.000333845 0.000603612 0.00834961 0.0284844
6.48 1.67007e-05 0.00106394 0.000209621 0.000641208 0.00524272 0.0266126
6.5 1.97034e-05 0.000977016 -3.42962e-05 0.000672214 -0.000857748 0.0244385
6.52 2.41531e-05 0.000884077 -0.000297835 0.000689448 -0.00744897 0.0221141
6.54 2.98971e-05 0.000814255 -0.000502372 0.000686596 -0.0125645 0.0203678
6.56 3.61107e-05 0.000746267 -0.000648992 0.000659458 -0.0162315 0.0186674
6.58 4.15713e-05 0.000652806 -0.000788714 0.000604281 -0.0197261 0.0163299
6.6 4.46676e-05 0.000505189 -0.000941073 0.000520268 -0.0235367 0.012638
6.62 4.45095e-05 0.000308028 -0.00105875 0.000416213 -0.0264801 0.00770688
6.64 4.09423e-05 0.000101308 -0.00106795 0.00030542 -0.0267104 0.00253672
6.66 3.46452e-05 -0.00010049 -0.00094388 0.000195806 -0.0236073 -0.00251033
6.68 2.67491e-05 -0.000296064 -0.000742207 8.9675e-05 -0.0185634 -0.00740171
6.7 1.85491e-05 -0.000484834 -0.000557977 -1.20161e-05 -0.0139557 -0.0121229
6.72 1.11888e-05 -0.000655661 -0.000456394 -0.000107972 -0.0114151 -0.0163954
6.74 5.45602e-06 -0.000789961 -0.000440929 -0.000197134 -0.0110283 -0.0197545
6.76 1.68527e-06 -0.000868578 -0.000472451 -0.000279273 -0.0118166 -0.0217211
6.78 -2.26377e-07 -0.000886765 -0.000511824 -0.000355616 -0.0128014 -0.022176
6.8 -8.25385e-07 -0.000864925 -0.00054825 -0.000430116 -0.0137124 -0.0216298
6.82 -9.86105e-07 -0.000839314 -0.000574874 -0.000506942 -0.0143783 -0.0209893
6.84 -1.86949e-06 -0.000831378 -0.000568038 -0.0005818 -0.0142073 -0.0207908
6.86 -4.39779e-06 -0.000836813 -0.000504975 -0.000642707 -0.0126301 -0.0209267
6.88 -8.72049e-06 -0.000846882 -0.000389763 -0.000682568 -0.00974858 -0.0211785
6.9 -1.45306e-05 -0.000858426 -0.000247543 -0.000700843 -0.0061916 -0.0214673
6.92 -2.12002e-05 -0.000864918 -8.9507e-05 -0.000694699 -0.00223906 -0.0216296
6.94 -2.78835e-05 -0.000858741 8.68783e-05 -0.000659011 0.00217241 -0.0214752
6.96 -3.32957e-05 -0.000823692 0.000275407 -0.000593843 0.00688758 -0.0205986
6.98 -3.6776e-05 -0.000751657 0.000453657 -0.000506267 0.0113457 -0.0187969
7 -3.83763e-05 -0.000640223 0.000596968 -0.00040649 0.01493 -0.0160099
7.02 -3.80273e-05 -0.000479241 0.000692171 -0.000304095 0.017311 -0.0119837
7.04 -3.58151e-05 -0.00027523 0.000741779 -0.0002057 0.0185517 -0.00688131
7.06 -3.18071e-05 -5.22769e-05 0.00076052 -0.000114598 0.0190205 -0.00130515
7.08 -2.6212e-05 0.000162443 0.000766028 -3.15327e-05 0.0191582 0.00406508
7.1 -1.94997e-05 0.000355774 0.000768158 4.53711e-05 0.0192115 0.00890038
7.12 -1.24103e-05 0.000529783 0.000766004 0.000120559 0.0191576 0.0132524
7.14 -5.7782e-06 0.00068702 0.000754848 0.000198584 0.0188786 0.017185
7.16 -2.80335e-07 0.000817112 0.00073555 0.000280098 0.018396 0.0204387
7.18 3.77003e-06 0.000899508 0.000716679 0.000360052 0.017924 0.0224996
7.2 6.48935e-06 0.000922845 0.000701389 0.000431531 0.0175416 0.0230833
7.22 8.25664e-06 0.000898166 0.000668726 0.000489554 0.0167247 0.0224661
7.24 9.48161e-06 0.00084675 0.000598066 0.000528241 0.0149574 0.0211802
7.26 1.0728e-05 0.0007862 0.00048225 0.000540709 0.0120608 0.0196658
7.28 1.27096e-05 0.000730092 0.000333494 0.000524579 0.00834037 0.0182625
7.3 1.58919e-05 0.000688084 0.000172551 0.000483049 0.00431512 0.0172119
7.32 2.03801e-05 0.000655352 6.85916e-06 0.000421282 0.000171105 0.0163932
7.34 2.58426e-05 0.000616852 -0.000160405 0.000342713 -0.00401225 0.0154303
7.36 3.13958e-05 0.000556248 -0.000327501 0.000250773 -0.00819137 0.0139146
7.38 3.59203e-05 0.000469919 -0.000486188 0.000153932 -0.0121602 0.0117555
7.4 3.842e-05 0.000371079 -0.000621214 6.25759e-05 -0.0155373 0.00928345
7.42 3.82814e-05 0.000265941 -0.000715965 -1.84314e-05 -0.0179071 0.0066539
7.44 3.54706e-05 0.000148633 -0.000762029 -9.0875e-05 -0.0190591 0.00371997
7.46 3.04899e-05 1.38723e-05 -0.000763675 -0.000159104 -0.0191003 0.000349555
7.48 2.41308e-05 -0.0001337 -0.000734173 -0.00022598 -0.0183624 -0.00334128
7.5 1.71986e-05 -0.000282238 -0.000689549 -0.000290873 -0.0172464 -0.00705629
7.52 1.03745e-05 -0.000419261 -0.000646986 -0.000349947 -0.0161819 -0.0104833
7.54 4.13707e-06 -0.000538334 -0.000619547 -0.000399418 -0.0154956 -0.0134614
7.56 -1.22345e-06 -0.000640058 -0.000595779 -0.000437805 -0.0149012 -0.0160055
7.58 -5.72089e-06 -0.000721218 -0.000542721 -0.000461813 -0.0135742 -0.0180354
7.6 -9.67268e-06 -0.00077175 -0.000436668 -0.000464682 -0.0109217 -0.0192993
7.62 -1.3503e-05 -0.000788915 -0.000294389 -0.000442684 -0.00736325 -0.0197286
7.64 -1.75733e-05 -0.000783105 -0.000149805 -0.000397998 -0.00374716 -0.0195833
7.66 -2.19783e-05 -0.000768414 -1.48833e-05 -0.0003354 -0.00037271 -0.0192158
7.68 -2.63332e-05 -0.000744939 0.000116865 -0.000258775 0.00292236 -0.0186287
7.7 -3.00148e-05 -0.000693766 0.000257893 -0.000169283 0.00644954 -0.0173489
7.72 -3.24522e-05 -0.00059437 0.000408641 -6.93354e-05 0.0102198 -0.0148629
7.74 -3.30631e-05 -0.000447213 0.000548829 3.17841e-05 0.013726 -0.0111825
7.76 -3.14468e-05 -0.000273937 0.000648347 0.000122152 0.016215 -0.00684876
7.78 -2.75405e-05 -9.39653e-05 0.000691758 0.00019563 0.0173007 -0.00234759
7.8 -2.16999e-05 8.47383e-05 0.000689462 0.00025309 0.0172433 0.00212186
7.82 -1.46898e-05 0.00025727 0.00066567 0.000298418 0.0166482 0.00643694
7.84 -7.48176e-06 0.000413961 0.00063876 0.000334948 0.0159752 0.0103559
7.86 -9.91176e-07 0.000541962 0.0006154 0.000363685 0.015391 0.0135572
7.88 4.1545e-06 0.000632601 0.000598674 0.000383289 0.0149726 0.0158241
7.9 7.76661e-06 0.000686502 0.000583863 0.000392537 0.0146022 0.0171722
7.92 1.01096e-05 0.000711354 0.000549137 0.000391915 0.0137337 0.0177938
7.94 1.18317e-05 0.000714179 0.000468786 0.000381096 0.0117241 0.0178644
7.96 1.37221e-05 0.000699852 0.000344057 0.000357249 0.00860454 0.0175061
7.98 1.6383e-05 0.000676119 0.000201306 0.000317963 0.00503429 0.0169126
8 2.00222e-05 0.000654348 6.15489e-05 0.00026448 0.0015389 0.0163681
8.02 2.42969e-05 0.000638351 -7.11907e-05 0.000200413 -0.00178097 0.015968
8.04 2.85541e-05 0.000615489 -0.000205257 0.000127468 -0.00513403 0.0153962
8.06 3.2019e-05 0.000563522 -0.000346726 4.63084e-05 -0.00867221 0.0140965
8.08 3.3981e-05 0.000471977 -0.000484588 -3.7273e-05 -0.0121202 0.0118069
8.1 3.40271e-05 0.000353343 -0.000591452 -0.000112467 -0.0147929 0.00883979
8.12 3.20467e-05 0.000225371 -0.00064486 -0.000171257 -0.0161287 0.00563916
8.14 2.8269e-05 9.42579e-05 -0.000648486 -0.000212825 -0.0162194 0.00235997
8.16 2.31876e-05 -4.28051e-05 -0.000629583 -0.000240397 -0.0157466 -0.00106804
8.18 1.7405e-05 -0.000187175 -0.00061533 -0.000256973 -0.0153901 -0.00467878
8.2 1.14579e-05 -0.000332876 -0.000613714 -0.000264276 -0.0153497 -0.00832283
8.22 5.73288e-06 -0.00046785 -0.000616593 -0.000263315 -0.0154217 -0.0116986
8.24 4.36105e-07 -0.00058063 -0.000611113 -0.000255358 -0.0152846 -0.0145193
8.26 -4.39342e-06 -0.000666918 -0.000582869 -0.000242748 -0.0145783 -0.0166774
8.28 -8.77679e-06 -0.000728944 -0.000523742 -0.000227967 -0.0130995 -0.0182287
8.3 -1.27596e-05 -0.000768737 -0.000441146 -0.000211242 -0.0110337 -0.0192239
8.32 -1.64011e-05 -0.000784329 -0.000347121 -0.000189823 -0.00868212 -0.0196139
8.34 -1.97439e-05 -0.000773876 -0.000244351 -0.000160416 -0.00611179 -0.0193525
8.36 -2.28011e-05 -0.000741537 -0.000130816 -0.000122075 -0.00327222 -0.0185436
8.38 -2.54507e-05 -0.000698237 -9.52144e-06 -7.66343e-05 -0.0002386 -0.0174607
8.4 -2.75844e-05 -0.00065175 0.000111266 -2.70059e-05 0.00278234 -0.016298
8.42 -2.92435e-05 -0.00060192 0.000224018 2.52082e-05 0.00560231 -0.0150518
8.44 -3.03647e-05 -0.000535991 0.000323651 7.82154e-05 0.00809418 -0.0134029
8.46 -3.07257e-05 -0.000440684 0.000404142 0.000124148 0.0101073 -0.0110192
8.48 -3.00331e-05 -0.000323456 0.000461566 0.000152077 0.0115435 -0.00808726
8.5 -2.80089e-05 -0.000199193 0.000500012 0.000159243 0.012505 -0.0049794
8.52 -2.45544e-05 -7.35457e-05 0.000526512 0.000152476 0.0131678 -0.0018369
8.54 -1.98379e-05 5.51473e-05 0.000543093 0.000140687 0.0135825 0.00138177
8.56 -1.42755e-05 0.000187151 0.000548411 0.000130226 0.0137155 0.00468322
8.58 -8.38428e-06 0.000316816 0.000542729 0.000124016 0.0135734 0.0079262
8.6 -2.61121e-06 0.000433767 0.000525198 0.000121551 0.0131349 0.0108512
8.62 2.72814e-06 0.000528361 0.000487972 0.000120382 0.0122039 0.013217
8.64 7.46379e-06 0.000596913 0.0004219 0.000118419 0.0105514 0.0149316
8.66 1.16082e-05 0.000640997 0.000330533 0.000113931 0.00826631 0.0160341
8.68 1.53035e-05 0.00066309 0.00022711 0.000104274 0.00567966 0.0165867
8.7 1.87355e-05 0.000665422 0.000120696 8.68429e-05 0.00301819 0.016645
8.72 2.2041e-05 0.00065283 1.46073e-05 6.16582e-05 0.00036487 0.0163301
8.74 2.52473e-05 0.000633492 -8.93874e-05 3.17639e-05 -0.00223608 0.0158464
8.76 2.82606e-05 0.000615381 -0.000190353 8.00476e-07 -0.00476127 0.0153935
8.78 3.09251e-05 0.000596502 -0.000288232 -2.96222e-05 -0.00720926 0.0149213
8.8 3.30701e-05 0.000566449 -0.0003803 -5.9394e-05 -0.00951192 0.0141697
8.82 3.44156e-05 0.000512177 -0.000457808 -8.4738e-05 -0.0114504 0.0128123
8.84 3.46175e-05 0.000433812 -0.000512155 -9.87717e-05 -0.0128097 0.0108523
8.86 3.33862e-05 0.00034119 -0.00054477 -0.000100633 -0.0136254 0.00853583
8.88 3.05685e-05 0.000235422 -0.00056425 -9.67826e-05 -0.0141126 0.00589051
8.9 2.62484e-05 0.000114643 -0.0005767 -9.37795e-05 -0.014424 0.00286978
8.92 2.07519e-05 -1.90528e-05 -0.00058278 -9.48945e-05 -0.014576 -0.000473999
8.94 1.45425e-05 -0.000157464 -0.000577701 -0.000100997 -0.014449 -0.00393571
8.96 8.07601e-06 -0.000291141 -0.000549154 -0.000111253 -0.013735 -0.00727903
8.98 1.74675e-06 -0.000412128 -0.00048676 -0.000123383 -0.0121745 -0.010305
9 -4.15956e-06 -0.000513765 -0.000398143 -0.000134383 -0.00995818 -0.012847
9.02 -9.48336e-06 -0.00058952 -0.000302675 -0.000140923 -0.00757049 -0.0147416
9.04 -1.41669e-05 -0.000634122 -0.000210502 -0.000139276 -0.00526521 -0.0158571
9.06 -1.82156e-05 -0.000647176 -0.000116571 -0.000126433 -0.00291595 -0.0161836
9.08 -2.16635e-05 -0.000636849 -1.23645e-05 -0.000102633 -0.000309706 -0.0159253
9.1 -2.46025e-05 -0.000617643 0.00010273 -7.21271e-05 0.00256885 -0.015445
9.12 -2.71391e-05 -0.000599739 0.000218924 -4.0137e-05 0.00547492 -0.0149972
9.14 -2.93369e-05 -0.000577346 0.000321092 -8.50667e-06 0.00803018 -0.0144371
9.16 -3.10843e-05 -0.000531248 0.000398585 2.32625e-05 0.00996832 -0.0132842
9.18 -3.20107e-05 -0.000450285 0.000452112 5.2132e-05 0.0113071 -0.0112593
9.2 -3.16913e-05 -0.000346376 0.000491851 7.29386e-05 0.0123009 -0.0086605
9.22 -2.9904e-05 -0.00024073 0.000526341 8.57652e-05 0.0131636 -0.00601823
9.24 -2.67903e-05 -0.000144504 0.000553185 9.61773e-05 0.0138349 -0.0036116
9.26 -2.28258e-05 -5.42288e-05 0.000564705 0.00010965 0.0141231 -0.00135377
9.28 -1.85737e-05 4.25453e-05 0.000560841 0.000128437 0.0140264 0.00106659
9.3 -1.44057e-05 0.000153216 0.000550853 0.000151614 0.0137766 0.00383451
9.32 -1.03635e-05 0.000268855 0.000539331 0.000176231 0.0134884 0.00672668
9.34 -6.28631e-06 0.000369766 0.000515594 0.000198558 0.0128947 0.00925052
9.36 -2.02425e-06 0.000443255 0.000463444 0.000214695 0.0115905 0.0110885
9.38 2.45628e-06 0.000493975 0.000381737 0.000221378 0.00954692 0.012357
9.4 7.04471e-06 0.000535985 0.000284007 0.00021696 0.00710267 0.0134077
9.42 1.15567e-05 0.00057624 0.000181889 0.00020152 0.00454866 0.0144145
9.44 1.58016e-05 0.000607427 7.83967e-05 0.000176545 0.00196027 0.0151945
9.46 1.95958e-05 0.000616709 -2.92407e-05 0.000144609 -0.000731786 0.0154267
9.48 2.27446e-05 0.000599655 -0.000141504 0.00010879 -0.00353954 0.0150001
9.5 2.50658e-05 0.000562665 -0.000251307 7.15506e-05 -0.00628575 0.014075
9.52 2.64809e-05 0.000513969 -0.000346722 3.42737e-05 -0.00867212 0.0128571
9.54 2.69312e-05 0.000452874 -0.000419014 -1.27876e-06 -0.0104802 0.0113291
9.56 2.63449e-05 0.000373202 -0.000468726 -3.26923e-05 -0.0117235 0.00933647
9.58 2.46781e-05 0.000272947 -0.000504255 -5.91076e-05 -0.0126121 0.00682905
9.6 2.19174e-05 0.000155617 -0.000533798 -8.18435e-05 -0.013351 0.00389456
9.62 1.81504e-05 2.75398e-05 -0.000559235 -0.000102805 -0.0139872 0.0006913
9.64 1.3607e-05 -0.000105352 -0.00057745 -0.000123354 -0.0144427 -0.00263237
9.66 8.65265e-06 -0.000236088 -0.000585468 -0.000143981 -0.0146433 -0.00590215
9.68 3.70089e-06 -0.000355284 -0.000580959 -0.00016401 -0.0145305 -0.00888329
9.7 -8.81277e-07 -0.000452994 -0.000558586 -0.000181309 -0.0139709 -0.011327
9.72 -4.82016e-06 -0.000522247 -0.000513755 -0.000192488 -0.0128497 -0.0130591
9.74 -7.99648e-06 -0.000561977 -0.000449876 -0.000194054 -0.011252 -0.0140528
9.76 -1.04741e-05 -0.000576488 -0.000373244 -0.000183765 -0.00933545 -0.0144157
9.78 -1.24554e-05 -0.000571235 -0.00028464 -0.000161285 -0.00711942 -0.0142843
9.8 -1.41497e-05 -0.000548355 -0.000181759 -0.00012824 -0.00454633 -0.0137121
9.82 -1.56751e-05 -0.000504677 -6.59844e-05 -8.73088e-05 -0.00165076 -0.0126197
9.84 -1.70165e-05 -0.000435645 5.44084e-05 -4.14439e-05 0.00136031 -0.0108932
9.86 -1.79616e-05 -0.000343671 0.000166771 5.35323e-06 0.00417055 -0.00859283
9.88 -1.81943e-05 -0.000239853 0.000261076 4.84944e-05 0.00652915 -0.00599631
9.9 -1.74434e-05 -0.000133779 0.000335616 8.51544e-05 0.00839342 -0.00334336
9.92 -1.56162e-05 -2.63185e-05 0.000395122 0.000115291 0.00988171 -0.000655719
9.94 -1.28754e-05 8.51705e-05 0.000443473 0.000140705 0.011091 0.00213267
9.96 -9.56868e-06 0.000198959 0.000478639 0.000163566 0.0119705 0.00497857
9.98 -6.08228e-06 0.00030651 0.000494872 0.00018509 0.0123765 0.00766847
10 -2.72571e-06 0.000396691 0.000490791 0.000204793 0.0122744 0.00992391
10.02 3.01987e-07 0.000463676 0.000475224 0.000220977 0.0118851 0.0115993
10.04 2.91211e-06 0.000511815 0.000461625 0.000232214 0.011545 0.0128032
10.06 5.11157e-06 0.000550813 0.000452009 0.000237758 0.0113045 0.0137786
10.08 6.99525e-06 0.000584881 0.000429465 0.000236417 0.0107406 0.0146306
10.1 8.7281e-06 0.000609108 0.000377804 0.000226693 0.00944857 0.0152366
10.12 1.04679e-05 0.00061607 0.000298957 0.000208237 0.00747658 0.0154107
10.14 1.2235e-05 0.000600228 0.000205453 0.000181867 0.00513801 0.0150145
10.16 1.3885e-05 0.000559272 0.000107791 0.00014864 0.00269543 0.0139901
10.18 1.51764e-05 0.00049576 9.80826e-06 0.000110476 0.000244844 0.0124017
10.2 1.58179e-05 0.000414721 -8.93045e-05 7.0656e-05 -0.00223401 0.0103749
10.22 1.5621e-05 0.000318793 -0.000191104 3.21876e-05 -0.00478005 0.00797567
10.24 1.459e-05 0.000208698 -0.000292283 -3.31932e-06 -0.00731059 0.00522214
10.26 1.28783e-05 8.85818e-05 -0.000382574 -3.50825e-05 -0.00956879 0.00221799
10.28 1.07155e-05 -3.3467e-05 -0.000451255 -6.2596e-05 -0.0112865 -0.000834505
10.3 8.31993e-06 -0.000149342 -0.000496361 -8.56093e-05 -0.0124147 -0.0037326
10.32 5.85827e-06 -0.000253305 -0.000525854 -0.000104106 -0.0131523 -0.00633274
10.34 3.43994e-06 -0.000342433 -0.000550086 -0.000118337 -0.0137583 -0.00856188
10.36 1.12915e-06 -0.000416542 -0.000573438 -0.000128988 -0.0143424 -0.0104154
10.38 -1.04601e-06 -0.000476831 -0.000592208 -0.000136926 -0.0148118 -0.0119232
10.4 -3.10274e-06 -0.000524083 -0.000595734 -0.000142527 -0.0149 -0.013105
10.42 -5.11953e-06 -0.000557578 -0.000569362 -0.000145078 -0.0142404 -0.0139427
10.44 -7.17164e-06 -0.000576134 -0.000508638 -0.000143129 -0.0127217 -0.0144068
10.46 -9.28937e-06 -0.000580283 -0.000425724 -0.000135679 -0.010648 -0.0145106
10.48 -1.14092e-05 -0.000569593 -0.000332686 -0.000122056 -0.00832109 -0.0142432
10.5 -1.3362e-05 -0.000538856 -0.000229842 -0.000101144 -0.00574891 -0.0134745
10.52 -1.49479e-05 -0.00048233 -0.000114384 -7.25707e-05 -0.00286126 -0.0120607
10.54 -1.59552e-05 -0.000401285 8.18183e-06 -3.83184e-05 0.000204166 -0.0100338
10.56 -1.62471e-05 -0.000304143 0.000126068 -1.82653e-06 0.00315255 -0.00760422
10.58 -1.58213e-05 -0.000200307 0.000229941 3.39372e-05 0.00575046 -0.00500725
10.6 -1.47822e-05 -9.55285e-05 0.000316301 6.71985e-05 0.00791035 -0.00238669
10.62 -1.32941e-05 8.88913e-06 0.000386136 9.72084e-05 0.00965695 0.000224839
10.64 -1.15031e-05 0.000113524 0.000442449 0.000123787 0.0110654 0.00284181
10.66 -9.4769e-06 0.000216789 0.000486618 0.000146838 0.01217 0.00542449
10.68 -7.1908e-06 0.000313196 0.000515888 0.000166371 0.0129021 0.00783568
10.7 -4.58321e-06 0.000396001 0.000527123 0.000183041 0.0131831 0.00990668
10.72 -1.64221e-06 0.000462325 0.000522716 0.000198185 0.0130729 0.0115654
10.74 1.56568e-06 0.000515112 0.000504982 0.00021273 0.0126293 0.0128857
10.76 4.86129e-06 0.000558388 0.000468047 0.000225638 0.0117056 0.013968
10.78 8.03629e-06 0.000591782 0.000403278 0.000234157 0.0100857 0.0148032
10.8 1.09566e-05 0.00061077 0.000311262 0.000235874 0.00778433 0.0152781
10.82 1.35638e-05 0.000609693 0.000200995 0.000229216 0.0050265 0.0152512
10.84 1.58045e-05 0.000583899 8.11214e-05 0.000212726 0.00202842 0.0146061
10.86 1.76502e-05 0.00053357 -4.165e-05 0.000185475 -0.00104215 0.0133473
10.88 1.90602e-05 0.000465135 -0.000161854 0.000148452 -0.00404849 0.0116357
10.9 1.99554e-05 0.000386268 -0.000276223 0.000104909 -0.00690892 0.00966323
10.92 2.02793e-05 0.000299248 -0.000382665 5.87588e-05 -0.00957107 0.00748683
10.94 1.99529e-05 0.000199961 -0.000475951 1.31283e-05 -0.0119042 0.00500362
10.96 1.88846e-05 8.6001e-05 -0.000548205 -2.98247e-05 -0.0137113 0.00215344
10.98 1.69928e-05 -3.65469e-05 -0.000595558 -6.87607e-05 -0.0148956 -0.000911535
11 1.42767e-05 -0.000155948 -0.00062207 -0.000103076 -0.0155587 -0.00389781
11.02 1.08848e-05 -0.000262113 -0.000635775 -0.00013278 -0.0159015 -0.00655305
11.04 7.13769e-06 -0.000350956 -0.000642802 -0.000158362 -0.0160772 -0.00877503
11.06 3.44767e-06 -0.000423822 -0.000645456 -0.00018047 -0.0161436 -0.0105975
11.08 1.23643e-07 -0.000484242 -0.000637931 -0.000199497 -0.0159554 -0.0121086
11.1 -2.75821e-06 -0.000533188 -0.000603822 -0.000214639 -0.0151023 -0.0133327
11.12 -5.34074e-06 -0.000567016 -0.000530707 -0.000223505 -0.0132737 -0.0141788
11.14 -7.90757e-06 -0.000582183 -0.000427049 -0.000223874 -0.0106811 -0.0145581
11.16 -1.07111e-05 -0.000579201 -0.000311174 -0.000214683 -0.00778305 -0.0144835
11.18 -1.3799e-05 -0.000561189 -0.000190816 -0.000195171 -0.00477285 -0.0140331
11.2 -1.69828e-05 -0.000529817 -6.33221e-05 -0.000164196 -0.00158418 -0.0132484
11.22 -1.99221e-05 -0.000483313 7.21041e-05 -0.00012122 0.00180289 -0.0120853
11.24 -2.22219e-05 -0.000420125 0.000207463 -6.84571e-05 0.00518828 -0.010505
11.26 -2.35615e-05 -0.000341584 0.000329768 -1.06243e-05 0.00824718 -0.00854064
11.28 -2.37499e-05 -0.000248639 0.000427165 4.77149e-05 0.0106831 -0.00621604
11.3 -2.27271e-05 -0.000141307 0.00049286 0.000103624 0.0123262 -0.00353163
11.32 -2.05991e-05 -2.38811e-05 0.000528476 0.00015532 0.0132169 -0.000594757
11.34 -1.76352e-05 9.29977e-05 0.000544052 0.000201391 0.0136065 0.00232843
11.36 -1.42154e-05 0.000197576 0.000551169 0.000240687 0.0137845 0.00494397
11.38 -1.07441e-05 0.000284219 0.00055555 0.000272651 0.0138941 0.00711096
11.4 -7.55527e-06 0.000355332 0.000557563 0.000297552 0.0139444 0.00888952
11.42 -4.7874e-06 0.000416891 0.000554021 0.000316354 0.0138558 0.0104291
11.44 -2.30771e-06 0.000472057 0.000533064 0.000329697 0.0133317 0.0118089
11.46 1.7267e-07 0.000518098 0.000479621 0.000336614 0.011995 0.0129604
11.48 2.95089e-06 0.000548789 0.000393391 0.000335015 0.00983841 0.013728
11.5 6.17732e-06 0.000559339 0.000288352 0.000323141 0.00721134 0.0139918
11.52 9.75767e-06 0.000549979 0.000173347 0.000299715 0.00433503 0.0137577
11.54 1.33823e-05 0.000525635 4.53072e-05 0.000263454 0.00113269 0.0131489
11.56 1.66853e-05 0.000490884 -9.73474e-05 0.000214013 -0.00243516 0.0122797
11.58 1.93699e-05 0.000443745 -0.000243764 0.000153752 -0.0060971 0.0111008
11.6 2.12635e-05 0.000378438 -0.000377458 8.74086e-05 -0.00944084 0.00946742
11.62 2.23189e-05 0.000294253 -0.000487665 1.99708e-05 -0.0121972 0.0073619
11.64 2.25271e-05 0.000198856 -0.000570513 -4.45478e-05 -0.0142692 0.00497599
11.66 2.19181e-05 0.000103403 -0.000626678 -0.000103017 -0.0156739 0.00258867
11.68 2.05835e-05 1.43565e-05 -0.000660827 -0.000153104 -0.016528 0.000361581
11.7 1.86628e-05 -6.99044e-05 -0.000678946 -0.000193663 -0.0169812 -0.00174582
11.72 1.62755e-05 -0.000155403 -0.000684891 -0.00022498 -0.0171299 -0.00388417
11.74 1.34869e-05 -0.000244746 -0.000681911 -0.000248421 -0.0170554 -0.00611867
11.76 1.03465e-05 -0.000333101 -0.000676512 -0.000265577 -0.0169203 -0.00832847
11.78 6.9334e-06 -0.000412146 -0.000673246 -0.000277461 -0.0168386 -0.0103054
11.8 3.35173e-06 -0.000476914 -0.000659815 -0.000283941 -0.0165027 -0.0119253
11.82 -2.55905e-07 -0.000527819 -0.000612378 -0.000283585 -0.0153163 -0.0131984
11.84 -3.79936e-06 -0.000566808 -0.000522122 -0.000274388 -0.0130589 -0.0141736
11.86 -7.29975e-06 -0.000592535 -0.000401893 -0.000254593 -0.010052 -0.014817
11.88 -1.08324e-05 -0.000600276 -0.000268856 -0.000222935 -0.00672468 -0.0150106
11.9 -1.44126e-05 -0.000586866 -0.000132821 -0.000179009 -0.00332237 -0.0146752
11.92 -1.78824e-05 -0.000552544 2.8765e-06 -0.000123726 7.14759e-05 -0.0138168
11.94 -2.10032e-05 -0.000500361 0.000138289 -5.96465e-05 0.00345819 -0.0125117
11.96 -2.35199e-05 -0.000434525 0.000271615 8.57895e-06 0.00679274 -0.0108651
11.98 -2.52247e-05 -0.000359026 0.000393449 7.50206e-05 0.00983986 -0.00897687
12 -2.59941e-05 -0.000275573 0.000488082 0.000134708 0.0122067 -0.00688968
12.02 -2.57652e-05 -0.000183238 0.000544864 0.000185006 0.0136268 -0.00458034
12.04 -2.45616e-05 -8.37073e-05 0.000568087 0.000225263 0.0142076 -0.00209104
12.06 -2.25036e-05 1.65124e-05 0.000572944 0.000255999 0.0143291 0.000415501
12.08 -1.98149e-05 0.000110334 0.000573496 0.000278596 0.0143429 0.00276202
12.1 -1.68031e-05 0.000195352 0.000575568 0.000295048 0.0143947 0.00488835
12.12 -1.37934e-05 0.00027321 0.000578536 0.000307207 0.014469 0.00683562
12.14 -1.10179e-05 0.000345125 0.000580722 0.000315964 0.0145236 0.00863425
12.16 -8.47896e-06 0.000409768 0.000575906 0.000321139 0.0144032 0.010251
12.18 -5.95789e-06 0.000464338 0.000548104 0.000321756 0.0137079 0.0116158
12.2 -3.21742e-06 0.000505832 0.000482925 0.000316069 0.0120777 0.0126536
12.22 -5.75468e-08 0.000532694 0.00038385 0.000301992 0.00959979 0.0133254
12.24 3.63796e-06 0.000546532 0.0002659 0.000278037 0.00664981 0.0136715
12.26 7.83648e-06 0.000551074 0.000137313 0.000243864 0.00343378 0.0137851
12.28 1.23596e-05 0.000548625 -1.8688e-06 0.000200412 -4.72051e-05 0.0137239
12.3 1.68664e-05 0.000535974 -0.00015095 0.000149638 -0.00377578 0.0134075
12.32 2.09859e-05 0.000507005 -0.000303579 9.44344e-05 -0.0075931 0.0126829
12.34 2.43623e-05 0.000458554 -0.000446696 3.89866e-05 -0.0111725 0.0114711
12.36 2.66539e-05 0.000391849 -0.000563132 -1.20383e-05 -0.0140846 0.00980283
12.38 2.75858e-05 0.000310211 -0.000640192 -5.53432e-05 -0.0160119 0.00776103
12.4 2.70222e-05 0.000217269 -0.000678647 -8.98563e-05 -0.0169737 0.00543652
12.42 2.50612e-05 0.000117645 -0.00069135 -0.000116344 -0.0172914 0.00294486
12.44 2.2037e-05 1.57506e-05 -0.000692015 -0.000136756 -0.017308 0.000396447
12.46 1.84383e-05 -8.54468e-05 -0.000686494 -0.000153596 -0.01717 -0.00213454
12.48 1.47724e-05 -0.000183113 -0.000675037 -0.000169014 -0.0168834 -0.00457722
12.5 1.14306e-05 -0.000272709 -0.000660629 -0.000183868 -0.0165231 -0.00681805
12.52 8.59753e-06 -0.000348956 -0.000651814 -0.000197569 -0.0163026 -0.00872501
12.54 6.20849e-06 -0.000408891 -0.000644728 -0.000208927 -0.0161254 -0.010224
12.56 4.08373e-06 -0.000451621 -0.0006177 -0.000216036 -0.0154494 -0.0112927
12.58 1.99651e-06 -0.00047638 -0.000551226 -0.000215787 -0.0137868 -0.0119119
12.6 -2.93536e-07 -0.000484015 -0.000450628 -0.000205635 -0.0112709 -0.0121029
12.62 -2.95741e-06 -0.000476565 -0.000333889 -0.000184723 -0.00835117 -0.0119166
12.64 -6.03906e-06 -0.000454636 -0.000208058 -0.000153223 -0.00520409 -0.0113681
12.66 -9.41014e-06 -0.00041805 -7.50031e-05 -0.000112101 -0.00187633 -0.0104531
12.68 -1.27911e-05 -0.000368266 6.25839e-05 -6.37694e-05 0.00156478 -0.00920797
12.7 -1.58559e-05 -0.000309563 0.000199386 -1.25233e-05 0.00498626 -0.00773977
12.72 -1.83635e-05 -0.000247585 0.000326142 3.68043e-05 0.00815648 -0.00618969
12.74 -2.01733e-05 -0.000187388 0.000429461 8.09362e-05 0.0107405 -0.00468413
12.76 -2.12414e-05 -0.000132945 0.000500889 0.000118845 0.012527 -0.0033225
12.78 -2.15957e-05 -8.52445e-05 0.000544585 0.000150907 0.0136198 -0.00212948
12.8 -2.12944e-05 -4.01495e-05 0.000571207 0.00017793 0.0142857 -0.00100164
12.82 -2.037e-05 8.99258e-06 0.000587342 0.00020103 0.0146892 0.000227426
12.84 -1.88106e-05 6.61739e-05 0.000594587 0.000221843 0.0148704 0.00165755
12.86 -1.65935e-05 0.000130256 0.000595346 0.00024198 0.0148894 0.00326028
12.88 -1.37125e-05 0.000196233 0.00058814 0.000262069 0.0147092 0.00491039
12.9 -1.02302e-05 0.000259166 0.000558515 0.000281129 0.0139682 0.00648437
12.92 -6.34319e-06 0.000316591 0.000489834 0.000296405 0.0122505 0.00792058
12.94 -2.26962e-06 0.00036599 0.000383532 0.000304074 0.00959183 0.00915609
12.96 1.83536e-06 0.000401106 0.000255114 0.000300371 0.00638005 0.0100343
12.98 5.86499e-06 0.000414135 0.000117163 0.000282395 0.00292984 0.0103602
13 9.7136e-06 0.00040283 -2.2752e-05 0.000248982 -0.000569504 0.0100775
13.02 1.32176e-05 0.000372364 -0.000158649 0.000201458 -0.00396835 0.00931549
13.04 1.62164e-05 0.000329129 -0.000286923 0.000143377 -0.00717653 0.00823416
13.06 1.85818e-05 0.000274591 -0.000404636 7.964e-05 -0.0101206 0.00687015
13.08 2.02099e-05 0.000207652 -0.000504198 1.56331e-05 -0.0126107 0.00519598
13.1 2.10109e-05 0.000131176 -0.000575866 -4.38965e-05 -0.0144031 0.00328327
13.12 2.09166e-05 5.24131e-05 -0.000617507 -9.58382e-05 -0.0154446 0.00131339
13.14 1.99419e-05 -2.21754e-05 -0.000637424 -0.000139017 -0.0159427 -0.000552098
13.16 1.82241e-05 -9.11673e-05 -0.000646452 -0.00017415 -0.0161685 -0.00227762
13.18 1.60141e-05 -0.000157178 -0.000650986 -0.000203411 -0.0162819 -0.00392858
13.2 1.36164e-05 -0.000221725 -0.00065446 -0.000229116 -0.0163688 -0.00554293
13.22 1.13124e-05 -0.000280884 -0.000659985 -0.000252159 -0.016507 -0.00702251
13.24 9.27007e-06 -0.000327575 -0.000664314 -0.000271766 -0.0166152 -0.00819027
13.26 7.46487e-06 -0.000357733 -0.000648679 -0.000286236 -0.0162242 -0.00894453
13.28 5.75317e-06 -0.000372458 -0.000593089 -0.000292959 -0.0148339 -0.00931282
13.3 3.87154e-06 -0.00037595 -0.000497927 -0.000288581 -0.0124538 -0.00940016
13.32 1.46097e-06 -0.000372961 -0.000377384 -0.000270225 -0.009439 -0.0093254
13.34 -1.79252e-06 -0.000367455 -0.000241203 -0.000236764 -0.00603306 -0.00918768
13.36 -6.02501e-06 -0.00036161 -9.2112e-05 -0.000189261 -0.00230423 -0.00904151
13.38 -1.10728e-05 -0.000354441 6.62059e-05 -0.000130471 0.00165537 -0.00886219
13.4 -1.64977e-05 -0.000341261 0.000226048 -6.3974e-05 0.00565308 -0.00853256
13.42 -2.16803e-05 -0.000317798 0.00037561 5.95104e-06 0.0093937 -0.00794574
13.44 -2.59545e-05 -0.000285633 0.0004995 7.44498e-05 0.0124922 -0.00714127
13.46 -2.87589e-05 -0.000249878 0.000583923 0.000137406 0.0146037 -0.00624704
13.48 -2.97886e-05 -0.000211828 0.000626252 0.000192565 0.0156623 -0.00529538
13.5 -2.90707e-05 -0.00016555 0.000637536 0.000239307 0.0159446 -0.00413795
13.52 -2.69073e-05 -0.000102599 0.000632687 0.000278086 0.0158233 -0.00256353
13.54 -2.37367e-05 -2.12168e-05 0.000620122 0.000310081 0.015509 -0.000528124
13.56 -2.00044e-05 6.91935e-05 0.000602399 0.000336462 0.0150658 0.00173308
13.58 -1.60503e-05 0.000154183 0.000582065 0.000357568 0.0145572 0.0038587
13.6 -1.20977e-05 0.000226222 0.000554365 0.000372946 0.0138644 0.00566041
13.62 -8.27696e-06 0.000287576 0.000504739 0.000380825 0.0126233 0.00719491
13.64 -4.53842e-06 0.000343121 0.000419494 0.000378262 0.0104912 0.00858413
13.66 -6.70954e-07 0.000394009 0.000303299 0.000363065 0.00758516 0.00985684
13.68 3.59528e-06 0.000434 0.000168156 0.000333645 0.00420517 0.010857
13.7 8.43037e-06 0.000454011 1.92685e-05 0.000288534 0.000481447 0.0113575
13.72 1.37215e-05 0.000453134 -0.000133466 0.000228185 -0.0033385 0.0113356
13.74 1.90602e-05 0.000440907 -0.000276735 0.000156021 -0.00692172 0.0110298
13.76 2.38978e-05 0.000426697 -0.000401969 7.73106e-05 -0.0100539 0.0106744
13.78 2.77694e-05 0.000410404 -0.000506558 -2.17473e-06 -0.0126697 0.0102669
13.8 3.0416e-05 0.000385815 -0.000586151 -7.67793e-05 -0.0146603 0.00965191
13.82 3.18164e-05 0.000349878 -0.000634971 -0.00014198 -0.0158813 0.00875312
13.84 3.21515e-05 0.000306461 -0.000652553 -0.000195333 -0.0163211 0.00766725
13.86 3.17029e-05 0.000261445 -0.000646706 -0.000236377 -0.0161748 0.00654136
13.88 3.07497e-05 0.000216521 -0.0006302 -0.00026593 -0.015762 0.00541781
13.9 2.94927e-05 0.000169018 -0.000616795 -0.000285683 -0.0154268 0.00422974
13.92 2.8027e-05 0.000116297 -0.000618312 -0.000298084 -0.0154647 0.00291114
13.94 2.63516e-05 5.84692e-05 -0.000640204 -0.000305426 -0.0160122 0.00146486
13.96 2.43808e-05 -3.42325e-06 -0.000671827 -0.000308474 -0.0168031 -8.30991e-05
13.98 2.18538e-05 -7.10613e-05 -0.000674607 -0.000306487 -0.0168727 -0.00177475
14 1.84147e-05 -0.000148984 -0.00061677 -0.000298177 -0.0154261 -0.00372362
14.02 1.38509e-05 -0.000238212 -0.000507015 -0.000281795 -0.0126811 -0.00595526
14.04 8.12195e-06 -0.000328477 -0.000375297 -0.00025502 -0.0093868 -0.00821283
14.06 1.4806e-06 -0.000400183 -0.000243703 -0.000215871 -0.00609559 -0.0100062
14.08 -5.4626e-06 -0.000439358 -0.000115496 -0.000164007 -0.00288908 -0.010986
14.1 -1.19444e-05 -0.000450553 1.53273e-05 -0.000101604 0.000382872 -0.011266
14.12 -1.7375e-05 -0.00045205 0.000153128 -3.37021e-05 0.00382933 -0.0113034
14.14 -2.16178e-05 -0.000458616 0.00029098 3.27135e-05 0.00727706 -0.0114677
14.16 -2.49575e-05 -0.000469599 0.000410808 9.1384e-05 0.010274 -0.0117423
14.18 -2.77969e-05 -0.000472239 0.00049624 0.000139482 0.0124107 -0.0118084
14.2 -3.03167e-05 -0.000456073 0.000546621 0.000177376 0.0136707 -0.0114041
14.22 -3.23567e-05 -0.000426538 0.000576793 0.000205934 0.0144254 -0.0106654
14.24 -3.35089e-05 -0.000397346 0.000601275 0.000224973 0.0150377 -0.00993528
14.26 -3.33589e-05 -0.000370304 0.000621015 0.000234584 0.0155314 -0.00925895
14.28 -3.17153e-05 -0.000328778 0.00062903 0.00023774 0.0157318 -0.00822035
14.3 -2.86661e-05 -0.000254049 0.000623317 0.000239574 0.0155889 -0.00635135
14.32 -2.44927e-05 -0.00014865 0.00060878 0.000242889 0.0152254 -0.00371529
14.34 -1.95548e-05 -3.50666e-05 0.000585122 0.000245802 0.0146337 -0.000874512
14.36 -1.42642e-05 6.64851e-05 0.00054123 0.000243776 0.0135359 0.00166534
14.38 -8.9613e-06 0.000152325 0.000465181 0.000232543 0.0116339 0.00381223
14.4 -3.79739e-06 0.000230132 0.000361375 0.000209496 0.00903767 0.00575821
14.42 1.30387e-06 0.000305889 0.000245953 0.000174051 0.00615092 0.00765294
14.44 6.58803e-06 0.000376156 0.000127834 0.000127813 0.00319671 0.00941035
14.46 1.22384e-05 0.000430953 6.76787e-06 7.4525e-05 0.000168801 0.0107808
14.48 1.81858e-05 0.000464513 -0.000119359 1.96993e-05 -0.0029857 0.0116202
14.5 2.40774e-05 0.000482833 -0.000247009 -3.05586e-05 -0.00617826 0.0120784
14.52 2.93844e-05 0.000497407 -0.000365787 -7.20569e-05 -0.00914896 0.0124429
14.54 3.35388e-05 0.000510272 -0.000462598 -0.000104795 -0.0115702 0.0127646
14.56 3.6045e-05 0.000509561 -0.000528323 -0.000131601 -0.013214 0.0127469
14.58 3.66037e-05 0.000482746 -0.000561715 -0.000153427 -0.0140492 0.0120762
14.6 3.52167e-05 0.000426648 -0.000569403 -0.000168409 -0.0142415 0.0106732
14.62 3.21596e-05 0.00034604 -0.000562764 -0.00017621 -0.0140754 0.00865713
14.64 2.79174e-05 0.000250502 -0.000552823 -0.000179457 -0.0138268 0.00626767
14.66 2.30728e-05 0.000149788 -0.000546958 -0.000180668 -0.0136801 0.00374879
14.68 1.80956e-05 4.68946e-05 -0.000540217 -0.000180029 -0.0135115 0.00117537
14.7 1.32024e-05 -6.19743e-05 -0.000508655 -0.000175816 -0.0127221 -0.00154748
14.72 8.29457e-06 -0.00017685 -0.000430574 -0.000166056 -0.0107693 -0.00442057
14.74 3.0703e-06 -0.000287774 -0.000317559 -0.000149603 -0.00794275 -0.00719484
14.76 -2.73753e-06 -0.000381743 -0.000200723 -0.000126091 -0.00502064 -0.00954504
14.78 -9.14383e-06 -0.000452724 -9.438e-05 -9.56899e-05 -0.00236095 -0.0113203
14.8 -1.57875e-05 -0.00050333 9.91079e-06 -5.92317e-05 0.000247406 -0.012586
14.82 -2.20523e-05 -0.000540603 0.000124418 -1.8429e-05 0.00311129 -0.0135182
14.84 -2.73454e-05 -0.000569868 0.000246878 2.41392e-05 0.00617405 -0.0142501
14.86 -3.12961e-05 -0.000588572 0.000358663 6.57233e-05 0.00896985 -0.0147179
14.88 -3.37222e-05 -0.000584507 0.000436379 0.000104504 0.0109136 -0.0146162
14.9 -3.4534e-05 -0.000549408 0.000469757 0.000139283 0.0117484 -0.0137384
14.92 -3.37756e-05 -0.000489975 0.000473082 0.00016791 0.0118315 -0.012252
14.94 -3.16213e-05 -0.00041734 0.000474824 0.000187268 0.0118751 -0.0104353
14.96 -2.83668e-05 -0.000332162 0.000491796 0.000195867 0.0122996 -0.00830498
14.98 -2.43833e-05 -0.000225946 0.000517126 0.000196165 0.0129331 -0.00564847
15 -1.99674e-05 -9.73796e-05 0.000533492 0.000192847 0.0133424 -0.00243299
15.02 -1.52296e-05 3.90764e-05 0.000525675 0.000189142 0.0131469 0.000979836
15.04 -1.01369e-05 0.000162163 0.000486469 0.000185712 0.0121663 0.00405827
15.06 -4.68729e-06 0.000260157 0.000418691 0.000181508 0.0104712 0.00650914
15.08 1.03316e-06 0.000338158 0.000328872 0.000174466 0.00822476 0.00846
15.1 6.86975e-06 0.000409106 0.000222835 0.00016197 0.00557272 0.0102344
15.12 1.26555e-05 0.000477032 0.000105995 0.000141628 0.00265052 0.0119333
15.14 1.82374e-05 0.000532367 -1.54596e-05 0.00011234 -0.000387119 0.0133172
15.16 2.34362e-05 0.000565133 -0.000135437 7.52738e-05 -0.00338781 0.0141367
15.18 2.80171e-05 0.000577444 -0.000247776 3.38857e-05 -0.00619746 0.0144446
15.2 3.171e-05 0.000579603 -0.000345034 -7.81475e-06 -0.00862992 0.0144986
15.22 3.4237e-05 0.000573333 -0.000420697 -4.78597e-05 -0.0105223 0.0143418
15.24 3.53905e-05 0.000545771 -0.000473897 -8.54743e-05 -0.0118528 0.0136525
15.26 3.50686e-05 0.000482688 -0.00050972 -0.000116986 -0.0127488 0.0120747
15.28 3.3214e-05 0.000383462 -0.000535244 -0.000137298 -0.0133871 0.00959307
15.3 2.98761e-05 0.000260557 -0.000556626 -0.000146103 -0.0139219 0.00651916
15.32 2.52859e-05 0.000127056 -0.000576843 -0.000148151 -0.0144275 0.00318024
15.34 1.98423e-05 -1.1095e-05 -0.000593698 -0.000148345 -0.0148491 -0.000274973
15.36 1.40037e-05 -0.000151341 -0.000598038 -0.000148948 -0.0149576 -0.00378258
15.38 8.11214e-06 -0.000286364 -0.000574585 -0.000149986 -0.0143711 -0.00715955
15.4 2.35056e-06 -0.000405445 -0.000515283 -0.000150236 -0.0128879 -0.0101378
15.42 -3.24016e-06 -0.000501784 -0.000428695 -0.000147496 -0.0107223 -0.0125473
15.44 -8.68267e-06 -0.000574706 -0.000329265 -0.000139417 -0.00823551 -0.0143711
15.46 -1.39609e-05 -0.00062661 -0.000226119 -0.000124812 -0.0056558 -0.0156693
15.48 -1.89852e-05 -0.000660559 -0.000123133 -0.000103579 -0.00308009 -0.0165183
15.5 -2.35823e-05 -0.000679861 -2.12021e-05 -7.58807e-05 -0.000530741 -0.0170011
15.52 -2.75419e-05 -0.000687463 8.11364e-05 -4.26014e-05 0.00202879 -0.0171912
15.54 -3.0632e-05 -0.000681597 0.000183657 -5.72225e-06 0.00459288 -0.0170445
15.56 -3.26163e-05 -0.000652994 0.000280296 3.28651e-05 0.00700986 -0.0163291
15.58 -3.33639e-05 -0.00059321 0.000361598 7.03869e-05 0.00904326 -0.0148339
15.6 -3.27695e-05 -0.000502946 0.000421909 0.000101347 0.0105517 -0.0125764
15.62 -3.07357e-05 -0.000387188 0.000463989 0.000121271 0.0116041 -0.00968122
15.64 -2.72833e-05 -0.000248787 0.000494851 0.000131235 0.012376 -0.00621976
15.66 -2.26025e-05 -9.39232e-05 0.000518011 0.000136145 0.0129552 -0.00234654
15.68 -1.70959e-05 6.29715e-05 0.000532053 0.000140413 0.0133064 0.00157746
15.7 -1.12846e-05 0.000207085 0.000533889 0.000145854 0.0133523 0.0051818
15.72 -5.66959e-06 0.000331486 0.000521827 0.000151928 0.0130506 0.00829312
15.74 -6.03466e-07 0.000435559 0.000495013 0.000157282 0.01238 0.010896
15.76 3.76401e-06 0.00052055 0.000452382 0.000160999 0.0113138 0.0130217
15.78 7.51197e-06 0.000586791 0.000392736 0.000162069 0.00982203 0.0146784
15.8 1.08499e-05 0.000631925 0.000318164 0.000158492 0.00795695 0.0158072
15.82 1.39492e-05 0.000652552 0.000233898 0.000147977 0.00584942 0.0163231
15.84 1.68396e-05 0.000649028 0.000144058 0.000129542 0.00360249 0.016235
15.86 1.93333e-05 0.000625772 5.03439e-05 0.000104067 0.00125866 0.0156533
15.88 2.11558e-05 0.00058547 -4.82053e-05 7.33703e-05 -0.0012061 0.0146454
15.9 2.21166e-05 0.000525119 -0.000150001 4.02527e-05 -0.00375205 0.013136
15.92 2.20921e-05 0.000440946 -0.000246862 9.02995e-06 -0.0061746 0.0110308
15.94 2.105e-05 0.000334142 -0.000328955 -1.68755e-05 -0.00822777 0.00835956
15.96 1.90513e-05 0.000210308 -0.000391479 -3.71067e-05 -0.00979151 0.0052624
15.98 1.62422e-05 8.00454e-05 -0.000435157 -5.29054e-05 -0.0108839 0.00200449
16 1.28895e-05 -4.21766e-05 -0.000464304 -6.53095e-05 -0.0116129 -0.00105234
16.02 9.34129e-06 -0.000146279 -0.000484704 -7.52331e-05 -0.0121231 -0.00365598
16.04 5.92993e-06 -0.000234343 -0.000499685 -8.37554e-05 -0.0124978 -0.00585849
16.06 2.86387e-06 -0.000316382 -0.000509219 -9.165e-05 -0.0127362 -0.00791033
16.08 1.6861e-07 -0.00039755 -0.000513023 -9.92448e-05 -0.0128314 -0.00994038
16.1 -2.31463e-06 -0.000471682 -0.000506552 -0.000106549 -0.0126696 -0.0117945
16.12 -4.81059e-06 -0.000527393 -0.000478266 -0.000112724 -0.0119621 -0.0131878
16.14 -7.42975e-06 -0.000558437 -0.000422717 -0.000115926 -0.0105728 -0.0139642
16.16 -1.00942e-05 -0.000567761 -0.000347961 -0.000114296 -0.00870312 -0.0141974
16.18 -1.25766e-05 -0.000562559 -0.000264825 -0.000106816 -0.00662384 -0.0140673
16.2 -1.45814e-05 -0.000543919 -0.000176462 -9.2838e-05 -0.00441385 -0.0136011
16.22 -1.58903e-05 -0.000503557 -8.04818e-05 -7.18275e-05 -0.00201335 -0.0125917
16.24 -1.63832e-05 -0.000432974 2.27231e-05 -4.45573e-05 0.000567846 -0.0108264
16.26 -1.6029e-05 -0.000333781 0.00012709 -1.36218e-05 0.00317811 -0.00834549
16.28 -1.48932e-05 -0.000217921 0.000222802 1.76877e-05 0.0055719 -0.00544777
16.3 -1.30836e-05 -9.89326e-05 0.000298841 4.67284e-05 0.00747368 -0.00247183
16.32 -1.0738e-05 1.58672e-05 0.000349335 7.2077e-05 0.00873655 0.000399364
16.34 -8.00517e-06 0.000125988 0.000379911 9.33425e-05 0.00950127 0.00315353
16.36 -5.03108e-06 0.000232333 0.000402895 0.000110821 0.0100761 0.00581327
16.38 -1.9492e-06 0.000332635 0.000424787 0.000125378 0.0106236 0.00832185
16.4 1.10874e-06 0.000421605 0.000441445 0.000138344 0.0110402 0.010547
16.42 4.00715e-06 0.000494062 0.000445512 0.00015107 0.011142 0.0123592
16.44 6.63501e-06 0.000547591 0.000432107 0.000164141 0.0108067 0.013698
16.46 8.91336e-06 0.000582056 0.000398981 0.000176468 0.00997822 0.01456
16.48 1.07766e-05 0.000597472 0.000349062 0.000185489 0.00872972 0.0149455
16.5 1.2176e-05 0.000593525 0.000289479 0.00018857 0.00723952 0.0148468
16.52 1.30493e-05 0.000568425 0.00022305 0.000183561 0.0055781 0.0142191
16.54 1.34011e-05 0.000520654 0.000146083 0.000168815 0.00365312 0.0130243
16.56 1.32798e-05 0.000450008 5.74878e-05 0.000144373 0.00143733 0.0112574
16.58 1.27281e-05 0.000359567 -3.60011e-05 0.000112631 -0.000900869 0.00899545
16.6 1.18074e-05 0.00025533 -0.000126282 7.70096e-05 -0.00315884 0.00638842
16.62 1.05592e-05 0.00014256 -0.000210597 4.05568e-05 -0.00526758 0.003568
16.64 9.01824e-06 2.61416e-05 -0.000288909 5.71951e-06 -0.0072262 0.000656331
16.66 7.21951e-06 -8.86689e-05 -0.000359119 -2.57057e-05 -0.00898218 -0.00221513
16.68 5.21711e-06 -0.000196255 -0.000417532 -5.28178e-05 -0.0104431 -0.00490591
16.7 3.08403e-06 -0.000292432 -0.00046196 -7.55974e-05 -0.0115543 -0.00731133
16.72 9.07352e-07 -0.000374952 -0.000493369 -9.46631e-05 -0.0123398 -0.00937519
16.74 -1.21875e-06 -0.000443285 -0.000514995 -0.000111067 -0.0128807 -0.0110842
16.76 -3.20004e-06 -0.000497827 -0.000528928 -0.00012585 -0.0132292 -0.0124483
16.78 -4.96092e-06 -0.00053844 -0.000531245 -0.00013934 -0.0132871 -0.0134641
16.8 -6.47635e-06 -0.000563343 -0.000511983 -0.000150662 -0.0128054 -0.0140869
16.82 -7.75077e-06 -0.000570362 -0.000466624 -0.000157925 -0.0116709 -0.0142625
16.84 -8.77958e-06 -0.000558961 -0.00040418 -0.000159148 -0.0101092 -0.0139773
16.86 -9.54037e-06 -0.000529149 -0.000335021 -0.000152685 -0.00837949 -0.0132317
16.88 -1.00197e-05 -0.000480182 -0.000258167 -0.000137267 -0.00645734 -0.012007
16.9 -1.01904e-05 -0.0004122 -0.000167813 -0.000112747 -0.00419755 -0.0103068
16.92 -1.00169e-05 -0.000327721 -6.57112e-05 -8.04634e-05 -0.00164393 -0.00819393
16.94 -9.48482e-06 -0.000230488 3.72289e-05 -4.27741e-05 0.000930643 -0.00576208
16.96 -8.57666e-06 -0.000124519 0.000128904 -2.53277e-06 0.00322348 -0.00311175
16.98 -7.26719e-06 -1.43025e-05 0.000204324 3.73839e-05 0.00510976 -0.000355194
17 -5.53201e-06 9.60881e-05 0.000266734 7.45629e-05 0.00667066 0.00240572
17.02 -3.39746e-06 0.000203243 0.0003208 0.000107307 0.00802286 0.00508571
17.04 -9.79505e-07 0.000303075 0.000365729 0.000134645 0.00914656 0.00758255
17.06 1.52701e-06 0.000390585 0.000395941 0.00015641 0.00990219 0.00977122
17.08 3.90207e-06 0.000462031 0.00040864 0.000173316 0.0102198 0.0115581
17.1 5.947e-06 0.000516218 0.000409086 0.000186533 0.0102309 0.0129133
17.12 7.5037e-06 0.000553186 0.000406445 0.000196825 0.0101649 0.0138379
17.14 8.47086e-06 0.000572471 0.000404257 0.000204016 0.0101102 0.0143203
17.16 8.82783e-06 0.000572801 0.000395324 0.000207041 0.00988676 0.0143285
17.18 8.60351e-06 0.000551571 0.000368239 0.000204183 0.00920934 0.0137975
17.2 7.90977e-06 0.000506462 0.000319939 0.000193682 0.00800135 0.0126693
17.22 6.93187e-06 0.000439028 0.000257141 0.000174942 0.00643074 0.0109828
17.24 5.81169e-06 0.000354976 0.000187891 0.000149001 0.00469876 0.00888061
17.26 4.62806e-06 0.000260268 0.000115332 0.000117485 0.00288404 0.00651193
17.28 3.39573e-06 0.000157269 3.73435e-05 8.19286e-05 0.000933508 0.00393589
17.3 2.09129e-06 4.63844e-05 -4.82972e-05 4.4263e-05 -0.0012084 0.00116261
17.32 7.00598e-07 -6.92104e-05 -0.0001382 7.05874e-06 -0.00345692 -0.00172846
17.34 -7.65844e-07 -0.000181561 -0.000222886 -2.71053e-05 -0.00557495 -0.00453841
17.36 -2.26319e-06 -0.000280874 -0.000293101 -5.63934e-05 -0.00733105 -0.00702225
17.38 -3.70471e-06 -0.000360843 -0.000346692 -7.9957e-05 -0.00867137 -0.00902231
17.4 -4.97186e-06 -0.000421883 -0.000388643 -9.78127e-05 -0.00972059 -0.0105489
17.42 -5.956e-06 -0.000469023 -0.000423896 -0.000110595 -0.0106023 -0.0117279
17.44 -6.60684e-06 -0.000505865 -0.00045121 -0.00011917 -0.0112854 -0.0126494
17.46 -6.95234e-06 -0.00053093 -0.000465178 -0.000124215 -0.0116348 -0.0132763
17.48 -7.07111e-06 -0.000539828 -0.00046346 -0.000126014 -0.0115918 -0.0134988
17.5 -7.02383e-06 -0.000529295 -0.00044874 -0.000124382 -0.0112236 -0.0132354
17.52 -6.80363e-06 -0.000498886 -0.000422836 -0.000118545 -0.0105758 -0.0124748
17.54 -6.36981e-06 -0.000451465 -0.000383768 -0.000107707 -0.00959866 -0.0112888
17.56 -5.66894e-06 -0.000390728 -0.000329618 -9.18972e-05 -0.00824434 -0.00976974
17.58 -4.67355e-06 -0.000316552 -0.000260968 -7.16038e-05 -0.00652739 -0.00791458
17.6 -3.40924e-06 -0.000225596 -0.000181393 -4.71757e-05 -0.00453719 -0.00563973
17.62 -1.91643e-06 -0.000117639 -9.77031e-05 -1.91527e-05 -0.00244406 -0.00293969
17.64 -2.27114e-07 5.50244e-07 -1.70527e-05 1.12063e-05 -0.000426962 1.62805e-05
17.66 1.63152e-06 0.00011857 5.69418e-05 4.18948e-05 0.00142367 0.00296801
17.68 3.59725e-06 0.00022807 0.0001245 7.05896e-05 0.00311333 0.00570665
17.7 5.54993e-06 0.000325237 0.000186087 9.53261e-05 0.00465364 0.00813684
17.72 7.33345e-06 0.000409318 0.000240023 0.000115106 0.00600262 0.0102397
17.74 8.81046e-06 0.000479808 0.000283836 0.000129982 0.00709839 0.0120027
17.76 9.90692e-06 0.000535074 0.000316064 0.000140596 0.00790442 0.0133849
17.78 1.06182e-05 0.00057314 0.000336426 0.00014775 0.00841369 0.014337
17.8 1.09783e-05 0.000593419 0.000346157 0.000152274 0.00865706 0.0148442
17.82 1.10158e-05 0.000596939 0.000348011 0.000154853 0.00870343 0.0149322
17.84 1.0689e-05 0.000581338 0.000342435 0.000155234 0.00856397 0.014542
17.86 9.92453e-06 0.000539744 0.000323703 0.000152115 0.00809547 0.0135017
17.88 8.68794e-06 0.000470893 0.000285159 0.000144794 0.00713148 0.0117798
17.9 6.9672e-06 0.000380384 0.000227493 0.0001338 0.00568922 0.00951609
17.92 4.8162e-06 0.00027422 0.000157659 0.000119601 0.00394265 0.00686087
17.94 2.36406e-06 0.000155654 8.26697e-05 0.000101962 0.00206714 0.0038955
17.96 -2.36607e-07 2.61349e-05 6.68746e-06 8.06791e-05 0.000166789 0.000656163
17.98 -2.85275e-06 -0.000110288 -6.83755e-05 5.63665e-05 -0.00171057 -0.00275584
18 -5.38948e-06 -0.000244839 -0.000141207 3.05968e-05 -0.00353212 -0.00612101
18.02 -7.75964e-06 -0.000365247 -0.000209461 5.50087e-06 -0.00523918 -0.00913246
18.04 -9.85547e-06 -0.00046188 -0.000269178 -1.70326e-05 -0.00673272 -0.0115493
18.06 -1.15554e-05 -0.000533336 -0.000317064 -3.61482e-05 -0.00793038 -0.0133364
18.08 -1.27627e-05 -0.000585163 -0.0003537 -5.20954e-05 -0.00884665 -0.0146327
18.1 -1.34465e-05 -0.00062299 -0.000382677 -6.55298e-05 -0.00957137 -0.0155787
18.12 -1.36548e-05 -0.00064805 -0.000406076 -7.68553e-05 -0.0101566 -0.0162055
18.14 -1.34832e-05 -0.000658744 -0.000422627 -8.62018e-05 -0.0105705 -0.016473
18.16 -1.29969e-05 -0.00065296 -0.000430426 -9.36866e-05 -0.0107656 -0.0163283
18.18 -1.21638e-05 -0.00062626 -0.000428397 -9.90327e-05 -0.0107149 -0.0156605
18.2 -1.09596e-05 -0.000575203 -0.000414128 -0.000101416 -0.010358 -0.0143836
18.22 -9.35888e-06 -0.000502051 -0.000384572 -0.000100557 -0.00961878 -0.012554
18.24 -7.34307e-06 -0.000411627 -0.000339245 -9.69011e-05 -0.00848513 -0.0102924
18.26 -4.97382e-06 -0.000305661 -0.000279912 -9.03823e-05 -0.00700118 -0.00764218
18.28 -2.36861e-06 -0.000183859 -0.000209541 -8.0026e-05 -0.00524118 -0.00459587
18.3 3.07818e-07 -5.01212e-05 -0.000132361 -6.48737e-05 -0.00331086 -0.00125103
18.32 2.90464e-06 8.64641e-05 -5.27261e-05 -4.4972e-05 -0.00131917 0.00216502
18.34 5.30455e-06 0.00021537 2.64772e-05 -2.15939e-05 0.000661739 0.00538902
18.36 7.41303e-06 0.000328844 0.000103586 3.31294e-06 0.00259027 0.00822703
18.38 9.14682e-06 0.00042372 0.000175968 2.80445e-05 0.00440056 0.0105999
18.4 1.04569e-05 0.000500674 0.000239563 5.17399e-05 0.0059911 0.0125246
18.42 1.13536e-05 0.000561497 0.000291357 7.42153e-05 0.0072865 0.0140458
18.44 1.19015e-05 0.000606696 0.000331339 9.54107e-05 0.00828646 0.0151762
18.46 1.21843e-05 0.000635922 0.000361342 0.000115157 0.00903685 0.0159072
18.48 1.22638e-05 0.000650365 0.000382215 0.000133326 0.0095589 0.0162684
18.5 1.21556e-05 0.000653165 0.000393027 0.000150042 0.00982929 0.0163384
18.52 1.17841e-05 0.000643033 0.000392063 0.000165408 0.00980518 0.016085
18.54 1.10468e-05 0.000610951 0.000376482 0.00017825 0.0094155 0.0152827
18.56 9.89813e-06 0.000549439 0.000343796 0.000186415 0.00859801 0.0137442
18.58 8.29829e-06 0.000461698 0.000295649 0.000189079 0.00739383 0.0115498
18.6 6.25278e-06 0.000357157 0.000236099 0.000186625 0.00590446 0.00893516
18.62 3.85619e-06 0.000241775 0.000167359 0.000178799 0.00418525 0.00604941
18.64 1.28038e-06 0.000117249 9.04332e-05 0.000164664 0.00226131 0.00293496
18.66 -1.26698e-06 -1.42888e-05 7.96445e-06 0.000143784 0.000198727 -0.00035485
18.68 -3.62366e-06 -0.000146969 -7.52809e-05 0.000116973 -0.00188327 -0.00367324
18.7 -5.70008e-06 -0.000271067 -0.000154548 8.61676e-05 -0.00386577 -0.00677699
18.72 -7.45223e-06 -0.000376603 -0.000226955 5.37007e-05 -0.0056767 -0.00941648
18.74 -8.84543e-06 -0.00045888 -0.000291281 2.1379e-05 -0.00728553 -0.0114743
18.76 -9.8477e-06 -0.000520321 -0.000346641 -9.92903e-06 -0.00867011 -0.0130109
18.78 -1.04418e-05 -0.00056599 -0.000391638 -3.98466e-05 -0.00979551 -0.0141531
18.8 -1.06387e-05 -0.000597905 -0.000424826 -6.7848e-05 -0.0106256 -0.0149513
18.82 -1.04764e-05 -0.000614449 -0.000446158 -9.32422e-05 -0.0111591 -0.0153651
18.84 -9.99838e-06 -0.000613994 -0.000457707 -0.000115632 -0.0114479 -0.0153537
18.86 -9.17504e-06 -0.000594386 -0.000462019 -0.000134576 -0.0115557 -0.0148633
18.88 -7.96863e-06 -0.000552856 -0.00045823 -0.000148725 -0.011461 -0.0138246
18.9 -6.4087e-06 -0.000489822 -0.000440705 -0.000156496 -0.0110227 -0.0122481
18.92 -4.54163e-06 -0.000409673 -0.000404289 -0.000157389 -0.0101119 -0.0102436
18.94 -2.4731e-06 -0.000317308 -0.000350247 -0.000151676 -0.0087603 -0.00793349
18.96 -3.59344e-07 -0.000214536 -0.00028407 -0.000139272 -0.00710517 -0.0053631
18.98 1.64934e-06 -0.000102206 -0.000210106 -0.000119668 -0.00525531 -0.00255369
19 3.45153e-06 1.56689e-05 -0.000130743 -9.27975e-05 -0.0032704 0.000394405
19.02 5.02334e-06 0.000131317 -4.82075e-05 -5.96668e-05 -0.00120616 0.00328681
19.04 6.38238e-06 0.000236127 3.42285e-05 -2.23136e-05 0.000855602 0.00590816
19.06 7.53528e-06 0.000324709 0.000112299 1.67617e-05 0.00280819 0.00812364
19.08 8.45785e-06 0.000396963 0.000181724 5.53673e-05 0.00454452 0.00993074
19.1 9.11603e-06 0.000456042 0.000239693 9.20419e-05 0.00599434 0.0114083
19.12 9.48911e-06 0.000503522 0.000285726 0.000125797 0.00714567 0.0125958
19.14 9.57414e-06 0.000536805 0.000320963 0.000155641 0.00802696 0.0134282
19.16 9.37564e-06 0.000552322 0.000346493 0.000180586 0.00866548 0.0138163
19.18 8.895e-06 0.000550443 0.000362779 0.000200109 0.00907278 0.0137693
19.2 8.10047e-06 0.000533572 0.00036981 0.000214027 0.00924864 0.0133474
19.22 6.98262e-06 0.000501524 0.000366021 0.000221785 0.00915388 0.0125458
19.24 5.59419e-06 0.000451495 0.000347588 0.000222616 0.00869285 0.0112946
19.26 3.98006e-06 0.000381606 0.000312105 0.000216388 0.0078054 0.00954666
19.28 2.18042e-06 0.000293439 0.000262308 0.000203558 0.00655996 0.00734154
19.3 2.39222e-07 0.000191364 0.000203125 0.000184437 0.00507976 0.0047886
19.32 -1.78999e-06 8.14572e-05 0.0001377 0.000159047 0.00344347 0.0020398
19.34 -3.82561e-06 -3.0218e-05 6.77641e-05 0.000127637 0.00169434 -0.000753245
19.36 -5.76739e-06 -0.000139151 -4.51826e-06 9.11673e-05 -0.00011347 -0.0034777
19.38 -7.5016e-06 -0.000241556 -7.60733e-05 5.14725e-05 -0.00190309 -0.00603889
19.4 -8.91214e-06 -0.000332497 -0.000143884 1.10334e-05 -0.00359908 -0.00831338
19.42 -9.90009e-06 -0.000406546 -0.000205988 -2.76033e-05 -0.0051523 -0.0101654
19.44 -1.04047e-05 -0.00046085 -0.000261396 -6.23774e-05 -0.00653809 -0.0115235
19.46 -1.04098e-05 -0.000496331 -0.000309219 -9.1878e-05 -0.00773417 -0.0124109
19.48 -9.94187e-06 -0.00051545 -0.000348549 -0.000115232 -0.00871783 -0.0128891
19.5 -9.06643e-06 -0.000519842 -0.000378982 -0.000132036 -0.00947897 -0.012999
19.52 -7.85688e-06 -0.000508985 -0.000400515 -0.000142202 -0.0100175 -0.0127274
19.54 -6.37001e-06 -0.000479997 -0.000412679 -0.000145568 -0.0103217 -0.0120024
19.56 -4.65125e-06 -0.000430781 -0.00041455 -0.000142164 -0.0103685 -0.0107715
19.58 -2.71599e-06 -0.000363434 -0.000405025 -0.000132808 -0.0101303 -0.00908712
19.6 -5.82077e-07 -0.00028274 -0.000382081 -0.000118524 -0.00955648 -0.00706892
19.62 1.68576e-06 -0.000192499 -0.00034457 -9.97898e-05 -0.00861829 -0.00481196
19.64 3.96581e-06 -9.55037e-05 -0.000294895 -7.67056e-05 -0.0073759 -0.00238607
19.66 6.09066e-06 4.2945e-06 -0.000237275 -4.94408e-05 -0.00593481 0.000109926
19.68 7.89435e-06 0.000101339 -0.000174734 -1.85979e-05 -0.00437065 0.00253706
19.7 9.25067e-06 0.000190088 -0.000108799 1.45329e-05 -0.00272158 0.0047567
19.72 1.00924e-05 0.000266696 -4.07874e-05 4.80659e-05 -0.00102058 0.00667271
19.74 1.04089e-05 0.000329065 2.72013e-05 8.00154e-05 0.000679848 0.00823256
19.76 1.02406e-05 0.00037627 9.21678e-05 0.000108741 0.00230469 0.00941319
19.78 9.66619e-06 0.000408335 0.000150774 0.000133003 0.00377045 0.0102151
19.8 8.77844e-06 0.000425888 0.000200457 0.000151888 0.00501305 0.0106542
19.82 7.65564e-06 0.000429787 0.000240365 0.000164912 0.00601117 0.0107517
19.84 6.33358e-06 0.000420065 0.00027087 0.000171993 0.00677409 0.0105085
19.86 4.807e-06 0.000395011 0.00029201 0.000173149 0.00730282 0.0098819
19.88 3.05889e-06 0.000352876 0.000303128 0.00016865 0.00758089 0.00882809
19.9 1.06784e-06 0.000294453 0.00030395 0.000159406 0.00760145 0.00736692
19.92 -1.15695e-06 0.000222957 0.000294578 0.00014652 0.00736705 0.00557878
19.94 -3.5399e-06 0.000142203 0.000274096 0.000130636 0.00685479 0.00355906
19.96 -5.94008e-06 5.58189e-05 0.000241348 0.000112117 0.00603575 0.00139857
19.98 -8.17018e-06 -3.27372e-05 0.00019762 9.14732e-05 0.0049421 -0.000816251
20 -1.00482e-05 -0.000120221 0.000145767 6.93888e-05 0.00364523 -0.00300425
20.02 -1.14439e-05 -0.00020332 8.75807e-05 4.66161e-05 0.00218996 -0.00508261
20.04 -1.23032e-05 -0.000278559 2.40486e-05 2.39692e-05 0.000600997 -0.00696435
20.06 -1.26473e-05 -0.000342923 -4.29452e-05 2.26741e-06 -0.00107455 -0.00857414
20.08 -1.2549e-05 -0.000394734 -0.000110006 -1.77502e-05 -0.00275175 -0.00986993
20.1 -1.20975e-05 -0.000433661 -0.00017307 -3.5398e-05 -0.00432901 -0.0108435
20.12 -1.13692e-05 -0.00045984 -0.000228808 -5.00182e-05 -0.00572304 -0.0114983
20.14 -1.04085e-05 -0.00047313 -0.000275901 -6.10903e-05 -0.00690087 -0.0118307
20.16 -9.21493e-06 -0.000472388 -0.000314712 -6.82529e-05 -0.00787155 -0.0118121
20.18 -7.73264e-06 -0.000454769 -0.000345166 -7.11008e-05 -0.00863321 -0.0113714
20.2 -5.90074e-06 -0.000417848 -0.000365994 -6.94485e-05 -0.00915414 -0.010448
20.22 -3.68668e-06 -0.000362588 -0.000376542 -6.39792e-05 -0.00941793 -0.00906595
20.24 -1.11175e-06 -0.00029265 -0.00037788 -5.60116e-05 -0.0094514 -0.00731677
20.26 1.716e-06 -0.000211886 -0.000371308 -4.66277e-05 -0.00928703 -0.00529685
20.28 4.61646e-06 -0.000123706 -0.000355852 -3.63325e-05 -0.00890048 -0.00309142
20.3 7.37024e-06 -3.19456e-05 -0.000329059 -2.53468e-05 -0.00823037 -0.000796454
20.32 9.77093e-06 5.91672e-05 -0.000291058 -1.39036e-05 -0.00727996 0.00148231
20.34 1.1666e-05 0.000145888 -0.000244712 -2.21723e-06 -0.00612081 0.00365125
20.36 1.29772e-05 0.000224999 -0.000192295 9.61845e-06 -0.00480985 0.00562984
20.38 1.36963e-05 0.000293269 -0.00013446 2.16258e-05 -0.00336337 0.00733731
20.4 1.3867e-05 0.000348247 -7.1813e-05 3.3828e-05 -0.00179654 0.00871232
20.42 1.35515e-05 0.000389382 -6.68741e-06 4.60433e-05 -0.000167722 0.00974113
20.44 1.28028e-05 0.000417546 5.71254e-05 5.77764e-05 0.00142826 0.0104455
20.46 1.16624e-05 0.000433657 0.000116267 6.83976e-05 0.00290741 0.0108485
20.48 1.01733e-05 0.000438023 0.000169223 7.74435e-05 0.00423188 0.0109577
20.5 8.37687e-06 0.000429621 0.000215738 8.46048e-05 0.00539523 0.0107475
20.52 6.30914e-06 0.000406036 0.000255061 8.95234e-05 0.00637871 0.0101576
20.54 4.01741e-06 0.000366188 0.00028521 9.21517e-05 0.00713276 0.00916103
20.56 1.55788e-06 0.000312614 0.000304108 9.31966e-05 0.0076054 0.00782112
20.58 -9.92848e-07 0.000249704 0.000311411 9.3638e-05 0.00778804 0.00624771
20.6 -3.53271e-06 0.000180791 0.000308927 9.40066e-05 0.00772594 0.00452417
20.62 -5.94979e-06 0.00010768 0.000298249 9.43011e-05 0.00745887 0.00269564
20.64 -8.14453e-06 3.17248e-05 0.000278136 9.42238e-05 0.00695583 0.000795968
20.66 -1.00478e-05 -4.53329e-05 0.000246126 9.33501e-05 0.00615524 -0.00113128
20.68 -1.1618e-05 -0.000121118 0.000202653 9.12753e-05 0.00506798 -0.0030267
20.7 -1.28292e-05 -0.000192807 0.000151032 8.76727e-05 0.0037769 -0.00481966
20.72 -1.36552e-05 -0.00025766 9.45744e-05 8.22127e-05 0.00236488 -0.00644165
20.74 -1.40734e-05 -0.000313873 3.53187e-05 7.45764e-05 0.000882868 -0.00784759
20.76 -1.40676e-05 -0.000360877 -2.57605e-05 6.46775e-05 -0.000644748 -0.00902317
20.78 -1.36295e-05 -0.000398208 -8.7654e-05 5.28475e-05 -0.00219273 -0.00995683
20.8 -1.27611e-05 -0.000424226 -0.000148414 3.97379e-05 -0.00371236 -0.0106075
20.82 -1.14839e-05 -0.000436758 -0.000205166 2.60482e-05 -0.00513177 -0.010921
20.84 -9.84198e-06 -0.000434708 -0.000255137 1.23516e-05 -0.00638155 -0.0108697
20.86 -7.88536e-06 -0.000417968 -0.000296787 -8.03972e-07 -0.00742323 -0.010451
20.88 -5.68092e-06 -0.00038714 -0.000329863 -1.28218e-05 -0.00825047 -0.00968002
20.9 -3.29958e-06 -0.000343153 -0.000354603 -2.34208e-05 -0.00886923 -0.00857988
20.92 -8.01036e-07 -0.000287583 -0.000371235 -3.28198e-05 -0.00928521 -0.00719006
20.94 1.75973e-06 -0.000222481 -0.000380059 -4.12734e-05 -0.0095059 -0.00556184
20.96 4.33312e-06 -0.000150054 -0.000381517 -4.8689e-05 -0.00954235 -0.00375038
20.98 6.85246e-06 -7.35622e-05 -0.000375263 -5.47308e-05 -0.00938596 -0.0018373
21 9.22258e-06 3.28417e-06 -0.000359323 -5.89312e-05 -0.00898728 8.46575e-05
21.02 1.13235e-05 7.7519e-05 -0.000331985 -6.06593e-05 -0.00830356 0.0019413
21.04 1.30251e-05 0.000147099 -0.000294754 -5.93058e-05 -0.00737239 0.00368152
21.06 1.42108e-05 0.000209924 -0.000251063 -5.45122e-05 -0.00627967 0.00525281
21.08 1.4803e-05 0.000263456 -0.000203068 -4.61417e-05 -0.00507929 0.00659167
21.1 1.47789e-05 0.000305375 -0.000151219 -3.42414e-05 -0.00378252 0.00764008
21.12 1.41667e-05 0.000334352 -9.57402e-05 -1.91755e-05 -0.00239497 0.00836479
21.14 1.30265e-05 0.000350123 -3.81825e-05 -1.69087e-06 -0.000955428 0.00875924
21.16 1.1434e-05 0.00035318 1.81934e-05 1.72768e-05 0.000454557 0.00883571
21.18 9.46911e-06 0.000343804 6.9608e-05 3.67949e-05 0.00174046 0.00860119
21.2 7.21085e-06 0.00032121 0.000113612 5.58691e-05 0.00284101 0.00803612
21.22 4.73288e-06 0.000284419 0.000149956 7.35374e-05 0.00375 0.00711596
21.24 2.08254e-06 0.00023394 0.000179666 8.92163e-05 0.00449306 0.00585347
21.26 -7.13077e-07 0.000172254 0.000203223 0.000102696 0.00508224 0.00431066
21.28 -3.62096e-06 0.000102838 0.000220064 0.00011386 0.00550342 0.00257454
21.3 -6.57855e-06 2.9136e-05 0.000229432 0.000122556 0.00573773 0.000731221
21.32 -9.48066e-06 -4.61686e-05 0.00023109 0.000128565 0.0057792 -0.00115218
21.34 -1.21923e-05 -0.000121257 0.000225119 0.000131599 0.00562986 -0.00303016
21.36 -1.45749e-05 -0.000194211 0.00021135 0.000131313 0.00528548 -0.00485477
21.38 -1.65136e-05 -0.000262095 0.000189805 0.000127368 0.00474664 -0.00655258
21.4 -1.79296e-05 -0.000321279 0.000161764 0.000119601 0.00404532 -0.0080328
21.42 -1.87797e-05 -0.000368912 0.000129029 0.000108099 0.00322659 -0.00922412
21.44 -1.90493e-05 -0.000403991 9.23764e-05 9.31586e-05 0.0023099 -0.0101015
21.46 -1.87437e-05 -0.000427 5.18833e-05 7.52886e-05 0.00129716 -0.0106769
21.48 -1.78866e-05 -0.000438964 8.33469e-06 5.52448e-05 0.000207987 -0.0109761
21.5 -1.65124e-05 -0.000439986 -3.6292e-05 3.3997e-05 -0.000908144 -0.0110017
21.52 -1.46472e-05 -0.00042735 -7.96207e-05 1.28495e-05 -0.00199181 -0.0106857
21.54 -1.23176e-05 -0.000396921 -0.000119933 -6.67368e-06 -0.00300003 -0.00992463
21.56 -9.54904e-06 -0.000347267 -0.000156684 -2.35239e-05 -0.00391921 -0.00868277
21.58 -6.37078e-06 -0.000281355 -0.000189844 -3.73948e-05 -0.00474853 -0.00703428
21.6 -2.84989e-06 -0.000204667 -0.00021864 -4.82761e-05 -0.00546874 -0.00511628
21.62 8.87225e-07 -0.000122312 -0.000241264 -5.61149e-05 -0.00603458 -0.00305654
21.64 4.65156e-06 -3.72603e-05 -0.000256037 -6.08209e-05 -0.00640407 -0.000929378
21.66 8.23296e-06 4.95244e-05 -0.000262741 -6.23597e-05 -0.00657173 0.00124114
21.68 1.14556e-05 0.000136632 -0.000262451 -6.0782e-05 -0.00656447 0.00341975
21.7 1.42133e-05 0.000220028 -0.000256209 -5.6207e-05 -0.00640836 0.0055055
21.72 1.64641e-05 0.000293805 -0.000244284 -4.87379e-05 -0.00611012 0.0073507
21.74 1.81986e-05 0.000353323 -0.00022676 -3.84005e-05 -0.00567184 0.00883927
21.76 1.94042e-05 0.000397741 -0.000204257 -2.52622e-05 -0.00510902 0.00995019
21.78 2.00535e-05 0.000429352 -0.0001775 -9.6322e-06 -0.00443982 0.0107408
21.8 2.01211e-05 0.000450662 -0.000147215 7.85586e-06 -0.00368237 0.0112738
21.82 1.96088e-05 0.00046216 -0.000115015 2.6366e-05 -0.00287705 0.0115613
21.84 1.85526e-05 0.000462 -8.33602e-05 4.50157e-05 -0.00208534 0.0115573
21.86 1.69983e-05 0.000446508 -5.45599e-05 6.26533e-05 -0.00136503 0.0111699
21.88 1.50062e-05 0.00041278 -2.9981e-05 7.78874e-05 -0.000750304 0.0103263
21.9 1.2634e-05 0.000361775 -9.64321e-06 8.98822e-05 -0.000241648 0.00905067
21.92 9.92777e-06 0.000297736 7.14636e-06 9.85964e-05 0.000178266 0.00744901
21.94 6.94687e-06 0.000225028 2.03453e-05 0.000104164 0.000508378 0.00563055
21.96 3.77199e-06 0.00014626 2.87903e-05 0.000106529 0.000719591 0.00366054
21.98 5.11371e-07 6.24652e-05 3.15612e-05 0.000105583 0.000788891 0.0015648
22 -2.72121e-06 -2.57771e-05 2.92832e-05 0.000101393 0.000731919 -0.000642178
22.02 -5.82747e-06 -0.000116369 2.36589e-05 9.42649e-05 0.000591251 -0.00290792
22.04 -8.72919e-06 -0.000204502 1.60216e-05 8.46912e-05 0.00040024 -0.00511215
22.06 -1.13519e-05 -0.000283896 6.49047e-06 7.31978e-05 0.000161862 -0.00709783
22.08 -1.36058e-05 -0.000349913 -5.48422e-06 6.02016e-05 -0.00013763 -0.00874895
22.1 -1.5383e-05 -0.000401304 -2.01786e-05 4.60173e-05 -0.000505142 -0.0100343
22.12 -1.65804e-05 -0.000439196 -3.70488e-05 3.10299e-05 -0.000927073 -0.0109819
22.14 -1.71395e-05 -0.000465087 -5.45512e-05 1.58208e-05 -0.00136482 -0.0116295
22.16 -1.70744e-05 -0.000479349 -7.0597e-05 1.0881e-06 -0.00176613 -0.0119862
22.18 -1.6461e-05 -0.000480813 -8.35863e-05 -1.25335e-05 -0.00209099 -0.0120228
22.2 -1.53747e-05 -0.000466109 -9.32382e-05 -2.43089e-05 -0.00233239 -0.0116551
22.22 -1.38716e-05 -0.000431232 -0.000100193 -3.31553e-05 -0.00250633 -0.0107828
22.24 -1.19615e-05 -0.000376007 -0.000105113 -3.82586e-05 -0.0026294 -0.00940157
22.26 -9.61123e-06 -0.000304973 -0.000107941 -3.97017e-05 -0.00270011 -0.00762499
22.28 -6.80854e-06 -0.000223477 -0.00010759 -3.79687e-05 -0.00269134 -0.00558672
22.3 -3.60481e-06 -0.000134235 -0.000102936 -3.33138e-05 -0.00257494 -0.00335476
22.32 -1.41629e-07 -3.81102e-05 -9.41974e-05 -2.5839e-05 -0.00235638 -0.000950633
22.34 3.38071e-06 6.28106e-05 -8.29315e-05 -1.58339e-05 -0.00207462 0.00157344
22.36 6.75574e-06 0.000163321 -7.06306e-05 -3.92326e-06 -0.00176697 0.00408723
22.38 9.81116e-06 0.00025598 -5.77689e-05 9.02502e-06 -0.00144529 0.00640468
22.4 1.24209e-05 0.000334674 -4.41915e-05 2.2175e-05 -0.00110571 0.00837287
22.42 1.45066e-05 0.000397714 -2.99383e-05 3.50344e-05 -0.000749237 0.00994951
22.44 1.60395e-05 0.000446922 -1.56236e-05 4.74987e-05 -0.000391221 0.0111802
22.46 1.70376e-05 0.000483974 -2.25158e-06 5.95275e-05 -5.678e-05 0.0121069
22.48 1.75497e-05 0.000508309 9.41147e-06 7.07982e-05 0.000234918 0.0127155
22.5 1.76254e-05 0.000518671 1.92866e-05 8.07218e-05 0.000481899 0.0129747
22.52 1.72821e-05 0.000514907 2.74887e-05 8.87425e-05 0.000687037 0.0128806
22.54 1.64833e-05 0.000495868 3.3224e-05 9.42724e-05 0.000830478 0.0124044
22.56 1.51938e-05 0.00045886 3.47049e-05 9.65986e-05 0.000867518 0.0114788
22.58 1.33969e-05 0.000402987 3.06888e-05 9.54695e-05 0.000767072 0.0100814
22.6 1.11078e-05 0.000330731 2.14707e-05 9.13317e-05 0.000536523 0.00827424
22.62 8.40459e-06 0.000246358 8.38186e-06 8.48203e-05 0.000209167 0.00616405
22.64 5.42366e-06 0.000154414 -7.33177e-06 7.63947e-05 -0.000183838 0.00386447
22.66 2.35371e-06 5.93178e-05 -2.5688e-05 6.63595e-05 -0.000642935 0.00148608
22.68 -6.08599e-07 -3.55594e-05 -4.80161e-05 5.50369e-05 -0.00120137 -0.000886837
22.7 -3.30579e-06 -0.000127747 -7.5009e-05 4.29185e-05 -0.00187647 -0.00319249
22.72 -5.6485e-06 -0.000214143 -0.000104605 3.06658e-05 -0.00261669 -0.0053533
22.74 -7.61493e-06 -0.000290723 -0.000132838 1.8886e-05 -0.0033228 -0.00726857
22.76 -9.23159e-06 -0.00035444 -0.000156848 7.89612e-06 -0.00392329 -0.00886216
22.78 -1.05389e-05 -0.000404733 -0.000176376 -2.24376e-06 -0.0044117 -0.01012
22.8 -1.15534e-05 -0.000442525 -0.000192647 -1.14923e-05 -0.00481865 -0.0110652
22.82 -1.22456e-05 -0.000468198 -0.000206368 -1.96586e-05 -0.00516181 -0.0117073
22.84 -1.25491e-05 -0.000480876 -0.000216761 -2.63927e-05 -0.00542176 -0.0120244
22.86 -1.23831e-05 -0.000478318 -0.000222011 -3.11775e-05 -0.00555305 -0.0119604
22.88 -1.1676e-05 -0.000457016 -0.000220304 -3.3336e-05 -0.00551037 -0.0114277
22.9 -1.04256e-05 -0.000415332 -0.000210836 -3.24855e-05 -0.00527356 -0.0103851
22.92 -8.69968e-06 -0.000355953 -0.000194173 -2.89733e-05 -0.00485682 -0.0089
22.94 -6.61444e-06 -0.000283643 -0.000171578 -2.34123e-05 -0.0042917 -0.0070915
22.96 -4.32497e-06 -0.000202251 -0.000144211 -1.60837e-05 -0.00360726 -0.00505586
22.98 -1.98377e-06 -0.000114587 -0.000113142 -7.04963e-06 -0.00283018 -0.00286336
23 2.85191e-07 -2.38933e-05 -7.94194e-05 3.49506e-06 -0.00198678 -0.000595062
23.02 2.40946e-06 6.59427e-05 -4.37345e-05 1.51173e-05 -0.00109429 0.00165177
23.04 4.35975e-06 0.000151171 -6.6827e-06 2.72277e-05 -0.000167604 0.00378337
23.06 6.12199e-06 0.000228805 3.03536e-05 3.9234e-05 0.00075869 0.00572504
23.08 7.66852e-06 0.000296593 6.52468e-05 5.07333e-05 0.00163138 0.00742043
23.1 8.94809e-06 0.000352752 9.63257e-05 6.15556e-05 0.00240868 0.008825
23.12 9.89086e-06 0.000395927 0.000123237 7.15564e-05 0.00308174 0.00990481
23.14 1.04215e-05 0.0004252 0.000146461 8.04322e-05 0.00366257 0.0106369
23.16 1.04786e-05 0.0004402 0.000166338 8.78265e-05 0.00415973 0.0110121
23.18 1.00371e-05 0.000441072 0.000182635 9.3534e-05 0.00456731 0.0110339
23.2 9.11183e-06 0.000427221 0.00019423 9.73864e-05 0.00485731 0.0106875
23.22 7.76996e-06 0.00039702 0.00019898 9.90478e-05 0.00497611 0.00993215
23.24 6.12948e-06 0.000350117 0.00019456 9.83304e-05 0.00486557 0.00875908
23.26 4.31072e-06 0.000289194 0.000179944 9.55086e-05 0.00450001 0.00723539
23.28 2.41908e-06 0.000218791 0.000156083 9.09893e-05 0.00390324 0.00547458
23.3 5.38221e-07 0.000142718 0.000125042 8.49387e-05 0.00312689 0.00357196
23.32 -1.27819e-06 6.30906e-05 8.88466e-05 7.73575e-05 0.00222162 0.00158044
23.34 -3.00218e-06 -1.88361e-05 4.87512e-05 6.83053e-05 0.00121882 -0.00046858
23.36 -4.62279e-06 -0.000101266 5.01383e-06 5.80051e-05 0.000124931 -0.00253018
23.38 -6.12239e-06 -0.000181065 -4.21719e-05 4.68499e-05 -0.0010552 -0.00452598
23.4 -7.45246e-06 -0.000254224 -9.15393e-05 3.532e-05 -0.0022899 -0.00635573
23.42 -8.52815e-06 -0.000317235 -0.000140739 2.38145e-05 -0.00352041 -0.00793167
23.44 -9.24962e-06 -0.000368245 -0.000187354 1.25652e-05 -0.00468628 -0.00920745
23.46 -9.53662e-06 -0.000406694 -0.000229604 1.74367e-06 -0.00574295 -0.0101691
23.48 -9.3568e-06 -0.00043203 -0.000266368 -8.40473e-06 -0.00666244 -0.0108027
23.5 -8.73476e-06 -0.000443294 -0.00029722 -1.75895e-05 -0.00743405 -0.0110844
23.52 -7.73728e-06 -0.000439953 -0.000322089 -2.55956e-05 -0.00805606 -0.0110009
23.54 -6.4385e-06 -0.000421983 -0.000340458 -3.22126e-05 -0.00851547 -0.0105515
23.56 -4.91494e-06 -0.000389699 -0.000351091 -3.70893e-05 -0.00878141 -0.00974403
23.58 -3.22511e-06 -0.000343752 -0.000352984 -3.99825e-05 -0.00882873 -0.00859487
23.6 -1.40343e-06 -0.000286034 -0.000346118 -4.09846e-05 -0.00865702 -0.0071513
23.62 5.18978e-07 -0.00021901 -0.000330842 -4.0199e-05 -0.00827497 -0.00547501
23.64 2.50744e-06 -0.000144568 -0.000307446 -3.74907e-05 -0.00768981 -0.00361319
23.66 4.50409e-06 -6.5062e-05 -0.000276858 -3.2716e-05 -0.0069248 -0.00162471
23.68 6.42398e-06 1.62384e-05 -0.000240225 -2.59477e-05 -0.00600859 0.000408649
23.7 8.16039e-06 9.57134e-05 -0.000197984 -1.74391e-05 -0.00495212 0.00239635
23.72 9.59884e-06 0.000170193 -0.000150372 -7.53021e-06 -0.00376134 0.00425912
23.74 1.06353e-05 0.000236769 -9.83177e-05 3.42157e-06 -0.00245943 0.00592421
23.76 1.11975e-05 0.000292869 -4.37111e-05 1.51235e-05 -0.0010937 0.0073273
23.78 1.12633e-05 0.00033677 1.07475e-05 2.73622e-05 0.000268332 0.00842528
23.8 1.08655e-05 0.000367646 6.17554e-05 3.99177e-05 0.00154406 0.0091975
23.82 1.00795e-05 0.000385155 0.000106464 5.25147e-05 0.00266224 0.0096354
23.84 8.99733e-06 0.000389353 0.000143801 6.48635e-05 0.00359605 0.0097404
23.86 7.6944e-06 0.000380708 0.000174184 7.66405e-05 0.00435594 0.00952417
23.88 6.20945e-06 0.000359485 0.000198042 8.73092e-05 0.00495264 0.00899339
23.9 4.55277e-06 0.000325658 0.000215266 9.6189e-05 0.00538342 0.00814736
23.92 2.71445e-06 0.000279901 0.000225629 0.000102871 0.00564261 0.00700295
23.94 6.94519e-07 0.000223839 0.000228624 0.000107276 0.00571752 0.00560083
23.96 -1.46294e-06 0.000159324 0.000222896 0.000109372 0.00557426 0.00398729
23.98 -3.66145e-06 8.82929e-05 0.000206688 0.000109041 0.00516888 0.00221076
24 -5.76268e-06 1.35178e-05 0.000179827 0.000106196 0.00449708 0.000340605
24.02 -7.6171e-06 -6.10285e-05 0.000144607 0.000100969 0.00361622 -0.00152383
24.04 -9.09987e-06 -0.000131495 0.000103563 9.36332e-05 0.00258968 -0.00328623
24.06 -1.01393e-05 -0.000195613 5.76885e-05 8.44036e-05 0.00144235 -0.00488984
24.08 -1.07267e-05 -0.000252707 7.09811e-06 7.33715e-05 0.00017706 -0.0063178
24.1 -1.0908e-05 -0.00030264 -4.74068e-05 6.05894e-05 -0.00118613 -0.00756662
24.12 -1.07589e-05 -0.000344507 -0.00010305 4.62364e-05 -0.0025778 -0.00861373
24.14 -1.03527e-05 -0.000376185 -0.00015554 3.07401e-05 -0.00389059 -0.00940603
24.16 -9.73561e-06 -0.000395303 -0.0002013 1.47273e-05 -0.00503506 -0.00988417
24.18 -8.91798e-06 -0.000401225 -0.000239295 -1.13309e-06 -0.00598534 -0.0100323
24.2 -7.88006e-06 -0.000395542 -0.000270544 -1.61794e-05 -0.00676688 -0.00989015
24.22 -6.5928e-06 -0.000380007 -0.000296088 -2.96317e-05 -0.00740575 -0.00950161
24.24 -5.0543e-06 -0.00035469 -0.000315837 -4.07129e-05 -0.00789969 -0.00886844
24.26 -3.29871e-06 -0.000318271 -0.000328703 -4.90523e-05 -0.00822145 -0.00795756
24.28 -1.39146e-06 -0.000269796 -0.000333254 -5.46909e-05 -0.00833528 -0.00674519
24.3 5.75604e-07 -0.000210531 -0.000328066 -5.77168e-05 -0.00820554 -0.00526294
24.32 2.49723e-06 -0.000144369 -0.000311673 -5.80506e-05 -0.00779555 -0.00360822
24.34 4.26277e-06 -7.61824e-05 -0.000283778 -5.555e-05 -0.00709788 -0.00190283
24.36 5.77013e-06 -9.39255e-06 -0.000246246 -5.01814e-05 -0.00615919 -0.000232393
24.38 6.94672e-06 5.49342e-05 -0.000201889 -4.19564e-05 -0.00504978 0.00137645
24.4 7.77109e-06 0.000116763 -0.000152951 -3.08729e-05 -0.00382584 0.00292281
24.42 8.27646e-06 0.000175252 -0.000100959 -1.70526e-05 -0.00252549 0.00438565
24.44 8.52866e-06 0.000228203 -4.75513e-05 -8.62979e-07 -0.00118974 0.00570997
24.46 8.5852e-06 0.000272725 4.99925e-06 1.70821e-05 0.000124566 0.00682348
24.48 8.46273e-06 0.000306319 5.42186e-05 3.59781e-05 0.00135556 0.00766367
24.5 8.13405e-06 0.000328099 9.83666e-05 5.49166e-05 0.00245972 0.0082084
24.52 7.55343e-06 0.000339139 0.000136845 7.3021e-05 0.00342207 0.00848454
24.54 6.69259e-06 0.000340906 0.000169456 8.95481e-05 0.0042377 0.00852872
24.56 5.56395e-06 0.000333132 0.000195381 0.000103833 0.00488609 0.00833429
24.58 4.23071e-06 0.000313901 0.000212882 0.000115217 0.00532379 0.00785332
24.6 2.79619e-06 0.00028212 0.000220037 0.000123251 0.00550275 0.00705845
24.62 1.36633e-06 0.000239369 0.000215779 0.000127907 0.00539627 0.00598924
24.64 2.54988e-08 0.000189136 0.000200093 0.000129334 0.00500394 0.00473289
24.66 -1.17343e-06 0.000134704 0.000173701 0.000127551 0.00434388 0.00337152
24.68 -2.20678e-06 7.77143e-05 0.000137544 0.000122457 0.00343957 0.00194619
24.7 -3.07123e-06 1.82329e-05 9.2532e-05 0.000113931 0.0023138 0.00045853
24.72 -3.77792e-06 -4.34517e-05 4.02068e-05 0.00010193 0.00100512 -0.00108423
24.74 -4.33984e-06 -0.000105134 -1.69282e-05 8.66412e-05 -0.000423849 -0.00262692
24.76 -4.75827e-06 -0.000163221 -7.61024e-05 6.85475e-05 -0.00190382 -0.00407971
24.78 -5.01422e-06 -0.000214771 -0.000134984 4.83532e-05 -0.00337647 -0.005369
24.8 -5.07378e-06 -0.000258539 -0.000191584 2.68896e-05 -0.00479207 -0.00646364
24.82 -4.90562e-06 -0.000294174 -0.000243929 5.09013e-06 -0.00610124 -0.00735489
24.84 -4.50141e-06 -0.000321126 -0.000290403 -1.60295e-05 -0.00726356 -0.00802899
24.86 -3.88702e-06 -0.000338513 -0.000330109 -3.54795e-05 -0.00825663 -0.00846383
24.88 -3.11842e-06 -0.000345759 -0.000362257 -5.24604e-05 -0.00906068 -0.00864506
24.9 -2.26423e-06 -0.000342924 -0.000385498 -6.64417e-05 -0.00964193 -0.00857416
24.92 -1.38408e-06 -0.000330162 -0.000398304 -7.70443e-05 -0.00996222 -0.00825497
24.94 -5.21377e-07 -0.000307554 -0.00039989 -8.3909e-05 -0.0100019 -0.00768955
24.96 3.02624e-07 -0.000275343 -0.000390261 -8.68158e-05 -0.00976105 -0.00688393
24.98 1.08831e-06 -0.000234465 -0.00036949 -8.57451e-05 -0.00924156 -0.00586156
25 1.84382e-06 -0.000186472 -0.000337865 -8.07308e-05 -0.00845062 -0.00466122
25.02 2.56473e-06 -0.000133132 -0.000296262 -7.18326e-05 -0.0074101 -0.00332716
25.04 3.2172e-06 -7.63633e-05 -0.000245487 -5.91714e-05 -0.00614019 -0.00190736
25.06 3.74102e-06 -1.79736e-05 -0.000186467 -4.29719e-05 -0.00466407 -0.000447009
25.08 4.06748e-06 4.01106e-05 -0.000121327 -2.36827e-05 -0.00303489 0.0010057
25.1 4.14351e-06 9.56472e-05 -5.31503e-05 -2.03441e-06 -0.00132978 0.0023947
25.12 3.94718e-06 0.000146251 1.53192e-05 2.10347e-05 0.000382673 0.00366033
25.14 3.49303e-06 0.000189868 8.21328e-05 4.45194e-05 0.00205371 0.0047512
25.16 2.82598e-06 0.000225253 0.000145512 6.74579e-05 0.00363886 0.0056362
25.18 2.00704e-06 0.00025203 0.000203448 8.89895e-05 0.00508786 0.00630589
25.2 1.09752e-06 0.00027023 0.000253838 0.000108382 0.00634812 0.00676107
25.22 1.48834e-07 0.000279802 0.000294788 0.000125042 0.00737231 0.00700049
25.24 -8.02571e-07 0.000280382 0.000325027 0.000138519 0.0081286 0.00701499
25.26 -1.73995e-06 0.000271298 0.00034439 0.00014846 0.00861288 0.00678779
25.28 -2.66065e-06 0.000252151 0.000353763 0.000154583 0.00884728 0.00630893
25.3 -3.56166e-06 0.000223888 0.000354011 0.000156781 0.00885349 0.00560205
25.32 -4.42062e-06 0.000188787 0.000343755 0.000155169 0.00859699 0.00472416
25.34 -5.18691e-06 0.000148805 0.000318956 0.000149836 0.00797676 0.00372421
25.36 -5.78078e-06 0.000104711 0.000277472 0.000140847 0.00693923 0.00262137
25.38 -6.10934e-06 5.72221e-05 0.000222102 0.000128517 0.00555439 0.00143367
25.4 -6.09871e-06 7.92386e-06 0.000157073 0.000113248 0.00392799 0.000200698
25.42 -5.71953e-06 -4.08317e-05 8.47908e-05 9.52942e-05 0.00212019 -0.0010187
25.44 -4.99843e-06 -8.64769e-05 6.66525e-06 7.49621e-05 0.000166234 -0.00216031
25.46 -4.00235e-06 -0.000127056 -7.5117e-05 5.28144e-05 -0.00187917 -0.00317522
25.48 -2.81277e-06 -0.000161582 -0.000156906 2.96449e-05 -0.00392474 -0.00403871
25.5 -1.509e-06 -0.000189715 -0.000234125 6.374e-06 -0.00585602 -0.00474234
25.52 -1.63988e-07 -0.000211226 -0.000302523 -1.60299e-05 -0.00756668 -0.00528033
25.54 1.15996e-06 -0.000225777 -0.000359655 -3.66539e-05 -0.00899559 -0.00564426
25.56 2.41975e-06 -0.00023295 -0.000405408 -5.47293e-05 -0.0101399 -0.00582365
25.58 3.59572e-06 -0.000232324 -0.000440783 -6.96528e-05 -0.0110246 -0.005808
25.6 4.68647e-06 -0.000223732 -0.000466293 -8.101e-05 -0.0116627 -0.00559312
25.62 5.6924e-06 -0.000207684 -0.000481634 -8.86619e-05 -0.0120463 -0.00519174
25.64 6.60209e-06 -0.000185604 -0.000486686 -9.27857e-05 -0.0121727 -0.00463951
25.66 7.38007e-06 -0.000159213 -0.000481255 -9.37068e-05 -0.0120368 -0.00397946
25.68 7.9624e-06 -0.000129582 -0.000462775 -9.15918e-05 -0.0115747 -0.00323839
25.7 8.2784e-06 -9.69627e-05 -0.000427674 -8.63818e-05 -0.0106968 -0.00242256
25.72 8.26947e-06 -6.14904e-05 -0.000376592 -7.80052e-05 -0.00941918 -0.00153538
25.74 7.90752e-06 -2.39094e-05 -0.000313834 -6.64352e-05 -0.00784958 -0.000595464
25.76 7.20662e-06 1.43804e-05 -0.000242937 -5.1613e-05 -0.00607642 0.000362179
25.78 6.21918e-06 5.17269e-05 -0.000165785 -3.3546e-05 -0.00414681 0.00129623
25.8 5.02292e-06 8.67507e-05 -8.41558e-05 -1.25252e-05 -0.00210524 0.00217219
25.82 3.69508e-06 0.000118495 -9.15259e-07 1.07417e-05 -2.33581e-05 0.00296614
25.84 2.29581e-06 0.000146215 8.01235e-05 3.51623e-05 0.00200345 0.00365941
25.86 8.71644e-07 0.000169438 0.000154812 5.94484e-05 0.00387144 0.00424023
25.88 -5.31438e-07 0.000187931 0.000219682 8.23867e-05 0.00549387 0.00470274
25.9 -1.86451e-06 0.000201311 0.00027318 0.000103021 0.00683187 0.00503739
25.92 -3.08333e-06 0.00020885 0.000315757 0.000120669 0.00789675 0.00522594
25.94 -4.15846e-06 0.000209737 0.000348291 0.000134908 0.00871045 0.00524813
25.96 -5.08248e-06 0.000203531 0.000370722 0.000145624 0.00927143 0.0050929
25.98 -5.86852e-06 0.000190419 0.000382655 0.000153003 0.00956989 0.00476499
26 -6.53841e-06 0.000171113 0.000384631 0.000157344 0.0096193 0.00428213
26.02 -7.09909e-06 0.000146648 0.000376714 0.000158808 0.00942132 0.00367025
26.04 -7.52693e-06 0.000117886 0.000355605 0.000157265 0.00889336 0.0029509
26.06 -7.77304e-06 8.51026e-05 0.000317032 0.000152379 0.00792865 0.00213097
26.08 -7.77102e-06 4.84885e-05 0.000261882 0.000143857 0.0065493 0.00121524
26.1 -7.45968e-06 9.10935e-06 0.000195396 0.00013151 0.00488647 0.000230347
26.12 -6.81033e-06 -3.07888e-05 0.000122121 0.000115276 0.00305383 -0.000767523
26.14 -5.84438e-06 -6.88306e-05 4.45324e-05 9.53675e-05 0.00111331 -0.00171896
26.16 -4.63349e-06 -0.000103647 -3.59202e-05 7.24154e-05 -0.000898846 -0.00258973
26.18 -3.27376e-06 -0.000134923 -0.000117602 4.74495e-05 -0.00294174 -0.00337196
26.2 -1.86111e-06 -0.000162651 -0.000197387 2.17763e-05 -0.0049372 -0.00406545
26.22 -4.82445e-07 -0.000186412 -0.000269971 -3.22037e-06 -0.00675254 -0.00465973
26.24 7.87045e-07 -0.000205113 -0.000330088 -2.63287e-05 -0.00825612 -0.00512745
26.26 1.89391e-06 -0.000217324 -0.000376028 -4.66598e-05 -0.00940509 -0.00543284
26.28 2.81692e-06 -0.000222295 -0.000409985 -6.36284e-05 -0.0102544 -0.00555717
26.3 3.56671e-06 -0.000220749 -0.000434846 -7.69101e-05 -0.0108761 -0.00551851
26.32 4.17264e-06 -0.000214389 -0.000451403 -8.64673e-05 -0.0112902 -0.00535945
26.34 4.66003e-06 -0.000204574 -0.000458599 -9.24951e-05 -0.0114702 -0.00511395
26.36 5.02803e-06 -0.000191371 -0.00045488 -9.52135e-05 -0.0113772 -0.00478376
26.38 5.24058e-06 -0.00017383 -0.000437706 -9.46215e-05 -0.0109477 -0.00434503
26.4 5.2483e-06 -0.000151189 -0.000404404 -9.04839e-05 -0.0101148 -0.00377878
26.42 5.01204e-06 -0.000123971 -0.000356106 -8.25924e-05 -0.00890683 -0.00309805
26.44 4.51876e-06 -9.3805e-05 -0.000297084 -7.08632e-05 -0.00743067 -0.00234358
26.46 3.78986e-06 -6.19994e-05 -0.000230654 -5.52293e-05 -0.00576922 -0.00154811
26.48 2.87764e-06 -2.85892e-05 -0.000158443 -3.57035e-05 -0.00396319 -0.00071251
26.5 1.85923e-06 6.87638e-06 -8.20501e-05 -1.26292e-05 -0.00205257 0.0001745
26.52 8.16799e-07 4.37517e-05 -4.26395e-06 1.31293e-05 -0.00010711 0.00109677
26.54 -1.83539e-07 7.97697e-05 7.10294e-05 4.02104e-05 0.00177601 0.00199759
26.56 -1.10236e-06 0.00011213 0.00013955 6.69965e-05 0.00348974 0.00280694
26.58 -1.92429e-06 0.000138985 0.000198002 9.19605e-05 0.00495163 0.00347859
26.6 -2.64929e-06 0.000159909 0.000245377 0.000113915 0.0061365 0.0040019
26.62 -3.28147e-06 0.000175266 0.00028265 0.000132052 0.00706874 0.00438599
26.64 -3.81904e-06 0.000185318 0.000310888 0.000145905 0.00777497 0.0046374
26.66 -4.25109e-06 0.000189836 0.000329996 0.000155376 0.00825287 0.00475039
26.68 -4.5629e-06 0.000188225 0.000339291 0.00016072 0.00848535 0.00471012
26.7 -4.74203e-06 0.000179974 0.000337981 0.000162335 0.00845259 0.00450374
26.72 -4.77459e-06 0.000165167 0.000323888 0.00016046 0.0081001 0.0041334
26.74 -4.65128e-06 0.000144704 0.000294091 0.000155116 0.00735487 0.00362163
26.76 -4.36351e-06 0.000119866 0.000248835 0.00014626 0.006223 0.00300043
26.78 -3.89823e-06 9.15104e-05 0.000191657 0.000133805 0.00479296 0.00229123
26.8 -3.24584e-06 5.99141e-05 0.00012588 0.000117582 0.00314784 0.001501
26.82 -2.40949e-06 2.55241e-05 5.34123e-05 9.7525e-05 0.0013354 0.000640886
26.84 -1.41607e-06 -1.03391e-05 -2.40222e-05 7.39791e-05 -0.000601272 -0.000256066
26.86 -3.10342e-07 -4.556e-05 -0.000103734 4.78676e-05 -0.0025949 -0.00113696
26.88 8.56176e-07 -7.80791e-05 -0.000182049 2.06016e-05 -0.00455358 -0.00195027
26.9 2.02897e-06 -0.000106857 -0.000254885 -6.20369e-06 -0.00637526 -0.00267002
26.92 3.14654e-06 -0.00013191 -0.000318749 -3.10592e-05 -0.00797251 -0.0032966
26.94 4.14251e-06 -0.000153285 -0.000371756 -5.28114e-05 -0.00929824 -0.00383119
26.96 4.95779e-06 -0.000170243 -0.000413732 -7.06771e-05 -0.0103481 -0.00425533
26.98 5.55537e-06 -0.000181731 -0.00044505 -8.42345e-05 -0.0111314 -0.00454265
27 5.92929e-06 -0.000187411 -0.000465635 -9.34598e-05 -0.0116462 -0.0046847
27.02 6.10326e-06 -0.000187748 -0.000475177 -9.86873e-05 -0.0118848 -0.00469314
27.04 6.11847e-06 -0.000183154 -0.000473743 -0.000100364 -0.011849 -0.00457823
27.06 6.0087e-06 -0.000173366 -0.000460794 -9.87329e-05 -0.0115251 -0.00433343
27.08 5.79203e-06 -0.000157861 -0.000433824 -9.37348e-05 -0.0108506 -0.00394565
27.1 5.46624e-06 -0.000136774 -0.000391426 -8.52104e-05 -0.00979019 -0.00341827
27.12 5.01164e-06 -0.000111237 -0.000336862 -7.30843e-05 -0.00842552 -0.00277956
27.14 4.405e-06 -8.27188e-05 -0.000274723 -5.73059e-05 -0.00687142 -0.00206631
27.16 3.63188e-06 -5.20764e-05 -0.000207131 -3.78709e-05 -0.00518091 -0.00129993
27.18 2.70756e-06 -1.94244e-05 -0.000135021 -1.50733e-05 -0.0033774 -0.000483295
27.2 1.68174e-06 1.49473e-05 -6.03054e-05 1.02795e-05 -0.00150873 0.000376357
27.22 6.24088e-07 4.95327e-05 1.38495e-05 3.68654e-05 0.000345916 0.00124135
27.24 -3.96139e-07 8.17949e-05 8.38113e-05 6.30618e-05 0.00209569 0.00204824
27.26 -1.32206e-06 0.000109761 0.000146175 8.72998e-05 0.00365543 0.00274768
27.28 -2.11623e-06 0.000133128 0.000198819 0.000108381 0.00497209 0.00333212
27.3 -2.765e-06 0.000152411 0.000241477 0.000125554 0.00603897 0.00381438
27.32 -3.27546e-06 0.000167286 0.000274769 0.00013841 0.00687162 0.00418642
27.34 -3.66565e-06 0.000176336 0.000298742 0.000146832 0.0074712 0.00441275
27.36 -3.95618e-06 0.000178329 0.000312712 0.000151048 0.00782058 0.00446259
27.38 -4.16536e-06 0.000173302 0.000316312 0.000151563 0.00791063 0.00433688
27.4 -4.29938e-06 0.000162345 0.000309579 0.000148859 0.00774223 0.00406285
27.42 -4.34271e-06 0.000146617 0.000291416 0.000143142 0.00728796 0.00366947
27.44 -4.26406e-06 0.000126693 0.000259984 0.00013442 0.00650184 0.00317117
27.46 -4.02591e-06 0.000102671 0.000215778 0.000122695 0.00539623 0.00257035
27.48 -3.60071e-06 7.47356e-05 0.000161579 0.000107994 0.00404068 0.00187169
27.5 -2.98522e-06 4.37074e-05 9.99882e-05 9.03647e-05 0.00250028 0.00109566
27.52 -2.20419e-06 1.1023e-05 3.30228e-05 7.00363e-05 0.000825446 0.000278208
27.54 -1.30785e-06 -2.18472e-05 -3.70921e-05 4.75923e-05 -0.000928156 -0.000543887
27.56 -3.57013e-07 -5.37877e-05 -0.00010754 2.40199e-05 -0.00269008 -0.00134273
27.58 5.91774e-07 -8.38404e-05 -0.000175152 6.16604e-07 -0.00438108 -0.00209436
27.6 1.49245e-06 -0.000110934 -0.000236754 -2.12317e-05 -0.00592178 -0.00277197
27.62 2.30855e-06 -0.000133998 -0.000289795 -4.0324e-05 -0.00724837 -0.00334882
27.64 3.01382e-06 -0.000152226 -0.000333043 -5.58147e-05 -0.00833001 -0.00380472
27.66 3.59396e-06 -0.000165112 -0.000366472 -6.72278e-05 -0.00916607 -0.00412701
27.68 4.0451e-06 -0.000172449 -0.000390345 -7.44306e-05 -0.00976315 -0.0043105
27.7 4.36936e-06 -0.000174384 -0.000404596 -7.76414e-05 -0.0101196 -0.0043589
27.72 4.5714e-06 -0.000171245 -0.000409088 -7.73573e-05 -0.0102319 -0.00428039
27.74 4.65483e-06 -0.000163184 -0.000403752 -7.41169e-05 -0.0100985 -0.00407878
27.76 4.6183e-06 -0.000150194 -0.00038766 -6.82743e-05 -0.009696 -0.0037539
27.78 4.4585e-06 -0.000132619 -0.000359339 -6.00171e-05 -0.00898769 -0.00331434
27.8 4.16971e-06 -0.000111305 -0.000319319 -4.94713e-05 -0.00798677 -0.00278127
27.82 3.7457e-06 -8.70391e-05 -0.000270123 -3.66682e-05 -0.00675635 -0.00217436
27.84 3.18573e-06 -6.02034e-05 -0.000214146 -2.15505e-05 -0.00535635 -0.00150319
27.86 2.50045e-06 -3.12046e-05 -0.000153236 -4.16009e-06 -0.00383296 -0.00077792
27.88 1.71812e-06 -1.00944e-06 -8.93561e-05 1.51447e-05 -0.0022353 -2.27277e-05
27.9 8.79853e-07 2.8899e-05 -2.49573e-05 3.55953e-05 -0.00062466 0.000725295
27.92 2.95511e-08 5.70147e-05 3.72386e-05 5.60819e-05 0.000930885 0.00142848
27.94 -7.92833e-07 8.22715e-05 9.45476e-05 7.53684e-05 0.00236421 0.00206016
27.96 -1.55194e-06 0.000104153 0.000144799 9.23568e-05 0.00362102 0.00260743
27.98 -2.21755e-06 0.000122361 0.000186814 0.000106245 0.00467182 0.00306282
28 -2.76736e-06 0.000136399 0.000220286 0.000116548 0.00550898 0.00341392
28.02 -3.18939e-06 0.000145606 0.000245083 0.000123097 0.00612917 0.00364419
28.04 -3.48195e-06 0.000149613 0.000260815 0.000126081 0.00652262 0.0037444
28.06 -3.65147e-06 0.000148589 0.000267121 0.00012598 0.00668034 0.00371879
28.08 -3.70814e-06 0.000142903 0.000263966 0.000123331 0.00660143 0.00357659
28.1 -3.65835e-06 0.000132702 0.000250892 0.000118488 0.00627444 0.00332145
28.12 -3.50452e-06 0.000118049 0.000226812 0.000111611 0.0056722 0.00295496
28.14 -3.24453e-06 9.93276e-05 0.000191914 0.000102779 0.00479938 0.00248674
28.16 -2.87324e-06 7.72505e-05 0.000148171 9.19921e-05 0.00370535 0.00193459
28.18 -2.38802e-06 5.26084e-05 9.78298e-05 7.91822e-05 0.0024463 0.00131828
28.2 -1.79325e-06 2.61887e-05 4.27432e-05 6.43629e-05 0.00106856 0.00065751
28.22 -1.1066e-06 -1.15361e-06 -1.52971e-05 4.78049e-05 -0.000383053 -2.63333e-05
28.24 -3.58243e-07 -2.84337e-05 -7.42128e-05 3.01171e-05 -0.00185656 -0.000708619
28.26 4.14804e-07 -5.45562e-05 -0.000131697 1.221e-05 -0.00329427 -0.00136195
28.28 1.17433e-06 -7.84562e-05 -0.000185382 -4.8544e-06 -0.00463696 -0.0019597
28.3 1.88392e-06 -9.9303e-05 -0.000233162 -2.00851e-05 -0.00583194 -0.00248109
28.32 2.51214e-06 -0.000116559 -0.000273638 -3.2736e-05 -0.00684427 -0.00291267
28.34 3.03641e-06 -0.000129824 -0.000306209 -4.23537e-05 -0.00765889 -0.00324445
28.36 3.44487e-06 -0.000138698 -0.000330658 -4.87637e-05 -0.00827037 -0.00346638
28.38 3.73481e-06 -0.000142883 -0.000346723 -5.2075e-05 -0.00867215 -0.00357104
28.4 3.9091e-06 -0.000142401 -0.000353993 -5.26461e-05 -0.00885398 -0.00355899
28.42 3.97159e-06 -0.000137553 -0.000352067 -5.09243e-05 -0.00880581 -0.00343775
28.44 3.92082e-06 -0.000128645 -0.000340289 -4.72417e-05 -0.00851125 -0.00321496
28.46 3.7505e-06 -0.000115935 -0.000317798 -4.176e-05 -0.00794874 -0.00289708
28.48 3.45182e-06 -9.98193e-05 -0.000284968 -3.45397e-05 -0.00712765 -0.002494
28.5 3.01794e-06 -8.08485e-05 -0.000243623 -2.55595e-05 -0.00609357 -0.00201953
28.52 2.45088e-06 -5.96181e-05 -0.000195694 -1.47316e-05 -0.00489485 -0.00148856
28.54 1.76448e-06 -3.6762e-05 -0.000142717 -2.01681e-06 -0.00356988 -0.000916913
28.56 9.85842e-07 -1.29964e-05 -8.6265e-05 1.24244e-05 -0.00215799 -0.000322526
28.58 1.50952e-07 1.0868e-05 -2.83804e-05 2.81465e-05 -0.000710272 0.000274332
28.6 -7.0184e-07 3.39443e-05 2.85314e-05 4.44286e-05 0.000713115 0.000851479
28.62 -1.53551e-06 5.531e-05 8.25756e-05 6.03799e-05 0.00206478 0.00138585
28.64 -2.31326e-06 7.418e-05 0.000131818 7.51161e-05 0.00329634 0.00185779
