0.02 6.48385e-12 1.19094e-10 -1.92444e-08 -1.59345e-11 -4.81311e-07 2.97859e-09
0.04 7.70377e-11 3.07605e-09 -7.39868e-08 -2.17886e-10 -1.85044e-06 7.69334e-08
0.06 3.94465e-10 1.35983e-08 -6.52262e-08 -1.08563e-09 -1.63133e-06 3.401e-07
0.08 1.20132e-09 3.79448e-08 1.52092e-07 -3.31385e-09 3.80388e-06 9.49015e-07
0.1 2.80985e-09 8.14391e-08 5.35362e-07 -9.00694e-09 1.33896e-05 2.03683e-06
0.12 6.5751e-09 9.0259e-08 9.33251e-07 -2.34999e-08 2.3341e-05 2.25742e-06
0.14 1.62973e-08 -7.64808e-08 1.3088e-06 -5.1957e-08 3.27337e-05 -1.91282e-06
0.16 3.75629e-08 -5.1893e-07 1.6974e-06 -9.3739e-08 4.24528e-05 -1.29787e-05
0.18 7.46894e-08 -1.20973e-06 2.12003e-06 -1.3899e-07 5.30229e-05 -3.02559e-05
0.2 1.28346e-07 -2.04439e-06 2.57847e-06 -1.60259e-07 6.44885e-05 -5.1131e-05
0.22 1.96008e-07 -2.90386e-06 3.0053e-06 -1.14189e-07 7.51639e-05 -7.26266e-05
0.24 2.74088e-07 -3.7871e-06 3.3073e-06 2.97895e-08 8.27169e-05 -9.47171e-05
0.26 3.5898e-07 -4.84008e-06 3.52019e-06 2.70618e-07 8.80414e-05 -0.000121053
0.28 4.45884e-07 -6.05998e-06 3.79806e-06 5.88204e-07 9.4991e-05 -0.000151563
0.3 5.28116e-07 -7.16985e-06 4.23506e-06 9.53223e-07 0.000105921 -0.000179321
0.32 5.99985e-07 -7.98976e-06 4.77669e-06 1.33533e-06 0.000119467 -0.000199827
0.34 6.6064e-07 -8.65694e-06 5.27099e-06 1.72172e-06 0.00013183 -0.000216514
0.36 7.13793e-07 -9.34693e-06 5.56291e-06 2.09647e-06 0.000139131 -0.000233771
0.38 7.64305e-07 -1.0073e-05 5.59024e-06 2.39501e-06 0.000139814 -0.00025193
0.4 8.16549e-07 -1.08313e-05 5.40131e-06 2.54274e-06 0.000135089 -0.000270896
0.42 8.73973e-07 -1.16822e-05 5.07351e-06 2.5538e-06 0.000126891 -0.000292176
0.44 9.36052e-07 -1.25962e-05 4.68579e-06 2.52798e-06 0.000117194 -0.000315035
0.46 9.95043e-07 -1.33431e-05 4.32584e-06 2.5403e-06 0.000108191 -0.000333716
0.48 1.03879e-06 -1.3633e-05 3.93963e-06 2.5882e-06 9.85319e-05 -0.000340967
0.5 1.05918e-06 -1.34312e-05 3.26378e-06 2.6427e-06 8.16286e-05 -0.00033592
0.52 1.0582e-06 -1.30959e-05 2.17972e-06 2.69358e-06 5.45157e-05 -0.000327534
0.54 1.04549e-06 -1.3096e-05 1.01698e-06 2.74278e-06 2.54352e-05 -0.000327536
0.56 1.02827e-06 -1.34943e-05 2.75393e-07 2.80261e-06 6.88768e-06 -0.000337499
0.58 1.00183e-06 -1.36292e-05 1.84497e-07 2.89822e-06 4.61434e-06 -0.000340871
0.6 9.50666e-07 -1.26187e-05 5.77722e-07 3.02194e-06 1.44491e-05 -0.000315599
0.62 8.61585e-07 -1.04798e-05 1.03295e-06 3.0947e-06 2.58344e-05 -0.000262104
0.64 7.34164e-07 -8.24562e-06 1.25669e-06 3.00864e-06 3.14303e-05 -0.000206226
0.66 5.75668e-07 -6.61149e-06 1.49096e-06 2.66904e-06 3.72895e-05 -0.000165356
0.68 3.89601e-07 -5.10201e-06 2.38638e-06 1.99225e-06 5.96842e-05 -0.000127603
0.7 1.75432e-07 -2.92717e-06 4.35715e-06 9.82494e-07 0.000108974 -7.32098e-05
0.72 -6.28588e-08 1.93843e-08 7.13086e-06 -1.73403e-07 0.000178346 4.84808e-07
0.74 -3.14542e-07 3.25442e-06 9.93884e-06 -1.2505e-06 0.000248574 8.13945e-05
0.76 -5.67018e-07 6.263e-06 1.21226e-05 -2.24938e-06 0.000303192 0.00015664
0.78 -8.07214e-07 8.77738e-06 1.36293e-05 -3.34735e-06 0.000340876 0.000219526
0.8 -1.02043e-06 1.07457e-05 1.50249e-05 -4.5623e-06 0.00037578 0.000268755
0.82 -1.19608e-06 1.2327e-05 1.7023e-05 -5.62155e-06 0.000425753 0.000308303
0.84 -1.33606e-06 1.38833e-05 1.97743e-05 -6.20601e-06 0.000494563 0.000347227
0.86 -1.45066e-06 1.56162e-05 2.24542e-05 -6.21784e-06 0.000561589 0.000390567
0.88 -1.54235e-06 1.71414e-05 2.38446e-05 -5.79718e-06 0.000596364 0.000428713
0.9 -1.59634e-06 1.76868e-05 2.35554e-05 -5.1877e-06 0.000589132 0.000442353
0.92 -1.59035e-06 1.68355e-05 2.24551e-05 -4.59031e-06 0.000561612 0.000421062
0.94 -1.51431e-06 1.50309e-05 2.18122e-05 -4.01737e-06 0.000545532 0.00037593
0.96 -1.38081e-06 1.32575e-05 2.21843e-05 -3.25958e-06 0.000554837 0.000331575
0.98 -1.21796e-06 1.20527e-05 2.30194e-05 -2.10904e-06 0.000575726 0.000301442
1 -1.05369e-06 1.07739e-05 2.38894e-05 -6.52262e-07 0.000597484 0.000269459
1.02 -9.10243e-07 8.71693e-06 2.35133e-05 7.174e-07 0.000588078 0.000218014
1.04 -8.05357e-07 7.05378e-06 1.68334e-05 1.53521e-06 0.000421011 0.000176418
1.06 -7.32608e-07 6.93631e-06 3.85127e-06 1.56354e-06 9.6322e-05 0.00017348
1.08 -6.45956e-07 7.04703e-06 -4.73448e-06 1.13441e-06 -0.000118411 0.000176249
1.1 -5.11887e-07 6.50977e-06 -4.95772e-06 1.04024e-06 -0.000123995 0.000162812
1.12 -3.73415e-07 6.05207e-06 -4.15299e-06 1.71292e-06 -0.000103868 0.000151365
1.14 -3.07223e-07 5.67075e-06 -6.02309e-06 2.76211e-06 -0.00015064 0.000141828
1.16 -3.23512e-07 5.76858e-06 -1.25836e-05 3.33033e-06 -0.00031472 0.000144275
1.18 -3.49482e-07 6.69073e-06 -2.38987e-05 2.59655e-06 -0.000597717 0.000167338
1.2 -3.03125e-07 6.4252e-06 -2.88725e-05 5.70534e-07 -0.000722113 0.000160697
1.22 -1.71803e-07 4.43854e-06 -2.17752e-05 -1.39249e-06 -0.000544607 0.00011101
1.24 -2.70584e-08 3.25816e-06 -1.45825e-05 -1.88823e-06 -0.000364714 8.1488e-05
1.26 5.38206e-08 3.17159e-06 -1.59015e-05 -1.20497e-06 -0.000397702 7.93227e-05
1.28 7.90239e-08 2.17847e-06 -2.03144e-05 -9.23982e-07 -0.000508072 5.44845e-05
1.3 1.1427e-07 4.14814e-07 -2.12559e-05 -2.16774e-06 -0.00053162 1.03747e-05
1.32 1.74199e-07 -6.11684e-07 -1.60826e-05 -4.54578e-06 -0.000402234 -1.52985e-05
1.34 1.98689e-07 -4.63682e-07 -4.69597e-06 -6.32609e-06 -0.000117448 -1.15969e-05
1.36 1.30439e-07 1.40992e-07 8.65298e-06 -5.94964e-06 0.000216415 3.52628e-06
1.38 -3.95115e-08 2.06905e-07 1.69011e-05 -3.88553e-06 0.000422703 5.17479e-06
1.4 -2.92885e-07 9.39038e-07 1.37827e-05 -2.47363e-06 0.00034471 2.34857e-05
1.42 -5.81756e-07 4.332e-06 3.63925e-06 -3.4906e-06 9.10192e-05 0.000108345
1.44 -8.15984e-07 8.56938e-06 2.77107e-06 -6.09065e-06 6.93057e-05 0.000214324
1.46 -9.45869e-07 1.11499e-05 1.50823e-05 -7.55983e-06 0.000377214 0.000278864
1.48 -1.05212e-06 1.28033e-05 2.55856e-05 -6.22348e-06 0.000639905 0.000320216
1.5 -1.25366e-06 1.41399e-05 2.53948e-05 -3.0766e-06 0.000635136 0.000353645
1.52 -1.53808e-06 1.51507e-05 1.84436e-05 -5.46856e-07 0.000461282 0.000378925
1.54 -1.7779e-06 1.73577e-05 1.1176e-05 -3.94742e-07 0.000279516 0.000434124
1.56 -1.88915e-06 2.08233e-05 1.14975e-05 -2.28834e-06 0.000287557 0.0005208
1.58 -1.89037e-06 2.26627e-05 2.20182e-05 -3.58939e-06 0.000550683 0.000566804
1.6 -1.8383e-06 2.12148e-05 3.10234e-05 -1.69901e-06 0.000775909 0.00053059
1.62 -1.76947e-06 1.79359e-05 2.60094e-05 2.531e-06 0.000650506 0.000448584
1.64 -1.67488e-06 1.49486e-05 1.12987e-05 5.20316e-06 0.000282585 0.00037387
1.66 -1.5027e-06 1.342e-05 5.99518e-07 3.9631e-06 1.49942e-05 0.00033564
1.68 -1.22281e-06 1.34976e-05 -2.29732e-07 7.53068e-07 -5.74569e-06 0.000337579
1.7 -8.9123e-07 1.3917e-05 4.12974e-06 -6.59638e-07 0.000103287 0.00034807
1.72 -6.00426e-07 1.21584e-05 6.01412e-06 1.24599e-06 0.000150416 0.000304087
1.74 -3.70466e-07 6.53561e-06 1.25893e-06 4.5866e-06 3.14865e-05 0.000163458
1.76 -1.40878e-07 -9.69891e-07 -7.88516e-06 6.09878e-06 -0.000197211 -2.42574e-05
1.78 1.4035e-07 -5.68528e-06 -1.50714e-05 4.05234e-06 -0.000376941 -0.000142191
1.8 4.73764e-07 -5.87522e-06 -1.61461e-05 -9.5878e-08 -0.000403821 -0.000146942
1.82 8.41883e-07 -5.22226e-06 -1.2765e-05 -2.81232e-06 -0.000319259 -0.000130611
1.84 1.22777e-06 -8.24962e-06 -1.02803e-05 -1.98726e-06 -0.000257114 -0.000206326
1.86 1.60087e-06 -1.5546e-05 -1.26547e-05 6.90821e-07 -0.0003165 -0.000388812
1.88 1.92848e-06 -2.39169e-05 -1.87648e-05 1.65403e-06 -0.000469314 -0.000598171
1.9 2.20245e-06 -2.90739e-05 -2.42334e-05 -4.50046e-07 -0.000606089 -0.00072715
1.92 2.42779e-06 -2.89509e-05 -2.65242e-05 -3.47292e-06 -0.000663382 -0.000724073
1.94 2.59585e-06 -2.60804e-05 -2.62935e-05 -4.2759e-06 -0.000657612 -0.000652281
1.96 2.6913e-06 -2.52411e-05 -2.54503e-05 -1.67144e-06 -0.000636523 -0.000631291
1.98 2.70925e-06 -2.81723e-05 -2.62474e-05 2.76328e-06 -0.000656458 -0.000704601
2 2.64464e-06 -3.1867e-05 -2.98412e-05 6.0685e-06 -0.000746341 -0.000797007
2.02 2.48064e-06 -3.17695e-05 -3.42478e-05 6.43602e-06 -0.000856553 -0.000794568
2.04 2.2038e-06 -2.59234e-05 -3.60476e-05 4.88071e-06 -0.000901566 -0.000648354
2.06 1.81658e-06 -1.63846e-05 -3.40908e-05 4.12723e-06 -0.000852626 -0.000409785
2.08 1.32742e-06 -7.23017e-06 -2.99071e-05 5.61357e-06 -0.000747989 -0.00018083
2.1 7.46482e-07 -1.32638e-06 -2.53451e-05 7.94267e-06 -0.000633891 -3.31733e-05
2.12 9.71942e-08 1.87636e-06 -2.06461e-05 8.41847e-06 -0.000516368 4.69284e-05
2.14 -5.84617e-07 5.95245e-06 -1.42099e-05 5.69642e-06 -0.000355397 0.000148873
2.16 -1.26441e-06 1.37372e-05 -4.43318e-06 8.43995e-07 -0.000110876 0.000343572
2.18 -1.90801e-06 2.36728e-05 8.00198e-06 -3.70833e-06 0.000200133 0.000592068
2.2 -2.47302e-06 3.14121e-05 2.02784e-05 -6.17868e-06 0.00050717 0.00078563
2.22 -2.91825e-06 3.4603e-05 2.95385e-05 -6.91571e-06 0.000738771 0.000865436
2.24 -3.22e-06 3.41705e-05 3.52565e-05 -7.90841e-06 0.000881781 0.000854619
2.26 -3.37598e-06 3.24235e-05 4.01621e-05 -1.04037e-05 0.00100447 0.000810924
2.28 -3.40939e-06 3.19855e-05 4.67587e-05 -1.32707e-05 0.00116945 0.00079997
2.3 -3.37045e-06 3.40521e-05 5.33973e-05 -1.42081e-05 0.00133549 0.000851656
2.32 -3.30672e-06 3.64547e-05 5.70401e-05 -1.21674e-05 0.0014266 0.000911746
2.34 -3.2225e-06 3.59678e-05 5.75504e-05 -8.22148e-06 0.00143936 0.00089957
2.36 -3.08568e-06 3.21351e-05 5.5793e-05 -4.56302e-06 0.00139541 0.000803713
2.38 -2.87413e-06 2.70841e-05 5.15576e-05 -2.80922e-06 0.00128948 0.000677385
2.4 -2.59542e-06 2.32201e-05 4.58082e-05 -2.73415e-06 0.00114568 0.000580745
2.42 -2.26661e-06 2.16851e-05 3.99495e-05 -2.63684e-06 0.000999153 0.000542353
2.44 -1.89998e-06 2.11725e-05 3.27245e-05 -1.27163e-06 0.000818455 0.000529534
2.46 -1.50846e-06 1.89989e-05 2.25136e-05 8.19644e-07 0.000563073 0.000475171
2.48 -1.10417e-06 1.42436e-05 1.01841e-05 2.03251e-06 0.000254707 0.000356239
2.5 -6.88373e-07 8.05535e-06 -2.86419e-06 1.41726e-06 -7.16345e-05 0.000201468
2.52 -2.5763e-07 2.01669e-06 -1.51712e-05 -3.60107e-07 -0.000379439 5.04381e-05
2.54 1.78298e-07 -2.24677e-06 -2.41923e-05 -1.55995e-06 -0.000605059 -5.61927e-05
2.56 5.96775e-07 -4.44196e-06 -2.97201e-05 -8.68947e-07 -0.000743313 -0.000111095
2.58 9.80827e-07 -6.53098e-06 -3.5809e-05 1.56246e-06 -0.000895598 -0.000163343
2.6 1.32897e-06 -1.02145e-05 -4.4675e-05 4.3527e-06 -0.00111734 -0.000255469
2.62 1.64445e-06 -1.49447e-05 -5.25327e-05 5.99138e-06 -0.00131387 -0.000373772
2.64 1.91118e-06 -1.90036e-05 -5.53183e-05 6.05309e-06 -0.00138353 -0.000475288
2.66 2.07648e-06 -2.0338e-05 -5.39662e-05 5.54639e-06 -0.00134972 -0.000508662
2.68 2.07429e-06 -1.74065e-05 -5.1533e-05 5.68813e-06 -0.00128886 -0.000435344
2.7 1.88794e-06 -1.19362e-05 -4.916e-05 6.30002e-06 -0.00122951 -0.000298529
2.72 1.57888e-06 -8.23863e-06 -4.58665e-05 5.91263e-06 -0.00114714 -0.000206052
2.74 1.23021e-06 -7.96294e-06 -3.93623e-05 3.36306e-06 -0.000984467 -0.000199157
2.76 8.72157e-07 -8.24511e-06 -2.7684e-05 -1.09807e-06 -0.000692388 -0.000206214
2.78 4.84661e-07 -5.49978e-06 -1.26464e-05 -6.01737e-06 -0.000316291 -0.000137552
2.8 6.23938e-08 2.34332e-07 8.00326e-07 -9.7708e-06 2.00165e-05 5.86075e-06
2.82 -3.52913e-07 5.3823e-06 1.13107e-05 -1.17016e-05 0.000282885 0.000134614
2.84 -7.12711e-07 7.33994e-06 2.3407e-05 -1.2495e-05 0.00058542 0.000183575
2.86 -1.0163e-06 7.38725e-06 4.07076e-05 -1.32321e-05 0.00101811 0.000184758
2.88 -1.30881e-06 8.5227e-06 6.1037e-05 -1.39574e-05 0.00152656 0.000213156
2.9 -1.622e-06 1.17165e-05 7.95405e-05 -1.35288e-05 0.00198934 0.000293033
2.92 -1.92191e-06 1.4874e-05 9.23975e-05 -1.11068e-05 0.0023109 0.000372006
2.94 -2.11791e-06 1.50631e-05 9.78125e-05 -7.36144e-06 0.00244633 0.000376734
2.96 -2.12173e-06 1.15744e-05 9.80213e-05 -3.79431e-06 0.00245155 0.00028948
2.98 -1.90382e-06 6.55389e-06 9.86788e-05 -1.14295e-06 0.002468 0.000163916
3 -1.51178e-06 2.51859e-06 0.000102132 1.17186e-06 0.00255438 6.29911e-05
3.02 -1.04523e-06 -2.46089e-08 0.00010383 4.17438e-06 0.00259683 -6.15479e-07
3.04 -5.95322e-07 -2.63176e-06 9.79e-05 8.12901e-06 0.00244852 -6.58215e-05
3.06 -1.85943e-07 -7.34785e-06 8.34807e-05 1.21209e-05 0.00208789 -0.000183773
3.08 2.25827e-07 -1.44095e-05 6.48957e-05 1.48063e-05 0.00162307 -0.000360388
3.1 6.87273e-07 -2.11763e-05 4.81964e-05 1.57161e-05 0.00120541 -0.000529628
3.12 1.19994e-06 -2.46716e-05 3.68424e-05 1.5831e-05 0.000921444 -0.000617047
3.14 1.7349e-06 -2.577e-05 2.82399e-05 1.67045e-05 0.00070629 -0.000644518
3.16 2.27187e-06 -2.86738e-05 1.53148e-05 1.88364e-05 0.00038303 -0.000717144
3.18 2.80361e-06 -3.50358e-05 -6.18411e-06 2.08509e-05 -0.000154667 -0.000876261
3.2 3.32223e-06 -4.16139e-05 -3.21449e-05 2.05537e-05 -0.000803958 -0.00104078
3.22 3.82093e-06 -4.50427e-05 -5.38665e-05 1.72551e-05 -0.00134722 -0.00112654
3.24 4.28735e-06 -4.57968e-05 -6.75723e-05 1.28973e-05 -0.00169001 -0.0011454
3.26 4.67426e-06 -4.61457e-05 -7.73565e-05 1.01948e-05 -0.00193472 -0.00115412
3.28 4.90411e-06 -4.6846e-05 -8.85596e-05 9.65222e-06 -0.00221491 -0.00117164
3.3 4.93145e-06 -4.70274e-05 -0.000102044 9.12394e-06 -0.00255215 -0.00117617
3.32 4.78311e-06 -4.51639e-05 -0.000114596 6.35698e-06 -0.0028661 -0.00112957
3.34 4.52e-06 -4.02958e-05 -0.00012172 1.29813e-06 -0.00304427 -0.00100781
3.36 4.17874e-06 -3.3963e-05 -0.000120934 -4.04606e-06 -0.0030246 -0.000849428
3.38 3.75345e-06 -2.86865e-05 -0.000113716 -7.45294e-06 -0.00284408 -0.000717461
3.4 3.20502e-06 -2.37554e-05 -0.000103339 -8.4473e-06 -0.00258456 -0.000594131
3.42 2.48687e-06 -1.62334e-05 -9.1385e-05 -8.84016e-06 -0.00228558 -0.000406004
3.44 1.58961e-06 -5.77776e-06 -7.74766e-05 -1.0873e-05 -0.00193772 -0.000144504
3.46 5.61649e-07 5.41024e-06 -6.09404e-05 -1.47358e-05 -0.00152414 0.000135312
3.48 -5.26886e-07 1.59415e-05 -4.15077e-05 -1.85551e-05 -0.00103812 0.000398703
3.5 -1.62636e-06 2.55589e-05 -1.94644e-05 -2.05813e-05 -0.000486814 0.000639239
3.52 -2.7042e-06 3.42389e-05 4.35325e-06 -2.05587e-05 0.000108877 0.000856329
3.54 -3.72677e-06 4.26168e-05 2.87841e-05 -1.93457e-05 0.000719903 0.00106586
3.56 -4.66527e-06 5.14406e-05 5.22641e-05 -1.80617e-05 0.00130715 0.00128655
3.58 -5.50112e-06 6.02043e-05 7.28253e-05 -1.7294e-05 0.00182139 0.00150573
3.6 -6.20601e-06 6.71124e-05 8.87704e-05 -1.6518e-05 0.00222018 0.00167851
3.62 -6.73145e-06 7.02792e-05 0.000100079 -1.45233e-05 0.00250302 0.00175771
3.64 -7.04036e-06 6.95248e-05 0.000109153 -1.07179e-05 0.00272996 0.00173884
3.66 -7.14903e-06 6.74346e-05 0.000118476 -5.77192e-06 0.00296314 0.00168657
3.68 -7.12268e-06 6.74147e-05 0.000126991 -8.75627e-07 0.00317609 0.00168607
3.7 -7.01849e-06 6.96698e-05 0.000131 3.29013e-06 0.00327637 0.00174247
3.72 -6.8329e-06 7.04353e-05 0.000129005 6.67119e-06 0.00322647 0.00176162
3.74 -6.5086e-06 6.62211e-05 0.000122611 9.22867e-06 0.00306656 0.00165622
3.76 -5.98799e-06 5.72825e-05 0.000113268 1.06324e-05 0.00283287 0.00143266
3.78 -5.2502e-06 4.64885e-05 0.000101521 1.06885e-05 0.00253907 0.0011627
3.8 -4.30669e-06 3.62819e-05 8.7846e-05 9.74647e-06 0.00219706 0.000907424
3.82 -3.18784e-06 2.7069e-05 7.14286e-05 8.36187e-06 0.00178646 0.000677006
3.84 -1.93914e-06 1.74459e-05 5.04225e-05 6.74925e-06 0.00126109 0.00043633
3.86 -6.09146e-07 5.32897e-06 2.54142e-05 4.88807e-06 0.000635619 0.00013328
3.88 7.64009e-07 -1.01813e-05 -6.18012e-11 3.00368e-06 -1.54567e-09 -0.00025464
3.9 2.13581e-06 -2.71862e-05 -2.32068e-05 1.59989e-06 -0.000580411 -0.000679939
3.92 3.42792e-06 -4.18022e-05 -4.43273e-05 1.10163e-06 -0.00110864 -0.00104549
3.94 4.54338e-06 -5.12474e-05 -6.42368e-05 1.67956e-06 -0.00160659 -0.00128172
3.96 5.41413e-06 -5.57524e-05 -8.34325e-05 3.18297e-06 -0.00208668 -0.00139439
3.98 6.01833e-06 -5.74836e-05 -0.000101661 4.92519e-06 -0.00254259 -0.00143769
4 6.35533e-06 -5.86308e-05 -0.000116845 5.82763e-06 -0.00292233 -0.00146638
4.02 6.41736e-06 -5.94724e-05 -0.000125671 5.22354e-06 -0.00314308 -0.00148743
4.04 6.18234e-06 -5.72616e-05 -0.000126418 3.3054e-06 -0.00316177 -0.00143214
4.06 5.63435e-06 -4.93449e-05 -0.000120129 5.26734e-07 -0.00300447 -0.00123414
4.08 4.80296e-06 -3.7561e-05 -0.000108346 -2.98779e-06 -0.00270977 -0.000939417
4.1 3.77707e-06 -2.64633e-05 -9.10937e-05 -7.25813e-06 -0.00227829 -0.000661859
4.12 2.66392e-06 -1.77938e-05 -6.78968e-05 -1.22282e-05 -0.00169813 -0.00044503
4.14 1.54487e-06 -1.01913e-05 -3.96182e-05 -1.77008e-05 -0.000990869 -0.00025489
4.16 4.82872e-07 -3.14051e-06 -8.3556e-06 -2.28408e-05 -0.000208977 -7.85455e-05
4.18 -4.58355e-07 2.35541e-06 2.38348e-05 -2.60244e-05 0.000596118 5.89097e-05
4.2 -1.24014e-06 6.152e-06 5.53067e-05 -2.60135e-05 0.00138324 0.000153864
4.22 -1.88096e-06 9.61747e-06 8.44709e-05 -2.30275e-05 0.00211265 0.000240537
4.24 -2.43149e-06 1.36906e-05 0.000110099 -1.80335e-05 0.00275363 0.000342409
4.26 -2.92564e-06 1.78043e-05 0.000132249 -1.14693e-05 0.0033076 0.000445292
4.28 -3.37633e-06 2.14389e-05 0.00015155 -3.40578e-06 0.00379032 0.000536195
4.3 -3.7966e-06 2.47258e-05 0.000166897 5.50674e-06 0.00417415 0.000618401
4.32 -4.19056e-06 2.74477e-05 0.000175968 1.41054e-05 0.00440103 0.000686477
4.34 -4.53204e-06 3.00191e-05 0.000177959 2.13573e-05 0.00445082 0.000750789
4.36 -4.77042e-06 3.39159e-05 0.000173436 2.62736e-05 0.0043377 0.000848251
4.38 -4.8426e-06 3.83982e-05 0.000163012 2.79122e-05 0.00407699 0.000960355
4.4 -4.67075e-06 3.98393e-05 0.000147803 2.63108e-05 0.00369663 0.000996397
4.42 -4.17344e-06 3.5704e-05 0.000128759 2.26855e-05 0.00322032 0.000892972
4.44 -3.29387e-06 2.54235e-05 0.000105955 1.81757e-05 0.00264998 0.000635852
4.46 -2.01514e-06 9.18099e-06 8.06984e-05 1.3319e-05 0.0020183 0.00022962
4.48 -3.62566e-07 -1.06619e-05 5.47882e-05 8.87366e-06 0.00137027 -0.00026666
4.5 1.59492e-06 -3.08571e-05 2.69136e-05 5.994e-06 0.00067312 -0.00077175
4.52 3.7606e-06 -5.09713e-05 -4.93682e-06 5.50027e-06 -0.000123472 -0.00127481
4.54 6.04248e-06 -7.23861e-05 -3.90849e-05 7.57374e-06 -0.000977529 -0.00181041
4.56 8.36088e-06 -9.56608e-05 -7.28928e-05 1.18448e-05 -0.00182308 -0.00239252
4.58 1.06181e-05 -0.000120007 -0.000106531 1.74653e-05 -0.00266439 -0.00300143
4.6 1.26807e-05 -0.00014219 -0.000141933 2.33902e-05 -0.00354981 -0.00355624
4.62 1.4415e-05 -0.000157788 -0.000180959 2.86565e-05 -0.00452585 -0.00394635
4.64 1.57397e-05 -0.000166037 -0.000222685 3.24743e-05 -0.00556944 -0.00415264
4.66 1.6621e-05 -0.000169685 -0.000260675 3.43763e-05 -0.00651959 -0.00424388
4.68 1.70082e-05 -0.000169728 -0.000287656 3.4191e-05 -0.00719439 -0.00424496
4.7 1.67972e-05 -0.000164679 -0.000303549 3.18038e-05 -0.00759189 -0.00411869
4.72 1.58781e-05 -0.000153193 -0.000313842 2.72523e-05 -0.00784932 -0.00383142
4.74 1.42143e-05 -0.000133739 -0.0003212 2.08235e-05 -0.00803335 -0.00334487
4.76 1.18714e-05 -0.000105024 -0.000322732 1.26926e-05 -0.00807166 -0.00262669
4.78 8.98921e-06 -6.89374e-05 -0.000313634 3.08643e-06 -0.00784411 -0.00172415
4.8 5.73285e-06 -2.97697e-05 -0.000291937 -6.89696e-06 -0.00730146 -0.000744552
4.82 2.25343e-06 9.67479e-06 -0.000261553 -1.56583e-05 -0.00654156 0.000241971
4.84 -1.31797e-06 4.83082e-05 -0.000229543 -2.26656e-05 -0.00574096 0.00120821
4.86 -4.84737e-06 8.47405e-05 -0.000198525 -2.86561e-05 -0.0049652 0.00211939
4.88 -8.20735e-06 0.000118394 -0.000164299 -3.40907e-05 -0.00410918 0.00296108
4.9 -1.13448e-05 0.000151165 -0.00012231 -3.83736e-05 -0.00305903 0.0037807
4.92 -1.43188e-05 0.000185212 -7.38468e-05 -4.06734e-05 -0.00184694 0.00463224
4.94 -1.72301e-05 0.00022004 -2.48963e-05 -4.08199e-05 -0.000622667 0.0055033
4.96 -2.01058e-05 0.00025301 1.93794e-05 -3.96438e-05 0.000484687 0.00632789
4.98 -2.28585e-05 0.000281566 5.82623e-05 -3.89582e-05 0.00145716 0.00704208
5 -2.53302e-05 0.000304477 9.43019e-05 -4.05715e-05 0.00235853 0.0076151
5.02 -2.73534e-05 0.000322118 0.000129712 -4.46344e-05 0.00324416 0.00805631
5.04 -2.87875e-05 0.000335555 0.000164039 -4.9452e-05 0.00410267 0.00839236
5.06 -2.95257e-05 0.000344235 0.000194501 -5.33721e-05 0.00486456 0.00860945
5.08 -2.94762e-05 0.000344718 0.000219027 -5.63144e-05 0.00547795 0.00862154
5.1 -2.85414e-05 0.000332381 0.000239276 -5.91092e-05 0.0059844 0.008313
5.12 -2.66307e-05 0.000304656 0.000259147 -6.18832e-05 0.00648137 0.00761957
5.14 -2.36962e-05 0.000262587 0.000279553 -6.34326e-05 0.00699174 0.00656741
5.16 -1.97349e-05 0.00020912 0.000296341 -6.18079e-05 0.00741162 0.00523018
5.18 -1.47421e-05 0.000145801 0.000303982 -5.53619e-05 0.00760273 0.00364654
5.2 -8.67992e-06 7.08433e-05 0.000299853 -4.36259e-05 0.00749945 0.00177182
5.22 -1.53114e-06 -1.91666e-05 0.000284718 -2.73109e-05 0.00712092 -0.000479364
5.24 6.57703e-06 -0.000123999 0.000260485 -7.2403e-06 0.00651484 -0.00310127
5.26 1.52771e-05 -0.000235344 0.0002283 1.65667e-05 0.00570987 -0.00588604
5.28 2.39874e-05 -0.000339702 0.000187741 4.43823e-05 0.00469549 -0.0084961
5.3 3.20589e-05 -0.000427274 0.000136262 7.54756e-05 0.00340797 -0.0106863
5.32 3.89354e-05 -0.000496219 7.02904e-05 0.000107518 0.00175799 -0.0124106
5.34 4.42329e-05 -0.000548632 -1.07663e-05 0.00013697 -0.00026927 -0.0137215
5.36 4.7785e-05 -0.000585051 -0.000101711 0.000160145 -0.00254383 -0.0146324
5.38 4.96898e-05 -0.000602873 -0.00019414 0.000174681 -0.00485552 -0.0150781
5.4 5.01211e-05 -0.00059903 -0.000281402 0.000180355 -0.00703797 -0.014982
5.42 4.91435e-05 -0.000573637 -0.000360695 0.000178242 -0.00902113 -0.0143469
5.44 4.69753e-05 -0.000532039 -0.000430682 0.000169186 -0.0107715 -0.0133065
5.46 4.38885e-05 -0.000482842 -0.000487147 0.000153304 -0.0121838 -0.0120761
5.48 4.00405e-05 -0.000430946 -0.000522113 0.000130874 -0.0130583 -0.0107781
5.5 3.5452e-05 -0.000374391 -0.000527711 0.000103415 -0.0131983 -0.00936368
5.52 2.99372e-05 -0.000307633 -0.000500997 7.36557e-05 -0.0125302 -0.00769404
5.54 2.33235e-05 -0.000227093 -0.000445659 4.41577e-05 -0.0111461 -0.00567969
5.56 1.56723e-05 -0.000135188 -0.00036814 1.57034e-05 -0.00920733 -0.0033811
5.58 7.38073e-06 -3.96909e-05 -0.000272172 -1.28995e-05 -0.00680713 -0.000992685
5.6 -9.51044e-07 4.95323e-05 -0.000160649 -4.30248e-05 -0.00401789 0.00123882
5.62 -8.73209e-06 0.000125483 -4.3176e-05 -7.40758e-05 -0.00107985 0.00313838
5.64 -1.55255e-05 0.0001879 6.57802e-05 -0.000103356 0.00164519 0.00469945
5.66 -2.10632e-05 0.000240689 0.000157864 -0.000127928 0.00394824 0.00601973
5.68 -2.52164e-05 0.00028507 0.000232618 -0.000145875 0.00581788 0.00712972
5.7 -2.80152e-05 0.000317359 0.000290794 -0.00015575 0.00727287 0.00793728
5.72 -2.9688e-05 0.000334049 0.000331545 -0.000155961 0.00829207 0.00835469
5.74 -3.06097e-05 0.000337762 0.000351189 -0.000145501 0.00878339 0.00844756
5.76 -3.11298e-05 0.000336663 0.000343062 -0.000124944 0.00858014 0.00842007
5.78 -3.1387e-05 0.000337686 0.000303608 -9.63006e-05 0.00759335 0.00844566
5.8 -3.12558e-05 0.00034082 0.000236634 -6.21337e-05 0.00591833 0.00852406
5.82 -3.0471e-05 0.000340595 0.000148922 -2.51363e-05 0.0037246 0.00851842
5.84 -2.88305e-05 0.000332497 4.63461e-05 1.17597e-05 0.00115914 0.0083159
5.86 -2.63228e-05 0.000316783 -6.62014e-05 4.54544e-05 -0.00165573 0.00792287
5.88 -2.31095e-05 0.000296559 -0.000185728 7.31334e-05 -0.00464513 0.00741705
5.9 -1.94283e-05 0.000273437 -0.000308255 9.26836e-05 -0.00770959 0.00683877
5.92 -1.55091e-05 0.000246757 -0.000423322 0.000102845 -0.0105875 0.00617149
5.94 -1.15195e-05 0.000216403 -0.00051769 0.000103189 -0.0129476 0.00541233
5.96 -7.49708e-06 0.000181588 -0.000583872 9.41419e-05 -0.0146029 0.00454158
5.98 -3.2752e-06 0.000136262 -0.000618516 7.72405e-05 -0.0154693 0.00340797
6 1.48465e-06 7.09765e-05 -0.000617391 5.51025e-05 -0.0154412 0.00177515
6.02 7.07387e-06 -1.85009e-05 -0.000580798 3.06429e-05 -0.014526 -0.000462715
6.04 1.34472e-05 -0.000123868 -0.000517271 6.43575e-06 -0.0129372 -0.00309799
6.06 2.0104e-05 -0.000224146 -0.000432777 -1.51451e-05 -0.0108239 -0.00560599
6.08 2.62552e-05 -0.000297567 -0.000324981 -3.20443e-05 -0.00812792 -0.00744227
6.1 3.11442e-05 -0.000340092 -0.000197458 -4.32061e-05 -0.0049385 -0.00850584
6.12 3.43042e-05 -0.000368143 -6.56161e-05 -4.87994e-05 -0.00164109 -0.00920741
6.14 3.56624e-05 -0.00039918 6.22935e-05 -5.0213e-05 0.00155799 -0.00998365
6.16 3.54702e-05 -0.000434426 0.00019693 -4.99887e-05 0.00492531 -0.0108652
6.18 3.40728e-05 -0.000459825 0.000352903 -5.01671e-05 0.00882625 -0.0115004
6.2 3.17375e-05 -0.00045986 0.000531552 -4.98981e-05 0.0132943 -0.0115013
6.22 2.8593e-05 -0.000433589 0.000721014 -4.61511e-05 0.0180329 -0.0108442
6.24 2.46759e-05 -0.000397054 0.000903007 -3.77236e-05 0.0225847 -0.00993048
6.26 1.99797e-05 -0.000364899 0.00106196 -2.7642e-05 0.0265606 -0.00912628
6.28 1.44274e-05 -0.000332263 0.00119248 -2.0596e-05 0.0298264 -0.00831003
6.3 8.02146e-06 -0.000280002 0.00128995 -1.7645e-05 0.0322679 -0.00700296
6.32 8.80565e-07 -0.000194541 0.00136565 -1.3765e-05 0.0341677 -0.00486556
6.34 -7.55665e-06 -8.00673e-05 0.00142467 -1.89571e-06 0.0356535 -0.00200252
6.36 -1.72534e-05 4.53709e-05 0.00144658 1.99122e-05 0.0362067 0.00113474
6.38 -2.72682e-05 0.000163735 0.00140826 4.59284e-05 0.0352482 0.00409509
6.4 -3.69111e-05 0.000268051 0.00133271 6.76275e-05 0.0333588 0.00670407
6.42 -4.53124e-05 0.000361304 0.001259 8.14853e-05 0.0315151 0.00903637
6.44 -5.17209e-05 0.000446111 0.00118363 9.16969e-05 0.0296301 0.0111574
6.46 -5.56536e-05 0.000517601 0.00108082 0.000104485 0.0270589 0.0129454
6.48 -5.73248e-05 0.000567441 0.00092224 0.000121039 0.0230927 0.0141919
6.5 -5.69567e-05 0.000592855 0.000700236 0.000136945 0.0175403 0.0148275
6.52 -5.4457e-05 0.000596831 0.000439477 0.000147213 0.0110186 0.014927
6.54 -5.01411e-05 0.000580478 0.000185208 0.000152247 0.00465923 0.014518
6.56 -4.46466e-05 0.000545336 -4.48537e-05 0.000159189 -0.00109471 0.0136391
6.58 -3.84505e-05 0.000497139 -0.000265603 0.000174926 -0.00661575 0.0124337
6.6 -3.19746e-05 0.000442134 -0.000480166 0.000196793 -0.0119821 0.011058
6.62 -2.5215e-05 0.000381205 -0.00066299 0.000212472 -0.0165548 0.00953409
6.64 -1.77531e-05 0.000310776 -0.000791287 0.000210447 -0.0197641 0.00777263
6.66 -9.56224e-06 0.000230667 -0.000870423 0.000188913 -0.021744 0.00576907
6.68 -1.05596e-06 0.00014588 -0.000925855 0.000153883 -0.0231313 0.00364852
6.7 7.02185e-06 6.38689e-05 -0.000980622 0.000111258 -0.0245025 0.00159739
6.72 1.41125e-05 -9.11978e-06 -0.00104225 6.2364e-05 -0.0260462 -0.000228089
6.74 2.00044e-05 -7.12384e-05 -0.00109736 6.0575e-06 -0.027428 -0.0017817
6.76 2.48477e-05 -0.000126944 -0.00112819 -5.59899e-05 -0.0282018 -0.00317491
6.78 2.92222e-05 -0.000183986 -0.00112447 -0.000116317 -0.0281086 -0.00460156
6.8 3.38646e-05 -0.000246323 -0.00108292 -0.000165148 -0.0270694 -0.00616063
6.82 3.88986e-05 -0.000311536 -0.00101007 -0.000196451 -0.0252475 -0.00779164
6.84 4.384e-05 -0.000376122 -0.000922917 -0.000209059 -0.0230677 -0.00940696
6.86 4.76606e-05 -0.00043897 -0.000847369 -0.000205201 -0.0211782 -0.0109788
6.88 5.00764e-05 -0.000497414 -0.000772408 -0.000193052 -0.0193034 -0.0124405
6.9 5.08344e-05 -0.000542223 -0.000638627 -0.000184976 -0.0159575 -0.0135612
6.92 5.00695e-05 -0.000560246 -0.000433055 -0.000183064 -0.0108161 -0.014012
6.94 4.86181e-05 -0.00055202 -0.000223938 -0.000173812 -0.00558595 -0.0138062
6.96 4.74235e-05 -0.00054184 -6.40227e-05 -0.000146451 -0.00158641 -0.0135516
6.98 4.57626e-05 -0.000547872 6.35951e-05 -0.000107945 0.00160536 -0.0137025
7 4.21001e-05 -0.000548999 0.000196745 -7.31127e-05 0.0049355 -0.0137307
7.02 3.63949e-05 -0.000504811 0.000345342 -4.64242e-05 0.00865197 -0.0126255
7.04 2.84538e-05 -0.000407372 0.000491854 -1.98129e-05 0.0123163 -0.0101885
7.06 1.87411e-05 -0.00029287 0.000612717 1.42165e-05 0.0153392 -0.0073248
7.08 8.2717e-06 -0.000196705 0.00069735 5.17056e-05 0.0174559 -0.00491968
7.1 -1.92771e-06 -0.000118338 0.000753099 7.92427e-05 0.0188503 -0.00295968
7.12 -1.11496e-05 -3.67893e-05 0.000792602 8.62431e-05 0.0198384 -0.000920116
7.14 -1.91616e-05 5.77098e-05 0.000815639 7.57278e-05 0.0204146 0.00144335
7.16 -2.5914e-05 0.000153597 0.000806339 6.18496e-05 0.020182 0.00384153
7.18 -3.10521e-05 0.000229838 0.000758555 5.65044e-05 0.0189869 0.00574833
7.2 -3.40616e-05 0.000274952 0.000691016 6.09104e-05 0.0172977 0.00687668
7.22 -3.53652e-05 0.000296746 0.000620625 7.12943e-05 0.0155372 0.00742175
7.24 -3.57585e-05 0.00031304 0.000539 8.82419e-05 0.0134957 0.00782927
7.26 -3.57668e-05 0.00033449 0.000432548 0.000115851 0.0108333 0.00836575
7.28 -3.57381e-05 0.000358962 0.000304592 0.000153953 0.00763309 0.00897778
7.3 -3.56189e-05 0.000379269 0.000164379 0.000194797 0.00412632 0.00948566
7.32 -3.51454e-05 0.000391828 1.70818e-05 0.000226236 0.000442344 0.00979978
7.34 -3.40902e-05 0.000397646 -0.000129845 0.000236637 -0.00323236 0.0099453
7.36 -3.23942e-05 0.000398402 -0.000266632 0.000218984 -0.00665345 0.0099642
7.38 -2.99992e-05 0.000394511 -0.000389544 0.000173412 -0.00972753 0.00986688
7.4 -2.68562e-05 0.000383832 -0.000499755 0.000106327 -0.012484 0.00959979
7.42 -2.29539e-05 0.000360622 -0.000594456 2.66738e-05 -0.0148525 0.0090193
7.44 -1.83635e-05 0.000319938 -0.000664306 -5.67937e-05 -0.0165995 0.00800178
7.46 -1.32511e-05 0.000263769 -0.000699075 -0.000135389 -0.017469 0.00659697
7.48 -7.87285e-06 0.000199288 -0.000694749 -0.000199628 -0.0173609 0.00498428
7.5 -2.46258e-06 0.000130969 -0.000657801 -0.000240357 -0.0164368 0.00327558
7.52 2.89745e-06 5.76282e-05 -0.000602768 -0.000252225 -0.0150604 0.0014413
7.54 8.23981e-06 -2.27112e-05 -0.000542626 -0.000236971 -0.0135562 -0.000568017
7.56 1.36383e-05 -0.000107502 -0.000479333 -0.000202949 -0.0119732 -0.00268867
7.58 1.91085e-05 -0.000189368 -0.000404993 -0.000160447 -0.0101139 -0.00473617
7.6 2.44259e-05 -0.000260966 -0.000313485 -0.000116781 -0.00782528 -0.00652688
7.62 2.91307e-05 -0.000320516 -0.000208838 -7.52307e-05 -0.00520803 -0.00801623
7.64 3.2699e-05 -0.000370579 -0.00010095 -3.7445e-05 -0.00250969 -0.00926832
7.66 3.47882e-05 -0.00041085 4.3614e-06 -5.64626e-06 0.000124186 -0.0102755
7.68 3.53367e-05 -0.000435754 0.000108724 1.79565e-05 0.00273434 -0.0108984
7.7 3.41762e-05 -0.000440494 0.000215719 3.36632e-05 0.00541033 -0.0110169
7.72 3.09544e-05 -0.000424038 0.000323071 4.57272e-05 0.00809525 -0.0106054
7.74 2.57569e-05 -0.000384735 0.000420799 6.0354e-05 0.0105395 -0.00962239
7.76 1.89057e-05 -0.000321759 0.000497515 8.09989e-05 0.0124582 -0.00804733
7.78 1.08805e-05 -0.000241363 0.000547656 0.000105615 0.0137122 -0.0060366
7.8 2.42582e-06 -0.000153237 0.000572586 0.000128926 0.0143357 -0.00383252
7.82 -5.72939e-06 -6.38315e-05 0.000577209 0.000146504 0.0144513 -0.00159645
7.84 -1.29805e-05 2.16613e-05 0.000567681 0.000156604 0.014213 0.000541757
7.86 -1.90465e-05 9.8238e-05 0.000550437 0.000159761 0.0137818 0.00245697
7.88 -2.39612e-05 0.000166743 0.000529568 0.000157296 0.0132598 0.00417032
7.9 -2.79434e-05 0.000233039 0.000503812 0.000149556 0.0126157 0.00582841
7.92 -3.12075e-05 0.000297415 0.000465777 0.000135786 0.0116644 0.00743846
7.94 -3.39486e-05 0.000351755 0.00040643 0.000116137 0.0101801 0.00879754
7.96 -3.62187e-05 0.00039066 0.000323015 9.2806e-05 0.00809386 0.00977057
7.98 -3.7946e-05 0.00041928 0.000222897 6.8557e-05 0.00558986 0.0104864
8 -3.90554e-05 0.000446226 0.000118349 4.50698e-05 0.00297507 0.0111603
8.02 -3.9465e-05 0.000472564 1.63359e-05 2.28566e-05 0.000423675 0.011819
8.04 -3.91535e-05 0.000490344 -8.44949e-05 1.04788e-06 -0.00209815 0.0122637
8.06 -3.80434e-05 0.000490113 -0.000185625 -2.31608e-05 -0.00462744 0.0122579
8.08 -3.56944e-05 0.000468884 -0.000280625 -5.28683e-05 -0.00700344 0.011727
8.1 -3.1897e-05 0.000430533 -0.000358024 -8.79656e-05 -0.00893923 0.0107678
8.12 -2.66921e-05 0.000379626 -0.000411507 -0.000123687 -0.0102769 0.0094946
8.14 -2.01842e-05 0.000317041 -0.000446377 -0.000153008 -0.011149 0.00792932
8.16 -1.27296e-05 0.000241038 -0.000475331 -0.000170404 -0.0118731 0.00602846
8.18 -4.69567e-06 0.000151352 -0.000505972 -0.00017364 -0.0126395 0.00378538
8.2 3.53234e-06 5.16181e-05 -0.000532489 -0.00016276 -0.0133027 0.00129099
8.22 1.16325e-05 -5.2027e-05 -0.000542357 -0.000138035 -0.0135495 -0.00130122
8.24 1.93109e-05 -0.00015366 -0.000530091 -9.93582e-05 -0.0132427 -0.00384311
8.26 2.62999e-05 -0.000248949 -0.000500627 -4.81255e-05 -0.0125058 -0.00622631
8.28 3.23555e-05 -0.00033503 -0.00046095 1.02939e-05 -0.0115134 -0.00837923
8.3 3.73184e-05 -0.000409882 -0.000412848 6.67648e-05 -0.0103104 -0.0102513
8.32 4.11077e-05 -0.000472017 -0.000353065 0.000112107 -0.0088152 -0.0118053
8.34 4.36854e-05 -0.000520358 -0.000278062 0.000141444 -0.00693935 -0.0130144
8.36 4.50799e-05 -0.000553565 -0.000189429 0.000155581 -0.00472259 -0.0138449
8.38 4.54124e-05 -0.000569832 -9.42043e-05 0.000158767 -0.00234098 -0.0142517
8.4 4.48222e-05 -0.000568997 1.22832e-06 0.000155334 4.58271e-05 -0.0142308
8.42 4.29915e-05 -0.000553526 9.54058e-05 0.000148102 0.00240124 -0.0138439
8.44 3.9605e-05 -0.000524631 0.000188597 0.000139094 0.00473199 -0.0131212
8.46 3.48481e-05 -0.000480582 0.000277854 0.000130795 0.00696435 -0.0120196
8.48 2.88877e-05 -0.000422027 0.000357031 0.000125869 0.00894459 -0.0105551
8.5 2.1957e-05 -0.000353837 0.000420688 0.000125325 0.0105367 -0.00884961
8.52 1.43855e-05 -0.000278679 0.000467245 0.00012691 0.0117011 -0.00696987
8.54 6.50903e-06 -0.0001947 0.000499015 0.000125297 0.0124957 -0.00486953
8.56 -1.26861e-06 -0.000101692 0.000519137 0.000114733 0.0129989 -0.00254336
8.58 -8.55527e-06 -4.70536e-06 0.000527281 9.26613e-05 0.0132026 -0.000117683
8.6 -1.50563e-05 8.90994e-05 0.000517573 6.11587e-05 0.0129598 0.00222841
8.62 -2.06305e-05 0.000174467 0.000483211 2.50728e-05 0.0121004 0.00436348
8.64 -2.52804e-05 0.000249371 0.00042416 -1.07545e-05 0.0106235 0.00623688
8.66 -2.9066e-05 0.000313788 0.000348029 -4.27208e-05 0.00871944 0.00784796
8.68 -3.20267e-05 0.000367313 0.000263443 -6.80886e-05 0.00660394 0.00918665
8.7 -3.4221e-05 0.000408747 0.000174383 -8.45046e-05 0.0043765 0.0102229
8.72 -3.57465e-05 0.000438122 8.08873e-05 -9.06838e-05 0.00203813 0.0109576
8.74 -3.66901e-05 0.000457011 -1.66732e-05 -8.79089e-05 -0.000401898 0.01143
8.76 -3.7038e-05 0.000466004 -0.000115293 -8.03774e-05 -0.00286843 0.0116549
8.78 -3.66412e-05 0.000463986 -0.000211134 -7.323e-05 -0.00526546 0.0116045
8.8 -3.50752e-05 0.000450235 -0.000302042 -6.97938e-05 -0.00753908 0.0112606
8.82 -3.19926e-05 0.000424968 -0.000387072 -7.04817e-05 -0.00966573 0.0106286
8.84 -2.75e-05 0.000387759 -0.000464053 -7.3635e-05 -0.011591 0.00969802
8.86 -2.17958e-05 0.00033784 -0.000528233 -7.66304e-05 -0.0131962 0.00844951
8.88 -1.51562e-05 0.000275242 -0.000573708 -7.64762e-05 -0.0143336 0.00688392
8.9 -7.99657e-06 0.000200328 -0.000597172 -7.03769e-05 -0.0149204 0.00501029
8.92 -7.92819e-07 0.000115067 -0.000599328 -5.63834e-05 -0.0149743 0.00287787
8.94 5.97366e-06 2.50623e-05 -0.000580688 -3.4134e-05 -0.0145082 0.000626819
8.96 1.19875e-05 -6.31086e-05 -0.000538451 -5.61943e-06 -0.0134518 -0.00157837
8.98 1.71562e-05 -0.000146298 -0.000471347 2.48654e-05 -0.0117735 -0.00365897
9 2.15497e-05 -0.000223978 -0.000385919 5.20739e-05 -0.00963688 -0.00560177
9.02 2.52292e-05 -0.000293682 -0.000294332 7.15412e-05 -0.00734625 -0.00734511
9.04 2.8207e-05 -0.000349773 -0.000205323 8.05932e-05 -0.00512011 -0.00874796
9.06 3.0502e-05 -0.000388072 -0.000117408 7.87781e-05 -0.00292132 -0.00970584
9.08 3.21401e-05 -0.000410881 -2.15717e-05 6.83535e-05 -0.000524412 -0.0102763
9.1 3.30804e-05 -0.000424894 8.82603e-05 5.42725e-05 0.00222253 -0.0106268
9.12 3.312e-05 -0.000432914 0.000206892 4.2413e-05 0.00518956 -0.0108274
9.14 3.18887e-05 -0.000429857 0.000319102 3.66299e-05 0.00799598 -0.0107509
9.16 2.91018e-05 -0.000408473 0.000410832 3.73581e-05 0.0102902 -0.0102161
9.18 2.4907e-05 -0.00036757 0.000481665 4.30012e-05 0.0120617 -0.00919308
9.2 1.9786e-05 -0.000314787 0.00054319 5.19253e-05 0.0136005 -0.00787295
9.22 1.42867e-05 -0.000261991 0.000602533 6.28258e-05 0.0150847 -0.00655251
9.24 8.81914e-06 -0.000216146 0.000652623 7.38207e-05 0.0163375 -0.00540591
9.26 3.57836e-06 -0.000173445 0.000681849 8.16416e-05 0.0170684 -0.00433793
9.28 -1.35003e-06 -0.000122433 0.000687099 8.20604e-05 0.0171997 -0.00306211
9.3 -5.92996e-06 -5.52029e-05 0.000672931 7.2276e-05 0.0168454 -0.00138065
9.32 -1.01292e-05 2.18588e-05 0.000642977 5.40477e-05 0.0160962 0.000546699
9.34 -1.3912e-05 9.15816e-05 0.000596961 3.39664e-05 0.0149453 0.00229049
9.36 -1.73225e-05 0.000143438 0.000534258 1.90005e-05 0.0133771 0.00358744
9.38 -2.0451e-05 0.000183685 0.000456342 1.14669e-05 0.0114284 0.00459403
9.4 -2.33326e-05 0.000225673 0.00036773 9.29498e-06 0.00921219 0.00564418
9.42 -2.58881e-05 0.000273892 0.000275612 1.04528e-05 0.00690829 0.00685015
9.44 -2.79164e-05 0.00031927 0.000183954 1.47577e-05 0.00461587 0.00798509
9.46 -2.92052e-05 0.000348304 9.0602e-05 2.11101e-05 0.0022811 0.00871122
9.48 -2.96059e-05 0.000356327 -4.87605e-06 2.52869e-05 -0.000106843 0.00891189
9.5 -2.9015e-05 0.000350556 -9.61093e-05 2.18989e-05 -0.00238862 0.00876755
9.52 -2.72391e-05 0.000339036 -0.000177331 8.27786e-06 -0.00442002 0.00847943
9.54 -2.41616e-05 0.000319827 -0.000249082 -1.3516e-05 -0.00621454 0.007999
9.56 -1.98691e-05 0.000284848 -0.000313112 -3.79778e-05 -0.00781596 0.00712416
9.58 -1.45989e-05 0.00023228 -0.00036716 -5.94757e-05 -0.00916772 0.00580942
9.6 -8.72563e-06 0.000168908 -0.000406576 -7.46903e-05 -0.0101535 0.00422446
9.62 -2.62305e-06 0.000100941 -0.000428086 -8.20105e-05 -0.0106915 0.00252457
9.64 3.39893e-06 2.90878e-05 -0.000431691 -7.96118e-05 -0.0107817 0.000727499
9.66 9.0743e-06 -4.63304e-05 -0.000420006 -6.58846e-05 -0.0104894 -0.00115874
9.68 1.41316e-05 -0.000119692 -0.00039562 -4.20022e-05 -0.00987952 -0.00299355
9.7 1.83293e-05 -0.000182191 -0.000359508 -1.2811e-05 -0.00897633 -0.00455668
9.72 2.1549e-05 -0.000228873 -0.000312381 1.534e-05 -0.00779766 -0.00572422
9.74 2.3808e-05 -0.000262179 -0.000256365 3.72835e-05 -0.00639669 -0.0065572
9.76 2.51836e-05 -0.000287824 -0.000193793 5.01558e-05 -0.00483172 -0.0071986
9.78 2.57151e-05 -0.00030717 -0.000124125 5.34364e-05 -0.00308931 -0.00768245
9.8 2.53493e-05 -0.000314843 -4.38901e-05 4.87611e-05 -0.0010826 -0.00787435
9.82 2.39672e-05 -0.000304627 4.80583e-05 3.94245e-05 0.00121707 -0.00761885
9.84 2.14555e-05 -0.000276749 0.000145178 2.94018e-05 0.00364607 -0.00692162
9.86 1.78176e-05 -0.000238319 0.000235397 2.21217e-05 0.00590249 -0.00596047
9.88 1.32057e-05 -0.000196998 0.000310301 1.94464e-05 0.00777587 -0.004927
9.9 7.89159e-06 -0.000154838 0.00037115 2.15177e-05 0.00929772 -0.00387256
9.92 2.20666e-06 -0.000107921 0.000424555 2.76647e-05 0.0106334 -0.00269916
9.94 -3.52551e-06 -5.19797e-05 0.000473402 3.7274e-05 0.0118551 -0.00130003
9.96 -9.00896e-06 1.14418e-05 0.000513078 4.93573e-05 0.0128474 0.000286163
9.98 -1.39881e-05 7.48678e-05 0.00053559 6.13797e-05 0.0134104 0.00187248
10 -1.82697e-05 0.000130623 0.000537354 6.93474e-05 0.0134545 0.00326693
10.02 -2.17617e-05 0.000176516 0.0005239 6.99672e-05 0.0131181 0.00441473
10.04 -2.44936e-05 0.000216404 0.000505631 6.30584e-05 0.0126612 0.00541236
10.06 -2.65963e-05 0.000254726 0.000487188 5.1695e-05 0.0121999 0.0063708
10.08 -2.82333e-05 0.00029053 0.000462532 3.97886e-05 0.0115832 0.00726628
10.1 -2.94684e-05 0.00031776 0.0004219 2.92167e-05 0.010567 0.00794732
10.12 -3.01944e-05 0.000330884 0.000362466 1.89068e-05 0.00908053 0.00827555
10.14 -3.01827e-05 0.00032904 0.000291045 6.74644e-06 0.00729428 0.00822942
10.16 -2.92035e-05 0.000315408 0.000217095 -7.35861e-06 0.00544475 0.00788849
10.18 -2.7133e-05 0.000293872 0.00014512 -2.05252e-05 0.00364462 0.00734987
10.2 -2.39154e-05 0.000265272 7.35161e-05 -2.93267e-05 0.00185378 0.00663455
10.22 -1.95831e-05 0.000226454 -1.39511e-06 -3.29705e-05 -1.97835e-05 0.00566371
10.24 -1.42998e-05 0.00017471 -8.02175e-05 -3.36981e-05 -0.00199116 0.00436956
10.26 -8.32661e-06 0.000113051 -0.000158151 -3.40797e-05 -0.0039403 0.00282746
10.28 -2.02813e-06 4.86369e-05 -0.000227937 -3.40336e-05 -0.00568569 0.00121643
10.3 4.19513e-06 -1.33023e-05 -0.000285359 -3.04578e-05 -0.00712185 -0.000332695
10.32 9.98417e-06 -7.1224e-05 -0.000331298 -2.00183e-05 -0.00827078 -0.00178134
10.34 1.50641e-05 -0.000124878 -0.000368329 -2.71568e-06 -0.00919694 -0.00312326
10.36 1.92833e-05 -0.00017378 -0.0003956 1.73543e-05 -0.00987901 -0.00434631
10.38 2.26159e-05 -0.00021685 -0.000407217 3.49446e-05 -0.0101696 -0.00542351
10.4 2.51081e-05 -0.000252804 -0.000396619 4.71502e-05 -0.0099045 -0.00632273
10.42 2.67943e-05 -0.000281184 -0.000362567 5.41431e-05 -0.00905285 -0.00703254
10.44 2.76674e-05 -0.00030202 -0.000309781 5.72054e-05 -0.00773264 -0.00755365
10.46 2.76994e-05 -0.000314642 -0.000244158 5.6488e-05 -0.00609139 -0.00786933
10.48 2.68699e-05 -0.000317735 -0.000168001 5.07492e-05 -0.00418668 -0.00794669
10.5 2.5179e-05 -0.000309881 -8.00471e-05 3.9377e-05 -0.0019869 -0.00775026
10.52 2.26224e-05 -0.000289847 1.89936e-05 2.45823e-05 0.000490147 -0.00724919
10.54 1.9199e-05 -0.000257397 0.00012195 1.11748e-05 0.00306514 -0.0064376
10.56 1.49575e-05 -0.000214542 0.000219155 3.77949e-06 0.00549626 -0.00536578
10.58 1.00457e-05 -0.000165515 0.000306721 4.05304e-06 0.00768633 -0.0041396
10.6 4.71841e-06 -0.000114435 0.000387634 1.03378e-05 0.00971 -0.00286207
10.62 -7.46402e-07 -6.26809e-05 0.000464556 1.96123e-05 0.0116339 -0.00156768
10.64 -6.13762e-06 -9.07965e-06 0.000534017 2.95464e-05 0.0133711 -0.000227086
10.66 -1.13133e-05 4.72048e-05 0.000587182 3.88556e-05 0.0147008 0.00118061
10.68 -1.61316e-05 0.000104141 0.000615156 4.61845e-05 0.0154004 0.0026046
10.7 -2.04053e-05 0.000156797 0.000615393 4.93682e-05 0.0154064 0.00392157
10.72 -2.3936e-05 0.000200332 0.000594111 4.64276e-05 0.0148741 0.0050104
10.74 -2.65858e-05 0.000234026 0.000559703 3.74334e-05 0.0140135 0.0058531
10.76 -2.83257e-05 0.000261426 0.000513238 2.51747e-05 0.0128514 0.00653836
10.78 -2.92491e-05 0.000285393 0.000448882 1.39036e-05 0.0112418 0.00713779
10.8 -2.94293e-05 0.000303938 0.000363311 7.18306e-06 0.00910168 0.00760161
10.82 -2.88369e-05 0.000311741 0.000261574 6.27569e-06 0.00655717 0.00779677
10.84 -2.74264e-05 0.000305381 0.000153632 1.01795e-05 0.0038575 0.00763771
10.86 -2.52163e-05 0.000287 4.78239e-05 1.71768e-05 0.0012112 0.00717799
10.88 -2.23144e-05 0.000262824 -5.25222e-05 2.60533e-05 -0.00129849 0.00657334
10.9 -1.88539e-05 0.000237212 -0.000148898 3.55385e-05 -0.0037089 0.00593278
10.92 -1.4895e-05 0.000208092 -0.000243114 4.31156e-05 -0.00606527 0.00520446
10.94 -1.04221e-05 0.000169249 -0.000330964 4.53391e-05 -0.00826245 0.004233
10.96 -5.44557e-06 0.000117433 -0.000402962 3.97539e-05 -0.0100631 0.00293704
10.98 -1.07062e-07 5.68746e-05 -0.000452971 2.66239e-05 -0.0113139 0.00142246
11 5.28813e-06 -3.72704e-06 -0.000483117 9.05115e-06 -0.0120679 -9.32152e-05
11.02 1.0366e-05 -5.80279e-05 -0.000499175 -8.5741e-06 -0.0124695 -0.0014513
11.04 1.48122e-05 -0.000104802 -0.00050337 -2.2855e-05 -0.0125744 -0.00262113
11.06 1.84376e-05 -0.000145878 -0.000492144 -3.27725e-05 -0.0122936 -0.00364848
11.08 2.11623e-05 -0.000183326 -0.000459719 -3.88859e-05 -0.0114827 -0.00458506
11.1 2.29875e-05 -0.000217421 -0.000403569 -4.13848e-05 -0.0100783 -0.00543778
11.12 2.39748e-05 -0.000246196 -0.000326763 -3.96252e-05 -0.00815737 -0.00615747
11.14 2.4215e-05 -0.00026704 -0.000235643 -3.364e-05 -0.00587843 -0.00667879
11.16 2.38143e-05 -0.000278275 -0.000135641 -2.52535e-05 -0.00337734 -0.00695978
11.18 2.28847e-05 -0.000279951 -2.83263e-05 -1.72023e-05 -0.000693343 -0.00700169
11.2 2.15253e-05 -0.000274595 8.67511e-05 -1.12442e-05 0.00218479 -0.00686775
11.22 1.97751e-05 -0.000265771 0.000205898 -6.9975e-06 0.00516471 -0.00664705
11.24 1.75629e-05 -0.000254255 0.000319759 -2.36812e-06 0.00801241 -0.00635902
11.26 1.47412e-05 -0.000236562 0.000420087 4.86049e-06 0.0105217 -0.00591651
11.28 1.11988e-05 -0.000207826 0.000504566 1.56581e-05 0.0126345 -0.00519782
11.3 6.95914e-06 -0.000166066 0.000573229 2.96341e-05 0.0143518 -0.00415337
11.32 2.21297e-06 -0.000114812 0.000624804 4.58065e-05 0.0156417 -0.0028715
11.34 -2.71058e-06 -6.22286e-05 0.000659044 6.31612e-05 0.0164981 -0.00155636
11.36 -7.42745e-06 -1.59306e-05 0.000678299 8.05105e-05 0.0169797 -0.000398432
11.38 -1.16216e-05 2.26177e-05 0.000683949 9.6131e-05 0.017121 0.000565678
11.4 -1.51434e-05 5.80965e-05 0.000674293 0.000107979 0.0168795 0.00145302
11.42 -1.79951e-05 9.56603e-05 0.000647536 0.000114545 0.0162103 0.0023925
11.44 -2.02186e-05 0.00013571 0.000603814 0.000115464 0.0151168 0.00339415
11.46 -2.18417e-05 0.000173969 0.000544175 0.000111313 0.0136252 0.00435103
11.48 -2.2903e-05 0.000204983 0.000470199 0.000103166 0.011775 0.00512671
11.5 -2.34194e-05 0.000224863 0.00038471 9.24998e-05 0.00963687 0.00562392
11.52 -2.3391e-05 0.000233744 0.000289483 8.09918e-05 0.00725519 0.00584602
11.54 -2.28528e-05 0.000237518 0.000182947 6.9627e-05 0.00459068 0.00594043
11.56 -2.18575e-05 0.000242892 6.63251e-05 5.79782e-05 0.00167393 0.00607482
11.58 -2.03726e-05 0.000247791 -5.01941e-05 4.49016e-05 -0.00124026 0.00619735
11.6 -1.82793e-05 0.000241919 -0.000155428 2.98084e-05 -0.0038722 0.00605049
11.62 -1.55319e-05 0.000219534 -0.000248459 1.2501e-05 -0.00619896 0.00549063
11.64 -1.22645e-05 0.000186339 -0.000334421 -7.73111e-06 -0.00834891 0.00466041
11.66 -8.69285e-06 0.000152535 -0.000413716 -3.13127e-05 -0.0103321 0.00381497
11.68 -4.93002e-06 0.000122938 -0.000481394 -5.66244e-05 -0.0120247 0.00307474
11.7 -9.77499e-07 9.34151e-05 -0.000531756 -8.01064e-05 -0.0132843 0.00233635
11.72 3.14631e-06 5.55863e-05 -0.000560983 -9.80265e-05 -0.0140153 0.00139024
11.74 7.32816e-06 6.57576e-06 -0.000570142 -0.000107785 -0.0142444 0.000164462
11.76 1.13904e-05 -4.70067e-05 -0.000564909 -0.000108468 -0.0141135 -0.00117566
11.78 1.51595e-05 -9.66375e-05 -0.000548542 -0.000100907 -0.0137042 -0.00241694
11.8 1.84976e-05 -0.000140327 -0.000517696 -8.67448e-05 -0.0129327 -0.00350965
11.82 2.13397e-05 -0.000181607 -0.000467205 -6.74226e-05 -0.0116699 -0.00454206
11.84 2.36402e-05 -0.000223048 -0.000395335 -4.46299e-05 -0.00987239 -0.00557852
11.86 2.52775e-05 -0.000262243 -0.000304505 -2.12136e-05 -0.0076007 -0.00655882
11.88 2.61188e-05 -0.000293301 -0.000200896 -5.06832e-07 -0.00500938 -0.00733557
11.9 2.61341e-05 -0.000312177 -9.22994e-05 1.54887e-05 -0.00229334 -0.00780768
11.92 2.5419e-05 -0.000319703 1.65969e-05 2.71164e-05 0.000430204 -0.0079959
11.94 2.40924e-05 -0.000318753 0.000126157 3.65691e-05 0.00317035 -0.00797215
11.96 2.21994e-05 -0.000310483 0.000238079 4.66416e-05 0.00596958 -0.00776532
11.98 1.96922e-05 -0.000294251 0.000350536 5.95603e-05 0.00878216 -0.00735934
12 1.64837e-05 -0.000269044 0.000457064 7.60679e-05 0.0114465 -0.00672891
12.02 1.25492e-05 -0.000234438 0.000550225 9.48691e-05 0.0137765 -0.00586339
12.04 8.00654e-06 -0.000192127 0.000627448 0.000113043 0.0157078 -0.00480518
12.06 3.13227e-06 -0.000146337 0.000692274 0.000127539 0.0173292 -0.00365995
12.08 -1.73057e-06 -0.000101068 0.000748283 0.000136455 0.01873 -0.00252776
12.1 -6.31588e-06 -5.71658e-05 0.000793369 0.000138911 0.0198576 -0.00142974
12.12 -1.0506e-05 -1.2754e-05 0.000820696 0.00013425 0.0205411 -0.000318983
12.14 -1.42843e-05 3.38023e-05 0.000824398 0.000121973 0.0206337 0.000845409
12.16 -1.76341e-05 8.16146e-05 0.000804863 0.000102535 0.0201451 0.00204121
12.18 -2.04448e-05 0.000127625 0.000767474 7.81605e-05 0.01921 0.00319196
12.2 -2.27463e-05 0.000168889 0.000714932 5.3007e-05 0.0178959 0.00422398
12.22 -2.46406e-05 0.000204588 0.000643949 3.19827e-05 0.0161206 0.00511682
12.24 -2.61335e-05 0.000236171 0.000552496 1.81637e-05 0.0138333 0.00590674
12.26 -2.72066e-05 0.000265454 0.000444948 1.09285e-05 0.0111434 0.0066391
12.28 -2.7785e-05 0.000291963 0.000326634 7.08473e-06 0.00818439 0.00730211
12.3 -2.77635e-05 0.000312115 0.00019978 3.64781e-06 0.0050117 0.00780613
12.32 -2.69677e-05 0.000321385 6.66914e-05 -1.00813e-06 0.00168311 0.00803796
12.34 -2.52218e-05 0.000316885 -6.69027e-05 -8.05986e-06 -0.00165814 0.00792543
12.36 -2.24257e-05 0.000297969 -0.000192301 -1.87045e-05 -0.00479439 0.00745232
12.38 -1.86122e-05 0.000265945 -0.000301606 -3.30508e-05 -0.00752816 0.00665138
12.4 -1.39868e-05 0.000223947 -0.000392639 -4.92174e-05 -0.00980495 0.005601
12.42 -8.88885e-06 0.000176034 -0.000469083 -6.40458e-05 -0.0117168 0.00440268
12.44 -3.68849e-06 0.000125437 -0.000534132 -7.44063e-05 -0.0133437 0.00313723
12.46 1.32375e-06 7.36314e-05 -0.000585001 -7.78254e-05 -0.014616 0.00184155
12.48 5.96839e-06 2.12842e-05 -0.000614747 -7.27447e-05 -0.01536 0.000532327
12.5 1.0125e-05 -3.01488e-05 -0.00061951 -5.90385e-05 -0.0154791 -0.000754034
12.52 1.3676e-05 -7.78929e-05 -0.000603212 -3.84583e-05 -0.0150715 -0.00194814
12.54 1.64788e-05 -0.000118611 -0.000573358 -1.45444e-05 -0.0143248 -0.00296651
12.56 1.84784e-05 -0.000149994 -0.000532633 7.95752e-06 -0.0133063 -0.0037514
12.58 1.97371e-05 -0.000172334 -0.000476995 2.4308e-05 -0.0119147 -0.00431015
12.6 2.03014e-05 -0.000188016 -0.000401383 3.16363e-05 -0.0100236 -0.00470236
12.62 2.01782e-05 -0.000198674 -0.000305298 3.01421e-05 -0.00762052 -0.00496892
12.64 1.93643e-05 -0.000203998 -0.00019376 2.22888e-05 -0.0048309 -0.00510207
12.66 1.7898e-05 -0.000203739 -7.48565e-05 1.1098e-05 -0.00185707 -0.00509561
12.68 1.59079e-05 -0.000198823 4.47813e-05 -3.97904e-07 0.00113512 -0.00497264
12.7 1.35637e-05 -0.000189901 0.000163075 -8.77607e-06 0.00409368 -0.0047495
12.72 1.10051e-05 -0.000176836 0.000280091 -1.05034e-05 0.0070203 -0.00442273
12.74 8.34583e-06 -0.000160734 0.000394292 -3.0356e-06 0.00987653 -0.00402003
12.76 5.6989e-06 -0.000145133 0.000502799 1.41578e-05 0.0125903 -0.00362985
12.78 3.1658e-06 -0.000132778 0.000601485 3.89938e-05 0.0150585 -0.00332083
12.8 7.79957e-07 -0.000121146 0.000681637 6.68707e-05 0.0170632 -0.00302992
12.82 -1.50578e-06 -0.000103894 0.00073167 9.21502e-05 0.0183145 -0.00259844
12.84 -3.75515e-06 -7.74779e-05 0.00074646 0.000110627 0.0186844 -0.00193775
12.86 -5.98783e-06 -4.42712e-05 0.00073143 0.000120864 0.0183085 -0.00110724
12.88 -8.16324e-06 -9.69703e-06 0.00069497 0.000123282 0.0173966 -0.000242527
12.9 -1.01299e-05 2.24712e-05 0.000640793 0.00011882 0.0160416 0.000562013
12.92 -1.18868e-05 5.33408e-05 0.000567829 0.000109018 0.0142168 0.00133407
12.94 -1.34612e-05 8.60807e-05 0.000472884 9.64335e-05 0.0118422 0.00215291
12.96 -1.46869e-05 0.000118533 0.000356718 8.38544e-05 0.00893679 0.00296455
12.98 -1.53617e-05 0.000143372 0.000229955 7.33099e-05 0.00576639 0.0035858
13 -1.53479e-05 0.00015711 0.000107265 6.58066e-05 0.00269788 0.00392938
13.02 -1.46805e-05 0.000163248 -4.62999e-06 6.09969e-05 -0.000100671 0.00408291
13.04 -1.34708e-05 0.000165573 -0.00010885 5.68928e-05 -0.00270726 0.00414106
13.06 -1.17885e-05 0.00016293 -0.000209599 5.05375e-05 -0.00522704 0.00407496
13.08 -9.6269e-06 0.000151554 -0.000305048 3.91941e-05 -0.00761425 0.00379043
13.1 -6.99931e-06 0.000130964 -0.000388725 2.13713e-05 -0.00970706 0.00327547
13.12 -4.03166e-06 0.000106422 -0.000455954 -2.26785e-06 -0.0113885 0.00266166
13.14 -9.44487e-07 8.38913e-05 -0.000507394 -2.86754e-05 -0.012675 0.00209816
13.16 2.04374e-06 6.35515e-05 -0.000546273 -5.37211e-05 -0.0136474 0.00158945
13.18 4.77787e-06 4.10298e-05 -0.000573808 -7.42986e-05 -0.014336 0.00102617
13.2 7.15208e-06 1.40566e-05 -0.000588398 -8.92475e-05 -0.014701 0.000351561
13.22 9.07914e-06 -1.41695e-05 -0.00058743 -9.83731e-05 -0.0146767 -0.000354384
13.24 1.04933e-05 -3.77715e-05 -0.000568232 -0.000101216 -0.0141966 -0.000944682
13.26 1.13471e-05 -5.36177e-05 -0.00052935 -9.73929e-05 -0.0132241 -0.001341
13.28 1.17196e-05 -6.37792e-05 -0.000471141 -8.79897e-05 -0.0117683 -0.00159515
13.3 1.17991e-05 -7.31947e-05 -0.000393914 -7.59934e-05 -0.00983682 -0.00183063
13.32 1.1761e-05 -8.6308e-05 -0.000297471 -6.48877e-05 -0.00742476 -0.0021586
13.34 1.1779e-05 -0.00010571 -0.00018325 -5.65014e-05 -0.00456803 -0.00264386
13.36 1.19852e-05 -0.000131552 -5.49838e-05 -4.98247e-05 -0.00136004 -0.00329016
13.38 1.23974e-05 -0.000160622 8.21365e-05 -4.16426e-05 0.00206939 -0.00401721
13.4 1.28711e-05 -0.000187254 0.00022098 -2.8464e-05 0.00554193 -0.00468331
13.42 1.3146e-05 -0.000206945 0.000353009 -8.32929e-06 0.00884404 -0.00517578
13.44 1.29731e-05 -0.000219479 0.000471316 1.86176e-05 0.0118029 -0.00548927
13.46 1.2213e-05 -0.000227943 0.000571851 5.07225e-05 0.0143174 -0.00570095
13.48 1.08401e-05 -0.00023367 0.000652228 8.56822e-05 0.0163276 -0.00584418
13.5 8.88543e-06 -0.000231979 0.000711479 0.000120919 0.0178095 -0.00580189
13.52 6.40845e-06 -0.00021476 0.000748693 0.00015344 0.0187403 -0.00537124
13.54 3.5223e-06 -0.000179262 0.000760171 0.000179785 0.0190273 -0.00448342
13.56 4.16101e-07 -0.000133099 0.000742596 0.000196592 0.0185878 -0.00332887
13.58 -2.67908e-06 -8.82147e-05 0.000699826 0.000201516 0.0175181 -0.00220629
13.6 -5.54738e-06 -5.00437e-05 0.000641726 0.000194048 0.016065 -0.00125161
13.62 -8.13362e-06 -1.36965e-05 0.00057638 0.000176176 0.0144306 -0.000342556
13.64 -1.05899e-05 2.9265e-05 0.000504112 0.000152362 0.0126232 0.000731929
13.66 -1.30355e-05 8.10397e-05 0.000417919 0.000127754 0.0104675 0.00202684
13.68 -1.54372e-05 0.000134783 0.000311252 0.000105211 0.00779967 0.00337099
13.7 -1.7655e-05 0.00018113 0.000187831 8.41105e-05 0.00471285 0.00453013
13.72 -1.95313e-05 0.000217114 6.31526e-05 6.23065e-05 0.00159461 0.00543012
13.74 -2.09916e-05 0.000247803 -4.67553e-05 3.87795e-05 -0.00115424 0.00619766
13.76 -2.20351e-05 0.000278594 -0.000138204 1.40871e-05 -0.00344142 0.00696776
13.78 -2.26603e-05 0.000307618 -0.000219956 -1.13111e-05 -0.00548605 0.00769364
13.8 -2.28192e-05 0.00032785 -0.000301841 -3.86876e-05 -0.00753404 0.00819966
13.82 -2.24393e-05 0.000335717 -0.000385666 -7.0631e-05 -0.00963054 0.00839643
13.84 -2.148e-05 0.000334555 -0.000465399 -0.000108162 -0.0116247 0.00836737
13.86 -1.99709e-05 0.000329154 -0.000533472 -0.000147614 -0.0133272 0.00823229
13.88 -1.79976e-05 0.000319743 -0.000587767 -0.000180994 -0.0146852 0.00799691
13.9 -1.56766e-05 0.000303156 -0.000632674 -0.000200657 -0.0158083 0.00758205
13.92 -1.3112e-05 0.000278139 -0.000672048 -0.00020411 -0.0167931 0.00695638
13.94 -1.03201e-05 0.00024667 -0.000702423 -0.00019415 -0.0175528 0.00616933
13.96 -7.18733e-06 0.000209835 -0.000714181 -0.000174806 -0.0178469 0.00524807
13.98 -3.59971e-06 0.000164437 -0.000697894 -0.000147977 -0.0174395 0.00411263
14 4.4632e-07 0.000105054 -0.000649919 -0.000114062 -0.0162396 0.00262744
14.02 4.90198e-06 3.01477e-05 -0.00057437 -7.49267e-05 -0.0143501 0.000754006
14.04 9.51727e-06 -5.2627e-05 -0.000480802 -3.53605e-05 -0.0120099 -0.00131622
14.06 1.38884e-05 -0.000128013 -0.000379918 -1.32075e-06 -0.00948678 -0.00320166
14.08 1.76973e-05 -0.000184689 -0.000279445 2.35534e-05 -0.0069739 -0.00461914
14.1 2.08107e-05 -0.000226387 -0.000180248 4.05087e-05 -0.00449296 -0.00566203
14.12 2.32749e-05 -0.000266579 -7.68747e-05 5.49645e-05 -0.00190755 -0.00666724
14.14 2.50934e-05 -0.000311804 3.50111e-05 7.2331e-05 0.000890762 -0.00779835
14.16 2.61247e-05 -0.000354543 0.000152902 9.41161e-05 0.00383926 -0.00886728
14.18 2.62322e-05 -0.000381434 0.000268884 0.000118178 0.00674001 -0.00953982
14.2 2.54568e-05 -0.000386576 0.000372917 0.000141597 0.00934194 -0.00966844
14.22 2.40546e-05 -0.000378406 0.000456422 0.000162242 0.0114304 -0.0094641
14.24 2.23484e-05 -0.000371389 0.000516525 0.000178566 0.0129336 -0.00928859
14.26 2.04687e-05 -0.000367997 0.000555282 0.000189159 0.013903 -0.00920377
14.28 1.82274e-05 -0.000352919 0.000575976 0.000192371 0.0144205 -0.00882665
14.3 1.52585e-05 -0.000309589 0.000582443 0.000186492 0.0145823 -0.00774295
14.32 1.13833e-05 -0.000239841 0.000576459 0.00017112 0.0144326 -0.00599852
14.34 6.73328e-06 -0.000161769 0.000553905 0.000148115 0.0138685 -0.00404591
14.36 1.51773e-06 -8.95e-05 0.000509542 0.000120317 0.012759 -0.00223843
14.38 -4.00865e-06 -2.20649e-05 0.000445683 8.97803e-05 0.0111618 -0.000551852
14.4 -9.53076e-06 4.84564e-05 0.000370898 5.83454e-05 0.00929143 0.00121191
14.42 -1.47236e-05 0.000125229 0.000291399 2.89251e-05 0.00730314 0.00313204
14.44 -1.93178e-05 0.000203125 0.000206811 4.04922e-06 0.00518756 0.00508025
14.46 -2.32098e-05 0.000272709 0.000112256 -1.68599e-05 0.00282268 0.00682056
14.48 -2.64041e-05 0.000328286 5.01134e-06 -3.7297e-05 0.000140458 0.00821056
14.5 -2.88943e-05 0.000371943 -0.000107967 -6.06452e-05 -0.00268517 0.00930246
14.52 -3.05864e-05 0.000407581 -0.000212093 -8.74963e-05 -0.00528942 0.0101938
14.54 -3.13266e-05 0.000433622 -0.000297068 -0.00011487 -0.00741468 0.0108451
14.56 -3.09827e-05 0.000445138 -0.000362919 -0.000137677 -0.00906163 0.0111331
14.58 -2.95091e-05 0.0004393 -0.000414269 -0.000152097 -0.0103459 0.0109871
14.6 -2.6936e-05 0.000414831 -0.00045391 -0.000157849 -0.0113374 0.0103751
14.62 -2.33304e-05 0.000370987 -0.000481912 -0.000156516 -0.0120377 0.00927854
14.64 -1.88021e-05 0.000311634 -0.000496514 -0.000148357 -0.0124029 0.0077941
14.66 -1.35601e-05 0.000245663 -0.000495057 -0.000131991 -0.0123665 0.00614413
14.68 -7.89639e-06 0.000177899 -0.000474673 -0.000106586 -0.0118567 0.00444932
14.7 -2.08077e-06 0.000104304 -0.000432028 -7.33995e-05 -0.0107901 0.00260868
14.72 3.68677e-06 2.14308e-05 -0.000365462 -3.6275e-05 -0.00912525 0.000535992
14.74 9.19862e-06 -6.52396e-05 -0.000279886 -1.31556e-06 -0.00698495 -0.00163167
14.76 1.42475e-05 -0.000147182 -0.000186978 2.59554e-05 -0.00466128 -0.00368107
14.78 1.87573e-05 -0.000221374 -9.63797e-05 4.46063e-05 -0.00239537 -0.00553665
14.8 2.27872e-05 -0.000289225 -7.22838e-06 5.83155e-05 -0.000165663 -0.00723364
14.82 2.6353e-05 -0.000351216 8.71758e-05 7.10655e-05 0.00219542 -0.00878406
14.84 2.92414e-05 -0.000403767 0.000186684 8.44365e-05 0.00468417 -0.0100984
14.86 3.10415e-05 -0.000438647 0.000280418 9.86553e-05 0.00702849 -0.0109707
14.88 3.13581e-05 -0.000448405 0.000355118 0.000113523 0.00889678 -0.0112148
14.9 3.00408e-05 -0.000435161 0.000405948 0.00012801 0.010168 -0.0108836
14.92 2.72887e-05 -0.000409049 0.000441494 0.000140939 0.0110571 -0.0102305
14.94 2.34465e-05 -0.000375538 0.000476188 0.000151951 0.0119248 -0.00939237
14.96 1.87415e-05 -0.000329343 0.000512701 0.000160271 0.012838 -0.008237
14.98 1.32733e-05 -0.000263133 0.000536322 0.000163094 0.0134288 -0.00658105
15 7.19849e-06 -0.000178893 0.000532948 0.000156509 0.0133444 -0.0044742
15.02 8.80942e-07 -8.9096e-05 0.000505416 0.000137808 0.0126558 -0.00222833
15.04 -5.21116e-06 -8.10981e-06 0.00046474 0.000107059 0.0116385 -0.00020283
15.06 -1.07398e-05 5.87474e-05 0.000413225 6.79827e-05 0.01035 0.0014693
15.08 -1.56451e-05 0.000119835 0.000344364 2.74713e-05 0.00862781 0.00299712
15.1 -2.00163e-05 0.00018818 0.000255039 -7.63436e-06 0.00639376 0.00470645
15.12 -2.39072e-05 0.000265392 0.000152459 -3.40877e-05 0.00382819 0.00663756
15.14 -2.72836e-05 0.000338199 4.9685e-05 -5.21474e-05 0.00125776 0.00845849
15.16 -3.00703e-05 0.000392981 -4.51457e-05 -6.31255e-05 -0.00111399 0.00982861
15.18 -3.22109e-05 0.000428226 -0.00013445 -6.86649e-05 -0.00334753 0.0107101
15.2 -3.35949e-05 0.000450155 -0.000223302 -7.13967e-05 -0.00556975 0.0112586
15.22 -3.39367e-05 0.000461932 -0.000308064 -7.41652e-05 -0.00768968 0.0115531
15.24 -3.27767e-05 0.000459324 -0.000378784 -7.85407e-05 -0.00945841 0.0114879
15.26 -2.98047e-05 0.000433838 -0.000431449 -8.46812e-05 -0.0107756 0.0108505
15.28 -2.50961e-05 0.000381445 -0.000471064 -9.18597e-05 -0.0117664 0.00954009
15.3 -1.90073e-05 0.000309397 -0.000502994 -9.85715e-05 -0.012565 0.00773814
15.32 -1.20165e-05 0.000229757 -0.000526691 -0.000102575 -0.0131576 0.00574632
15.34 -4.58273e-06 0.000146442 -0.000536678 -0.00010079 -0.0134074 0.00366257
15.36 2.87533e-06 5.62414e-05 -0.000526234 -8.94694e-05 -0.0131462 0.00140662
15.38 9.92721e-06 -3.84739e-05 -0.000492235 -6.63519e-05 -0.0122959 -0.000962248
15.4 1.61908e-05 -0.000128257 -0.000437748 -3.355e-05 -0.0109331 -0.00320777
15.42 2.15199e-05 -0.000208167 -0.000368077 3.07342e-06 -0.00919064 -0.00520634
15.44 2.60361e-05 -0.000281902 -0.000286919 3.78768e-05 -0.00716084 -0.00705048
15.46 2.99493e-05 -0.000353208 -0.000198675 6.76913e-05 -0.00495383 -0.00883389
15.48 3.33303e-05 -0.00041858 -0.000109385 9.08942e-05 -0.00272063 -0.0104689
15.5 3.60279e-05 -0.000469023 -2.21127e-05 0.000106707 -0.000537926 -0.0117305
15.52 3.77841e-05 -0.000496994 6.57444e-05 0.000115734 0.00165942 -0.01243
15.54 3.83506e-05 -0.000502121 0.000158193 0.000119641 0.0039716 -0.0125583
15.56 3.75026e-05 -0.000490428 0.000253573 0.000120024 0.0063571 -0.0122658
15.58 3.4894e-05 -0.000467252 0.000342911 0.000118084 0.00859146 -0.0116862
15.6 3.04099e-05 -0.000430794 0.000416485 0.000114786 0.0104316 -0.0107743
15.62 2.42462e-05 -0.000373758 0.000471126 0.00011043 0.0117982 -0.00934784
15.64 1.67923e-05 -0.000292801 0.000510282 0.00010431 0.0127775 -0.00732309
15.66 8.678e-06 -0.000195988 0.000538526 9.54665e-05 0.0134839 -0.00490173
15.68 5.61682e-07 -9.87973e-05 0.000557139 8.339e-05 0.0139494 -0.00247096
15.7 -7.00574e-06 -1.15008e-05 0.000563293 6.73959e-05 0.0141033 -0.00028764
15.72 -1.37286e-05 6.78407e-05 0.00055217 4.62483e-05 0.0138251 0.00169672
15.74 -1.9522e-05 0.000146127 0.000521609 1.99928e-05 0.0130608 0.0036547
15.76 -2.43836e-05 0.000224211 0.000475723 -7.94226e-06 0.0119132 0.00560762
15.78 -2.82658e-05 0.000295469 0.000421414 -3.20338e-05 0.0105549 0.0073898
15.8 -3.10902e-05 0.000350638 0.000361028 -4.84515e-05 0.00904458 0.0087696
15.82 -3.28016e-05 0.000382708 0.000292569 -5.66605e-05 0.00733239 0.00957169
15.84 -3.33692e-05 0.000391787 0.0002158 -5.7852e-05 0.00541237 0.00979876
15.86 -3.28026e-05 0.000385263 0.000132727 -5.35864e-05 0.00333468 0.0096356
15.88 -3.11241e-05 0.000370398 4.5445e-05 -4.57138e-05 0.00115172 0.00926382
15.9 -2.82832e-05 0.000347815 -4.1206e-05 -3.5944e-05 -0.00101546 0.00869899
15.92 -2.42789e-05 0.000312738 -0.000119802 -2.55615e-05 -0.00298117 0.0078217
15.94 -1.91994e-05 0.000260712 -0.000186946 -1.6272e-05 -0.00466047 0.0065205
15.96 -1.32647e-05 0.000192838 -0.000244608 -1.02346e-05 -0.00610261 0.00482295
15.98 -6.87365e-06 0.000117531 -0.000294228 -8.16938e-06 -0.00734365 0.00293949
16 -4.72019e-07 4.65243e-05 -0.000335511 -8.14466e-06 -0.00837614 0.00116359
16.02 5.53945e-06 -1.32983e-05 -0.000369347 -6.94152e-06 -0.00922239 -0.000332596
16.04 1.09191e-05 -6.54305e-05 -0.000395217 -2.16157e-06 -0.00986942 -0.00163644
16.06 1.56092e-05 -0.000119529 -0.000408349 6.93766e-06 -0.0101979 -0.00298948
16.08 1.9637e-05 -0.000179749 -0.000404891 1.94386e-05 -0.0101114 -0.00449559
16.1 2.29571e-05 -0.000238284 -0.000385339 3.31042e-05 -0.00962235 -0.00595959
16.12 2.54291e-05 -0.000282145 -0.000349827 4.56255e-05 -0.00873419 -0.00705658
16.14 2.6943e-05 -0.000305172 -0.00029719 5.59188e-05 -0.00741772 -0.00763249
16.16 2.74807e-05 -0.000312087 -0.000230516 6.35727e-05 -0.00575019 -0.00780543
16.18 2.70672e-05 -0.000312063 -0.000156325 6.72305e-05 -0.00389463 -0.00780483
16.2 2.57186e-05 -0.000309059 -7.76926e-05 6.47797e-05 -0.001928 -0.0077297
16.22 2.34119e-05 -0.000297672 5.52362e-06 5.55412e-05 0.00015327 -0.00744489
16.24 2.01235e-05 -0.000269012 9.13147e-05 4.16971e-05 0.00229894 -0.00672811
16.26 1.58916e-05 -0.000220802 0.000175667 2.74555e-05 0.00440864 -0.00552235
16.28 1.08326e-05 -0.000160267 0.000254593 1.67985e-05 0.0063826 -0.00400834
16.3 5.16012e-06 -9.7391e-05 0.000322263 1.12448e-05 0.00807504 -0.00243579
16.32 -8.40549e-07 -3.71781e-05 0.000372561 9.2171e-06 0.00933302 -0.00092984
16.34 -6.86047e-06 2.14186e-05 0.000406231 7.96822e-06 0.0101751 0.000535689
16.36 -1.25806e-05 8.09566e-05 0.000430521 6.39052e-06 0.0107826 0.00202476
16.38 -1.77193e-05 0.000141055 0.000448853 5.58107e-06 0.0112411 0.00352784
16.4 -2.20878e-05 0.000197818 0.000456362 6.65868e-06 0.0114289 0.00494752
16.42 -2.55826e-05 0.000246387 0.00044681 8.66138e-06 0.01119 0.00616224
16.44 -2.8109e-05 0.000283368 0.000419158 8.97927e-06 0.0104984 0.00708714
16.46 -2.9555e-05 0.000307434 0.000377312 5.84039e-06 0.00945185 0.00768906
16.48 -2.98503e-05 0.000318486 0.000327288 4.7098e-07 0.00820072 0.00796548
16.5 -2.90225e-05 0.000316849 0.000273582 -3.14617e-06 0.00685753 0.00792452
16.52 -2.71891e-05 0.000303727 0.000215494 -1.13128e-06 0.00540471 0.00759634
16.54 -2.45258e-05 0.000281178 0.000149392 7.04308e-06 0.00375148 0.00703238
16.56 -2.11969e-05 0.000250038 7.65639e-05 1.80632e-05 0.00193002 0.00625356
16.58 -1.72958e-05 0.000209464 4.73998e-06 2.76298e-05 0.000133671 0.00523879
16.6 -1.28799e-05 0.00015997 -6.02524e-05 3.35371e-05 -0.00149182 0.00400093
16.62 -8.03632e-06 0.000104714 -0.000120072 3.60369e-05 -0.00298792 0.00261893
16.64 -2.8952e-06 4.70758e-05 -0.000178811 3.61514e-05 -0.00445702 0.00117739
16.66 2.40752e-06 -1.04263e-05 -0.000235908 3.42274e-05 -0.00588503 -0.000260767
16.68 7.72709e-06 -6.55332e-05 -0.000286205 2.97864e-05 -0.00714299 -0.00163901
16.7 1.28559e-05 -0.000117163 -0.000324821 2.26917e-05 -0.00810879 -0.0029303
16.72 1.75078e-05 -0.000165075 -0.000350958 1.4633e-05 -0.00876247 -0.00412859
16.74 2.1385e-05 -0.000207592 -0.000367346 8.8087e-06 -0.00917235 -0.00519197
16.76 2.42717e-05 -0.000242188 -0.000374496 7.52261e-06 -0.00935119 -0.00605723
16.78 2.60793e-05 -0.000267433 -0.000366146 1.05241e-05 -0.00914235 -0.0066886
16.8 2.6815e-05 -0.000282272 -0.000334958 1.57985e-05 -0.00836231 -0.00705973
16.82 2.65288e-05 -0.000285727 -0.000283706 2.1135e-05 -0.00708047 -0.00714616
16.84 2.52919e-05 -0.000278632 -0.000224921 2.47604e-05 -0.00561025 -0.00696869
16.86 2.32313e-05 -0.000263254 -0.000166959 2.53266e-05 -0.00416059 -0.0065841
16.88 2.05379e-05 -0.000241079 -0.000106238 2.19859e-05 -0.00264194 -0.00602948
16.9 1.73855e-05 -0.000212509 -3.58682e-05 1.48574e-05 -0.000881957 -0.00531495
16.92 1.38386e-05 -0.000177723 4.27897e-05 5.64828e-06 0.00108531 -0.00444492
16.94 9.85284e-06 -0.000136723 0.000119328 -2.67559e-06 0.00299956 -0.0034195
16.96 5.38888e-06 -8.98042e-05 0.000182941 -7.60008e-06 0.00459054 -0.00224604
16.98 5.2016e-07 -3.84885e-05 0.00023198 -8.38871e-06 0.00581703 -0.000962614
17 -4.56376e-06 1.51421e-05 0.000274684 -5.39487e-06 0.00688509 0.000378709
17.02 -9.63915e-06 6.98085e-05 0.00031772 1.34577e-06 0.00796143 0.00174594
17.04 -1.45074e-05 0.000124189 0.00035624 1.19706e-05 0.00892483 0.00310601
17.06 -1.89719e-05 0.000175362 0.000379887 2.52979e-05 0.00951625 0.00438587
17.08 -2.27928e-05 0.000219699 0.000386008 3.81091e-05 0.00966936 0.00549476
17.1 -2.57115e-05 0.00025461 0.000382327 4.64177e-05 0.00957727 0.00636791
17.12 -2.75445e-05 0.00027866 0.000377499 4.79205e-05 0.00945653 0.00696941
17.14 -2.8248e-05 0.000291025 0.00037203 4.34879e-05 0.00931974 0.00727866
17.16 -2.78907e-05 0.000291202 0.000359298 3.60916e-05 0.00900132 0.00728307
17.18 -2.65733e-05 0.000278953 0.000334007 2.82057e-05 0.00836878 0.00697674
17.2 -2.43884e-05 0.000255033 0.000297449 2.05365e-05 0.00745445 0.00637848
17.22 -2.14226e-05 0.000221738 0.000255003 1.32114e-05 0.00639285 0.00554575
17.24 -1.77853e-05 0.000182032 0.000210886 7.45172e-06 0.00528946 0.00455269
17.26 -1.36239e-05 0.000138253 0.000165192 5.35259e-06 0.00414664 0.00345777
17.28 -9.09083e-06 9.12544e-05 0.00011481 7.96205e-06 0.00288657 0.00228231
17.3 -4.30911e-06 4.02663e-05 5.79157e-05 1.39823e-05 0.00146362 0.00100708
17.32 6.29797e-07 -1.4973e-05 -2.47289e-06 2.0548e-05 -4.6726e-05 -0.00037448
17.34 5.61291e-06 -7.12648e-05 -6.03668e-05 2.51366e-05 -0.00149468 -0.00178236
17.36 1.04518e-05 -0.000122759 -0.00011158 2.69029e-05 -0.00277555 -0.00307025
17.38 1.48946e-05 -0.000165236 -0.000156023 2.67198e-05 -0.00388707 -0.00413262
17.4 1.87046e-05 -0.000198969 -0.000196042 2.60578e-05 -0.00488796 -0.00497629
17.42 2.17303e-05 -0.000227427 -0.000232249 2.5527e-05 -0.00579352 -0.00568803
17.44 2.39037e-05 -0.000252666 -0.000260267 2.45129e-05 -0.00649426 -0.00631929
17.46 2.51843e-05 -0.000271838 -0.000273302 2.23944e-05 -0.00682027 -0.00679878
17.48 2.55192e-05 -0.000279407 -0.000269281 1.98912e-05 -0.0067197 -0.00698808
17.5 2.48714e-05 -0.000272641 -0.000253396 1.87874e-05 -0.00632243 -0.00681886
17.52 2.32829e-05 -0.000254097 -0.000231983 2.01313e-05 -0.00578687 -0.00635506
17.54 2.08849e-05 -0.00022924 -0.000205608 2.2875e-05 -0.00512721 -0.00573338
17.56 1.78291e-05 -0.000201375 -0.000169816 2.46405e-05 -0.00423204 -0.00503647
17.58 1.41999e-05 -0.000168192 -0.000121788 2.39017e-05 -0.00303084 -0.00420656
17.6 9.99955e-06 -0.000124572 -6.48826e-05 2.1217e-05 -0.00160762 -0.00311561
17.62 5.23987e-06 -6.9239e-05 -6.51246e-06 1.83541e-05 -0.000147757 -0.0017317
17.64 3.84589e-08 -7.01413e-06 4.76882e-05 1.64078e-05 0.00120782 -0.000175427
17.66 -5.38109e-06 5.5282e-05 9.73617e-05 1.47971e-05 0.00245018 0.00138263
17.68 -1.0766e-05 0.000113625 0.000145595 1.20999e-05 0.0036565 0.00284182
17.7 -1.58964e-05 0.000167789 0.000194 7.8494e-06 0.00486714 0.00419647
17.72 -2.05923e-05 0.000218635 0.000240143 3.22051e-06 0.0060212 0.00546814
17.74 -2.4692e-05 0.000264925 0.000279824 -2.69578e-07 0.00701363 0.00662589
17.76 -2.80401e-05 0.000303196 0.000310299 -2.51495e-06 0.00777583 0.00758305
17.78 -3.04884e-05 0.000330233 0.000330467 -5.00819e-06 0.00828024 0.00825926
17.8 -3.19015e-05 0.000344446 0.000340149 -9.294e-06 0.00852239 0.00861473
17.82 -3.21611e-05 0.000345108 0.000340424 -1.52611e-05 0.00852928 0.0086313
17.84 -3.11722e-05 0.000331634 0.000332444 -2.08316e-05 0.00832969 0.00829432
17.86 -2.88913e-05 0.000304089 0.000315064 -2.32383e-05 0.007895 0.0076054
17.88 -2.53858e-05 0.000263979 0.000285442 -2.073e-05 0.00715413 0.00660223
17.9 -2.08029e-05 0.00021391 0.000242714 -1.33106e-05 0.00608551 0.00534998
17.92 -1.53222e-05 0.000156117 0.000190311 -2.09364e-06 0.00477489 0.00390456
17.94 -9.15836e-06 9.14771e-05 0.000134115 1.18918e-05 0.00336939 0.00228788
17.96 -2.57156e-06 2.02849e-05 7.86142e-05 2.82126e-05 0.0019813 0.000507333
17.98 4.12698e-06 -5.5828e-05 2.51571e-05 4.64048e-05 0.000644311 -0.00139628
18 1.06227e-05 -0.000132445 -2.68205e-05 6.49264e-05 -0.000655671 -0.00331251
18.02 1.66485e-05 -0.000203121 -7.73981e-05 8.09223e-05 -0.00192064 -0.00508014
18.04 2.20127e-05 -0.000263004 -0.000124534 9.14073e-05 -0.00309952 -0.00657784
18.06 2.66001e-05 -0.000311979 -0.000165201 9.50635e-05 -0.00411663 -0.00780273
18.08 3.03445e-05 -0.000352845 -0.000198503 9.29141e-05 -0.00494952 -0.0088248
18.1 3.31783e-05 -0.000386328 -0.000225846 8.71046e-05 -0.00563338 -0.00966223
18.12 3.50039e-05 -0.000409115 -0.000247147 7.92164e-05 -0.00616612 -0.0102321
18.14 3.57175e-05 -0.000416641 -0.000259398 6.99667e-05 -0.00647254 -0.0104204
18.16 3.52465e-05 -0.000406812 -0.000260205 6.00648e-05 -0.00649271 -0.0101745
18.18 3.35474e-05 -0.000381358 -0.00025035 5.05875e-05 -0.00624625 -0.00953791
18.2 3.06466e-05 -0.000344399 -0.000231805 4.23837e-05 -0.00578241 -0.00861356
18.22 2.6638e-05 -0.00029926 -0.000204788 3.54198e-05 -0.00510672 -0.00748461
18.24 2.1656e-05 -0.00024614 -0.000167766 2.87317e-05 -0.00418077 -0.00615607
18.26 1.58701e-05 -0.000183249 -0.000119924 2.09604e-05 -0.00298424 -0.00458314
18.28 9.47508e-06 -0.000110415 -6.33617e-05 1.11599e-05 -0.00156958 -0.00276153
18.3 2.72047e-06 -3.12775e-05 -2.66352e-06 -7.44476e-07 -5.14937e-05 -0.000782263
18.32 -4.10231e-06 4.80379e-05 5.82771e-05 -1.42659e-05 0.00147266 0.00120145
18.34 -1.07098e-05 0.00012219 0.000118847 -2.88414e-05 0.00298752 0.00305601
18.36 -1.68764e-05 0.000189016 0.000180117 -4.36469e-05 0.00451993 0.00472736
18.38 -2.24462e-05 0.000249057 0.000240782 -5.71075e-05 0.00603717 0.00622902
18.4 -2.73133e-05 0.000302703 0.000296033 -6.71526e-05 0.00741903 0.00757072
18.42 -3.13863e-05 0.000348182 0.000341043 -7.22256e-05 0.00854475 0.00870818
18.44 -3.4562e-05 0.000382496 0.000374364 -7.20083e-05 0.00937812 0.00956639
18.46 -3.67294e-05 0.000403464 0.00039704 -6.71971e-05 0.00994526 0.0100908
18.48 -3.77961e-05 0.000410542 0.000409242 -5.8686e-05 0.0102504 0.0102678
18.5 -3.77045e-05 0.000404289 0.000408974 -4.69846e-05 0.0102437 0.0101114
18.52 -3.64022e-05 0.00038546 0.000394264 -3.23264e-05 0.00987583 0.00964053
18.54 -3.3816e-05 0.000354527 0.000365868 -1.51564e-05 0.00916563 0.00886686
18.56 -2.99764e-05 0.000311764 0.000327146 3.63644e-06 0.00819717 0.00779734
18.58 -2.50193e-05 0.00025801 0.000281371 2.30152e-05 0.00705232 0.00645295
18.6 -1.91632e-05 0.000195514 0.000229742 4.22329e-05 0.00576107 0.0048899
18.62 -1.27183e-05 0.000127221 0.000172334 6.07968e-05 0.00432526 0.00318186
18.64 -6.01022e-06 5.52484e-05 0.000110432 7.80341e-05 0.00277708 0.00138179
18.66 6.50547e-07 -1.88165e-05 4.73036e-05 9.28908e-05 0.0011982 -0.000470609
18.68 7.00822e-06 -9.22076e-05 -1.32973e-05 0.00010416 -0.000317449 -0.00230615
18.7 1.28583e-05 -0.000160703 -6.92146e-05 0.00011083 -0.00171596 -0.00401925
18.72 1.80386e-05 -0.000220342 -0.000120412 0.000112321 -0.00299642 -0.00551085
18.74 2.24273e-05 -0.000269069 -0.000167147 0.000108571 -0.0041653 -0.00672952
18.76 2.5946e-05 -0.000306673 -0.000207798 9.99711e-05 -0.00518199 -0.00767001
18.78 2.85416e-05 -0.000333317 -0.000239112 8.72716e-05 -0.00596516 -0.0083364
18.8 3.01556e-05 -0.00034827 -0.000258605 7.1572e-05 -0.00645271 -0.00871039
18.82 3.07153e-05 -0.000350049 -0.000266378 5.43072e-05 -0.00664711 -0.00875488
18.84 3.01596e-05 -0.000337704 -0.000264591 3.69666e-05 -0.0066024 -0.00844612
18.86 2.84628e-05 -0.000311924 -0.000255224 2.05862e-05 -0.00636814 -0.00780136
18.88 2.56708e-05 -0.000275006 -0.000238353 5.477e-06 -0.00594619 -0.00687802
18.9 2.19222e-05 -0.000229973 -0.000212604 -8.48356e-06 -0.00530219 -0.00575171
18.92 1.74043e-05 -0.000179582 -0.000177161 -2.13326e-05 -0.00441576 -0.00449143
18.94 1.23195e-05 -0.000125516 -0.000133182 -3.28627e-05 -0.00331582 -0.0031392
18.96 6.87015e-06 -6.81186e-05 -8.33575e-05 -4.28639e-05 -0.00206968 -0.00170367
18.98 1.26076e-06 -7.63121e-06 -3.027e-05 -5.12924e-05 -0.000741944 -0.00019086
19 -4.28397e-06 5.37998e-05 2.4599e-05 -5.80633e-05 0.000630353 0.00134556
19.02 -9.53231e-06 0.000111907 8.00469e-05 -6.2705e-05 0.00201713 0.00279885
19.04 -1.42829e-05 0.000162522 0.000134032 -6.43017e-05 0.00336733 0.00406473
19.06 -1.83997e-05 0.000204057 0.000183969 -6.18018e-05 0.00461628 0.00510355
19.08 -2.18168e-05 0.000237876 0.000227766 -5.44661e-05 0.00571165 0.00594937
19.1 -2.45129e-05 0.000265954 0.000264436 -4.22351e-05 0.00662878 0.00665161
19.12 -2.64753e-05 0.000287929 0.000293827 -2.58542e-05 0.00736385 0.00720123
19.14 -2.76772e-05 0.000300616 0.000315737 -6.71988e-06 0.00791182 0.00751852
19.16 -2.80845e-05 0.000300911 0.000329418 1.33821e-05 0.00825401 0.00752592
19.18 -2.76779e-05 0.000289187 0.000334141 3.24992e-05 0.00837212 0.00723269
19.2 -2.64508e-05 0.000268869 0.000329973 4.88371e-05 0.00826789 0.00672453
19.22 -2.43924e-05 0.000242643 0.000317561 6.12722e-05 0.00795746 0.00606861
19.24 -2.15024e-05 0.000210155 0.000297414 6.96167e-05 0.00745357 0.00525607
19.26 -1.78151e-05 0.000169516 0.000269958 7.42635e-05 0.00676687 0.00423966
19.28 -1.34352e-05 0.00012031 0.000236227 7.56875e-05 0.00592326 0.00300901
19.3 -8.55516e-06 6.51283e-05 0.000198105 7.44432e-05 0.0049698 0.00162889
19.32 -3.42946e-06 8.53107e-06 0.00015771 7.14213e-05 0.00395952 0.000213365
19.34 1.66472e-06 -4.5684e-05 0.000116799 6.77353e-05 0.00293632 -0.00114258
19.36 6.47819e-06 -9.62673e-05 7.66612e-05 6.42236e-05 0.00193245 -0.00240768
19.38 1.08195e-05 -0.00014325 3.81183e-05 6.0997e-05 0.000968477 -0.00358274
19.4 1.45539e-05 -0.000185331 1.39148e-06 5.73148e-05 4.99235e-05 -0.00463519
19.42 1.75905e-05 -0.000219428 -3.38886e-05 5.19675e-05 -0.000832445 -0.00548798
19.44 1.98841e-05 -0.000242966 -6.79713e-05 4.41102e-05 -0.00168487 -0.00607668
19.46 2.14358e-05 -0.000255829 -9.97459e-05 3.39033e-05 -0.00247956 -0.00639839
19.48 2.22623e-05 -0.000259431 -0.000126886 2.22939e-05 -0.00315835 -0.00648848
19.5 2.23503e-05 -0.0002545 -0.000147904 1.02575e-05 -0.00368401 -0.00636514
19.52 2.16457e-05 -0.000240641 -0.000163142 -1.53705e-06 -0.00406512 -0.00601852
19.54 2.01016e-05 -0.000217578 -0.000173299 -1.24252e-05 -0.00431915 -0.00544172
19.56 1.77342e-05 -0.000186106 -0.000177974 -2.15148e-05 -0.00443608 -0.00465459
19.58 1.46261e-05 -0.000148046 -0.000175925 -2.78995e-05 -0.00438483 -0.00370269
19.6 1.09073e-05 -0.000105366 -0.000166008 -3.09443e-05 -0.00413681 -0.00263524
19.62 6.74257e-06 -5.91912e-05 -0.000148049 -3.04556e-05 -0.00368764 -0.0014804
19.64 2.32695e-06 -1.02869e-05 -0.000123263 -2.68896e-05 -0.00306773 -0.000257279
19.66 -2.11514e-06 3.9167e-05 -9.33849e-05 -2.13474e-05 -0.00232047 0.000979583
19.68 -6.35006e-06 8.54979e-05 -5.93355e-05 -1.50336e-05 -0.00146888 0.00213834
19.7 -1.01745e-05 0.000125901 -2.12618e-05 -8.65923e-06 -0.000516646 0.00314884
19.72 -1.34519e-05 0.000159809 2.04055e-05 -2.40279e-06 0.000525471 0.00399689
19.74 -1.61153e-05 0.000187367 6.43276e-05 3.8104e-06 0.00162398 0.00468613
19.76 -1.81385e-05 0.00020765 0.000108389 1.01417e-05 0.00272597 0.0051934
19.78 -1.95142e-05 0.000219257 0.000150362 1.66359e-05 0.00377575 0.0054837
19.8 -2.02514e-05 0.000221906 0.000188728 2.29532e-05 0.0047353 0.00554995
19.82 -2.03688e-05 0.000216633 0.000222871 2.85197e-05 0.00558921 0.00541808
19.84 -1.98749e-05 0.000204743 0.000252461 3.30597e-05 0.00632928 0.00512071
19.86 -1.87559e-05 0.000186616 0.000276825 3.67216e-05 0.00693864 0.00466735
19.88 -1.69892e-05 0.000161471 0.000294944 3.96053e-05 0.0073918 0.00403846
19.9 -1.45686e-05 0.000128669 0.000305845 4.14385e-05 0.00766442 0.00321806
19.92 -1.15299e-05 8.92071e-05 0.000308721 4.18318e-05 0.00773635 0.00223111
19.94 -7.96535e-06 4.5574e-05 0.00030286 4.07377e-05 0.00758977 0.00113982
19.96 -4.02049e-06 2.76574e-07 0.000288061 3.86742e-05 0.00721966 6.91695e-06
19.98 1.23483e-07 -4.50731e-05 0.000265042 3.65892e-05 0.00664393 -0.0011273
20 4.27153e-06 -8.93762e-05 0.00023475 3.54034e-05 0.00588631 -0.00223534
20.02 8.23199e-06 -0.000131337 0.000197573 3.55e-05 0.00495651 -0.0032848
20.04 1.18369e-05 -0.000169336 0.000153923 3.6617e-05 0.00386479 -0.00423517
20.06 1.49652e-05 -0.000201784 0.000105318 3.82255e-05 0.00264917 -0.00504669
20.08 1.75509e-05 -0.000227586 5.45044e-05 3.99464e-05 0.0013783 -0.00569202
20.1 1.95635e-05 -0.000246395 4.647e-06 4.1623e-05 0.000131345 -0.00616244
20.12 2.09749e-05 -0.00025813 -4.18707e-05 4.31221e-05 -0.00103208 -0.00645593
20.14 2.17367e-05 -0.000262172 -8.43705e-05 4.41066e-05 -0.00209502 -0.00655702
20.16 2.17844e-05 -0.000257373 -0.000123163 4.3991e-05 -0.00306524 -0.006437
20.18 2.10577e-05 -0.000242889 -0.00015741 4.22178e-05 -0.00392176 -0.00607475
20.2 1.9523e-05 -0.000218732 -0.000184628 3.86942e-05 -0.00460251 -0.00547057
20.22 1.71845e-05 -0.000185558 -0.000202989 3.39318e-05 -0.00506173 -0.00464089
20.24 1.40842e-05 -0.000144393 -0.000212791 2.86762e-05 -0.00530686 -0.00361132
20.26 1.03175e-05 -9.67385e-05 -0.000214914 2.33642e-05 -0.00535996 -0.00241947
20.28 6.05158e-06 -4.48255e-05 -0.000209015 1.79035e-05 -0.00521242 -0.00112111
20.3 1.51039e-06 8.45797e-06 -0.000193926 1.19204e-05 -0.00483505 0.000211537
20.32 -3.07238e-06 6.03986e-05 -0.000169284 5.21416e-06 -0.00421873 0.00151059
20.34 -7.49904e-06 0.000109441 -0.000136134 -2.02398e-06 -0.00338965 0.00273715
20.36 -1.16138e-05 0.000154809 -9.5905e-05 -9.40443e-06 -0.0023835 0.00387183
20.38 -1.52822e-05 0.000194941 -4.93489e-05 -1.6622e-05 -0.00121911 0.00487555
20.4 -1.83858e-05 0.000227313 2.95839e-06 -2.34505e-05 8.91126e-05 0.00568518
20.42 -2.08438e-05 0.000250376 5.91818e-05 -2.95631e-05 0.00149528 0.00626202
20.44 -2.26234e-05 0.000264542 0.000115981 -3.44667e-05 0.00291586 0.00661632
20.46 -2.37147e-05 0.000270791 0.000170298 -3.75352e-05 0.00427434 0.0067726
20.48 -2.40984e-05 0.000269259 0.000220983 -3.81108e-05 0.00554199 0.00673428
20.5 -2.37461e-05 0.000259248 0.000267866 -3.57836e-05 0.00671457 0.0064839
20.52 -2.26507e-05 0.000239997 0.000309573 -3.06521e-05 0.00775767 0.00600243
20.54 -2.08463e-05 0.000211677 0.000343077 -2.32562e-05 0.00859562 0.00529413
20.56 -1.83926e-05 0.000175845 0.000365407 -1.43164e-05 0.0091541 0.00439797
20.58 -1.53602e-05 0.000134642 0.00037567 -4.53872e-06 0.00941078 0.00336746
20.6 -1.18332e-05 8.97275e-05 0.000375347 5.58898e-06 0.0094027 0.00224412
20.62 -7.92081e-06 4.22928e-05 0.000366154 1.59799e-05 0.0091728 0.00105776
20.64 -3.76267e-06 -6.48191e-06 0.000347983 2.68012e-05 0.00871832 -0.000162116
20.66 4.85792e-07 -5.53664e-05 0.000319753 3.80572e-05 0.00801227 -0.00138474
20.68 4.68072e-06 -0.000103102 0.000281715 4.94083e-05 0.00706093 -0.00257862
20.7 8.70099e-06 -0.000148237 0.000236101 6.04183e-05 0.0059201 -0.00370746
20.72 1.24328e-05 -0.00018893 0.000186 7.08552e-05 0.00466705 -0.00472521
20.74 1.57537e-05 -0.000223255 0.000133894 8.0648e-05 0.00336386 -0.0055837
20.76 1.85394e-05 -0.000250136 8.08501e-05 8.95472e-05 0.00203722 -0.006256
20.78 2.06838e-05 -0.000269419 2.73349e-05 9.68332e-05 0.000698778 -0.00673829
20.8 2.21063e-05 -0.000280499 -2.52041e-05 0.000101327 -0.000615242 -0.0070154
20.82 2.27483e-05 -0.000281837 -7.43098e-05 0.000101793 -0.0018434 -0.00704887
20.84 2.25775e-05 -0.000272505 -0.000117805 9.7596e-05 -0.00293123 -0.00681547
20.86 2.15972e-05 -0.000253274 -0.000154439 8.90859e-05 -0.00384746 -0.0063345
20.88 1.98489e-05 -0.000225849 -0.000183694 7.71792e-05 -0.00457915 -0.00564859
20.9 1.74006e-05 -0.000191576 -0.000205363 6.26267e-05 -0.0051211 -0.0047914
20.92 1.43337e-05 -0.000150947 -0.000219205 4.58767e-05 -0.00546729 -0.00377525
20.94 1.07505e-05 -0.000104371 -0.000225077 2.75571e-05 -0.00561415 -0.00261037
20.96 6.78215e-06 -5.34218e-05 -0.000223115 8.78413e-06 -0.00556508 -0.0013361
20.98 2.58402e-06 -9.1569e-07 -0.000213311 -9.10409e-06 -0.00531987 -2.29021e-05
21 -1.67708e-06 5.03399e-05 -0.000195348 -2.50631e-05 -0.0048706 0.00125902
21.02 -5.83714e-06 9.85918e-05 -0.000169448 -3.86279e-05 -0.00422285 0.00246582
21.04 -9.74042e-06 0.000142892 -0.00013697 -4.97925e-05 -0.00341056 0.00357378
21.06 -1.32341e-05 0.000181992 -9.9879e-05 -5.86278e-05 -0.00248289 0.00455168
21.08 -1.6165e-05 0.000213713 -5.98893e-05 -6.49542e-05 -0.00148273 0.00534506
21.1 -1.83952e-05 0.000235724 -1.79528e-05 -6.8317e-05 -0.000433885 0.00589556
21.12 -1.98321e-05 0.000246947 2.55016e-05 -6.82346e-05 0.000652927 0.00617625
21.14 -2.04486e-05 0.000247877 6.94464e-05 -6.44448e-05 0.001752 0.00619951
21.16 -2.02731e-05 0.000239604 0.000111538 -5.69569e-05 0.00280473 0.00599258
21.18 -1.93562e-05 0.000222823 0.00014917 -4.6007e-05 0.00374592 0.0055729
21.2 -1.77472e-05 0.000197568 0.000181178 -3.20528e-05 0.00454646 0.00494127
21.22 -1.54904e-05 0.000163774 0.000207936 -1.57295e-05 0.00521568 0.00409606
21.24 -1.26364e-05 0.000122188 0.000229981 2.27881e-06 0.00576704 0.00305596
21.26 -9.2612e-06 7.46496e-05 0.000247108 2.12853e-05 0.00619539 0.00186702
21.28 -5.47317e-06 2.35872e-05 0.000258669 4.04858e-05 0.00648453 0.000589926
21.3 -1.40926e-06 -2.8694e-05 0.00026424 5.88813e-05 0.00662387 -0.00071765
21.32 2.77476e-06 -8.04752e-05 0.000263737 7.54324e-05 0.00661129 -0.00201272
21.34 6.9148e-06 -0.000130676 0.000257289 8.93612e-05 0.00645002 -0.00326827
21.36 1.08466e-05 -0.00017826 0.000245419 0.000100322 0.00615314 -0.00445836
21.38 1.44111e-05 -0.000221354 0.00022916 0.000108278 0.00574651 -0.00553615
21.4 1.74621e-05 -0.000257315 0.000209765 0.000113248 0.00526144 -0.00643555
21.42 1.98771e-05 -0.000283912 0.000188248 0.000115175 0.00472329 -0.00710076
21.44 2.15697e-05 -0.000300268 0.000164915 0.00011397 0.0041397 -0.00750983
21.46 2.24952e-05 -0.000306726 0.000139411 0.000109519 0.00350185 -0.00767134
21.48 2.26473e-05 -0.000304181 0.000111866 0.000101697 0.00281293 -0.00760769
21.5 2.20435e-05 -0.00029327 8.37e-05 9.05396e-05 0.00210849 -0.00733481
21.52 2.07037e-05 -0.000273437 5.65434e-05 7.64554e-05 0.00142929 -0.00683879
21.54 1.86375e-05 -0.000243132 3.07647e-05 6.01606e-05 0.000784561 -0.00608084
21.56 1.5854e-05 -0.000201727 5.75115e-06 4.24297e-05 0.000158961 -0.00504527
21.58 1.24008e-05 -0.000150993 -1.8671e-05 2.39736e-05 -0.000451848 -0.00377639
21.6 8.39272e-06 -9.46438e-05 -4.13941e-05 5.45885e-06 -0.00102016 -0.00236708
21.62 4.00019e-06 -3.6634e-05 -6.0402e-05 -1.24207e-05 -0.00149556 -0.000916231
21.64 -5.87828e-07 2.0762e-05 -7.41022e-05 -2.8838e-05 -0.0018382 0.000519266
21.66 -5.19454e-06 7.75524e-05 -8.24325e-05 -4.28807e-05 -0.00204655 0.00193962
21.68 -9.65738e-06 0.000134026 -8.6327e-05 -5.38768e-05 -0.00214395 0.00335205
21.7 -1.38127e-05 0.000188107 -8.62754e-05 -6.16621e-05 -0.00214266 0.00470464
21.72 -1.74939e-05 0.000235487 -8.21686e-05 -6.6479e-05 -0.00203995 0.00588962
21.74 -2.05559e-05 0.000272249 -7.43996e-05 -6.86813e-05 -0.00184564 0.00680905
21.76 -2.2904e-05 0.000297191 -6.39803e-05 -6.84984e-05 -0.00158505 0.00743286
21.78 -2.44968e-05 0.000311929 -5.13446e-05 -6.59081e-05 -0.00126903 0.00780147
21.8 -2.53251e-05 0.000318608 -3.62413e-05 -6.0675e-05 -0.000891287 0.00796851
21.82 -2.53934e-05 0.000317546 -1.92434e-05 -5.25755e-05 -0.000466163 0.00794195
21.84 -2.47112e-05 0.000307382 -2.24899e-06 -4.16917e-05 -4.11262e-05 0.00768775
21.86 -2.32984e-05 0.000286915 1.29145e-05 -2.85733e-05 0.000338119 0.00717587
21.88 -2.11849e-05 0.000256227 2.57107e-05 -1.40736e-05 0.000658156 0.00640834
21.9 -1.84061e-05 0.000216664 3.68727e-05 1.08721e-06 0.000937324 0.00541886
21.92 -1.50239e-05 0.000170499 4.75801e-05 1.65826e-05 0.00120512 0.00426425
21.94 -1.11492e-05 0.000120253 5.8073e-05 3.22089e-05 0.00146755 0.00300757
21.96 -6.93535e-06 6.78988e-05 6.7036e-05 4.73792e-05 0.00169172 0.00169818
21.98 -2.54621e-06 1.4434e-05 7.31645e-05 6.09824e-05 0.001845 0.000360999
22 1.87747e-06 -4.01245e-05 7.68865e-05 7.18179e-05 0.00193809 -0.00100353
22.02 6.21871e-06 -9.56748e-05 7.95877e-05 7.9258e-05 0.00200564 -0.00239287
22.04 1.03551e-05 -0.000150197 8.1862e-05 8.35398e-05 0.00206252 -0.0037565
22.06 1.41377e-05 -0.000199532 8.33045e-05 8.54112e-05 0.0020986 -0.00499038
22.08 1.74068e-05 -0.000239638 8.3265e-05 8.55101e-05 0.00209761 -0.00599345
22.1 2.0028e-05 -0.000268926 8.13374e-05 8.4038e-05 0.0020494 -0.00672596
22.12 2.19129e-05 -0.000288294 7.76861e-05 8.08636e-05 0.00195808 -0.00721037
22.14 2.30139e-05 -0.000299406 7.32515e-05 7.58421e-05 0.00184717 -0.00748828
22.16 2.33087e-05 -0.000302848 6.9407e-05 6.91147e-05 0.00175102 -0.00757437
22.18 2.27855e-05 -0.000297334 6.71653e-05 6.1149e-05 0.00169495 -0.00743646
22.2 2.14419e-05 -0.000280741 6.64595e-05 5.24397e-05 0.0016773 -0.00702144
22.22 1.93005e-05 -0.000252119 6.6039e-05 4.31743e-05 0.00166678 -0.0063056
22.24 1.6416e-05 -0.000212889 6.44484e-05 3.32141e-05 0.001627 -0.00532443
22.26 1.2881e-05 -0.000166205 6.14413e-05 2.23771e-05 0.0015518 -0.00415686
22.28 8.81588e-06 -0.000114959 5.83019e-05 1.07748e-05 0.00147328 -0.00287517
22.3 4.34824e-06 -6.03479e-05 5.65579e-05 -1.01467e-06 0.00142966 -0.00150933
22.32 -3.88496e-07 -2.35168e-06 5.64294e-05 -1.20697e-05 0.00142644 -5.88168e-05
22.34 -5.24037e-06 5.83537e-05 5.68784e-05 -2.15377e-05 0.00143767 0.00145945
22.36 -1.00168e-05 0.000118846 5.71746e-05 -2.90412e-05 0.00144508 0.00297238
22.38 -1.45003e-05 0.000174599 5.77942e-05 -3.46727e-05 0.00146058 0.00436679
22.4 -1.84881e-05 0.000222091 5.952e-05 -3.85947e-05 0.00150374 0.00555458
22.42 -2.18361e-05 0.000260748 6.23085e-05 -4.07135e-05 0.00157348 0.00652143
22.44 -2.44673e-05 0.000291834 6.53978e-05 -4.07516e-05 0.00165075 0.00729889
22.46 -2.63426e-05 0.000315568 6.80599e-05 -3.85488e-05 0.00171733 0.00789248
22.48 -2.74344e-05 0.000330191 7.01207e-05 -3.42979e-05 0.00176887 0.00825822
22.5 -2.77303e-05 0.000333877 7.20169e-05 -2.85901e-05 0.0018163 0.00835041
22.52 -2.72442e-05 0.000326676 7.41078e-05 -2.21927e-05 0.00186859 0.00817031
22.54 -2.60006e-05 0.000309945 7.58135e-05 -1.56167e-05 0.00191125 0.00775185
22.56 -2.4016e-05 0.000284353 7.59052e-05 -8.85642e-06 0.00191354 0.00711178
22.58 -2.12937e-05 0.000249486 7.36564e-05 -1.65011e-06 0.0018573 0.00623974
22.6 -1.7856e-05 0.000205391 6.93033e-05 6.01146e-06 0.00174843 0.0051369
22.62 -1.37917e-05 0.000153902 6.35743e-05 1.37674e-05 0.00160514 0.00384916
22.64 -9.26951e-06 9.83809e-05 5.70519e-05 2.12636e-05 0.00144201 0.00246055
22.66 -4.51702e-06 4.21952e-05 4.94116e-05 2.84466e-05 0.00125093 0.00105532
22.68 2.30881e-07 -1.28093e-05 3.90884e-05 3.54178e-05 0.000992738 -0.000320365
22.7 4.78084e-06 -6.63127e-05 2.47518e-05 4.21382e-05 0.000634174 -0.00165851
22.72 9.00051e-06 -0.000117717 7.54174e-06 4.83355e-05 0.000203744 -0.00294416
22.74 1.28025e-05 -0.000164913 -9.21341e-06 5.36334e-05 -0.000215309 -0.00412455
22.76 1.61154e-05 -0.000205343 -2.29025e-05 5.78316e-05 -0.000557679 -0.00513572
22.78 1.88644e-05 -0.000237559 -3.33734e-05 6.11042e-05 -0.000819561 -0.00594146
22.8 2.09668e-05 -0.00026122 -4.18577e-05 6.37162e-05 -0.00103176 -0.00653322
22.82 2.23357e-05 -0.00027605 -4.90738e-05 6.54266e-05 -0.00121224 -0.00690412
22.84 2.28894e-05 -0.000281253 -5.42534e-05 6.54144e-05 -0.00134178 -0.00703426
22.86 2.25666e-05 -0.000275857 -5.56464e-05 6.2991e-05 -0.00137662 -0.00689931
22.88 2.13355e-05 -0.000259477 -5.20655e-05 5.82294e-05 -0.00128706 -0.00648962
22.9 1.92085e-05 -0.000232762 -4.36653e-05 5.176e-05 -0.00107696 -0.00582148
22.92 1.62607e-05 -0.000197135 -3.11803e-05 4.4114e-05 -0.000764711 -0.00493043
22.94 1.2622e-05 -0.000154288 -1.51575e-05 3.54152e-05 -0.000363973 -0.0038588
22.96 8.47012e-06 -0.000106082 3.84182e-06 2.5619e-05 0.000111207 -0.00265316
22.98 4.01488e-06 -5.46467e-05 2.49589e-05 1.49445e-05 0.000639354 -0.00136674
23 -5.30849e-07 -2.26688e-06 4.74093e-05 4.08938e-06 0.00120085 -5.66959e-05
23.02 -4.9774e-06 4.90088e-05 7.10443e-05 -5.94642e-06 0.00179197 0.00122573
23.04 -9.18009e-06 9.78169e-05 9.60764e-05 -1.42935e-05 0.00241803 0.00244644
23.06 -1.30387e-05 0.000143361 0.000121904 -2.05557e-05 0.00306399 0.00358551
23.08 -1.64739e-05 0.000184511 0.000146741 -2.47961e-05 0.00368517 0.00461468
23.1 -1.93962e-05 0.000219156 0.00016892 -2.72487e-05 0.00423988 0.00548118
23.12 -2.16985e-05 0.000244978 0.000188109 -2.80758e-05 0.00471981 0.00612699
23.14 -2.32774e-05 0.000260878 0.000204919 -2.73414e-05 0.00514024 0.00652466
23.16 -2.4062e-05 0.000267204 0.00021971 -2.50795e-05 0.00551016 0.00668289
23.18 -2.40238e-05 0.000264684 0.000231973 -2.13569e-05 0.00581687 0.00661985
23.2 -2.31636e-05 0.000253385 0.000240449 -1.6387e-05 0.00602885 0.00633725
23.22 -2.15123e-05 0.000232712 0.000243509 -1.06176e-05 0.00610537 0.00582022
23.24 -1.91371e-05 0.000202522 0.000239789 -4.56266e-06 0.00601235 0.00506515
23.26 -1.61355e-05 0.000164339 0.000228839 1.54963e-06 0.00573847 0.00411018
23.28 -1.26275e-05 0.000121163 0.000211177 7.91826e-06 0.00529674 0.00303035
23.3 -8.74193e-06 7.57056e-05 0.000187951 1.49486e-05 0.00471585 0.00189343
23.32 -4.60881e-06 2.91049e-05 0.000160615 2.29251e-05 0.00403217 0.000727926
23.34 -3.61623e-07 -1.84381e-05 0.000130307 3.17872e-05 0.00327416 -0.000461144
23.36 3.85849e-06 -6.62858e-05 9.71479e-05 4.10584e-05 0.00244483 -0.00165784
23.38 7.90738e-06 -0.000112753 6.08189e-05 5.00142e-05 0.00153623 -0.00282
23.4 1.16507e-05 -0.000155464 2.2027e-05 5.80328e-05 0.000566027 -0.00388821
23.42 1.49711e-05 -0.000192152 -1.73475e-05 6.48024e-05 -0.000418746 -0.00480581
23.44 1.77621e-05 -0.000221353 -5.53489e-05 7.01977e-05 -0.00136918 -0.00553614
23.46 1.99199e-05 -0.000242409 -9.04298e-05 7.402e-05 -0.00224657 -0.00606275
23.48 2.13455e-05 -0.000254762 -0.00012128 7.58621e-05 -0.00301813 -0.00637171
23.5 2.19603e-05 -0.000257604 -0.000147037 7.51767e-05 -0.00366234 -0.00644277
23.52 2.1725e-05 -0.000250558 -0.00016741 7.15531e-05 -0.00417187 -0.00626656
23.54 2.06531e-05 -0.00023435 -0.000182034 6.50507e-05 -0.00453762 -0.00586119
23.56 1.8815e-05 -0.000210299 -0.000190132 5.62462e-05 -0.00474015 -0.00525965
23.58 1.63132e-05 -0.000179409 -0.000191069 4.58821e-05 -0.0047636 -0.0044871
23.6 1.32555e-05 -0.000142399 -0.000184791 3.45359e-05 -0.00460658 -0.00356146
23.62 9.74837e-06 -0.000100191 -0.00017174 2.26603e-05 -0.00428016 -0.00250582
23.64 5.89983e-06 -5.40347e-05 -0.000152774 1.07441e-05 -0.00380581 -0.00135143
23.66 1.8274e-06 -5.60961e-06 -0.000128892 -7.18119e-07 -0.00320853 -0.000140299
23.68 -2.33721e-06 4.29767e-05 -0.000100496 -1.12882e-05 -0.00249832 0.00107486
23.7 -6.44628e-06 8.97482e-05 -6.72325e-05 -2.05382e-05 -0.00166639 0.00224464
23.72 -1.0342e-05 0.000133251 -2.90168e-05 -2.8086e-05 -0.0007106 0.00333266
23.74 -1.38668e-05 0.000171974 1.31739e-05 -3.37229e-05 0.000344606 0.00430114
23.76 -1.68749e-05 0.000203926 5.75007e-05 -3.74038e-05 0.00145324 0.00510027
23.78 -1.92457e-05 0.000227429 0.000101585 -3.91547e-05 0.00255581 0.00568809
23.8 -2.08959e-05 0.000241788 0.000142719 -3.90806e-05 0.00358458 0.00604723
23.82 -2.17825e-05 0.000246898 0.000178641 -3.73156e-05 0.00448302 0.00617502
23.84 -2.18945e-05 0.000242873 0.000208509 -3.38174e-05 0.00523002 0.00607436
23.86 -2.12484e-05 0.000230228 0.000232669 -2.83406e-05 0.00583426 0.00575811
23.88 -1.9895e-05 0.000209889 0.000251505 -2.07195e-05 0.00630536 0.00524941
23.9 -1.7915e-05 0.000182846 0.000265023 -1.10832e-05 0.00664347 0.00457306
23.92 -1.53975e-05 0.000149963 0.000272971 1.95398e-07 0.00684225 0.00375062
23.94 -1.24235e-05 0.000111995 0.000274405 1.25781e-05 0.0068781 0.00280105
23.96 -9.06596e-06 6.96551e-05 0.000267834 2.53915e-05 0.00671376 0.0017421
23.98 -5.40306e-06 2.39927e-05 0.000252732 3.79818e-05 0.00633604 0.000600068
24 -1.53564e-06 -2.29866e-05 0.000230251 4.98919e-05 0.00577379 -0.000574906
24.02 2.39847e-06 -6.84196e-05 0.000202077 6.07995e-05 0.00506914 -0.0017112
24.04 6.22684e-06 -0.000109798 0.000169356 7.03318e-05 0.00425078 -0.00274611
24.06 9.76966e-06 -0.000146109 0.000132722 7.80305e-05 0.00333455 -0.00365424
24.08 1.28769e-05 -0.000177503 9.26368e-05 8.34206e-05 0.00233201 -0.00443943
24.1 1.54506e-05 -0.00020415 5.00353e-05 8.60567e-05 0.00126653 -0.00510588
24.12 1.74431e-05 -0.000225404 7.27381e-06 8.56929e-05 0.000197043 -0.00563744
24.14 1.88376e-05 -0.000239565 -3.22423e-05 8.2547e-05 -0.000791271 -0.00599162
24.16 1.9624e-05 -0.000244633 -6.61697e-05 7.72395e-05 -0.00163981 -0.00611836
24.18 1.97892e-05 -0.000239998 -9.43371e-05 7.03418e-05 -0.00234429 -0.00600246
24.2 1.93273e-05 -0.000227377 -0.000117449 6.20465e-05 -0.00292232 -0.0056868
24.22 1.82508e-05 -0.000209395 -0.000135654 5.22782e-05 -0.00337765 -0.00523704
24.24 1.659e-05 -0.000187198 -0.000148574 4.10303e-05 -0.00370077 -0.0046819
24.26 1.43809e-05 -0.00015975 -0.000155587 2.8674e-05 -0.00387617 -0.00399541
24.28 1.16716e-05 -0.000125462 -0.000155757 1.6075e-05 -0.00388042 -0.00313787
24.3 8.54581e-06 -8.47437e-05 -0.000148271 4.30842e-06 -0.0036932 -0.00211948
24.32 5.12907e-06 -4.09554e-05 -0.000132902 -5.92331e-06 -0.00330881 -0.00102431
24.34 1.56773e-06 1.59236e-06 -0.000109849 -1.46265e-05 -0.00273224 3.98253e-05
24.36 -2.00153e-06 4.0611e-05 -7.99862e-05 -2.22521e-05 -0.00198536 0.0010157
24.38 -5.46284e-06 7.64605e-05 -4.52021e-05 -2.90874e-05 -0.0011154 0.00191231
24.4 -8.70991e-06 0.000110111 -7.60125e-06 -3.48423e-05 -0.000174988 0.00275391
24.42 -1.16352e-05 0.000141173 3.13772e-05 -3.87738e-05 0.000799879 0.00353078
24.44 -1.4138e-05 0.000167859 7.05286e-05 -4.02385e-05 0.00177907 0.00419823
24.46 -1.61405e-05 0.000188102 0.000108197 -3.91379e-05 0.00272117 0.00470451
24.48 -1.7593e-05 0.000200506 0.000142688 -3.5802e-05 0.0035838 0.00501475
24.5 -1.84674e-05 0.000204902 0.000173072 -3.05089e-05 0.00434373 0.00512469
24.52 -1.87548e-05 0.000202434 0.000199212 -2.32368e-05 0.00499749 0.00506295
24.54 -1.84662e-05 0.000194582 0.000220927 -1.38658e-05 0.0055406 0.00486658
24.56 -1.7624e-05 0.000181746 0.000237177 -2.51896e-06 0.00594702 0.00454554
24.58 -1.62539e-05 0.00016319 0.000246232 1.02101e-05 0.00617349 0.00408144
24.6 -1.43864e-05 0.000138376 0.000246662 2.32232e-05 0.00618423 0.00346085
24.62 -1.20687e-05 0.000108118 0.000238218 3.52476e-05 0.00597304 0.00270408
24.64 -9.37615e-06 7.46593e-05 0.000221918 4.54624e-05 0.00556539 0.00186726
24.66 -6.41036e-06 4.06074e-05 0.000198997 5.38095e-05 0.00499213 0.00101561
24.68 -3.28851e-06 7.36439e-06 0.000169846 6.06065e-05 0.00426305 0.000184186
24.7 -1.27053e-07 -2.5332e-05 0.000134607 6.59379e-05 0.0033817 -0.000633564
24.72 2.96765e-06 -5.78901e-05 9.45455e-05 6.94791e-05 0.00237974 -0.00144786
24.74 5.89759e-06 -8.91893e-05 5.20301e-05 7.07982e-05 0.00131642 -0.00223066
24.76 8.57022e-06 -0.000117033 9.28061e-06 6.97917e-05 0.000247234 -0.00292705
24.78 1.09052e-05 -0.000139841 -3.23494e-05 6.69103e-05 -0.000793951 -0.00349748
24.8 1.28425e-05 -0.000157263 -7.2072e-05 6.28801e-05 -0.00178743 -0.00393321
24.82 1.43394e-05 -0.000169479 -0.000108981 5.8051e-05 -0.00271053 -0.00423873
24.84 1.5362e-05 -0.000176447 -0.000141762 5.21095e-05 -0.0035304 -0.00441302
24.86 1.58842e-05 -0.000177838 -0.000169136 4.45867e-05 -0.00421503 -0.00444781
24.88 1.5895e-05 -0.000173487 -0.000190139 3.55656e-05 -0.00474033 -0.00433898
24.9 1.54009e-05 -0.000163767 -0.000203728 2.57746e-05 -0.0050802 -0.00409588
24.92 1.44224e-05 -0.00014933 -0.000208803 1.60994e-05 -0.00520714 -0.00373482
24.94 1.2988e-05 -0.00013066 -0.000204961 7.12355e-06 -0.00511103 -0.00326787
24.96 1.11349e-05 -0.000108161 -0.0001928 -9.50156e-07 -0.00480688 -0.00270514
24.98 8.91589e-06 -8.25262e-05 -0.000173412 -8.10259e-06 -0.00432199 -0.00206401
25 6.40658e-06 -5.4817e-05 -0.000147713 -1.4251e-05 -0.00367924 -0.001371
25.02 3.70089e-06 -2.61908e-05 -0.000116005 -1.91127e-05 -0.00288622 -0.000655044
25.04 9.00268e-07 2.42118e-06 -7.81087e-05 -2.22733e-05 -0.00193841 6.05544e-05
25.06 -1.89655e-06 3.03296e-05 -3.43153e-05 -2.34316e-05 -0.000843119 0.000758556
25.08 -4.59713e-06 5.67809e-05 1.38e-05 -2.26099e-05 0.000360265 0.00142011
25.1 -7.11378e-06 8.07731e-05 6.39908e-05 -2.01219e-05 0.00161556 0.00202017
25.12 -9.36282e-06 0.00010121 0.000114585 -1.63399e-05 0.00288093 0.00253131
25.14 -1.12693e-05 0.000117165 0.000164657 -1.14787e-05 0.00413327 0.00293034
25.16 -1.27773e-05 0.000128131 0.000213278 -5.55839e-06 0.00534928 0.00320461
25.18 -1.38574e-05 0.000134203 0.000259043 1.42698e-06 0.00649389 0.00335646
25.2 -1.45044e-05 0.000135815 0.000300093 9.25527e-06 0.00752058 0.00339679
25.22 -1.47237e-05 0.00013322 0.000334381 1.73755e-05 0.00837812 0.00333188
25.24 -1.45189e-05 0.000126291 0.000360332 2.50927e-05 0.00902717 0.00315859
25.26 -1.38898e-05 0.000114752 0.000377398 3.18861e-05 0.00945401 0.00287
25.28 -1.28417e-05 9.86332e-05 0.000385692 3.75931e-05 0.00966144 0.00246686
25.3 -1.13994e-05 7.87756e-05 0.000385012 4.23314e-05 0.00964442 0.00197021
25.32 -9.61408e-06 5.67743e-05 0.000374417 4.62491e-05 0.00937944 0.00141995
25.34 -7.55633e-06 3.40376e-05 0.000352972 4.93439e-05 0.0088431 0.000851293
25.36 -5.30211e-06 1.10445e-05 0.00032079 5.15177e-05 0.00803821 0.000276226
25.38 -2.92774e-06 -1.21634e-05 0.00027908 5.27558e-05 0.00699504 -0.000304213
25.4 -5.20105e-07 -3.49411e-05 0.000229402 5.32021e-05 0.00575257 -0.000873892
25.42 1.81625e-06 -5.57514e-05 0.000173204 5.30708e-05 0.00434702 -0.00139437
25.44 3.9729e-06 -7.29384e-05 0.000111942 5.24748e-05 0.00281485 -0.00182422
25.46 5.86218e-06 -8.57691e-05 4.75302e-05 5.12694e-05 0.00120387 -0.00214512
25.48 7.43039e-06 -9.45977e-05 -1.72819e-05 4.90413e-05 -0.000417107 -0.00236593
25.5 8.65055e-06 -0.000100032 -7.9399e-05 4.53129e-05 -0.00197068 -0.00250184
25.52 9.50855e-06 -0.000102227 -0.000136554 3.9833e-05 -0.00340014 -0.00255674
25.54 9.99779e-06 -0.000100977 -0.00018756 3.2725e-05 -0.00467582 -0.00252547
25.56 1.01214e-05 -9.6121e-05 -0.00023146 2.43973e-05 -0.00577378 -0.00240403
25.58 9.89194e-06 -8.76896e-05 -0.000267 1.53494e-05 -0.00666266 -0.00219315
25.6 9.32577e-06 -7.58665e-05 -0.000292849 6.08355e-06 -0.00730914 -0.00189745
25.62 8.44126e-06 -6.10796e-05 -0.000307913 -2.83453e-06 -0.0076859 -0.00152763
25.64 7.26307e-06 -4.41728e-05 -0.000311565 -1.07374e-05 -0.00777725 -0.00110478
25.66 5.82749e-06 -2.6287e-05 -0.000303792 -1.69872e-05 -0.00758285 -0.000657448
25.68 4.18134e-06 -8.32357e-06 -0.000284909 -2.12036e-05 -0.00711057 -0.000208176
25.7 2.37964e-06 9.38085e-06 -0.000255115 -2.3389e-05 -0.00636541 0.000234619
25.72 4.82501e-07 2.68148e-05 -0.000214793 -2.38483e-05 -0.00535694 0.000670649
25.74 -1.44809e-06 4.37522e-05 -0.000165209 -2.29988e-05 -0.00411683 0.00109426
25.76 -3.34633e-06 5.93538e-05 -0.000108406 -2.12178e-05 -0.00269616 0.00148446
25.78 -5.14199e-06 7.24918e-05 -4.6438e-05 -1.87799e-05 -0.00114631 0.00181305
25.8 -6.76813e-06 8.25447e-05 1.88171e-05 -1.58474e-05 0.000485747 0.00206448
25.82 -8.17511e-06 8.96225e-05 8.52776e-05 -1.24481e-05 0.00214795 0.0022415
25.84 -9.33733e-06 9.40701e-05 0.000150649 -8.41904e-06 0.00378292 0.00235273
25.86 -1.02473e-05 9.61627e-05 0.000212767 -3.44234e-06 0.0053365 0.00240507
25.88 -1.0905e-05 9.61273e-05 0.000269648 2.72342e-06 0.00675913 0.00240418
25.9 -1.13097e-05 9.39086e-05 0.000319467 1.00148e-05 0.00800511 0.00234869
25.92 -1.14522e-05 8.91135e-05 0.000360811 1.80868e-05 0.00903915 0.00222877
25.94 -1.13134e-05 8.14379e-05 0.000392744 2.64711e-05 0.00983781 0.0020368
25.96 -1.0869e-05 7.08683e-05 0.000414499 3.46514e-05 0.0103819 0.00177245
25.98 -1.01008e-05 5.76199e-05 0.000425515 4.21221e-05 0.0106574 0.0014411
26 -9.00695e-06 4.22302e-05 0.000425755 4.84995e-05 0.0106634 0.00105619
26.02 -7.60883e-06 2.55403e-05 0.000415363 5.3562e-05 0.0104035 0.000638773
26.04 -5.95371e-06 8.32111e-06 0.000394039 5.72083e-05 0.0098702 0.000208114
26.06 -4.11006e-06 -9.1029e-06 0.000361323 5.94723e-05 0.00905197 -0.000227668
26.08 -2.1517e-06 -2.67549e-05 0.000317687 6.0566e-05 0.00796061 -0.000669152
26.1 -1.52351e-07 -4.42562e-05 0.000265189 6.07976e-05 0.00664762 -0.00110687
26.12 1.80433e-06 -6.0192e-05 0.000206865 6.03863e-05 0.00518889 -0.00150543
26.14 3.62368e-06 -7.28611e-05 0.000145384 5.93599e-05 0.00365123 -0.00182229
26.16 5.21966e-06 -8.17256e-05 8.23252e-05 5.75704e-05 0.00207411 -0.00204399
26.18 6.5427e-06 -8.75585e-05 1.86947e-05 5.46698e-05 0.000482684 -0.00218987
26.2 7.58728e-06 -9.14088e-05 -4.37877e-05 5.00792e-05 -0.00108003 -0.00228617
26.22 8.37454e-06 -9.37287e-05 -0.000101871 4.32623e-05 -0.00253272 -0.0023442
26.24 8.92454e-06 -9.40123e-05 -0.000151882 3.42395e-05 -0.00378351 -0.00235129
26.26 9.23646e-06 -9.11914e-05 -0.000192047 2.37466e-05 -0.00478805 -0.00228073
26.28 9.29053e-06 -8.48684e-05 -0.000222994 1.28064e-05 -0.00556205 -0.00212259
26.3 9.0711e-06 -7.60668e-05 -0.000245768 2.23992e-06 -0.00613164 -0.00190246
26.32 8.58749e-06 -6.64064e-05 -0.000260101 -7.42054e-06 -0.0064901 -0.00166085
26.34 7.87016e-06 -5.67835e-05 -0.000264505 -1.57149e-05 -0.00660025 -0.00142018
26.36 6.95037e-06 -4.70038e-05 -0.00025746 -2.20262e-05 -0.00642406 -0.00117558
26.38 5.84873e-06 -3.63107e-05 -0.000238659 -2.5601e-05 -0.00595384 -0.000908147
26.4 4.58333e-06 -2.42717e-05 -0.000209278 -2.59747e-05 -0.00521902 -0.000607045
26.42 3.18139e-06 -1.14665e-05 -0.000171085 -2.34897e-05 -0.0042638 -0.000286782
26.44 1.68174e-06 7.94193e-07 -0.00012561 -1.92701e-05 -0.00312645 1.98628e-05
26.46 1.31192e-07 1.15892e-05 -7.4244e-05 -1.45493e-05 -0.00184175 0.000289851
26.48 -1.42237e-06 2.11707e-05 -1.86351e-05 -9.98393e-06 -0.00045095 0.000529489
26.5 -2.93448e-06 3.04822e-05 3.92677e-05 -5.52026e-06 0.000997223 0.000762373
26.52 -4.36361e-06 3.9871e-05 9.73084e-05 -7.37193e-07 0.00244885 0.000997191
26.54 -5.66995e-06 4.85371e-05 0.000153198 4.72322e-06 0.00384667 0.00121393
26.56 -6.81773e-06 5.526e-05 0.00020478 1.09014e-05 0.00513676 0.00138208
26.58 -7.77842e-06 5.9368e-05 0.000250461 1.75634e-05 0.00627926 0.00148482
26.6 -8.52998e-06 6.10277e-05 0.000289398 2.44953e-05 0.00725309 0.00152633
26.62 -9.05432e-06 6.08936e-05 0.000321145 3.17092e-05 0.0080471 0.00152297
26.64 -9.33662e-06 5.9509e-05 0.00034509 3.92511e-05 0.00864597 0.00148835
26.66 -9.365e-06 5.68688e-05 0.000360352 4.67954e-05 0.00902767 0.00142231
26.68 -9.12788e-06 5.24806e-05 0.000366163 5.35223e-05 0.00917302 0.00131256
26.7 -8.61463e-06 4.58719e-05 0.00036203 5.8448e-05 0.00906965 0.00114727
26.72 -7.82365e-06 3.71689e-05 0.000347527 6.09247e-05 0.00870693 0.000929608
26.74 -6.77305e-06 2.7234e-05 0.000322482 6.09338e-05 0.00808054 0.000681133
26.76 -5.5031e-06 1.7081e-05 0.000287525 5.90104e-05 0.00720625 0.000427202
26.78 -4.06813e-06 7.138e-06 0.00024417 5.58816e-05 0.00612192 0.000178524
26.8 -2.53455e-06 -2.75676e-06 0.000194269 5.20694e-05 0.00487386 -6.8948e-05
26.82 -9.8322e-07 -1.26928e-05 0.000139492 4.77231e-05 0.00350387 -0.000317453
26.84 5.00323e-07 -2.21976e-05 8.13444e-05 4.27572e-05 0.00204958 -0.000555172
26.86 1.84816e-06 -3.03937e-05 2.15711e-05 3.70968e-05 0.000554623 -0.000760161
26.88 3.02881e-06 -3.66243e-05 -3.76273e-05 3.07787e-05 -0.000925953 -0.000915988
26.9 4.04604e-06 -4.10093e-05 -9.38764e-05 2.38938e-05 -0.00233277 -0.00102566
26.92 4.92004e-06 -4.42554e-05 -0.000145137 1.65334e-05 -0.00361481 -0.00110685
26.94 5.66383e-06 -4.67429e-05 -0.000189895 8.81007e-06 -0.00473423 -0.00116906
26.96 6.26825e-06 -4.80495e-05 -0.000226938 9.23413e-07 -0.00566069 -0.00120174
26.98 6.7029e-06 -4.75939e-05 -0.000255135 -6.72548e-06 -0.0063659 -0.00119034
27 6.9283e-06 -4.54251e-05 -0.000273508 -1.34497e-05 -0.00682542 -0.0011361
27.02 6.90693e-06 -4.20515e-05 -0.000281445 -1.84366e-05 -0.00702393 -0.00105173
27.04 6.60911e-06 -3.77238e-05 -0.000278679 -2.11417e-05 -0.00695476 -0.000943487
27.06 6.02024e-06 -3.22111e-05 -0.000265177 -2.15428e-05 -0.00661706 -0.000805614
27.08 5.15261e-06 -2.52434e-05 -0.000241364 -2.00174e-05 -0.0060215 -0.000631348
27.1 4.0521e-06 -1.70426e-05 -0.000208423 -1.7067e-05 -0.00519763 -0.000426243
27.12 2.78821e-06 -8.3757e-06 -0.000168086 -1.31811e-05 -0.00418877 -0.00020948
27.14 1.43774e-06 -7.95618e-08 -0.000122032 -8.81271e-06 -0.00303694 -1.99017e-06
27.16 7.06508e-08 7.56055e-06 -7.15671e-05 -4.31209e-06 -0.0017748 0.000189092
27.18 -1.26175e-06 1.50098e-05 -1.79168e-05 1.6585e-07 -0.000432984 0.000375402
27.2 -2.53195e-06 2.28329e-05 3.72931e-05 4.69975e-06 0.000947837 0.00057106
27.22 -3.73062e-06 3.07832e-05 9.19745e-05 9.57433e-06 0.00231544 0.000769901
27.24 -4.85215e-06 3.7805e-05 0.00014405 1.51569e-05 0.00361787 0.000945519
27.26 -5.88436e-06 4.30772e-05 0.000191931 2.16548e-05 0.00481539 0.00107738
27.28 -6.80695e-06 4.68508e-05 0.000234592 2.89141e-05 0.00588236 0.00117176
27.3 -7.59051e-06 4.99508e-05 0.000271272 3.64675e-05 0.00679976 0.00124929
27.32 -8.19263e-06 5.25149e-05 0.000301095 4.37452e-05 0.00754562 0.00131342
27.34 -8.56191e-06 5.35923e-05 0.000323067 5.01595e-05 0.00809515 0.00134037
27.36 -8.65483e-06 5.20813e-05 0.000336433 5.50259e-05 0.00842946 0.00130257
27.38 -8.45293e-06 4.78246e-05 0.000340741 5.76121e-05 0.00853719 0.00119611
27.4 -7.966e-06 4.16983e-05 0.000335664 5.74502e-05 0.00841022 0.00104289
27.42 -7.22255e-06 3.47637e-05 0.000321154 5.46384e-05 0.00804732 0.000869455
27.44 -6.26109e-06 2.73975e-05 0.000297667 4.98296e-05 0.0074599 0.000685222
27.46 -5.12642e-06 1.92625e-05 0.000266001 4.39501e-05 0.00666792 0.000481762
27.48 -3.86829e-06 1.01356e-05 0.000227112 3.78772e-05 0.00569529 0.000253494
27.5 -2.54157e-06 5.52269e-07 0.000182238 3.22224e-05 0.00457297 1.38122e-05
27.52 -1.20119e-06 -8.55956e-06 0.000132976 2.728e-05 0.00334091 -0.000214078
27.54 1.06682e-07 -1.66778e-05 8.11984e-05 2.31242e-05 0.00204593 -0.000417118
27.56 1.34932e-06 -2.38922e-05 2.89829e-05 1.96921e-05 0.000739995 -0.000597555
27.58 2.50334e-06 -3.04492e-05 -2.15797e-05 1.67362e-05 -0.000524595 -0.000761547
27.6 3.54663e-06 -3.62798e-05 -6.87251e-05 1.3788e-05 -0.00170372 -0.000907373
27.62 4.45516e-06 -4.09873e-05 -0.000111164 1.03301e-05 -0.00276514 -0.00102511
27.64 5.20543e-06 -4.42209e-05 -0.000147909 6.10048e-06 -0.00368415 -0.00110598
27.66 5.77654e-06 -4.5951e-05 -0.000178032 1.27157e-06 -0.00443753 -0.00114925
27.68 6.14855e-06 -4.63431e-05 -0.000200592 -3.61182e-06 -0.00500176 -0.00115906
27.7 6.30078e-06 -4.54867e-05 -0.000214786 -7.83964e-06 -0.00535677 -0.00113764
27.72 6.21405e-06 -4.32888e-05 -0.000220138 -1.07507e-05 -0.00549063 -0.00108267
27.74 5.87659e-06 -3.95801e-05 -0.000216524 -1.18916e-05 -0.00540024 -0.000989916
27.76 5.29084e-06 -3.43738e-05 -0.000204078 -1.10981e-05 -0.00508896 -0.000859704
27.78 4.47836e-06 -2.80215e-05 -0.000183148 -8.48524e-06 -0.00456547 -0.000700829
27.8 3.47879e-06 -2.09991e-05 -0.000154345 -4.38841e-06 -0.00384511 -0.000525197
27.82 2.34164e-06 -1.35401e-05 -0.000118612 6.87495e-07 -0.00295142 -0.000338644
27.84 1.11949e-06 -5.5957e-06 -7.72376e-05 6.13471e-06 -0.00191662 -0.000139951
27.86 -1.34271e-07 2.81927e-06 -3.17957e-05 1.13816e-05 -0.000780102 7.05108e-05
27.88 -1.36853e-06 1.13249e-05 1.59667e-05 1.60533e-05 0.000414457 0.00028324
27.9 -2.54196e-06 1.93048e-05 6.42521e-05 2.00402e-05 0.00162209 0.000482821
27.92 -3.63003e-06 2.63249e-05 0.00011134 2.34454e-05 0.00279978 0.000658397
27.94 -4.62299e-06 3.23344e-05 0.000155726 2.64837e-05 0.0039099 0.000808697
27.96 -5.51553e-06 3.74636e-05 0.000196195 2.93812e-05 0.00492204 0.000936981
27.98 -6.29671e-06 4.17095e-05 0.000231731 3.22752e-05 0.00581082 0.00104317
28 -6.94594e-06 4.48295e-05 0.000261371 3.5128e-05 0.00655213 0.0011212
28.02 -7.43417e-06 4.65214e-05 0.000284164 3.77143e-05 0.00712219 0.00116352
28.04 -7.72779e-06 4.66745e-05 0.0002993 3.96929e-05 0.00750074 0.00116735
28.06 -7.79411e-06 4.53859e-05 0.000306238 4.07219e-05 0.00767426 0.00113512
28.08 -7.6082e-06 4.27653e-05 0.000304733 4.05772e-05 0.00763663 0.00106958
28.1 -7.1603e-06 3.88227e-05 0.000294803 3.92389e-05 0.00738827 0.000970972
28.12 -6.46257e-06 3.35668e-05 0.000276721 3.69029e-05 0.00693602 0.000839519
28.14 -5.55149e-06 2.71496e-05 0.000251063 3.39108e-05 0.0062943 0.000679021
28.16 -4.48182e-06 1.9883e-05 0.000218765 3.06523e-05 0.00548652 0.000497281
28.18 -3.31644e-06 1.21302e-05 0.000181098 2.74884e-05 0.00454447 0.000303381
28.2 -2.11708e-06 4.20031e-06 0.000139554 2.46856e-05 0.00350542 0.000105051
28.22 -9.36936e-07 -3.66188e-06 9.57124e-05 2.23479e-05 0.00240893 -9.15855e-05
28.24 1.84667e-07 -1.12258e-05 5.11673e-05 2.03749e-05 0.00129484 -0.000280762
28.26 1.22458e-06 -1.82497e-05 7.46897e-06 1.84929e-05 0.000201924 -0.000456433
28.28 2.17229e-06 -2.45082e-05 -3.39585e-05 1.6365e-05 -0.000834195 -0.00061296
28.3 3.02176e-06 -2.98328e-05 -7.18923e-05 1.37367e-05 -0.00178293 -0.000746132
28.32 3.76315e-06 -3.4114e-05 -0.000105299 1.05549e-05 -0.00261844 -0.000853206
28.34 4.37807e-06 -3.72534e-05 -0.000133245 7.00902e-06 -0.0033174 -0.000931723
28.36 4.83928e-06 -3.91134e-05 -0.00015488 3.48454e-06 -0.0038585 -0.000978244
28.38 5.1147e-06 -3.95294e-05 -0.000169512 4.59966e-07 -0.00422445 -0.000988647
28.4 5.17505e-06 -3.841e-05 -0.000176571 -1.60423e-06 -0.00440099 -0.00096065
28.42 5.00215e-06 -3.58309e-05 -0.000175502 -2.36185e-06 -0.00437425 -0.000896146
28.44 4.59399e-06 -3.19816e-05 -0.000165976 -1.66405e-06 -0.00413601 -0.000799875
28.46 3.9656e-06 -2.70475e-05 -0.000148217 3.79621e-07 -0.00369184 -0.00067647
28.48 3.1483e-06 -2.12028e-05 -0.000122944 3.40162e-06 -0.00305975 -0.00053029
28.5 2.18726e-06 -1.4676e-05 -9.11446e-05 6.86428e-06 -0.00226444 -0.000367053
28.52 1.13662e-06 -7.77018e-06 -5.39843e-05 1.02059e-05 -0.00133505 -0.000194336
28.54 5.16703e-08 -8.26722e-07 -1.27192e-05 1.29934e-05 -0.000302991 -2.0677e-05
28.56 -1.02004e-06 5.85604e-06 3.12943e-05 1.50366e-05 0.000797805 0.000146462
28.58 -2.04442e-06 1.2097e-05 7.64433e-05 1.64191e-05 0.001927 0.000302552
28.6 -3.00111e-06 1.77937e-05 0.000120959 1.74284e-05 0.00304035 0.000445027
28.62 -3.87792e-06 2.28012e-05 0.00016353 1.84382e-05 0.00410508 0.000570267
28.64 -4.66417e-06 2.69219e-05 0.000203148 1.98075e-05 0.00509594 0.000673328
