0.02 -4.70142e-12 -4.81939e-11 -1.32212e-08 7.48163e-11 -3.30669e-07 -1.20535e-09
0.04 -3.53578e-12 4.97648e-10 -8.30509e-08 5.45476e-10 -2.07714e-06 1.24464e-08
0.06 1.74055e-10 3.96369e-09 -2.29187e-07 1.56789e-09 -5.73207e-06 9.91334e-08
0.08 1.11482e-09 1.50925e-08 -3.67004e-07 1.70322e-09 -9.17893e-06 3.7747e-07
0.1 3.8082e-09 3.73875e-08 -3.66856e-07 -2.70047e-09 -9.17522e-06 9.35078e-07
0.12 8.86246e-09 3.80214e-08 -1.91223e-07 -1.53083e-08 -4.78257e-06 9.50931e-07
0.14 1.51967e-08 -1.07751e-07 9.53571e-08 -3.61401e-08 2.38492e-06 -2.69491e-06
0.16 1.95002e-08 -5.99458e-07 4.2299e-07 -6.08261e-08 1.05792e-05 -1.49927e-05
0.18 1.74859e-08 -1.59881e-06 7.52754e-07 -8.52786e-08 1.88267e-05 -3.99869e-05
0.2 6.28605e-09 -3.12687e-06 1.03258e-06 -1.10442e-07 2.58253e-05 -7.82044e-05
0.22 -1.38523e-08 -5.05868e-06 1.1901e-06 -1.40083e-07 2.97648e-05 -0.00012652
0.24 -3.9822e-08 -7.2198e-06 1.19193e-06 -1.75095e-07 2.98107e-05 -0.00018057
0.26 -6.74437e-08 -9.49086e-06 1.0837e-06 -2.12009e-07 2.71038e-05 -0.00023737
0.28 -9.32047e-08 -1.1781e-05 9.70266e-07 -2.45434e-07 2.42668e-05 -0.000294647
0.3 -1.148e-07 -1.39171e-05 9.74786e-07 -2.71346e-07 2.43798e-05 -0.000348072
0.32 -1.30881e-07 -1.56915e-05 1.19734e-06 -2.89992e-07 2.9946e-05 -0.000392452
0.34 -1.41253e-07 -1.70784e-05 1.66149e-06 -3.03685e-07 4.15546e-05 -0.000427138
0.36 -1.47795e-07 -1.82841e-05 2.2697e-06 -3.09183e-07 5.67661e-05 -0.000457292
0.38 -1.54886e-07 -1.95153e-05 2.82206e-06 -2.97943e-07 7.05809e-05 -0.000488085
0.4 -1.68052e-07 -2.08235e-05 3.10337e-06 -2.6985e-07 7.76166e-05 -0.000520803
0.42 -1.91184e-07 -2.2234e-05 2.97987e-06 -2.407e-07 7.45279e-05 -0.000556082
0.44 -2.24041e-07 -2.38288e-05 2.47868e-06 -2.28879e-07 6.19929e-05 -0.000595968
0.46 -2.6154e-07 -2.55189e-05 1.83347e-06 -2.40323e-07 4.58558e-05 -0.000638238
0.48 -2.95259e-07 -2.68619e-05 1.37836e-06 -2.72352e-07 3.44734e-05 -0.000671826
0.5 -3.16955e-07 -2.73475e-05 1.25746e-06 -3.22349e-07 3.14497e-05 -0.000683972
0.52 -3.23096e-07 -2.68955e-05 1.25728e-06 -3.82702e-07 3.14451e-05 -0.000672667
0.54 -3.17679e-07 -2.59525e-05 1.03304e-06 -4.38073e-07 2.58368e-05 -0.000649084
0.56 -3.0989e-07 -2.50699e-05 4.74107e-07 -4.82601e-07 1.18576e-05 -0.00062701
0.58 -3.06429e-07 -2.4372e-05 -2.12933e-07 -5.33143e-07 -5.32553e-06 -0.000609554
0.6 -3.04113e-07 -2.33991e-05 -7.15871e-07 -6.12238e-07 -1.79042e-05 -0.000585221
0.62 -2.90098e-07 -2.15325e-05 -8.55321e-07 -7.19536e-07 -2.13919e-05 -0.000538537
0.64 -2.50834e-07 -1.85936e-05 -6.8747e-07 -8.22496e-07 -1.71939e-05 -0.000465034
0.66 -1.82161e-07 -1.48565e-05 -4.40845e-07 -8.70308e-07 -1.10257e-05 -0.000371568
0.68 -9.12779e-08 -1.04717e-05 -3.03941e-07 -8.23749e-07 -7.60169e-06 -0.000261901
0.7 1.07667e-08 -5.26604e-06 -2.08245e-07 -6.85847e-07 -5.2083e-06 -0.000131706
0.72 1.18055e-07 7.1012e-07 1.57447e-07 -4.97447e-07 3.93782e-06 1.77604e-05
0.74 2.31181e-07 6.83385e-06 1.05542e-06 -2.87984e-07 2.63965e-05 0.000170918
0.76 3.50503e-07 1.24204e-05 2.39562e-06 -3.78926e-08 5.99153e-05 0.000310639
0.78 4.69456e-07 1.72998e-05 3.7197e-06 2.97084e-07 9.30314e-05 0.000432675
0.8 5.75734e-07 2.15731e-05 4.51688e-06 7.35964e-07 0.000112969 0.000539553
0.82 6.59683e-07 2.51303e-05 4.66445e-06 1.26111e-06 0.00011666 0.000628519
0.84 7.21906e-07 2.78539e-05 4.62157e-06 1.83733e-06 0.000115587 0.000696638
0.86 7.72499e-07 3.00216e-05 5.05933e-06 2.42049e-06 0.000126536 0.000750852
0.88 8.21265e-07 3.19303e-05 6.17058e-06 2.96884e-06 0.000154329 0.000798589
0.9 8.662e-07 3.31851e-05 7.41292e-06 3.47694e-06 0.0001854 0.000829973
0.92 8.90747e-07 3.28737e-05 8.00432e-06 3.97987e-06 0.000200191 0.000822185
0.94 8.74892e-07 3.05512e-05 7.61563e-06 4.48961e-06 0.00019047 0.000764099
0.96 8.12884e-07 2.67312e-05 6.60779e-06 4.94015e-06 0.000165264 0.000668558
0.98 7.21765e-07 2.2317e-05 5.77607e-06 5.23211e-06 0.000144462 0.000558157
1 6.31133e-07 1.77859e-05 6.41498e-06 5.32549e-06 0.000160441 0.000444832
1.02 5.6099e-07 1.32754e-05 9.83111e-06 5.2699e-06 0.00024588 0.000332024
1.04 5.03931e-07 9.58387e-06 1.38806e-05 5.16931e-06 0.000347161 0.000239697
1.06 4.26524e-07 8.05456e-06 1.27193e-05 5.12006e-06 0.000318114 0.000201448
1.08 2.96229e-07 8.79529e-06 4.61501e-06 5.11509e-06 0.000115423 0.000219974
1.1 1.19027e-07 1.03605e-05 -4.94366e-06 4.96626e-06 -0.000123643 0.000259121
1.12 -4.9736e-08 1.15631e-05 -1.03772e-05 4.37268e-06 -0.000259538 0.000289197
1.14 -1.46187e-07 1.22722e-05 -1.07434e-05 3.17345e-06 -0.000268697 0.000306933
1.16 -1.58462e-07 1.2599e-05 -8.34998e-06 1.57878e-06 -0.000208836 0.000315106
1.18 -1.40533e-07 1.22446e-05 -6.36937e-06 5.46852e-08 -0.000159301 0.000306243
1.2 -1.60193e-07 1.07232e-05 -6.02503e-06 -1.10551e-06 -0.000150689 0.000268191
1.22 -2.34838e-07 8.33963e-06 -6.0262e-06 -2.03239e-06 -0.000150718 0.000208578
1.24 -3.19342e-07 6.5447e-06 -5.81296e-06 -3.06321e-06 -0.000145385 0.000163686
1.26 -3.56413e-07 6.34479e-06 -6.95766e-06 -4.35279e-06 -0.000174014 0.000158686
1.28 -3.34932e-07 6.74766e-06 -1.01527e-05 -5.7314e-06 -0.000253923 0.000168762
1.3 -2.91004e-07 6.00197e-06 -1.32456e-05 -6.88364e-06 -0.000331278 0.000150112
1.32 -2.5378e-07 4.11158e-06 -1.3761e-05 -7.62984e-06 -0.000344169 0.000102832
1.34 -2.0452e-07 2.8154e-06 -1.12933e-05 -8.0182e-06 -0.00028245 7.04143e-05
1.36 -9.6542e-08 2.95519e-06 -5.55918e-06 -8.12024e-06 -0.000139037 7.39106e-05
1.38 8.92227e-08 3.44348e-06 4.74334e-06 -7.78812e-06 0.000118633 8.61228e-05
1.4 3.10108e-07 3.98803e-06 1.61267e-05 -6.71407e-06 0.000403336 9.97424e-05
1.42 4.81095e-07 6.71799e-06 1.90146e-05 -4.76537e-06 0.000475563 0.00016802
1.44 5.39135e-07 1.2928e-05 1.02114e-05 -2.22682e-06 0.00025539 0.000323334
1.46 5.05502e-07 2.06062e-05 -1.01658e-06 3.09842e-07 -2.54252e-05 0.000515369
1.48 4.81957e-07 2.71245e-05 -5.41572e-06 2.311e-06 -0.000135449 0.000678396
1.5 5.61818e-07 3.18173e-05 -3.74486e-06 3.67402e-06 -9.36605e-05 0.000795763
1.52 7.35949e-07 3.46095e-05 -5.80445e-07 4.85215e-06 -1.45172e-05 0.000865599
1.54 9.02738e-07 3.49229e-05 3.47477e-06 6.48409e-06 8.69054e-05 0.000873435
1.56 9.75194e-07 3.33854e-05 9.20148e-06 8.71197e-06 0.000230133 0.000834982
1.58 9.60164e-07 3.21702e-05 1.46365e-05 1.0943e-05 0.000366064 0.000804591
1.6 9.25913e-07 3.21864e-05 1.73477e-05 1.24225e-05 0.000433873 0.000804994
1.62 9.08943e-07 3.18545e-05 1.68644e-05 1.29101e-05 0.000421785 0.000796695
1.64 8.68672e-07 2.96534e-05 1.30647e-05 1.26548e-05 0.000326753 0.000741644
1.66 7.35476e-07 2.60693e-05 5.83673e-06 1.19098e-05 0.000145979 0.000652005
1.68 4.98385e-07 2.23291e-05 -2.57299e-06 1.07074e-05 -6.43516e-05 0.000558459
1.7 2.38078e-07 1.88321e-05 -7.991e-06 9.00184e-06 -0.000199858 0.000471
1.72 6.39436e-08 1.52027e-05 -8.1226e-06 6.84696e-06 -0.00020315 0.000380227
1.74 1.3025e-08 1.046e-05 -4.16782e-06 4.46897e-06 -0.000104239 0.00026161
1.76 1.30996e-08 3.47274e-06 1.09258e-06 2.19962e-06 2.73258e-05 8.68547e-05
1.78 -5.09586e-08 -5.17709e-06 4.81877e-06 1.99137e-07 0.000120519 -0.000129481
1.8 -2.33276e-07 -1.26548e-05 4.51078e-06 -1.78576e-06 0.000112816 -0.000316502
1.82 -4.85173e-07 -1.7014e-05 -2.94493e-07 -4.19528e-06 -7.36539e-06 -0.000425528
1.84 -7.08121e-07 -1.99615e-05 -6.66205e-06 -7.11073e-06 -0.000166621 -0.000499245
1.86 -8.43671e-07 -2.4757e-05 -1.06987e-05 -1.00735e-05 -0.000267579 -0.000619183
1.88 -9.16251e-07 -3.23024e-05 -1.12124e-05 -1.24734e-05 -0.000280426 -0.000807897
1.9 -9.95964e-07 -4.07672e-05 -9.69863e-06 -1.39661e-05 -0.000242567 -0.00101961
1.92 -1.12331e-06 -4.79973e-05 -7.82976e-06 -1.4526e-05 -0.000195826 -0.00120043
1.94 -1.2693e-06 -5.28421e-05 -6.44794e-06 -1.43193e-05 -0.000161266 -0.0013216
1.96 -1.3664e-06 -5.49587e-05 -6.02404e-06 -1.36143e-05 -0.000150664 -0.00137454
1.98 -1.37495e-06 -5.47386e-05 -6.67649e-06 -1.2662e-05 -0.000166982 -0.00136904
2 -1.31763e-06 -5.30286e-05 -8.11836e-06 -1.15568e-05 -0.000203044 -0.00132627
2.02 -1.25067e-06 -4.9952e-05 -1.01788e-05 -1.02488e-05 -0.000254576 -0.00124932
2.04 -1.2031e-06 -4.44316e-05 -1.28488e-05 -8.68307e-06 -0.000321353 -0.00111125
2.06 -1.14298e-06 -3.55121e-05 -1.54671e-05 -6.84331e-06 -0.000386838 -0.000888172
2.08 -1.00152e-06 -2.36498e-05 -1.66471e-05 -4.68956e-06 -0.00041635 -0.000591491
2.1 -7.33525e-07 -1.02915e-05 -1.55587e-05 -2.19209e-06 -0.00038913 -0.000257394
2.12 -3.59143e-07 3.32475e-06 -1.26482e-05 5.32076e-07 -0.000316338 8.31534e-05
2.14 5.12471e-08 1.67517e-05 -8.65841e-06 3.19007e-06 -0.000216551 0.000418967
2.16 4.3323e-07 3.00758e-05 -3.69336e-06 5.44538e-06 -9.23724e-05 0.000752208
2.18 7.70159e-07 4.3051e-05 2.19831e-06 7.07779e-06 5.49806e-05 0.00107672
2.2 1.08225e-06 5.44091e-05 8.24734e-06 8.09351e-06 0.000206269 0.0013608
2.22 1.38026e-06 6.24973e-05 1.31987e-05 8.74439e-06 0.000330104 0.00156308
2.24 1.63594e-06 6.66401e-05 1.59728e-05 9.36867e-06 0.000399486 0.0016667
2.26 1.80126e-06 6.7415e-05 1.64434e-05 1.01238e-05 0.000411257 0.00168608
2.28 1.8567e-06 6.59864e-05 1.58269e-05 1.0878e-05 0.000395837 0.00165035
2.3 1.83808e-06 6.372e-05 1.56574e-05 1.13634e-05 0.000391599 0.00159366
2.32 1.81144e-06 6.17633e-05 1.64846e-05 1.13992e-05 0.000412287 0.00154473
2.34 1.81759e-06 6.0194e-05 1.82279e-05 1.10001e-05 0.000455888 0.00150548
2.36 1.83764e-06 5.79224e-05 2.07597e-05 1.03454e-05 0.000519209 0.00144866
2.38 1.80894e-06 5.39166e-05 2.29733e-05 9.64952e-06 0.000574573 0.00134848
2.4 1.67435e-06 4.82655e-05 2.27616e-05 9.01724e-06 0.000569278 0.00120714
2.42 1.42374e-06 4.18048e-05 1.92727e-05 8.40321e-06 0.000482019 0.00104556
2.44 1.09903e-06 3.50591e-05 1.39272e-05 7.69778e-06 0.000348325 0.000876842
2.46 7.6295e-07 2.80423e-05 8.50244e-06 6.82482e-06 0.00021265 0.00070135
2.48 4.56629e-07 2.09235e-05 3.42839e-06 5.75343e-06 8.57455e-05 0.000523305
2.5 1.7877e-07 1.4044e-05 -1.70877e-06 4.45459e-06 -4.27371e-05 0.000351245
2.52 -9.75276e-08 7.257e-06 -6.89891e-06 2.89337e-06 -0.000172545 0.000181501
2.54 -3.87884e-07 1.63891e-07 -1.11889e-05 1.0632e-06 -0.00027984 4.09898e-06
2.56 -6.75602e-07 -7.09102e-06 -1.33739e-05 -9.97468e-07 -0.000334486 -0.000177349
2.58 -9.26081e-07 -1.4066e-05 -1.36602e-05 -3.19403e-06 -0.000341648 -0.000351796
2.6 -1.12047e-06 -2.07732e-05 -1.41212e-05 -5.3534e-06 -0.000353178 -0.000519547
2.62 -1.27155e-06 -2.73227e-05 -1.63462e-05 -7.28133e-06 -0.000408825 -0.000683353
2.64 -1.4019e-06 -3.29431e-05 -1.94276e-05 -8.91824e-06 -0.000485891 -0.00082392
2.66 -1.50618e-06 -3.58986e-05 -2.15741e-05 -1.03889e-05 -0.000539576 -0.000897839
2.68 -1.54124e-06 -3.44131e-05 -2.26013e-05 -1.18147e-05 -0.000565269 -0.000860686
2.7 -1.45975e-06 -2.8072e-05 -2.32652e-05 -1.31046e-05 -0.000581871 -0.000702093
2.72 -1.25383e-06 -1.87555e-05 -2.32352e-05 -1.39872e-05 -0.000581121 -0.000469083
2.74 -9.64583e-07 -9.67026e-06 -2.1392e-05 -1.42256e-05 -0.000535024 -0.000241857
2.76 -6.5049e-07 -2.78086e-06 -1.72877e-05 -1.37704e-05 -0.000432371 -6.95505e-05
2.78 -3.47384e-07 2.53524e-06 -1.14054e-05 -1.27318e-05 -0.000285255 6.34073e-05
2.8 -5.52087e-08 7.63655e-06 -5.01492e-06 -1.12435e-05 -0.000125425 0.000190993
2.82 2.43141e-07 1.21618e-05 8.07661e-08 -9.33243e-06 2.02e-06 0.000304173
2.84 5.56721e-07 1.48631e-05 3.13183e-06 -6.91379e-06 7.83283e-05 0.000371732
2.86 8.82767e-07 1.63629e-05 5.85785e-06 -3.95983e-06 0.000146507 0.000409242
2.88 1.2213e-06 1.90794e-05 1.10128e-05 -6.56043e-07 0.000275434 0.000477184
2.9 1.57783e-06 2.39382e-05 1.97259e-05 2.72451e-06 0.000493352 0.000598704
2.92 1.93865e-06 2.85365e-05 3.07702e-05 6.11762e-06 0.000769574 0.00071371
2.94 2.24507e-06 2.92249e-05 4.11692e-05 9.70678e-06 0.00102966 0.000730927
2.96 2.40696e-06 2.41806e-05 4.71213e-05 1.36056e-05 0.00117852 0.000604766
2.98 2.35905e-06 1.41625e-05 4.6419e-05 1.75883e-05 0.00116096 0.00035421
3 2.11605e-06 1.36091e-06 4.0984e-05 2.11682e-05 0.00102503 3.4037e-05
3.02 1.77485e-06 -1.1707e-05 3.55416e-05 2.38672e-05 0.00088891 -0.000292798
3.04 1.45198e-06 -2.30424e-05 3.30796e-05 2.5425e-05 0.000827336 -0.000576301
3.06 1.2014e-06 -3.21814e-05 3.25833e-05 2.58941e-05 0.000814922 -0.000804871
3.08 9.82042e-07 -4.02271e-05 3.11899e-05 2.55737e-05 0.000780073 -0.0010061
3.1 7.06153e-07 -4.80732e-05 2.72293e-05 2.47136e-05 0.000681015 -0.00120233
3.12 3.24984e-07 -5.49914e-05 2.11783e-05 2.31992e-05 0.000529678 -0.00137536
3.14 -1.2938e-07 -6.01592e-05 1.49284e-05 2.06126e-05 0.000373365 -0.00150461
3.16 -5.84013e-07 -6.50782e-05 1.01024e-05 1.6676e-05 0.000252665 -0.00162763
3.18 -1.00168e-06 -7.23005e-05 6.13964e-06 1.15781e-05 0.000153555 -0.00180827
3.2 -1.41192e-06 -8.14897e-05 4.97863e-07 5.80682e-06 1.24518e-05 -0.00203809
3.22 -1.86385e-06 -8.90015e-05 -8.30258e-06 -2.67956e-07 -0.000207651 -0.00222596
3.24 -2.3525e-06 -9.21069e-05 -1.87734e-05 -6.54476e-06 -0.00046953 -0.00230363
3.26 -2.79966e-06 -9.14819e-05 -2.84006e-05 -1.29701e-05 -0.000710311 -0.002288
3.28 -3.11187e-06 -8.86636e-05 -3.59755e-05 -1.93105e-05 -0.000899762 -0.00221751
3.3 -3.25479e-06 -8.34445e-05 -4.1263e-05 -2.51919e-05 -0.001032 -0.00208698
3.32 -3.2685e-06 -7.50796e-05 -4.42136e-05 -3.02747e-05 -0.0011058 -0.00187777
3.34 -3.21606e-06 -6.41833e-05 -4.56244e-05 -3.43496e-05 -0.00114109 -0.00160525
3.36 -3.12528e-06 -5.22438e-05 -4.71435e-05 -3.73409e-05 -0.00117908 -0.00130664
3.38 -2.97565e-06 -4.02575e-05 -4.92707e-05 -3.92479e-05 -0.00123228 -0.00100686
3.4 -2.72531e-06 -2.81779e-05 -5.01339e-05 -4.00101e-05 -0.00125387 -0.00070474
3.42 -2.34339e-06 -1.49586e-05 -4.72933e-05 -3.94244e-05 -0.00118282 -0.000374121
3.44 -1.82605e-06 7.11897e-07 -4.03129e-05 -3.72574e-05 -0.00100824 1.78048e-05
3.46 -1.19632e-06 1.91141e-05 -3.09163e-05 -3.34348e-05 -0.000773229 0.000478053
3.48 -4.94368e-07 3.9122e-05 -2.1186e-05 -2.80895e-05 -0.00052987 0.000978459
3.5 2.35161e-07 5.91435e-05 -1.23475e-05 -2.14757e-05 -0.000308815 0.0014792
3.52 9.53726e-07 7.77968e-05 -4.60414e-06 -1.38951e-05 -0.000115152 0.00194573
3.54 1.63497e-06 9.37808e-05 2.92564e-06 -5.66764e-06 7.31714e-05 0.0023455
3.56 2.26585e-06 0.000106179 1.17964e-05 2.90184e-06 0.000295034 0.00265557
3.58 2.84113e-06 0.000115216 2.27024e-05 1.15463e-05 0.000567797 0.00288161
3.6 3.35098e-06 0.000121745 3.40208e-05 2.00312e-05 0.000850875 0.00304488
3.62 3.76986e-06 0.000125575 4.25188e-05 2.81441e-05 0.00106341 0.00314069
3.64 4.06149e-06 0.000125432 4.61891e-05 3.56659e-05 0.00115521 0.0031371
3.66 4.20492e-06 0.000121262 4.62132e-05 4.22828e-05 0.00115581 0.00303281
3.68 4.22147e-06 0.000115571 4.55569e-05 4.75359e-05 0.0011394 0.00289047
3.7 4.16979e-06 0.000111126 4.60191e-05 5.09676e-05 0.00115096 0.00277931
3.72 4.10125e-06 0.000107741 4.75726e-05 5.23889e-05 0.00118981 0.00269465
3.74 4.01144e-06 0.000102587 4.96743e-05 5.1947e-05 0.00124238 0.00256574
3.76 3.83483e-06 9.33786e-05 5.12921e-05 4.98816e-05 0.00128284 0.00233544
3.78 3.4902e-06 7.99023e-05 5.02639e-05 4.62787e-05 0.00125712 0.00199839
3.8 2.93851e-06 6.27062e-05 4.48391e-05 4.11154e-05 0.00112145 0.00156831
3.82 2.20914e-06 4.2159e-05 3.57325e-05 3.44455e-05 0.000893684 0.00105441
3.84 1.38056e-06 1.932e-05 2.4984e-05 2.64417e-05 0.00062486 0.000483202
3.86 5.34133e-07 -3.89978e-06 1.34543e-05 1.73259e-05 0.000336497 -9.75352e-05
3.88 -2.84291e-07 -2.63466e-05 1.25908e-06 7.38769e-06 3.14901e-05 -0.000658938
3.9 -1.06779e-06 -4.82082e-05 -1.03505e-05 -2.95189e-06 -0.000258871 -0.00120571
3.92 -1.81884e-06 -6.92129e-05 -1.96721e-05 -1.32045e-05 -0.000492007 -0.00173104
3.94 -2.51843e-06 -8.73825e-05 -2.66328e-05 -2.29323e-05 -0.000666096 -0.00218547
3.96 -3.12295e-06 -0.000100412 -3.26988e-05 -3.17335e-05 -0.000817809 -0.00251135
3.98 -3.58686e-06 -0.000107322 -3.91689e-05 -3.91874e-05 -0.00097963 -0.00268416
4 -3.88556e-06 -0.000108186 -4.6575e-05 -4.4968e-05 -0.00116486 -0.00270578
4.02 -4.01721e-06 -0.000103139 -5.4807e-05 -4.89974e-05 -0.00137075 -0.00257954
4.04 -3.98417e-06 -9.21596e-05 -6.24932e-05 -5.13682e-05 -0.00156298 -0.00230495
4.06 -3.77505e-06 -7.56522e-05 -6.69294e-05 -5.2122e-05 -0.00167393 -0.00189209
4.08 -3.36937e-06 -5.53406e-05 -6.57149e-05 -5.11724e-05 -0.00164356 -0.00138409
4.1 -2.76441e-06 -3.44458e-05 -5.82051e-05 -4.83755e-05 -0.00145573 -0.000861504
4.12 -1.99831e-06 -1.59744e-05 -4.5216e-05 -4.36083e-05 -0.00113087 -0.000399525
4.14 -1.14491e-06 -7.40414e-07 -2.84006e-05 -3.68877e-05 -0.000710311 -1.85181e-05
4.16 -2.85206e-07 1.17937e-05 -1.0336e-05 -2.85056e-05 -0.000258507 0.000294964
4.18 5.19509e-07 2.10062e-05 6.14784e-06 -1.89642e-05 0.00015376 0.000525375
4.2 1.23689e-06 2.53589e-05 1.9672e-05 -8.72684e-06 0.000492006 0.000634237
4.22 1.86046e-06 2.54197e-05 3.06869e-05 1.8822e-06 0.000767491 0.000635757
4.24 2.403e-06 2.44043e-05 3.98839e-05 1.2554e-05 0.000997514 0.000610361
4.26 2.88656e-06 2.48217e-05 4.75139e-05 2.29627e-05 0.00118834 0.0006208
4.28 3.32814e-06 2.65839e-05 5.45715e-05 3.28877e-05 0.00136486 0.000664875
4.3 3.72655e-06 2.89725e-05 6.25753e-05 4.21651e-05 0.00156503 0.000724613
4.32 4.05733e-06 3.20897e-05 7.12889e-05 5.04673e-05 0.00178297 0.000802578
4.34 4.27872e-06 3.57406e-05 7.82756e-05 5.73137e-05 0.0019577 0.000893887
4.36 4.34711e-06 3.9074e-05 8.11597e-05 6.23083e-05 0.00202984 0.000977257
4.38 4.23493e-06 4.16884e-05 7.90407e-05 6.51615e-05 0.00197684 0.00104265
4.4 3.93898e-06 4.3166e-05 7.19325e-05 6.5521e-05 0.00179906 0.0010796
4.42 3.47099e-06 4.13197e-05 6.042e-05 6.30547e-05 0.00151113 0.00103342
4.44 2.83844e-06 3.2268e-05 4.62315e-05 5.77229e-05 0.00115627 0.000807035
4.46 2.03674e-06 1.26983e-05 3.24762e-05 4.97902e-05 0.000812243 0.000317589
4.48 1.06414e-06 -1.80353e-05 2.22901e-05 3.96023e-05 0.000557484 -0.00045107
4.5 -5.66757e-08 -5.7691e-05 1.62806e-05 2.75296e-05 0.000407183 -0.00144288
4.52 -1.27597e-06 -0.00010234 1.17421e-05 1.4084e-05 0.000293674 -0.00255956
4.54 -2.53721e-06 -0.000147679 5.29108e-06 -1.21725e-07 0.000132332 -0.00369351
4.56 -3.79815e-06 -0.000190163 -4.31116e-06 -1.4587e-05 -0.000107824 -0.00475607
4.58 -5.03438e-06 -0.00022779 -1.6439e-05 -2.89769e-05 -0.000411147 -0.00569712
4.6 -6.22913e-06 -0.000259591 -3.05869e-05 -4.29263e-05 -0.000764991 -0.00649247
4.62 -7.36218e-06 -0.000284422 -4.72412e-05 -5.58933e-05 -0.00118152 -0.00711351
4.64 -8.40137e-06 -0.000301165 -6.69379e-05 -6.72372e-05 -0.00167414 -0.00753227
4.66 -9.29332e-06 -0.000309687 -8.83353e-05 -7.63696e-05 -0.0022093 -0.0077454
4.68 -9.95763e-06 -0.000309823 -0.000107375 -8.2871e-05 -0.0026855 -0.00774881
4.7 -1.02977e-05 -0.000299559 -0.000119545 -8.66016e-05 -0.00298987 -0.0074921
4.72 -1.02342e-05 -0.000275917 -0.000123412 -8.76795e-05 -0.00308658 -0.00690081
4.74 -9.74379e-06 -0.000237449 -0.000121205 -8.62277e-05 -0.00303138 -0.00593869
4.76 -8.87004e-06 -0.000184594 -0.00011612 -8.21998e-05 -0.00290421 -0.00461676
4.78 -7.69334e-06 -0.000118629 -0.000109969 -7.55917e-05 -0.00275036 -0.00296696
4.8 -6.28833e-06 -4.22191e-05 -0.000103071 -6.67329e-05 -0.00257784 -0.00105592
4.82 -4.71011e-06 3.95259e-05 -9.51897e-05 -5.61748e-05 -0.00238073 0.000988558
4.84 -3.01676e-06 0.000120159 -8.62275e-05 -4.43411e-05 -0.00215659 0.00300522
4.86 -1.29119e-06 0.000194081 -7.62663e-05 -3.14559e-05 -0.00190745 0.00485404
4.88 3.7674e-07 0.000257806 -6.49816e-05 -1.77506e-05 -0.00162522 0.00644783
4.9 1.94242e-06 0.000311115 -5.12864e-05 -3.57561e-06 -0.00128269 0.00778113
4.92 3.44182e-06 0.000358089 -3.42264e-05 1.06525e-05 -0.000856018 0.00895596
4.94 4.96473e-06 0.000405289 -1.44186e-05 2.45078e-05 -0.000360615 0.0101365
4.96 6.57617e-06 0.00045702 5.87646e-06 3.76239e-05 0.000146973 0.0114303
4.98 8.24644e-06 0.000512244 2.41416e-05 4.97742e-05 0.000603791 0.0128114
5 9.84581e-06 0.000565869 3.85667e-05 6.07723e-05 0.000964568 0.0141526
5.02 1.12072e-05 0.000611692 4.81598e-05 7.02367e-05 0.0012045 0.0152987
5.04 1.22077e-05 0.000643946 5.32183e-05 7.7602e-05 0.00133101 0.0161054
5.06 1.2812e-05 0.000657938 5.56913e-05 8.24525e-05 0.00139286 0.0164553
5.08 1.30541e-05 0.000650837 5.81082e-05 8.47319e-05 0.00145331 0.0162777
5.1 1.29846e-05 0.000621672 6.22178e-05 8.45682e-05 0.00155609 0.0155483
5.12 1.26251e-05 0.000570223 6.91865e-05 8.20152e-05 0.00173038 0.0142615
5.14 1.1957e-05 0.000496393 8.00687e-05 7.70272e-05 0.00200255 0.012415
5.16 1.09353e-05 0.000400491 9.45133e-05 6.9583e-05 0.00236382 0.0100164
5.18 9.50381e-06 0.000282811 0.000109403 5.97929e-05 0.00273621 0.00707323
5.2 7.60078e-06 0.000142248 0.000120178 4.79721e-05 0.00300569 0.00355768
5.22 5.16884e-06 -2.3649e-05 0.000123616 3.4639e-05 0.00309169 -0.000591472
5.24 2.18658e-06 -0.000215311 0.000118914 2.03728e-05 0.0029741 -0.00538502
5.26 -1.28078e-06 -0.000426248 0.000107281 5.67109e-06 0.00268314 -0.0106606
5.28 -5.04301e-06 -0.000641076 9.19675e-05 -9.01211e-06 0.00230015 -0.0160336
5.3 -8.79902e-06 -0.000839292 7.73244e-05 -2.31488e-05 0.00193392 -0.0209911
5.32 -1.22192e-05 -0.001002 6.50478e-05 -3.61966e-05 0.00162687 -0.0250606
5.34 -1.50588e-05 -0.00111597 5.11906e-05 -4.79035e-05 0.0012803 -0.027912
5.36 -1.72276e-05 -0.00117362 2.87998e-05 -5.84972e-05 0.000720296 -0.0293547
5.38 -1.87628e-05 -0.00117265 -6.09852e-06 -6.81445e-05 -0.000152526 -0.0293302
5.4 -1.97388e-05 -0.00111757 -5.16101e-05 -7.61284e-05 -0.00129079 -0.0279527
5.42 -2.02195e-05 -0.00102389 -0.000102003 -8.14173e-05 -0.00255113 -0.0256099
5.44 -2.02743e-05 -0.000919335 -0.000150957 -8.43836e-05 -0.00377549 -0.0229948
5.46 -1.99807e-05 -0.000823538 -0.000192047 -8.70252e-05 -0.00480317 -0.0205989
5.48 -1.93844e-05 -0.00073547 -0.000219221 -9.0921e-05 -0.00548281 -0.0183963
5.5 -1.84011e-05 -0.000639919 -0.000229096 -9.54711e-05 -0.00572978 -0.0160065
5.52 -1.67851e-05 -0.000523614 -0.000222078 -9.87562e-05 -0.00555427 -0.0130977
5.54 -1.42671e-05 -0.000384926 -0.000201327 -9.97268e-05 -0.00503528 -0.00962904
5.56 -1.07489e-05 -0.000222314 -0.000170586 -9.87215e-05 -0.00426642 -0.00556205
5.58 -6.39869e-06 -3.26796e-05 -0.000132007 -9.60835e-05 -0.00330155 -0.000819217
5.6 -1.59169e-06 0.000175178 -8.54308e-05 -9.11653e-05 -0.00213666 0.00437938
5.62 3.21068e-06 0.000374033 -3.14346e-05 -8.28977e-05 -0.000786192 0.00935283
5.64 7.55151e-06 0.000533273 2.45237e-05 -7.08458e-05 0.000613348 0.0133355
5.66 1.10455e-05 0.000637815 7.36568e-05 -5.53471e-05 0.00184219 0.0159502
5.68 1.34664e-05 0.000691117 0.000110036 -3.6751e-05 0.00275204 0.0172833
5.7 1.48246e-05 0.000705541 0.000133205 -1.49646e-05 0.00333152 0.0176441
5.72 1.53543e-05 0.00069491 0.000145768 9.9294e-06 0.00364571 0.0173782
5.74 1.53806e-05 0.000673224 0.000151048 3.6743e-05 0.00377777 0.0168359
5.76 1.51476e-05 0.000653346 0.00015225 6.32802e-05 0.00380783 0.0163387
5.78 1.47211e-05 0.000643056 0.000150633 8.75209e-05 0.00376738 0.0160813
5.8 1.40086e-05 0.000642158 0.00014347 0.000108614 0.00358823 0.0160589
5.82 1.28523e-05 0.000642701 0.000125054 0.000126653 0.00312764 0.0160724
5.84 1.11264e-05 0.000632405 9.11098e-05 0.000141362 0.00227869 0.0158149
5.86 8.80186e-06 0.000602105 4.25805e-05 0.00015107 0.00106496 0.0150571
5.88 5.97437e-06 0.000552321 -1.54156e-05 0.000153484 -0.00038555 0.013812
5.9 2.85525e-06 0.000491151 -7.72375e-05 0.000147396 -0.00193174 0.0122821
5.92 -2.76196e-07 0.000426865 -0.000137563 0.000132979 -0.0034405 0.0106743
5.94 -3.1464e-06 0.000364642 -0.000190398 0.000110543 -0.00476194 0.00911809
5.96 -5.56345e-06 0.000306619 -0.000230979 7.99855e-05 -0.00577687 0.00766689
5.98 -7.47234e-06 0.00024842 -0.000257894 4.1743e-05 -0.00645003 0.00621132
6 -8.96998e-06 0.000175083 -0.000270124 -2.38326e-06 -0.00675591 0.00437713
6.02 -1.02568e-05 6.62811e-05 -0.00026444 -4.97486e-05 -0.00661374 0.00165595
6.04 -1.15175e-05 -8.88195e-05 -0.000240148 -9.78344e-05 -0.0060062 -0.00222318
6.06 -1.27713e-05 -0.000278832 -0.000203374 -0.000144322 -0.00508646 -0.00697549
6.08 -1.37792e-05 -0.000470685 -0.000160714 -0.000186521 -0.00401953 -0.0117738
6.1 -1.40946e-05 -0.000624722 -0.000113275 -0.000221349 -0.00283305 -0.0156263
6.12 -1.32868e-05 -0.000714898 -6.43512e-05 -0.000245994 -0.00160945 -0.0178817
6.14 -1.12313e-05 -0.000740214 -2.54391e-05 -0.000258353 -0.000636243 -0.0185148
6.16 -8.24325e-06 -0.000720941 -4.04686e-06 -0.000257002 -0.000101214 -0.0180328
6.18 -4.89567e-06 -0.000684916 1.02886e-05 -0.000241499 0.000257321 -0.0171318
6.2 -1.63017e-06 -0.000654464 3.90321e-05 -0.00021331 0.00097621 -0.0163702
6.22 1.49968e-06 -0.000641377 9.82905e-05 -0.000175411 0.00245829 -0.0160429
6.24 4.69659e-06 -0.000648436 0.000185736 -0.000129196 0.00464532 -0.0162194
6.26 8.08504e-06 -0.000665407 0.000275586 -7.31315e-05 0.00689252 -0.0166439
6.28 1.14793e-05 -0.000662054 0.000316417 -7.05251e-06 0.00791372 -0.01656
6.3 1.44194e-05 -0.000600413 0.00024174 6.4937e-05 0.00604602 -0.0150184
6.32 1.66349e-05 -0.000461595 7.3101e-05 0.000139224 0.00182829 -0.0115465
6.34 1.83429e-05 -0.000257369 -0.000115427 0.000216629 -0.00288687 -0.00643868
6.36 2.00899e-05 -1.60723e-05 -0.000297628 0.000297206 -0.0074438 -0.000403754
6.38 2.22362e-05 0.000233036 -0.000461071 0.000374857 -0.0115316 0.00582656
6.4 2.44411e-05 0.000459158 -0.000585661 0.000443245 -0.0146476 0.011482
6.42 2.61268e-05 0.000632075 -0.000620837 0.000501788 -0.0155274 0.0158067
6.44 2.69688e-05 0.000741985 -0.000556082 0.000548218 -0.0139078 0.0185556
6.46 2.6977e-05 0.000802251 -0.00044867 0.000574853 -0.0112214 0.0200629
6.48 2.62291e-05 0.000826182 -0.000360776 0.000578786 -0.00902316 0.0206614
6.5 2.43297e-05 0.000821192 -0.000344183 0.000565689 -0.00860816 0.0205366
6.52 2.06562e-05 0.000799829 -0.000419933 0.000541124 -0.0105027 0.0200023
6.54 1.50874e-05 0.00077749 -0.000565263 0.000506592 -0.0141375 0.0194436
6.56 8.39404e-06 0.000760112 -0.000732485 0.000464174 -0.0183197 0.019009
6.58 1.89098e-06 0.000733561 -0.00087457 0.00041746 -0.0218734 0.0183449
6.6 -3.35333e-06 0.000670771 -0.000951089 0.000366374 -0.0237871 0.0167745
6.62 -7.07891e-06 0.00055893 -0.000931985 0.00030519 -0.0233093 0.0139773
6.64 -9.69346e-06 0.000415464 -0.000811853 0.000228255 -0.0203048 0.0103892
6.66 -1.16633e-05 0.000271091 -0.000615965 0.000135441 -0.0154055 0.00677835
6.68 -1.31262e-05 0.000141783 -0.000383319 3.14901e-05 -0.00958697 0.00354431
6.7 -1.40333e-05 2.75422e-05 -0.000147283 -7.60179e-05 -0.00368361 0.000687092
6.72 -1.4504e-05 -6.98178e-05 6.56917e-05 -0.000178004 0.00164298 -0.00174792
6.74 -1.49458e-05 -0.000141255 0.000229063 -0.000267193 0.00572897 -0.0035346
6.76 -1.58633e-05 -0.000183649 0.00031665 -0.000341329 0.00791954 -0.00459489
6.78 -1.75776e-05 -0.000210287 0.000314243 -0.000401605 0.00785934 -0.00526112
6.8 -2.00239e-05 -0.000245498 0.000233529 -0.000448489 0.00584066 -0.00614175
6.82 -2.27373e-05 -0.000308734 0.000114947 -0.00048205 0.00287486 -0.00772332
6.84 -2.49634e-05 -0.000401198 1.87948e-05 -0.00050573 0.000470067 -0.0100359
6.86 -2.60004e-05 -0.000509232 -2.04484e-05 -0.000524689 -0.000511422 -0.0127379
6.88 -2.55473e-05 -0.000618884 7.3351e-06 -0.000539074 0.000183454 -0.0154803
6.9 -2.35973e-05 -0.000719342 9.94567e-05 -0.000542937 0.00248745 -0.0179928
6.92 -2.03989e-05 -0.000797755 0.000225303 -0.000531364 0.00563491 -0.019954
6.94 -1.64274e-05 -0.000841916 0.000348853 -0.000505282 0.00872495 -0.0210585
6.96 -1.21991e-05 -0.000848764 0.000446456 -0.000467856 0.0111661 -0.0212298
6.98 -8.18529e-06 -0.000825487 0.000508569 -0.000419009 0.0127195 -0.0206476
7 -4.69513e-06 -0.000781634 0.000530174 -0.000355731 0.0132599 -0.0195508
7.02 -1.76938e-06 -0.000721088 0.000512441 -0.000276918 0.0128164 -0.0180366
7.04 7.83582e-07 -0.000640327 0.000466089 -0.00018578 0.0116571 -0.0160167
7.06 3.2168e-06 -0.000535748 0.000404938 -8.77862e-05 0.0101277 -0.0134011
7.08 5.72007e-06 -0.000408587 0.0003366 1.18612e-05 0.00841852 -0.0102208
7.1 8.36236e-06 -0.000263646 0.000263146 0.000108964 0.00658139 -0.00659574
7.12 1.10791e-05 -0.000107315 0.0001886 0.000199713 0.00471697 -0.00268584
7.14 1.37353e-05 5.32523e-05 0.000122199 0.000279517 0.00305626 0.00133001
7.16 1.61783e-05 0.000208446 7.42375e-05 0.000342931 0.00185671 0.00521147
7.18 1.82045e-05 0.000345319 5.07313e-05 0.00038589 0.00126881 0.00863472
7.2 1.95676e-05 0.000449806 5.12495e-05 0.000408988 0.00128177 0.011248
7.22 2.01022e-05 0.000511489 7.52064e-05 0.000417626 0.00188094 0.0127907
7.24 1.96988e-05 0.000529046 0.000113641 0.00041706 0.00284221 0.0132298
7.26 1.82649e-05 0.000514471 0.000142422 0.000408058 0.00356204 0.0128653
7.28 1.58025e-05 0.000489871 0.000139425 0.000388744 0.00348707 0.01225
7.3 1.24861e-05 0.000475196 9.6229e-05 0.000359522 0.00240673 0.011883
7.32 8.71251e-06 0.000479805 1.44816e-05 0.00032377 0.00036219 0.0119983
7.34 5.00421e-06 0.000505437 -9.81902e-05 0.000282846 -0.00245578 0.0126393
7.36 1.82254e-06 0.000550292 -0.000221206 0.000232698 -0.00553245 0.0137612
7.38 -5.76118e-07 0.000606428 -0.000322018 0.000168079 -0.00805379 0.0151652
7.4 -2.17174e-06 0.000657554 -0.000374533 8.9401e-05 -0.00936723 0.0164439
7.42 -3.14759e-06 0.000684824 -0.00037392 2.81811e-06 -0.00935188 0.0171259
7.44 -3.82047e-06 0.000674793 -0.000331229 -8.55251e-05 -0.00828417 0.016875
7.46 -4.5254e-06 0.000622015 -0.000260711 -0.000171684 -0.00652049 0.015555
7.48 -5.48469e-06 0.000528311 -0.000176316 -0.000250843 -0.00440973 0.0132114
7.5 -6.75329e-06 0.000401739 -9.39567e-05 -0.00031642 -0.0023499 0.0100458
7.52 -8.27032e-06 0.000253756 -2.888e-05 -0.000363783 -0.000722301 0.0063447
7.54 -9.9458e-06 9.46528e-05 7.03663e-06 -0.000393018 0.000175989 0.00236546
7.56 -1.1694e-05 -6.799e-05 3.38815e-06 -0.0004071 8.47392e-05 -0.00170231
7.58 -1.33687e-05 -0.000226113 -3.76984e-05 -0.000408021 -0.000942852 -0.00565702
7.6 -1.46591e-05 -0.00037152 -8.85918e-05 -0.000394927 -0.00221572 -0.00929373
7.62 -1.51135e-05 -0.000500109 -0.000112161 -0.000366038 -0.0028052 -0.0125098
7.64 -1.43452e-05 -0.000609917 -9.14517e-05 -0.000322506 -0.00228725 -0.0152561
7.66 -1.22929e-05 -0.000696436 -3.24276e-05 -0.000269387 -0.000811027 -0.01742
7.68 -9.31244e-06 -0.000753634 5.39663e-05 -0.000212385 0.00134972 -0.0188506
7.7 -5.98893e-06 -0.000777962 0.000154713 -0.000154024 0.00386944 -0.019459
7.72 -2.83195e-06 -0.000768857 0.000247153 -9.25803e-05 0.0061814 -0.0192313
7.74 -9.81401e-08 -0.000726143 0.000305737 -2.52557e-05 0.00764661 -0.018163
7.76 2.18475e-06 -0.000649567 0.000319349 4.73968e-05 0.00798706 -0.0162478
7.78 4.10775e-06 -0.000541894 0.00029425 0.000121631 0.00735931 -0.0135549
7.8 5.80091e-06 -0.000409807 0.000241503 0.000194021 0.0060401 -0.0102513
7.82 7.38838e-06 -0.000261037 0.000170012 0.000261593 0.00425207 -0.00653051
7.84 8.95816e-06 -0.000103493 9.13351e-05 0.000318863 0.00228433 -0.00259027
7.86 1.05599e-05 5.28672e-05 2.29207e-05 0.000358373 0.000573256 0.00132036
7.88 1.22132e-05 0.000197435 -1.81113e-05 0.000375531 -0.00045297 0.00493606
7.9 1.38895e-05 0.000324653 -2.02157e-05 0.000371607 -0.000505603 0.00811783
7.92 1.54663e-05 0.000435505 1.97067e-05 0.000351721 0.000492874 0.0108903
7.94 1.66856e-05 0.000531645 8.21464e-05 0.000321219 0.00205451 0.0132948
7.96 1.71528e-05 0.00061229 0.000125569 0.000283944 0.00314052 0.0153118
7.98 1.64651e-05 0.00067854 0.000118311 0.00024223 0.002959 0.0169687
8 1.44696e-05 0.000735164 5.92964e-05 0.000197659 0.00148303 0.0183849
8.02 1.14537e-05 0.000784468 -3.40144e-05 0.000151854 -0.000850714 0.019618
8.04 8.05966e-06 0.000821746 -0.000141848 0.000105785 -0.00354767 0.0205504
8.06 4.94155e-06 0.000839669 -0.000242188 5.79463e-05 -0.00605722 0.0209987
8.08 2.46227e-06 0.000834034 -0.000310671 5.32053e-06 -0.00777001 0.0208577
8.1 6.3279e-07 0.000802771 -0.000332375 -5.21068e-05 -0.00831285 0.0200758
8.12 -7.58481e-07 0.000742334 -0.000310696 -0.000109512 -0.00777064 0.0185643
8.14 -1.98776e-06 0.000649613 -0.000260617 -0.000161483 -0.00651815 0.0162453
8.16 -3.31654e-06 0.000525688 -0.000197868 -0.000205956 -0.00494877 0.0131459
8.18 -4.96837e-06 0.000374304 -0.000136958 -0.000242227 -0.00342539 0.00935969
8.2 -7.10412e-06 0.000198652 -9.24497e-05 -0.000267653 -0.0023122 0.00496656
8.22 -9.77701e-06 2.6446e-06 -7.45423e-05 -0.000279233 -0.00186433 6.43451e-05
8.24 -1.28736e-05 -0.000205413 -8.37285e-05 -0.000277288 -0.00209408 -0.00513925
8.26 -1.6078e-05 -0.000413062 -0.000111472 -0.000265178 -0.00278795 -0.0103327
8.28 -1.89078e-05 -0.000607466 -0.000142803 -0.000245689 -0.00357156 -0.0151948
8.3 -2.08355e-05 -0.00077775 -0.000156998 -0.000219237 -0.00392658 -0.0194537
8.32 -2.14619e-05 -0.000914472 -0.00014161 -0.0001856 -0.00354173 -0.0228734
8.34 -2.06588e-05 -0.00100922 -0.000101679 -0.000146471 -0.00254304 -0.0252435
8.36 -1.86058e-05 -0.00105636 -4.80545e-05 -0.000106304 -0.00120186 -0.0264228
8.38 -1.56952e-05 -0.00105575 1.13674e-05 -7.10523e-05 0.000284303 -0.0264077
8.4 -1.23674e-05 -0.00101436 6.96589e-05 -4.51576e-05 0.0017422 -0.0253723
8.42 -9.01209e-06 -0.000945673 0.000118512 -2.76587e-05 0.00296403 -0.0236546
8.44 -5.97027e-06 -0.000870655 0.000152745 -1.12783e-05 0.00382023 -0.0217783
8.46 -3.50123e-06 -0.000805419 0.000172906 1.17395e-05 0.00432445 -0.0201468
8.48 -1.67794e-06 -0.000742414 0.000181691 4.21548e-05 0.00454417 -0.018571
8.5 -3.07829e-07 -0.000663599 0.000179989 7.44746e-05 0.00450159 -0.0165998
8.52 1.02236e-06 -0.00055903 0.000167622 0.000104545 0.00419229 -0.0139845
8.54 2.7359e-06 -0.000426577 0.000146145 0.000131789 0.00365515 -0.0106718
8.56 5.03479e-06 -0.00026312 0.000119936 0.000153556 0.00299964 -0.00658362
8.58 7.82766e-06 -6.47816e-05 9.54676e-05 0.000163206 0.00238768 -0.0016231
8.6 1.08147e-05 0.000157701 7.84649e-05 0.000156802 0.00196244 0.00394128
8.62 1.36053e-05 0.000376351 7.34827e-05 0.000138443 0.00183783 0.00940982
8.64 1.57825e-05 0.000561744 7.81902e-05 0.000116601 0.00195557 0.0140466
8.66 1.69482e-05 0.000698184 7.87647e-05 9.7123e-05 0.00196994 0.017459
8.68 1.68216e-05 0.000784148 6.32796e-05 8.10566e-05 0.00158265 0.0196091
8.7 1.53716e-05 0.00082575 3.12789e-05 6.71867e-05 0.000782299 0.0206497
8.72 1.28799e-05 0.000833121 -1.26227e-05 5.45796e-05 -0.000315699 0.0208341
8.74 9.8506e-06 0.000818858 -6.48035e-05 4.31199e-05 -0.00162076 0.0204773
8.76 6.80916e-06 0.000794927 -0.000119782 3.28964e-05 -0.00299579 0.0198788
8.78 4.13143e-06 0.000770129 -0.000168317 2.30379e-05 -0.00420969 0.0192586
8.8 2.00475e-06 0.000750487 -0.000203142 1.07008e-05 -0.00508067 0.0187674
8.82 4.58461e-07 0.000736374 -0.000223127 -7.30898e-06 -0.0055805 0.0184144
8.84 -6.33978e-07 0.00071393 -0.000230617 -3.04868e-05 -0.00576782 0.017853
8.86 -1.5471e-06 0.000661796 -0.000227751 -5.44928e-05 -0.00569616 0.0165492
8.88 -2.63397e-06 0.000569704 -0.000216181 -7.67637e-05 -0.00540678 0.0142459
8.9 -4.18365e-06 0.000441642 -0.00019857 -9.8789e-05 -0.00496632 0.011043
8.92 -6.27998e-06 0.000282919 -0.000179188 -0.000120811 -0.00448157 0.00707328
8.94 -8.77226e-06 9.55432e-05 -0.000162231 -0.00013832 -0.00405747 0.00238694
8.96 -1.13572e-05 -0.000110486 -0.00015046 -0.000146678 -0.00376307 -0.00276594
8.98 -1.36773e-05 -0.000313208 -0.0001421 -0.000146468 -0.00355399 -0.00783609
9 -1.53688e-05 -0.000490331 -0.000127315 -0.000141697 -0.0031842 -0.012266
9.02 -1.61111e-05 -0.000630167 -9.97822e-05 -0.000134541 -0.00249559 -0.0157634
9.04 -1.57311e-05 -0.000729464 -6.58354e-05 -0.000124292 -0.00164657 -0.0182469
9.06 -1.42912e-05 -0.000787059 -3.43358e-05 -0.000110598 -0.000858753 -0.0196874
9.08 -1.20575e-05 -0.000804619 -6.20669e-06 -9.54333e-05 -0.000155232 -0.0201266
9.1 -9.36459e-06 -0.000790585 2.37082e-05 -8.16016e-05 0.000592952 -0.0197755
9.12 -6.50162e-06 -0.000758416 5.89801e-05 -7.02534e-05 0.00147512 -0.018971
9.14 -3.70967e-06 -0.00072057 9.90793e-05 -5.94519e-05 0.00247802 -0.0180244
9.16 -1.23279e-06 -0.000685424 0.000139046 -4.43232e-05 0.00347761 -0.0171454
9.18 7.0708e-07 -0.000654095 0.000169035 -2.02375e-05 0.00422763 -0.0163619
9.2 2.03154e-06 -0.000616962 0.0001786 1.26153e-05 0.00446686 -0.0154332
9.22 2.90067e-06 -0.000561897 0.000164295 4.93791e-05 0.00410909 -0.014056
9.24 3.66371e-06 -0.000487074 0.000131669 8.56018e-05 0.00329309 -0.0121846
9.26 4.66389e-06 -0.000399167 9.10308e-05 0.000119361 0.00227672 -0.00998601
9.28 6.0545e-06 -0.000299683 5.40006e-05 0.000148252 0.00135058 -0.00749789
9.3 7.78402e-06 -0.000181386 3.16578e-05 0.000168243 0.000791775 -0.00453923
9.32 9.70632e-06 -4.18741e-05 2.98573e-05 0.000177604 0.000746744 -0.00104998
9.34 1.16409e-05 0.00010544 4.69586e-05 0.000179819 0.00117445 0.0026344
9.36 1.33159e-05 0.000239173 6.88535e-05 0.000180408 0.00172206 0.00597914
9.38 1.43229e-05 0.000347528 7.28099e-05 0.000181461 0.00182101 0.00868913
9.4 1.42577e-05 0.000433619 4.75484e-05 0.000180448 0.0011892 0.0108423
9.42 1.29936e-05 0.000504114 -4.44109e-07 0.000173708 -1.11072e-05 0.0126054
9.44 1.08251e-05 0.000558571 -5.92833e-05 0.000159832 -0.0014827 0.0139674
9.46 8.31688e-06 0.000592074 -0.000120774 0.000139933 -0.00302061 0.0148053
9.48 5.97224e-06 0.000604168 -0.000177166 0.000116053 -0.00443098 0.0151078
9.5 4.01309e-06 0.000601294 -0.000218695 8.97649e-05 -0.00546965 0.0150359
9.52 2.41905e-06 0.000590826 -0.000239472 6.14634e-05 -0.00598929 0.0147741
9.54 1.08877e-06 0.000573584 -0.000242573 3.0667e-05 -0.00606685 0.0143429
9.56 -8.1482e-08 0.000541507 -0.000236344 -2.60358e-06 -0.00591107 0.0135406
9.58 -1.2257e-06 0.000484296 -0.00022718 -3.72324e-05 -0.00568186 0.0121098
9.6 -2.53011e-06 0.000398804 -0.000217332 -7.21512e-05 -0.00543557 0.00997157
9.62 -4.17276e-06 0.000289008 -0.000207759 -0.000106823 -0.00519614 0.00722552
9.64 -6.21778e-06 0.000158285 -0.000200035 -0.000139688 -0.00500297 0.00395609
9.66 -8.55607e-06 8.05591e-06 -0.000195147 -0.000167156 -0.0048807 0.000198793
9.68 -1.0928e-05 -0.000154105 -0.00019228 -0.00018533 -0.004809 -0.00385692
9.7 -1.29915e-05 -0.000309932 -0.000190339 -0.000192627 -0.00476045 -0.00775422
9.72 -1.43934e-05 -0.00043807 -0.000187173 -0.000190133 -0.00468127 -0.010959
9.74 -1.48429e-05 -0.000525619 -0.000177601 -0.000179845 -0.00444189 -0.0131486
9.76 -1.42008e-05 -0.000571561 -0.000159558 -0.0001635 -0.00399061 -0.0142977
9.78 -1.25446e-05 -0.000581852 -0.000135992 -0.000142907 -0.00340122 -0.014555
9.8 -1.01457e-05 -0.000564376 -0.000107338 -0.000120158 -0.00268456 -0.014118
9.82 -7.35243e-06 -0.000527413 -6.93059e-05 -9.64901e-05 -0.00173337 -0.0131935
9.84 -4.45863e-06 -0.000478986 -1.98317e-05 -7.08542e-05 -0.000495999 -0.0119823
9.86 -1.65883e-06 -0.000424992 3.44043e-05 -4.05254e-05 0.000860467 -0.0106319
9.88 9.08769e-07 -0.000367716 8.10254e-05 -3.90668e-06 0.00202648 -0.00919942
9.9 3.12623e-06 -0.000306492 0.000109809 3.76923e-05 0.00274637 -0.00766819
9.92 4.93567e-06 -0.000238664 0.000116832 8.10684e-05 0.00292201 -0.00597177
9.94 6.40619e-06 -0.000160071 0.00010409 0.000122705 0.00260334 -0.00400613
9.96 7.73012e-06 -6.74032e-05 7.83632e-05 0.000159068 0.0019599 -0.00168847
9.98 9.119e-06 3.78112e-05 4.93836e-05 0.000186887 0.0012351 0.000942984
10 1.06669e-05 0.000147876 2.58304e-05 0.00020453 0.00064603 0.00369576
10.02 1.22852e-05 0.000252659 1.19155e-05 0.000212923 0.000298012 0.00631642
10.04 1.37574e-05 0.000344995 7.8579e-06 0.000214631 0.000196529 0.00862577
10.06 1.48676e-05 0.000422478 1.48523e-05 0.000212028 0.000371463 0.0105637
10.08 1.54879e-05 0.000485013 3.1725e-05 0.00020614 0.000793455 0.0121277
10.1 1.55539e-05 0.000532159 4.68428e-05 0.00019668 0.00117156 0.0133068
10.12 1.49875e-05 0.000562441 4.51143e-05 0.000182907 0.00112833 0.0140642
10.14 1.36875e-05 0.000573816 2.05145e-05 0.000164375 0.000513076 0.0143487
10.16 1.16236e-05 0.000564665 -2.31674e-05 0.000140763 -0.000579427 0.0141198
10.18 8.94125e-06 0.000534575 -7.8759e-05 0.000111661 -0.0019698 0.0133673
10.2 5.9477e-06 0.000483754 -0.000137017 7.75853e-05 -0.00342686 0.0120962
10.22 2.97537e-06 0.000412513 -0.000185763 4.08417e-05 -0.00464601 0.0103144
10.24 2.38883e-07 0.000322744 -0.000215077 4.26299e-06 -0.00537916 0.00806928
10.26 -2.2114e-06 0.00021973 -0.00022422 -3.05186e-05 -0.00560783 0.00549285
10.28 -4.43601e-06 0.00011128 -0.000220519 -6.28455e-05 -0.00551526 0.00278046
10.3 -6.51657e-06 4.29138e-06 -0.000211939 -9.18912e-05 -0.00530067 0.00010464
10.32 -8.49256e-06 -9.75703e-05 -0.000203137 -0.000116656 -0.00508053 -0.00244296
10.34 -1.03531e-05 -0.000193181 -0.000197343 -0.000136618 -0.00493562 -0.00483422
10.36 -1.20636e-05 -0.000282186 -0.000197816 -0.00015162 -0.00494746 -0.00706029
10.38 -1.35783e-05 -0.000364132 -0.000205729 -0.000161319 -0.00514538 -0.00910979
10.4 -1.48159e-05 -0.000438095 -0.000218787 -0.000165257 -0.00547195 -0.0109596
10.42 -1.5627e-05 -0.000501875 -0.000230934 -0.000163409 -0.00577576 -0.0125548
10.44 -1.58074e-05 -0.00055181 -0.000233188 -0.000156242 -0.00583214 -0.0138037
10.46 -1.5165e-05 -0.0005839 -0.000216593 -0.000144326 -0.00541709 -0.0146063
10.48 -1.36141e-05 -0.000594836 -0.000180368 -0.00012821 -0.00451109 -0.0148798
10.5 -1.12384e-05 -0.000582297 -0.000132055 -0.00010832 -0.00330275 -0.0145662
10.52 -8.27328e-06 -0.000544941 -7.8206e-05 -8.47412e-05 -0.00195596 -0.0136319
10.54 -5.01503e-06 -0.000482932 -2.37932e-05 -5.77022e-05 -0.000595077 -0.012081
10.56 -1.72614e-06 -0.000399892 2.34145e-05 -2.81994e-05 0.000585607 -0.0100042
10.58 1.39415e-06 -0.000304437 5.49022e-05 2.6943e-06 0.00137313 -0.00761678
10.6 4.19365e-06 -0.000207776 6.91736e-05 3.48044e-05 0.00173006 -0.00519926
10.62 6.5723e-06 -0.000118171 7.2659e-05 6.811e-05 0.00181723 -0.00295819
10.64 8.51973e-06 -3.72384e-05 7.26626e-05 0.000101309 0.00181732 -0.000934038
10.66 1.01256e-05 3.86947e-05 7.25352e-05 0.000132074 0.00181414 0.000965081
10.68 1.15244e-05 0.00011449 7.28679e-05 0.000158651 0.00182246 0.00286075
10.7 1.28053e-05 0.000192969 7.29093e-05 0.000180544 0.00182349 0.00482355
10.72 1.39503e-05 0.000273641 7.01883e-05 0.000197778 0.00175544 0.00684118
10.74 1.48351e-05 0.000352921 6.18683e-05 0.000210125 0.00154735 0.00882401
10.76 1.52888e-05 0.000425524 4.96154e-05 0.000216916 0.0012409 0.0106398
10.78 1.51637e-05 0.000486045 3.3738e-05 0.000217076 0.000843802 0.0121535
10.8 1.43637e-05 0.000529141 1.01419e-05 0.000209774 0.000253653 0.0132313
10.82 1.28466e-05 0.000548844 -2.23915e-05 0.000195526 -0.000560021 0.0137241
10.84 1.06354e-05 0.000540669 -6.1655e-05 0.000176077 -0.00154202 0.0135197
10.86 7.84716e-06 0.000506172 -0.000105525 0.000152664 -0.00263921 0.0126569
10.88 4.70661e-06 0.000453761 -0.000152428 0.000125047 -0.00381229 0.0113461
10.9 1.508e-06 0.000393672 -0.000197665 9.27715e-05 -0.00494367 0.00984321
10.92 -1.46498e-06 0.000332287 -0.000234744 5.65315e-05 -0.00587106 0.00830795
10.94 -4.0272e-06 0.000270257 -0.000260243 1.76044e-05 -0.00650878 0.00675656
10.96 -6.14182e-06 0.000204269 -0.000274165 -2.31556e-05 -0.00685699 0.00510616
10.98 -7.89509e-06 0.000130543 -0.000276201 -6.48821e-05 -0.00690791 0.00326224
11 -9.40839e-06 4.79203e-05 -0.000265537 -0.000105804 -0.00664119 0.00119582
11.02 -1.07533e-05 -4.12382e-05 -0.000244712 -0.000143466 -0.00612034 -0.00103407
11.04 -1.19262e-05 -0.00013203 -0.000220777 -0.000175587 -0.00552172 -0.00330481
11.06 -1.28784e-05 -0.000218169 -0.00020163 -0.000200453 -0.00504286 -0.00545918
11.08 -1.35486e-05 -0.000293213 -0.000192411 -0.000217012 -0.00481228 -0.00733606
11.1 -1.38721e-05 -0.000352632 -0.000195685 -0.000225042 -0.00489415 -0.00882215
11.12 -1.37655e-05 -0.000396087 -0.000204339 -0.000224844 -0.0051106 -0.00990899
11.14 -1.31159e-05 -0.000427534 -0.000200959 -0.000216675 -0.00502608 -0.0106955
11.16 -1.18158e-05 -0.000451621 -0.00017508 -0.000200836 -0.00437883 -0.0112979
11.18 -9.83811e-06 -0.00046987 -0.000129604 -0.000178083 -0.00324145 -0.0117543
11.2 -7.29425e-06 -0.000480744 -7.09932e-05 -0.000149353 -0.00177557 -0.0120263
11.22 -4.41372e-06 -0.00048172 -4.32793e-06 -0.000115152 -0.000108243 -0.0120507
11.24 -1.45651e-06 -0.000469914 6.08352e-05 -7.57755e-05 0.00152151 -0.0117554
11.26 1.35947e-06 -0.000442328 0.000110034 -3.21928e-05 0.00275199 -0.0110655
11.28 3.87822e-06 -0.000397677 0.000134126 1.40527e-05 0.00335455 -0.00994876
11.3 6.0067e-06 -0.000337676 0.000134701 6.18364e-05 0.00336892 -0.0084481
11.32 7.7201e-06 -0.000266146 0.000117473 0.000110395 0.00293805 -0.00665912
11.34 9.05055e-06 -0.000188306 8.64619e-05 0.000158097 0.00216245 -0.0047123
11.36 1.00562e-05 -0.000111106 4.75412e-05 0.000202109 0.00118903 -0.0027815
11.38 1.08019e-05 -4.16995e-05 1.18703e-05 0.000239627 0.000296882 -0.00104561
11.4 1.13633e-05 1.67872e-05 -9.41858e-06 0.000268951 -0.000235563 0.000417166
11.42 1.18252e-05 6.77919e-05 -1.27315e-05 0.000289285 -0.000318421 0.00169281
11.44 1.22463e-05 0.000118581 -6.65836e-07 0.000300092 -1.66527e-05 0.00296308
11.46 1.26037e-05 0.000175197 1.87165e-05 0.000300903 0.000468107 0.00437905
11.48 1.27528e-05 0.000239437 2.79851e-05 0.000291494 0.00069992 0.00598574
11.5 1.24412e-05 0.000307517 1.2739e-05 0.000272171 0.000318609 0.00768844
11.52 1.1412e-05 0.00036988 -2.64291e-05 0.000243985 -0.000661003 0.00924817
11.54 9.54927e-06 0.000415251 -8.19327e-05 0.00020859 -0.00204917 0.0103829
11.56 6.96139e-06 0.000437562 -0.000148347 0.000167705 -0.00371022 0.0109409
11.58 3.94265e-06 0.000437621 -0.0002186 0.000122823 -0.00546728 0.0109424
11.6 8.60257e-07 0.00041843 -0.000278072 7.5377e-05 -0.00695469 0.0104624
11.62 -1.95263e-06 0.000383356 -0.000312847 2.66231e-05 -0.00782444 0.00958522
11.64 -4.2705e-06 0.000339662 -0.00032117 -2.27597e-05 -0.00803259 0.0084924
11.66 -6.0146e-06 0.000298071 -0.000310754 -7.23899e-05 -0.00777208 0.0074522
11.68 -7.24263e-06 0.000264715 -0.000288313 -0.0001212 -0.00721082 0.00661795
11.7 -8.09749e-06 0.000235082 -0.000257775 -0.000167056 -0.00644706 0.00587682
11.72 -8.76201e-06 0.000197769 -0.000225225 -0.000207525 -0.00563297 0.00494359
11.74 -9.43606e-06 0.000143013 -0.000198408 -0.000240757 -0.00496228 0.00357412
11.76 -1.02974e-05 6.72234e-05 -0.000181683 -0.000265502 -0.00454397 0.0016786
11.78 -1.14253e-05 -2.78072e-05 -0.000175242 -0.00028063 -0.00438288 -0.00069816
11.8 -1.27305e-05 -0.000136674 -0.000180255 -0.000285042 -0.00450826 -0.00342097
11.82 -1.39536e-05 -0.000251091 -0.000196025 -0.000278107 -0.00490267 -0.00628257
11.84 -1.47285e-05 -0.000360736 -0.000207707 -0.000260163 -0.00519483 -0.00902484
11.86 -1.46859e-05 -0.00045497 -0.00019654 -0.000232683 -0.00491554 -0.0113817
11.88 -1.35923e-05 -0.000525317 -0.000158077 -0.000197885 -0.00395356 -0.0131411
11.9 -1.14715e-05 -0.000568231 -9.92082e-05 -0.000158084 -0.00248124 -0.0142144
11.92 -8.62354e-06 -0.000586284 -2.90552e-05 -0.000115358 -0.000726682 -0.0146659
11.94 -5.49809e-06 -0.00058597 4.18329e-05 -7.13158e-05 0.00104626 -0.0146581
11.96 -2.50389e-06 -0.000573702 9.94011e-05 -2.67076e-05 0.00248606 -0.0143512
11.98 1.15192e-07 -0.000553255 0.00013263 1.84856e-05 0.00331714 -0.0138398
12 2.29343e-06 -0.000525684 0.000140505 6.42914e-05 0.00351408 -0.0131503
12.02 4.08946e-06 -0.000489935 0.000128663 0.000110173 0.00321793 -0.0122562
12.04 5.61575e-06 -0.000443567 0.000101761 0.000155003 0.00254508 -0.0110965
12.06 6.98302e-06 -0.000384722 6.3036e-05 0.000197087 0.00157656 -0.00962476
12.08 8.27865e-06 -0.000314178 1.87329e-05 0.000234128 0.000468518 -0.00786042
12.1 9.57072e-06 -0.000234825 -2.15845e-05 0.000263679 -0.000539837 -0.00587575
12.12 1.09059e-05 -0.000149268 -4.91538e-05 0.000284023 -0.00122936 -0.00373595
12.14 1.22882e-05 -5.89155e-05 -5.88346e-05 0.00029465 -0.00147148 -0.00147619
12.16 1.36536e-05 3.4725e-05 -5.04232e-05 0.000296019 -0.00126111 0.000865798
12.18 1.48605e-05 0.000128986 -2.81846e-05 0.000289145 -0.000704908 0.00322331
12.2 1.57145e-05 0.000220768 -3.35486e-06 0.00027519 -8.39064e-05 0.00551882
12.22 1.59752e-05 0.000307556 2.92301e-06 0.000254926 7.31059e-05 0.00768943
12.24 1.54076e-05 0.000387122 -2.23848e-05 0.000228634 -0.000559852 0.00967939
12.26 1.39108e-05 0.000456551 -7.33406e-05 0.000196972 -0.00183428 0.0114158
12.28 1.16083e-05 0.000512182 -0.000139187 0.000161856 -0.00348112 0.0128072
12.3 8.8137e-06 0.000550597 -0.000213314 0.000125956 -0.00533507 0.013768
12.32 5.87443e-06 0.000569679 -0.000288255 9.09898e-05 -0.00720937 0.0142452
12.34 3.03706e-06 0.000569161 -0.000351092 5.6685e-05 -0.00878096 0.0142323
12.36 4.30317e-07 0.000550146 -0.000390471 2.16342e-05 -0.00976585 0.0137567
12.38 -1.87725e-06 0.000513727 -0.000402864 -1.51064e-05 -0.0100758 0.0128458
12.4 -3.84636e-06 0.000460336 -0.000389671 -5.34038e-05 -0.00974584 0.0115105
12.42 -5.48458e-06 0.000390981 -0.000353448 -9.22931e-05 -0.00883989 0.0097759
12.44 -6.8668e-06 0.000308704 -0.00030053 -0.000129998 -0.00751638 0.00771812
12.46 -8.12065e-06 0.000217897 -0.000243496 -0.000163814 -0.00608993 0.00544701
12.48 -9.37509e-06 0.000122409 -0.000196667 -0.000190765 -0.00491873 0.00305881
12.5 -1.0696e-05 2.53547e-05 -0.000169343 -0.00020888 -0.00423534 0.000631443
12.52 -1.20454e-05 -6.94604e-05 -0.000163705 -0.000217928 -0.00409432 -0.00173992
12.54 -1.32833e-05 -0.00015708 -0.00017829 -0.000219095 -0.00445911 -0.00393132
12.56 -1.42063e-05 -0.000232387 -0.000210325 -0.000213985 -0.00526031 -0.00581478
12.58 -1.45746e-05 -0.000291491 -0.000242596 -0.000203575 -0.00606742 -0.007293
12.6 -1.41289e-05 -0.000332905 -0.00024854 -0.000187941 -0.00621609 -0.00832878
12.62 -1.26751e-05 -0.000356977 -0.000218646 -0.000167011 -0.00546842 -0.00893084
12.64 -1.02213e-05 -0.000364799 -0.000161763 -0.000141305 -0.00404576 -0.00912646
12.66 -7.0549e-06 -0.00035891 -8.81012e-05 -0.000111793 -0.00220345 -0.00897918
12.68 -3.6546e-06 -0.000344111 -5.55307e-06 -7.94516e-05 -0.000138884 -0.00860906
12.7 -4.83261e-07 -0.0003262 7.05567e-05 -4.52002e-05 0.00176465 -0.00816108
12.72 2.16907e-06 -0.000309652 0.000120998 -9.83289e-06 0.00302621 -0.0077472
12.74 4.20709e-06 -0.000296933 0.000137589 2.62225e-05 0.00344116 -0.0074291
12.76 5.67436e-06 -0.000289567 0.000127497 6.27336e-05 0.00318876 -0.00724487
12.78 6.69228e-06 -0.000288176 0.000103397 9.91109e-05 0.00258599 -0.00721009
12.8 7.41184e-06 -0.000289971 7.51771e-05 0.000134257 0.00188021 -0.00725497
12.82 7.98049e-06 -0.000286843 4.95739e-05 0.000166933 0.00123986 -0.00717676
12.84 8.52604e-06 -0.000268336 3.11861e-05 0.000196059 0.000779979 -0.00671387
12.86 9.13914e-06 -0.000227742 2.15883e-05 0.000220699 0.000539932 -0.0056986
12.88 9.83287e-06 -0.000165295 1.84935e-05 0.000239918 0.000462531 -0.00413678
12.9 1.04978e-05 -8.65049e-05 2.00592e-05 0.000252562 0.00050169 -0.00216621
12.92 1.09223e-05 1.01347e-06 2.21518e-05 0.000257088 0.000554026 2.26582e-05
12.94 1.08304e-05 8.8776e-05 1.13836e-05 0.000251894 0.000284708 0.00221763
12.96 9.96211e-06 0.000166748 -2.14842e-05 0.000236367 -0.000537329 0.00416774
12.98 8.20724e-06 0.000224156 -7.27688e-05 0.000211746 -0.00181998 0.00560356
13 5.68981e-06 0.000254506 -0.000135395 0.000180698 -0.0033863 0.00636261
13.02 2.75043e-06 0.000260812 -0.00020333 0.00014592 -0.00508537 0.00652033
13.04 -1.81344e-07 0.000253844 -0.000267078 0.000108974 -0.00667972 0.00634605
13.06 -2.73785e-06 0.000244074 -0.000313804 6.99428e-05 -0.00784836 0.00610169
13.08 -4.71201e-06 0.000235808 -0.00033627 2.8065e-05 -0.00841026 0.00589495
13.1 -6.08056e-06 0.000228591 -0.000336533 -1.70093e-05 -0.00841684 0.00571447
13.12 -6.96634e-06 0.000221625 -0.00032019 -6.4479e-05 -0.00800808 0.00554024
13.14 -7.55923e-06 0.000214282 -0.000291687 -0.00011268 -0.00729522 0.00535658
13.16 -8.03745e-06 0.000203103 -0.000256029 -0.00015942 -0.00640338 0.005077
13.18 -8.53155e-06 0.000181707 -0.000220382 -0.000201775 -0.00551185 0.00454188
13.2 -9.12422e-06 0.000145728 -0.000192015 -0.000236332 -0.00480239 0.00364203
13.22 -9.84179e-06 9.72442e-05 -0.000176628 -0.000260395 -0.00441755 0.00242943
13.24 -1.06225e-05 4.36874e-05 -0.000178102 -0.000273045 -0.0044544 0.00108995
13.26 -1.12893e-05 -6.64197e-06 -0.000197344 -0.000274992 -0.00493567 -0.000168808
13.28 -1.15773e-05 -4.80239e-05 -0.000226555 -0.000267585 -0.00566622 -0.00120379
13.3 -1.12016e-05 -7.89168e-05 -0.000244269 -0.000251882 -0.00610927 -0.00197643
13.32 -9.95728e-06 -0.000103001 -0.000232745 -0.000228373 -0.00582105 -0.0025788
13.34 -7.84776e-06 -0.000128759 -0.000191459 -0.000197426 -0.00478846 -0.003223
13.36 -5.14563e-06 -0.000165973 -0.000126367 -0.000160042 -0.0031605 -0.00415374
13.38 -2.30222e-06 -0.000220345 -4.30818e-05 -0.000118169 -0.00107749 -0.00551362
13.4 2.6048e-07 -0.000289803 4.74468e-05 -7.39139e-05 0.00118667 -0.00725077
13.42 2.31484e-06 -0.000365441 0.000126021 -2.82328e-05 0.00315184 -0.00914253
13.44 3.83376e-06 -0.000435938 0.000175673 1.91198e-05 0.00439365 -0.0109057
13.46 4.88921e-06 -0.000491873 0.000190795 6.81511e-05 0.00477187 -0.0123046
13.48 5.56522e-06 -0.000527497 0.000174259 0.00011773 0.00435829 -0.0131956
13.5 5.94213e-06 -0.000539673 0.000131901 0.00016616 0.0032989 -0.0135001
13.52 6.1294e-06 -0.000525945 7.37211e-05 0.000211736 0.00184379 -0.0131568
13.54 6.29152e-06 -0.000484928 1.49466e-05 0.000252409 0.000373821 -0.0121309
13.56 6.61632e-06 -0.000419324 -2.99085e-05 0.000285707 -0.000748023 -0.0104902
13.58 7.21722e-06 -0.000337192 -5.60117e-05 0.000309626 -0.00140088 -0.00843601
13.6 8.04428e-06 -0.000247727 -6.16029e-05 0.000323182 -0.00154071 -0.00619844
13.62 8.89369e-06 -0.00015546 -4.65733e-05 0.000325648 -0.00116482 -0.00389082
13.64 9.49667e-06 -5.91276e-05 -2.49065e-05 0.00031574 -0.000622922 -0.0014815
13.66 9.60587e-06 4.3841e-05 -1.86869e-05 0.000292518 -0.000467367 0.00109379
13.68 9.05823e-06 0.000151199 -4.07917e-05 0.000257262 -0.00102022 0.00377887
13.7 7.8195e-06 0.000255646 -9.18184e-05 0.000213534 -0.00229642 0.00639113
13.72 6.00947e-06 0.000350673 -0.000167954 0.000165291 -0.0042006 0.00876779
13.74 3.89257e-06 0.000434261 -0.000258441 0.000115614 -0.00646371 0.0108584
13.76 1.82052e-06 0.000507135 -0.000340553 6.64587e-05 -0.00851738 0.012681
13.78 1.40958e-07 0.000569548 -0.00038957 1.82517e-05 -0.0097433 0.0142419
13.8 -9.18833e-07 0.000620406 -0.000395086 -2.98451e-05 -0.00988126 0.0155139
13.82 -1.35273e-06 0.000658814 -0.000363844 -7.81479e-05 -0.00909989 0.0164745
13.84 -1.3813e-06 0.000685878 -0.000310091 -0.000125256 -0.00775551 0.0171514
13.86 -1.33205e-06 0.000703904 -0.000248162 -0.00016909 -0.00620664 0.0176022
13.88 -1.48176e-06 0.000712671 -0.000191243 -0.000208194 -0.00478306 0.0178215
13.9 -1.97954e-06 0.000706894 -0.000149965 -0.000241269 -0.00375069 0.017677
13.92 -2.87228e-06 0.000678909 -0.00012985 -0.00026634 -0.00324761 0.0169771
13.94 -4.15543e-06 0.000624422 -0.000131941 -0.000281545 -0.00329991 0.0156144
13.96 -5.77784e-06 0.000544093 -0.000156774 -0.000286371 -0.00392098 0.0136053
13.98 -7.59381e-06 0.00043911 -0.000199057 -0.000281374 -0.00497849 0.0109796
14 -9.33576e-06 0.000308419 -0.000238125 -0.00026741 -0.00595562 0.00771101
14.02 -1.06593e-05 0.000152256 -0.000245744 -0.00024556 -0.00614616 0.0038053
14.04 -1.12406e-05 -2.22741e-05 -0.000206271 -0.000216859 -0.00515893 -0.000559771
14.06 -1.09265e-05 -0.000199179 -0.000129738 -0.00018197 -0.00324481 -0.00498425
14.08 -9.82562e-06 -0.000357209 -3.88323e-05 -0.000141925 -0.000971211 -0.00893663
14.1 -8.24009e-06 -0.000479106 4.73237e-05 -9.91672e-05 0.00118359 -0.0119853
14.12 -6.50442e-06 -0.000561304 0.000112759 -5.709e-05 0.00282015 -0.0140411
14.14 -4.86313e-06 -0.000614462 0.000146754 -1.82642e-05 0.00367039 -0.0153706
14.16 -3.46013e-06 -0.000653657 0.000151923 1.64676e-05 0.00379966 -0.0163509
14.18 -2.3658e-06 -0.000688722 0.000144495 4.74119e-05 0.00361388 -0.0172279
14.2 -1.57941e-06 -0.00072337 0.000140295 7.5586e-05 0.00350884 -0.0180945
14.22 -1.03237e-06 -0.000759214 0.000142575 0.00010283 0.00356585 -0.018991
14.24 -6.23601e-07 -0.00079526 0.000144321 0.000130863 0.00360953 -0.0198925
14.26 -2.4252e-07 -0.000820825 0.000137586 0.000159191 0.00344108 -0.0205319
14.28 2.57363e-07 -0.000812645 0.000118444 0.00018445 0.00296233 -0.0203273
14.3 1.07948e-06 -0.000746368 8.85152e-05 0.000202455 0.0022138 -0.0186697
14.32 2.41831e-06 -0.000615183 5.54001e-05 0.000210439 0.00138558 -0.0153887
14.34 4.31417e-06 -0.000435897 3.11441e-05 0.000207198 0.000778926 -0.0109047
14.36 6.54582e-06 -0.000236419 2.72911e-05 0.000192677 0.000682562 -0.00591565
14.38 8.63836e-06 -4.10921e-05 3.98784e-05 0.000168991 0.000997375 -0.00103046
14.4 1.0034e-05 0.00013337 4.8557e-05 0.000140931 0.00121443 0.00333291
14.42 1.03521e-05 0.000276984 3.70887e-05 0.000113427 0.000927603 0.00692476
14.44 9.57713e-06 0.000389329 2.82853e-06 8.81673e-05 7.07429e-05 0.00973455
14.46 8.07047e-06 0.000481544 -5.14748e-05 6.35058e-05 -0.00128741 0.0120409
14.48 6.37592e-06 0.000569314 -0.000123477 3.75549e-05 -0.0030882 0.0142361
14.5 4.9413e-06 0.000661325 -0.000204778 1.04685e-05 -0.00512159 0.0165373
14.52 3.94601e-06 0.000754353 -0.000278346 -1.64365e-05 -0.00696154 0.018864
14.54 3.32837e-06 0.000837473 -0.000327456 -4.29073e-05 -0.00818982 0.0209429
14.56 2.92485e-06 0.000898152 -0.00034442 -7.01599e-05 -0.00861409 0.0224606
14.58 2.5728e-06 0.000924154 -0.000329759 -9.84753e-05 -0.00824741 0.023111
14.6 2.11337e-06 0.000902464 -0.000288966 -0.000124849 -0.00722717 0.0225685
14.62 1.35911e-06 0.000824011 -0.00023365 -0.000144727 -0.00584368 0.0206064
14.64 1.24832e-07 0.000694244 -0.000181774 -0.000156467 -0.00454625 0.0173608
14.66 -1.66172e-06 0.000534794 -0.000151233 -0.000162382 -0.0037824 0.0133729
14.68 -3.85163e-06 0.00036932 -0.000151686 -0.00016489 -0.00379373 0.00923437
14.7 -6.08706e-06 0.000208013 -0.000181895 -0.000163407 -0.00454927 0.0052
14.72 -7.93987e-06 4.86837e-05 -0.000220722 -0.000155952 -0.00552034 0.00121511
14.74 -9.07224e-06 -0.000110126 -0.000232586 -0.000142247 -0.00581708 -0.00275678
14.76 -9.34233e-06 -0.000263678 -0.000198685 -0.000123624 -0.00496919 -0.00659718
14.78 -8.84569e-06 -0.000408599 -0.000130016 -0.000100692 -0.00325176 -0.0102217
14.8 -7.8873e-06 -0.000547255 -4.88305e-05 -7.31252e-05 -0.00122127 -0.0136896
14.82 -6.84229e-06 -0.000679093 2.9556e-05 -4.21727e-05 0.000739207 -0.0169869
14.84 -5.94771e-06 -0.000792346 9.41624e-05 -1.18066e-05 0.00235504 -0.0198195
14.86 -5.19393e-06 -0.000869728 0.000133665 1.39167e-05 0.00334302 -0.021755
14.88 -4.41644e-06 -0.000900851 0.000142979 3.44348e-05 0.00357597 -0.0225334
14.9 -3.48352e-06 -0.000887077 0.000128075 5.28685e-05 0.00320321 -0.0221889
14.92 -2.39782e-06 -0.0008381 9.95434e-05 7.27082e-05 0.00248962 -0.020964
14.94 -1.24214e-06 -0.000766178 6.64803e-05 9.49601e-05 0.0016627 -0.0191652
14.96 -4.63317e-08 -0.000678649 3.80979e-05 0.000118293 0.000952845 -0.0169761
14.98 1.28783e-06 -0.000573762 2.38657e-05 0.000140711 0.00059689 -0.0143528
15 2.92634e-06 -0.000445494 2.80501e-05 0.000160168 0.000701546 -0.0111448
15.02 4.9389e-06 -0.000292879 4.60697e-05 0.000173891 0.00115222 -0.00732782
15.04 7.16135e-06 -0.000123507 6.72991e-05 0.000178603 0.00168318 -0.00309175
15.06 9.19907e-06 5.09597e-05 7.77416e-05 0.000172398 0.00194435 0.00127174
15.08 1.05882e-05 0.000220243 6.32726e-05 0.000156114 0.00158247 0.00550557
15.1 1.10232e-05 0.000377731 1.88913e-05 0.000132692 0.000472481 0.00944441
15.12 1.05122e-05 0.000518975 -4.76811e-05 0.000105688 -0.00119252 0.012977
15.14 9.36157e-06 0.000639026 -0.000120739 7.84063e-05 -0.00301973 0.0159795
15.16 7.98939e-06 0.000732923 -0.000183931 5.34711e-05 -0.00460018 0.018328
15.18 6.69499e-06 0.000799426 -0.000227414 3.22251e-05 -0.00568772 0.0199913
15.2 5.5434e-06 0.000841783 -0.000250381 1.42226e-05 -0.00626214 0.0210507
15.22 4.42681e-06 0.000863066 -0.000258139 -2.87509e-06 -0.00645615 0.021583
15.24 3.21927e-06 0.000861973 -0.000256717 -2.27165e-05 -0.00642061 0.0215557
15.26 1.87472e-06 0.000832562 -0.000250216 -4.79927e-05 -0.00625801 0.0208201
15.28 3.91799e-07 0.000765923 -0.000241677 -7.76016e-05 -0.00604445 0.0191534
15.3 -1.26808e-06 0.00065676 -0.000233649 -0.000107347 -0.00584366 0.0164232
15.32 -3.18725e-06 0.000511569 -0.000227165 -0.000134042 -0.0056815 0.0127919
15.34 -5.39867e-06 0.000344513 -0.000222275 -0.000156813 -0.0055592 0.00861381
15.36 -7.78959e-06 0.0001649 -0.000219815 -0.000173955 -0.00549766 0.00412161
15.38 -1.01139e-05 -2.39526e-05 -0.000219649 -0.000181656 -0.00549351 -0.000601675
15.4 -1.2094e-05 -0.0002139 -0.000217138 -0.000177728 -0.00543071 -0.00535235
15.42 -1.3512e-05 -0.000389823 -0.000201888 -0.000164601 -0.0050493 -0.00975225
15.44 -1.42431e-05 -0.000541914 -0.000168455 -0.000146759 -0.00421312 -0.0135561
15.46 -1.42702e-05 -0.00067246 -0.000122919 -0.000126576 -0.00307427 -0.0168211
15.48 -1.36899e-05 -0.00078546 -7.46096e-05 -0.000104526 -0.00186602 -0.0196474
15.5 -1.26605e-05 -0.00087551 -3.07966e-05 -8.21777e-05 -0.000770235 -0.0218996
15.52 -1.12974e-05 -0.000932096 3.74702e-06 -6.23329e-05 9.37147e-05 -0.023315
15.54 -9.61331e-06 -0.000950403 2.80959e-05 -4.59561e-05 0.000702689 -0.023773
15.56 -7.57314e-06 -0.000932877 4.71396e-05 -3.03725e-05 0.00117898 -0.0233346
15.58 -5.21383e-06 -0.000884201 6.69247e-05 -1.12144e-05 0.00167381 -0.0221172
15.6 -2.69338e-06 -0.00080781 8.7541e-05 1.37592e-05 0.00218944 -0.0202066
15.62 -2.19931e-07 -0.000704487 0.000103157 4.31085e-05 0.00258001 -0.0176225
15.64 2.06708e-06 -0.000575403 0.000107683 7.41334e-05 0.0026932 -0.0143941
15.66 4.17206e-06 -0.000424298 9.81952e-05 0.000105192 0.0024559 -0.0106149
15.68 6.20341e-06 -0.000257129 7.56246e-05 0.000134211 0.0018914 -0.00643391
15.7 8.25371e-06 -8.15334e-05 4.57336e-05 0.000156775 0.00114382 -0.00204218
15.72 1.03131e-05 9.4892e-05 1.76404e-05 0.000168296 0.000441194 0.00237029
15.74 1.22737e-05 0.000265096 -2.01781e-07 0.000167919 -5.04648e-06 0.00662718
15.76 1.39874e-05 0.000421451 -3.22835e-06 0.000159066 -8.07421e-05 0.0105377
15.78 1.52877e-05 0.000555014 3.43698e-06 0.000146451 8.59605e-05 0.0138781
15.8 1.59787e-05 0.000657989 6.75811e-06 0.000133268 0.000169023 0.0164536
15.82 1.58503e-05 0.000726103 -3.34985e-06 0.000120551 -8.3781e-05 0.0181572
15.84 1.47504e-05 0.000757648 -2.93158e-05 0.000108015 -0.0007332 0.0189462
15.86 1.26905e-05 0.000752403 -6.92317e-05 9.49197e-05 -0.00173151 0.018815
15.88 9.89244e-06 0.000713494 -0.000119979 8.01229e-05 -0.00300074 0.0178419
15.9 6.72876e-06 0.000648728 -0.000175353 6.17823e-05 -0.00438564 0.016222
15.92 3.58964e-06 0.000566436 -0.000224821 3.83578e-05 -0.00562287 0.0141639
15.94 7.61779e-07 0.000470842 -0.000257621 1.0439e-05 -0.00644321 0.011773
15.96 -1.63395e-06 0.000363721 -0.000268774 -1.94276e-05 -0.00672215 0.00909389
15.98 -3.63687e-06 0.000248544 -0.000260357 -4.87292e-05 -0.00651164 0.00621327
16 -5.37615e-06 0.00013089 -0.000238428 -7.56705e-05 -0.00596319 0.00327067
16.02 -6.97888e-06 1.60907e-05 -0.000211097 -9.84005e-05 -0.00527963 0.000399506
16.04 -8.51872e-06 -9.23705e-05 -0.000188169 -0.000115313 -0.00470617 -0.00231316
16.06 -1.00244e-05 -0.000194063 -0.000178176 -0.00012636 -0.00445626 -0.00485652
16.08 -1.14995e-05 -0.000291447 -0.00018425 -0.000132999 -0.00460818 -0.00729213
16.1 -1.29016e-05 -0.000385885 -0.000203166 -0.000136618 -0.00508126 -0.00965407
16.12 -1.40883e-05 -0.000473084 -0.000226323 -0.000137579 -0.00566042 -0.011835
16.14 -1.47889e-05 -0.000544419 -0.000238531 -0.000135549 -0.00596576 -0.0136191
16.16 -1.46667e-05 -0.000592492 -0.000225515 -0.00012995 -0.00564023 -0.0148214
16.18 -1.34824e-05 -0.000613492 -0.000186766 -0.000120111 -0.00467108 -0.0153466
16.2 -1.12594e-05 -0.000605065 -0.000133435 -0.000105635 -0.00333727 -0.0151359
16.22 -8.30782e-06 -0.00056502 -7.71852e-05 -8.68131e-05 -0.00193043 -0.0141343
16.24 -5.06377e-06 -0.000493557 -2.58121e-05 -6.4615e-05 -0.000645572 -0.012347
16.26 -1.87806e-06 -0.000396251 1.43649e-05 -4.03025e-05 0.000359271 -0.00991333
16.28 1.07254e-06 -0.000283929 3.9429e-05 -1.48192e-05 0.000986135 -0.00710412
16.3 3.72484e-06 -0.000168617 5.10679e-05 1.16673e-05 0.00127723 -0.00422011
16.32 6.03435e-06 -5.8762e-05 5.38258e-05 3.94223e-05 0.00134621 -0.0014726
16.34 7.9502e-06 4.25973e-05 4.96746e-05 6.82032e-05 0.00124238 0.00106244
16.36 9.46361e-06 0.000136308 3.90823e-05 9.67206e-05 0.000977465 0.00340618
16.38 1.06601e-05 0.000224601 2.57079e-05 0.00012295 0.000642966 0.00561442
16.4 1.17014e-05 0.000309485 1.54345e-05 0.00014483 0.000386025 0.00773742
16.42 1.27218e-05 0.00039154 1.11696e-05 0.000160829 0.000279356 0.00978965
16.44 1.37078e-05 0.000468197 1.12856e-05 0.000170301 0.000282258 0.0117069
16.46 1.44618e-05 0.000532801 1.28874e-05 0.000173486 0.00032232 0.0133226
16.48 1.46881e-05 0.000576393 1.13152e-05 0.000171038 0.000282999 0.0144129
16.5 1.41351e-05 0.000591137 6.68234e-07 0.000163607 1.67129e-05 0.0147817
16.52 1.27092e-05 0.000572888 -2.0536e-05 0.000151881 -0.000513613 0.0143252
16.54 1.05054e-05 0.000522718 -4.94965e-05 0.000136361 -0.00123793 0.0130705
16.56 7.75751e-06 0.0004471 -8.32698e-05 0.00011691 -0.00208261 0.0111792
16.58 4.74951e-06 0.000355685 -0.000119039 9.31668e-05 -0.00297722 0.00889289
16.6 1.73687e-06 0.000257735 -0.000152048 6.54066e-05 -0.00380278 0.00644313
16.62 -1.09473e-06 0.00015989 -0.000177771 3.44647e-05 -0.00444613 0.00399598
16.64 -3.64184e-06 6.57641e-05 -0.000196097 1.22946e-06 -0.00490446 0.00164185
16.66 -5.88096e-06 -2.38336e-05 -0.00021002 -3.30452e-05 -0.00525269 -0.000599021
16.68 -7.84353e-06 -0.00010969 -0.000220552 -6.62828e-05 -0.00551611 -0.00274633
16.7 -9.56762e-06 -0.000192095 -0.000225903 -9.62518e-05 -0.00564992 -0.00480732
16.72 -1.10584e-05 -0.000269682 -0.000225488 -0.000121685 -0.00563955 -0.00674779
16.74 -1.22884e-05 -0.000339971 -0.000222088 -0.000142332 -0.00555451 -0.00850576
16.76 -1.32242e-05 -0.000400327 -0.000219474 -0.000158117 -0.00548913 -0.0100153
16.78 -1.38365e-05 -0.000448201 -0.000219205 -0.000168719 -0.00548242 -0.0112126
16.8 -1.40773e-05 -0.000480824 -0.000219024 -0.000173894 -0.00547789 -0.0120285
16.82 -1.38599e-05 -0.000495524 -0.000214404 -0.000173647 -0.00536234 -0.0123962
16.84 -1.30803e-05 -0.000491028 -0.000200768 -0.000167925 -0.0050213 -0.0122837
16.86 -1.1683e-05 -0.000468275 -0.000178385 -0.000156405 -0.00446149 -0.0117147
16.88 -9.71731e-06 -0.000429476 -0.000151847 -0.00013863 -0.00379777 -0.0107443
16.9 -7.32555e-06 -0.000376546 -0.000122246 -0.000114554 -0.00305742 -0.00942051
16.92 -4.67339e-06 -0.000310956 -8.72721e-05 -8.52588e-05 -0.00218271 -0.00778008
16.94 -1.89453e-06 -0.000234588 -4.80874e-05 -5.28283e-05 -0.00120269 -0.00587008
16.96 8.96781e-07 -0.00015016 -1.16635e-05 -1.91254e-05 -0.000291709 -0.0037585
16.98 3.56248e-06 -6.09581e-05 1.51293e-05 1.50262e-05 0.00037839 -0.00152752
17 5.94711e-06 2.97365e-05 3.05229e-05 4.92497e-05 0.00076339 0.00074079
17.02 7.94504e-06 0.00011922 3.63585e-05 8.2626e-05 0.000909342 0.00297881
17.04 9.55236e-06 0.000205384 3.43606e-05 0.000113643 0.000859374 0.0051338
17.06 1.08408e-05 0.000285847 2.56925e-05 0.00014086 0.000642581 0.00714621
17.08 1.1881e-05 0.000357258 1.27341e-05 0.00016326 0.000318486 0.00893224
17.1 1.26917e-05 0.00041595 -5.33401e-07 0.000180096 -1.33404e-05 0.0104001
17.12 1.32497e-05 0.000459165 -9.99212e-06 0.000190683 -0.000249907 0.011481
17.14 1.35264e-05 0.000485236 -1.29717e-05 0.000194467 -0.000324428 0.012133
17.16 1.34973e-05 0.000492647 -8.68713e-06 0.000191291 -0.000217268 0.0123184
17.18 1.31163e-05 0.000479716 6.98818e-08 0.000181583 1.74791e-06 0.011995
17.2 1.22932e-05 0.000445679 5.6484e-06 0.000166101 0.000141269 0.0111437
17.22 1.09224e-05 0.000391812 7.66773e-07 0.000145444 1.91775e-05 0.00979645
17.24 8.95976e-06 0.000321548 -1.65736e-05 0.000120058 -0.000414513 0.00803912
17.26 6.48723e-06 0.000239814 -4.44185e-05 9.06751e-05 -0.00111093 0.00599491
17.28 3.7059e-06 0.000151566 -7.92069e-05 5.83827e-05 -0.001981 0.00378779
17.3 8.52522e-07 5.99839e-05 -0.000116208 2.44507e-05 -0.00290642 0.00149729
17.32 -1.89196e-06 -3.38077e-05 -0.000149983 -9.54997e-06 -0.00375114 -0.000848477
17.34 -4.43073e-06 -0.000128338 -0.000176256 -4.17696e-05 -0.00440823 -0.00321271
17.36 -6.71025e-06 -0.000219013 -0.000193193 -7.06776e-05 -0.00483185 -0.00548055
17.38 -8.66812e-06 -0.000298767 -0.000201228 -9.55872e-05 -0.00503281 -0.00747523
17.4 -1.02282e-05 -0.000362103 -0.000202727 -0.000116348 -0.00507028 -0.00905927
17.42 -1.13468e-05 -0.000408194 -0.000201703 -0.000132656 -0.00504466 -0.010212
17.44 -1.20565e-05 -0.000439681 -0.000202055 -0.000143973 -0.00505348 -0.0109995
17.46 -1.24485e-05 -0.000458898 -0.000204905 -0.000150082 -0.00512476 -0.0114802
17.48 -1.2596e-05 -0.000465941 -0.000208183 -0.000151351 -0.00520674 -0.0116563
17.5 -1.24867e-05 -0.000459922 -0.000209135 -0.000148225 -0.00523055 -0.0115058
17.52 -1.20325e-05 -0.000440808 -0.000207322 -0.00014047 -0.00518522 -0.0110277
17.54 -1.11383e-05 -0.00040927 -0.000202497 -0.000127135 -0.00506453 -0.0102389
17.56 -9.75937e-06 -0.000365049 -0.000191696 -0.00010764 -0.0047944 -0.00913297
17.58 -7.90579e-06 -0.000306119 -0.000172702 -8.28917e-05 -0.00431936 -0.0076591
17.6 -5.61777e-06 -0.000229707 -0.000146555 -5.49286e-05 -0.0036654 -0.00574801
17.62 -2.96049e-06 -0.000134836 -0.000115844 -2.56862e-05 -0.0028973 -0.00337524
17.64 -4.71167e-08 -2.46993e-05 -8.34612e-05 3.48147e-06 -0.0020874 -0.000620673
17.66 2.94501e-06 9.32766e-05 -5.33233e-05 3.14907e-05 -0.00133364 0.00232995
17.68 5.79502e-06 0.000209969 -3.00245e-05 5.74586e-05 -0.000750925 0.00524847
17.7 8.29616e-06 0.000317508 -1.61338e-05 8.09208e-05 -0.000403512 0.00793808
17.72 1.03211e-05 0.000410429 -1.04557e-05 0.000101693 -0.000261502 0.0102621
17.74 1.18525e-05 0.000485282 -9.25821e-06 0.000119479 -0.000231551 0.0121342
17.76 1.29559e-05 0.000540444 -8.67399e-06 0.000133819 -0.00021694 0.0135138
17.78 1.3714e-05 0.000576405 -6.40611e-06 0.000144347 -0.000160219 0.0144132
17.8 1.41674e-05 0.000595041 -2.4747e-06 0.000150902 -6.18932e-05 0.0148793
17.82 1.42953e-05 0.000597489 1.43368e-06 0.000153451 3.58571e-05 0.0149405
17.84 1.40322e-05 0.000582424 3.7716e-06 0.000151884 9.43294e-05 0.0145637
17.86 1.32983e-05 0.000546177 4.17538e-06 0.000145656 0.000104428 0.0136572
17.88 1.20226e-05 0.000484681 1.16537e-06 0.000133911 2.91465e-05 0.0121192
17.9 1.01574e-05 0.000396565 -9.24442e-06 0.000116541 -0.000231207 0.00991533
17.92 7.70171e-06 0.000284919 -2.92977e-05 9.47567e-05 -0.000732746 0.00712301
17.94 4.73576e-06 0.000155834 -5.68349e-05 7.01316e-05 -0.00142146 0.00389454
17.96 1.43769e-06 1.5833e-05 -8.77947e-05 4.37248e-05 -0.00219578 0.000393057
17.98 -1.94969e-06 -0.00012902 -0.000118488 1.6597e-05 -0.00296343 -0.00322978
18 -5.19154e-06 -0.000272198 -0.000145308 -9.60353e-06 -0.0036342 -0.00681071
18.02 -8.11579e-06 -0.000405788 -0.000164789 -3.33127e-05 -0.00412144 -0.0101519
18.04 -1.0616e-05 -0.000521466 -0.00017567 -5.39912e-05 -0.00439357 -0.013045
18.06 -1.26271e-05 -0.000613244 -0.000179913 -7.19524e-05 -0.00449969 -0.0153404
18.08 -1.4117e-05 -0.000679433 -0.000181154 -8.75347e-05 -0.00453074 -0.0169958
18.1 -1.50967e-05 -0.000721483 -0.000182756 -0.000100834 -0.00457081 -0.0180475
18.12 -1.56216e-05 -0.000741077 -0.00018682 -0.000111997 -0.00467245 -0.0185376
18.14 -1.57623e-05 -0.000738915 -0.000193411 -0.000121258 -0.0048373 -0.0184835
18.16 -1.55593e-05 -0.000715833 -0.000200434 -0.000128583 -0.00501293 -0.0179062
18.18 -1.49968e-05 -0.000673348 -0.000205295 -0.000133294 -0.00513452 -0.0168436
18.2 -1.40186e-05 -0.000611979 -0.0002068 -0.000133884 -0.00517216 -0.0153088
18.22 -1.25696e-05 -0.000530802 -0.000204455 -0.000128571 -0.00511351 -0.0132785
18.24 -1.06256e-05 -0.000430226 -0.00019644 -0.000116609 -0.00491304 -0.0107631
18.26 -8.19848e-06 -0.000312856 -0.000181079 -9.88837e-05 -0.00452887 -0.00782761
18.28 -5.33325e-06 -0.000181137 -0.00015901 -7.70921e-05 -0.0039769 -0.00453325
18.3 -2.1162e-06 -3.73231e-05 -0.000132477 -5.29186e-05 -0.0033133 -0.000936404
18.32 1.31331e-06 0.000113344 -0.00010421 -2.80267e-05 -0.00260634 0.00283185
18.34 4.76538e-06 0.000261499 -7.69208e-05 -3.94598e-06 -0.00192382 0.00653726
18.36 8.02504e-06 0.000396994 -5.28189e-05 1.85769e-05 -0.00132102 0.00992604
18.38 1.08964e-05 0.000512703 -3.28047e-05 3.98255e-05 -0.000820459 0.01282
18.4 1.32458e-05 0.00060497 -1.66878e-05 6.0474e-05 -0.00041737 0.0151276
18.42 1.50183e-05 0.000672054 -4.23664e-06 8.08768e-05 -0.00010596 0.0168054
18.44 1.62199e-05 0.000713614 4.57151e-06 0.000100949 0.000114335 0.0178449
18.46 1.68859e-05 0.000731168 1.0186e-05 0.000120277 0.000254756 0.0182839
18.48 1.70596e-05 0.000727691 1.34288e-05 0.000138069 0.000335859 0.0181969
18.5 1.67845e-05 0.000706224 1.45641e-05 0.00015326 0.000364255 0.01766
18.52 1.60963e-05 0.000668454 1.30423e-05 0.000164959 0.000326193 0.0167154
18.54 1.50083e-05 0.00061296 8.37573e-06 0.000172411 0.000209481 0.0153275
18.56 1.35033e-05 0.00053535 8.28415e-07 0.000174318 2.07191e-05 0.0133864
18.58 1.15466e-05 0.000433743 -1.02363e-05 0.000169162 -0.000256013 0.0108452
18.6 9.12434e-06 0.000312873 -2.58029e-05 0.000156701 -0.000645342 0.00782215
18.62 6.28277e-06 0.000180355 -4.55233e-05 0.000138218 -0.00113856 0.00450783
18.64 3.13948e-06 4.15726e-05 -6.8693e-05 0.000115215 -0.00171804 0.00103682
18.66 -1.43869e-07 -9.97058e-05 -9.46839e-05 8.88426e-05 -0.00236808 -0.00249661
18.68 -3.40233e-06 -0.000237667 -0.000122087 6.04739e-05 -0.00305346 -0.00594708
18.7 -6.48522e-06 -0.000364085 -0.000148084 3.16941e-05 -0.00370364 -0.00910884
18.72 -9.24834e-06 -0.000471411 -0.000169911 3.4373e-06 -0.00424954 -0.0117931
18.74 -1.15529e-05 -0.000555095 -0.000186584 -2.42355e-05 -0.00466654 -0.0138861
18.76 -1.32895e-05 -0.000613308 -0.000198676 -5.13623e-05 -0.00496897 -0.015342
18.78 -1.44075e-05 -0.000645749 -0.000206828 -7.751e-05 -0.00517285 -0.0161534
18.8 -1.49225e-05 -0.000653028 -0.000211181 -0.000101966 -0.00528172 -0.0163354
18.82 -1.48975e-05 -0.000636544 -0.000212016 -0.000124019 -0.00530262 -0.0159232
18.84 -1.44139e-05 -0.000598421 -0.000210296 -0.000142924 -0.00525958 -0.0149697
18.86 -1.3549e-05 -0.000541334 -0.000207437 -0.000157795 -0.00518809 -0.0135419
18.88 -1.23644e-05 -0.000467943 -0.000204794 -0.000167361 -0.00512198 -0.0117064
18.9 -1.09012e-05 -0.00038081 -0.000203425 -0.000169856 -0.00508773 -0.00952714
18.92 -9.17814e-06 -0.000283537 -0.000202173 -0.000163882 -0.00505642 -0.0070943
18.94 -7.19347e-06 -0.000180644 -0.000196701 -0.000149595 -0.00491956 -0.00452091
18.96 -4.93756e-06 -7.54335e-05 -0.000183336 -0.000128522 -0.00458531 -0.00188955
18.98 -2.41852e-06 3.07371e-05 -0.000161657 -0.000102292 -0.00404311 0.00076582
19 3.08637e-07 0.000136369 -0.000133114 -7.21376e-05 -0.00332922 0.00340773
19.02 3.12665e-06 0.000237802 -0.000100125 -3.94641e-05 -0.00250416 0.00594461
19.04 5.86557e-06 0.000329731 -6.68954e-05 -6.01623e-06 -0.00167308 0.00824379
19.06 8.33336e-06 0.000407146 -3.89057e-05 2.68482e-05 -0.000973049 0.01018
19.08 1.0359e-05 0.000466607 -1.99878e-05 5.86085e-05 -0.000499902 0.0116671
19.1 1.18367e-05 0.000506455 -1.02773e-05 8.90725e-05 -0.000257041 0.0126637
19.12 1.27519e-05 0.000526514 -7.15528e-06 0.000117682 -0.000178956 0.0131654
19.14 1.31687e-05 0.000527535 -7.37142e-06 0.000143442 -0.000184362 0.0131909
19.16 1.31843e-05 0.000510742 -8.13378e-06 0.000165285 -0.000203429 0.012771
19.18 1.28796e-05 0.000478067 -7.45376e-06 0.000182336 -0.000186421 0.0119537
19.2 1.22981e-05 0.000432445 -4.69509e-06 0.000193934 -0.000117426 0.0108127
19.22 1.14525e-05 0.000376729 -9.45697e-07 0.000199318 -2.36521e-05 0.00941921
19.24 1.034e-05 0.000312042 1.45023e-06 0.000197376 3.62709e-05 0.00780136
19.26 8.94914e-06 0.000238181 -8.07048e-07 0.000187164 -2.01845e-05 0.00595408
19.28 7.262e-06 0.000155443 -1.13284e-05 0.000168795 -0.000283327 0.00388476
19.3 5.26982e-06 6.5433e-05 -3.07515e-05 0.000143491 -0.000769107 0.00163358
19.32 3.00634e-06 -2.91599e-05 -5.58065e-05 0.000112831 -0.00139574 -0.000732229
19.34 5.72899e-07 -0.000124733 -8.23992e-05 7.84275e-05 -0.00206084 -0.00312256
19.36 -1.87346e-06 -0.000216961 -0.000107353 4.22389e-05 -0.00268494 -0.00542921
19.38 -4.16753e-06 -0.000301322 -0.000128027 6.48593e-06 -0.003202 -0.00753913
19.4 -6.18255e-06 -0.000373347 -0.000142523 -2.70839e-05 -0.00356456 -0.0093405
19.42 -7.84694e-06 -0.000428554 -0.000151466 -5.76494e-05 -0.00378822 -0.0107212
19.44 -9.13355e-06 -0.000463238 -0.000158329 -8.49512e-05 -0.00395986 -0.0115887
19.46 -1.00412e-05 -0.000476197 -0.000166803 -0.000108707 -0.00417182 -0.0119128
19.48 -1.058e-05 -0.000469292 -0.000177863 -0.000128455 -0.00444842 -0.0117401
19.5 -1.07627e-05 -0.000445709 -0.000189712 -0.000143715 -0.00474476 -0.0111503
19.52 -1.06026e-05 -0.00040796 -0.000199876 -0.000154005 -0.00499899 -0.0102062
19.54 -1.01164e-05 -0.000357806 -0.000206596 -0.000158574 -0.00516705 -0.00895181
19.56 -9.32842e-06 -0.000297197 -0.000208943 -0.000156246 -0.00522576 -0.00743595
19.58 -8.27035e-06 -0.000228465 -0.000206853 -0.000146054 -0.00517347 -0.00571692
19.6 -6.97647e-06 -0.000153747 -0.000201481 -0.000128197 -0.00503912 -0.0038482
19.62 -5.47736e-06 -7.4635e-05 -0.000193984 -0.000104074 -0.00485163 -0.00186958
19.64 -3.79746e-06 7.44541e-06 -0.000183973 -7.55133e-05 -0.00460123 0.000183284
19.66 -1.96324e-06 9.02527e-05 -0.000170938 -4.43719e-05 -0.00427524 0.00225433
19.68 -2.04258e-08 0.000169861 -0.0001553 -1.25663e-05 -0.00388411 0.00424536
19.7 1.95315e-06 0.000241136 -0.00013738 1.81525e-05 -0.00343594 0.00602799
19.72 3.8545e-06 0.00029968 -0.000117061 4.66227e-05 -0.00292775 0.0074922
19.74 5.58142e-06 0.000343223 -9.47623e-05 7.2329e-05 -0.00237004 0.00858122
19.76 7.05551e-06 0.000371009 -7.21455e-05 9.50729e-05 -0.00180439 0.00927616
19.78 8.22581e-06 0.000382718 -5.14002e-05 0.000114673 -0.00128554 0.00956902
19.8 9.06009e-06 0.000378848 -3.42838e-05 0.000130817 -0.000857452 0.00947222
19.82 9.54065e-06 0.000361473 -2.18972e-05 0.000142979 -0.000547659 0.00903767
19.84 9.66876e-06 0.000333352 -1.46872e-05 0.000150456 -0.000367332 0.00833435
19.86 9.46763e-06 0.000296004 -1.21135e-05 0.000152546 -0.000302964 0.00740027
19.88 8.97404e-06 0.000249094 -1.24998e-05 0.000148741 -0.000312624 0.00622703
19.9 8.22204e-06 0.000191721 -1.36693e-05 0.000139034 -0.000341875 0.0047921
19.92 7.23188e-06 0.000123931 -1.41475e-05 0.000124159 -0.000353835 0.00309665
19.94 6.01358e-06 4.72968e-05 -1.37225e-05 0.000105306 -0.000343206 0.00117999
19.96 4.58081e-06 -3.50816e-05 -1.3794e-05 8.35774e-05 -0.000344993 -0.000880334
19.98 2.96142e-06 -0.000118928 -1.74774e-05 5.99472e-05 -0.000437116 -0.00297736
20 1.19977e-06 -0.000199571 -2.72372e-05 3.55297e-05 -0.000681213 -0.00499428
20.02 -6.46832e-07 -0.000272853 -4.32173e-05 1.14829e-05 -0.00108088 -0.00682709
20.04 -2.51371e-06 -0.000335847 -6.44568e-05 -1.1321e-05 -0.00161209 -0.0084026
20.06 -4.33455e-06 -0.000387282 -8.97909e-05 -3.22621e-05 -0.00224571 -0.00968901
20.08 -6.04524e-06 -0.000427382 -0.000117158 -5.06918e-05 -0.00293017 -0.0106919
20.1 -7.5816e-06 -0.000456954 -0.000143146 -6.59673e-05 -0.00358015 -0.0114315
20.12 -8.87367e-06 -0.000476169 -0.000164343 -7.77698e-05 -0.0041103 -0.0119121
20.14 -9.84714e-06 -0.000483787 -0.000179073 -8.61932e-05 -0.0044787 -0.0121027
20.16 -1.04371e-05 -0.000477253 -0.000187819 -9.14712e-05 -0.00469742 -0.0119392
20.18 -1.06047e-05 -0.000453515 -0.000192323 -9.36432e-05 -0.00481008 -0.0113455
20.2 -1.03446e-05 -0.000410189 -0.000194476 -9.24472e-05 -0.00486392 -0.0102619
20.22 -9.67999e-06 -0.000346735 -0.000195789 -8.76033e-05 -0.00489677 -0.00867492
20.24 -8.65526e-06 -0.000265201 -0.000197363 -7.92478e-05 -0.00493613 -0.00663572
20.26 -7.33188e-06 -0.000170051 -0.000199667 -6.79078e-05 -0.00499375 -0.00425598
20.28 -5.78515e-06 -6.73728e-05 -0.000202191 -5.40859e-05 -0.00505688 -0.00168795
20.3 -4.09339e-06 3.60339e-05 -0.000203035 -3.82097e-05 -0.00507798 0.000898294
20.32 -2.32006e-06 0.000133943 -0.000199133 -2.10353e-05 -0.00498039 0.00334704
20.34 -5.02619e-07 0.000222241 -0.000188853 -3.73445e-06 -0.00472329 0.00555541
20.36 1.34075e-06 0.000299508 -0.000173355 1.26179e-05 -0.00433568 0.0074879
20.38 3.1913e-06 0.000365816 -0.000154374 2.74671e-05 -0.00386095 0.00914629
20.4 5.01207e-06 0.000420908 -0.000132541 4.06271e-05 -0.00331492 0.0105242
20.42 6.7432e-06 0.000463667 -0.000108477 5.19739e-05 -0.00271306 0.0115936
20.44 8.30644e-06 0.000492776 -8.42705e-05 6.14633e-05 -0.00210764 0.0123216
20.46 9.6136e-06 0.000506948 -6.25548e-05 6.92914e-05 -0.00156452 0.0126761
20.48 1.0581e-05 0.000504474 -4.45484e-05 7.58273e-05 -0.00111417 0.0126142
20.5 1.11494e-05 0.000483502 -2.98255e-05 8.13307e-05 -0.000745949 0.0120897
20.52 1.12973e-05 0.00044329 -1.77334e-05 8.56694e-05 -0.000443519 0.0110839
20.54 1.10378e-05 0.000385056 -8.25565e-06 8.82976e-05 -0.000206477 0.00962749
20.56 1.04044e-05 0.000311758 -1.73449e-06 8.86957e-05 -4.33801e-05 0.00779427
20.58 9.43938e-06 0.000227307 1.51155e-06 8.68613e-05 3.78045e-05 0.00568211
20.6 8.193e-06 0.000135845 1.39862e-06 8.31776e-05 3.49801e-05 0.0033946
20.62 6.72584e-06 4.131e-05 -1.76735e-06 7.7928e-05 -4.4202e-05 0.00103025
20.64 5.10479e-06 -5.28841e-05 -6.85931e-06 7.1223e-05 -0.000171554 -0.00132558
20.66 3.38695e-06 -0.000144182 -1.34948e-05 6.32904e-05 -0.000337511 -0.00360899
20.68 1.60236e-06 -0.000230986 -2.29903e-05 5.45323e-05 -0.000574996 -0.00577998
20.7 -2.43997e-07 -0.00031228 -3.61926e-05 4.52543e-05 -0.000905193 -0.00781319
20.72 -2.14524e-06 -0.000386817 -5.26037e-05 3.55066e-05 -0.00131564 -0.00967739
20.74 -4.05896e-06 -0.000452366 -7.15885e-05 2.52433e-05 -0.00179046 -0.0113168
20.76 -5.89683e-06 -0.000505868 -9.29674e-05 1.45489e-05 -0.00232515 -0.0126549
20.78 -7.54692e-06 -0.00054431 -0.000115937 3.67375e-06 -0.00289962 -0.0136163
20.8 -8.90677e-06 -0.000565093 -0.000138536 -7.10595e-06 -0.00346484 -0.0141361
20.82 -9.90182e-06 -0.000565785 -0.000158699 -1.76334e-05 -0.00396913 -0.0141535
20.84 -1.04866e-05 -0.000544592 -0.000175312 -2.78897e-05 -0.00438464 -0.0136234
20.86 -1.06424e-05 -0.00050172 -0.000187987 -3.78259e-05 -0.00470164 -0.0125512
20.88 -1.03796e-05 -0.00043989 -0.000196499 -4.70881e-05 -0.00491453 -0.0110048
20.9 -9.74084e-06 -0.000363185 -0.000200969 -5.49787e-05 -0.00502632 -0.00908633
20.92 -8.7946e-06 -0.000275516 -0.000202244 -6.08502e-05 -0.00505821 -0.00689371
20.94 -7.61772e-06 -0.000180061 -0.000201717 -6.4447e-05 -0.00504502 -0.00450633
20.96 -6.2754e-06 -7.97338e-05 -0.000200847 -6.57331e-05 -0.00502326 -0.0019971
20.98 -4.81223e-06 2.22637e-05 -0.000200643 -6.46216e-05 -0.00501817 0.000553896
21 -3.25702e-06 0.000122536 -0.000201237 -6.11078e-05 -0.00503301 0.00306175
21.02 -1.63336e-06 0.000217789 -0.000200897 -5.54685e-05 -0.00502452 0.00544408
21.04 3.28258e-08 0.000304712 -0.000196212 -4.80822e-05 -0.00490734 0.00761804
21.06 1.70513e-06 0.000379683 -0.000185199 -3.91316e-05 -0.00463191 0.00949311
21.08 3.32588e-06 0.000438875 -0.000168743 -2.86162e-05 -0.00422032 0.0109735
21.1 4.81169e-06 0.00047882 -0.000148735 -1.6592e-05 -0.00371992 0.0119726
21.12 6.06762e-06 0.000497278 -0.000126694 -3.32566e-06 -0.00316867 0.0124342
21.14 7.01658e-06 0.000493884 -0.000104191 1.07282e-05 -0.00260586 0.0123493
21.16 7.62076e-06 0.000469989 -8.33098e-05 2.50544e-05 -0.00208361 0.0117517
21.18 7.87875e-06 0.000427755 -6.58707e-05 3.9203e-05 -0.00164745 0.0106954
21.2 7.80647e-06 0.000369245 -5.25931e-05 5.27536e-05 -0.00131538 0.00923205
21.22 7.42207e-06 0.000296206 -4.32143e-05 6.51382e-05 -0.00108081 0.0074053
21.24 6.74479e-06 0.00021045 -3.70725e-05 7.56594e-05 -0.000927197 0.00526052
21.26 5.80343e-06 0.00011422 -3.33661e-05 8.37738e-05 -0.0008345 0.00285376
21.28 4.64385e-06 1.0336e-05 -3.11097e-05 8.92175e-05 -0.000778066 0.000255578
21.3 3.32864e-06 -9.75727e-05 -2.92386e-05 9.18412e-05 -0.00073127 -0.00244326
21.32 1.92867e-06 -0.000204998 -2.70953e-05 9.15074e-05 -0.000677665 -0.00513001
21.34 5.1031e-07 -0.000307095 -2.4988e-05 8.82034e-05 -0.00062496 -0.00768351
21.36 -8.75281e-07 -0.000399558 -2.40808e-05 8.21201e-05 -0.00060227 -0.00999604
21.38 -2.19535e-06 -0.000478949 -2.59533e-05 7.35375e-05 -0.000649102 -0.0119816
21.4 -3.42835e-06 -0.000542428 -3.19814e-05 6.27085e-05 -0.000799867 -0.0135693
21.42 -4.54921e-06 -0.000587743 -4.2048e-05 4.99198e-05 -0.00105164 -0.0147026
21.44 -5.51905e-06 -0.000613699 -5.45771e-05 3.56065e-05 -0.001365 -0.0153518
21.46 -6.28997e-06 -0.000620324 -6.81862e-05 2.03514e-05 -0.00170536 -0.0155175
21.48 -6.82301e-06 -0.000608404 -8.24458e-05 4.79022e-06 -0.002062 -0.0152194
21.5 -7.10213e-06 -0.000578892 -9.70917e-05 -1.04918e-05 -0.0024283 -0.0144812
21.52 -7.1286e-06 -0.000532281 -0.000111299 -2.49721e-05 -0.00278363 -0.0133155
21.54 -6.90074e-06 -0.000468129 -0.000124277 -3.80384e-05 -0.00310821 -0.011711
21.56 -6.4025e-06 -0.000385723 -0.000136073 -4.89385e-05 -0.00340325 -0.00965002
21.58 -5.61687e-06 -0.000285749 -0.000147229 -5.70611e-05 -0.00368225 -0.00714964
21.6 -4.55381e-06 -0.000171475 -0.000157847 -6.21481e-05 -0.00394781 -0.00429158
21.62 -3.26877e-06 -4.86497e-05 -0.000167353 -6.4123e-05 -0.00418557 -0.00121968
21.64 -1.85525e-06 7.56544e-05 -0.000174941 -6.29243e-05 -0.00437536 0.00188922
21.66 -4.15345e-07 0.000194723 -0.000179978 -5.86449e-05 -0.00450133 0.00486717
21.68 9.72431e-07 0.000303516 -0.000182132 -5.16672e-05 -0.00455519 0.00758814
21.7 2.26785e-06 0.00039882 -0.000181346 -4.24959e-05 -0.00453555 0.00997172
21.72 3.45858e-06 0.000478479 -0.000177937 -3.15109e-05 -0.00445028 0.011964
21.74 4.53466e-06 0.000540808 -0.00017266 -1.89678e-05 -0.00431831 0.0135229
21.76 5.46887e-06 0.00058473 -0.00016643 -5.19766e-06 -0.00416249 0.0146214
21.78 6.21853e-06 0.000610083 -0.00015985 9.27283e-06 -0.00399793 0.0152555
21.8 6.74639e-06 0.000617311 -0.000152552 2.38043e-05 -0.00381538 0.0154363
21.82 7.04011e-06 0.000606775 -0.000143281 3.78175e-05 -0.00358351 0.0151728
21.84 7.10916e-06 0.000578551 -0.000131351 5.09064e-05 -0.00328515 0.0144669
21.86 6.95998e-06 0.000532743 -0.00011785 6.27382e-05 -0.00294747 0.0133212
21.88 6.57415e-06 0.000469812 -0.000105108 7.27326e-05 -0.00262879 0.0117473
21.9 5.91504e-06 0.000391027 -9.51682e-05 8.00114e-05 -0.0023802 0.00977683
21.92 4.96251e-06 0.000298787 -8.89175e-05 8.3898e-05 -0.00222386 0.00746986
21.94 3.74698e-06 0.000196453 -8.61304e-05 8.42701e-05 -0.00215416 0.00491044
21.96 2.35364e-06 8.81348e-05 -8.58014e-05 8.12873e-05 -0.00214593 0.00220136
21.98 8.92479e-07 -2.16144e-05 -8.65225e-05 7.50936e-05 -0.00216396 -0.000543512
22 -5.43174e-07 -0.000128684 -8.69248e-05 6.59845e-05 -0.00217403 -0.00322137
22.02 -1.90192e-06 -0.00023035 -8.61686e-05 5.46131e-05 -0.00215511 -0.00576406
22.04 -3.17075e-06 -0.000324953 -8.42914e-05 4.17808e-05 -0.00210816 -0.00813013
22.06 -4.34989e-06 -0.0004104 -8.21759e-05 2.80783e-05 -0.00205525 -0.0102672
22.08 -5.42441e-06 -0.000483285 -8.10961e-05 1.38524e-05 -0.00202825 -0.0120901
22.1 -6.35097e-06 -0.000539711 -8.21182e-05 -5.40012e-07 -0.00205381 -0.0135013
22.12 -7.0682e-06 -0.000576714 -8.58478e-05 -1.45691e-05 -0.00214709 -0.0144268
22.14 -7.52259e-06 -0.000592933 -9.2407e-05 -2.76171e-05 -0.00231114 -0.0148324
22.16 -7.69005e-06 -0.000588569 -0.000101116 -3.91483e-05 -0.00252894 -0.0147233
22.18 -7.5767e-06 -0.000565144 -0.000110114 -4.87948e-05 -0.002754 -0.0141374
22.2 -7.20024e-06 -0.000524782 -0.000116844 -5.62736e-05 -0.00292233 -0.0131279
22.22 -6.57025e-06 -0.000468975 -0.000119584 -6.10911e-05 -0.00299084 -0.0117322
22.24 -5.68639e-06 -0.000398211 -0.000118748 -6.24287e-05 -0.00296993 -0.00996234
22.26 -4.55508e-06 -0.000313117 -0.000116551 -5.96739e-05 -0.00291499 -0.00783412
22.28 -3.20691e-06 -0.000215368 -0.000115326 -5.29982e-05 -0.00288435 -0.00538938
22.3 -1.6979e-06 -0.00010741 -0.000116167 -4.31416e-05 -0.00290539 -0.00268929
22.32 -9.45238e-08 7.75753e-06 -0.000118816 -3.08447e-05 -0.00297164 0.000191091
22.34 1.54155e-06 0.000125962 -0.000122197 -1.67788e-05 -0.00305621 0.00314743
22.36 3.1549e-06 0.000241281 -0.000124847 -1.76918e-06 -0.00312247 0.00603161
22.38 4.68617e-06 0.000346712 -0.00012529 1.3332e-05 -0.00313356 0.00866848
22.4 6.06616e-06 0.000436085 -0.000122745 2.79805e-05 -0.00306992 0.0109037
22.42 7.22537e-06 0.00050599 -0.000117757 4.19313e-05 -0.00294515 0.0126521
22.44 8.11406e-06 0.000556234 -0.000111945 5.49252e-05 -0.00279979 0.0139087
22.46 8.71696e-06 0.000588432 -0.000106959 6.65415e-05 -0.00267509 0.014714
22.48 9.05084e-06 0.000604103 -0.000103622 7.63327e-05 -0.00259164 0.0151059
22.5 9.14628e-06 0.000604073 -0.000101757 8.39584e-05 -0.00254499 0.0151052
22.52 9.02636e-06 0.000589115 -0.000100457 8.91872e-05 -0.00251248 0.0147311
22.54 8.69378e-06 0.00055989 -9.86571e-05 9.18028e-05 -0.00246745 0.0140002
22.56 8.12909e-06 0.000515478 -9.58655e-05 9.14374e-05 -0.00239764 0.0128894
22.58 7.2979e-06 0.000453203 -9.25797e-05 8.76469e-05 -0.00231546 0.0113319
22.6 6.16722e-06 0.000371564 -9.00586e-05 8.03747e-05 -0.0022524 0.00929003
22.62 4.73152e-06 0.000272955 -8.95968e-05 7.01332e-05 -0.00224085 0.0068238
22.64 3.03838e-06 0.000163183 -9.17027e-05 5.75879e-05 -0.00229352 0.00407834
22.66 1.19389e-06 4.93485e-05 -9.58098e-05 4.3268e-05 -0.00239624 0.0012313
22.68 -6.65592e-07 -6.16412e-05 -0.000100992 2.77933e-05 -0.00252586 -0.0015446
22.7 -2.42208e-06 -0.000164108 -0.000107023 1.20565e-05 -0.00267668 -0.00410732
22.72 -4.0126e-06 -0.000254704 -0.000114345 -3.03707e-06 -0.00285981 -0.00637318
22.74 -5.42832e-06 -0.000332654 -0.000122891 -1.69025e-05 -0.00307356 -0.00832273
22.76 -6.67978e-06 -0.000398596 -0.000131488 -2.929e-05 -0.00328858 -0.00997197
22.78 -7.75834e-06 -0.000453141 -0.000138709 -4.01008e-05 -0.00346916 -0.0113362
22.8 -8.62332e-06 -0.000496075 -0.000143861 -4.92457e-05 -0.00359801 -0.01241
22.82 -9.21812e-06 -0.000525885 -0.000146994 -5.65796e-05 -0.00367637 -0.0131555
22.84 -9.49377e-06 -0.000539529 -0.000148511 -6.18922e-05 -0.00371432 -0.0134968
22.86 -9.41927e-06 -0.000533244 -0.000149123 -6.49428e-05 -0.00372962 -0.0133396
22.88 -8.97895e-06 -0.000504294 -0.000149702 -6.54248e-05 -0.00374412 -0.0126155
22.9 -8.17015e-06 -0.000452352 -0.000150571 -6.29064e-05 -0.00376584 -0.0113164
22.92 -7.00898e-06 -0.000379917 -0.000150803 -5.70666e-05 -0.00377164 -0.00950481
22.94 -5.53903e-06 -0.000292017 -0.000148517 -4.80863e-05 -0.00371446 -0.0073064
22.96 -3.83388e-06 -0.000195006 -0.000142244 -3.65635e-05 -0.00355758 -0.0048801
22.98 -1.98886e-06 -9.48831e-05 -0.000132138 -2.30952e-05 -0.00330483 -0.00237599
23 -1.04256e-07 3.72458e-06 -0.000119948 -8.24077e-06 -0.00299996 9.02252e-05
23.02 1.73417e-06 9.76422e-05 -0.000107929 7.22656e-06 -0.00269935 0.00243914
23.04 3.46993e-06 0.000184942 -9.75836e-05 2.24108e-05 -0.00244061 0.00462256
23.06 5.07745e-06 0.000264796 -8.92171e-05 3.66772e-05 -0.00223136 0.00661972
23.08 6.54737e-06 0.00033678 -8.24257e-05 4.97608e-05 -0.0020615 0.00842008
23.1 7.86244e-06 0.000399486 -7.66872e-05 6.1529e-05 -0.00191798 0.00998838
23.12 8.97952e-06 0.000449674 -7.14338e-05 7.181e-05 -0.00178659 0.0112436
23.14 9.83211e-06 0.000483181 -6.60065e-05 8.04201e-05 -0.00165085 0.0120816
23.16 1.03536e-05 0.000496798 -5.99802e-05 8.71787e-05 -0.00150013 0.0124222
23.18 1.05047e-05 0.000489358 -5.34436e-05 9.18726e-05 -0.00133665 0.0122361
23.2 1.0286e-05 0.000461555 -4.67868e-05 9.42795e-05 -0.00117016 0.0115408
23.22 9.72774e-06 0.000415366 -4.05106e-05 9.41592e-05 -0.00101319 0.0103856
23.24 8.86743e-06 0.000353719 -3.56135e-05 9.12249e-05 -0.000890709 0.00884374
23.26 7.73377e-06 0.000280334 -3.3947e-05 8.53514e-05 -0.000849029 0.00700835
23.28 6.34711e-06 0.000199236 -3.75485e-05 7.68345e-05 -0.000939103 0.00498005
23.3 4.73415e-06 0.000113892 -4.72193e-05 6.62373e-05 -0.00118097 0.00284557
23.32 2.94354e-06 2.66648e-05 -6.16072e-05 5.40384e-05 -0.00154082 0.000663971
23.34 1.04765e-06 -6.10194e-05 -7.78103e-05 4.06251e-05 -0.00194607 -0.00152905
23.36 -8.73156e-07 -0.000147942 -9.2933e-05 2.65234e-05 -0.00232429 -0.00370302
23.38 -2.75178e-06 -0.000232328 -0.000105388 1.23833e-05 -0.0026358 -0.00581354
23.4 -4.54349e-06 -0.00031147 -0.000115369 -1.27997e-06 -0.00288543 -0.00779292
23.42 -6.21498e-06 -0.000381823 -0.000124422 -1.4195e-05 -0.00311183 -0.00955248
23.44 -7.72363e-06 -0.000439432 -0.000134515 -2.6195e-05 -0.00336427 -0.0109933
23.46 -9.00579e-06 -0.000480588 -0.000146944 -3.70918e-05 -0.00367514 -0.0120226
23.48 -9.98462e-06 -0.000502489 -0.000161388 -4.66919e-05 -0.00403637 -0.0125704
23.5 -1.05918e-05 -0.000503685 -0.000175782 -5.48366e-05 -0.00439637 -0.0126003
23.52 -1.07892e-05 -0.000484379 -0.000187451 -6.13846e-05 -0.00468823 -0.0121175
23.54 -1.058e-05 -0.000446623 -0.000194621 -6.61473e-05 -0.00486754 -0.0111732
23.56 -1.00055e-05 -0.000393898 -0.000197032 -6.87705e-05 -0.00492785 -0.00985449
23.58 -9.12921e-06 -0.000329894 -0.000195589 -6.874e-05 -0.00489175 -0.00825371
23.6 -8.01492e-06 -0.000257395 -0.000191702 -6.57361e-05 -0.00479455 -0.00644048
23.62 -6.70897e-06 -0.000178047 -0.00018689 -5.99618e-05 -0.0046742 -0.00445597
23.64 -5.23549e-06 -9.29042e-05 -0.000182106 -5.19397e-05 -0.00455454 -0.0023265
23.66 -3.60607e-06 -3.245e-06 -0.000177008 -4.21171e-05 -0.00442705 -8.40869e-05
23.68 -1.83765e-06 8.8753e-05 -0.000170677 -3.08647e-05 -0.0042687 0.00221682
23.7 3.1641e-08 0.000179673 -0.000162388 -1.86653e-05 -0.00406139 0.00449077
23.72 1.93704e-06 0.000265036 -0.000151365 -6.01718e-06 -0.0037857 0.00662573
23.74 3.79388e-06 0.000339958 -0.000136778 6.79448e-06 -0.00342086 0.00849956
23.76 5.51123e-06 0.000399928 -0.00011844 1.96595e-05 -0.00296222 0.00999943
23.78 7.00398e-06 0.000441542 -9.74334e-05 3.24191e-05 -0.00243685 0.0110402
23.8 8.19983e-06 0.00046319 -7.60049e-05 4.47849e-05 -0.00190091 0.0115817
23.82 9.04439e-06 0.000465281 -5.70511e-05 5.64142e-05 -0.00142687 0.0116339
23.84 9.50801e-06 0.000449657 -4.32718e-05 6.69594e-05 -0.00108225 0.0112432
23.86 9.59249e-06 0.000418679 -3.5995e-05 7.60683e-05 -0.000900251 0.0104684
23.88 9.332e-06 0.000374658 -3.44358e-05 8.33607e-05 -0.000861253 0.00936742
23.9 8.78369e-06 0.000319585 -3.60198e-05 8.83828e-05 -0.000900871 0.00799002
23.92 8.00841e-06 0.000254892 -3.74589e-05 9.07181e-05 -0.000936864 0.00637204
23.94 7.04939e-06 0.000181443 -3.61652e-05 9.02755e-05 -0.000904505 0.00453503
23.96 5.9196e-06 9.9968e-05 -3.1701e-05 8.73434e-05 -0.000792855 0.00249731
23.98 4.60655e-06 1.18857e-05 -2.63467e-05 8.22714e-05 -0.000658942 0.000294338
24 3.09474e-06 -7.98956e-05 -2.4355e-05 7.52146e-05 -0.000609129 -0.00200115
24.02 1.39647e-06 -0.000170683 -2.97176e-05 6.62407e-05 -0.00074325 -0.00427179
24.04 -4.24985e-07 -0.000254715 -4.33677e-05 5.55214e-05 -0.00108464 -0.00637345
24.06 -2.25767e-06 -0.000326782 -6.30289e-05 4.32972e-05 -0.00157638 -0.00817588
24.08 -3.97366e-06 -0.000383829 -8.53684e-05 2.98084e-05 -0.0021351 -0.00960266
24.1 -5.47534e-06 -0.000425488 -0.000107496 1.54335e-05 -0.00268853 -0.0106446
24.12 -6.72357e-06 -0.000453247 -0.000127285 8.01609e-07 -0.00318344 -0.0113388
24.14 -7.7261e-06 -0.000468823 -0.000143395 -1.33951e-05 -0.00358637 -0.0117284
24.16 -8.49666e-06 -0.000472769 -0.000155521 -2.66893e-05 -0.00388963 -0.0118271
24.18 -9.02115e-06 -0.00046419 -0.000164371 -3.88855e-05 -0.004111 -0.0116125
24.2 -9.25876e-06 -0.000441745 -0.000171103 -4.98767e-05 -0.00427936 -0.0110512
24.22 -9.17313e-06 -0.000404916 -0.000176613 -5.9429e-05 -0.00441717 -0.01013
24.24 -8.76301e-06 -0.000354426 -0.000181412 -6.70691e-05 -0.00453719 -0.00886728
24.26 -8.06634e-06 -0.000291843 -0.000185928 -7.2207e-05 -0.00465013 -0.00730205
24.28 -7.13688e-06 -0.000219191 -0.000190381 -7.44287e-05 -0.00476151 -0.005485
24.3 -6.01511e-06 -0.000139163 -0.000194171 -7.35887e-05 -0.00485631 -0.00348345
24.32 -4.71857e-06 -5.56013e-05 -0.000195624 -6.96237e-05 -0.00489264 -0.00139354
24.34 -3.25764e-06 2.67524e-05 -0.000192359 -6.24821e-05 -0.00481097 0.000666161
24.36 -1.66048e-06 0.000103631 -0.000182445 -5.23593e-05 -0.00456302 0.00258894
24.38 1.41661e-08 0.000172572 -0.000166066 -3.98526e-05 -0.00415338 0.00431316
24.4 1.6858e-06 0.000232748 -0.000145589 -2.57031e-05 -0.00364125 0.0058182
24.42 3.27382e-06 0.000283772 -0.000124034 -1.04396e-05 -0.00310214 0.00709432
24.44 4.7155e-06 0.000325075 -0.000103954 5.61371e-06 -0.00259994 0.00812734
24.46 5.96918e-06 0.000356088 -8.7163e-05 2.20847e-05 -0.00217998 0.00890299
24.48 7.00381e-06 0.000376079 -7.45362e-05 3.84598e-05 -0.00186418 0.00940297
24.5 7.78792e-06 0.000383673 -6.55337e-05 5.42005e-05 -0.00163903 0.00959289
24.52 8.29105e-06 0.000377277 -5.82524e-05 6.88199e-05 -0.00145692 0.00943292
24.54 8.49635e-06 0.000356368 -5.05296e-05 8.18369e-05 -0.00126377 0.00890999
24.56 8.40963e-06 0.000322005 -4.13826e-05 9.27385e-05 -0.001035 0.00805054
24.58 8.05264e-06 0.000276069 -3.16018e-05 0.000101013 -0.000790375 0.00690168
24.6 7.44554e-06 0.00022068 -2.32762e-05 0.000106214 -0.000582147 0.00551637
24.62 6.59589e-06 0.000158513 -1.89075e-05 0.00010805 -0.000472884 0.00396154
24.64 5.50671e-06 9.29696e-05 -2.05228e-05 0.000106388 -0.000513284 0.00232228
24.66 4.19722e-06 2.74618e-05 -2.88639e-05 0.000101134 -0.000721899 0.000683904
24.68 2.71607e-06 -3.55799e-05 -4.31263e-05 9.22182e-05 -0.00107861 -0.000892797
24.7 1.1338e-06 -9.51073e-05 -6.11557e-05 7.98128e-05 -0.00152953 -0.0023816
24.72 -4.79054e-07 -0.000150922 -8.0363e-05 6.44985e-05 -0.00200991 -0.00377755
24.74 -2.06885e-06 -0.000202592 -9.88122e-05 4.71197e-05 -0.00247133 -0.00506984
24.76 -3.59816e-06 -0.000248779 -0.000115572 2.85042e-05 -0.00289051 -0.006225
24.78 -5.03243e-06 -0.000287563 -0.000130738 9.33277e-06 -0.00326982 -0.007195
24.8 -6.32858e-06 -0.000317178 -0.000145129 -9.81822e-06 -0.00362974 -0.00793569
24.82 -7.43549e-06 -0.000336246 -0.000159547 -2.84088e-05 -0.00399034 -0.00841259
24.84 -8.30357e-06 -0.00034357 -0.000174003 -4.59223e-05 -0.00435188 -0.00859576
24.86 -8.89491e-06 -0.000338362 -0.000187719 -6.1876e-05 -0.00469494 -0.0084655
24.88 -9.18858e-06 -0.000321 -0.000199709 -7.58086e-05 -0.0049948 -0.00803128
24.9 -9.18173e-06 -0.000293355 -0.000208967 -8.72455e-05 -0.00522635 -0.00733987
24.92 -8.88709e-06 -0.000258047 -0.000214301 -9.56697e-05 -0.00535976 -0.00645678
24.94 -8.32719e-06 -0.000217328 -0.000214709 -0.00010052 -0.00536997 -0.00543839
24.96 -7.52824e-06 -0.000172651 -0.000210166 -0.000101278 -0.00525633 -0.004321
24.98 -6.51814e-06 -0.000124978 -0.000202018 -9.7658e-05 -0.00505256 -0.00312869
25 -5.32752e-06 -7.51968e-05 -0.000191847 -8.97119e-05 -0.00479818 -0.00188363
25.02 -3.98886e-06 -2.42994e-05 -0.000180364 -7.77806e-05 -0.00451097 -0.000610667
25.04 -2.53358e-06 2.65474e-05 -0.000167885 -6.24348e-05 -0.00419887 0.000661034
25.06 -9.91208e-07 7.58417e-05 -0.000154267 -4.44322e-05 -0.00385827 0.00189391
25.08 6.06372e-07 0.000121617 -0.000138531 -2.46176e-05 -0.00346473 0.00303877
25.1 2.21811e-06 0.000161654 -0.000119693 -3.79399e-06 -0.00299356 0.00404011
25.12 3.78964e-06 0.000193922 -9.79832e-05 1.73566e-05 -0.0024506 0.00484715
25.14 5.2549e-06 0.000216922 -7.49722e-05 3.82701e-05 -0.00187509 0.00542237
25.16 6.54501e-06 0.000229876 -5.26856e-05 5.8427e-05 -0.00131769 0.00574638
25.18 7.60207e-06 0.000232906 -3.29497e-05 7.72586e-05 -0.000824085 0.00582214
25.2 8.39063e-06 0.000226991 -1.71653e-05 9.4123e-05 -0.000429312 0.00567421
25.22 8.89944e-06 0.000213514 -6.0717e-06 0.000108394 -0.000151855 0.00533714
25.24 9.13351e-06 0.000193589 4.3671e-07 0.000119582 1.09224e-05 0.00483881
25.26 9.10337e-06 0.00016772 3.14999e-06 0.000127367 7.87827e-05 0.00419183
25.28 8.81876e-06 0.000136006 3.25426e-06 0.00013153 8.13906e-05 0.00339863
25.3 8.28992e-06 9.87417e-05 2.112e-06 0.000131916 5.28222e-05 0.00246664
25.32 7.532e-06 5.70044e-05 6.95215e-07 0.000128508 1.73878e-05 0.00142277
25.34 6.56649e-06 1.27789e-05 -8.23851e-07 0.000121439 -2.06047e-05 0.000316677
25.36 5.41488e-06 -3.14451e-05 -4.86421e-06 0.000110863 -0.000121656 -0.000789384
25.38 4.09123e-06 -7.32976e-05 -1.51994e-05 9.69743e-05 -0.000380142 -0.00183613
25.4 2.60749e-06 -0.000110938 -3.30579e-05 8.02009e-05 -0.000826792 -0.00277754
25.42 9.91749e-07 -0.000142894 -5.72369e-05 6.1205e-05 -0.00143152 -0.00357676
25.44 -6.96246e-07 -0.000167872 -8.61346e-05 4.07185e-05 -0.00215426 -0.00420147
25.46 -2.37043e-06 -0.000185251 -0.00011799 1.95535e-05 -0.00295097 -0.00463614
25.48 -3.94083e-06 -0.000195414 -0.000149625 -1.34887e-06 -0.00374218 -0.00489032
25.5 -5.33237e-06 -0.000199056 -0.000177144 -2.11457e-05 -0.00443043 -0.00498141
25.52 -6.49009e-06 -0.000196292 -0.000198165 -3.93727e-05 -0.0049562 -0.00491228
25.54 -7.37818e-06 -0.000186791 -0.000212657 -5.58626e-05 -0.00531865 -0.00467465
25.56 -7.98016e-06 -0.000170567 -0.000221754 -7.04242e-05 -0.00554616 -0.00426888
25.58 -8.29838e-06 -0.000148184 -0.00022672 -8.27172e-05 -0.00567037 -0.00370906
25.6 -8.34947e-06 -0.000120309 -0.000228995 -9.2375e-05 -0.00572727 -0.00301192
25.62 -8.15704e-06 -8.76097e-05 -0.000230141 -9.90947e-05 -0.00575592 -0.00219408
25.64 -7.74586e-06 -5.12688e-05 -0.000231111 -0.00010261 -0.00578017 -0.00128518
25.66 -7.13895e-06 -1.334e-05 -0.000231761 -0.000102685 -0.00579645 -0.000336567
25.68 -6.35643e-06 2.3659e-05 -0.000231369 -9.91474e-05 -0.00578662 0.000588792
25.7 -5.41274e-06 5.7485e-05 -0.000228267 -9.18999e-05 -0.00570905 0.0014348
25.72 -4.3111e-06 8.67334e-05 -0.000218829 -8.09924e-05 -0.00547299 0.00216631
25.74 -3.04545e-06 0.000111043 -0.000200779 -6.67656e-05 -0.00502157 0.0027743
25.76 -1.61779e-06 0.000130816 -0.000175796 -4.98463e-05 -0.00439673 0.00326884
25.78 -6.15246e-08 0.000146632 -0.000146911 -3.09827e-05 -0.00367431 0.00366439
25.8 1.55151e-06 0.000158837 -0.000116286 -1.09671e-05 -0.00290837 0.00396964
25.82 3.13036e-06 0.000167431 -8.58633e-05 9.36467e-06 -0.00214748 0.00418458
25.84 4.59153e-06 0.000171904 -5.83322e-05 2.92739e-05 -0.00145891 0.00429646
25.86 5.87102e-06 0.000171235 -3.57724e-05 4.83242e-05 -0.000894684 0.00427974
25.88 6.92341e-06 0.000164489 -1.82907e-05 6.63397e-05 -0.000457457 0.00411102
25.9 7.72033e-06 0.000151551 -4.94589e-06 8.31305e-05 -0.000123699 0.00378741
25.92 8.25093e-06 0.000133146 4.64288e-06 9.83199e-05 0.000116121 0.00332711
25.94 8.51933e-06 0.000110272 1.03697e-05 0.000111407 0.000259352 0.00275502
25.96 8.53919e-06 8.38079e-05 1.2601e-05 0.000121869 0.000315156 0.00209314
25.98 8.32847e-06 5.45379e-05 1.22261e-05 0.000129172 0.00030578 0.00136109
26 7.90663e-06 2.32304e-05 1.0166e-05 0.000132823 0.000254256 0.000578075
26.02 7.29295e-06 -9.30984e-06 7.23617e-06 0.000132487 0.00018098 -0.000235771
26.04 6.50458e-06 -4.20733e-05 4.47616e-06 0.000128077 0.000111951 -0.0010552
26.06 5.55118e-06 -7.38165e-05 1.08671e-06 0.00011972 2.71791e-05 -0.00184911
26.08 4.42734e-06 -0.000103462 -7.34118e-06 0.000107753 -0.000183606 -0.00259056
26.1 3.118e-06 -0.000130362 -2.42874e-05 9.27361e-05 -0.000607437 -0.00326333
26.12 1.6254e-06 -0.000153775 -4.8966e-05 7.53383e-05 -0.00122466 -0.0038489
26.14 9.72839e-10 -0.000172327 -7.87199e-05 5.61602e-05 -0.00196882 -0.0043129
26.16 -1.65067e-06 -0.000184647 -0.000111188 3.57787e-05 -0.00278085 -0.00462104
26.18 -3.20804e-06 -0.000190451 -0.000143724 1.48952e-05 -0.00359459 -0.00476618
26.2 -4.5785e-06 -0.000190477 -0.000172939 -5.74153e-06 -0.00432527 -0.00476684
26.22 -5.71572e-06 -0.000185495 -0.000196292 -2.55677e-05 -0.00490934 -0.00464225
26.24 -6.60445e-06 -0.000175824 -0.000213085 -4.42258e-05 -0.00532935 -0.00440037
26.26 -7.23703e-06 -0.000161626 -0.000223586 -6.13495e-05 -0.00559197 -0.00404527
26.28 -7.60436e-06 -0.000143197 -0.000228265 -7.64366e-05 -0.00570901 -0.00358433
26.3 -7.70631e-06 -0.000121104 -0.000228306 -8.89276e-05 -0.00571003 -0.00303179
26.32 -7.56777e-06 -9.64577e-05 -0.000225876 -9.8308e-05 -0.00564926 -0.00241538
26.34 -7.24046e-06 -7.09706e-05 -0.000223207 -0.000104136 -0.00558251 -0.00177793
26.36 -6.7821e-06 -4.64391e-05 -0.000221499 -0.000106084 -0.00553979 -0.00116439
26.38 -6.22583e-06 -2.4102e-05 -0.000220771 -0.00010398 -0.00552157 -0.000605729
26.4 -5.56288e-06 -4.57076e-06 -0.000219524 -9.77769e-05 -0.00549038 -0.000117245
26.42 -4.74883e-06 1.19305e-05 -0.000213565 -8.75293e-05 -0.00534136 0.000295459
26.44 -3.73229e-06 2.56021e-05 -0.00019905 -7.35058e-05 -0.00497833 0.000637392
26.46 -2.49296e-06 3.71911e-05 -0.000176118 -5.62502e-05 -0.00440479 0.000927238
26.48 -1.06677e-06 4.77805e-05 -0.000147539 -3.6496e-05 -0.00369002 0.00119208
26.5 4.58742e-07 5.83297e-05 -0.000116385 -1.50949e-05 -0.00291084 0.00145592
26.52 1.97677e-06 6.91541e-05 -8.56018e-05 6.99563e-06 -0.00214094 0.00172664
26.54 3.39401e-06 7.94404e-05 -5.84125e-05 2.88517e-05 -0.00146092 0.00198391
26.56 4.64103e-06 8.72783e-05 -3.72508e-05 4.98162e-05 -0.000931659 0.00217994
26.58 5.66604e-06 9.05347e-05 -2.25411e-05 6.95216e-05 -0.000563762 0.00226138
26.6 6.43255e-06 8.79739e-05 -1.31101e-05 8.76438e-05 -0.000327888 0.00219733
26.62 6.92774e-06 7.97144e-05 -7.49661e-06 0.000103704 -0.000187493 0.00199076
26.64 7.17012e-06 6.69662e-05 -4.49679e-06 0.000117114 -0.000112466 0.00167193
26.66 7.20397e-06 5.15753e-05 -3.03063e-06 0.000127314 -7.57973e-05 0.00128699
26.68 7.07927e-06 3.55199e-05 -2.23803e-06 0.000133815 -5.59738e-05 0.000885439
26.7 6.82754e-06 2.0261e-05 -1.81467e-06 0.000136205 -4.53855e-05 0.000503809
26.72 6.44707e-06 6.31663e-06 -2.23853e-06 0.000134164 -5.59864e-05 0.000155053
26.74 5.90643e-06 -6.46117e-06 -4.80199e-06 0.000127532 -0.0001201 -0.000164525
26.76 5.16181e-06 -1.84108e-05 -1.24079e-05 0.000116433 -0.000310327 -0.000463389
26.78 4.18097e-06 -3.00112e-05 -2.74324e-05 0.000101381 -0.000686095 -0.000753521
26.8 2.96613e-06 -4.18352e-05 -4.90963e-05 8.32058e-05 -0.00122792 -0.00104924
26.82 1.56508e-06 -5.40045e-05 -7.50397e-05 6.28324e-05 -0.00187677 -0.0013536
26.84 6.30854e-08 -6.5684e-05 -0.000103278 4.11621e-05 -0.00258301 -0.00164571
26.86 -1.44201e-06 -7.5365e-05 -0.000132134 1.9077e-05 -0.00330471 -0.00188784
26.88 -2.86384e-06 -8.16389e-05 -0.000159392 -2.63681e-06 -0.00398645 -0.00204475
26.9 -4.13692e-06 -8.37581e-05 -0.000183036 -2.34379e-05 -0.00457781 -0.00209775
26.92 -5.21514e-06 -8.17954e-05 -0.000202341 -4.30102e-05 -0.00506063 -0.00204867
26.94 -6.07045e-06 -7.64958e-05 -0.00021748 -6.10441e-05 -0.00543926 -0.00191612
26.96 -6.69271e-06 -6.88614e-05 -0.000228399 -7.70743e-05 -0.00571235 -0.00172518
26.98 -7.08627e-06 -5.97601e-05 -0.000234752 -9.05246e-05 -0.00587124 -0.00149755
27 -7.26358e-06 -4.99126e-05 -0.000236687 -0.000100828 -0.00591963 -0.00125126
27.02 -7.2404e-06 -4.00106e-05 -0.000235094 -0.000107483 -0.0058798 -0.00100361
27.04 -7.03342e-06 -3.04849e-05 -0.000231075 -0.000110087 -0.00577928 -0.000765368
27.06 -6.65698e-06 -2.11571e-05 -0.000225373 -0.000108381 -0.00563668 -0.000532075
27.08 -6.11949e-06 -1.15494e-05 -0.000218942 -0.000102276 -0.00547582 -0.000291784
27.1 -5.41973e-06 -1.59414e-06 -0.000210935 -9.18937e-05 -0.00527557 -4.27982e-05
27.12 -4.54836e-06 8.20163e-06 -0.00019857 -7.76611e-05 -0.00496632 0.000202198
27.14 -3.50036e-06 1.72229e-05 -0.000180999 -6.03055e-05 -0.00452687 0.000427823
27.16 -2.29245e-06 2.51385e-05 -0.00015967 -4.06543e-05 -0.00399341 0.000625795
27.18 -9.71593e-07 3.20042e-05 -0.000135804 -1.95115e-05 -0.00339652 0.000797511
27.2 3.96338e-07 3.83207e-05 -0.000109733 2.26462e-06 -0.00274446 0.000955488
27.22 1.74739e-06 4.46956e-05 -8.28981e-05 2.37596e-05 -0.00207332 0.00111493
27.24 3.02694e-06 5.10311e-05 -5.8156e-05 4.42429e-05 -0.00145451 0.00127338
27.26 4.18079e-06 5.62042e-05 -3.77808e-05 6.3328e-05 -0.000944913 0.00140276
27.28 5.15091e-06 5.89194e-05 -2.23883e-05 8.07743e-05 -0.00055994 0.00147067
27.3 5.88894e-06 5.87087e-05 -1.18774e-05 9.61812e-05 -0.000297059 0.0014654
27.32 6.37539e-06 5.57875e-05 -6.14406e-06 0.000108957 -0.000153665 0.00139234
27.34 6.62532e-06 5.0266e-05 -4.52871e-06 0.000118521 -0.000113265 0.00125425
27.36 6.67572e-06 4.21094e-05 -5.49096e-06 0.000124456 -0.000137331 0.00105025
27.38 6.56462e-06 3.18374e-05 -7.43571e-06 0.000126501 -0.00018597 0.000793338
27.4 6.31518e-06 2.07162e-05 -9.68052e-06 0.000124523 -0.000242114 0.000515192
27.42 5.93188e-06 1.00839e-05 -1.22679e-05 0.000118502 -0.000306825 0.000249274
27.44 5.40543e-06 6.58396e-07 -1.60115e-05 0.000108575 -0.000400454 1.35387e-05
27.46 4.71806e-06 -7.65509e-06 -2.33865e-05 9.5143e-05 -0.000584906 -0.000194385
27.48 3.84983e-06 -1.55336e-05 -3.66277e-05 7.88996e-05 -0.000916074 -0.000391429
27.5 2.79137e-06 -2.37225e-05 -5.56837e-05 6.0667e-05 -0.00139267 -0.000596237
27.52 1.56128e-06 -3.25545e-05 -7.92e-05 4.1206e-05 -0.00198083 -0.000817129
27.54 2.15949e-07 -4.18947e-05 -0.00010564 2.12434e-05 -0.00264211 -0.00105073
27.56 -1.15924e-06 -5.13694e-05 -0.000133048 1.5633e-06 -0.00332759 -0.0012877
27.58 -2.47107e-06 -6.03474e-05 -0.000158669 -1.70987e-05 -0.00396839 -0.00151224
27.6 -3.63764e-06 -6.77294e-05 -0.000179969 -3.42494e-05 -0.00450109 -0.00169687
27.62 -4.59932e-06 -7.21545e-05 -0.000195814 -4.9624e-05 -0.00489738 -0.00180754
27.64 -5.32429e-06 -7.27276e-05 -0.000206418 -6.29762e-05 -0.0051626 -0.00182187
27.66 -5.8096e-06 -6.95672e-05 -0.000212554 -7.39491e-05 -0.00531606 -0.00174283
27.68 -6.07646e-06 -6.36546e-05 -0.000215197 -8.2136e-05 -0.00538216 -0.00159496
27.7 -6.15989e-06 -5.62724e-05 -0.000215502 -8.71937e-05 -0.00538978 -0.00141032
27.72 -6.09536e-06 -4.85508e-05 -0.000214499 -8.88921e-05 -0.00536471 -0.0012172
27.74 -5.90614e-06 -4.12154e-05 -0.000212623 -8.71074e-05 -0.00531779 -0.00103374
27.76 -5.59622e-06 -3.45016e-05 -0.000209774 -8.18021e-05 -0.00524653 -0.000865827
27.78 -5.15159e-06 -2.82845e-05 -0.00020533 -7.30488e-05 -0.00513539 -0.000710336
27.8 -4.54804e-06 -2.22263e-05 -0.000197496 -6.11393e-05 -0.00493946 -0.000558816
27.82 -3.76389e-06 -1.57924e-05 -0.000184707 -4.66561e-05 -0.00461961 -0.000397903
27.84 -2.7949e-06 -8.34703e-06 -0.000167243 -3.03554e-05 -0.00418281 -0.000211691
27.86 -1.66567e-06 5.28745e-07 -0.000146337 -1.29916e-05 -0.00365996 1.02961e-05
27.88 -4.30891e-07 1.07e-05 -0.000123216 4.71253e-06 -0.00308169 0.000264684
27.9 8.36011e-07 2.14191e-05 -9.93174e-05 2.20444e-05 -0.00248397 0.000532772
27.92 2.05852e-06 3.15611e-05 -7.66989e-05 3.84077e-05 -0.00191827 0.000786428
27.94 3.16822e-06 3.99827e-05 -5.72851e-05 5.34532e-05 -0.00143272 0.000997055
27.96 4.11157e-06 4.58334e-05 -4.1938e-05 6.70156e-05 -0.00104889 0.00114339
27.98 4.85595e-06 4.87374e-05 -3.05534e-05 7.89111e-05 -0.000764153 0.00121602
28 5.39276e-06 4.8817e-05 -2.27442e-05 8.88332e-05 -0.000568843 0.001218
28.02 5.73358e-06 4.6592e-05 -1.80881e-05 9.64132e-05 -0.000452391 0.00116236
28.04 5.90032e-06 4.28056e-05 -1.60148e-05 0.000101313 -0.000400536 0.00106766
28.06 5.91438e-06 3.81957e-05 -1.59311e-05 0.000103272 -0.000398443 0.000952361
28.08 5.78926e-06 3.32515e-05 -1.75383e-05 0.000102133 -0.00043864 0.000828706
28.1 5.52789e-06 2.8089e-05 -2.08301e-05 9.78511e-05 -0.000520968 0.00069959
28.12 5.12459e-06 2.25478e-05 -2.59008e-05 9.05088e-05 -0.00064779 0.000561001
28.14 4.56879e-06 1.63337e-05 -3.36762e-05 8.03792e-05 -0.000842257 0.000405586
28.16 3.85084e-06 9.10759e-06 -4.52789e-05 6.79727e-05 -0.00113244 0.000224857
28.18 2.97082e-06 6.42604e-07 -6.06102e-05 5.3942e-05 -0.00151589 1.31438e-05
28.2 1.94832e-06 -8.98856e-06 -7.87673e-05 3.89209e-05 -0.00197 -0.000227736
28.22 8.26756e-07 -1.93919e-05 -9.88444e-05 2.3488e-05 -0.00247214 -0.000487927
28.24 -3.33046e-07 -2.99877e-05 -0.000119916 8.2193e-06 -0.00299915 -0.000752933
28.26 -1.46581e-06 -4.00791e-05 -0.000140561 -6.3549e-06 -0.00351548 -0.00100532
28.28 -2.51205e-06 -4.88496e-05 -0.000159189 -1.98692e-05 -0.00398139 -0.00122468
28.3 -3.42284e-06 -5.54923e-05 -0.00017478 -3.2125e-05 -0.00437131 -0.00139081
28.32 -4.1627e-06 -5.94786e-05 -0.00018702 -4.29469e-05 -0.00467745 -0.00149051
28.34 -4.71233e-06 -6.07194e-05 -0.000195896 -5.20728e-05 -0.00489944 -0.00152155
28.36 -5.06934e-06 -5.94853e-05 -0.000201507 -5.91822e-05 -0.00503977 -0.00149068
28.38 -5.24492e-06 -5.62256e-05 -0.000204236 -6.39777e-05 -0.00510802 -0.00140915
28.4 -5.25732e-06 -5.14526e-05 -0.000204727 -6.6232e-05 -0.00512031 -0.00128978
28.42 -5.12439e-06 -4.5693e-05 -0.000203489 -6.58056e-05 -0.00508935 -0.00114573
28.44 -4.85709e-06 -3.94269e-05 -0.000200605 -6.26512e-05 -0.00501722 -0.00098901
28.46 -4.45717e-06 -3.30195e-05 -0.000195869 -5.68176e-05 -0.00489876 -0.000828758
28.48 -3.91869e-06 -2.66242e-05 -0.000188407 -4.84882e-05 -0.00471213 -0.00066881
28.5 -3.23385e-06 -2.01283e-05 -0.000177266 -3.8026e-05 -0.00443349 -0.000506346
28.52 -2.40211e-06 -1.32776e-05 -0.000162523 -2.59269e-05 -0.00406478 -0.000335006
28.54 -1.43886e-06 -5.89877e-06 -0.000144951 -1.27109e-05 -0.00362529 -0.000150459
28.56 -3.79118e-07 1.98212e-06 -0.000125414 1.11428e-06 -0.00313665 4.66456e-05
28.58 7.26784e-07 1.01483e-05 -0.000104868 1.50302e-05 -0.0026228 0.000250886
28.6 1.8219e-06 1.81566e-05 -8.46723e-05 2.85514e-05 -0.00211769 0.000451177
28.62 2.84981e-06 2.52711e-05 -6.60968e-05 4.13249e-05 -0.00165311 0.000629112
28.64 3.75898e-06 3.05774e-05 -4.953e-05 5.3141e-05 -0.00123877 0.000761826
