0.02 -8.79838e-12 2.45759e-11 3.35329e-10 -7.63414e-12 8.38671e-09 6.14653e-10
0.04 -7.03204e-11 1.17037e-10 2.80041e-09 -6.13757e-11 7.00395e-08 2.92713e-09
0.06 -2.42418e-10 2.75526e-10 9.88568e-09 -1.2849e-10 2.47245e-07 6.89102e-09
0.08 -3.53586e-10 6.02474e-10 1.42562e-08 4.06223e-10 3.56554e-07 1.50681e-08
0.1 3.65383e-10 1.80151e-09 -1.79551e-08 3.18685e-09 -4.49064e-07 4.50565e-08
0.12 3.05408e-09 6.42426e-09 -1.38808e-07 9.39474e-09 -3.47165e-06 1.60673e-07
0.14 8.02253e-09 2.40983e-08 -3.68832e-07 1.5293e-08 -9.22463e-06 6.0271e-07
0.16 1.37346e-08 8.27397e-08 -6.57008e-07 8.07033e-09 -1.6432e-05 2.06935e-06
0.18 1.74748e-08 2.33016e-07 -9.11937e-07 -3.20917e-08 -2.28079e-05 5.82784e-06
0.2 1.72796e-08 5.25156e-07 -1.07546e-06 -1.22148e-07 -2.68977e-05 1.31344e-05
0.22 1.31778e-08 9.64973e-07 -1.1532e-06 -2.64154e-07 -2.88419e-05 2.41344e-05
0.24 6.7619e-09 1.4921e-06 -1.1813e-06 -4.39589e-07 -2.95449e-05 3.73182e-05
0.26 -7.77995e-11 2.01226e-06 -1.18795e-06 -6.17037e-07 -2.97112e-05 5.03275e-05
0.28 -6.03321e-09 2.46118e-06 -1.19295e-06 -7.7157e-07 -2.98361e-05 6.1555e-05
0.3 -1.03898e-08 2.83903e-06 -1.22875e-06 -8.97733e-07 -3.07316e-05 7.10053e-05
0.32 -1.2499e-08 3.17854e-06 -1.34482e-06 -9.9941e-07 -3.36344e-05 7.94967e-05
0.34 -1.16701e-08 3.48737e-06 -1.57722e-06 -1.07262e-06 -3.9447e-05 8.72205e-05
0.36 -8.16193e-09 3.74344e-06 -1.9008e-06 -1.11182e-06 -4.75399e-05 9.3625e-05
0.38 -4.33577e-09 3.94884e-06 -2.20951e-06 -1.13106e-06 -5.52609e-05 9.87622e-05
0.4 -4.07969e-09 4.15669e-06 -2.35913e-06 -1.16263e-06 -5.90027e-05 0.000103961
0.42 -1.03752e-08 4.42502e-06 -2.24918e-06 -1.23307e-06 -5.62529e-05 0.000110672
0.44 -2.32478e-08 4.76372e-06 -1.88219e-06 -1.35154e-06 -4.70744e-05 0.000119143
0.46 -3.97834e-08 5.13787e-06 -1.3652e-06 -1.51397e-06 -3.41443e-05 0.0001285
0.48 -5.54578e-08 5.48703e-06 -8.64756e-07 -1.69514e-06 -2.16279e-05 0.000137233
0.5 -6.57409e-08 5.71177e-06 -5.29045e-07 -1.83656e-06 -1.32316e-05 0.000142854
0.52 -6.83685e-08 5.68578e-06 -3.90515e-07 -1.87169e-06 -9.76695e-06 0.000142204
0.54 -6.5678e-08 5.36036e-06 -3.18496e-07 -1.78454e-06 -7.96572e-06 0.000134065
0.56 -6.38681e-08 4.87395e-06 -1.15641e-07 -1.63895e-06 -2.89223e-06 0.000121899
0.58 -6.78053e-08 4.49666e-06 2.80192e-07 -1.53709e-06 7.00773e-06 0.000112463
0.6 -7.56039e-08 4.39534e-06 6.89714e-07 -1.53533e-06 1.725e-05 0.000109929
0.62 -7.88361e-08 4.43157e-06 8.20222e-07 -1.58343e-06 2.05141e-05 0.000110835
0.64 -6.8999e-08 4.22673e-06 5.16799e-07 -1.54616e-06 1.29254e-05 0.000105712
0.66 -4.46608e-08 3.48313e-06 -1.08101e-07 -1.31147e-06 -2.70365e-06 8.71146e-05
0.68 -1.24985e-08 2.25971e-06 -7.92033e-07 -8.91045e-07 -1.98091e-05 5.65162e-05
0.7 1.94201e-08 9.02982e-07 -1.38193e-06 -3.97078e-07 -3.45625e-05 2.25839e-05
0.72 4.97177e-08 -2.95049e-07 -1.99093e-06 7.69997e-08 -4.97941e-05 -7.3793e-06
0.74 8.41621e-08 -1.31833e-06 -2.88613e-06 5.20352e-07 -7.21833e-05 -3.29719e-05
0.76 1.27502e-07 -2.30513e-06 -4.19842e-06 9.58692e-07 -0.000105004 -5.76523e-05
0.78 1.75966e-07 -3.3048e-06 -5.7368e-06 1.40027e-06 -0.00014348 -8.26543e-05
0.8 2.19029e-07 -4.22651e-06 -7.09636e-06 1.8398e-06 -0.000177483 -0.000105707
0.82 2.48363e-07 -4.96237e-06 -7.97486e-06 2.26843e-06 -0.000199454 -0.000124111
0.84 2.64864e-07 -5.46854e-06 -8.43317e-06 2.66277e-06 -0.000210917 -0.00013677
0.86 2.77927e-07 -5.76342e-06 -8.87205e-06 3.00156e-06 -0.000221894 -0.000144146
0.88 2.97732e-07 -5.93504e-06 -9.6934e-06 3.30282e-06 -0.000242436 -0.000148438
0.9 3.25518e-07 -6.10781e-06 -1.08831e-05 3.60188e-06 -0.000272191 -0.000152759
0.92 3.49492e-07 -6.27945e-06 -1.1916e-05 3.87483e-06 -0.000298024 -0.000157052
0.94 3.52506e-07 -6.1974e-06 -1.21704e-05 4.02079e-06 -0.000304386 -0.000155
0.96 3.27482e-07 -5.53833e-06 -1.15159e-05 3.94706e-06 -0.000288018 -0.000138516
0.98 2.86148e-07 -4.28188e-06 -1.04823e-05 3.66045e-06 -0.000262166 -0.000107092
1 2.51112e-07 -2.83533e-06 -9.82617e-06 3.26746e-06 -0.000245757 -7.09127e-05
1.02 2.37757e-07 -1.71187e-06 -9.91771e-06 2.8965e-06 -0.000248046 -4.28146e-05
1.04 2.40337e-07 -1.12823e-06 -1.03788e-05 2.62022e-06 -0.000259578 -2.82175e-05
1.06 2.29146e-07 -1.00585e-06 -9.96627e-06 2.44115e-06 -0.000249261 -2.51567e-05
1.08 1.64835e-07 -1.27575e-06 -6.992e-06 2.3329e-06 -0.000174873 -3.19069e-05
1.1 3.72757e-08 -1.92092e-06 -9.69796e-07 2.25987e-06 -2.4255e-05 -4.8043e-05
1.12 -1.02437e-07 -2.69764e-06 5.75946e-06 2.13389e-06 0.000144046 -6.74691e-05
1.14 -1.74884e-07 -3.14744e-06 9.38156e-06 1.79075e-06 0.000234637 -7.87189e-05
1.16 -1.52867e-07 -3.03019e-06 8.45352e-06 1.1144e-06 0.000211426 -7.57862e-05
1.18 -9.27769e-08 -2.53467e-06 5.55218e-06 2.45567e-07 0.000138862 -6.33932e-05
1.2 -7.65959e-08 -2.00784e-06 4.55983e-06 -4.48867e-07 0.000114043 -5.02168e-05
1.22 -1.31425e-07 -1.64149e-06 6.82901e-06 -7.51848e-07 0.000170796 -4.10544e-05
1.24 -2.08688e-07 -1.43255e-06 1.02259e-05 -8.45819e-07 0.000255754 -3.58287e-05
1.26 -2.40358e-07 -1.35604e-06 1.17343e-05 -1.07489e-06 0.00029348 -3.39151e-05
1.28 -2.12833e-07 -1.49221e-06 1.078e-05 -1.59431e-06 0.000269613 -3.73209e-05
1.3 -1.74335e-07 -1.83095e-06 9.46653e-06 -2.31704e-06 0.000236762 -4.57929e-05
1.32 -1.66951e-07 -2.01145e-06 9.43294e-06 -3.01001e-06 0.000235922 -5.03072e-05
1.34 -1.70778e-07 -1.62231e-06 9.50676e-06 -3.38212e-06 0.000237768 -4.05746e-05
1.36 -1.27554e-07 -8.22262e-07 7.12318e-06 -3.23692e-06 0.000178154 -2.05651e-05
1.38 -7.2001e-09 -2.66843e-07 1.32855e-06 -2.59646e-06 3.32275e-05 -6.67386e-06
1.4 1.56646e-07 -3.39247e-07 -6.09331e-06 -1.64896e-06 -0.000152396 -8.48471e-06
1.42 2.83076e-07 -8.99323e-07 -1.15988e-05 -5.94959e-07 -0.000290091 -2.24924e-05
1.44 2.95775e-07 -1.87309e-06 -1.18339e-05 4.8635e-07 -0.000295972 -4.68467e-05
1.46 1.93032e-07 -3.47295e-06 -6.50849e-06 1.63972e-06 -0.00016278 -8.68599e-05
1.48 7.86677e-08 -5.53692e-06 -2.24361e-07 2.82489e-06 -5.61136e-06 -0.000138481
1.5 8.15992e-08 -7.22182e-06 7.14402e-07 3.74838e-06 1.78675e-05 -0.000180621
1.52 2.20028e-07 -7.75349e-06 -5.17231e-06 4.1283e-06 -0.000129362 -0.000193918
1.54 3.79057e-07 -7.11879e-06 -1.28545e-05 4.17517e-06 -0.000321497 -0.000178044
1.56 4.41983e-07 -5.88733e-06 -1.66912e-05 4.54649e-06 -0.000417453 -0.000147245
1.58 4.0938e-07 -4.80701e-06 -1.61804e-05 5.64356e-06 -0.000404679 -0.000120225
1.6 3.68677e-07 -4.55231e-06 -1.47907e-05 7.09827e-06 -0.000369922 -0.000113855
1.62 3.7633e-07 -5.24306e-06 -1.48737e-05 8.0705e-06 -0.000371996 -0.000131131
1.64 3.96655e-07 -6.09889e-06 -1.52089e-05 7.91985e-06 -0.000380382 -0.000152536
1.66 3.48904e-07 -6.04982e-06 -1.28906e-05 6.59875e-06 -0.000322398 -0.000151309
1.68 2.01721e-07 -4.81936e-06 -6.82076e-06 4.67042e-06 -0.00017059 -0.000120534
1.7 1.97635e-08 -3.15414e-06 4.99609e-07 2.9951e-06 1.24954e-05 -7.88864e-05
1.72 -8.67113e-08 -1.9965e-06 4.69949e-06 2.12352e-06 0.000117536 -4.99334e-05
1.74 -6.57573e-08 -1.59314e-06 3.57278e-06 1.86761e-06 8.93568e-05 -3.98451e-05
1.76 2.27648e-08 -1.30301e-06 -5.81305e-07 1.5387e-06 -1.45387e-05 -3.25888e-05
1.78 6.1693e-08 -1.68269e-07 -2.99992e-06 5.93042e-07 -7.50294e-05 -4.20847e-06
1.8 -1.61392e-08 2.09023e-06 -7.53812e-07 -9.6824e-07 -1.88532e-05 5.22775e-05
1.82 -1.75107e-07 4.49125e-06 5.15515e-06 -2.70531e-06 0.000128932 0.000112328
1.84 -3.21472e-07 5.54479e-06 1.1393e-05 -4.17877e-06 0.000284945 0.000138678
1.86 -3.89913e-07 4.91121e-06 1.5216e-05 -5.34734e-06 0.000380558 0.000122831
1.88 -3.8982e-07 4.06559e-06 1.60866e-05 -6.52213e-06 0.000402332 0.000101682
1.9 -3.81074e-07 4.91277e-06 1.54092e-05 -7.88488e-06 0.00038539 0.00012287
1.92 -4.11741e-07 7.79426e-06 1.50495e-05 -9.12823e-06 0.000376395 0.000194938
1.94 -4.75506e-07 1.10922e-05 1.57394e-05 -9.66448e-06 0.000393648 0.00027742
1.96 -5.2526e-07 1.27208e-05 1.67244e-05 -9.18457e-06 0.000418285 0.000318152
1.98 -5.25653e-07 1.1883e-05 1.699e-05 -7.99906e-06 0.000424926 0.000297198
2 -4.89048e-07 9.57538e-06 1.65634e-05 -6.84408e-06 0.000414257 0.000239484
2.02 -4.59472e-07 7.61163e-06 1.63579e-05 -6.30108e-06 0.000409117 0.00019037
2.04 -4.64809e-07 7.02033e-06 1.69462e-05 -6.29536e-06 0.000423832 0.000175581
2.06 -4.8592e-07 7.14038e-06 1.77605e-05 -6.11188e-06 0.000444197 0.000178584
2.08 -4.70414e-07 6.27834e-06 1.74186e-05 -4.96247e-06 0.000435647 0.000157024
2.1 -3.7743e-07 3.37371e-06 1.47623e-05 -2.64466e-06 0.000369211 8.43779e-05
2.12 -2.13645e-07 -9.568e-07 9.78787e-06 2.76877e-07 0.000244799 -2.393e-05
2.14 -2.79737e-08 -4.99477e-06 3.71421e-06 2.90637e-06 9.2894e-05 -0.000124921
2.16 1.31109e-07 -7.45668e-06 -2.0099e-06 4.66866e-06 -5.02685e-05 -0.000186495
2.18 2.54939e-07 -8.49919e-06 -6.88426e-06 5.63585e-06 -0.000172178 -0.000212568
2.2 3.70865e-07 -9.33583e-06 -1.144e-05 6.30443e-06 -0.000286119 -0.000233493
2.22 5.00452e-07 -1.09072e-05 -1.61435e-05 7.07058e-06 -0.000403757 -0.000272795
2.24 6.27362e-07 -1.29101e-05 -2.05e-05 7.90808e-06 -0.000512713 -0.000322886
2.26 7.10952e-07 -1.41365e-05 -2.34457e-05 8.51583e-06 -0.000586388 -0.000353561
2.28 7.29382e-07 -1.37259e-05 -2.45284e-05 8.68919e-06 -0.000613466 -0.000343292
2.3 7.0543e-07 -1.20241e-05 -2.45359e-05 8.51099e-06 -0.000613654 -0.000300729
2.32 6.88099e-07 -1.02928e-05 -2.48608e-05 8.25918e-06 -0.000621779 -0.000257428
2.34 7.07865e-07 -9.66172e-06 -2.61637e-05 8.16933e-06 -0.000654366 -0.000241644
2.36 7.49497e-07 -1.02213e-05 -2.7709e-05 8.22007e-06 -0.000693014 -0.000255638
2.38 7.67171e-07 -1.0939e-05 -2.8074e-05 8.12406e-06 -0.000702141 -0.000273589
2.4 7.2227e-07 -1.05187e-05 -2.63292e-05 7.58381e-06 -0.000658505 -0.000263077
2.42 6.08528e-07 -8.54488e-06 -2.24722e-05 6.57911e-06 -0.000562039 -0.000213711
2.44 4.52156e-07 -5.85271e-06 -1.71664e-05 5.38944e-06 -0.000429339 -0.000146379
2.46 2.93415e-07 -3.74129e-06 -1.138e-05 4.33103e-06 -0.000284619 -9.35713e-05
2.48 1.59347e-07 -2.836e-06 -5.90701e-06 3.46559e-06 -0.000147737 -7.09294e-05
2.5 4.62762e-08 -2.69495e-06 -8.53455e-07 2.56892e-06 -2.13453e-05 -6.74019e-05
2.52 -6.94848e-08 -2.36409e-06 4.24578e-06 1.386e-06 0.000106189 -5.91268e-05
2.54 -2.01874e-07 -1.19593e-06 9.60705e-06 -1.19677e-07 0.000240276 -2.99107e-05
2.56 -3.37017e-07 7.3607e-07 1.46285e-05 -1.75342e-06 0.000365865 1.84094e-05
2.58 -4.44766e-07 2.78727e-06 1.8321e-05 -3.23319e-06 0.000458215 6.97108e-05
2.6 -5.09559e-07 4.27444e-06 2.03869e-05 -4.36102e-06 0.000509885 0.000106905
2.62 -5.49996e-07 5.0148e-06 2.17795e-05 -5.16429e-06 0.000544713 0.000125422
2.64 -6.00237e-07 5.40345e-06 2.38229e-05 -5.85598e-06 0.00059582 0.000135143
2.66 -6.671e-07 5.89001e-06 2.65921e-05 -6.57669e-06 0.000665081 0.000147312
2.68 -7.14653e-07 6.33892e-06 2.85734e-05 -7.21134e-06 0.000714633 0.000158539
2.7 -6.99364e-07 5.97904e-06 2.82563e-05 -7.4835e-06 0.000706703 0.000149538
2.72 -6.13359e-07 4.13247e-06 2.56651e-05 -7.1678e-06 0.000641894 0.000103355
2.74 -4.86299e-07 1.09759e-06 2.19371e-05 -6.26754e-06 0.000548657 2.74512e-05
2.76 -3.52564e-07 -1.76533e-06 1.77878e-05 -5.10015e-06 0.00044488 -4.41515e-05
2.78 -2.2425e-07 -3.05104e-06 1.2897e-05 -4.10335e-06 0.00032256 -7.63077e-05
2.8 -9.13687e-08 -2.57013e-06 6.68827e-06 -3.39886e-06 0.000167276 -6.428e-05
2.82 5.78014e-08 -1.5427e-06 -6.32192e-07 -2.65306e-06 -1.58114e-05 -3.85836e-05
2.84 2.17667e-07 -1.39789e-06 -7.94573e-06 -1.50187e-06 -0.000198726 -3.49618e-05
2.86 3.70863e-07 -2.41406e-06 -1.42889e-05 4.07896e-08 -0.000357372 -6.03765e-05
2.88 5.16064e-07 -3.70762e-06 -2.01201e-05 1.73404e-06 -0.000503213 -9.2729e-05
2.9 6.78766e-07 -4.45063e-06 -2.70972e-05 3.46783e-06 -0.000677711 -0.000111312
2.92 8.78616e-07 -4.66571e-06 -3.61303e-05 5.27056e-06 -0.000903634 -0.000116691
2.94 1.08751e-06 -4.67355e-06 -4.57959e-05 7.08488e-06 -0.00114538 -0.000116888
2.96 1.2332e-06 -4.20892e-06 -5.30106e-05 8.69171e-06 -0.00132582 -0.000105267
2.98 1.25176e-06 -2.54166e-06 -5.5315e-05 9.79515e-06 -0.00138345 -6.35679e-05
3 1.14095e-06 6.10293e-07 -5.27095e-05 1.01563e-05 -0.00131829 1.52637e-05
3.02 9.68751e-07 4.5649e-06 -4.77336e-05 9.77503e-06 -0.00119384 0.00011417
3.04 8.26156e-07 8.05431e-06 -4.36481e-05 8.96552e-06 -0.00109166 0.000201442
3.06 7.55795e-07 1.00587e-05 -4.179e-05 8.12801e-06 -0.00104518 0.000251572
3.08 7.17081e-07 1.05104e-05 -4.03787e-05 7.41256e-06 -0.00100989 0.00026287
3.1 6.26369e-07 1.0392e-05 -3.62907e-05 6.66052e-06 -0.000907646 0.000259908
3.12 4.38541e-07 1.09446e-05 -2.82348e-05 5.63321e-06 -0.000706163 0.000273728
3.14 1.89719e-07 1.25127e-05 -1.80056e-05 4.21356e-06 -0.000450327 0.000312947
3.16 -4.16804e-08 1.42832e-05 -8.58348e-06 2.39038e-06 -0.000214677 0.000357229
3.18 -2.15384e-07 1.53661e-05 -1.19097e-06 1.13311e-07 -2.97866e-05 0.000384313
3.2 -3.68968e-07 1.58975e-05 5.77018e-06 -2.72915e-06 0.000144315 0.000397603
3.22 -5.74079e-07 1.66688e-05 1.49648e-05 -6.07133e-06 0.000374275 0.000416894
3.24 -8.51982e-07 1.77956e-05 2.72087e-05 -9.46037e-06 0.0006805 0.000445076
3.26 -1.13927e-06 1.83278e-05 4.0223e-05 -1.23001e-05 0.00100599 0.000458386
3.28 -1.34446e-06 1.73512e-05 5.04728e-05 -1.43627e-05 0.00126234 0.000433962
3.3 -1.43308e-06 1.50343e-05 5.62983e-05 -1.58889e-05 0.00140804 0.000376014
3.32 -1.44765e-06 1.23119e-05 5.9012e-05 -1.71508e-05 0.00147592 0.000307925
3.34 -1.45067e-06 9.85407e-06 6.10003e-05 -1.81181e-05 0.00152564 0.000246454
3.36 -1.46375e-06 7.65277e-06 6.32294e-05 -1.85903e-05 0.00158139 0.000191399
3.38 -1.46052e-06 5.41857e-06 6.46765e-05 -1.84534e-05 0.00161759 0.000135521
3.4 -1.40044e-06 3.03799e-06 6.35862e-05 -1.77333e-05 0.00159032 7.59813e-05
3.42 -1.2598e-06 5.88689e-07 5.88589e-05 -1.65033e-05 0.00147208 1.47233e-05
3.44 -1.04008e-06 -1.95287e-06 5.05683e-05 -1.47434e-05 0.00126473 -4.88421e-05
3.46 -7.61274e-07 -4.87628e-06 3.97463e-05 -1.22491e-05 0.000994071 -0.000121958
3.48 -4.51207e-07 -8.48892e-06 2.77937e-05 -8.79155e-06 0.000695132 -0.000212311
3.5 -1.34862e-07 -1.26676e-05 1.57689e-05 -4.45908e-06 0.000394387 -0.000316821
3.52 1.73331e-07 -1.67446e-05 3.95744e-06 2.52104e-07 9.89771e-05 -0.000418791
3.54 4.70187e-07 -1.99127e-05 -7.94346e-06 4.75507e-06 -0.000198669 -0.000498025
3.56 7.5812e-07 -2.1745e-05 -2.02659e-05 8.73759e-06 -0.000506859 -0.000543852
3.58 1.03838e-06 -2.23955e-05 -3.29596e-05 1.22573e-05 -0.000824334 -0.000560121
3.6 1.30495e-06 -2.24387e-05 -4.54316e-05 1.55878e-05 -0.00113626 -0.000561201
3.62 1.5388e-06 -2.24777e-05 -5.65024e-05 1.89354e-05 -0.00141315 -0.000562177
3.64 1.70971e-06 -2.26466e-05 -6.47253e-05 2.21695e-05 -0.00161881 -0.0005664
3.66 1.79456e-06 -2.23996e-05 -6.93169e-05 2.48234e-05 -0.00173364 -0.000560224
3.68 1.80298e-06 -2.10648e-05 -7.10255e-05 2.64591e-05 -0.00177638 -0.000526838
3.7 1.78019e-06 -1.88161e-05 -7.17251e-05 2.70571e-05 -0.00179387 -0.0004706
3.72 1.77101e-06 -1.68365e-05 -7.27077e-05 2.69839e-05 -0.00181845 -0.000421089
3.74 1.77566e-06 -1.61239e-05 -7.33939e-05 2.65541e-05 -0.00183561 -0.000403264
3.76 1.74579e-06 -1.61941e-05 -7.19229e-05 2.56746e-05 -0.00179882 -0.00040502
3.78 1.62522e-06 -1.53328e-05 -6.68366e-05 2.39219e-05 -0.00167161 -0.000383481
3.8 1.39182e-06 -1.22178e-05 -5.7962e-05 2.09165e-05 -0.00144965 -0.000305572
3.82 1.06633e-06 -7.09779e-06 -4.60677e-05 1.66389e-05 -0.00115217 -0.000177519
3.84 6.94249e-07 -1.42594e-06 -3.22811e-05 1.14736e-05 -0.000807364 -3.56633e-05
3.86 3.19269e-07 3.35511e-06 -1.76967e-05 5.98239e-06 -0.000442601 8.39128e-05
3.88 -3.80095e-08 6.69607e-06 -2.96682e-06 5.66824e-07 -7.42014e-05 0.000167472
3.9 -3.81805e-07 9.10472e-06 1.17321e-05 -4.69843e-06 0.000293424 0.000227713
3.92 -7.19302e-07 1.16668e-05 2.60342e-05 -9.89947e-06 0.000651127 0.000291792
3.94 -1.03884e-06 1.50592e-05 3.8961e-05 -1.49594e-05 0.00097443 0.000376637
3.96 -1.31429e-06 1.87092e-05 4.96219e-05 -1.94887e-05 0.00124107 0.000467924
3.98 -1.52778e-06 2.10637e-05 5.81338e-05 -2.29482e-05 0.00145395 0.000526811
4 -1.68082e-06 2.09076e-05 6.53451e-05 -2.49857e-05 0.00163431 0.000522909
4.02 -1.78299e-06 1.8392e-05 7.16463e-05 -2.5674e-05 0.0017919 0.000459991
4.04 -1.83314e-06 1.47563e-05 7.62588e-05 -2.5435e-05 0.00190726 0.000369061
4.06 -1.81068e-06 1.1189e-05 7.75515e-05 -2.46581e-05 0.0019396 0.000279843
4.08 -1.68407e-06 7.99647e-06 7.39199e-05 -2.33459e-05 0.00184877 0.000199995
4.1 -1.43419e-06 4.76576e-06 6.47126e-05 -2.11797e-05 0.00161849 0.000119194
4.12 -1.07641e-06 1.2425e-06 5.07159e-05 -1.79531e-05 0.00126843 3.10755e-05
4.14 -6.58025e-07 -2.0721e-06 3.37288e-05 -1.38561e-05 0.000843571 -5.18241e-05
4.16 -2.30314e-07 -4.32919e-06 1.55529e-05 -9.31327e-06 0.000388983 -0.000108275
4.18 1.74965e-07 -5.20794e-06 -2.56284e-06 -4.69885e-06 -6.40978e-05 -0.000130253
4.2 5.43913e-07 -5.08305e-06 -1.97391e-05 -2.83612e-07 -0.000493682 -0.000127129
4.22 8.69492e-07 -4.40798e-06 -3.5344e-05 3.74906e-06 -0.000883968 -0.000110245
4.24 1.15209e-06 -3.4036e-06 -4.92565e-05 7.43539e-06 -0.00123193 -8.51254e-05
4.26 1.40329e-06 -2.41816e-06 -6.18347e-05 1.10729e-05 -0.00154651 -6.04791e-05
4.28 1.63665e-06 -2.02449e-06 -7.33765e-05 1.49452e-05 -0.00183518 -5.06333e-05
4.3 1.85431e-06 -2.43317e-06 -8.38143e-05 1.90238e-05 -0.00209623 -6.08547e-05
4.32 2.04457e-06 -3.17459e-06 -9.28339e-05 2.29849e-05 -0.00232181 -7.93978e-05
4.34 2.18529e-06 -3.65043e-06 -9.97334e-05 2.63867e-05 -0.00249437 -9.12989e-05
4.36 2.24613e-06 -3.74055e-06 -0.000103132 2.87798e-05 -0.00257937 -9.35528e-05
4.38 2.19974e-06 -3.71966e-06 -0.000101517 2.98475e-05 -0.00253899 -9.30303e-05
4.4 2.04132e-06 -3.86303e-06 -9.44372e-05 2.95502e-05 -0.00236191 -9.66159e-05
4.42 1.79222e-06 -4.17075e-06 -8.28643e-05 2.79809e-05 -0.00207247 -0.000104312
4.44 1.47893e-06 -4.07132e-06 -6.83789e-05 2.50388e-05 -0.00171018 -0.000101825
4.46 1.1139e-06 -2.28971e-06 -5.23568e-05 2.04393e-05 -0.00130947 -5.72666e-05
4.48 7.00573e-07 2.54103e-06 -3.58578e-05 1.40843e-05 -0.000896818 6.35523e-05
4.5 2.49246e-07 1.07351e-05 -1.96457e-05 6.30232e-06 -0.000491348 0.000268488
4.52 -2.22565e-07 2.0992e-05 -3.80789e-06 -2.24117e-06 -9.52369e-05 0.000525018
4.54 -7.05837e-07 3.10751e-05 1.25701e-05 -1.07806e-05 0.000314384 0.000777201
4.56 -1.20614e-06 3.91532e-05 3.08554e-05 -1.87354e-05 0.000771707 0.000979237
4.58 -1.72806e-06 4.47322e-05 5.15923e-05 -2.59616e-05 0.00129035 0.00111877
4.6 -2.2604e-06 4.86005e-05 7.38367e-05 -3.27287e-05 0.00184669 0.00121552
4.62 -2.78265e-06 5.19139e-05 9.59514e-05 -3.93135e-05 0.00239978 0.00129839
4.64 -3.2787e-06 5.50798e-05 0.000116891 -4.55188e-05 0.00292349 0.00137757
4.66 -3.73405e-06 5.73631e-05 0.000136373 -5.06237e-05 0.00341075 0.00143467
4.68 -4.11882e-06 5.75994e-05 0.000153745 -5.38668e-05 0.00384524 0.00144058
4.7 -4.37875e-06 5.51907e-05 0.000166987 -5.49289e-05 0.00417642 0.00138034
4.72 -4.45403e-06 5.0233e-05 0.000173415 -5.39173e-05 0.00433718 0.00125635
4.74 -4.321e-06 4.28549e-05 0.000171909 -5.10507e-05 0.00429952 0.00107182
4.76 -4.01797e-06 3.28458e-05 0.000164307 -4.64675e-05 0.0041094 0.000821487
4.78 -3.61727e-06 1.99877e-05 0.000153981 -4.01856e-05 0.00385114 0.0004999
4.8 -3.16514e-06 4.52214e-06 0.000142847 -3.21815e-05 0.00357267 0.000113101
4.82 -2.65659e-06 -1.2646e-05 0.000130108 -2.26863e-05 0.00325405 -0.000316282
4.84 -2.07173e-06 -2.99316e-05 0.000113896 -1.24248e-05 0.00284859 -0.000748601
4.86 -1.42543e-06 -4.53766e-05 9.36863e-05 -2.34457e-06 0.00234313 -0.00113489
4.88 -7.70607e-07 -5.74671e-05 7.09249e-05 6.94981e-06 0.00177386 -0.00143728
4.9 -1.53086e-07 -6.59724e-05 4.75423e-05 1.54196e-05 0.00118905 -0.00165
4.92 4.32151e-07 -7.21159e-05 2.4123e-05 2.34134e-05 0.000603327 -0.00180365
4.94 1.03621e-06 -7.80546e-05 -2.36756e-07 3.14551e-05 -5.92137e-06 -0.00195218
4.96 1.70307e-06 -8.5982e-05 -2.61383e-05 4.00065e-05 -0.000653731 -0.00215045
4.98 2.41595e-06 -9.69533e-05 -5.21631e-05 4.90783e-05 -0.00130462 -0.00242484
5 3.095e-06 -0.000109899 -7.53335e-05 5.79997e-05 -0.00188412 -0.00274862
5.02 3.6497e-06 -0.000121849 -9.33529e-05 6.56847e-05 -0.0023348 -0.00304751
5.04 4.03659e-06 -0.000129609 -0.000106219 7.11658e-05 -0.00265658 -0.00324157
5.06 4.2738e-06 -0.00013153 -0.000115772 7.39533e-05 -0.0028955 -0.00328962
5.08 4.41014e-06 -0.000127928 -0.000124031 7.41024e-05 -0.00310207 -0.00319954
5.1 4.48339e-06 -0.000120115 -0.000131913 7.2044e-05 -0.00329919 -0.00300413
5.12 4.49934e-06 -0.000109119 -0.000139067 6.82047e-05 -0.00347812 -0.00272912
5.14 4.43949e-06 -9.49566e-05 -0.000144631 6.26319e-05 -0.00361727 -0.0023749
5.16 4.2808e-06 -7.67802e-05 -0.000148037 5.49834e-05 -0.00370247 -0.0019203
5.18 4.0028e-06 -5.37455e-05 -0.000148886 4.48911e-05 -0.00372369 -0.0013442
5.2 3.57627e-06 -2.5785e-05 -0.00014598 3.22793e-05 -0.00365101 -0.000644895
5.22 2.95655e-06 6.56437e-06 -0.000137075 1.73348e-05 -0.00342829 0.000164178
5.24 2.10414e-06 4.30055e-05 -0.000120266 2.87721e-07 -0.00300789 0.00107559
5.26 1.02192e-06 8.36163e-05 -9.57733e-05 -1.86111e-05 -0.00239533 0.00209128
5.28 -2.22161e-07 0.000127519 -6.61822e-05 -3.87239e-05 -0.00165524 0.0031893
5.3 -1.50549e-06 0.000171209 -3.49353e-05 -5.85445e-05 -0.000873747 0.00428202
5.32 -2.69425e-06 0.000208598 -4.37925e-06 -7.57654e-05 -0.000109527 0.00521712
5.34 -3.70578e-06 0.000233463 2.55552e-05 -8.82372e-05 0.000639147 0.00583901
5.36 -4.55045e-06 0.000242541 5.73926e-05 -9.52135e-05 0.00143541 0.00606604
5.38 -5.30527e-06 0.000236646 9.43113e-05 -9.78198e-05 0.00235876 0.00591863
5.4 -6.02636e-06 0.000219234 0.000137037 -9.82311e-05 0.00342736 0.00548315
5.42 -6.68027e-06 0.000194298 0.000181799 -9.79781e-05 0.00454687 0.00485947
5.44 -7.17102e-06 0.000165825 0.000221681 -9.68692e-05 0.00554433 0.00414736
5.46 -7.43897e-06 0.000138788 0.00025063 -9.39869e-05 0.00626837 0.00347115
5.48 -7.5059e-06 0.000118471 0.000266318 -8.95998e-05 0.00666072 0.00296301
5.5 -7.39352e-06 0.000106153 0.00026922 -8.50039e-05 0.00673331 0.00265494
5.52 -7.02328e-06 9.57455e-05 0.000259805 -8.01988e-05 0.00649784 0.00239463
5.54 -6.25161e-06 7.74472e-05 0.000237526 -7.28572e-05 0.00594061 0.00193699
5.56 -5.01365e-06 4.58133e-05 0.000202435 -6.04254e-05 0.00506297 0.00114581
5.58 -3.40121e-06 3.29821e-06 0.000156913 -4.28663e-05 0.00392445 8.24895e-05
5.6 -1.59613e-06 -4.34298e-05 0.000105128 -2.28873e-05 0.0026293 -0.0010862
5.62 2.33512e-07 -8.79907e-05 5.09341e-05 -3.88515e-06 0.00127388 -0.00220068
5.64 1.95222e-06 -0.000124797 -3.0143e-06 1.18988e-05 -7.5389e-05 -0.00312121
5.66 3.41758e-06 -0.000148604 -5.38287e-05 2.37849e-05 -0.00134628 -0.00371665
5.68 4.49025e-06 -0.000156778 -9.7186e-05 3.2313e-05 -0.00243066 -0.00392109
5.7 5.1149e-06 -0.000151906 -0.000129113 3.89182e-05 -0.00322917 -0.00379923
5.72 5.37473e-06 -0.000140738 -0.000149145 4.5515e-05 -0.00373018 -0.00351993
5.74 5.4369e-06 -0.000130089 -0.00016058 5.36931e-05 -0.00401617 -0.00325358
5.76 5.42992e-06 -0.000123559 -0.000166956 6.37873e-05 -0.00417563 -0.00309025
5.78 5.36377e-06 -0.000121265 -0.00016847 7.4527e-05 -0.00421351 -0.00303288
5.8 5.14842e-06 -0.000121606 -0.000161745 8.37001e-05 -0.00404531 -0.00304141
5.82 4.67276e-06 -0.000122914 -0.000142561 8.94609e-05 -0.00356551 -0.00307414
5.84 3.87495e-06 -0.000123712 -0.000108979 9.12717e-05 -0.00272561 -0.0030941
5.86 2.76723e-06 -0.000122101 -6.2719e-05 8.96188e-05 -0.00156863 -0.00305381
5.88 1.4238e-06 -0.000115977 -8.24732e-06 8.4796e-05 -0.000206269 -0.00290063
5.9 -4.22986e-08 -0.000104709 4.93908e-05 7.62834e-05 0.00123528 -0.00261882
5.92 -1.50151e-06 -9.04192e-05 0.000106131 6.37187e-05 0.00265437 -0.00226142
5.94 -2.82997e-06 -7.67296e-05 0.000158763 4.81965e-05 0.00397072 -0.00191904
5.96 -3.92842e-06 -6.59486e-05 0.00020398 3.18528e-05 0.00510164 -0.0016494
5.98 -4.73859e-06 -5.7446e-05 0.000238415 1.59166e-05 0.00596286 -0.00143675
6 -5.26174e-06 -4.78991e-05 0.000259898 -5.40001e-07 0.00650015 -0.00119798
6.02 -5.56128e-06 -3.21892e-05 0.000268119 -1.98549e-05 0.00670577 -0.000805065
6.04 -5.72569e-06 -5.04944e-06 0.000263748 -4.38742e-05 0.00659644 -0.000126289
6.06 -5.80833e-06 3.54524e-05 0.000247708 -7.2318e-05 0.00619528 0.000886679
6.08 -5.78331e-06 8.40633e-05 0.000221645 -0.000102073 0.00554343 0.00210246
6.1 -5.53254e-06 0.000128189 0.000187627 -0.000127632 0.00469263 0.00320606
6.12 -4.88593e-06 0.000153667 0.000146439 -0.000143057 0.00366249 0.00384328
6.14 -3.74977e-06 0.000153629 9.78001e-05 -0.000145104 0.00244602 0.00384233
6.16 -2.24096e-06 0.00013407 4.30329e-05 -0.000135356 0.00107627 0.00335314
6.18 -6.35799e-07 0.000111177 -1.53876e-05 -0.000118999 -0.00038485 0.00278057
6.2 8.84336e-07 0.000101236 -7.90768e-05 -0.000101014 -0.00197774 0.00253196
6.22 2.41643e-06 0.000110128 -0.000155738 -8.3421e-05 -0.00389507 0.00275435
6.24 4.22484e-06 0.000130432 -0.00025216 -6.58532e-05 -0.00630664 0.00326216
6.26 6.38136e-06 0.000148474 -0.000362307 -4.75505e-05 -0.00906146 0.00371341
6.28 8.52976e-06 0.000154176 -0.000463095 -2.69988e-05 -0.0115822 0.003856
6.3 1.00597e-05 0.000144728 -0.000525115 1.53008e-08 -0.0131333 0.00361972
6.32 1.05673e-05 0.000120304 -0.000531399 3.75209e-05 -0.0132905 0.00300886
6.34 1.02438e-05 8.09604e-05 -0.000492404 8.46242e-05 -0.0123152 0.00202485
6.36 9.8548e-06 2.98194e-05 -0.000444423 0.000137287 -0.0111152 0.000745796
6.38 1.00598e-05 -2.47255e-05 -0.000422894 0.000191205 -0.0105768 -0.000618394
6.4 1.0768e-05 -7.21144e-05 -0.000430643 0.000240978 -0.0107706 -0.00180361
6.42 1.1364e-05 -0.000104293 -0.000442199 0.00027999 -0.0110596 -0.00260841
6.44 1.14684e-05 -0.000118818 -0.000441298 0.000302764 -0.011037 -0.00297168
6.46 1.13118e-05 -0.000120585 -0.000439814 0.000305926 -0.0109999 -0.00301588
6.48 1.11905e-05 -0.000119611 -0.000444975 0.000288215 -0.011129 -0.00299152
6.5 1.06984e-05 -0.000123501 -0.000430248 0.000252991 -0.0107607 -0.00308882
6.52 8.98468e-06 -0.000131645 -0.00035516 0.000209721 -0.0088827 -0.00329249
6.54 5.73563e-06 -0.000136924 -0.000208225 0.000171639 -0.00520779 -0.00342453
6.56 1.60015e-06 -0.000133089 -2.3742e-05 0.000148471 -0.000593798 -0.00332862
6.58 -2.2093e-06 -0.000121317 0.000142941 0.000139658 0.00357502 -0.0030342
6.6 -4.75292e-06 -0.000107497 0.000251462 0.000136641 0.00628917 -0.00268855
6.62 -5.97838e-06 -9.33685e-05 0.000300113 0.000129036 0.00750596 -0.00233519
6.64 -6.53067e-06 -7.45727e-05 0.000316291 0.000107698 0.00791056 -0.00186509
6.66 -6.9762e-06 -4.85272e-05 0.00032425 6.74356e-05 0.00810962 -0.00121369
6.68 -7.36117e-06 -2.1134e-05 0.000327923 1.028e-05 0.0082015 -0.00052857
6.7 -7.47274e-06 -2.97968e-06 0.000322282 -5.54276e-05 0.0080604 -7.4523e-05
6.72 -7.29216e-06 6.97356e-07 0.000310278 -0.000120586 0.00776019 1.74412e-05
6.74 -7.11487e-06 -5.64949e-06 0.000306146 -0.000178761 0.00765683 -0.000141296
6.76 -7.3313e-06 -1.23287e-05 0.000324436 -0.000224275 0.00811428 -0.000308345
6.78 -8.14446e-06 -1.07201e-05 0.000366735 -0.000250628 0.00917221 -0.000268115
6.8 -9.42512e-06 2.19933e-06 0.000421608 -0.000255886 0.0105446 5.50063e-05
6.82 -1.08111e-05 2.35095e-05 0.0004738 -0.000246696 0.0118499 0.000587982
6.84 -1.18683e-05 4.88612e-05 0.00051238 -0.000232322 0.0128148 0.00122204
6.86 -1.22102e-05 7.70081e-05 0.000525624 -0.000216183 0.0131461 0.00192601
6.88 -1.16472e-05 0.000107055 0.000497061 -0.000199145 0.0124317 0.0026775
6.9 -1.02057e-05 0.000132711 0.000425536 -0.00018798 0.0106428 0.00331916
6.92 -8.12572e-06 0.00014717 0.000325785 -0.000186638 0.00814803 0.00368078
6.94 -5.77655e-06 0.000148361 0.00021565 -0.000190199 0.0053935 0.00371057
6.96 -3.49915e-06 0.000137141 0.000112816 -0.000194076 0.00282156 0.00342996
6.98 -1.52616e-06 0.000118949 2.63795e-05 -0.000194737 0.000659762 0.00297496
7 7.99467e-08 0.000104053 -4.66304e-05 -0.000186344 -0.00116624 0.00260242
7.02 1.4169e-06 9.88143e-05 -0.000113392 -0.000164569 -0.00283598 0.00247139
7.04 2.62364e-06 0.000101155 -0.00017583 -0.000127217 -0.00439759 0.00252993
7.06 3.7641e-06 0.000105217 -0.000230964 -7.20279e-05 -0.00577651 0.00263153
7.08 4.853e-06 0.000103749 -0.000275255 -1.17093e-06 -0.00688424 0.0025948
7.1 5.88756e-06 9.03054e-05 -0.000307851 7.49662e-05 -0.00769947 0.00225857
7.12 6.82096e-06 6.37249e-05 -0.000330342 0.000142437 -0.00826199 0.00159379
7.14 7.59395e-06 2.76839e-05 -0.000343322 0.000190228 -0.00858664 0.000692386
7.16 8.19426e-06 -1.30836e-05 -0.000345662 0.000213758 -0.00864516 -0.000327225
7.18 8.61647e-06 -5.34411e-05 -0.000339591 0.000215693 -0.00849331 -0.00133658
7.2 8.81634e-06 -8.80651e-05 -0.000332603 0.000201993 -0.00831854 -0.00220255
7.22 8.79774e-06 -0.000112345 -0.000327037 0.000178382 -0.00817932 -0.00280981
7.24 8.57711e-06 -0.000121982 -0.000322745 0.00015155 -0.008072 -0.00305082
7.26 8.08334e-06 -0.000115269 -0.000316133 0.000128612 -0.00790662 -0.00288294
7.28 7.1589e-06 -9.58933e-05 -0.000294173 0.000115004 -0.0073574 -0.00239833
7.3 5.66855e-06 -7.24569e-05 -0.000243696 0.000113021 -0.00609494 -0.00181218
7.32 3.67966e-06 -5.59415e-05 -0.000160284 0.000119906 -0.00400877 -0.00139912
7.34 1.47922e-06 -5.45093e-05 -5.33672e-05 0.000129188 -0.00133474 -0.0013633
7.36 -5.90473e-07 -6.90981e-05 5.95996e-05 0.000134276 0.00149061 -0.00172817
7.38 -2.30912e-06 -9.48238e-05 0.00016328 0.000128677 0.0040837 -0.00237158
7.4 -3.60232e-06 -0.000125066 0.000249208 0.000105318 0.0062328 -0.00312794
7.42 -4.48161e-06 -0.00015267 0.000312934 6.08236e-05 0.00782662 -0.00381834
7.44 -5.01462e-06 -0.000170034 0.000351772 8.33983e-07 0.00879797 -0.00425262
7.46 -5.31206e-06 -0.000171229 0.000366106 -6.18989e-05 0.00915647 -0.00428251
7.48 -5.48293e-06 -0.000154522 0.000360322 -0.000115552 0.00901181 -0.00386465
7.5 -5.59521e-06 -0.000122648 0.000341256 -0.000154483 0.00853496 -0.00306748
7.52 -5.68386e-06 -8.11027e-05 0.000316167 -0.000177807 0.00790747 -0.00202841
7.54 -5.78926e-06 -3.58273e-05 0.0002925 -0.000186056 0.00731554 -0.000896055
7.56 -5.97351e-06 8.55214e-06 0.000277103 -0.00018068 0.00693046 0.000213893
7.58 -6.27924e-06 4.88634e-05 0.000272901 -0.000165533 0.00682537 0.00122209
7.6 -6.61926e-06 8.2521e-05 0.000275807 -0.000146519 0.00689806 0.00206389
7.62 -6.68946e-06 0.000107414 0.000271083 -0.000128704 0.00677991 0.00268647
7.64 -6.08924e-06 0.000122664 0.00023809 -0.000114437 0.00595474 0.00306787
7.66 -4.64767e-06 0.000129268 0.000166751 -0.000103999 0.00417052 0.00323305
7.68 -2.6295e-06 0.000129896 6.80934e-05 -9.68589e-05 0.00170304 0.00324876
7.7 -5.46436e-07 0.000127884 -3.41854e-05 -9.19924e-05 -0.000854991 0.00319844
7.72 1.22267e-06 0.000126102 -0.000122286 -8.69186e-05 -0.00305843 0.00315385
7.74 2.60005e-06 0.000125717 -0.000192344 -7.63214e-05 -0.0048106 0.00314424
7.76 3.6762e-06 0.000125658 -0.000247791 -5.27773e-05 -0.00619735 0.00314277
7.78 4.52358e-06 0.000122933 -0.000290043 -1.16465e-05 -0.00725409 0.00307461
7.8 5.15266e-06 0.000113101 -0.000316059 4.3245e-05 -0.00790478 0.00282869
7.82 5.56078e-06 9.25871e-05 -0.000322489 0.000100401 -0.0080656 0.00231564
7.84 5.77846e-06 6.18024e-05 -0.000310945 0.000148108 -0.00777686 0.0015457
7.86 5.89084e-06 2.46931e-05 -0.00028899 0.00017983 -0.00722776 0.000617585
7.88 6.0145e-06 -1.4182e-05 -0.000266338 0.000193381 -0.00666122 -0.000354697
7.9 6.23715e-06 -5.11488e-05 -0.000250612 0.000189008 -0.00626791 -0.00127925
7.92 6.56034e-06 -8.36455e-05 -0.000245114 0.000169892 -0.00613041 -0.00209201
7.94 6.89096e-06 -0.000110547 -0.000246423 0.00014247 -0.00616315 -0.00276482
7.96 7.00962e-06 -0.000131488 -0.000243765 0.000114335 -0.00609667 -0.00328858
7.98 6.57274e-06 -0.000145495 -0.000220537 9.14189e-05 -0.00551573 -0.0036389
8 5.32411e-06 -0.000151387 -0.000163419 7.67109e-05 -0.00408717 -0.00378625
8.02 3.38044e-06 -0.000150146 -7.56391e-05 7.00497e-05 -0.00189177 -0.0037552
8.04 1.23338e-06 -0.00014579 2.31267e-05 6.8584e-05 0.00057841 -0.00364626
8.06 -6.04155e-07 -0.000142634 0.000111287 6.82903e-05 0.00278333 -0.00356733
8.08 -1.91923e-06 -0.000142399 0.00017898 6.48099e-05 0.00447635 -0.00356145
8.1 -2.79563e-06 -0.00014409 0.000228268 5.28914e-05 0.00570907 -0.00360376
8.12 -3.4058e-06 -0.000145105 0.000264194 2.79328e-05 0.0066076 -0.00362913
8.14 -3.85858e-06 -0.000142014 0.000287979 -9.49405e-06 0.00720247 -0.00355184
8.16 -4.20211e-06 -0.00013118 0.000297853 -5.21152e-05 0.00744943 -0.00328087
8.18 -4.50128e-06 -0.000110038 0.000294536 -9.10617e-05 0.00736648 -0.0027521
8.2 -4.8715e-06 -7.83519e-05 0.000284469 -0.000121719 0.00711469 -0.00195961
8.22 -5.43073e-06 -3.74841e-05 0.000276604 -0.000143516 0.00691799 -0.000937493
8.24 -6.21098e-06 1.11583e-05 0.00027589 -0.000155932 0.00690012 0.000279074
8.26 -7.09865e-06 6.55739e-05 0.000279791 -0.000157171 0.0069977 0.00164003
8.28 -7.85363e-06 0.000121181 0.000280369 -0.000146482 0.00701214 0.0030308
8.3 -8.20823e-06 0.000170757 0.000268965 -0.000126268 0.00672694 0.00427071
8.32 -7.96923e-06 0.000206867 0.00023964 -0.00010181 0.00599349 0.00517384
8.34 -7.09752e-06 0.000224753 0.00019185 -7.93985e-05 0.00479825 0.00562118
8.36 -5.74953e-06 0.000223955 0.000132082 -6.40722e-05 0.00330343 0.00560121
8.38 -4.20085e-06 0.000208001 7.07444e-05 -5.79644e-05 0.00176935 0.0052022
8.4 -2.68208e-06 0.000182631 1.53382e-05 -6.02093e-05 0.000383615 0.00456769
8.42 -1.29245e-06 0.00015431 -3.30068e-05 -6.80085e-05 -0.000825515 0.00385935
8.44 -6.32014e-08 0.000129972 -7.6607e-05 -7.69539e-05 -0.00191597 0.00325066
8.46 9.66946e-07 0.00011637 -0.000117551 -8.00716e-05 -0.00294 0.00291047
8.48 1.76934e-06 0.000117301 -0.000157039 -6.8626e-05 -0.00392761 0.00293376
8.5 2.383e-06 0.000128924 -0.000194538 -3.76151e-05 -0.00486547 0.00322444
8.52 2.91598e-06 0.000138121 -0.000225836 7.93732e-06 -0.00564825 0.00345447
8.54 3.47154e-06 0.000129722 -0.000244637 5.43215e-05 -0.00611847 0.00324439
8.56 4.07798e-06 9.72938e-05 -0.000247857 8.87095e-05 -0.00619901 0.00243336
8.58 4.69446e-06 4.5616e-05 -0.000238097 0.000106496 -0.0059549 0.00114088
8.6 5.26419e-06 -1.59321e-05 -0.000220614 0.000109477 -0.00551765 -0.00039847
8.62 5.73353e-06 -7.8849e-05 -0.000199688 0.000100738 -0.00499428 -0.00197205
8.64 6.03525e-06 -0.000135327 -0.000177867 8.37583e-05 -0.00444852 -0.00338459
8.66 6.06768e-06 -0.000177305 -0.000155653 6.39706e-05 -0.00389295 -0.00443446
8.68 5.69772e-06 -0.000198693 -0.000130201 4.78569e-05 -0.00325639 -0.00496939
8.7 4.83912e-06 -0.000198666 -9.65337e-05 3.99602e-05 -0.00241435 -0.00496873
8.72 3.56013e-06 -0.000182349 -5.26263e-05 4.10648e-05 -0.00131621 -0.00456064
8.74 2.08744e-06 -0.000158415 -2.22849e-06 4.85994e-05 -5.57354e-05 -0.00396202
8.76 6.72064e-07 -0.000135453 4.86196e-05 5.8531e-05 0.001216 -0.00338773
8.78 -5.42495e-07 -0.000119231 9.61416e-05 6.72879e-05 0.00240454 -0.00298201
8.8 -1.52428e-06 -0.000112391 0.000139364 7.20631e-05 0.00348556 -0.00281096
8.82 -2.28577e-06 -0.000115691 0.000178409 6.97101e-05 0.00446207 -0.00289347
8.84 -2.85969e-06 -0.000127712 0.000213578 5.64812e-05 0.00534168 -0.00319413
8.86 -3.31339e-06 -0.000142768 0.000244435 3.03645e-05 0.00611343 -0.00357068
8.88 -3.7371e-06 -0.000150375 0.0002683 -5.32148e-06 0.0067103 -0.00376094
8.9 -4.2018e-06 -0.000139581 0.00028105 -4.18268e-05 0.00702918 -0.00349099
8.92 -4.72145e-06 -0.000106427 0.000281033 -7.05459e-05 0.00702876 -0.00266179
8.94 -5.25638e-06 -5.63543e-05 0.000271154 -8.82629e-05 0.00678166 -0.00140944
8.96 -5.7442e-06 1.57629e-06 0.000255762 -9.58125e-05 0.00639671 3.94238e-05
8.98 -6.10871e-06 6.03034e-05 0.00023647 -9.40315e-05 0.00591421 0.00150821
9 -6.24798e-06 0.000114088 0.000211617 -8.40288e-05 0.00529262 0.00285338
9.02 -6.03765e-06 0.000156217 0.00017899 -7.00178e-05 0.00447661 0.00390705
9.04 -5.40664e-06 0.000180604 0.000138661 -5.85843e-05 0.00346798 0.00451699
9.06 -4.42747e-06 0.000185161 9.45455e-05 -5.44286e-05 0.00236462 0.00463094
9.08 -3.28166e-06 0.000172899 5.23981e-05 -5.76012e-05 0.0013105 0.00432426
9.1 -2.11277e-06 0.000150535 1.41895e-05 -6.4729e-05 0.000354885 0.00376494
9.12 -9.36602e-07 0.000126196 -2.43098e-05 -7.20376e-05 -0.000607999 0.00315621
9.14 2.81742e-07 0.000107375 -6.88173e-05 -7.67853e-05 -0.00172115 0.0026855
9.16 1.49646e-06 9.92657e-05 -0.0001199 -7.64208e-05 -0.00299875 0.00248268
9.18 2.55904e-06 0.000103274 -0.000171628 -6.74566e-05 -0.00429249 0.00258292
9.2 3.32295e-06 0.000116114 -0.000215822 -4.6186e-05 -0.00539779 0.00290406
9.22 3.7653e-06 0.00013004 -0.000246902 -1.20088e-05 -0.00617512 0.00325237
9.24 4.01342e-06 0.00013517 -0.000263678 2.89891e-05 -0.0065947 0.00338067
9.26 4.24455e-06 0.00012473 -0.000268503 6.54347e-05 -0.00671538 0.00311955
9.28 4.5508e-06 9.95953e-05 -0.000265467 8.79853e-05 -0.00663944 0.00249092
9.3 4.90994e-06 6.61379e-05 -0.00025839 9.52775e-05 -0.00646245 0.00165414
9.32 5.27707e-06 2.91581e-05 -0.000249779 9.24986e-05 -0.00624708 0.000729257
9.34 5.64818e-06 -1.09079e-05 -0.000241273 8.59163e-05 -0.00603434 -0.000272812
9.36 6.00263e-06 -5.31696e-05 -0.00023293 7.97158e-05 -0.00582568 -0.00132979
9.38 6.19024e-06 -9.12018e-05 -0.000221599 7.60905e-05 -0.00554227 -0.00228099
9.4 5.94157e-06 -0.000115483 -0.000200097 7.5873e-05 -0.0050045 -0.00288829
9.42 5.08089e-06 -0.00012134 -0.000161663 7.86621e-05 -0.00404327 -0.00303478
9.44 3.73384e-06 -0.000113473 -0.000107694 8.29258e-05 -0.00269346 -0.00283801
9.46 2.26835e-06 -0.000102162 -4.80141e-05 8.63838e-05 -0.00120085 -0.00255512
9.48 1.00713e-06 -9.52595e-05 7.13615e-06 8.69035e-05 0.000178478 -0.00238248
9.5 2.99982e-08 -9.40677e-05 5.39885e-05 8.32763e-05 0.00135027 -0.00235267
9.52 -7.55812e-07 -9.61253e-05 9.42102e-05 7.4937e-05 0.00235624 -0.00240413
9.54 -1.43651e-06 -9.98123e-05 0.000130028 6.12989e-05 0.00325206 -0.00249635
9.56 -2.02924e-06 -0.000104968 0.000161926 4.17421e-05 0.00404984 -0.0026253
9.58 -2.54477e-06 -0.000110051 0.000189591 1.61736e-05 0.00474175 -0.00275242
9.6 -3.04117e-06 -0.00011013 0.000212795 -1.39892e-05 0.0053221 -0.0027544
9.62 -3.59418e-06 -9.87242e-05 0.000231046 -4.50596e-05 0.00577856 -0.00246913
9.64 -4.2291e-06 -7.23658e-05 0.000243472 -7.20976e-05 0.00608935 -0.0018099
9.66 -4.89489e-06 -3.31192e-05 0.000249341 -9.1278e-05 0.00623612 -0.000828324
9.68 -5.49699e-06 1.32442e-05 0.000248236 -0.000101053 0.00620849 0.000331243
9.7 -5.93641e-06 6.00477e-05 0.000239859 -0.000101608 0.00599897 0.00150182
9.72 -6.12169e-06 0.00010035 0.000224154 -9.45125e-05 0.00560618 0.0025098
9.74 -5.97511e-06 0.00012728 0.000201758 -8.2983e-05 0.00504606 0.00318333
9.76 -5.45026e-06 0.000136417 0.000173291 -7.13085e-05 0.00433409 0.00341184
9.78 -4.56888e-06 0.000128619 0.000138995 -6.31189e-05 0.00347632 0.00321682
9.8 -3.43948e-06 0.000110113 9.96358e-05 -5.9697e-05 0.00249193 0.00275398
9.82 -2.20137e-06 8.92375e-05 5.614e-05 -5.94978e-05 0.00140408 0.00223187
9.84 -9.36753e-07 7.23777e-05 8.18643e-06 -5.9036e-05 0.000204746 0.0018102
9.86 3.40286e-07 6.19608e-05 -4.51323e-05 -5.41779e-05 -0.00112878 0.00154967
9.88 1.60085e-06 5.7181e-05 -0.000102047 -4.11254e-05 -0.00255223 0.00143012
9.9 2.74079e-06 5.57107e-05 -0.000156294 -1.78828e-05 -0.00390898 0.00139335
9.92 3.63007e-06 5.46975e-05 -0.000199665 1.36857e-05 -0.00499371 0.00136801
9.94 4.21968e-06 5.11165e-05 -0.000227076 4.772e-05 -0.00567925 0.00127845
9.96 4.59112e-06 4.21011e-05 -0.000239591 7.75283e-05 -0.00599226 0.00105297
9.98 4.89794e-06 2.54805e-05 -0.000242697 9.90726e-05 -0.00606996 0.000637278
10 5.25061e-06 8.16895e-07 -0.000241734 0.000111564 -0.00604587 2.04309e-05
10.02 5.64383e-06 -2.94118e-05 -0.000238914 0.000116028 -0.00597534 -0.000735602
10.04 5.98443e-06 -6.00416e-05 -0.000234115 0.000114265 -0.0058553 -0.00150167
10.06 6.18549e-06 -8.55755e-05 -0.000227462 0.000108605 -0.00568892 -0.00214028
10.08 6.23309e-06 -0.00010294 -0.000220244 0.000101634 -0.0055084 -0.00257456
10.1 6.14932e-06 -0.000112322 -0.000212846 9.54922e-05 -0.00532336 -0.00280922
10.12 5.88541e-06 -0.000115664 -0.000201002 9.10505e-05 -0.00502715 -0.0028928
10.14 5.29694e-06 -0.000114416 -0.0001762 8.766e-05 -0.00440683 -0.00286159
10.16 4.27488e-06 -0.000108621 -0.000132803 8.36766e-05 -0.00332147 -0.00271665
10.18 2.89194e-06 -9.79988e-05 -7.43313e-05 7.71405e-05 -0.00185906 -0.00245099
10.2 1.38303e-06 -8.36151e-05 -1.13298e-05 6.62889e-05 -0.000283363 -0.00209125
10.22 -1.45876e-08 -6.79909e-05 4.63699e-05 5.01979e-05 0.00115973 -0.00170048
10.24 -1.18581e-06 -5.33963e-05 9.42863e-05 2.94828e-05 0.00235814 -0.00133546
10.26 -2.14095e-06 -4.04023e-05 0.000132461 6.20748e-06 0.00331291 -0.00101048
10.28 -2.95276e-06 -2.80714e-05 0.000162986 -1.73243e-05 0.00407636 -0.000702078
10.3 -3.69276e-06 -1.50267e-05 0.000188166 -3.9649e-05 0.00470612 -0.000375823
10.32 -4.38746e-06 -3.17211e-07 0.00020906 -5.98878e-05 0.00522867 -7.93358e-06
10.34 -5.01549e-06 1.6391e-05 0.000225107 -7.69258e-05 0.00563003 0.000409945
10.36 -5.54774e-06 3.50998e-05 0.000235526 -8.94266e-05 0.0058906 0.00087786
10.38 -5.97908e-06 5.55114e-05 0.000240741 -9.65272e-05 0.00602103 0.00138836
10.4 -6.30924e-06 7.66366e-05 0.000241797 -9.82183e-05 0.00604744 0.00191671
10.42 -6.49775e-06 9.66314e-05 0.000238355 -9.51845e-05 0.00596136 0.00241679
10.44 -6.44518e-06 0.000113124 0.000227396 -8.85462e-05 0.00568727 0.00282928
10.46 -6.03213e-06 0.000123738 0.000204427 -7.97745e-05 0.00511279 0.00309473
10.48 -5.18923e-06 0.000126608 0.000166609 -7.05355e-05 0.00416695 0.00316653
10.5 -3.96097e-06 0.00012103 0.000115705 -6.21733e-05 0.00289383 0.00302702
10.52 -2.51118e-06 0.000108017 5.82823e-05 -5.49351e-05 0.00145767 0.00270155
10.54 -1.02812e-06 9.00899e-05 1.41144e-06 -4.74537e-05 3.53006e-05 0.00225319
10.56 3.82676e-07 7.02257e-05 -5.19531e-05 -3.72764e-05 -0.00129937 0.00175638
10.58 1.69472e-06 5.08571e-05 -0.000102091 -2.25551e-05 -0.00255334 0.00127196
10.6 2.87651e-06 3.38365e-05 -0.00014827 -3.45916e-06 -0.0037083 0.000846264
10.62 3.86907e-06 2.07645e-05 -0.000187949 1.82208e-05 -0.00470068 0.000519328
10.64 4.64763e-06 1.23915e-05 -0.000219748 4.06261e-05 -0.005496 0.000309916
10.66 5.25684e-06 7.30545e-06 -0.000244644 6.25836e-05 -0.00611865 0.000182712
10.68 5.76477e-06 1.68365e-06 -0.000263666 8.30919e-05 -0.00659438 4.21089e-05
10.7 6.19788e-06 -8.92494e-06 -0.000275788 0.000100726 -0.00689758 -0.000223217
10.72 6.52158e-06 -2.68736e-05 -0.000278535 0.00011374 -0.00696627 -0.00067212
10.74 6.67005e-06 -5.07934e-05 -0.000270249 0.000120606 -0.00675903 -0.00127036
10.76 6.5825e-06 -7.6134e-05 -0.000251534 0.000120606 -0.00629096 -0.00190414
10.78 6.23968e-06 -9.75221e-05 -0.000224675 0.000114459 -0.00561921 -0.00243907
10.8 5.65177e-06 -0.000111261 -0.000191865 0.000104345 -0.00479862 -0.00278269
10.82 4.81156e-06 -0.000116311 -0.000152897 9.28304e-05 -0.00382402 -0.00290898
10.84 3.7048e-06 -0.000113315 -0.000106085 8.18116e-05 -0.00265324 -0.00283405
10.86 2.36486e-06 -0.000103198 -5.21032e-05 7.22204e-05 -0.00130312 -0.00258102
10.88 8.9598e-07 -8.73825e-05 5.2171e-06 6.38755e-05 0.000130482 -0.00218547
10.9 -5.68158e-07 -6.89363e-05 6.16564e-05 5.54045e-05 0.00154205 -0.00172413
10.92 -1.91235e-06 -5.23673e-05 0.000114724 4.47241e-05 0.0028693 -0.00130973
10.94 -3.06202e-06 -4.13671e-05 0.00016299 3.00601e-05 0.00407644 -0.00103461
10.96 -3.99503e-06 -3.62438e-05 0.00020498 1.07266e-05 0.00512663 -0.000906473
10.98 -4.73979e-06 -3.34416e-05 0.000239178 -1.29519e-05 0.00598194 -0.000836388
11 -5.33905e-06 -2.78134e-05 0.000264182 -3.99178e-05 0.0066073 -0.000695624
11.02 -5.80681e-06 -1.59617e-05 0.000278717 -6.79789e-05 0.00697082 -0.000399208
11.04 -6.12896e-06 1.82014e-06 0.000282537 -9.34871e-05 0.00706638 4.55225e-05
11.06 -6.30052e-06 2.22483e-05 0.000277655 -0.000112376 0.00694426 0.000556439
11.08 -6.34517e-06 4.15535e-05 0.00026786 -0.000121985 0.00669928 0.00103927
11.1 -6.28445e-06 5.76226e-05 0.000256032 -0.000122033 0.00640347 0.00144117
11.12 -6.09679e-06 7.04506e-05 0.000241506 -0.000114314 0.00604017 0.001762
11.14 -5.69741e-06 8.11089e-05 0.000219478 -0.000101815 0.00548924 0.00202857
11.16 -4.95863e-06 9.02286e-05 0.000182883 -8.77561e-05 0.00457397 0.00225666
11.18 -3.80781e-06 9.71476e-05 0.000127785 -7.47035e-05 0.00319594 0.0024297
11.2 -2.32847e-06 0.000100272 5.85343e-05 -6.39228e-05 0.00146397 0.00250783
11.22 -7.28641e-07 9.84112e-05 -1.4381e-05 -5.51575e-05 -0.000359674 0.00246131
11.24 8.04562e-07 9.20104e-05 -8.22575e-05 -4.68578e-05 -0.0020573 0.00230122
11.26 2.1858e-06 8.30782e-05 -0.000142271 -3.66838e-05 -0.00355826 0.00207782
11.28 3.38108e-06 7.38168e-05 -0.000194115 -2.22904e-05 -0.0048549 0.00184619
11.3 4.34948e-06 6.52406e-05 -0.000236084 -2.43593e-06 -0.00590456 0.0016317
11.32 5.06318e-06 5.70188e-05 -0.000265976 2.23911e-05 -0.00665217 0.00142606
11.34 5.54264e-06 4.84259e-05 -0.000283832 5.05101e-05 -0.00709876 0.00121115
11.36 5.84123e-06 3.92955e-05 -0.000292136 7.96973e-05 -0.00730644 0.000982796
11.38 6.01197e-06 3.01864e-05 -0.000294131 0.000106928 -0.00735633 0.000754974
11.4 6.10197e-06 2.17458e-05 -0.000292804 0.000128381 -0.00732314 0.000543873
11.42 6.15882e-06 1.36331e-05 -0.000290438 0.000140893 -0.00726398 0.000340971
11.44 6.21138e-06 3.83086e-06 -0.000287574 0.0001436 -0.00719233 9.58114e-05
11.46 6.23425e-06 -1.05779e-05 -0.000281747 0.000138 -0.0070466 -0.000264559
11.48 6.13379e-06 -3.11325e-05 -0.000267282 0.00012678 -0.00668485 -0.000778637
11.5 5.75221e-06 -5.57651e-05 -0.000237254 0.000112775 -0.00593382 -0.00139471
11.52 4.93911e-06 -7.88499e-05 -0.00018733 9.83466e-05 -0.00468519 -0.00197207
11.54 3.67669e-06 -9.3842e-05 -0.000120187 8.50059e-05 -0.00300594 -0.00234703
11.56 2.11388e-06 -9.6837e-05 -4.52805e-05 7.32412e-05 -0.00113248 -0.00242193
11.58 4.62464e-07 -8.90003e-05 2.79272e-05 6.26242e-05 0.000698471 -0.00222594
11.6 -1.11484e-06 -7.5956e-05 9.5097e-05 5.20928e-05 0.00237842 -0.00189969
11.62 -2.50886e-06 -6.41544e-05 0.000154978 4.00434e-05 0.00387606 -0.00160453
11.64 -3.63421e-06 -5.70672e-05 0.000205339 2.45274e-05 0.00513561 -0.00142727
11.66 -4.4544e-06 -5.45062e-05 0.00024364 4.10932e-06 0.00609355 -0.00136322
11.68 -5.01061e-06 -5.49943e-05 0.00027024 -2.11494e-05 0.00675881 -0.00137543
11.7 -5.38458e-06 -5.76227e-05 0.00028833 -4.95109e-05 0.00721125 -0.00144117
11.72 -5.64432e-06 -6.09519e-05 0.000300755 -7.81222e-05 0.00752201 -0.00152443
11.74 -5.84237e-06 -6.10749e-05 0.000308274 -0.00010376 0.00771006 -0.00152751
11.76 -6.03588e-06 -5.24769e-05 0.000310637 -0.000123537 0.00776916 -0.00131247
11.78 -6.26946e-06 -3.16709e-05 0.000308003 -0.000135441 0.00770329 -0.000792103
11.8 -6.5333e-06 -8.05876e-08 0.000301237 -0.000138512 0.00753407 -2.01553e-06
11.82 -6.74839e-06 3.64158e-05 0.000290568 -0.000132835 0.00726722 0.000910774
11.84 -6.78505e-06 7.06683e-05 0.000273773 -0.000119696 0.00684719 0.00176744
11.86 -6.46563e-06 9.73564e-05 0.000245078 -0.000101806 0.0061295 0.00243493
11.88 -5.62052e-06 0.000114084 0.000197251 -8.3143e-05 0.00493332 0.00285328
11.9 -4.23201e-06 0.000120828 0.000128911 -6.77366e-05 0.00322412 0.00302197
11.92 -2.50574e-06 0.000119254 4.87113e-05 -5.75446e-05 0.00121829 0.0029826
11.94 -7.5401e-07 0.000112403 -3.03306e-05 -5.13721e-05 -0.000758581 0.00281125
11.96 7.96091e-07 0.00010403 -9.95923e-05 -4.60449e-05 -0.00249085 0.00260183
11.98 2.07454e-06 9.75338e-05 -0.000157484 -3.80981e-05 -0.00393873 0.00243936
12 3.11274e-06 9.48955e-05 -0.000206071 -2.45328e-05 -0.00515393 0.00237338
12.02 3.96902e-06 9.58424e-05 -0.000247249 -3.56726e-06 -0.0061838 0.00239706
12.04 4.68629e-06 9.78397e-05 -0.000281057 2.43382e-05 -0.00702934 0.00244701
12.06 5.27796e-06 9.73794e-05 -0.000306052 5.64676e-05 -0.00765449 0.0024355
12.08 5.74605e-06 9.17269e-05 -0.000321188 8.88435e-05 -0.00803304 0.00229413
12.1 6.11608e-06 7.9933e-05 -0.000327737 0.000117067 -0.00819684 0.00199916
12.12 6.44216e-06 6.27749e-05 -0.000329216 0.000137107 -0.00823383 0.00157003
12.14 6.76901e-06 4.18654e-05 -0.000329069 0.000146637 -0.00823016 0.00104707
12.16 7.0964e-06 1.85191e-05 -0.000328523 0.000146044 -0.00821649 0.000463171
12.18 7.36963e-06 -6.69711e-06 -0.000326857 0.000137676 -0.00817482 -0.000167497
12.2 7.50204e-06 -3.3128e-05 -0.00032016 0.000124343 -0.00800733 -0.000828546
12.22 7.37309e-06 -5.87183e-05 -0.000302509 0.000108961 -0.00756588 -0.00146857
12.24 6.82255e-06 -8.0162e-05 -0.000267328 9.45113e-05 -0.00668599 -0.00200489
12.26 5.74799e-06 -9.46024e-05 -0.000210331 8.34618e-05 -0.00526046 -0.00236605
12.28 4.23393e-06 -0.000101246 -0.000135744 7.70193e-05 -0.00339502 -0.00253221
12.3 2.53433e-06 -0.000101936 -5.4731e-05 7.44572e-05 -0.00136885 -0.00254947
12.32 8.92862e-07 -0.000100041 2.25976e-05 7.34299e-05 0.000565176 -0.00250206
12.34 -5.90779e-07 -9.82317e-05 9.24611e-05 7.103e-05 0.00231249 -0.00245682
12.36 -1.91752e-06 -9.7327e-05 0.000154716 6.40396e-05 0.0038695 -0.00243419
12.38 -3.07626e-06 -9.6785e-05 0.000208119 4.91119e-05 0.00520514 -0.00242063
12.4 -4.01494e-06 -9.53493e-05 0.000249444 2.45313e-05 0.0062387 -0.00238473
12.42 -4.69416e-06 -9.13177e-05 0.000276039 -7.90882e-06 0.00690385 -0.00228389
12.44 -5.13496e-06 -8.31459e-05 0.000288274 -4.33245e-05 0.00720985 -0.00207951
12.46 -5.4201e-06 -7.01612e-05 0.000289984 -7.58896e-05 0.00725262 -0.00175476
12.48 -5.65849e-06 -5.26646e-05 0.000286864 -0.000100738 0.00717459 -0.00131716
12.5 -5.93053e-06 -3.15569e-05 0.000283701 -0.000115073 0.00709548 -0.000789252
12.52 -6.24615e-06 -8.06036e-06 0.000282232 -0.000118685 0.00705875 -0.000201593
12.54 -6.5508e-06 1.6274e-05 0.000281864 -0.000113544 0.00704953 0.000407021
12.56 -6.76576e-06 3.93135e-05 0.000280756 -0.000102651 0.00702183 0.000983247
12.58 -6.81044e-06 5.83705e-05 0.000275801 -8.90829e-05 0.00689789 0.00145987
12.6 -6.55318e-06 7.09247e-05 0.00026111 -7.55522e-05 0.00653047 0.00177386
12.62 -5.80241e-06 7.56374e-05 0.000227156 -6.42455e-05 0.00568126 0.00189172
12.64 -4.45886e-06 7.29623e-05 0.000167918 -5.66541e-05 0.00419969 0.00182482
12.66 -2.67685e-06 6.52734e-05 8.91951e-05 -5.28063e-05 0.00223081 0.00163251
12.68 -7.99872e-07 5.63583e-05 5.4464e-06 -5.06787e-05 0.000136217 0.00140954
12.7 8.8015e-07 4.99253e-05 -7.11705e-05 -4.71566e-05 -0.00178 0.00124865
12.72 2.25054e-06 4.81683e-05 -0.000136129 -3.96303e-05 -0.00340465 0.00120471
12.74 3.31305e-06 5.14175e-05 -0.000189023 -2.66287e-05 -0.00472755 0.00128597
12.76 4.09867e-06 5.85171e-05 -0.000229836 -7.87591e-06 -0.00574829 0.00146354
12.78 4.65747e-06 6.74489e-05 -0.000259272 1.55008e-05 -0.0064845 0.00168692
12.8 5.05676e-06 7.61302e-05 -0.000279571 4.11455e-05 -0.00699219 0.00190405
12.82 5.35319e-06 8.26837e-05 -0.00029331 6.62473e-05 -0.00733581 0.00206795
12.84 5.58067e-06 8.46978e-05 -0.000301859 8.81884e-05 -0.00754961 0.00211833
12.86 5.76085e-06 7.89095e-05 -0.000305035 0.000104807 -0.00762905 0.00197356
12.88 5.90253e-06 6.28858e-05 -0.000301971 0.000114593 -0.00755242 0.0015728
12.9 5.97283e-06 3.74472e-05 -0.000292957 0.000116595 -0.00732696 0.00093657
12.92 5.90354e-06 7.27511e-06 -0.000277058 0.000110624 -0.00692934 0.000181954
12.94 5.59575e-06 -2.09012e-05 -0.000251828 9.83115e-05 -0.00629832 -0.000522747
12.96 4.91605e-06 -4.15009e-05 -0.000213289 8.30767e-05 -0.00533445 -0.00103795
12.98 3.77877e-06 -5.2178e-05 -0.000157459 6.87599e-05 -0.00393811 -0.00130499
13 2.25646e-06 -5.34092e-05 -8.70314e-05 5.82958e-05 -0.00217669 -0.00133579
13.02 5.77865e-07 -4.75737e-05 -1.14527e-05 5.24243e-05 -0.000286438 -0.00118984
13.04 -1.00628e-06 -3.86295e-05 5.93996e-05 4.94598e-05 0.00148561 -0.000966139
13.06 -2.33757e-06 -3.14007e-05 0.000120495 4.6632e-05 0.00301362 -0.000785344
13.08 -3.36204e-06 -3.00534e-05 0.000171056 4.08864e-05 0.00427817 -0.000751648
13.1 -4.0997e-06 -3.61601e-05 0.000212077 2.87965e-05 0.00530412 -0.000904379
13.12 -4.6211e-06 -4.74869e-05 0.0002448 7.78704e-06 0.00612255 -0.00118767
13.14 -5.00794e-06 -5.91664e-05 0.000269836 -2.16249e-05 0.00674872 -0.00147978
13.16 -5.30743e-06 -6.67666e-05 0.000286925 -5.53323e-05 0.0071761 -0.00166986
13.18 -5.53423e-06 -6.81477e-05 0.00029604 -8.74807e-05 0.00740407 -0.0017044
13.2 -5.71152e-06 -6.27526e-05 0.000298629 -0.000112757 0.00746884 -0.00156947
13.22 -5.88012e-06 -5.059e-05 0.000297194 -0.000127775 0.00743294 -0.00126528
13.24 -6.06075e-06 -3.27627e-05 0.000293823 -0.000131534 0.00734863 -0.000819409
13.26 -6.21632e-06 -1.23145e-05 0.000289776 -0.000125103 0.00724743 -0.000307992
13.28 -6.2512e-06 6.37439e-06 0.000283743 -0.000110923 0.00709654 0.000159426
13.3 -6.0261e-06 1.95085e-05 0.00027036 -9.23276e-05 0.00676181 0.000487915
13.32 -5.36827e-06 2.56101e-05 0.000241128 -7.32389e-05 0.00603072 0.000640518
13.34 -4.16568e-06 2.62198e-05 0.000188408 -5.75222e-05 0.00471215 0.000655768
13.36 -2.50861e-06 2.55326e-05 0.000112824 -4.7662e-05 0.00282178 0.00063858
13.38 -6.82665e-07 2.88883e-05 2.4469e-05 -4.34589e-05 0.000611981 0.000722508
13.4 1.01783e-06 4.00889e-05 -6.46035e-05 -4.2325e-05 -0.00161576 0.00100264
13.42 2.44877e-06 5.89184e-05 -0.000146544 -4.08339e-05 -0.00366513 0.00147357
13.44 3.59303e-06 8.12906e-05 -0.00021698 -3.5494e-05 -0.00542676 0.00203311
13.46 4.4592e-06 0.00010199 -0.000272251 -2.2953e-05 -0.00680911 0.00255082
13.48 5.04262e-06 0.000117443 -0.000309553 -1.41484e-06 -0.00774205 0.00293729
13.5 5.34684e-06 0.000126642 -0.000328502 2.76111e-05 -0.00821596 0.00316737
13.52 5.41029e-06 0.000130179 -0.000331673 5.97319e-05 -0.00829528 0.00325584
13.54 5.32432e-06 0.000128246 -0.000324121 9.00349e-05 -0.00810641 0.0032075
13.56 5.22472e-06 0.000119418 -0.000312048 0.000114829 -0.00780446 0.00298669
13.58 5.22752e-06 0.000101894 -0.000300369 0.000131685 -0.00751235 0.00254841
13.6 5.34474e-06 7.62158e-05 -0.000290925 0.000138857 -0.00727615 0.00190619
13.62 5.47504e-06 4.62598e-05 -0.000282152 0.000135387 -0.00705675 0.00115698
13.64 5.48195e-06 1.70998e-05 -0.000269717 0.000122258 -0.00674573 0.000427674
13.66 5.22912e-06 -8.25803e-06 -0.000247446 0.000103086 -0.00618872 -0.000206537
13.68 4.58373e-06 -3.01727e-05 -0.000207365 8.30081e-05 -0.00518628 -0.000754633
13.7 3.48568e-06 -5.02567e-05 -0.000144524 6.69097e-05 -0.00361461 -0.00125694
13.72 2.02554e-06 -6.8568e-05 -6.344e-05 5.76299e-05 -0.00158666 -0.00171491
13.74 4.20208e-07 -8.36624e-05 2.3898e-05 5.45427e-05 0.000597699 -0.00209243
13.76 -1.09044e-06 -9.48028e-05 0.000105075 5.41827e-05 0.00262796 -0.00237106
13.78 -2.30413e-06 -0.000103545 0.00017125 5.25318e-05 0.00428303 -0.00258971
13.8 -3.08871e-06 -0.000113115 0.000217712 4.64231e-05 0.00544507 -0.00282906
13.82 -3.44547e-06 -0.000125957 0.000245145 3.35618e-05 0.00613117 -0.00315024
13.84 -3.53558e-06 -0.000141572 0.000259862 1.28753e-05 0.00649924 -0.00354078
13.86 -3.58395e-06 -0.000156818 0.000269995 -1.44319e-05 0.00675269 -0.00392209
13.88 -3.73711e-06 -0.000168215 0.000280592 -4.46471e-05 0.00701773 -0.00420713
13.9 -4.01794e-06 -0.000173592 0.000292512 -7.29518e-05 0.00731584 -0.0043416
13.92 -4.39184e-06 -0.000171666 0.000304706 -9.52705e-05 0.00762082 -0.00429344
13.94 -4.8377e-06 -0.000161073 0.000316113 -0.000109108 0.00790613 -0.00402849
13.96 -5.35087e-06 -0.000140842 0.000325915 -0.000113535 0.00815127 -0.00352253
13.98 -5.89993e-06 -0.000111743 0.000333651 -0.000109123 0.00834475 -0.00279473
14 -6.37861e-06 -7.62604e-05 0.000336938 -9.774e-05 0.00842695 -0.0019073
14.02 -6.5889e-06 -3.71636e-05 0.000327046 -8.2432e-05 0.00817954 -0.000929478
14.04 -6.28915e-06 3.15383e-06 0.000292283 -6.75457e-05 0.00731013 7.88785e-05
14.06 -5.36047e-06 4.19174e-05 0.00022747 -5.76759e-05 0.00568913 0.00104837
14.08 -3.9654e-06 7.5203e-05 0.000141687 -5.50246e-05 0.00354366 0.00188086
14.1 -2.47217e-06 9.86753e-05 5.50783e-05 -5.7513e-05 0.00137753 0.00246791
14.12 -1.18706e-06 0.000109983 -1.59435e-05 -6.03138e-05 -0.000398755 0.00275073
14.14 -1.82865e-07 0.00011138 -6.8338e-05 -5.97919e-05 -0.00170916 0.00278566
14.16 6.22102e-07 0.000110338 -0.000109177 -5.54093e-05 -0.00273055 0.0027596
14.18 1.31275e-06 0.000116009 -0.000146606 -4.79362e-05 -0.00366668 0.00290144
14.2 1.92798e-06 0.000132902 -0.000184386 -3.71595e-05 -0.00461156 0.00332393
14.22 2.47852e-06 0.000157402 -0.000221106 -2.1758e-05 -0.00552996 0.00393669
14.24 2.94804e-06 0.000180787 -0.000252138 -7.85186e-07 -0.00630608 0.00452155
14.26 3.2954e-06 0.000195333 -0.000272796 2.45132e-05 -0.00682274 0.00488537
14.28 3.497e-06 0.000197151 -0.000280795 4.96824e-05 -0.0070228 0.00493082
14.3 3.59688e-06 0.000184174 -0.00027666 6.83925e-05 -0.00691939 0.00460627
14.32 3.70152e-06 0.000154055 -0.000263293 7.60067e-05 -0.00658506 0.00385299
14.34 3.91425e-06 0.000106513 -0.000245115 7.25593e-05 -0.00613043 0.00266393
14.36 4.2595e-06 4.79447e-05 -0.000226508 6.24171e-05 -0.00566507 0.00119912
14.38 4.63508e-06 -8.74181e-06 -0.000210698 5.08224e-05 -0.00526965 -0.000218636
14.4 4.82435e-06 -5.10564e-05 -0.000195589 4.10346e-05 -0.00489175 -0.00127694
14.42 4.58746e-06 -7.41594e-05 -0.000172294 3.49841e-05 -0.00430915 -0.00185476
14.44 3.81073e-06 -8.23732e-05 -0.000131954 3.46827e-05 -0.00330022 -0.00206019
14.46 2.61296e-06 -8.54372e-05 -7.34558e-05 4.07902e-05 -0.00183716 -0.00213682
14.48 1.28079e-06 -9.31632e-05 -4.15193e-06 5.03394e-05 -0.000103842 -0.00233005
14.5 7.14661e-08 -0.000111028 6.68252e-05 5.76374e-05 0.00167133 -0.00277685
14.52 -9.13727e-07 -0.000138017 0.000133181 5.79774e-05 0.00333091 -0.00345186
14.54 -1.67816e-06 -0.000167665 0.000189853 5.03012e-05 0.0047483 -0.00419337
14.56 -2.22434e-06 -0.000191861 0.000230904 3.66502e-05 0.00577501 -0.00479853
14.58 -2.53823e-06 -0.000204938 0.000251959 1.95946e-05 0.00630161 -0.00512559
14.6 -2.64623e-06 -0.000205133 0.000253897 3.34467e-07 0.00635008 -0.00513046
14.62 -2.65188e-06 -0.000192705 0.000242786 -2.05542e-05 0.00607217 -0.00481962
14.64 -2.7138e-06 -0.000167542 0.000226592 -4.08207e-05 0.00566715 -0.00419028
14.66 -2.97237e-06 -0.000130148 0.000212382 -5.64239e-05 0.00531177 -0.00325506
14.68 -3.4654e-06 -8.50706e-05 0.000205204 -6.45459e-05 0.00513224 -0.00212765
14.7 -4.08111e-06 -4.0947e-05 0.00020637 -6.57308e-05 0.00516141 -0.0010241
14.72 -4.60055e-06 -4.70335e-06 0.000210609 -6.25007e-05 0.00526743 -0.000117633
14.74 -4.77921e-06 2.39834e-05 0.000205554 -5.70291e-05 0.00514098 0.000599834
14.76 -4.41704e-06 5.08473e-05 0.000176494 -5.0924e-05 0.00441419 0.00127171
14.78 -3.47529e-06 7.993e-05 0.000117249 -4.61509e-05 0.00293246 0.00199908
14.8 -2.18147e-06 0.000109766 3.86575e-05 -4.44143e-05 0.000966839 0.00274529
14.82 -9.35577e-07 0.000136304 -3.77104e-05 -4.55421e-05 -0.000943153 0.00340901
14.84 -2.20707e-08 0.000157088 -9.61787e-05 -4.77145e-05 -0.00240547 0.00392883
14.86 5.66736e-07 0.000171543 -0.000135713 -4.93408e-05 -0.00339424 0.00429036
14.88 1.01221e-06 0.000179103 -0.00016328 -4.96002e-05 -0.00408371 0.00447945
14.9 1.44348e-06 0.000179007 -0.000183619 -4.69947e-05 -0.00459238 0.00447705
14.92 1.86068e-06 0.000171708 -0.000197116 -3.84711e-05 -0.00492995 0.00429449
14.94 2.21644e-06 0.000159572 -0.00020397 -2.10884e-05 -0.00510136 0.00399096
14.96 2.5127e-06 0.000145712 -0.00020718 4.91007e-06 -0.00518167 0.00364431
14.98 2.82866e-06 0.000131401 -0.000211582 3.48105e-05 -0.00529176 0.00328638
15 3.27138e-06 0.000113998 -0.000220414 6.16999e-05 -0.00551265 0.00285113
15.02 3.87948e-06 8.79844e-05 -0.000231991 8.02685e-05 -0.0058022 0.00220053
15.04 4.54267e-06 4.95124e-05 -0.000239001 8.8529e-05 -0.0059775 0.00123833
15.06 5.01905e-06 8.93004e-07 -0.000231905 8.68293e-05 -0.00580003 2.23344e-05
15.08 5.05764e-06 -4.93437e-05 -0.000203865 7.68804e-05 -0.00509876 -0.00123411
15.1 4.53527e-06 -9.14138e-05 -0.000154707 6.21587e-05 -0.00386928 -0.0022863
15.12 3.53423e-06 -0.000120341 -9.13555e-05 4.78897e-05 -0.00228484 -0.00300978
15.14 2.31395e-06 -0.000137986 -2.47034e-05 3.92034e-05 -0.000617843 -0.00345109
15.16 1.17344e-06 -0.000149685 3.49073e-05 3.85554e-05 0.000873045 -0.00374369
15.18 2.89923e-07 -0.000159059 8.18914e-05 4.45527e-05 0.00204814 -0.00397814
15.2 -3.47434e-07 -0.000165803 0.000116538 5.3078e-05 0.00291466 -0.00414681
15.22 -8.69973e-07 -0.000167911 0.000143089 5.94948e-05 0.00357872 -0.00419952
15.24 -1.40301e-06 -0.000165192 0.000166491 5.99895e-05 0.00416401 -0.00413151
15.26 -1.98633e-06 -0.000159919 0.000189811 5.14704e-05 0.00474724 -0.00399964
15.28 -2.59163e-06 -0.000153951 0.000213446 3.15717e-05 0.00533838 -0.00385039
15.3 -3.19546e-06 -0.000145473 0.000235839 5.08705e-07 0.00589843 -0.00363833
15.32 -3.81568e-06 -0.000129055 0.000254373 -3.65362e-05 0.00636196 -0.00322771
15.34 -4.46727e-06 -0.000100127 0.00026622 -7.04976e-05 0.00665827 -0.00250422
15.36 -5.10307e-06 -5.98767e-05 0.000269653 -9.37209e-05 0.00674413 -0.00149754
15.38 -5.62339e-06 -1.45086e-05 0.000264642 -0.000104056 0.0066188 -0.000362865
15.4 -5.9297e-06 3.04205e-05 0.000251198 -0.00010351 0.00628257 0.000760829
15.42 -5.95585e-06 7.30142e-05 0.000227364 -9.48831e-05 0.00568647 0.00182612
15.44 -5.65378e-06 0.000112274 0.00019065 -8.13535e-05 0.00476825 0.00280801
15.46 -5.01814e-06 0.000145393 0.000141973 -6.76795e-05 0.0035508 0.00363633
15.48 -4.15205e-06 0.000169483 8.77234e-05 -5.89044e-05 0.002194 0.00423883
15.5 -3.23591e-06 0.000184041 3.66152e-05 -5.72105e-05 0.000915761 0.00460294
15.52 -2.39307e-06 0.000189985 -6.25972e-06 -6.11026e-05 -0.000156558 0.0047516
15.54 -1.60358e-06 0.000187468 -4.17099e-05 -6.74779e-05 -0.00104318 0.00468867
15.56 -7.61547e-07 0.000176656 -7.41651e-05 -7.30301e-05 -0.0018549 0.00441824
15.58 2.07731e-07 0.000160297 -0.000108363 -7.36585e-05 -0.00271021 0.0040091
15.6 1.28105e-06 0.000143444 -0.000146644 -6.44933e-05 -0.00366764 0.00358759
15.62 2.34752e-06 0.000129624 -0.000186807 -4.22829e-05 -0.00467213 0.00324194
15.64 3.27142e-06 0.000117799 -0.000222322 -8.46226e-06 -0.00556036 0.0029462
15.66 3.97705e-06 0.000102857 -0.000246096 3.02388e-05 -0.00615498 0.00257248
15.68 4.49172e-06 7.91891e-05 -0.000255147 6.514e-05 -0.00638132 0.00198055
15.7 4.89752e-06 4.50135e-05 -0.000251871 9.02342e-05 -0.00629941 0.00112581
15.72 5.24796e-06 3.6225e-06 -0.000241165 0.000103605 -0.00603163 9.06003e-05
15.74 5.54017e-06 -3.93678e-05 -0.000227013 0.000105711 -0.0056777 -0.000984605
15.76 5.75109e-06 -7.94484e-05 -0.000211458 9.84916e-05 -0.00528866 -0.00198704
15.78 5.86381e-06 -0.000114241 -0.000195453 8.59563e-05 -0.00488836 -0.00285722
15.8 5.83631e-06 -0.000142161 -0.000178252 7.35323e-05 -0.00445816 -0.0035555
15.82 5.56629e-06 -0.000160858 -0.000156285 6.57475e-05 -0.00390874 -0.00402312
15.84 4.93578e-06 -0.000167516 -0.000125229 6.42287e-05 -0.00313202 -0.00418964
15.86 3.9141e-06 -0.00016095 -8.37961e-05 6.71541e-05 -0.00209577 -0.00402542
15.88 2.60384e-06 -0.000143295 -3.5029e-05 7.03241e-05 -0.00087609 -0.00358388
15.9 1.18302e-06 -0.000119703 1.61957e-05 6.94705e-05 0.000405061 -0.00299382
15.92 -1.81135e-07 -9.63519e-05 6.58934e-05 6.20535e-05 0.00164802 -0.0024098
15.94 -1.37271e-06 -7.7796e-05 0.000111218 4.7229e-05 0.0027816 -0.00194571
15.96 -2.33023e-06 -6.47416e-05 0.000149244 2.54478e-05 0.00373264 -0.00161921
15.98 -3.04877e-06 -5.3832e-05 0.000176916 -1.02495e-06 0.00442474 -0.00134636
16 -3.57716e-06 -4.05681e-05 0.000193004 -2.83378e-05 0.0048271 -0.00101463
16.02 -3.9913e-06 -2.31214e-05 0.000199789 -5.27841e-05 0.00499681 -0.000578275
16.04 -4.35825e-06 -3.01871e-06 0.000201938 -7.18541e-05 0.00505055 -7.54992e-05
16.06 -4.71889e-06 1.74395e-05 0.000203594 -8.39974e-05 0.00509196 0.000436168
16.08 -5.09052e-06 3.76778e-05 0.000206569 -8.89514e-05 0.00516637 0.000942338
16.1 -5.46808e-06 5.91105e-05 0.000210253 -8.84418e-05 0.0052585 0.00147838
16.12 -5.80061e-06 8.31384e-05 0.000211798 -8.52264e-05 0.00529716 0.00207933
16.14 -5.96473e-06 0.00010822 0.000206252 -8.10423e-05 0.00515844 0.00270662
16.16 -5.77563e-06 0.00012877 0.000187776 -7.60046e-05 0.00469635 0.00322058
16.18 -5.07543e-06 0.000137962 0.000152443 -6.98171e-05 0.00381267 0.00345048
16.2 -3.87406e-06 0.000132505 0.000102101 -6.28522e-05 0.00255359 0.00331401
16.22 -2.39418e-06 0.000114853 4.53226e-05 -5.58613e-05 0.00113354 0.00287253
16.24 -9.306e-07 9.09715e-05 -7.82296e-06 -4.89701e-05 -0.000195655 0.00227523
16.26 3.46203e-07 6.62039e-05 -5.24475e-05 -4.11589e-05 -0.00131173 0.00165579
16.28 1.43856e-06 4.31182e-05 -8.9868e-05 -3.06402e-05 -0.00224764 0.0010784
16.3 2.41084e-06 2.24431e-05 -0.000123107 -1.58711e-05 -0.00307896 0.000561312
16.32 3.27878e-06 4.86138e-06 -0.000152991 3.47393e-06 -0.00382637 0.000121585
16.34 3.99864e-06 -8.72382e-06 -0.000177985 2.628e-05 -0.00445147 -0.000218186
16.36 4.52381e-06 -1.85033e-05 -0.000196032 5.04375e-05 -0.00490284 -0.000462775
16.38 4.86291e-06 -2.68483e-05 -0.000206322 7.33164e-05 -0.00516021 -0.000671487
16.4 5.09421e-06 -3.75738e-05 -0.000210194 9.21411e-05 -0.00525704 -0.000939737
16.42 5.31367e-06 -5.36458e-05 -0.000210255 0.000104554 -0.00525856 -0.0013417
16.44 5.54919e-06 -7.50902e-05 -0.000207962 0.000109293 -0.00520121 -0.00187804
16.46 5.71754e-06 -9.84844e-05 -0.000201958 0.00010663 -0.00505105 -0.00246314
16.48 5.67515e-06 -0.000118241 -0.000189266 9.8354e-05 -0.00473361 -0.00295726
16.5 5.31143e-06 -0.000128965 -0.000167971 8.71697e-05 -0.00420102 -0.00322548
16.52 4.60106e-06 -0.000127633 -0.000138304 7.56662e-05 -0.00345904 -0.00319216
16.54 3.60645e-06 -0.000114537 -0.000102331 6.54766e-05 -0.00255935 -0.00286461
16.56 2.44393e-06 -9.27814e-05 -6.30514e-05 5.69699e-05 -0.00157694 -0.0023205
16.58 1.22773e-06 -6.69993e-05 -2.26846e-05 4.92163e-05 -0.000567351 -0.00167568
16.6 3.14834e-08 -4.18014e-05 1.82321e-05 4.02879e-05 0.000455992 -0.00104547
16.62 -1.10078e-06 -2.03378e-05 5.94215e-05 2.82729e-05 0.00148616 -0.000508657
16.64 -2.12925e-06 -3.66067e-06 9.91493e-05 1.23572e-05 0.00247977 -9.15549e-05
16.66 -3.02904e-06 8.86669e-06 0.000135096 -7.09862e-06 0.00337881 0.00022176
16.68 -3.81019e-06 1.87405e-05 0.000166221 -2.90806e-05 0.00415726 0.000468707
16.7 -4.49456e-06 2.76621e-05 0.000192382 -5.19577e-05 0.00481156 0.00069184
16.72 -5.07308e-06 3.70559e-05 0.000212581 -7.33129e-05 0.00531674 0.000926784
16.74 -5.5076e-06 4.76828e-05 0.000225048 -9.04938e-05 0.00562855 0.00119257
16.76 -5.77471e-06 5.9494e-05 0.0002292 -0.000101638 0.0057324 0.00148797
16.78 -5.88814e-06 7.17562e-05 0.000226521 -0.000106201 0.0056654 0.00179465
16.8 -5.86891e-06 8.32635e-05 0.00021905 -0.000104731 0.00547853 0.00208246
16.82 -5.69617e-06 9.24373e-05 0.000206928 -9.83802e-05 0.00517536 0.00231189
16.84 -5.30491e-06 9.75108e-05 0.00018799 -8.85748e-05 0.00470171 0.00243879
16.86 -4.63775e-06 9.69443e-05 0.000159924 -7.68387e-05 0.00399976 0.00242462
16.88 -3.70961e-06 9.00153e-05 0.000123064 -6.463e-05 0.00307787 0.00225132
16.9 -2.62044e-06 7.72983e-05 8.11211e-05 -5.29854e-05 0.00202887 0.00193326
16.92 -1.4796e-06 6.05121e-05 3.81139e-05 -4.1986e-05 0.000953246 0.00151343
16.94 -3.28488e-07 4.17416e-05 -4.94751e-06 -3.07548e-05 -0.000123739 0.00104397
16.96 8.35245e-07 2.26862e-05 -4.8784e-05 -1.82717e-05 -0.00122011 0.000567392
16.98 1.968e-06 4.55063e-06 -9.17767e-05 -3.94642e-06 -0.00229537 0.000113813
17 2.96272e-06 -1.17308e-05 -0.000129322 1.26253e-05 -0.0032344 -0.000293392
17.02 3.7331e-06 -2.55813e-05 -0.000157665 3.17039e-05 -0.00394327 -0.000639799
17.04 4.28668e-06 -3.71105e-05 -0.000177006 5.27286e-05 -0.004427 -0.000928149
17.06 4.69901e-06 -4.71302e-05 -0.000190297 7.38938e-05 -0.0047594 -0.00117875
17.08 5.03022e-06 -5.66954e-05 -0.000199758 9.25901e-05 -0.00499603 -0.00141798
17.1 5.27964e-06 -6.64489e-05 -0.000205196 0.000106237 -0.00513203 -0.00166191
17.12 5.41407e-06 -7.61413e-05 -0.000205441 0.000113075 -0.00513818 -0.00190433
17.14 5.42263e-06 -8.46616e-05 -0.000200762 0.00011275 -0.00502114 -0.00211742
17.16 5.33132e-06 -9.05482e-05 -0.000193232 0.000106353 -0.0048328 -0.00226465
17.18 5.16163e-06 -9.25097e-05 -0.000184594 9.57663e-05 -0.00461677 -0.00231371
17.2 4.87959e-06 -8.96182e-05 -0.000173809 8.28137e-05 -0.00434703 -0.00224139
17.22 4.39249e-06 -8.13264e-05 -0.000156728 6.88292e-05 -0.00391983 -0.00203401
17.24 3.61635e-06 -6.76651e-05 -0.000129086 5.46445e-05 -0.00322851 -0.00169233
17.26 2.5623e-06 -4.95577e-05 -9.0571e-05 4.05877e-05 -0.00226522 -0.00123946
17.28 1.35198e-06 -2.88535e-05 -4.57356e-05 2.65785e-05 -0.00114387 -0.000721637
17.3 1.41038e-07 -7.83841e-06 -7.46467e-07 1.24411e-05 -1.86695e-05 -0.000196042
17.32 -9.73075e-07 1.16501e-05 4.05628e-05 -2.04979e-06 0.00101449 0.000291375
17.34 -1.97323e-06 2.88985e-05 7.74975e-05 -1.73647e-05 0.00193824 0.000722764
17.36 -2.87246e-06 4.41201e-05 0.000110353 -3.38255e-05 0.00275998 0.00110346
17.38 -3.65697e-06 5.74193e-05 0.000138386 -5.07658e-05 0.00346109 0.00143608
17.4 -4.27901e-06 6.79365e-05 0.000160016 -6.64873e-05 0.00400207 0.00169912
17.42 -4.70115e-06 7.4326e-05 0.00017459 -7.92322e-05 0.00436658 0.00185893
17.44 -4.94214e-06 7.63848e-05 0.000183437 -8.80159e-05 0.00458784 0.00191042
17.46 -5.06887e-06 7.60247e-05 0.000188779 -9.26201e-05 0.00472144 0.00190141
17.48 -5.13251e-06 7.60994e-05 0.00019143 -9.3183e-05 0.00478773 0.00190328
17.5 -5.11512e-06 7.79669e-05 0.000189803 -8.99204e-05 0.00474706 0.00194998
17.52 -4.94485e-06 8.02176e-05 0.00018136 -8.30462e-05 0.00453588 0.00200628
17.54 -4.56455e-06 7.98274e-05 0.000164991 -7.28313e-05 0.00412648 0.00199652
17.56 -3.97373e-06 7.44553e-05 0.00014163 -5.97244e-05 0.00354222 0.00186216
17.58 -3.20131e-06 6.36312e-05 0.000112495 -4.44734e-05 0.00281354 0.00159144
17.6 -2.26809e-06 4.81262e-05 7.80024e-05 -2.82351e-05 0.00195087 0.00120366
17.62 -1.19375e-06 2.87003e-05 3.89581e-05 -1.23588e-05 0.000974357 0.000717806
17.64 -2.50345e-08 5.75125e-06 -2.2222e-06 2.38861e-06 -5.55782e-05 0.000143841
17.66 1.15757e-06 -1.98776e-05 -4.20749e-05 1.63469e-05 -0.00105231 -0.000497147
17.68 2.25665e-06 -4.59952e-05 -7.7467e-05 3.03579e-05 -0.00193748 -0.00115036
17.7 3.18558e-06 -6.92608e-05 -0.000106512 4.47254e-05 -0.0026639 -0.00173224
17.72 3.90172e-06 -8.6676e-05 -0.000129042 5.89709e-05 -0.0032274 -0.0021678
17.74 4.42339e-06 -9.7243e-05 -0.00014645 7.22802e-05 -0.00366278 -0.00243209
17.76 4.80663e-06 -0.000102313 -0.00016051 8.38147e-05 -0.00401441 -0.0025589
17.78 5.09724e-06 -0.000104368 -0.000171937 9.27405e-05 -0.00430021 -0.0026103
17.8 5.30018e-06 -0.000105399 -0.000179946 9.82934e-05 -0.00450052 -0.00263608
17.82 5.38516e-06 -0.000106038 -0.000182984 9.99328e-05 -0.00457651 -0.00265205
17.84 5.31349e-06 -0.000105592 -0.000179871 9.74335e-05 -0.00449866 -0.00264091
17.86 5.0592e-06 -0.000102523 -0.000170409 9.08275e-05 -0.00426199 -0.00256414
17.88 4.60957e-06 -9.5008e-05 -0.000154973 8.02253e-05 -0.00387593 -0.00237619
17.9 3.94894e-06 -8.15294e-05 -0.000133442 6.57097e-05 -0.00333743 -0.00203909
17.92 3.05294e-06 -6.14576e-05 -0.000104752 4.77092e-05 -0.00261988 -0.00153708
17.94 1.92536e-06 -3.54655e-05 -6.85732e-05 2.77565e-05 -0.00171504 -0.000887007
17.96 6.44715e-07 -5.53476e-06 -2.75421e-05 8.36246e-06 -0.000688839 -0.000138427
17.98 -6.51041e-07 2.56725e-05 1.33409e-05 -8.59459e-06 0.000333662 0.000642081
18 -1.83932e-06 5.58436e-05 4.97953e-05 -2.31294e-05 0.0012454 0.00139667
18.02 -2.86458e-06 8.35093e-05 8.0253e-05 -3.63774e-05 0.00200716 0.0020886
18.04 -3.72198e-06 0.000107478 0.000105219 -4.90062e-05 0.00263157 0.00268806
18.06 -4.41556e-06 0.000126115 0.000125788 -6.07706e-05 0.003146 0.00315419
18.08 -4.94318e-06 0.000137709 0.000142895 -7.11315e-05 0.00357386 0.00344416
18.1 -5.30967e-06 0.000141749 0.0001572 -7.9801e-05 0.00393164 0.00354521
18.12 -5.53902e-06 0.000139702 0.000169079 -8.6793e-05 0.00422873 0.00349399
18.14 -5.66403e-06 0.000134223 0.000178533 -9.2142e-05 0.00446517 0.00335697
18.16 -5.69751e-06 0.000127405 0.00018493 -9.55287e-05 0.00462517 0.00318645
18.18 -5.61403e-06 0.000119701 0.000186809 -9.61043e-05 0.00467217 0.00299378
18.2 -5.36487e-06 0.000110299 0.000182272 -9.27111e-05 0.00455871 0.00275863
18.22 -4.91113e-06 9.80709e-05 0.000169894 -8.43618e-05 0.00424911 0.00245279
18.24 -4.24198e-06 8.214e-05 0.000149328 -7.06865e-05 0.00373474 0.00205436
18.26 -3.36606e-06 6.20087e-05 0.000121098 -5.23959e-05 0.00302871 0.00155086
18.28 -2.30511e-06 3.76679e-05 8.64429e-05 -3.16474e-05 0.00216197 0.00094209
18.3 -1.103e-06 9.64504e-06 4.75991e-05 -1.1379e-05 0.00119047 0.000241226
18.32 1.73683e-07 -2.11517e-05 7.52005e-06 6.41163e-06 0.00018808 -0.000529014
18.34 1.44729e-06 -5.32581e-05 -3.10606e-05 2.15467e-05 -0.000776838 -0.00133201
18.36 2.64006e-06 -8.41154e-05 -6.63698e-05 3.47861e-05 -0.00165994 -0.00210376
18.38 3.68663e-06 -0.000110275 -9.77923e-05 4.67494e-05 -0.00244583 -0.00275802
18.4 4.55148e-06 -0.000128864 -0.000125657 5.78558e-05 -0.00314274 -0.00322294
18.42 5.23225e-06 -0.000139049 -0.000150517 6.85577e-05 -0.00376449 -0.00347768
18.44 5.73954e-06 -0.000142063 -0.000172219 7.91159e-05 -0.00430727 -0.00355306
18.46 6.07635e-06 -0.000139999 -0.000189679 8.92665e-05 -0.00474394 -0.00350144
18.48 6.23934e-06 -0.000134626 -0.000201634 9.82073e-05 -0.00504295 -0.00336706
18.5 6.23142e-06 -0.000126986 -0.000207478 0.000104824 -0.00518912 -0.00317598
18.52 6.06324e-06 -0.000117644 -0.000207218 0.000107972 -0.00518262 -0.00294232
18.54 5.7435e-06 -0.000107014 -0.000200834 0.000106778 -0.00502295 -0.00267646
18.56 5.26698e-06 -9.50227e-05 -0.000187954 0.000100886 -0.00470082 -0.00237656
18.58 4.61362e-06 -8.04812e-05 -0.000168192 9.03261e-05 -0.00420655 -0.00201287
18.6 3.76163e-06 -6.15532e-05 -0.000141414 7.5233e-05 -0.00353682 -0.00153947
18.62 2.7158e-06 -3.74093e-05 -0.000108182 5.63496e-05 -0.00270568 -0.000935623
18.64 1.53214e-06 -9.35279e-06 -7.04518e-05 3.58493e-05 -0.00176203 -0.000233917
18.66 2.98211e-07 1.99863e-05 -3.10855e-05 1.65369e-05 -0.000777462 0.000499866
18.68 -9.14784e-07 4.84325e-05 7.67194e-06 -1.89457e-07 0.000191878 0.00121132
18.7 -2.06748e-06 7.48691e-05 4.47395e-05 -1.49063e-05 0.00111895 0.00187251
18.72 -3.12316e-06 9.82689e-05 7.92544e-05 -2.87523e-05 0.00198218 0.00245775
18.74 -4.02898e-06 0.000116866 0.000109998 -4.22085e-05 0.00275108 0.00292287
18.76 -4.7366e-06 0.000128635 0.000136036 -5.51406e-05 0.00340231 0.00321722
18.78 -5.22893e-06 0.000132437 0.000157327 -6.72242e-05 0.00393481 0.00331229
18.8 -5.51964e-06 0.00012873 0.00017427 -7.80625e-05 0.00435857 0.0032196
18.82 -5.63247e-06 0.0001194 0.000186819 -8.71289e-05 0.00467243 0.00298624
18.84 -5.58575e-06 0.000106832 0.000194278 -9.37193e-05 0.00485898 0.00267192
18.86 -5.39267e-06 9.28565e-05 0.000195953 -9.69693e-05 0.00490087 0.00232238
18.88 -5.06933e-06 7.82574e-05 0.000191854 -9.60423e-05 0.00479834 0.00195725
18.9 -4.63396e-06 6.29952e-05 0.000182599 -9.04403e-05 0.00456687 0.00157554
18.92 -4.09344e-06 4.67803e-05 0.000168514 -8.0107e-05 0.00421461 0.00116999
18.94 -3.43256e-06 2.96207e-05 0.000148772 -6.5366e-05 0.00372084 0.000740826
18.96 -2.62094e-06 1.18806e-05 0.000121714 -4.72518e-05 0.00304411 0.000297139
18.98 -1.6443e-06 -6.20714e-06 8.67563e-05 -2.78498e-05 0.00216981 -0.000155243
19 -5.34987e-07 -2.49402e-05 4.5992e-05 -9.4525e-06 0.00115028 -0.000623766
19.02 6.32309e-07 -4.47341e-05 3.44e-06 6.94468e-06 8.60357e-05 -0.00111882
19.04 1.7696e-06 -6.50639e-05 -3.71636e-05 2.18361e-05 -0.000929477 -0.00162727
19.06 2.79691e-06 -8.38954e-05 -7.3592e-05 3.59426e-05 -0.00184057 -0.00209826
19.08 3.64875e-06 -9.83792e-05 -0.000104773 4.93327e-05 -0.00262041 -0.00246051
19.1 4.28451e-06 -0.000106336 -0.00013026 6.17312e-05 -0.00325785 -0.00265952
19.12 4.7039e-06 -0.00010737 -0.000150284 7.30519e-05 -0.00375866 -0.00268536
19.14 4.94563e-06 -0.000102821 -0.000165746 8.33463e-05 -0.00414538 -0.0025716
19.16 5.06057e-06 -9.47193e-05 -0.00017764 9.23814e-05 -0.00444286 -0.00236897
19.18 5.08021e-06 -8.46089e-05 -0.000186344 9.93705e-05 -0.00466054 -0.0021161
19.2 5.00581e-06 -7.31775e-05 -0.000191382 0.000103139 -0.00478654 -0.0018302
19.22 4.82175e-06 -6.07923e-05 -0.000191716 0.000102656 -0.0047949 -0.00152044
19.24 4.51257e-06 -4.80674e-05 -0.000186159 9.74791e-05 -0.00465592 -0.00120219
19.26 4.06437e-06 -3.56413e-05 -0.000173535 8.76532e-05 -0.00434019 -0.000891404
19.28 3.4589e-06 -2.34673e-05 -0.000152835 7.33545e-05 -0.00382248 -0.000586928
19.3 2.6799e-06 -1.05336e-05 -0.000123806 5.51261e-05 -0.00309644 -0.00026345
19.32 1.74166e-06 4.48212e-06 -8.80574e-05 3.45155e-05 -0.00220235 0.0001121
19.34 7.12511e-07 2.20801e-05 -4.94347e-05 1.38562e-05 -0.00123638 0.000552232
19.36 -3.05983e-07 4.13003e-05 -1.24061e-05 -4.91009e-06 -0.000310281 0.00103294
19.38 -1.22879e-06 6.00743e-05 2.02295e-05 -2.09762e-05 0.000505947 0.00150248
19.4 -2.01761e-06 7.62141e-05 4.80718e-05 -3.43977e-05 0.00120229 0.00190615
19.42 -2.67235e-06 8.81872e-05 7.20918e-05 -4.56159e-05 0.00180305 0.0022056
19.44 -3.20842e-06 9.51781e-05 9.35012e-05 -5.52427e-05 0.0023385 0.00238044
19.46 -3.64208e-06 9.67673e-05 0.000113326 -6.38127e-05 0.00283433 0.00242019
19.48 -3.98249e-06 9.29087e-05 0.000132082 -7.14735e-05 0.00330343 0.00232369
19.5 -4.22483e-06 8.4308e-05 0.000149194 -7.7896e-05 0.00373141 0.00210858
19.52 -4.3497e-06 7.25552e-05 0.000162822 -8.23865e-05 0.00407225 0.00181463
19.54 -4.33375e-06 5.95293e-05 0.000170674 -8.40181e-05 0.00426864 0.00148885
19.56 -4.16472e-06 4.65146e-05 0.000171248 -8.17907e-05 0.00428298 0.00116335
19.58 -3.84857e-06 3.38726e-05 0.000164394 -7.48452e-05 0.00411157 0.000847168
19.6 -3.40322e-06 2.138e-05 0.000150901 -6.27588e-05 0.0037741 0.000534722
19.62 -2.84942e-06 8.67299e-06 0.00013192 -4.60489e-05 0.00329936 0.000216915
19.64 -2.20636e-06 -4.52423e-06 0.000108699 -2.65351e-05 0.0027186 -0.000113153
19.66 -1.48764e-06 -1.83242e-05 8.22527e-05 -6.79789e-06 0.00205717 -0.000458296
19.68 -7.06144e-07 -3.25726e-05 5.33308e-05 1.10301e-05 0.00133383 -0.000814654
19.7 1.10909e-07 -4.66397e-05 2.29035e-05 2.59625e-05 0.000572827 -0.00116648
19.72 9.18852e-07 -5.92977e-05 -7.71426e-06 3.79564e-05 -0.000192937 -0.00148306
19.74 1.67402e-06 -6.90512e-05 -3.74659e-05 4.74727e-05 -0.000937037 -0.001727
19.76 2.35102e-06 -7.48574e-05 -6.58783e-05 5.51978e-05 -0.00164764 -0.00187222
19.78 2.93671e-06 -7.65436e-05 -9.24754e-05 6.17737e-05 -0.00231285 -0.00191439
19.8 3.41343e-06 -7.4535e-05 -0.000116147 6.7506e-05 -0.00290489 -0.00186415
19.82 3.75642e-06 -6.93767e-05 -0.000135354 7.2248e-05 -0.00338525 -0.00173514
19.84 3.94789e-06 -6.16243e-05 -0.000148884 7.55105e-05 -0.00372365 -0.00154125
19.86 3.99009e-06 -5.19678e-05 -0.000156395 7.66354e-05 -0.0039115 -0.00129974
19.88 3.90295e-06 -4.11056e-05 -0.000158382 7.49201e-05 -0.00396119 -0.00102807
19.9 3.70898e-06 -2.93747e-05 -0.000155717 6.97279e-05 -0.00389456 -0.000734673
19.92 3.42062e-06 -1.66261e-05 -0.000149145 6.06891e-05 -0.00373019 -0.000415825
19.94 3.03936e-06 -2.58792e-06 -0.000139032 4.80443e-05 -0.00347725 -6.47251e-05
19.96 2.56373e-06 1.25923e-05 -0.000125393 3.28598e-05 -0.00313614 0.000314938
19.98 1.99557e-06 2.81076e-05 -0.000107931 1.66902e-05 -0.0026994 0.000702983
20 1.33915e-06 4.27902e-05 -8.60803e-05 9.10642e-07 -0.0021529 0.0010702
20.02 6.04943e-07 5.57057e-05 -5.96022e-05 -1.356e-05 -0.00149068 0.00139322
20.04 -1.80567e-07 6.65471e-05 -2.94468e-05 -2.61008e-05 -0.000736476 0.00166437
20.06 -9.76704e-07 7.5532e-05 2.31342e-06 -3.63595e-05 5.78595e-05 0.00188909
20.08 -1.7435e-06 8.29805e-05 3.3521e-05 -4.43684e-05 0.000838374 0.00207538
20.1 -2.44963e-06 8.89787e-05 6.25989e-05 -5.04243e-05 0.00156563 0.00222539
20.12 -3.06449e-06 9.32655e-05 8.82604e-05 -5.48366e-05 0.00220743 0.00233261
20.14 -3.55281e-06 9.52532e-05 0.000109237 -5.78661e-05 0.00273207 0.00238232
20.16 -3.88556e-06 9.4133e-05 0.000124734 -5.97469e-05 0.00311965 0.00235431
20.18 -4.05495e-06 8.90754e-05 0.000134988 -6.05553e-05 0.0033761 0.00222781
20.2 -4.07423e-06 7.9498e-05 0.000141051 -6.00021e-05 0.00352775 0.00198828
20.22 -3.96221e-06 6.53436e-05 0.000143876 -5.73774e-05 0.00359839 0.00163427
20.24 -3.72975e-06 4.72768e-05 0.000143563 -5.1788e-05 0.00359058 0.00118241
20.26 -3.38274e-06 2.66692e-05 0.000139555 -4.27161e-05 0.00349034 0.000667007
20.28 -2.93457e-06 5.30065e-06 0.000131439 -3.05596e-05 0.00328735 0.000132572
20.3 -2.40794e-06 -1.50912e-05 0.000119308 -1.65483e-05 0.00298395 -0.000377437
20.32 -1.82215e-06 -3.3198e-05 0.000103302 -2.05546e-06 0.00258362 -0.000830295
20.34 -1.18114e-06 -4.84138e-05 8.31645e-05 1.18716e-05 0.00207998 -0.00121085
20.36 -4.82004e-07 -6.09585e-05 5.87955e-05 2.43991e-05 0.0014705 -0.0015246
20.38 2.63801e-07 -7.16836e-05 3.12078e-05 3.48141e-05 0.00078052 -0.00179284
20.4 1.0257e-06 -8.14575e-05 2.37924e-06 4.27937e-05 5.95057e-05 -0.00203729
20.42 1.76951e-06 -9.04165e-05 -2.60152e-05 4.85433e-05 -0.000650651 -0.00226136
20.44 2.46835e-06 -9.76797e-05 -5.33187e-05 5.25188e-05 -0.00133352 -0.00244301
20.46 3.09499e-06 -0.000101812 -7.92184e-05 5.51591e-05 -0.00198128 -0.00254635
20.48 3.61498e-06 -0.000101639 -0.000102873 5.68878e-05 -0.0025729 -0.00254203
20.5 3.99716e-06 -9.67361e-05 -0.000123097 5.80858e-05 -0.00307871 -0.00241941
20.52 4.22932e-06 -8.73231e-05 -0.000139163 5.88737e-05 -0.00348052 -0.00218399
20.54 4.31784e-06 -7.39335e-05 -0.00015102 5.89409e-05 -0.00377706 -0.00184911
20.56 4.2723e-06 -5.73047e-05 -0.000158671 5.75933e-05 -0.00396844 -0.00143321
20.58 4.09463e-06 -3.8472e-05 -0.000161623 5.40236e-05 -0.00404226 -0.000962201
20.6 3.78491e-06 -1.87258e-05 -0.000159193 4.78067e-05 -0.00398148 -0.00046834
20.62 3.35643e-06 6.61848e-07 -0.000151365 3.9299e-05 -0.0037857 1.65531e-05
20.64 2.83954e-06 1.8773e-05 -0.000139098 2.94166e-05 -0.00347889 0.000469521
20.66 2.26879e-06 3.52414e-05 -0.000123737 1.89814e-05 -0.00309472 0.000881401
20.68 1.66218e-06 5.0238e-05 -0.00010605 8.43182e-06 -0.00265236 0.00125647
20.7 1.01099e-06 6.42594e-05 -8.57288e-05 -1.89788e-06 -0.00214411 0.00160715
20.72 2.98583e-07 7.7748e-05 -6.21035e-05 -1.15117e-05 -0.00155323 0.00194451
20.74 -4.67124e-07 9.0657e-05 -3.54245e-05 -1.98863e-05 -0.000885981 0.00226737
20.76 -1.24269e-06 0.000102183 -7.18163e-06 -2.67432e-05 -0.000179615 0.00255564
20.78 -1.97165e-06 0.000110957 2.08522e-05 -3.2106e-05 0.000521523 0.00277507
20.8 -2.61166e-06 0.000115641 4.75115e-05 -3.61843e-05 0.00118828 0.00289223
20.82 -3.1395e-06 0.000115456 7.2126e-05 -3.92725e-05 0.0018039 0.00288759
20.84 -3.5399e-06 0.000110235 9.3992e-05 -4.16544e-05 0.00235078 0.00275701
20.86 -3.79876e-06 0.000100195 0.000112262 -4.34682e-05 0.00280771 0.00250591
20.88 -3.90778e-06 8.5845e-05 0.000126245 -4.46495e-05 0.00315744 0.00214702
20.9 -3.8724e-06 6.81218e-05 0.000135669 -4.49682e-05 0.00339315 0.00170375
20.92 -3.71302e-06 4.84032e-05 0.000140667 -4.40022e-05 0.00351813 0.00121059
20.94 -3.45709e-06 2.81088e-05 0.000141635 -4.11528e-05 0.00354236 0.000703012
20.96 -3.12836e-06 8.12193e-06 0.000139156 -3.59739e-05 0.00348034 0.000203133
20.98 -2.74204e-06 -1.13567e-05 0.000133887 -2.85622e-05 0.00334856 -0.000284036
21 -2.30558e-06 -3.0363e-05 0.000126264 -1.95065e-05 0.00315792 -0.000759392
21.02 -1.82094e-06 -4.86243e-05 0.000116178 -9.53985e-06 0.00290565 -0.00121611
21.04 -1.28529e-06 -6.54331e-05 0.000102916 6.09193e-07 0.00257396 -0.00163651
21.06 -6.93372e-07 -7.99408e-05 8.55004e-05 1.01882e-05 0.0021384 -0.00199935
21.08 -5.13906e-08 -9.14449e-05 6.35774e-05 1.85387e-05 0.0015901 -0.00228708
21.1 6.06187e-07 -9.93872e-05 3.82682e-05 2.53221e-05 0.000957103 -0.00248572
21.12 1.22265e-06 -0.000103214 1.18457e-05 3.05701e-05 0.000296265 -0.00258144
21.14 1.74901e-06 -0.000102427 -1.36424e-05 3.45108e-05 -0.000341202 -0.00256175
21.16 2.16582e-06 -9.68672e-05 -3.72448e-05 3.7394e-05 -0.000931507 -0.00242269
21.18 2.47558e-06 -8.69341e-05 -5.86507e-05 3.94586e-05 -0.00146688 -0.00217426
21.2 2.68199e-06 -7.34543e-05 -7.7362e-05 4.09357e-05 -0.00193486 -0.00183712
21.22 2.78114e-06 -5.72802e-05 -9.25902e-05 4.19413e-05 -0.00231572 -0.0014326
21.24 2.76804e-06 -3.89568e-05 -0.00010377 4.22964e-05 -0.00259534 -0.000974326
21.26 2.64617e-06 -1.87371e-05 -0.000110954 4.14596e-05 -0.002775 -0.000468623
21.28 2.43095e-06 3.07324e-06 -0.000114728 3.87548e-05 -0.00286938 7.6863e-05
21.3 2.14572e-06 2.57586e-05 -0.000115813 3.38135e-05 -0.00289653 0.000644233
21.32 1.81383e-06 4.81442e-05 -0.00011465 2.68321e-05 -0.00286744 0.00120411
21.34 1.45255e-06 6.88769e-05 -0.000111234 1.84124e-05 -0.00278201 0.00172264
21.36 1.07098e-06 8.68372e-05 -0.000105248 9.23452e-06 -0.00263229 0.00217184
21.38 6.71002e-07 0.000101459 -9.6325e-05 -1.12107e-07 -0.00240913 0.00253754
21.4 2.51618e-07 0.000112735 -8.42815e-05 -9.12799e-06 -0.00210791 0.00281955
21.42 -1.83716e-07 0.000120852 -6.92458e-05 -1.73631e-05 -0.00173187 0.00302255
21.44 -6.18483e-07 0.000125757 -5.1829e-05 -2.44042e-05 -0.00129626 0.00314522
21.46 -1.02251e-06 0.000127066 -3.31686e-05 -2.9937e-05 -0.000829561 0.00317798
21.48 -1.36671e-06 0.000124402 -1.44788e-05 -3.38727e-05 -0.000362121 0.00311136
21.5 -1.64053e-06 0.000117752 3.58236e-06 -3.64044e-05 8.95964e-05 0.00294504
21.52 -1.85114e-06 0.00010748 2.09447e-05 -3.78948e-05 0.000523835 0.00268812
21.54 -2.0036e-06 9.39554e-05 3.7481e-05 -3.86447e-05 0.000937415 0.00234986
21.56 -2.08562e-06 7.71657e-05 5.25421e-05 -3.86287e-05 0.0013141 0.00192995
21.58 -2.07431e-06 5.67554e-05 6.52191e-05 -3.73359e-05 0.00163116 0.00141948
21.6 -1.95672e-06 3.26279e-05 7.49303e-05 -3.40051e-05 0.00187404 0.000816039
21.62 -1.74348e-06 5.69694e-06 8.16427e-05 -2.82651e-05 0.00204192 0.000142483
21.64 -1.46386e-06 -2.19064e-05 8.55351e-05 -2.05385e-05 0.00213927 -0.000547887
21.66 -1.14877e-06 -4.75124e-05 8.65477e-05 -1.17021e-05 0.00216459 -0.0011883
21.68 -8.17198e-07 -6.91023e-05 8.43912e-05 -2.44863e-06 0.00211066 -0.00172828
21.7 -4.74986e-07 -8.61666e-05 7.90089e-05 6.93571e-06 0.00197605 -0.00215506
21.72 -1.22827e-07 -9.95644e-05 7.09112e-05 1.6329e-05 0.00177352 -0.00249015
21.74 2.33869e-07 -0.00011045 6.10027e-05 2.54677e-05 0.0015257 -0.0027624
21.76 5.79259e-07 -0.000119125 5.01285e-05 3.38476e-05 0.00125373 -0.00297936
21.78 8.90767e-07 -0.000124795 3.87472e-05 4.08673e-05 0.000969085 -0.00312117
21.8 1.15076e-06 -0.000126374 2.69315e-05 4.61015e-05 0.000673568 -0.00316066
21.82 1.35688e-06 -0.000123473 1.45686e-05 4.94995e-05 0.000364367 -0.00308812
21.84 1.5201e-06 -0.000116637 1.60975e-06 5.13507e-05 4.02606e-05 -0.00291715
21.86 1.6474e-06 -0.000106719 -1.15901e-05 5.20422e-05 -0.000289873 -0.00266908
21.88 1.72318e-06 -9.41065e-05 -2.3965e-05 5.1786e-05 -0.000599374 -0.00235364
21.9 1.71029e-06 -7.85534e-05 -3.38874e-05 5.0452e-05 -0.000847537 -0.00196465
21.92 1.57498e-06 -5.9721e-05 -3.99267e-05 4.75473e-05 -0.000998584 -0.00149365
21.94 1.31551e-06 -3.79242e-05 -4.17049e-05 4.24876e-05 -0.00104306 -0.0009485
21.96 9.68947e-07 -1.44116e-05 -4.01287e-05 3.51613e-05 -0.00100364 -0.00036044
21.98 5.9027e-07 9.04967e-06 -3.67439e-05 2.6201e-05 -0.000918981 0.000226336
22 2.22008e-07 3.092e-05 -3.27272e-05 1.65073e-05 -0.000818522 0.000773322
22.02 -1.21032e-07 5.04387e-05 -2.84047e-05 6.58203e-06 -0.000710412 0.00126149
22.04 -4.45225e-07 6.77246e-05 -2.35815e-05 -3.53396e-06 -0.000589782 0.00169382
22.06 -7.61846e-07 8.3361e-05 -1.80824e-05 -1.38168e-05 -0.000452248 0.00208489
22.08 -1.07383e-06 9.75775e-05 -1.18896e-05 -2.39115e-05 -0.000297363 0.00244045
22.1 -1.37061e-06 0.000109586 -4.96596e-06 -3.31316e-05 -0.000124201 0.00274079
22.12 -1.63153e-06 0.000117781 2.78148e-06 -4.06976e-05 6.9566e-05 0.00294576
22.14 -1.83554e-06 0.000120788 1.12616e-05 -4.60542e-05 0.000281658 0.00302097
22.16 -1.96969e-06 0.000118446 1.99453e-05 -4.90807e-05 0.000498841 0.00296238
22.18 -2.02957e-06 0.00011187 2.78451e-05 -5.00535e-05 0.000696418 0.00279792
22.2 -2.01204e-06 0.000102617 3.37411e-05 -4.93987e-05 0.00084388 0.0025665
22.22 -1.9093e-06 9.16389e-05 3.65887e-05 -4.74072e-05 0.000915099 0.00229193
22.24 -1.71281e-06 7.87744e-05 3.601e-05 -4.40331e-05 0.000900626 0.00197018
22.26 -1.42426e-06 6.3091e-05 3.2572e-05 -3.88263e-05 0.000814639 0.00157793
22.28 -1.06258e-06 4.38284e-05 2.75456e-05 -3.11944e-05 0.000688927 0.00109617
22.3 -6.58798e-07 2.12639e-05 2.22284e-05 -2.10614e-05 0.000555942 0.000531818
22.32 -2.4062e-07 -3.1977e-06 1.72292e-05 -9.26807e-06 0.00043091 -7.99758e-05
22.34 1.80902e-07 -2.77451e-05 1.21837e-05 2.95537e-06 0.000304719 -0.000693917
22.36 6.08342e-07 -5.09346e-05 6.20127e-06 1.48564e-05 0.000155096 -0.0012739
22.38 1.04024e-06 -7.18247e-05 -1.27338e-06 2.6269e-05 -3.18479e-05 -0.00179636
22.4 1.45815e-06 -8.96061e-05 -9.9937e-06 3.70314e-05 -0.000249947 -0.00224109
22.42 1.83128e-06 -0.000103392 -1.91726e-05 4.66426e-05 -0.000479514 -0.00258587
22.44 2.13164e-06 -0.00011254 -2.79694e-05 5.45008e-05 -0.000699525 -0.00281468
22.46 2.34583e-06 -0.0001172 -3.56946e-05 6.02845e-05 -0.000892738 -0.00293122
22.48 2.47665e-06 -0.000118393 -4.18181e-05 6.40559e-05 -0.00104589 -0.00296106
22.5 2.53586e-06 -0.000117335 -4.6052e-05 6.60717e-05 -0.00115178 -0.00293461
22.52 2.53448e-06 -0.000114547 -4.84754e-05 6.65282e-05 -0.00121239 -0.00286486
22.54 2.47737e-06 -0.000109616 -4.94673e-05 6.54496e-05 -0.0012372 -0.00274154
22.56 2.36237e-06 -0.000101724 -4.93639e-05 6.27358e-05 -0.00123461 -0.00254417
22.58 2.17814e-06 -9.02103e-05 -4.80156e-05 5.81856e-05 -0.00120089 -0.0022562
22.6 1.90231e-06 -7.46945e-05 -4.46129e-05 5.14308e-05 -0.00111579 -0.00186814
22.62 1.51167e-06 -5.5137e-05 -3.8134e-05 4.21112e-05 -0.000953747 -0.001379
22.64 1.00621e-06 -3.22526e-05 -2.82322e-05 3.04352e-05 -0.000706098 -0.000806652
22.66 4.24038e-07 -7.84404e-06 -1.57144e-05 1.74472e-05 -0.000393022 -0.000196183
22.68 -1.72956e-07 1.56586e-05 -2.06819e-06 4.47644e-06 -5.17262e-05 0.000391629
22.7 -7.32172e-07 3.62456e-05 1.14769e-05 -7.58274e-06 0.000287043 0.000906517
22.72 -1.23368e-06 5.31022e-05 2.45131e-05 -1.83942e-05 0.000613082 0.00132811
22.74 -1.68745e-06 6.66512e-05 3.72534e-05 -2.79131e-05 0.000931723 0.00166698
22.76 -2.1083e-06 7.79843e-05 4.97468e-05 -3.61881e-05 0.00124419 0.00195042
22.78 -2.48986e-06 8.80066e-05 6.12252e-05 -4.32398e-05 0.00153127 0.00220108
22.8 -2.80203e-06 9.67674e-05 7.037e-05 -4.89656e-05 0.00175998 0.00242019
22.82 -3.01359e-06 0.000103429 7.63222e-05 -5.31632e-05 0.00190885 0.00258679
22.84 -3.11319e-06 0.000106802 7.92959e-05 -5.56234e-05 0.00198322 0.00267116
22.86 -3.1068e-06 0.000105901 8.01158e-05 -5.61595e-05 0.00200373 0.00264864
22.88 -2.99986e-06 0.000100181 7.92659e-05 -5.45896e-05 0.00198247 0.00250557
22.9 -2.78717e-06 8.96003e-05 7.64122e-05 -5.07393e-05 0.0019111 0.00224094
22.92 -2.45839e-06 7.46804e-05 7.06498e-05 -4.44654e-05 0.00176698 0.00186779
22.94 -2.01023e-06 5.65004e-05 6.10993e-05 -3.57581e-05 0.00152812 0.0014131
22.96 -1.45596e-06 3.654e-05 4.74836e-05 -2.49937e-05 0.00118758 0.00091388
22.98 -8.27879e-07 1.63548e-05 3.04687e-05 -1.30903e-05 0.000762034 0.000409041
23 -1.70911e-07 -2.81663e-06 1.15389e-05 -1.14748e-06 0.000288592 -7.0445e-05
23.02 4.71181e-07 -2.03608e-05 -7.56798e-06 1.01855e-05 -0.000189278 -0.000509231
23.04 1.06903e-06 -3.63211e-05 -2.54738e-05 2.08318e-05 -0.00063711 -0.000908407
23.06 1.6129e-06 -5.10713e-05 -4.15263e-05 3.0838e-05 -0.00103859 -0.00127732
23.08 2.10801e-06 -6.48461e-05 -5.58358e-05 4.00663e-05 -0.00139648 -0.00162183
23.1 2.56158e-06 -7.74375e-05 -6.89072e-05 4.82871e-05 -0.0017234 -0.00193674
23.12 2.96809e-06 -8.81083e-05 -8.10321e-05 5.52735e-05 -0.00202665 -0.00220362
23.14 3.30452e-06 -9.56677e-05 -9.19811e-05 6.07376e-05 -0.00230049 -0.00239269
23.16 3.54178e-06 -9.88154e-05 -0.000101257 6.43314e-05 -0.00253249 -0.00247141
23.18 3.6618e-06 -9.67616e-05 -0.000108484 6.57875e-05 -0.00271323 -0.00242005
23.2 3.66438e-06 -8.97276e-05 -0.000113418 6.50328e-05 -0.00283664 -0.00224412
23.22 3.55926e-06 -7.88496e-05 -0.000115685 6.21772e-05 -0.00289334 -0.00197206
23.24 3.35321e-06 -6.55344e-05 -0.000114629 5.74129e-05 -0.00286691 -0.00163904
23.26 3.04267e-06 -5.08372e-05 -0.000109389 5.0872e-05 -0.00273587 -0.00127146
23.28 2.617e-06 -3.52964e-05 -9.91606e-05 4.25933e-05 -0.00248005 -0.000882778
23.3 2.07238e-06 -1.9159e-05 -8.36869e-05 3.27667e-05 -0.00209305 -0.000479175
23.32 1.42714e-06 -2.66597e-06 -6.37895e-05 2.19838e-05 -0.0015954 -6.66771e-05
23.34 7.24348e-07 1.38642e-05 -4.13843e-05 1.10165e-05 -0.00103504 0.000346751
23.36 1.59648e-08 3.01603e-05 -1.87511e-05 3.26871e-07 -0.000468974 0.000754322
23.38 -6.60443e-07 4.60842e-05 2.49223e-06 -1.00186e-05 6.23316e-05 0.00115258
23.4 -1.2938e-06 6.14638e-05 2.19864e-05 -1.99812e-05 0.000549888 0.00153723
23.42 -1.89193e-06 7.57687e-05 4.04436e-05 -2.92885e-05 0.00101151 0.00189501
23.44 -2.46119e-06 8.79493e-05 5.88374e-05 -3.75198e-05 0.00147155 0.00219965
23.46 -2.98957e-06 9.66632e-05 7.75156e-05 -4.42978e-05 0.0019387 0.00241759
23.48 -3.4453e-06 0.000100792 9.58006e-05 -4.93917e-05 0.00239601 0.00252085
23.5 -3.78923e-06 9.99104e-05 0.000112228 -5.27274e-05 0.00280688 0.0024988
23.52 -3.99005e-06 9.4399e-05 0.000125142 -5.43179e-05 0.00312986 0.00236096
23.54 -4.03444e-06 8.51914e-05 0.000133303 -5.4166e-05 0.00333398 0.00213067
23.56 -3.93032e-06 7.33822e-05 0.000136294 -5.22485e-05 0.00340876 0.00183532
23.58 -3.70239e-06 5.99419e-05 0.000134532 -4.85745e-05 0.0033647 0.00149917
23.6 -3.38033e-06 4.55707e-05 0.000128857 -4.31716e-05 0.00322276 0.00113974
23.62 -2.9856e-06 3.05783e-05 0.000120022 -3.60508e-05 0.00300179 0.000764776
23.64 -2.52706e-06 1.48602e-05 0.000108549 -2.73592e-05 0.00271485 0.00037166
23.66 -2.00639e-06 -1.85129e-06 9.48115e-05 -1.75497e-05 0.00237127 -4.63016e-05
23.68 -1.42381e-06 -1.9562e-05 7.89406e-05 -7.21406e-06 0.00197434 -0.000489254
23.7 -7.83113e-07 -3.77137e-05 6.07811e-05 3.21883e-06 0.00152016 -0.000943234
23.72 -9.82298e-08 -5.51889e-05 4.0222e-05 1.34726e-05 0.00100597 -0.0013803
23.74 6.0518e-07 -7.05868e-05 1.7525e-05 2.32207e-05 0.000438306 -0.00176541
23.76 1.2962e-06 -8.26155e-05 -6.71503e-06 3.20764e-05 -0.000167946 -0.00206625
23.78 1.94432e-06 -9.04192e-05 -3.16593e-05 3.9731e-05 -0.000791812 -0.00226142
23.8 2.51763e-06 -9.37055e-05 -5.60622e-05 4.59961e-05 -0.00140214 -0.00234361
23.82 2.98125e-06 -9.26936e-05 -7.81988e-05 5.07596e-05 -0.00195579 -0.00231831
23.84 3.30404e-06 -8.79889e-05 -9.62461e-05 5.39695e-05 -0.00240715 -0.00220064
23.86 3.47052e-06 -8.03925e-05 -0.000108958 5.56314e-05 -0.00272508 -0.00201065
23.88 3.48908e-06 -7.06359e-05 -0.000116216 5.57811e-05 -0.00290662 -0.00176663
23.9 3.3904e-06 -5.91692e-05 -0.000119102 5.44614e-05 -0.0029788 -0.00147985
23.92 3.21424e-06 -4.61628e-05 -0.000119301 5.16909e-05 -0.00298377 -0.00115455
23.94 2.98985e-06 -3.16516e-05 -0.000118121 4.74132e-05 -0.00295426 -0.000791619
23.96 2.7224e-06 -1.56655e-05 -0.000115802 4.15499e-05 -0.00289625 -0.000391802
23.98 2.39291e-06 1.6588e-06 -0.000111468 3.41885e-05 -0.00278786 4.14872e-05
24 1.96991e-06 1.99098e-05 -0.000103535 2.5641e-05 -0.00258945 0.000497951
24.02 1.42844e-06 3.82355e-05 -9.03538e-05 1.62692e-05 -0.00225979 0.000956287
24.04 7.70636e-07 5.5362e-05 -7.11054e-05 6.40098e-06 -0.00177838 0.00138463
24.06 3.94115e-08 6.98722e-05 -4.66989e-05 -3.51978e-06 -0.00116796 0.00174753
24.08 -6.91035e-07 8.06808e-05 -1.97808e-05 -1.289e-05 -0.000494727 0.00201786
24.1 -1.35121e-06 8.7501e-05 6.60232e-06 -2.12045e-05 0.000165127 0.00218844
24.12 -1.91084e-06 9.09838e-05 3.05781e-05 -2.82907e-05 0.000764771 0.00227554
24.14 -2.37939e-06 9.2302e-05 5.17827e-05 -3.42401e-05 0.00129511 0.00230851
24.16 -2.77498e-06 9.23259e-05 7.04469e-05 -3.91775e-05 0.00176191 0.00230911
24.18 -3.09569e-06 9.09578e-05 8.65081e-05 -4.31111e-05 0.0021636 0.00227489
24.2 -3.31908e-06 8.71703e-05 9.95789e-05 -4.59284e-05 0.00249051 0.00218017
24.22 -3.42392e-06 7.97832e-05 0.000109446 -4.74914e-05 0.0027373 0.00199541
24.24 -3.40941e-06 6.84256e-05 0.000116323 -4.77279e-05 0.00290928 0.00171135
24.26 -3.29442e-06 5.39391e-05 0.00012053 -4.65803e-05 0.00301451 0.00134904
24.28 -3.09969e-06 3.78847e-05 0.000121984 -4.38444e-05 0.00305087 0.000947511
24.3 -2.83104e-06 2.15786e-05 0.000120054 -3.91781e-05 0.0030026 0.00053969
24.32 -2.47708e-06 5.53851e-06 0.000113883 -3.23997e-05 0.00284826 0.00013852
24.34 -2.02177e-06 -1.01802e-05 0.000102771 -2.37617e-05 0.00257034 -0.000254611
24.36 -1.46191e-06 -2.52289e-05 8.6424e-05 -1.39049e-05 0.0021615 -0.000630985
24.38 -8.17245e-07 -3.87209e-05 6.51917e-05 -3.615e-06 0.00163047 -0.000968426
24.4 -1.2931e-07 -4.97941e-05 4.03938e-05 6.3881e-06 0.00101027 -0.00124537
24.42 5.50326e-07 -5.83145e-05 1.42814e-05 1.56107e-05 0.000357183 -0.00145847
24.44 1.17831e-06 -6.48964e-05 -1.0785e-05 2.3897e-05 -0.000269737 -0.00162309
24.46 1.73163e-06 -7.02045e-05 -3.33584e-05 3.13648e-05 -0.000834308 -0.00175584
24.48 2.20407e-06 -7.42585e-05 -5.31639e-05 3.81485e-05 -0.00132965 -0.00185724
24.5 2.59276e-06 -7.63199e-05 -7.05079e-05 4.41699e-05 -0.00176343 -0.00190879
24.52 2.89083e-06 -7.53236e-05 -8.56585e-05 4.91399e-05 -0.00214236 -0.00188388
24.54 3.09221e-06 -7.05114e-05 -9.8713e-05 5.27643e-05 -0.00246885 -0.00176352
24.56 3.19882e-06 -6.19462e-05 -0.000109651 5.49387e-05 -0.00274241 -0.0015493
24.58 3.21714e-06 -5.06035e-05 -0.000118142 5.57313e-05 -0.00295478 -0.00126561
24.6 3.14532e-06 -3.78858e-05 -0.000123244 5.5155e-05 -0.00308238 -0.000947539
24.62 2.96586e-06 -2.4902e-05 -0.000123479 5.29673e-05 -0.00308825 -0.000622809
24.64 2.65555e-06 -1.21376e-05 -0.000117479 4.8755e-05 -0.00293819 -0.000303565
24.66 2.20638e-06 2.68943e-07 -0.000104778 4.22967e-05 -0.00262053 6.72639e-06
24.68 1.63944e-06 1.20811e-05 -8.61735e-05 3.3856e-05 -0.00215523 0.000302154
24.7 9.98241e-07 2.29067e-05 -6.33849e-05 2.40842e-05 -0.00158528 0.000572906
24.72 3.28453e-07 3.25257e-05 -3.83525e-05 1.36711e-05 -0.000959213 0.000813482
24.74 -3.37772e-07 4.11295e-05 -1.2686e-05 3.1377e-06 -0.000317282 0.00102867
24.76 -9.8447e-07 4.91091e-05 1.25935e-05 -7.11866e-06 0.00031497 0.00122824
24.78 -1.60311e-06 5.65243e-05 3.70197e-05 -1.67283e-05 0.000925879 0.0014137
24.8 -2.18265e-06 6.27705e-05 6.04438e-05 -2.53678e-05 0.00151172 0.00156992
24.82 -2.70683e-06 6.68177e-05 8.27505e-05 -3.28591e-05 0.00206962 0.00167114
24.84 -3.15774e-06 6.78287e-05 0.00010362 -3.92089e-05 0.00259157 0.00169642
24.86 -3.51802e-06 6.56005e-05 0.000122351 -4.45131e-05 0.00306004 0.0016407
24.88 -3.77074e-06 6.0529e-05 0.00013788 -4.88027e-05 0.00344844 0.00151385
24.9 -3.90209e-06 5.3323e-05 0.000149089 -5.19555e-05 0.00372879 0.00133363
24.92 -3.90575e-06 4.47913e-05 0.000155155 -5.37117e-05 0.00388049 0.00112025
24.94 -3.78293e-06 3.57099e-05 0.000155635 -5.37489e-05 0.0038925 0.000893119
24.96 -3.53913e-06 2.66496e-05 0.000150416 -5.17587e-05 0.00376198 0.000666518
24.98 -3.18318e-06 1.78184e-05 0.000139757 -4.75005e-05 0.00349538 0.000445646
25 -2.73008e-06 9.10019e-06 0.000124399 -4.08886e-05 0.00311128 0.0002276
25.02 -2.20062e-06 3.00475e-07 0.00010541 -3.21434e-05 0.00263634 7.515e-06
25.04 -1.61268e-06 -8.61752e-06 8.36421e-05 -2.18608e-05 0.00209192 -0.000215528
25.06 -9.75891e-07 -1.74456e-05 5.94405e-05 -1.08549e-05 0.00148663 -0.000436322
25.08 -2.96114e-07 -2.57705e-05 3.28638e-05 1.31969e-07 0.000821937 -0.000644531
25.1 4.17205e-07 -3.30732e-05 4.06084e-06 1.062e-05 0.000101563 -0.000827175
25.12 1.14596e-06 -3.88485e-05 -2.6448e-05 2.03848e-05 -0.000661475 -0.000971618
25.14 1.86075e-06 -4.27114e-05 -5.75654e-05 2.93456e-05 -0.00143974 -0.00106823
25.16 2.52317e-06 -4.44401e-05 -8.76497e-05 3.74664e-05 -0.00219216 -0.00111147
25.18 3.09608e-06 -4.39809e-05 -0.00011496 4.46972e-05 -0.00287519 -0.00109998
25.2 3.55481e-06 -4.14759e-05 -0.000138183 5.09358e-05 -0.00345601 -0.00103733
25.22 3.8899e-06 -3.72843e-05 -0.000156588 5.60209e-05 -0.00391633 -0.000932496
25.24 4.10161e-06 -3.18979e-05 -0.000169849 5.97625e-05 -0.00424798 -0.000797779
25.26 4.19324e-06 -2.5743e-05 -0.000177874 6.19647e-05 -0.00444869 -0.000643844
25.28 4.16801e-06 -1.89989e-05 -0.000180773 6.24234e-05 -0.0045212 -0.000475172
25.3 4.02982e-06 -1.15952e-05 -0.000178862 6.09328e-05 -0.00447341 -0.000290001
25.32 3.78631e-06 -3.45655e-06 -0.000172615 5.73267e-05 -0.00431716 -8.64497e-05
25.34 3.44698e-06 5.18747e-06 -0.000162375 5.15627e-05 -0.00406106 0.000129741
25.36 3.01687e-06 1.3676e-05 -0.000147972 4.38294e-05 -0.00370085 0.000342042
25.38 2.48839e-06 2.11541e-05 -0.000128456 3.45674e-05 -0.00321275 0.000529072
25.4 1.84365e-06 2.7065e-05 -0.000102513 2.43678e-05 -0.0025639 0.000676908
25.42 1.0807e-06 3.14477e-05 -6.9954e-05 1.38681e-05 -0.00174958 0.000786521
25.44 2.37002e-07 3.47219e-05 -3.27872e-05 3.68069e-06 -0.000820022 0.00086841
25.46 -6.21889e-07 3.71536e-05 5.68421e-06 -5.71858e-06 0.000142164 0.000929226
25.48 -1.43695e-06 3.85895e-05 4.2753e-05 -1.40692e-05 0.00106927 0.000965139
25.5 -2.17231e-06 3.86929e-05 7.69537e-05 -2.12903e-05 0.00192464 0.000967726
25.52 -2.80561e-06 3.72863e-05 0.000107333 -2.74335e-05 0.00268444 0.000932546
25.54 -3.31857e-06 3.44002e-05 0.000132966 -3.26874e-05 0.00332553 0.000860363
25.56 -3.70083e-06 3.01108e-05 0.000153291 -3.73154e-05 0.00383387 0.000753083
25.58 -3.95503e-06 2.44609e-05 0.000168421 -4.14744e-05 0.00421229 0.000611777
25.6 -4.09281e-06 1.75492e-05 0.000178891 -4.50367e-05 0.00447414 0.000438914
25.62 -4.12613e-06 9.6473e-06 0.000185157 -4.75504e-05 0.00463084 0.000241283
25.64 -4.06139e-06 1.21799e-06 0.000187308 -4.83897e-05 0.00468465 3.04624e-05
25.66 -3.89952e-06 -7.12368e-06 0.000185075 -4.70157e-05 0.0046288 -0.000178166
25.68 -3.63936e-06 -1.46596e-05 0.000178003 -4.31859e-05 0.00445192 -0.000366642
25.7 -3.27914e-06 -2.07044e-05 0.000165586 -3.70193e-05 0.00414137 -0.000517825
25.72 -2.81487e-06 -2.48502e-05 0.000147285 -2.89365e-05 0.00368365 -0.000621514
25.74 -2.23502e-06 -2.72312e-05 0.000122469 -1.95593e-05 0.003063 -0.000681063
25.76 -1.53134e-06 -2.85508e-05 9.10226e-05 -9.65022e-06 0.00227651 -0.000714068
25.78 -7.26731e-07 -2.97026e-05 5.45084e-05 -8.9161e-09 0.00136328 -0.000742874
25.8 1.19154e-07 -3.11913e-05 1.60847e-05 8.7678e-06 0.000402285 -0.000780108
25.82 9.41178e-07 -3.28198e-05 -2.12575e-05 1.64585e-05 -0.00053166 -0.000820836
25.84 1.70012e-06 -3.38968e-05 -5.60757e-05 2.31376e-05 -0.00140248 -0.000847772
25.86 2.37983e-06 -3.36743e-05 -8.80261e-05 2.90328e-05 -0.00220157 -0.000842209
25.88 2.96788e-06 -3.16472e-05 -0.000116755 3.44906e-05 -0.0029201 -0.00079151
25.9 3.45007e-06 -2.76786e-05 -0.00014161 3.99004e-05 -0.00354173 -0.000692252
25.92 3.81682e-06 -2.20303e-05 -0.000161973 4.54778e-05 -0.00405102 -0.000550987
25.94 4.06543e-06 -1.52627e-05 -0.000177434 5.10496e-05 -0.00443769 -0.000381727
25.96 4.19658e-06 -8.01646e-06 -0.000187726 5.59973e-05 -0.00469511 -0.000200495
25.98 4.21245e-06 -8.10863e-07 -0.000192732 5.94085e-05 -0.00482031 -2.028e-05
26 4.11729e-06 6.03321e-06 -0.000192538 6.03918e-05 -0.00481545 0.000150893
26.02 3.91844e-06 1.23368e-05 -0.000187429 5.83998e-05 -0.00468769 0.000308548
26.04 3.625e-06 1.79773e-05 -0.000177778 5.34013e-05 -0.00444629 0.000449621
26.06 3.2441e-06 2.28468e-05 -0.000163811 4.58692e-05 -0.00409698 0.000571409
26.08 2.77269e-06 2.68614e-05 -0.000145228 3.66155e-05 -0.00363221 0.000671815
26.1 2.18892e-06 3.00838e-05 -0.000120875 2.6572e-05 -0.00302313 0.000752408
26.12 1.47122e-06 3.28207e-05 -8.97456e-05 1.66446e-05 -0.00224458 0.00082086
26.14 6.39899e-07 3.54083e-05 -5.29049e-05 7.56127e-06 -0.00132317 0.000885577
26.16 -2.31875e-07 3.77529e-05 -1.3723e-05 -3.44905e-07 -0.000343217 0.000944215
26.18 -1.05881e-06 3.91983e-05 2.41824e-05 -7.18892e-06 0.000604811 0.000980367
26.2 -1.79026e-06 3.90241e-05 5.88323e-05 -1.33253e-05 0.00147142 0.00097601
26.22 -2.41505e-06 3.70237e-05 8.97012e-05 -1.91462e-05 0.00224346 0.000925977
26.24 -2.93544e-06 3.35415e-05 0.000116502 -2.50137e-05 0.00291377 0.000838886
26.26 -3.3462e-06 2.906e-05 0.000138576 -3.11429e-05 0.00346586 0.000726803
26.28 -3.63298e-06 2.38379e-05 0.000155111 -3.74033e-05 0.00387939 0.000596196
26.3 -3.78459e-06 1.78962e-05 0.000165682 -4.3241e-05 0.00414376 0.000447592
26.32 -3.80794e-06 1.13153e-05 0.000170682 -4.7824e-05 0.00426884 0.000283
26.34 -3.731e-06 4.57164e-06 0.000171221 -5.03333e-05 0.00428232 0.000114339
26.36 -3.58732e-06 -1.42592e-06 0.000168374 -5.0249e-05 0.00421109 -3.56628e-05
26.38 -3.39337e-06 -5.73199e-06 0.000162376 -4.74615e-05 0.0040611 -0.000143359
26.4 -3.13659e-06 -7.94136e-06 0.000152411 -4.21777e-05 0.00381186 -0.000198617
26.42 -2.78386e-06 -8.44814e-06 0.000137089 -3.47808e-05 0.00342864 -0.000211292
26.44 -2.29828e-06 -8.20857e-06 0.00011509 -2.58036e-05 0.00287844 -0.0002053
26.46 -1.66212e-06 -8.22438e-06 8.59828e-05 -1.59985e-05 0.00215047 -0.000205695
26.48 -9.01911e-07 -9.08651e-06 5.1233e-05 -6.27645e-06 0.00128136 -0.000227257
26.5 -8.68627e-08 -1.08171e-05 1.40973e-05 2.6189e-06 0.00035258 -0.00027054
26.52 7.07134e-07 -1.30234e-05 -2.2036e-05 1.04378e-05 -0.000551129 -0.00032572
26.54 1.43308e-06 -1.51915e-05 -5.51907e-05 1.7398e-05 -0.00138034 -0.000379945
26.56 2.07261e-06 -1.68058e-05 -8.47071e-05 2.38966e-05 -0.00211856 -0.000420321
26.58 2.61415e-06 -1.72618e-05 -0.000110271 3.02786e-05 -0.00275792 -0.000431725
26.6 3.04328e-06 -1.59105e-05 -0.00013149 3.67359e-05 -0.00328861 -0.000397928
26.62 3.35101e-06 -1.24173e-05 -0.000148117 4.32405e-05 -0.00370447 -0.000310561
26.64 3.54265e-06 -7.13924e-06 -0.000160227 4.94956e-05 -0.00400734 -0.000178555
26.66 3.63558e-06 -1.13678e-06 -0.000168072 5.49369e-05 -0.00420356 -2.84313e-05
26.68 3.64859e-06 4.23971e-06 -0.000171808 5.88097e-05 -0.00429699 0.000106037
26.7 3.59054e-06 7.94261e-06 -0.000171308 6.03408e-05 -0.00428448 0.000198648
26.72 3.45564e-06 9.65725e-06 -0.000166189 5.89508e-05 -0.00415645 0.000241532
26.74 3.22488e-06 9.85529e-06 -0.000155905 5.44184e-05 -0.00389925 0.000246485
26.76 2.87496e-06 9.42558e-06 -0.000139872 4.69776e-05 -0.00349826 0.000235738
26.78 2.3872e-06 9.17758e-06 -0.000117579 3.7356e-05 -0.00294069 0.000229535
26.8 1.75928e-06 9.57754e-06 -8.90268e-05 2.6701e-05 -0.0022266 0.000239538
26.82 1.02072e-06 1.07605e-05 -5.55463e-05 1.62854e-05 -0.00138924 0.000269125
26.84 2.30045e-07 1.26046e-05 -1.97656e-05 7.0316e-06 -0.000494345 0.000315247
26.86 -5.52063e-07 1.47113e-05 1.57005e-05 -7.93389e-07 0.000392677 0.000367937
26.88 -1.28737e-06 1.64301e-05 4.94181e-05 -7.45411e-06 0.00123597 0.000410924
26.9 -1.95739e-06 1.70386e-05 8.08797e-05 -1.34279e-05 0.00202283 0.000426143
26.92 -2.54717e-06 1.60238e-05 0.000109562 -1.92204e-05 0.00274019 0.000400761
26.94 -3.04005e-06 1.33313e-05 0.000134579 -2.52686e-05 0.00336589 0.00033342
26.96 -3.42373e-06 9.42621e-06 0.000154991 -3.17658e-05 0.00387638 0.000235753
26.98 -3.69301e-06 5.07392e-06 0.000170089 -3.84676e-05 0.00425401 0.000126901
27 -3.84685e-06 9.87002e-07 0.00017947 -4.46445e-05 0.00448861 2.46853e-05
27.02 -3.88659e-06 -2.38191e-06 0.000183042 -4.92633e-05 0.00457797 -5.95727e-05
27.04 -3.81742e-06 -4.81028e-06 0.000181053 -5.13437e-05 0.0045282 -0.000120307
27.06 -3.64932e-06 -6.19903e-06 0.000174016 -5.02993e-05 0.0043522 -0.00015504
27.08 -3.3915e-06 -6.60422e-06 0.000162467 -4.60729e-05 0.00406338 -0.000165174
27.1 -3.04786e-06 -6.302e-06 0.000146742 -3.90639e-05 0.00367009 -0.000157616
27.12 -2.61365e-06 -5.72541e-06 0.000126751 -2.99971e-05 0.00317009 -0.000143195
27.14 -2.07743e-06 -5.31231e-06 0.000102017 -1.98637e-05 0.00255148 -0.000132863
27.16 -1.44077e-06 -5.36862e-06 7.26105e-05 -9.8342e-06 0.00181602 -0.000134272
27.18 -7.36199e-07 -5.9893e-06 4.00616e-05 -9.02315e-07 0.00100196 -0.000149795
27.2 -1.50825e-08 -7.03463e-06 6.74135e-06 6.58501e-06 0.000168604 -0.000175939
27.22 6.84515e-07 -8.2552e-06 -2.5656e-05 1.29867e-05 -0.000641667 -0.000206466
27.24 1.3468e-06 -9.44108e-06 -5.64499e-05 1.89431e-05 -0.00141184 -0.000236125
27.26 1.95668e-06 -1.03374e-05 -8.49712e-05 2.4963e-05 -0.00212517 -0.000258544
27.28 2.4847e-06 -1.04618e-05 -0.000109994 3.12877e-05 -0.00275099 -0.000261655
27.3 2.89916e-06 -9.24768e-06 -0.000130287 3.78731e-05 -0.00325852 -0.000231288
27.32 3.18581e-06 -6.51563e-06 -0.00014528 4.4386e-05 -0.00363351 -0.000162959
27.34 3.35238e-06 -2.76491e-06 -0.000155075 5.0241e-05 -0.00387848 -6.91515e-05
27.36 3.41815e-06 1.06724e-06 -0.000160075 5.46675e-05 -0.00400355 2.66921e-05
27.38 3.40037e-06 4.15923e-06 -0.000160685 5.68432e-05 -0.00401881 0.000104024
27.4 3.307e-06 6.15635e-06 -0.000157171 5.61548e-05 -0.00393091 0.000153973
27.42 3.13695e-06 7.09386e-06 -0.000149612 5.24574e-05 -0.00374187 0.00017742
27.44 2.88428e-06 7.13998e-06 -0.000137899 4.61202e-05 -0.00344892 0.000178574
27.46 2.54165e-06 6.49406e-06 -0.000121766 3.78498e-05 -0.00304542 0.000162419
27.48 2.09863e-06 5.5224e-06 -0.000100808 2.84942e-05 -0.00252125 0.000138117
27.5 1.5469e-06 4.86139e-06 -7.48723e-05 1.89508e-05 -0.00187259 0.000121585
27.52 8.97723e-07 5.20407e-06 -4.48253e-05 1.00448e-05 -0.0011211 0.000130156
27.54 1.90058e-07 6.84595e-06 -1.26821e-05 2.27783e-06 -0.000317183 0.00017122
27.56 -5.23344e-07 9.40199e-06 1.92939e-05 -4.32326e-06 0.000482547 0.000235148
27.58 -1.19652e-06 1.20049e-05 4.94578e-05 -1.00584e-05 0.00123696 0.000300247
27.6 -1.79658e-06 1.37732e-05 7.67546e-05 -1.53057e-05 0.00191967 0.000344473
27.62 -2.29999e-06 1.41429e-05 0.000100328 -2.0398e-05 0.00250926 0.00035372
27.64 -2.69219e-06 1.29438e-05 0.000119502 -2.55484e-05 0.0029888 0.00032373
27.66 -2.97042e-06 1.03588e-05 0.000133987 -3.07328e-05 0.00335107 0.000259078
27.68 -3.14294e-06 6.87691e-06 0.000143884 -3.56162e-05 0.0035986 0.000171994
27.7 -3.22355e-06 3.22421e-06 0.000149464 -3.9602e-05 0.00373816 8.06389e-05
27.72 -3.22529e-06 1.99524e-07 0.000150949 -4.19793e-05 0.00377529 4.99017e-06
27.74 -3.15574e-06 -1.5852e-06 0.000148423 -4.2128e-05 0.00371213 -3.96466e-05
27.76 -3.01477e-06 -1.93686e-06 0.000141856 -3.97112e-05 0.00354787 -4.84416e-05
27.78 -2.79514e-06 -1.14016e-06 0.000131133 -3.47613e-05 0.0032797 -2.85158e-05
27.8 -2.48647e-06 2.04556e-07 0.000116109 -2.76596e-05 0.00290393 5.11603e-06
27.82 -2.07871e-06 1.41845e-06 9.66173e-05 -1.9094e-05 0.00241644 3.54759e-05
27.84 -1.56929e-06 1.92024e-06 7.27674e-05 -1.00068e-05 0.00181994 4.80259e-05
27.86 -9.74957e-07 1.34323e-06 4.54909e-05 -1.3944e-06 0.00113775 3.35948e-05
27.88 -3.33162e-07 -3.65076e-07 1.65655e-05 6.06234e-06 0.000414309 -9.13071e-06
27.9 3.1251e-07 -2.88803e-06 -1.21519e-05 1.22298e-05 -0.000303923 -7.22307e-05
27.92 9.27375e-07 -5.61276e-06 -3.94013e-05 1.73877e-05 -0.000985442 -0.000140378
27.94 1.48641e-06 -7.80696e-06 -6.44184e-05 2.19473e-05 -0.00161113 -0.000195255
27.96 1.96894e-06 -8.83817e-06 -8.654e-05 2.63022e-05 -0.0021644 -0.000221046
27.98 2.35971e-06 -8.39432e-06 -0.000105154 3.07567e-05 -0.00262996 -0.000209945
28 2.65343e-06 -6.61014e-06 -0.000119876 3.53977e-05 -0.00299815 -0.000165322
28.02 2.85396e-06 -3.99982e-06 -0.000130565 3.99793e-05 -0.00326548 -0.000100037
28.04 2.96849e-06 -1.24447e-06 -0.000137185 4.39372e-05 -0.00343106 -3.11247e-05
28.06 3.0025e-06 1.02861e-06 -0.000139695 4.65399e-05 -0.00349384 2.5726e-05
28.08 2.95812e-06 2.4034e-06 -0.000138045 4.71242e-05 -0.00345257 6.01101e-05
28.1 2.83512e-06 2.75894e-06 -0.000132246 4.53191e-05 -0.00330752 6.90022e-05
28.12 2.63165e-06 2.27894e-06 -0.000122396 4.11497e-05 -0.00306116 5.69972e-05
28.14 2.34597e-06 1.36628e-06 -0.000108661 3.49956e-05 -0.00271766 3.41713e-05
28.16 1.97615e-06 5.25357e-07 -9.11838e-05 2.74907e-05 -0.00228055 1.31394e-05
28.18 1.52208e-06 2.5854e-07 -7.01525e-05 1.94439e-05 -0.00175454 6.46618e-06
28.2 9.946e-07 9.34316e-07 -4.62062e-05 1.17084e-05 -0.00115564 2.33676e-05
28.22 4.20765e-07 2.62766e-06 -2.06156e-05 4.91838e-06 -0.000515605 6.57188e-05
28.24 -1.63959e-07 5.0409e-06 5.15965e-06 -7.34332e-07 0.000129045 0.000126075
28.26 -7.28834e-07 7.62101e-06 3.0028e-05 -5.45795e-06 0.000751013 0.000190605
28.28 -1.25158e-06 9.77945e-06 5.32824e-05 -9.63177e-06 0.00133261 0.000244588
28.3 -1.71389e-06 1.10496e-05 7.42821e-05 -1.36263e-05 0.00185783 0.000276355
28.32 -2.09961e-06 1.11619e-05 9.23499e-05 -1.77064e-05 0.00230971 0.000279163
28.34 -2.39771e-06 1.00968e-05 0.000106921 -2.19345e-05 0.00267413 0.000252526
28.36 -2.60445e-06 8.10466e-06 0.000117649 -2.60956e-05 0.00294245 0.000202701
28.38 -2.72203e-06 5.64974e-06 0.00012438 -2.97181e-05 0.00311079 0.000141302
28.4 -2.75564e-06 3.28306e-06 0.000127078 -3.21918e-05 0.00317828 8.21106e-05
28.42 -2.71087e-06 1.48171e-06 0.00012579 -3.2947e-05 0.00314607 3.70581e-05
28.44 -2.59157e-06 5.18204e-07 0.000120607 -3.16342e-05 0.00301644 1.29605e-05
28.46 -2.39784e-06 4.03852e-07 0.000111595 -2.8228e-05 0.00279104 1.01005e-05
28.48 -2.12689e-06 9.26883e-07 9.87741e-05 -2.30176e-05 0.00247038 2.31817e-05
28.5 -1.77525e-06 1.72028e-06 8.21604e-05 -1.65283e-05 0.00205487 4.3025e-05
28.52 -1.34277e-06 2.32513e-06 6.19424e-05 -9.43768e-06 0.0015492 5.81525e-05
28.54 -8.40218e-07 2.30631e-06 3.88113e-05 -2.46042e-06 0.000970686 5.76817e-05
28.56 -2.91884e-07 1.4281e-06 1.40087e-05 3.84693e-06 0.000350363 3.57174e-05
28.58 2.71635e-07 -2.13077e-07 -1.11107e-05 9.25534e-06 -0.000277884 -5.32915e-06
28.6 8.23292e-07 -2.22396e-06 -3.5535e-05 1.38544e-05 -0.000888745 -5.56222e-05
28.62 1.34158e-06 -4.07372e-06 -5.85754e-05 1.79076e-05 -0.00146499 -0.000101885
28.64 1.80717e-06 -5.24973e-06 -7.96028e-05 2.17219e-05 -0.0019909 -0.000131298
