0.02 -5.15828e-11 2.59997e-10 -3.88895e-08 3.19639e-11 -9.72642e-07 6.50264e-09
0.04 -4.30315e-10 5.08766e-09 -1.18014e-07 -2.60988e-12 -2.95158e-06 1.27244e-07
0.06 -1.70981e-09 1.62806e-08 -9.29987e-08 -8.68097e-10 -2.32594e-06 4.07184e-07
0.08 -4.3679e-09 3.84945e-08 1.46092e-07 -3.78163e-09 3.65382e-06 9.62764e-07
0.1 -7.88043e-09 6.11883e-08 5.33999e-07 -8.75747e-09 1.33555e-05 1.53034e-06
0.12 -9.75108e-09 -2.65705e-08 9.47666e-07 -1.3744e-08 2.37015e-05 -6.6454e-07
0.14 -5.29883e-09 -3.97558e-07 1.33759e-06 -1.58518e-08 3.34537e-05 -9.94309e-06
0.16 1.13415e-08 -1.15244e-06 1.74253e-06 -1.1616e-08 4.35814e-05 -2.8823e-05
0.18 4.52603e-08 -2.27035e-06 2.20569e-06 5.05589e-09 5.51652e-05 -5.67824e-05
0.2 9.86874e-08 -3.60979e-06 2.70605e-06 4.24808e-08 6.76793e-05 -9.02824e-05
0.22 1.69978e-07 -5.03337e-06 3.16481e-06 1.0553e-07 7.91532e-05 -0.000125887
0.24 2.54129e-07 -6.58178e-06 3.51755e-06 1.90274e-07 8.79754e-05 -0.000164613
0.26 3.44101e-07 -8.37569e-06 3.79992e-06 2.85243e-07 9.50375e-05 -0.000209479
0.28 4.32275e-07 -1.03267e-05 4.14379e-06 3.78518e-07 0.000103638 -0.000258276
0.3 5.12198e-07 -1.21458e-05 4.65038e-06 4.64961e-07 0.000116308 -0.00030377
0.32 5.80492e-07 -1.36755e-05 5.27266e-06 5.47052e-07 0.000131871 -0.000342029
0.34 6.37958e-07 -1.50104e-05 5.83397e-06 6.27703e-07 0.00014591 -0.000375417
0.36 6.89115e-07 -1.62825e-05 6.16427e-06 7.05092e-07 0.000154171 -0.000407233
0.38 7.40568e-07 -1.75318e-05 6.21141e-06 7.79736e-07 0.00015535 -0.000438476
0.4 7.988e-07 -1.88125e-05 6.02081e-06 8.62802e-07 0.000150583 -0.000470507
0.42 8.67449e-07 -2.01967e-05 5.67862e-06 9.66063e-07 0.000142025 -0.000505128
0.44 9.44494e-07 -2.15752e-05 5.31935e-06 1.08247e-06 0.000133039 -0.000539605
0.46 1.02128e-06 -2.26011e-05 5.04222e-06 1.18762e-06 0.000126108 -0.000565264
0.48 1.08538e-06 -2.29793e-05 4.68959e-06 1.26193e-06 0.000117289 -0.000574721
0.5 1.12646e-06 -2.28139e-05 3.91938e-06 1.29826e-06 9.80252e-05 -0.000570586
0.52 1.14141e-06 -2.25654e-05 2.66745e-06 1.28508e-06 6.67141e-05 -0.000564371
0.54 1.13489e-06 -2.26935e-05 1.35266e-06 1.20148e-06 3.38307e-05 -0.000567574
0.56 1.11379e-06 -2.31202e-05 5.3975e-07 1.04158e-06 1.34994e-05 -0.000578246
0.58 1.07966e-06 -2.29737e-05 4.72278e-07 8.32107e-07 1.18119e-05 -0.000574583
0.6 1.02502e-06 -2.13365e-05 8.91124e-07 6.10762e-07 2.22874e-05 -0.000533634
0.62 9.36783e-07 -1.83403e-05 1.27821e-06 3.89377e-07 3.19685e-05 -0.000458697
0.64 8.02887e-07 -1.50469e-05 1.3671e-06 1.46303e-07 3.41917e-05 -0.00037633
0.66 6.17269e-07 -1.20945e-05 1.48916e-06 -1.41661e-07 3.72445e-05 -0.000302488
0.68 3.81555e-07 -9.0521e-06 2.35345e-06 -4.58734e-07 5.88609e-05 -0.000226397
0.7 1.04472e-07 -5.19171e-06 4.39278e-06 -7.4583e-07 0.000109865 -0.000129847
0.72 -2.00251e-07 -3.54084e-07 7.29959e-06 -9.45542e-07 0.000182566 -8.85579e-06
0.74 -5.16931e-07 5.0191e-06 1.02305e-05 -1.0465e-06 0.000255868 0.00012553
0.76 -8.30589e-07 1.03469e-05 1.24742e-05 -1.067e-06 0.000311986 0.00025878
0.78 -1.12817e-06 1.50994e-05 1.39862e-05 -1.00185e-06 0.000349801 0.000377642
0.8 -1.39949e-06 1.89683e-05 1.54253e-05 -8.16811e-07 0.000385794 0.000474406
0.82 -1.63884e-06 2.22048e-05 1.76436e-05 -4.99451e-07 0.000441273 0.000555352
0.84 -1.84517e-06 2.53998e-05 2.07851e-05 -7.97498e-08 0.000519844 0.00063526
0.86 -2.01822e-06 2.86779e-05 2.38278e-05 4.13211e-07 0.000595943 0.000717245
0.88 -2.1527e-06 3.12815e-05 2.53958e-05 9.78278e-07 0.000635159 0.000782363
0.9 -2.23595e-06 3.22185e-05 2.51096e-05 1.60618e-06 0.000628002 0.000805798
0.92 -2.25282e-06 3.12055e-05 2.39958e-05 2.25406e-06 0.000600145 0.000780462
0.94 -2.19517e-06 2.89699e-05 2.34891e-05 2.88463e-06 0.000587473 0.00072455
0.96 -2.06887e-06 2.65968e-05 2.42002e-05 3.49713e-06 0.000605258 0.000665196
0.98 -1.89315e-06 2.45501e-05 2.54433e-05 4.08365e-06 0.000636347 0.000614009
1 -1.69191e-06 2.20801e-05 2.74433e-05 4.57758e-06 0.000686368 0.000552232
1.02 -1.48229e-06 1.9029e-05 2.71776e-05 4.89929e-06 0.000679724 0.000475922
1.04 -1.271e-06 1.69327e-05 1.82818e-05 5.05854e-06 0.000457236 0.000423494
1.06 -1.06118e-06 1.60697e-05 4.8479e-06 5.12993e-06 0.000121248 0.000401909
1.08 -8.58025e-07 1.53723e-05 -3.13931e-06 5.09969e-06 -7.85153e-05 0.000384467
1.1 -6.6751e-07 1.45349e-05 -4.43431e-06 4.83907e-06 -0.000110904 0.000363524
1.12 -4.92653e-07 1.33196e-05 -3.1253e-06 4.24832e-06 -7.8165e-05 0.000333129
1.14 -3.30654e-07 1.19084e-05 -4.69261e-06 3.3304e-06 -0.000117364 0.000297834
1.16 -1.74771e-07 1.12039e-05 -1.39668e-05 2.13518e-06 -0.000349314 0.000280215
1.18 -2.10081e-08 1.05952e-05 -2.58625e-05 7.12236e-07 -0.000646832 0.000264991
1.2 1.27825e-07 8.76902e-06 -2.99166e-05 -8.91194e-07 -0.000748226 0.000219317
1.22 2.65264e-07 6.16489e-06 -2.46351e-05 -2.61393e-06 -0.000616135 0.000154186
1.24 3.87276e-07 3.79989e-06 -1.8247e-05 -4.34275e-06 -0.000456364 9.50368e-05
1.26 4.92913e-07 1.47566e-06 -1.80269e-05 -5.90318e-06 -0.000450861 3.69069e-05
1.28 5.77221e-07 -1.39033e-06 -2.25e-05 -7.14496e-06 -0.000562735 -3.47727e-05
1.3 6.2422e-07 -4.22534e-06 -2.47343e-05 -8.0407e-06 -0.000618615 -0.000105677
1.32 6.0841e-07 -5.75979e-06 -1.97044e-05 -8.6587e-06 -0.000492815 -0.000144055
1.34 5.061e-07 -5.60239e-06 -7.93561e-06 -9.05639e-06 -0.000198473 -0.000140118
1.36 3.10549e-07 -5.22864e-06 7.23427e-06 -9.23917e-06 0.000180932 -0.000130771
1.38 3.95108e-08 -4.93189e-06 1.72049e-05 -9.14579e-06 0.000430303 -0.000123349
1.4 -2.75124e-07 -1.81195e-06 1.23981e-05 -8.57937e-06 0.000310081 -4.53177e-05
1.42 -6.0752e-07 4.83851e-06 1.45232e-06 -7.27945e-06 3.63231e-05 0.000121013
1.44 -9.46063e-07 1.22174e-05 1.91719e-06 -5.21785e-06 4.79498e-05 0.000305563
1.46 -1.28452e-06 1.84558e-05 1.49217e-05 -2.70681e-06 0.000373198 0.000461586
1.48 -1.61101e-06 2.33837e-05 2.7076e-05 -1.02082e-07 0.000677183 0.000584835
1.5 -1.90857e-06 2.71445e-05 2.82864e-05 2.44998e-06 0.000707454 0.000678895
1.52 -2.16633e-06 3.05841e-05 2.05378e-05 4.88757e-06 0.00051366 0.000764921
1.54 -2.38596e-06 3.53426e-05 1.31727e-05 7.05588e-06 0.000329455 0.000883933
1.56 -2.57204e-06 4.13092e-05 1.44927e-05 8.78682e-06 0.000362469 0.00103316
1.58 -2.71309e-06 4.52541e-05 2.4802e-05 1.00235e-05 0.000620308 0.00113183
1.6 -2.77317e-06 4.42603e-05 3.41998e-05 1.07977e-05 0.000855352 0.00110697
1.62 -2.70729e-06 3.95003e-05 3.13923e-05 1.12219e-05 0.000785134 0.000987918
1.64 -2.49212e-06 3.4666e-05 1.70793e-05 1.15025e-05 0.000427159 0.000867012
1.66 -2.14777e-06 3.20251e-05 3.69135e-06 1.17379e-05 9.23222e-05 0.000800961
1.68 -1.73195e-06 3.10882e-05 9.18114e-07 1.16559e-05 2.29624e-05 0.000777528
1.7 -1.30788e-06 2.95673e-05 5.8491e-06 1.07617e-05 0.000146289 0.000739492
1.72 -9.08135e-07 2.42532e-05 8.55312e-06 8.82162e-06 0.000213917 0.000606582
1.74 -5.2249e-07 1.35142e-05 3.46034e-06 6.07335e-06 8.65445e-05 0.000337997
1.76 -1.18008e-07 7.03437e-07 -6.83765e-06 2.97454e-06 -0.000171012 1.75932e-05
1.78 3.29116e-07 -8.20569e-06 -1.58693e-05 -8.08361e-08 -0.000396897 -0.000205228
1.8 8.1675e-07 -1.15782e-05 -1.87976e-05 -2.83944e-06 -0.000470136 -0.000289577
1.82 1.32374e-06 -1.42484e-05 -1.57703e-05 -5.22583e-06 -0.000394422 -0.000356359
1.84 1.82817e-06 -2.17371e-05 -1.23023e-05 -7.34465e-06 -0.000307685 -0.000543654
1.86 2.31796e-06 -3.44668e-05 -1.4259e-05 -9.2844e-06 -0.000356624 -0.000862028
1.88 2.78475e-06 -4.78991e-05 -2.15658e-05 -1.09166e-05 -0.000539369 -0.00119798
1.9 3.20962e-06 -5.64153e-05 -2.89517e-05 -1.20274e-05 -0.000724095 -0.00141097
1.92 3.55809e-06 -5.7786e-05 -3.21316e-05 -1.26029e-05 -0.000803624 -0.00144525
1.94 3.79278e-06 -5.50935e-05 -3.12473e-05 -1.28109e-05 -0.000781507 -0.00137791
1.96 3.89459e-06 -5.40514e-05 -2.9399e-05 -1.27155e-05 -0.000735282 -0.00135185
1.98 3.87258e-06 -5.73049e-05 -2.98016e-05 -1.21636e-05 -0.000745351 -0.00143322
2 3.75034e-06 -6.12059e-05 -3.3412e-05 -1.09694e-05 -0.000835649 -0.00153078
2.02 3.5389e-06 -5.93307e-05 -3.80794e-05 -9.1119e-06 -0.000952381 -0.00148388
2.04 3.21938e-06 -4.88922e-05 -4.01491e-05 -6.77686e-06 -0.00100415 -0.00122281
2.06 2.75204e-06 -3.29598e-05 -3.77542e-05 -4.30966e-06 -0.000944248 -0.000824338
2.08 2.10701e-06 -1.72863e-05 -3.24921e-05 -2.09559e-06 -0.00081264 -0.000432338
2.1 1.29271e-06 -5.69918e-06 -2.70824e-05 -3.53768e-07 -0.000677341 -0.000142539
2.12 3.59489e-07 2.74911e-06 -2.18875e-05 9.91556e-07 -0.000547416 6.87563e-05
2.14 -6.21024e-07 1.26164e-05 -1.46862e-05 2.19176e-06 -0.000367309 0.000315542
2.16 -1.58074e-06 2.70282e-05 -3.90152e-06 3.42427e-06 -9.75787e-05 0.000675987
2.18 -2.46743e-06 4.37186e-05 9.42627e-06 4.66579e-06 0.000235755 0.00109342
2.2 -3.24349e-06 5.71964e-05 2.24413e-05 5.75764e-06 0.000561266 0.00143051
2.22 -3.87981e-06 6.41197e-05 3.22311e-05 6.5608e-06 0.000806113 0.00160366
2.24 -4.35519e-06 6.52949e-05 3.85318e-05 7.07517e-06 0.000963697 0.00163305
2.26 -4.66458e-06 6.43614e-05 4.42086e-05 7.41851e-06 0.00110568 0.0016097
2.28 -4.82665e-06 6.51041e-05 5.12939e-05 7.68079e-06 0.00128288 0.00162828
2.3 -4.87848e-06 6.82385e-05 5.8218e-05 7.832e-06 0.00145606 0.00170667
2.32 -4.85686e-06 7.06379e-05 6.2479e-05 7.792e-06 0.00156263 0.00176668
2.34 -4.7769e-06 6.86118e-05 6.34482e-05 7.54552e-06 0.00158686 0.00171601
2.36 -4.62348e-06 6.17576e-05 6.12498e-05 7.16622e-06 0.00153188 0.00154458
2.38 -4.36453e-06 5.3214e-05 5.63065e-05 6.76868e-06 0.00140825 0.0013309
2.4 -3.97724e-06 4.67015e-05 5.02129e-05 6.44676e-06 0.00125584 0.00116802
2.42 -3.46629e-06 4.32573e-05 4.39339e-05 6.21152e-06 0.0010988 0.00108188
2.44 -2.86232e-06 4.05493e-05 3.62558e-05 5.96792e-06 0.000906772 0.00101415
2.46 -2.20541e-06 3.56463e-05 2.56796e-05 5.57896e-06 0.000642256 0.000891528
2.48 -1.52585e-06 2.74982e-05 1.22574e-05 4.9707e-06 0.000306561 0.000687742
2.5 -8.36517e-07 1.69929e-05 -2.39843e-06 4.1607e-06 -5.99857e-05 0.000425
2.52 -1.42081e-07 6.61931e-06 -1.55857e-05 3.17706e-06 -0.000389804 0.000165552
2.54 5.47984e-07 -1.37216e-06 -2.49847e-05 1.98135e-06 -0.000624878 -3.43184e-05
2.56 1.21633e-06 -7.2965e-06 -3.1526e-05 4.99008e-07 -0.000788478 -0.000182489
2.58 1.84255e-06 -1.35176e-05 -3.90212e-05 -1.29646e-06 -0.000975936 -0.000338081
2.6 2.40598e-06 -2.16232e-05 -4.86646e-05 -3.35404e-06 -0.00121712 -0.000540806
2.62 2.88327e-06 -3.06689e-05 -5.69332e-05 -5.56296e-06 -0.00142392 -0.000767042
2.64 3.24391e-06 -3.81061e-05 -6.03626e-05 -7.76152e-06 -0.00150969 -0.00095305
2.66 3.44906e-06 -4.09272e-05 -5.95997e-05 -9.77009e-06 -0.00149061 -0.00102361
2.68 3.46123e-06 -3.80045e-05 -5.75452e-05 -1.1475e-05 -0.00143923 -0.000950509
2.7 3.26367e-06 -3.21209e-05 -5.54966e-05 -1.28707e-05 -0.00138799 -0.000803358
2.72 2.87474e-06 -2.76041e-05 -5.23622e-05 -1.39857e-05 -0.0013096 -0.000690389
2.74 2.34343e-06 -2.5893e-05 -4.55794e-05 -1.47769e-05 -0.00113996 -0.000647594
2.76 1.72836e-06 -2.3787e-05 -3.33752e-05 -1.51099e-05 -0.000834727 -0.000594922
2.78 1.07763e-06 -1.75149e-05 -1.78728e-05 -1.482e-05 -0.000447007 -0.000438054
2.8 4.18714e-07 -7.75656e-06 -3.61506e-06 -1.37985e-05 -9.04142e-05 -0.000193995
2.82 -2.44283e-07 1.50526e-06 8.32757e-06 -1.207e-05 0.000208276 3.76471e-05
2.84 -9.25813e-07 7.75357e-06 2.20654e-05 -9.77605e-06 0.000551864 0.00019392
2.86 -1.64315e-06 1.20443e-05 4.11098e-05 -7.02494e-06 0.00102817 0.000301234
2.88 -2.39358e-06 1.6892e-05 6.36881e-05 -3.79118e-06 0.00159287 0.000422477
2.9 -3.13662e-06 2.31111e-05 8.46677e-05 -4.71097e-08 0.00211757 0.000578019
2.92 -3.79305e-06 2.88764e-05 9.92473e-05 4.06438e-06 0.00248222 0.000722211
2.94 -4.26623e-06 3.13366e-05 0.000105596 8.32281e-06 0.002641 0.000783742
2.96 -4.47881e-06 2.94049e-05 0.000106808 1.26493e-05 0.0026713 0.000735428
2.98 -4.40568e-06 2.48644e-05 0.000108831 1.70674e-05 0.0027219 0.00062187
3 -4.08297e-06 2.05738e-05 0.000113936 2.14515e-05 0.0028496 0.000514561
3.02 -3.58649e-06 1.75806e-05 0.000117398 2.54624e-05 0.00293617 0.000439697
3.04 -2.99285e-06 1.38464e-05 0.000112319 2.87322e-05 0.00280914 0.000346305
3.06 -2.3481e-06 6.5019e-06 9.70346e-05 3.099e-05 0.00242688 0.000162615
3.08 -1.66219e-06 -4.52574e-06 7.67527e-05 3.20323e-05 0.00191962 -0.000113191
3.1 -9.24748e-07 -1.56836e-05 5.8831e-05 3.17361e-05 0.00147139 -0.000392254
3.12 -1.20912e-07 -2.37035e-05 4.68015e-05 3.01293e-05 0.00117052 -0.000592835
3.14 7.64355e-07 -3.01208e-05 3.73561e-05 2.73295e-05 0.000934291 -0.000753333
3.16 1.74283e-06 -3.92619e-05 2.28922e-05 2.34004e-05 0.000572543 -0.000981958
3.18 2.80944e-06 -5.22253e-05 -1.08575e-06 1.83912e-05 -2.7155e-05 -0.00130618
3.2 3.92784e-06 -6.55817e-05 -3.02079e-05 1.25208e-05 -0.000755513 -0.00164023
3.22 5.03197e-06 -7.59142e-05 -5.52366e-05 6.15326e-06 -0.00138149 -0.00189865
3.24 6.04368e-06 -8.3171e-05 -7.19727e-05 -4.84424e-07 -0.00180007 -0.00208014
3.26 6.8919e-06 -8.88594e-05 -8.40572e-05 -7.41568e-06 -0.00210231 -0.00222241
3.28 7.5258e-06 -9.37782e-05 -9.7098e-05 -1.46259e-05 -0.00242846 -0.00234543
3.3 7.92031e-06 -9.75304e-05 -0.000112827 -2.17595e-05 -0.00282185 -0.00243928
3.32 8.07368e-06 -9.8292e-05 -0.00012813 -2.82545e-05 -0.00320458 -0.00245832
3.34 7.99872e-06 -9.44702e-05 -0.000137987 -3.37292e-05 -0.0034511 -0.00236274
3.36 7.70956e-06 -8.71388e-05 -0.00013911 -3.80952e-05 -0.0034792 -0.00217938
3.38 7.20747e-06 -7.86189e-05 -0.000132049 -4.13139e-05 -0.00330261 -0.00196629
3.4 6.47524e-06 -6.87946e-05 -0.000120314 -4.31991e-05 -0.00300909 -0.00172058
3.42 5.48757e-06 -5.5369e-05 -0.000107054 -4.35031e-05 -0.00267746 -0.0013848
3.44 4.23202e-06 -3.73745e-05 -9.26622e-05 -4.21099e-05 -0.00231752 -0.000934752
3.46 2.72647e-06 -1.62566e-05 -7.53579e-05 -3.90963e-05 -0.00188473 -0.000406584
3.48 1.02477e-06 5.8982e-06 -5.38653e-05 -3.46329e-05 -0.00134719 0.000147516
3.5 -7.90723e-07 2.7656e-05 -2.86961e-05 -2.88509e-05 -0.000717702 0.000691688
3.52 -2.62701e-06 4.85053e-05 -1.19182e-06 -2.18157e-05 -2.98078e-05 0.00121314
3.54 -4.40108e-06 6.89102e-05 2.71348e-05 -1.36385e-05 0.000678652 0.00172347
3.56 -6.0523e-06 8.97605e-05 5.44123e-05 -4.59141e-06 0.00136088 0.00224495
3.58 -7.53884e-06 0.000110631 7.82872e-05 4.91205e-06 0.001958 0.00276694
3.6 -8.82414e-06 0.000128592 9.69327e-05 1.4427e-05 0.00242433 0.00321613
3.62 -9.8706e-06 0.000140298 0.000110904 2.35346e-05 0.00277375 0.0035089
3.64 -1.06499e-05 0.000145573 0.000123097 3.18481e-05 0.0030787 0.00364085
3.66 -1.11581e-05 0.00014813 0.000135476 3.90566e-05 0.00338832 0.0037048
3.68 -1.14165e-05 0.000151752 0.000146099 4.49596e-05 0.003654 0.00379538
3.7 -1.14516e-05 0.00015579 0.000151332 4.93702e-05 0.00378487 0.00389637
3.72 -1.12691e-05 0.000155793 0.00015002 5.1992e-05 0.00375207 0.00389644
3.74 -1.08396e-05 0.000148011 0.000143346 5.25221e-05 0.00358514 0.00370181
3.76 -1.01071e-05 0.000132518 0.000132687 5.09203e-05 0.00331857 0.00331434
3.78 -9.01851e-06 0.000112525 0.000119204 4.74638e-05 0.00298135 0.00281429
3.8 -7.55783e-06 9.14061e-05 0.00010367 4.24782e-05 0.00259284 0.00228611
3.82 -5.76471e-06 7.0464e-05 8.50057e-05 3.61237e-05 0.00212603 0.00176233
3.84 -3.7255e-06 4.81059e-05 6.09978e-05 2.8499e-05 0.00152558 0.00120315
3.86 -1.54532e-06 2.12445e-05 3.2216e-05 1.98126e-05 0.000805735 0.000531335
3.88 6.77731e-07 -1.1184e-05 2.58461e-06 1.03436e-05 6.46423e-05 -0.000279717
3.9 2.85977e-06 -4.58433e-05 -2.46089e-05 3.53929e-07 -0.000615479 -0.00114656
3.92 4.92147e-06 -7.68187e-05 -4.91746e-05 -9.83467e-06 -0.00122988 -0.00192127
3.94 6.77679e-06 -0.000100188 -7.2566e-05 -1.97712e-05 -0.00181491 -0.00250574
3.96 8.33343e-06 -0.000115919 -9.54738e-05 -2.90118e-05 -0.00238784 -0.00289917
3.98 9.50727e-06 -0.00012637 -0.000117097 -3.72637e-05 -0.00292864 -0.00316055
4 1.02388e-05 -0.000133865 -0.000135075 -4.4294e-05 -0.00337828 -0.00334801
4.02 1.04983e-05 -0.000137936 -0.000145991 -4.97817e-05 -0.00365129 -0.00344984
4.04 1.02815e-05 -0.000135159 -0.000147806 -5.33796e-05 -0.00369668 -0.00338037
4.06 9.60612e-06 -0.000123183 -0.000141472 -5.48905e-05 -0.00353827 -0.00308086
4.08 8.51405e-06 -0.000104446 -0.000128981 -5.43234e-05 -0.00322586 -0.00261225
4.1 7.07142e-06 -8.39225e-05 -0.000110567 -5.18214e-05 -0.00276532 -0.00209894
4.12 5.36675e-06 -6.41376e-05 -8.52966e-05 -4.75506e-05 -0.0021333 -0.00160411
4.14 3.5081e-06 -4.4922e-05 -5.38078e-05 -4.15798e-05 -0.00134576 -0.00112352
4.16 1.61381e-06 -2.62897e-05 -1.85089e-05 -3.38715e-05 -0.000462915 -0.000657515
4.18 -2.09164e-07 -9.19537e-06 1.82801e-05 -2.44721e-05 0.000457192 -0.00022998
4.2 -1.89178e-06 6.41947e-06 5.48519e-05 -1.36813e-05 0.00137187 0.000160554
4.22 -3.41465e-06 2.17461e-05 8.91658e-05 -1.94847e-06 0.00223007 0.00054388
4.24 -4.79625e-06 3.6721e-05 0.000119458 1.03045e-05 0.0029877 0.000918408
4.26 -6.06762e-06 5.03944e-05 0.000146118 2.26053e-05 0.00365448 0.00126038
4.28 -7.24517e-06 6.28321e-05 0.000169911 3.42979e-05 0.00424954 0.00157146
4.3 -8.31104e-06 7.42644e-05 0.000189129 4.47359e-05 0.00473021 0.00185738
4.32 -9.21125e-06 8.40985e-05 0.000201095 5.35775e-05 0.00502946 0.00210334
4.34 -9.87221e-06 9.27012e-05 0.000204945 6.0713e-05 0.00512575 0.0023185
4.36 -1.02201e-05 0.000101299 0.000201301 6.5983e-05 0.00503462 0.00253352
4.38 -1.01886e-05 0.000108469 0.000190946 6.91574e-05 0.00477563 0.00271286
4.4 -9.71631e-06 0.000109883 0.000174734 7.00833e-05 0.00437018 0.00274821
4.42 -8.74295e-06 0.000101479 0.000153315 6.86471e-05 0.00383448 0.00253804
4.44 -7.21699e-06 8.13196e-05 0.000127749 6.46763e-05 0.00319506 0.00203384
4.46 -5.11694e-06 5.04424e-05 9.99477e-05 5.80761e-05 0.00249973 0.00126159
4.48 -2.47407e-06 1.23175e-05 7.04566e-05 4.90219e-05 0.00176215 0.000308066
4.5 6.18393e-07 -2.96534e-05 3.76803e-05 3.78882e-05 0.0009424 -0.000741643
4.52 4.01638e-06 -7.39951e-05 9.82962e-07 2.50618e-05 2.45843e-05 -0.00185065
4.54 7.55535e-06 -0.000121174 -3.77966e-05 1.0964e-05 -0.000945308 -0.00303062
4.56 1.10852e-05 -0.000171914 -7.65746e-05 -3.79843e-06 -0.00191516 -0.00429963
4.58 1.44876e-05 -0.000224043 -0.000115213 -1.8466e-05 -0.00288151 -0.00560341
4.6 1.76668e-05 -0.000271411 -0.000155863 -3.23244e-05 -0.00389819 -0.0067881
4.62 2.05276e-05 -0.000308046 -0.000200799 -4.48161e-05 -0.00502206 -0.00770435
4.64 2.29531e-05 -0.000332518 -0.000248103 -5.55548e-05 -0.00620516 -0.0083164
4.66 2.4798e-05 -0.000346379 -0.000290393 -6.43786e-05 -0.00726284 -0.00866309
4.68 2.59045e-05 -0.000350238 -0.000320808 -7.13311e-05 -0.00802355 -0.0087596
4.7 2.61366e-05 -0.000343135 -0.000339381 -7.64425e-05 -0.00848807 -0.00858195
4.72 2.5409e-05 -0.000323257 -0.000351128 -7.95558e-05 -0.00878185 -0.0080848
4.74 2.36983e-05 -0.00028812 -0.000359062 -8.04537e-05 -0.0089803 -0.00720601
4.76 2.1043e-05 -0.000236665 -0.000360671 -7.90722e-05 -0.00902052 -0.00591909
4.78 1.75448e-05 -0.000172024 -0.00035077 -7.54986e-05 -0.00877291 -0.0043024
4.8 1.33697e-05 -0.00010027 -0.000327247 -6.98769e-05 -0.00818459 -0.00250779
4.82 8.73757e-06 -2.62551e-05 -0.000294125 -6.24271e-05 -0.00735618 -0.000656651
4.84 3.89193e-06 4.74716e-05 -0.000258229 -5.34521e-05 -0.00645843 0.00118728
4.86 -9.48711e-07 0.00011915 -0.000222433 -4.32334e-05 -0.00556313 0.00297998
4.88 -5.64396e-06 0.00018826 -0.000183355 -3.20229e-05 -0.00458578 0.00470846
4.9 -1.01601e-05 0.000256456 -0.00013642 -2.01999e-05 -0.00341193 0.00641406
4.92 -1.45502e-05 0.000325342 -8.23002e-05 -8.29583e-06 -0.00205836 0.00813693
4.94 -1.88892e-05 0.00039344 -2.71294e-05 3.21498e-06 -0.000678519 0.0098401
4.96 -2.31951e-05 0.000456843 2.31151e-05 1.40452e-05 0.000578118 0.0114258
4.98 -2.73769e-05 0.000512232 6.69118e-05 2.3997e-05 0.00167349 0.0128111
5 -3.12331e-05 0.000558253 0.000106514 3.28902e-05 0.00266396 0.0139621
5.02 -3.45029e-05 0.000594927 0.000144759 4.06192e-05 0.00362049 0.0148794
5.04 -3.69391e-05 0.000622315 0.000181967 4.71227e-05 0.00455106 0.0155644
5.06 -3.83657e-05 0.000638801 0.000215358 5.22403e-05 0.0053862 0.0159767
5.08 -3.86923e-05 0.000639698 0.00024228 5.57072e-05 0.00605953 0.0159991
5.1 -3.7888e-05 0.000618492 0.000264016 5.73249e-05 0.00660314 0.0154687
5.12 -3.59394e-05 0.000571055 0.000284751 5.70719e-05 0.00712173 0.0142823
5.14 -3.28155e-05 0.000498078 0.000305943 5.50996e-05 0.00765175 0.0124571
5.16 -2.84547e-05 0.000403006 0.000323589 5.17438e-05 0.0080931 0.0100793
5.18 -2.2779e-05 0.000287652 0.000331654 4.75141e-05 0.00829481 0.00719429
5.2 -1.57276e-05 0.00015022 0.000327074 4.29206e-05 0.00818026 0.00375706
5.22 -7.31326e-06 -1.17519e-05 0.000310729 3.82672e-05 0.00777147 -0.000293919
5.24 2.3047e-06 -0.000195101 0.000285081 3.36627e-05 0.00712999 -0.00487955
5.26 1.27577e-05 -0.000386856 0.000252122 2.91887e-05 0.00630566 -0.00967544
5.28 2.34628e-05 -0.000568803 0.000211481 2.4931e-05 0.00528923 -0.014226
5.3 3.36915e-05 -0.000726458 0.000159141 2.07828e-05 0.00398018 -0.018169
5.32 4.26574e-05 -0.000852586 9.00699e-05 1.62025e-05 0.00225269 -0.0213236
5.34 4.95831e-05 -0.00094243 4.34345e-06 1.03095e-05 0.000108631 -0.0235707
5.36 5.40481e-05 -0.000988126 -9.10572e-05 2.87523e-06 -0.00227738 -0.0247136
5.38 5.66309e-05 -0.000985268 -0.000187777 -4.52771e-06 -0.00469638 -0.0246422
5.4 5.7931e-05 -0.000946862 -0.000281495 -9.64067e-06 -0.00704032 -0.0236816
5.42 5.76251e-05 -0.000894642 -0.00037094 -1.23857e-05 -0.00927737 -0.0223756
5.44 5.60572e-05 -0.000834661 -0.000452169 -1.586e-05 -0.0113089 -0.0208754
5.46 5.36678e-05 -0.000770867 -0.000516573 -2.36691e-05 -0.0129197 -0.0192799
5.48 5.03417e-05 -0.000691856 -0.000555231 -3.5959e-05 -0.0138866 -0.0173038
5.5 4.59243e-05 -0.000584812 -0.000562827 -4.96375e-05 -0.0140765 -0.0146266
5.52 4.00552e-05 -0.000457156 -0.000538586 -6.26228e-05 -0.0134703 -0.0114339
5.54 3.25036e-05 -0.000316266 -0.000485484 -7.54949e-05 -0.0121422 -0.00791015
5.56 2.32356e-05 -0.000169439 -0.000407665 -8.89263e-05 -0.0101959 -0.00423794
5.58 1.25849e-05 -2.06655e-05 -0.000307706 -0.000101344 -0.00769586 -0.000517059
5.6 1.24251e-06 0.000125546 -0.000190143 -0.000109729 -0.00475556 0.00313976
5.62 -9.8485e-06 0.000263859 -6.68735e-05 -0.000111936 -0.00167253 0.00659901
5.64 -1.97526e-05 0.000387254 4.8197e-05 -0.000107554 0.00120543 0.00968518
5.66 -2.78083e-05 0.000490244 0.000147547 -9.69178e-05 0.00369022 0.012261
5.68 -3.37828e-05 0.000571902 0.000230197 -8.01947e-05 0.00575733 0.0143033
5.7 -3.78456e-05 0.000634022 0.00029714 -5.77839e-05 0.00743159 0.015857
5.72 -4.04158e-05 0.000677447 0.000347344 -3.11268e-05 0.00868721 0.0169431
5.74 -4.19497e-05 0.000702778 0.000376039 -2.5181e-06 0.00940488 0.0175766
5.76 -4.27671e-05 0.00071495 0.000376282 2.60554e-05 0.00941097 0.017881
5.78 -4.29705e-05 0.000723352 0.000343856 5.37981e-05 0.00859998 0.0180912
5.8 -4.24583e-05 0.000734099 0.000280077 8.10952e-05 0.00700485 0.01836
5.82 -4.10194e-05 0.000743079 0.000190995 0.000107934 0.00477687 0.0185846
5.84 -3.84105e-05 0.000739288 8.52463e-05 0.000131838 0.00213205 0.0184898
5.86 -3.44979e-05 0.000716807 -3.09834e-05 0.000149012 -0.000774908 0.0179275
5.88 -2.93892e-05 0.00067824 -0.000155872 0.00015731 -0.00389842 0.0169629
5.9 -2.33692e-05 0.000628695 -0.000285854 0.000156548 -0.00714933 0.0157238
5.92 -1.68314e-05 0.000571277 -0.000410614 0.000146694 -0.0102696 0.0142877
5.94 -1.01622e-05 0.000504773 -0.000517759 0.000127065 -0.0129494 0.0126245
5.96 -3.581e-06 0.000421994 -0.000599027 9.72143e-05 -0.0149819 0.0105541
5.98 2.93497e-06 0.000311416 -0.000647718 5.79744e-05 -0.0161997 0.00778852
6 9.61804e-06 0.000164574 -0.000657807 1.15925e-05 -0.016452 0.00411592
6.02 1.67256e-05 -1.58622e-05 -0.000630531 -3.88105e-05 -0.0157698 -0.000396857
6.04 2.42676e-05 -0.000212476 -0.000574701 -8.98872e-05 -0.0143735 -0.00531426
6.06 3.17843e-05 -0.000396837 -0.000494086 -0.000138513 -0.0123573 -0.00992519
6.08 3.83585e-05 -0.000543812 -0.000386235 -0.000181928 -0.00965989 -0.0136011
6.1 4.2918e-05 -0.000648012 -0.000258098 -0.000217682 -0.00645513 -0.0162072
6.12 4.46735e-05 -0.000723171 -0.000126249 -0.000243637 -0.00315755 -0.018087
6.14 4.3432e-05 -0.000784188 2.71583e-06 -0.000258005 6.79237e-05 -0.019613
6.16 3.96143e-05 -0.000829372 0.000142047 -0.000259344 0.00355267 -0.0207431
6.18 3.40185e-05 -0.000842305 0.000307565 -0.000247061 0.00769232 -0.0210666
6.2 2.73768e-05 -0.000813749 0.00050132 -0.000222209 0.0125382 -0.0203524
6.22 2.00983e-05 -0.000749045 0.000704975 -0.00018517 0.0176317 -0.0187341
6.24 1.24019e-05 -0.000659901 0.000860747 -0.000134335 0.0215277 -0.0165046
6.26 4.28192e-06 -0.000554848 0.000902383 -7.17771e-05 0.0225691 -0.0138772
6.28 -4.35957e-06 -0.000431138 0.000832575 -3.0097e-06 0.0208231 -0.0107831
6.3 -1.35189e-05 -0.000275294 0.000716135 7.08864e-05 0.0179109 -0.00688542
6.32 -2.36426e-05 -7.45423e-05 0.000643911 0.000151519 0.0161046 -0.00186453
6.34 -3.49703e-05 0.000165223 0.000605573 0.000235849 0.0151457 0.00413209
6.36 -4.71411e-05 0.000419471 0.000530535 0.000318041 0.013269 0.0104909
6.38 -5.91676e-05 0.000661589 0.000413164 0.000395341 0.0103335 0.0165464
6.4 -6.96118e-05 0.000871242 0.000288048 0.000465021 0.00720428 0.0217901
6.42 -7.70354e-05 0.00102826 0.000207781 0.00052125 0.00519677 0.0257178
6.44 -8.02746e-05 0.00110839 0.000193424 0.000564619 0.0048377 0.0277229
6.46 -7.99226e-05 0.00110661 0.000174311 0.000603612 0.00435968 0.0276784
6.48 -7.71706e-05 0.00105762 4.13607e-05 0.000641208 0.00103453 0.0264532
6.5 -7.20559e-05 0.000990104 -0.000205443 0.000672214 -0.00513813 0.0247646
6.52 -6.45893e-05 0.000919767 -0.000467637 0.000689448 -0.0116957 0.0230054
6.54 -5.49493e-05 0.000864914 -0.000663315 0.000686596 -0.0165897 0.0216335
6.56 -4.40539e-05 0.000802116 -0.000797184 0.000659458 -0.0199379 0.0200629
6.58 -3.28278e-05 0.000706344 -0.000916962 0.000604281 -0.0229339 0.0176676
6.6 -2.14899e-05 0.000556539 -0.00103761 0.000520268 -0.0259522 0.0139209
6.62 -1.02324e-05 0.000359628 -0.0011165 0.000416213 -0.0279266 0.00899613
6.64 9.6946e-07 0.000155306 -0.00109037 0.00030542 -0.027273 0.00388593
6.66 1.20235e-05 -4.08346e-05 -0.000935695 0.000195806 -0.0234045 -0.00101961
6.68 2.26858e-05 -0.000225413 -0.000702088 8.9675e-05 -0.017562 -0.005636
6.7 3.25045e-05 -0.000399783 -0.000482412 -1.20161e-05 -0.0120678 -0.00999706
6.72 4.108e-05 -0.000557899 -0.000347814 -0.000107972 -0.00870141 -0.0139516
6.74 4.82857e-05 -0.000686492 -0.00030953 -0.000197134 -0.0077439 -0.0171678
6.76 5.43451e-05 -0.000769666 -0.000332816 -0.000279273 -0.00832629 -0.0192481
6.78 5.964e-05 -0.000803393 -0.00037793 -0.000355616 -0.00945462 -0.0200917
6.8 6.43886e-05 -0.000804238 -0.000421325 -0.000430116 -0.0105399 -0.0201129
6.82 6.84743e-05 -0.000800355 -0.000441069 -0.000506942 -0.0110338 -0.0200158
6.84 7.14459e-05 -0.000809531 -0.000416966 -0.0005818 -0.0104309 -0.0202453
6.86 7.28939e-05 -0.0008306 -0.000338688 -0.000642707 -0.00847316 -0.0207722
6.88 7.25352e-05 -0.000854559 -0.00021376 -0.000682568 -0.00534865 -0.0213714
6.9 7.02796e-05 -0.000873774 -6.35622e-05 -0.000700843 -0.00159215 -0.021852
6.92 6.64162e-05 -0.000882179 9.89794e-05 -0.000694699 0.00247309 -0.0220622
6.94 6.1401e-05 -0.000877233 0.000268116 -0.000659011 0.00670326 -0.0219385
6.96 5.51279e-05 -0.000852677 0.000434178 -0.000593843 0.0108566 -0.0213244
6.98 4.72853e-05 -0.0007941 0.00057753 -0.000506267 0.0144418 -0.0198593
7 3.82642e-05 -0.000691831 0.000678205 -0.00040649 0.0169598 -0.0173015
7.02 2.82078e-05 -0.000538461 0.000727653 -0.000304095 0.0181965 -0.0134657
7.04 1.70743e-05 -0.000339677 0.000732251 -0.0002057 0.0183115 -0.00849403
7.06 5.06595e-06 -0.00012163 0.000709766 -0.000114598 0.0177491 -0.00304057
7.08 -7.48677e-06 8.91001e-05 0.000680423 -3.15327e-05 0.0170152 0.00222987
7.1 -1.99689e-05 0.000279967 0.000655052 4.53711e-05 0.0163807 0.00700354
7.12 -3.16273e-05 0.000453248 0.000630873 0.000120559 0.015776 0.0113374
7.14 -4.16776e-05 0.000610997 0.000600386 0.000198584 0.0150135 0.0152827
7.16 -4.95265e-05 0.000744332 0.00056457 0.000280098 0.0141177 0.0186175
7.18 -5.48943e-05 0.000836605 0.000534556 0.000360052 0.013367 0.0209254
7.2 -5.78414e-05 0.000877683 0.00051101 0.000431531 0.0127781 0.0219529
7.22 -5.86311e-05 0.000873719 0.000476424 0.000489554 0.0119131 0.0218537
7.24 -5.75051e-05 0.000841759 0.000407303 0.000528241 0.0101844 0.0210544
7.26 -5.46827e-05 0.000799453 0.000298111 0.000540709 0.00745345 0.0199963
7.28 -5.0535e-05 0.000759678 0.000165605 0.000524579 0.00413941 0.0190015
7.3 -4.55853e-05 0.000729287 2.41376e-05 0.000483049 0.000601263 0.0182414
7.32 -4.01452e-05 0.000707802 -0.000120604 0.000421282 -0.00301879 0.0177041
7.34 -3.45057e-05 0.000677096 -0.000262547 0.000342713 -0.00656883 0.0169361
7.36 -2.88616e-05 0.000624194 -0.00039266 0.000250773 -0.00982301 0.015613
7.38 -2.30753e-05 0.000551284 -0.000505025 0.000153932 -0.0126333 0.0137895
7.4 -1.69563e-05 0.000465886 -0.000593625 6.25759e-05 -0.0148492 0.0116536
7.42 -1.03307e-05 0.000373131 -0.000647593 -1.84314e-05 -0.016199 0.00933379
7.44 -3.16033e-06 0.000266954 -0.000657398 -9.0875e-05 -0.0164442 0.00667825
7.46 4.4315e-06 0.000143178 -0.000624131 -0.000159104 -0.0156122 0.00358257
7.48 1.21827e-05 4.62739e-06 -0.000560336 -0.00022598 -0.0140167 0.000117363
7.5 1.97728e-05 -0.000140606 -0.000485103 -0.000290873 -0.0121351 -0.00351498
7.52 2.69158e-05 -0.000284088 -0.00042025 -0.000349947 -0.0105131 -0.00710353
7.54 3.34127e-05 -0.000419187 -0.00037935 -0.000399418 -0.00949014 -0.0104824
7.56 3.90498e-05 -0.000540967 -0.000350499 -0.000437805 -0.00876857 -0.0135282
7.58 4.35025e-05 -0.000642403 -0.000296078 -0.000461813 -0.00740746 -0.0160651
7.6 4.63941e-05 -0.000715257 -0.000198059 -0.000464682 -0.00495598 -0.0178873
7.62 4.74323e-05 -0.000757605 -7.93655e-05 -0.000442684 -0.0019874 -0.0189464
7.64 4.65133e-05 -0.000776343 3.25072e-05 -0.000397998 0.000810586 -0.0194151
7.66 4.37559e-05 -0.000781208 0.000131723 -0.0003354 0.003292 -0.0195368
7.68 3.94513e-05 -0.000775872 0.000229425 -0.000258775 0.00573559 -0.0194033
7.7 3.35725e-05 -0.00073716 0.000333621 -0.000169283 0.00834156 -0.0184351
7.72 2.63476e-05 -0.00064653 0.000439021 -6.93354e-05 0.0109777 -0.0161684
7.74 1.81018e-05 -0.000508677 0.000529116 3.17841e-05 0.013231 -0.0127206
7.76 8.94268e-06 -0.000339458 0.000583816 0.000122152 0.0145991 -0.00848842
7.78 -8.2316e-07 -0.000159442 0.000592011 0.00019563 0.014804 -0.00398613
7.8 -1.08242e-05 2.10571e-05 0.000561689 0.00025309 0.0140456 0.000528217
7.82 -2.05031e-05 0.00019438 0.000513812 0.000298418 0.0128482 0.00486309
7.84 -2.92734e-05 0.000352091 0.000466721 0.000334948 0.0116704 0.00880751
7.86 -3.66337e-05 0.000484907 0.000430298 0.000363685 0.0107595 0.0121293
7.88 -4.23252e-05 0.000587982 0.00041145 0.000383289 0.0102881 0.0147073
7.9 -4.63405e-05 0.000661758 0.000406926 0.000392537 0.010175 0.0165524
7.92 -4.8786e-05 0.000709157 0.000390206 0.000391915 0.00975679 0.0177379
7.94 -4.97517e-05 0.000732708 0.000329382 0.000381096 0.00823556 0.0183269
7.96 -4.92955e-05 0.000736625 0.000226032 0.000357249 0.00565073 0.0184249
7.98 -4.74834e-05 0.000729328 0.000108641 0.000317963 0.00271472 0.0182424
8 -4.4459e-05 0.000720939 -3.88876e-06 0.00026448 -9.96926e-05 0.0180326
8.02 -4.04809e-05 0.000716682 -0.000111403 0.000200413 -0.00278868 0.0179261
8.04 -3.56951e-05 0.000702776 -0.000220137 0.000127468 -0.00550815 0.0175783
8.06 -3.01751e-05 0.000657503 -0.000328899 4.63084e-05 -0.00822834 0.016446
8.08 -2.40882e-05 0.000574832 -0.000426369 -3.7273e-05 -0.0106661 0.0143784
8.1 -1.74417e-05 0.000462879 -0.000494643 -0.000112467 -0.0123737 0.0115784
8.12 -1.01909e-05 0.000334693 -0.000519748 -0.000171257 -0.0130015 0.0083724
8.14 -2.3624e-06 0.000197446 -0.000505659 -0.000212825 -0.0126492 0.00493981
8.16 5.97837e-06 5.09263e-05 -0.000475829 -0.000240397 -0.0119031 0.00127528
8.18 1.46777e-05 -0.000105175 -0.000455313 -0.000256973 -0.01139 -0.00262888
8.2 2.35101e-05 -0.000265743 -0.00045249 -0.000264276 -0.0113194 -0.00664476
8.22 3.21627e-05 -0.00041939 -0.00046047 -0.000263315 -0.011519 -0.0104875
8.24 4.02292e-05 -0.000553625 -0.000467476 -0.000255358 -0.0116942 -0.0138448
8.26 4.71974e-05 -0.000661032 -0.00045723 -0.000242748 -0.0114379 -0.0165311
8.28 5.25236e-05 -0.000740531 -0.000416655 -0.000227967 -0.0104231 -0.0185194
8.3 5.57742e-05 -0.00079334 -0.000351306 -0.000211242 -0.00878874 -0.0198402
8.32 5.67674e-05 -0.00081943 -0.000275406 -0.000189823 -0.00689045 -0.0204927
8.34 5.56325e-05 -0.000818711 -0.000193341 -0.000160416 -0.00483796 -0.0204748
8.36 5.27444e-05 -0.00079443 -0.000101019 -0.000122075 -0.00252895 -0.0198675
8.38 4.8584e-05 -0.000755116 3.48182e-06 -7.66343e-05 8.46485e-05 -0.0188842
8.4 4.33281e-05 -0.000711201 0.000114678 -2.70059e-05 0.0028657 -0.0177859
8.42 3.73948e-05 -0.000656933 0.00022007 2.52082e-05 0.0055016 -0.0164286
8.44 3.12391e-05 -0.000584998 0.000305205 7.82154e-05 0.00763088 -0.0146295
8.46 2.48322e-05 -0.000486826 0.00036515 0.000124148 0.00913013 -0.0121742
8.48 1.805e-05 -0.000361214 0.000407648 0.000152077 0.010193 -0.00903257
8.5 1.07128e-05 -0.000223366 0.000441694 0.000159243 0.0110445 -0.00558493
8.52 2.77172e-06 -8.22006e-05 0.00046872 0.000152476 0.0117204 -0.00205432
8.54 -5.65386e-06 5.95166e-05 0.000484994 0.000140687 0.0121275 0.00149008
8.56 -1.42465e-05 0.000202598 0.000488439 0.000130226 0.0122136 0.00506862
8.58 -2.25361e-05 0.000343703 0.00048199 0.000124016 0.0120523 0.00859771
8.6 -2.99676e-05 0.000474903 0.000468407 0.000121551 0.0117126 0.0118791
8.62 -3.60119e-05 0.0005862 0.000440853 0.000120382 0.0110235 0.0146627
8.64 -4.02713e-05 0.00067028 0.000386127 0.000118419 0.00965476 0.0167655
8.66 -4.25499e-05 0.000724724 0.000303112 0.000113931 0.00757851 0.0181272
8.68 -4.28917e-05 0.000751319 0.000204615 0.000104274 0.00511507 0.0187924
8.7 -4.15614e-05 0.000754357 0.000102307 8.68429e-05 0.00255631 0.0188684
8.72 -3.89748e-05 0.000740347 5.76294e-07 6.16582e-05 1.19802e-05 0.018518
8.74 -3.56058e-05 0.000717714 -0.00010077 3.17639e-05 -0.00252274 0.0179519
8.76 -3.18847e-05 0.000695359 -0.000202268 8.00476e-07 -0.00506123 0.0173928
8.78 -2.79422e-05 0.000673646 -0.000300689 -2.96222e-05 -0.00752278 0.0168497
8.8 -2.38723e-05 0.000639834 -0.000386694 -5.9394e-05 -0.00967382 0.0160041
8.82 -1.95983e-05 0.000582491 -0.000452281 -8.4738e-05 -0.0113142 0.0145699
8.84 -1.47822e-05 0.000498337 -0.000498536 -9.87717e-05 -0.012471 0.0124652
8.86 -9.17072e-06 0.000393116 -0.00053038 -0.000100633 -0.0132674 0.00983358
8.88 -2.61543e-06 0.00027376 -0.000550102 -9.67826e-05 -0.0137607 0.00684843
8.9 4.79488e-06 0.000141269 -0.000558343 -9.37795e-05 -0.0139668 0.00353478
8.92 1.27564e-05 -2.09891e-06 -0.000555728 -9.48945e-05 -0.0139014 -5.09172e-05
8.94 2.07581e-05 -0.000150467 -0.000540289 -0.000100997 -0.0135153 -0.00376167
8.96 2.81737e-05 -0.000295781 -0.000503154 -0.000111253 -0.0125865 -0.00739602
8.98 3.43858e-05 -0.00042985 -0.000435258 -0.000123383 -0.0108884 -0.0107492
9 3.89205e-05 -0.000543971 -0.00034341 -0.000134383 -0.00859127 -0.0136034
9.02 4.15424e-05 -0.0006298 -0.000246299 -0.000140923 -0.00616248 -0.01575
9.04 4.22687e-05 -0.000682298 -0.000154978 -0.000139276 -0.00387849 -0.017063
9.06 4.13047e-05 -0.000702702 -6.63579e-05 -0.000126433 -0.00166207 -0.0175733
9.08 3.89599e-05 -0.000699322 2.90105e-05 -0.000102633 0.000723132 -0.0174888
9.1 3.55866e-05 -0.000684479 0.000136532 -7.21271e-05 0.0034123 -0.0171175
9.12 3.14873e-05 -0.000667591 0.000250318 -4.0137e-05 0.00625813 -0.0166952
9.14 2.68644e-05 -0.00064208 0.00035152 -8.50667e-06 0.00878923 -0.0160571
9.16 2.19212e-05 -0.000591457 0.000421268 2.32625e-05 0.0105337 -0.014791
9.18 1.66924e-05 -0.000508748 0.000460121 5.2132e-05 0.0115054 -0.0127224
9.2 1.1097e-05 -0.000402573 0.00048604 7.29386e-05 0.0121536 -0.010067
9.22 5.15552e-06 -0.000292506 0.000510821 8.57652e-05 0.0127734 -0.00731414
9.24 -1.01209e-06 -0.000192011 0.000528628 9.61773e-05 0.0132188 -0.0048007
9.26 -7.19887e-06 -9.79667e-05 0.000528747 0.00010965 0.0132217 -0.00244862
9.28 -1.32241e-05 3.79147e-06 0.000511646 0.000128437 0.012794 9.63934e-05
9.3 -1.89623e-05 0.000122509 0.00048892 0.000151614 0.0122257 0.00306557
9.32 -2.43065e-05 0.000248947 0.000466927 0.000176231 0.0116756 0.00622784
9.34 -2.90915e-05 0.000361239 0.000435313 0.000198558 0.0108849 0.0090363
9.36 -3.30455e-05 0.000444862 0.000376992 0.000214695 0.0094263 0.0111278
9.38 -3.58422e-05 0.000504426 0.000291381 0.000221378 0.00728514 0.0126175
9.4 -3.72187e-05 0.000554931 0.000193772 0.00021696 0.00484389 0.0138806
9.42 -3.70831e-05 0.000604135 9.67643e-05 0.00020152 0.00241768 0.0151112
9.44 -3.55772e-05 0.000644769 3.24011e-06 0.000176545 7.86034e-05 0.0161275
9.46 -3.3029e-05 0.000663331 -9.13192e-05 0.000144609 -0.00228636 0.0165918
9.48 -2.98112e-05 0.000654945 -0.000189756 0.00010879 -0.00474831 0.016382
9.5 -2.60613e-05 0.000624568 -0.00028599 7.15506e-05 -0.00715516 0.0156223
9.52 -2.18417e-05 0.000578355 -0.000366811 3.42737e-05 -0.00917652 0.0144665
9.54 -1.72119e-05 0.000517315 -0.000423049 -1.27876e-06 -0.0105831 0.0129398
9.56 -1.20226e-05 0.000435381 -0.000457124 -3.26923e-05 -0.0114353 0.0108906
9.58 -6.12416e-06 0.000329905 -0.000478362 -5.91076e-05 -0.0119665 0.00825264
9.6 5.16001e-07 0.000206281 -0.000493715 -8.18435e-05 -0.0123504 0.00516074
9.62 7.78182e-06 7.19326e-05 -0.000503857 -0.000102805 -0.0126041 0.00180064
9.64 1.53708e-05 -6.65787e-05 -0.00050583 -0.000123354 -0.0126535 -0.00166359
9.66 2.28099e-05 -0.000202631 -0.000497873 -0.000143981 -0.0124544 -0.00506632
9.68 2.94991e-05 -0.000327477 -0.000479594 -0.00016401 -0.0119973 -0.00818877
9.7 3.48273e-05 -0.000431968 -0.00044767 -0.000181309 -0.0111988 -0.0108021
9.72 3.8311e-05 -0.00050977 -0.000398819 -0.000192488 -0.00997706 -0.012748
9.74 3.97134e-05 -0.000559902 -0.000337222 -0.000194054 -0.00843649 -0.0140018
9.76 3.9082e-05 -0.000585828 -0.000268707 -0.000183765 -0.00672292 -0.0146502
9.78 3.66872e-05 -0.000591574 -0.000192231 -0.000161285 -0.0048102 -0.0147939
9.8 3.28672e-05 -0.000578135 -0.000103259 -0.00012824 -0.00258499 -0.0144578
9.82 2.78963e-05 -0.000539849 -2.40193e-06 -8.73088e-05 -6.25065e-05 -0.0135003
9.84 2.20781e-05 -0.000471811 0.000100463 -4.14439e-05 0.0025102 -0.0117986
9.86 1.5642e-05 -0.000379803 0.000192012 5.35323e-06 0.00479986 -0.00949745
9.88 8.74486e-06 -0.000275461 0.00026423 4.84944e-05 0.00660606 -0.00688783
9.9 1.58642e-06 -0.000167788 0.000317821 8.51544e-05 0.0079464 -0.00419487
9.92 -5.6298e-06 -5.78726e-05 0.000358649 0.000115291 0.00896752 -0.00144585
9.94 -1.26777e-05 5.6943e-05 0.000390757 0.000140705 0.00977056 0.00142574
9.96 -1.93404e-05 0.000174817 0.000412012 0.000163566 0.0103022 0.00437381
9.98 -2.54152e-05 0.000287499 0.000416946 0.00018509 0.0104256 0.00719204
10 -3.07341e-05 0.000384472 0.000405159 0.000204793 0.0101308 0.00961736
10.02 -3.51761e-05 0.000460325 0.000386297 0.000220977 0.00965901 0.0115145
10.04 -3.86681e-05 0.000518374 0.000373106 0.000232214 0.0093291 0.0129663
10.06 -4.11605e-05 0.000566257 0.00036522 0.000237758 0.00913187 0.0141639
10.08 -4.25872e-05 0.000607259 0.000344511 0.000236417 0.00861393 0.0151894
10.1 -4.28592e-05 0.000637121 0.000296176 0.000226693 0.00740506 0.0159362
10.12 -4.1882e-05 0.000649124 0.000223386 0.000208237 0.00558455 0.0162364
10.14 -3.95191e-05 0.000637898 0.000139255 0.000181867 0.0034804 0.0159557
10.16 -3.5623e-05 0.000600643 5.56598e-05 0.00014864 0.00138964 0.0150239
10.18 -3.02794e-05 0.000540816 -2.32312e-05 0.000110476 -0.000583456 0.0135276
10.2 -2.37238e-05 0.000462859 -0.000100764 7.0656e-05 -0.00252258 0.0115779
10.22 -1.6264e-05 0.000367487 -0.000181624 3.21876e-05 -0.00454492 0.00919259
10.24 -8.29996e-06 0.000255233 -0.000263988 -3.31932e-06 -0.00660488 0.00638505
10.26 -2.01881e-07 0.000130463 -0.000337963 -3.50825e-05 -0.00845502 0.00326449
10.28 7.70259e-06 1.97329e-06 -0.000392999 -6.2596e-05 -0.00983149 5.09246e-05
10.3 1.51634e-05 -0.000121478 -0.000427335 -8.56093e-05 -0.0106903 -0.00303664
10.32 2.19923e-05 -0.000233579 -0.000449179 -0.000104106 -0.0112366 -0.00584035
10.34 2.80495e-05 -0.000331033 -0.00046883 -0.000118337 -0.0117281 -0.00827769
10.36 3.32165e-05 -0.000413114 -0.000489789 -0.000128988 -0.0122522 -0.0103306
10.38 3.73787e-05 -0.000480389 -0.000506958 -0.000136926 -0.0126817 -0.0120132
10.4 4.04067e-05 -0.000533275 -0.000509275 -0.000142527 -0.0127396 -0.0133358
10.42 4.21464e-05 -0.000571429 -0.000482023 -0.000145078 -0.012058 -0.0142901
10.44 4.24524e-05 -0.000594457 -0.000422058 -0.000143129 -0.0105583 -0.0148661
10.46 4.12344e-05 -0.000602913 -0.000341985 -0.000135679 -0.00855562 -0.0150775
10.48 3.84479e-05 -0.000595578 -0.000253289 -0.000122056 -0.0063373 -0.0148941
10.5 3.40909e-05 -0.000566573 -0.000157985 -0.000101144 -0.00395369 -0.0141687
10.52 2.83448e-05 -0.000511458 -5.48389e-05 -7.25707e-05 -0.00137398 -0.0127902
10.54 2.14945e-05 -0.000431669 5.16208e-05 -3.83184e-05 0.00128862 -0.0107946
10.56 1.38764e-05 -0.000334194 0.000152459 -1.82653e-06 0.00381064 -0.00835677
10.58 5.90357e-06 -0.000228122 0.000240204 3.39372e-05 0.00600516 -0.00570385
10.6 -2.03685e-06 -0.000119439 0.000311673 6.71985e-05 0.00779264 -0.00298564
10.62 -9.61905e-06 -1.01564e-05 0.000367463 9.72084e-05 0.00918796 -0.000252444
10.64 -1.66308e-05 9.99203e-05 0.000410492 0.000123787 0.0102642 0.00250062
10.66 -2.29643e-05 0.00020918 0.000442827 0.000146838 0.0110729 0.00523324
10.68 -2.85786e-05 0.00031215 0.000462579 0.000166371 0.0115669 0.00780858
10.7 -3.34339e-05 0.000401464 0.000466363 0.000183041 0.0116615 0.0100424
10.72 -3.74383e-05 0.000473041 0.000454773 0.000198185 0.0113716 0.0118325
10.74 -4.04257e-05 0.000528967 0.000429119 0.00021273 0.01073 0.0132313
10.76 -4.21889e-05 0.000574051 0.000384068 0.000225638 0.00960327 0.0143588
10.78 -4.25336e-05 0.000609791 0.000313399 0.000234157 0.0078358 0.0152527
10.8 -4.1351e-05 0.000632342 0.000219338 0.000235874 0.00548331 0.0158167
10.82 -3.86582e-05 0.000635436 0.000110423 0.000229216 0.00275929 0.0158941
10.84 -3.44948e-05 0.000613666 -4.29034e-06 0.000212726 -0.000109736 0.0153496
10.86 -2.90324e-05 0.000566883 -0.000116757 0.000185475 -0.00292258 0.0141796
10.88 -2.26513e-05 0.000502138 -0.000221028 0.000148452 -0.00553045 0.0125603
10.9 -1.57106e-05 0.000426252 -0.000315671 0.000104909 -0.0078975 0.0106623
10.92 -8.51618e-06 0.000339957 -0.000400983 5.87588e-05 -0.0100312 0.00850405
10.94 -1.29772e-06 0.000239128 -0.000473032 1.31283e-05 -0.0118332 0.00598226
10.96 5.82386e-06 0.000122254 -0.000524376 -2.98247e-05 -0.0131173 0.00305921
10.98 1.27641e-05 -3.23479e-06 -0.000551506 -6.87607e-05 -0.0137958 -7.93316e-05
11 1.94111e-05 -0.00012485 -0.000559132 -0.000103076 -0.0139865 -0.00312099
11.02 2.55709e-05 -0.000232626 -0.00055608 -0.00013278 -0.0139102 -0.00581649
11.04 3.09751e-05 -0.000323216 -0.000548814 -0.000158362 -0.0137285 -0.0080822
11.06 3.53328e-05 -0.000398658 -0.000539162 -0.00018047 -0.0134871 -0.00996904
11.08 3.84028e-05 -0.000462499 -0.000521328 -0.000199497 -0.0130411 -0.0115657
11.1 4.00438e-05 -0.000515605 -0.000478901 -0.000214639 -0.0119799 -0.0128939
11.12 4.0226e-05 -0.000554898 -0.000400917 -0.000223505 -0.0100295 -0.0138767
11.14 3.90242e-05 -0.000576837 -0.000297211 -0.000223874 -0.0074358 -0.0144254
11.16 3.65804e-05 -0.000580895 -0.000185135 -0.000214683 -0.00463275 -0.0145269
11.18 3.30298e-05 -0.000569774 -7.18234e-05 -0.000195171 -0.00179877 -0.0142487
11.2 2.8472e-05 -0.000544098 4.41351e-05 -0.000164196 0.0011014 -0.0136065
11.22 2.30821e-05 -0.000503677 0.000161232 -0.00012122 0.00403004 -0.0125956
11.24 1.70497e-05 -0.000447602 0.000272059 -6.84571e-05 0.00680187 -0.0111931
11.26 1.05438e-05 -0.00037488 0.000367292 -1.06243e-05 0.00918368 -0.00937433
11.28 3.75752e-06 -0.000285702 0.000438079 4.77149e-05 0.0109541 -0.00714396
11.3 -3.12522e-06 -0.00018055 0.000478218 0.000103624 0.011958 -0.00451407
11.32 -9.89255e-06 -6.52302e-05 0.00048907 0.00015532 0.0122294 -0.00162986
11.34 -1.63031e-05 4.92903e-05 0.000481281 0.000201391 0.0120346 0.00123434
11.36 -2.20989e-05 0.000152239 0.000467911 0.000240687 0.0117002 0.00380913
11.38 -2.70632e-05 0.000239552 0.000455839 0.000272651 0.0113983 0.00599286
11.4 -3.10762e-05 0.000314397 0.000445314 0.000297552 0.0111351 0.00786477
11.42 -3.41196e-05 0.000381993 0.000432003 0.000316354 0.0108021 0.00955536
11.44 -3.62391e-05 0.000443985 0.000403761 0.000329697 0.0100958 0.0111058
11.46 -3.74585e-05 0.000497072 0.000345961 0.000336614 0.0086502 0.0124335
11.48 -3.77225e-05 0.000535318 0.000259716 0.000335015 0.00649318 0.0133901
11.5 -3.69038e-05 0.000553954 0.000159887 0.000323141 0.0039964 0.0138562
11.52 -3.48468e-05 0.000553373 5.49789e-05 0.000299715 0.00137261 0.0138417
11.54 -3.14444e-05 0.000539184 -5.71248e-05 0.000263454 -0.00143115 0.0134868
11.56 -2.67386e-05 0.000516116 -0.000176887 0.000214013 -0.00442645 0.0129098
11.58 -2.10071e-05 0.000481459 -0.000294801 0.000153752 -0.00737552 0.0120431
11.6 -1.46418e-05 0.000427391 -0.00039802 8.74086e-05 -0.00995708 0.0106908
11.62 -8.04161e-06 0.000351805 -0.000478634 1.99708e-05 -0.0119733 0.00880036
11.64 -1.56098e-06 0.000262816 -0.000533852 -4.45478e-05 -0.0133543 0.00657471
11.66 4.56256e-06 0.000172106 -0.000564949 -0.000103017 -0.014132 0.00430601
11.68 1.02215e-05 8.60151e-05 -0.000577583 -0.000153104 -0.014448 0.00215285
11.7 1.54424e-05 2.29757e-06 -0.000578503 -0.000193663 -0.014471 5.90345e-05
11.72 2.03395e-05 -8.53208e-05 -0.000571314 -0.00022498 -0.0142912 -0.00213234
11.74 2.50375e-05 -0.000179034 -0.000558088 -0.000248421 -0.0139605 -0.00447615
11.76 2.9584e-05 -0.000273255 -0.000544043 -0.000265577 -0.0136092 -0.00683265
11.78 3.38774e-05 -0.0003591 -0.000533362 -0.000277461 -0.013342 -0.00897966
11.8 3.76432e-05 -0.000431692 -0.000515671 -0.000283941 -0.0128996 -0.0107952
11.82 4.04709e-05 -0.000492205 -0.000468479 -0.000283585 -0.0117193 -0.0123087
11.84 4.19223e-05 -0.000543062 -0.000383729 -0.000274388 -0.00959965 -0.0135806
11.86 4.16951e-05 -0.000582419 -0.000274784 -0.000254593 -0.00687488 -0.014565
11.88 3.97328e-05 -0.000604594 -0.00015818 -0.000222935 -0.00395858 -0.0151196
11.9 3.62327e-05 -0.000605738 -4.31982e-05 -0.000179009 -0.00108284 -0.0151482
11.92 3.15121e-05 -0.000586116 6.75923e-05 -0.000123726 0.00168808 -0.0146574
11.94 2.5932e-05 -0.000546503 0.00017501 -5.96465e-05 0.00437465 -0.0136667
11.96 1.99014e-05 -0.000490213 0.000279271 8.57895e-06 0.00698225 -0.0122589
11.98 1.36903e-05 -0.00042121 0.000374027 7.50206e-05 0.00935215 -0.0105331
12 7.41332e-06 -0.000340775 0.000445634 0.000134708 0.0111431 -0.00852136
12.02 1.11623e-06 -0.000249626 0.000483593 0.000185006 0.0120924 -0.00624169
12.04 -5.18776e-06 -0.000150618 0.000491638 0.000225263 0.0122936 -0.00376545
12.06 -1.14333e-05 -5.06119e-05 0.000484801 0.000255999 0.0121226 -0.00126425
12.08 -1.749e-05 4.41772e-05 0.000477078 0.000278596 0.0119295 0.00110646
12.1 -2.31819e-05 0.000132352 0.000473725 0.000295048 0.0118456 0.00331176
12.12 -2.83395e-05 0.000216257 0.000473264 0.000307207 0.0118341 0.00541025
12.14 -3.28352e-05 0.000297216 0.000473382 0.000315964 0.011837 0.00743507
12.16 -3.6558e-05 0.000373266 0.000468235 0.000321139 0.0117083 0.00933711
12.18 -3.93753e-05 0.000440422 0.000442704 0.000321756 0.0110698 0.0110167
12.2 -4.11434e-05 0.000494865 0.000382409 0.000316069 0.00956178 0.0123783
12.22 -4.17098e-05 0.000534967 0.000291612 0.000301992 0.00729091 0.0133813
12.24 -4.0975e-05 0.000562416 0.000186181 0.000278037 0.00465402 0.0140678
12.26 -3.8955e-05 0.000580606 7.38384e-05 0.000243864 0.00184429 0.0145228
12.28 -3.57835e-05 0.000590983 -4.66463e-05 0.000200412 -0.00116908 0.0147823
12.3 -3.16815e-05 0.00059031 -0.000175876 0.000149638 -0.00440117 0.0147655
12.32 -2.67984e-05 0.000570359 -0.000308073 9.44344e-05 -0.00770747 0.0142665
12.34 -2.13092e-05 0.000527251 -0.000431243 3.89866e-05 -0.010788 0.0131883
12.36 -1.53716e-05 0.00046311 -0.000529849 -1.20383e-05 -0.0132542 0.0115841
12.38 -9.06238e-06 0.000381614 -0.000592061 -5.53432e-05 -0.0148101 0.00954589
12.4 -2.49312e-06 0.000288072 -0.000618465 -8.98563e-05 -0.0154705 0.00720637
12.42 4.19333e-06 0.000187735 -0.00062141 -0.000116344 -0.0155442 0.00469689
12.44 1.07876e-05 8.48959e-05 -0.000614048 -0.000136756 -0.01536 0.00212485
12.46 1.70558e-05 -1.8324e-05 -0.000601483 -0.000153596 -0.0150458 -0.00045672
12.48 2.27741e-05 -0.000119856 -0.000583403 -0.000169014 -0.0145936 -0.00299608
12.5 2.77642e-05 -0.000215651 -0.000562881 -0.000183868 -0.0140803 -0.00539196
12.52 3.18857e-05 -0.000300219 -0.000548194 -0.000197569 -0.013713 -0.00750704
12.54 3.50025e-05 -0.000369165 -0.000537241 -0.000208927 -0.013439 -0.00923139
12.56 3.69424e-05 -0.000420184 -0.000507704 -0.000216036 -0.0127003 -0.0105074
12.58 3.74922e-05 -0.000452866 -0.000440735 -0.000215787 -0.0110254 -0.0113248
12.6 3.64877e-05 -0.000468731 -0.000344135 -0.000205635 -0.00860939 -0.0117216
12.62 3.39106e-05 -0.000469709 -0.000235407 -0.000184723 -0.00589006 -0.011746
12.64 2.99045e-05 -0.000456567 -0.00012184 -0.000153223 -0.0030497 -0.0114174
12.66 2.47797e-05 -0.000428587 -5.39352e-06 -0.000112101 -0.000137328 -0.0107176
12.68 1.89994e-05 -0.000387252 0.000111668 -6.37694e-05 0.00279042 -0.00968376
12.7 1.30346e-05 -0.000336225 0.000226762 -1.25233e-05 0.00566897 -0.00840756
12.72 7.26493e-06 -0.000279842 0.000333997 3.68043e-05 0.00835096 -0.00699739
12.74 1.95064e-06 -0.000223595 0.000421516 8.09362e-05 0.0105399 -0.00559062
12.76 -2.79135e-06 -0.000172549 0.000480089 0.000118845 0.0120048 -0.00431396
12.78 -6.95953e-06 -0.000128425 0.000512506 0.000150907 0.0128155 -0.0032104
12.8 -1.06493e-05 -8.64758e-05 0.000528701 0.00017793 0.0132206 -0.00216122
12.82 -1.40148e-05 -3.91118e-05 0.000534854 0.00020103 0.0133745 -0.000976631
12.84 -1.72127e-05 1.78271e-05 0.000531594 0.000221843 0.013293 0.000447435
12.86 -2.03266e-05 8.25596e-05 0.000520036 0.00024198 0.0130039 0.00206642
12.88 -2.32769e-05 0.0001495 0.000498479 0.000262069 0.0124647 0.00374063
12.9 -2.58085e-05 0.000213837 0.000454287 0.000281129 0.0113595 0.00534973
12.92 -2.75504e-05 0.000274127 0.000373114 0.000296405 0.00932931 0.0068576
12.94 -2.8103e-05 0.000329052 0.000259119 0.000304074 0.00647823 0.0082313
12.96 -2.71902e-05 0.000372839 0.000130181 0.000300371 0.00325345 0.00932643
12.98 -2.47636e-05 0.000397364 -2.90312e-07 0.000282395 -9.69406e-06 0.00993981
13 -2.10269e-05 0.000399371 -0.000125052 0.000248982 -0.00313004 0.00999002
13.02 -1.63682e-05 0.000382609 -0.000239998 0.000201458 -0.00600488 0.00957079
13.04 -1.12404e-05 0.000351255 -0.00034385 0.000143377 -0.00860227 0.00878661
13.06 -6.05344e-06 0.000305697 -0.000435572 7.964e-05 -0.0108963 0.00764719
13.08 -1.05167e-06 0.000245684 -0.000509109 1.56331e-05 -0.0127355 0.00614622
13.1 3.69029e-06 0.000175043 -0.000555999 -4.38965e-05 -0.0139082 0.00437947
13.12 8.1931e-06 0.000101953 -0.000574997 -9.58382e-05 -0.0143834 0.00255145
13.14 1.2507e-05 3.32133e-05 -0.000575007 -0.000139017 -0.0143836 0.000832249
13.16 1.66455e-05 -2.99928e-05 -0.000566878 -0.00017415 -0.0141803 -0.000748562
13.18 2.05566e-05 -9.06244e-05 -0.000556197 -0.000203411 -0.0139132 -0.00226498
13.2 2.41167e-05 -0.000150714 -0.00054548 -0.000229116 -0.0136451 -0.00376784
13.22 2.71485e-05 -0.00020733 -0.000537841 -0.000252159 -0.0134541 -0.00518383
13.24 2.94309e-05 -0.000254216 -0.000530748 -0.000271766 -0.0132767 -0.00635648
13.26 3.07227e-05 -0.000287206 -0.000507165 -0.000286236 -0.0126869 -0.00718157
13.28 3.08151e-05 -0.000307251 -0.000447473 -0.000292959 -0.0111939 -0.0076829
13.3 2.96036e-05 -0.000319181 -0.000353109 -0.000288581 -0.00883383 -0.00798127
13.32 2.71745e-05 -0.000328388 -0.000240432 -0.000270225 -0.00601573 -0.00821155
13.34 2.38214e-05 -0.00033837 -0.000119365 -0.000236764 -0.0029878 -0.00846121
13.36 1.99698e-05 -0.000349549 8.62051e-06 -0.000189261 0.000213169 -0.00874079
13.38 1.60488e-05 -0.000358785 0.000142152 -0.000130471 0.00355284 -0.00897178
13.4 1.2353e-05 -0.000360291 0.000275132 -6.3974e-05 0.00687872 -0.00900946
13.42 8.96724e-06 -0.000349714 0.000397036 5.95104e-06 0.00992759 -0.00874491
13.44 5.79721e-06 -0.000329217 0.00049423 7.44498e-05 0.0123585 -0.00823227
13.46 2.68227e-06 -0.000304469 0.000554487 0.000137406 0.0138655 -0.00761333
13.48 -5.24209e-07 -0.000276825 0.000575639 0.000192565 0.0143945 -0.00692195
13.5 -3.91263e-06 -0.000239896 0.00056845 0.000239307 0.0142147 -0.00599833
13.52 -7.50601e-06 -0.000184302 0.000547049 0.000278086 0.0136795 -0.0046079
13.54 -1.12682e-05 -0.00010774 0.000518574 0.000310081 0.0129673 -0.00269306
13.56 -1.50913e-05 -1.93503e-05 0.000484648 0.000336462 0.0121188 -0.000482388
13.58 -1.87913e-05 6.67938e-05 0.000448011 0.000357568 0.0112025 0.00167211
13.6 -2.21413e-05 0.000143374 0.000407675 0.000372946 0.0101937 0.00358743
13.62 -2.48696e-05 0.000213393 0.000349473 0.000380825 0.00873804 0.00533862
13.64 -2.67035e-05 0.000282889 0.00026279 0.000378262 0.00657004 0.00707676
13.66 -2.74691e-05 0.000352268 0.000154498 0.000363065 0.00386164 0.00881193
13.68 -2.71292e-05 0.000413303 3.45517e-05 0.000333645 0.00086172 0.0103385
13.7 -2.57962e-05 0.000455648 -9.0985e-05 0.000288534 -0.00227801 0.0113975
13.72 -2.3705e-05 0.000477274 -0.00021374 0.000228185 -0.00534815 0.0119384
13.74 -2.11555e-05 0.000486129 -0.000323371 0.000156021 -0.00809008 0.0121599
13.76 -1.84354e-05 0.000490565 -0.000414942 7.73106e-05 -0.0103803 0.0122708
13.78 -1.57507e-05 0.000490501 -0.000488064 -2.17473e-06 -0.0122091 0.0122692
13.8 -1.31754e-05 0.000479615 -0.00054018 -7.67793e-05 -0.0135126 0.011997
13.82 -1.06647e-05 0.000455389 -0.000566844 -0.00014198 -0.0141794 0.011391
13.84 -8.13297e-06 0.000422365 -0.000567953 -0.000195333 -0.0142072 0.0105651
13.86 -5.46738e-06 0.000386328 -0.000550536 -0.000236377 -0.0137716 0.00966379
13.88 -2.55115e-06 0.000348434 -0.000526085 -0.00026593 -0.01316 0.00871605
13.9 6.95276e-07 0.000304888 -0.000507196 -0.000285683 -0.0126876 0.00762694
13.92 4.30397e-06 0.00025221 -0.000504506 -0.000298084 -0.0126203 0.00630944
13.94 8.24794e-06 0.000190029 -0.000522393 -0.000305426 -0.0130677 0.00475429
13.96 1.24464e-05 0.000118798 -0.00055045 -0.000308474 -0.0137694 0.00297277
13.98 1.67094e-05 3.65728e-05 -0.000553006 -0.000306487 -0.0138334 0.000916272
14 2.07531e-05 -6.01009e-05 -0.000498884 -0.000298177 -0.0124797 -0.00150158
14.02 2.42974e-05 -0.000170256 -0.000396327 -0.000281795 -0.00991473 -0.00425661
14.04 2.70618e-05 -0.000282164 -0.000276834 -0.00025502 -0.00692617 -0.00705546
14.06 2.87973e-05 -0.000375849 -0.000163661 -0.000215871 -0.00409566 -0.00939857
14.08 2.9362e-05 -0.000437634 -6.04747e-05 -0.000164007 -0.00151493 -0.0109438
14.1 2.87666e-05 -0.000471977 4.05291e-05 -0.000101604 0.00101122 -0.0118028
14.12 2.72035e-05 -0.000495449 0.000147898 -3.37021e-05 0.00369655 -0.0123898
14.14 2.50098e-05 -0.000519619 0.000260469 3.27135e-05 0.00651201 -0.0129943
14.16 2.25797e-05 -0.00054154 0.000364084 9.1384e-05 0.00910347 -0.0135426
14.18 2.02332e-05 -0.000549699 0.000441179 0.000139482 0.0110316 -0.0137466
14.2 1.80945e-05 -0.000537941 0.000485943 0.000177376 0.0121512 -0.0134526
14.22 1.60452e-05 -0.000512817 0.000509123 0.000205934 0.0127309 -0.0128242
14.24 1.38756e-05 -0.000487282 0.000525566 0.000224973 0.0131422 -0.0121856
14.26 1.13044e-05 -0.000461054 0.000539403 0.000234584 0.0134883 -0.0115296
14.28 8.02107e-06 -0.000415662 0.000544383 0.00023774 0.0136128 -0.0103943
14.3 3.84289e-06 -0.000334309 0.000535315 0.000239574 0.013386 -0.00835963
14.32 -1.20449e-06 -0.000220597 0.000515039 0.000242889 0.0128789 -0.00551565
14.34 -6.82216e-06 -9.571e-05 0.000486503 0.000245802 0.0121652 -0.00239218
14.36 -1.24928e-05 2.22033e-05 0.000442914 0.000243776 0.011075 0.000556886
14.38 -1.75916e-05 0.000129616 0.000373606 0.000232543 0.00934162 0.00324333
14.4 -2.15846e-05 0.000232336 0.000282173 0.000209496 0.00705483 0.0058124
14.42 -2.41956e-05 0.000333602 0.000183041 0.000174051 0.0045755 0.0083451
14.44 -2.54619e-05 0.000427499 8.38676e-05 0.000127813 0.00209513 0.0106935
14.46 -2.56817e-05 0.000502333 -1.66371e-05 7.4525e-05 -0.000418534 0.0125651
14.48 -2.52616e-05 0.000551223 -0.000122735 1.96993e-05 -0.00307208 0.0137879
14.5 -2.45385e-05 0.000579365 -0.000234489 -3.05586e-05 -0.00586709 0.0144917
14.52 -2.3663e-05 0.000598501 -0.000343677 -7.20569e-05 -0.00859795 0.0149703
14.54 -2.25901e-05 0.00061418 -0.000434267 -0.000104795 -0.0108636 0.0153625
14.56 -2.11244e-05 0.000617572 -0.000491211 -0.000131601 -0.0122878 0.0154473
14.58 -1.88797e-05 0.00059491 -0.000512498 -0.000153427 -0.0128202 0.0148805
14.6 -1.55846e-05 0.000539921 -0.000510521 -0.000168409 -0.0127708 0.0135052
14.62 -1.11672e-05 0.00045482 -0.000500081 -0.00017621 -0.0125097 0.0113768
14.64 -5.71679e-06 0.000350287 -0.000489231 -0.000179457 -0.0122383 0.0087624
14.66 4.29873e-07 0.000238441 -0.000480851 -0.000180668 -0.0120287 0.00596508
14.68 6.81411e-06 0.000122343 -0.000469426 -0.000180029 -0.011743 0.00306141
14.7 1.29125e-05 -2.98447e-06 -0.000433786 -0.000175816 -0.0108516 -7.3071e-05
14.72 1.82493e-05 -0.000138047 -0.00035528 -0.000166056 -0.00888813 -0.00345103
14.74 2.24969e-05 -0.000271468 -0.000247147 -0.000149603 -0.00618368 -0.00678795
14.76 2.55524e-05 -0.000387984 -0.000140482 -0.000126091 -0.00351594 -0.00970207
14.78 2.7509e-05 -0.000479749 -4.88985e-05 -9.56899e-05 -0.0012254 -0.0119972
14.8 2.85631e-05 -0.000548368 3.74502e-05 -5.92317e-05 0.000934211 -0.0137133
14.82 2.88975e-05 -0.000600147 0.000133302 -1.8429e-05 0.00333151 -0.0150083
14.84 2.86152e-05 -0.000639574 0.000239714 2.41392e-05 0.00599291 -0.0159944
14.86 2.77245e-05 -0.000663594 0.000340264 6.57233e-05 0.0085077 -0.0165952
14.88 2.61502e-05 -0.000662195 0.000410147 0.000104504 0.0102555 -0.0165602
14.9 2.35911e-05 -0.000627878 0.000435249 0.000139283 0.0108833 -0.0157019
14.92 1.99074e-05 -0.000568407 0.000428216 0.00016791 0.0107074 -0.0142145
14.94 1.5217e-05 -0.000494296 0.000419971 0.000187268 0.0105012 -0.012361
14.96 9.61202e-06 -0.000402965 0.000430089 0.000195867 0.0107543 -0.0100768
14.98 3.27057e-06 -0.000286583 0.000450442 0.000196165 0.0112633 -0.00716599
15 -3.55691e-06 -0.000146102 0.000460282 0.000192847 0.0115094 -0.00365251
15.02 -1.04823e-05 2.79919e-06 0.000444842 0.000189142 0.0111232 7.15787e-05
15.04 -1.69845e-05 0.000139904 0.000400056 0.000185712 0.0100031 0.00350063
15.06 -2.25226e-05 0.000254747 0.000331298 0.000181508 0.00828347 0.00637289
15.08 -2.66816e-05 0.000352586 0.000246518 0.000174466 0.00616309 0.0088199
15.1 -2.92993e-05 0.000444922 0.000151172 0.00016197 0.00377844 0.0111293
15.12 -3.05012e-05 0.000533342 4.92844e-05 0.000141628 0.00123019 0.0133407
15.14 -3.06259e-05 0.000605805 -5.52241e-05 0.00011234 -0.00138361 0.015153
15.16 -3.00712e-05 0.000650595 -0.000159246 7.52738e-05 -0.00398524 0.0162732
15.18 -2.91069e-05 0.000669119 -0.000259822 3.38857e-05 -0.00650069 0.0167365
15.2 -2.77667e-05 0.000672763 -0.000350604 -7.81475e-06 -0.0087712 0.0168277
15.22 -2.5828e-05 0.000665638 -0.000420896 -4.78597e-05 -0.0105292 0.0166494
15.24 -2.28471e-05 0.000636688 -0.00046341 -8.54743e-05 -0.0115925 0.0159254
15.26 -1.85367e-05 0.000572883 -0.000483805 -0.000116986 -0.0121026 0.0143296
15.28 -1.27934e-05 0.000470538 -0.000496013 -0.000137298 -0.0124079 0.0117699
15.3 -5.70022e-06 0.000339822 -0.000508838 -0.000146103 -0.0127287 0.00850065
15.32 2.35352e-06 0.000196175 -0.000521909 -0.000148151 -0.0130556 0.00490799
15.34 1.08278e-05 4.69626e-05 -0.000530262 -0.000148345 -0.0132645 0.00117613
15.36 1.90897e-05 -0.000105792 -0.000525891 -0.000148948 -0.0131552 -0.00264433
15.38 2.65273e-05 -0.000256253 -0.000497099 -0.000149986 -0.0124351 -0.00640743
15.4 3.26527e-05 -0.000393775 -0.000438026 -0.000150236 -0.0109576 -0.00984691
15.42 3.72026e-05 -0.000509979 -0.000357481 -0.000147496 -0.00894317 -0.0127532
15.44 4.01599e-05 -0.000601569 -0.000268946 -0.000139417 -0.00672888 -0.0150439
15.46 4.16981e-05 -0.00066825 -0.000178828 -0.000124812 -0.004475 -0.0167117
15.48 4.20653e-05 -0.000711753 -8.80213e-05 -0.000103579 -0.00220388 -0.0177997
15.5 4.14712e-05 -0.000736117 4.09411e-06 -7.58807e-05 9.99621e-05 -0.018409
15.52 4.00042e-05 -0.000745892 9.92725e-05 -4.26014e-05 0.00248041 -0.0186535
15.54 3.76217e-05 -0.000741809 0.00019646 -5.72225e-06 0.00491112 -0.0185514
15.56 3.39308e-05 -0.000712298 0.00028566 3.28651e-05 0.00714204 -0.0178133
15.58 2.87462e-05 -0.000650548 0.000353938 7.03869e-05 0.00884969 -0.0162689
15.6 2.22242e-05 -0.00055796 0.000398898 0.000101347 0.00997418 -0.0139533
15.62 1.45129e-05 -0.000435066 0.000428945 0.000121271 0.0107257 -0.0108796
15.64 5.95114e-06 -0.000285957 0.000451334 0.000131235 0.0112856 -0.00715035
15.66 -3.0233e-06 -0.000119677 0.00046608 0.000136145 0.0116544 -0.0029916
15.68 -1.19033e-05 4.75364e-05 0.000470245 0.000140413 0.0117586 0.00119047
15.7 -2.01921e-05 0.000202359 0.000462958 0.000145854 0.0115763 0.00506265
15.72 -2.74733e-05 0.000340103 0.00044619 0.000151928 0.011157 0.00850768
15.74 -3.34643e-05 0.000460408 0.000421099 0.000157282 0.0105294 0.0115166
15.76 -3.80127e-05 0.000561612 0.000384854 0.000160999 0.00962292 0.0140477
15.78 -4.10574e-05 0.000640592 0.000331517 0.000162069 0.00828895 0.016023
15.8 -4.25961e-05 0.000693929 0.000261383 0.000158492 0.00653485 0.017357
15.82 -4.26411e-05 0.000719584 0.000181028 0.000147977 0.00452516 0.0179987
15.84 -4.11863e-05 0.000719716 9.58051e-05 0.000129542 0.00239369 0.018002
15.86 -3.81491e-05 0.000699633 8.40105e-06 0.000104067 0.00020768 0.0174997
15.88 -3.3472e-05 0.000660326 -8.06981e-05 7.33703e-05 -0.00202073 0.0165166
15.9 -2.74442e-05 0.000599718 -0.000168926 4.02527e-05 -0.00422736 0.0150008
15.92 -2.04545e-05 0.00051406 -0.000250527 9.02995e-06 -0.00626822 0.0128584
15.94 -1.28615e-05 0.0004025 -0.000318692 -1.68755e-05 -0.00797306 0.0100683
15.96 -5.05375e-06 0.000271846 -0.000368873 -3.71067e-05 -0.0092281 0.00680055
15.98 2.65983e-06 0.000134023 -0.000401194 -5.29054e-05 -0.0100365 0.00335354
16 1.00018e-05 3.88977e-06 -0.000420732 -6.53095e-05 -0.0105251 9.88598e-05
16.02 1.67601e-05 -0.000109241 -0.000434337 -7.52331e-05 -0.0108654 -0.0027306
16.04 2.27957e-05 -0.000207829 -0.000445351 -8.37554e-05 -0.0111408 -0.00519631
16.06 2.80567e-05 -0.000301389 -0.000452893 -9.165e-05 -0.0113295 -0.00753628
16.08 3.25329e-05 -0.000393437 -0.000455356 -9.92448e-05 -0.0113911 -0.00983846
16.1 3.61719e-05 -0.000475808 -0.000446634 -0.000106549 -0.0111729 -0.0118986
16.12 3.88155e-05 -0.000536435 -0.000414601 -0.000112724 -0.0103718 -0.0134149
16.14 4.02032e-05 -0.000570272 -0.000355387 -0.000115926 -0.00889081 -0.0142612
16.16 4.00457e-05 -0.000581875 -0.000279119 -0.000114296 -0.00698332 -0.0145514
16.18 3.81513e-05 -0.000579078 -0.000197324 -0.000106816 -0.00493758 -0.0144814
16.2 3.44314e-05 -0.000561884 -0.000113585 -9.2838e-05 -0.00284325 -0.0140514
16.22 2.90597e-05 -0.000522192 -2.64544e-05 -7.18275e-05 -0.00066407 -0.0130587
16.24 2.24457e-05 -0.000451717 6.38249e-05 -4.45573e-05 0.00159385 -0.0112961
16.26 1.50143e-05 -0.000350687 0.000153183 -1.36218e-05 0.00382873 -0.00876925
16.28 7.1926e-06 -0.000230396 0.000233985 1.76877e-05 0.00584963 -0.00576073
16.3 -6.47533e-07 -0.00010471 0.000296166 4.67284e-05 0.00740479 -0.00261727
16.32 -8.21139e-06 1.77709e-05 0.000333711 7.2077e-05 0.00834382 0.000446031
16.34 -1.52816e-05 0.000135488 0.000352117 9.33425e-05 0.00880415 0.00339019
16.36 -2.17097e-05 0.000248941 0.000364163 0.000110821 0.00910544 0.00622768
16.38 -2.73957e-05 0.000355825 0.000376899 0.000125378 0.00942396 0.00890092
16.4 -3.22593e-05 0.000450575 0.000386065 0.000138344 0.0096532 0.0112706
16.42 -3.62043e-05 0.00052743 0.000383467 0.00015107 0.00958823 0.0131928
16.44 -3.9086e-05 0.000583537 0.000363472 0.000164141 0.00908816 0.0145961
16.46 -4.07095e-05 0.000619177 0.000323928 0.000176468 0.00809914 0.0154874
16.48 -4.08712e-05 0.000635429 0.000269187 0.000185489 0.00673005 0.0158939
16.5 -3.9421e-05 0.000632226 0.000207516 0.00018857 0.00518764 0.0158138
16.52 -3.62413e-05 0.000606938 0.00014235 0.000183561 0.00355779 0.0151813
16.54 -3.14754e-05 0.000558358 7.14676e-05 0.000168815 0.001785 0.0139663
16.56 -2.54532e-05 0.000487137 -5.50147e-06 0.000144373 -0.000140028 0.0121851
16.58 -1.85258e-05 0.000395575 -8.32221e-05 0.000112631 -0.00208385 0.00989506
16.6 -1.10839e-05 0.000288802 -0.000155682 7.70096e-05 -0.00389611 0.00722464
16.62 -3.44032e-06 0.000172259 -0.000221359 4.05568e-05 -0.00553872 0.00430985
16.64 4.15039e-06 5.14486e-05 -0.000281069 5.71951e-06 -0.00703208 0.00128833
16.66 1.14877e-05 -6.78607e-05 -0.000333775 -2.57057e-05 -0.00835028 -0.00169565
16.68 1.83819e-05 -0.000179885 -0.00037689 -5.28178e-05 -0.0094286 -0.00449743
16.7 2.46452e-05 -0.000280466 -0.000409002 -7.55974e-05 -0.0102317 -0.00701299
16.72 3.00928e-05 -0.000367345 -0.000431184 -9.46631e-05 -0.0107865 -0.00918588
16.74 3.45578e-05 -0.000439623 -0.000445793 -0.000111067 -0.0111519 -0.0109936
16.76 3.79014e-05 -0.00049708 -0.00045345 -0.00012585 -0.0113434 -0.0124306
16.78 4.00162e-05 -0.000539189 -0.000449383 -0.00013934 -0.0112417 -0.0134838
16.8 4.08225e-05 -0.000564419 -0.000423976 -0.000150662 -0.0106062 -0.0141148
16.82 4.02763e-05 -0.000571387 -0.000373931 -0.000157925 -0.00935461 -0.014289
16.84 3.83407e-05 -0.000559664 -0.000309536 -0.000159148 -0.00774405 -0.0139958
16.86 3.50144e-05 -0.000528784 -0.000242219 -0.000152685 -0.00606044 -0.0132235
16.88 3.04398e-05 -0.000478995 -0.00017228 -0.000137267 -0.00431122 -0.0119783
16.9 2.48045e-05 -0.000411005 -9.44508e-05 -0.000112747 -0.00236469 -0.0102778
16.92 1.8323e-05 -0.000326633 -9.51624e-06 -8.04634e-05 -0.000240438 -0.00816766
16.94 1.12679e-05 -0.000228916 7.33974e-05 -4.27741e-05 0.00183327 -0.00572371
16.96 3.91159e-06 -0.000121258 0.000144055 -2.53277e-06 0.00360044 -0.00303115
16.98 -3.4799e-06 -8.18355e-06 0.000198948 3.73839e-05 0.00497333 -0.0002031
17 -1.06707e-05 0.000105794 0.00024228 7.45629e-05 0.00605709 0.00264752
17.02 -1.74455e-05 0.000216713 0.000279428 0.000107307 0.00698618 0.00542165
17.04 -2.36039e-05 0.000320243 0.000310341 0.000134645 0.00775932 0.008011
17.06 -2.89578e-05 0.000411321 0.000329891 0.00015641 0.00824827 0.0102889
17.08 -3.33434e-05 0.000485958 0.000334911 0.000173316 0.00837384 0.0121556
17.1 -3.66337e-05 0.000542545 0.000329649 0.000186533 0.00824224 0.0135709
17.12 -3.87449e-05 0.000580964 0.0003225 0.000196825 0.00806342 0.0145317
17.14 -3.96285e-05 0.000600965 0.000317089 0.000204016 0.0079281 0.015032
17.16 -3.92549e-05 0.000601641 0.000306765 0.000207041 0.00766987 0.0150489
17.18 -3.75163e-05 0.000579821 0.000281165 0.000204183 0.00702962 0.0145031
17.2 -3.43589e-05 0.000533387 0.000238857 0.000193682 0.00597149 0.0133418
17.22 -2.98917e-05 0.000465078 0.000187182 0.000174942 0.00467908 0.0116334
17.24 -2.42546e-05 0.000380092 0.000133056 0.000149001 0.00332535 0.00950783
17.26 -1.76679e-05 0.000283786 7.83037e-05 0.000117485 0.00195598 0.00709918
17.28 -1.04283e-05 0.000178779 2.02355e-05 8.19286e-05 0.000503666 0.00447291
17.3 -2.84727e-06 6.56816e-05 -4.42286e-05 4.4263e-05 -0.00110861 0.0016443
17.32 4.75767e-06 -5.2396e-05 -0.000113523 7.05874e-06 -0.0028417 -0.00130887
17.34 1.20778e-05 -0.000167698 -0.000180195 -2.71053e-05 -0.00450919 -0.00419261
17.36 1.8816e-05 -0.000270402 -0.000236232 -5.63934e-05 -0.0059107 -0.0067613
17.38 2.47123e-05 -0.000354061 -0.000279746 -7.9957e-05 -0.00699899 -0.00885363
17.4 2.95733e-05 -0.0004189 -0.000315295 -9.78127e-05 -0.00788808 -0.0104753
17.42 3.32936e-05 -0.000469657 -0.000346954 -0.000110595 -0.00867989 -0.0117448
17.44 3.58536e-05 -0.000509517 -0.000372444 -0.00011917 -0.00931742 -0.0127417
17.46 3.72947e-05 -0.000536606 -0.000385513 -0.000124215 -0.00964428 -0.0134192
17.48 3.76742e-05 -0.000546286 -0.000383369 -0.000126014 -0.00959066 -0.0136613
17.5 3.69782e-05 -0.000534781 -0.000368931 -0.000124382 -0.00922955 -0.0133735
17.52 3.51164e-05 -0.000501618 -0.000345442 -0.000118545 -0.00864209 -0.0125441
17.54 3.20525e-05 -0.000451343 -0.000312432 -0.000107707 -0.00781649 -0.0112867
17.56 2.77703e-05 -0.000388161 -0.000268098 -9.18972e-05 -0.00670767 -0.00970651
17.58 2.2299e-05 -0.000311179 -0.000212122 -7.16038e-05 -0.00530769 -0.00778115
17.6 1.57789e-05 -0.000216851 -0.000147341 -4.71757e-05 -0.00368749 -0.00542196
17.62 8.43585e-06 -0.000104985 -8.00968e-05 -1.91527e-05 -0.00200569 -0.00262413
17.64 5.92336e-07 1.74196e-05 -1.66704e-05 1.12063e-05 -0.000419368 0.000437246
17.66 -7.3692e-06 0.000139991 4.07672e-05 4.18948e-05 0.00101717 0.0035028
17.68 -1.50452e-05 0.000254558 9.41276e-05 7.05896e-05 0.00235174 0.00636819
17.7 -2.20683e-05 0.000357386 0.000145096 9.53261e-05 0.00362649 0.00893995
17.72 -2.81518e-05 0.000447318 0.000192128 0.000115106 0.00480277 0.0111892
17.74 -3.31177e-05 0.000523075 0.0002319 0.000129982 0.00579747 0.0130839
17.76 -3.68956e-05 0.000582353 0.000261873 0.000140596 0.00654712 0.0145665
17.78 -3.94884e-05 0.000622914 0.000280932 0.00014775 0.00702379 0.0155809
17.8 -4.09162e-05 0.000644107 0.000289572 0.000152274 0.00723987 0.016111
17.82 -4.11638e-05 0.000646787 0.000289847 0.000154853 0.00724675 0.016178
17.84 -4.00482e-05 0.000626405 0.000282867 0.000155234 0.00707219 0.0156682
17.86 -3.73647e-05 0.000578301 0.00026525 0.000152115 0.00663157 0.0144651
17.88 -3.30697e-05 0.000503177 0.000231841 0.000144794 0.00579601 0.0125862
17.9 -2.71758e-05 0.000405655 0.000182433 0.0001338 0.0045603 0.0101472
17.92 -1.98509e-05 0.000291967 0.00012266 0.000119601 0.00306534 0.00730378
17.94 -1.14456e-05 0.000165076 5.93598e-05 0.000101962 0.00148218 0.0041302
17.96 -2.40715e-06 2.72604e-05 -3.22708e-06 8.06791e-05 -8.3144e-05 0.00068337
17.98 6.7658e-06 -0.000117051 -6.38753e-05 5.63665e-05 -0.00159998 -0.00292592
18 1.55917e-05 -0.000258829 -0.000122947 3.05968e-05 -0.0030774 -0.00647184
18.02 2.36496e-05 -0.000385985 -0.000180116 5.50087e-06 -0.00450722 -0.00965208
18.04 3.06257e-05 -0.000488957 -0.000232703 -1.70326e-05 -0.00582244 -0.0122275
18.06 3.63336e-05 -0.000565958 -0.000277074 -3.61482e-05 -0.00693217 -0.0141533
18.08 4.07095e-05 -0.000621742 -0.000312114 -5.20954e-05 -0.00780855 -0.0155484
18.1 4.37856e-05 -0.000661438 -0.000339605 -6.55298e-05 -0.00849611 -0.0165413
18.12 4.56519e-05 -0.000686473 -0.000360641 -7.68553e-05 -0.00902223 -0.0171674
18.14 4.64006e-05 -0.000695797 -0.000373695 -8.62018e-05 -0.00934869 -0.0174006
18.16 4.59925e-05 -0.000686147 -0.000376869 -9.36866e-05 -0.00942809 -0.0171592
18.18 4.4232e-05 -0.000651134 -0.00037017 -9.90327e-05 -0.00926053 -0.0162836
18.2 4.10508e-05 -0.000589837 -0.000353409 -0.000101416 -0.00884133 -0.0147505
18.22 3.6408e-05 -0.00050662 -0.000324988 -0.000100557 -0.00813051 -0.0126692
18.24 3.0293e-05 -0.00040581 -0.000283783 -9.69011e-05 -0.00709997 -0.0101479
18.26 2.28668e-05 -0.000289196 -0.000230557 -9.03823e-05 -0.00576875 -0.00723134
18.28 1.43918e-05 -0.000156736 -0.000168338 -8.0026e-05 -0.00421265 -0.00391846
18.3 5.25477e-06 -1.32064e-05 -0.000101464 -6.48737e-05 -0.0025401 -0.000328727
18.32 -4.09552e-06 0.000131988 -3.35251e-05 -4.4972e-05 -0.000840911 0.00330265
18.34 -1.31898e-05 0.000268513 3.43197e-05 -2.15939e-05 0.000855916 0.0067172
18.36 -2.16081e-05 0.000388946 0.000102096 3.31294e-06 0.00255103 0.00972926
18.38 -2.90236e-05 0.000489857 0.000167706 2.80445e-05 0.00419197 0.0122531
18.4 -3.52274e-05 0.000571039 0.000226155 5.17399e-05 0.0056538 0.0142835
18.42 -4.01273e-05 0.00063346 0.000272891 7.42153e-05 0.00682268 0.0158447
18.44 -4.37287e-05 0.000677644 0.000306908 9.54107e-05 0.00767347 0.0169497
18.46 -4.60908e-05 0.000704104 0.000329905 0.000115157 0.00824862 0.0176115
18.48 -4.72726e-05 0.00071508 0.000342985 0.000133326 0.00857576 0.017886
18.5 -4.7293e-05 0.000714019 0.000345133 0.000150042 0.00862949 0.0178595
18.52 -4.59292e-05 0.000695603 0.00033438 0.000165408 0.00836054 0.0173989
18.54 -4.30793e-05 0.000650689 0.000309569 0.00017825 0.00774002 0.0162756
18.56 -3.87406e-05 0.000576544 0.000271642 0.000186415 0.00679144 0.0144212
18.58 -3.28892e-05 0.000477182 0.000223384 0.000189079 0.00558449 0.0119361
18.6 -2.57014e-05 0.000361488 0.000167351 0.000186625 0.00418309 0.00904256
18.62 -1.74489e-05 0.000235207 0.000104833 0.000178799 0.00261949 0.00588421
18.64 -8.52693e-06 0.000100706 3.71811e-05 0.000164664 0.000927482 0.00252027
18.66 6.27615e-07 -3.90466e-05 -3.27816e-05 0.000143784 -0.000822315 -0.000974993
18.68 9.5655e-06 -0.000177906 -0.000101273 0.000116973 -0.0025353 -0.00444793
18.7 1.7883e-05 -0.000306412 -0.000165424 8.61676e-05 -0.00413977 -0.00766191
18.72 2.52555e-05 -0.000414947 -0.000224082 5.37007e-05 -0.00560681 -0.0103764
18.74 3.14573e-05 -0.000498813 -0.000276518 2.1379e-05 -0.00691826 -0.0124739
18.76 3.63523e-05 -0.000560076 -0.000321008 -9.92903e-06 -0.00803097 -0.0140061
18.78 3.98808e-05 -0.000603618 -0.000355064 -3.98466e-05 -0.00888273 -0.0150952
18.8 4.20493e-05 -0.000631853 -0.000376935 -6.7848e-05 -0.00942974 -0.0158013
18.82 4.29134e-05 -0.000643786 -0.000386896 -9.32422e-05 -0.00967886 -0.0160998
18.84 4.25008e-05 -0.000637049 -0.000386993 -0.000115632 -0.00968128 -0.0159313
18.86 4.07454e-05 -0.000607186 -0.000379933 -0.000134576 -0.00950471 -0.0151844
18.88 3.77107e-05 -0.00055349 -0.000366948 -0.000148725 -0.00917995 -0.0138414
18.9 3.34875e-05 -0.000479066 -0.000344902 -0.000156496 -0.00862856 -0.0119801
18.92 2.81394e-05 -0.000388687 -0.000309341 -0.000157389 -0.00773918 -0.00971966
18.94 2.18259e-05 -0.000287333 -0.000260545 -0.000151676 -0.00651876 -0.00718475
18.96 1.47396e-05 -0.000176294 -0.000203114 -0.000139272 -0.00508241 -0.00440761
18.98 7.13867e-06 -5.7133e-05 -0.000141538 -0.000119668 -0.00354236 -0.00142735
19 -6.81297e-07 6.54357e-05 -7.81934e-05 -9.27975e-05 -0.00195808 0.00163815
19.02 -8.38657e-06 0.000183383 -1.43612e-05 -5.96668e-05 -0.000361612 0.00458806
19.04 -1.56377e-05 0.000288676 4.85546e-05 -2.23136e-05 0.00121194 0.00722148
19.06 -2.21256e-05 0.000376753 0.000108174 1.67617e-05 0.00270304 0.00942434
19.08 -2.76135e-05 0.000447944 0.000161119 5.53673e-05 0.00402723 0.0112048
19.1 -3.19601e-05 0.000505154 0.000204253 9.20419e-05 0.00510601 0.0126357
19.12 -3.51223e-05 0.00054957 0.000236409 0.000125797 0.00591024 0.0137465
19.14 -3.71318e-05 0.000578684 0.000258678 0.000155641 0.00646722 0.0144747
19.16 -3.80527e-05 0.000589421 0.0002727 0.000180586 0.00681791 0.0147432
19.18 -3.7912e-05 0.00058185 0.000279154 0.000200109 0.00697932 0.0145539
19.2 -3.66621e-05 0.000557074 0.000278036 0.000214027 0.00695137 0.0139342
19.22 -3.43141e-05 0.000516004 0.000268905 0.000221785 0.00672299 0.0129071
19.24 -3.08739e-05 0.00045742 0.000249669 0.000222616 0.0062419 0.0114418
19.26 -2.63315e-05 0.000379939 0.000218716 0.000216388 0.00546774 0.00950401
19.28 -2.07643e-05 0.000285456 0.00017824 0.000203558 0.00445543 0.00714096
19.3 -1.43296e-05 0.000178226 0.000132352 0.000184437 0.00330774 0.00445909
19.32 -7.29665e-06 6.47569e-05 8.37888e-05 0.000159047 0.00209316 0.00162117
19.34 -1.23484e-08 -4.86711e-05 3.37105e-05 0.000127637 0.000840681 -0.00121571
19.36 7.1377e-06 -0.00015769 -1.68602e-05 9.11673e-05 -0.000424113 -0.00394232
19.38 1.37909e-05 -0.000259097 -6.65758e-05 5.14725e-05 -0.00166752 -0.00647854
19.4 1.96564e-05 -0.000348583 -0.000114199 1.10334e-05 -0.00285859 -0.00871663
19.42 2.45452e-05 -0.000421052 -0.00015889 -2.76033e-05 -0.00397634 -0.0105291
19.44 2.83679e-05 -0.000473541 -0.000199832 -6.23774e-05 -0.0050003 -0.0118419
19.46 3.11076e-05 -0.000506669 -0.000235753 -9.1878e-05 -0.00589872 -0.0126704
19.48 3.27819e-05 -0.00052268 -0.000265391 -0.000115232 -0.00663997 -0.0130709
19.5 3.34147e-05 -0.000523098 -0.000288162 -0.000132036 -0.00720948 -0.0130813
19.52 3.29667e-05 -0.000506547 -0.000304236 -0.000142202 -0.0076115 -0.0126674
19.54 3.14067e-05 -0.000470398 -0.000314267 -0.000145568 -0.00786239 -0.0117633
19.56 2.87797e-05 -0.0004145 -0.000318689 -0.000142164 -0.00797298 -0.0103652
19.58 2.51279e-05 -0.000341531 -0.000316358 -0.000132808 -0.00791468 -0.00854027
19.6 2.05417e-05 -0.000256101 -0.00030428 -0.000118524 -0.00761261 -0.00640361
19.62 1.51878e-05 -0.000162141 -0.000280557 -9.97898e-05 -0.00701929 -0.00405363
19.64 9.2905e-06 -6.2552e-05 -0.000247033 -7.67056e-05 -0.00618082 -0.00156288
19.66 3.12856e-06 3.86196e-05 -0.000207304 -4.94408e-05 -0.00518719 0.000967469
19.68 -2.99953e-06 0.000135962 -0.000163557 -1.85979e-05 -0.00409307 0.00340204
19.7 -8.81033e-06 0.000224294 -0.000116146 1.45329e-05 -0.00290729 0.00561126
19.72 -1.40706e-05 0.000300189 -6.51108e-05 4.80659e-05 -0.00163088 0.00750944
19.74 -1.86113e-05 0.000361667 -1.1743e-05 8.00154e-05 -0.00029613 0.00904702
19.76 -2.23243e-05 0.000407573 4.10626e-05 0.000108741 0.00102456 0.0101952
19.78 -2.51493e-05 0.000437663 8.97938e-05 0.000133003 0.00224335 0.0109477
19.8 -2.70583e-05 0.000452534 0.000131904 0.000151888 0.00329654 0.0113196
19.82 -2.80409e-05 0.00045312 0.000166674 0.000164912 0.00416614 0.0113343
19.84 -2.80633e-05 0.000439027 0.000194681 0.000171993 0.00486662 0.0109818
19.86 -2.70996e-05 0.000408725 0.000216604 0.000173149 0.00541493 0.010224
19.88 -2.5168e-05 0.000361601 0.000232339 0.00016865 0.00580846 0.00904538
19.9 -2.22897e-05 0.000298593 0.000241049 0.000159406 0.00602629 0.00746951
19.92 -1.8525e-05 0.000222623 0.000241684 0.00014652 0.00604218 0.00556948
19.94 -1.39949e-05 0.00013767 0.00023273 0.000130636 0.00581823 0.00344475
19.96 -8.87047e-06 4.76128e-05 0.000212814 0.000112117 0.00532014 0.00119239
19.98 -3.36947e-06 -4.40485e-05 0.000182724 9.14732e-05 0.00456756 -0.00110009
20 2.26941e-06 -0.000134248 0.000144557 6.93888e-05 0.00361301 -0.00335601
20.02 7.81332e-06 -0.000219773 9.93973e-05 4.66161e-05 0.00248353 -0.00549503
20.04 1.30604e-05 -0.000297115 4.76464e-05 2.39692e-05 0.00118922 -0.0074294
20.06 1.78486e-05 -0.000363121 -9.2061e-06 2.26741e-06 -0.000232682 -0.00908022
20.08 2.20507e-05 -0.000415935 -6.79385e-05 -1.77502e-05 -0.0017016 -0.0104011
20.1 2.55613e-05 -0.000455122 -0.000124545 -3.5398e-05 -0.00311736 -0.0113812
20.12 2.82848e-05 -0.000480779 -0.000175696 -5.00182e-05 -0.00439665 -0.0120229
20.14 3.01287e-05 -0.000492637 -0.000219891 -6.10903e-05 -0.00550201 -0.0123195
20.16 3.09893e-05 -0.000488966 -0.000257296 -6.82529e-05 -0.00643751 -0.0122277
20.18 3.07433e-05 -0.000466627 -0.000288268 -7.11008e-05 -0.00721214 -0.011669
20.2 2.93351e-05 -0.000424256 -0.000312315 -6.94485e-05 -0.00781355 -0.0106092
20.22 2.67747e-05 -0.000363294 -0.0003286 -6.39792e-05 -0.00822086 -0.00908457
20.24 2.31373e-05 -0.000287075 -0.000337094 -5.60116e-05 -0.0084333 -0.00717829
20.26 1.85957e-05 -0.00019951 -0.000338241 -4.66277e-05 -0.00846198 -0.00498825
20.28 1.33804e-05 -0.000104342 -0.000330938 -3.63325e-05 -0.00827933 -0.00260807
20.3 7.75882e-06 -5.82028e-06 -0.00031273 -2.53468e-05 -0.00782395 -0.000143991
20.32 1.99321e-06 9.17828e-05 -0.000283278 -1.39036e-05 -0.00708732 0.0022971
20.34 -3.68723e-06 0.000184764 -0.000244696 -2.21723e-06 -0.00612238 0.0046226
20.36 -9.10468e-06 0.00026973 -0.000198721 9.61845e-06 -0.00497254 0.00674764
20.38 -1.41272e-05 0.000343012 -0.000145942 2.16258e-05 -0.00365251 0.00858044
20.4 -1.86504e-05 0.000401697 -8.72894e-05 3.3828e-05 -0.00218558 0.0100482
20.42 -2.25771e-05 0.000445033 -2.54162e-05 4.60433e-05 -0.000638104 0.011132
20.44 -2.58074e-05 0.000473999 3.5828e-05 5.77764e-05 0.000893639 0.0118565
20.46 -2.8242e-05 0.000489678 9.30958e-05 6.83976e-05 0.00232593 0.0122486
20.48 -2.97943e-05 0.000492308 0.000144638 7.74435e-05 0.00361502 0.0123144
20.5 -3.03673e-05 0.00048008 0.000190024 8.46048e-05 0.00475015 0.0120086
20.52 -2.98968e-05 0.000450631 0.000229026 8.95234e-05 0.0057256 0.011272
20.54 -2.8403e-05 0.000404083 0.000260286 9.21517e-05 0.00650744 0.0101079
20.56 -2.59369e-05 0.000343144 0.000281386 9.31966e-05 0.00703515 0.00858374
20.58 -2.25968e-05 0.000271952 0.000291088 9.3638e-05 0.0072778 0.00680321
20.6 -1.85373e-05 0.000193951 0.000290723 9.40066e-05 0.00726867 0.00485237
20.62 -1.39341e-05 0.000111229 0.000281954 9.43011e-05 0.00704935 0.00278346
20.64 -8.96609e-06 2.55365e-05 0.000263655 9.42238e-05 0.0065917 0.000640254
20.66 -3.79036e-06 -6.10069e-05 0.000233392 9.33501e-05 0.00583479 -0.00152423
20.68 1.45949e-06 -0.000145643 0.000191591 9.12753e-05 0.00478934 -0.00364102
20.7 6.66328e-06 -0.000225164 0.000141517 8.76727e-05 0.00353697 -0.00562988
20.72 1.16952e-05 -0.000296377 8.66811e-05 8.22127e-05 0.0021655 -0.00741094
20.74 1.6411e-05 -0.000357048 2.95705e-05 7.45764e-05 0.000737138 -0.00892835
20.76 2.06478e-05 -0.000406414 -2.85014e-05 6.46775e-05 -0.000715265 -0.010163
20.78 2.42363e-05 -0.000444167 -8.66053e-05 5.28475e-05 -0.00216847 -0.0111072
20.8 2.70202e-05 -0.000468991 -0.000143133 3.97379e-05 -0.00358224 -0.0117281
20.82 2.88769e-05 -0.000478921 -0.000195427 2.60482e-05 -0.00489015 -0.0119764
20.84 2.97149e-05 -0.000472426 -0.000240677 1.23516e-05 -0.00602187 -0.011814
20.86 2.94806e-05 -0.000448918 -0.000277466 -8.03972e-07 -0.00694196 -0.0112261
20.88 2.82189e-05 -0.000409517 -0.000306163 -1.28218e-05 -0.00765971 -0.0102406
20.9 2.60213e-05 -0.000355802 -0.000327502 -2.34208e-05 -0.0081934 -0.00889718
20.92 2.29953e-05 -0.000289467 -0.00034151 -3.28198e-05 -0.00854373 -0.00723812
20.94 1.92789e-05 -0.00021274 -0.000348118 -4.12734e-05 -0.00870902 -0.00531914
20.96 1.50143e-05 -0.000128359 -0.000347751 -4.8689e-05 -0.00869983 -0.00320875
20.98 1.03555e-05 -4.02221e-05 -0.000340265 -5.47308e-05 -0.00851261 -0.00100439
21 5.45933e-06 4.74083e-05 -0.000323722 -5.89312e-05 -0.00809885 0.00118728
21.02 4.90712e-07 0.000131033 -0.000296555 -6.06593e-05 -0.00741939 0.00327877
21.04 -4.37781e-06 0.000208166 -0.000260568 -5.93058e-05 -0.00651934 0.0052079
21.06 -8.9657e-06 0.000276465 -0.000219291 -5.45122e-05 -0.005487 0.00691609
21.08 -1.30939e-05 0.000333242 -0.000174964 -4.61417e-05 -0.00437836 0.00833609
21.1 -1.6599e-05 0.000376062 -0.000128176 -3.42414e-05 -0.00320818 0.00940703
21.12 -1.93494e-05 0.000403654 -7.91159e-05 -1.91755e-05 -0.00198115 0.0100971
21.14 -2.12554e-05 0.000416027 -2.89655e-05 -1.69087e-06 -0.000726872 0.0104066
21.16 -2.22669e-05 0.000413814 1.94383e-05 1.72768e-05 0.000483728 0.0103512
21.18 -2.23519e-05 0.000396715 6.25937e-05 3.67949e-05 0.00156306 0.00992357
21.2 -2.15349e-05 0.000364255 9.85212e-05 5.58691e-05 0.00246162 0.00911175
21.22 -1.98652e-05 0.000316113 0.000127694 7.35374e-05 0.00319123 0.0079077
21.24 -1.73936e-05 0.000253186 0.000151556 8.92163e-05 0.00378804 0.00633386
21.26 -1.42014e-05 0.00017859 0.000170603 0.000102696 0.00426441 0.00446818
21.28 -1.03976e-05 9.62397e-05 0.000184196 0.00011386 0.00460439 0.00240857
21.3 -6.13445e-06 1.01451e-05 0.000191539 0.000122556 0.00478804 0.00025531
21.32 -1.59618e-06 -7.6601e-05 0.00019238 0.000128565 0.00480908 -0.00191425
21.34 3.01735e-06 -0.000161795 0.000186861 0.000131599 0.00467104 -0.004045
21.36 7.51481e-06 -0.000243132 0.000174876 0.000131313 0.0043713 -0.00607925
21.38 1.17277e-05 -0.000317228 0.000156594 0.000127368 0.00391404 -0.00793243
21.4 1.55153e-05 -0.000380166 0.000133398 0.000119601 0.0033339 -0.00950653
21.42 1.8763e-05 -0.000429083 0.000106965 0.000108099 0.0026728 -0.01073
21.44 2.138e-05 -0.000463161 7.78792e-05 9.31586e-05 0.00194536 -0.0115823
21.46 2.32984e-05 -0.000483138 4.6e-05 7.52886e-05 0.00114804 -0.0120819
21.48 2.44721e-05 -0.000490222 1.18825e-05 5.52448e-05 0.000294754 -0.0122591
21.5 2.48491e-05 -0.000483957 -2.27215e-05 3.3997e-05 -0.000570707 -0.0121024
21.52 2.43715e-05 -0.000461195 -5.60909e-05 1.28495e-05 -0.00140529 -0.0115331
21.54 2.30198e-05 -0.000418828 -8.77535e-05 -6.67368e-06 -0.00219718 -0.0104735
21.56 2.07804e-05 -0.000356304 -0.000118015 -2.35239e-05 -0.00295403 -0.00890973
21.58 1.76681e-05 -0.000276986 -0.000146808 -3.73948e-05 -0.00367416 -0.00692597
21.6 1.37768e-05 -0.000186878 -0.000173069 -4.82761e-05 -0.00433095 -0.00467233
21.62 9.27487e-06 -9.15115e-05 -0.000194879 -5.61149e-05 -0.00487644 -0.00228717
21.64 4.39767e-06 5.75905e-06 -0.000210535 -6.08209e-05 -0.005268 0.000145612
21.66 -5.98651e-07 0.000103727 -0.000219676 -6.23597e-05 -0.00549661 0.00259584
21.68 -5.47744e-06 0.000200681 -0.000223096 -6.0782e-05 -0.00558217 0.00502069
21.7 -1.00501e-05 0.000292177 -0.000221518 -5.6207e-05 -0.00554269 0.00730904
21.72 -1.41791e-05 0.000371848 -0.000215006 -4.87379e-05 -0.00537982 0.00930165
21.74 -1.77649e-05 0.000434728 -0.00020371 -3.84005e-05 -0.00509731 0.0108743
21.76 -2.07302e-05 0.000479981 -0.000188385 -2.52622e-05 -0.00471401 0.0120061
21.78 -2.30121e-05 0.000510258 -0.000169671 -9.6322e-06 -0.00424597 0.0127634
21.8 -2.45645e-05 0.000528574 -0.000148002 7.85586e-06 -0.00370404 0.0132214
21.82 -2.53621e-05 0.000535732 -0.000124736 2.6366e-05 -0.00312212 0.0134005
21.84 -2.53627e-05 0.000529095 -0.00010228 4.50157e-05 -0.00256049 0.0132345
21.86 -2.45109e-05 0.000504397 -8.23979e-05 6.26533e-05 -0.00206324 0.0126168
21.88 -2.28052e-05 0.00046 -6.50745e-05 7.78874e-05 -0.00162997 0.0115064
21.9 -2.02518e-05 0.000397806 -4.93965e-05 8.98822e-05 -0.00123786 0.00995087
21.92 -1.68861e-05 0.00032227 -3.48147e-05 9.85964e-05 -0.000873163 0.00806167
21.94 -1.28213e-05 0.000238057 -2.17633e-05 0.000104164 -0.000546742 0.00595547
21.96 -8.22693e-06 0.000148035 -1.1498e-05 0.000106529 -0.000290004 0.00370398
21.98 -3.31577e-06 5.35637e-05 -4.93371e-06 0.000105583 -0.000125828 0.00134123
22 1.69972e-06 -4.45414e-05 -1.66143e-06 0.000101393 -4.39864e-05 -0.00111242
22.02 6.63226e-06 -0.000143876 -4.57499e-07 9.42649e-05 -1.38756e-05 -0.00359682
22.04 1.1328e-05 -0.000239248 -5.82452e-07 8.46912e-05 -1.70007e-05 -0.00598213
22.06 1.5652e-05 -0.000324002 -2.3508e-06 7.31978e-05 -6.12279e-05 -0.00810186
22.08 1.94717e-05 -0.000393279 -6.43838e-06 6.02016e-05 -0.00016346 -0.00983451
22.1 2.26513e-05 -0.000445868 -1.30625e-05 4.60173e-05 -0.000329132 -0.0111498
22.12 2.50651e-05 -0.000483214 -2.17117e-05 3.10299e-05 -0.000545452 -0.0120838
22.14 2.66208e-05 -0.000507267 -3.11161e-05 1.58208e-05 -0.000780659 -0.0126854
22.16 2.72768e-05 -0.0005187 -3.95038e-05 1.0881e-06 -0.00099044 -0.0129713
22.18 2.70197e-05 -0.000515846 -4.53469e-05 -1.25335e-05 -0.00113658 -0.0128999
22.2 2.58221e-05 -0.000494106 -4.86445e-05 -2.43089e-05 -0.00121905 -0.0123562
22.22 2.37111e-05 -0.000450308 -5.12511e-05 -3.31553e-05 -0.00128424 -0.0112608
22.24 2.07221e-05 -0.000385543 -5.50203e-05 -3.82586e-05 -0.00137851 -0.00964102
22.26 1.68888e-05 -0.000304583 -5.97488e-05 -3.97017e-05 -0.00149677 -0.00761618
22.28 1.23077e-05 -0.000213034 -6.34903e-05 -3.79687e-05 -0.00159035 -0.00532649
22.3 7.12376e-06 -0.000113745 -6.46111e-05 -3.33138e-05 -0.00161838 -0.00284323
22.32 1.54448e-06 -8.08244e-06 -6.31776e-05 -2.5839e-05 -0.00158253 -0.000200569
22.34 -4.18363e-06 0.000101481 -6.04792e-05 -1.58339e-05 -0.00151504 0.00253966
22.36 -9.79252e-06 0.000209497 -5.73843e-05 -3.92326e-06 -0.00143764 0.00524118
22.38 -1.50241e-05 0.000308531 -5.34994e-05 9.02502e-06 -0.00134048 0.00771806
22.4 -1.96586e-05 0.000392522 -4.79368e-05 2.2175e-05 -0.00120135 0.00981871
22.42 -2.35381e-05 0.000459671 -4.05465e-05 3.50344e-05 -0.00101652 0.0114982
22.44 -2.65736e-05 0.000511511 -3.23113e-05 4.74987e-05 -0.000810552 0.0127947
22.46 -2.87401e-05 0.000549547 -2.46702e-05 5.95275e-05 -0.000619445 0.013746
22.48 -3.0059e-05 0.000573414 -1.8413e-05 7.07982e-05 -0.000462951 0.0143429
22.5 -3.05713e-05 0.000582242 -1.33136e-05 8.07218e-05 -0.000335413 0.0145637
22.52 -3.02748e-05 0.000575402 -9.09181e-06 8.87425e-05 -0.000229823 0.0143926
22.54 -2.90966e-05 0.000550648 -6.18729e-06 9.42724e-05 -0.00015718 0.0137735
22.56 -2.69996e-05 0.000506331 -5.40224e-06 9.65986e-05 -0.000137546 0.0126651
22.58 -2.39505e-05 0.00044271 -7.34531e-06 9.54695e-05 -0.000186143 0.0110739
22.6 -1.9943e-05 0.000362366 -1.20717e-05 9.13317e-05 -0.000304351 0.00906451
22.62 -1.50865e-05 0.000269848 -1.89397e-05 8.48203e-05 -0.000476123 0.00675059
22.64 -9.58654e-06 0.000169771 -2.71994e-05 7.63947e-05 -0.000682701 0.00424763
22.66 -3.73629e-06 6.67819e-05 -3.71946e-05 6.63595e-05 -0.000932687 0.00167182
22.68 2.14978e-06 -3.5698e-05 -5.0654e-05 5.50369e-05 -0.00126931 -0.000891245
22.7 7.79007e-06 -0.000135197 -6.89036e-05 4.29185e-05 -0.00172574 -0.00337976
22.72 1.29787e-05 -0.000228597 -9.06448e-05 3.06658e-05 -0.0022695 -0.00571573
22.74 1.75908e-05 -0.0003116 -0.000112406 1.8886e-05 -0.00281376 -0.00779167
22.76 2.15612e-05 -0.000380637 -0.000131249 7.89612e-06 -0.00328503 -0.00951832
22.78 2.48466e-05 -0.000434623 -0.000146426 -2.24376e-06 -0.00366461 -0.0108685
22.8 2.73931e-05 -0.00047426 -0.000158694 -1.14923e-05 -0.00397144 -0.0118599
22.82 2.91208e-05 -0.000500048 -0.000168574 -1.96586e-05 -0.00421853 -0.0125048
22.84 2.99316e-05 -0.000511402 -0.000175371 -2.63927e-05 -0.00438854 -0.0127888
22.86 2.97076e-05 -0.000505828 -0.000177702 -3.11775e-05 -0.00444684 -0.0126494
22.88 2.83254e-05 -0.000479756 -0.000174703 -3.3336e-05 -0.00437184 -0.0119973
22.9 2.57814e-05 -0.000432659 -0.000166365 -3.24855e-05 -0.00416329 -0.0108194
22.92 2.21647e-05 -0.00036745 -0.000153026 -2.89733e-05 -0.00382967 -0.00918849
22.94 1.76314e-05 -0.00028851 -0.000135233 -2.34123e-05 -0.00338467 -0.00721418
22.96 1.24268e-05 -0.000199873 -0.000113848 -1.60837e-05 -0.00284981 -0.00499733
22.98 6.82128e-06 -0.00010463 -8.99015e-05 -7.04963e-06 -0.00225091 -0.00261527
23 1.08641e-06 -6.35362e-06 -6.41514e-05 3.49506e-06 -0.00160689 -0.00015733
23.02 -4.54803e-06 9.09004e-05 -3.66514e-05 1.51173e-05 -0.0009191 0.00227503
23.04 -9.90528e-06 0.000183186 -7.26164e-06 2.72277e-05 -0.00018405 0.00458314
23.06 -1.48583e-05 0.000267209 2.31539e-05 3.9234e-05 0.000576656 0.00668459
23.08 -1.9304e-05 0.000340239 5.25092e-05 5.07333e-05 0.00131084 0.00851109
23.1 -2.31385e-05 0.000400033 7.87628e-05 6.15556e-05 0.00196746 0.0100066
23.12 -2.62445e-05 0.000445092 0.000101238 7.15564e-05 0.00252956 0.0111335
23.14 -2.85006e-05 0.000474762 0.000120475 8.04322e-05 0.00301071 0.0118756
23.16 -2.98021e-05 0.000489059 0.000137068 8.78265e-05 0.00342569 0.0122332
23.18 -3.00814e-05 0.000488198 0.000150835 9.3534e-05 0.00377 0.0122116
23.2 -2.92817e-05 0.000470874 0.000160726 9.73864e-05 0.00401738 0.0117783
23.22 -2.7435e-05 0.000435842 0.000165124 9.90478e-05 0.00412739 0.0109022
23.24 -2.46334e-05 0.000383362 0.00016218 9.83304e-05 0.00405376 0.00958962
23.26 -2.09788e-05 0.000316011 0.000150634 9.55086e-05 0.00376499 0.00790513
23.28 -1.66146e-05 0.000238439 0.000130906 9.09893e-05 0.00327158 0.00596503
23.3 -1.16963e-05 0.000154589 0.000104808 8.49387e-05 0.00261886 0.00386792
23.32 -6.39846e-06 6.70343e-05 7.43086e-05 7.73575e-05 0.00185606 0.00167813
23.34 -8.9784e-07 -2.25781e-05 4.04949e-05 6.83053e-05 0.00101036 -0.000563112
23.36 4.62993e-06 -0.000112099 3.26364e-06 5.80051e-05 7.91917e-05 -0.00280205
23.38 1.0016e-05 -0.000198149 -3.76625e-05 4.68499e-05 -0.000944387 -0.00495421
23.4 1.50953e-05 -0.000276521 -8.14109e-05 3.532e-05 -0.00203855 -0.00691432
23.42 1.97039e-05 -0.000343513 -0.000125721 2.38145e-05 -0.00314676 -0.00858982
23.44 2.3679e-05 -0.000397083 -0.000167938 1.25652e-05 -0.00420264 -0.00992964
23.46 2.68669e-05 -0.00043661 -0.000206012 1.74367e-06 -0.00515489 -0.0109182
23.48 2.91372e-05 -0.000461671 -0.000238795 -8.40473e-06 -0.00597479 -0.011545
23.5 3.04015e-05 -0.0004715 -0.000266009 -1.75895e-05 -0.00665542 -0.0117908
23.52 3.0612e-05 -0.0004654 -0.000287671 -2.55956e-05 -0.00719719 -0.0116383
23.54 2.97583e-05 -0.00044285 -0.000303411 -3.22126e-05 -0.00759087 -0.0110743
23.56 2.7918e-05 -0.000404435 -0.000312507 -3.70893e-05 -0.00781836 -0.0101135
23.58 2.5202e-05 -0.00035144 -0.000314371 -3.99825e-05 -0.00786498 -0.00878809
23.6 2.17191e-05 -0.000285834 -0.000308809 -4.09846e-05 -0.00772588 -0.00714726
23.62 1.75903e-05 -0.000210197 -0.000295781 -4.0199e-05 -0.00740004 -0.00525554
23.64 1.2929e-05 -0.000126882 -0.000275511 -3.74907e-05 -0.00689308 -0.00317181
23.66 7.86226e-06 -3.88217e-05 -0.000248988 -3.2716e-05 -0.00622974 -0.000969371
23.68 2.53781e-06 5.0281e-05 -0.000217171 -2.59477e-05 -0.00543398 0.00125913
23.7 -2.86485e-06 0.000136553 -0.000180154 -1.74391e-05 -0.00450817 0.00341682
23.72 -8.14063e-06 0.000216661 -0.000137851 -7.53021e-06 -0.00345013 0.00542036
23.74 -1.3072e-05 0.000287571 -9.09949e-05 3.42157e-06 -0.00227825 0.00719385
23.76 -1.74507e-05 0.000346584 -4.14828e-05 1.51235e-05 -0.00103994 0.00866979
23.78 -2.10984e-05 0.000391871 7.86238e-06 2.73622e-05 0.000194208 0.00980244
23.8 -2.38841e-05 0.000422607 5.36998e-05 3.99177e-05 0.00134062 0.0105711
23.82 -2.57323e-05 0.000438543 9.32848e-05 5.25147e-05 0.00233066 0.0109697
23.84 -2.66224e-05 0.000439803 0.000125648 6.48635e-05 0.00314008 0.0110012
23.86 -2.65571e-05 0.000426435 0.000151283 7.66405e-05 0.00378123 0.0106669
23.88 -2.55784e-05 0.00039858 0.000171002 8.73092e-05 0.0042744 0.00997023
23.9 -2.37786e-05 0.000357028 0.000185329 9.6189e-05 0.00463272 0.008931
23.92 -2.12356e-05 0.000302874 0.000194237 0.000102871 0.00485552 0.00757657
23.94 -1.80179e-05 0.000237801 0.000196902 0.000107276 0.00492217 0.00594909
23.96 -1.41971e-05 0.000163932 0.00019172 0.000109372 0.00479257 0.0041016
23.98 -9.85268e-06 8.36863e-05 0.000176904 0.000109041 0.00442201 0.00209461
24 -5.10107e-06 4.89503e-07 0.000152569 0.000106196 0.00381339 1.38191e-05
24.02 -1.09e-07 -8.1314e-05 0.000121062 0.000100969 0.00302537 -0.00203212
24.04 4.91045e-06 -0.000157812 8.45767e-05 9.36332e-05 0.00211287 -0.00394537
24.06 9.72945e-06 -0.00022677 4.38494e-05 8.44036e-05 0.00109426 -0.00567004
24.08 1.41453e-05 -0.00028745 -1.14968e-06 7.33715e-05 -3.11873e-05 -0.00718766
24.1 1.80104e-05 -0.00033953 -4.96041e-05 6.05894e-05 -0.00124305 -0.0084902
24.12 2.12373e-05 -0.000381939 -9.87753e-05 4.62364e-05 -0.00247285 -0.00955088
24.14 2.37806e-05 -0.000412544 -0.000144547 3.07401e-05 -0.00361762 -0.0103163
24.16 2.56096e-05 -0.000429103 -0.000183565 1.47273e-05 -0.00459346 -0.0107305
24.18 2.66894e-05 -0.000431109 -0.000214879 -1.13309e-06 -0.00537664 -0.0107806
24.2 2.69634e-05 -0.00041984 -0.000239551 -1.61794e-05 -0.00599371 -0.0104988
24.22 2.63907e-05 -0.000397159 -0.000259045 -2.96317e-05 -0.00648127 -0.00993153
24.24 2.49863e-05 -0.000364002 -0.000273993 -4.07129e-05 -0.0068551 -0.00910226
24.26 2.27883e-05 -0.000319345 -0.000283623 -4.90523e-05 -0.00709596 -0.00798538
24.28 1.98609e-05 -0.000262239 -0.000286353 -5.46909e-05 -0.00716424 -0.00655713
24.3 1.63001e-05 -0.000194206 -0.000280613 -5.77168e-05 -0.00702068 -0.00485559
24.32 1.22229e-05 -0.00011965 -0.000265069 -5.80506e-05 -0.00663193 -0.00299092
24.34 7.77453e-06 -4.39881e-05 -0.00023971 -5.555e-05 -0.00599768 -0.00109858
24.36 3.12228e-06 2.9166e-05 -0.000206316 -5.01814e-05 -0.00516248 0.000731031
24.38 -1.55457e-06 9.87724e-05 -0.000167355 -4.19564e-05 -0.00418805 0.00247191
24.4 -6.0838e-06 0.000164761 -0.000124849 -3.08729e-05 -0.00312496 0.00412233
24.42 -1.03155e-05 0.000226115 -8.01792e-05 -1.70526e-05 -0.00200775 0.0056568
24.44 -1.41277e-05 0.000280402 -3.48456e-05 -8.62979e-07 -0.000873937 0.00701456
24.46 -1.74199e-05 0.000324581 9.08209e-06 1.70821e-05 0.000224713 0.00811949
24.48 -2.01031e-05 0.000356219 4.94194e-05 3.59781e-05 0.00123357 0.00891076
24.5 -2.2097e-05 0.000374721 8.47822e-05 5.49166e-05 0.00211801 0.00937349
24.52 -2.33371e-05 0.000381494 0.000114872 7.3021e-05 0.00287055 0.00954289
24.54 -2.37796e-05 0.000378045 0.00013966 8.95481e-05 0.00349053 0.00945664
24.56 -2.34037e-05 0.000364006 0.000158565 0.000103833 0.00396333 0.00910551
24.58 -2.22319e-05 0.000337884 0.000170377 0.000115217 0.00425875 0.0084522
24.6 -2.03094e-05 0.00029899 0.000173702 0.000123251 0.00434193 0.00747945
24.62 -1.76939e-05 0.000249035 0.000167507 0.000127907 0.004187 0.00623005
24.64 -1.44685e-05 0.000191717 0.00015159 0.000129334 0.00378889 0.0047965
24.66 -1.07362e-05 0.00013062 0.000126745 0.000127551 0.00316752 0.00326843
24.68 -6.6229e-06 6.77689e-05 9.40555e-05 0.000122457 0.00234993 0.0016965
24.7 -2.26786e-06 3.51365e-06 5.44563e-05 0.000113931 0.00135954 8.94542e-05
24.72 2.18202e-06 -6.16596e-05 9.36011e-06 0.00010193 0.000231667 -0.00154056
24.74 6.57981e-06 -0.000125495 -3.90839e-05 8.66412e-05 -0.000979937 -0.00313709
24.76 1.07832e-05 -0.000184466 -8.85956e-05 6.85475e-05 -0.00221825 -0.004612
24.78 1.46579e-05 -0.000235728 -0.000137284 4.83532e-05 -0.00343596 -0.00589409
24.8 1.80796e-05 -0.000278103 -0.00018345 2.68896e-05 -0.00459058 -0.00695389
24.82 2.09364e-05 -0.000311337 -0.000225368 5.09013e-06 -0.00563897 -0.0077851
24.84 2.31358e-05 -0.000335068 -0.000261767 -1.60295e-05 -0.00654933 -0.0083786
24.86 2.46131e-05 -0.000348628 -0.000292158 -3.54795e-05 -0.00730941 -0.00871775
24.88 2.5335e-05 -0.000351566 -0.000316054 -5.24604e-05 -0.00790707 -0.00879124
24.9 2.52895e-05 -0.000343769 -0.000332249 -6.64417e-05 -0.00831211 -0.00859624
24.92 2.44872e-05 -0.000325352 -0.000339426 -7.70443e-05 -0.00849161 -0.00813562
24.94 2.29671e-05 -0.00029679 -0.000337282 -8.3909e-05 -0.00843801 -0.00742125
24.96 2.07743e-05 -0.000258813 -0.000326253 -8.68158e-05 -0.00816215 -0.00647146
24.98 1.79644e-05 -0.000212686 -0.000306431 -8.57451e-05 -0.00766639 -0.0053178
25 1.46129e-05 -0.000160193 -0.000278049 -8.07308e-05 -0.00695655 -0.00400492
25.02 1.08148e-05 -0.0001033 -0.000241841 -7.18326e-05 -0.00605098 -0.002582
25.04 6.68819e-06 -4.40057e-05 -0.000198351 -5.91714e-05 -0.00496328 -0.00109903
25.06 2.36916e-06 1.58391e-05 -0.00014827 -4.29719e-05 -0.00371073 0.000397718
25.08 -1.99377e-06 7.43535e-05 -9.33704e-05 -2.36827e-05 -0.00233767 0.00186119
25.1 -6.24831e-06 0.000129414 -3.62592e-05 -2.03441e-06 -0.00090929 0.00323827
25.12 -1.02469e-05 0.000178763 2.08552e-05 2.10347e-05 0.000519164 0.0044725
25.14 -1.38551e-05 0.00022043 7.6492e-05 4.45194e-05 0.00191066 0.00551461
25.16 -1.6959e-05 0.000253233 0.000129254 6.74579e-05 0.00323027 0.00633503
25.18 -1.94704e-05 0.00027687 0.000177454 8.89895e-05 0.00443577 0.00692622
25.2 -2.13293e-05 0.000291472 0.000219269 0.000108382 0.00548157 0.00729141
25.22 -2.25006e-05 0.000297074 0.000253023 0.000125042 0.00632577 0.00743151
25.24 -2.29656e-05 0.000293286 0.00027757 0.000138519 0.00693971 0.00733677
25.26 -2.27165e-05 0.000279457 0.000292861 0.00014846 0.00732215 0.00699092
25.28 -2.17652e-05 0.000255557 0.000299955 0.000154583 0.00749957 0.00639317
25.3 -2.01405e-05 0.00022285 0.00029978 0.000156781 0.0074952 0.00557514
25.32 -1.78888e-05 0.000183735 0.00029081 0.000155169 0.00727085 0.00459686
25.34 -1.50767e-05 0.000140402 0.000268919 0.000149836 0.00672335 0.00351308
25.36 -1.17869e-05 9.38878e-05 0.00023219 0.000140847 0.00580473 0.00234975
25.38 -8.12156e-06 4.4942e-05 0.000183285 0.000128517 0.00458161 0.00112559
25.4 -4.20249e-06 -4.92577e-06 0.000126042 0.000113248 0.00314992 -0.000121619
25.42 -1.68542e-07 -5.32496e-05 6.2765e-05 9.52942e-05 0.00156734 -0.00133022
25.44 3.82979e-06 -9.73806e-05 -5.31064e-06 7.49621e-05 -0.000135255 -0.00243395
25.46 7.63934e-06 -0.000135505 -7.64545e-05 5.28144e-05 -0.00191459 -0.00338747
25.48 1.11159e-05 -0.000166922 -0.000147653 2.96449e-05 -0.00369529 -0.00417322
25.5 1.4137e-05 -0.000191543 -0.000214872 6.374e-06 -0.00537647 -0.004789
25.52 1.66117e-05 -0.000209259 -0.0002742 -1.60299e-05 -0.00686029 -0.00523207
25.54 1.8484e-05 -0.000219715 -0.000323327 -3.66539e-05 -0.00808898 -0.00549359
25.56 1.9728e-05 -0.00022243 -0.000362175 -5.47293e-05 -0.00906059 -0.00556149
25.58 2.03364e-05 -0.000216968 -0.000391837 -6.96528e-05 -0.00980244 -0.00542489
25.6 2.0315e-05 -0.000203365 -0.000412993 -8.101e-05 -0.0103316 -0.00508466
25.62 1.96845e-05 -0.00018249 -0.000425432 -8.86619e-05 -0.0106427 -0.00456258
25.64 1.84787e-05 -0.000155957 -0.000428895 -9.27857e-05 -0.0107293 -0.00389897
25.66 1.67458e-05 -0.000125556 -0.000423018 -9.37068e-05 -0.0105823 -0.00313863
25.68 1.45412e-05 -9.25342e-05 -0.000405313 -9.15918e-05 -0.0101395 -0.00231274
25.7 1.19211e-05 -5.74201e-05 -0.000372525 -8.63818e-05 -0.00931945 -0.00143452
25.72 8.94414e-06 -2.05116e-05 -0.000325499 -7.80052e-05 -0.00814329 -0.000511427
25.74 5.67852e-06 1.74478e-05 -0.000268453 -6.64352e-05 -0.00671656 0.000437953
25.76 2.20932e-06 5.50421e-05 -0.00020479 -5.1613e-05 -0.00512431 0.0013782
25.78 -1.35806e-06 9.05846e-05 -0.000136259 -3.3546e-05 -0.00341032 0.00226713
25.8 -4.89941e-06 0.000122771 -6.43649e-05 -1.25252e-05 -0.00161223 0.00307213
25.82 -8.28061e-06 0.000150897 8.52128e-06 1.07417e-05 0.000210687 0.00377557
25.84 -1.13724e-05 0.000174574 7.92102e-05 3.51623e-05 0.00197865 0.00436773
25.86 -1.40667e-05 0.000193613 0.000144095 5.94484e-05 0.00360143 0.00484393
25.88 -1.62868e-05 0.000207837 0.000199983 8.23867e-05 0.00499923 0.00519967
25.9 -1.79865e-05 0.000216736 0.000245382 0.000103021 0.00613467 0.00542224
25.92 -1.91407e-05 0.000219491 0.000280824 0.000120669 0.0070211 0.00549113
25.94 -1.97328e-05 0.000215338 0.000307398 0.000134908 0.00768571 0.00538726
25.96 -1.97492e-05 0.000204026 0.00032522 0.000145624 0.00813145 0.00510435
25.98 -1.91828e-05 0.000185973 0.000333897 0.000153003 0.00834847 0.00465283
26 -1.80379e-05 0.000162097 0.000333847 0.000157344 0.00834721 0.00405568
26.02 -1.63364e-05 0.000133646 0.000325175 0.000158808 0.00813032 0.00334413
26.04 -1.41158e-05 0.000101721 0.000304787 0.000157265 0.00762041 0.00254566
26.06 -1.14265e-05 6.68097e-05 0.000268651 0.000152379 0.00671663 0.00167251
26.08 -8.33516e-06 2.91581e-05 0.000217777 0.000143857 0.00544425 0.000730832
26.1 -4.93316e-06 -1.01809e-05 0.000157368 0.00013151 0.0039334 -0.000253052
26.12 -1.34131e-06 -4.89334e-05 9.19209e-05 0.000115276 0.00229655 -0.00122227
26.14 2.29638e-06 -8.474e-05 2.37666e-05 9.53675e-05 0.00059198 -0.00211781
26.16 5.82755e-06 -0.000116397 -4.60282e-05 7.24154e-05 -0.00115362 -0.00290957
26.18 9.11146e-06 -0.000143871 -0.000116415 4.74495e-05 -0.00291401 -0.00359671
26.2 1.20344e-05 -0.000167433 -0.000184923 2.17763e-05 -0.00462744 -0.00418599
26.22 1.45154e-05 -0.000186827 -0.000246811 -3.22037e-06 -0.00617528 -0.00467104
26.24 1.65023e-05 -0.000200958 -0.000297148 -2.63287e-05 -0.00743422 -0.00502446
26.26 1.79628e-05 -0.000208351 -0.000334371 -4.66598e-05 -0.0083652 -0.00520937
26.28 1.88788e-05 -0.000208379 -0.000360854 -6.36284e-05 -0.00902755 -0.00521008
26.3 1.92467e-05 -0.000202051 -0.000379725 -7.69101e-05 -0.00949951 -0.0050518
26.32 1.90835e-05 -0.000191403 -0.00039187 -8.64673e-05 -0.00980326 -0.0047855
26.34 1.84259e-05 -0.0001779 -0.00039608 -9.24951e-05 -0.00990856 -0.00444779
26.36 1.73189e-05 -0.000161565 -0.00039065 -9.52135e-05 -0.00977276 -0.00403922
26.38 1.5798e-05 -0.000141534 -0.000373171 -9.46215e-05 -0.00933559 -0.00353824
26.4 1.38793e-05 -0.000117297 -0.000341379 -9.04839e-05 -0.00854046 -0.00293208
26.42 1.15675e-05 -8.95822e-05 -0.000296721 -8.25924e-05 -0.00742356 -0.00223891
26.44 8.87777e-06 -6.00099e-05 -0.000243465 -7.08632e-05 -0.0060916 -0.0014993
26.46 5.85621e-06 -2.98357e-05 -0.000184836 -5.52293e-05 -0.00462526 -0.000744627
26.48 2.58909e-06 9.51848e-07 -0.000122377 -3.57035e-05 -0.00306312 2.53825e-05
26.5 -8.0059e-07 3.29242e-05 -5.74161e-05 -1.26292e-05 -0.00143843 0.000825023
26.52 -4.1665e-06 6.56999e-05 7.84713e-06 1.31293e-05 0.000193827 0.00164476
26.54 -7.35693e-06 9.73686e-05 7.03629e-05 4.02104e-05 0.00175737 0.0024368
26.56 -1.02332e-05 0.000125442 0.000126672 6.69965e-05 0.00316569 0.00313894
26.58 -1.26849e-05 0.000148217 0.000174021 9.19605e-05 0.00434991 0.00370855
26.6 -1.46387e-05 0.000165265 0.000211636 0.000113915 0.00529066 0.00413492
26.62 -1.60607e-05 0.000176953 0.000240632 0.000132052 0.00601588 0.00442725
26.64 -1.69502e-05 0.000183634 0.000262274 0.000145905 0.00655714 0.00459435
26.66 -1.73266e-05 0.00018515 0.000276592 0.000155376 0.00691524 0.00463226
26.68 -1.72115e-05 0.000180853 0.000282808 0.00016072 0.00707071 0.00452478
26.7 -1.66142e-05 0.000170214 0.000279996 0.000162335 0.00700038 0.00425869
26.72 -1.55253e-05 0.000153596 0.000266137 0.00016046 0.00665376 0.00384306
26.74 -1.39254e-05 0.000132306 0.000238641 0.000155116 0.00596608 0.0033106
26.76 -1.18096e-05 0.000107821 0.000197862 0.00014626 0.00494618 0.00269821
26.78 -9.21223e-06 8.09371e-05 0.000147199 0.000133805 0.00367909 0.00202585
26.8 -6.21804e-06 5.18126e-05 8.98252e-05 0.000117582 0.00224413 0.00129743
26.82 -2.95703e-06 2.07861e-05 2.75268e-05 9.7525e-05 0.000686022 0.000521444
26.84 4.13156e-07 -1.10178e-05 -3.82848e-05 7.39791e-05 -0.000959951 -0.000273983
26.86 3.73125e-06 -4.18218e-05 -0.000105536 4.78676e-05 -0.00264193 -0.0010444
26.88 6.85531e-06 -6.99584e-05 -0.000171349 2.06016e-05 -0.00428794 -0.00174811
26.9 9.67817e-06 -9.46534e-05 -0.000232351 -6.20369e-06 -0.00581362 -0.00236575
26.92 1.21304e-05 -0.000115945 -0.000285467 -3.10592e-05 -0.00714207 -0.00289826
26.94 1.41714e-05 -0.000133742 -0.000328993 -5.28114e-05 -0.00823069 -0.00334338
26.96 1.57754e-05 -0.000147228 -0.00036292 -7.06771e-05 -0.00907922 -0.00368066
26.98 1.69199e-05 -0.00015545 -0.000387864 -8.42345e-05 -0.00970307 -0.0038863
27 1.75815e-05 -0.000158238 -0.000403895 -9.34598e-05 -0.010104 -0.00395601
27.02 1.77377e-05 -0.00015613 -0.000410593 -9.86873e-05 -0.0102715 -0.0039033
27.04 1.73726e-05 -0.000149577 -0.000407822 -0.000100364 -0.0102022 -0.00373941
27.06 1.64811e-05 -0.000138509 -0.000395095 -9.87329e-05 -0.00988393 -0.00346258
27.08 1.50718e-05 -0.00012272 -0.000370325 -9.37348e-05 -0.00926442 -0.00306771
27.1 1.31732e-05 -0.000102524 -0.000332267 -8.52104e-05 -0.00831258 -0.00256259
27.12 1.08418e-05 -7.89092e-05 -0.000284026 -7.30843e-05 -0.00710605 -0.00197198
27.14 8.16268e-06 -5.30824e-05 -0.000230007 -5.73059e-05 -0.00575499 -0.00132604
27.16 5.2377e-06 -2.57285e-05 -0.00017218 -3.78709e-05 -0.00430872 -0.000641903
27.18 2.17362e-06 3.15879e-06 -0.000111331 -1.50733e-05 -0.00278687 8.05791e-05
27.2 -9.2621e-07 3.34578e-05 -4.89154e-05 1.02795e-05 -0.00122583 0.00083837
27.22 -3.96254e-06 6.38979e-05 1.26435e-05 3.68654e-05 0.000313786 0.00159969
27.24 -6.83796e-06 9.21916e-05 7.05659e-05 6.30618e-05 0.00176245 0.00230733
27.26 -9.45695e-06 0.000116519 0.000122099 8.72998e-05 0.0030513 0.00291577
27.28 -1.17304e-05 0.000136567 0.000165414 0.000108381 0.00413465 0.00341717
27.3 -1.3582e-05 0.000152778 0.000200342 0.000125554 0.0050082 0.00382263
27.32 -1.49541e-05 0.000164887 0.000227677 0.00013841 0.00569186 0.00412547
27.34 -1.58105e-05 0.000171654 0.000247698 0.000146832 0.00619259 0.00429472
27.36 -1.61378e-05 0.000171959 0.000259736 0.000151048 0.00649368 0.00430235
27.38 -1.59428e-05 0.000165785 0.000263146 0.000151563 0.00657896 0.00414792
27.4 -1.52474e-05 0.00015419 0.000257718 0.000148859 0.00644321 0.00385794
27.42 -1.40793e-05 0.000138476 0.000242434 0.000143142 0.00606095 0.00346492
27.44 -1.24666e-05 0.000119372 0.000215636 0.00013442 0.00539072 0.00298712
27.46 -1.04414e-05 9.69341e-05 0.00017776 0.000122695 0.00444341 0.00242594
27.48 -8.04701e-06 7.11921e-05 0.00013137 0.000107994 0.00328318 0.00178212
27.5 -5.34705e-06 4.28788e-05 7.8902e-05 9.03647e-05 0.00197094 0.00107399
27.52 -2.42952e-06 1.3393e-05 2.22046e-05 7.00363e-05 0.000552913 0.00033654
27.54 5.93746e-07 -1.59013e-05 -3.68308e-05 4.75923e-05 -0.000923586 -0.000396122
27.56 3.59448e-06 -4.41159e-05 -9.595e-05 2.40199e-05 -0.00240218 -0.00110178
27.58 6.44056e-06 -7.05876e-05 -0.000152689 6.16604e-07 -0.00382126 -0.00176385
27.6 9.01126e-06 -9.44834e-05 -0.000204517 -2.12317e-05 -0.0051175 -0.00236149
27.62 1.12106e-05 -0.00011481 -0.000249275 -4.0324e-05 -0.00623691 -0.00286987
27.64 1.29753e-05 -0.000130705 -0.000285878 -5.58147e-05 -0.00715236 -0.00326741
27.66 1.42745e-05 -0.000141619 -0.000314382 -6.72278e-05 -0.00786525 -0.00354038
27.68 1.51033e-05 -0.000147379 -0.000335132 -7.44306e-05 -0.00838422 -0.00368444
27.7 1.54723e-05 -0.000148159 -0.000348021 -7.76414e-05 -0.00870659 -0.00370394
27.72 1.53969e-05 -0.000144225 -0.000352681 -7.73573e-05 -0.00882312 -0.00360555
27.74 1.48897e-05 -0.00013571 -0.000348818 -7.41169e-05 -0.00872653 -0.00339259
27.76 1.39562e-05 -0.000122769 -0.000335545 -6.82743e-05 -0.00839455 -0.00306893
27.78 1.25992e-05 -0.000105925 -0.000311502 -6.00171e-05 -0.00779323 -0.00264766
27.8 1.08312e-05 -8.60189e-05 -0.000277122 -4.94713e-05 -0.00693336 -0.00214979
27.82 8.68633e-06 -6.37122e-05 -0.000234739 -3.66682e-05 -0.00587335 -0.00159189
27.84 6.22723e-06 -3.92928e-05 -0.000186634 -2.15505e-05 -0.00467024 -0.000981152
27.86 3.54428e-06 -1.30984e-05 -0.000134548 -4.16009e-06 -0.00336755 -0.00032602
27.88 7.49161e-07 1.40332e-05 -8.01869e-05 1.51447e-05 -0.00200794 0.000352552
27.9 -2.03654e-06 4.08402e-05 -2.55275e-05 3.55953e-05 -0.000640887 0.00102301
27.92 -4.69487e-06 6.6073e-05 2.73104e-05 5.60819e-05 0.00068061 0.00165409
27.94 -7.12394e-06 8.8839e-05 7.61788e-05 7.53684e-05 0.00190283 0.00222348
27.96 -9.24558e-06 0.00010863 0.000119212 9.23568e-05 0.0029791 0.00271845
27.98 -1.10066e-05 0.000125051 0.000155341 0.000106245 0.00388272 0.00312916
28 -1.23748e-05 0.000137558 0.000184364 0.000116548 0.00460859 0.00344195
28.02 -1.33322e-05 0.000145534 0.000206277 0.000123097 0.00515665 0.00364143
28.04 -1.38689e-05 0.00014865 0.000220695 0.000126081 0.00551723 0.00371937
28.06 -1.39786e-05 0.000147034 0.000227057 0.00012598 0.00567635 0.00367896
28.08 -1.36579e-05 0.000141028 0.000225101 0.000123331 0.00562744 0.00352875
28.1 -1.29065e-05 0.000130893 0.000214367 0.000118488 0.00535898 0.00327527
28.12 -1.17307e-05 0.00011684 0.000193861 0.000111611 0.00484611 0.00292379
28.14 -1.01512e-05 9.92532e-05 0.000163698 0.000102779 0.00409171 0.00248394
28.16 -8.20969e-06 7.87431e-05 0.000125691 9.19921e-05 0.00314115 0.00197098
28.18 -5.97168e-06 5.60173e-05 8.19787e-05 7.91822e-05 0.00204789 0.00140259
28.2 -3.52347e-06 3.18107e-05 3.43329e-05 6.43629e-05 0.000856248 0.000797176
28.22 -9.65326e-07 6.894e-06 -1.5635e-05 4.78049e-05 -0.00039347 0.000173998
28.24 1.59749e-06 -1.78897e-05 -6.61857e-05 3.01171e-05 -0.00165777 -0.000445853
28.26 4.06359e-06 -4.16199e-05 -0.000115478 1.221e-05 -0.00289059 -0.00103935
28.28 6.34272e-06 -6.33733e-05 -0.000161617 -4.8544e-06 -0.00404453 -0.00158342
28.3 8.36013e-06 -8.23586e-05 -0.000202829 -2.00851e-05 -0.00507526 -0.00205825
28.32 1.00578e-05 -9.79866e-05 -0.000237873 -3.2736e-05 -0.00595174 -0.00244911
28.34 1.13934e-05 -0.000109815 -0.000266239 -4.23537e-05 -0.00666119 -0.00274494
28.36 1.23381e-05 -0.000117478 -0.00028781 -4.87637e-05 -0.00720069 -0.00293659
28.38 1.28743e-05 -0.000120736 -0.000302353 -5.2075e-05 -0.00756442 -0.00301809
28.4 1.29946e-05 -0.000119616 -0.000309323 -5.26461e-05 -0.00773873 -0.00299006
28.42 1.27006e-05 -0.000114389 -0.000308107 -5.09243e-05 -0.00770831 -0.00285935
28.44 1.20011e-05 -0.000105418 -0.000297981 -4.72417e-05 -0.00745505 -0.00263497
28.46 1.09121e-05 -9.30618e-05 -0.000278137 -4.176e-05 -0.00695876 -0.00232594
28.48 9.4589e-06 -7.77381e-05 -0.000248929 -3.45397e-05 -0.00622825 -0.00194269
28.5 7.68051e-06 -5.99491e-05 -0.000212094 -2.55595e-05 -0.005307 -0.00149778
28.52 5.63155e-06 -4.02508e-05 -0.000169509 -1.47316e-05 -0.00424193 -0.00100511
28.54 3.382e-06 -1.92555e-05 -0.000122665 -2.01681e-06 -0.00307034 -0.000480012
28.56 1.01446e-06 2.37151e-06 -7.30074e-05 1.24244e-05 -0.00182838 6.08889e-05
28.58 -1.38059e-06 2.39259e-05 -2.23198e-05 2.81465e-05 -0.00056066 0.000599974
28.6 -3.71067e-06 4.46646e-05 2.73623e-05 4.44286e-05 0.00068191 0.00111866
28.62 -5.88706e-06 6.37975e-05 7.45185e-05 6.03799e-05 0.0018613 0.00159718
28.64 -7.82834e-06 8.06023e-05 0.000117477 7.51161e-05 0.00293571 0.00201747
