0.02 -3.06405e-12 -1.58644e-11 7.14436e-10 1.60799e-11 1.78683e-08 -3.96775e-10
0.04 -2.08341e-11 -2.74076e-10 3.8612e-09 1.74387e-10 9.65703e-08 -6.85477e-09
0.06 -6.08998e-11 -1.30071e-09 2.20978e-09 7.93175e-10 5.52675e-08 -3.25314e-08
0.08 -6.39248e-11 -2.46473e-09 -4.28668e-08 2.14691e-09 -1.07212e-06 -6.1644e-08
0.1 1.61421e-10 2.42254e-09 -2.03401e-07 4.26419e-09 -5.08714e-06 6.05888e-08
0.12 8.28502e-10 3.61994e-08 -5.38609e-07 7.26272e-09 -1.34708e-05 9.05363e-07
0.14 1.84979e-09 1.61047e-07 -1.04013e-06 1.05301e-08 -2.60141e-05 4.02784e-06
0.16 2.65751e-09 4.96734e-07 -1.62917e-06 9.5098e-09 -4.07462e-05 1.24235e-05
0.18 2.51181e-09 1.19516e-06 -2.20352e-06 -5.66894e-09 -5.5111e-05 2.98913e-05
0.2 1.03457e-09 2.36053e-06 -2.6877e-06 -4.50252e-08 -6.72205e-05 5.90379e-05
0.22 -1.6033e-09 3.96607e-06 -3.05521e-06 -1.1071e-07 -7.64121e-05 9.9193e-05
0.24 -4.9605e-09 5.84177e-06 -3.32214e-06 -1.94624e-07 -8.30881e-05 0.000146105
0.26 -8.66833e-09 7.76142e-06 -3.52975e-06 -2.83796e-07 -8.82805e-05 0.000194116
0.28 -1.24426e-08 9.55999e-06 -3.73556e-06 -3.66865e-07 -9.34279e-05 0.000239099
0.3 -1.58386e-08 1.11706e-05 -4.01115e-06 -4.35359e-07 -0.000100321 0.000279382
0.32 -1.8259e-08 1.25709e-05 -4.42309e-06 -4.81935e-07 -0.000110623 0.000314404
0.34 -1.94317e-08 1.37446e-05 -4.98603e-06 -5.01658e-07 -0.000124703 0.000343758
0.36 -1.97967e-08 1.47133e-05 -5.61617e-06 -4.96242e-07 -0.000140463 0.000367987
0.38 -2.02689e-08 1.55703e-05 -6.1336e-06 -4.76112e-07 -0.000153404 0.000389419
0.4 -2.1721e-08 1.64525e-05 -6.33455e-06 -4.59125e-07 -0.00015843 0.000411484
0.42 -2.47267e-08 1.74837e-05 -6.09731e-06 -4.67872e-07 -0.000152496 0.000437275
0.44 -2.93869e-08 1.87222e-05 -5.45495e-06 -5.23032e-07 -0.000136431 0.000468249
0.46 -3.49755e-08 2.00968e-05 -4.59099e-06 -6.29869e-07 -0.000114823 0.00050263
0.48 -3.9923e-08 2.13511e-05 -3.75168e-06 -7.66008e-07 -9.3831e-05 0.000534
0.5 -4.27158e-08 2.2095e-05 -3.10184e-06 -8.86111e-07 -7.75783e-05 0.000552606
0.52 -4.31383e-08 2.20214e-05 -2.61192e-06 -9.47866e-07 -6.53251e-05 0.000550764
0.54 -4.25411e-08 2.11635e-05 -2.09609e-06 -9.43268e-07 -5.2424e-05 0.000529309
0.56 -4.26404e-08 1.99578e-05 -1.40874e-06 -9.09848e-07 -3.52331e-05 0.000499154
0.58 -4.3807e-08 1.89624e-05 -6.29448e-07 -9.05988e-07 -1.57428e-05 0.000474257
0.6 -4.43888e-08 1.83663e-05 -5.4716e-08 -9.61155e-07 -1.36847e-06 0.000459348
0.62 -4.18894e-08 1.7712e-05 5.60685e-09 -1.042e-06 1.4023e-07 0.000442985
0.64 -3.51125e-08 1.61842e-05 -5.45427e-07 -1.07097e-06 -1.36413e-05 0.000404774
0.66 -2.50443e-08 1.32622e-05 -1.53824e-06 -9.82751e-07 -3.84719e-05 0.000331693
0.68 -1.34266e-08 9.0983e-06 -2.71421e-06 -7.64737e-07 -6.78835e-05 0.000227552
0.7 -8.59301e-10 4.29478e-06 -3.9873e-06 -4.5298e-07 -9.97239e-05 0.000107414
0.72 1.32782e-08 -5.81137e-07 -5.5397e-06 -1.00192e-07 -0.00013855 -1.45345e-05
0.74 2.9512e-08 -5.25971e-06 -7.63178e-06 2.58195e-07 -0.000190874 -0.000131548
0.76 4.7419e-08 -9.71087e-06 -1.02823e-05 6.23743e-07 -0.000257163 -0.000242873
0.78 6.55793e-08 -1.39565e-05 -1.31275e-05 1.02684e-06 -0.000328323 -0.000349058
0.8 8.18111e-08 -1.79171e-05 -1.56253e-05 1.49161e-06 -0.000390795 -0.000448113
0.82 9.41406e-08 -2.13837e-05 -1.74577e-05 2.00493e-06 -0.000436624 -0.000534815
0.84 1.02596e-07 -2.41631e-05 -1.87881e-05 2.5239e-06 -0.000469898 -0.000604329
0.86 1.09745e-07 -2.62763e-05 -2.0113e-05 3.01441e-06 -0.000503034 -0.000657181
0.88 1.182e-07 -2.79417e-05 -2.17777e-05 3.47534e-06 -0.00054467 -0.000698833
0.9 1.27233e-07 -2.9264e-05 -2.35705e-05 3.91951e-06 -0.000589507 -0.000731906
0.92 1.32634e-07 -2.99389e-05 -2.48138e-05 4.33478e-06 -0.000620603 -0.000748783
0.94 1.30457e-07 -2.93525e-05 -2.49274e-05 4.6704e-06 -0.000623445 -0.000734117
0.96 1.2079e-07 -2.70787e-05 -2.39635e-05 4.86481e-06 -0.000599338 -0.000677249
0.98 1.07819e-07 -2.33495e-05 -2.26176e-05 4.88912e-06 -0.000565676 -0.00058398
1 9.6604e-08 -1.90397e-05 -2.17084e-05 4.76702e-06 -0.000542937 -0.000476191
1.02 8.97186e-08 -1.51577e-05 -2.14728e-05 4.55819e-06 -0.000537043 -0.000379099
1.04 8.57599e-08 -1.24031e-05 -2.0854e-05 4.33455e-06 -0.000521566 -0.000310206
1.06 7.8835e-08 -1.11676e-05 -1.74465e-05 4.16213e-06 -0.000436344 -0.000279306
1.08 6.00783e-08 -1.15136e-05 -9.38263e-06 4.03393e-06 -0.000234664 -0.000287961
1.1 2.59733e-08 -1.28348e-05 2.01122e-06 3.77797e-06 5.03014e-05 -0.000321003
1.12 -1.19995e-08 -1.389e-05 1.24405e-05 3.13354e-06 0.000311141 -0.000347394
1.14 -3.34144e-08 -1.35686e-05 1.80595e-05 2.02075e-06 0.000451676 -0.000339356
1.16 -2.9928e-08 -1.16405e-05 1.84077e-05 6.76737e-07 0.000460385 -0.000291134
1.18 -1.57114e-08 -8.80049e-06 1.64978e-05 -5.31694e-07 0.000412618 -0.000220104
1.2 -1.31909e-08 -6.04161e-06 1.61805e-05 -1.37798e-06 0.000404681 -0.000151103
1.22 -3.02884e-08 -3.90958e-06 1.87122e-05 -1.89295e-06 0.000468001 -9.77802e-05
1.24 -5.36728e-08 -2.32132e-06 2.20308e-05 -2.33321e-06 0.000550999 -5.80573e-05
1.26 -6.49185e-08 -9.65522e-07 2.35848e-05 -3.00438e-06 0.000589865 -2.41481e-05
1.28 -6.11729e-08 3.90163e-07 2.29268e-05 -4.00355e-06 0.000573408 9.75813e-06
1.3 -5.53013e-08 1.93738e-06 2.11635e-05 -5.13518e-06 0.000529309 4.84547e-05
1.32 -5.62304e-08 3.76205e-06 1.88124e-05 -6.07203e-06 0.000470505 9.40904e-05
1.34 -5.62936e-08 5.51496e-06 1.48206e-05 -6.52017e-06 0.000370669 0.000137931
1.36 -4.08084e-08 6.38347e-06 7.51625e-06 -6.29024e-06 0.000187984 0.000159653
1.38 -5.14391e-09 5.67302e-06 -3.3816e-06 -5.37345e-06 -8.45753e-05 0.000141885
1.4 4.05012e-08 3.18092e-06 -1.50385e-05 -3.93312e-06 -0.000376119 7.95562e-05
1.42 7.80506e-08 -1.25639e-06 -2.20051e-05 -2.14284e-06 -0.000550356 -3.14227e-05
1.44 9.06576e-08 -7.92099e-06 -2.0393e-05 -1.61341e-07 -0.000510039 -0.000198107
1.46 7.51063e-08 -1.62624e-05 -1.25386e-05 1.67313e-06 -0.000313595 -0.000406731
1.48 5.2775e-08 -2.44049e-05 -5.88216e-06 2.92396e-06 -0.000147115 -0.000610377
1.5 5.66273e-08 -3.03056e-05 -6.30382e-06 3.54359e-06 -0.000157661 -0.000757956
1.52 9.59603e-08 -3.31497e-05 -1.35048e-05 4.05325e-06 -0.000337762 -0.000829089
1.54 1.43569e-07 -3.36079e-05 -2.25971e-05 5.0614e-06 -0.000565164 -0.000840549
1.56 1.6741e-07 -3.33597e-05 -2.8733e-05 6.76528e-06 -0.000718624 -0.00083434
1.58 1.64777e-07 -3.42048e-05 -3.03799e-05 8.90457e-06 -0.000759814 -0.000855475
1.6 1.55846e-07 -3.66351e-05 -2.92878e-05 1.08725e-05 -0.0007325 -0.00091626
1.62 1.53265e-07 -3.90058e-05 -2.75293e-05 1.1882e-05 -0.00068852 -0.000975551
1.64 1.49339e-07 -3.87548e-05 -2.46573e-05 1.14348e-05 -0.00061669 -0.000969273
1.66 1.29021e-07 -3.47138e-05 -1.84836e-05 9.75459e-06 -0.000462283 -0.000868205
1.68 8.7976e-08 -2.80206e-05 -8.74274e-06 7.57184e-06 -0.00021866 -0.000700808
1.7 3.95371e-08 -2.09898e-05 1.0997e-06 5.52629e-06 2.7504e-05 -0.000524964
1.72 6.15289e-09 -1.53593e-05 6.47957e-06 3.90709e-06 0.000162057 -0.000384142
1.74 -3.47709e-10 -1.11e-05 5.92048e-06 2.72876e-06 0.000148074 -0.000277616
1.76 7.96779e-09 -6.39802e-06 2.35079e-06 1.76143e-06 5.87942e-05 -0.000160017
1.78 5.75957e-09 6.96824e-07 6.47937e-07 6.07196e-07 1.62052e-05 1.74279e-05
1.8 -2.10681e-08 1.00295e-05 3.98563e-06 -1.02385e-06 9.96821e-05 0.000250842
1.82 -6.53529e-08 1.91512e-05 1.17923e-05 -3.14341e-06 0.00029493 0.00047898
1.84 -1.10338e-07 2.58407e-05 2.04961e-05 -5.60397e-06 0.000512617 0.000646286
1.86 -1.43993e-07 3.04694e-05 2.64014e-05 -8.19841e-06 0.000660309 0.000762052
1.88 -1.63474e-07 3.54931e-05 2.8393e-05 -1.05782e-05 0.000710121 0.000887697
1.9 -1.73758e-07 4.27822e-05 2.81409e-05 -1.22727e-05 0.000703816 0.00107
1.92 -1.83136e-07 5.15196e-05 2.7991e-05 -1.29422e-05 0.000700067 0.00128853
1.94 -1.95359e-07 5.84756e-05 2.90059e-05 -1.25913e-05 0.000725451 0.0014625
1.96 -2.0596e-07 6.04614e-05 3.07815e-05 -1.15461e-05 0.000769858 0.00151216
1.98 -2.08693e-07 5.70172e-05 3.24562e-05 -1.03013e-05 0.000811742 0.00142602
2 -2.0359e-07 5.08667e-05 3.36521e-05 -9.32211e-06 0.000841654 0.0012722
2.02 -1.95591e-07 4.54189e-05 3.46593e-05 -8.78357e-06 0.000866843 0.00113595
2.04 -1.86948e-07 4.15651e-05 3.57805e-05 -8.39902e-06 0.000894884 0.00103956
2.06 -1.73924e-07 3.69124e-05 3.64548e-05 -7.58166e-06 0.000911749 0.000923195
2.08 -1.49996e-07 2.81226e-05 3.51989e-05 -5.86777e-06 0.000880339 0.000703357
2.1 -1.10692e-07 1.40248e-05 3.06489e-05 -3.23533e-06 0.000766543 0.000350765
2.12 -5.7034e-08 -3.21034e-06 2.26701e-05 -1.05902e-07 0.000566989 -8.0292e-05
2.14 4.0611e-09 -1.96236e-05 1.23644e-05 2.88982e-06 0.000309238 -0.000490794
2.16 6.41614e-08 -3.23533e-05 1.09369e-06 5.22827e-06 2.73537e-05 -0.000809171
2.18 1.1903e-07 -4.13884e-05 -1.03276e-05 6.74309e-06 -0.000258297 -0.00103514
2.2 1.68856e-07 -4.86772e-05 -2.1547e-05 7.64875e-06 -0.000538899 -0.00121744
2.22 2.13294e-07 -5.56624e-05 -3.20681e-05 8.31937e-06 -0.000802036 -0.00139214
2.24 2.48557e-07 -6.18081e-05 -4.09384e-05 9.0198e-06 -0.00102389 -0.00154585
2.26 2.69928e-07 -6.53391e-05 -4.72055e-05 9.78695e-06 -0.00118063 -0.00163416
2.28 2.76645e-07 -6.51468e-05 -5.08171e-05 1.04827e-05 -0.00127096 -0.00162935
2.3 2.74563e-07 -6.20681e-05 -5.29027e-05 1.09328e-05 -0.00132312 -0.00155235
2.32 2.72822e-07 -5.84572e-05 -5.48446e-05 1.10544e-05 -0.00137169 -0.00146204
2.34 2.75704e-07 -5.63091e-05 -5.70465e-05 1.08836e-05 -0.00142676 -0.00140832
2.36 2.7832e-07 -5.55493e-05 -5.86277e-05 1.04942e-05 -0.0014663 -0.00138931
2.38 2.71633e-07 -5.41546e-05 -5.80339e-05 9.91739e-06 -0.00145145 -0.00135443
2.4 2.50387e-07 -5.00422e-05 -5.39215e-05 9.16073e-06 -0.0013486 -0.00125158
2.42 2.15416e-07 -4.29284e-05 -4.59735e-05 8.26525e-06 -0.00114982 -0.00107366
2.44 1.71161e-07 -3.44845e-05 -3.51733e-05 7.28432e-06 -0.0008797 -0.000862472
2.46 1.2323e-07 -2.68276e-05 -2.31207e-05 6.21694e-06 -0.000578258 -0.000670968
2.48 7.64338e-08 -2.08566e-05 -1.09888e-05 5.00344e-06 -0.000274835 -0.000521631
2.5 3.226e-08 -1.57786e-05 8.43078e-07 3.56892e-06 2.10857e-05 -0.000394628
2.52 -1.16488e-08 -9.94019e-06 1.23447e-05 1.85273e-06 0.000308747 -0.000248608
2.54 -5.73264e-08 -2.23221e-06 2.31935e-05 -1.36611e-07 0.00058008 -5.58284e-05
2.56 -1.01676e-07 6.9517e-06 3.25749e-05 -2.24876e-06 0.000814711 0.000173865
2.58 -1.38449e-07 1.60455e-05 3.97678e-05 -4.23457e-06 0.00099461 0.000401304
2.6 -1.65723e-07 2.36428e-05 4.50284e-05 -5.91001e-06 0.00112618 0.000591317
2.62 -1.88579e-07 2.94425e-05 4.95269e-05 -7.26399e-06 0.00123869 0.000736369
2.64 -2.12354e-07 3.39533e-05 5.40501e-05 -8.42528e-06 0.00135182 0.000849187
2.66 -2.34421e-07 3.74462e-05 5.79581e-05 -9.5423e-06 0.00144956 0.000936546
2.68 -2.4451e-07 3.914e-05 5.96906e-05 -1.06264e-05 0.00149289 0.000978907
2.7 -2.34033e-07 3.74451e-05 5.81112e-05 -1.1472e-05 0.00145339 0.000936517
2.72 -2.04766e-07 3.14639e-05 5.31651e-05 -1.17941e-05 0.00132968 0.000786926
2.74 -1.66788e-07 2.24918e-05 4.54559e-05 -1.14692e-05 0.00113687 0.000562529
2.76 -1.27497e-07 1.36228e-05 3.54661e-05 -1.05951e-05 0.000887023 0.000340712
2.78 -8.52208e-08 7.41729e-06 2.32472e-05 -9.33693e-06 0.000581422 0.000185509
2.8 -3.52913e-08 3.93571e-06 8.91353e-06 -7.7839e-06 0.000222931 9.84338e-05
2.82 2.02605e-08 1.12902e-06 -6.65402e-06 -5.93232e-06 -0.00016642 2.82373e-05
2.84 7.30971e-08 -3.04809e-06 -2.20804e-05 -3.74779e-06 -0.000552239 -7.62341e-05
2.86 1.18916e-07 -9.07097e-06 -3.6813e-05 -1.24388e-06 -0.000920709 -0.000226869
2.88 1.63791e-07 -1.60342e-05 -5.18227e-05 1.48937e-06 -0.00129611 -0.000401023
2.9 2.17401e-07 -2.27953e-05 -6.8459e-05 4.35919e-06 -0.00171219 -0.00057012
2.92 2.80472e-07 -2.8623e-05 -8.64724e-05 7.35175e-06 -0.00216271 -0.000715873
2.94 3.40008e-07 -3.2863e-05 -0.000103171 1.04757e-05 -0.00258035 -0.000821916
2.96 3.76587e-07 -3.4403e-05 -0.000114578 1.36159e-05 -0.00286563 -0.000860434
2.98 3.77205e-07 -3.19658e-05 -0.000117955 1.64754e-05 -0.00295009 -0.000799478
3 3.44665e-07 -2.52238e-05 -0.000113931 1.86625e-05 -0.00284946 -0.000630857
3.02 2.96997e-07 -1.56098e-05 -0.000106211 1.98708e-05 -0.00265638 -0.000390409
3.04 2.55299e-07 -5.79943e-06 -9.86458e-05 2.00686e-05 -0.00246717 -0.000145046
3.06 2.27427e-07 1.97199e-06 -9.2177e-05 1.95368e-05 -0.00230539 4.93202e-05
3.08 2.02086e-07 7.43998e-06 -8.45208e-05 1.86382e-05 -0.0021139 0.000186077
3.1 1.60971e-07 1.22712e-05 -7.27207e-05 1.75125e-05 -0.00181877 0.000306908
3.12 9.76208e-08 1.83935e-05 -5.60377e-05 1.6011e-05 -0.00140153 0.00046003
3.14 2.28134e-08 2.64143e-05 -3.66323e-05 1.38597e-05 -0.000916188 0.000660633
3.16 -4.83957e-08 3.57853e-05 -1.75781e-05 1.08121e-05 -0.000439636 0.000895005
3.18 -1.11815e-07 4.60906e-05 -3.35636e-08 6.75106e-06 -8.39441e-07 0.00115275
3.2 -1.75375e-07 5.73985e-05 1.77092e-05 1.8115e-06 0.000442916 0.00143556
3.22 -2.48529e-07 6.92572e-05 3.81377e-05 -3.60246e-06 0.00095384 0.00173215
3.24 -3.31833e-07 8.00576e-05 6.13949e-05 -9.02794e-06 0.00153551 0.00200227
3.26 -4.1385e-07 8.78407e-05 8.44715e-05 -1.41681e-05 0.00211267 0.00219693
3.28 -4.77067e-07 9.15631e-05 0.000103517 -1.88796e-05 0.00258901 0.00229003
3.3 -5.1057e-07 9.15243e-05 0.000116674 -2.30389e-05 0.00291806 0.00228906
3.32 -5.19015e-07 8.88424e-05 0.000124774 -2.65177e-05 0.00312065 0.00222198
3.34 -5.1666e-07 8.45234e-05 0.000129817 -2.92228e-05 0.00324677 0.00211397
3.36 -5.11963e-07 7.88054e-05 0.000132909 -3.10802e-05 0.00332411 0.00197096
3.38 -5.00582e-07 7.13669e-05 0.000133248 -3.20238e-05 0.00333258 0.00178492
3.4 -4.71994e-07 6.20101e-05 0.000128762 -3.20198e-05 0.0032204 0.0015509
3.42 -4.18332e-07 5.06855e-05 0.000117818 -3.10135e-05 0.00294667 0.00126767
3.44 -3.38053e-07 3.68783e-05 0.000100549 -2.88376e-05 0.00251477 0.000922341
3.46 -2.36694e-07 1.96492e-05 7.87742e-05 -2.52829e-05 0.00197018 0.000491433
3.48 -1.24845e-07 -1.33527e-06 5.47974e-05 -2.03176e-05 0.00137051 -3.33957e-05
3.5 -1.20676e-08 -2.49624e-05 3.02414e-05 -1.42096e-05 0.000756351 -0.000624321
3.52 9.78562e-08 -4.89047e-05 5.64804e-06 -7.43775e-06 0.00014126 -0.00122313
3.54 2.0527e-07 -7.06427e-05 -1.92215e-05 -4.93589e-07 -0.000480737 -0.0017668
3.56 3.10523e-07 -8.86221e-05 -4.46971e-05 6.30202e-06 -0.00111789 -0.00221648
3.58 4.12448e-07 -0.000102928 -7.03898e-05 1.28774e-05 -0.00176048 -0.00257428
3.6 5.07515e-07 -0.000114872 -9.47156e-05 1.93145e-05 -0.00236888 -0.002873
3.62 5.87942e-07 -0.000125525 -0.000115271 2.56154e-05 -0.00288298 -0.00313943
3.64 6.43624e-07 -0.000134428 -0.000130074 3.15191e-05 -0.00325319 -0.00336211
3.66 6.70422e-07 -0.000139929 -0.000138865 3.65465e-05 -0.00347306 -0.00349968
3.68 6.76327e-07 -0.000140974 -0.0001433 4.02485e-05 -0.003584 -0.00352582
3.7 6.75517e-07 -0.000138445 -0.000145603 4.24323e-05 -0.00364159 -0.00346258
3.72 6.74624e-07 -0.000134396 -0.000146756 4.31743e-05 -0.00367044 -0.00336129
3.74 6.66483e-07 -0.000129837 -0.000145833 4.26419e-05 -0.00364734 -0.00324728
3.76 6.37716e-07 -0.000123362 -0.000140792 4.09139e-05 -0.00352126 -0.00308533
3.78 5.79765e-07 -0.000112028 -0.000129821 3.79376e-05 -0.00324688 -0.00280188
3.8 4.92235e-07 -9.37021e-05 -0.000112367 3.36077e-05 -0.00281035 -0.00234353
3.82 3.80285e-07 -6.88283e-05 -8.94294e-05 2.78821e-05 -0.00223667 -0.00172142
3.84 2.5232e-07 -4.02975e-05 -6.29017e-05 2.08822e-05 -0.0015732 -0.00100786
3.86 1.1748e-07 -1.16101e-05 -3.44754e-05 1.29256e-05 -0.000862244 -0.000290374
3.88 -1.84757e-08 1.5253e-05 -5.23292e-06 4.43054e-06 -0.000130878 0.000381485
3.9 -1.53727e-07 4.05779e-05 2.38097e-05 -4.23536e-06 0.00059549 0.00101487
3.92 -2.84743e-07 6.55734e-05 5.12928e-05 -1.27718e-05 0.00128285 0.00164002
3.94 -4.02693e-07 9.00977e-05 7.59612e-05 -2.08116e-05 0.00189982 0.00225338
3.96 -4.98804e-07 0.00011166 9.73315e-05 -2.78768e-05 0.0024343 0.00279266
3.98 -5.7144e-07 0.000126687 0.00011571 -3.35514e-05 0.00289394 0.0031685
4 -6.24467e-07 0.000132853 0.000131511 -3.76719e-05 0.00328915 0.0033227
4.02 -6.59445e-07 0.000130463 0.000144353 -4.03284e-05 0.00361033 0.00326293
4.04 -6.71422e-07 0.000121882 0.000152477 -4.17122e-05 0.00381352 0.00304831
4.06 -6.51493e-07 0.000109582 0.000153122 -4.19275e-05 0.00382964 0.0027407
4.08 -5.93038e-07 9.46398e-05 0.000143908 -4.08593e-05 0.00359919 0.00236698
4.1 -4.9744e-07 7.70655e-05 0.000124258 -3.82139e-05 0.00310774 0.00192744
4.12 -3.74541e-07 5.72679e-05 9.56914e-05 -3.37574e-05 0.00239328 0.00143229
4.14 -2.37042e-07 3.67269e-05 6.1024e-05 -2.75592e-05 0.00152624 0.000918556
4.16 -9.55796e-08 1.73273e-05 2.33783e-05 -2.00296e-05 0.000584701 0.000433362
4.18 4.0824e-08 4.89807e-07 -1.44656e-05 -1.17704e-05 -0.00036179 1.22503e-05
4.2 1.64181e-07 -1.31465e-05 -5.04847e-05 -3.3742e-06 -0.00126264 -0.0003288
4.22 2.71293e-07 -2.38636e-05 -8.35818e-05 4.75936e-06 -0.00209042 -0.000596838
4.24 3.65708e-07 -3.29525e-05 -0.000113351 1.25306e-05 -0.00283495 -0.000824155
4.26 4.52512e-07 -4.21946e-05 -0.000139682 2.00657e-05 -0.0034935 -0.0010553
4.28 5.32868e-07 -5.27869e-05 -0.000162587 2.7481e-05 -0.00406637 -0.00132022
4.3 6.05463e-07 -6.46646e-05 -0.00018204 3.46852e-05 -0.00455291 -0.00161729
4.32 6.68941e-07 -7.66606e-05 -0.00019746 4.13539e-05 -0.00493857 -0.00191731
4.34 7.18802e-07 -8.71007e-05 -0.000207304 4.70037e-05 -0.00518477 -0.00217843
4.36 7.45469e-07 -9.45555e-05 -0.000209522 5.10879e-05 -0.00524023 -0.00236487
4.38 7.39717e-07 -9.84311e-05 -0.000202626 5.31264e-05 -0.00506776 -0.0024618
4.4 6.98197e-07 -9.86264e-05 -0.000186513 5.28292e-05 -0.00466477 -0.00246669
4.42 6.22212e-07 -9.4277e-05 -0.000162615 5.0113e-05 -0.00406707 -0.00235791
4.44 5.14466e-07 -8.29777e-05 -0.000133458 4.50257e-05 -0.00333783 -0.00207531
4.46 3.78766e-07 -6.15574e-05 -0.00010184 3.77139e-05 -0.00254706 -0.00153958
4.48 2.20857e-07 -2.80168e-05 -6.99685e-05 2.84866e-05 -0.00174994 -0.000700712
4.5 4.7758e-08 1.66453e-05 -3.87294e-05 1.78561e-05 -0.000968639 0.000416305
4.52 -1.34843e-07 6.80624e-05 -7.30004e-06 6.43587e-06 -0.000182577 0.00170227
4.54 -3.25258e-07 0.000120162 2.63444e-05 -5.24714e-06 0.000658885 0.00300529
4.56 -5.24598e-07 0.000167941 6.39577e-05 -1.68898e-05 0.00159961 0.00420027
4.58 -7.31242e-07 0.000209446 0.000105714 -2.8417e-05 0.00264396 0.00523834
4.6 -9.36754e-07 0.000245446 0.000150175 -3.98133e-05 0.00375595 0.0061387
4.62 -1.12856e-06 0.000277054 0.000195309 -5.08389e-05 0.00488477 0.00692923
4.64 -1.29717e-06 0.000303505 0.000239388 -6.08799e-05 0.00598719 0.00759078
4.66 -1.43904e-06 0.000322091 0.00028077 -6.91255e-05 0.00702218 0.00805564
4.68 -1.54927e-06 0.000329816 0.000316838 -7.49227e-05 0.00792425 0.00824883
4.7 -1.613e-06 0.000324777 0.000343737 -7.79886e-05 0.008597 0.00812282
4.72 -1.61059e-06 0.000306365 0.000358075 -7.83745e-05 0.00895561 0.00766232
4.74 -1.53414e-06 0.000274696 0.000359245 -7.62849e-05 0.00898486 0.00687026
4.76 -1.39539e-06 0.000229988 0.000349872 -7.19043e-05 0.00875044 0.00575209
4.78 -1.21563e-06 0.000172574 0.000333749 -6.5355e-05 0.0083472 0.00431614
4.8 -1.01065e-06 0.000103931 0.000313126 -5.68086e-05 0.0078314 0.00259937
4.82 -7.85556e-07 2.78417e-05 0.000287721 -4.66142e-05 0.00719601 0.000696331
4.84 -5.40707e-07 -4.98366e-05 0.000256118 -3.52839e-05 0.00640562 -0.00124643
4.86 -2.81018e-07 -0.000122995 0.00021794 -2.33368e-05 0.00545077 -0.00307616
4.88 -1.92194e-08 -0.000187468 0.000174537 -1.11454e-05 0.00436525 -0.00468864
4.9 2.32449e-07 -0.000242511 0.00012775 1.1021e-06 0.00319508 -0.00606529
4.92 4.74519e-07 -0.000291143 7.85419e-05 1.33445e-05 0.00196437 -0.0072816
4.94 7.19739e-07 -0.000338849 2.72513e-05 2.55617e-05 0.000681566 -0.00847476
4.96 9.76538e-07 -0.000390538 -2.4942e-05 3.76659e-05 -0.000623809 -0.00976752
4.98 1.23498e-06 -0.000447192 -7.52044e-05 4.93673e-05 -0.00188089 -0.0111845
5 1.47118e-06 -0.000504522 -0.000120001 6.01132e-05 -0.00300128 -0.0126183
5.02 1.66339e-06 -0.000554609 -0.000157052 6.9203e-05 -0.00392792 -0.013871
5.04 1.80241e-06 -0.000589407 -0.000186613 7.60294e-05 -0.00466728 -0.0147413
5.06 1.89052e-06 -0.000603947 -0.000211066 8.02821e-05 -0.00527886 -0.015105
5.08 1.93426e-06 -0.00059744 -0.00023315 8.20039e-05 -0.00583117 -0.0149422
5.1 1.93697e-06 -0.000571783 -0.000254318 8.14739e-05 -0.0063606 -0.0143005
5.12 1.89543e-06 -0.000528708 -0.00027447 7.89527e-05 -0.00686462 -0.0132232
5.14 1.80318e-06 -0.00046791 -0.00029274 7.44498e-05 -0.00732155 -0.0117026
5.16 1.6561e-06 -0.000387514 -0.000307915 6.77359e-05 -0.00770107 -0.00969188
5.18 1.45159e-06 -0.000285923 -0.000317901 5.86036e-05 -0.00795082 -0.00715106
5.2 1.18154e-06 -0.00016299 -0.000319334 4.70871e-05 -0.00798669 -0.00407644
5.22 8.3145e-07 -1.96802e-05 -0.000308504 3.34244e-05 -0.00771582 -0.00049221
5.24 3.92763e-07 0.000142421 -0.000283187 1.79182e-05 -0.00708261 0.003562
5.26 -1.21106e-07 0.000319875 -0.000243951 9.72894e-07 -0.00610131 0.00800021
5.28 -6.70924e-07 0.000504439 -0.00019391 -1.66908e-05 -0.00484976 0.0126162
5.3 -1.20516e-06 0.000681222 -0.0001369 -3.39193e-05 -0.00342392 0.0170377
5.32 -1.68152e-06 0.000831115 -7.49547e-05 -4.93363e-05 -0.00187465 0.0207866
5.34 -2.08175e-06 0.000937164 -6.79197e-06 -6.18661e-05 -0.00016987 0.0234389
5.36 -2.40906e-06 0.000990867 7.09879e-05 -7.136e-05 0.00177544 0.0247822
5.38 -2.67105e-06 0.000994419 0.000160228 -7.88909e-05 0.00400736 0.024871
5.4 -2.87064e-06 0.000957827 0.000257845 -8.60301e-05 0.00644882 0.0239558
5.42 -3.00761e-06 0.00089375 0.000355524 -9.32059e-05 0.00889181 0.0223533
5.44 -3.08065e-06 0.000815307 0.000442447 -9.90593e-05 0.0110658 0.0203913
5.46 -3.09328e-06 0.000735776 0.000508867 -0.000102044 0.012727 0.0184022
5.48 -3.03821e-06 0.000663958 0.000548354 -0.000102305 0.0137146 0.0166061
5.5 -2.88716e-06 0.000597797 0.000558035 -0.000101312 0.0139567 0.0149513
5.52 -2.61661e-06 0.000524185 0.000537635 -9.96967e-05 0.0134465 0.0131103
5.54 -2.22585e-06 0.0004266 0.000488744 -9.61133e-05 0.0122237 0.0106696
5.56 -1.72666e-06 0.000295212 0.000414859 -8.86274e-05 0.0103758 0.00738356
5.58 -1.13309e-06 0.000132857 0.000321277 -7.68689e-05 0.00803526 0.00332301
5.6 -4.7523e-07 -4.52011e-05 0.000214078 -6.24546e-05 0.00535417 -0.00113031
5.62 1.90979e-07 -0.000216516 9.93183e-05 -4.75019e-05 0.00248399 -0.00541498
5.64 8.0304e-07 -0.000359451 -1.62005e-05 -3.30348e-05 -0.000405182 -0.00898984
5.66 1.31598e-06 -0.000460566 -0.000123928 -1.87231e-05 -0.00309949 -0.0115188
5.68 1.70574e-06 -0.000518438 -0.000214823 -3.73814e-06 -0.00537281 -0.0129662
5.7 1.9663e-06 -0.000543018 -0.000282528 1.24736e-05 -0.00706614 -0.0135809
5.72 2.11436e-06 -0.000550836 -0.000325481 3.01276e-05 -0.00814041 -0.0137765
5.74 2.18607e-06 -0.000557573 -0.000346084 4.91896e-05 -0.00865571 -0.013945
5.76 2.21557e-06 -0.000571667 -0.000347565 6.89636e-05 -0.00869275 -0.0142975
5.78 2.21343e-06 -0.000592757 -0.000330702 8.76565e-05 -0.008271 -0.0148249
5.8 2.16384e-06 -0.000614923 -0.000292844 0.000102897 -0.00732414 -0.0153793
5.82 2.03758e-06 -0.000631007 -0.000230131 0.000113077 -0.00575567 -0.0157816
5.84 1.80917e-06 -0.000634654 -0.000141292 0.000118149 -0.00353378 -0.0158728
5.86 1.47162e-06 -0.000620429 -3.01611e-05 0.000118872 -0.000754341 -0.015517
5.88 1.0457e-06 -0.000584757 9.47851e-05 0.000115258 0.00237061 -0.0146248
5.9 5.74712e-07 -0.000528235 0.000223154 0.000106132 0.00558117 -0.0132112
5.92 1.02976e-07 -0.000456543 0.000345213 9.04232e-05 0.00863391 -0.0114182
5.94 -3.40752e-07 -0.000377945 0.000452651 6.86264e-05 0.011321 -0.00945239
5.96 -7.40524e-07 -0.000298519 0.000538346 4.26272e-05 0.0134643 -0.00746593
5.98 -1.08776e-06 -0.000217466 0.000596536 1.41551e-05 0.0149196 -0.00543876
6 -1.38694e-06 -0.000125031 0.000623138 -1.63331e-05 0.0155849 -0.00312692
6.02 -1.65644e-06 -5.7388e-06 0.000615818 -4.92433e-05 0.0154019 -0.000143364
6.04 -1.91013e-06 0.000152386 0.000574762 -8.44765e-05 0.014375 0.00381139
6.06 -2.13726e-06 0.000346381 0.000503888 -0.000120377 0.0126025 0.0086633
6.08 -2.30173e-06 0.000551941 0.000410064 -0.000153718 0.0102559 0.0138044
6.1 -2.358e-06 0.000728744 0.000300185 -0.000180571 0.00750774 0.0182264
6.12 -2.27165e-06 0.000838105 0.000179627 -0.000197469 0.00449255 0.0209616
6.14 -2.03898e-06 0.00086375 5.30047e-05 -0.000202359 0.00132567 0.021603
6.16 -1.69261e-06 0.000821337 -7.67835e-05 -0.000195062 -0.00192039 0.0205422
6.18 -1.27744e-06 0.000748855 -0.000212398 -0.00017704 -0.00531217 0.0187294
6.2 -8.11722e-07 0.000683887 -0.000363314 -0.000150411 -0.00908664 0.0171045
6.22 -2.75901e-07 0.000643518 -0.000540045 -0.000117018 -0.0135067 0.0160949
6.24 3.55064e-07 0.000619744 -0.000743387 -7.85075e-05 -0.0185924 0.0155003
6.26 1.06584e-06 0.000588736 -0.000954474 -3.61638e-05 -0.0238719 0.0147247
6.28 1.78152e-06 0.000523476 -0.0011338 1.04644e-05 -0.0283579 0.0130926
6.3 2.37098e-06 0.000404307 -0.00123614 6.28008e-05 -0.0309196 0.0101121
6.32 2.71194e-06 0.000224556 -0.00124157 0.000120334 -0.0310557 0.00561644
6.34 2.83823e-06 -1.01688e-05 -0.00117443 0.000181021 -0.0293764 -0.000254119
6.36 2.95388e-06 -0.000283436 -0.00108205 0.000244192 -0.027066 -0.00708864
6.38 3.23045e-06 -0.000568015 -0.00100171 0.000310132 -0.0250566 -0.0142061
6.4 3.64095e-06 -0.000828299 -0.000945607 0.000374799 -0.0236535 -0.020716
6.42 4.02072e-06 -0.00103024 -0.000907266 0.000428064 -0.0226946 -0.0257674
6.44 4.28007e-06 -0.00115555 -0.000882916 0.000460915 -0.0220856 -0.0289038
6.46 4.46884e-06 -0.00120715 -0.000866325 0.000469758 -0.0216706 -0.0301964
6.48 4.6091e-06 -0.00120175 -0.000829728 0.000453156 -0.0207553 -0.0300614
6.5 4.56303e-06 -0.00115864 -0.000732284 0.000412316 -0.0183182 -0.0289832
6.52 4.12762e-06 -0.00109594 -0.000539647 0.000356053 -0.0135002 -0.0274151
6.54 3.23762e-06 -0.00102769 -0.000248253 0.000299326 -0.00621236 -0.0257081
6.56 2.06474e-06 -0.000960057 9.55181e-05 0.0002548 0.0023855 -0.0240166
6.58 9.22055e-07 -0.000892221 0.000416177 0.000226538 0.0104053 -0.0223199
6.6 3.38903e-08 -0.000813558 0.000655816 0.000208448 0.0163989 -0.0203526
6.62 -5.94255e-07 -0.000703555 0.000796419 0.000186758 0.0199157 -0.0176013
6.64 -1.07695e-06 -0.000544876 0.00085109 0.00014691 0.0212833 -0.0136327
6.66 -1.47942e-06 -0.00033953 0.00084699 8.18815e-05 0.0211808 -0.00849693
6.68 -1.78622e-06 -0.000111329 0.000809872 -4.27343e-06 0.0202524 -0.00278951
6.7 -1.97967e-06 0.000107794 0.000758018 -0.000100366 0.0189555 0.00269084
6.72 -2.08387e-06 0.00029314 0.000709686 -0.000194638 0.0177467 0.00732643
6.74 -2.1622e-06 0.000434781 0.000687813 -0.000278085 0.0171997 0.0108689
6.76 -2.312e-06 0.000537547 0.000709765 -0.000344256 0.0177487 0.0134392
6.78 -2.62552e-06 0.000614706 0.000775417 -0.000388316 0.0193907 0.015369
6.8 -3.10562e-06 0.000678846 0.000868492 -0.000407818 0.0217185 0.0169732
6.82 -3.65513e-06 0.000739307 0.000962061 -0.000405911 0.0240587 0.0184854
6.84 -4.15943e-06 0.000805196 0.00102017 -0.000392247 0.0255121 0.0201335
6.86 -4.52453e-06 0.000882664 0.00100843 -0.00037639 0.0252185 0.0220714
6.88 -4.65284e-06 0.000965957 0.000912564 -0.000360747 0.0228208 0.0241555
6.9 -4.45951e-06 0.00103745 0.000743403 -0.000343673 0.01859 0.0259452
6.92 -3.97242e-06 0.00108299 0.000526178 -0.000326774 0.0131571 0.0270856
6.94 -3.32983e-06 0.00109722 0.0002923 -0.000313615 0.00730775 0.0274421
6.96 -2.65149e-06 0.00107588 7.18509e-05 -0.000303143 0.00179422 0.0269084
6.98 -1.98981e-06 0.00101808 -0.000117872 -0.000288912 -0.00295082 0.0254627
7 -1.34982e-06 0.000929607 -0.000274277 -0.000262704 -0.00686259 0.02325
7.02 -7.18665e-07 0.000815886 -0.000401134 -0.000217192 -0.0100353 0.0204058
7.04 -9.86266e-08 0.000675302 -0.000502827 -0.0001492 -0.0125787 0.0168898
7.06 4.83974e-07 0.000501538 -0.000582851 -6.18739e-05 -0.0145801 0.0125438
7.08 1.00174e-06 0.000292842 -0.000642079 3.7445e-05 -0.0160615 0.00732429
7.1 1.45207e-06 5.94425e-05 -0.000679836 0.000139216 -0.0170058 0.00148686
7.12 1.85243e-06 -0.000177177 -0.000698164 0.000231173 -0.0174642 -0.0044311
7.14 2.21839e-06 -0.000392318 -0.000702391 0.000300308 -0.0175699 -0.00981185
7.16 2.55048e-06 -0.000567647 -0.000697255 0.000338697 -0.0174415 -0.0141969
7.18 2.83581e-06 -0.000695318 -0.000685428 0.000347427 -0.0171457 -0.0173901
7.2 3.06431e-06 -0.000775097 -0.000669442 0.000334274 -0.0167459 -0.0193855
7.22 3.23229e-06 -0.000809226 -0.000650553 0.000308336 -0.0162734 -0.0202391
7.24 3.32871e-06 -0.000802173 -0.000623952 0.000277902 -0.0156082 -0.0200627
7.26 3.32326e-06 -0.000764876 -0.000576627 0.00025054 -0.0144245 -0.0191299
7.28 3.15834e-06 -0.000714651 -0.000491195 0.000230922 -0.0122879 -0.0178738
7.3 2.77737e-06 -0.000669696 -0.000355086 0.000218694 -0.0088837 -0.0167494
7.32 2.18716e-06 -0.000643623 -0.000169516 0.000210146 -0.00424253 -0.0160973
7.34 1.47356e-06 -0.000640658 4.87815e-05 0.000200806 0.00121719 -0.0160232
7.36 7.46198e-07 -0.000651922 0.000272705 0.000185048 0.00681762 -0.0163049
7.38 8.70134e-08 -0.000656874 0.000472828 0.000154822 0.0118228 -0.0164287
7.4 -4.54185e-07 -0.000632139 0.000626313 0.000102225 0.0156615 -0.0158101
7.42 -8.4764e-07 -0.000562937 0.000722941 2.58658e-05 0.0180782 -0.0140793
7.44 -1.09622e-06 -0.000448598 0.000764612 -6.52518e-05 0.0191204 -0.0112197
7.46 -1.24488e-06 -0.00029965 0.000760831 -0.000155556 0.0190259 -0.00749442
7.48 -1.34945e-06 -0.000131564 0.000724823 -0.000231308 0.0181253 -0.00329053
7.5 -1.44473e-06 4.01276e-05 0.000670992 -0.000285711 0.016779 0.00100355
7.52 -1.55432e-06 0.000202902 0.000612802 -0.000317843 0.0153236 0.00507459
7.54 -1.71218e-06 0.00034883 0.000561429 -0.000329232 0.0140387 0.00872433
7.56 -1.95242e-06 0.000474473 0.000524618 -0.000322345 0.0131181 0.0118667
7.58 -2.27463e-06 0.000579281 0.00050227 -0.000301233 0.0125592 0.014488
7.6 -2.61544e-06 0.000663219 0.000480205 -0.000271491 0.0120073 0.0165873
7.62 -2.8489e-06 0.000724828 0.000432639 -0.000238006 0.0108177 0.0181282
7.64 -2.8365e-06 0.000761473 0.000337161 -0.000203015 0.0084297 0.0190447
7.66 -2.51657e-06 0.000772277 0.000189685 -0.000167501 0.00474127 0.0193149
7.68 -1.95411e-06 0.000760218 6.4571e-06 -0.000133829 0.000158659 0.0190133
7.7 -1.28881e-06 0.00072922 -0.00018538 -0.000104718 -0.00463927 0.0182381
7.72 -6.22302e-07 0.000678622 -0.000359407 -7.88696e-05 -0.00899177 0.0169726
7.74 9.19963e-09 0.000601424 -0.000497801 -4.86976e-05 -0.0124531 0.0150418
7.76 5.88438e-07 0.000487929 -0.000593181 -4.23952e-06 -0.0148385 0.0122033
7.78 1.0887e-06 0.000333335 -0.000645218 5.88541e-05 -0.01614 0.00833681
7.8 1.47872e-06 0.000144655 -0.000656903 0.000134581 -0.0164323 0.00361783
7.82 1.75249e-06 -6.0026e-05 -0.000634648 0.000209584 -0.0158757 -0.00150132
7.84 1.93373e-06 -0.000258306 -0.000590239 0.000270359 -0.014765 -0.00646038
7.86 2.05759e-06 -0.000429743 -0.00053974 0.000308369 -0.013502 -0.0107481
7.88 2.16263e-06 -0.000560592 -0.000498385 0.000320819 -0.0124676 -0.0140207
7.9 2.29216e-06 -0.000647376 -0.00047513 0.000309259 -0.011886 -0.0161912
7.92 2.4722e-06 -0.00069672 -0.000469216 0.000278569 -0.0117381 -0.0174253
7.94 2.67928e-06 -0.000720865 -0.000467017 0.000236372 -0.0116831 -0.0180292
7.96 2.83171e-06 -0.000731692 -0.000442663 0.000191347 -0.011074 -0.0183
7.98 2.81677e-06 -0.000736296 -0.000369899 0.000150336 -0.00925417 -0.0184151
8 2.55511e-06 -0.000736246 -0.000238971 0.000116404 -0.0059796 -0.0184139
8.02 2.06648e-06 -0.000730573 -6.32612e-05 8.94409e-05 -0.00158503 -0.018272
8.04 1.46812e-06 -0.000718439 0.000128105 6.7876e-05 0.00320111 -0.0179685
8.06 8.85588e-07 -0.000697273 0.000303772 4.89356e-05 0.00759461 -0.0174392
8.08 3.7151e-07 -0.000659256 0.000441766 2.75863e-05 0.0110459 -0.0164883
8.1 -7.83638e-08 -0.000593575 0.000534465 -2.63982e-06 0.0133643 -0.0148456
8.12 -4.68647e-07 -0.000493726 0.000585522 -4.54785e-05 0.0146413 -0.0123484
8.14 -7.9303e-07 -0.000361796 0.000603237 -9.79066e-05 0.0150844 -0.00904874
8.16 -1.05774e-06 -0.000206921 0.000597008 -0.000151058 0.0149286 -0.00517524
8.18 -1.28938e-06 -4.05676e-05 0.000577833 -0.000195784 0.014449 -0.00101467
8.2 -1.5251e-06 0.000128299 0.000558076 -0.000227301 0.0139549 0.00320875
8.22 -1.80101e-06 0.000294864 0.000547445 -0.000244983 0.013689 0.00737461
8.24 -2.13527e-06 0.000455794 0.000547984 -0.000249149 0.0137025 0.0113995
8.26 -2.51055e-06 0.000605441 0.000552562 -0.000239224 0.013817 0.0151423
8.28 -2.87067e-06 0.000734743 0.000547593 -0.000214891 0.0136927 0.0183762
8.3 -3.13821e-06 0.00083355 0.00051812 -0.000178313 0.0129555 0.0208474
8.32 -3.24176e-06 0.000894476 0.00045436 -0.000134885 0.0113609 0.0223713
8.34 -3.14501e-06 0.000915918 0.000357066 -9.20588e-05 0.00892753 0.0229076
8.36 -2.86653e-06 0.000902711 0.000236651 -5.72459e-05 0.00591589 0.0225773
8.38 -2.46821e-06 0.000864295 0.000106699 -3.57014e-05 0.00266576 0.0216165
8.4 -2.01812e-06 0.000811408 -2.15202e-05 -2.88521e-05 -0.000541071 0.0202937
8.42 -1.55473e-06 0.000752859 -0.000140734 -3.35649e-05 -0.00352266 0.0188294
8.44 -1.09018e-06 0.000693725 -0.000247162 -4.20747e-05 -0.00618447 0.0173504
8.46 -6.37035e-07 0.000633417 -0.000338676 -4.26356e-05 -0.00847326 0.0158421
8.48 -2.10521e-07 0.000563517 -0.000412806 -2.35813e-05 -0.0103273 0.0140939
8.5 1.77213e-07 0.000471192 -0.000466807 1.87961e-05 -0.0116779 0.0117848
8.52 5.16848e-07 0.000348225 -0.000499325 7.53779e-05 -0.0124912 0.00870934
8.54 8.13153e-07 0.000196388 -0.000511362 0.000128933 -0.0127922 0.00491183
8.56 1.08883e-06 2.57089e-05 -0.000506039 0.000164673 -0.0126591 0.00064307
8.58 1.36082e-06 -0.000149494 -0.000487915 0.000176775 -0.0122058 -0.00373882
8.6 1.62391e-06 -0.000314329 -0.000461678 0.00016721 -0.0115496 -0.00786142
8.62 1.86335e-06 -0.000456535 -0.000430159 0.000141746 -0.0107613 -0.0114181
8.64 2.06473e-06 -0.000567908 -0.00039244 0.000107922 -0.00981792 -0.0142035
8.66 2.20409e-06 -0.000644417 -0.000343065 7.431e-05 -0.00858305 -0.0161171
8.68 2.24102e-06 -0.000686546 -0.00027454 4.84381e-05 -0.00686921 -0.0171707
8.7 2.138e-06 -0.000699291 -0.000182971 3.39621e-05 -0.00457902 -0.0174895
8.72 1.89308e-06 -0.00069095 -7.1546e-05 2.98601e-05 -0.00179224 -0.0172809
8.74 1.55019e-06 -0.000671203 5.10794e-05 3.23839e-05 0.00127468 -0.016787
8.76 1.17177e-06 -0.000648695 0.000174474 3.75517e-05 0.00436083 -0.0162241
8.78 8.03802e-07 -0.000628383 0.000289509 4.20743e-05 0.00723789 -0.0157161
8.8 4.61151e-07 -0.000609873 0.00039038 4.27076e-05 0.00976072 -0.0152531
8.82 1.39424e-07 -0.000587308 0.000474527 3.52162e-05 0.0118653 -0.0146888
8.84 -1.6828e-07 -0.000550139 0.000540552 1.50066e-05 0.0135166 -0.0137592
8.86 -4.65335e-07 -0.000485867 0.000586936 -1.90908e-05 0.0146767 -0.0121517
8.88 -7.48499e-07 -0.000385949 0.000612786 -6.13421e-05 0.0153232 -0.00965269
8.9 -1.01474e-06 -0.000250887 0.000618799 -0.000101404 0.0154736 -0.00627475
8.92 -1.27189e-06 -8.97561e-05 0.000607356 -0.000130811 0.0151874 -0.00224479
8.94 -1.53114e-06 8.34934e-05 0.000582019 -0.000146478 0.0145537 0.00208826
8.96 -1.78633e-06 0.00025311 0.000546025 -0.000148842 0.0136535 0.00633044
8.98 -2.0125e-06 0.000404687 0.00049982 -0.000139224 0.0124979 0.0101214
9 -2.17948e-06 0.000528304 0.000440104 -0.000120141 0.0110043 0.0132131
9.02 -2.25521e-06 0.000619292 0.000363081 -9.6706e-05 0.00907797 0.0154888
9.04 -2.21323e-06 0.000676834 0.000269661 -7.56517e-05 0.00674149 0.016928
9.06 -2.05604e-06 0.000702801 0.000166229 -6.21003e-05 0.00415463 0.0175774
9.08 -1.81866e-06 0.000701576 5.9729e-05 -5.7249e-05 0.00149101 0.0175468
9.1 -1.53553e-06 0.000680139 -4.70609e-05 -5.87899e-05 -0.00117985 0.0170106
9.12 -1.21241e-06 0.000647414 -0.000155534 -6.28347e-05 -0.00389281 0.0161921
9.14 -8.40856e-07 0.000611793 -0.00026707 -6.52279e-05 -0.00668236 0.0153012
9.16 -4.29551e-07 0.000576854 -0.000377734 -6.13928e-05 -0.00945013 0.0144274
9.18 -1.58539e-08 0.000537738 -0.000476397 -4.58023e-05 -0.0119177 0.0134491
9.2 3.52734e-07 0.000482392 -0.000549591 -1.3872e-05 -0.0137483 0.0120649
9.22 6.44976e-07 0.000399935 -0.000590105 3.32008e-05 -0.0147616 0.0100026
9.24 8.59219e-07 0.000290526 -0.000601426 8.58401e-05 -0.0150448 0.00726623
9.26 1.02509e-06 0.000166848 -0.000594333 0.000130513 -0.0148674 0.00417299
9.28 1.18536e-06 4.54614e-05 -0.000579915 0.000157804 -0.0145068 0.00113707
9.3 1.36648e-06 -6.40792e-05 -0.000564975 0.000166621 -0.0141331 -0.00160259
9.32 1.56852e-06 -0.000163638 -0.000551138 0.000162073 -0.013787 -0.00409261
9.34 1.77684e-06 -0.000261083 -0.000535536 0.000150927 -0.0133968 -0.00652974
9.36 1.96862e-06 -0.000359659 -0.000511034 0.000138861 -0.012784 -0.00899517
9.38 2.1056e-06 -0.000452168 -0.000466985 0.00012968 -0.0116823 -0.0113088
9.4 2.13503e-06 -0.000525629 -0.000393909 0.000124681 -0.00985467 -0.0131461
9.42 2.01799e-06 -0.000571333 -0.000290467 0.00012224 -0.00726754 -0.0142892
9.44 1.76378e-06 -0.000590442 -0.000165848 0.000119007 -0.00415076 -0.0147671
9.46 1.43031e-06 -0.000591003 -3.52968e-05 0.00011223 -0.00088563 -0.0147812
9.48 1.08343e-06 -0.000580462 8.68011e-05 0.000101042 0.00216809 -0.0145175
9.5 7.58733e-07 -0.000560959 0.000191802 8.59091e-05 0.0047942 -0.0140298
9.52 4.57207e-07 -0.000530564 0.000277834 6.73116e-05 0.00694591 -0.0132696
9.54 1.66876e-07 -0.000486842 0.000347066 4.46861e-05 0.00867741 -0.0121761
9.56 -1.20206e-07 -0.000427556 0.000401914 1.63948e-05 0.0100492 -0.0106933
9.58 -4.09105e-07 -0.000349169 0.000443643 -1.85648e-05 0.0110929 -0.00873281
9.6 -7.01692e-07 -0.00024783 0.000473245 -5.83485e-05 0.0118332 -0.00619829
9.62 -9.96733e-07 -0.000122875 0.000491997 -9.81252e-05 0.0123022 -0.00307309
9.64 -1.29448e-06 2.08056e-05 0.000500892 -0.000132132 0.0125247 0.000520413
9.66 -1.59164e-06 0.000172835 0.000500149 -0.000155705 0.0125061 0.00432273
9.68 -1.86991e-06 0.000319145 0.000489352 -0.000166132 0.0122361 0.007982
9.7 -2.09688e-06 0.000444758 0.000467703 -0.000163032 0.0116946 0.0111236
9.72 -2.24029e-06 0.000536967 0.000433868 -0.000148795 0.0108484 0.0134298
9.74 -2.27854e-06 0.000588411 0.000385867 -0.000128422 0.00964784 0.0147165
9.76 -2.20053e-06 0.000599388 0.00032213 -0.000107854 0.00805377 0.014991
9.78 -2.00666e-06 0.000577983 0.00024298 -9.14674e-05 0.00607419 0.0144557
9.8 -1.71287e-06 0.000536814 0.000150332 -8.0459e-05 0.00375701 0.013426
9.82 -1.34458e-06 0.000487283 4.63427e-05 -7.28823e-05 0.00115621 0.0121872
9.84 -9.19413e-07 0.000434387 -6.61587e-05 -6.46274e-05 -0.0016575 0.0108642
9.86 -4.46235e-07 0.000375323 -0.000181507 -5.05237e-05 -0.0045424 0.00938705
9.88 5.32805e-08 0.000303141 -0.000290189 -2.59253e-05 -0.00726058 0.00758174
9.9 5.31596e-07 0.000213307 -0.000380905 1.0767e-05 -0.00952944 0.00533494
9.92 9.36559e-07 0.000107841 -0.000445016 5.61517e-05 -0.0111329 0.0026972
9.94 1.24929e-06 -6.21943e-06 -0.000480722 0.000102652 -0.0120259 -0.000155493
9.96 1.49135e-06 -0.000121172 -0.000493855 0.000141995 -0.0123543 -0.00303049
9.98 1.69591e-06 -0.000231285 -0.000494194 0.000168807 -0.0123628 -0.00578447
10 1.88063e-06 -0.00033257 -0.000489891 0.000182008 -0.0122552 -0.00831766
10.02 2.04459e-06 -0.000421345 -0.000484233 0.000183836 -0.0121137 -0.010538
10.04 2.17994e-06 -0.000493794 -0.00047668 0.00017799 -0.0119248 -0.0123499
10.06 2.28341e-06 -0.000547486 -0.000465852 0.00016815 -0.011654 -0.0136928
10.08 2.35787e-06 -0.000583151 -0.000450184 0.000157197 -0.0112621 -0.0145848
10.1 2.39766e-06 -0.000603961 -0.000425218 0.00014672 -0.0106377 -0.0151053
10.12 2.36962e-06 -0.000612187 -0.000382433 0.000136712 -0.00956766 -0.015311
10.14 2.22098e-06 -0.00060637 -0.000313748 0.000125818 -0.00784981 -0.0151655
10.16 1.91926e-06 -0.000581766 -0.000218062 0.000112254 -0.00545665 -0.0145502
10.18 1.4841e-06 -0.000533667 -0.000103617 9.46514e-05 -0.00259434 -0.0133472
10.2 9.7799e-07 -0.000460738 1.51153e-05 7.2262e-05 0.0003752 -0.0115232
10.22 4.65688e-07 -0.000366289 0.00012362 4.50579e-05 0.00308896 -0.00916097
10.24 -1.45779e-08 -0.000257271 0.000213309 1.42628e-05 0.00533212 -0.00643441
10.26 -4.52324e-07 -0.000141449 0.000283617 -1.76766e-05 0.00709055 -0.00353765
10.28 -8.51768e-07 -2.49256e-05 0.000339013 -4.83122e-05 0.00847601 -0.000623344
10.3 -1.21489e-06 8.8024e-05 0.000384149 -7.6301e-05 0.00960488 0.00220157
10.32 -1.53625e-06 0.000194218 0.000421246 -0.000101094 0.0105327 0.00485754
10.34 -1.80992e-06 0.000291331 0.000450499 -0.000121835 0.0112643 0.00728637
10.36 -2.03521e-06 0.000377623 0.000471546 -0.000136992 0.0117907 0.00944458
10.38 -2.21596e-06 0.000451603 0.000483938 -0.000145096 0.0121006 0.0112948
10.4 -2.35534e-06 0.000511974 0.00048617 -0.000145671 0.0121565 0.0128047
10.42 -2.44643e-06 0.000557417 0.000474355 -0.000139443 0.011861 0.0139413
10.44 -2.46492e-06 0.000586135 0.000442102 -0.000127907 0.0110543 0.0146595
10.46 -2.376e-06 0.000595954 0.000383008 -0.000112839 0.00957634 0.0149051
10.48 -2.15474e-06 0.000585125 0.000295361 -9.60172e-05 0.00738427 0.0146343
10.5 -1.80579e-06 0.000553078 0.000185053 -7.90454e-05 0.00462541 0.0138328
10.52 -1.36339e-06 0.000500398 6.30391e-05 -6.28497e-05 0.00157379 0.0125152
10.54 -8.71257e-07 0.000428257 -5.97301e-05 -4.682e-05 -0.00149672 0.010711
10.56 -3.62174e-07 0.00033855 -0.000174924 -2.87651e-05 -0.00437775 0.00846734
10.58 1.41439e-07 0.00023536 -0.000277058 -6.5054e-06 -0.00693218 0.00588652
10.6 6.15862e-07 0.000125848 -0.000363465 2.03278e-05 -0.00909325 0.00314757
10.62 1.03851e-06 1.8506e-05 -0.000433932 5.02249e-05 -0.0108557 0.000462901
10.64 1.39889e-06 -8.04336e-05 -0.000489628 8.11067e-05 -0.0122486 -0.00201162
10.66 1.70131e-06 -0.00016983 -0.000531853 0.00011118 -0.0133047 -0.00424745
10.68 1.95514e-06 -0.000253373 -0.000560832 0.0001387 -0.0140295 -0.00633691
10.7 2.16318e-06 -0.000335875 -0.000574827 0.000161563 -0.0143795 -0.00840032
10.72 2.31819e-06 -0.000418496 -0.000570741 0.000177568 -0.0142773 -0.0104667
10.74 2.40967e-06 -0.000496525 -0.000546404 0.000185106 -0.0136686 -0.0124182
10.76 2.43252e-06 -0.000561376 -0.000502417 0.000183745 -0.0125685 -0.0140402
10.78 2.3873e-06 -0.000604964 -0.000441105 0.000174459 -0.0110351 -0.0151304
10.8 2.26938e-06 -0.000623096 -0.000363863 0.000159355 -0.00910321 -0.0155838
10.82 2.06241e-06 -0.000615916 -0.000270819 0.000141003 -0.00677614 -0.0154043
10.84 1.75219e-06 -0.000585988 -0.000163013 0.000121784 -0.00407987 -0.0146557
10.86 1.34573e-06 -0.000536436 -4.40503e-05 0.000103341 -0.00110456 -0.0134164
10.88 8.74092e-07 -0.000470843 7.98142e-05 8.59487e-05 0.00199335 -0.0117759
10.9 3.78165e-07 -0.000393854 0.000200695 6.80215e-05 0.00501662 -0.00985039
10.92 -1.08146e-07 -0.000310753 0.000311112 4.68101e-05 0.00777819 -0.00777202
10.94 -5.62951e-07 -0.000225472 0.000405904 2.02381e-05 0.010149 -0.00563909
10.96 -9.75365e-07 -0.000137998 0.000482185 -1.19137e-05 0.0120568 -0.00345133
10.98 -1.34105e-06 -4.42017e-05 0.000537888 -4.83259e-05 0.01345 -0.00110545
11 -1.65298e-06 6.00352e-05 0.000571379 -8.67606e-05 0.0142876 0.00150156
11.02 -1.89984e-06 0.000173287 0.000582847 -0.000124048 0.0145744 0.00433403
11.04 -2.077e-06 0.000286632 0.000575571 -0.000156146 0.0143924 0.00716885
11.06 -2.19391e-06 0.000387 0.000555313 -0.000179145 0.0138858 0.00967909
11.08 -2.26717e-06 0.000463311 0.000527754 -0.000190738 0.0131965 0.0115877
11.1 -2.30654e-06 0.000511405 0.00049503 -0.000190932 0.0123781 0.0127905
11.12 -2.30528e-06 0.000534858 0.000452889 -0.000181618 0.0113241 0.0133771
11.14 -2.2358e-06 0.000541434 0.000391295 -0.000165406 0.00978361 0.0135415
11.16 -2.05714e-06 0.00053792 0.0003007 -0.000144603 0.0075178 0.0134537
11.18 -1.74492e-06 0.000527017 0.000179829 -0.000121148 0.00449476 0.013181
11.2 -1.32055e-06 0.000507632 3.72805e-05 -9.69998e-05 0.000929561 0.0126961
11.22 -8.39341e-07 0.000477036 -0.000113176 -7.36677e-05 -0.00283342 0.0119309
11.24 -3.50109e-07 0.000432552 -0.000257579 -5.08793e-05 -0.006445 0.0108184
11.26 1.25308e-07 0.000372262 -0.000384573 -2.6221e-05 -0.00962118 0.00931048
11.28 5.74644e-07 0.000295771 -0.000486929 3.07037e-06 -0.0121811 0.00739742
11.3 9.77399e-07 0.000204627 -0.00056157 3.78955e-05 -0.0140479 0.00511786
11.32 1.31504e-06 0.000101851 -0.000608429 7.69813e-05 -0.0152199 0.00254739
11.34 1.58184e-06 -7.92696e-06 -0.000629978 0.000118038 -0.0157588 -0.0001982
11.36 1.78019e-06 -0.000117413 -0.00063167 0.000158415 -0.0158012 -0.00293649
11.38 1.91774e-06 -0.000217083 -0.000621298 0.000194864 -0.0155418 -0.00542928
11.4 2.01324e-06 -0.00029854 -0.000606395 0.000223622 -0.015169 -0.00746655
11.42 2.09311e-06 -0.000358799 -0.000591159 0.000241469 -0.014788 -0.00897367
11.44 2.17354e-06 -0.000401984 -0.000574558 0.000246888 -0.0143728 -0.0100537
11.46 2.24512e-06 -0.000436547 -0.000549762 0.000240312 -0.0137526 -0.0109182
11.48 2.27203e-06 -0.000469336 -0.000505346 0.000223528 -0.0126417 -0.0117382
11.5 2.20199e-06 -0.000500392 -0.000430311 0.000199013 -0.0107651 -0.0125149
11.52 1.99081e-06 -0.000522314 -0.000321275 0.000169708 -0.00803807 -0.0130632
11.54 1.63489e-06 -0.000524919 -0.000185008 0.000138898 -0.00462996 -0.0131284
11.56 1.17773e-06 -0.000502112 -3.42154e-05 0.000109452 -0.000858583 -0.012558
11.58 6.7767e-07 -0.000455721 0.000117658 8.24733e-05 0.00293983 -0.0113977
11.6 1.74439e-07 -0.000393291 0.000258776 5.65787e-05 0.00646925 -0.00983632
11.62 -3.07597e-07 -0.000322547 0.000380004 2.89197e-05 0.00950121 -0.00806699
11.64 -7.38441e-07 -0.000247972 0.000476104 -2.79906e-06 0.0119047 -0.00620182
11.66 -1.08635e-06 -0.000171442 0.000546103 -3.9198e-05 0.0136554 -0.00428778
11.68 -1.3429e-06 -9.44344e-05 0.000592433 -7.9441e-05 0.0148142 -0.00236179
11.7 -1.53e-06 -1.84981e-05 0.000619554 -0.000121635 0.0154925 -0.000462589
11.72 -1.6807e-06 5.64423e-05 0.000632358 -0.000162751 0.0158127 0.0014117
11.74 -1.81983e-06 0.000133361 0.000634617 -0.000198698 0.0158692 0.00333547
11.76 -1.96072e-06 0.000216409 0.000628343 -0.000225167 0.0157123 0.00541254
11.78 -2.1088e-06 0.000306668 0.000614481 -0.000238928 0.0153656 0.00766995
11.8 -2.2609e-06 0.000398809 0.000593521 -0.000238664 0.0148414 0.00997445
11.82 -2.40015e-06 0.000482027 0.000563756 -0.000225049 0.0140969 0.0120558
11.84 -2.49108e-06 0.000545095 0.00051816 -0.000200482 0.0129566 0.0136331
11.86 -2.47683e-06 0.000581618 0.000445581 -0.000168683 0.0111413 0.0145466
11.88 -2.29728e-06 0.000591669 0.000338372 -0.000134121 0.00845999 0.0147979
11.9 -1.93356e-06 0.000579833 0.000199148 -0.000101205 0.00497794 0.0145019
11.92 -1.43604e-06 0.000552239 4.04553e-05 -7.30263e-05 0.00100896 0.0138118
11.94 -8.95488e-07 0.000514207 -0.000120475 -4.99701e-05 -0.00301598 0.0128606
11.96 -3.8286e-07 0.000468777 -0.000268018 -2.92991e-05 -0.00670608 0.0117244
11.98 7.58549e-08 0.000416439 -0.000393163 -6.5449e-06 -0.00983602 0.0104154
12 4.81465e-07 0.000356002 -0.000494331 2.20908e-05 -0.0123663 0.00890382
12.02 8.38113e-07 0.000285609 -0.000573489 5.80371e-05 -0.014346 0.00714327
12.04 1.14619e-06 0.000203553 -0.000632057 0.000100053 -0.0158109 0.005091
12.06 1.40425e-06 0.000109785 -0.000670691 0.000144702 -0.0167771 0.00274583
12.08 1.61188e-06 7.9091e-06 -0.000691689 0.000187094 -0.0173023 0.000197866
12.1 1.77821e-06 -9.46809e-05 -0.000700146 0.000221989 -0.0175138 -0.00236795
12.12 1.92652e-06 -0.000189652 -0.000702255 0.000245185 -0.0175665 -0.00474321
12.14 2.08157e-06 -0.000271591 -0.000702281 0.00025474 -0.0175672 -0.00679256
12.16 2.25064e-06 -0.000339868 -0.000700389 0.000251375 -0.0175199 -0.00850017
12.18 2.41838e-06 -0.000397282 -0.000692105 0.000237622 -0.0173127 -0.00993613
12.2 2.55244e-06 -0.000446759 -0.000668404 0.000216384 -0.0167199 -0.0111736
12.22 2.60729e-06 -0.00048868 -0.000617233 0.000190366 -0.0154401 -0.012222
12.24 2.52906e-06 -0.000520879 -0.000528948 0.000162371 -0.0132321 -0.0130273
12.26 2.2821e-06 -0.000540772 -0.000402788 0.000135307 -0.0100767 -0.0135249
12.28 1.88334e-06 -0.000547616 -0.000248019 0.000111622 -0.00620591 -0.013696
12.3 1.39793e-06 -0.00054302 -7.93374e-05 9.25168e-05 -0.00198711 -0.0135811
12.32 8.92927e-07 -0.00052881 8.85192e-05 7.71641e-05 0.00221106 -0.0132257
12.34 3.9924e-07 -0.000504075 0.000243725 6.24069e-05 0.00609283 -0.0126071
12.36 -7.34494e-08 -0.000464713 0.000378017 4.37185e-05 0.00945151 -0.0116226
12.38 -5.05917e-07 -0.000405826 0.000485702 1.71756e-05 0.0121448 -0.0101498
12.4 -8.70378e-07 -0.000324805 0.000562649 -1.8659e-05 0.0140692 -0.00812344
12.42 -1.15097e-06 -0.000223563 0.000607467 -6.17604e-05 0.0151902 -0.00559135
12.44 -1.35521e-06 -0.000109137 0.000624113 -0.000106954 0.0156065 -0.00272951
12.46 -1.50894e-06 8.00371e-06 0.000622149 -0.000147593 0.0155574 0.000200232
12.48 -1.64594e-06 0.000117543 0.000612949 -0.000177887 0.0153273 0.00293985
12.5 -1.79389e-06 0.000212631 0.000604653 -0.000194656 0.0151198 0.00531805
12.52 -1.96037e-06 0.000290777 0.000599737 -0.00019784 0.0149968 0.00727252
12.54 -2.13132e-06 0.000352226 0.00059592 -0.000189821 0.0149014 0.00880938
12.56 -2.28059e-06 0.000397606 0.000587521 -0.000174145 0.0146913 0.00994435
12.58 -2.37571e-06 0.000426651 0.000564618 -0.000154419 0.0141185 0.0106708
12.6 -2.36762e-06 0.000438496 0.00051337 -0.00013355 0.0128368 0.010967
12.62 -2.19278e-06 0.000432966 0.000422551 -0.000113341 0.0105653 0.0108287
12.64 -1.81714e-06 0.00041187 0.000291719 -9.47156e-05 0.00729318 0.0103011
12.66 -1.28103e-06 0.000379362 0.000132342 -7.80944e-05 0.00330708 0.00948805
12.68 -6.83277e-07 0.00034069 -3.74462e-05 -6.29729e-05 -0.000939387 0.00852084
12.7 -1.16919e-07 0.000299904 -0.000198888 -4.71418e-05 -0.00497712 0.00750079
12.72 3.70318e-07 0.000258642 -0.000337898 -2.73792e-05 -0.00845382 0.00646881
12.74 7.63087e-07 0.000217022 -0.000448493 -1.57584e-06 -0.0112198 0.00542787
12.76 1.05596e-06 0.000175048 -0.000531704 3.00541e-05 -0.013301 0.00437809
12.78 1.25382e-06 0.000133064 -0.000591507 6.56579e-05 -0.0147967 0.00332805
12.8 1.37741e-06 9.12829e-05 -0.000632137 0.000102806 -0.0158129 0.00228308
12.82 1.45801e-06 4.85536e-05 -0.000657225 0.000138779 -0.0164403 0.0012144
12.84 1.52616e-06 1.33088e-06 -0.000668796 0.00017054 -0.0167297 3.33423e-05
12.86 1.6017e-06 -5.50309e-05 -0.000666692 0.000195023 -0.0166771 -0.00137629
12.88 1.68933e-06 -0.000122457 -0.000649669 0.000209665 -0.0162513 -0.00306265
12.9 1.7811e-06 -0.00019686 -0.000616783 0.000212859 -0.0154288 -0.00492349
12.92 1.85701e-06 -0.000268374 -0.00056633 0.000204302 -0.014167 -0.00671208
12.94 1.87911e-06 -0.000325388 -0.000493802 0.000185551 -0.012353 -0.00813804
12.96 1.79186e-06 -0.000359799 -0.000394051 0.000160189 -0.00985823 -0.00899867
12.98 1.54935e-06 -0.000369535 -0.000266796 0.000132885 -0.00667552 -0.00924217
13 1.15378e-06 -0.000357453 -0.000119277 0.000107823 -0.00298601 -0.00893999
13.02 6.63998e-07 -0.000329426 3.57413e-05 8.73398e-05 0.000891061 -0.00823903
13.04 1.60185e-07 -0.000292731 0.000183971 7.09976e-05 0.00459835 -0.00732126
13.06 -3.01512e-07 -0.000253702 0.000313758 5.55129e-05 0.00784438 -0.00634513
13.08 -6.99448e-07 -0.000215128 0.000419154 3.61069e-05 0.0104804 -0.00538039
13.1 -1.02782e-06 -0.000175138 0.000499767 8.60169e-06 0.0124965 -0.00438021
13.12 -1.28321e-06 -0.000128812 0.000557683 -2.88765e-05 0.013945 -0.00322159
13.14 -1.46649e-06 -7.20897e-05 0.000595122 -7.48648e-05 0.0148814 -0.00180294
13.16 -1.58818e-06 -5.239e-06 0.000614782 -0.000124435 0.0153731 -0.000130973
13.18 -1.66833e-06 6.69419e-05 0.000620791 -0.000170553 0.0155234 0.0016743
13.2 -1.7309e-06 0.000137845 0.000618103 -0.000206503 0.0154562 0.00344762
13.22 -1.79485e-06 0.000201677 0.000610968 -0.000227926 0.0152777 0.00504407
13.24 -1.86776e-06 0.000254029 0.000601702 -0.000233614 0.015046 0.00635342
13.26 -1.94318e-06 0.000291173 0.000589369 -0.000225177 0.0147375 0.00728241
13.28 -1.99824e-06 0.000310187 0.000567607 -0.000206062 0.0141932 0.00775797
13.3 -1.99161e-06 0.000310733 0.000523819 -0.000180453 0.0130981 0.00777163
13.32 -1.86747e-06 0.000296969 0.000444149 -0.000152235 0.0111055 0.00742737
13.34 -1.58411e-06 0.000277671 0.000322248 -0.000124299 0.00805671 0.00694473
13.36 -1.15477e-06 0.000263983 0.000163317 -9.8417e-05 0.00408179 0.00660237
13.38 -6.49601e-07 0.000265124 -1.86844e-05 -7.51928e-05 -0.000470147 0.00663092
13.4 -1.48345e-07 0.000283366 -0.000205622 -5.37267e-05 -0.00514555 0.00708717
13.42 3.03007e-07 0.000311324 -0.000379308 -3.15712e-05 -0.00948949 0.0077864
13.44 6.8748e-07 0.000334513 -0.00052526 -5.56376e-06 -0.0131398 0.00836636
13.46 9.90528e-07 0.000338361 -0.00063452 2.68266e-05 -0.0158725 0.00846261
13.48 1.19627e-06 0.000315091 -0.000703267 6.63054e-05 -0.0175918 0.0078806
13.5 1.3052e-06 0.000265971 -0.000732664 0.000111081 -0.0183271 0.00665211
13.52 1.34338e-06 0.000198073 -0.000729452 0.000157098 -0.0182467 0.00495394
13.54 1.35297e-06 0.00011877 -0.000704852 0.000199287 -0.0176315 0.00297054
13.56 1.37478e-06 3.2775e-05 -0.000670802 0.000233057 -0.0167799 0.000819772
13.58 1.43369e-06 -5.62867e-05 -0.000635649 0.000255057 -0.0159007 -0.0014077
13.6 1.53222e-06 -0.000142699 -0.000602249 0.000263209 -0.0150654 -0.00356891
13.62 1.65413e-06 -0.000218629 -0.00056824 0.000256791 -0.0142148 -0.00546795
13.64 1.76912e-06 -0.000278079 -0.000525505 0.000236782 -0.013146 -0.00695483
13.66 1.82762e-06 -0.000321013 -0.000461111 0.00020602 -0.0115354 -0.00802862
13.68 1.76619e-06 -0.000353375 -0.000363563 0.000168979 -0.00909571 -0.008838
13.7 1.54183e-06 -0.000382406 -0.00022982 0.000131154 -0.00575073 -0.00956407
13.72 1.16854e-06 -0.000411395 -6.74358e-05 9.76696e-05 -0.00168945 -0.0102891
13.74 7.15558e-07 -0.000438281 0.000106973 7.10795e-05 0.00267258 -0.0109615
13.76 2.68493e-07 -0.000458374 0.000271544 4.99171e-05 0.00678859 -0.0114641
13.78 -1.06177e-07 -0.000468157 0.000406378 2.97646e-05 0.0101608 -0.0117087
13.8 -3.73629e-07 -0.0004668 0.000501335 5.98556e-06 0.0125358 -0.0116748
13.82 -5.3251e-07 -0.000454738 0.000558633 -2.4301e-05 0.0139688 -0.0113731
13.84 -6.10741e-07 -0.000432047 0.000589144 -6.16228e-05 0.0147319 -0.0108056
13.86 -6.50098e-07 -0.000398872 0.000606257 -0.000104032 0.0151599 -0.00997589
13.88 -6.88363e-07 -0.000356547 0.000620734 -0.000147425 0.015522 -0.00891733
13.9 -7.51344e-07 -0.000307187 0.000638137 -0.000186695 0.0159572 -0.00768281
13.92 -8.54184e-07 -0.000252139 0.00065918 -0.000217094 0.0164835 -0.00630606
13.94 -1.00447e-06 -0.000191323 0.000681807 -0.000235076 0.0170494 -0.004785
13.96 -1.20392e-06 -0.000124008 0.00070269 -0.000238935 0.0175717 -0.00310144
13.98 -1.44748e-06 -4.97515e-05 0.000716194 -0.00022929 0.0179095 -0.00124425
14 -1.71038e-06 3.16233e-05 0.000711019 -0.000208646 0.01778 0.000790967
14.02 -1.93169e-06 0.000120375 0.000670071 -0.000180451 0.0167559 0.0030107
14.04 -2.02308e-06 0.000215785 0.000579285 -0.000148661 0.0144853 0.00539693
14.06 -1.91862e-06 0.000313247 0.000439714 -0.000117457 0.0109946 0.0078345
14.08 -1.63261e-06 0.000402173 0.000270338 -9.03385e-05 0.00675843 0.0100586
14.1 -1.25858e-06 0.000468598 9.85621e-05 -6.88106e-05 0.00246224 0.0117199
14.12 -9.00831e-07 0.00050301 -5.30043e-05 -5.18257e-05 -0.0013285 0.0125805
14.14 -6.08082e-07 0.000508012 -0.000175302 -3.67618e-05 -0.00438721 0.0127057
14.16 -3.69048e-07 0.000498537 -0.000273587 -2.1117e-05 -0.00684535 0.0124687
14.18 -1.54867e-07 0.000492552 -0.000359726 -3.257e-06 -0.00899974 0.012319
14.2 4.51791e-08 0.00049857 -0.000441342 1.8202e-05 -0.011041 0.0124695
14.22 2.18198e-07 0.000510163 -0.000516434 4.48884e-05 -0.0129191 0.0127594
14.24 3.43546e-07 0.00051197 -0.000576437 7.76568e-05 -0.0144198 0.0128046
14.26 4.15302e-07 0.000490649 -0.000612976 0.000114575 -0.0153336 0.0122714
14.28 4.60308e-07 0.000440516 -0.000622652 0.000149751 -0.0155756 0.0110175
14.3 5.29919e-07 0.000361466 -0.000608195 0.00017466 -0.015214 0.00904046
14.32 6.64569e-07 0.000255539 -0.000577192 0.000182091 -0.0144386 0.00639118
14.34 8.68214e-07 0.000127985 -0.000539151 0.000170285 -0.0134872 0.00320102
14.36 1.11379e-06 -9.21378e-06 -0.000500957 0.000144074 -0.012532 -0.000230384
14.38 1.36334e-06 -0.000138401 -0.000462206 0.000112289 -0.0115628 -0.00346142
14.4 1.56915e-06 -0.000243849 -0.000413718 8.34273e-05 -0.0103501 -0.00609871
14.42 1.66612e-06 -0.000320055 -0.000342438 6.25742e-05 -0.00856737 -0.00800465
14.44 1.59838e-06 -0.000374103 -0.000240374 5.07846e-05 -0.00601468 -0.00935642
14.46 1.36849e-06 -0.000420413 -0.000109731 4.57668e-05 -0.00274726 -0.0105146
14.48 1.04508e-06 -0.000471274 3.87521e-05 4.27019e-05 0.000966365 -0.0117867
14.5 7.11922e-07 -0.000529348 0.000190073 3.57796e-05 0.00475096 -0.0132392
14.52 4.20018e-07 -0.000586946 0.000328677 2.09975e-05 0.00821751 -0.0146797
14.54 1.88075e-07 -0.000631367 0.000441538 -1.56613e-06 0.0110402 -0.0157907
14.56 2.33237e-08 -0.000650934 0.00051998 -2.85146e-05 0.0130021 -0.0162801
14.58 -7.70231e-08 -0.000637684 0.000560388 -5.63485e-05 0.0140127 -0.0159487
14.6 -1.35836e-07 -0.000587625 0.000565356 -8.33271e-05 0.014137 -0.0146967
14.62 -1.91336e-07 -0.000501218 0.000544542 -0.00010801 0.0136164 -0.0125356
14.64 -2.84135e-07 -0.000384333 0.000512522 -0.000127399 0.0128155 -0.00961227
14.66 -4.45279e-07 -0.000248595 0.000483396 -0.000138061 0.0120871 -0.00621741
14.68 -6.84827e-07 -0.000109583 0.000465034 -0.00013901 0.0116278 -0.00274065
14.7 -9.84953e-07 1.84603e-05 0.00045529 -0.000132513 0.0113842 0.000461756
14.72 -1.29707e-06 0.000129 0.000440509 -0.000121716 0.0110145 0.0032264
14.74 -1.54205e-06 0.000225086 0.00039905 -0.000107991 0.00997756 0.00562954
14.76 -1.63054e-06 0.000314381 0.000313552 -9.0999e-05 0.00783922 0.00786287
14.78 -1.52082e-06 0.000401835 0.000184572 -7.09491e-05 0.00461339 0.0100501
14.8 -1.26801e-06 0.000486293 3.17027e-05 -4.99639e-05 0.000790058 0.0121625
14.82 -9.90762e-07 0.000562176 -0.000118564 -3.09774e-05 -0.00296817 0.0140603
14.84 -7.73315e-07 0.000622597 -0.00024613 -1.58136e-05 -0.00615866 0.0155715
14.86 -6.11963e-07 0.000661329 -0.000343141 -4.66995e-06 -0.00858493 0.0165402
14.88 -4.56908e-07 0.000673378 -0.00041183 3.40018e-06 -0.0103029 0.0168415
14.9 -2.80922e-07 0.00065473 -0.000457751 1.08631e-05 -0.0114514 0.0163751
14.92 -9.45679e-08 0.000603113 -0.000484528 2.22547e-05 -0.0121211 0.0150842
14.94 7.9821e-08 0.000520835 -0.000494823 4.23137e-05 -0.0123786 0.0130264
14.96 2.41147e-07 0.000415937 -0.000494385 7.20925e-05 -0.0123676 0.0104028
14.98 4.23784e-07 0.000298131 -0.000491869 0.000106862 -0.0123047 0.00745644
15 6.70303e-07 0.000173068 -0.000493052 0.000138232 -0.0123343 0.00432857
15.02 9.85874e-07 4.16551e-05 -0.000495388 0.000158463 -0.0123927 0.00104187
15.04 1.31804e-06 -9.4367e-05 -0.000488034 0.000163231 -0.0122088 -0.0023601
15.06 1.58559e-06 -0.000227053 -0.000457027 0.000151944 -0.0114333 -0.00567863
15.08 1.72546e-06 -0.000343735 -0.000392119 0.000127395 -0.00980989 -0.0085969
15.1 1.71788e-06 -0.000434876 -0.000292 9.55579e-05 -0.00730587 -0.0108764
15.12 1.58582e-06 -0.000501052 -0.000165596 6.42835e-05 -0.00414447 -0.0125315
15.14 1.37929e-06 -0.000551852 -2.86003e-05 4.03021e-05 -0.000718146 -0.013802
15.16 1.15189e-06 -0.000597169 0.000102546 2.64113e-05 0.00256187 -0.0149354
15.18 9.39678e-07 -0.000639042 0.000216121 2.10786e-05 0.00540244 -0.0159826
15.2 7.52045e-07 -0.000670967 0.000308159 2.02784e-05 0.00770434 -0.0167811
15.22 5.75197e-07 -0.000683358 0.000381441 1.94419e-05 0.00953716 -0.017091
15.24 3.82362e-07 -0.000668509 0.000440955 1.39786e-05 0.0110256 -0.0167196
15.26 1.48904e-07 -0.000621453 0.000489604 -8.39299e-07 0.0122424 -0.0155427
15.28 -1.30161e-07 -0.000538842 0.000527366 -2.8404e-05 0.0131868 -0.0134766
15.3 -4.41445e-07 -0.000419729 0.00055314 -6.74174e-05 0.0138314 -0.0104975
15.32 -7.67131e-07 -0.000269161 0.000566521 -0.000110204 0.0141661 -0.00673178
15.34 -1.09411e-06 -0.000100106 0.000568059 -0.000146081 0.0142045 -0.00250365
15.36 -1.41498e-06 7.03254e-05 0.000558332 -0.000167366 0.0139613 0.00175892
15.38 -1.71687e-06 0.000227441 0.000536591 -0.000172215 0.0134175 0.00568844
15.4 -1.97159e-06 0.000362867 0.000499637 -0.000162806 0.0124933 0.0090755
15.42 -2.14321e-06 0.000474449 0.000442462 -0.000142668 0.0110633 0.0118662
15.44 -2.20687e-06 0.000564304 0.000361988 -0.000116147 0.00905064 0.0141135
15.46 -2.16237e-06 0.000636623 0.000261359 -8.87221e-05 0.00653387 0.0159223
15.48 -2.03518e-06 0.000695282 0.000149783 -6.58391e-05 0.0037433 0.0173894
15.5 -1.86128e-06 0.00074139 3.79606e-05 -5.07416e-05 0.00094657 0.0185425
15.52 -1.66401e-06 0.000771979 -6.64763e-05 -4.3565e-05 -0.00166544 0.0193076
15.54 -1.44023e-06 0.000781164 -0.000161303 -4.21388e-05 -0.00403709 0.0195373
15.56 -1.1699e-06 0.000762948 -0.000249136 -4.26946e-05 -0.00623384 0.0190817
15.58 -8.30051e-07 0.000713313 -0.000333273 -3.96198e-05 -0.00833813 0.0178403
15.6 -4.19803e-07 0.00063116 -0.000412524 -2.60875e-05 -0.0103202 0.0157856
15.62 2.51669e-08 0.000518427 -0.000480092 2.53239e-06 -0.0120101 0.0129662
15.64 4.5509e-07 0.000379483 -0.000527593 4.43337e-05 -0.0131982 0.0094911
15.66 8.37422e-07 0.000220789 -0.000550175 9.05042e-05 -0.0137629 0.00552209
15.68 1.16857e-06 5.12981e-05 -0.000548957 0.000130201 -0.0137325 0.00128306
15.7 1.45727e-06 -0.000117099 -0.000530224 0.000155927 -0.013264 -0.00292863
15.72 1.70891e-06 -0.000271073 -0.000502363 0.000165206 -0.0125672 -0.00677958
15.74 1.92691e-06 -0.000400194 -0.000472053 0.000159362 -0.0118091 -0.010009
15.76 2.11493e-06 -0.000500994 -0.000441668 0.00014222 -0.0110492 -0.01253
15.78 2.26694e-06 -0.000576637 -0.00040865 0.000119496 -0.0102233 -0.0144219
15.8 2.35734e-06 -0.000632341 -0.000366404 9.76431e-05 -0.00916675 -0.015815
15.82 2.34607e-06 -0.000670314 -0.000307354 8.16999e-05 -0.00768989 -0.0167648
15.84 2.1987e-06 -0.000687733 -0.000227399 7.33805e-05 -0.00569018 -0.0172004
15.86 1.91005e-06 -0.000678984 -0.000128505 7.07665e-05 -0.0032168 -0.0169816
15.88 1.51134e-06 -0.000640477 -1.79636e-05 6.95267e-05 -0.000452118 -0.0160185
15.9 1.04977e-06 -0.000574034 9.40974e-05 6.46813e-05 0.00235057 -0.0143568
15.92 5.67014e-07 -0.000485936 0.000197365 5.21456e-05 0.00493333 -0.0121534
15.94 9.42746e-08 -0.000383017 0.000283528 3.0077e-05 0.00708831 -0.00957936
15.96 -3.40724e-07 -0.000269962 0.000347603 -8.9577e-08 0.00869084 -0.0067518
15.98 -7.13897e-07 -0.000149785 0.00038851 -3.40024e-05 0.00971395 -0.00374612
16 -1.01736e-06 -2.61687e-05 0.000409274 -6.64243e-05 0.0102333 -0.000654427
16.02 -1.26186e-06 9.45159e-05 0.000416454 -9.33425e-05 0.0104128 0.00236395
16.04 -1.46773e-06 0.000203975 0.000418089 -0.000112721 0.0104537 0.00510155
16.06 -1.6575e-06 0.000296326 0.000420439 -0.000124132 0.0105125 0.0074113
16.08 -1.84908e-06 0.000372381 0.000425181 -0.000128278 0.0106311 0.00931348
16.1 -2.04243e-06 0.000438598 0.000428687 -0.000126694 0.0107188 0.0109696
16.12 -2.20979e-06 0.00050036 0.000423127 -0.000121197 0.0105797 0.0125143
16.14 -2.30384e-06 0.000555406 0.000398392 -0.000113096 0.00996112 0.013891
16.16 -2.27579e-06 0.000593459 0.000345643 -0.000102889 0.00864184 0.0148427
16.18 -2.094e-06 0.000602542 0.000262694 -9.08075e-05 0.00656725 0.0150699
16.2 -1.76369e-06 0.000576717 0.00015692 -7.75151e-05 0.0039218 0.014424
16.22 -1.32974e-06 0.000519075 4.20267e-05 -6.40305e-05 0.00104827 0.0129823
16.24 -8.53104e-07 0.000438273 -6.83558e-05 -5.08568e-05 -0.00171245 0.0109615
16.26 -3.77913e-07 0.000342549 -0.000165313 -3.72105e-05 -0.0041374 0.00856736
16.28 7.88936e-08 0.000236834 -0.000245876 -2.13006e-05 -0.0061523 0.00592339
16.3 5.10955e-07 0.00012438 -0.000311131 -1.44725e-06 -0.00778437 0.00311087
16.32 9.07786e-07 9.31551e-06 -0.000362598 2.30429e-05 -0.00907156 0.000233049
16.34 1.25434e-06 -0.000103187 -0.000399966 5.16032e-05 -0.0100062 -0.00258068
16.36 1.53853e-06 -0.000208866 -0.000422342 8.22924e-05 -0.0105658 -0.00522376
16.38 1.75969e-06 -0.000305973 -0.000430995 0.000111766 -0.0107822 -0.00765245
16.4 1.93208e-06 -0.000394712 -0.000429839 0.000135862 -0.0107533 -0.00987185
16.42 2.07548e-06 -0.000474922 -0.000422829 0.000150979 -0.010578 -0.0118779
16.44 2.1964e-06 -0.000543918 -0.000410971 0.000155495 -0.0102814 -0.0136036
16.46 2.27688e-06 -0.000596108 -0.000391594 0.000150295 -0.00979677 -0.0149089
16.48 2.28333e-06 -0.000624672 -0.000359998 0.000138198 -0.00900655 -0.0156232
16.5 2.18636e-06 -0.000624305 -0.000312331 0.00012277 -0.00781438 -0.0156141
16.52 1.97587e-06 -0.000593447 -0.000248286 0.000107041 -0.00621257 -0.0148423
16.54 1.66292e-06 -0.000535041 -0.000171537 9.27139e-05 -0.00429305 -0.0133815
16.56 1.27422e-06 -0.000455541 -8.74442e-05 7.98818e-05 -0.00218986 -0.0113932
16.58 8.39771e-07 -0.000362452 -8.0836e-07 6.70113e-05 -2.30583e-05 -0.00906501
16.6 3.83527e-07 -0.000262086 8.43325e-05 5.15814e-05 0.00210635 -0.00655481
16.62 -7.35142e-08 -0.000158705 0.000164312 3.15037e-05 0.00410667 -0.00396923
16.64 -5.11779e-07 -5.46708e-05 0.000236325 6.32052e-06 0.00590776 -0.00136728
16.66 -9.16305e-07 4.87379e-05 0.000298916 -2.27522e-05 0.00747317 0.00121902
16.68 -1.27883e-06 0.000150159 0.000351438 -5.35922e-05 0.00878678 0.00375561
16.7 -1.5941e-06 0.000247358 0.000393119 -8.37759e-05 0.00982924 0.00618659
16.72 -1.8553e-06 0.000337115 0.000422817 -0.000110757 0.010572 0.00843144
16.74 -2.05491e-06 0.000415644 0.000439683 -0.000132117 0.0109938 0.0103955
16.76 -2.19029e-06 0.000479376 0.000443955 -0.000146141 0.0111007 0.0119895
16.78 -2.26585e-06 0.000525711 0.000436768 -0.000152297 0.0109209 0.0131483
16.8 -2.28617e-06 0.000553184 0.000418693 -0.000151171 0.0104689 0.0138354
16.82 -2.24556e-06 0.000561049 0.00038823 -0.000144006 0.00970695 0.0140321
16.84 -2.12794e-06 0.000548908 0.000342397 -0.000132196 0.00856065 0.0137285
16.86 -1.91902e-06 0.000516871 0.000279852 -0.000116938 0.00699637 0.0129272
16.88 -1.62029e-06 0.000466091 0.000203377 -9.91953e-05 0.00508371 0.0116572
16.9 -1.25265e-06 0.000398991 0.000118434 -7.98404e-05 0.00295925 0.009979
16.92 -8.42095e-07 0.00031884 2.97027e-05 -5.95464e-05 0.000740036 0.00797439
16.94 -4.04987e-07 0.0002291 -5.97519e-05 -3.85198e-05 -0.00149726 0.00572995
16.96 4.87189e-08 0.000132775 -0.000146432 -1.64682e-05 -0.00366517 0.00332082
16.98 5.00661e-07 3.21376e-05 -0.000225057 7.12037e-06 -0.00563161 0.000803839
17 9.18623e-07 -7.07421e-05 -0.000289869 3.26179e-05 -0.00725258 -0.00176922
17.02 1.27314e-06 -0.000173355 -0.000337378 5.99459e-05 -0.00844081 -0.00433561
17.04 1.55727e-06 -0.000272636 -0.000368089 8.82172e-05 -0.00920889 -0.00681867
17.06 1.78376e-06 -0.000364967 -0.000385574 0.000115477 -0.00964621 -0.00912791
17.08 1.96432e-06 -0.000446073 -0.000393734 0.000138973 -0.0098503 -0.0111564
17.1 2.09778e-06 -0.000511321 -0.000394896 0.000155972 -0.00987936 -0.0127883
17.12 2.17732e-06 -0.000556575 -0.000390262 0.000164618 -0.00976345 -0.0139201
17.14 2.20199e-06 -0.000579097 -0.000381284 0.00016444 -0.0095389 -0.0144834
17.16 2.17758e-06 -0.000578027 -0.000369505 0.000156457 -0.00924432 -0.0144566
17.18 2.1076e-06 -0.000554211 -0.00035443 0.000142769 -0.00886728 -0.013861
17.2 1.98195e-06 -0.000509509 -0.000331835 0.000125649 -0.00830217 -0.012743
17.22 1.77657e-06 -0.000446088 -0.000295393 0.000106611 -0.00739075 -0.0111568
17.24 1.47137e-06 -0.000366278 -0.000241069 8.612e-05 -0.00603208 -0.00916071
17.26 1.07232e-06 -0.000273304 -0.000170267 6.41549e-05 -0.0042613 -0.00683539
17.28 6.16182e-07 -0.000171905 -8.92086e-05 4.09879e-05 -0.00223399 -0.00429935
17.3 1.47896e-07 -6.7192e-05 -5.84205e-06 1.72312e-05 -0.000148953 -0.00168044
17.32 -3.04101e-07 3.72321e-05 7.32608e-05 -6.68714e-06 0.00182944 0.000931254
17.34 -7.27099e-07 0.000139392 0.00014436 -3.0644e-05 0.00360767 0.00348631
17.36 -1.10951e-06 0.00023715 0.00020581 -5.43414e-05 0.00514454 0.00593129
17.38 -1.43515e-06 0.000326477 0.000256497 -7.69059e-05 0.00641226 0.00816538
17.4 -1.68974e-06 0.00040157 0.000295619 -9.70175e-05 0.00739071 0.0100435
17.42 -1.87e-06 0.000457292 0.000323704 -0.000113368 0.00809313 0.0114371
17.44 -1.98634e-06 0.000492204 0.000342744 -0.000125024 0.00856932 0.0123103
17.46 -2.05438e-06 0.000509242 0.000354502 -0.000131503 0.00886339 0.0127364
17.48 -2.08063e-06 0.000512986 0.000358674 -0.000132658 0.00896774 0.0128301
17.5 -2.05709e-06 0.000505806 0.000352935 -0.000128557 0.00882422 0.0126505
17.52 -1.96973e-06 0.000486138 0.000334847 -0.000119376 0.00837183 0.0121586
17.54 -1.80994e-06 0.000450034 0.000303534 -0.000105332 0.00758868 0.0112556
17.56 -1.57885e-06 0.000394419 0.000259594 -8.67589e-05 0.00648973 0.00986465
17.58 -1.28052e-06 0.000319422 0.000204179 -6.44685e-05 0.00510375 0.00798894
17.6 -9.17165e-07 0.000228198 0.000138792 -4.01578e-05 0.0034684 0.0057074
17.62 -4.94445e-07 0.000124789 6.58579e-05 -1.61093e-05 0.00164429 0.00312108
17.64 -3.0415e-08 1.26229e-05 -1.06035e-05 5.95508e-06 -0.00026804 0.000315767
17.66 4.41747e-07 -0.000104627 -8.49714e-05 2.57786e-05 -0.00212801 -0.00261671
17.68 8.84177e-07 -0.000221449 -0.000151472 4.42775e-05 -0.00379122 -0.00553847
17.7 1.26939e-06 -0.000330572 -0.000206478 6.24049e-05 -0.00516694 -0.00826769
17.72 1.58691e-06 -0.000425005 -0.000249702 8.02887e-05 -0.00624799 -0.0106295
17.74 1.83903e-06 -0.000500409 -0.000283296 9.72086e-05 -0.0070882 -0.0125154
17.76 2.03285e-06 -0.000556036 -0.000309786 0.000112037 -0.00775071 -0.0139066
17.78 2.17343e-06 -0.000593582 -0.000330312 0.000123604 -0.00826409 -0.0148457
17.8 2.25963e-06 -0.000614903 -0.000344049 0.000130912 -0.00860765 -0.0153789
17.82 2.28419e-06 -0.000620256 -0.00034892 0.000133334 -0.00872947 -0.0155128
17.84 2.23888e-06 -0.000607833 -0.000343048 0.00013069 -0.00858262 -0.0152021
17.86 2.11593e-06 -0.000574222 -0.000325666 0.00012305 -0.00814788 -0.0143615
17.88 1.90864e-06 -0.000515561 -0.000296598 0.000110428 -0.00742087 -0.0128943
17.9 1.61368e-06 -0.000429496 -0.000255232 9.27871e-05 -0.0063863 -0.0107418
17.92 1.23241e-06 -0.000317633 -0.000200922 7.07046e-05 -0.00502799 -0.00794407
17.94 7.7592e-07 -0.000186647 -0.000134876 4.60667e-05 -0.00337613 -0.00466806
17.96 2.68113e-07 -4.62118e-05 -6.13193e-05 2.16227e-05 -0.00153646 -0.00115571
17.98 -2.55577e-07 9.45719e-05 1.34069e-05 -4.93563e-07 0.000332471 0.00236535
18 -7.5559e-07 0.000229155 8.30312e-05 -1.97473e-05 0.0020738 0.00573133
18.02 -1.20142e-06 0.000353157 0.000143408 -3.67827e-05 0.00358385 0.00883266
18.04 -1.57911e-06 0.000462685 0.000193399 -5.23006e-05 0.00483414 0.011572
18.06 -1.88666e-06 0.000553272 0.000234162 -6.64835e-05 0.00585366 0.0138376
18.08 -2.12658e-06 0.000621009 0.000267556 -7.92613e-05 0.00668884 0.0155317
18.1 -2.30316e-06 0.000664912 0.000294942 -9.06804e-05 0.00737378 0.0166298
18.12 -2.42077e-06 0.000687545 0.00031685 -0.000100828 0.00792172 0.0171959
18.14 -2.48095e-06 0.00069287 0.000332892 -0.000109552 0.00832293 0.017329
18.16 -2.48202e-06 0.000683293 0.000341632 -0.000116304 0.00854153 0.0170895
18.18 -2.41916e-06 0.000658103 0.000340905 -0.000120058 0.00852334 0.0164595
18.2 -2.28212e-06 0.000614015 0.000328729 -0.00011931 0.00821882 0.0153568
18.22 -2.06134e-06 0.000547146 0.000304019 -0.00011237 0.0076008 0.0136844
18.24 -1.75551e-06 0.000455532 0.000266497 -9.81352e-05 0.00666237 0.0113931
18.26 -1.37328e-06 0.000341345 0.000216462 -7.72356e-05 0.00541096 0.00853726
18.28 -9.28202e-07 0.000210643 0.000155092 -5.24812e-05 0.00387607 0.00526832
18.3 -4.33452e-07 7.06719e-05 8.48823e-05 -2.76838e-05 0.0021201 0.0017676
18.32 8.93458e-08 -7.17826e-05 9.61373e-06 -5.66852e-06 0.000237603 -0.00179525
18.34 6.05943e-07 -0.000210124 -6.62411e-05 1.28364e-05 -0.00165956 -0.00525521
18.36 1.08369e-06 -0.000337776 -0.00013857 2.87835e-05 -0.00346853 -0.00844786
18.38 1.50571e-06 -0.00044894 -0.000204633 4.36405e-05 -0.0051208 -0.0112281
18.4 1.86742e-06 -0.000539687 -0.000263148 5.85508e-05 -0.00658428 -0.0134977
18.42 2.16632e-06 -0.000608896 -0.000313333 7.41074e-05 -0.00783943 -0.0152287
18.44 2.39812e-06 -0.000658135 -0.000353995 9.03346e-05 -0.0088564 -0.0164602
18.46 2.55795e-06 -0.000689951 -0.000383616 0.00010662 -0.00959724 -0.0172559
18.48 2.64252e-06 -0.000705838 -0.000401101 0.000121754 -0.0100345 -0.0176532
18.5 2.65172e-06 -0.000705571 -0.000406197 0.00013422 -0.010162 -0.0176466
18.52 2.58955e-06 -0.000687844 -0.000399247 0.000142573 -0.00998817 -0.0172032
18.54 2.45503e-06 -0.00065089 -0.000380697 0.00014573 -0.00952423 -0.016279
18.56 2.23977e-06 -0.000592497 -0.000350814 0.00014303 -0.00877685 -0.0148185
18.58 1.93774e-06 -0.000510168 -0.000309755 0.00013398 -0.00774994 -0.0127594
18.6 1.5547e-06 -0.000403264 -0.000257964 0.000118356 -0.00645462 -0.0100858
18.62 1.11099e-06 -0.000276036 -0.000196703 9.71175e-05 -0.00492246 -0.00690372
18.64 6.29173e-07 -0.000137337 -0.000128154 7.28487e-05 -0.00320801 -0.0034348
18.66 1.27069e-07 2.96332e-06 -5.50539e-05 4.86128e-05 -0.00137976 7.41737e-05
18.68 -3.74394e-07 0.000137065 1.95358e-05 2.61945e-05 0.000485759 0.00342811
18.7 -8.48426e-07 0.000260113 9.22257e-05 5.52312e-06 0.00230376 0.00650558
18.72 -1.27204e-06 0.000369259 0.000159556 -1.4401e-05 0.00398771 0.00923537
18.74 -1.63133e-06 0.000461821 0.000218671 -3.431e-05 0.00546621 0.0115504
18.76 -1.9185e-06 0.000534509 0.000267895 -5.42797e-05 0.00669733 0.0133683
18.78 -2.13051e-06 0.000584776 0.000306674 -7.39861e-05 0.00766721 0.0146256
18.8 -2.26875e-06 0.000612404 0.000334977 -9.29015e-05 0.00837507 0.0153165
18.82 -2.33495e-06 0.000619228 0.00035277 -0.000110227 0.00882008 0.0154872
18.84 -2.32893e-06 0.000607469 0.00036004 -0.00012482 0.00900192 0.0151931
18.86 -2.25243e-06 0.000578312 0.000357213 -0.000135291 0.0089312 0.0144639
18.88 -2.10953e-06 0.000531687 0.000345341 -0.000140282 0.00863427 0.0132978
18.9 -1.90637e-06 0.000467108 0.000325551 -0.000138733 0.00813932 0.0116826
18.92 -1.64849e-06 0.000384891 0.000297846 -0.000129959 0.00744642 0.00962634
18.94 -1.33826e-06 0.000287477 0.000260393 -0.000113907 0.0065097 0.00718997
18.96 -9.7627e-07 0.000179786 0.000210665 -9.17479e-05 0.00526598 0.00449659
18.98 -5.63369e-07 6.74981e-05 0.000147933 -6.60027e-05 0.00369703 0.00168822
19 -1.10478e-07 -4.49305e-05 7.47411e-05 -3.95665e-05 0.00186647 -0.00112367
19.02 3.54028e-07 -0.000154344 -3.68659e-06 -1.43361e-05 -9.5044e-05 -0.00386014
19.04 7.93669e-07 -0.000257633 -8.10695e-05 9.3347e-06 -0.00203042 -0.00644344
19.06 1.18119e-06 -0.000350815 -0.000151714 3.20007e-05 -0.00379728 -0.00877396
19.08 1.50352e-06 -0.000429303 -0.000211801 5.41358e-05 -0.00530008 -0.010737
19.1 1.75588e-06 -0.000489459 -0.000259861 7.57213e-05 -0.00650208 -0.0122415
19.12 1.93844e-06 -0.000530291 -0.000296327 9.64202e-05 -0.0074141 -0.0132627
19.14 2.05609e-06 -0.000553407 -0.000322713 0.000115729 -0.00807403 -0.0138409
19.16 2.11572e-06 -0.00056102 -0.000340821 0.000132866 -0.00852691 -0.0140313
19.18 2.12282e-06 -0.000554017 -0.000351956 0.000146693 -0.00880541 -0.0138561
19.2 2.08068e-06 -0.000531884 -0.000356334 0.000155902 -0.00891491 -0.0133026
19.22 1.98824e-06 -0.000494028 -0.00035301 0.000159335 -0.00883176 -0.0123558
19.24 1.83986e-06 -0.000440642 -0.000340304 0.000156134 -0.008514 -0.0110206
19.26 1.62746e-06 -0.000372264 -0.000316353 0.000145681 -0.00791495 -0.0093104
19.28 1.3461e-06 -0.00028939 -0.000279757 0.000127776 -0.00699969 -0.00723769
19.3 1.00043e-06 -0.000193203 -0.000230715 0.000103275 -0.00577312 -0.00483202
19.32 6.05454e-07 -8.66021e-05 -0.000172004 7.44614e-05 -0.00430474 -0.00216589
19.34 1.86144e-07 2.52613e-05 -0.000108513 4.44496e-05 -0.0027168 0.000631858
19.36 -2.25806e-07 0.000135402 -4.54403e-05 1.59392e-05 -0.00113932 0.00338651
19.38 -6.02349e-07 0.000236663 1.33285e-05 -9.66731e-06 0.000330511 0.00591911
19.4 -9.28794e-07 0.000323675 6.59471e-05 -3.22149e-05 0.00164652 0.0080953
19.42 -1.20185e-06 0.000393454 0.000112579 -5.21671e-05 0.0028128 0.00984051
19.44 -1.42195e-06 0.000444669 0.000154649 -7.00819e-05 0.003865 0.0111214
19.46 -1.59094e-06 0.000476927 0.00019354 -8.63893e-05 0.00483767 0.0119282
19.48 -1.71222e-06 0.000490699 0.000229386 -0.000101206 0.00573421 0.0122726
19.5 -1.78648e-06 0.000487302 0.000260638 -0.000114105 0.00651583 0.0121877
19.52 -1.80835e-06 0.000468421 0.000284601 -0.000124034 0.00711514 0.0117155
19.54 -1.76904e-06 0.000435315 0.000298631 -0.000129509 0.00746604 0.0108875
19.56 -1.66323e-06 0.000388278 0.000301289 -0.000128945 0.00753253 0.00971106
19.58 -1.49396e-06 0.000326817 0.000292788 -0.000121022 0.00731992 0.0081739
19.6 -1.27086e-06 0.000250888 0.000274496 -0.000105226 0.00686243 0.00627488
19.62 -1.00647e-06 0.000162542 0.000247851 -8.2531e-05 0.00619602 0.0040653
19.64 -7.11503e-07 6.6262e-05 0.000213549 -5.55106e-05 0.0053381 0.0016573
19.66 -3.92684e-07 -3.2181e-05 0.000171778 -2.74427e-05 0.00429339 -0.0008048
19.68 -5.88842e-08 -0.00012692 0.000123103 -1.06589e-06 0.00307602 -0.00317425
19.7 2.7412e-07 -0.000212688 6.89038e-05 2.21504e-05 0.00172047 -0.00531936
19.72 5.88549e-07 -0.000285446 1.11468e-05 4.199e-05 0.000275946 -0.00713905
19.74 8.7219e-07 -0.000342892 -4.79133e-05 5.90268e-05 -0.00120117 -0.00857581
19.76 1.11868e-06 -0.000384497 -0.00010588 7.40563e-05 -0.00265095 -0.00961636
19.78 1.32256e-06 -0.000410961 -0.000160253 8.76173e-05 -0.00401084 -0.0102782
19.8 1.47688e-06 -0.000423412 -0.000208447 9.97267e-05 -0.00521619 -0.0105896
19.82 1.57523e-06 -0.000422775 -0.000248064 0.000109877 -0.00620702 -0.0105737
19.84 1.61476e-06 -0.000409546 -0.00027753 0.000117206 -0.00694399 -0.0102428
19.86 1.59622e-06 -0.000383748 -0.000296634 0.00012071 -0.00742177 -0.00959763
19.88 1.52277e-06 -0.000344923 -0.000306414 0.000119469 -0.00766639 -0.00862662
19.9 1.39972e-06 -0.000292304 -0.000308433 0.000112863 -0.00771689 -0.00731059
19.92 1.2337e-06 -0.000225596 -0.000303874 0.000100852 -0.00760285 -0.0056422
19.94 1.03135e-06 -0.000146215 -0.000292917 8.42219e-05 -0.00732881 -0.00365685
19.96 7.9745e-07 -5.79051e-05 -0.000274618 6.44841e-05 -0.00687115 -0.00144817
19.98 5.34775e-07 3.38223e-05 -0.000247311 4.33204e-05 -0.0061882 0.000845971
20 2.4697e-07 0.00012301 -0.000209596 2.20593e-05 -0.00524492 0.00307659
20.02 -5.86987e-08 0.000204729 -0.0001615 1.62452e-06 -0.00404203 0.00512042
20.04 -3.7076e-07 0.000276019 -0.000104909 -1.72233e-05 -0.00262667 0.00690342
20.06 -6.74934e-07 0.000335803 -4.3017e-05 -3.37935e-05 -0.00107871 0.00839865
20.08 -9.57064e-07 0.000384094 2.04211e-05 -4.76191e-05 0.000507899 0.0096064
20.1 -1.20561e-06 0.000421176 8.15485e-05 -5.85934e-05 0.00203672 0.0105338
20.12 -1.41079e-06 0.000447015 0.000136823 -6.69027e-05 0.00341916 0.0111801
20.14 -1.5625e-06 0.00046088 0.000183554 -7.28821e-05 0.00458792 0.0115269
20.16 -1.652e-06 0.000461271 0.000220408 -7.69221e-05 0.00550965 0.0115366
20.18 -1.67588e-06 0.000446151 0.000247593 -7.93142e-05 0.00618957 0.0111585
20.2 -1.63618e-06 0.000413389 0.00026643 -7.99605e-05 0.00666068 0.0103391
20.22 -1.5383e-06 0.000361546 0.000278361 -7.81861e-05 0.00695907 0.00904249
20.24 -1.38877e-06 0.000290988 0.000284069 -7.29982e-05 0.00710184 0.0072778
20.26 -1.19488e-06 0.000204806 0.000283295 -6.37701e-05 0.00708248 0.00512235
20.28 -9.65158e-07 0.000108659 0.000275204 -5.07759e-05 0.00688012 0.00271767
20.3 -7.08479e-07 9.43162e-06 0.000258707 -3.50884e-05 0.00646753 0.00023595
20.32 -4.33349e-07 -8.63809e-05 0.000232606 -1.80612e-05 0.00581474 -0.00216036
20.34 -1.46266e-07 -0.000173955 0.000196089 -9.5027e-07 0.00490143 -0.00435063
20.36 1.4857e-07 -0.000250844 0.00014961 1.51318e-05 0.00373898 -0.00627365
20.38 4.45257e-07 -0.000316666 9.51683e-05 2.92008e-05 0.00237736 -0.00791988
20.4 7.32612e-07 -0.000371798 3.55697e-05 4.05937e-05 0.000886772 -0.00929876
20.42 9.97603e-07 -0.000416058 -2.63913e-05 4.92456e-05 -0.000662899 -0.0104057
20.44 1.23117e-06 -0.000448332 -8.81338e-05 5.57158e-05 -0.0022071 -0.0112129
20.46 1.42722e-06 -0.00046709 -0.000147177 6.08645e-05 -0.0036838 -0.0116821
20.48 1.5774e-06 -0.000471108 -0.000201181 6.54448e-05 -0.00503446 -0.0117825
20.5 1.67203e-06 -0.000459878 -0.000248201 6.98666e-05 -0.00621046 -0.0115017
20.52 1.70568e-06 -0.000433551 -0.000286957 7.41028e-05 -0.00717977 -0.0108432
20.54 1.67953e-06 -0.000392626 -0.000316814 7.76276e-05 -0.00792649 -0.00981968
20.56 1.59867e-06 -0.000337894 -0.000337375 7.94671e-05 -0.00844073 -0.00845081
20.58 1.46849e-06 -0.000270957 -0.000348066 7.85836e-05 -0.00870811 -0.00677668
20.6 1.29465e-06 -0.000194845 -0.000348258 7.44863e-05 -0.00871291 -0.00487309
20.62 1.08437e-06 -0.000113669 -0.000337916 6.75073e-05 -0.00845427 -0.00284286
20.64 8.46687e-07 -3.14116e-05 -0.000317984 5.84794e-05 -0.00795575 -0.000785556
20.66 5.92134e-07 4.90567e-05 -0.000289813 4.82249e-05 -0.00725118 0.00122699
20.68 3.28648e-07 0.000126212 -0.000254176 3.7326e-05 -0.00635989 0.00315667
20.7 5.73014e-08 0.000199432 -0.00021115 2.62207e-05 -0.00528378 0.00498793
20.72 -2.23989e-07 0.000268049 -0.000161018 1.5362e-05 -0.00402997 0.00670407
20.74 -5.10957e-07 0.000330428 -0.000105033 5.20923e-06 -0.00262975 0.0082642
20.76 -7.8974e-07 0.000383787 -4.54112e-05 -3.94841e-06 -0.00113859 0.00959875
20.78 -1.04334e-06 0.000424926 1.50907e-05 -1.21461e-05 0.000374585 0.0106276
20.8 -1.25836e-06 0.000451209 7.3722e-05 -1.96928e-05 0.00184098 0.011285
20.82 -1.42513e-06 0.00046108 0.000128157 -2.69496e-05 0.00320241 0.0115319
20.84 -1.53574e-06 0.000454032 0.000176529 -3.41467e-05 0.00441221 0.0113556
20.86 -1.58513e-06 0.000430489 0.000217263 -4.13328e-05 0.00543099 0.0107668
20.88 -1.57288e-06 0.00039181 0.000249163 -4.83323e-05 0.00622883 0.00979939
20.9 -1.5034e-06 0.000340132 0.000271754 -5.46136e-05 0.00679383 0.00850691
20.92 -1.38428e-06 0.000277872 0.000285431 -5.92394e-05 0.00713592 0.00694975
20.94 -1.22536e-06 0.000207302 0.000291199 -6.11863e-05 0.00728018 0.00518477
20.96 -1.03787e-06 0.000130449 0.0002902 -5.98862e-05 0.00725517 0.00326265
20.98 -8.31434e-07 4.92362e-05 0.000283287 -5.54768e-05 0.00708227 0.00123148
21 -6.12667e-07 -3.40578e-05 0.000270649 -4.85873e-05 0.00676619 -0.000851737
21.02 -3.85805e-07 -0.000116335 0.000251516 -3.99818e-05 0.00628769 -0.00290952
21.04 -1.52586e-07 -0.000193824 0.000224378 -3.0347e-05 0.00560894 -0.00484756
21.06 8.71882e-08 -0.00026278 0.000188066 -2.02245e-05 0.00470077 -0.00657217
21.08 3.30465e-07 -0.000320055 0.00014307 -1.00051e-05 0.00357539 -0.00800464
21.1 5.65484e-07 -0.000363231 9.17947e-05 5.67203e-08 0.00229298 -0.00908449
21.12 7.7441e-07 -0.000390606 3.76342e-05 9.83876e-06 0.000938405 -0.00976916
21.14 9.42625e-07 -0.000401351 -1.61467e-05 1.93468e-05 -0.000406676 -0.0100379
21.16 1.0643e-06 -0.000395748 -6.70215e-05 2.86498e-05 -0.00167908 -0.00989776
21.18 1.13939e-06 -0.000375158 -0.000113247 3.77624e-05 -0.00283519 -0.00938279
21.2 1.16723e-06 -0.000341529 -0.000153534 4.65764e-05 -0.0038428 -0.00854172
21.22 1.14547e-06 -0.000296606 -0.000186853 5.48413e-05 -0.00467611 -0.00741817
21.24 1.07357e-06 -0.000241297 -0.000212689 6.20847e-05 -0.00532227 -0.00603488
21.26 9.56068e-07 -0.000175859 -0.000231366 6.75779e-05 -0.0057894 -0.00439823
21.28 8.03089e-07 -0.000100938 -0.000243849 7.05559e-05 -0.00610162 -0.00252445
21.3 6.26616e-07 -1.86025e-05 -0.000251113 7.05584e-05 -0.00628329 -0.000465194
21.32 4.36704e-07 6.74379e-05 -0.000253599 6.75696e-05 -0.00634545 0.00168671
21.34 2.40618e-07 0.000152506 -0.000251056 6.19014e-05 -0.00628186 0.00381431
21.36 4.35032e-08 0.00023216 -0.000242767 5.40186e-05 -0.00607455 0.00580648
21.38 -1.51096e-07 0.000303153 -0.000227973 4.44488e-05 -0.00570454 0.00758204
21.4 -3.40128e-07 0.000363507 -0.000206336 3.37483e-05 -0.00516339 0.00909152
21.42 -5.19543e-07 0.000411871 -0.000178334 2.24646e-05 -0.00446305 0.0103011
21.44 -6.83404e-07 0.000446937 -0.000145381 1.11148e-05 -0.00363889 0.0111782
21.46 -8.24214e-07 0.000467443 -0.000109393 1.69074e-07 -0.00273881 0.011691
21.48 -9.34855e-07 0.00047263 -7.20642e-05 -1.00222e-05 -0.0018052 0.0118207
21.5 -1.0113e-06 0.000462651 -3.45466e-05 -1.93371e-05 -0.000866866 0.0115711
21.52 -1.05229e-06 0.000438358 2.3186e-06 -2.78726e-05 5.51484e-05 0.0109636
21.54 -1.05511e-06 0.000400377 3.76793e-05 -3.57232e-05 0.000939535 0.0100137
21.56 -1.01428e-06 0.000348229 7.06185e-05 -4.26476e-05 0.00176336 0.00870942
21.58 -9.25976e-07 0.000280703 0.000100302 -4.79365e-05 0.00250575 0.00702057
21.6 -7.93691e-07 0.000197773 0.00012608 -5.0736e-05 0.00315048 0.00494644
21.62 -6.28099e-07 0.000102484 0.000147388 -5.05721e-05 0.0036834 0.00256323
21.64 -4.40991e-07 1.07594e-06 0.000163527 -4.75442e-05 0.00408704 2.69712e-05
21.66 -2.41771e-07 -9.88905e-05 0.000173631 -4.20692e-05 0.00433974 -0.00247323
21.68 -3.78707e-08 -0.000191275 0.000177006 -3.45434e-05 0.00442416 -0.00478382
21.7 1.63971e-07 -0.000273157 0.000173628 -2.52708e-05 0.00433966 -0.00683171
21.72 3.5676e-07 -0.000344348 0.000164309 -1.46338e-05 0.00410661 -0.00861223
21.74 5.33003e-07 -0.000405197 0.000150368 -3.22002e-06 0.00375794 -0.0101341
21.76 6.86215e-07 -0.000454743 0.000133072 8.27055e-06 0.00332535 -0.0113733
21.78 8.1281e-07 -0.000490691 0.000113266 1.92343e-05 0.00282999 -0.0122723
21.8 9.11968e-07 -0.000510843 9.13027e-05 2.92857e-05 0.00228068 -0.0127763
21.82 9.83787e-07 -0.000514497 6.72583e-05 3.8243e-05 0.00167932 -0.0128677
21.84 1.02784e-06 -0.000502619 4.14625e-05 4.60707e-05 0.00103415 -0.0125706
21.86 1.04155e-06 -0.000476775 1.51095e-05 5.28151e-05 0.000375053 -0.0119243
21.88 1.01824e-06 -0.00043782 -9.65132e-06 5.84598e-05 -0.000244224 -0.01095
21.9 9.49264e-07 -0.000385399 -3.04382e-05 6.26625e-05 -0.000764114 -0.00963892
21.92 8.29979e-07 -0.000318852 -4.56953e-05 6.46472e-05 -0.0011457 -0.00797456
21.94 6.65527e-07 -0.000239037 -5.53158e-05 6.361e-05 -0.00138631 -0.00597834
21.96 4.70074e-07 -0.000149358 -6.04646e-05 5.93363e-05 -0.00151508 -0.00373546
21.98 2.59283e-07 -5.50111e-05 -6.2784e-05 5.23398e-05 -0.0015731 -0.00137579
22 4.53127e-08 3.88468e-05 -6.35334e-05 4.34226e-05 -0.00159184 0.000971637
22.02 -1.64024e-07 0.000128746 -6.32071e-05 3.31894e-05 -0.00158368 0.00322006
22.04 -3.64299e-07 0.000213351 -6.1714e-05 2.19626e-05 -0.00154633 0.00533607
22.06 -5.52203e-07 0.000292195 -5.87072e-05 1.00377e-05 -0.00147113 0.00730799
22.08 -7.23217e-07 0.000363656 -5.37353e-05 -2.09402e-06 -0.00134678 0.00909524
22.1 -8.71993e-07 0.000424052 -4.63232e-05 -1.37894e-05 -0.0011614 0.0106058
22.12 -9.94097e-07 0.000468735 -3.62067e-05 -2.44526e-05 -0.000908386 0.0117233
22.14 -1.08589e-06 0.000494243 -2.36795e-05 -3.36611e-05 -0.000595075 0.0123613
22.16 -1.14318e-06 0.00049992 -9.84708e-06 -4.11628e-05 -0.00024912 0.0125033
22.18 -1.16128e-06 0.000487887 3.40123e-06 -4.68311e-05 8.22254e-05 0.0122023
22.2 -1.13588e-06 0.000461368 1.38719e-05 -5.06086e-05 0.000344102 0.0115391
22.22 -1.06257e-06 0.000422438 1.99684e-05 -5.24069e-05 0.000496576 0.0105654
22.24 -9.39076e-07 0.00037074 2.15557e-05 -5.19392e-05 0.000536277 0.00927243
22.26 -7.69308e-07 0.000304255 2.00944e-05 -4.86465e-05 0.00049973 0.0076096
22.28 -5.65112e-07 0.000221885 1.77579e-05 -4.20537e-05 0.000441291 0.00554951
22.3 -3.41485e-07 0.000125674 1.60866e-05 -3.23704e-05 0.000399492 0.00314322
22.32 -1.07521e-07 2.06639e-05 1.51482e-05 -2.06037e-05 0.000376022 0.000516874
22.34 1.33833e-07 -8.68974e-05 1.37283e-05 -7.96786e-06 0.000340511 -0.00217328
22.36 3.78001e-07 -0.000191223 1.02672e-05 4.76786e-06 0.000253946 -0.0047825
22.38 6.1474e-07 -0.000287604 3.82898e-06 1.73602e-05 9.29236e-05 -0.00719303
22.4 8.3176e-07 -0.000372162 -5.45975e-06 2.96847e-05 -0.000139391 -0.00930786
22.42 1.01939e-06 -0.000441615 -1.65895e-05 4.13892e-05 -0.000417752 -0.0110449
22.44 1.17203e-06 -0.000493855 -2.81499e-05 5.19225e-05 -0.000706882 -0.0123515
22.46 1.28691e-06 -0.000528788 -3.87762e-05 6.07723e-05 -0.00097265 -0.0132252
22.48 1.36225e-06 -0.000548136 -4.74652e-05 6.76242e-05 -0.00118997 -0.013709
22.5 1.39681e-06 -0.000553989 -5.3791e-05 7.237e-05 -0.00134818 -0.0138554
22.52 1.39156e-06 -0.00054735 -5.79528e-05 7.50404e-05 -0.00145227 -0.0136894
22.54 1.34945e-06 -0.000527674 -6.05111e-05 7.57032e-05 -0.00151625 -0.0131973
22.56 1.27057e-06 -0.000493312 -6.18284e-05 7.43411e-05 -0.00154919 -0.0123379
22.58 1.15003e-06 -0.00044221 -6.15674e-05 7.07194e-05 -0.00154267 -0.0110598
22.6 9.81887e-07 -0.000372909 -5.86676e-05 6.4392e-05 -0.00147014 -0.00932654
22.62 7.66452e-07 -0.000286168 -5.18921e-05 5.50775e-05 -0.00130068 -0.00715711
22.64 5.1336e-07 -0.000186102 -4.06129e-05 4.31261e-05 -0.00101859 -0.00465443
22.66 2.37367e-07 -7.96381e-05 -2.52657e-05 2.95125e-05 -0.000634746 -0.00199172
22.68 -4.42509e-08 2.52672e-05 -7.0628e-06 1.53622e-05 -0.000179484 0.000632004
22.7 -3.145e-07 0.000121865 1.28129e-05 1.51878e-06 0.000317614 0.00304797
22.72 -5.62902e-07 0.000206515 3.37103e-05 -1.15262e-05 0.000840269 0.00516509
22.74 -7.87909e-07 0.000278996 5.51775e-05 -2.34633e-05 0.00137717 0.00697788
22.76 -9.90134e-07 0.000340907 7.62343e-05 -3.40308e-05 0.00190381 0.00852629
22.78 -1.16509e-06 0.000393499 9.51604e-05 -4.30086e-05 0.00237716 0.00984164
22.8 -1.30397e-06 0.000436404 0.000110123 -5.02439e-05 0.00275138 0.0109147
22.82 -1.39888e-06 0.000467537 0.000120086 -5.56455e-05 0.00300055 0.0116934
22.84 -1.44554e-06 0.000483796 0.000125191 -5.91691e-05 0.00312825 0.0121
22.86 -1.44236e-06 0.000482086 0.000126306 -6.0784e-05 0.00315613 0.0120572
22.88 -1.38801e-06 0.000460231 0.000124116 -6.03788e-05 0.00310136 0.0115106
22.9 -1.27969e-06 0.000417555 0.000118478 -5.76616e-05 0.00296033 0.0104433
22.92 -1.11605e-06 0.00035528 0.000108428 -5.21959e-05 0.00270898 0.00888575
22.94 -9.01034e-07 0.000276784 9.27878e-05 -4.36814e-05 0.00231782 0.00692255
22.96 -6.4466e-07 0.000187457 7.09666e-05 -3.23724e-05 0.00177206 0.00468844
22.98 -3.6097e-07 9.36035e-05 4.35509e-05 -1.91854e-05 0.00108639 0.00234112
23 -6.508e-08 7.08689e-07 1.23565e-05 -5.26903e-06 0.0003062 1.77861e-05
23.02 2.2718e-07 -8.76743e-05 -2.01452e-05 8.52392e-06 -0.00050668 -0.00219271
23.04 5.01489e-07 -0.000169911 -5.17355e-05 2.17605e-05 -0.00129677 -0.00424949
23.06 7.49965e-07 -0.000245559 -8.11477e-05 3.41978e-05 -0.00203238 -0.00614148
23.08 9.72086e-07 -0.000314316 -0.000108138 4.55812e-05 -0.00270741 -0.00786111
23.1 1.16869e-06 -0.000374999 -0.00013297 5.5656e-05 -0.00332849 -0.00937882
23.12 1.33607e-06 -0.000425075 -0.000155797 6.42533e-05 -0.00389939 -0.0106312
23.14 1.4663e-06 -0.000461035 -0.000176388 7.12757e-05 -0.00441437 -0.0115306
23.16 1.55159e-06 -0.000479468 -0.00019425 7.66095e-05 -0.0048611 -0.0119916
23.18 1.58763e-06 -0.000478358 -0.000208808 8.00854e-05 -0.00522523 -0.0119639
23.2 1.57389e-06 -0.000457899 -0.000219404 8.15028e-05 -0.00549023 -0.0114522
23.22 1.51086e-06 -0.000420272 -0.000225124 8.06668e-05 -0.00563328 -0.0105111
23.24 1.39876e-06 -0.000368574 -0.000224665 7.74008e-05 -0.0056218 -0.00921812
23.26 1.23806e-06 -0.000305682 -0.000216451 7.15437e-05 -0.00541637 -0.00764516
23.28 1.03075e-06 -0.000234002 -0.000199142 6.30694e-05 -0.00498345 -0.00585242
23.3 7.82515e-07 -0.000155978 -0.00017243 5.23176e-05 -0.00431539 -0.00390102
23.32 5.02738e-07 -7.42851e-05 -0.000137667 4.00329e-05 -0.00344594 -0.00185784
23.34 2.04518e-07 8.54393e-06 -9.77188e-05 2.7076e-05 -0.00244683 0.000213749
23.36 -9.60454e-08 9.04715e-05 -5.59505e-05 1.40838e-05 -0.00140219 0.00226279
23.38 -3.84173e-07 0.000169893 -1.48882e-05 1.38973e-06 -0.000375202 0.00424917
23.4 -6.5174e-07 0.000245095 2.45948e-05 -1.08003e-05 0.000612285 0.00612998
23.42 -8.97127e-07 0.000313532 6.30842e-05 -2.22355e-05 0.00157492 0.00784162
23.44 -1.11977e-06 0.000371652 0.00010156 -3.26334e-05 0.00253721 0.00929524
23.46 -1.31527e-06 0.000415634 0.00014015 -4.17978e-05 0.00350238 0.0103952
23.48 -1.47448e-06 0.000442546 0.000177481 -4.96514e-05 0.00443603 0.0110683
23.5 -1.5858e-06 0.000451131 0.000210938 -5.6147e-05 0.00527281 0.011283
23.52 -1.6393e-06 0.000441873 0.000237628 -6.11564e-05 0.00594033 0.0110515
23.54 -1.63075e-06 0.000416532 0.000255461 -6.44257e-05 0.00638633 0.0104177
23.56 -1.56274e-06 0.000377513 0.00026377 -6.56206e-05 0.00659417 0.00944181
23.58 -1.44307e-06 0.000327212 0.000263213 -6.44067e-05 0.00658022 0.00818378
23.6 -1.28098e-06 0.00026749 0.000255158 -6.05188e-05 0.00637876 0.00669009
23.62 -1.08477e-06 0.00019965 0.00024099 -5.39241e-05 0.00602443 0.0049934
23.64 -8.61555e-07 0.000124876 0.000221611 -4.50216e-05 0.00553973 0.00312326
23.66 -6.16302e-07 4.46116e-05 0.000197256 -3.45777e-05 0.00493061 0.00111581
23.68 -3.52589e-07 -3.90654e-05 0.000167693 -2.33563e-05 0.00419123 -0.00097698
23.7 -7.55747e-08 -0.000123088 0.000132646 -1.18162e-05 0.0033147 -0.00307843
23.72 2.06453e-07 -0.000203446 9.21321e-05 -1.46149e-07 0.00230142 -0.0050882
23.74 4.83493e-07 -0.000275764 4.66359e-05 1.15166e-05 0.00116354 -0.00689692
23.76 7.45247e-07 -0.000336089 -2.67728e-06 2.29724e-05 -6.98008e-05 -0.00840567
23.78 9.81121e-07 -0.000381529 -5.37574e-05 3.39895e-05 -0.00134734 -0.00954214
23.8 1.18011e-06 -0.000410645 -0.000103692 4.43256e-05 -0.00259621 -0.0102703
23.82 1.3316e-06 -0.000423481 -0.000149066 5.36896e-05 -0.00373105 -0.0105914
23.84 1.42702e-06 -0.000421198 -0.000186695 6.17366e-05 -0.00467217 -0.0105343
23.86 1.46238e-06 -0.000405479 -0.000214605 6.81336e-05 -0.00537019 -0.0101411
23.88 1.44035e-06 -0.000377942 -0.000232756 7.26311e-05 -0.00582418 -0.00945242
23.9 1.36977e-06 -0.000339793 -0.000242915 7.50835e-05 -0.00607824 -0.0084983
23.92 1.26243e-06 -0.000291707 -0.000247614 7.53952e-05 -0.00619577 -0.00729566
23.94 1.12777e-06 -0.000234043 -0.000248775 7.34817e-05 -0.00622481 -0.00585346
23.96 9.70021e-07 -0.000167425 -0.000246625 6.93647e-05 -0.00617103 -0.0041873
23.98 7.87895e-07 -9.32775e-05 -0.000239414 6.32765e-05 -0.00599069 -0.00233285
24 5.76652e-07 -1.40542e-05 -0.000224151 5.55531e-05 -0.00560894 -0.000351439
24.02 3.3359e-07 6.67149e-05 -0.000198158 4.63991e-05 -0.00495885 0.00166863
24.04 6.37992e-08 0.000144619 -0.000160788 3.58453e-05 -0.00402422 0.00361705
24.06 -2.18062e-07 0.000215076 -0.000114224 2.40168e-05 -0.00285963 0.0053792
24.08 -4.91632e-07 0.000274469 -6.26772e-05 1.1393e-05 -0.00157042 0.00686465
24.1 -7.38465e-07 0.000321191 -1.06281e-05 -1.28047e-06 -0.000268653 0.00803318
24.12 -9.48495e-07 0.00035585 3.85959e-05 -1.33171e-05 0.000962459 0.00890003
24.14 -1.12016e-06 0.000380278 8.32055e-05 -2.42935e-05 0.00207816 0.00951098
24.16 -1.25444e-06 0.000395791 0.00012248 -3.40229e-05 0.00306043 0.00989895
24.18 -1.34942e-06 0.000401934 0.00015607 -4.24734e-05 0.00390053 0.0100526
24.2 -1.40097e-06 0.000396703 0.00018368 -4.97208e-05 0.00459108 0.00992176
24.22 -1.4067e-06 0.000378057 0.000205196 -5.58555e-05 0.0051292 0.00945542
24.24 -1.36804e-06 0.000345505 0.000220787 -6.08041e-05 0.00551913 0.0086413
24.26 -1.289e-06 0.000300476 0.000230665 -6.41566e-05 0.00576619 0.00751509
24.28 -1.17324e-06 0.00024539 0.000234655 -6.51893e-05 0.00586598 0.00613736
24.3 -1.0232e-06 0.000182573 0.00023192 -6.31894e-05 0.00579757 0.00456628
24.32 -8.40917e-07 0.000113999 0.000221068 -5.78655e-05 0.00552616 0.00285122
24.34 -6.28706e-07 4.19149e-05 0.000200647 -4.94883e-05 0.00501543 0.00104837
24.36 -3.90428e-07 -3.05118e-05 0.000169908 -3.87005e-05 0.00424664 -0.000763052
24.38 -1.32823e-07 -9.95081e-05 0.000129617 -2.62623e-05 0.00323893 -0.00248868
24.4 1.33351e-07 -0.000161939 8.23897e-05 -1.29446e-05 0.00205776 -0.0040501
24.42 3.93597e-07 -0.000216365 3.21054e-05 5.32738e-07 0.000800128 -0.00541133
24.44 6.32993e-07 -0.000262951 -1.73256e-05 1.36509e-05 -0.000436161 -0.00657645
24.46 8.40963e-07 -0.0003023 -6.30373e-05 2.61989e-05 -0.00157943 -0.00756059
24.48 1.01282e-06 -0.000334106 -0.000103637 3.81534e-05 -0.00259486 -0.00835607
24.5 1.14692e-06 -0.000356563 -0.000138988 4.94283e-05 -0.00347898 -0.00891774
24.52 1.24197e-06 -0.00036705 -0.000169592 5.97611e-05 -0.00424441 -0.00918001
24.54 1.2975e-06 -0.000363664 -0.000195913 6.88128e-05 -0.00490271 -0.00909534
24.56 1.31455e-06 -0.000346442 -0.000217823 7.62973e-05 -0.00545068 -0.00866459
24.58 1.29337e-06 -0.000317273 -0.000234262 8.19617e-05 -0.00586182 -0.00793508
24.6 1.23151e-06 -0.000278722 -0.000243255 8.54487e-05 -0.00608675 -0.00697088
24.62 1.12514e-06 -0.000232832 -0.000242444 8.6216e-05 -0.00606646 -0.00582318
24.64 9.72888e-07 -0.000180929 -0.000230003 8.36821e-05 -0.00575532 -0.00452504
24.66 7.78617e-07 -0.000124251 -0.000205519 7.75399e-05 -0.00514296 -0.00310751
24.68 5.50807e-07 -6.45073e-05 -0.000170334 6.79614e-05 -0.00426296 -0.00161329
24.7 3.00685e-07 -3.76732e-06 -0.000127176 5.55467e-05 -0.00318357 -9.41607e-05
24.72 4.05423e-08 5.60917e-05 -7.92736e-05 4.11433e-05 -0.00198551 0.00140294
24.74 -2.18156e-07 0.000113752 -2.94312e-05 2.56773e-05 -0.000738927 0.00284505
24.76 -4.66516e-07 0.000168162 2.04261e-05 1.00022e-05 0.000508024 0.00420586
24.78 -6.98508e-07 0.000217844 6.91941e-05 -5.23336e-06 0.00172773 0.00544844
24.8 -9.09903e-07 0.000260612 0.00011626 -1.96477e-05 0.00290488 0.00651806
24.82 -1.09672e-06 0.000294076 0.000161049 -3.30893e-05 0.00402507 0.00735501
24.84 -1.25379e-06 0.000316484 0.000202559 -4.55265e-05 0.00506325 0.00791546
24.86 -1.3744e-06 0.000327219 0.000239177 -5.69045e-05 0.00597907 0.00818394
24.88 -1.45191e-06 0.000326742 0.000268928 -6.70178e-05 0.00672315 0.00817201
24.9 -1.48221e-06 0.000316195 0.00028993 -7.5452e-05 0.00724842 0.00790824
24.92 -1.46442e-06 0.000296925 0.000300733 -8.1629e-05 0.00751862 0.00742628
24.94 -1.39947e-06 0.000270071 0.000300542 -8.49183e-05 0.00751383 0.00675465
24.96 -1.28928e-06 0.000236305 0.000289401 -8.47416e-05 0.0072352 0.00591014
24.98 -1.13763e-06 0.000195856 0.00026825 -8.06829e-05 0.0067062 0.00489851
25 -9.51371e-07 0.000148957 0.000238601 -7.26655e-05 0.00596466 0.00372554
25.02 -7.39143e-07 9.64204e-05 0.000201963 -6.10967e-05 0.00504834 0.00241158
25.04 -5.07875e-07 3.99517e-05 0.000159405 -4.68106e-05 0.00398393 0.000999271
25.06 -2.61894e-07 -1.79389e-05 0.000111443 -3.08349e-05 0.00278438 -0.000448597
25.08 -5.01628e-09 -7.4358e-05 5.8239e-05 -1.41243e-05 0.00145374 -0.00185966
25.1 2.57472e-07 -0.000126602 1.80026e-07 2.63605e-06 1.66168e-06 -0.00316631
25.12 5.18114e-07 -0.000172581 -6.14064e-05 1.90784e-05 -0.00153864 -0.00431627
25.14 7.66888e-07 -0.000210899 -0.000124036 3.50238e-05 -0.00310502 -0.0052746
25.16 9.91836e-07 -0.000240704 -0.000184552 5.028e-05 -0.00461858 -0.00602005
25.18 1.18176e-06 -0.000261577 -0.000239858 6.45277e-05 -0.00600179 -0.00654209
25.2 1.3292e-06 -0.000273519 -0.000287446 7.73429e-05 -0.00719199 -0.00684076
25.22 1.43103e-06 -0.000276905 -0.000325659 8.82694e-05 -0.0081477 -0.00692545
25.24 1.48673e-06 -0.000272269 -0.000353664 9.68756e-05 -0.00884812 -0.00680949
25.26 1.49685e-06 -0.000259971 -0.000371255 0.000102801 -0.00928807 -0.00650193
25.28 1.46268e-06 -0.000240007 -0.00037866 0.000105784 -0.00947329 -0.0060026
25.3 1.38699e-06 -0.000212155 -0.000376434 0.000105645 -0.00941761 -0.00530603
25.32 1.27456e-06 -0.000176544 -0.000365201 0.000102254 -0.00913667 -0.00441538
25.34 1.13096e-06 -0.000134313 -0.0003451 9.55734e-05 -0.00863394 -0.00335917
25.36 9.59456e-07 -8.77769e-05 -0.000315201 8.57338e-05 -0.00788616 -0.00219528
25.38 7.58034e-07 -3.97665e-05 -0.00027372 7.30206e-05 -0.0068487 -0.000994515
25.4 5.22114e-07 7.26552e-06 -0.000219494 5.78705e-05 -0.00549248 0.000181775
25.42 2.53583e-07 5.1602e-05 -0.000153522 4.10018e-05 -0.00384249 0.00129065
25.44 -3.37136e-08 9.19956e-05 -7.90847e-05 2.34499e-05 -0.00198078 0.00230091
25.46 -3.19225e-07 0.000127306 -7.25536e-07 6.28093e-06 -2.09868e-05 0.00318404
25.48 -5.85685e-07 0.00015646 7.68501e-05 -9.78189e-06 0.00191921 0.00391319
25.5 -8.22723e-07 0.000178681 0.000149586 -2.44387e-05 0.00373838 0.00446895
25.52 -1.0233e-06 0.000193677 0.000214518 -3.76349e-05 0.00536235 0.004844
25.54 -1.18097e-06 0.000201607 0.000269754 -4.94293e-05 0.00674381 0.00504234
25.56 -1.29171e-06 0.000202867 0.0003143 -5.99602e-05 0.00785793 0.00507384
25.58 -1.35598e-06 0.000197796 0.000348008 -6.9317e-05 0.00870098 0.00494702
25.6 -1.37768e-06 0.000186488 0.00037141 -7.73198e-05 0.00928627 0.0046642
25.62 -1.3615e-06 0.000168875 0.000385213 -8.3431e-05 0.00963149 0.0042237
25.64 -1.3114e-06 0.0001451 0.000389743 -8.69015e-05 0.00974479 0.00362907
25.66 -1.23033e-06 0.000115918 0.00038473 -8.70257e-05 0.00961941 0.00289923
25.68 -1.12021e-06 8.28417e-05 0.000369443 -8.33548e-05 0.00923707 0.00207197
25.7 -9.81566e-07 4.78233e-05 0.000342804 -7.5811e-05 0.00857083 0.00119614
25.72 -8.1276e-07 1.26148e-05 0.000303498 -6.46914e-05 0.00758777 0.000315562
25.74 -6.10113e-07 -2.17634e-05 0.000250748 -5.06277e-05 0.00626847 -0.000544251
25.76 -3.72391e-07 -5.50108e-05 0.000185645 -3.45844e-05 0.00464021 -0.00137578
25.78 -1.076e-07 -8.70048e-05 0.000111527 -1.77877e-05 0.00278651 -0.00217596
25.8 1.66643e-07 -0.000117194 3.29212e-05 -1.41765e-06 0.000820532 -0.002931
25.82 4.31586e-07 -0.000144436 -4.57671e-05 1.3807e-05 -0.0011475 -0.00361235
25.84 6.75329e-07 -0.000167349 -0.000121003 2.77871e-05 -0.00302918 -0.00418541
25.86 8.92016e-07 -0.000184793 -0.000190377 4.08215e-05 -0.00476426 -0.00462169
25.88 1.07671e-06 -0.000196218 -0.000252341 5.32836e-05 -0.006314 -0.00490744
25.9 1.22397e-06 -0.000201796 -0.000305625 6.54385e-05 -0.00764666 -0.00504695
25.92 1.32988e-06 -0.000202194 -0.000348989 7.73198e-05 -0.00873121 -0.00505688
25.94 1.39299e-06 -0.000198021 -0.000381482 8.85581e-05 -0.00954387 -0.00495252
25.96 1.41386e-06 -0.000189339 -0.00040273 9.83073e-05 -0.0100753 -0.00473539
25.98 1.39466e-06 -0.000175615 -0.000412899 0.000105421 -0.0103296 -0.00439216
26 1.33878e-06 -0.000156125 -0.000412496 0.000108812 -0.0103195 -0.00390468
26.02 1.25024e-06 -0.000130539 -0.000402186 0.000107793 -0.0100617 -0.00326478
26.04 1.13299e-06 -9.93977e-05 -0.000382519 0.000102264 -0.0095698 -0.00248592
26.06 9.89724e-07 -6.41661e-05 -0.000353292 9.27063e-05 -0.00883882 -0.00160476
26.08 8.19079e-07 -2.68073e-05 -0.000313105 7.99956e-05 -0.00783372 -0.0006704
26.1 6.14603e-07 1.08463e-05 -0.000260281 6.5155e-05 -0.00651258 0.000271331
26.12 3.71634e-07 4.73674e-05 -0.0001949 4.92118e-05 -0.00487738 0.00118474
26.14 9.8226e-08 8.14775e-05 -0.000119864 3.31248e-05 -0.00300068 0.00203785
26.16 -1.83677e-07 0.000111755 -4.01e-05 1.76127e-05 -0.00100576 0.0027951
26.18 -4.50301e-07 0.00013688 3.90079e-05 2.94078e-06 0.000972762 0.00342349
26.2 -6.87639e-07 0.000156227 0.000112989 -1.10512e-05 0.00282305 0.00390736
26.22 -8.90943e-07 0.000170111 0.000178973 -2.46391e-05 0.00447336 0.00425461
26.24 -1.05741e-06 0.000179428 0.000235335 -3.79415e-05 0.00588299 0.00448762
26.26 -1.18246e-06 0.000184949 0.000280821 -5.08697e-05 0.00702062 0.00462573
26.28 -1.26149e-06 0.000186722 0.000314393 -6.31182e-05 0.00786027 0.00467006
26.3 -1.29353e-06 0.000183992 0.000335894 -7.40702e-05 0.00839802 0.00460177
26.32 -1.28393e-06 0.000175882 0.00034644 -8.28045e-05 0.00866177 0.00439894
26.34 -1.24335e-06 0.000162334 0.000347834 -8.83355e-05 0.00869664 0.00406011
26.36 -1.18216e-06 0.000144436 0.000341469 -8.9925e-05 0.00853743 0.00361247
26.38 -1.10434e-06 0.000123802 0.000327486 -8.72402e-05 0.00818772 0.00309639
26.4 -1.00604e-06 0.000101587 0.000304573 -8.03438e-05 0.00761465 0.0025408
26.42 -8.78655e-07 7.79667e-05 0.000270458 -6.9616e-05 0.00676144 0.00195004
26.44 -7.13007e-07 5.24246e-05 0.000223289 -5.57023e-05 0.00558171 0.00131122
26.46 -5.04726e-07 2.45765e-05 0.000163394 -3.95441e-05 0.0040837 0.000614731
26.48 -2.60102e-07 -5.1758e-06 9.39238e-05 -2.23651e-05 0.00234623 -0.000129387
26.5 3.56056e-09 -3.56734e-05 1.97949e-05 -5.39837e-06 0.000492238 -0.000892145
26.52 2.65556e-07 -6.55567e-05 -5.38926e-05 1.05556e-05 -0.00135072 -0.00163954
26.54 5.10101e-07 -9.36828e-05 -0.000122956 2.53462e-05 -0.00307802 -0.00234299
26.56 7.27546e-07 -0.000119004 -0.000184643 3.92616e-05 -0.00462083 -0.00297628
26.58 9.10917e-07 -0.000140278 -0.000237524 5.26457e-05 -0.00594342 -0.00350836
26.6 1.05459e-06 -0.000156204 -0.000280956 6.56659e-05 -0.00702966 -0.00390668
26.62 1.15597e-06 -0.000165971 -0.000314698 7.8221e-05 -0.00787358 -0.00415094
26.64 1.21665e-06 -0.000169687 -0.000338887 8.98508e-05 -0.00847855 -0.00424389
26.66 1.24137e-06 -0.000168306 -0.000353932 9.9701e-05 -0.00885484 -0.00420935
26.68 1.23556e-06 -0.000163043 -0.000360164 0.000106665 -0.00901069 -0.00407771
26.7 1.20261e-06 -0.00015461 -0.00035752 0.000109669 -0.00894456 -0.00386679
26.72 1.14242e-06 -0.000142769 -0.000345476 0.000107957 -0.00864335 -0.00357066
26.74 1.05189e-06 -0.000126591 -0.000323092 0.00010128 -0.0080835 -0.00316603
26.76 9.2663e-07 -0.000105278 -0.000289148 8.99931e-05 -0.00723455 -0.00263299
26.78 7.62308e-07 -7.89616e-05 -0.000242809 7.50304e-05 -0.00607561 -0.0019748
26.8 5.57649e-07 -4.8908e-05 -0.000184756 5.778e-05 -0.00462367 -0.00122315
26.82 3.19363e-07 -1.71379e-05 -0.000117654 3.98277e-05 -0.00294542 -0.000428564
26.84 6.32294e-08 1.4166e-05 -4.53844e-05 2.25368e-05 -0.00113792 0.000354359
26.86 -1.92285e-07 4.31239e-05 2.80911e-05 6.63609e-06 0.00069973 0.00107861
26.88 -4.33904e-07 6.84046e-05 9.94092e-05 -7.88411e-06 0.00248342 0.00171089
26.9 -6.5461e-07 8.92939e-05 0.000165998 -2.14819e-05 0.00414884 0.00223334
26.92 -8.49256e-07 0.000105713 0.000225888 -3.46473e-05 0.0056467 0.00264399
26.94 -1.01193e-06 0.000118208 0.000277317 -4.76427e-05 0.00693298 0.0029565
26.96 -1.13714e-06 0.000127674 0.000318617 -6.03865e-05 0.0079659 0.00319325
26.98 -1.2215e-06 0.000134742 0.000348513 -7.23611e-05 0.00871363 0.00337002
27 -1.26442e-06 0.000139256 0.000366472 -8.26071e-05 0.00916278 0.00348292
27.02 -1.26809e-06 0.000140327 0.00037272 -8.99229e-05 0.00931904 0.0035097
27.04 -1.23648e-06 0.000136868 0.000368017 -9.32168e-05 0.00920142 0.00342318
27.06 -1.17369e-06 0.000128119 0.00035335 -9.18157e-05 0.0088346 0.00320436
27.08 -1.08253e-06 0.000113871 0.000329575 -8.56123e-05 0.00823998 0.00284801
27.1 -9.64298e-07 9.44785e-05 0.000296965 -7.50471e-05 0.00742439 0.00236301
27.12 -8.18293e-07 7.08327e-05 0.000255088 -6.09851e-05 0.00637703 0.00177162
27.14 -6.42082e-07 4.43107e-05 0.00020369 -4.46003e-05 0.00509154 0.00110829
27.16 -4.35842e-07 1.65955e-05 0.000143892 -2.72701e-05 0.00359596 0.000415122
27.18 -2.07305e-07 -1.07181e-05 7.82472e-05 -1.03184e-05 0.00195415 -0.000268003
27.2 3.00094e-08 -3.66277e-05 9.88339e-06 5.39955e-06 0.000244347 -0.000916013
27.22 2.64048e-07 -6.09816e-05 -5.80721e-05 1.97577e-05 -0.00145525 -0.00152511
27.24 4.86999e-07 -8.40902e-05 -0.000122676 3.31647e-05 -0.00307102 -0.00210307
27.26 6.91074e-07 -0.000105871 -0.000181349 4.6076e-05 -0.00453846 -0.00264781
27.28 8.65948e-07 -0.000125379 -0.00023196 5.86641e-05 -0.00580427 -0.00313572
27.3 1.00244e-06 -0.000141229 -0.000272869 7.07899e-05 -0.0068274 -0.00353213
27.32 1.09665e-06 -0.000152354 -0.000303191 8.203e-05 -0.00758578 -0.00381039
27.34 1.14962e-06 -0.000158317 -0.000323041 9.16364e-05 -0.00808223 -0.00395952
27.36 1.16518e-06 -0.000159057 -0.000333265 9.85998e-05 -0.00833794 -0.00397802
27.38 1.14846e-06 -0.000154579 -0.000334815 0.000101917 -0.0083767 -0.00386602
27.4 1.10448e-06 -0.000144933 -0.000328263 0.000100916 -0.00821285 -0.00362478
27.42 1.03619e-06 -0.000130441 -0.000313656 9.54502e-05 -0.00784751 -0.00326233
27.44 9.43474e-07 -0.000111851 -0.000290509 8.58948e-05 -0.00726859 -0.00279738
27.46 8.23752e-07 -9.01741e-05 -0.000257913 7.3018e-05 -0.00645335 -0.00225523
27.48 6.73183e-07 -6.63081e-05 -0.000215096 5.78367e-05 -0.00538247 -0.00165833
27.5 4.89462e-07 -4.08135e-05 -0.000162417 4.15268e-05 -0.00406495 -0.0010207
27.52 2.76373e-07 -1.41034e-05 -0.00010188 2.529e-05 -0.00255091 -0.00035267
27.54 4.55461e-08 1.31462e-05 -3.67296e-05 1.00777e-05 -0.000921462 0.000328854
27.56 -1.87552e-07 3.98227e-05 2.92682e-05 -3.68051e-06 0.000729169 0.000996043
27.58 -4.09239e-07 6.45992e-05 9.244e-05 -1.60867e-05 0.00230912 0.00161571
27.6 -6.09058e-07 8.62762e-05 0.000149738 -2.74949e-05 0.00374217 0.00215787
27.62 -7.78334e-07 0.000103984 0.000199032 -3.82012e-05 0.00497503 0.00260074
27.64 -9.10462e-07 0.000117253 0.000239067 -4.82991e-05 0.00597633 0.00293261
27.66 -1.00288e-06 0.000126007 0.000269336 -5.7636e-05 0.00673336 0.00315155
27.68 -1.0574e-06 0.000130454 0.000289977 -6.57614e-05 0.0072496 0.00326277
27.7 -1.07835e-06 0.000130932 0.000301545 -7.19366e-05 0.00753894 0.00327473
27.72 -1.07033e-06 0.000127776 0.000304631 -7.52973e-05 0.0076161 0.0031958
27.74 -1.03668e-06 0.00012119 0.000299571 -7.51125e-05 0.00748956 0.00303106
27.76 -9.78743e-07 0.000111146 0.000286392 -7.09986e-05 0.00715995 0.00277987
27.78 -8.95967e-07 9.74362e-05 0.000264835 -6.3017e-05 0.00662078 0.00243698
27.8 -7.8659e-07 7.9922e-05 0.000234427 -5.16714e-05 0.00586027 0.00199894
27.82 -6.4846e-07 5.88508e-05 0.000194867 -3.78574e-05 0.00487085 0.00147194
27.84 -4.80869e-07 3.49839e-05 0.000146746 -2.27737e-05 0.00366733 0.000875022
27.86 -2.87743e-07 9.45572e-06 9.19177e-05 -7.71597e-06 0.00229606 0.000236553
27.88 -7.90067e-08 -1.64726e-05 3.31415e-05 6.26867e-06 0.000826043 -0.000411925
27.9 1.32382e-07 -4.15985e-05 -2.65105e-05 1.86862e-05 -0.000665879 -0.00104033
27.92 3.35013e-07 -6.48666e-05 -8.41018e-05 2.96263e-05 -0.00210626 -0.00162228
27.94 5.20498e-07 -8.54041e-05 -0.000137172 3.95047e-05 -0.00343358 -0.00213593
27.96 6.82121e-07 -0.000102578 -0.000183906 4.87439e-05 -0.0046024 -0.00256545
27.98 8.14309e-07 -0.000116093 -0.000223065 5.75812e-05 -0.00558179 -0.00290347
28 9.13749e-07 -0.000126004 -0.000253888 6.5973e-05 -0.00635269 -0.00315135
28.02 9.79967e-07 -0.000132524 -0.000276058 7.35282e-05 -0.00690718 -0.00331443
28.04 1.01445e-06 -0.000135754 -0.000289608 7.9526e-05 -0.00724605 -0.00339521
28.06 1.0193e-06 -0.000135556 -0.000294705 8.3093e-05 -0.00737353 -0.00339025
28.08 9.96406e-07 -0.00013164 -0.0002915 8.34786e-05 -0.00729338 -0.00329231
28.1 9.4701e-07 -0.000123739 -0.000280108 8.0287e-05 -0.00700847 -0.00309471
28.12 8.71771e-07 -0.000111756 -0.000260626 7.35766e-05 -0.00652121 -0.00279501
28.14 7.70968e-07 -9.58457e-05 -0.000233092 6.38314e-05 -0.00583256 -0.00239708
28.16 6.44594e-07 -7.6472e-05 -0.000197595 5.18661e-05 -0.00494477 -0.00191253
28.18 4.93178e-07 -5.44295e-05 -0.000154725 3.87161e-05 -0.00387259 -0.00136124
28.2 3.2001e-07 -3.07884e-05 -0.000105922 2.54752e-05 -0.00265199 -0.00076997
28.22 1.32603e-07 -6.75604e-06 -5.33242e-05 1.30429e-05 -0.0013365 -0.00016891
28.24 -5.89296e-08 1.65169e-05 6.14518e-07 1.88136e-06 1.25285e-05 0.000413157
28.26 -2.45146e-07 3.81103e-05 5.34409e-05 -8.03469e-06 0.00133374 0.000953216
28.28 -4.18585e-07 5.73849e-05 0.000102946 -1.70278e-05 0.00257187 0.00143528
28.3 -5.72787e-07 7.39086e-05 0.000147316 -2.54452e-05 0.0036816 0.00184855
28.32 -7.01798e-07 8.73767e-05 0.000185138 -3.34796e-05 0.00462754 0.00218539
28.34 -8.01174e-07 9.75824e-05 0.000215368 -4.10917e-05 0.0053836 0.00244064
28.36 -8.68893e-07 0.000104386 0.000237386 -4.79677e-05 0.00593429 0.0026108
28.38 -9.05153e-07 0.000107666 0.000251011 -5.3529e-05 0.00627505 0.00269283
28.4 -9.11597e-07 0.000107307 0.00025637 -5.70539e-05 0.00640909 0.00268385
28.42 -8.90513e-07 0.000103245 0.000253697 -5.7889e-05 0.00634224 0.00258225
28.44 -8.44056e-07 9.55405e-05 0.000243162 -5.56457e-05 0.00607874 0.00238957
28.46 -7.73505e-07 8.44252e-05 0.000224784 -5.03013e-05 0.00561911 0.00211157
28.48 -6.79063e-07 7.02839e-05 0.000198456 -4.21925e-05 0.00496062 0.00175789
28.5 -5.60343e-07 5.36114e-05 0.00016417 -3.19455e-05 0.00410313 0.00134091
28.52 -4.17772e-07 3.49829e-05 0.000122489 -2.03934e-05 0.00306066 0.000874999
28.54 -2.54622e-07 1.50547e-05 7.48245e-05 -8.46012e-06 0.00186855 0.000376585
28.56 -7.77542e-08 -5.43286e-06 2.32466e-05 3.03677e-06 0.000578565 -0.000135817
28.58 1.04074e-07 -2.5689e-05 -2.99127e-05 1.36e-05 -0.000750969 -0.000642431
28.6 2.8269e-07 -4.49436e-05 -8.23429e-05 2.31344e-05 -0.00206227 -0.001124
28.62 4.51187e-07 -6.24971e-05 -0.000131943 3.18338e-05 -0.00330279 -0.00156302
28.64 6.03114e-07 -7.77292e-05 -0.000176933 3.99761e-05 -0.00442801 -0.00194398
