0.02 -7.87248e-11 1.73831e-10 -2.55567e-08 3.19639e-11 -6.39185e-07 4.34759e-09
0.04 -7.14313e-10 6.56211e-09 -5.19392e-08 -2.60988e-12 -1.29902e-06 1.64121e-07
0.06 -3.08755e-09 2.71139e-08 7.35062e-08 -8.68097e-10 1.83842e-06 6.7813e-07
0.08 -8.9532e-09 8.44143e-08 4.4327e-07 -3.78163e-09 1.10864e-05 2.11124e-06
0.1 -2.02527e-08 2.03265e-07 9.64147e-07 -8.75747e-09 2.41137e-05 5.08374e-06
0.12 -3.8536e-08 3.08893e-07 1.49203e-06 -1.3744e-08 3.73162e-05 7.72555e-06
0.14 -6.41129e-08 2.485e-07 1.97111e-06 -1.58518e-08 4.92983e-05 6.21509e-06
0.16 -9.55913e-08 -8.21199e-08 2.44314e-06 -1.1616e-08 6.1104e-05 -2.05385e-06
0.18 -1.30489e-07 -6.91823e-07 2.962e-06 5.05589e-09 7.40809e-05 -1.73028e-05
0.2 -1.66423e-07 -1.47012e-06 3.52183e-06 4.24808e-08 8.80825e-05 -3.67682e-05
0.22 -2.0184e-07 -2.28513e-06 4.05528e-06 1.0553e-07 0.000101424 -5.71521e-05
0.24 -2.36078e-07 -3.17027e-06 4.50187e-06 1.90274e-07 0.000112594 -7.92897e-05
0.26 -2.693e-07 -4.25351e-06 4.89335e-06 2.85243e-07 0.000122385 -0.000106382
0.28 -3.02504e-07 -5.46664e-06 5.34747e-06 3.78518e-07 0.000133742 -0.000136723
0.3 -3.37185e-07 -6.53735e-06 5.94207e-06 4.64961e-07 0.000148614 -0.000163502
0.32 -3.74325e-07 -7.32532e-06 6.60417e-06 5.47052e-07 0.000165173 -0.000183209
0.34 -4.12989e-07 -7.94379e-06 7.13456e-06 6.27703e-07 0.000178438 -0.000198677
0.36 -4.49609e-07 -8.52866e-06 7.35117e-06 7.05092e-07 0.000183856 -0.000213305
0.38 -4.78801e-07 -9.1098e-06 7.21581e-06 7.79736e-07 0.00018047 -0.00022784
0.4 -4.95501e-07 -9.75523e-06 6.82568e-06 8.62802e-07 0.000170713 -0.000243982
0.42 -4.97221e-07 -1.05955e-05 6.32782e-06 9.66063e-07 0.000158262 -0.000264997
0.44 -4.85147e-07 -1.15862e-05 5.86024e-06 1.08247e-06 0.000146567 -0.000289776
0.46 -4.63279e-07 -1.23944e-05 5.4436e-06 1.18762e-06 0.000136147 -0.00030999
0.48 -4.35978e-07 -1.26731e-05 4.83366e-06 1.26193e-06 0.000120892 -0.00031696
0.5 -4.05616e-07 -1.2445e-05 3.68358e-06 1.29826e-06 9.21278e-05 -0.000311255
0.52 -3.72057e-07 -1.21056e-05 2.00511e-06 1.28508e-06 5.01487e-05 -0.000302767
0.54 -3.34346e-07 -1.21446e-05 3.21617e-07 1.20148e-06 8.04376e-06 -0.000303743
0.56 -2.93542e-07 -1.26479e-05 -7.10168e-07 1.04158e-06 -1.77616e-05 -0.000316329
0.58 -2.54438e-07 -1.29342e-05 -8.02185e-07 8.32107e-07 -2.0063e-05 -0.000323489
0.6 -2.24135e-07 -1.21452e-05 -2.31585e-07 6.10762e-07 -5.79203e-06 -0.000303756
0.62 -2.07943e-07 -1.03149e-05 4.38686e-07 3.89377e-07 1.09717e-05 -0.000257981
0.64 -2.06182e-07 -8.36506e-06 9.36856e-07 1.46303e-07 2.34312e-05 -0.000209214
0.66 -2.15264e-07 -6.84731e-06 1.65624e-06 -1.41661e-07 4.14233e-05 -0.000171254
0.68 -2.32388e-07 -5.33184e-06 3.3983e-06 -4.58734e-07 8.49929e-05 -0.000133351
0.7 -2.59346e-07 -3.165e-06 6.63834e-06 -7.4583e-07 0.000166028 -7.91579e-05
0.72 -3.0152e-07 -2.54718e-07 1.09918e-05 -9.45542e-07 0.000274909 -6.3706e-06
0.74 -3.62732e-07 2.99643e-06 1.5442e-05 -1.0465e-06 0.000386211 7.4942e-05
0.76 -4.4045e-07 6.16517e-06 1.91512e-05 -1.067e-06 0.00047898 0.000154193
0.78 -5.25643e-07 8.85938e-06 2.2134e-05 -1.00185e-06 0.00055358 0.000221577
0.8 -6.07796e-07 1.07794e-05 2.52261e-05 -8.16811e-07 0.000630915 0.000269596
0.82 -6.81393e-07 1.21467e-05 2.93139e-05 -4.99451e-07 0.000733152 0.000303795
0.84 -7.48636e-07 1.36297e-05 3.43056e-05 -7.97498e-08 0.000857998 0.000340886
0.86 -8.15741e-07 1.55308e-05 3.88608e-05 4.13211e-07 0.000971926 0.000388431
0.88 -8.85377e-07 1.72387e-05 4.14657e-05 9.78278e-07 0.00103708 0.000431146
0.9 -9.51608e-07 1.77974e-05 4.18397e-05 1.60618e-06 0.00104643 0.000445121
0.92 -1.00272e-06 1.68459e-05 4.12092e-05 2.25406e-06 0.00103066 0.000421322
0.94 -1.03062e-06 1.49568e-05 4.11631e-05 2.88463e-06 0.00102951 0.000374075
0.96 -1.03837e-06 1.30628e-05 4.2296e-05 3.49713e-06 0.00105784 0.000326707
0.98 -1.03745e-06 1.15792e-05 4.36774e-05 4.08365e-06 0.00109239 0.0002896
1 -1.03204e-06 9.69993e-06 4.46266e-05 4.57758e-06 0.00111613 0.000242599
1.02 -9.97667e-07 7.21575e-06 4.14986e-05 4.89929e-06 0.0010379 0.000180469
1.04 -8.8513e-07 5.74464e-06 2.90886e-05 5.05854e-06 0.000727519 0.000143676
1.06 -6.55524e-07 5.54172e-06 1.2977e-05 5.12993e-06 0.00032456 0.000138601
1.08 -3.06577e-07 5.52107e-06 3.47199e-06 5.09969e-06 8.68359e-05 0.000138084
1.1 1.14379e-07 5.55685e-06 1.1845e-06 4.83907e-06 2.96249e-05 0.000138979
1.12 5.1162e-07 5.42067e-06 6.81835e-07 4.24832e-06 1.7053e-05 0.000135573
1.14 7.91785e-07 5.1299e-06 -4.32214e-06 3.3304e-06 -0.000108098 0.000128301
1.16 9.32537e-07 5.55339e-06 -1.77975e-05 2.13518e-06 -0.000445123 0.000138893
1.18 9.8849e-07 6.02606e-06 -3.33461e-05 7.12236e-07 -0.000833999 0.000150714
1.2 1.03479e-06 5.19368e-06 -3.99831e-05 -8.91194e-07 -0.000999994 0.000129896
1.22 1.1093e-06 3.7285e-06 -3.64245e-05 -2.61393e-06 -0.000910992 9.32514e-05
1.24 1.19422e-06 2.93137e-06 -3.12809e-05 -4.34275e-06 -0.00078235 7.33148e-05
1.26 1.24357e-06 2.51381e-06 -3.18135e-05 -5.90318e-06 -0.00079567 6.28714e-05
1.28 1.22739e-06 1.41808e-06 -3.6245e-05 -7.14496e-06 -0.000906502 3.54668e-05
1.3 1.14331e-06 -2.03875e-07 -3.73938e-05 -8.0407e-06 -0.000935233 -5.09899e-06
1.32 9.85899e-07 -1.13176e-06 -3.02702e-05 -8.6587e-06 -0.000757069 -2.83057e-05
1.34 7.28098e-07 -7.75362e-07 -1.58518e-05 -9.05639e-06 -0.000396461 -1.93921e-05
1.36 3.56743e-07 -7.10573e-07 1.16165e-06 -9.23917e-06 2.90534e-05 -1.77717e-05
1.38 -7.23685e-08 -1.59875e-06 1.1327e-05 -9.14579e-06 0.000283293 -3.99854e-05
1.4 -4.40984e-07 -5.82598e-07 6.86786e-06 -8.57937e-06 0.000171768 -1.4571e-05
1.42 -6.42653e-07 3.19854e-06 -1.21721e-06 -7.27945e-06 -3.0443e-05 7.99969e-05
1.44 -6.43545e-07 7.28916e-06 4.79154e-06 -5.21785e-06 0.000119838 0.000182305
1.46 -5.04101e-07 1.04831e-05 2.40741e-05 -2.70681e-06 0.000602103 0.000262187
1.48 -3.66966e-07 1.29709e-05 4.10264e-05 -1.02082e-07 0.00102609 0.000324409
1.5 -3.78192e-07 1.44913e-05 4.49243e-05 2.44998e-06 0.00112357 0.000362433
1.52 -5.74858e-07 1.5227e-05 3.86235e-05 4.88757e-06 0.000965989 0.000380834
1.54 -8.60768e-07 1.67855e-05 3.25876e-05 7.05588e-06 0.000815028 0.000419812
1.56 -1.10493e-06 1.9822e-05 3.55119e-05 8.78682e-06 0.000888167 0.000495756
1.58 -1.24048e-06 2.2037e-05 4.7126e-05 1.00235e-05 0.00117864 0.000551156
1.6 -1.2642e-06 2.09422e-05 5.66188e-05 1.07977e-05 0.00141606 0.000523772
1.62 -1.18321e-06 1.73691e-05 5.25311e-05 1.12219e-05 0.00131382 0.000434409
1.64 -9.94182e-07 1.40866e-05 3.64607e-05 1.15025e-05 0.000911896 0.000352311
1.66 -7.04979e-07 1.26572e-05 2.18183e-05 1.17379e-05 0.000545684 0.000316563
1.68 -3.61488e-07 1.29291e-05 1.80918e-05 1.16559e-05 0.000452483 0.000323362
1.7 -4.89691e-08 1.3755e-05 2.10511e-05 1.07617e-05 0.000526496 0.000344019
1.72 1.46803e-07 1.25146e-05 1.96985e-05 8.82162e-06 0.000492668 0.000312996
1.74 2.01401e-07 6.80513e-06 8.6788e-06 6.07335e-06 0.00021706 0.000170199
1.76 1.81016e-07 -1.28437e-06 -8.13384e-06 2.97454e-06 -0.000203431 -3.21227e-05
1.78 1.98681e-07 -6.2761e-06 -2.27867e-05 -8.08361e-08 -0.000569905 -0.000156968
1.8 3.3069e-07 -6.02825e-06 -2.9659e-05 -2.83944e-06 -0.000741785 -0.000150769
1.82 5.68865e-07 -4.51969e-06 -2.937e-05 -5.22583e-06 -0.000734556 -0.000113039
1.84 8.40638e-07 -6.81538e-06 -2.87113e-05 -7.34465e-06 -0.000718081 -0.000170455
1.86 1.06326e-06 -1.38194e-05 -3.43688e-05 -9.2844e-06 -0.000859577 -0.00034563
1.88 1.18947e-06 -2.23455e-05 -4.58665e-05 -1.09166e-05 -0.00114714 -0.000558871
1.9 1.22633e-06 -2.79529e-05 -5.68387e-05 -1.20274e-05 -0.00142156 -0.000699113
1.92 1.22121e-06 -2.83616e-05 -6.23223e-05 -1.26029e-05 -0.00155871 -0.000709336
1.94 1.22405e-06 -2.55317e-05 -6.26392e-05 -1.28109e-05 -0.00156663 -0.00063856
1.96 1.25787e-06 -2.42295e-05 -6.14165e-05 -1.27155e-05 -0.00153605 -0.00060599
1.98 1.31989e-06 -2.72699e-05 -6.20498e-05 -1.21636e-05 -0.00155189 -0.000682031
2 1.39868e-06 -3.20089e-05 -6.51835e-05 -1.09694e-05 -0.00163027 -0.000800556
2.02 1.48136e-06 -3.29341e-05 -6.81429e-05 -9.1119e-06 -0.00170428 -0.000823696
2.04 1.54851e-06 -2.73812e-05 -6.6979e-05 -6.77686e-06 -0.00167517 -0.000684816
2.06 1.57091e-06 -1.76302e-05 -6.00825e-05 -4.30966e-06 -0.00150269 -0.000440939
2.08 1.51463e-06 -8.26286e-06 -4.96786e-05 -2.09559e-06 -0.00124248 -0.000206658
2.1 1.35182e-06 -2.46744e-06 -3.8904e-05 -3.53768e-07 -0.000973004 -6.17118e-05
2.12 1.07288e-06 4.2864e-07 -2.80229e-05 9.91556e-07 -0.000700865 1.07205e-05
2.14 6.93103e-07 4.40232e-06 -1.45652e-05 2.19176e-06 -0.000364282 0.000110104
2.16 2.46387e-07 1.2539e-05 2.96819e-06 3.42427e-06 7.42357e-05 0.000313606
2.18 -2.29591e-07 2.32159e-05 2.30267e-05 4.66579e-06 0.000575907 0.000580638
2.2 -7.02118e-07 3.17894e-05 4.2126e-05 5.75764e-06 0.00105359 0.000795065
2.22 -1.14216e-06 3.53963e-05 5.71402e-05 6.5608e-06 0.0014291 0.000885277
2.24 -1.52491e-06 3.45492e-05 6.81075e-05 7.07517e-06 0.0017034 0.000864091
2.26 -1.83638e-06 3.20936e-05 7.81937e-05 7.41851e-06 0.00195566 0.000802675
2.28 -2.07777e-06 3.13598e-05 8.92723e-05 7.68079e-06 0.00223274 0.000784321
2.3 -2.26245e-06 3.34012e-05 9.92232e-05 7.832e-06 0.00248161 0.000835377
2.32 -2.40476e-06 3.58136e-05 0.000104912 7.792e-06 0.00262389 0.000895713
2.34 -2.50327e-06 3.52729e-05 0.000105319 7.54552e-06 0.00263408 0.00088219
2.36 -2.53291e-06 3.10398e-05 0.000100777 7.16622e-06 0.00252048 0.000776319
2.38 -2.45906e-06 2.54548e-05 9.24558e-05 6.76868e-06 0.00231236 0.000636636
2.4 -2.25991e-06 2.15752e-05 8.2627e-05 6.44676e-06 0.00206654 0.000539605
2.42 -1.93514e-06 2.03514e-05 7.2401e-05 6.21152e-06 0.00181078 0.000508997
2.44 -1.50253e-06 1.98834e-05 6.02287e-05 5.96792e-06 0.00150635 0.000497292
2.46 -9.93393e-07 1.78498e-05 4.41809e-05 5.57896e-06 0.00110498 0.000446432
2.48 -4.45155e-07 1.35137e-05 2.42981e-05 4.9707e-06 0.000607706 0.000337982
2.5 1.08275e-07 7.44518e-06 2.74221e-06 4.1607e-06 6.85839e-05 0.000186207
2.52 6.39324e-07 1.54583e-06 -1.72127e-05 3.17706e-06 -0.000430498 3.86619e-05
2.54 1.12344e-06 -2.2407e-06 -3.32221e-05 1.98135e-06 -0.000830899 -5.60408e-05
2.56 1.54091e-06 -4.15254e-06 -4.6481e-05 4.99008e-07 -0.00116251 -0.000103857
2.58 1.88438e-06 -6.38705e-06 -6.06363e-05 -1.29646e-06 -0.00151654 -0.000159743
2.6 2.16185e-06 -1.05861e-05 -7.62601e-05 -3.35404e-06 -0.0019073 -0.000264763
2.62 2.39058e-06 -1.61597e-05 -8.92754e-05 -5.56296e-06 -0.00223281 -0.000404162
2.64 2.58221e-06 -2.11315e-05 -9.59768e-05 -7.76152e-06 -0.00240042 -0.000528507
2.66 2.72681e-06 -2.27883e-05 -9.6984e-05 -9.77009e-06 -0.00242561 -0.000569946
2.68 2.79234e-06 -1.96763e-05 -9.52661e-05 -1.1475e-05 -0.00238264 -0.000492114
2.7 2.74488e-06 -1.39689e-05 -9.22279e-05 -1.28707e-05 -0.00230666 -0.000349368
2.72 2.56759e-06 -9.71832e-06 -8.67644e-05 -1.39857e-05 -0.00217001 -0.000243059
2.74 2.25754e-06 -8.73399e-06 -7.62136e-05 -1.47769e-05 -0.00190613 -0.000218441
2.76 1.8142e-06 -8.35487e-06 -5.88674e-05 -1.51099e-05 -0.0014723 -0.000208959
2.78 1.24235e-06 -4.95573e-06 -3.69675e-05 -1.482e-05 -0.000924572 -0.000123945
2.8 5.63364e-07 1.02573e-06 -1.49299e-05 -1.37985e-05 -0.000373403 2.5654e-05
2.82 -1.85483e-07 6.05087e-06 6.36976e-06 -1.207e-05 0.00015931 0.000151335
2.84 -9.67485e-07 8.10128e-06 3.08094e-05 -9.77605e-06 0.000770556 0.000202616
2.86 -1.76508e-06 8.60319e-06 6.11796e-05 -7.02494e-06 0.00153013 0.000215169
2.88 -2.58318e-06 1.01774e-05 9.47864e-05 -3.79118e-06 0.00237065 0.00025454
2.9 -3.42553e-06 1.36224e-05 0.000125531 -4.71097e-08 0.00313959 0.000340702
2.92 -4.25746e-06 1.72185e-05 0.000147946 4.06438e-06 0.00370018 0.000430642
2.94 -4.9953e-06 1.81918e-05 0.000160419 8.32281e-06 0.00401216 0.000454985
2.96 -5.54277e-06 1.52205e-05 0.000167043 1.26493e-05 0.00417781 0.00038067
2.98 -5.84442e-06 9.71521e-06 0.000174389 1.70674e-05 0.00436154 0.000242981
3 -5.91061e-06 4.58037e-06 0.000184004 2.14515e-05 0.00460201 0.000114557
3.02 -5.79998e-06 1.50294e-06 0.000189507 2.54624e-05 0.00473964 3.75892e-05
3.04 -5.57449e-06 -8.94119e-07 0.000182845 2.87322e-05 0.00457304 -2.23623e-05
3.06 -5.2561e-06 -5.39034e-06 0.000162565 3.099e-05 0.00406583 -0.000134815
3.08 -4.81836e-06 -1.25109e-05 0.000135066 3.20323e-05 0.00337806 -0.000312903
3.1 -4.22414e-06 -1.91672e-05 0.00010882 3.17361e-05 0.00272164 -0.000479379
3.12 -3.47405e-06 -2.21875e-05 8.75691e-05 3.01293e-05 0.00219014 -0.000554918
3.14 -2.61468e-06 -2.30236e-05 6.73229e-05 2.73295e-05 0.00168377 -0.000575829
3.16 -1.69957e-06 -2.60221e-05 3.97526e-05 2.34004e-05 0.000994228 -0.000650824
3.18 -7.48077e-07 -3.24844e-05 6.17287e-07 1.83912e-05 1.54386e-05 -0.000812449
3.2 2.5614e-07 -3.93491e-05 -4.43785e-05 1.25208e-05 -0.00110992 -0.000984137
3.22 1.33017e-06 -4.36139e-05 -8.45426e-05 6.15326e-06 -0.00211445 -0.0010908
3.24 2.45251e-06 -4.54377e-05 -0.000115077 -4.84424e-07 -0.00287813 -0.00113641
3.26 3.55105e-06 -4.61507e-05 -0.000140017 -7.41568e-06 -0.00350189 -0.00115425
3.28 4.5325e-06 -4.6425e-05 -0.000165466 -1.46259e-05 -0.00413837 -0.00116111
3.3 5.33267e-06 -4.63568e-05 -0.000192757 -2.17595e-05 -0.00482092 -0.0011594
3.32 5.94071e-06 -4.49034e-05 -0.00021754 -2.82545e-05 -0.00544077 -0.00112305
3.34 6.37444e-06 -4.07954e-05 -0.000233579 -3.37292e-05 -0.0058419 -0.00102031
3.36 6.63663e-06 -3.49335e-05 -0.000237049 -3.80952e-05 -0.00592871 -0.000873702
3.38 6.69793e-06 -2.95107e-05 -0.000228655 -4.13139e-05 -0.00571875 -0.000738075
3.4 6.516e-06 -2.45575e-05 -0.000212353 -4.31991e-05 -0.00531102 -0.000614193
3.42 6.06657e-06 -1.79555e-05 -0.000191669 -4.35031e-05 -0.00479372 -0.000449074
3.44 5.3628e-06 -8.65477e-06 -0.000167123 -4.21099e-05 -0.00417982 -0.00021646
3.46 4.45411e-06 2.34433e-06 -0.00013695 -3.90963e-05 -0.00342518 5.86327e-05
3.48 3.40615e-06 1.35841e-05 -9.99577e-05 -3.46329e-05 -0.00249998 0.000339744
3.5 2.27304e-06 2.40532e-05 -5.6903e-05 -2.88509e-05 -0.00142317 0.00060158
3.52 1.08189e-06 3.32472e-05 -9.66004e-06 -2.18157e-05 -0.000241602 0.000831527
3.54 -1.57527e-07 4.14848e-05 3.93239e-05 -1.36385e-05 0.000983508 0.00103755
3.56 -1.42805e-06 4.98946e-05 8.69156e-05 -4.59141e-06 0.0021738 0.00124788
3.58 -2.6868e-06 5.88597e-05 0.000129662 4.91205e-06 0.00324289 0.0014721
3.6 -3.86628e-06 6.63499e-05 0.000165356 1.4427e-05 0.00413563 0.00165944
3.62 -4.89325e-06 6.94434e-05 0.000194774 2.35346e-05 0.00487138 0.00173681
3.64 -5.71459e-06 6.7824e-05 0.000220883 3.18481e-05 0.00552438 0.00169631
3.66 -6.31586e-06 6.49475e-05 0.000245094 3.90566e-05 0.0061299 0.00162436
3.68 -6.71982e-06 6.47091e-05 0.000264577 4.49596e-05 0.00661718 0.0016184
3.7 -6.96216e-06 6.7007e-05 0.000274883 4.93702e-05 0.00687494 0.00167587
3.72 -7.05768e-06 6.81392e-05 0.000274167 5.1992e-05 0.00685704 0.00170419
3.74 -6.98355e-06 6.48224e-05 0.000263341 5.25221e-05 0.00658626 0.00162124
3.76 -6.69667e-06 5.68396e-05 0.000244329 5.09203e-05 0.00611076 0.00142158
3.78 -6.16713e-06 4.64538e-05 0.000219373 4.74638e-05 0.00548661 0.00116183
3.8 -5.39487e-06 3.61649e-05 0.000189943 4.24782e-05 0.00475056 0.000904499
3.82 -4.4038e-06 2.71748e-05 0.000154927 3.61237e-05 0.0038748 0.000679653
3.84 -3.23404e-06 1.83805e-05 0.000112042 2.8499e-05 0.00280221 0.000459705
3.86 -1.94006e-06 6.93901e-06 6.23054e-05 1.98126e-05 0.00155828 0.000173547
3.88 -5.84412e-07 -8.74465e-06 1.04195e-05 1.03436e-05 0.000260595 -0.000218707
3.9 7.72023e-07 -2.65103e-05 -3.9582e-05 3.53929e-07 -0.000989961 -0.000663034
3.92 2.07471e-06 -4.18101e-05 -8.67444e-05 -9.83467e-06 -0.00216951 -0.00104569
3.94 3.28046e-06 -5.18548e-05 -0.000131528 -1.97712e-05 -0.00328957 -0.00129691
3.96 4.36739e-06 -5.70701e-05 -0.000173548 -2.90118e-05 -0.00434052 -0.00142735
3.98 5.33358e-06 -5.95893e-05 -0.000211034 -3.72637e-05 -0.00527805 -0.00149035
4 6.17144e-06 -6.15342e-05 -0.000240698 -4.4294e-05 -0.00601995 -0.001539
4.02 6.83752e-06 -6.27197e-05 -0.000258337 -4.97817e-05 -0.00646113 -0.00156865
4.04 7.24817e-06 -6.01337e-05 -0.000261582 -5.33796e-05 -0.00654228 -0.00150397
4.06 7.30473e-06 -5.14335e-05 -0.000251609 -5.48905e-05 -0.00629283 -0.00128637
4.08 6.9301e-06 -3.86757e-05 -0.000230921 -5.43234e-05 -0.00577542 -0.000967296
4.1 6.09934e-06 -2.62822e-05 -0.000200315 -5.18214e-05 -0.00500996 -0.000657329
4.12 4.85231e-06 -1.60616e-05 -0.000159399 -4.75506e-05 -0.00398663 -0.000401707
4.14 3.28151e-06 -7.1897e-06 -0.000109164 -4.15798e-05 -0.00273024 -0.000179817
4.16 1.50356e-06 5.79139e-07 -5.22139e-05 -3.38715e-05 -0.00130589 1.44845e-05
4.18 -3.65831e-07 6.21774e-06 8.66853e-06 -2.44721e-05 0.000216804 0.000155508
4.2 -2.22482e-06 9.9022e-06 7.07045e-05 -1.36813e-05 0.00176835 0.000247658
4.22 -3.99368e-06 1.3306e-05 0.000130589 -1.94847e-06 0.00326607 0.00033279
4.24 -5.62073e-06 1.67411e-05 0.000185682 1.03045e-05 0.00464397 0.000418701
4.26 -7.07708e-06 1.94516e-05 0.000235533 2.26053e-05 0.00589078 0.000486493
4.28 -8.33966e-06 2.18899e-05 0.000279642 3.42979e-05 0.00699396 0.000547475
4.3 -9.37772e-06 2.468e-05 0.000315094 4.47359e-05 0.00788064 0.000617258
4.32 -1.01492e-05 2.71472e-05 0.000338742 5.35775e-05 0.00847209 0.000678963
4.34 -1.06e-05 2.94959e-05 0.000349799 6.0713e-05 0.00874863 0.000737704
4.36 -1.06705e-05 3.35158e-05 0.00034892 6.5983e-05 0.00872664 0.000838243
4.38 -1.0321e-05 3.89664e-05 0.000336782 6.91574e-05 0.00842305 0.000974565
4.4 -9.5629e-06 4.2687e-05 0.00031417 7.00833e-05 0.00785751 0.00106762
4.42 -8.46761e-06 4.13862e-05 0.000281719 6.86471e-05 0.00704592 0.00103509
4.44 -7.14772e-06 3.32088e-05 0.000240334 6.46763e-05 0.00601086 0.000830567
4.46 -5.72097e-06 1.85221e-05 0.000191633 5.80761e-05 0.00479282 0.000463244
4.48 -4.2714e-06 -3.39643e-07 0.000136259 4.90219e-05 0.00340789 -8.49462e-06
4.5 -2.82343e-06 -2.09468e-05 7.34299e-05 3.78882e-05 0.00183651 -0.000523889
4.52 -1.34133e-06 -4.21173e-05 3.66281e-06 2.50618e-05 9.16083e-05 -0.00105337
4.54 2.45459e-07 -6.42667e-05 -7.01122e-05 1.0964e-05 -0.00175353 -0.00160734
4.56 2.00117e-06 -8.86979e-05 -0.000144811 -3.79843e-06 -0.00362179 -0.00221837
4.58 3.94557e-06 -0.00011481 -0.000219389 -1.8466e-05 -0.00548701 -0.00287143
4.6 6.04156e-06 -0.000138383 -0.000295031 -3.23244e-05 -0.00737886 -0.00346101
4.62 8.21116e-06 -0.000155146 -0.000372575 -4.48161e-05 -0.00931825 -0.00388028
4.64 1.03571e-05 -0.000165014 -0.000448268 -5.55548e-05 -0.0112114 -0.00412707
4.66 1.23713e-05 -0.000170334 -0.000513422 -6.43786e-05 -0.0128409 -0.00426012
4.68 1.41358e-05 -0.000171846 -0.000560975 -7.13311e-05 -0.0140302 -0.00429794
4.7 1.55348e-05 -0.000168587 -0.000591222 -7.64425e-05 -0.0147867 -0.00421642
4.72 1.64861e-05 -0.000159067 -0.00060899 -7.95558e-05 -0.0152311 -0.00397834
4.74 1.69763e-05 -0.00014102 -0.000616544 -8.04537e-05 -0.01542 -0.00352697
4.76 1.70636e-05 -0.000112804 -0.000610632 -7.90722e-05 -0.0152721 -0.00282129
4.78 1.68321e-05 -7.62533e-05 -0.000585894 -7.54986e-05 -0.0146535 -0.00190713
4.8 1.63315e-05 -3.59895e-05 -0.000540828 -6.98769e-05 -0.0135263 -0.000900112
4.82 1.55551e-05 4.41212e-06 -0.000480689 -6.24271e-05 -0.0120222 0.000110349
4.84 1.44656e-05 4.3241e-05 -0.000413561 -5.34521e-05 -0.0103433 0.00108148
4.86 1.30398e-05 7.88143e-05 -0.000343075 -4.32334e-05 -0.00858045 0.00197118
4.88 1.12957e-05 0.000110287 -0.00026633 -3.20229e-05 -0.00666102 0.00275833
4.9 9.29125e-06 0.000139613 -0.000179662 -2.01999e-05 -0.00449342 0.00349177
4.92 7.10812e-06 0.000169862 -8.5256e-05 -8.29583e-06 -0.00213229 0.00424832
4.94 4.84043e-06 0.000201603 9.24318e-06 3.21498e-06 0.000231176 0.00504218
4.96 2.59488e-06 0.000232672 9.6857e-05 1.40452e-05 0.00242243 0.00581922
4.98 4.83126e-07 0.000260816 0.000175562 2.3997e-05 0.00439087 0.00652312
5 -1.40944e-06 0.000285053 0.00024742 3.28902e-05 0.00618807 0.00712929
5.02 -3.06129e-06 0.000305299 0.000315102 4.06192e-05 0.00788082 0.00763566
5.04 -4.52289e-06 0.000321636 0.000378423 4.71227e-05 0.00946451 0.00804425
5.06 -5.88634e-06 0.000333325 0.000433661 5.22403e-05 0.010846 0.00833661
5.08 -7.24181e-06 0.000337433 0.000477146 5.57072e-05 0.0119336 0.00843934
5.1 -8.64679e-06 0.000329294 0.00050941 5.73249e-05 0.0127406 0.00823577
5.12 -1.01138e-05 0.000306045 0.000533993 5.70719e-05 0.0133554 0.00765432
5.14 -1.16112e-05 0.000268913 0.000551653 5.50996e-05 0.0137971 0.00672564
5.16 -1.30703e-05 0.000221295 0.000557918 5.17438e-05 0.0139538 0.00553467
5.18 -1.43913e-05 0.000164425 0.000546909 4.75141e-05 0.0136784 0.00411234
5.2 -1.5452e-05 9.52392e-05 0.000516279 4.29206e-05 0.0129123 0.00238197
5.22 -1.61285e-05 8.89686e-06 0.00046785 3.82672e-05 0.0117011 0.000222514
5.24 -1.63296e-05 -9.52304e-05 0.000405051 3.36627e-05 0.0101305 -0.00238175
5.26 -1.60162e-05 -0.000208805 0.000330573 2.91887e-05 0.00826777 -0.00522231
5.28 -1.51781e-05 -0.000317916 0.000244179 2.4931e-05 0.00610702 -0.0079512
5.3 -1.37823e-05 -0.000411092 0.000141588 2.07828e-05 0.00354118 -0.0102816
5.32 -1.17408e-05 -0.000482914 1.77021e-05 1.62025e-05 0.000442738 -0.0120779
5.34 -8.9314e-06 -0.000530572 -0.000126769 1.03095e-05 -0.00317054 -0.0132698
5.36 -5.26392e-06 -0.000549709 -0.000282427 2.87523e-06 -0.00706363 -0.0137485
5.38 -7.67942e-07 -0.000537659 -0.000435384 -4.52771e-06 -0.0108891 -0.0134471
5.4 4.32278e-06 -0.000500061 -0.000574623 -9.64067e-06 -0.0143716 -0.0125067
5.42 9.56036e-06 -0.000452081 -0.000695991 -1.23857e-05 -0.017407 -0.0113067
5.44 1.44036e-05 -0.000411037 -0.000798742 -1.586e-05 -0.0199769 -0.0102802
5.46 1.83624e-05 -0.000377931 -0.000879019 -2.36691e-05 -0.0219847 -0.00945222
5.48 2.11053e-05 -0.000335524 -0.000927372 -3.5959e-05 -0.023194 -0.00839159
5.5 2.25016e-05 -0.000277149 -0.000932733 -4.96375e-05 -0.0233281 -0.0069316
5.52 2.25749e-05 -0.00020854 -0.000890766 -6.26228e-05 -0.0222785 -0.00521567
5.54 2.14519e-05 -0.000131991 -0.000806682 -7.54949e-05 -0.0201755 -0.00330116
5.56 1.93231e-05 -4.71605e-05 -0.000688583 -8.89263e-05 -0.0172218 -0.0011795
5.58 1.63726e-05 4.46134e-05 -0.000540984 -0.000101344 -0.0135303 0.0011158
5.6 1.27687e-05 0.000137361 -0.00036896 -0.000109729 -0.00922792 0.00343546
5.62 8.69595e-06 0.000223009 -0.000185896 -0.000111936 -0.00464939 0.00557754
5.64 4.36955e-06 0.00029364 -8.61671e-06 -0.000107554 -0.000215572 0.00734407
5.66 5.70336e-08 0.000344327 0.000152617 -9.69178e-05 0.00381695 0.00861177
5.68 -3.92948e-06 0.000375184 0.000295389 -8.01947e-05 0.00738775 0.00938351
5.7 -7.28486e-06 0.000389394 0.000419246 -5.77839e-05 0.0104854 0.00973891
5.72 -9.78336e-06 0.000390187 0.000519707 -3.11268e-05 0.012998 0.00975873
5.74 -1.12991e-05 0.000381021 0.00058671 -2.5181e-06 0.0146738 0.00952948
5.76 -1.17607e-05 0.00036845 0.000608788 2.60554e-05 0.015226 0.00921508
5.78 -1.10984e-05 0.000361027 0.000580602 5.37981e-05 0.014521 0.00902945
5.8 -9.24423e-06 0.000362236 0.00050676 8.10952e-05 0.0126742 0.00905966
5.82 -6.18565e-06 0.000365064 0.000398122 0.000107934 0.00995715 0.0091304
5.84 -2.02104e-06 0.000359026 0.00026439 0.000131838 0.00661245 0.0089794
5.86 3.01877e-06 0.000341545 0.000109671 0.000149012 0.00274286 0.00854218
5.88 8.59164e-06 0.000316807 -6.41213e-05 0.00015731 -0.00160376 0.00792348
5.9 1.42978e-05 0.000289217 -0.000250021 0.000156548 -0.00625319 0.00723345
5.92 1.97373e-05 0.000262066 -0.000434279 0.000146694 -0.0108616 0.00655439
5.94 2.45372e-05 0.000237522 -0.000602815 0.000127065 -0.0150767 0.00594053
5.96 2.834e-05 0.000212765 -0.000745921 9.72143e-05 -0.0186559 0.00532134
5.98 3.0792e-05 0.000177972 -0.000854483 5.79744e-05 -0.0213711 0.00445114
6 3.16001e-05 0.000121269 -0.000919521 1.15925e-05 -0.0229977 0.00303299
6.02 3.06251e-05 3.71405e-05 -0.000939076 -3.88105e-05 -0.0234868 0.0009289
6.04 2.78714e-05 -6.70627e-05 -0.00091813 -8.98872e-05 -0.022963 -0.00167727
6.06 2.35135e-05 -0.000170409 -0.000857241 -0.000138513 -0.0214401 -0.00426199
6.08 1.7951e-05 -0.000249835 -0.000752832 -0.000181928 -0.0188288 -0.00624848
6.1 1.16686e-05 -0.000297596 -0.000611476 -0.000217682 -0.0152934 -0.00744301
6.12 5.07607e-06 -0.000324348 -0.000447949 -0.000243637 -0.0112035 -0.00811207
6.14 -1.63812e-06 -0.000345414 -0.000265382 -0.000258005 -0.00663747 -0.00863895
6.16 -8.57933e-06 -0.000364743 -4.79045e-05 -0.000259344 -0.00119826 -0.00912238
6.18 -1.6067e-05 -0.000372285 0.000218995 -0.000247061 0.005477 -0.009311
6.2 -2.44853e-05 -0.000358829 0.000529856 -0.000222209 0.0132518 -0.00897446
6.22 -3.38953e-05 -0.000332301 0.000854327 -0.00018517 0.0213671 -0.00831098
6.24 -4.19048e-05 -0.00030945 0.00111742 -0.000134335 0.0279497 -0.00773947
6.26 -4.56834e-05 -0.000292144 0.00125772 -7.17771e-05 0.0314667 -0.00730663
6.28 -4.61345e-05 -0.000266276 0.00131538 -3.0097e-06 0.0329158 -0.00665966
6.3 -4.55342e-05 -0.000215144 0.00132187 7.08864e-05 0.0330791 -0.00538083
6.32 -4.39559e-05 -0.000133117 0.00125932 0.000151519 0.0315149 -0.00332932
6.34 -4.07606e-05 -2.05627e-05 0.00123203 0.000235849 0.0308322 -0.000514283
6.36 -3.66158e-05 0.000108438 0.00120361 0.000318041 0.0301214 0.00271209
6.38 -3.28309e-05 0.000229519 0.00110872 0.000395341 0.0277482 0.00574036
6.4 -2.96458e-05 0.000331197 0.00101138 0.000465021 0.0253136 0.00828339
6.42 -2.67903e-05 0.000413998 0.000948067 0.00052125 0.0237302 0.0103543
6.44 -2.41585e-05 0.000472675 0.000901766 0.000564619 0.0225722 0.0118218
6.46 -2.10427e-05 0.000497134 0.000806326 0.000603612 0.0201852 0.0124335
6.48 -1.63895e-05 0.000489473 0.00058056 0.000641208 0.0145387 0.0122419
6.5 -9.0975e-06 0.000459656 0.000221752 0.000672214 0.00556476 0.0114962
6.52 1.19356e-06 0.000422666 -0.000153925 0.000689448 -0.00383107 0.010571
6.54 1.36027e-05 0.000395113 -0.000464718 0.000686596 -0.0116041 0.00988194
6.56 2.59433e-05 0.000383091 -0.000711377 0.000659458 -0.0177734 0.00958127
6.58 3.55009e-05 0.000360931 -0.000949287 0.000604281 -0.0237254 0.00902702
6.6 4.05305e-05 0.00030254 -0.00119941 0.000520268 -0.0299955 0.00756665
6.62 4.1568e-05 0.000216275 -0.00141284 0.000416213 -0.0353997 0.00540914
6.64 4.05484e-05 0.000124941 -0.00151144 0.00030542 -0.0379522 0.00312483
6.66 3.88865e-05 4.36285e-05 -0.00146177 0.000195806 -0.0367099 0.00109117
6.68 3.70556e-05 -2.57259e-05 -0.00130864 8.9675e-05 -0.0328802 -0.000643416
6.7 3.51615e-05 -8.73504e-05 -0.0011494 -1.20161e-05 -0.0288974 -0.00218467
6.72 3.34062e-05 -0.000144148 -0.00105738 -0.000107972 -0.0265959 -0.00360519
6.74 3.21453e-05 -0.000191484 -0.00104294 -0.000197134 -0.0262347 -0.00478909
6.76 3.16659e-05 -0.00022041 -0.00107036 -0.000279273 -0.0269207 -0.00551256
6.78 3.19617e-05 -0.000229261 -0.00110337 -0.000355616 -0.0277462 -0.00573392
6.8 3.27201e-05 -0.000229205 -0.00112911 -0.000430116 -0.0283899 -0.00573251
6.82 3.35201e-05 -0.000234582 -0.00114357 -0.000506942 -0.0287516 -0.00586698
6.84 3.32389e-05 -0.000254719 -0.00110663 -0.0005818 -0.0278277 -0.00637063
6.86 3.03588e-05 -0.000291983 -0.000998265 -0.000642707 -0.0251175 -0.00730262
6.88 2.41999e-05 -0.000335678 -0.00083293 -0.000682568 -0.0209824 -0.00839544
6.9 1.53804e-05 -0.00036977 -0.000631786 -0.000700843 -0.0159517 -0.0092481
6.92 5.07194e-06 -0.000388511 -0.000406921 -0.000694699 -0.0103277 -0.00971683
6.94 -5.42165e-06 -0.000396833 -0.000152171 -0.000659011 -0.00395634 -0.00992497
6.96 -1.47768e-05 -0.000400107 0.000125198 -0.000593843 0.00298077 -0.0100068
6.98 -2.22095e-05 -0.000395483 0.000399977 -0.000506267 0.00985311 -0.00989119
7 -2.75205e-05 -0.000373186 0.000642218 -0.00040649 0.0159117 -0.00933354
7.02 -3.10485e-05 -0.000321401 0.000833845 -0.000304095 0.0207047 -0.00803836
7.04 -3.32506e-05 -0.000240227 0.000973237 -0.0002057 0.0241918 -0.00600817
7.06 -3.44205e-05 -0.000146031 0.00107186 -0.000114598 0.0266603 -0.00365229
7.08 -3.46986e-05 -5.51646e-05 0.0011441 -3.15327e-05 0.0284699 -0.00137969
7.1 -3.42252e-05 2.82412e-05 0.00119744 4.53711e-05 0.0298074 0.000706323
7.12 -3.31971e-05 0.000109958 0.00123048 0.000120559 0.0306368 0.00275009
7.14 -3.18423e-05 0.000193153 0.00123992 0.000198584 0.0308741 0.00483083
7.16 -3.03814e-05 0.000271618 0.00122896 0.000280098 0.0306 0.00679328
7.18 -2.89705e-05 0.000333546 0.00120859 0.000360052 0.0300904 0.00834212
7.2 -2.71671e-05 0.000368407 0.00118467 0.000431531 0.0294922 0.00921401
7.22 -2.47179e-05 0.000371495 0.00112412 0.000489554 0.0279777 0.00929126
7.24 -2.17319e-05 0.000351898 0.00100322 0.000528241 0.0249541 0.00880112
7.26 -1.7805e-05 0.000328212 0.000822156 0.000540709 0.0204256 0.00820872
7.28 -1.24677e-05 0.000312194 0.000597773 0.000524579 0.0148137 0.0078081
7.3 -5.44799e-06 0.000304857 0.000357766 0.000483049 0.00881098 0.00762459
7.32 3.10104e-06 0.000303442 0.000113864 0.000421282 0.00271089 0.00758922
7.34 1.24503e-05 0.000305328 -0.000128144 0.000342713 -0.00334182 0.00763639
7.36 2.14594e-05 0.000307035 -0.000366941 0.000250773 -0.00931423 0.00767907
7.38 2.89712e-05 0.000306175 -0.000595497 0.000153932 -0.0150306 0.00765757
7.4 3.42708e-05 0.000301164 -0.000798588 6.25759e-05 -0.0201104 0.00753223
7.42 3.7276e-05 0.000288349 -0.000957471 -1.84314e-05 -0.0240856 0.00721174
7.44 3.83439e-05 0.000262154 -0.00106063 -9.0875e-05 -0.0266685 0.00655659
7.46 3.79582e-05 0.000219908 -0.00110953 -0.000159104 -0.0278939 0.00549999
7.48 3.65582e-05 0.000164346 -0.00111566 -0.00022598 -0.0280477 0.00411035
7.5 3.43263e-05 9.91414e-05 -0.00109441 -0.000290873 -0.0275161 0.00247957
7.52 3.14635e-05 2.60104e-05 -0.0010631 -0.000349947 -0.0267331 0.000650531
7.54 2.80923e-05 -5.24542e-05 -0.00103417 -0.000399418 -0.0260095 -0.0013119
7.56 2.45247e-05 -0.000128775 -0.000989399 -0.000437805 -0.0248898 -0.00322071
7.58 2.08497e-05 -0.000196033 -0.000893073 -0.000461813 -0.0224807 -0.00490288
7.6 1.6606e-05 -0.000253611 -0.000728467 -0.000464682 -0.0183638 -0.00634292
7.62 1.13535e-05 -0.000302468 -0.000520269 -0.000442684 -0.0131567 -0.00756484
7.64 4.73075e-06 -0.000342529 -0.000309165 -0.000397998 -0.00787686 -0.0085668
7.66 -3.14208e-06 -0.00037341 -0.000110431 -0.0003354 -0.00290645 -0.00933913
7.68 -1.1578e-05 -0.000393181 8.24825e-05 -0.000258775 0.0019184 -0.00983361
7.7 -1.94947e-05 -0.000396631 0.000283446 -0.000169283 0.00694458 -0.0099199
7.72 -2.58969e-05 -0.000376405 0.00049402 -6.93354e-05 0.0122111 -0.00941406
7.74 -3.028e-05 -0.00032927 0.000693542 3.17841e-05 0.0172013 -0.00823517
7.76 -3.27157e-05 -0.000259791 0.000849976 0.000122152 0.0211141 -0.00649748
7.78 -3.35575e-05 -0.000177279 0.000945426 0.00019563 0.0235018 -0.00443383
7.8 -3.31316e-05 -8.98879e-05 0.000988374 0.00025309 0.0245764 -0.00224813
7.82 -3.171e-05 -3.08661e-06 0.00100183 0.000298418 0.0249133 -7.71974e-05
7.84 -2.95643e-05 7.77045e-05 0.00100341 0.000334948 0.0249527 0.00194342
7.86 -2.70113e-05 0.000148476 0.000998982 0.000363685 0.024842 0.00371344
7.88 -2.44433e-05 0.000209913 0.000990326 0.000383289 0.0246255 0.00525
7.9 -2.19134e-05 0.000263934 0.00096824 0.000392537 0.0240731 0.0066011
7.92 -1.9371e-05 0.000307442 0.000902143 0.000391915 0.02242 0.00768924
7.94 -1.64252e-05 0.000336339 0.000770316 0.000381096 0.0191229 0.00841198
7.96 -1.23761e-05 0.000352769 0.000584332 0.000357249 0.0144714 0.00882289
7.98 -6.78947e-06 0.0003643 0.000378059 0.000317963 0.00931241 0.0091113
8 4.14661e-07 0.000377005 0.000178563 0.00026448 0.00432293 0.00942905
8.02 8.66265e-06 0.000390866 -1.01643e-05 0.000200413 -0.000397224 0.00977571
8.04 1.69072e-05 0.000400978 -0.000198336 0.000127468 -0.00510348 0.0100286
8.06 2.40025e-05 0.000399957 -0.000394403 4.63084e-05 -0.0100072 0.0100031
8.08 2.91944e-05 0.000382417 -0.000588038 -3.7273e-05 -0.0148501 0.0095644
8.1 3.23417e-05 0.000346762 -0.000751017 -0.000112467 -0.0189264 0.00867265
8.12 3.37705e-05 0.000295965 -0.000859081 -0.000171257 -0.0216293 0.00740221
8.14 3.39046e-05 0.000235114 -0.000914023 -0.000212825 -0.0230037 0.0058803
8.16 3.30748e-05 0.000165792 -0.000941108 -0.000240397 -0.0236813 0.00414652
8.18 3.15789e-05 8.63861e-05 -0.000965245 -0.000256973 -0.0242851 0.00216055
8.2 2.97503e-05 -3.42047e-06 -0.000992253 -0.000264276 -0.0249609 -8.55473e-05
8.22 2.78907e-05 -9.9276e-05 -0.00101246 -0.000263315 -0.0254665 -0.00248293
8.24 2.59944e-05 -0.000193423 -0.00101097 -0.000255358 -0.0254293 -0.0048376
8.26 2.3577e-05 -0.000277891 -0.000971543 -0.000242748 -0.0244432 -0.00695016
8.28 2.03715e-05 -0.000347536 -0.000887822 -0.000227967 -0.0223493 -0.00869203
8.3 1.61907e-05 -0.000400815 -0.000772182 -0.000211242 -0.0194571 -0.0100246
8.32 1.09182e-05 -0.00043739 -0.000640214 -0.000189823 -0.0161565 -0.0109393
8.34 4.83751e-06 -0.000455709 -0.000495604 -0.000160416 -0.0125398 -0.0113975
8.36 -1.60496e-06 -0.000453165 -0.000336186 -0.000122075 -0.00855265 -0.0113339
8.38 -7.82501e-06 -0.000430014 -0.000164531 -7.66343e-05 -0.00425948 -0.0107548
8.4 -1.33736e-05 -0.000393884 1.06447e-05 -2.70059e-05 0.00012174 -0.00985121
8.42 -1.80374e-05 -0.00035707 0.000180325 2.52082e-05 0.00436553 -0.00893046
8.44 -2.18271e-05 -0.00032587 0.00033715 7.82154e-05 0.00828779 -0.00815013
8.46 -2.483e-05 -0.000291186 0.000472869 0.000124148 0.0116822 -0.00728267
8.48 -2.70964e-05 -0.000238803 0.000581846 0.000152077 0.0144077 -0.00597256
8.5 -2.85878e-05 -0.000171441 0.000667066 0.000159243 0.0165391 -0.0042878
8.52 -2.9194e-05 -0.000100265 0.000734628 0.000152476 0.0182289 -0.00250767
8.54 -2.88162e-05 -2.77263e-05 0.00078539 0.000140687 0.0194986 -0.000693446
8.56 -2.74783e-05 5.00166e-05 0.000816474 0.000130226 0.020276 0.00125094
8.58 -2.53123e-05 0.000135777 0.000826372 0.000124016 0.0205236 0.00339583
8.6 -2.22335e-05 0.000225972 0.000811645 0.000121551 0.0201553 0.00565165
8.62 -1.83749e-05 0.000310841 0.000762033 0.000120382 0.0189144 0.00777427
8.64 -1.4075e-05 0.000378036 0.000669343 0.000118419 0.0165962 0.00945484
8.66 -9.3932e-06 0.000419667 0.000541124 0.000113931 0.0133894 0.010496
8.68 -4.35911e-06 0.000436336 0.000394724 0.000104274 0.00972788 0.010913
8.7 1.00117e-06 0.000434241 0.000242224 8.68429e-05 0.00591379 0.0108606
8.72 6.58167e-06 0.000419638 8.86481e-05 6.16582e-05 0.0020728 0.0104953
8.74 1.21413e-05 0.000397203 -6.39606e-05 3.17639e-05 -0.00174401 0.00993422
8.76 1.7378e-05 0.000372857 -0.000214968 8.00476e-07 -0.00552077 0.00932531
8.78 2.20353e-05 0.000354521 -0.000364306 -2.96222e-05 -0.00925578 0.00886673
8.8 2.5953e-05 0.000345762 -0.000508114 -5.9394e-05 -0.0128525 0.00864765
8.82 2.90452e-05 0.000335556 -0.000635812 -8.4738e-05 -0.0160463 0.0083924
8.84 3.12673e-05 0.00030627 -0.000736781 -9.87717e-05 -0.0185716 0.00765995
8.86 3.25845e-05 0.000256874 -0.000810699 -0.000100633 -0.0204203 0.00642453
8.88 3.29516e-05 0.000196603 -0.000864757 -9.67826e-05 -0.0217724 0.00491711
8.9 3.23449e-05 0.000128315 -0.000903581 -9.37795e-05 -0.0227435 0.0032092
8.92 3.08337e-05 5.0942e-05 -0.000926181 -9.48945e-05 -0.0233088 0.00127408
8.94 2.83571e-05 -3.47722e-05 -0.000925387 -0.000100997 -0.0232889 -0.000869667
8.96 2.4792e-05 -0.000124537 -0.000887053 -0.000111253 -0.0223302 -0.00311473
8.98 2.03909e-05 -0.000211744 -0.000802129 -0.000123383 -0.0202062 -0.0052958
9 1.53478e-05 -0.000287729 -0.00068186 -0.000134383 -0.0171982 -0.00719621
9.02 9.80386e-06 -0.000343991 -0.000548235 -0.000140923 -0.0138562 -0.00860335
9.04 4.03865e-06 -0.000376511 -0.000412047 -0.000139276 -0.0104501 -0.00941669
9.06 -1.70116e-06 -0.000387691 -0.000268045 -0.000126433 -0.00684853 -0.00969631
9.08 -7.16625e-06 -0.000383812 -0.000108218 -0.000102633 -0.00285119 -0.00959929
9.1 -1.22308e-05 -0.000371358 6.56102e-05 -7.21271e-05 0.00149632 -0.00928783
9.12 -1.68841e-05 -0.000355314 0.000239929 -4.0137e-05 0.00585611 -0.00888655
9.14 -2.11626e-05 -0.000338686 0.000396613 -8.50667e-06 0.00977484 -0.00847068
9.16 -2.50079e-05 -0.000319589 0.000524315 2.32625e-05 0.0129687 -0.00799307
9.18 -2.82029e-05 -0.000288657 0.000624769 5.2132e-05 0.0154811 -0.00721942
9.2 -3.04593e-05 -0.000240993 0.000708945 7.29386e-05 0.0175864 -0.00602734
9.22 -3.16065e-05 -0.000187967 0.000784824 8.57652e-05 0.0194842 -0.00470114
9.24 -3.17098e-05 -0.000143596 0.000848383 9.61773e-05 0.0210739 -0.00359139
9.26 -3.10309e-05 -0.00010754 0.000889883 0.00010965 0.0221119 -0.00268961
9.28 -2.98783e-05 -6.51593e-05 0.0009071 0.000128437 0.0225426 -0.00162966
9.3 -2.8426e-05 -2.86602e-06 0.000907356 0.000151614 0.022549 -7.16803e-05
9.32 -2.64808e-05 7.47374e-05 0.000892984 0.000176231 0.0221896 0.00186921
9.34 -2.39272e-05 0.000146685 0.000850558 0.000198558 0.0211285 0.00366866
9.36 -2.07629e-05 0.000196851 0.000766686 0.000214695 0.0190308 0.00492332
9.38 -1.67979e-05 0.000228812 0.000646343 0.000221378 0.0160209 0.00572269
9.4 -1.19488e-05 0.00025793 0.000506933 0.00021696 0.0125343 0.00645094
9.42 -6.29496e-06 0.000293448 0.000361927 0.00020152 0.00890759 0.00733926
9.44 -1.33969e-07 0.000329047 0.000213978 0.000176545 0.00520733 0.0082296
9.46 6.04863e-06 0.000350485 5.93606e-05 0.000144609 0.00134028 0.00876579
9.48 1.17498e-05 0.000351169 -0.000103025 0.00010879 -0.00272105 0.00878287
9.5 1.66198e-05 0.000338549 -0.000265822 7.15506e-05 -0.00679267 0.00846726
9.52 2.05294e-05 0.000324211 -0.000415566 3.42737e-05 -0.0105378 0.00810865
9.54 2.35091e-05 0.000308473 -0.000540896 -1.27876e-06 -0.0136724 0.00771505
9.56 2.56469e-05 0.000281051 -0.000639566 -3.26923e-05 -0.0161402 0.00702921
9.58 2.70214e-05 0.000236264 -0.000718005 -5.91076e-05 -0.018102 0.00590906
9.6 2.7686e-05 0.000177725 -0.00078335 -8.18435e-05 -0.0197363 0.00444499
9.62 2.76806e-05 0.000110895 -0.000836721 -0.000102805 -0.0210712 0.00277353
9.64 2.70534e-05 3.82191e-05 -0.000874282 -0.000123354 -0.0220107 0.000955875
9.66 2.58757e-05 -3.84144e-05 -0.000892551 -0.000143981 -0.0224677 -0.000960761
9.68 2.40915e-05 -0.000113718 -0.000888322 -0.00016401 -0.0223619 -0.00284414
9.7 2.15384e-05 -0.000179767 -0.000855409 -0.000181309 -0.0215388 -0.00449604
9.72 1.83724e-05 -0.000230236 -0.000790081 -0.000192488 -0.0199049 -0.0057583
9.74 1.47488e-05 -0.000263808 -0.000697217 -0.000194054 -0.0175823 -0.00659794
9.76 1.07134e-05 -0.00028328 -0.000583566 -0.000183765 -0.0147399 -0.00708494
9.78 6.35539e-06 -0.000291763 -0.000450136 -0.000161285 -0.0114027 -0.00729711
9.8 1.70373e-06 -0.00028928 -0.000295877 -0.00012824 -0.00754465 -0.00723501
9.82 -3.1495e-06 -0.000273258 -0.000124975 -8.73088e-05 -0.00327031 -0.00683429
9.84 -8.05834e-06 -0.000242657 5.08948e-05 -4.14439e-05 0.00112826 -0.00606895
9.86 -1.27815e-05 -0.000201359 0.000216792 5.35323e-06 0.00527741 -0.00503608
9.88 -1.70022e-05 -0.00015673 0.00036208 4.84944e-05 0.00891112 -0.00391989
9.9 -2.03761e-05 -0.000113332 0.000485309 8.51544e-05 0.0119931 -0.00283448
9.92 -2.26479e-05 -6.88085e-05 0.000591009 0.000115291 0.0146367 -0.00172093
9.94 -2.37663e-05 -1.80355e-05 0.000681635 0.000140705 0.0169033 -0.000451075
9.96 -2.39145e-05 3.99482e-05 0.000752822 0.000163566 0.0186838 0.000999122
9.98 -2.34088e-05 9.99199e-05 0.000796733 0.00018509 0.0197821 0.00249904
10 -2.25443e-05 0.000154028 0.000811163 0.000204793 0.020143 0.00385231
10.02 -2.14908e-05 0.000197894 0.000805279 0.000220977 0.0199958 0.00494942
10.04 -2.01937e-05 0.000233102 0.000792574 0.000232214 0.019678 0.00582998
10.06 -1.86194e-05 0.000264094 0.00077274 0.000237758 0.019182 0.00660511
10.08 -1.67618e-05 0.000293222 0.000727903 0.000236417 0.0180606 0.0073336
10.1 -1.44279e-05 0.000317845 0.000644033 0.000226693 0.015963 0.00794944
10.12 -1.1404e-05 0.000332389 0.000525833 0.000208237 0.0130067 0.00831318
10.14 -7.55238e-06 0.000333212 0.000388876 0.000181867 0.00958139 0.00833377
10.16 -2.9278e-06 0.000321282 0.000245817 0.00014864 0.00600343 0.00803541
10.18 2.14228e-06 0.000299902 0.00010096 0.000110476 0.00238048 0.00750068
10.2 7.15292e-06 0.000270309 -4.74065e-05 7.0656e-05 -0.00133022 0.00676054
10.22 1.16169e-05 0.000230275 -0.000201882 3.21876e-05 -0.00519372 0.00575928
10.24 1.523e-05 0.000177848 -0.000358713 -3.31932e-06 -0.00911612 0.00444805
10.26 1.79198e-05 0.000115737 -0.000505138 -3.50825e-05 -0.0127783 0.00289463
10.28 1.97969e-05 5.02623e-05 -0.000626947 -6.2596e-05 -0.0158248 0.00125708
10.3 2.10481e-05 -1.27461e-05 -0.000719179 -8.56093e-05 -0.0181316 -0.000318786
10.32 2.18293e-05 -7.01071e-05 -0.000787868 -0.000104106 -0.0198495 -0.00175341
10.34 2.22203e-05 -0.000120972 -0.000842076 -0.000118337 -0.0212053 -0.00302555
10.36 2.22494e-05 -0.000165634 -0.000885175 -0.000128988 -0.0222833 -0.00414258
10.38 2.19321e-05 -0.000204329 -0.000912796 -0.000136926 -0.0229742 -0.00511034
10.4 2.11823e-05 -0.000236688 -0.000912631 -0.000142527 -0.0229701 -0.00591968
10.42 1.95866e-05 -0.000262018 -0.000868099 -0.000145078 -0.0218563 -0.00655318
10.44 1.69555e-05 -0.000280105 -0.000777345 -0.000143129 -0.0195865 -0.00700553
10.46 1.33182e-05 -0.000290804 -0.000655662 -0.000135679 -0.0165432 -0.00727312
10.48 8.72246e-06 -0.000293064 -0.000516602 -0.000122056 -0.0130652 -0.00732964
10.5 3.47281e-06 -0.000284586 -0.000362172 -0.000101144 -0.00920288 -0.0071176
10.52 -2.02026e-06 -0.00026233 -0.000190727 -7.25707e-05 -0.00491498 -0.00656098
10.54 -7.29314e-06 -0.00022556 -9.25498e-06 -3.83184e-05 -0.000376274 -0.00564136
10.56 -1.19946e-05 -0.000177793 0.000169174 -1.82653e-06 0.00408632 -0.00444667
10.58 -1.59316e-05 -0.000125196 0.000333568 3.39372e-05 0.00819787 -0.00313121
10.6 -1.90501e-05 -7.31694e-05 0.0004781 6.71985e-05 0.0118127 -0.00183
10.62 -2.13768e-05 -2.34732e-05 0.000600898 9.72084e-05 0.0148839 -0.000587073
10.64 -2.29927e-05 2.55036e-05 0.000702283 0.000123787 0.0174196 0.000637855
10.66 -2.3997e-05 7.58522e-05 0.000781678 0.000146838 0.0194053 0.00189709
10.68 -2.44495e-05 0.000126812 0.000835433 0.000166371 0.0207498 0.00317162
10.7 -2.43344e-05 0.000173953 0.000860537 0.000183041 0.0213777 0.00435064
10.72 -2.35802e-05 0.000212773 0.000859807 0.000198185 0.0213595 0.00532155
10.74 -2.17702e-05 0.000243041 0.000833292 0.00021273 0.0206963 0.00607855
10.76 -1.88548e-05 0.000268823 0.000774277 0.000225638 0.0192203 0.00672337
10.78 -1.50871e-05 0.000293204 0.000675112 0.000234157 0.0167402 0.00733316
10.8 -1.05532e-05 0.000312839 0.000537622 0.000235874 0.0133015 0.00782423
10.82 -5.45629e-06 0.000320359 0.000373451 0.000229216 0.00919552 0.00801231
10.84 2.95195e-08 0.000311592 0.000193876 0.000212726 0.00470426 0.00779306
10.86 5.6454e-06 0.000289086 8.52677e-06 0.000185475 6.86048e-05 0.00723017
10.88 1.10878e-05 0.000259859 -0.000174992 0.000148452 -0.00452128 0.00649917
10.9 1.60435e-05 0.000229547 -0.000351791 0.000104909 -0.00894309 0.00574106
10.92 2.02642e-05 0.000197644 -0.000518171 5.87588e-05 -0.0131043 0.00494315
10.94 2.35915e-05 0.000158446 -0.00066699 1.31283e-05 -0.0168264 0.00396279
10.96 2.59693e-05 0.000108133 -0.000788644 -2.98247e-05 -0.019869 0.00270444
10.98 2.74242e-05 5.01725e-05 -0.000878163 -6.87607e-05 -0.0221081 0.00125483
11 2.80297e-05 -7.57146e-06 -0.00093893 -0.000103076 -0.0236281 -0.000189365
11.02 2.78878e-05 -5.90601e-05 -0.000978294 -0.00013278 -0.0246128 -0.00147712
11.04 2.71467e-05 -0.000102721 -0.00100154 -0.000158362 -0.0251944 -0.0025691
11.06 2.59653e-05 -0.000140146 -0.00101005 -0.00018047 -0.0254072 -0.00350512
11.08 2.41881e-05 -0.000173101 -0.00099464 -0.000199497 -0.0250219 -0.00432932
11.1 2.17009e-05 -0.00020164 -0.000934848 -0.000214639 -0.0235264 -0.00504309
11.12 1.84885e-05 -0.000224645 -0.000820965 -0.000223505 -0.0206782 -0.00561846
11.14 1.43057e-05 -0.000240138 -0.000665929 -0.000223874 -0.0168007 -0.00600594
11.16 9.02255e-06 -0.000246619 -0.00049135 -0.000214683 -0.0124344 -0.00616803
11.18 2.74502e-06 -0.000245593 -0.000308353 -0.000195171 -0.00785752 -0.00614238
11.2 -4.12698e-06 -0.000240556 -0.000116294 -0.000164196 -0.00305407 -0.00601641
11.22 -1.09562e-05 -0.000233062 8.37407e-05 -0.00012122 0.00194889 -0.00582897
11.24 -1.70845e-05 -0.000221003 0.000282559 -6.84571e-05 0.00692141 -0.00552737
11.26 -2.20432e-05 -0.000200574 0.000465909 -1.06243e-05 0.0115071 -0.00501645
11.28 -2.56426e-05 -0.000168546 0.000620286 4.77149e-05 0.0153681 -0.00421542
11.3 -2.79251e-05 -0.000124254 0.000737138 0.000103624 0.0182907 -0.00310763
11.32 -2.90761e-05 -7.17564e-05 0.000816948 0.00015532 0.0202869 -0.00179466
11.34 -2.93574e-05 -1.92093e-05 0.000869079 0.000201391 0.0215908 -0.000480434
11.36 -2.90542e-05 2.59824e-05 0.000904379 0.000240687 0.0224738 0.000649832
11.38 -2.84238e-05 6.19957e-05 0.000927741 0.000272651 0.0230582 0.00155054
11.4 -2.76588e-05 9.2749e-05 0.000938958 0.000297552 0.0233388 0.00231969
11.42 -2.66389e-05 0.000123182 0.000933224 0.000316354 0.0231954 0.00308082
11.44 -2.49778e-05 0.00015481 0.000893221 0.000329697 0.0221949 0.00387186
11.46 -2.24586e-05 0.000186446 0.000804451 0.000336614 0.0199747 0.0046631
11.48 -1.87901e-05 0.000214897 0.000671786 0.000335015 0.0166567 0.00537465
11.5 -1.37616e-05 0.000235016 0.000512088 0.000323141 0.0126626 0.00587785
11.52 -7.50743e-06 0.000244612 0.000337106 0.000299715 0.00828621 0.00611786
11.54 -4.04836e-07 0.000248619 0.000145837 0.000263454 0.00350248 0.00621807
11.56 6.90743e-06 0.000252882 -6.12964e-05 0.000214013 -0.00167801 0.00632468
11.58 1.37566e-05 0.000253966 -0.000272333 0.000153752 -0.00695611 0.0063518
11.6 1.96161e-05 0.000242047 -0.000470253 8.74086e-05 -0.0119062 0.0060537
11.62 2.42203e-05 0.000213545 -0.000643226 1.99708e-05 -0.0162323 0.00534086
11.64 2.75308e-05 0.000176164 -0.000785393 -4.45478e-05 -0.0197881 0.00440593
11.66 2.96766e-05 0.00014128 -0.000895405 -0.000103017 -0.0225398 0.00353348
11.68 3.08981e-05 0.000113811 -0.000976475 -0.000153104 -0.0245678 0.00284646
11.7 3.14655e-05 8.9205e-05 -0.00103352 -0.000193663 -0.0259951 0.00223106
11.72 3.15705e-05 5.85717e-05 -0.00106947 -0.00022498 -0.026895 0.0014649
11.74 3.12817e-05 1.72662e-05 -0.00108704 -0.000248421 -0.0273348 0.000431835
11.76 3.06e-05 -3.12727e-05 -0.00109255 -0.000265577 -0.0274727 -0.000782142
11.78 2.93354e-05 -7.97952e-05 -0.00108933 -0.000277461 -0.0273922 -0.00199571
11.8 2.71133e-05 -0.000123936 -0.00105941 -0.000283941 -0.0266437 -0.0030997
11.82 2.3924e-05 -0.00016519 -0.00097777 -0.000283585 -0.024602 -0.00413146
11.84 1.97151e-05 -0.000206132 -0.000840351 -0.000274388 -0.0211651 -0.00515546
11.86 1.43374e-05 -0.000244034 -0.000664259 -0.000254593 -0.0167609 -0.0061034
11.88 7.88197e-06 -0.000272296 -0.000471005 -0.000222935 -0.0119276 -0.00681024
11.9 6.06691e-07 -0.000286623 -0.000272683 -0.000179009 -0.00696745 -0.00716857
11.92 -6.91904e-06 -0.000287957 -7.30616e-05 -0.000123726 -0.00197483 -0.00720192
11.94 -1.40182e-05 -0.000279748 0.000128317 -5.96465e-05 0.00306175 -0.00699661
11.96 -2.01035e-05 -0.000264561 0.000329332 8.57895e-06 0.00808922 -0.00661679
11.98 -2.48688e-05 -0.000243389 0.000518694 7.50206e-05 0.0128252 -0.00608725
12 -2.83116e-05 -0.000215813 0.000677938 0.000134708 0.016808 -0.00539758
12.02 -3.0628e-05 -0.00018093 0.000794171 0.000185006 0.0197152 -0.00452514
12.04 -3.20376e-05 -0.000140019 0.00087037 0.000225263 0.0216211 -0.00350193
12.06 -3.26959e-05 -9.71642e-05 0.000920824 0.000255999 0.0228833 -0.00243012
12.08 -3.27295e-05 -5.60225e-05 0.000958617 0.000278596 0.0238288 -0.00140115
12.1 -3.23013e-05 -1.65808e-05 0.000988648 0.000295048 0.0245802 -0.000414693
12.12 -3.1611e-05 2.40122e-05 0.0010098 0.000307207 0.0251096 0.000600554
12.14 -3.08202e-05 6.769e-05 0.00102033 0.000315964 0.0253731 0.00169296
12.16 -2.96938e-05 0.000113284 0.001012 0.000321139 0.0251648 0.00283328
12.18 -2.76801e-05 0.000156622 0.000961837 0.000321756 0.0239101 0.00391717
12.2 -2.45974e-05 0.000194257 0.000858011 0.000316069 0.0213133 0.00485846
12.22 -2.02443e-05 0.000225411 0.000710287 0.000301992 0.0176187 0.00563761
12.24 -1.44568e-05 0.00025157 0.000536025 0.000278037 0.0132603 0.00629188
12.26 -7.43398e-06 0.000275351 0.000346338 0.000243864 0.00851616 0.00688665
12.28 4.05474e-07 0.000296952 0.000141627 0.000200412 0.00339625 0.00742688
12.3 8.36858e-06 0.000312831 -7.61923e-05 0.000149638 -0.00205149 0.00782403
12.32 1.5745e-05 0.000317845 -0.000299285 9.44344e-05 -0.00763114 0.00794944
12.34 2.19721e-05 0.000308905 -0.000512366 3.89866e-05 -0.0129604 0.00772583
12.36 2.67649e-05 0.000286324 -0.000696233 -1.20383e-05 -0.017559 0.00716108
12.38 3.00862e-05 0.000252509 -0.000836711 -5.53432e-05 -0.0210727 0.00631536
12.4 3.20497e-05 0.000210862 -0.000933747 -8.98563e-05 -0.0235 0.00527375
12.42 3.28435e-05 0.000165049 -0.000999325 -0.000116344 -0.0251408 0.00412793
12.44 3.27298e-05 0.000117345 -0.00104563 -0.000136756 -0.0262997 0.00293484
12.46 3.20327e-05 6.79996e-05 -0.00107652 -0.000153596 -0.0270729 0.0017007
12.48 3.10783e-05 1.6921e-05 -0.00109069 -0.000169014 -0.0274279 0.000423201
12.5 3.01056e-05 -3.44171e-05 -0.00109069 -0.000183868 -0.0274277 -0.000860787
12.52 2.91284e-05 -8.29718e-05 -0.00108514 -0.000197569 -0.027289 -0.00207516
12.54 2.77423e-05 -0.000124406 -0.00106561 -0.000208927 -0.0268006 -0.00311143
12.56 2.57637e-05 -0.000155263 -0.00100734 -0.000216036 -0.0253431 -0.00388319
12.58 2.29765e-05 -0.000175956 -0.00089624 -0.000215787 -0.0225645 -0.00440073
12.6 1.90078e-05 -0.000188609 -0.000742539 -0.000205635 -0.0187204 -0.00471719
12.62 1.37436e-05 -0.000194183 -0.000567559 -0.000184723 -0.0143441 -0.00485659
12.64 7.24327e-06 -0.000192841 -0.000381199 -0.000153223 -0.00968313 -0.00482304
12.66 -3.87273e-08 -0.000185128 -0.000186047 -0.000112101 -0.00480228 -0.00463014
12.68 -7.40941e-06 -0.000172347 1.52033e-05 -6.37694e-05 0.000231059 -0.00431046
12.7 -1.41492e-05 -0.000155471 0.000217734 -1.25233e-05 0.00529645 -0.00388841
12.72 -1.97651e-05 -0.000135254 0.000411728 3.68043e-05 0.0101483 -0.00338277
12.74 -2.40691e-05 -0.00011456 0.000581507 8.09362e-05 0.0143946 -0.0028652
12.76 -2.7141e-05 -9.87541e-05 0.000714901 0.000118845 0.0177309 -0.00246988
12.78 -2.92049e-05 -9.07589e-05 0.000812362 0.000150907 0.0201685 -0.00226992
12.8 -3.05052e-05 -8.6135e-05 0.000882005 0.00017793 0.0219106 -0.00215427
12.82 -3.12188e-05 -7.63173e-05 0.000929241 0.00020103 0.0230922 -0.00190873
12.84 -3.14208e-05 -5.61157e-05 0.000955466 0.000221843 0.0237483 -0.00140348
12.86 -3.11047e-05 -2.65693e-05 0.00096333 0.00024198 0.023945 -0.00066451
12.88 -2.98977e-05 7.36848e-06 0.00094914 0.000262069 0.0235901 0.000184289
12.9 -2.73396e-05 4.14418e-05 0.000893698 0.000281129 0.0222035 0.00103648
12.92 -2.35053e-05 7.59475e-05 0.00078325 0.000296405 0.0194412 0.00189948
12.94 -1.84731e-05 0.000112112 0.000624226 0.000304074 0.0154639 0.00280396
12.96 -1.23231e-05 0.00014581 0.000435568 0.000300371 0.0107455 0.00364677
12.98 -5.36728e-06 0.000169558 0.00023444 0.000282395 0.0057152 0.0042407
13 1.96196e-06 0.000179945 3.07014e-05 0.000248982 0.000619606 0.00450049
13.02 9.06738e-06 0.000180176 -0.00016841 0.000201458 -0.00436025 0.00450628
13.04 1.54012e-05 0.000174717 -0.00035926 0.000143377 -0.00913349 0.00436975
13.06 2.06027e-05 0.000164006 -0.000538412 7.964e-05 -0.0136142 0.00410186
13.08 2.45783e-05 0.000146095 -0.000696927 1.56331e-05 -0.0175787 0.00365389
13.1 2.74419e-05 0.000122407 -0.000823215 -4.38965e-05 -0.0207374 0.00306144
13.12 2.9397e-05 9.83988e-05 -0.000913635 -9.58382e-05 -0.0229991 0.00246099
13.14 3.0623e-05 7.81128e-05 -0.000975433 -0.000139017 -0.0245451 0.00195363
13.16 3.1245e-05 6.04156e-05 -0.00101862 -0.00017415 -0.0256258 0.00151102
13.18 3.13687e-05 4.09165e-05 -0.00104885 -0.000203411 -0.0263823 0.00102334
13.2 3.11179e-05 1.66204e-05 -0.00106879 -0.000229116 -0.0268813 0.000415683
13.22 3.06243e-05 -1.08643e-05 -0.00108079 -0.000252159 -0.0271817 -0.000271721
13.24 2.97945e-05 -3.60771e-05 -0.00107916 -0.000271766 -0.027141 -0.000902302
13.26 2.82154e-05 -5.34822e-05 -0.00103819 -0.000286236 -0.0261164 -0.00133761
13.28 2.56964e-05 -6.22513e-05 -0.000939593 -0.000292959 -0.0236504 -0.00155693
13.3 2.20027e-05 -6.6804e-05 -0.000789522 -0.000288581 -0.019897 -0.0016708
13.32 1.68095e-05 -7.30663e-05 -0.000605544 -0.000270225 -0.0152956 -0.00182742
13.34 1.00753e-05 -8.54885e-05 -0.000401834 -0.000236764 -0.0102008 -0.0021381
13.36 2.04681e-06 -0.000105144 -0.000183126 -0.000189261 -0.00473079 -0.00262971
13.38 -6.61092e-06 -0.000129228 4.48952e-05 -0.000130471 0.000972105 -0.00323204
13.4 -1.50214e-05 -0.000152299 0.000273215 -6.3974e-05 0.00668249 -0.00380906
13.42 -2.23414e-05 -0.000169697 0.000488481 5.95104e-06 0.0120664 -0.0042442
13.44 -2.80271e-05 -0.000181092 0.00067369 7.44498e-05 0.0166986 -0.00452919
13.46 -3.19289e-05 -0.000189857 0.00081364 0.000137406 0.0201989 -0.00474841
13.48 -3.42032e-05 -0.000197426 0.000904838 0.000192565 0.0224801 -0.00493772
13.5 -3.51443e-05 -0.000198404 0.0009574 0.000239307 0.0237951 -0.00496218
13.52 -3.50816e-05 -0.000183741 0.000984832 0.000278086 0.0244814 -0.00459543
13.54 -3.43356e-05 -0.000150176 0.000994128 0.000310081 0.024714 -0.00375595
13.56 -3.30808e-05 -0.000104978 0.000987185 0.000336462 0.0245404 -0.00262554
13.58 -3.12003e-05 -6.00766e-05 0.000965883 0.000357568 0.0240076 -0.00150254
13.6 -2.86363e-05 -2.22343e-05 0.000918776 0.000372946 0.0228294 -0.00055609
13.62 -2.54032e-05 1.25659e-05 0.000831251 0.000380825 0.0206404 0.00031428
13.64 -2.12577e-05 5.34503e-05 0.000695059 0.000378262 0.0172342 0.00133682
13.66 -1.59365e-05 0.000102614 0.000518397 0.000363065 0.0128158 0.00256642
13.68 -9.32382e-06 0.000152631 0.000318832 0.000333645 0.00782458 0.00381736
13.7 -1.56388e-06 0.000194098 0.000106171 0.000288534 0.00250584 0.00485447
13.72 6.8018e-06 0.000224046 -0.000106421 0.000228185 -0.00281117 0.00560349
13.74 1.49471e-05 0.000247292 -0.000305474 0.000156021 -0.00778957 0.00618488
13.76 2.20392e-05 0.000269435 -0.000484553 7.73106e-05 -0.0122684 0.00673869
13.78 2.75282e-05 0.000289431 -0.000643413 -2.17473e-06 -0.0162416 0.0072388
13.8 3.12851e-05 0.000301243 -0.000778202 -7.67793e-05 -0.0196128 0.00753422
13.82 3.35675e-05 0.000302287 -0.000881609 -0.00014198 -0.0221993 0.00756032
13.84 3.485e-05 0.000297139 -0.000950733 -0.000195333 -0.0239285 0.00743156
13.86 3.56026e-05 0.000291884 -0.000990986 -0.000236377 -0.0249357 0.00730013
13.88 3.6119e-05 0.000287082 -0.00101316 -0.00026593 -0.0254906 0.00718003
13.9 3.64844e-05 0.000277569 -0.0010298 -0.000285683 -0.0259068 0.00694213
13.92 3.66614e-05 0.000259169 -0.00105225 -0.000298084 -0.026469 0.00648193
13.94 3.65917e-05 0.000232213 -0.00108592 -0.000305426 -0.0273116 0.00580774
13.96 3.62464e-05 0.000197186 -0.00111823 -0.000308474 -0.0281209 0.0049317
13.98 3.51708e-05 0.000151971 -0.00110397 -0.000306487 -0.0277643 0.00380086
14 3.24662e-05 9.24753e-05 -0.00101272 -0.000298177 -0.025482 0.00231285
14.02 2.77794e-05 1.68592e-05 -0.000860929 -0.000281795 -0.0216856 0.000421657
14.04 2.11747e-05 -6.75196e-05 -0.000683349 -0.00025502 -0.0172443 -0.00168869
14.06 1.29556e-05 -0.000143947 -0.000504914 -0.000215871 -0.0127816 -0.00360017
14.08 3.96435e-06 -0.000198428 -0.000327848 -0.000164007 -0.00835306 -0.00496276
14.1 -4.748e-06 -0.000232173 -0.000143663 -0.000101604 -0.00374652 -0.00580675
14.12 -1.23095e-05 -0.000257426 5.37219e-05 -3.37021e-05 0.00119015 -0.00643834
14.14 -1.83554e-05 -0.000282211 0.000256111 3.27135e-05 0.00625199 -0.00705822
14.16 -2.30372e-05 -0.000302841 0.000441038 9.1384e-05 0.0108771 -0.00757419
14.18 -2.67824e-05 -0.00031112 0.000586755 0.000139482 0.0145215 -0.00778124
14.2 -2.99554e-05 -0.000306599 0.000689152 0.000177376 0.0170826 -0.00766818
14.22 -3.26391e-05 -0.00030044 0.000762304 0.000205934 0.0189122 -0.00751414
14.24 -3.4658e-05 -0.00030435 0.00082175 0.000224973 0.0203991 -0.00761192
14.26 -3.57735e-05 -0.000312821 0.000870019 0.000234584 0.0216065 -0.00782378
14.28 -3.58581e-05 -0.000304895 0.000900927 0.00023774 0.0223797 -0.00762554
14.3 -3.49452e-05 -0.000264463 0.000911688 0.000239574 0.0226489 -0.00661432
14.32 -3.28908e-05 -0.000194534 0.00090503 0.000242889 0.0224823 -0.00486539
14.34 -2.95853e-05 -0.000112647 0.000876009 0.000245802 0.0217565 -0.00281736
14.36 -2.54996e-05 -3.39632e-05 0.000809542 0.000243776 0.0200942 -0.000849433
14.38 -2.09153e-05 3.79686e-05 0.00069703 0.000232543 0.0172802 0.00094961
14.4 -1.58183e-05 0.000106896 0.000548236 0.000209496 0.0135588 0.00267352
14.42 -1.01526e-05 0.000175148 0.000383758 0.000174051 0.00944512 0.00438054
14.44 -3.76146e-06 0.000239257 0.000216123 0.000127813 0.00525248 0.00598391
14.46 3.29587e-06 0.000291781 4.63912e-05 7.4525e-05 0.00100743 0.00729757
14.48 1.06955e-05 0.000327985 -0.000126842 1.96993e-05 -0.00332522 0.00820303
14.5 1.78743e-05 0.000350785 -0.000300041 -3.05586e-05 -0.00765698 0.00877327
14.52 2.42225e-05 0.000368411 -0.000462981 -7.20569e-05 -0.0117322 0.00921412
14.54 2.92413e-05 0.000387114 -0.000602617 -0.000104795 -0.0152245 0.00968188
14.56 3.2647e-05 0.000405412 -0.000709538 -0.000131601 -0.0178987 0.0101395
14.58 3.43875e-05 0.000412453 -0.000781983 -0.000153427 -0.0197106 0.0103156
14.6 3.4624e-05 0.000393371 -0.000825494 -0.000168409 -0.0207989 0.00983837
14.62 3.36855e-05 0.000344244 -0.000849265 -0.00017621 -0.0213935 0.00860968
14.64 3.19377e-05 0.000277167 -0.000861253 -0.000179457 -0.0216933 0.00693207
14.66 2.97919e-05 0.000208081 -0.000865717 -0.000180668 -0.021805 0.0052042
14.68 2.73432e-05 0.000142042 -0.000852125 -0.000180029 -0.0214651 0.00355253
14.7 2.45308e-05 7.15923e-05 -0.000793962 -0.000175816 -0.0200104 0.00179055
14.72 2.10638e-05 -8.84349e-06 -0.000676681 -0.000166056 -0.0170771 -0.000221179
14.74 1.64091e-05 -9.27884e-05 -0.000520404 -0.000149603 -0.0131686 -0.00232068
14.76 1.03192e-05 -0.000168583 -0.000361679 -0.000126091 -0.00919881 -0.00421634
14.78 2.92743e-06 -0.000231184 -0.000216115 -9.56899e-05 -0.00555818 -0.00578201
14.8 -5.09281e-06 -0.000283203 -7.27422e-05 -5.92317e-05 -0.00197237 -0.00708303
14.82 -1.27684e-05 -0.000329101 8.30483e-05 -1.8429e-05 0.00192401 -0.00823096
14.84 -1.92255e-05 -0.000368985 0.000249639 2.41392e-05 0.00609052 -0.00922846
14.86 -2.40387e-05 -0.000395861 0.000406918 6.57233e-05 0.0100241 -0.00990064
14.88 -2.72508e-05 -0.000400661 0.00052914 0.000104504 0.013081 -0.0100207
14.9 -2.91461e-05 -0.000382789 0.000604244 0.000139283 0.0149593 -0.00957372
14.92 -3.00156e-05 -0.000352922 0.000645644 0.00016791 0.0159948 -0.00882673
14.94 -3.01054e-05 -0.000319587 0.000680951 0.000187268 0.0168778 -0.00799299
14.96 -2.96637e-05 -0.000277244 0.000725402 0.000195867 0.0179896 -0.00693399
14.98 -2.89258e-05 -0.000216212 0.000770108 0.000196165 0.0191077 -0.00540755
15 -2.80127e-05 -0.000136365 0.000794769 0.000192847 0.0197245 -0.00341055
15.02 -2.65947e-05 -4.85398e-05 0.000780939 0.000189142 0.0193786 -0.001214
15.04 -2.40769e-05 3.27816e-05 0.000721635 0.000185712 0.0178954 0.000819881
15.06 -2.01689e-05 0.000100443 0.000623627 0.000181508 0.0154442 0.00251213
15.08 -1.48041e-05 0.000159758 0.00049825 0.000174466 0.0123084 0.00399561
15.1 -8.17386e-06 0.000221736 0.000354679 0.00016197 0.00871766 0.0055457
15.12 -8.01748e-07 0.000288402 0.000198964 0.000141628 0.00482317 0.00721306
15.14 6.64277e-06 0.000348019 3.57615e-05 0.00011234 0.000741402 0.00870411
15.16 1.35005e-05 0.000387214 -0.000130311 7.52738e-05 -0.00341214 0.00968438
15.18 1.93022e-05 0.000403817 -0.000292699 3.38857e-05 -0.00747353 0.0100996
15.2 2.3851e-05 0.000406965 -0.000441503 -7.81475e-06 -0.0111952 0.0101784
15.22 2.72103e-05 0.000407267 -0.000567155 -4.78597e-05 -0.0143378 0.0101859
15.24 2.95887e-05 0.000405428 -0.000666529 -8.54743e-05 -0.0168232 0.0101399
15.26 3.11818e-05 0.000388154 -0.000743512 -0.000116986 -0.0187486 0.00970789
15.28 3.20769e-05 0.000341384 -0.000804623 -0.000137298 -0.020277 0.00853815
15.3 3.22792e-05 0.000269816 -0.000855585 -0.000146103 -0.0215517 0.00674822
15.32 3.17862e-05 0.000189466 -0.000898694 -0.000148151 -0.0226299 0.00473863
15.34 3.0635e-05 0.000107625 -0.000930497 -0.000148345 -0.0234254 0.00269175
15.36 2.87933e-05 2.2126e-05 -0.000939126 -0.000148948 -0.0236412 0.000553381
15.38 2.58951e-05 -6.67438e-05 -0.000907706 -0.000149986 -0.0228554 -0.00166929
15.4 2.19257e-05 -0.00015196 -0.000829403 -0.000150236 -0.020897 -0.00380059
15.42 1.70104e-05 -0.000227342 -0.000715685 -0.000147496 -0.0180529 -0.00568592
15.44 1.12051e-05 -0.000291206 -0.000583727 -0.000139417 -0.0147526 -0.00728318
15.46 4.85178e-06 -0.000342942 -0.000443653 -0.000124812 -0.0112493 -0.00857713
15.48 -1.64697e-06 -0.000381299 -0.000298934 -0.000103579 -0.00762976 -0.00953645
15.5 -7.80901e-06 -0.0004062 -0.000149455 -7.58807e-05 -0.00389125 -0.0101592
15.52 -1.32852e-05 -0.000418612 5.96494e-06 -4.26014e-05 -4.11798e-06 -0.0104697
15.54 -1.79062e-05 -0.000418903 0.000164586 -5.72225e-06 0.00396306 -0.0104769
15.56 -2.16881e-05 -0.00040697 0.000316337 3.28651e-05 0.00775841 -0.0101785
15.58 -2.47277e-05 -0.00038317 0.000448472 7.03869e-05 0.0110632 -0.00958323
15.6 -2.70879e-05 -0.000343998 0.000554191 0.000101347 0.0137073 -0.00860354
15.62 -2.87158e-05 -0.000284064 0.000636741 0.000121271 0.0157719 -0.00710455
15.64 -2.94712e-05 -0.000203676 0.000703877 0.000131235 0.017451 -0.00509402
15.66 -2.92543e-05 -0.000111096 0.00075913 0.000136145 0.0188329 -0.00277856
15.68 -2.81239e-05 -1.91389e-05 0.000800056 0.000140413 0.0198565 -0.000478672
15.7 -2.62875e-05 6.49384e-05 0.000821689 0.000145854 0.0203976 0.00162414
15.72 -2.38355e-05 0.000143184 0.000820424 0.000151928 0.020366 0.00358108
15.74 -2.08284e-05 0.000218832 0.000792794 0.000157282 0.0196749 0.00547307
15.76 -1.75287e-05 0.00028919 0.000736378 0.000160999 0.0182639 0.00723276
15.78 -1.40215e-05 0.000348 0.000650672 0.000162069 0.0161204 0.00870362
15.8 -1.02275e-05 0.000389635 0.000540531 0.000158492 0.0133657 0.00974492
15.82 -6.09689e-06 0.000410748 0.000414638 0.000147977 0.0102171 0.010273
15.84 -1.61013e-06 0.000412292 0.00027943 0.000129542 0.00683546 0.0103116
15.86 3.11853e-06 0.000400499 0.000138594 0.000104067 0.0033131 0.0100167
15.88 7.85513e-06 0.000381856 -7.57858e-06 7.33703e-05 -0.000342739 0.00955037
15.9 1.22889e-05 0.000356275 -0.000156772 4.02527e-05 -0.00407413 0.00891058
15.92 1.6121e-05 0.000317378 -0.000300909 9.02995e-06 -0.00767905 0.00793777
15.94 1.91271e-05 0.000261368 -0.000430243 -1.68755e-05 -0.0109138 0.00653692
15.96 2.11888e-05 0.000192079 -0.000539374 -3.71067e-05 -0.0136432 0.00480397
15.98 2.23051e-05 0.000118333 -0.000627642 -5.29054e-05 -0.0158508 0.00295956
16 2.26025e-05 5.03825e-05 -0.000697529 -6.53095e-05 -0.0175987 0.00126009
16.02 2.23179e-05 -5.65206e-06 -0.000752681 -7.52331e-05 -0.0189781 -0.00014136
16.04 2.17241e-05 -5.32303e-05 -0.000794324 -8.37554e-05 -0.0200196 -0.00133131
16.06 2.10267e-05 -0.00010237 -0.000820741 -9.165e-05 -0.0206803 -0.00256031
16.08 2.02925e-05 -0.000157624 -0.000830127 -9.92448e-05 -0.0209151 -0.00394225
16.1 1.92631e-05 -0.000211406 -0.000815457 -0.000106549 -0.0205482 -0.00528734
16.12 1.75755e-05 -0.000251796 -0.000765476 -0.000112724 -0.0192982 -0.00629752
16.14 1.50596e-05 -0.000274087 -0.000678911 -0.000115926 -0.0171331 -0.00685502
16.16 1.1597e-05 -0.000282665 -0.000567755 -0.000114296 -0.0143531 -0.00706957
16.18 7.27134e-06 -0.000284613 -0.000445081 -0.000106816 -0.0112849 -0.0071183
16.2 2.41714e-06 -0.000281835 -0.000314289 -9.2838e-05 -0.00801379 -0.00704882
16.22 -2.50557e-06 -0.00026825 -0.000172335 -7.18275e-05 -0.00446345 -0.00670904
16.24 -7.02248e-06 -0.000235825 -1.94049e-05 -4.45573e-05 -0.000638617 -0.00589807
16.26 -1.08208e-05 -0.000183338 0.000137267 -1.36218e-05 0.00327981 -0.00458535
16.28 -1.37957e-05 -0.00011867 0.000285147 1.76877e-05 0.00697835 -0.00296799
16.3 -1.59976e-05 -5.28905e-05 0.000410143 4.67284e-05 0.0101046 -0.00132281
16.32 -1.75287e-05 7.55571e-06 0.000504415 7.2077e-05 0.0124623 0.000188971
16.34 -1.84752e-05 6.3206e-05 0.000572854 9.33425e-05 0.014174 0.00158081
16.36 -1.88886e-05 0.000117517 0.000627256 0.000110821 0.0155346 0.00293914
16.38 -1.88138e-05 0.000171701 0.000673064 0.000125378 0.0166803 0.00429431
16.4 -1.83204e-05 0.000223212 0.000704811 0.000138344 0.0174743 0.00558262
16.42 -1.74944e-05 0.000267635 0.000714144 0.00015107 0.0177078 0.00669367
16.44 -1.62108e-05 0.000301532 0.000694679 0.000164141 0.0172209 0.00754145
16.46 -1.43531e-05 0.000324098 0.000643787 0.000176468 0.0159481 0.00810584
16.48 -1.19957e-05 0.000335903 0.000567204 0.000185489 0.0140327 0.00840106
16.5 -9.16144e-06 0.000336376 0.000474504 0.00018857 0.0117143 0.0084129
16.52 -5.93071e-06 0.000324355 0.000369854 0.000183561 0.00909692 0.00811225
16.54 -2.45117e-06 0.000299932 0.000250759 0.000168815 0.0061183 0.00750144
16.56 1.12336e-06 0.000264331 0.000116873 0.000144373 0.00276977 0.00661102
16.58 4.63998e-06 0.000219193 -2.43416e-05 0.000112631 -0.00076207 0.00548211
16.6 7.9821e-06 0.000167124 -0.000164129 7.70096e-05 -0.00425821 0.00417983
16.62 1.10551e-05 0.000111438 -0.000298468 4.05568e-05 -0.00761808 0.00278711
16.64 1.37672e-05 5.46937e-05 -0.000425346 5.71951e-06 -0.0107913 0.00136791
16.66 1.60337e-05 -9.84218e-07 -0.000540535 -2.57057e-05 -0.0136723 -2.46157e-05
16.68 1.78041e-05 -5.35418e-05 -0.000638783 -5.28178e-05 -0.0161295 -0.0013391
16.7 1.90642e-05 -0.000101775 -0.000716969 -7.55974e-05 -0.018085 -0.00254544
16.72 1.98143e-05 -0.000145193 -0.00077523 -9.46631e-05 -0.0195421 -0.00363133
16.74 2.0063e-05 -0.000183154 -0.000815675 -0.000111067 -0.0205537 -0.00458075
16.76 1.9845e-05 -0.000214669 -0.000839159 -0.00012585 -0.021141 -0.00536897
16.78 1.91796e-05 -0.000238349 -0.000840759 -0.00013934 -0.0211811 -0.0059612
16.8 1.78764e-05 -0.000252326 -0.000809025 -0.000150662 -0.0203874 -0.00631077
16.82 1.59173e-05 -0.000255621 -0.000740597 -0.000157925 -0.018676 -0.0063932
16.84 1.33565e-05 -0.00024911 -0.00064704 -0.000159148 -0.0163361 -0.00623034
16.86 1.01943e-05 -0.000234196 -0.000539679 -0.000152685 -0.0136509 -0.00585734
16.88 6.58304e-06 -0.000211599 -0.000418764 -0.000137267 -0.0106268 -0.00529217
16.9 2.69741e-06 -0.000181793 -0.000280282 -0.000112747 -0.00716331 -0.00454671
16.92 -1.22926e-06 -0.000145365 -0.000128378 -8.04634e-05 -0.00336412 -0.00363563
16.94 -4.99561e-06 -0.000102743 2.39522e-05 -4.27741e-05 0.000445719 -0.00256965
16.96 -8.42256e-06 -5.47404e-05 0.000163406 -2.53277e-06 0.00393352 -0.00136908
16.98 -1.13492e-05 -3.24855e-06 0.000284381 3.73839e-05 0.00695914 -8.12476e-05
17 -1.36328e-05 4.95952e-05 0.000389331 7.45629e-05 0.00958399 0.0012404
17.02 -1.52068e-05 0.000102424 0.00048177 0.000107307 0.0118959 0.00256168
17.04 -1.61229e-05 0.000153767 0.000559742 0.000134645 0.0138461 0.00384577
17.06 -1.65251e-05 0.000201004 0.000616848 0.00015641 0.0152743 0.00502721
17.08 -1.65655e-05 0.000241235 0.000649805 0.000173316 0.0160986 0.00603339
17.1 -1.63459e-05 0.000272632 0.000663487 0.000186533 0.0164408 0.00681864
17.12 -1.59298e-05 0.000294557 0.000666664 0.000196825 0.0165202 0.00736699
17.14 -1.53124e-05 0.000306569 0.000662042 0.000204016 0.0164046 0.00766741
17.16 -1.4468e-05 0.000307794 0.000640508 0.000207041 0.0158661 0.00769806
17.18 -1.33951e-05 0.000297502 0.000591249 0.000204183 0.0146341 0.00744064
17.2 -1.19889e-05 0.000275475 0.000513338 0.000193682 0.0126855 0.00688975
17.22 -1.01052e-05 0.000242861 0.000415496 0.000174942 0.0102384 0.00607404
17.24 -7.67184e-06 0.000202673 0.000308001 0.000149001 0.00754992 0.00506893
17.26 -4.73318e-06 0.000158304 0.00019487 0.000117485 0.00472045 0.00395925
17.28 -1.47618e-06 0.000111135 7.42699e-05 8.19286e-05 0.00170419 0.00277954
17.3 1.84355e-06 5.9934e-05 -5.57649e-05 4.4263e-05 -0.00154803 0.00149898
17.32 4.98452e-06 3.99832e-06 -0.000190865 7.05874e-06 -0.00492695 9.99996e-05
17.34 7.77685e-06 -5.33664e-05 -0.000320029 -2.71053e-05 -0.0081574 -0.00133472
17.36 1.013e-05 -0.000105546 -0.000432386 -5.63934e-05 -0.0109675 -0.00263976
17.38 1.20171e-05 -0.000147216 -0.00052438 -7.9957e-05 -0.0132683 -0.00368194
17.4 1.34545e-05 -0.000178323 -0.000599583 -9.78127e-05 -0.0151491 -0.00445994
17.42 1.44874e-05 -0.000203039 -0.000661342 -0.000110595 -0.0166938 -0.00507808
17.44 1.51757e-05 -0.000224342 -0.000707008 -0.00011917 -0.0178359 -0.00561089
17.46 1.55628e-05 -0.000240493 -0.000730492 -0.000124215 -0.0184232 -0.00601482
17.48 1.56417e-05 -0.000246933 -0.000729591 -0.000126014 -0.0184007 -0.00617589
17.5 1.52447e-05 -0.000240881 -0.000706285 -0.000124382 -0.0178178 -0.00602454
17.52 1.42418e-05 -0.000224026 -0.00066235 -0.000118545 -0.016719 -0.00560299
17.54 1.26824e-05 -0.000201113 -0.000597453 -0.000107707 -0.0150959 -0.00502992
17.56 1.06113e-05 -0.00017525 -0.000510873 -9.18972e-05 -0.0129305 -0.00438307
17.58 8.11186e-06 -0.000144113 -0.000404622 -7.16038e-05 -0.0102731 -0.00360433
17.6 5.31468e-06 -0.000102389 -0.000284067 -4.71757e-05 -0.00725796 -0.0025608
17.62 2.37479e-06 -4.81794e-05 -0.000157692 -1.91527e-05 -0.00409729 -0.00120499
17.64 -5.1461e-07 1.41592e-05 -3.40522e-05 1.12063e-05 -0.001005 0.000354127
17.66 -3.16717e-06 7.73972e-05 8.24487e-05 4.18948e-05 0.00190874 0.00193574
17.68 -5.44763e-06 0.000136486 0.000191544 7.05896e-05 0.00463727 0.00341358
17.7 -7.30487e-06 0.000190035 0.000292976 9.53261e-05 0.00717412 0.00475285
17.72 -8.76804e-06 0.000238123 0.000383708 0.000115106 0.00944336 0.00595556
17.74 -9.91446e-06 0.000279903 0.000459374 0.000129982 0.0113358 0.0070005
17.76 -1.0818e-05 0.000313424 0.00051663 0.000140596 0.0127678 0.00783887
17.78 -1.1508e-05 0.000336803 0.000553965 0.00014775 0.0137016 0.00842358
17.8 -1.19623e-05 0.000349245 0.000572218 0.000152274 0.0141581 0.00873476
17.82 -1.21341e-05 0.000351026 0.000574203 0.000154853 0.0142077 0.00877929
17.84 -1.19149e-05 0.000341615 0.000559354 0.000155234 0.0138363 0.00854394
17.86 -1.12104e-05 0.000318592 0.000521456 0.000152115 0.0128885 0.00796812
17.88 -1.00431e-05 0.000281236 0.000455408 0.000144794 0.0112366 0.00703383
17.9 -8.4293e-06 0.000232017 0.000363626 0.0001338 0.00894111 0.00580283
17.92 -6.39878e-06 0.000173843 0.000254959 0.000119601 0.00622329 0.00434787
17.94 -4.04978e-06 0.000108451 0.000138198 0.000101962 0.00330305 0.00271242
17.96 -1.53501e-06 3.65922e-05 1.87359e-05 8.06791e-05 0.000315255 0.000915185
17.98 9.4148e-07 -4.01662e-05 -0.000100528 5.63665e-05 -0.00266758 -0.00100457
18 3.19779e-06 -0.000117358 -0.000217405 3.05968e-05 -0.00559074 -0.00293517
18.02 5.12892e-06 -0.000187561 -0.000328493 5.50087e-06 -0.00836909 -0.00469098
18.04 6.72643e-06 -0.000244265 -0.000428544 -1.70326e-05 -0.0108714 -0.00610918
18.06 8.05021e-06 -0.000286161 -0.00051282 -3.61482e-05 -0.0129792 -0.007157
18.08 9.1837e-06 -0.000316594 -0.000580409 -5.20954e-05 -0.0146696 -0.00791815
18.1 1.01905e-05 -0.000338786 -0.000633512 -6.55298e-05 -0.0159977 -0.00847318
18.12 1.10906e-05 -0.000352638 -0.000673217 -7.68553e-05 -0.0169908 -0.00881962
18.14 1.18588e-05 -0.000356094 -0.000697885 -8.62018e-05 -0.0176077 -0.00890607
18.16 1.24376e-05 -0.000347651 -0.000705775 -9.36866e-05 -0.0178051 -0.00869489
18.18 1.27236e-05 -0.00032617 -0.000695306 -9.90327e-05 -0.0175432 -0.00815764
18.2 1.25533e-05 -0.000291489 -0.000663665 -0.000101416 -0.0167519 -0.00729026
18.22 1.18632e-05 -0.000246913 -0.000608753 -0.000100557 -0.0153785 -0.0061754
18.24 1.0652e-05 -0.000195348 -0.000530991 -9.69011e-05 -0.0134336 -0.00488573
18.26 8.9375e-06 -0.000135518 -0.000433229 -9.03823e-05 -0.0109886 -0.00338936
18.28 6.81205e-06 -6.57572e-05 -0.000319905 -8.0026e-05 -0.00815429 -0.00164461
18.3 4.39509e-06 1.16146e-05 -0.000196575 -6.48737e-05 -0.00506977 0.000290485
18.32 1.84069e-06 9.04462e-05 -6.88741e-05 -4.4972e-05 -0.00187591 0.0022621
18.34 -7.06542e-07 0.000164383 5.90941e-05 -2.15939e-05 0.00132463 0.00411129
18.36 -3.13517e-06 0.000229358 0.000184188 3.31294e-06 0.00445328 0.00573634
18.38 -5.38133e-06 0.000283797 0.000302016 2.80445e-05 0.0074002 0.00709787
18.4 -7.4138e-06 0.000327559 0.000406722 5.17399e-05 0.0100189 0.0081924
18.42 -9.21191e-06 0.00036071 0.000493746 7.42153e-05 0.0121954 0.0090215
18.44 -1.07457e-05 0.000382758 0.00056186 9.54107e-05 0.013899 0.00957293
18.46 -1.19739e-05 0.000393328 0.000611989 0.000115157 0.0151528 0.00983729
18.48 -1.2859e-05 0.000393845 0.000644431 0.000133326 0.0159642 0.00985023
18.5 -1.33837e-05 0.000387323 0.000658103 0.000150042 0.0163061 0.0096871
18.52 -1.35222e-05 0.000373761 0.000650929 0.000165408 0.0161267 0.00934792
18.54 -1.31572e-05 0.0003471 0.000619124 0.00017825 0.0153312 0.00868111
18.56 -1.22883e-05 0.000303971 0.000561113 0.000186415 0.0138803 0.00760243
18.58 -1.09635e-05 0.000248249 0.000480091 0.000189079 0.0118539 0.00620881
18.6 -9.19694e-06 0.000185153 0.000381292 0.000186625 0.00938294 0.00463076
18.62 -7.06519e-06 0.000117681 0.00026859 0.000178799 0.00656421 0.00294324
18.64 -4.64509e-06 4.66919e-05 0.000144499 0.000164664 0.00346063 0.00116778
18.66 -2.04954e-06 -2.68151e-05 1.34009e-05 0.000143784 0.000181825 -0.000670658
18.68 6.02634e-07 -0.000100106 -0.000118366 0.000116973 -0.00311373 -0.00250369
18.7 3.19182e-06 -0.000167961 -0.000244636 8.61676e-05 -0.00627179 -0.00420077
18.72 5.61837e-06 -0.000224332 -0.000361206 5.37007e-05 -0.00918724 -0.00561063
18.74 7.80892e-06 -0.000266004 -0.000465458 2.1379e-05 -0.0117946 -0.00665286
18.76 9.72477e-06 -0.000294311 -0.000555163 -9.92903e-06 -0.0140382 -0.00736085
18.78 1.13583e-05 -0.000312578 -0.000627868 -3.98466e-05 -0.0158566 -0.00781771
18.8 1.27177e-05 -0.000322232 -0.000681503 -6.7848e-05 -0.017198 -0.00805916
18.82 1.38058e-05 -0.000321994 -0.000715752 -9.32422e-05 -0.0180546 -0.00805321
18.84 1.46134e-05 -0.000310153 -0.000732616 -0.000115632 -0.0184764 -0.00775705
18.86 1.51335e-05 -0.000285685 -0.000734534 -0.000134576 -0.0185243 -0.00714511
18.88 1.5291e-05 -0.000248861 -0.000719479 -0.000148725 -0.0181478 -0.00622411
18.9 1.49811e-05 -0.000203105 -0.000681282 -0.000156496 -0.0171925 -0.00507975
18.92 1.41883e-05 -0.000153044 -0.000615919 -0.000157389 -0.0155577 -0.0038277
18.94 1.28594e-05 -0.000100546 -0.000526152 -0.000151676 -0.0133126 -0.00251469
18.96 1.09409e-05 -4.46937e-05 -0.000419424 -0.000139272 -0.0106433 -0.00111781
18.98 8.47429e-06 1.50168e-05 -0.000302098 -0.000119668 -0.00770894 0.000375576
19 5.58391e-06 7.61545e-05 -0.000178325 -9.27975e-05 -0.00461333 0.00190466
19.02 2.48538e-06 0.000133922 -5.16762e-05 -5.96668e-05 -0.00144579 0.00334945
19.04 -5.88445e-07 0.000183601 7.36838e-05 -2.23136e-05 0.00168952 0.00459193
19.06 -3.44414e-06 0.000223077 0.000192804 1.67617e-05 0.00466876 0.00557925
19.08 -5.96354e-06 0.000253515 0.000300545 5.53673e-05 0.0073634 0.00634051
19.1 -8.10094e-06 0.000277365 0.000392872 9.20419e-05 0.00967256 0.00693702
19.12 -9.86816e-06 0.000295166 0.000467885 0.000125797 0.0115487 0.00738223
19.14 -1.13095e-05 0.000304418 0.000525445 0.000155641 0.0129882 0.00761361
19.16 -1.24728e-05 0.00030252 0.000565779 0.000180586 0.013997 0.00756614
19.18 -1.3384e-05 0.000290252 0.000588956 0.000200109 0.0145767 0.00725932
19.2 -1.40342e-05 0.000270659 0.00059496 0.000214027 0.0147268 0.0067693
19.22 -1.43356e-05 0.000245346 0.000581598 0.000221785 0.0143927 0.00613622
19.24 -1.41217e-05 0.000213807 0.000545032 0.000222616 0.0134781 0.0053474
19.26 -1.3331e-05 0.000174877 0.000484795 0.000216388 0.0119716 0.00437376
19.28 -1.19597e-05 0.000128037 0.000405364 0.000203558 0.00998497 0.00320225
19.3 -1.00459e-05 7.49326e-05 0.000313011 0.000184437 0.00767519 0.0018741
19.32 -7.73321e-06 1.95076e-05 0.000212037 0.000159047 0.00514979 0.000487894
19.34 -5.20247e-06 -3.42891e-05 0.000104857 0.000127637 0.00246916 -0.000857584
19.36 -2.64734e-06 -8.47257e-05 -5.74001e-06 9.11673e-05 -0.000296907 -0.00211903
19.38 -2.03313e-07 -0.000131504 -0.000116034 5.14725e-05 -0.00305539 -0.00328897
19.4 2.07318e-06 -0.000173074 -0.000222038 1.10334e-05 -0.00570661 -0.00432866
19.42 4.19468e-06 -0.000206074 -0.000320332 -2.76033e-05 -0.00816499 -0.005154
19.44 6.20074e-06 -0.00022793 -0.000408118 -6.23774e-05 -0.0103605 -0.00570062
19.46 8.12076e-06 -0.000238851 -0.000482924 -9.1878e-05 -0.0122315 -0.00597376
19.48 9.94613e-06 -0.000240618 -0.000542973 -0.000115232 -0.0137333 -0.00601797
19.5 1.1618e-05 -0.000234519 -0.000587701 -0.000132036 -0.014852 -0.00586541
19.52 1.30372e-05 -0.000220628 -0.000617327 -0.000142202 -0.015593 -0.00551799
19.54 1.40986e-05 -0.000198252 -0.000631675 -0.000145568 -0.0159518 -0.00495836
19.56 1.47334e-05 -0.000167347 -0.000629778 -0.000142164 -0.0159044 -0.00418541
19.58 1.48524e-05 -0.000129572 -0.000610025 -0.000132808 -0.0154103 -0.00324065
19.6 1.44098e-05 -8.73808e-05 -0.000570273 -0.000118524 -0.0144161 -0.00218543
19.62 1.34822e-05 -4.22148e-05 -0.000509939 -9.97898e-05 -0.0129071 -0.00105581
19.64 1.21218e-05 5.3209e-06 -0.000432284 -7.67056e-05 -0.0109649 0.000133078
19.66 1.03682e-05 5.35572e-05 -0.000342718 -4.94408e-05 -0.00872488 0.00133949
19.68 8.27959e-06 9.93107e-05 -0.000245567 -1.85979e-05 -0.00629507 0.0024838
19.7 5.91271e-06 0.000139634 -0.000143624 1.45329e-05 -0.00374545 0.00349229
19.72 3.34652e-06 0.000173219 -3.95279e-05 4.80659e-05 -0.00114196 0.00433227
19.74 6.69571e-07 0.000199545 6.33227e-05 8.00154e-05 0.00143038 0.0049907
19.76 -2.01739e-06 0.000217889 0.000160771 0.000108741 0.00386759 0.00544949
19.78 -4.60417e-06 0.000227879 0.000248558 0.000133003 0.0060632 0.00569935
19.8 -6.97664e-06 0.000230086 0.000323455 0.000151888 0.00793639 0.00575454
19.82 -9.03652e-06 0.000225636 0.000384124 0.000164912 0.00945374 0.00564324
19.84 -1.07213e-05 0.000215257 0.000430522 0.000171993 0.0106142 0.00538367
19.86 -1.2014e-05 0.000198653 0.000462242 0.000173149 0.0114075 0.0049684
19.88 -1.2936e-05 0.000175014 0.000478121 0.00016865 0.0118047 0.00437718
19.9 -1.35282e-05 0.000143957 0.000477286 0.000159406 0.0117838 0.00360043
19.92 -1.37727e-05 0.000106214 0.000459141 0.00014652 0.01133 0.00265646
19.94 -1.36161e-05 6.38463e-05 0.000422705 0.000130636 0.0104187 0.00159682
19.96 -1.30473e-05 1.9349e-05 0.000367776 0.000112117 0.00904487 0.000483928
19.98 -1.20191e-05 -2.53896e-05 0.000296871 9.14732e-05 0.00727153 -0.000635005
20 -1.04863e-05 -6.90424e-05 0.000214088 6.93888e-05 0.00520109 -0.00172678
20.02 -8.46589e-06 -0.000110143 0.000122447 4.66161e-05 0.0029091 -0.00275473
20.04 -6.03215e-06 -0.000146904 2.41313e-05 2.39692e-05 0.000450185 -0.00367414
20.06 -3.32742e-06 -0.000177734 -7.77242e-05 2.26741e-06 -0.00209726 -0.0044452
20.08 -5.24689e-07 -0.00020195 -0.000178564 -1.77502e-05 -0.00461931 -0.00505086
20.1 2.20509e-06 -0.000219877 -0.00027338 -3.5398e-05 -0.00699071 -0.00549921
20.12 4.7241e-06 -0.00023198 -0.000358116 -5.00182e-05 -0.00910997 -0.00580191
20.14 6.94449e-06 -0.000237936 -0.000430744 -6.10903e-05 -0.0109264 -0.00595088
20.16 8.83796e-06 -0.000236317 -0.000490807 -6.82529e-05 -0.0124286 -0.00591038
20.18 1.04285e-05 -0.00022516 -0.000537408 -7.11008e-05 -0.0135941 -0.00563135
20.2 1.17671e-05 -0.000203268 -0.000568647 -6.94485e-05 -0.0143754 -0.00508381
20.22 1.28946e-05 -0.000171065 -0.000583478 -6.39792e-05 -0.0147464 -0.00427842
20.24 1.38155e-05 -0.000130081 -0.000582649 -5.60116e-05 -0.0147257 -0.00325339
20.26 1.44579e-05 -8.23056e-05 -0.000567135 -4.66277e-05 -0.0143376 -0.0020585
20.28 1.46991e-05 -3.04286e-05 -0.000536047 -3.63325e-05 -0.0135601 -0.000761031
20.3 1.44703e-05 2.23927e-05 -0.000487799 -2.53468e-05 -0.0123534 0.000560051
20.32 1.37184e-05 7.35376e-05 -0.000423588 -1.39036e-05 -0.0107475 0.00183921
20.34 1.24149e-05 0.000121585 -0.000347212 -2.21723e-06 -0.00883726 0.00304088
20.36 1.05988e-05 0.000165522 -0.00026188 9.61845e-06 -0.00670308 0.00413977
20.38 8.35341e-06 0.000203516 -0.000169236 2.16258e-05 -0.004386 0.00509003
20.4 5.80483e-06 0.000233565 -7.10891e-05 3.3828e-05 -0.00193132 0.00584155
20.42 3.08344e-06 0.000255133 2.90301e-05 4.60433e-05 0.000572707 0.00638098
20.44 3.03989e-07 0.000269145 0.000126328 5.77764e-05 0.00300616 0.00673142
20.46 -2.44e-06 0.000276422 0.000216601 6.83976e-05 0.00526394 0.00691342
20.48 -5.06651e-06 0.00027669 0.000297453 7.74435e-05 0.00728609 0.00692013
20.5 -7.5037e-06 0.000268678 0.00036766 8.46048e-05 0.00904198 0.00671974
20.52 -9.6947e-06 0.000250951 0.000425554 8.95234e-05 0.0104899 0.00627638
20.54 -1.15971e-05 0.00022344 0.000468487 9.21517e-05 0.0115637 0.00558832
20.56 -1.3172e-05 0.000188006 0.000494083 9.31966e-05 0.0122039 0.00470212
20.58 -1.43757e-05 0.000147253 0.000501993 9.3638e-05 0.0124017 0.00368286
20.6 -1.5166e-05 0.000103255 0.000493878 9.40066e-05 0.0121988 0.00258245
20.62 -1.54428e-05 5.729e-05 0.000471091 9.43011e-05 0.0116288 0.00143285
20.64 -1.51933e-05 1.0262e-05 0.000432478 9.42238e-05 0.0106631 0.000256657
20.66 -1.44643e-05 -3.68393e-05 0.000376182 9.33501e-05 0.00925511 -0.000921367
20.68 -1.32724e-05 -8.28511e-05 0.000303654 9.12753e-05 0.00744116 -0.00207214
20.7 -1.16619e-05 -0.000126346 0.000219514 8.76727e-05 0.00533678 -0.00315996
20.72 -9.66838e-06 -0.000165463 0.000128517 8.22127e-05 0.00306091 -0.00413829
20.74 -7.35581e-06 -0.000198524 3.40017e-05 7.45764e-05 0.00069705 -0.00496517
20.76 -4.80841e-06 -0.000224961 -6.18979e-05 6.46775e-05 -0.00170144 -0.00562636
20.78 -2.12508e-06 -0.000244797 -0.000157199 5.28475e-05 -0.00408497 -0.00612249
20.8 5.99818e-07 -0.000257123 -0.00024912 3.97379e-05 -0.00638393 -0.00643076
20.82 3.27901e-06 -0.00026011 -0.000334024 2.60482e-05 -0.00850742 -0.00650545
20.84 5.83263e-06 -0.000252544 -0.000408435 1.23516e-05 -0.0103685 -0.00631624
20.86 8.18981e-06 -0.000234635 -0.000470227 -8.03972e-07 -0.0119139 -0.00586833
20.88 1.0294e-05 -0.000207803 -0.000518708 -1.28218e-05 -0.0131265 -0.00519724
20.9 1.21062e-05 -0.00017372 -0.000553823 -2.34208e-05 -0.0140047 -0.00434482
20.92 1.36065e-05 -0.000133432 -0.000575583 -3.28198e-05 -0.0145489 -0.00333719
20.94 1.47922e-05 -8.76842e-05 -0.000584093 -4.12734e-05 -0.0147618 -0.00219302
20.96 1.56691e-05 -3.78384e-05 -0.000579428 -4.8689e-05 -0.0146451 -0.000946355
20.98 1.61885e-05 1.37961e-05 -0.000561142 -5.47308e-05 -0.0141878 0.000345046
21 1.62931e-05 6.46117e-05 -0.00052748 -5.89312e-05 -0.0133459 0.00161597
21.02 1.5961e-05 0.000112558 -0.000477763 -6.06593e-05 -0.0121024 0.00281513
21.04 1.51428e-05 0.000156349 -0.000415009 -5.93058e-05 -0.0105329 0.00391035
21.06 1.38076e-05 0.000194762 -0.000343924 -5.45122e-05 -0.00875503 0.00487107
21.08 1.19755e-05 0.000225877 -0.000267709 -4.61417e-05 -0.00684885 0.00564928
21.1 9.71896e-06 0.000247577 -0.000187471 -3.42414e-05 -0.00484207 0.00619201
21.12 7.1582e-06 0.000258798 -0.000104074 -1.91755e-05 -0.00275629 0.00647265
21.14 4.42685e-06 0.000259947 -1.97611e-05 -1.69087e-06 -0.000647582 0.00650137
21.16 1.64831e-06 0.000252233 6.14512e-05 1.72768e-05 0.00138357 0.00630846
21.18 -1.07373e-06 0.000236439 0.000135064 3.67949e-05 0.00322465 0.00591343
21.2 -3.65389e-06 0.000212433 0.000198 5.58691e-05 0.00479873 0.00531304
21.22 -6.0273e-06 0.000180033 0.000249549 7.35374e-05 0.00608797 0.0045027
21.24 -8.15425e-06 0.000139845 0.000290444 8.92163e-05 0.00711078 0.00349757
21.26 -1.00195e-05 9.35128e-05 0.000321007 0.000102696 0.00787518 0.0023388
21.28 -1.16208e-05 4.34231e-05 0.00034054 0.00011386 0.00836369 0.00108603
21.3 -1.29524e-05 -7.95551e-06 0.000348126 0.000122556 0.00855343 -0.000198971
21.32 -1.3991e-05 -5.87791e-05 0.000343469 0.000128565 0.00843695 -0.00147009
21.34 -1.46695e-05 -0.000108027 0.000326989 0.000131599 0.00802478 -0.0027018
21.36 -1.4913e-05 -0.000154572 0.000299087 0.000131313 0.00732694 -0.00386591
21.38 -1.46971e-05 -0.000196219 0.000260776 0.000127368 0.00636877 -0.00490752
21.4 -1.40144e-05 -0.000230185 0.000214363 0.000119601 0.00520796 -0.00575701
21.42 -1.28839e-05 -0.000254541 0.000162271 0.000108099 0.00390511 -0.00636619
21.44 -1.13619e-05 -0.000268994 0.000105733 9.31586e-05 0.00249109 -0.00672766
21.46 -9.51829e-06 -0.000274485 4.52184e-05 7.52886e-05 0.000977583 -0.00686499
21.48 -7.4309e-06 -0.00027246 -1.79193e-05 5.52448e-05 -0.000601517 -0.00681433
21.5 -5.16836e-06 -0.000263524 -8.10696e-05 3.3997e-05 -0.00218093 -0.00659085
21.52 -2.78767e-06 -0.00024612 -0.000141271 1.28495e-05 -0.0036866 -0.00615557
21.54 -3.39932e-07 -0.000217882 -0.000196344 -6.67368e-06 -0.005064 -0.00544932
21.56 2.12028e-06 -0.000178069 -0.000245383 -2.35239e-05 -0.00629048 -0.00445359
21.58 4.53263e-06 -0.00012853 -0.000288053 -3.73948e-05 -0.00735768 -0.00321458
21.6 6.82962e-06 -7.31244e-05 -0.000323325 -4.82761e-05 -0.00823985 -0.00182887
21.62 8.93439e-06 -1.59456e-05 -0.000349193 -5.61149e-05 -0.00888682 -0.000398807
21.64 1.07618e-05 4.06005e-05 -0.000363873 -6.08209e-05 -0.00925397 0.00101544
21.66 1.22296e-05 9.62768e-05 -0.000367167 -6.23597e-05 -0.00933634 0.00240792
21.68 1.32773e-05 0.000150946 -0.000360429 -6.0782e-05 -0.00916783 0.00377523
21.7 1.38702e-05 0.000202323 -0.000345208 -5.6207e-05 -0.00878715 0.00506017
21.72 1.4016e-05 0.000246139 -0.000322261 -4.87379e-05 -0.00821323 0.00615604
21.74 1.37673e-05 0.000278662 -0.000292177 -3.84005e-05 -0.00746081 0.00696944
21.76 1.31732e-05 0.000299328 -0.00025597 -2.52622e-05 -0.00655527 0.00748632
21.78 1.22688e-05 0.000310604 -0.000214822 -9.6322e-06 -0.00552613 0.00776834
21.8 1.10843e-05 0.000315342 -0.000170294 7.85586e-06 -0.00441246 0.00788684
21.82 9.65137e-06 0.000314378 -0.000125037 2.6366e-05 -0.00328057 0.00786273
21.84 8.01989e-06 0.000306017 -8.24172e-05 4.50157e-05 -0.00221464 0.00765361
21.86 6.26093e-06 0.000287511 -4.51945e-05 6.26533e-05 -0.00128368 0.00719078
21.88 4.46452e-06 0.000257825 -1.4666e-05 7.78874e-05 -0.000520152 0.0064483
21.9 2.72384e-06 0.000218697 9.51784e-06 8.98822e-05 8.4697e-05 0.00546971
21.92 1.11329e-06 0.0001732 2.83453e-05 9.85964e-05 0.000555579 0.00433181
21.94 -3.26757e-07 0.000124165 4.17859e-05 0.000104164 0.000891734 0.00310542
21.96 -1.58828e-06 7.34983e-05 4.8443e-05 0.000106529 0.00105823 0.00183822
21.98 -2.68078e-06 2.18878e-05 4.71337e-05 0.000105583 0.00102548 0.000547422
22 -3.6144e-06 -3.09336e-05 3.84046e-05 0.000101393 0.000807167 -0.000773663
22.02 -4.38802e-06 -8.45986e-05 2.42248e-05 9.42649e-05 0.000452525 -0.00211585
22.04 -4.9905e-06 -0.00013658 6.51259e-06 8.46912e-05 9.53452e-06 -0.00341592
22.06 -5.40365e-06 -0.000182629 -1.38436e-05 7.31978e-05 -0.000499582 -0.00456762
22.08 -5.59972e-06 -0.000219211 -3.66352e-05 6.02016e-05 -0.00106961 -0.00548257
22.1 -5.54931e-06 -0.000245291 -6.15117e-05 4.60173e-05 -0.00169178 -0.00613482
22.12 -5.23621e-06 -0.00026196 -8.73529e-05 3.10299e-05 -0.00233808 -0.00655173
22.14 -4.67515e-06 -0.000271019 -0.000112059 1.58208e-05 -0.00295599 -0.00677831
22.16 -3.9218e-06 -0.000273379 -0.000133132 1.0881e-06 -0.00348302 -0.00683732
22.18 -3.06217e-06 -0.000268246 -0.000148892 -1.25335e-05 -0.00387719 -0.00670894
22.2 -2.18489e-06 -0.000253231 -0.000159292 -2.43089e-05 -0.0041373 -0.0063334
22.22 -1.35057e-06 -0.000226314 -0.000165263 -3.31553e-05 -0.00428665 -0.00566021
22.24 -5.74405e-07 -0.000188575 -0.00016753 -3.82586e-05 -0.00434335 -0.00471633
22.26 1.69975e-07 -0.000143426 -0.000165798 -3.97017e-05 -0.00430002 -0.00358714
22.28 9.24349e-07 -9.37794e-05 -0.00015866 -3.79687e-05 -0.0041215 -0.00234546
22.3 1.70975e-06 -4.06163e-05 -0.000144891 -3.33138e-05 -0.00377713 -0.00101583
22.32 2.50378e-06 1.62718e-05 -0.000124998 -2.5839e-05 -0.0032796 0.000406966
22.34 3.24327e-06 7.61286e-05 -0.000101175 -1.58339e-05 -0.00268378 0.00190401
22.36 3.84971e-06 0.000135746 -7.57402e-05 -3.92326e-06 -0.00204764 0.00339507
22.38 4.2609e-06 0.00019001 -4.99554e-05 9.02502e-06 -0.00140275 0.00475223
22.4 4.45031e-06 0.000234694 -2.42287e-05 2.2175e-05 -0.000759317 0.00586978
22.42 4.42995e-06 0.000268934 1.09997e-06 3.50344e-05 -0.000125837 0.00672615
22.44 4.24117e-06 0.000294414 2.52582e-05 4.74987e-05 0.000478369 0.00736343
22.46 3.93987e-06 0.000312515 4.70716e-05 5.95275e-05 0.00102393 0.00781613
22.48 3.57885e-06 0.000322906 6.54885e-05 7.07982e-05 0.00148455 0.00807602
22.5 3.19237e-06 0.000324945 7.99743e-05 8.07218e-05 0.00184684 0.008127
22.52 2.78996e-06 0.000319021 9.00643e-05 8.87425e-05 0.0020992 0.00797886
22.54 2.36447e-06 0.00030502 9.44351e-05 9.42724e-05 0.00220851 0.00762867
22.56 1.91044e-06 0.000281429 9.10545e-05 9.65986e-05 0.00212396 0.00703865
22.58 1.44329e-06 0.00024752 7.88999e-05 9.54695e-05 0.00181997 0.00619057
22.6 1.0021e-06 0.000204262 5.88546e-05 9.13317e-05 0.00131863 0.00510868
22.62 6.37092e-07 0.000153702 3.28871e-05 8.48203e-05 0.000669172 0.00384416
22.64 3.95305e-07 9.88451e-05 2.60649e-06 7.63947e-05 -8.81587e-05 0.00247216
22.66 3.09094e-07 4.30923e-05 -3.19764e-05 6.63595e-05 -0.000953092 0.00107776
22.68 3.92387e-07 -1.11955e-05 -7.2133e-05 5.50369e-05 -0.00195743 -0.000280005
22.7 6.40773e-07 -6.31607e-05 -0.00011806 4.29185e-05 -0.00310609 -0.00157967
22.72 1.03127e-06 -0.000111864 -0.00016675 3.06658e-05 -0.00432383 -0.00279777
22.74 1.52209e-06 -0.000155249 -0.00021316 1.8886e-05 -0.00548458 -0.00388285
22.76 2.05389e-06 -0.000191276 -0.00025354 7.89612e-06 -0.00649449 -0.0047839
22.78 2.55898e-06 -0.000219481 -0.000287016 -2.24376e-06 -0.00733173 -0.0054893
22.8 2.98215e-06 -0.000240553 -0.000314374 -1.14923e-05 -0.00801596 -0.00601633
22.82 3.30224e-06 -0.000254711 -0.000335918 -1.96586e-05 -0.0085548 -0.00637042
22.84 3.53556e-06 -0.000261062 -0.000350421 -2.63927e-05 -0.00891751 -0.00652927
22.86 3.71486e-06 -0.000257967 -0.000355582 -3.11775e-05 -0.00904659 -0.00645185
22.88 3.85666e-06 -0.000243533 -0.000349173 -3.3336e-05 -0.00888632 -0.00609087
22.9 3.94075e-06 -0.000217063 -0.000330333 -3.24855e-05 -0.00841511 -0.00542883
22.92 3.91896e-06 -0.000180297 -0.000300163 -2.89733e-05 -0.00766054 -0.00450931
22.94 3.73234e-06 -0.000136267 -0.000260777 -2.34123e-05 -0.00667549 -0.0034081
22.96 3.3372e-06 -8.76516e-05 -0.000214186 -1.60837e-05 -0.00551024 -0.0021922
22.98 2.72892e-06 -3.65355e-05 -0.000162065 -7.04963e-06 -0.00420665 -0.000913769
23 1.94454e-06 1.51179e-05 -0.000105757 3.49506e-06 -0.00279837 0.000378105
23.02 1.05055e-06 6.53857e-05 -4.62276e-05 1.51173e-05 -0.00130952 0.00163532
23.04 1.1823e-07 0.000112818 1.53684e-05 2.72277e-05 0.000231021 0.00282163
23.06 -7.98984e-07 0.000156477 7.67306e-05 3.9234e-05 0.00176572 0.00391357
23.08 -1.67778e-06 0.000195301 0.00013466 5.07333e-05 0.00321455 0.00488456
23.1 -2.52132e-06 0.000227688 0.000186522 6.15556e-05 0.00451164 0.00569457
23.12 -3.34488e-06 0.000252085 0.000231239 7.15564e-05 0.00563003 0.00630476
23.14 -4.16123e-06 0.000267654 0.000268804 8.04322e-05 0.00656956 0.00669414
23.16 -4.97182e-06 0.000274268 0.00029922 8.78265e-05 0.00733027 0.00685956
23.18 -5.76112e-06 0.000272067 0.000321901 9.3534e-05 0.00789753 0.00680452
23.2 -6.49045e-06 0.00026084 0.000335301 9.73864e-05 0.00823267 0.00652371
23.22 -7.09611e-06 0.000240024 0.000336837 9.90478e-05 0.00827109 0.00600309
23.24 -7.48428e-06 0.000209804 0.000323962 9.83304e-05 0.00794907 0.00524729
23.26 -7.55409e-06 0.000172039 0.000296016 9.55086e-05 0.00725013 0.00430276
23.28 -7.25214e-06 0.000129673 0.000254808 9.09893e-05 0.0062195 0.00324318
23.3 -6.57032e-06 8.52522e-05 0.00020318 8.49387e-05 0.00492826 0.00213219
23.32 -5.55116e-06 3.99667e-05 0.000143621 7.73575e-05 0.00343867 0.000999583
23.34 -4.28754e-06 -6.04437e-06 7.75632e-05 6.83053e-05 0.00178654 -0.000151172
23.36 -2.88246e-06 -5.24773e-05 5.4403e-06 5.80051e-05 -1.7284e-05 -0.00131248
23.38 -1.41771e-06 -9.79659e-05 -7.19805e-05 4.68499e-05 -0.00195361 -0.00245017
23.4 7.17843e-08 -0.000140152 -0.000152323 3.532e-05 -0.003963 -0.00350525
23.42 1.59261e-06 -0.000176522 -0.00023172 2.38145e-05 -0.00594877 -0.00441489
23.44 3.1661e-06 -0.00020543 -0.000306166 1.25652e-05 -0.00781068 -0.00513789
23.46 4.79314e-06 -0.000226218 -0.000372602 1.74367e-06 -0.00947228 -0.00565781
23.48 6.43343e-06 -0.00023843 -0.000429235 -8.40473e-06 -0.0108887 -0.00596323
23.5 8.00835e-06 -0.000241358 -0.000475506 -1.75895e-05 -0.0120459 -0.00603647
23.52 9.42305e-06 -0.000234633 -0.000511434 -2.55956e-05 -0.0129445 -0.00586827
23.54 1.05946e-05 -0.000218774 -0.000536504 -3.22126e-05 -0.0135715 -0.00547162
23.56 1.1473e-05 -0.000194821 -0.000549294 -3.70893e-05 -0.0138914 -0.00487255
23.58 1.20477e-05 -0.000164 -0.000548437 -3.99825e-05 -0.01387 -0.00410171
23.6 1.23084e-05 -0.000127524 -0.000533525 -4.09846e-05 -0.013497 -0.00318943
23.62 1.22582e-05 -8.63606e-05 -0.00050479 -4.0199e-05 -0.0127784 -0.00215992
23.64 1.19327e-05 -4.14127e-05 -0.000462908 -3.74907e-05 -0.0117309 -0.00103575
23.66 1.13417e-05 6.06029e-06 -0.000409484 -3.2716e-05 -0.0103947 0.00015157
23.68 1.04748e-05 5.41912e-05 -0.000346472 -2.59477e-05 -0.00881876 0.00135534
23.7 9.31521e-06 0.000100933 -0.000275256 -1.74391e-05 -0.00703761 0.00252437
23.72 7.84629e-06 0.000144486 -0.000197105 -7.53021e-06 -0.00508304 0.00361365
23.74 6.07479e-06 0.000182949 -0.000114114 3.42157e-06 -0.0030074 0.00457562
23.76 4.04171e-06 0.000214278 -2.93863e-05 1.51235e-05 -0.000888312 0.00535918
23.78 1.83035e-06 0.000236982 5.32576e-05 2.73622e-05 0.00117865 0.00592701
23.8 -4.38733e-07 0.000250528 0.000129705 3.99177e-05 0.00309063 0.0062658
23.82 -2.62676e-06 0.000255006 0.000196696 5.25147e-05 0.0047661 0.00637782
23.84 -4.60857e-06 0.000250772 0.000252991 6.48635e-05 0.00617406 0.00627191
23.86 -6.30308e-06 0.00023853 0.00029882 7.66405e-05 0.00732026 0.00596575
23.88 -7.68987e-06 0.000219172 0.000334198 8.73092e-05 0.00820507 0.00548159
23.9 -8.80245e-06 0.000193462 0.00035831 9.6189e-05 0.00880813 0.00483856
23.92 -9.69783e-06 0.000162034 0.000370082 0.000102871 0.00910255 0.00405255
23.94 -1.04167e-05 0.00012536 0.000368243 0.000107276 0.00905657 0.00313532
23.96 -1.09214e-05 8.38971e-05 0.000351184 0.000109372 0.0086299 0.0020983
23.98 -1.11112e-05 3.8636e-05 0.000317886 0.000109041 0.00779712 0.000966302
24 -1.08947e-05 -8.31989e-06 0.00026973 0.000106196 0.00659271 -0.000208084
24.02 -1.01833e-05 -5.38951e-05 0.000210507 0.000100969 0.00511151 -0.00134794
24.04 -8.93983e-06 -9.53032e-05 0.000143732 9.36332e-05 0.00344145 -0.00238357
24.06 -7.21995e-06 -0.000131091 7.08454e-05 8.44036e-05 0.00161852 -0.00327864
24.08 -5.15005e-06 -0.000161122 -7.81287e-06 7.33715e-05 -0.000348751 -0.00402973
24.1 -2.89755e-06 -0.000185812 -9.09074e-05 6.05894e-05 -0.00242698 -0.00464724
24.12 -6.18854e-07 -0.000205122 -0.000174687 4.62364e-05 -0.00452234 -0.00513017
24.14 1.57004e-06 -0.000218016 -0.000253633 3.07401e-05 -0.00649682 -0.00545267
24.16 3.60178e-06 -0.000222887 -0.000323014 1.47273e-05 -0.00823207 -0.0055745
24.18 5.44684e-06 -0.000219107 -0.000380924 -1.13309e-06 -0.00968042 -0.00547996
24.2 7.09932e-06 -0.000207903 -0.000427844 -1.61794e-05 -0.0108539 -0.00519975
24.22 8.56285e-06 -0.000191219 -0.000464491 -2.96317e-05 -0.0117705 -0.00478247
24.24 9.83676e-06 -0.000169952 -0.000490449 -4.07129e-05 -0.0124197 -0.00425056
24.26 1.09024e-05 -0.000143152 -0.000504254 -4.90523e-05 -0.012765 -0.0035803
24.28 1.17168e-05 -0.000109305 -0.000504099 -5.46909e-05 -0.0127611 -0.00273376
24.3 1.21901e-05 -6.8879e-05 -0.000488375 -5.77168e-05 -0.0123678 -0.00172269
24.32 1.22132e-05 -2.5317e-05 -0.000456086 -5.80506e-05 -0.0115603 -0.000633189
24.34 1.17341e-05 1.69519e-05 -0.000408026 -5.555e-05 -0.0103582 0.000423975
24.36 1.07357e-05 5.54709e-05 -0.000347197 -5.01814e-05 -0.00883689 0.00138735
24.38 9.25076e-06 9.03925e-05 -0.000277339 -4.19564e-05 -0.00708972 0.00226076
24.4 7.38556e-06 0.000122681 -0.00020139 -3.08729e-05 -0.00519019 0.0030683
24.42 5.28643e-06 0.000152356 -0.000121476 -1.70526e-05 -0.00319151 0.00381048
24.44 3.11227e-06 0.000178148 -3.9961e-05 -8.62979e-07 -0.00115279 0.00445555
24.46 9.88057e-07 0.000198121 4.00111e-05 1.70821e-05 0.000847347 0.00495508
24.48 -1.01511e-06 0.000210572 0.000115006 3.59781e-05 0.00272299 0.0052665
24.5 -2.87588e-06 0.000215121 0.00018226 5.49166e-05 0.00440506 0.00538026
24.52 -4.59687e-06 0.000213034 0.000240097 7.3021e-05 0.00585157 0.00532808
24.54 -6.17704e-06 0.000205783 0.000287296 8.95481e-05 0.00703205 0.00514673
24.56 -7.59004e-06 0.000193419 0.000322261 0.000103833 0.00790653 0.0048375
24.58 -8.77379e-06 0.000174879 0.000342884 0.000115217 0.00842232 0.00437379
24.6 -9.63547e-06 0.000149672 0.00034729 0.000123251 0.00853251 0.00374336
24.62 -1.00586e-05 0.000119006 0.000334654 0.000127907 0.00821649 0.00297638
24.64 -9.92736e-06 8.55175e-05 0.000305474 0.000129334 0.00748669 0.00213883
24.66 -9.21897e-06 5.19591e-05 0.000261114 0.000127551 0.00637723 0.00129952
24.68 -7.98021e-06 1.96233e-05 0.000202951 0.000122457 0.00492254 0.000490787
24.7 -6.29806e-06 -1.19796e-05 0.000132311 0.000113931 0.00315582 -0.000299614
24.72 -4.3016e-06 -4.34782e-05 5.12982e-05 0.00010193 0.00112964 -0.00108741
24.74 -2.11386e-06 -7.39882e-05 -3.67714e-05 8.66412e-05 -0.00107302 -0.00185047
24.76 1.5982e-07 -0.000101407 -0.000127993 6.85475e-05 -0.00335451 -0.00253623
24.78 2.44682e-06 -0.000124031 -0.000218654 4.83532e-05 -0.00562198 -0.00310207
24.8 4.69722e-06 -0.00014139 -0.000305327 2.68896e-05 -0.0077897 -0.00353623
24.82 6.87022e-06 -0.000153614 -0.000384797 5.09013e-06 -0.00977727 -0.00384196
24.84 8.9177e-06 -0.000160632 -0.000454528 -1.60295e-05 -0.0115213 -0.00401747
24.86 1.07764e-05 -0.000162097 -0.000512951 -3.54795e-05 -0.0129825 -0.0040541
24.88 1.23696e-05 -0.000157867 -0.000558774 -5.24604e-05 -0.0141285 -0.00394831
24.9 1.36192e-05 -0.000148246 -0.000590331 -6.64417e-05 -0.0149178 -0.0037077
24.92 1.44604e-05 -0.000133805 -0.000605994 -7.70443e-05 -0.0153095 -0.00334651
24.94 1.48526e-05 -0.000115185 -0.000604955 -8.3909e-05 -0.0152835 -0.00288082
24.96 1.47336e-05 -9.30114e-05 -0.000586922 -8.68158e-05 -0.0148325 -0.00232625
24.98 1.40799e-05 -6.79572e-05 -0.000551842 -8.57451e-05 -0.0139551 -0.00169964
25 1.29611e-05 -4.08527e-05 -0.000500275 -8.07308e-05 -0.0126654 -0.00102174
25.02 1.14318e-05 -1.26099e-05 -0.000433403 -7.18326e-05 -0.0109929 -0.000315378
25.04 9.53338e-06 1.58873e-05 -0.000352674 -5.91714e-05 -0.00897388 0.000397348
25.06 7.30832e-06 4.38285e-05 -0.000260093 -4.29719e-05 -0.00665837 0.00109617
25.08 4.7908e-06 7.03929e-05 -0.000159141 -2.36827e-05 -0.00413353 0.00176056
25.1 2.03456e-06 9.45808e-05 -5.43332e-05 -2.03441e-06 -0.00151224 0.00236551
25.12 -8.81036e-07 0.000115231 5.03173e-05 2.10347e-05 0.00110511 0.00288198
25.14 -3.84429e-06 0.000131275 0.000151834 4.45194e-05 0.00364409 0.00328325
25.16 -6.72261e-06 0.000142196 0.000247607 6.74579e-05 0.0060394 0.00355639
25.18 -9.38347e-06 0.000148206 0.000334857 8.89895e-05 0.00822157 0.00370669
25.2 -1.1719e-05 0.000149884 0.000410713 0.000108382 0.0101187 0.00374865
25.22 -1.36592e-05 0.00014766 0.00047253 0.000125042 0.0116648 0.00369305
25.24 -1.51718e-05 0.000141482 0.000518389 0.000138519 0.0128118 0.00353851
25.26 -1.6253e-05 0.000130889 0.000547611 0.00014846 0.0135426 0.0032736
25.28 -1.69149e-05 0.000115605 0.000560662 0.000154583 0.013869 0.00289132
25.3 -1.71682e-05 9.62681e-05 0.000557896 0.000156781 0.0137999 0.00240771
25.32 -1.6917e-05 7.43976e-05 0.000536831 0.000155169 0.013273 0.00186071
25.34 -1.61146e-05 5.15708e-05 0.00049328 0.000149836 0.0121838 0.00128981
25.36 -1.47425e-05 2.85198e-05 0.000426268 0.000140847 0.0105078 0.000713292
25.38 -1.27404e-05 5.21529e-06 0.000339803 0.000128517 0.00834527 0.000130437
25.4 -1.01173e-05 -1.78899e-05 0.000239511 0.000113248 0.00583691 -0.000447434
25.42 -6.93554e-06 -3.92276e-05 0.000129128 9.52942e-05 0.0030762 -0.0009811
25.44 -3.35123e-06 -5.70254e-05 1.12683e-05 7.49621e-05 0.000128477 -0.00142623
25.46 4.2613e-07 -7.05243e-05 -0.000110745 5.28144e-05 -0.00292313 -0.00176384
25.48 4.17468e-06 -8.00499e-05 -0.000232217 2.96449e-05 -0.00596119 -0.00200208
25.5 7.70522e-06 -8.62614e-05 -0.000347535 6.374e-06 -0.00884534 -0.00215743
25.52 1.08766e-05 -8.94582e-05 -0.000451334 -1.60299e-05 -0.0114414 -0.00223739
25.54 1.36025e-05 -8.9453e-05 -0.000540015 -3.66539e-05 -0.0136593 -0.00223726
25.56 1.58499e-05 -8.58252e-05 -0.000612406 -5.47293e-05 -0.0154699 -0.00214652
25.58 1.76294e-05 -7.82599e-05 -0.000668663 -6.96528e-05 -0.0168769 -0.00195731
25.6 1.89727e-05 -6.68451e-05 -0.00070867 -8.101e-05 -0.0178775 -0.00167182
25.62 1.99085e-05 -5.21521e-05 -0.000731725 -8.86619e-05 -0.0184541 -0.00130435
25.64 2.04437e-05 -3.5219e-05 -0.00073753 -9.27857e-05 -0.0185993 -0.000880841
25.66 2.04965e-05 -1.71936e-05 -0.000725154 -9.37068e-05 -0.0182898 -0.00043002
25.68 1.99114e-05 9.44354e-07 -0.000691314 -9.15918e-05 -0.0174434 2.36187e-05
25.7 1.86483e-05 1.85693e-05 -0.000633552 -8.63818e-05 -0.0159987 0.000464426
25.72 1.66945e-05 3.56119e-05 -0.000553901 -7.80052e-05 -0.0140066 0.000890669
25.74 1.40551e-05 5.20354e-05 -0.000457836 -6.64352e-05 -0.011604 0.00130143
25.76 1.08346e-05 6.72869e-05 -0.000350173 -5.1613e-05 -0.00891133 0.00168287
25.78 7.18876e-06 8.04943e-05 -0.00023374 -3.3546e-05 -0.00599929 0.0020132
25.8 3.33091e-06 9.11256e-05 -0.000111365 -1.25252e-05 -0.00293863 0.00227909
25.82 -5.30881e-07 9.92022e-05 1.30289e-05 1.07417e-05 0.000172506 0.00248109
25.84 -4.22569e-06 0.000104929 0.000134446 3.51623e-05 0.0032092 0.00262433
25.86 -7.63444e-06 0.000108534 0.000247436 5.94484e-05 0.00603512 0.00271448
25.88 -1.06756e-05 0.000110077 0.00034717 8.23867e-05 0.00852952 0.00275308
25.9 -1.32951e-05 0.000109241 0.000430933 0.000103021 0.0106245 0.00273216
25.92 -1.54606e-05 0.000105544 0.000498351 0.000120669 0.0123106 0.00263969
25.94 -1.71573e-05 9.87338e-05 0.000549791 0.000134908 0.0135972 0.00246937
25.96 -1.83847e-05 8.8902e-05 0.000584892 0.000145624 0.014475 0.00222348
25.98 -1.91521e-05 7.6333e-05 0.000603066 0.000153003 0.0149296 0.00190912
26 -1.94744e-05 6.15032e-05 0.000604663 0.000157344 0.0149695 0.00153822
26.02 -1.92667e-05 4.5165e-05 0.000588529 0.000158808 0.014566 0.00112959
26.04 -1.84306e-05 2.82019e-05 0.000550599 0.000157265 0.0136174 0.000705342
26.06 -1.69909e-05 1.10029e-05 0.000487638 0.000152379 0.0120427 0.000275187
26.08 -1.49331e-05 -6.6661e-06 0.000402006 0.000143857 0.00990098 -0.000166722
26.1 -1.22493e-05 -2.45346e-05 0.000300717 0.00013151 0.00736771 -0.00061362
26.12 -9.01234e-06 -4.10806e-05 0.000189945 0.000115276 0.00459725 -0.00102744
26.14 -5.35738e-06 -5.45602e-05 7.33165e-05 9.53675e-05 0.00168032 -0.00136457
26.16 -1.49619e-06 -6.4376e-05 -4.67996e-05 7.24154e-05 -0.00132383 -0.00161007
26.18 2.34491e-06 -7.11566e-05 -0.000167857 4.74495e-05 -0.00435152 -0.00177966
26.2 5.96796e-06 -7.59181e-05 -0.000285594 2.17763e-05 -0.00729617 -0.00189874
26.22 9.22927e-06 -7.91622e-05 -0.000393414 -3.22037e-06 -0.00999281 -0.00197988
26.24 1.20355e-05 -8.03689e-05 -0.000484863 -2.63287e-05 -0.01228 -0.00201006
26.26 1.43371e-05 -7.83141e-05 -0.000557368 -4.66598e-05 -0.0140934 -0.00195867
26.28 1.61195e-05 -7.23897e-05 -0.00061259 -6.36284e-05 -0.0154745 -0.0018105
26.3 1.73975e-05 -6.35503e-05 -0.000653001 -7.69101e-05 -0.0164852 -0.00158942
26.32 1.82076e-05 -5.36171e-05 -0.000678932 -8.64673e-05 -0.0171337 -0.00134099
26.34 1.85931e-05 -4.37775e-05 -0.000688826 -9.24951e-05 -0.0173812 -0.00109489
26.36 1.85332e-05 -3.39165e-05 -0.0006803 -9.52135e-05 -0.0171679 -0.000848266
26.38 1.79106e-05 -2.33059e-05 -0.000649772 -9.46215e-05 -0.0164044 -0.00058289
26.4 1.66847e-05 -1.1721e-05 -0.000595509 -9.04839e-05 -0.0150473 -0.000293147
26.42 1.48329e-05 2.63254e-07 -0.000520435 -8.25924e-05 -0.0131696 6.5841e-06
26.44 1.2341e-05 1.16429e-05 -0.000430367 -7.08632e-05 -0.010917 0.000291194
26.46 9.29811e-06 2.17691e-05 -0.000330179 -5.52293e-05 -0.00841127 0.000544455
26.48 5.85439e-06 3.10943e-05 -0.000222406 -3.57035e-05 -0.00571583 0.000777682
26.5 2.22881e-06 4.07101e-05 -0.000109462 -1.26292e-05 -0.00289106 0.00101818
26.52 -1.35614e-06 5.1054e-05 5.06957e-06 1.31293e-05 -2.65629e-05 0.00127688
26.54 -4.71595e-06 6.12563e-05 0.000116327 4.02104e-05 0.00275602 0.00153204
26.56 -7.73112e-06 6.97886e-05 0.00021894 6.69965e-05 0.00532242 0.00174544
26.58 -1.03385e-05 7.55277e-05 0.000308475 9.19605e-05 0.00756175 0.00188898
26.6 -1.25162e-05 7.82449e-05 0.000382893 0.000113915 0.00942295 0.00195694
26.62 -1.42648e-05 7.8461e-05 0.000442307 0.000132052 0.0109089 0.00196234
26.64 -1.55923e-05 7.69193e-05 0.000487104 0.000145905 0.0120293 0.00192378
26.66 -1.65027e-05 7.39798e-05 0.000516636 0.000155376 0.0127679 0.00185026
26.68 -1.69893e-05 6.93356e-05 0.000529772 0.00016072 0.0130965 0.00173411
26.7 -1.70126e-05 6.2484e-05 0.000525154 0.000162335 0.012981 0.00156275
26.72 -1.64403e-05 5.3646e-05 0.000499723 0.00016046 0.0123449 0.00134171
26.74 -1.52285e-05 4.3911e-05 0.000451238 0.000155116 0.0111323 0.00109823
26.76 -1.33879e-05 3.42064e-05 0.000381328 0.00014626 0.00938382 0.000855516
26.78 -1.09266e-05 2.45575e-05 0.000294614 0.000133805 0.00721507 0.000614194
26.8 -7.93696e-06 1.45051e-05 0.000195654 0.000117582 0.00474004 0.000362779
26.82 -4.5478e-06 3.93486e-06 8.72542e-05 9.7525e-05 0.00202891 9.84125e-05
26.84 -9.39782e-07 -6.55506e-06 -2.78544e-05 7.39791e-05 -0.000850006 -0.000163945
26.86 2.70393e-06 -1.59281e-05 -0.000145922 4.78676e-05 -0.00380291 -0.000398369
26.88 6.22116e-06 -2.33613e-05 -0.000262058 2.06016e-05 -0.00670753 -0.000584277
26.9 9.48618e-06 -2.8836e-05 -0.000370884 -6.20369e-06 -0.00942931 -0.0007212
26.92 1.24003e-05 -3.29424e-05 -0.00046759 -3.10592e-05 -0.011848 -0.000823902
26.94 1.4887e-05 -3.60018e-05 -0.000549178 -5.28114e-05 -0.0138885 -0.00090042
26.96 1.68912e-05 -3.76339e-05 -0.000614672 -7.06771e-05 -0.0155266 -0.00094124
26.98 1.83815e-05 -3.73731e-05 -0.00066394 -8.42345e-05 -0.0167588 -0.000934717
27 1.93495e-05 -3.53781e-05 -0.00069655 -9.34598e-05 -0.0175744 -0.00088482
27.02 1.98057e-05 -3.21913e-05 -0.00071189 -9.86873e-05 -0.017958 -0.000805117
27.04 1.97613e-05 -2.8043e-05 -0.000709767 -0.000100364 -0.0179049 -0.000701368
27.06 1.91236e-05 -2.26879e-05 -0.000688553 -9.87329e-05 -0.0173743 -0.000567434
27.08 1.78992e-05 -1.5961e-05 -0.000645609 -9.37348e-05 -0.0163003 -0.00039919
27.1 1.61415e-05 -8.06987e-06 -0.00058087 -8.52104e-05 -0.0146812 -0.000201831
27.12 1.38583e-05 4.83633e-07 -0.000498733 -7.30843e-05 -0.0126269 1.20959e-05
27.14 1.11196e-05 8.98687e-06 -0.00040506 -5.73059e-05 -0.0102841 0.000224765
27.16 8.00537e-06 1.70397e-05 -0.00030316 -3.78709e-05 -0.00773552 0.00042617
27.18 4.65082e-06 2.49968e-05 -0.000195117 -1.50733e-05 -0.00503331 0.00062518
27.2 1.2132e-06 3.35015e-05 -8.40224e-05 1.02795e-05 -0.00225479 0.000837885
27.22 -2.14811e-06 4.2442e-05 2.58406e-05 3.68654e-05 0.000492927 0.00106149
27.24 -5.30001e-06 5.07143e-05 0.000129839 6.30618e-05 0.00309396 0.00126839
27.26 -8.13509e-06 5.72945e-05 0.000223683 8.72998e-05 0.00544106 0.00143296
27.28 -1.0573e-05 6.21826e-05 0.000304474 0.000108381 0.00746166 0.00155521
27.3 -1.25642e-05 6.59719e-05 0.000371278 0.000125554 0.00913247 0.00164998
27.32 -1.40922e-05 6.87462e-05 0.000424137 0.00013841 0.0104545 0.00171937
27.34 -1.51651e-05 6.9766e-05 0.000462529 0.000146832 0.0114147 0.00174488
27.36 -1.58022e-05 6.81819e-05 0.000485216 0.000151048 0.0119821 0.00170526
27.38 -1.60217e-05 6.38557e-05 0.000491397 0.000151563 0.0121367 0.00159706
27.4 -1.5784e-05 5.75764e-05 0.000480462 0.000148859 0.0118632 0.00144001
27.42 -1.50146e-05 5.05664e-05 0.000450736 0.000143142 0.0111197 0.00126469
27.44 -1.37176e-05 4.35209e-05 0.000401174 0.00013442 0.00988016 0.00108847
27.46 -1.18978e-05 3.60997e-05 0.000333433 0.000122695 0.00818594 0.000902868
27.48 -9.5677e-06 2.76706e-05 0.00025141 0.000107994 0.00613451 0.000692053
27.5 -6.8035e-06 1.83101e-05 0.000159041 9.03647e-05 0.00382433 0.000457942
27.52 -3.71901e-06 8.79052e-06 5.94421e-05 7.00363e-05 0.00133331 0.000219855
27.54 -4.75788e-07 -2.12454e-07 -4.40813e-05 4.75923e-05 -0.00125585 -5.31356e-06
27.56 2.755e-06 -8.59083e-06 -0.000147771 2.40199e-05 -0.00384918 -0.00021486
27.58 5.81716e-06 -1.64778e-05 -0.00024758 6.16604e-07 -0.00634543 -0.000412116
27.6 8.5895e-06 -2.37046e-05 -0.000339494 -2.12317e-05 -0.00864424 -0.000592861
27.62 1.09879e-05 -2.9696e-05 -0.000420102 -4.0324e-05 -0.0106603 -0.00074271
27.64 1.29649e-05 -3.3842e-05 -0.000487321 -5.58147e-05 -0.0123415 -0.000846403
27.66 1.45038e-05 -3.58764e-05 -0.000540348 -6.72278e-05 -0.0136677 -0.000897284
27.68 1.56078e-05 -3.59855e-05 -0.000578788 -7.44306e-05 -0.0146291 -0.000900012
27.7 1.62877e-05 -3.45909e-05 -0.000602061 -7.76414e-05 -0.0152112 -0.000865133
27.72 1.65514e-05 -3.19542e-05 -0.000609691 -7.73573e-05 -0.015402 -0.000799188
27.74 1.63686e-05 -2.80551e-05 -0.00060119 -7.41169e-05 -0.0151894 -0.000701669
27.76 1.56746e-05 -2.29213e-05 -0.000575202 -6.82743e-05 -0.0145394 -0.000573272
27.78 1.44749e-05 -1.68789e-05 -0.000530929 -6.00171e-05 -0.0134321 -0.000422149
27.8 1.27908e-05 -1.029e-05 -0.000469935 -4.94713e-05 -0.0119066 -0.000257357
27.82 1.06481e-05 -3.22156e-06 -0.000395693 -3.66682e-05 -0.0100498 -8.05726e-05
27.84 8.12531e-06 4.52428e-06 -0.000311739 -2.15505e-05 -0.00795007 0.000113154
27.86 5.32609e-06 1.30472e-05 -0.000220883 -4.16009e-06 -0.00567774 0.000326317
27.88 2.38865e-06 2.20309e-05 -0.000126075 1.51447e-05 -0.00330655 0.000551003
27.9 -5.45568e-07 3.08652e-05 -3.06595e-05 3.55953e-05 -0.000920165 0.00077195
27.92 -3.34936e-06 3.90065e-05 6.1781e-05 5.60819e-05 0.00139181 0.000975568
27.94 -5.92336e-06 4.61681e-05 0.000147732 7.53684e-05 0.00354148 0.00115468
27.96 -8.19434e-06 5.22368e-05 0.00022418 9.23568e-05 0.00545347 0.00130646
27.98 -1.01132e-05 5.70887e-05 0.000289134 0.000106245 0.00707799 0.00142781
28 -1.16504e-05 6.05186e-05 0.000341566 0.000116548 0.00838935 0.00151359
28.02 -1.27908e-05 6.2337e-05 0.000380743 0.000123097 0.00936919 0.00155907
28.04 -1.35267e-05 6.25032e-05 0.000405812 0.000126081 0.00999617 0.00156323
28.06 -1.38536e-05 6.11442e-05 0.000416105 0.00012598 0.0102536 0.00152924
28.08 -1.37543e-05 5.84507e-05 0.000411322 0.000123331 0.010134 0.00146188
28.1 -1.31755e-05 5.4576e-05 0.00039057 0.000118488 0.00961497 0.00136497
28.12 -1.21235e-05 4.95938e-05 0.000353147 0.000111611 0.008679 0.00124036
28.14 -1.06312e-05 4.35096e-05 0.000300062 0.000102779 0.00735131 0.00108819
28.16 -8.72844e-06 3.63968e-05 0.000234075 9.19921e-05 0.00570095 0.000910299
28.18 -6.48558e-06 2.84913e-05 0.000158459 7.91822e-05 0.00380976 0.00071258
28.2 -3.98731e-06 2.01184e-05 7.59904e-05 6.43629e-05 0.00174719 0.00050317
28.22 -1.34506e-06 1.15979e-05 -1.05653e-05 4.78049e-05 -0.0004176 0.000290067
28.24 1.32467e-06 3.21798e-06 -9.82182e-05 3.01171e-05 -0.00260983 8.04831e-05
28.26 3.91142e-06 -4.73622e-06 -0.000183785 1.221e-05 -0.0047499 -0.000118455
28.28 6.32228e-06 -1.1959e-05 -0.000264081 -4.8544e-06 -0.00675814 -0.000299099
28.3 8.48181e-06 -1.81317e-05 -0.000336215 -2.00851e-05 -0.00856224 -0.000453482
28.32 1.03326e-05 -2.29761e-05 -0.000398066 -3.2736e-05 -0.0101091 -0.000574641
28.34 1.18345e-05 -2.63222e-05 -0.0004484 -4.23537e-05 -0.011368 -0.000658329
28.36 1.29626e-05 -2.8108e-05 -0.000486463 -4.87637e-05 -0.01232 -0.000702992
28.38 1.37032e-05 -2.83154e-05 -0.000511524 -5.2075e-05 -0.0129468 -0.000708181
28.4 1.40491e-05 -2.69734e-05 -0.000522785 -5.26461e-05 -0.0132284 -0.000674615
28.42 1.39871e-05 -2.42143e-05 -0.000519523 -5.09243e-05 -0.0131468 -0.000605609
28.44 1.34702e-05 -2.02787e-05 -0.000500653 -4.72417e-05 -0.0126749 -0.000507178
28.46 1.24954e-05 -1.54233e-05 -0.000465599 -4.176e-05 -0.0117982 -0.000385744
28.48 1.1085e-05 -9.80202e-06 -0.000415458 -3.45397e-05 -0.0105441 -0.000245153
28.5 9.26118e-06 -3.50333e-06 -0.000352777 -2.55595e-05 -0.00897646 -8.76197e-05
28.52 7.08667e-06 3.3272e-06 -0.000280417 -1.47316e-05 -0.0071667 8.32147e-05
28.54 4.64323e-06 1.04655e-05 -0.000200774 -2.01681e-06 -0.00517479 0.000261746
28.56 2.03958e-06 1.76739e-05 -0.000116339 1.24244e-05 -0.00306304 0.000442032
28.58 -6.09725e-07 2.47516e-05 -3.00471e-05 2.81465e-05 -0.000904849 0.000619049
28.6 -3.19557e-06 3.15066e-05 5.48119e-05 4.44286e-05 0.00121751 0.000787993
28.62 -5.62426e-06 3.76606e-05 0.000135321 6.03799e-05 0.00323108 0.000941908
28.64 -7.81477e-06 4.28695e-05 0.000208395 7.51161e-05 0.00505869 0.00107218
