0.02 5.2696e-12 -3.31254e-11 -1.23779e-09 1.60799e-11 -3.09576e-08 -8.2848e-10
0.04 4.35085e-11 1.92809e-11 -1.69701e-08 1.74387e-10 -4.2443e-07 4.82223e-10
0.06 1.31544e-10 2.41247e-09 -8.4795e-08 7.93175e-10 -2.12076e-06 6.03369e-08
0.08 6.33639e-11 1.60022e-08 -2.31346e-07 2.14691e-09 -5.78606e-06 4.00222e-07
0.1 -8.52161e-10 6.26233e-08 -3.97663e-07 4.26419e-09 -9.94572e-06 1.56623e-06
0.12 -3.63046e-09 1.81792e-07 -4.49327e-07 7.26272e-09 -1.12379e-05 4.54668e-06
0.14 -9.01838e-09 4.09206e-07 -3.13335e-07 1.05301e-08 -7.83665e-06 1.02344e-05
0.16 -1.73113e-08 7.15196e-07 -7.83593e-08 9.5098e-09 -1.9598e-06 1.78873e-05
0.18 -2.89196e-08 9.68032e-07 8.47355e-08 -5.66894e-09 2.11927e-06 2.42109e-05
0.2 -4.45967e-08 1.00179e-06 8.70142e-08 -4.50252e-08 2.17626e-06 2.50552e-05
0.22 -6.44512e-08 7.56547e-07 -2.79542e-08 -1.1071e-07 -6.99146e-07 1.89215e-05
0.24 -8.67974e-08 3.60915e-07 -1.80044e-07 -1.94624e-07 -4.50298e-06 9.02664e-06
0.26 -1.08676e-07 4.78517e-08 -3.48481e-07 -2.83796e-07 -8.71565e-06 1.19679e-06
0.28 -1.28027e-07 -5.09721e-08 -5.54082e-07 -3.66865e-07 -1.38578e-05 -1.27483e-06
0.3 -1.4518e-07 -8.40966e-09 -7.70932e-07 -4.35359e-07 -1.92813e-05 -2.10329e-07
0.32 -1.61751e-07 4.42824e-08 -8.87183e-07 -4.81935e-07 -2.21888e-05 1.10752e-06
0.34 -1.78278e-07 1.18143e-07 -7.74079e-07 -5.01658e-07 -1.936e-05 2.9548e-06
0.36 -1.93596e-07 3.24579e-07 -4.09147e-07 -4.96242e-07 -1.02329e-05 8.11784e-06
0.38 -2.06387e-07 6.61638e-07 6.08096e-08 -4.76112e-07 1.52087e-06 1.65478e-05
0.4 -2.16416e-07 9.62908e-07 3.87211e-07 -4.59125e-07 9.68431e-06 2.40827e-05
0.42 -2.2422e-07 1.05969e-06 3.7244e-07 -4.67872e-07 9.31488e-06 2.65032e-05
0.44 -2.30639e-07 8.80074e-07 -9.3867e-09 -5.23032e-07 -2.34765e-07 2.2011e-05
0.46 -2.36828e-07 4.00522e-07 -5.87413e-07 -6.29869e-07 -1.46914e-05 1.00172e-05
0.48 -2.43232e-07 -3.21006e-07 -1.05051e-06 -7.66008e-07 -2.62736e-05 -8.0285e-06
0.5 -2.47499e-07 -9.86571e-07 -1.09885e-06 -8.86111e-07 -2.74827e-05 -2.46746e-05
0.52 -2.44438e-07 -1.1081e-06 -6.92908e-07 -9.47866e-07 -1.73299e-05 -2.77139e-05
0.54 -2.30176e-07 -4.36676e-07 -1.9585e-07 -9.43268e-07 -4.89829e-06 -1.09215e-05
0.56 -2.07451e-07 6.20135e-07 -1.35577e-07 -9.09848e-07 -3.39083e-06 1.55098e-05
0.58 -1.85862e-07 1.14273e-06 -7.02157e-07 -9.05988e-07 -1.75612e-05 2.85801e-05
0.6 -1.7464e-07 4.63229e-07 -1.50089e-06 -9.61155e-07 -3.75379e-05 1.15855e-05
0.62 -1.73399e-07 -1.08796e-06 -1.88143e-06 -1.042e-06 -4.70552e-05 -2.72103e-05
0.64 -1.70578e-07 -2.31134e-06 -1.55006e-06 -1.07097e-06 -3.87677e-05 -5.78075e-05
0.66 -1.53051e-07 -2.23231e-06 -8.62465e-07 -9.82751e-07 -2.15706e-05 -5.58311e-05
0.68 -1.18126e-07 -1.05075e-06 -5.00512e-07 -7.64737e-07 -1.2518e-05 -2.62798e-05
0.7 -7.53913e-08 1.74148e-07 -8.22749e-07 -4.5298e-07 -2.05773e-05 4.35551e-06
0.72 -3.73874e-08 6.96809e-07 -1.49257e-06 -1.00192e-07 -3.73298e-05 1.74275e-05
0.74 -1.02518e-08 6.75372e-07 -1.75269e-06 2.58195e-07 -4.38356e-05 1.68913e-05
0.76 7.52209e-09 6.65352e-07 -1.12732e-06 6.23743e-07 -2.81948e-05 1.66407e-05
0.78 2.12606e-08 9.25946e-07 7.9474e-08 1.02684e-06 1.98768e-06 2.31583e-05
0.8 3.65458e-08 1.34251e-06 9.64137e-07 1.49161e-06 2.41135e-05 3.35767e-05
0.82 5.58602e-08 1.68757e-06 7.73439e-07 2.00493e-06 1.9344e-05 4.22068e-05
0.84 7.55911e-08 1.75677e-06 -3.7387e-07 2.5239e-06 -9.35065e-06 4.39376e-05
0.86 8.8013e-08 1.51968e-06 -1.43626e-06 3.01441e-06 -3.59214e-05 3.80078e-05
0.88 8.91295e-08 1.34824e-06 -1.27303e-06 3.47534e-06 -3.1839e-05 3.37201e-05
0.9 8.37212e-08 1.83054e-06 2.41051e-07 3.91951e-06 6.02879e-06 4.57827e-05
0.92 7.98488e-08 3.04382e-06 1.90469e-06 4.33478e-06 4.7637e-05 7.61273e-05
0.94 7.8356e-08 4.14353e-06 2.19214e-06 4.6704e-06 5.48264e-05 0.000103632
0.96 7.03596e-08 4.01998e-06 7.08725e-07 4.86481e-06 1.77255e-05 0.000100541
0.98 4.63512e-08 2.44915e-06 -1.3501e-06 4.88912e-06 -3.37667e-05 6.12542e-05
1 6.55196e-09 4.064e-07 -2.14413e-06 4.76702e-06 -5.36256e-05 1.01642e-05
1.02 -3.81932e-08 -9.41876e-07 -2.90212e-07 4.55819e-06 -7.25833e-06 -2.35567e-05
1.04 -7.06033e-08 -1.39275e-06 4.41419e-06 4.33455e-06 0.000110401 -3.48333e-05
1.06 -6.53635e-08 -1.40069e-06 9.40632e-06 4.16213e-06 0.000235256 -3.50318e-05
1.08 6.21376e-09 -9.51248e-07 9.31691e-06 4.03393e-06 0.00023302 -2.37911e-05
1.1 1.43856e-07 2.47973e-07 1.43704e-06 3.77797e-06 3.59411e-05 6.20191e-06
1.12 2.88198e-07 1.66414e-06 -9.005e-06 3.13354e-06 -0.000225219 4.16208e-05
1.14 3.538e-07 2.07471e-06 -1.27809e-05 2.02075e-06 -0.000319654 5.18893e-05
1.16 3.09795e-07 8.58774e-07 -6.29052e-06 6.76737e-07 -0.000157328 2.14783e-05
1.18 2.14278e-07 -1.22878e-06 4.32981e-06 -5.31694e-07 0.00010829 -3.07322e-05
1.2 1.57557e-07 -2.64932e-06 9.15953e-06 -1.37798e-06 0.000229084 -6.62606e-05
1.22 1.75357e-07 -2.59935e-06 4.64219e-06 -1.89295e-06 0.000116103 -6.50109e-05
1.24 2.23202e-07 -1.75497e-06 -3.0147e-06 -2.33321e-06 -7.53989e-05 -4.38924e-05
1.26 2.35653e-07 -1.16266e-06 -5.51203e-06 -3.00438e-06 -0.000137858 -2.90787e-05
1.28 1.98781e-07 -9.70121e-07 -2.06249e-06 -4.00355e-06 -5.15837e-05 -2.42631e-05
1.3 1.4982e-07 -9.38523e-07 7.79569e-07 -5.13518e-06 1.94973e-05 -2.34729e-05
1.32 1.15414e-07 -1.43891e-06 -1.98473e-06 -6.07203e-06 -4.96388e-05 -3.59877e-05
1.34 7.79754e-08 -2.78244e-06 -7.80755e-06 -6.52017e-06 -0.00019527 -6.95899e-05
1.36 7.10059e-09 -4.03954e-06 -9.94093e-06 -6.29024e-06 -0.000248627 -0.00010103
1.38 -9.78917e-08 -3.9462e-06 -4.32426e-06 -5.37345e-06 -0.000108151 -9.86961e-05
1.4 -2.01009e-07 -2.8743e-06 7.30585e-06 -3.93312e-06 0.000182722 -7.18875e-05
1.42 -2.43099e-07 -2.19961e-06 1.75297e-05 -2.14284e-06 0.000438426 -5.50132e-05
1.44 -1.66296e-07 -1.72196e-06 1.66214e-05 -1.61341e-07 0.000415708 -4.30669e-05
1.46 3.0137e-08 1.19424e-07 1.95638e-06 1.67313e-06 4.893e-05 2.98685e-06
1.48 2.4494e-07 3.29731e-06 -1.5357e-05 2.92396e-06 -0.000384086 8.2467e-05
1.5 3.35914e-07 5.54747e-06 -1.96599e-05 3.54359e-06 -0.000491703 0.000138745
1.52 2.57907e-07 4.96715e-06 -7.92766e-06 4.05325e-06 -0.000198274 0.000124231
1.54 1.09945e-07 1.97314e-06 7.08615e-06 5.0614e-06 0.000177228 4.93491e-05
1.56 2.6336e-08 -1.13905e-06 1.19091e-05 6.76528e-06 0.000297852 -2.84881e-05
1.58 5.05222e-08 -1.70285e-06 6.23664e-06 8.90457e-06 0.000155981 -4.2589e-05
1.6 1.27764e-07 1.4625e-06 2.62342e-07 1.08725e-05 6.56129e-06 3.65778e-05
1.62 1.86066e-07 6.50212e-06 1.70261e-06 1.1882e-05 4.25831e-05 0.000162621
1.64 2.00236e-07 9.37923e-06 8.00718e-06 1.14348e-05 0.000200263 0.000234578
1.66 1.94795e-07 7.39221e-06 1.02322e-05 9.75459e-06 0.000255911 0.000184882
1.68 2.04872e-07 1.8258e-06 3.10382e-06 7.57184e-06 7.76279e-05 4.56639e-05
1.7 2.33305e-07 -3.15056e-06 -8.78305e-06 5.52629e-06 -0.000219668 -7.87969e-05
1.72 2.43325e-07 -3.95718e-06 -1.48749e-05 3.90709e-06 -0.000372027 -9.89706e-05
1.74 1.96912e-07 -3.60128e-07 -9.15667e-06 2.72876e-06 -0.000229012 -9.00695e-06
1.76 9.65451e-08 4.17686e-06 3.70142e-06 1.76143e-06 9.25741e-05 0.000104465
1.78 -1.6202e-08 5.07939e-06 1.3084e-05 6.07196e-07 0.000327236 0.000127038
1.8 -9.50118e-08 9.90906e-07 1.23854e-05 -1.02385e-06 0.000309765 2.4783e-05
1.82 -1.16177e-07 -4.31148e-06 3.73401e-06 -3.14341e-06 9.33891e-05 -0.000107832
1.84 -8.93522e-08 -5.55295e-06 -5.48837e-06 -5.60397e-06 -0.000137266 -0.000138882
1.86 -5.85353e-08 -1.79289e-06 -9.12308e-06 -8.19841e-06 -0.000228172 -4.4841e-05
1.88 -7.97436e-08 2.37477e-06 -6.24337e-06 -1.05782e-05 -0.000156149 5.93941e-05
1.9 -1.74027e-07 1.73355e-06 -7.83048e-07 -1.22727e-05 -1.95844e-05 4.33569e-05
1.92 -3.00358e-07 -4.13891e-06 2.39224e-06 -1.29422e-05 5.9831e-05 -0.000103516
1.94 -3.8562e-07 -1.04757e-05 1.7118e-06 -1.25913e-05 4.28128e-05 -0.000262002
1.96 -3.83754e-07 -1.18138e-05 -4.55928e-07 -1.15461e-05 -1.14029e-05 -0.000295468
1.98 -3.0675e-07 -6.986e-06 -1.05686e-06 -1.03013e-05 -2.64325e-05 -0.000174723
2 -2.07402e-07 -3.19393e-07 3.40151e-07 -9.32211e-06 8.50733e-06 -7.98815e-06
2.02 -1.35793e-07 2.07916e-06 1.52321e-06 -8.78357e-06 3.80961e-05 5.20008e-05
2.04 -1.0204e-07 -2.09645e-06 2.75168e-07 -8.39902e-06 6.88206e-06 -5.24331e-05
2.06 -7.17863e-08 -9.0718e-06 -3.30345e-06 -7.58166e-06 -8.26206e-05 -0.000226889
2.08 -7.98176e-10 -1.23706e-05 -6.75637e-06 -5.86777e-06 -0.00016898 -0.000309395
2.1 1.20112e-07 -8.61999e-06 -7.36008e-06 -3.23533e-06 -0.000184079 -0.000215589
2.12 2.5308e-07 -3.41923e-07 -4.60631e-06 -1.05902e-07 -0.000115206 -8.55164e-06
2.14 3.44601e-07 6.48807e-06 -7.57569e-07 2.88982e-06 -1.89471e-05 0.000162269
2.16 3.67553e-07 7.67796e-06 1.40303e-06 5.22827e-06 3.50905e-05 0.000192029
2.18 3.36934e-07 4.25408e-06 1.39631e-06 6.74309e-06 3.49223e-05 0.000106396
2.2 2.91881e-07 1.02307e-06 1.18963e-06 7.64875e-06 2.97531e-05 2.55875e-05
2.22 2.63311e-07 1.66884e-06 2.54543e-06 8.31937e-06 6.36623e-05 4.17383e-05
2.24 2.53888e-07 5.39917e-06 4.76217e-06 9.0198e-06 0.000119104 0.000135036
2.26 2.44164e-07 8.33165e-06 5.33952e-06 9.78695e-06 0.000133544 0.000208378
2.28 2.1438e-07 7.53275e-06 2.87389e-06 1.04827e-05 7.18773e-05 0.000188397
2.3 1.60941e-07 3.57778e-06 -9.48023e-07 1.09328e-05 -2.37105e-05 8.94817e-05
2.32 9.89302e-08 -1.19914e-07 -2.74826e-06 1.10544e-05 -6.87352e-05 -2.99909e-06
2.34 5.25026e-08 -2.45671e-07 -8.86388e-07 1.08836e-05 -2.21689e-05 -6.14434e-06
2.36 3.61022e-08 3.48134e-06 3.12077e-06 1.04942e-05 7.80519e-05 8.70697e-05
2.38 4.02303e-08 7.85943e-06 6.47877e-06 9.91739e-06 0.000162037 0.000196568
2.4 4.18311e-08 8.97453e-06 7.42711e-06 9.16073e-06 0.000185755 0.000224457
2.42 3.25394e-08 5.7653e-06 5.82559e-06 8.26525e-06 0.0001457 0.000144193
2.44 2.97157e-08 8.7978e-07 2.8108e-06 7.28432e-06 7.02993e-05 2.20037e-05
2.46 5.53939e-08 -1.97175e-06 2.20836e-07 6.21694e-06 5.5232e-06 -4.93144e-05
2.48 1.10604e-07 -1.34617e-06 -6.14498e-07 5.00344e-06 -1.53689e-05 -3.36682e-05
2.5 1.74454e-07 1.1278e-06 -8.16465e-08 3.56892e-06 -2.04201e-06 2.82068e-05
2.52 2.22289e-07 2.61302e-06 4.07383e-08 1.85273e-06 1.01888e-06 6.53527e-05
2.54 2.39539e-07 1.40787e-06 -1.46026e-06 -1.36611e-07 -3.65217e-05 3.52115e-05
2.56 2.24109e-07 -1.91041e-06 -3.55461e-06 -2.24876e-06 -8.89022e-05 -4.77801e-05
2.58 1.85839e-07 -5.07227e-06 -3.72564e-06 -4.23457e-06 -9.31797e-05 -0.00012686
2.6 1.44926e-07 -6.09682e-06 -1.01548e-06 -5.91001e-06 -2.53976e-05 -0.000152484
2.62 1.22172e-07 -5.11294e-06 2.05542e-06 -7.26399e-06 5.14068e-05 -0.000127877
2.64 1.22925e-07 -4.21254e-06 1.84981e-06 -8.42528e-06 4.62645e-05 -0.000105357
2.66 1.31738e-07 -5.3743e-06 -1.99413e-06 -9.5423e-06 -4.9874e-05 -0.000134414
2.68 1.29935e-07 -8.3733e-06 -5.90311e-06 -1.06264e-05 -0.000147639 -0.00020942
2.7 1.20697e-07 -1.05425e-05 -6.59497e-06 -1.1472e-05 -0.000164943 -0.000263672
2.72 1.27964e-07 -8.94976e-06 -4.6801e-06 -1.17941e-05 -0.000117051 -0.000223837
2.74 1.6111e-07 -3.50342e-06 -3.24671e-06 -1.14692e-05 -8.12016e-05 -8.76221e-05
2.76 1.86608e-07 2.16212e-06 -3.85362e-06 -1.05951e-05 -9.63807e-05 5.40755e-05
2.78 1.51137e-07 3.74682e-06 -4.9596e-06 -9.33693e-06 -0.000124042 9.37095e-05
2.8 3.88558e-08 6.70717e-07 -4.1586e-06 -7.7839e-06 -0.000104008 1.67749e-05
2.82 -1.04151e-07 -3.22741e-06 -1.4537e-06 -5.93232e-06 -3.63577e-05 -8.07189e-05
2.84 -2.11892e-07 -3.87205e-06 1.6434e-07 -3.74779e-06 4.1102e-06 -9.68415e-05
2.86 -2.6222e-07 -1.05654e-06 -1.97094e-06 -1.24388e-06 -4.9294e-05 -2.64244e-05
2.88 -2.92343e-07 2.38993e-06 -6.37595e-06 1.48937e-06 -0.000159465 5.97732e-05
2.9 -3.53416e-07 4.65546e-06 -8.0014e-06 4.35919e-06 -0.000200118 0.000116435
2.92 -4.58314e-07 6.68905e-06 -3.26081e-06 7.35175e-06 -8.15543e-05 0.000167296
2.94 -5.75108e-07 9.94116e-06 5.96151e-06 1.04757e-05 0.0001491 0.000248633
2.96 -6.62049e-07 1.37081e-05 1.34467e-05 1.36159e-05 0.000336306 0.000342844
2.98 -7.02804e-07 1.54372e-05 1.35701e-05 1.64754e-05 0.000339393 0.000386091
3 -7.14425e-07 1.32843e-05 5.94832e-06 1.86625e-05 0.00014877 0.000332246
3.02 -7.29159e-07 8.08289e-06 -3.66009e-06 1.98708e-05 -9.15403e-05 0.000202156
3.04 -7.64623e-07 3.04997e-06 -7.58224e-06 2.00686e-05 -0.000189635 7.62811e-05
3.06 -8.03643e-07 1.44854e-06 -2.93475e-06 1.95368e-05 -7.33992e-05 3.62286e-05
3.08 -8.05313e-07 3.83367e-06 5.43878e-06 1.86382e-05 0.000136026 9.58816e-05
3.1 -7.4345e-07 7.37946e-06 9.47934e-06 1.75125e-05 0.000237082 0.000184563
3.12 -6.34508e-07 8.55194e-06 5.73402e-06 1.6011e-05 0.00014341 0.000213888
3.14 -5.24063e-07 6.73078e-06 -1.50528e-06 1.38597e-05 -3.76477e-05 0.00016834
3.16 -4.48743e-07 4.42355e-06 -4.72299e-06 1.08121e-05 -0.000118124 0.000110635
3.18 -4.13801e-07 3.48834e-06 -6.28742e-07 6.75106e-06 -1.57251e-05 8.72448e-05
3.2 -3.97136e-07 2.41285e-06 6.56084e-06 1.8115e-06 0.000164089 6.03465e-05
3.22 -3.63211e-07 -1.35593e-06 9.09448e-06 -3.60246e-06 0.000227457 -3.39125e-05
3.24 -2.81639e-07 -7.29119e-06 3.40273e-06 -9.02794e-06 8.51036e-05 -0.000182356
3.26 -1.51443e-07 -1.18758e-05 -6.10561e-06 -1.41681e-05 -0.000152704 -0.000297019
3.28 -8.28489e-09 -1.27298e-05 -1.14936e-05 -1.88796e-05 -0.00028746 -0.000318377
3.3 1.06124e-07 -1.10334e-05 -9.28555e-06 -2.30389e-05 -0.000232236 -0.00027595
3.32 1.83874e-07 -9.60991e-06 -3.259e-06 -2.65177e-05 -8.15089e-05 -0.000240348
3.34 2.51287e-07 -9.85844e-06 2.36576e-07 -2.92228e-05 5.91686e-06 -0.000246564
3.36 3.31781e-07 -1.10088e-05 -1.62536e-06 -3.10802e-05 -4.0651e-05 -0.000275334
3.38 4.18231e-07 -1.17005e-05 -6.72374e-06 -3.20238e-05 -0.000168163 -0.000292635
3.4 4.80717e-07 -1.17418e-05 -1.09597e-05 -3.20198e-05 -0.000274108 -0.000293666
3.42 4.94514e-07 -1.20766e-05 -1.15878e-05 -3.10135e-05 -0.000289817 -0.000302041
3.44 4.63975e-07 -1.30113e-05 -8.52721e-06 -2.88376e-05 -0.000213269 -0.000325418
3.46 4.25238e-07 -1.30866e-05 -3.85562e-06 -2.52829e-05 -9.64308e-05 -0.000327302
3.48 4.20531e-07 -1.03871e-05 -2.5264e-07 -2.03176e-05 -6.31864e-06 -0.000259785
3.5 4.61657e-07 -4.77679e-06 7.87327e-07 -1.42096e-05 1.96914e-05 -0.000119469
3.52 5.18215e-07 1.66808e-06 -2.55563e-07 -7.43775e-06 -6.39174e-06 4.17193e-05
3.54 5.42643e-07 6.31526e-06 -1.64644e-06 -4.93589e-07 -4.11782e-05 0.000157947
3.56 5.0593e-07 7.8404e-06 -1.65316e-06 6.30202e-06 -4.13461e-05 0.000196092
3.58 4.15118e-07 6.99642e-06 6.74241e-07 1.28774e-05 1.6863e-05 0.000174983
3.6 3.07864e-07 6.17776e-06 5.04488e-06 1.93145e-05 0.000126175 0.000154508
3.62 2.30538e-07 7.75872e-06 9.52768e-06 2.56154e-05 0.000238291 0.000194049
3.64 2.07109e-07 1.18067e-05 1.11393e-05 3.15191e-05 0.000278598 0.00029529
3.66 2.18362e-07 1.54154e-05 8.2086e-06 3.65465e-05 0.000205301 0.000385545
3.68 2.16939e-07 1.53713e-05 2.7095e-06 4.02485e-05 6.77658e-05 0.000384442
3.7 1.7333e-07 1.19809e-05 -7.27994e-07 4.24323e-05 -1.82074e-05 0.000299647
3.72 1.06346e-07 9.40691e-06 9.20436e-07 4.31743e-05 2.30205e-05 0.000235271
3.74 6.01001e-08 1.13675e-05 6.21782e-06 4.26419e-05 0.00015551 0.000284307
3.76 5.19173e-08 1.69153e-05 1.11159e-05 4.09139e-05 0.000278013 0.000423059
3.78 5.33643e-08 2.11874e-05 1.27893e-05 3.79376e-05 0.000319865 0.000529905
3.8 2.45267e-08 2.00632e-05 1.10918e-05 3.36077e-05 0.000277409 0.000501788
3.82 -4.36833e-08 1.35748e-05 7.50122e-06 2.78821e-05 0.000187609 0.000339511
3.84 -1.2487e-07 5.29588e-06 3.85781e-06 2.08822e-05 9.64856e-05 0.000132452
3.86 -1.8382e-07 -6.91049e-07 1.36342e-06 1.29256e-05 3.40997e-05 -1.72834e-05
3.88 -2.03363e-07 -2.63067e-06 -3.09849e-07 4.43054e-06 -7.74945e-06 -6.57942e-05
3.9 -1.96787e-07 -2.26088e-06 -2.45619e-06 -4.23536e-06 -6.14304e-05 -5.65455e-05
3.92 -2.00621e-07 -3.4366e-06 -5.24831e-06 -1.27718e-05 -0.000131262 -8.59508e-05
3.94 -2.42901e-07 -8.64053e-06 -6.98433e-06 -2.08116e-05 -0.000174681 -0.000216103
3.96 -3.06648e-07 -1.63474e-05 -6.22176e-06 -2.78768e-05 -0.000155609 -0.000408855
3.98 -3.31139e-07 -2.21937e-05 -4.06302e-06 -3.35514e-05 -0.000101618 -0.000555075
4 -2.61522e-07 -2.29355e-05 -3.46705e-06 -3.76719e-05 -8.67124e-05 -0.000573625
4.02 -1.00146e-07 -1.9244e-05 -6.47195e-06 -4.03284e-05 -0.000161866 -0.0004813
4.04 9.1363e-08 -1.48642e-05 -1.2387e-05 -4.17122e-05 -0.000309803 -0.00037176
4.06 2.37947e-07 -1.30376e-05 -1.82474e-05 -4.19275e-05 -0.000456376 -0.000326076
4.08 3.0016e-07 -1.34818e-05 -2.08059e-05 -4.08593e-05 -0.000520365 -0.000337184
4.1 2.85936e-07 -1.30523e-05 -1.8717e-05 -3.82139e-05 -0.00046812 -0.000326443
4.12 2.22906e-07 -9.52272e-06 -1.33136e-05 -3.37574e-05 -0.000332978 -0.000238167
4.14 1.26286e-07 -3.95905e-06 -7.19051e-06 -2.75592e-05 -0.000179838 -9.90174e-05
4.16 -3.92315e-09 1.06528e-06 -2.13752e-06 -2.00296e-05 -5.34604e-05 2.66432e-05
4.18 -1.63937e-07 4.37188e-06 1.3231e-06 -1.17704e-05 3.30912e-05 0.000109343
4.2 -3.38687e-07 6.21966e-06 3.04438e-06 -3.3742e-06 7.61413e-05 0.000155556
4.22 -5.12458e-07 6.67575e-06 3.00678e-06 4.75936e-06 7.52007e-05 0.000166963
4.24 -6.73095e-07 5.81853e-06 1.87541e-06 1.25306e-05 4.69047e-05 0.000145524
4.26 -8.03402e-07 5.07813e-06 7.93923e-07 2.00657e-05 1.98564e-05 0.000127006
4.28 -8.83554e-07 6.47994e-06 5.60182e-07 2.7481e-05 1.40104e-05 0.000162066
4.3 -9.09792e-07 1.04272e-05 1.72192e-06 3.46852e-05 4.30659e-05 0.000260788
4.32 -8.99592e-07 1.53452e-05 4.97059e-06 4.13539e-05 0.000124317 0.00038379
4.34 -8.69802e-07 1.92933e-05 1.01635e-05 4.70037e-05 0.000254194 0.000482534
4.36 -8.16257e-07 2.12134e-05 1.52077e-05 5.10879e-05 0.000380351 0.000530557
4.38 -7.20269e-07 2.1385e-05 1.72235e-05 5.31264e-05 0.000430767 0.000534848
4.4 -5.71776e-07 2.14763e-05 1.50417e-05 5.28292e-05 0.0003762 0.00053713
4.42 -3.88534e-07 2.33071e-05 9.9776e-06 5.0113e-05 0.000249544 0.000582921
4.44 -2.21873e-07 2.6636e-05 4.30532e-06 4.50257e-05 0.000107678 0.000666176
4.46 -1.42702e-07 2.84831e-05 -2.92772e-07 3.77139e-05 -7.32235e-06 0.000712374
4.48 -2.07589e-07 2.52773e-05 -2.67043e-06 2.84866e-05 -6.67885e-05 0.000632197
4.5 -4.21752e-07 1.59956e-05 -1.74114e-06 1.78561e-05 -4.35465e-05 0.000400056
4.52 -7.23874e-07 3.43041e-06 2.52576e-06 6.43587e-06 6.31702e-05 8.57959e-05
4.54 -1.00868e-06 -7.50527e-06 7.73298e-06 -5.24714e-06 0.000193405 -0.00018771
4.56 -1.18247e-06 -1.31122e-05 1.0231e-05 -1.68898e-05 0.00025588 -0.000327942
4.58 -1.21761e-06 -1.35506e-05 8.4528e-06 -2.8417e-05 0.000211408 -0.000338906
4.6 -1.15939e-06 -1.28269e-05 4.39181e-06 -3.98133e-05 0.000109841 -0.000320807
4.62 -1.07281e-06 -1.55648e-05 1.1195e-06 -5.08389e-05 2.79992e-05 -0.000389281
4.64 -9.76991e-07 -2.29215e-05 -9.12923e-07 -6.08799e-05 -2.28326e-05 -0.000573276
4.66 -8.34597e-07 -3.18301e-05 -4.37991e-06 -6.91255e-05 -0.000109543 -0.000796085
4.68 -6.06791e-07 -3.84679e-05 -1.12826e-05 -7.49227e-05 -0.000282181 -0.000962098
4.7 -3.07899e-07 -4.17079e-05 -1.89638e-05 -7.79886e-05 -0.000474293 -0.00104313
4.72 8.01319e-09 -4.2881e-05 -2.14064e-05 -7.83745e-05 -0.000535382 -0.00107247
4.74 3.12127e-07 -4.33391e-05 -1.55021e-05 -7.62849e-05 -0.000387713 -0.00108393
4.76 6.38286e-07 -4.2998e-05 -5.188e-06 -7.19043e-05 -0.000129754 -0.0010754
4.78 1.05047e-06 -4.04284e-05 1.92612e-06 -6.5355e-05 4.81731e-05 -0.00101113
4.8 1.57602e-06 -3.38561e-05 1.95654e-06 -5.68086e-05 4.89339e-05 -0.000846755
4.82 2.16709e-06 -2.29744e-05 -1.97912e-06 -4.66142e-05 -4.94987e-05 -0.000574598
4.84 2.72137e-06 -1.03578e-05 -3.78208e-06 -3.52839e-05 -9.45915e-05 -0.000259053
4.86 3.1441e-06 -4.52799e-07 -8.67095e-07 -2.33368e-05 -2.16864e-05 -1.13247e-05
4.88 3.40002e-06 3.27682e-06 3.80281e-06 -1.11454e-05 9.51099e-05 8.19547e-05
4.9 3.51515e-06 2.78244e-07 5.85952e-06 1.1021e-06 0.000146549 6.959e-06
4.92 3.54395e-06 -6.95092e-06 4.91678e-06 1.33445e-05 0.000122971 -0.000173845
4.94 3.54777e-06 -1.34511e-05 5.06833e-06 2.55617e-05 0.000126761 -0.000336417
4.96 3.5924e-06 -1.34342e-05 9.95255e-06 3.76659e-05 0.000248917 -0.000335995
4.98 3.73064e-06 -3.70436e-06 1.81419e-05 4.93673e-05 0.000453736 -9.26477e-05
5 3.96169e-06 1.34202e-05 2.41602e-05 6.01132e-05 0.000604258 0.000335644
5.02 4.21034e-06 3.11368e-05 2.37261e-05 6.9203e-05 0.000593399 0.000778744
5.04 4.3596e-06 4.27701e-05 1.73933e-05 7.60294e-05 0.000435013 0.0010697
5.06 4.3139e-06 4.59465e-05 9.45676e-06 8.02821e-05 0.000236518 0.00114914
5.08 4.04177e-06 4.33591e-05 4.08944e-06 8.20039e-05 0.000102278 0.00108443
5.1 3.57108e-06 4.03125e-05 2.42615e-06 8.14739e-05 6.06791e-05 0.00100823
5.12 2.9467e-06 4.09118e-05 2.7595e-06 7.89527e-05 6.90163e-05 0.00102322
5.14 2.18489e-06 4.53428e-05 3.34551e-06 7.44498e-05 8.36726e-05 0.00113404
5.16 1.26418e-06 5.04434e-05 4.76009e-06 6.77359e-05 0.000119052 0.00126161
5.18 1.63672e-07 5.31479e-05 8.776e-06 5.86036e-05 0.000219491 0.00132925
5.2 -1.09251e-06 5.31181e-05 1.48276e-05 4.70871e-05 0.000370846 0.00132851
5.22 -2.44031e-06 5.14159e-05 1.8777e-05 3.34244e-05 0.00046962 0.00128593
5.24 -3.82732e-06 4.6713e-05 1.62493e-05 1.79182e-05 0.000406401 0.00116831
5.26 -5.2426e-06 3.40169e-05 7.00716e-06 9.72894e-07 0.000175252 0.000850777
5.28 -6.67258e-06 8.91581e-06 -4.27477e-06 -1.66908e-05 -0.000106914 0.000222988
5.3 -8.02013e-06 -2.58348e-05 -1.10723e-05 -3.39193e-05 -0.000276924 -0.000646139
5.32 -9.07864e-06 -5.86709e-05 -9.12379e-06 -4.93363e-05 -0.00022819 -0.00146738
5.34 -9.60542e-06 -7.59822e-05 4.58448e-07 -6.18661e-05 1.1466e-05 -0.00190035
5.36 -9.44346e-06 -7.21445e-05 1.06345e-05 -7.136e-05 0.000265974 -0.00180436
5.38 -8.60225e-06 -5.38878e-05 1.21292e-05 -7.88909e-05 0.000303357 -0.00134776
5.4 -7.24988e-06 -3.37339e-05 2.40478e-07 -8.60301e-05 6.01447e-06 -0.000843699
5.42 -5.63117e-06 -1.77629e-05 -2.07298e-05 -9.32059e-05 -0.000518461 -0.000444257
5.44 -3.9856e-06 -3.4061e-06 -4.06538e-05 -9.90593e-05 -0.00101677 -8.5188e-05
5.46 -2.53109e-06 8.87691e-06 -5.20677e-05 -0.000102044 -0.00130224 0.000222015
5.48 -1.45692e-06 8.44886e-06 -5.51449e-05 -0.000102305 -0.0013792 0.000211309
5.5 -8.29658e-07 -1.43107e-05 -5.44788e-05 -0.000101312 -0.00136254 -0.000357917
5.52 -4.90921e-07 -5.07445e-05 -5.25198e-05 -9.96967e-05 -0.00131354 -0.00126914
5.54 -1.29456e-07 -7.59136e-05 -4.74705e-05 -9.61133e-05 -0.00118726 -0.00189863
5.56 4.87994e-07 -7.09087e-05 -3.72258e-05 -8.86274e-05 -0.000931033 -0.00177346
5.58 1.36189e-06 -3.77398e-05 -2.34193e-05 -7.68689e-05 -0.000585727 -0.000943889
5.6 2.3112e-06 7.92034e-06 -9.84847e-06 -6.24546e-05 -0.000246314 0.000198091
5.62 3.11136e-06 5.09957e-05 2.59369e-06 -4.75019e-05 6.48694e-05 0.00127542
5.64 3.58002e-06 8.14668e-05 1.66861e-05 -3.30348e-05 0.000417326 0.00203752
5.66 3.62745e-06 9.2215e-05 3.31063e-05 -1.87231e-05 0.000828003 0.00230633
5.68 3.31088e-06 8.05563e-05 4.63163e-05 -3.73814e-06 0.00115839 0.00201475
5.7 2.83396e-06 5.27519e-05 4.93063e-05 1.24736e-05 0.00123317 0.00131935
5.72 2.44719e-06 2.31754e-05 4.21048e-05 3.01276e-05 0.00105306 0.000579625
5.74 2.32231e-06 5.97811e-06 3.33726e-05 4.91896e-05 0.000834662 0.000149515
5.76 2.50153e-06 6.28718e-06 3.29408e-05 6.89636e-05 0.000823864 0.000157245
5.78 2.93676e-06 1.85735e-05 4.33637e-05 8.76565e-05 0.00108454 0.000464532
5.8 3.56127e-06 3.28416e-05 5.83715e-05 0.000102897 0.0014599 0.000821383
5.82 4.33251e-06 4.25918e-05 6.82932e-05 0.000113077 0.00170804 0.00106524
5.84 5.21796e-06 4.75304e-05 6.69275e-05 0.000118149 0.00167389 0.00118875
5.86 6.14473e-06 4.91854e-05 5.48758e-05 0.000118872 0.00137247 0.00123015
5.88 6.9781e-06 4.55137e-05 3.77459e-05 0.000115258 0.000944039 0.00113832
5.9 7.57927e-06 3.24585e-05 2.10759e-05 0.000106132 0.000527116 0.0008118
5.92 7.89843e-06 1.11566e-05 6.47116e-06 9.04232e-05 0.000161846 0.000279032
5.94 7.99114e-06 -8.98462e-06 -7.39244e-06 6.86264e-05 -0.000184888 -0.000224709
5.96 7.92274e-06 -1.60342e-05 -2.08401e-05 4.26272e-05 -0.000521219 -0.000401021
5.98 7.65718e-06 -4.3883e-06 -3.21017e-05 1.41551e-05 -0.000802876 -0.000109753
6 7.03096e-06 2.03845e-05 -3.99343e-05 -1.63331e-05 -0.000998773 0.000509825
6.02 5.81389e-06 4.25103e-05 -4.4575e-05 -4.92433e-05 -0.00111484 0.0010632
6.04 3.82067e-06 4.21888e-05 -4.56836e-05 -8.44765e-05 -0.00114257 0.00105516
6.06 1.05882e-06 6.46047e-06 -4.28168e-05 -0.000120377 -0.00107087 0.000161579
6.08 -2.1508e-06 -5.88869e-05 -3.86483e-05 -0.000153718 -0.000966611 -0.00147279
6.1 -5.21546e-06 -0.00012539 -3.73357e-05 -0.000180571 -0.000933781 -0.00313605
6.12 -7.52709e-06 -0.000154609 -3.90663e-05 -0.000197469 -0.000977064 -0.00386684
6.14 -8.78863e-06 -0.000123922 -4.19577e-05 -0.000202359 -0.00104938 -0.00309933
6.16 -9.18152e-06 -4.6093e-05 -5.01175e-05 -0.000195062 -0.00125346 -0.0011528
6.18 -9.26641e-06 3.67142e-05 -7.13828e-05 -0.00017704 -0.00178531 0.000918238
6.2 -9.68065e-06 8.3089e-05 -0.000102235 -0.000150411 -0.00255695 0.00207809
6.22 -1.07985e-05 8.11446e-05 -0.000121198 -0.000117018 -0.00303121 0.00202946
6.24 -1.25409e-05 4.84063e-05 -0.000103413 -7.85075e-05 -0.00258641 0.00121066
6.26 -1.44094e-05 8.9594e-06 -4.32435e-05 -3.61638e-05 -0.00108154 0.000224078
6.28 -1.56434e-05 -2.05981e-05 2.95459e-05 1.04644e-05 0.000738954 -0.000515167
6.3 -1.545e-05 -3.00601e-05 5.2655e-05 6.28008e-05 0.00131692 -0.000751816
6.32 -1.33692e-05 -1.48732e-05 -2.51884e-05 0.000120334 -0.000629973 -0.000371984
6.34 -9.64536e-06 2.38318e-05 -0.000180131 0.000181021 -0.00450514 0.000596043
6.36 -5.18613e-06 8.34276e-05 -0.000320163 0.000244192 -0.00800742 0.00208656
6.38 -9.92226e-07 0.000159378 -0.000365633 0.000310132 -0.00914463 0.00398611
6.4 2.38541e-06 0.000232782 -0.000328969 0.000374799 -0.00822766 0.00582197
6.42 4.84174e-06 0.000269613 -0.000292001 0.000428064 -0.00730308 0.00674312
6.44 6.34893e-06 0.000248333 -0.000283839 0.000460915 -0.00709892 0.00621091
6.46 6.79858e-06 0.000178098 -0.000250265 0.000469758 -0.00625923 0.00445432
6.48 6.35115e-06 9.06277e-05 -0.000151792 0.000453156 -0.00379639 0.00226664
6.5 5.78113e-06 4.17486e-07 -3.32661e-05 0.000412316 -0.000832 1.04415e-05
6.52 6.10726e-06 -8.63587e-05 1.1017e-05 0.000356053 0.00027554 -0.00215987
6.54 7.82378e-06 -0.000149576 -7.13987e-05 0.000299326 -0.00178571 -0.00374096
6.56 1.0519e-05 -0.000178275 -0.000230912 0.0002548 -0.0057752 -0.00445874
6.58 1.31778e-05 -0.000167415 -0.000355371 0.000226538 -0.00888799 -0.00418713
6.6 1.48602e-05 -0.000119756 -0.000369991 0.000208448 -0.00925362 -0.00299516
6.62 1.51299e-05 -5.91999e-05 -0.000290085 0.000186758 -0.00725516 -0.00148061
6.64 1.39852e-05 -2.75798e-05 -0.000184257 0.00014691 -0.00460835 -0.000689781
6.66 1.16448e-05 -5.34116e-05 -0.000103087 8.18815e-05 -0.00257825 -0.00133585
6.68 8.50955e-06 -0.000123095 -4.51129e-05 -4.27343e-06 -0.00112829 -0.00307865
6.7 5.14888e-06 -0.000196427 1.89967e-05 -0.000100366 0.000475115 -0.00491273
6.72 2.12151e-06 -0.000245432 0.000101022 -0.000194638 0.0025266 -0.00613836
6.74 -1.87271e-07 -0.000268296 0.000179097 -0.000278085 0.0044793 -0.0067102
6.76 -1.56327e-06 -0.000272331 0.000221314 -0.000344256 0.00553516 -0.00681112
6.78 -1.94888e-06 -0.000257559 0.000215231 -0.000388316 0.00538301 -0.00644165
6.8 -1.54392e-06 -0.000219568 0.000170101 -0.000407818 0.00425429 -0.00549148
6.82 -8.26141e-07 -0.00016144 0.000101075 -0.000405911 0.00252793 -0.00403769
6.84 -3.75818e-07 -9.61068e-05 2.71759e-05 -0.000392247 0.00067968 -0.00240367
6.86 -6.34205e-07 -3.62528e-05 -2.40428e-05 -0.00037639 -0.000601319 -0.000906699
6.88 -1.78319e-06 1.29303e-05 -3.09771e-05 -0.000360747 -0.000774749 0.000323392
6.9 -3.77706e-06 4.84558e-05 5.31659e-06 -0.000343673 0.00013297 0.0012119
6.92 -6.27655e-06 6.50755e-05 6.67659e-05 -0.000326774 0.00166984 0.00162756
6.94 -8.71697e-06 6.30353e-05 0.000125879 -0.000313615 0.00314829 0.00157654
6.96 -1.06428e-05 5.50611e-05 0.000156375 -0.000303143 0.00391101 0.0013771
6.98 -1.18786e-05 4.82699e-05 0.000151112 -0.000288912 0.00377938 0.00120725
7 -1.24878e-05 3.55635e-05 0.000124719 -0.000262704 0.00311928 0.000889457
7.02 -1.25961e-05 1.48052e-05 9.80821e-05 -0.000217192 0.00245307 0.000370284
7.04 -1.21631e-05 -1.5666e-06 8.01147e-05 -0.0001492 0.0020037 -3.91813e-05
7.06 -1.09784e-05 7.42567e-06 6.54969e-05 -6.18739e-05 0.00163811 0.000185719
7.08 -8.91599e-06 5.53494e-05 4.58942e-05 3.7445e-05 0.00114783 0.00138431
7.1 -6.16501e-06 0.000134612 1.94369e-05 0.000139216 0.000486124 0.00336671
7.12 -3.19534e-06 0.000217032 -9.68207e-06 0.000231173 -0.000242153 0.00542806
7.14 -5.22429e-07 0.000270917 -3.63678e-05 0.000300308 -0.000909574 0.00677574
7.16 1.51832e-06 0.000281623 -5.77375e-05 0.000338697 -0.00144404 0.0070435
7.18 2.84152e-06 0.000256208 -7.25568e-05 0.000347427 -0.00181468 0.00640787
7.2 3.49809e-06 0.000209191 -7.85612e-05 0.000334274 -0.00196485 0.00523195
7.22 3.55037e-06 0.000147834 -6.9898e-05 0.000308336 -0.00174818 0.0036974
7.24 3.11918e-06 7.47952e-05 -3.92171e-05 0.000277902 -0.000980836 0.00187066
7.26 2.50767e-06 -1.41179e-06 1.1697e-05 0.00025054 0.000292547 -3.53095e-05
7.28 2.21272e-06 -6.45121e-05 6.21265e-05 0.000230922 0.00155381 -0.00161347
7.3 2.73587e-06 -9.97595e-05 8.23375e-05 0.000218694 0.00205929 -0.00249503
7.32 4.29237e-06 -0.000100488 5.89703e-05 0.000210146 0.00147487 -0.00251324
7.34 6.67222e-06 -6.74261e-05 6.09492e-06 0.000200806 0.000152437 -0.00168635
7.36 9.34691e-06 -9.47067e-06 -4.98203e-05 0.000185048 -0.00124603 -0.000236865
7.38 1.16654e-05 5.31163e-05 -9.00033e-05 0.000154822 -0.00225102 0.00132846
7.4 1.30208e-05 9.09446e-05 -0.000108573 0.000102225 -0.00271545 0.00227456
7.42 1.3034e-05 8.21093e-05 -0.000106295 2.58658e-05 -0.00265847 0.00205359
7.44 1.17215e-05 2.97845e-05 -8.58675e-05 -6.52518e-05 -0.00214758 0.000744924
7.46 9.46337e-06 -4.13499e-05 -5.24005e-05 -0.000155556 -0.00131056 -0.00103418
7.48 6.75537e-06 -0.000106607 -1.34325e-05 -0.000231308 -0.000335953 -0.00266629
7.5 3.99688e-06 -0.000154445 2.41352e-05 -0.000285711 0.000603631 -0.00386272
7.52 1.47673e-06 -0.000181208 5.58396e-05 -0.000317843 0.00139657 -0.00453208
7.54 -5.67426e-07 -0.000183032 7.72534e-05 -0.000329232 0.00193214 -0.00457771
7.56 -1.97648e-06 -0.000158188 7.96389e-05 -0.000322345 0.0019918 -0.00395634
7.58 -2.75924e-06 -0.00011373 5.06679e-05 -0.000301233 0.00126722 -0.00284444
7.6 -3.13847e-06 -6.41336e-05 -1.15685e-05 -0.000271491 -0.000289333 -0.00160401
7.62 -3.49857e-06 -2.14199e-05 -8.20939e-05 -0.000238006 -0.0020532 -0.000535722
7.64 -4.22392e-06 1.15735e-05 -0.000118046 -0.000203015 -0.00295239 0.000289459
7.66 -5.48165e-06 3.61262e-05 -9.55849e-05 -0.000167501 -0.00239062 0.000903531
7.68 -7.11719e-06 4.86104e-05 -3.39894e-05 -0.000133829 -0.00085009 0.00121577
7.7 -8.77949e-06 4.10519e-05 2.42635e-05 -0.000104718 0.00060684 0.00102672
7.72 -1.01315e-05 1.01461e-05 5.27069e-05 -7.88696e-05 0.00131822 0.000253758
7.74 -1.09042e-05 -3.3319e-05 5.56268e-05 -4.86976e-05 0.00139125 -0.000833323
7.76 -1.08327e-05 -6.32893e-05 5.07153e-05 -4.23952e-06 0.00126841 -0.00158289
7.78 -9.71189e-06 -5.47872e-05 4.64053e-05 5.88541e-05 0.00116061 -0.00137025
7.8 -7.57341e-06 -5.36208e-06 3.69554e-05 0.000134581 0.00092427 -0.000134108
7.82 -4.75711e-06 6.40418e-05 1.36836e-05 0.000209584 0.000342232 0.00160171
7.84 -1.776e-06 0.000128157 -2.33165e-05 0.000270359 -0.000583154 0.00320526
7.86 8.78364e-07 0.000171576 -6.33087e-05 0.000308369 -0.00158338 0.00429119
7.88 2.8386e-06 0.000187165 -9.17893e-05 0.000320819 -0.00229569 0.00468107
7.9 3.91175e-06 0.000171508 -9.77514e-05 0.000309259 -0.0024448 0.00428948
7.92 4.1457e-06 0.000127832 -7.46924e-05 0.000278569 -0.00186809 0.00319713
7.94 3.8542e-06 6.94761e-05 -2.21918e-05 0.000236372 -0.000555026 0.00173763
7.96 3.53222e-06 1.40536e-05 4.39404e-05 0.000191347 0.00109897 0.000351485
7.98 3.67485e-06 -2.74852e-05 8.9036e-05 0.000150336 0.00222683 -0.000687416
8 4.55675e-06 -5.41097e-05 8.24141e-05 0.000116404 0.00206121 -0.00135331
8.02 6.08693e-06 -6.77479e-05 2.68194e-05 8.94409e-05 0.000670763 -0.0016944
8.04 7.87401e-06 -6.63549e-05 -4.16185e-05 6.7876e-05 -0.0010409 -0.00165956
8.06 9.46722e-06 -4.60442e-05 -8.52762e-05 4.89356e-05 -0.00213279 -0.00115158
8.08 1.05419e-05 -1.09946e-05 -9.36334e-05 2.75863e-05 -0.00234181 -0.00027498
8.1 1.08969e-05 2.13861e-05 -8.15252e-05 -2.63982e-06 -0.00203898 0.000534875
8.12 1.04112e-05 3.04473e-05 -6.63214e-05 -4.54785e-05 -0.00165872 0.0007615
8.14 9.10444e-06 9.84189e-06 -5.14302e-05 -9.79066e-05 -0.00128629 0.00024615
8.16 7.19139e-06 -2.72739e-05 -2.98381e-05 -0.000151058 -0.000746263 -0.000682131
8.18 4.99423e-06 -6.23753e-05 1.3313e-06 -0.000195784 3.32964e-05 -0.00156003
8.2 2.79836e-06 -8.78095e-05 3.25496e-05 -0.000227301 0.000814079 -0.00219615
8.22 7.88672e-07 -0.000107023 4.80308e-05 -0.000244983 0.00120127 -0.0026767
8.24 -9.3536e-07 -0.000123037 3.90339e-05 -0.000249149 0.000976255 -0.00307721
8.26 -2.33686e-06 -0.000131642 1.01592e-05 -0.000239224 0.000254085 -0.00329241
8.28 -3.43319e-06 -0.000125025 -2.55684e-05 -0.000214891 -0.000639477 -0.00312693
8.3 -4.291e-06 -9.87692e-05 -5.35756e-05 -0.000178313 -0.00133995 -0.00247026
8.32 -5.01189e-06 -5.55055e-05 -6.17823e-05 -0.000134885 -0.0015452 -0.00138822
8.34 -5.69075e-06 -4.3636e-06 -4.70707e-05 -9.20588e-05 -0.00117726 -0.000109135
8.36 -6.36355e-06 4.26299e-05 -2.02002e-05 -5.72459e-05 -0.000505216 0.00106619
8.38 -7.00683e-06 7.55069e-05 1.55187e-06 -3.57014e-05 3.8813e-05 0.00188846
8.4 -7.60031e-06 9.01001e-05 8.70828e-06 -2.88521e-05 0.000217798 0.00225344
8.42 -8.1726e-06 8.63926e-05 4.45515e-06 -3.35649e-05 0.000111425 0.00216072
8.44 -8.75636e-06 6.4087e-05 -2.90005e-06 -4.20747e-05 -7.25315e-05 0.00160284
8.46 -9.2779e-06 2.65925e-05 -7.34955e-06 -4.26356e-05 -0.000183815 0.00066509
8.48 -9.50648e-06 -1.00623e-05 -6.02622e-06 -2.35813e-05 -0.000150718 -0.000251664
8.5 -9.14978e-06 -2.22626e-05 7.51904e-07 1.87961e-05 1.88054e-05 -0.000556796
8.52 -8.04158e-06 1.04609e-06 7.82483e-06 7.53779e-05 0.000195702 2.61632e-05
8.54 -6.27184e-06 4.79908e-05 7.86135e-06 0.000128933 0.000196616 0.00120027
8.56 -4.1332e-06 9.65496e-05 -1.55082e-06 0.000164673 -3.87867e-05 0.00241475
8.58 -1.94374e-06 0.000132159 -1.55227e-05 0.000176775 -0.000388229 0.00330535
8.6 6.59482e-08 0.000150788 -2.70638e-05 0.00016721 -0.000676877 0.00377128
8.62 1.74567e-06 0.000151756 -3.13116e-05 0.000141746 -0.000783115 0.00379549
8.64 3.01013e-06 0.000134264 -2.47681e-05 0.000107922 -0.000619462 0.00335799
8.66 3.88015e-06 0.0001003 -7.45059e-06 7.431e-05 -0.000186342 0.00250855
8.68 4.5073e-06 5.67618e-05 1.20143e-05 4.84381e-05 0.000300482 0.00141964
8.7 5.10309e-06 1.2975e-05 2.07042e-05 3.39621e-05 0.00051782 0.000324511
8.72 5.81258e-06 -2.30939e-05 1.39275e-05 2.98601e-05 0.000348331 -0.000577588
8.74 6.65286e-06 -4.63906e-05 -6.06517e-07 3.23839e-05 -1.51692e-05 -0.00116025
8.76 7.56439e-06 -5.45966e-05 -1.19921e-05 3.75517e-05 -0.000299927 -0.00136548
8.78 8.48553e-06 -4.80142e-05 -1.57853e-05 4.20743e-05 -0.000394798 -0.00120086
8.8 9.35777e-06 -2.86218e-05 -1.41701e-05 4.27076e-05 -0.000354399 -0.000715844
8.82 1.00808e-05 -4.32645e-08 -1.13272e-05 3.52162e-05 -0.000283298 -1.08206e-06
8.84 1.04772e-05 2.82787e-05 -1.09485e-05 1.50066e-05 -0.000273826 0.000707262
8.86 1.03234e-05 4.082e-05 -1.44053e-05 -1.90908e-05 -0.000360282 0.00102092
8.88 9.4618e-06 2.7307e-05 -1.83962e-05 -6.13421e-05 -0.000460096 0.00068296
8.9 7.91578e-06 -7.12184e-06 -1.71899e-05 -0.000101404 -0.000429926 -0.00017812
8.92 5.89576e-06 -4.76997e-05 -9.50181e-06 -0.000130811 -0.000237644 -0.00119299
8.94 3.68762e-06 -8.27135e-05 -1.09824e-06 -0.000146478 -2.74675e-05 -0.0020687
8.96 1.53785e-06 -0.000106443 6.02157e-07 -0.000148842 1.50602e-05 -0.00266218
8.98 -3.85665e-07 -0.000114491 -6.7903e-06 -0.000139224 -0.000169828 -0.00286348
9 -2.00619e-06 -0.000103687 -1.81205e-05 -0.000120141 -0.000453201 -0.00259325
9.02 -3.35292e-06 -7.7017e-05 -2.36146e-05 -9.6706e-05 -0.000590611 -0.00192623
9.04 -4.51139e-06 -4.40904e-05 -1.8033e-05 -7.56517e-05 -0.000451013 -0.00110272
9.06 -5.51691e-06 -1.43424e-05 -8.41451e-06 -6.21003e-05 -0.00021045 -0.000358709
9.08 -6.3308e-06 8.99044e-06 -8.59526e-06 -5.7249e-05 -0.000214971 0.000224855
9.1 -6.95191e-06 2.71747e-05 -2.3804e-05 -5.87899e-05 -0.000595347 0.000679651
9.12 -7.5073e-06 3.9749e-05 -4.30488e-05 -6.28347e-05 -0.00107667 0.000994139
9.14 -8.17039e-06 4.19196e-05 -4.90921e-05 -6.52279e-05 -0.00122782 0.00104843
9.16 -8.97148e-06 2.87619e-05 -3.53555e-05 -6.13928e-05 -0.000884255 0.000719347
9.18 -9.68983e-06 3.94204e-06 -1.18906e-05 -4.58023e-05 -0.00029739 9.85922e-05
9.2 -9.93923e-06 -1.53327e-05 4.0425e-06 -1.3872e-05 0.000101105 -0.000383478
9.22 -9.41214e-06 -8.36189e-06 1.59887e-06 3.32008e-05 3.99884e-05 -0.000209134
9.24 -8.11998e-06 2.90965e-05 -1.74076e-05 8.58401e-05 -0.000435371 0.000727715
9.26 -6.42419e-06 7.74064e-05 -4.19956e-05 0.000130513 -0.00105033 0.00193597
9.28 -4.79464e-06 0.000108536 -6.0831e-05 0.000157804 -0.00152141 0.00271454
9.3 -3.49167e-06 0.000108968 -6.91557e-05 0.000166621 -0.00172961 0.00272532
9.32 -2.45449e-06 8.85533e-05 -6.81248e-05 0.000162073 -0.00170383 0.00221475
9.34 -1.46008e-06 6.92816e-05 -5.83147e-05 0.000150927 -0.00145848 0.00173276
9.36 -3.54842e-07 6.53664e-05 -3.75245e-05 0.000138861 -0.000938504 0.00163484
9.38 8.60732e-07 7.21966e-05 -9.11338e-06 0.00012968 -0.000227929 0.00180567
9.4 2.11427e-06 7.33198e-05 1.17115e-05 0.000124681 0.00029291 0.00183376
9.42 3.35967e-06 5.79861e-05 9.03494e-06 0.00012224 0.000225968 0.00145026
9.44 4.57743e-06 3.16911e-05 -1.59766e-05 0.000119007 -0.000399583 0.000792608
9.46 5.72137e-06 9.78667e-06 -4.46185e-05 0.00011223 -0.00111593 0.000244769
9.48 6.71026e-06 2.23492e-06 -5.89935e-05 0.000101042 -0.00147545 5.58963e-05
9.5 7.46882e-06 6.23276e-06 -5.67262e-05 8.59091e-05 -0.00141875 0.000155884
9.52 7.95718e-06 1.31485e-05 -4.72098e-05 6.73116e-05 -0.00118074 0.000328849
9.54 8.16421e-06 1.89464e-05 -3.88005e-05 4.46861e-05 -0.000970416 0.000473858
9.56 8.07489e-06 2.41507e-05 -3.32656e-05 1.63948e-05 -0.000831986 0.00060402
9.58 7.64157e-06 2.64022e-05 -2.93342e-05 -1.85648e-05 -0.000733662 0.000660331
9.6 6.80042e-06 1.91289e-05 -2.65225e-05 -5.83485e-05 -0.000663339 0.000478423
9.62 5.53969e-06 -1.68741e-06 -2.52401e-05 -9.81252e-05 -0.000631266 -4.22029e-05
9.64 3.95602e-06 -3.2449e-05 -2.58541e-05 -0.000132132 -0.000646622 -0.000811563
9.66 2.23047e-06 -6.45123e-05 -2.83286e-05 -0.000155705 -0.000708509 -0.00161348
9.68 5.54739e-07 -8.98974e-05 -3.1874e-05 -0.000166132 -0.000797182 -0.00224837
9.7 -9.13051e-07 -0.000103461 -3.53931e-05 -0.000163032 -0.000885195 -0.00258759
9.72 -2.05552e-06 -0.00010173 -3.887e-05 -0.000148795 -0.000972155 -0.00254431
9.74 -2.8194e-06 -8.32664e-05 -4.28391e-05 -0.000128422 -0.00107142 -0.00208253
9.76 -3.25651e-06 -5.14612e-05 -4.63617e-05 -0.000107854 -0.00115953 -0.00128706
9.78 -3.51903e-06 -1.57743e-05 -4.82229e-05 -9.14674e-05 -0.00120607 -0.000394522
9.8 -3.78583e-06 1.15826e-05 -4.95175e-05 -8.0459e-05 -0.00123845 0.000289685
9.82 -4.17789e-06 2.1821e-05 -5.14163e-05 -7.28823e-05 -0.00128594 0.000545752
9.84 -4.71387e-06 1.40628e-05 -5.05604e-05 -6.46274e-05 -0.00126454 0.000351716
9.86 -5.29281e-06 -3.68952e-06 -4.04743e-05 -5.05237e-05 -0.00101228 -9.22764e-05
9.88 -5.69969e-06 -1.7277e-05 -1.97258e-05 -2.59253e-05 -0.000493349 -0.000432105
9.9 -5.68658e-06 -1.45821e-05 2.75693e-06 1.0767e-05 6.89519e-05 -0.000364704
9.92 -5.12561e-06 5.17313e-06 1.31427e-05 5.61517e-05 0.000328703 0.000129382
9.94 -4.10194e-06 3.13996e-05 4.50615e-06 0.000102652 0.000112701 0.000785318
9.96 -2.8439e-06 5.26952e-05 -1.72108e-05 0.000141995 -0.000430449 0.00131793
9.98 -1.5685e-06 6.61125e-05 -3.8863e-05 0.000168807 -0.000971979 0.0016535
10 -3.99014e-07 7.53736e-05 -5.10207e-05 0.000182008 -0.00127605 0.00188513
10.02 6.09431e-07 8.25181e-05 -5.37035e-05 0.000183836 -0.00134315 0.00206381
10.04 1.42025e-06 8.41624e-05 -5.27345e-05 0.00017799 -0.00131891 0.00210494
10.06 2.00712e-06 7.61078e-05 -5.08672e-05 0.00016815 -0.00127221 0.00190349
10.08 2.38243e-06 5.99217e-05 -4.27973e-05 0.000157197 -0.00107038 0.00149867
10.1 2.6295e-06 4.3465e-05 -2.21348e-05 0.00014672 -0.0005536 0.00108708
10.12 2.89742e-06 3.44405e-05 5.44191e-06 0.000136712 0.000136104 0.000861371
10.14 3.32471e-06 3.39155e-05 2.15717e-05 0.000125818 0.000539518 0.000848241
10.16 3.92374e-06 3.64985e-05 1.20409e-05 0.000112254 0.000301148 0.000912844
10.18 4.537e-06 3.58733e-05 -1.85484e-05 9.46514e-05 -0.000463902 0.000897206
10.2 4.93379e-06 2.89385e-05 -5.15803e-05 7.2262e-05 -0.00129004 0.000723763
10.22 4.96347e-06 1.62878e-05 -7.10251e-05 4.50579e-05 -0.00177637 0.000407364
10.24 4.62698e-06 1.53951e-06 -7.30989e-05 1.42628e-05 -0.00182823 3.85039e-05
10.26 4.03242e-06 -1.09854e-05 -6.36467e-05 -1.76766e-05 -0.00159183 -0.00027475
10.28 3.30393e-06 -1.99882e-05 -5.11978e-05 -4.83122e-05 -0.00128048 -0.000499913
10.3 2.52156e-06 -2.78035e-05 -4.19273e-05 -7.6301e-05 -0.00104862 -0.000695376
10.32 1.72009e-06 -3.68828e-05 -3.72281e-05 -0.000101094 -0.000931089 -0.000922454
10.34 9.2034e-07 -4.68779e-05 -3.45883e-05 -0.000121835 -0.000865068 -0.00117244
10.36 1.51981e-07 -5.54568e-05 -3.1987e-05 -0.000136992 -0.000800009 -0.001387
10.38 -5.46595e-07 -6.0742e-05 -3.1501e-05 -0.000145096 -0.000787854 -0.00151918
10.4 -1.14612e-06 -6.22259e-05 -3.75633e-05 -0.000145671 -0.000939473 -0.0015563
10.42 -1.65081e-06 -5.99508e-05 -5.18616e-05 -0.000139443 -0.00129708 -0.00149939
10.44 -2.10917e-06 -5.38939e-05 -6.98733e-05 -0.000127907 -0.00174756 -0.00134791
10.46 -2.59431e-06 -4.43151e-05 -8.16523e-05 -0.000112839 -0.00204216 -0.00110834
10.48 -3.15637e-06 -3.23033e-05 -7.81854e-05 -9.60172e-05 -0.00195545 -0.000807919
10.5 -3.77335e-06 -2.02697e-05 -6.02941e-05 -7.90454e-05 -0.00150798 -0.000506954
10.52 -4.34416e-06 -1.14019e-05 -3.93963e-05 -6.28497e-05 -0.000985318 -0.000285166
10.54 -4.74179e-06 -6.49421e-06 -2.63623e-05 -4.682e-05 -0.000659332 -0.000162423
10.56 -4.88116e-06 -1.41983e-06 -2.19182e-05 -2.87651e-05 -0.000548184 -3.55105e-05
10.58 -4.74817e-06 9.02324e-06 -2.04689e-05 -6.5054e-06 -0.000511936 0.000225675
10.6 -4.3903e-06 2.43861e-05 -1.97977e-05 2.03278e-05 -0.00049515 0.000609907
10.62 -3.89224e-06 3.82436e-05 -2.23237e-05 5.02249e-05 -0.000558324 0.000956489
10.64 -3.33801e-06 4.48771e-05 -2.83645e-05 8.11067e-05 -0.000709407 0.00112239
10.66 -2.76191e-06 4.49033e-05 -3.32202e-05 0.00011118 -0.000830852 0.00112305
10.68 -2.12422e-06 4.44381e-05 -3.21932e-05 0.0001387 -0.000805166 0.00111142
10.7 -1.34526e-06 4.98189e-05 -2.59783e-05 0.000161563 -0.000649728 0.00124599
10.72 -3.81474e-07 6.25057e-05 -1.99814e-05 0.000177568 -0.000499742 0.00156329
10.74 7.14971e-07 7.72634e-05 -1.90736e-05 0.000185106 -0.000477038 0.00193239
10.76 1.80399e-06 8.51964e-05 -2.26217e-05 0.000183745 -0.000565779 0.0021308
10.78 2.73862e-06 8.03599e-05 -2.4611e-05 0.000174459 -0.000615531 0.00200983
10.8 3.46335e-06 6.42343e-05 -2.08731e-05 0.000159355 -0.000522044 0.00160653
10.82 4.03817e-06 4.35878e-05 -1.51967e-05 0.000141003 -0.000380076 0.00109015
10.84 4.55965e-06 2.46292e-05 -1.51188e-05 0.000121784 -0.000378127 0.000615987
10.86 5.06171e-06 9.69468e-06 -2.29417e-05 0.000103341 -0.000573782 0.000242468
10.88 5.50116e-06 -1.48058e-06 -3.39014e-05 8.59487e-05 -0.000847888 -3.703e-05
10.9 5.82088e-06 -9.38575e-06 -4.23782e-05 6.80215e-05 -0.0010599 -0.000234742
10.92 5.9968e-06 -1.34474e-05 -4.67707e-05 4.68101e-05 -0.00116976 -0.000336326
10.94 6.02113e-06 -1.2119e-05 -4.85474e-05 2.02381e-05 -0.00121419 -0.000303102
10.96 5.85507e-06 -6.05601e-06 -4.94649e-05 -1.19137e-05 -0.00123714 -0.000151463
10.98 5.40754e-06 -1.86966e-06 -5.01045e-05 -4.83259e-05 -0.00125314 -4.67609e-05
11 4.57819e-06 -9.63483e-06 -4.90757e-05 -8.67606e-05 -0.0012274 -0.000240971
11.02 3.35632e-06 -3.38516e-05 -4.35662e-05 -0.000124048 -0.00108961 -0.000846644
11.04 1.89538e-06 -6.73688e-05 -3.2667e-05 -0.000156146 -0.000817015 -0.00168492
11.06 4.72674e-07 -9.54683e-05 -2.05462e-05 -0.000179145 -0.00051387 -0.0023877
11.08 -6.54258e-07 -0.000105877 -1.51063e-05 -0.000190738 -0.000377815 -0.00264804
11.1 -1.38301e-06 -9.55808e-05 -2.32802e-05 -0.000190932 -0.000582247 -0.00239052
11.12 -1.80723e-06 -7.08344e-05 -4.60606e-05 -0.000181618 -0.00115199 -0.0017716
11.14 -2.16264e-06 -4.22701e-05 -7.39534e-05 -0.000165406 -0.00184961 -0.00105719
11.16 -2.70558e-06 -1.86778e-05 -8.92616e-05 -0.000144603 -0.00223247 -0.000467141
11.18 -3.563e-06 -3.52919e-06 -8.03034e-05 -0.000121148 -0.00200842 -8.82665e-05
11.2 -4.64859e-06 4.09707e-06 -5.35727e-05 -9.69998e-05 -0.00133987 0.00010247
11.22 -5.73318e-06 6.27954e-06 -2.70291e-05 -7.36677e-05 -0.000676008 0.000157054
11.24 -6.6048e-06 4.76355e-06 -1.22488e-05 -5.08793e-05 -0.000306347 0.000119138
11.26 -7.14835e-06 2.25177e-06 -7.46453e-06 -2.6221e-05 -0.000186691 5.63178e-05
11.28 -7.30454e-06 2.44369e-06 -6.74547e-06 3.07037e-06 -0.000168707 6.11176e-05
11.3 -7.02864e-06 7.86564e-06 -9.49166e-06 3.78955e-05 -0.00023739 0.000196723
11.32 -6.31517e-06 1.94597e-05 -1.87512e-05 7.69813e-05 -0.000468975 0.000486695
11.34 -5.23118e-06 3.80219e-05 -3.49297e-05 0.000118038 -0.000873607 0.000950943
11.36 -3.917e-06 6.30941e-05 -5.45025e-05 0.000158415 -0.00136313 0.00157801
11.38 -2.57333e-06 8.9314e-05 -7.23846e-05 0.000194864 -0.00181037 0.00223378
11.4 -1.42153e-06 0.000106453 -8.31601e-05 0.000223622 -0.00207987 0.00266244
11.42 -6.07733e-07 0.000106177 -8.20485e-05 0.000241469 -0.00205207 0.00265553
11.44 -1.07329e-07 8.94599e-05 -6.69201e-05 0.000246888 -0.0016737 0.00223743
11.46 2.70015e-07 6.65126e-05 -4.00437e-05 0.000240312 -0.00100151 0.00166351
11.48 7.71031e-07 4.89997e-05 -1.00609e-05 0.000223528 -0.000251626 0.0012255
11.5 1.56879e-06 4.18763e-05 8.39675e-06 0.000199013 0.000210006 0.00104734
11.52 2.67162e-06 4.12695e-05 3.94853e-06 0.000169708 9.87544e-05 0.00103217
11.54 3.90838e-06 3.87862e-05 -1.98905e-05 0.000138898 -0.000497469 0.00097006
11.56 5.03025e-06 2.86285e-05 -4.70821e-05 0.000109452 -0.00117754 0.00071601
11.58 5.88015e-06 1.26644e-05 -6.49032e-05 8.24733e-05 -0.00162326 0.000316741
11.6 6.46077e-06 -1.42665e-06 -7.32033e-05 5.65787e-05 -0.00183084 -3.5681e-05
11.62 6.8246e-06 -7.99534e-06 -7.66832e-05 2.89197e-05 -0.00191788 -0.000199967
11.64 6.94541e-06 -9.25157e-06 -7.45319e-05 -2.79906e-06 -0.00186407 -0.000231386
11.66 6.74689e-06 -1.26376e-05 -6.28331e-05 -3.9198e-05 -0.00157148 -0.000316072
11.68 6.22646e-06 -2.25901e-05 -4.32759e-05 -7.9441e-05 -0.00108235 -0.000564988
11.7 5.48751e-06 -3.62268e-05 -2.34777e-05 -0.000121635 -0.000587188 -0.000906047
11.72 4.64375e-06 -4.75993e-05 -9.50035e-06 -0.000162751 -0.000237608 -0.00119048
11.74 3.72926e-06 -5.4883e-05 -1.87874e-06 -0.000198698 -4.69881e-05 -0.00137265
11.76 2.71562e-06 -6.193e-05 1.52669e-06 -0.000225167 3.81833e-05 -0.00154889
11.78 1.59911e-06 -7.273e-05 1.65923e-06 -0.000238928 4.1498e-05 -0.00181901
11.8 4.60687e-07 -8.51978e-05 -3.65717e-06 -0.000238664 -9.14674e-05 -0.00213083
11.82 -5.61536e-07 -9.11767e-05 -1.93574e-05 -0.000225049 -0.000484136 -0.00228037
11.84 -1.38255e-06 -8.29094e-05 -4.6551e-05 -0.000200482 -0.00116426 -0.0020736
11.86 -2.07481e-06 -5.97314e-05 -7.36036e-05 -0.000168683 -0.00184086 -0.00149391
11.88 -2.83797e-06 -2.91289e-05 -8.10857e-05 -0.000134121 -0.00202799 -0.000728525
11.9 -3.82283e-06 -1.84105e-06 -6.07352e-05 -0.000101205 -0.00151901 -4.60455e-05
11.92 -4.98455e-06 1.46639e-05 -2.52603e-05 -7.30263e-05 -0.00063177 0.00036675
11.94 -6.12606e-06 1.91615e-05 3.37411e-06 -4.99701e-05 8.43879e-05 0.000479237
11.96 -7.06032e-06 1.48075e-05 1.24546e-05 -2.92991e-05 0.000311496 0.000370342
11.98 -7.69698e-06 6.41646e-06 4.55314e-06 -6.5449e-06 0.000113876 0.000160478
12 -8.00465e-06 -5.86649e-07 -1.01136e-05 2.20908e-05 -0.000252945 -1.46723e-05
12.02 -7.95493e-06 -8.55681e-07 -2.36348e-05 5.80371e-05 -0.000591116 -2.14009e-05
12.04 -7.51799e-06 9.6276e-06 -3.48968e-05 0.000100053 -0.000872783 0.00024079
12.06 -6.69401e-06 3.21113e-05 -4.80616e-05 0.000144702 -0.00120204 0.000803117
12.08 -5.5552e-06 6.37131e-05 -6.70095e-05 0.000187094 -0.00167593 0.00159349
12.1 -4.27358e-06 9.66937e-05 -8.97498e-05 0.000221989 -0.00224468 0.00241835
12.12 -3.08282e-06 0.000120489 -0.000108254 0.000245185 -0.00270748 0.00301349
12.14 -2.16386e-06 0.000127321 -0.000114573 0.00025474 -0.00286552 0.00318436
12.16 -1.54317e-06 0.000117271 -0.000106446 0.000251375 -0.00266225 0.00293299
12.18 -1.10408e-06 9.71746e-05 -8.61561e-05 0.000237622 -0.0021548 0.00243038
12.2 -6.80741e-07 7.44576e-05 -5.734e-05 0.000216384 -0.0014341 0.00186222
12.22 -1.16554e-07 5.29703e-05 -2.76848e-05 0.000190366 -0.000692409 0.00132481
12.24 7.23614e-07 3.37684e-05 -1.14199e-05 0.000162371 -0.000285616 0.000844562
12.26 1.90633e-06 1.75521e-05 -1.97434e-05 0.000135307 -0.000493791 0.000438984
12.28 3.3647e-06 6.03815e-06 -4.75576e-05 0.000111622 -0.00118944 0.000151017
12.3 4.91906e-06 2.03496e-06 -7.64638e-05 9.25168e-05 -0.00191239 5.08953e-05
12.32 6.3859e-06 7.76184e-06 -9.24793e-05 7.71641e-05 -0.00231295 0.000194127
12.34 7.6397e-06 2.17662e-05 -9.65037e-05 6.24069e-05 -0.0024136 0.000544381
12.36 8.56044e-06 3.69672e-05 -9.69205e-05 4.37185e-05 -0.00242402 0.000924566
12.38 8.98343e-06 4.28639e-05 -9.69507e-05 1.71756e-05 -0.00242478 0.00107204
12.4 8.76229e-06 3.14649e-05 -9.17225e-05 -1.8659e-05 -0.00229402 0.00078695
12.42 7.88282e-06 2.2436e-06 -7.49576e-05 -6.17604e-05 -0.00187472 5.61134e-05
12.44 6.50743e-06 -3.76085e-05 -4.61586e-05 -0.000106954 -0.00115444 -0.000940603
12.46 4.92187e-06 -7.70151e-05 -1.25032e-05 -0.000147593 -0.00031271 -0.00192618
12.48 3.43075e-06 -0.000105875 1.48879e-05 -0.000177887 0.000372352 -0.00264798
12.5 2.24955e-06 -0.000118731 2.77587e-05 -0.000194656 0.000694256 -0.00296951
12.52 1.44184e-06 -0.000116077 2.5604e-05 -0.00019784 0.000640368 -0.00290313
12.54 9.43312e-07 -0.00010256 1.30585e-05 -0.000189821 0.000326598 -0.00256507
12.56 6.46074e-07 -8.33866e-05 -8.23227e-06 -0.000174145 -0.000205893 -0.00208553
12.58 4.42019e-07 -6.2087e-05 -4.02255e-05 -0.000154419 -0.00100606 -0.00155282
12.6 1.85239e-07 -4.06719e-05 -7.61072e-05 -0.00013355 -0.00190347 -0.00101722
12.62 -3.21039e-07 -2.07892e-05 -9.53464e-05 -0.000113341 -0.00238465 -0.000519946
12.64 -1.21471e-06 -4.7895e-06 -8.19664e-05 -9.47156e-05 -0.00205001 -0.000119788
12.66 -2.43944e-06 4.37295e-06 -4.37059e-05 -7.80944e-05 -0.0010931 0.000109369
12.68 -3.76693e-06 5.1436e-06 -4.80608e-06 -6.29729e-05 -0.000120202 0.000128644
12.7 -4.95966e-06 -2.73682e-07 1.70542e-05 -4.71418e-05 0.000426533 -6.84491e-06
12.72 -5.8802e-06 -6.45996e-06 2.05227e-05 -2.73792e-05 0.000513281 -0.000161566
12.74 -6.47076e-06 -8.03531e-06 1.18761e-05 -1.57584e-06 0.000297026 -0.000200966
12.76 -6.7104e-06 -1.90482e-06 -4.3437e-06 3.00541e-05 -0.000108638 -4.76403e-05
12.78 -6.62366e-06 1.2155e-05 -2.51313e-05 6.56579e-05 -0.000628544 0.000304002
12.8 -6.28792e-06 3.09784e-05 -4.5799e-05 0.000102806 -0.00114545 0.000774784
12.82 -5.79068e-06 4.91138e-05 -6.09719e-05 0.000138779 -0.00152493 0.00122836
12.84 -5.17191e-06 6.29589e-05 -6.79643e-05 0.00017054 -0.00169981 0.00157463
12.86 -4.41364e-06 7.35951e-05 -6.79201e-05 0.000195023 -0.00169871 0.00184064
12.88 -3.49266e-06 8.38729e-05 -6.35843e-05 0.000209665 -0.00159027 0.0020977
12.9 -2.45239e-06 9.26735e-05 -5.53861e-05 0.000212859 -0.00138523 0.0023178
12.92 -1.40871e-06 9.3657e-05 -4.07431e-05 0.000204302 -0.001019 0.0023424
12.94 -4.49064e-07 8.10063e-05 -2.08533e-05 0.000185551 -0.000521551 0.002026
12.96 4.64017e-07 5.5967e-05 -6.65725e-06 0.000160189 -0.000166501 0.00139976
12.98 1.44626e-06 2.67339e-05 -1.09705e-05 0.000132885 -0.000274378 0.000668627
13 2.54799e-06 2.29678e-06 -3.40467e-05 0.000107823 -0.000851523 5.74435e-05
13.02 3.68758e-06 -1.2638e-05 -6.2142e-05 8.73398e-05 -0.0015542 -0.000316082
13.04 4.73252e-06 -1.72945e-05 -8.05346e-05 7.09976e-05 -0.0020142 -0.000432542
13.06 5.60534e-06 -1.18278e-05 -8.42487e-05 5.55129e-05 -0.0021071 -0.000295818
13.08 6.2755e-06 2.33959e-06 -7.70205e-05 3.61069e-05 -0.00192631 5.85142e-05
13.1 6.67881e-06 1.84903e-05 -6.48791e-05 8.60169e-06 -0.00162265 0.00046245
13.12 6.70459e-06 2.4509e-05 -5.19217e-05 -2.88765e-05 -0.00129858 0.000612981
13.14 6.28033e-06 1.10258e-05 -3.89955e-05 -7.48648e-05 -0.000975294 0.00027576
13.16 5.45545e-06 -2.01274e-05 -2.46494e-05 -0.000124435 -0.000616491 -0.000503394
13.18 4.39842e-06 -5.74728e-05 -8.3376e-06 -0.000170553 -0.000208527 -0.00143742
13.2 3.31901e-06 -8.92567e-05 7.07549e-06 -0.000206503 0.000176961 -0.00223235
13.22 2.387e-06 -0.000109834 1.67034e-05 -0.000227926 0.000417758 -0.002747
13.24 1.70033e-06 -0.000118379 1.65947e-05 -0.000233614 0.000415041 -0.0029607
13.26 1.29437e-06 -0.000114516 3.79154e-06 -0.000225177 9.4828e-05 -0.00286409
13.28 1.14092e-06 -9.68896e-05 -2.36061e-05 -0.000206062 -0.000590397 -0.00242325
13.3 1.1078e-06 -6.56579e-05 -6.03835e-05 -0.000180453 -0.00151022 -0.00164213
13.32 9.38153e-07 -2.53425e-05 -8.96262e-05 -0.000152235 -0.00224159 -0.000633827
13.34 3.4027e-07 1.49262e-05 -9.34887e-05 -0.000124299 -0.00233819 0.00037331
13.36 -8.4526e-07 4.38831e-05 -7.04421e-05 -9.8417e-05 -0.00176179 0.00109753
13.38 -2.55818e-06 5.24346e-05 -3.60282e-05 -7.51928e-05 -0.000901081 0.00131141
13.4 -4.57727e-06 3.81868e-05 -6.76033e-06 -5.37267e-05 -0.000169079 0.000955068
13.42 -6.61133e-06 7.83516e-06 1.15908e-05 -3.15712e-05 0.00028989 0.000195961
13.44 -8.3322e-06 -2.41318e-05 2.04165e-05 -5.56376e-06 0.000510626 -0.000603545
13.46 -9.41828e-06 -4.11158e-05 1.99778e-05 2.68266e-05 0.000499652 -0.00102832
13.48 -9.67298e-06 -3.34348e-05 8.11076e-06 6.63054e-05 0.000202854 -0.000836217
13.5 -9.12791e-06 -4.78245e-06 -1.57393e-05 0.000111081 -0.000393646 -0.000119611
13.52 -8.01069e-06 3.11359e-05 -4.77811e-05 0.000157098 -0.00119503 0.000778722
13.54 -6.60409e-06 6.21588e-05 -8.00754e-05 0.000199287 -0.00200272 0.00155462
13.56 -5.12881e-06 8.56722e-05 -0.000103071 0.000233057 -0.00257784 0.0021427
13.58 -3.72584e-06 0.000104648 -0.000110575 0.000255057 -0.00276553 0.00261729
13.6 -2.50143e-06 0.000117749 -0.000102556 0.000263209 -0.00256497 0.00294494
13.62 -1.54731e-06 0.000116598 -8.11349e-05 0.000256791 -0.00202922 0.00291615
13.64 -8.75731e-07 9.40031e-05 -4.83554e-05 0.000236782 -0.00120939 0.00235106
13.66 -3.21875e-07 5.35797e-05 -1.26568e-05 0.00020602 -0.000316553 0.00134005
13.68 4.35066e-07 9.97258e-06 8.8457e-06 0.000168979 0.000221235 0.000249418
13.7 1.67449e-06 -2.02618e-05 2.55512e-06 0.000131154 6.39046e-05 -0.000506755
13.72 3.41795e-06 -2.90332e-05 -2.89408e-05 9.76696e-05 -0.00072382 -0.000726133
13.74 5.40306e-06 -2.0767e-05 -6.99043e-05 7.10795e-05 -0.00174833 -0.000519391
13.76 7.2569e-06 -6.93259e-06 -0.000103333 4.99171e-05 -0.00258441 -0.000173387
13.78 8.6882e-06 4.17349e-06 -0.000117238 2.97646e-05 -0.00293218 0.000104381
13.8 9.56274e-06 1.13947e-05 -0.000105814 5.98556e-06 -0.00264645 0.000284987
13.82 9.88067e-06 1.4641e-05 -7.21296e-05 -2.4301e-05 -0.00180399 0.000366178
13.84 9.73008e-06 9.38222e-06 -2.88304e-05 -6.16228e-05 -0.000721061 0.000234653
13.86 9.24995e-06 -9.07221e-06 9.12514e-06 -0.000104032 0.000228224 -0.0002269
13.88 8.59677e-06 -3.81152e-05 3.41131e-05 -0.000147425 0.000853183 -0.000953278
13.9 7.90699e-06 -6.84066e-05 4.75389e-05 -0.000186695 0.00118897 -0.00171088
13.92 7.26465e-06 -9.13498e-05 5.35929e-05 -0.000217094 0.00134038 -0.0022847
13.94 6.69579e-06 -0.000103576 5.36741e-05 -0.000235076 0.00134241 -0.00259049
13.96 6.18965e-06 -0.000104915 4.52725e-05 -0.000238935 0.00113228 -0.00262396
13.98 5.71071e-06 -9.51869e-05 2.27428e-05 -0.00022929 0.000568807 -0.00238066
14 5.16535e-06 -7.44041e-05 -1.63377e-05 -0.000208646 -0.000408612 -0.00186088
14.02 4.34707e-06 -4.62028e-05 -5.8906e-05 -0.000180451 -0.00147326 -0.00115555
14.04 2.97667e-06 -2.05251e-05 -7.69031e-05 -0.000148661 -0.00192338 -0.000513342
14.06 9.14798e-07 -9.65951e-06 -5.09029e-05 -0.000117457 -0.0012731 -0.000241588
14.08 -1.60939e-06 -1.77978e-05 6.44317e-06 -9.03385e-05 0.000161146 -0.00044513
14.1 -4.03984e-06 -3.40334e-05 5.77704e-05 -6.88106e-05 0.00144486 -0.000851189
14.12 -5.85372e-06 -3.93604e-05 7.30873e-05 -5.18257e-05 0.00182794 -0.00098442
14.14 -6.92596e-06 -2.43534e-05 5.1493e-05 -3.67618e-05 0.00128786 -0.000609088
14.16 -7.55895e-06 5.83632e-07 1.46913e-05 -2.1117e-05 0.000367436 1.45969e-05
14.18 -8.17482e-06 1.5166e-05 -1.39711e-05 -3.257e-06 -0.000349422 0.000379307
14.2 -8.96385e-06 9.83595e-06 -2.40238e-05 1.8202e-05 -0.000600844 0.000246001
14.22 -9.7633e-06 -4.71013e-06 -1.94364e-05 4.48884e-05 -0.000486113 -0.000117802
14.24 -1.02185e-05 -8.59927e-06 -1.18717e-05 7.76568e-05 -0.000296916 -0.000215071
14.26 -1.0067e-05 7.60999e-06 -1.14738e-05 0.000114575 -0.000286963 0.000190329
14.28 -9.30782e-06 3.47027e-05 -2.09082e-05 0.000149751 -0.000522924 0.00086793
14.3 -8.12829e-06 5.56364e-05 -3.65195e-05 0.00017466 -0.000913368 0.00139149
14.32 -6.7117e-06 6.32628e-05 -5.32379e-05 0.000182091 -0.0013315 0.00158223
14.34 -5.15848e-06 6.4877e-05 -6.60703e-05 0.000170285 -0.00165244 0.0016226
14.36 -3.57525e-06 6.88662e-05 -6.75017e-05 0.000144074 -0.00168825 0.00172237
14.38 -2.1368e-06 7.1087e-05 -4.95014e-05 0.000112289 -0.00123805 0.00177792
14.4 -9.62874e-07 5.88366e-05 -1.46402e-05 8.34273e-05 -0.000366158 0.00147153
14.42 5.83992e-08 2.76075e-05 1.84675e-05 6.25742e-05 0.000461879 0.000690476
14.44 1.23809e-06 -1.01212e-05 2.93134e-05 5.07846e-05 0.000733139 -0.000253136
14.46 2.83104e-06 -3.42722e-05 1.44167e-05 4.57668e-05 0.000360568 -0.000857163
14.48 4.83024e-06 -3.37827e-05 -1.29493e-05 4.27019e-05 -0.000323866 -0.000844919
14.5 6.99494e-06 -1.38404e-05 -3.93334e-05 3.57796e-05 -0.000983744 -0.000346155
14.52 9.00458e-06 1.07761e-05 -6.08364e-05 2.09975e-05 -0.00152154 0.000269515
14.54 1.05658e-05 2.76185e-05 -7.72136e-05 -1.56613e-06 -0.00193114 0.000690749
14.56 1.14559e-05 3.28731e-05 -8.38498e-05 -2.85146e-05 -0.00209712 0.00082217
14.58 1.15554e-05 2.83115e-05 -7.41237e-05 -5.63485e-05 -0.00185386 0.000708081
14.6 1.08704e-05 1.49205e-05 -4.74014e-05 -8.33271e-05 -0.00118553 0.000373169
14.62 9.52898e-06 -8.30697e-06 -1.13368e-05 -0.00010801 -0.000283539 -0.000207761
14.64 7.76824e-06 -4.02157e-05 2.25707e-05 -0.000127399 0.000564502 -0.00100581
14.66 5.90222e-06 -7.40578e-05 4.3349e-05 -0.000138061 0.00108418 -0.00185222
14.68 4.24362e-06 -9.84444e-05 4.21363e-05 -0.00013901 0.00105385 -0.00246214
14.7 2.98151e-06 -0.000102429 1.36592e-05 -0.000132513 0.000341622 -0.0025618
14.72 2.06525e-06 -8.26023e-05 -3.80747e-05 -0.000121716 -0.000952263 -0.00206592
14.74 1.17826e-06 -4.73097e-05 -9.14936e-05 -0.000107991 -0.00228829 -0.00118324
14.76 -1.05143e-07 -1.25349e-05 -0.000113098 -9.0999e-05 -0.00282862 -0.000313502
14.78 -2.00784e-06 8.77045e-06 -8.48919e-05 -7.09491e-05 -0.00212318 0.000219353
14.8 -4.33456e-06 1.40296e-05 -2.59789e-05 -4.99639e-05 -0.000649743 0.000350887
14.82 -6.60438e-06 8.73399e-06 2.24569e-05 -3.09774e-05 0.000561656 0.000218441
14.84 -8.41881e-06 -9.24031e-07 3.48921e-05 -1.58136e-05 0.000872667 -2.31104e-05
14.86 -9.67263e-06 -1.24028e-05 1.90569e-05 -4.66995e-06 0.000476621 -0.0003102
14.88 -1.04343e-05 -2.53122e-05 -1.88211e-06 3.40018e-06 -4.70724e-05 -0.00063307
14.9 -1.07217e-05 -3.63919e-05 -1.56472e-05 1.08631e-05 -0.000391343 -0.000910175
14.92 -1.04505e-05 -3.71098e-05 -2.68091e-05 2.22547e-05 -0.000670508 -0.000928132
14.94 -9.57532e-06 -1.98897e-05 -4.35397e-05 4.23137e-05 -0.00108894 -0.000497449
14.96 -8.23485e-06 1.19828e-05 -6.4389e-05 7.20925e-05 -0.0016104 0.000299695
14.98 -6.72602e-06 4.41772e-05 -7.74795e-05 0.000106862 -0.0019378 0.00110489
15 -5.30449e-06 6.43342e-05 -7.06665e-05 0.000138232 -0.0017674 0.00160903
15.02 -4.0072e-06 7.34913e-05 -4.25857e-05 0.000158463 -0.00106509 0.00183805
15.04 -2.68967e-06 8.06346e-05 -4.92996e-06 0.000163231 -0.0001233 0.0020167
15.06 -1.22817e-06 8.71708e-05 2.48839e-05 0.000151944 0.000622357 0.00218018
15.08 3.53003e-07 8.21355e-05 3.36538e-05 0.000127395 0.000841695 0.00205424
15.1 1.95003e-06 5.50696e-05 1.85436e-05 9.55579e-05 0.000463784 0.00137731
15.12 3.51436e-06 1.12376e-05 -1.23344e-05 6.42835e-05 -0.000308489 0.000281058
15.14 5.07666e-06 -2.87866e-05 -4.44777e-05 4.03021e-05 -0.00111241 -0.000719965
15.16 6.65109e-06 -4.52944e-05 -6.41734e-05 2.64113e-05 -0.001605 -0.00113283
15.18 8.14951e-06 -3.47852e-05 -6.46639e-05 2.10786e-05 -0.00161727 -0.000869993
15.2 9.40555e-06 -9.91354e-06 -4.88509e-05 2.02784e-05 -0.00122178 -0.000247942
15.22 1.02775e-05 1.38353e-05 -2.68811e-05 1.94419e-05 -0.000672307 0.000346027
15.24 1.07096e-05 2.94932e-05 -9.35758e-06 1.39786e-05 -0.000234037 0.000737638
15.26 1.06852e-05 3.70221e-05 -1.19197e-06 -8.39299e-07 -2.98117e-05 0.000925938
15.28 1.01522e-05 3.39232e-05 -1.00836e-06 -2.8404e-05 -2.52196e-05 0.000848434
15.3 9.04594e-06 1.30821e-05 -4.86269e-06 -6.74174e-05 -0.000121618 0.00032719
15.32 7.40676e-06 -2.69713e-05 -9.57746e-06 -0.000110204 -0.000239536 -0.000674564
15.34 5.44802e-06 -7.38784e-05 -1.40347e-05 -0.000146081 -0.000351013 -0.00184773
15.36 3.47068e-06 -0.000108556 -1.94194e-05 -0.000167366 -0.000485686 -0.00271504
15.38 1.69406e-06 -0.000119618 -2.82594e-05 -0.000172215 -0.000706779 -0.00299169
15.4 1.62195e-07 -0.000108419 -4.10161e-05 -0.000162806 -0.00102583 -0.00271159
15.42 -1.21508e-06 -8.22721e-05 -5.21252e-05 -0.000142668 -0.00130367 -0.00205766
15.44 -2.56335e-06 -4.80422e-05 -5.19951e-05 -0.000116147 -0.00130042 -0.00120156
15.46 -3.96652e-06 -1.3191e-05 -3.68605e-05 -8.87221e-05 -0.000921897 -0.000329912
15.48 -5.42357e-06 1.25735e-05 -1.52579e-05 -6.58391e-05 -0.000381606 0.000314468
15.5 -6.84326e-06 2.19604e-05 -1.60915e-06 -5.07416e-05 -4.02455e-05 0.00054924
15.52 -8.09076e-06 1.58791e-05 -4.3323e-06 -4.3565e-05 -0.000108353 0.000397144
15.54 -9.05952e-06 1.92449e-06 -2.06277e-05 -4.21388e-05 -0.000515908 4.81323e-05
15.56 -9.70612e-06 -1.23252e-05 -3.98025e-05 -4.26946e-05 -0.000995477 -0.000308258
15.58 -1.00209e-05 -2.24454e-05 -5.00298e-05 -3.96198e-05 -0.00125127 -0.000561369
15.6 -9.96577e-06 -2.46725e-05 -4.50019e-05 -2.60875e-05 -0.00112552 -0.000617069
15.62 -9.44745e-06 -1.42393e-05 -2.82506e-05 2.53239e-06 -0.000706559 -0.000356131
15.64 -8.38121e-06 1.02632e-05 -1.16382e-05 4.43337e-05 -0.000291076 0.000256688
15.66 -6.79421e-06 4.31485e-05 -6.80936e-06 9.05042e-05 -0.000170305 0.00107916
15.68 -4.85574e-06 7.59472e-05 -1.61742e-05 0.000130201 -0.000404524 0.00189947
15.7 -2.81751e-06 0.000102577 -3.24253e-05 0.000155927 -0.000810971 0.00256549
15.72 -9.33833e-07 0.000117784 -4.61946e-05 0.000165206 -0.00115535 0.00294584
15.74 6.0375e-07 0.000115521 -5.24951e-05 0.000159362 -0.00131293 0.00288922
15.76 1.72946e-06 9.44042e-05 -5.00138e-05 0.00014222 -0.00125087 0.00236109
15.78 2.53421e-06 6.31242e-05 -3.82201e-05 0.000119496 -0.000955899 0.00157876
15.8 3.21204e-06 3.62084e-05 -1.94764e-05 9.76431e-05 -0.000487113 0.000905587
15.82 3.94133e-06 2.36378e-05 -2.02845e-06 8.16999e-05 -5.07323e-05 0.000591192
15.84 4.77927e-06 2.47931e-05 4.41113e-06 7.33805e-05 0.000110324 0.000620085
15.86 5.63306e-06 3.08873e-05 -3.03691e-06 7.07665e-05 -7.59545e-05 0.000772505
15.88 6.32723e-06 3.24775e-05 -1.86848e-05 6.95267e-05 -0.000467315 0.000812277
15.9 6.72534e-06 2.66635e-05 -3.48253e-05 6.46813e-05 -0.000870996 0.000666866
15.92 6.79531e-06 1.75862e-05 -4.80935e-05 5.21456e-05 -0.00120284 0.000439839
15.94 6.55545e-06 9.4547e-06 -5.86338e-05 3.0077e-05 -0.00146645 0.000236466
15.96 5.99675e-06 1.31035e-06 -6.48973e-05 -8.9577e-08 -0.00162311 3.27725e-05
15.98 5.09782e-06 -1.08508e-05 -6.25723e-05 -3.40024e-05 -0.00156496 -0.000271384
16 3.90587e-06 -2.91031e-05 -4.95889e-05 -6.64243e-05 -0.00124024 -0.000727881
16.02 2.57678e-06 -5.06834e-05 -3.01418e-05 -9.33425e-05 -0.00075386 -0.00126761
16.04 1.32873e-06 -6.79689e-05 -1.26854e-05 -0.000112721 -0.000317268 -0.00169993
16.06 3.41534e-07 -7.23659e-05 -4.78094e-06 -0.000124132 -0.000119573 -0.0018099
16.08 -3.4468e-07 -6.19812e-05 -9.59019e-06 -0.000128278 -0.000239855 -0.00155018
16.1 -8.58614e-07 -4.61307e-05 -2.57487e-05 -0.000126694 -0.000643987 -0.00115375
16.12 -1.40131e-06 -3.87307e-05 -4.91931e-05 -0.000121197 -0.00123034 -0.000968672
16.14 -2.09035e-06 -4.49017e-05 -7.32622e-05 -0.000113096 -0.00183232 -0.00112301
16.16 -2.89175e-06 -5.54937e-05 -8.74153e-05 -0.000102889 -0.00218629 -0.00138792
16.18 -3.68131e-06 -5.63142e-05 -8.16453e-05 -9.08075e-05 -0.00204198 -0.00140844
16.2 -4.33499e-06 -4.20448e-05 -5.66123e-05 -7.75151e-05 -0.0014159 -0.00105156
16.22 -4.7686e-06 -2.0493e-05 -2.6542e-05 -6.40305e-05 -0.000663828 -0.000512539
16.24 -4.94411e-06 -4.13659e-06 -7.95705e-06 -5.08568e-05 -0.000199009 -0.000103458
16.26 -4.86305e-06 1.76976e-06 -5.91124e-06 -3.72105e-05 -0.000147843 4.42626e-05
16.28 -4.54529e-06 2.38938e-06 -1.27452e-05 -2.13006e-05 -0.000318762 5.97594e-05
16.3 -4.01425e-06 5.85114e-06 -1.82461e-05 -1.44725e-06 -0.000456342 0.000146339
16.32 -3.30303e-06 1.50267e-05 -1.84547e-05 2.30429e-05 -0.00046156 0.000375823
16.34 -2.45694e-06 2.67501e-05 -1.6365e-05 5.16032e-05 -0.000409295 0.000669031
16.36 -1.51771e-06 3.68644e-05 -1.73836e-05 8.22924e-05 -0.000434772 0.000921995
16.38 -5.18636e-07 4.43496e-05 -2.38897e-05 0.000111766 -0.000597492 0.0011092
16.4 4.94718e-07 5.10356e-05 -3.22103e-05 0.000135862 -0.000805593 0.00127642
16.42 1.45322e-06 5.86473e-05 -3.52425e-05 0.000150979 -0.00088143 0.00146679
16.44 2.28723e-06 6.64894e-05 -2.92747e-05 0.000155495 -0.000732172 0.00166293
16.46 2.95518e-06 7.14497e-05 -1.76017e-05 0.000150295 -0.000440226 0.00178699
16.48 3.44578e-06 7.00734e-05 -7.22892e-06 0.000138198 -0.000180798 0.00175256
16.5 3.76413e-06 6.08703e-05 -3.56022e-06 0.00012277 -8.90426e-05 0.00152239
16.52 3.92352e-06 4.51206e-05 -7.62273e-06 0.000107041 -0.000190648 0.00112849
16.54 3.94335e-06 2.65714e-05 -1.59028e-05 9.27139e-05 -0.000397736 0.000664561
16.56 3.85011e-06 1.03376e-05 -2.32579e-05 7.98818e-05 -0.00058169 0.000258549
16.58 3.67627e-06 3.57038e-08 -2.76861e-05 6.70113e-05 -0.000692441 8.92967e-07
16.6 3.44635e-06 -4.54845e-06 -3.14057e-05 5.15814e-05 -0.000785468 -0.000113759
16.62 3.1585e-06 -6.23645e-06 -3.64034e-05 3.15037e-05 -0.000910464 -0.000155976
16.64 2.78591e-06 -7.79605e-06 -4.11029e-05 6.32052e-06 -0.001028 -0.000194982
16.66 2.3023e-06 -1.12523e-05 -4.32196e-05 -2.27522e-05 -0.00108094 -0.000281425
16.68 1.70507e-06 -1.84812e-05 -4.37382e-05 -5.35922e-05 -0.00109391 -0.000462224
16.7 1.01745e-06 -3.03435e-05 -4.526e-05 -8.37759e-05 -0.00113197 -0.000758903
16.72 2.78035e-07 -4.49698e-05 -4.74846e-05 -0.000110757 -0.00118761 -0.00112471
16.74 -4.64688e-07 -5.82249e-05 -4.73295e-05 -0.000132117 -0.00118373 -0.00145623
16.76 -1.15236e-06 -6.65015e-05 -4.38247e-05 -0.000146141 -0.00109607 -0.00166323
16.78 -1.72558e-06 -6.87429e-05 -4.07104e-05 -0.000152297 -0.00101818 -0.00171929
16.8 -2.1479e-06 -6.59069e-05 -4.29595e-05 -0.000151171 -0.00107444 -0.00164836
16.82 -2.42742e-06 -5.93025e-05 -5.09814e-05 -0.000144006 -0.00127507 -0.00148318
16.84 -2.61132e-06 -4.96603e-05 -5.86722e-05 -0.000132196 -0.00146742 -0.00124202
16.86 -2.7495e-06 -3.74084e-05 -5.84293e-05 -0.000116938 -0.00146134 -0.000935599
16.88 -2.85578e-06 -2.39625e-05 -4.95316e-05 -9.91953e-05 -0.00123881 -0.000599312
16.9 -2.90577e-06 -1.21517e-05 -3.94944e-05 -7.98404e-05 -0.000987771 -0.000303919
16.92 -2.87329e-06 -4.13469e-06 -3.46746e-05 -5.95464e-05 -0.000867227 -0.00010341
16.94 -2.7614e-06 3.86139e-07 -3.22678e-05 -3.85198e-05 -0.00080703 9.65749e-06
16.96 -2.58419e-06 3.17081e-06 -2.50885e-05 -1.64682e-05 -0.000627475 7.93032e-05
16.98 -2.31743e-06 5.77566e-06 -1.25644e-05 7.12037e-06 -0.00031424 0.000144452
17 -1.89079e-06 9.4636e-06 -2.83367e-06 3.26179e-05 -7.08713e-05 0.000236689
17.02 -1.25047e-06 1.57488e-05 -3.36551e-06 5.99459e-05 -8.41728e-05 0.000393883
17.04 -4.26136e-07 2.57988e-05 -1.25002e-05 8.82172e-05 -0.000312635 0.000645238
17.06 4.75658e-07 3.92147e-05 -2.20104e-05 0.000115477 -0.00055049 0.000980775
17.08 1.33609e-06 5.36996e-05 -2.63461e-05 0.000138973 -0.000658927 0.00134305
17.1 2.06927e-06 6.58192e-05 -2.72157e-05 0.000155972 -0.000680677 0.00164617
17.12 2.61717e-06 7.22942e-05 -2.93646e-05 0.000164618 -0.000734422 0.00180811
17.14 2.93192e-06 7.1524e-05 -3.36627e-05 0.00016444 -0.000841918 0.00178885
17.16 2.98358e-06 6.4538e-05 -3.52467e-05 0.000156457 -0.000881534 0.00161412
17.18 2.78654e-06 5.4227e-05 -2.84462e-05 0.000142769 -0.000711451 0.00135624
17.2 2.41424e-06 4.33331e-05 -1.3982e-05 0.000125649 -0.000349696 0.00108378
17.22 1.98123e-06 3.30663e-05 -9.52358e-07 0.000106611 -2.38189e-05 0.000827003
17.24 1.59022e-06 2.30316e-05 1.8024e-07 8.612e-05 4.50789e-06 0.00057603
17.26 1.27591e-06 1.24747e-05 -1.27779e-05 6.41549e-05 -0.00031958 0.000311997
17.28 1.00202e-06 2.35166e-06 -3.19457e-05 4.09879e-05 -0.000798975 5.88159e-05
17.3 7.14315e-07 -4.77699e-06 -4.70651e-05 1.72312e-05 -0.00117712 -0.000119475
17.32 3.82316e-07 -8.08685e-06 -5.40501e-05 -6.68714e-06 -0.00135182 -0.000202255
17.34 -7.11075e-09 -1.08696e-05 -5.6015e-05 -3.0644e-05 -0.00140096 -0.000271854
17.36 -4.6158e-07 -1.81066e-05 -5.74232e-05 -5.43414e-05 -0.00143618 -0.000452853
17.38 -9.64034e-07 -3.11201e-05 -5.87349e-05 -7.69059e-05 -0.00146898 -0.000778326
17.4 -1.45265e-06 -4.51794e-05 -5.70156e-05 -9.70175e-05 -0.00142598 -0.00112996
17.42 -1.84045e-06 -5.32275e-05 -5.09047e-05 -0.000113368 -0.00127315 -0.00133124
17.44 -2.06636e-06 -5.23373e-05 -4.38356e-05 -0.000125024 -0.00109635 -0.00130898
17.46 -2.13532e-06 -4.63494e-05 -4.15196e-05 -0.000131503 -0.00103842 -0.00115922
17.48 -2.11208e-06 -4.20746e-05 -4.60828e-05 -0.000132658 -0.00115255 -0.0010523
17.5 -2.06805e-06 -4.30151e-05 -5.34613e-05 -0.000128557 -0.00133709 -0.00107583
17.52 -2.02128e-06 -4.67088e-05 -5.76596e-05 -0.000119376 -0.00144209 -0.00116821
17.54 -1.92415e-06 -4.7691e-05 -5.70909e-05 -0.000105332 -0.00142787 -0.00119277
17.56 -1.71515e-06 -4.23406e-05 -5.47112e-05 -8.67589e-05 -0.00136835 -0.00105896
17.58 -1.3837e-06 -3.13013e-05 -5.23719e-05 -6.44685e-05 -0.00130984 -0.000782858
17.6 -9.80483e-07 -1.86969e-05 -4.80885e-05 -4.01578e-05 -0.00120271 -0.000467617
17.62 -5.61892e-07 -8.63341e-06 -3.93017e-05 -1.61093e-05 -0.000982952 -0.000215925
17.64 -1.29723e-07 -1.3158e-06 -2.67116e-05 5.95508e-06 -0.000668067 -3.29086e-05
17.66 3.63994e-07 6.74013e-06 -1.43186e-05 2.57786e-05 -0.000358115 0.000168573
17.68 9.5133e-07 1.7999e-05 -6.70077e-06 4.42775e-05 -0.000167589 0.000450162
17.7 1.59573e-06 3.0325e-05 -6.24431e-06 6.24049e-05 -0.000156173 0.00075844
17.72 2.20674e-06 3.90129e-05 -1.17347e-05 8.02887e-05 -0.00029349 0.00097573
17.74 2.69934e-06 4.17252e-05 -1.89741e-05 9.72086e-05 -0.000474551 0.00104357
17.76 3.03802e-06 4.04576e-05 -2.34019e-05 0.000112037 -0.000585292 0.00101186
17.78 3.23702e-06 3.91124e-05 -2.2984e-05 0.000123604 -0.000574838 0.000978217
17.8 3.33202e-06 4.02512e-05 -1.91e-05 0.000130912 -0.000477699 0.0010067
17.82 3.34977e-06 4.40198e-05 -1.49816e-05 0.000133334 -0.000374696 0.00110095
17.84 3.28949e-06 4.90139e-05 -1.30211e-05 0.00013069 -0.000325662 0.00122586
17.86 3.11864e-06 5.34303e-05 -1.2743e-05 0.00012305 -0.000318709 0.00133631
17.88 2.78665e-06 5.49869e-05 -1.1697e-05 0.000110428 -0.000292547 0.00137524
17.9 2.25854e-06 5.00092e-05 -9.6367e-06 9.27871e-05 -0.000241018 0.00125075
17.92 1.55322e-06 3.54311e-05 -1.08231e-05 7.07046e-05 -0.00027069 0.000886146
17.94 7.52636e-07 1.36471e-05 -1.97855e-05 4.60667e-05 -0.000494844 0.000341319
17.96 -4.29814e-08 -7.26168e-06 -3.52971e-05 2.16227e-05 -0.000882796 -0.000181618
17.98 -7.8256e-07 -2.03868e-05 -5.05957e-05 -4.93563e-07 -0.00126542 -0.000509882
18 -1.48301e-06 -2.59363e-05 -5.93937e-05 -1.97473e-05 -0.00148546 -0.000648679
18.02 -2.17668e-06 -2.93345e-05 -6.03729e-05 -3.67827e-05 -0.00150995 -0.000733668
18.04 -2.84766e-06 -3.4398e-05 -5.63252e-05 -5.23006e-05 -0.00140872 -0.000860309
18.06 -3.42367e-06 -3.95341e-05 -5.07921e-05 -6.64835e-05 -0.00127033 -0.000988765
18.08 -3.82388e-06 -4.04373e-05 -4.60483e-05 -7.92613e-05 -0.00115169 -0.00101135
18.1 -4.01449e-06 -3.55423e-05 -4.31004e-05 -9.06804e-05 -0.00107796 -0.000888928
18.12 -4.02729e-06 -2.83452e-05 -4.25101e-05 -0.000100828 -0.0010632 -0.000708924
18.14 -3.92936e-06 -2.4608e-05 -4.48244e-05 -0.000109552 -0.00112108 -0.000615457
18.16 -3.77217e-06 -2.74871e-05 -4.98906e-05 -0.000116304 -0.00124779 -0.000687463
18.18 -3.56263e-06 -3.52984e-05 -5.59248e-05 -0.000120058 -0.0013987 -0.000882828
18.2 -3.26915e-06 -4.34797e-05 -6.03388e-05 -0.00011931 -0.0015091 -0.00108745
18.22 -2.84539e-06 -4.73084e-05 -6.17815e-05 -0.00011237 -0.00154518 -0.0011832
18.24 -2.25656e-06 -4.28114e-05 -6.0377e-05 -9.81352e-05 -0.00151005 -0.00107073
18.26 -1.51084e-06 -2.89346e-05 -5.61579e-05 -7.72356e-05 -0.00140453 -0.000723666
18.28 -6.7689e-07 -9.93466e-06 -4.87494e-05 -5.24812e-05 -0.00121924 -0.00024847
18.3 1.51792e-07 7.61415e-06 -3.87487e-05 -2.76838e-05 -0.000969122 0.000190433
18.32 9.21833e-07 2.07209e-05 -2.8438e-05 -5.66852e-06 -0.000711246 0.000518238
18.34 1.63261e-06 3.09823e-05 -2.0761e-05 1.28364e-05 -0.000519241 0.000774881
18.36 2.28162e-06 3.98914e-05 -1.75551e-05 2.87835e-05 -0.000439061 0.000997701
18.38 2.82647e-06 4.56262e-05 -1.83417e-05 4.36405e-05 -0.000458734 0.00114113
18.4 3.21573e-06 4.55236e-05 -2.05364e-05 5.85508e-05 -0.000513623 0.00113856
18.42 3.44111e-06 4.01933e-05 -2.13303e-05 7.41074e-05 -0.00053348 0.00100525
18.44 3.54681e-06 3.36924e-05 -1.99389e-05 9.03346e-05 -0.00049868 0.000842661
18.46 3.59335e-06 3.01038e-05 -1.78761e-05 0.00010662 -0.00044709 0.000752908
18.48 3.61448e-06 3.07708e-05 -1.68243e-05 0.000121754 -0.000420784 0.00076959
18.5 3.60169e-06 3.43014e-05 -1.67273e-05 0.00013422 -0.000418356 0.000857892
18.52 3.52253e-06 3.83765e-05 -1.6428e-05 0.000142573 -0.00041087 0.000959812
18.54 3.3495e-06 4.20039e-05 -1.54557e-05 0.00014573 -0.000386553 0.00105053
18.56 3.06531e-06 4.56533e-05 -1.43951e-05 0.00014303 -0.000360028 0.00114181
18.58 2.64235e-06 4.7288e-05 -1.43983e-05 0.00013398 -0.000360108 0.00118269
18.6 2.04361e-06 4.08542e-05 -1.69843e-05 0.000118356 -0.000424785 0.00102178
18.62 1.27441e-06 2.31975e-05 -2.29339e-05 9.71175e-05 -0.000573587 0.000580178
18.64 4.23351e-07 2.65669e-07 -3.09413e-05 7.28487e-05 -0.000773856 6.6445e-06
18.66 -3.83304e-07 -1.78442e-05 -3.86038e-05 4.86128e-05 -0.000965497 -0.000446291
18.68 -1.0737e-06 -2.6967e-05 -4.47845e-05 2.61945e-05 -0.00112008 -0.000674457
18.7 -1.65769e-06 -3.11984e-05 -4.99114e-05 5.52312e-06 -0.0012483 -0.000780286
18.72 -2.16985e-06 -3.61681e-05 -5.40388e-05 -1.4401e-05 -0.00135153 -0.00090458
18.74 -2.61193e-06 -4.28356e-05 -5.60468e-05 -3.431e-05 -0.00140175 -0.00107134
18.76 -2.94992e-06 -4.81363e-05 -5.53383e-05 -5.42797e-05 -0.00138403 -0.00120391
18.78 -3.14643e-06 -4.94677e-05 -5.32827e-05 -7.39861e-05 -0.00133262 -0.00123721
18.8 -3.19173e-06 -4.73264e-05 -5.20226e-05 -9.29015e-05 -0.00130111 -0.00118365
18.82 -3.11164e-06 -4.45033e-05 -5.21973e-05 -0.000110227 -0.00130548 -0.00111305
18.84 -2.94536e-06 -4.35459e-05 -5.25195e-05 -0.00012482 -0.00131353 -0.0010891
18.86 -2.71058e-06 -4.47587e-05 -5.15588e-05 -0.000135291 -0.00128951 -0.00111943
18.88 -2.38913e-06 -4.64047e-05 -4.97084e-05 -0.000140282 -0.00124323 -0.0011606
18.9 -1.94706e-06 -4.63253e-05 -4.93572e-05 -0.000138733 -0.00123444 -0.00115861
18.92 -1.36985e-06 -4.2454e-05 -5.25277e-05 -0.000129959 -0.00131374 -0.00106179
18.94 -6.89883e-07 -3.3258e-05 -5.76208e-05 -0.000113907 -0.00144112 -0.000831796
18.96 7.72417e-09 -1.99525e-05 -5.9361e-05 -9.17479e-05 -0.00148464 -0.00049902
18.98 6.21498e-07 -6.88263e-06 -5.34525e-05 -6.60027e-05 -0.00133687 -0.000172137
19 1.1029e-06 2.46166e-06 -4.09335e-05 -3.95665e-05 -0.00102376 6.15671e-05
19.02 1.48864e-06 9.14799e-06 -2.70145e-05 -1.43361e-05 -0.000675643 0.000228795
19.04 1.84839e-06 1.69629e-05 -1.6397e-05 9.3347e-06 -0.000410096 0.000424249
19.06 2.2062e-06 2.71349e-05 -1.07003e-05 3.20007e-05 -0.000267619 0.000678654
19.08 2.52482e-06 3.63728e-05 -9.4934e-06 5.41358e-05 -0.000237434 0.000909699
19.1 2.75427e-06 4.05619e-05 -1.19162e-05 7.57213e-05 -0.000298029 0.00101447
19.12 2.87653e-06 3.94295e-05 -1.67596e-05 9.64202e-05 -0.000419164 0.000986147
19.14 2.90585e-06 3.68734e-05 -2.20321e-05 0.000115729 -0.000551032 0.000922218
19.16 2.85963e-06 3.7054e-05 -2.54915e-05 0.000132866 -0.000637552 0.000926737
19.18 2.73407e-06 4.05585e-05 -2.58028e-05 0.000146693 -0.00064534 0.00101438
19.2 2.50784e-06 4.43824e-05 -2.31358e-05 0.000155902 -0.000578637 0.00111002
19.22 2.16975e-06 4.56132e-05 -1.87325e-05 0.000159335 -0.000468509 0.00114081
19.24 1.73884e-06 4.44174e-05 -1.40552e-05 0.000156134 -0.000351527 0.0011109
19.26 1.25051e-06 4.22721e-05 -1.07056e-05 0.000145681 -0.000267752 0.00105724
19.28 7.26362e-07 3.83349e-05 -1.11241e-05 0.000127776 -0.000278218 0.000958772
19.3 1.68703e-07 2.98454e-05 -1.79107e-05 0.000103275 -0.000447954 0.000746446
19.32 -4.19699e-07 1.58429e-05 -3.09217e-05 7.44614e-05 -0.000773366 0.000396237
19.34 -1.02333e-06 -1.07426e-06 -4.57454e-05 4.44496e-05 -0.00114411 -2.68676e-05
19.36 -1.61583e-06 -1.6658e-05 -5.65553e-05 1.59392e-05 -0.00141447 -0.000416623
19.38 -2.16032e-06 -2.7834e-05 -6.04278e-05 -9.66731e-06 -0.00151132 -0.000696141
19.4 -2.6123e-06 -3.39477e-05 -5.84436e-05 -3.22149e-05 -0.0014617 -0.000849047
19.42 -2.93402e-06 -3.63418e-05 -5.34814e-05 -5.21671e-05 -0.00133759 -0.000908922
19.44 -3.10442e-06 -3.70714e-05 -4.82348e-05 -7.00819e-05 -0.00120637 -0.00092717
19.46 -3.1132e-06 -3.75473e-05 -4.50475e-05 -8.63893e-05 -0.00112666 -0.000939074
19.48 -2.9586e-06 -3.8118e-05 -4.57802e-05 -0.000101206 -0.00114498 -0.000953346
19.5 -2.6611e-06 -3.8882e-05 -5.0481e-05 -0.000114105 -0.00126255 -0.000972454
19.52 -2.26868e-06 -4.04085e-05 -5.66022e-05 -0.000124034 -0.00141565 -0.00101063
19.54 -1.83136e-06 -4.32307e-05 -6.06081e-05 -0.000129509 -0.00151583 -0.00108122
19.56 -1.36614e-06 -4.6707e-05 -6.06174e-05 -0.000128945 -0.00151607 -0.00116816
19.58 -8.4949e-07 -4.82866e-05 -5.72302e-05 -0.000121022 -0.00143135 -0.00120767
19.6 -2.45411e-07 -4.44214e-05 -5.23325e-05 -0.000105226 -0.00130886 -0.001111
19.62 4.52125e-07 -3.35933e-05 -4.77367e-05 -8.2531e-05 -0.00119391 -0.000840183
19.64 1.19431e-06 -1.82347e-05 -4.41934e-05 -5.55106e-05 -0.0011053 -0.000456057
19.66 1.89436e-06 -2.71087e-06 -4.09812e-05 -2.74427e-05 -0.00102496 -6.77999e-05
19.68 2.47281e-06 1.00342e-05 -3.70046e-05 -1.06589e-06 -0.0009255 0.00025096
19.7 2.88734e-06 1.92783e-05 -3.24005e-05 2.21504e-05 -0.000810351 0.000482159
19.72 3.12624e-06 2.50631e-05 -2.83838e-05 4.199e-05 -0.000709892 0.000626838
19.74 3.19171e-06 2.74997e-05 -2.55235e-05 5.90268e-05 -0.000638353 0.000687779
19.76 3.09911e-06 2.7562e-05 -2.29548e-05 7.40563e-05 -0.00057411 0.000689338
19.78 2.88257e-06 2.72659e-05 -1.96626e-05 8.76173e-05 -0.000491771 0.000681932
19.8 2.58667e-06 2.83241e-05 -1.60734e-05 9.97267e-05 -0.000402002 0.000708397
19.82 2.24826e-06 3.10264e-05 -1.39267e-05 0.000109877 -0.000348313 0.000775982
19.84 1.88502e-06 3.46942e-05 -1.47168e-05 0.000117206 -0.000368072 0.000867717
19.86 1.49419e-06 3.87414e-05 -1.84342e-05 0.00012071 -0.000461047 0.000968938
19.88 1.0549e-06 4.27206e-05 -2.35844e-05 0.000119469 -0.000589856 0.00106846
19.9 5.33958e-07 4.52322e-05 -2.82147e-05 0.000112863 -0.000705661 0.00113128
19.92 -9.75513e-08 4.36499e-05 -3.10098e-05 0.000100852 -0.000775569 0.0010917
19.94 -8.37123e-07 3.6129e-05 -3.15925e-05 8.42219e-05 -0.000790142 0.000903602
19.96 -1.63208e-06 2.37306e-05 -3.02918e-05 6.44841e-05 -0.00075761 0.000593513
19.98 -2.39022e-06 9.84117e-06 -2.83806e-05 4.33204e-05 -0.00070981 0.000246132
20 -3.01572e-06 -2.2293e-06 -2.82009e-05 2.20593e-05 -0.000705317 -5.57557e-05
20.02 -3.44524e-06 -1.0769e-05 -3.16484e-05 1.62452e-06 -0.00079154 -0.000269336
20.04 -3.66475e-06 -1.56086e-05 -3.82857e-05 -1.72233e-05 -0.000957541 -0.000390377
20.06 -3.7029e-06 -1.76249e-05 -4.58261e-05 -3.37935e-05 -0.00114613 -0.000440805
20.08 -3.608e-06 -1.83619e-05 -5.24266e-05 -4.76191e-05 -0.00131121 -0.000459238
20.1 -3.42544e-06 -1.94354e-05 -5.76654e-05 -5.85934e-05 -0.00144224 -0.000486087
20.12 -3.18872e-06 -2.18435e-05 -6.13244e-05 -6.69027e-05 -0.00153375 -0.000546315
20.14 -2.91918e-06 -2.58215e-05 -6.23286e-05 -7.28821e-05 -0.00155886 -0.000645806
20.16 -2.62063e-06 -3.11958e-05 -5.96713e-05 -7.69221e-05 -0.0014924 -0.000780219
20.18 -2.27092e-06 -3.75082e-05 -5.41259e-05 -7.93142e-05 -0.00135371 -0.000938096
20.2 -1.82525e-06 -4.36182e-05 -4.83166e-05 -7.99605e-05 -0.00120842 -0.00109091
20.22 -1.23769e-06 -4.73239e-05 -4.46783e-05 -7.81861e-05 -0.00111742 -0.00118359
20.24 -4.89382e-07 -4.58948e-05 -4.35237e-05 -7.29982e-05 -0.00108855 -0.00114785
20.26 3.92272e-07 -3.80183e-05 -4.34551e-05 -6.37701e-05 -0.00108683 -0.000950853
20.28 1.33441e-06 -2.54163e-05 -4.3431e-05 -5.07759e-05 -0.00108623 -0.000635671
20.3 2.24077e-06 -1.18649e-05 -4.36966e-05 -3.50884e-05 -0.00109287 -0.000296746
20.32 3.02101e-06 -6.37474e-07 -4.4324e-05 -1.80612e-05 -0.00110856 -1.59435e-05
20.34 3.61052e-06 6.91262e-06 -4.37676e-05 -9.5027e-07 -0.00109465 0.000172888
20.36 3.98085e-06 1.10117e-05 -4.03122e-05 1.51318e-05 -0.00100822 0.000275407
20.38 4.14558e-06 1.28473e-05 -3.46537e-05 2.92008e-05 -0.000866703 0.000321317
20.4 4.14898e-06 1.41969e-05 -2.95235e-05 4.05937e-05 -0.000738394 0.00035507
20.42 4.0324e-06 1.65363e-05 -2.66139e-05 4.92456e-05 -0.000665625 0.000413579
20.44 3.80815e-06 1.99685e-05 -2.50678e-05 5.57158e-05 -0.000626956 0.000499419
20.46 3.47096e-06 2.34392e-05 -2.33781e-05 6.08645e-05 -0.000584695 0.000586223
20.48 3.02788e-06 2.61957e-05 -2.17154e-05 6.54448e-05 -0.00054311 0.000655167
20.5 2.50456e-06 2.86329e-05 -2.14917e-05 6.98666e-05 -0.000537516 0.00071612
20.52 1.92367e-06 3.15852e-05 -2.31059e-05 7.41028e-05 -0.000577887 0.000789958
20.54 1.28912e-06 3.50326e-05 -2.51755e-05 7.76276e-05 -0.00062965 0.000876181
20.56 5.95717e-07 3.74384e-05 -2.62622e-05 7.94671e-05 -0.000656828 0.000936351
20.58 -1.49158e-07 3.6566e-05 -2.67037e-05 7.85836e-05 -0.000667872 0.000914532
20.6 -9.12948e-07 3.16075e-05 -2.82083e-05 7.44863e-05 -0.000705501 0.000790516
20.62 -1.64527e-06 2.42978e-05 -3.17732e-05 6.75073e-05 -0.000794662 0.000607697
20.64 -2.30227e-06 1.74105e-05 -3.62214e-05 5.84794e-05 -0.000905913 0.000435444
20.66 -2.86592e-06 1.23858e-05 -3.89953e-05 4.82249e-05 -0.000975289 0.000309775
20.68 -3.33667e-06 8.59806e-06 -3.88802e-05 3.7326e-05 -0.000972409 0.000215041
20.7 -3.71033e-06 4.50674e-06 -3.76715e-05 2.62207e-05 -0.000942179 0.000112716
20.72 -3.97117e-06 -8.9749e-07 -3.83454e-05 1.5362e-05 -0.000959033 -2.24466e-05
20.74 -4.10527e-06 -7.48703e-06 -4.18629e-05 5.20923e-06 -0.00104701 -0.000187254
20.76 -4.10857e-06 -1.41795e-05 -4.65378e-05 -3.94841e-06 -0.00116393 -0.000354634
20.78 -3.97994e-06 -1.96235e-05 -5.02774e-05 -1.21461e-05 -0.00125746 -0.000490793
20.8 -3.7174e-06 -2.31318e-05 -5.25423e-05 -1.96928e-05 -0.0013141 -0.000578536
20.82 -3.3267e-06 -2.51071e-05 -5.39889e-05 -2.69496e-05 -0.00135029 -0.000627939
20.84 -2.82702e-06 -2.63941e-05 -5.49906e-05 -3.41467e-05 -0.00137534 -0.000660129
20.86 -2.24458e-06 -2.73779e-05 -5.50978e-05 -4.13328e-05 -0.00137802 -0.000684732
20.88 -1.60456e-06 -2.80677e-05 -5.36997e-05 -4.83323e-05 -0.00134305 -0.000701984
20.9 -9.29431e-07 -2.87432e-05 -5.07098e-05 -5.46136e-05 -0.00126827 -0.00071888
20.92 -2.36037e-07 -2.96844e-05 -4.65945e-05 -5.92394e-05 -0.00116535 -0.000742418
20.94 4.70198e-07 -3.04011e-05 -4.21373e-05 -6.11863e-05 -0.00105387 -0.000760344
20.96 1.19268e-06 -2.97408e-05 -3.83206e-05 -5.98862e-05 -0.000958414 -0.000743829
20.98 1.93014e-06 -2.66437e-05 -3.61687e-05 -5.54768e-05 -0.000904595 -0.00066637
21 2.66382e-06 -2.07025e-05 -3.64244e-05 -4.85873e-05 -0.00091099 -0.000517779
21.02 3.35278e-06 -1.23975e-05 -3.89988e-05 -3.99818e-05 -0.000975377 -0.000310067
21.04 3.93628e-06 -3.05962e-06 -4.22278e-05 -3.0347e-05 -0.00105613 -7.65225e-05
21.06 4.34811e-06 5.68842e-06 -4.31344e-05 -2.02245e-05 -0.00107881 0.00014227
21.08 4.54333e-06 1.27442e-05 -3.97245e-05 -1.00051e-05 -0.000993526 0.000318737
21.1 4.51815e-06 1.77929e-05 -3.31604e-05 5.67203e-08 -0.000829356 0.000445008
21.12 4.30096e-06 2.08641e-05 -2.68158e-05 9.83876e-06 -0.000670674 0.000521819
21.14 3.92527e-06 2.1964e-05 -2.30859e-05 1.93468e-05 -0.000577388 0.00054933
21.16 3.41631e-06 2.13472e-05 -2.16862e-05 2.86498e-05 -0.000542381 0.000533903
21.18 2.801e-06 1.99885e-05 -2.10579e-05 3.77624e-05 -0.000526668 0.00049992
21.2 2.11761e-06 1.95374e-05 -2.06673e-05 4.65764e-05 -0.000516898 0.000488639
21.22 1.4048e-06 2.14515e-05 -2.14326e-05 5.48413e-05 -0.000536039 0.000536511
21.24 6.79359e-07 2.56337e-05 -2.42893e-05 6.20847e-05 -0.000607485 0.000641109
21.26 -7.23051e-08 2.9887e-05 -2.89028e-05 6.75779e-05 -0.000722871 0.000747486
21.28 -8.75485e-07 3.12987e-05 -3.37798e-05 7.05559e-05 -0.000844846 0.000782794
21.3 -1.7351e-06 2.84315e-05 -3.73513e-05 7.05584e-05 -0.000934171 0.000711084
21.32 -2.6184e-06 2.21807e-05 -3.8937e-05 6.75696e-05 -0.000973831 0.000554749
21.34 -3.46524e-06 1.47977e-05 -3.89391e-05 6.19014e-05 -0.000973882 0.000370096
21.36 -4.21319e-06 8.22982e-06 -3.83375e-05 5.40186e-05 -0.000958837 0.000205831
21.38 -4.81704e-06 3.07739e-06 -3.80776e-05 4.44488e-05 -0.000952338 7.69669e-05
21.4 -5.25307e-06 -1.27687e-06 -3.89038e-05 3.37483e-05 -0.000973 -3.19351e-05
21.42 -5.51168e-06 -5.61788e-06 -4.13025e-05 2.24646e-05 -0.00103299 -0.000140506
21.44 -5.58909e-06 -9.83521e-06 -4.49491e-05 1.11148e-05 -0.0011242 -0.000245983
21.46 -5.48621e-06 -1.28867e-05 -4.84396e-05 1.69074e-07 -0.00121149 -0.000322302
21.48 -5.21181e-06 -1.39265e-05 -5.03541e-05 -1.00222e-05 -0.00125938 -0.000348308
21.5 -4.78318e-06 -1.35006e-05 -5.06608e-05 -1.93371e-05 -0.00126705 -0.000337655
21.52 -4.22319e-06 -1.36394e-05 -5.05662e-05 -2.78726e-05 -0.00126468 -0.000341128
21.54 -3.55351e-06 -1.65099e-05 -5.09337e-05 -3.57232e-05 -0.00127387 -0.000412919
21.56 -2.78258e-06 -2.2216e-05 -5.13051e-05 -4.26476e-05 -0.00128316 -0.00055563
21.58 -1.89776e-06 -2.75904e-05 -5.06622e-05 -4.79365e-05 -0.00126708 -0.000690047
21.6 -8.81514e-07 -2.81301e-05 -4.88384e-05 -5.0736e-05 -0.00122147 -0.000703546
21.62 2.49644e-07 -2.19851e-05 -4.67709e-05 -5.05721e-05 -0.00116976 -0.000549857
21.64 1.42197e-06 -1.19026e-05 -4.53215e-05 -4.75442e-05 -0.00113351 -0.000297689
21.66 2.52848e-06 -3.08747e-06 -4.41809e-05 -4.20692e-05 -0.00110498 -7.7219e-05
21.68 3.48309e-06 9.38127e-07 -4.21948e-05 -3.45434e-05 -0.00105531 2.34629e-05
21.7 4.25791e-06 7.89698e-07 -3.86968e-05 -2.52708e-05 -0.000967824 1.97507e-05
21.72 4.87599e-06 1.32264e-07 -3.43125e-05 -1.46338e-05 -0.000858169 3.30798e-06
21.74 5.37017e-06 2.26624e-06 -3.04397e-05 -3.22002e-06 -0.000761309 5.66797e-05
21.76 5.74403e-06 7.38487e-06 -2.81035e-05 8.27055e-06 -0.00070288 0.000184699
21.78 5.96609e-06 1.27238e-05 -2.73685e-05 1.92343e-05 -0.000684499 0.000318227
21.8 5.99797e-06 1.52538e-05 -2.75536e-05 2.92857e-05 -0.000689127 0.000381503
21.82 5.82685e-06 1.43634e-05 -2.7559e-05 3.8243e-05 -0.000689262 0.000359235
21.84 5.47443e-06 1.217e-05 -2.61521e-05 4.60707e-05 -0.000654076 0.000304377
21.86 4.98137e-06 1.15761e-05 -2.27374e-05 5.28151e-05 -0.000568671 0.000289523
21.88 4.38498e-06 1.40072e-05 -1.82748e-05 5.84598e-05 -0.000457059 0.000350326
21.9 3.70453e-06 1.82124e-05 -1.51575e-05 6.26625e-05 -0.000379094 0.000455499
21.92 2.9392e-06 2.07315e-05 -1.56752e-05 6.46472e-05 -0.000392044 0.000518503
21.94 2.08252e-06 1.84942e-05 -2.01921e-05 6.361e-05 -0.000505012 0.000462547
21.96 1.14768e-06 1.17197e-05 -2.67543e-05 5.93363e-05 -0.000669137 0.000293115
21.98 1.7837e-07 3.92852e-06 -3.26564e-05 5.23398e-05 -0.00081675 9.8254e-05
22 -7.70272e-07 -1.06859e-06 -3.64665e-05 4.34226e-05 -0.000912043 -2.67259e-05
22.02 -1.66228e-06 -2.2722e-06 -3.85424e-05 3.31894e-05 -0.000963961 -5.68287e-05
22.04 -2.49183e-06 -2.07217e-06 -3.98646e-05 2.19626e-05 -0.000997031 -5.18259e-05
22.06 -3.26534e-06 -4.10268e-06 -4.08479e-05 1.00377e-05 -0.00102162 -0.00010261
22.08 -3.97024e-06 -1.01745e-05 -4.14218e-05 -2.09402e-06 -0.00103598 -0.000254469
22.1 -4.55708e-06 -1.86418e-05 -4.18497e-05 -1.37894e-05 -0.00104668 -0.000466239
22.12 -4.95459e-06 -2.54977e-05 -4.29762e-05 -2.44526e-05 -0.00107485 -0.000637708
22.14 -5.11067e-06 -2.73676e-05 -4.56137e-05 -3.36611e-05 -0.00114082 -0.000684475
22.16 -5.02691e-06 -2.40117e-05 -4.98206e-05 -4.11628e-05 -0.00124603 -0.000600543
22.18 -4.7588e-06 -1.84228e-05 -5.46182e-05 -4.68311e-05 -0.00136602 -0.000460762
22.2 -4.38242e-06 -1.47171e-05 -5.8182e-05 -5.06086e-05 -0.00145516 -0.00036808
22.22 -3.95023e-06 -1.5548e-05 -5.8607e-05 -5.24069e-05 -0.00146579 -0.000388862
22.24 -3.46114e-06 -2.03282e-05 -5.51338e-05 -5.19392e-05 -0.00137892 -0.000508416
22.26 -2.86262e-06 -2.49505e-05 -4.89673e-05 -4.86465e-05 -0.00122469 -0.000624023
22.28 -2.0914e-06 -2.44363e-05 -4.28221e-05 -4.20537e-05 -0.001071 -0.000611163
22.3 -1.13322e-06 -1.73046e-05 -3.92502e-05 -3.23704e-05 -0.000981664 -0.000432795
22.32 -5.04054e-08 -6.82777e-06 -3.88674e-05 -2.06037e-05 -0.000972091 -0.000170765
22.34 1.05244e-06 2.52864e-06 -4.00037e-05 -7.96786e-06 -0.00100051 6.32423e-05
22.36 2.0878e-06 9.22039e-06 -4.02211e-05 4.76786e-06 -0.00100595 0.000230606
22.38 3.00879e-06 1.46747e-05 -3.82679e-05 1.73602e-05 -0.000957096 0.00036702
22.4 3.78911e-06 2.00369e-05 -3.46067e-05 2.96847e-05 -0.000865528 0.000501131
22.42 4.40149e-06 2.40472e-05 -3.04055e-05 4.13892e-05 -0.000760454 0.00060143
22.44 4.82484e-06 2.44554e-05 -2.65214e-05 5.19225e-05 -0.00066331 0.000611639
22.46 5.06547e-06 2.09417e-05 -2.34606e-05 6.07723e-05 -0.000586758 0.000523761
22.48 5.16045e-06 1.60262e-05 -2.172e-05 6.76242e-05 -0.000543226 0.000400823
22.5 5.15226e-06 1.30395e-05 -2.16257e-05 7.237e-05 -0.000540868 0.000326123
22.52 5.05741e-06 1.34744e-05 -2.28029e-05 7.50404e-05 -0.00057031 0.000337001
22.54 4.85913e-06 1.65227e-05 -2.40604e-05 7.57032e-05 -0.000601761 0.000413239
22.56 4.52681e-06 2.07363e-05 -2.407e-05 7.43411e-05 -0.000602001 0.000518623
22.58 4.03763e-06 2.47552e-05 -2.25128e-05 7.07194e-05 -0.000563054 0.000619137
22.6 3.38224e-06 2.60642e-05 -2.07186e-05 6.4392e-05 -0.000518181 0.000651876
22.62 2.56842e-06 2.14203e-05 -2.08328e-05 5.50775e-05 -0.000521038 0.000535732
22.64 1.63625e-06 1.00554e-05 -2.39973e-05 4.31261e-05 -0.000600182 0.00025149
22.66 6.63245e-07 -4.64497e-06 -2.92856e-05 2.95125e-05 -0.000732446 -0.000116173
22.68 -2.61061e-07 -1.73645e-05 -3.44271e-05 1.53622e-05 -0.000861035 -0.000434293
22.7 -1.0702e-06 -2.44286e-05 -3.77059e-05 1.51878e-06 -0.00094304 -0.000610969
22.72 -1.73527e-06 -2.55235e-05 -3.94229e-05 -1.15262e-05 -0.000985983 -0.000638354
22.74 -2.26121e-06 -2.31099e-05 -4.14935e-05 -2.34633e-05 -0.00103777 -0.000577987
22.76 -2.67834e-06 -2.06486e-05 -4.53167e-05 -3.40308e-05 -0.00113339 -0.000516431
22.78 -3.02583e-06 -2.06694e-05 -5.00267e-05 -4.30086e-05 -0.00125119 -0.000516951
22.8 -3.32605e-06 -2.36317e-05 -5.31891e-05 -5.02439e-05 -0.00133028 -0.000591039
22.82 -3.56658e-06 -2.82757e-05 -5.3315e-05 -5.56455e-05 -0.00133343 -0.000707186
22.84 -3.7053e-06 -3.29089e-05 -5.13875e-05 -5.91691e-05 -0.00128522 -0.000823066
22.86 -3.69319e-06 -3.62736e-05 -4.98263e-05 -6.0784e-05 -0.00124618 -0.000907218
22.88 -3.49753e-06 -3.75732e-05 -5.02784e-05 -6.03788e-05 -0.00125748 -0.00093972
22.9 -3.1137e-06 -3.62093e-05 -5.25063e-05 -5.76616e-05 -0.0013132 -0.00090561
22.92 -2.56487e-06 -3.15721e-05 -5.48679e-05 -5.21959e-05 -0.00137227 -0.000789632
22.94 -1.89614e-06 -2.32506e-05 -5.54184e-05 -4.36814e-05 -0.00138604 -0.000581508
22.96 -1.16941e-06 -1.22304e-05 -5.29276e-05 -3.23724e-05 -0.00132374 -0.000305888
22.98 -4.52764e-07 -1.49274e-06 -4.75239e-05 -1.91854e-05 -0.00118859 -3.7334e-05
23 2.03204e-07 5.87139e-06 -4.0684e-05 -5.26903e-06 -0.00101752 0.000146846
23.02 7.86768e-07 9.16723e-06 -3.45515e-05 8.52392e-06 -0.000864148 0.000229276
23.04 1.3184e-06 1.02448e-05 -3.08848e-05 2.17605e-05 -0.000772442 0.000256226
23.06 1.81949e-06 1.15259e-05 -3.00914e-05 3.41978e-05 -0.000752598 0.000288267
23.08 2.28896e-06 1.4484e-05 -3.10119e-05 4.55812e-05 -0.000775621 0.000362251
23.1 2.70466e-06 1.95693e-05 -3.18711e-05 5.5656e-05 -0.000797111 0.000489436
23.12 3.03427e-06 2.63755e-05 -3.16951e-05 6.42533e-05 -0.000792707 0.000659663
23.14 3.24054e-06 3.33764e-05 -3.07713e-05 7.12757e-05 -0.000769604 0.000834758
23.16 3.2864e-06 3.8205e-05 -2.9767e-05 7.66095e-05 -0.000744486 0.000955524
23.18 3.14887e-06 3.90429e-05 -2.87393e-05 8.00854e-05 -0.000718782 0.00097648
23.2 2.8348e-06 3.59615e-05 -2.71872e-05 8.15028e-05 -0.000679964 0.000899412
23.22 2.38275e-06 3.08839e-05 -2.47769e-05 8.06668e-05 -0.000619681 0.00077242
23.24 1.84715e-06 2.60832e-05 -2.18336e-05 7.74008e-05 -0.000546068 0.000652351
23.26 1.27725e-06 2.22846e-05 -1.94578e-05 7.15437e-05 -0.000486649 0.000557347
23.28 7.06897e-07 1.83453e-05 -1.93181e-05 6.30694e-05 -0.000483155 0.000458823
23.3 1.5909e-07 1.31554e-05 -2.28174e-05 5.23176e-05 -0.000570674 0.000329021
23.32 -3.49191e-07 7.29174e-06 -2.98394e-05 4.00329e-05 -0.000746296 0.00018237
23.34 -8.14238e-07 2.2479e-06 -3.81932e-05 2.7076e-05 -0.000955227 5.62209e-05
23.36 -1.25236e-06 -1.55223e-06 -4.46173e-05 1.40838e-05 -0.0011159 -3.88218e-05
23.38 -1.6856e-06 -5.38552e-06 -4.68037e-05 1.38973e-06 -0.00117058 -0.000134694
23.4 -2.11318e-06 -1.08962e-05 -4.49145e-05 -1.08003e-05 -0.00112333 -0.000272517
23.42 -2.49744e-06 -1.8449e-05 -4.14202e-05 -2.22355e-05 -0.00103594 -0.000461416
23.44 -2.77798e-06 -2.67513e-05 -3.9399e-05 -3.26334e-05 -0.000985385 -0.000669061
23.46 -2.90127e-06 -3.37561e-05 -4.06259e-05 -4.17978e-05 -0.00101607 -0.000844254
23.48 -2.84488e-06 -3.791e-05 -4.47757e-05 -4.96514e-05 -0.00111986 -0.000948145
23.5 -2.62435e-06 -3.89007e-05 -4.99433e-05 -5.6147e-05 -0.0012491 -0.000972922
23.52 -2.28156e-06 -3.74972e-05 -5.3801e-05 -6.11564e-05 -0.00134559 -0.00093782
23.54 -1.86318e-06 -3.48103e-05 -5.4762e-05 -6.44257e-05 -0.00136962 -0.00087062
23.56 -1.4032e-06 -3.18548e-05 -5.27362e-05 -6.56206e-05 -0.00131895 -0.000796702
23.58 -9.17911e-07 -2.95081e-05 -4.89864e-05 -6.44067e-05 -0.00122517 -0.000738009
23.6 -4.09609e-07 -2.80206e-05 -4.50801e-05 -6.05188e-05 -0.00112747 -0.000700807
23.62 1.27285e-07 -2.66128e-05 -4.19867e-05 -5.39241e-05 -0.0010501 -0.000665596
23.64 6.96506e-07 -2.41552e-05 -4.01068e-05 -4.50216e-05 -0.00100309 -0.000604132
23.66 1.28921e-06 -2.00306e-05 -3.95152e-05 -3.45777e-05 -0.000988292 -0.000500974
23.68 1.88051e-06 -1.40995e-05 -3.9773e-05 -2.33563e-05 -0.000994739 -0.000352635
23.7 2.43406e-06 -6.38423e-06 -3.99886e-05 -1.18162e-05 -0.00100013 -0.000159672
23.72 2.90736e-06 2.63231e-06 -3.9409e-05 -1.46149e-07 -0.000985636 6.58351e-05
23.74 3.25647e-06 1.1684e-05 -3.76995e-05 1.15166e-05 -0.000942881 0.000292221
23.76 3.44527e-06 1.92474e-05 -3.46356e-05 2.29724e-05 -0.00086625 0.000481385
23.78 3.4578e-06 2.44084e-05 -2.99997e-05 3.39895e-05 -0.000750306 0.000610463
23.8 3.30539e-06 2.7088e-05 -2.41259e-05 4.43256e-05 -0.0006034 0.000677481
23.82 3.02398e-06 2.77359e-05 -1.8439e-05 5.36896e-05 -0.000461167 0.000693687
23.84 2.66241e-06 2.71191e-05 -1.51618e-05 6.17366e-05 -0.000379204 0.000678261
23.86 2.26444e-06 2.61577e-05 -1.61222e-05 6.81336e-05 -0.000403222 0.000654216
23.88 1.85113e-06 2.56124e-05 -2.13887e-05 7.26311e-05 -0.000534941 0.000640577
23.9 1.41451e-06 2.5879e-05 -2.88087e-05 7.50835e-05 -0.000720517 0.000647245
23.92 9.27994e-07 2.68167e-05 -3.50429e-05 7.53952e-05 -0.000876438 0.000670696
23.94 3.66479e-07 2.75215e-05 -3.74215e-05 7.34817e-05 -0.000935927 0.000688323
23.96 -2.74221e-07 2.66776e-05 -3.52226e-05 6.93647e-05 -0.000880932 0.000667217
23.98 -9.65916e-07 2.33935e-05 -2.97911e-05 6.32765e-05 -0.000745087 0.00058508
24 -1.65092e-06 1.75357e-05 -2.40211e-05 5.55531e-05 -0.000600777 0.000438574
24.02 -2.25946e-06 9.45037e-06 -2.15138e-05 4.63991e-05 -0.00053807 0.000236358
24.04 -2.73187e-06 -2.69513e-08 -2.48573e-05 3.58453e-05 -0.000621692 -6.74062e-07
24.06 -3.03527e-06 -9.09389e-06 -3.34944e-05 2.40168e-05 -0.00083771 -0.000227442
24.08 -3.17066e-06 -1.53071e-05 -4.35818e-05 1.1393e-05 -0.00109 -0.000382836
24.1 -3.16845e-06 -1.73115e-05 -5.08267e-05 -1.28047e-06 -0.0012712 -0.000432969
24.12 -3.07344e-06 -1.6337e-05 -5.3659e-05 -1.33171e-05 -0.00134203 -0.000408595
24.14 -2.92635e-06 -1.55466e-05 -5.35788e-05 -2.42935e-05 -0.00134003 -0.000388827
24.16 -2.75004e-06 -1.76164e-05 -5.28069e-05 -3.40229e-05 -0.00132072 -0.000440594
24.18 -2.54326e-06 -2.2706e-05 -5.21211e-05 -4.24734e-05 -0.00130357 -0.000567888
24.2 -2.28333e-06 -2.84492e-05 -5.09587e-05 -4.97208e-05 -0.0012745 -0.000711527
24.22 -1.94086e-06 -3.19483e-05 -4.89974e-05 -5.58555e-05 -0.00122545 -0.000799041
24.24 -1.50147e-06 -3.21662e-05 -4.70462e-05 -6.08041e-05 -0.00117664 -0.000804491
24.26 -9.77907e-07 -3.04514e-05 -4.63676e-05 -6.41566e-05 -0.00115967 -0.000761603
24.28 -4.01279e-07 -2.86229e-05 -4.74952e-05 -6.51893e-05 -0.00118787 -0.00071587
24.3 1.97077e-07 -2.68501e-05 -4.98633e-05 -6.31894e-05 -0.0012471 -0.000671533
24.32 7.91393e-07 -2.36031e-05 -5.23037e-05 -5.78655e-05 -0.00130814 -0.000590323
24.34 1.35129e-06 -1.74812e-05 -5.35025e-05 -4.94883e-05 -0.00133812 -0.000437211
24.36 1.83331e-06 -8.97493e-06 -5.2061e-05 -3.87005e-05 -0.00130207 -0.000224467
24.38 2.19157e-06 -4.73217e-07 -4.69905e-05 -2.62623e-05 -0.00117525 -1.18354e-05
24.4 2.40455e-06 5.47066e-06 -3.89203e-05 -1.29446e-05 -0.000973413 0.000136824
24.42 2.49398e-06 8.124e-06 -3.0472e-05 5.32738e-07 -0.000762119 0.000203185
24.44 2.5132e-06 9.12341e-06 -2.46616e-05 1.36509e-05 -0.000616796 0.00022818
24.46 2.51056e-06 1.11103e-05 -2.27532e-05 2.61989e-05 -0.000569068 0.000277872
24.48 2.49851e-06 1.56082e-05 -2.38058e-05 3.81534e-05 -0.000595392 0.000390368
24.5 2.45089e-06 2.18447e-05 -2.60284e-05 4.94283e-05 -0.000650981 0.000546346
24.52 2.32391e-06 2.7342e-05 -2.8074e-05 5.97611e-05 -0.000702143 0.000683835
24.54 2.08397e-06 2.98114e-05 -2.90683e-05 6.88128e-05 -0.00072701 0.000745597
24.56 1.72884e-06 2.89676e-05 -2.81711e-05 7.62973e-05 -0.000704572 0.000724492
24.58 1.29259e-06 2.67227e-05 -2.48996e-05 8.19617e-05 -0.000622749 0.000668347
24.6 8.29524e-07 2.53475e-05 -1.99993e-05 8.54487e-05 -0.000500191 0.000633952
24.62 3.87298e-07 2.51903e-05 -1.56095e-05 8.6216e-05 -0.000390399 0.00063002
24.64 -9.50378e-09 2.44033e-05 -1.41374e-05 8.36821e-05 -0.000353583 0.000610336
24.66 -3.54525e-07 2.10828e-05 -1.67082e-05 7.75399e-05 -0.000417878 0.00052729
24.68 -6.45927e-07 1.52976e-05 -2.25428e-05 6.79614e-05 -0.000563806 0.000382599
24.7 -8.82543e-07 8.7804e-06 -2.9617e-05 5.55467e-05 -0.000740734 0.000219601
24.72 -1.07029e-06 3.00193e-06 -3.58335e-05 4.11433e-05 -0.00089621 7.50796e-05
24.74 -1.22363e-06 -2.12248e-06 -3.99214e-05 2.56773e-05 -0.00099845 -5.30842e-05
24.76 -1.35431e-06 -7.69821e-06 -4.17274e-05 1.00022e-05 -0.00104362 -0.000192535
24.78 -1.45702e-06 -1.42766e-05 -4.19574e-05 -5.23336e-06 -0.00104937 -0.000357064
24.8 -1.5073e-06 -2.09982e-05 -4.17281e-05 -1.96477e-05 -0.00104364 -0.000525173
24.82 -1.47606e-06 -2.63176e-05 -4.21614e-05 -3.30893e-05 -0.00105447 -0.000658213
24.84 -1.34979e-06 -2.93891e-05 -4.39436e-05 -4.55265e-05 -0.00109905 -0.000735033
24.86 -1.14047e-06 -3.059e-05 -4.69258e-05 -5.69045e-05 -0.00117363 -0.000765069
24.88 -8.788e-07 -3.08733e-05 -5.02154e-05 -6.70178e-05 -0.00125591 -0.000772155
24.9 -5.98925e-07 -3.09523e-05 -5.28488e-05 -7.5452e-05 -0.00132177 -0.00077413
24.92 -3.2752e-07 -3.11426e-05 -5.43268e-05 -8.1629e-05 -0.00135874 -0.000778889
24.94 -8.06408e-08 -3.15721e-05 -5.44541e-05 -8.49183e-05 -0.00136192 -0.000789631
24.96 1.37502e-07 -3.20512e-05 -5.30104e-05 -8.47416e-05 -0.00132581 -0.000801613
24.98 3.36867e-07 -3.17042e-05 -5.00799e-05 -8.06829e-05 -0.00125252 -0.000792936
25 5.37629e-07 -2.92563e-05 -4.6631e-05 -7.26655e-05 -0.00116626 -0.000731713
25.02 7.54252e-07 -2.40046e-05 -4.41127e-05 -6.10967e-05 -0.00110328 -0.000600365
25.04 9.78708e-07 -1.6402e-05 -4.32744e-05 -4.68106e-05 -0.00108231 -0.00041022
25.06 1.17959e-06 -7.74022e-06 -4.36408e-05 -3.08349e-05 -0.00109147 -0.000193586
25.08 1.31745e-06 6.14954e-07 -4.39538e-05 -1.41243e-05 -0.0010993 1.53803e-05
25.1 1.36202e-06 7.82482e-06 -4.28895e-05 2.63605e-06 -0.00107268 0.000195702
25.12 1.30198e-06 1.37224e-05 -3.97524e-05 1.90784e-05 -0.000994225 0.000343202
25.14 1.14687e-06 1.85423e-05 -3.49981e-05 3.50238e-05 -0.000875318 0.00046375
25.16 9.21831e-07 2.25325e-05 -3.00821e-05 5.028e-05 -0.000752366 0.000563546
25.18 6.56555e-07 2.57816e-05 -2.65274e-05 6.45277e-05 -0.00066346 0.000644809
25.2 3.75704e-07 2.83578e-05 -2.50067e-05 7.73429e-05 -0.000625429 0.000709242
25.22 9.65188e-08 3.05227e-05 -2.52527e-05 8.82694e-05 -0.00063158 0.000763386
25.24 -1.69487e-07 3.27046e-05 -2.66454e-05 9.68756e-05 -0.000666412 0.000817957
25.26 -4.17291e-07 3.5163e-05 -2.87049e-05 0.000102801 -0.000717922 0.000879441
25.28 -6.51609e-07 3.75709e-05 -3.10632e-05 0.000105784 -0.000776905 0.000939663
25.3 -8.86362e-07 3.88532e-05 -3.31474e-05 0.000105645 -0.00082903 0.000971736
25.32 -1.13557e-06 3.75703e-05 -3.39801e-05 0.000102254 -0.000849856 0.00093965
25.34 -1.39775e-06 3.29317e-05 -3.23774e-05 9.55734e-05 -0.000809772 0.000823635
25.36 -1.64253e-06 2.56813e-05 -2.80815e-05 8.57338e-05 -0.00070233 0.000642299
25.38 -1.8131e-06 1.75895e-05 -2.34071e-05 7.30206e-05 -0.000585422 0.00043992
25.4 -1.85216e-06 9.93274e-06 -2.25227e-05 5.78705e-05 -0.000563303 0.000248422
25.42 -1.73667e-06 2.84024e-06 -2.76358e-05 4.10018e-05 -0.000691183 7.10355e-05
25.44 -1.48986e-06 -3.96507e-06 -3.65908e-05 2.34499e-05 -0.000915151 -9.9168e-05
25.46 -1.15796e-06 -1.03376e-05 -4.51331e-05 6.28093e-06 -0.0011288 -0.000258546
25.48 -7.78494e-07 -1.57396e-05 -5.08015e-05 -9.78189e-06 -0.00127057 -0.000393655
25.5 -3.72925e-07 -1.97627e-05 -5.3794e-05 -2.44387e-05 -0.00134541 -0.000494272
25.52 3.91679e-08 -2.25008e-05 -5.48982e-05 -3.76349e-05 -0.00137303 -0.000562755
25.54 4.3226e-07 -2.45997e-05 -5.40467e-05 -4.94293e-05 -0.00135173 -0.00061525
25.56 7.84499e-07 -2.69725e-05 -5.10398e-05 -5.99602e-05 -0.00127653 -0.000674595
25.58 1.08998e-06 -3.02392e-05 -4.66646e-05 -6.9317e-05 -0.0011671 -0.000756295
25.6 1.3594e-06 -3.42294e-05 -4.25269e-05 -7.73198e-05 -0.00106362 -0.000856091
25.62 1.61044e-06 -3.79396e-05 -4.0052e-05 -8.3431e-05 -0.00100172 -0.000948885
25.64 1.85572e-06 -3.99808e-05 -3.97834e-05 -8.69015e-05 -0.000995 -0.000999935
25.66 2.0932e-06 -3.92616e-05 -4.135e-05 -8.70257e-05 -0.00103418 -0.000981948
25.68 2.30304e-06 -3.56199e-05 -4.40746e-05 -8.33548e-05 -0.00110233 -0.000890868
25.7 2.45237e-06 -2.99743e-05 -4.7547e-05 -7.5811e-05 -0.00118917 -0.00074967
25.72 2.50456e-06 -2.36432e-05 -5.08351e-05 -6.46914e-05 -0.00127141 -0.000591325
25.74 2.43008e-06 -1.73516e-05 -5.14329e-05 -5.06277e-05 -0.00128636 -0.000433971
25.76 2.22061e-06 -1.10111e-05 -4.6999e-05 -3.45844e-05 -0.00117547 -0.000275393
25.78 1.89998e-06 -4.40655e-06 -3.85212e-05 -1.77877e-05 -0.00096343 -0.00011021
25.8 1.5148e-06 2.19822e-06 -3.01178e-05 -1.41765e-06 -0.00075326 5.49784e-05
25.82 1.1057e-06 8.16723e-06 -2.52359e-05 1.3807e-05 -0.00063116 0.000204266
25.84 6.88337e-07 1.29334e-05 -2.40016e-05 2.77871e-05 -0.00060029 0.000323469
25.86 2.63831e-07 1.62614e-05 -2.44483e-05 4.08215e-05 -0.000611463 0.000406704
25.88 -1.59122e-07 1.84008e-05 -2.51484e-05 5.32836e-05 -0.000628972 0.000460211
25.9 -5.57628e-07 2.02279e-05 -2.60053e-05 6.54385e-05 -0.000650404 0.000505907
25.92 -9.05258e-07 2.29947e-05 -2.7344e-05 7.73198e-05 -0.000683884 0.000575108
25.94 -1.18572e-06 2.7514e-05 -2.92167e-05 8.85581e-05 -0.000730722 0.000688137
25.96 -1.40065e-06 3.34079e-05 -3.14397e-05 9.83073e-05 -0.00078632 0.000835545
25.98 -1.56909e-06 3.91243e-05 -3.37081e-05 0.000105421 -0.000843053 0.000978516
26 -1.71796e-06 4.26818e-05 -3.56362e-05 0.000108812 -0.000891277 0.00106749
26.02 -1.86777e-06 4.25746e-05 -3.67903e-05 0.000107793 -0.000920141 0.00106481
26.04 -2.02192e-06 3.84194e-05 -3.63868e-05 0.000102264 -0.00091005 0.000960885
26.06 -2.16216e-06 3.11463e-05 -3.33637e-05 9.27063e-05 -0.000834439 0.000778983
26.08 -2.24798e-06 2.24684e-05 -2.82816e-05 7.99956e-05 -0.000707334 0.000561943
26.1 -2.22588e-06 1.38272e-05 -2.49438e-05 6.5155e-05 -0.000623855 0.000345825
26.12 -2.05657e-06 5.80299e-06 -2.76982e-05 4.92118e-05 -0.000692743 0.000145135
26.14 -1.74408e-06 -1.43673e-06 -3.66358e-05 3.31248e-05 -0.000916276 -3.59333e-05
26.16 -1.33436e-06 -7.40042e-06 -4.71065e-05 1.76127e-05 -0.00117815 -0.000185087
26.18 -8.81745e-07 -1.13416e-05 -5.42605e-05 2.94078e-06 -0.00135708 -0.000283657
26.2 -4.22741e-07 -1.30744e-05 -5.69662e-05 -1.10512e-05 -0.00142475 -0.000326996
26.22 1.84836e-08 -1.35433e-05 -5.72562e-05 -2.46391e-05 -0.001432 -0.000338724
26.24 4.13943e-07 -1.45351e-05 -5.72085e-05 -3.79415e-05 -0.00143081 -0.000363528
26.26 7.33224e-07 -1.76837e-05 -5.69886e-05 -5.08697e-05 -0.00142531 -0.000442276
26.28 9.60619e-07 -2.33085e-05 -5.5328e-05 -6.31182e-05 -0.00138378 -0.000582954
26.3 1.10828e-06 -2.99149e-05 -5.1328e-05 -7.40702e-05 -0.00128374 -0.000748185
26.32 1.212e-06 -3.50406e-05 -4.5901e-05 -8.28045e-05 -0.001148 -0.00087638
26.34 1.30959e-06 -3.69772e-05 -4.15916e-05 -8.83355e-05 -0.00104022 -0.000924814
26.36 1.4158e-06 -3.58438e-05 -4.07827e-05 -8.9925e-05 -0.00101999 -0.000896468
26.38 1.51396e-06 -3.30336e-05 -4.40119e-05 -8.72402e-05 -0.00110076 -0.000826185
26.4 1.57053e-06 -2.97166e-05 -4.98989e-05 -8.03438e-05 -0.00124799 -0.000743225
26.42 1.55515e-06 -2.58507e-05 -5.57484e-05 -6.9616e-05 -0.00139429 -0.000646536
26.44 1.44878e-06 -2.05187e-05 -5.801e-05 -5.57023e-05 -0.00145085 -0.00051318
26.46 1.24519e-06 -1.32736e-05 -5.40823e-05 -3.95441e-05 -0.00135262 -0.000331978
26.48 9.56779e-07 -5.13544e-06 -4.48676e-05 -2.23651e-05 -0.00112216 -0.000128439
26.5 6.17179e-07 1.99525e-06 -3.45711e-05 -5.39837e-06 -0.000864637 4.9902e-05
26.52 2.69037e-07 7.01019e-06 -2.72653e-05 1.05556e-05 -0.000681915 0.000175328
26.54 -5.44115e-08 1.04563e-05 -2.40436e-05 2.53462e-05 -0.000601341 0.000261517
26.56 -3.36991e-07 1.365e-05 -2.35557e-05 3.92616e-05 -0.000589137 0.000341393
26.58 -5.75569e-07 1.72519e-05 -2.43487e-05 5.26457e-05 -0.000608972 0.000431477
26.6 -7.73958e-07 2.09259e-05 -2.5999e-05 6.56659e-05 -0.000650245 0.000523366
26.62 -9.38044e-07 2.41016e-05 -2.84524e-05 7.8221e-05 -0.000711607 0.000602792
26.64 -1.07117e-06 2.67039e-05 -3.11628e-05 8.98508e-05 -0.000779395 0.000667875
26.66 -1.17212e-06 2.91777e-05 -3.31279e-05 9.9701e-05 -0.000828543 0.000729746
26.68 -1.23771e-06 3.19831e-05 -3.35277e-05 0.000106665 -0.000838541 0.000799912
26.7 -1.26749e-06 3.49846e-05 -3.22105e-05 0.000109669 -0.000805599 0.000874979
26.72 -1.26668e-06 3.71159e-05 -2.95833e-05 0.000107957 -0.000739891 0.000928283
26.74 -1.24347e-06 3.66823e-05 -2.62091e-05 0.00010128 -0.000655501 0.000917438
26.76 -1.19889e-06 3.23133e-05 -2.30869e-05 8.99931e-05 -0.000577414 0.000808169
26.78 -1.11673e-06 2.39896e-05 -2.22589e-05 7.50304e-05 -0.000556704 0.00059999
26.8 -9.69253e-07 1.33486e-05 -2.56458e-05 5.778e-05 -0.000641412 0.000333853
26.82 -7.40081e-07 2.873e-06 -3.26607e-05 3.98277e-05 -0.000816857 7.1855e-05
26.84 -4.3984e-07 -5.50272e-06 -4.01227e-05 2.25368e-05 -0.00100349 -0.000137625
26.86 -9.54315e-08 -1.12005e-05 -4.51232e-05 6.63609e-06 -0.00112855 -0.000280128
26.88 2.71097e-07 -1.46429e-05 -4.73666e-05 -7.88411e-06 -0.00118466 -0.000366226
26.9 6.46394e-07 -1.64315e-05 -4.84473e-05 -2.14819e-05 -0.00121169 -0.000410958
26.92 1.01237e-06 -1.71405e-05 -4.96137e-05 -3.46473e-05 -0.00124086 -0.000428691
26.94 1.33797e-06 -1.77638e-05 -5.08091e-05 -4.76427e-05 -0.00127076 -0.000444279
26.96 1.58776e-06 -1.97642e-05 -5.13735e-05 -6.03865e-05 -0.00128487 -0.00049431
26.98 1.73915e-06 -2.4152e-05 -5.08954e-05 -7.23611e-05 -0.00127291 -0.000604051
27 1.79426e-06 -3.04483e-05 -4.94038e-05 -8.26071e-05 -0.00123561 -0.000761526
27.02 1.77855e-06 -3.67553e-05 -4.72622e-05 -8.99229e-05 -0.00118205 -0.000919266
27.04 1.72699e-06 -4.09455e-05 -4.50543e-05 -9.32168e-05 -0.00112683 -0.00102406
27.06 1.66753e-06 -4.17901e-05 -4.34322e-05 -9.18157e-05 -0.00108626 -0.00104519
27.08 1.61304e-06 -3.91428e-05 -4.31155e-05 -8.56123e-05 -0.00107834 -0.000978978
27.1 1.56109e-06 -3.34212e-05 -4.45972e-05 -7.50471e-05 -0.00111539 -0.000835878
27.12 1.49319e-06 -2.52174e-05 -4.68596e-05 -6.09851e-05 -0.00117198 -0.000630699
27.14 1.37679e-06 -1.55438e-05 -4.71757e-05 -4.46003e-05 -0.00117988 -0.000388757
27.16 1.18139e-06 -6.19153e-06 -4.37747e-05 -2.72701e-05 -0.00109482 -0.000154853
27.18 9.01759e-07 7.80546e-07 -3.80795e-05 -1.03184e-05 -0.000952384 1.95218e-05
27.2 5.63409e-07 4.40394e-06 -3.3032e-05 5.39955e-06 -0.000826145 0.000110144
27.22 2.05368e-07 5.68205e-06 -2.9805e-05 1.97577e-05 -0.000745437 0.00014211
27.24 -1.37086e-07 6.85335e-06 -2.73556e-05 3.31647e-05 -0.000684175 0.000171405
27.26 -4.3669e-07 9.60217e-06 -2.47633e-05 4.6076e-05 -0.000619341 0.000240154
27.28 -6.75458e-07 1.39751e-05 -2.27017e-05 5.86641e-05 -0.000567779 0.000349524
27.3 -8.48512e-07 1.89276e-05 -2.24383e-05 7.07899e-05 -0.000561191 0.000473387
27.32 -9.62688e-07 2.36246e-05 -2.42704e-05 8.203e-05 -0.000607012 0.000590862
27.34 -1.02981e-06 2.79943e-05 -2.73064e-05 9.16364e-05 -0.000682943 0.000700149
27.36 -1.06419e-06 3.2094e-05 -3.02621e-05 9.85998e-05 -0.000756867 0.000802685
27.38 -1.08402e-06 3.52534e-05 -3.21525e-05 0.000101917 -0.000804147 0.000881701
27.4 -1.10631e-06 3.61682e-05 -3.25621e-05 0.000100916 -0.000814391 0.000904583
27.42 -1.13537e-06 3.39445e-05 -3.15485e-05 9.54502e-05 -0.000789041 0.000848966
27.44 -1.15687e-06 2.89146e-05 -2.93758e-05 8.58948e-05 -0.000734702 0.000723165
27.46 -1.14312e-06 2.23156e-05 -2.68122e-05 7.3018e-05 -0.000670584 0.000558123
27.48 -1.06485e-06 1.53153e-05 -2.56606e-05 5.78367e-05 -0.000641782 0.000383042
27.5 -9.04441e-07 8.50842e-06 -2.7806e-05 4.15268e-05 -0.000695439 0.000212799
27.52 -6.66601e-07 2.13667e-06 -3.32881e-05 2.529e-05 -0.000832549 5.3439e-05
27.54 -3.77032e-07 -3.57395e-06 -4.00728e-05 1.00777e-05 -0.00100224 -8.9386e-05
27.56 -6.71577e-08 -8.36535e-06 -4.59266e-05 -3.68051e-06 -0.00114864 -0.000209221
27.58 2.40024e-07 -1.20812e-05 -4.9978e-05 -1.60867e-05 -0.00124997 -0.000302155
27.6 5.29434e-07 -1.47947e-05 -5.24084e-05 -2.74949e-05 -0.00131076 -0.000370022
27.62 7.86296e-07 -1.6872e-05 -5.3381e-05 -3.82012e-05 -0.00133508 -0.000421975
27.64 9.95996e-07 -1.88816e-05 -5.28109e-05 -4.82991e-05 -0.00132082 -0.000472237
27.66 1.15082e-06 -2.13034e-05 -5.09057e-05 -5.7636e-05 -0.00127317 -0.000532807
27.68 1.25314e-06 -2.42391e-05 -4.84198e-05 -6.57614e-05 -0.001211 -0.000606229
27.7 1.31191e-06 -2.73779e-05 -4.62873e-05 -7.19366e-05 -0.00115767 -0.000684732
27.72 1.3375e-06 -3.01724e-05 -4.51315e-05 -7.52973e-05 -0.00112876 -0.000754623
27.74 1.33849e-06 -3.2004e-05 -4.50684e-05 -7.51125e-05 -0.00112718 -0.000800433
27.76 1.32053e-06 -3.22579e-05 -4.58829e-05 -7.09986e-05 -0.00114755 -0.000806783
27.78 1.28601e-06 -3.03836e-05 -4.73152e-05 -6.3017e-05 -0.00118337 -0.000759907
27.8 1.23179e-06 -2.60444e-05 -4.88218e-05 -5.16714e-05 -0.00122105 -0.000651381
27.82 1.14625e-06 -1.9431e-05 -4.91015e-05 -3.78574e-05 -0.00122805 -0.000485977
27.84 1.01274e-06 -1.15386e-05 -4.68086e-05 -2.27737e-05 -0.0011707 -0.000288584
27.86 8.22303e-07 -3.8909e-06 -4.20692e-05 -7.71597e-06 -0.00105217 -9.7313e-05
27.88 5.8373e-07 2.31193e-06 -3.6608e-05 6.26867e-06 -0.00091558 5.78224e-05
27.9 3.18433e-07 6.7991e-06 -3.21661e-05 1.86862e-05 -0.000804488 0.000170048
27.92 4.7028e-08 9.96427e-06 -2.9245e-05 2.96263e-05 -0.000731431 0.000249211
27.94 -2.16164e-07 1.2215e-05 -2.74581e-05 3.95047e-05 -0.000686738 0.000305502
27.96 -4.58506e-07 1.38057e-05 -2.65142e-05 4.87439e-05 -0.00066313 0.000345285
27.98 -6.65553e-07 1.51595e-05 -2.64562e-05 5.75812e-05 -0.000661681 0.000379146
28 -8.24477e-07 1.69534e-05 -2.72149e-05 6.5973e-05 -0.000680656 0.000424012
28.02 -9.29686e-07 1.96767e-05 -2.83737e-05 7.35282e-05 -0.000709637 0.000492123
28.04 -9.84995e-07 2.31588e-05 -2.94213e-05 7.9526e-05 -0.000735838 0.000579212
28.06 -1.00129e-06 2.65668e-05 -3.00728e-05 8.3093e-05 -0.000752132 0.000664446
28.08 -9.91384e-07 2.88318e-05 -3.03474e-05 8.34786e-05 -0.000759002 0.000721097
28.1 -9.64988e-07 2.91399e-05 -3.03932e-05 8.0287e-05 -0.000760146 0.000728801
28.12 -9.26136e-07 2.7178e-05 -3.02234e-05 7.35766e-05 -0.000755899 0.000679734
28.14 -8.72607e-07 2.3066e-05 -2.98705e-05 6.38314e-05 -0.000747073 0.000576889
28.16 -7.95614e-07 1.72094e-05 -2.99541e-05 5.18661e-05 -0.000749164 0.000430414
28.18 -6.8224e-07 1.0328e-05 -3.14905e-05 3.87161e-05 -0.00078759 0.000258308
28.2 -5.233e-07 3.46689e-06 -3.47518e-05 2.54752e-05 -0.000869157 8.67083e-05
28.22 -3.21081e-07 -2.33934e-06 -3.8784e-05 1.30429e-05 -0.000970004 -5.85079e-05
28.24 -8.85001e-08 -6.56977e-06 -4.23358e-05 1.88136e-06 -0.00105884 -0.000164313
28.26 1.58185e-07 -9.37966e-06 -4.49396e-05 -8.03469e-06 -0.00112396 -0.000234589
28.28 4.03588e-07 -1.1307e-05 -4.68701e-05 -1.70278e-05 -0.00117224 -0.000282793
28.3 6.32225e-07 -1.29181e-05 -4.83813e-05 -2.54452e-05 -0.00121004 -0.000323086
28.32 8.28652e-07 -1.46806e-05 -4.93569e-05 -3.34796e-05 -0.00123444 -0.000367168
28.34 9.81296e-07 -1.69255e-05 -4.96129e-05 -4.10917e-05 -0.00124084 -0.000423313
28.36 1.08604e-06 -1.9722e-05 -4.92237e-05 -4.79677e-05 -0.0012311 -0.000493255
28.38 1.14641e-06 -2.27673e-05 -4.84935e-05 -5.3529e-05 -0.00121284 -0.00056942
28.4 1.17103e-06 -2.54405e-05 -4.77812e-05 -5.70539e-05 -0.00119503 -0.000636277
28.42 1.16973e-06 -2.7009e-05 -4.73849e-05 -5.7889e-05 -0.00118512 -0.000675506
28.44 1.14915e-06 -2.68975e-05 -4.74704e-05 -5.56457e-05 -0.00118726 -0.000672718
28.46 1.10956e-06 -2.49007e-05 -4.80258e-05 -5.03013e-05 -0.00120115 -0.000622778
28.48 1.04454e-06 -2.11972e-05 -4.87166e-05 -4.21925e-05 -0.00121842 -0.000530152
28.5 9.4363e-07 -1.61985e-05 -4.87166e-05 -3.19455e-05 -0.00121842 -0.000405131
28.52 7.97616e-07 -1.04588e-05 -4.71553e-05 -2.03934e-05 -0.00117937 -0.000261578
28.54 6.04841e-07 -4.65964e-06 -4.40334e-05 -8.46012e-06 -0.00110129 -0.00011654
28.56 3.7398e-07 5.38507e-07 -4.03665e-05 3.03677e-06 -0.00100958 1.34683e-05
28.58 1.19862e-07 4.76096e-06 -3.7238e-05 1.36e-05 -0.000931338 0.000119074
28.6 -1.43077e-07 8.02578e-06 -3.49512e-05 2.31344e-05 -0.000874144 0.000200728
28.62 -4.02634e-07 1.05951e-05 -3.3199e-05 3.18338e-05 -0.00083032 0.000264989
28.64 -6.46704e-07 1.27765e-05 -3.16349e-05 3.99761e-05 -0.000791201 0.000319546
