0.02 1.80034e-10 1.4094e-11 -1.59256e-08 -2.77244e-11 -3.98305e-07 3.52497e-10
0.04 1.1885e-09 -1.11878e-09 4.88656e-08 -3.08424e-10 1.22215e-06 -2.79813e-08
0.06 3.6868e-09 -2.07064e-08 3.384e-07 -8.21003e-10 8.46351e-06 -5.17875e-07
0.08 6.80275e-09 -9.48451e-08 7.38987e-07 -1.24195e-09 1.84824e-05 -2.37211e-06
0.1 6.31741e-09 -3.23968e-07 1.1127e-06 -3.98413e-10 2.78291e-05 -8.10257e-06
0.12 -5.42858e-09 -8.91429e-07 1.50855e-06 9.4268e-09 3.77296e-05 -2.2295e-05
0.14 -3.6451e-08 -1.86493e-06 1.9347e-06 3.78421e-08 4.83876e-05 -4.66426e-05
0.16 -9.11964e-08 -3.14408e-06 2.35203e-06 7.61063e-08 5.88252e-05 -7.86348e-05
0.18 -1.69028e-07 -4.59992e-06 2.77261e-06 9.96326e-08 6.9344e-05 -0.000115046
0.2 -2.66109e-07 -6.09289e-06 3.20982e-06 9.42547e-08 8.02789e-05 -0.000152386
0.22 -3.79327e-07 -7.6137e-06 3.67231e-06 7.47323e-08 9.1846e-05 -0.000190422
0.24 -5.07491e-07 -9.32406e-06 4.20801e-06 9.74965e-08 0.000105244 -0.000233199
0.26 -6.47354e-07 -1.123e-05 4.86928e-06 2.42063e-07 0.000121783 -0.000280868
0.28 -7.90281e-07 -1.31422e-05 5.65065e-06 5.48951e-07 0.000141325 -0.000328691
0.3 -9.25944e-07 -1.5056e-05 6.47368e-06 9.98174e-07 0.000161909 -0.000376557
0.32 -1.04976e-06 -1.71469e-05 7.21484e-06 1.5496e-06 0.000180446 -0.000428851
0.34 -1.16536e-06 -1.9375e-05 7.74635e-06 2.14981e-06 0.000193739 -0.000484578
0.36 -1.27986e-06 -2.15283e-05 7.99911e-06 2.71044e-06 0.000200061 -0.000538431
0.38 -1.39782e-06 -2.35838e-05 8.00129e-06 3.14401e-06 0.000200116 -0.00058984
0.4 -1.51942e-06 -2.56461e-05 7.8435e-06 3.41058e-06 0.000196169 -0.000641418
0.42 -1.6406e-06 -2.7539e-05 7.6483e-06 3.49573e-06 0.000191287 -0.000688762
0.44 -1.75213e-06 -2.87991e-05 7.50572e-06 3.3886e-06 0.000187721 -0.000720278
0.46 -1.84151e-06 -2.91762e-05 7.28521e-06 3.12831e-06 0.000182206 -0.00072971
0.48 -1.90094e-06 -2.8986e-05 6.65511e-06 2.84059e-06 0.000166447 -0.000724953
0.5 -1.93467e-06 -2.88646e-05 5.56062e-06 2.68828e-06 0.000139074 -0.000721916
0.52 -1.9549e-06 -2.91825e-05 4.43001e-06 2.77678e-06 0.000110796 -0.000729868
0.54 -1.96576e-06 -2.97527e-05 3.70138e-06 3.09268e-06 9.25731e-05 -0.000744128
0.56 -1.94926e-06 -2.97473e-05 3.51439e-06 3.49753e-06 8.78963e-05 -0.000743993
0.58 -1.87229e-06 -2.81964e-05 3.77294e-06 3.77676e-06 9.43629e-05 -0.000705204
0.6 -1.71402e-06 -2.50851e-05 4.17769e-06 3.77865e-06 0.000104486 -0.00062739
0.62 -1.4845e-06 -2.13201e-05 4.45919e-06 3.55006e-06 0.000111526 -0.000533225
0.64 -1.21049e-06 -1.74391e-05 4.71618e-06 3.25206e-06 0.000117954 -0.00043616
0.66 -9.04507e-07 -1.31997e-05 5.34402e-06 2.92598e-06 0.000133656 -0.000330129
0.68 -5.54357e-07 -8.52114e-06 6.64256e-06 2.44384e-06 0.000166133 -0.000213117
0.7 -1.44726e-07 -3.65851e-06 8.54348e-06 1.66347e-06 0.000213676 -9.15009e-05
0.72 3.1615e-07 1.5094e-06 1.05975e-05 5.19214e-07 0.000265047 3.77507e-05
0.74 7.95175e-07 7.29164e-06 1.22749e-05 -9.59854e-07 0.000306999 0.000182367
0.76 1.25624e-06 1.34181e-05 1.34121e-05 -2.5959e-06 0.000335443 0.000335592
0.78 1.67875e-06 1.90151e-05 1.43921e-05 -4.10714e-06 0.000359954 0.000475575
0.8 2.05922e-06 2.36619e-05 1.58807e-05 -5.31131e-06 0.000397183 0.000591794
0.82 2.40126e-06 2.78552e-05 1.82018e-05 -6.24036e-06 0.000455236 0.000696669
0.84 2.70152e-06 3.18737e-05 2.07829e-05 -6.98212e-06 0.00051979 0.000797174
0.86 2.93992e-06 3.49783e-05 2.2598e-05 -7.45007e-06 0.000565186 0.000874823
0.88 3.08419e-06 3.61725e-05 2.32831e-05 -7.40113e-06 0.000582319 0.000904689
0.9 3.11081e-06 3.53095e-05 2.33529e-05 -6.68523e-06 0.000584067 0.000883106
0.92 3.02634e-06 3.3126e-05 2.35715e-05 -5.4329e-06 0.000589533 0.000828495
0.94 2.86641e-06 3.06219e-05 2.43594e-05 -4.01505e-06 0.000609239 0.000765867
0.96 2.66818e-06 2.83578e-05 2.55745e-05 -2.82546e-06 0.000639629 0.00070924
0.98 2.44347e-06 2.6212e-05 2.63561e-05 -2.01308e-06 0.000659178 0.000655572
1 2.18128e-06 2.38719e-05 2.62562e-05 -1.36189e-06 0.000656678 0.000597046
1.02 1.87664e-06 2.23864e-05 1.98678e-05 -5.67274e-07 0.000496901 0.000559893
1.04 1.55483e-06 2.19892e-05 6.46661e-06 3.67016e-07 0.000161733 0.00054996
1.06 1.26183e-06 1.99875e-05 1.68518e-09 1.27314e-06 4.2147e-08 0.000499896
1.08 1.02869e-06 1.65461e-05 1.10787e-06 1.97735e-06 2.77083e-05 0.000413825
1.1 8.47586e-07 1.41416e-05 -8.81469e-07 2.08827e-06 -2.20459e-05 0.000353687
1.12 6.83886e-07 1.21516e-05 -2.78293e-06 1.51816e-06 -6.96022e-05 0.000303916
1.14 5.14626e-07 1.0537e-05 -6.03189e-06 9.97446e-07 -0.00015086 0.000263536
1.16 3.5378e-07 9.99195e-06 -1.641e-05 1.18058e-06 -0.00041042 0.000249903
1.18 2.34239e-07 8.65629e-06 -2.30436e-05 1.93514e-06 -0.000576329 0.000216497
1.2 1.67825e-07 7.1785e-06 -2.19915e-05 2.58898e-06 -0.000550018 0.000179537
1.22 1.26248e-07 7.90883e-06 -2.29935e-05 2.13203e-06 -0.000575076 0.000197803
1.24 6.07298e-08 8.79087e-06 -2.5125e-05 7.38714e-08 -0.000628388 0.000219863
1.26 -4.81827e-08 7.55449e-06 -2.33764e-05 -2.5752e-06 -0.000584653 0.000188941
1.28 -1.51631e-07 5.96616e-06 -1.9907e-05 -4.30659e-06 -0.000497881 0.000149216
1.3 -1.58323e-07 5.94271e-06 -1.592e-05 -4.73691e-06 -0.000398165 0.00014863
1.32 -1.73139e-08 7.06336e-06 -9.41076e-06 -4.51045e-06 -0.000235367 0.000176658
1.34 2.2712e-07 8.17297e-06 -1.06992e-06 -4.40334e-06 -2.67592e-05 0.000204409
1.36 4.78491e-07 8.66111e-06 6.91865e-06 -4.76592e-06 0.000173038 0.000216618
1.38 6.92991e-07 1.10258e-05 6.37472e-06 -5.28782e-06 0.000159434 0.000275759
1.4 9.26219e-07 1.69321e-05 -3.49608e-06 -5.42944e-06 -8.74385e-05 0.000423478
1.42 1.2618e-06 2.15121e-05 -2.6771e-06 -4.9725e-06 -6.69553e-05 0.000538027
1.44 1.7041e-06 2.29357e-05 1.10363e-05 -4.28129e-06 0.000276022 0.000573632
1.46 2.14981e-06 2.51159e-05 1.98555e-05 -4.38739e-06 0.000496593 0.000628158
1.48 2.47182e-06 2.79665e-05 2.27828e-05 -5.76417e-06 0.000569808 0.000699453
1.5 2.64761e-06 2.96646e-05 2.47825e-05 -7.00445e-06 0.00061982 0.000741925
1.52 2.79132e-06 3.20677e-05 2.2881e-05 -6.28114e-06 0.000572263 0.000802027
1.54 3.02297e-06 3.62566e-05 1.90046e-05 -3.62452e-06 0.000475313 0.000906793
1.56 3.30844e-06 3.96101e-05 1.88255e-05 -6.34252e-07 0.000470834 0.000990666
1.58 3.46307e-06 3.96576e-05 2.05326e-05 1.1549e-06 0.00051353 0.000991852
1.6 3.32786e-06 3.68683e-05 1.8843e-05 1.20632e-06 0.000471272 0.000922093
1.62 2.93245e-06 3.31912e-05 1.36872e-05 3.09769e-07 0.000342323 0.000830125
1.64 2.477e-06 2.98187e-05 9.32847e-06 2.24288e-08 0.000233309 0.000745778
1.66 2.14982e-06 2.73434e-05 8.14472e-06 1.05568e-06 0.000203703 0.00068387
1.68 1.95297e-06 2.57717e-05 8.64812e-06 2.43249e-06 0.000216293 0.000644562
1.7 1.70206e-06 2.30481e-05 8.21745e-06 2.75296e-06 0.000205522 0.000576443
1.72 1.21052e-06 1.59617e-05 5.54522e-06 1.99477e-06 0.000138688 0.000399208
1.74 4.8962e-07 5.2792e-06 1.66163e-07 1.51347e-06 4.1558e-06 0.000132035
1.76 -2.44346e-07 -3.6543e-06 -7.69368e-06 2.30528e-06 -0.000192422 -9.13955e-05
1.78 -7.79922e-07 -8.54369e-06 -1.50173e-05 3.81107e-06 -0.000375588 -0.000213681
1.8 -1.12147e-06 -1.26181e-05 -1.74908e-05 4.53467e-06 -0.000437452 -0.000315585
1.82 -1.48125e-06 -1.87576e-05 -1.53727e-05 3.38418e-06 -0.000384477 -0.000469136
1.84 -2.06191e-06 -2.66493e-05 -1.40563e-05 5.58243e-07 -0.000351555 -0.00066651
1.86 -2.84762e-06 -3.52896e-05 -1.65024e-05 -2.34331e-06 -0.000412731 -0.000882607
1.88 -3.60912e-06 -4.32953e-05 -2.08681e-05 -3.43807e-06 -0.000521921 -0.00108283
1.9 -4.11432e-06 -4.80633e-05 -2.55504e-05 -2.37925e-06 -0.000639027 -0.00120208
1.92 -4.33324e-06 -4.89586e-05 -2.98318e-05 -6.63257e-07 -0.000746107 -0.00122447
1.94 -4.43867e-06 -4.89046e-05 -3.21811e-05 1.96251e-07 -0.000804864 -0.00122312
1.96 -4.61462e-06 -5.09734e-05 -3.26262e-05 2.41462e-07 -0.000815994 -0.00127487
1.98 -4.8612e-06 -5.47328e-05 -3.32819e-05 6.98756e-07 -0.000832395 -0.00136889
2 -4.97807e-06 -5.65289e-05 -3.45758e-05 2.57136e-06 -0.000864755 -0.00141381
2.02 -4.7388e-06 -5.31464e-05 -3.48216e-05 5.63614e-06 -0.000870902 -0.00132921
2.04 -4.08517e-06 -4.40893e-05 -3.29457e-05 8.4883e-06 -0.000823987 -0.00110269
2.06 -3.16448e-06 -3.12062e-05 -2.95139e-05 9.6088e-06 -0.000738154 -0.000780479
2.08 -2.1914e-06 -1.78576e-05 -2.56341e-05 8.67135e-06 -0.00064112 -0.000446627
2.1 -1.26646e-06 -6.81447e-06 -2.12649e-05 6.81802e-06 -0.000531844 -0.000170433
2.12 -3.13643e-07 2.76792e-06 -1.5351e-05 5.4188e-06 -0.000383935 6.92268e-05
2.14 8.03579e-07 1.39369e-05 -7.5952e-06 4.59218e-06 -0.000189959 0.000348569
2.16 2.10064e-06 2.73695e-05 8.78311e-07 3.20893e-06 2.19669e-05 0.000684522
2.18 3.41073e-06 4.09287e-05 9.22143e-06 2.12331e-07 0.000230632 0.00102364
2.2 4.50311e-06 5.27975e-05 1.68941e-05 -4.36069e-06 0.000422528 0.00132049
2.22 5.25725e-06 6.19205e-05 2.32239e-05 -9.37004e-06 0.00058084 0.00154866
2.24 5.73225e-06 6.74349e-05 2.97225e-05 -1.32434e-05 0.000743373 0.00168658
2.26 6.08272e-06 7.09838e-05 3.80711e-05 -1.50939e-05 0.000952173 0.00177533
2.28 6.40553e-06 7.53752e-05 4.62375e-05 -1.54285e-05 0.00115642 0.00188517
2.3 6.66021e-06 7.98695e-05 5.19577e-05 -1.52584e-05 0.00129948 0.00199757
2.32 6.72662e-06 8.10635e-05 5.59949e-05 -1.4635e-05 0.00140045 0.00202743
2.34 6.527e-06 7.72952e-05 5.80599e-05 -1.27291e-05 0.0014521 0.00193318
2.36 6.09832e-06 6.96613e-05 5.60196e-05 -9.0936e-06 0.00140107 0.00174226
2.38 5.56095e-06 6.06757e-05 5.12625e-05 -4.36953e-06 0.0012821 0.00151753
2.4 5.0144e-06 5.29212e-05 4.68019e-05 -9.18512e-08 0.00117054 0.00132358
2.42 4.45654e-06 4.71403e-05 4.14555e-05 2.13392e-06 0.00103682 0.001179
2.44 3.80595e-06 4.19743e-05 3.311e-05 1.82127e-06 0.000828094 0.0010498
2.46 2.99551e-06 3.5863e-05 2.2431e-05 3.56819e-08 0.000561009 0.000896949
2.48 2.0405e-06 2.73745e-05 1.01371e-05 -1.53779e-06 0.000253532 0.000684648
2.5 1.03737e-06 1.62751e-05 -2.81021e-06 -1.84495e-06 -7.02846e-05 0.000407047
2.52 1.00892e-07 5.45329e-06 -1.39945e-05 -1.06128e-06 -0.000350007 0.000136389
2.54 -7.18837e-07 -2.81202e-06 -2.30758e-05 -1.93455e-07 -0.000577136 -7.03298e-05
2.56 -1.45853e-06 -9.55022e-06 -3.28063e-05 1.68082e-07 -0.000820498 -0.000238855
2.58 -2.17653e-06 -1.61279e-05 -4.35881e-05 5.421e-07 -0.00109016 -0.000403366
2.6 -2.8688e-06 -2.2565e-05 -5.14974e-05 1.82209e-06 -0.00128797 -0.00056436
2.62 -3.44419e-06 -2.81521e-05 -5.46538e-05 4.24913e-06 -0.00136691 -0.000704095
2.64 -3.77656e-06 -3.1326e-05 -5.52816e-05 7.12092e-06 -0.00138261 -0.000783477
2.66 -3.79472e-06 -2.99736e-05 -5.48132e-05 9.11407e-06 -0.0013709 -0.000749651
2.68 -3.53962e-06 -2.53793e-05 -5.25139e-05 9.21076e-06 -0.0013134 -0.000634747
2.7 -3.12704e-06 -2.17456e-05 -4.79854e-05 7.69688e-06 -0.00120013 -0.000543867
2.72 -2.64664e-06 -2.03168e-05 -4.16756e-05 5.71742e-06 -0.00104232 -0.000508131
2.74 -2.09564e-06 -1.86219e-05 -3.30797e-05 3.76136e-06 -0.000827338 -0.00046574
2.76 -1.41129e-06 -1.38002e-05 -2.23534e-05 1.22387e-06 -0.000559069 -0.000345149
2.78 -5.76099e-07 -5.90184e-06 -1.17909e-05 -2.62788e-06 -0.000294894 -0.000147608
2.8 3.25785e-07 2.79314e-06 -1.52605e-06 -7.68821e-06 -3.81672e-05 6.98575e-05
2.82 1.1794e-06 1.15165e-05 1.17738e-05 -1.29104e-05 0.000294468 0.000288032
2.84 1.9477e-06 2.03099e-05 2.9557e-05 -1.68889e-05 0.000739233 0.000507959
2.86 2.678e-06 2.7523e-05 4.92175e-05 -1.85662e-05 0.00123095 0.000688362
2.88 3.39596e-06 3.10908e-05 6.80501e-05 -1.77329e-05 0.00170196 0.000777594
2.9 4.01729e-06 3.06184e-05 8.4264e-05 -1.50309e-05 0.00210748 0.000765778
2.92 4.38821e-06 2.69247e-05 9.50744e-05 -1.13356e-05 0.00237785 0.000673399
2.94 4.41418e-06 2.08645e-05 0.00010028 -7.17223e-06 0.00250803 0.00052183
2.96 4.13549e-06 1.36222e-05 0.000104715 -2.88873e-06 0.00261897 0.000340696
2.98 3.67297e-06 6.62064e-06 0.000111625 9.17266e-07 0.00279179 0.000165585
3 3.10782e-06 5.24468e-07 0.000117789 3.63114e-06 0.00294594 1.31172e-05
3.02 2.41616e-06 -5.64271e-06 0.000118077 5.28128e-06 0.00295316 -0.000141126
3.04 1.52148e-06 -1.42458e-05 0.000110645 6.75479e-06 0.00276727 -0.000356292
3.06 4.16227e-07 -2.63411e-05 9.71908e-05 9.20858e-06 0.00243078 -0.000658803
3.08 -7.7876e-07 -3.99493e-05 8.12186e-05 1.30299e-05 0.00203131 -0.00099915
3.1 -1.89856e-06 -5.2176e-05 6.61879e-05 1.72893e-05 0.00165539 -0.00130494
3.12 -2.88929e-06 -6.27617e-05 5.29401e-05 2.04424e-05 0.00132405 -0.0015697
3.14 -3.85793e-06 -7.35814e-05 3.82947e-05 2.17046e-05 0.000957767 -0.0018403
3.16 -4.93767e-06 -8.39936e-05 1.84204e-05 2.15533e-05 0.000460702 -0.00210072
3.18 -6.11241e-06 -9.12496e-05 -5.93411e-06 2.09386e-05 -0.000148414 -0.00228219
3.2 -7.20627e-06 -9.53157e-05 -2.95596e-05 2.03964e-05 -0.000739297 -0.00238389
3.22 -8.05149e-06 -9.84536e-05 -4.93171e-05 1.97507e-05 -0.00123344 -0.00246237
3.24 -8.63332e-06 -0.000100773 -6.6548e-05 1.82061e-05 -0.00166439 -0.00252038
3.26 -9.04854e-06 -0.000100148 -8.22884e-05 1.50403e-05 -0.00205807 -0.00250474
3.28 -9.34773e-06 -9.66649e-05 -9.6526e-05 1.07046e-05 -0.00241416 -0.00241763
3.3 -9.45057e-06 -9.20646e-05 -0.00011002 6.80871e-06 -0.00275164 -0.00230257
3.32 -9.22536e-06 -8.58913e-05 -0.000121974 4.43668e-06 -0.00305062 -0.00214818
3.34 -8.63177e-06 -7.71641e-05 -0.000129366 2.96799e-06 -0.00323551 -0.00192991
3.36 -7.74982e-06 -6.60996e-05 -0.000129813 9.72207e-07 -0.00324668 -0.00165318
3.38 -6.67161e-06 -5.18006e-05 -0.000123641 -2.40207e-06 -0.00309232 -0.00129555
3.4 -5.40431e-06 -3.31545e-05 -0.000113289 -6.99741e-06 -0.00283341 -0.000829209
3.42 -3.89323e-06 -1.20082e-05 -0.00010102 -1.17044e-05 -0.00252654 -0.00030033
3.44 -2.11818e-06 8.85642e-06 -8.72864e-05 -1.50835e-05 -0.00218307 0.000221503
3.46 -1.51512e-07 2.89735e-05 -7.1042e-05 -1.6719e-05 -0.00177679 0.000724639
3.48 1.87531e-06 4.8524e-05 -5.15238e-05 -1.76397e-05 -0.00128863 0.00121361
3.5 3.8539e-06 6.66081e-05 -2.85588e-05 -1.89962e-05 -0.000714269 0.0016659
3.52 5.74356e-06 8.30868e-05 -2.64058e-06 -2.08924e-05 -6.6042e-05 0.00207803
3.54 7.54355e-06 9.92521e-05 2.39137e-05 -2.26165e-05 0.000598092 0.00248234
3.56 9.23097e-06 0.000115575 4.80397e-05 -2.33118e-05 0.00120149 0.00289059
3.58 1.07181e-05 0.000129849 6.7916e-05 -2.23993e-05 0.00169861 0.00324758
3.6 1.18754e-05 0.000138765 8.3934e-05 -1.9894e-05 0.00209922 0.00347057
3.62 1.2622e-05 0.00014191 9.8622e-05 -1.64117e-05 0.00246658 0.00354922
3.64 1.30045e-05 0.000142366 0.000113975 -1.26912e-05 0.00285057 0.00356064
3.66 1.31633e-05 0.000143008 0.000128531 -9.06889e-06 0.00321462 0.00357668
3.68 1.31975e-05 0.000143183 0.000138927 -5.36358e-06 0.00347461 0.00358107
3.7 1.30635e-05 0.000139634 0.000144102 -1.17026e-06 0.00360405 0.00349231
3.72 1.26156e-05 0.000130397 0.00014435 3.61831e-06 0.00361026 0.00326129
3.74 1.17421e-05 0.000115781 0.000138459 8.425e-06 0.00346293 0.00289573
3.76 1.0459e-05 9.71599e-05 0.000126733 1.2167e-05 0.00316964 0.00243001
3.78 8.88008e-06 7.68068e-05 0.0001122 1.38198e-05 0.00280617 0.00192097
3.8 7.11103e-06 5.73164e-05 9.6071e-05 1.28928e-05 0.00240277 0.00143351
3.82 5.17743e-06 3.97027e-05 7.63169e-05 9.72209e-06 0.00190872 0.00099298
3.84 3.04148e-06 2.16238e-05 5.23625e-05 5.52151e-06 0.00130961 0.00054082
3.86 6.84888e-07 -3.09031e-07 2.71205e-05 1.9175e-06 0.000678296 -7.72899e-06
3.88 -1.81139e-06 -2.59293e-05 2.46971e-06 3.6986e-08 6.17685e-05 -0.000648503
3.9 -4.25894e-06 -5.10373e-05 -2.21176e-05 -7.62907e-08 -0.000553172 -0.00127647
3.92 -6.43934e-06 -7.13244e-05 -4.64724e-05 8.88273e-07 -0.00116229 -0.00178385
3.94 -8.20398e-06 -8.53524e-05 -6.95427e-05 2.31257e-06 -0.00173929 -0.0021347
3.96 -9.51386e-06 -9.37e-05 -9.05184e-05 3.98447e-06 -0.0022639 -0.00234348
3.98 -1.03981e-05 -9.81744e-05 -0.000108177 5.85681e-06 -0.00270556 -0.00245538
4 -1.08682e-05 -0.000100571 -0.000120022 7.74111e-06 -0.0030018 -0.00251532
4.02 -1.0865e-05 -9.97566e-05 -0.000123907 9.02634e-06 -0.00309896 -0.00249495
4.04 -1.03066e-05 -9.35197e-05 -0.000120584 8.6645e-06 -0.00301586 -0.00233897
4.06 -9.19487e-06 -8.26226e-05 -0.000112225 5.92666e-06 -0.00280679 -0.00206643
4.08 -7.65752e-06 -6.93957e-05 -9.96121e-05 1.13738e-06 -0.00249134 -0.00173561
4.1 -5.87669e-06 -5.41306e-05 -8.27589e-05 -4.75787e-06 -0.00206983 -0.00135383
4.12 -3.99707e-06 -3.68723e-05 -6.25228e-05 -1.1024e-05 -0.00156372 -0.000922191
4.14 -2.11111e-06 -2.04829e-05 -3.96301e-05 -1.71312e-05 -0.000991166 -0.000512287
4.16 -2.98458e-07 -7.12782e-06 -1.32449e-05 -2.25017e-05 -0.00033126 -0.00017827
4.18 1.36538e-06 4.99214e-06 1.69622e-05 -2.66813e-05 0.000424231 0.000124855
4.2 2.84523e-06 1.86563e-05 4.90145e-05 -2.92246e-05 0.00122587 0.000466602
4.22 4.15551e-06 3.27808e-05 8.0491e-05 -2.92373e-05 0.00201311 0.00081986
4.24 5.31938e-06 4.34225e-05 0.000111012 -2.56218e-05 0.00277646 0.00108602
4.26 6.3351e-06 4.96552e-05 0.000140981 -1.80897e-05 0.00352599 0.0012419
4.28 7.17716e-06 5.30045e-05 0.000167524 -7.64382e-06 0.00418983 0.00132567
4.3 7.81941e-06 5.31728e-05 0.000186753 4.10485e-06 0.00467078 0.00132987
4.32 8.26081e-06 5.04307e-05 0.000198341 1.56005e-05 0.00496059 0.00126129
4.34 8.51805e-06 4.79952e-05 0.000202888 2.51965e-05 0.00507431 0.00120038
4.36 8.57133e-06 4.66054e-05 0.000199524 3.13474e-05 0.00499017 0.00116562
4.38 8.31698e-06 4.22278e-05 0.000188887 3.3461e-05 0.00472413 0.00105613
4.4 7.58459e-06 3.18167e-05 0.000173019 3.18842e-05 0.00432727 0.000795749
4.42 6.21498e-06 1.45582e-05 0.000152312 2.72152e-05 0.00380938 0.000364105
4.44 4.15387e-06 -9.99189e-06 0.000127434 2.04909e-05 0.00318717 -0.000249901
4.46 1.48406e-06 -3.9385e-05 9.92215e-05 1.33669e-05 0.00248157 -0.000985034
4.48 -1.64174e-06 -6.97246e-05 6.56847e-05 7.30329e-06 0.0016428 -0.00174384
4.5 -5.09131e-06 -0.000100084 2.6387e-05 3.27244e-06 0.000659949 -0.00250313
4.52 -8.78661e-06 -0.000131912 -1.43473e-05 2.21463e-06 -0.000358831 -0.00329918
4.54 -1.2678e-05 -0.000167364 -5.34025e-05 4.79565e-06 -0.00133562 -0.00418584
4.56 -1.66774e-05 -0.000207459 -9.12036e-05 1.08652e-05 -0.00228104 -0.00518863
4.58 -2.0601e-05 -0.00024869 -0.000128465 1.94453e-05 -0.00321298 -0.00621983
4.6 -2.41929e-05 -0.000284931 -0.000166327 2.88704e-05 -0.00415991 -0.00712624
4.62 -2.72132e-05 -0.000313018 -0.000205081 3.72369e-05 -0.00512917 -0.00782872
4.64 -2.94916e-05 -0.000331658 -0.00024105 4.31546e-05 -0.00602876 -0.00829491
4.66 -3.09164e-05 -0.000338065 -0.000270437 4.58333e-05 -0.00676374 -0.00845516
4.68 -3.13979e-05 -0.000330803 -0.000294702 4.48287e-05 -0.00737061 -0.00827351
4.7 -3.08444e-05 -0.000311331 -0.000316738 4.03772e-05 -0.00792175 -0.00778651
4.72 -2.91599e-05 -0.000279446 -0.000335822 3.34081e-05 -0.00839906 -0.00698905
4.74 -2.62773e-05 -0.000233046 -0.000349578 2.47316e-05 -0.0087431 -0.00582858
4.76 -2.22184e-05 -0.000173554 -0.000355751 1.48154e-05 -0.00889748 -0.00434066
4.78 -1.71473e-05 -0.00010613 -0.000351982 4.25523e-06 -0.00880323 -0.00265436
4.8 -1.13607e-05 -3.49184e-05 -0.000337854 -6.37561e-06 -0.00844988 -0.000873323
4.82 -5.1991e-06 3.80289e-05 -0.000315706 -1.68174e-05 -0.00789594 0.000951119
4.84 1.0708e-06 0.000110743 -0.000287298 -2.65926e-05 -0.00718544 0.00276973
4.86 7.32546e-06 0.000182978 -0.000252308 -3.48104e-05 -0.00631033 0.00457636
4.88 1.35642e-05 0.000258113 -0.000210883 -4.11055e-05 -0.00527428 0.00645551
4.9 1.98151e-05 0.000338647 -0.000165075 -4.60595e-05 -0.00412859 0.0084697
4.92 2.60287e-05 0.000421087 -0.000117617 -5.01854e-05 -0.00294164 0.0105316
4.94 3.20415e-05 0.000498 -7.03068e-05 -5.31433e-05 -0.0017584 0.0124552
4.96 3.76362e-05 0.000563474 -2.3888e-05 -5.42984e-05 -0.000597448 0.0140927
4.98 4.26349e-05 0.000614848 2.096e-05 -5.36174e-05 0.000524217 0.0153776
5 4.69323e-05 0.000651899 6.40539e-05 -5.20417e-05 0.00160201 0.0163043
5.02 5.04427e-05 0.000676634 0.000106201 -5.14183e-05 0.00265613 0.0169229
5.04 5.30198e-05 0.000691278 0.000146786 -5.37196e-05 0.00367117 0.0172891
5.06 5.44244e-05 0.000694518 0.000183458 -5.95362e-05 0.00458837 0.0173702
5.08 5.43676e-05 0.00068042 0.00021555 -6.72207e-05 0.00539099 0.0170176
5.1 5.25979e-05 0.000642256 0.000244653 -7.38221e-05 0.00611888 0.0160631
5.12 4.89668e-05 0.000576843 0.000271005 -7.69288e-05 0.00677796 0.0144271
5.14 4.34212e-05 0.000484139 0.000292002 -7.56336e-05 0.00730308 0.0121085
5.16 3.59371e-05 0.000364981 0.000305383 -7.00911e-05 0.00763775 0.00912832
5.18 2.64703e-05 0.000220095 0.000310909 -6.05307e-05 0.00777596 0.00550468
5.2 1.50018e-05 5.11423e-05 0.000309124 -4.6665e-05 0.00773132 0.00127909
5.22 1.68554e-06 -0.000136409 0.000300333 -2.79176e-05 0.00751145 -0.00341165
5.24 -1.29996e-05 -0.000330933 0.000284954 -4.28774e-06 0.00712682 -0.00827678
5.26 -2.82476e-05 -0.000517531 0.00026293 2.31149e-05 0.00657599 -0.0129437
5.28 -4.31334e-05 -0.00068622 0.000230788 5.27949e-05 0.0057721 -0.0171626
5.3 -5.68808e-05 -0.00083438 0.000182492 8.40447e-05 0.00456421 -0.0208682
5.32 -6.8974e-05 -0.000962693 0.000115775 0.0001168 0.00289559 -0.0240776
5.34 -7.90554e-05 -0.00107172 3.57588e-05 0.000150288 0.000894341 -0.0268048
5.36 -8.67801e-05 -0.00115932 -4.93383e-05 0.000181966 -0.00123397 -0.028997
5.38 -9.1829e-05 -0.00121956 -0.000133425 0.00020748 -0.00333701 -0.0305051
5.4 -9.40418e-05 -0.00124429 -0.000213511 0.000221839 -0.00534 -0.0311247
5.42 -9.34728e-05 -0.00122772 -0.000288244 0.000221664 -0.00720911 -0.0307103
5.44 -9.03723e-05 -0.0011696 -0.000355011 0.000207062 -0.00887896 -0.0292566
5.46 -8.50799e-05 -0.0010737 -0.000409862 0.000181372 -0.0102508 -0.0268583
5.48 -7.77654e-05 -0.000944334 -0.000448368 0.000149036 -0.0112139 -0.0236227
5.5 -6.83987e-05 -0.000786728 -0.00046561 0.000113714 -0.0116451 -0.0196809
5.52 -5.69431e-05 -0.000609835 -0.000458482 7.79571e-05 -0.0114668 -0.0152567
5.54 -4.35576e-05 -0.000425899 -0.00042569 4.36891e-05 -0.0106467 -0.0106564
5.56 -2.87355e-05 -0.000246639 -0.000366395 1.23236e-05 -0.00916368 -0.00617305
5.58 -1.32553e-05 -8.02668e-05 -0.000283196 -1.56864e-05 -0.00708284 -0.00201202
5.6 1.99225e-06 7.05406e-05 -0.00018742 -4.12856e-05 -0.00468746 0.00175973
5.62 1.62272e-05 0.000210686 -9.36348e-05 -6.67855e-05 -0.00234184 0.00526482
5.64 2.89066e-05 0.000347552 -7.4779e-06 -9.47862e-05 -0.000187025 0.00868791
5.66 3.96919e-05 0.000482418 6.99537e-05 -0.000125931 0.00174957 0.012061
5.68 4.83324e-05 0.000607911 0.000135052 -0.00015723 0.00337772 0.0151996
5.7 5.4625e-05 0.000712251 0.000186056 -0.000182726 0.00465334 0.0178093
5.72 5.85112e-05 0.000785689 0.000221992 -0.000195917 0.0055521 0.0196462
5.74 6.0187e-05 0.000823025 0.000238014 -0.000192142 0.00595282 0.0205802
5.76 6.0052e-05 0.000824225 0.000228835 -0.000170048 0.00572325 0.0206102
5.78 5.84944e-05 0.000794942 0.000193527 -0.000132058 0.00484018 0.0198778
5.8 5.57213e-05 0.000745735 0.000134579 -8.37753e-05 0.00336586 0.0186471
5.82 5.17872e-05 0.000688788 5.75111e-05 -3.24507e-05 0.00143838 0.0172229
5.84 4.67485e-05 0.000633019 -3.08046e-05 1.48817e-05 -0.000770435 0.015828
5.86 4.07696e-05 0.000582314 -0.000127689 5.29953e-05 -0.00319356 0.0145599
5.88 3.41042e-05 0.000535816 -0.000231698 7.9389e-05 -0.00579485 0.013397
5.9 2.70191e-05 0.000489072 -0.000336358 9.43359e-05 -0.00841246 0.0122279
5.92 1.9726e-05 0.000435821 -0.000433658 9.98825e-05 -0.010846 0.0108961
5.94 1.22994e-05 0.000365779 -0.000518276 9.8364e-05 -0.0129623 0.00914427
5.96 4.60019e-06 0.000264556 -0.000582434 9.16546e-05 -0.0145669 0.00661264
5.98 -3.6741e-06 0.000124386 -0.00061403 8.10106e-05 -0.0153572 0.00310692
6 -1.27409e-05 -4.53186e-05 -0.000609509 6.67005e-05 -0.0152441 -0.00113745
6.02 -2.2377e-05 -0.000218128 -0.000577049 4.80548e-05 -0.0144322 -0.00545948
6.04 -3.17358e-05 -0.000360336 -0.000521005 2.44683e-05 -0.0130305 -0.00901617
6.06 -3.96279e-05 -0.000448595 -0.000435447 -3.34759e-06 -0.0108907 -0.0112236
6.08 -4.52014e-05 -0.000488699 -0.000322701 -3.21299e-05 -0.00807088 -0.0122266
6.1 -4.84531e-05 -0.000513141 -0.000196523 -5.56007e-05 -0.00491511 -0.0128379
6.12 -5.00401e-05 -0.000554926 -5.68702e-05 -6.68772e-05 -0.00142235 -0.013883
6.14 -5.05334e-05 -0.000627444 0.000111111 -6.28515e-05 0.00277893 -0.0156967
6.16 -4.98228e-05 -0.000719183 0.000313267 -4.65254e-05 0.00783494 -0.0179911
6.18 -4.7267e-05 -0.000800247 0.000535522 -2.59152e-05 0.0133936 -0.0200186
6.2 -4.24211e-05 -0.000841149 0.000759859 -1.03697e-05 0.0190044 -0.0210416
6.22 -3.55328e-05 -0.000828793 0.000971968 -5.3489e-06 0.0243095 -0.0207326
6.24 -2.72725e-05 -0.000764999 0.00115711 -9.38096e-06 0.0289412 -0.0191371
6.26 -1.8063e-05 -0.00065729 0.00130992 -1.65669e-05 0.0327685 -0.0164432
6.28 -7.83924e-06 -0.000515242 0.00143288 -2.17411e-05 0.0358605 -0.0128905
6.3 3.42287e-06 -0.000349705 0.00152713 -2.30453e-05 0.0382518 -0.00875038
6.32 1.57685e-05 -0.000172149 0.0015937 -2.07996e-05 0.039966 -0.00430962
6.34 2.94519e-05 6.08721e-06 0.00162706 -1.47506e-05 0.0408382 0.000148136
6.36 4.36318e-05 0.000175595 0.00161416 -2.57794e-06 0.0405155 0.0043876
6.38 5.68894e-05 0.000331971 0.00155983 1.83557e-05 0.0391566 0.00829862
6.4 6.85574e-05 0.000477039 0.00148119 4.71985e-05 0.0371899 0.0119268
6.42 7.84982e-05 0.00061552 0.00136866 7.76289e-05 0.0343755 0.0153903
6.44 8.63388e-05 0.00074884 0.00121133 0.000100735 0.0304405 0.0187247
6.46 9.11887e-05 0.000870343 0.00102492 0.000110969 0.0257784 0.0217637
6.48 9.23088e-05 0.000964153 0.000828836 0.00010979 0.0208743 0.0241102
6.5 8.95623e-05 0.00100882 0.000635533 0.0001044 0.0160397 0.0252275
6.52 8.34128e-05 0.000990117 0.000453448 0.000103251 0.0114856 0.0247598
6.54 7.44966e-05 0.000913612 0.000278346 0.000111226 0.00710627 0.0228464
6.56 6.3475e-05 0.000801901 9.39806e-05 0.000127875 0.00249521 0.0200524
6.58 5.10783e-05 0.000681236 -0.000114419 0.000150147 -0.00271695 0.0170346
6.6 3.81404e-05 0.000569959 -0.000349312 0.000175581 -0.00859175 0.0142514
6.62 2.54339e-05 0.00047537 -0.00059729 0.00020112 -0.014794 0.0118858
6.64 1.33882e-05 0.000397696 -0.000836463 0.000219738 -0.0207773 0.00994309
6.66 2.02403e-06 0.000332774 -0.00104211 0.000220847 -0.0259276 0.00831937
6.68 -8.84385e-06 0.000269196 -0.0011886 0.000195582 -0.0296085 0.00672926
6.7 -1.93038e-05 0.000189508 -0.00126365 0.0001427 -0.0315035 0.00473621
6.72 -2.9238e-05 8.09177e-05 -0.00127731 6.99754e-05 -0.0318495 0.00202033
6.74 -3.83886e-05 -5.80161e-05 -0.00124088 -9.33334e-06 -0.0309386 -0.00145446
6.76 -4.6657e-05 -0.000221029 -0.00116493 -8.14181e-05 -0.029039 -0.00553147
6.78 -5.41657e-05 -0.000396029 -0.00107721 -0.000136583 -0.0268451 -0.00990831
6.8 -6.0949e-05 -0.000564005 -0.0010003 -0.000172013 -0.0249215 -0.0141095
6.82 -6.71213e-05 -0.000704569 -0.000937445 -0.000190381 -0.0233494 -0.0176251
6.84 -7.29985e-05 -0.000803603 -0.00088904 -0.000195674 -0.0221388 -0.0201021
6.86 -7.80677e-05 -0.000855523 -0.000852145 -0.00019024 -0.0212161 -0.0214007
6.88 -8.12808e-05 -0.000864344 -0.000815503 -0.000175779 -0.0202996 -0.0216213
6.9 -8.17959e-05 -0.000845038 -0.000755941 -0.000157208 -0.01881 -0.0211385
6.92 -7.96645e-05 -0.000816757 -0.000640696 -0.000142989 -0.0159276 -0.0204312
6.94 -7.60564e-05 -0.00079162 -0.000453975 -0.000137795 -0.0112577 -0.0198025
6.96 -7.20543e-05 -0.000774298 -0.000208782 -0.000136098 -0.00512529 -0.0193693
6.98 -6.75703e-05 -0.000766078 7.30922e-05 -0.000126429 0.0019245 -0.0191637
7 -6.12224e-05 -0.000761239 0.000363131 -0.000101061 0.00917849 -0.0190427
7.02 -5.18595e-05 -0.000747378 0.00061895 -6.03487e-05 0.0155767 -0.018696
7.04 -3.98004e-05 -0.000713546 0.000805133 -1.03116e-05 0.0202337 -0.0178498
7.06 -2.65339e-05 -0.000650211 0.000910958 4.11684e-05 0.0228813 -0.0162658
7.08 -1.33327e-05 -0.000546091 0.000940264 8.63287e-05 0.0236147 -0.0136617
7.1 -4.69114e-07 -0.000395726 0.000906001 0.00011811 0.0227577 -0.00990102
7.12 1.22552e-05 -0.000206788 0.000835212 0.000130346 0.0209873 -0.00517558
7.14 2.45485e-05 2.95249e-06 0.000757974 0.000119024 0.0190555 7.0103e-05
7.16 3.53423e-05 0.000211681 0.000692179 8.59607e-05 0.0174099 0.00529048
7.18 4.35275e-05 0.000395812 0.000645337 4.20458e-05 0.0162384 0.00989568
7.2 4.87223e-05 0.000532937 0.000620058 4.76954e-06 0.0156062 0.0133252
7.22 5.13501e-05 0.000609921 0.000610752 -9.61957e-06 0.0153734 0.0152506
7.24 5.21851e-05 0.000629273 0.000599516 7.1266e-06 0.0150924 0.0157346
7.26 5.18206e-05 0.000606539 0.000560909 5.35251e-05 0.0141268 0.0151661
7.28 5.05404e-05 0.000562242 0.000475603 0.00012001 0.0119933 0.0140582
7.3 4.85236e-05 0.00051732 0.000339857 0.000191831 0.00859823 0.0129347
7.32 4.60551e-05 0.00049102 0.000163141 0.000252466 0.00417847 0.0122769
7.34 4.3481e-05 0.000496024 -3.83389e-05 0.000286617 -0.000860614 0.012402
7.36 4.09956e-05 0.000535239 -0.000247074 0.000282458 -0.00608117 0.0133828
7.38 3.84642e-05 0.00060128 -0.000447604 0.000234226 -0.0110965 0.0150345
7.4 3.54659e-05 0.000675405 -0.000624267 0.00014533 -0.0155149 0.0168884
7.42 3.15325e-05 0.000730724 -0.000758241 2.93764e-05 -0.0188657 0.018272
7.44 2.64141e-05 0.000741763 -0.000832755 -9.32662e-05 -0.0207294 0.0185481
7.46 2.01401e-05 0.000692431 -0.000843004 -0.000201626 -0.0209858 0.0173143
7.48 1.28672e-05 0.000577112 -0.00079925 -0.000279184 -0.0198915 0.0144301
7.5 4.70729e-06 0.000401247 -0.00072188 -0.00031633 -0.0179564 0.0100316
7.52 -4.25507e-06 0.000184493 -0.000633224 -0.000311256 -0.0157391 0.00461052
7.54 -1.37568e-05 -4.19376e-05 -0.000548057 -0.000269861 -0.013609 -0.00105261
7.56 -2.3213e-05 -0.000245191 -0.000470169 -0.000204321 -0.011661 -0.00613606
7.58 -3.18886e-05 -0.000401837 -0.000396588 -0.000130401 -0.00982073 -0.0100539
7.6 -3.9241e-05 -0.000504145 -0.000321571 -6.37459e-05 -0.00794451 -0.0126126
7.62 -4.50681e-05 -0.000558167 -0.000238468 -1.5581e-05 -0.00586608 -0.0139637
7.64 -4.93254e-05 -0.000577564 -0.000141063 1.05147e-05 -0.00342993 -0.0144489
7.66 -5.18637e-05 -0.000578361 -2.43984e-05 1.87965e-05 -0.000512105 -0.0144688
7.68 -5.24111e-05 -0.000575703 0.000113827 1.84032e-05 0.00294497 -0.0144023
7.7 -5.07258e-05 -0.000580227 0.000269753 1.90133e-05 0.00684475 -0.0145155
7.72 -4.67196e-05 -0.000594055 0.000430778 2.72537e-05 0.010872 -0.0148613
7.74 -4.05287e-05 -0.000609691 0.000578243 4.55027e-05 0.0145602 -0.0152524
7.76 -3.2489e-05 -0.00061219 0.000693147 7.29429e-05 0.017434 -0.0153149
7.78 -2.30269e-05 -0.000584891 0.000761519 0.000106714 0.0191441 -0.0146321
7.8 -1.25868e-05 -0.000515977 0.000779225 0.000142028 0.0195869 -0.0129085
7.82 -1.63883e-06 -0.000400552 0.000753507 0.000172407 0.0189437 -0.0100217
7.84 9.34676e-06 -0.000239548 0.000699486 0.00019096 0.0175926 -0.00599493
7.86 2.00076e-05 -3.86243e-05 0.000633632 0.000192433 0.0159456 -0.000969743
7.88 3.01005e-05 0.000188215 0.00056657 0.000175538 0.0142683 0.00470361
7.9 3.93604e-05 0.000413819 0.000501019 0.000144519 0.0126288 0.010346
7.92 4.73789e-05 0.000605218 0.000436678 0.000108019 0.0110197 0.015133
7.94 5.3717e-05 0.000740549 0.00037421 7.48834e-05 0.00945732 0.0185177
7.96 5.81961e-05 0.000817242 0.000314334 4.99963e-05 0.00795979 0.0204359
7.98 6.10146e-05 0.000844731 0.000254888 3.33421e-05 0.00647302 0.0211234
8 6.25105e-05 0.000836372 0.000187834 2.18415e-05 0.00479598 0.0209143
8.02 6.28104e-05 0.000808887 0.000100601 1.14621e-05 0.00261424 0.0202269
8.04 6.1764e-05 0.000779926 -1.60397e-05 -1.4484e-06 -0.000302996 0.0195026
8.06 5.91897e-05 0.000761269 -0.000160178 -1.95548e-05 -0.00390796 0.0190359
8.08 5.50678e-05 0.000754968 -0.000317888 -4.47664e-05 -0.00785234 0.0188784
8.1 4.94626e-05 0.000754729 -0.000469088 -7.84625e-05 -0.0116339 0.0188724
8.12 4.23283e-05 0.000747121 -0.000595072 -0.000120193 -0.0147848 0.0186821
8.14 3.34378e-05 0.000712114 -0.000682834 -0.000165336 -0.0169798 0.0178066
8.16 2.25712e-05 0.000628731 -0.00072426 -0.000204475 -0.0180159 0.0157211
8.18 9.81277e-06 0.000483124 -0.000715491 -0.000226095 -0.0177966 0.0120794
8.2 -4.33552e-06 0.000273988 -0.000661519 -0.000220994 -0.0164467 0.00684885
8.22 -1.91041e-05 1.51697e-05 -0.00057909 -0.000185813 -0.0143851 0.000375695
8.24 -3.36991e-05 -0.000266351 -0.000489589 -0.00012428 -0.0121467 -0.00666524
8.26 -4.74261e-05 -0.000538016 -0.000409572 -4.5831e-05 -0.0101454 -0.0134597
8.28 -5.96737e-05 -0.000771345 -0.000348357 3.75073e-05 -0.00861441 -0.0192954
8.3 -6.98842e-05 -0.000948353 -0.000306993 0.000113935 -0.00757988 -0.0237228
8.32 -7.76099e-05 -0.00106247 -0.000276055 0.00017335 -0.00680609 -0.0265778
8.34 -8.26139e-05 -0.00111653 -0.000238828 0.000208418 -0.00587504 -0.0279307
8.36 -8.48981e-05 -0.00112046 -0.000179004 0.00021629 -0.00437882 -0.028029
8.38 -8.46299e-05 -0.00108989 -8.65671e-05 0.000200291 -0.00206693 -0.0272644
8.4 -8.20771e-05 -0.001043 3.87898e-05 0.000169854 0.0010683 -0.0260918
8.42 -7.75266e-05 -0.000994529 0.000186394 0.000137631 0.00475993 -0.0248794
8.44 -7.11256e-05 -0.000952009 0.000337582 0.000114825 0.00854122 -0.023816
8.46 -6.30557e-05 -0.000914472 0.000472056 0.000107431 0.0119045 -0.0228772
8.48 -5.36102e-05 -0.000871472 0.000574076 0.000115046 0.014456 -0.0218017
8.5 -4.30101e-05 -0.000806106 0.000635688 0.00013189 0.015997 -0.0201669
8.52 -3.13418e-05 -0.000702867 0.000656806 0.00014928 0.0165252 -0.0175848
8.54 -1.86207e-05 -0.000554213 0.000644046 0.000158554 0.016206 -0.0138669
8.56 -5.0491e-06 -0.000361388 0.000607772 0.000153026 0.0152988 -0.00904433
8.58 8.82205e-06 -0.000133002 0.000557194 0.000128828 0.0140338 -0.00333228
8.6 2.21792e-05 0.000114945 0.000498466 8.5878e-05 0.012565 0.00286897
8.62 3.42279e-05 0.00035995 0.000436948 2.89383e-05 0.0110264 0.00899664
8.64 4.4419e-05 0.000577241 0.000376971 -3.28181e-05 0.00952634 0.0144312
8.66 5.24789e-05 0.000746513 0.000318502 -8.8222e-05 0.00806402 0.0186649
8.68 5.83144e-05 0.000857552 0.000256732 -0.000127384 0.00651913 0.0214423
8.7 6.19443e-05 0.00091136 0.000184932 -0.000144582 0.00472337 0.0227884
8.72 6.34952e-05 0.000916875 9.7129e-05 -0.00013977 0.00252739 0.0229264
8.74 6.31875e-05 0.000887042 -1.0655e-05 -0.00011818 -0.000168331 0.0221802
8.76 6.12793e-05 0.000837941 -0.000138683 -8.86003e-05 -0.00337036 0.0209522
8.78 5.80042e-05 0.000787445 -0.000280281 -6.12678e-05 -0.00691178 0.0196892
8.8 5.34984e-05 0.000749697 -0.000421324 -4.53132e-05 -0.0104393 0.0187452
8.82 4.77716e-05 0.000728635 -0.000545141 -4.58198e-05 -0.013536 0.0182184
8.84 4.07843e-05 0.000714349 -0.000638254 -6.18053e-05 -0.0158649 0.0178611
8.86 3.24958e-05 0.000686279 -0.000692445 -8.6329e-05 -0.0172202 0.017159
8.88 2.28949e-05 0.0006233 -0.000706114 -0.000108713 -0.0175621 0.0155839
8.9 1.2093e-05 0.000512178 -0.000684499 -0.000118138 -0.0170214 0.0128047
8.92 4.26181e-07 0.000349368 -0.000635117 -0.000107284 -0.0157864 0.00873277
8.94 -1.15371e-05 0.000140367 -0.000564796 -7.44873e-05 -0.0140276 0.00350554
8.96 -2.31329e-05 -9.88231e-05 -0.000482312 -2.40769e-05 -0.0119647 -0.00247669
8.98 -3.37579e-05 -0.000341347 -0.000399254 3.45777e-05 -0.00988736 -0.00854231
9 -4.29235e-05 -0.000555321 -0.000324031 8.92291e-05 -0.00800599 -0.0138939
9.02 -5.02174e-05 -0.000714028 -0.000255921 0.000128113 -0.00630254 -0.0178633
9.04 -5.5307e-05 -0.000805479 -0.000184939 0.00014342 -0.00452725 -0.0201506
9.06 -5.8057e-05 -0.000835549 -9.75083e-05 0.000133561 -0.00234057 -0.0209026
9.08 -5.86252e-05 -0.000821779 1.49913e-05 0.000103626 0.000473087 -0.0205583
9.1 -5.73688e-05 -0.000782911 0.000151078 6.38853e-05 0.00387667 -0.0195862
9.12 -5.46184e-05 -0.000733878 0.000297181 2.67693e-05 0.00753077 -0.0183598
9.14 -5.05325e-05 -0.000687493 0.000433619 3.43972e-06 0.0109432 -0.0171997
9.16 -4.51673e-05 -0.000653883 0.000549022 7.28316e-07 0.0138294 -0.0163591
9.18 -3.87026e-05 -0.000636484 0.000644346 1.89333e-05 0.0162135 -0.0159239
9.2 -3.15564e-05 -0.000630326 0.00072176 5.16098e-05 0.0181497 -0.0157699
9.22 -2.42015e-05 -0.00062266 0.000778107 8.79973e-05 0.0195589 -0.0155782
9.24 -1.68367e-05 -0.000594102 0.000810801 0.000116855 0.0203767 -0.0148639
9.26 -9.23226e-06 -0.00052139 0.000820606 0.000129759 0.0206219 -0.0130454
9.28 -9.87053e-07 -0.000388709 0.000806425 0.000122912 0.0202672 -0.009727
9.3 7.93417e-06 -0.000203929 0.000765133 9.77816e-05 0.0192345 -0.00510557
9.32 1.69252e-05 2.4646e-06 0.000700493 6.06637e-05 0.0176178 5.64183e-05
9.34 2.50508e-05 0.00019768 0.000625661 2.05547e-05 0.0157462 0.00493884
9.36 3.16835e-05 0.000360574 0.000551282 -1.37382e-05 0.013886 0.00901288
9.38 3.6843e-05 0.000479695 0.0004789 -3.5342e-05 0.0120757 0.0119922
9.4 4.08979e-05 0.000550574 0.000407296 -4.02539e-05 0.0102848 0.0137649
9.42 4.40078e-05 0.000577603 0.000333512 -2.86931e-05 0.00843946 0.0144409
9.44 4.59249e-05 0.000572605 0.000249215 -5.61328e-06 0.00633117 0.0143159
9.46 4.63161e-05 0.000550842 0.000147625 2.08762e-05 0.00379036 0.0137716
9.48 4.51597e-05 0.000527134 3.1032e-05 4.17669e-05 0.000874315 0.0131786
9.5 4.27423e-05 0.000511548 -9.33374e-05 4.90358e-05 -0.00223622 0.0127888
9.52 3.92886e-05 0.00050691 -0.000217318 3.77771e-05 -0.00533703 0.0126728
9.54 3.47116e-05 0.000509037 -0.000329881 8.16591e-06 -0.00815226 0.012726
9.56 2.87743e-05 0.000508188 -0.000418574 -3.41669e-05 -0.0103705 0.0127048
9.58 2.14224e-05 0.000488617 -0.000475559 -7.94255e-05 -0.0117958 0.0122153
9.6 1.28929e-05 0.000431508 -0.000500531 -0.00011591 -0.0124203 0.010787
9.62 3.55512e-06 0.000325772 -0.000497969 -0.000133374 -0.0123562 0.00814246
9.64 -6.21381e-06 0.000176673 -0.000473379 -0.000126693 -0.0117412 0.00441345
9.66 -1.59589e-05 3.22366e-06 -0.000432962 -9.7446e-05 -0.0107304 7.5406e-05
9.68 -2.50606e-05 -0.000172684 -0.000384237 -5.25461e-05 -0.00951175 -0.00432413
9.7 -3.28517e-05 -0.00033331 -0.000333355 -1.62535e-06 -0.00823916 -0.00834145
9.72 -3.88628e-05 -0.000464938 -0.000281774 4.52911e-05 -0.00694909 -0.0116335
9.74 -4.29289e-05 -0.000557238 -0.000226625 7.97763e-05 -0.0055698 -0.013942
9.76 -4.50444e-05 -0.000604191 -0.000162711 9.66126e-05 -0.00397128 -0.0151163
9.78 -4.51614e-05 -0.000605271 -8.46507e-05 9.45149e-05 -0.00201896 -0.0151433
9.8 -4.31885e-05 -0.00056631 9.01157e-06 7.61423e-05 0.000323573 -0.0141689
9.82 -3.91975e-05 -0.000500027 0.000112425 4.78317e-05 0.00290998 -0.0125111
9.84 -3.35843e-05 -0.000424135 0.000214808 1.8568e-05 0.00547063 -0.010613
9.86 -2.69619e-05 -0.000355185 0.000308039 -2.45701e-06 0.00780238 -0.00888855
9.88 -1.98428e-05 -0.000301576 0.000390658 -9.02223e-06 0.00986871 -0.00754776
9.9 -1.24064e-05 -0.000260533 0.000464056 -1.0154e-07 0.0117044 -0.00652126
9.92 -4.57639e-06 -0.000220849 0.000527586 2.01094e-05 0.0132933 -0.00552875
9.94 3.6814e-06 -0.00016924 0.000577957 4.43974e-05 0.0145531 -0.00423797
9.96 1.21434e-05 -9.58146e-05 0.000610783 6.57115e-05 0.0153741 -0.00240158
9.98 2.03918e-05 2.73731e-06 0.000623127 7.94402e-05 0.0156828 6.32419e-05
10 2.80601e-05 0.000122855 0.000617311 8.37645e-05 0.0155374 0.00306743
10.02 3.49892e-05 0.000256714 0.000600394 7.8615e-05 0.0151143 0.00641531
10.04 4.11332e-05 0.000392728 0.000577713 6.47729e-05 0.014547 0.00981706
10.06 4.63285e-05 0.000514986 0.000548856 4.42141e-05 0.0138253 0.0128748
10.08 5.01935e-05 0.000606253 0.000510319 2.08857e-05 0.0128615 0.0151574
10.1 5.22913e-05 0.000653724 0.000460145 1.56372e-07 0.0116066 0.0163447
10.12 5.23936e-05 0.000653618 0.000399372 -1.34171e-05 0.0100867 0.016342
10.14 5.05864e-05 0.000612312 0.000329701 -1.8552e-05 0.00834415 0.015309
10.16 4.71379e-05 0.000544912 0.00025222 -1.81221e-05 0.00640632 0.0136233
10.18 4.2276e-05 0.000468828 0.000167543 -1.74764e-05 0.00428852 0.0117204
10.2 3.60811e-05 0.000396123 7.5072e-05 -2.08929e-05 0.00197577 0.00990199
10.22 2.85879e-05 0.000331655 -2.49448e-05 -2.88853e-05 -0.00052569 0.00828962
10.24 1.9976e-05 0.000274614 -0.000127214 -3.86061e-05 -0.00308347 0.006863
10.26 1.06252e-05 0.000218532 -0.000221334 -4.62731e-05 -0.00543745 0.00546037
10.28 9.82806e-07 0.00015316 -0.000297073 -4.90023e-05 -0.00733172 0.00382537
10.3 -8.59823e-06 7.0676e-05 -0.000349394 -4.52616e-05 -0.00864031 0.00176242
10.32 -1.78834e-05 -3.13299e-05 -0.000378574 -3.44982e-05 -0.0093701 -0.000788792
10.34 -2.66422e-05 -0.000151312 -0.000386973 -1.64713e-05 -0.00958017 -0.0037896
10.36 -3.45478e-05 -0.000283543 -0.000376388 8.55594e-06 -0.00931544 -0.00709676
10.38 -4.12155e-05 -0.000416745 -0.000349352 3.82508e-05 -0.00863925 -0.0104282
10.4 -4.63322e-05 -0.000535841 -0.000311127 6.72594e-05 -0.00768323 -0.0134068
10.42 -4.97304e-05 -0.000625765 -0.000267188 8.87742e-05 -0.00658428 -0.0156559
10.44 -5.13439e-05 -0.000675752 -0.000220486 9.75489e-05 -0.00541626 -0.0169061
10.46 -5.11161e-05 -0.000682196 -0.000170357 9.20768e-05 -0.0041625 -0.0170672
10.48 -4.89717e-05 -0.000648179 -0.000112332 7.48071e-05 -0.00271128 -0.0162165
10.5 -4.48991e-05 -0.000582201 -4.14531e-05 5.06553e-05 -0.00093857 -0.0145663
10.52 -3.90648e-05 -0.000496872 4.40048e-05 2.5065e-05 0.00119877 -0.0124322
10.54 -3.18446e-05 -0.000406698 0.000143034 2.91555e-06 0.00367554 -0.0101769
10.56 -2.37238e-05 -0.000324284 0.000254032 -1.16359e-05 0.00645165 -0.00811569
10.58 -1.51308e-05 -0.000255569 0.00037263 -1.54407e-05 0.00941782 -0.0063971
10.6 -6.33043e-06 -0.000197401 0.000488756 -7.43634e-06 0.0123222 -0.00494229
10.62 2.54529e-06 -0.000139935 0.000589346 1.02381e-05 0.014838 -0.00350505
10.64 1.13666e-05 -7.24916e-05 0.000662695 3.23734e-05 0.0166725 -0.00181827
10.66 1.98957e-05 1.12189e-05 0.000700751 5.23704e-05 0.0176243 0.000275369
10.68 2.77855e-05 0.000110397 0.000701897 6.45631e-05 0.0176529 0.00275586
10.7 3.46836e-05 0.000218242 0.000673576 6.59349e-05 0.0169446 0.00545311
10.72 4.03526e-05 0.000326482 0.000627886 5.64158e-05 0.0158019 0.00816023
10.74 4.46969e-05 0.000427772 0.000572656 3.81056e-05 0.0144206 0.0106935
10.76 4.76563e-05 0.000514064 0.000509688 1.46679e-05 0.0128457 0.0128517
10.78 4.9099e-05 0.000575885 0.0004394 -8.75168e-06 0.0110878 0.0143979
10.8 4.88444e-05 0.000605219 0.000362075 -2.61117e-05 0.00915383 0.0151316
10.82 4.68035e-05 0.000599441 0.000276135 -3.22331e-05 0.00700445 0.0149871
10.84 4.31126e-05 0.000563082 0.000180326 -2.49821e-05 0.00460821 0.0140777
10.86 3.81209e-05 0.000506272 7.63805e-05 -6.49664e-06 0.0020085 0.0126569
10.88 3.22186e-05 0.000439979 -3.36157e-05 1.75105e-05 -0.000742552 0.0109988
10.9 2.56508e-05 0.000370846 -0.000148447 4.01516e-05 -0.00361452 0.0092698
10.92 1.8481e-05 0.000300287 -0.000262298 5.58872e-05 -0.00646199 0.00750508
10.94 1.07372e-05 0.000227973 -0.000363796 6.15891e-05 -0.00900049 0.00569647
10.96 2.59516e-06 0.000155506 -0.000443689 5.61677e-05 -0.0109987 0.00388405
10.98 -5.58462e-06 8.54931e-05 -0.000499275 4.0091e-05 -0.0123889 0.002133
11 -1.33923e-05 1.82044e-05 -0.000531378 1.56968e-05 -0.0131918 0.00045008
11.02 -2.05193e-05 -4.83972e-05 -0.000540639 -1.23654e-05 -0.0134234 -0.00121565
11.04 -2.67928e-05 -0.000118114 -0.000527493 -3.77534e-05 -0.0130946 -0.00295929
11.06 -3.21137e-05 -0.000196366 -0.000493002 -5.42301e-05 -0.012232 -0.0049164
11.08 -3.63893e-05 -0.000285917 -0.000438646 -5.79657e-05 -0.0108725 -0.00715612
11.1 -3.95094e-05 -0.000381315 -0.000366478 -4.93107e-05 -0.00906758 -0.00954208
11.12 -4.13542e-05 -0.000469013 -0.000280604 -3.26634e-05 -0.00691984 -0.0117354
11.14 -4.18178e-05 -0.000533261 -0.000187247 -1.42193e-05 -0.00458494 -0.0133423
11.16 -4.08535e-05 -0.000563344 -8.96796e-05 6.80262e-07 -0.00214473 -0.0140947
11.18 -3.85394e-05 -0.000558691 1.43221e-05 9.07387e-06 0.000456393 -0.0139783
11.2 -3.51028e-05 -0.000527564 0.000126879 1.06968e-05 0.00327148 -0.0131998
11.22 -3.08426e-05 -0.000480924 0.000246357 7.44239e-06 0.00625968 -0.0120333
11.24 -2.59827e-05 -0.000427826 0.000370073 2.47892e-06 0.00935386 -0.0107053
11.26 -2.05831e-05 -0.000373945 0.000494146 -4.20142e-07 0.012457 -0.00935775
11.28 -1.46128e-05 -0.000322316 0.000609415 2.46877e-06 0.0153399 -0.00806649
11.3 -8.13931e-06 -0.000274929 0.000704024 1.3745e-05 0.0177061 -0.00688131
11.32 -1.44897e-06 -0.000233291 0.000771938 3.37893e-05 0.0194047 -0.00583994
11.34 5.04068e-06 -0.000195887 0.000813817 6.0308e-05 0.0204521 -0.00490443
11.36 1.10083e-05 -0.000155313 0.000829728 8.86252e-05 0.02085 -0.00388965
11.38 1.63812e-05 -0.000100579 0.000817632 0.000112789 0.0205475 -0.00252075
11.4 2.1274e-05 -2.37151e-05 0.000779498 0.000127523 0.0195938 -0.000598346
11.42 2.57874e-05 7.42335e-05 0.000722932 0.000130211 0.018179 0.00185139
11.44 2.98315e-05 0.000182463 0.000655363 0.000121726 0.0164891 0.00455825
11.46 3.31058e-05 0.000284032 0.00058143 0.000105718 0.01464 0.00709854
11.48 3.52542e-05 0.000361125 0.00050567 8.71043e-05 0.0127452 0.00902667
11.5 3.60714e-05 0.000403799 0.000428982 7.0455e-05 0.0108272 0.010094
11.52 3.56278e-05 0.000417183 0.000343283 5.83834e-05 0.00868385 0.0104287
11.54 3.42015e-05 0.000415524 0.000239916 5.06941e-05 0.00609861 0.0103872
11.56 3.20405e-05 0.000407127 0.000120256 4.53331e-05 0.00310585 0.0101772
11.58 2.91741e-05 0.000391891 -1.00341e-05 4.00441e-05 -0.000152749 0.00979613
11.6 2.54825e-05 0.000372227 -0.000149245 3.25115e-05 -0.00363448 0.00930433
11.62 2.09542e-05 0.00035401 -0.000292378 1.98804e-05 -0.00721429 0.00884873
11.64 1.58389e-05 0.00033813 -0.000424775 -1.13671e-08 -0.0105256 0.00845154
11.66 1.05049e-05 0.000319221 -0.00053195 -2.6918e-05 -0.0132061 0.00797863
11.68 5.13519e-06 0.000289994 -0.000606829 -5.81902e-05 -0.0150788 0.00724765
11.7 -3.98667e-07 0.000243539 -0.000646516 -8.95213e-05 -0.0160714 0.00608578
11.72 -6.33202e-06 0.000175345 -0.000651954 -0.000115417 -0.0162074 0.00438023
11.74 -1.26911e-05 8.60736e-05 -0.000630554 -0.00013049 -0.0156722 0.00214752
11.76 -1.91975e-05 -1.88655e-05 -0.000593188 -0.000131425 -0.0147377 -0.000477054
11.78 -2.54503e-05 -0.000131541 -0.000547565 -0.000117929 -0.0135966 -0.00329511
11.8 -3.11489e-05 -0.000243365 -0.000496143 -9.25244e-05 -0.0123105 -0.00609187
11.82 -3.61299e-05 -0.000346828 -0.000437817 -5.99181e-05 -0.0108518 -0.00867952
11.84 -4.02427e-05 -0.000435983 -0.000369697 -2.58705e-05 -0.00914807 -0.0109093
11.86 -4.32545e-05 -0.000506471 -0.000289306 4.2933e-06 -0.00713747 -0.0126723
11.88 -4.49102e-05 -0.000556375 -0.000195505 2.6934e-05 -0.00479147 -0.0139204
11.9 -4.50745e-05 -0.000586021 -8.69805e-05 4.07822e-05 -0.00207722 -0.0146618
11.92 -4.37939e-05 -0.000596832 3.88798e-05 4.69159e-05 0.0010706 -0.0149322
11.94 -4.12309e-05 -0.000592263 0.000183585 4.8198e-05 0.00468975 -0.014818
11.96 -3.75584e-05 -0.000578122 0.000342466 4.86858e-05 0.00866343 -0.0144643
11.98 -3.29082e-05 -0.000558851 0.000502775 5.28933e-05 0.0126728 -0.0139823
12 -2.73867e-05 -0.000534607 0.00064803 6.44345e-05 0.0163057 -0.013376
12.02 -2.11153e-05 -0.000503698 0.000766243 8.45458e-05 0.0192623 -0.0126029
12.04 -1.42567e-05 -0.000464858 0.000853391 0.000111311 0.0214419 -0.0116315
12.06 -7.014e-06 -0.000415059 0.000909583 0.00013963 0.0228473 -0.010386
12.08 4.02918e-07 -0.00034807 0.000937131 0.000162146 0.0235364 -0.0087106
12.1 7.81987e-06 -0.000257865 0.0009404 0.000171662 0.0236181 -0.00645453
12.12 1.51054e-05 -0.000143811 0.000924462 0.00016414 0.0232195 -0.00360198
12.14 2.21258e-05 -1.26043e-05 0.000894524 0.000140271 0.0224707 -0.00032046
12.16 2.8691e-05 0.000123708 0.000855786 0.000104817 0.0215019 0.00308877
12.18 3.45359e-05 0.000250923 0.000811347 6.46876e-05 0.0203905 0.00627047
12.2 3.93737e-05 0.00035642 0.000760619 2.70198e-05 0.0191217 0.008909
12.22 4.302e-05 0.00043352 0.000700818 -2.231e-06 0.0176261 0.0108373
12.24 4.54529e-05 0.000483368 0.000625797 -1.92515e-05 0.0157498 0.012084
12.26 4.67373e-05 0.000512036 0.000526415 -2.31152e-05 0.0132642 0.012801
12.28 4.68901e-05 0.000526181 0.000397058 -1.6222e-05 0.0100289 0.0131548
12.3 4.58155e-05 0.000531314 0.000239779 -4.00613e-06 0.00609531 0.0132832
12.32 4.33668e-05 0.000531264 6.42624e-05 6.40985e-06 0.00170557 0.0132819
12.34 3.94733e-05 0.000527028 -0.000113496 8.44268e-06 -0.00274024 0.013176
12.36 3.42196e-05 0.000516764 -0.000276283 -1.66615e-06 -0.00681161 0.0129193
12.38 2.78245e-05 0.000497704 -0.000412836 -2.35649e-05 -0.0102269 0.0124426
12.4 2.05669e-05 0.000466845 -0.00051925 -5.29432e-05 -0.0128883 0.0116708
12.42 1.27273e-05 0.000419399 -0.000594843 -8.27692e-05 -0.0147789 0.0104841
12.44 4.57602e-06 0.000349251 -0.000639621 -0.000105177 -0.0158989 0.0087297
12.46 -3.60975e-06 0.000253312 -0.00065481 -0.000113715 -0.0162787 0.00633022
12.48 -1.15289e-05 0.000135405 -0.000644935 -0.000105304 -0.0160318 0.00338131
12.5 -1.88546e-05 5.93941e-06 -0.000618551 -8.10325e-05 -0.0153719 0.000143327
12.52 -2.52474e-05 -0.000120792 -0.000584049 -4.55683e-05 -0.014509 -0.00302627
12.54 -3.03867e-05 -0.000229998 -0.000545455 -5.82277e-06 -0.0135437 -0.00575757
12.56 -3.40193e-05 -0.000310803 -0.00050306 3.06078e-05 -0.0124834 -0.00777854
12.58 -3.60242e-05 -0.00035943 -0.000453977 5.69722e-05 -0.0112558 -0.00899471
12.6 -3.64445e-05 -0.000378412 -0.000391462 6.8613e-05 -0.0096923 -0.00946945
12.62 -3.54579e-05 -0.000374785 -0.000308267 6.39213e-05 -0.00761156 -0.00937875
12.64 -3.33188e-05 -0.000359402 -0.000202126 4.51352e-05 -0.00495694 -0.00899401
12.66 -3.03001e-05 -0.000343669 -7.47474e-05 1.82994e-05 -0.00177114 -0.00860053
12.68 -2.66508e-05 -0.000334769 7.18858e-05 -8.42249e-06 0.00189622 -0.00837794
12.7 -2.25802e-05 -0.000334395 0.00023261 -2.73046e-05 0.005916 -0.00836858
12.72 -1.82817e-05 -0.000341874 0.000396565 -3.29037e-05 0.0100166 -0.00855562
12.74 -1.39641e-05 -0.000355743 0.000550909 -2.28012e-05 0.0138768 -0.00890249
12.76 -9.81353e-06 -0.000369672 0.000683755 2.1113e-06 0.0171993 -0.00925087
12.78 -5.89284e-06 -0.000370316 0.000781573 3.75946e-05 0.0196458 -0.00926697
12.8 -2.09896e-06 -0.000344574 0.000832291 7.68251e-05 0.0209143 -0.00862316
12.82 1.72763e-06 -0.000289116 0.0008369 0.000112136 0.0210296 -0.00723614
12.84 5.62431e-06 -0.00021036 0.000809848 0.000136894 0.020353 -0.00526642
12.86 9.43428e-06 -0.000119454 0.000766064 0.000146879 0.0192579 -0.00299282
12.88 1.29102e-05 -2.9813e-05 0.000713629 0.000141416 0.0179465 -0.000750856
12.9 1.58481e-05 4.70313e-05 0.000657461 0.000123776 0.0165417 0.00117105
12.92 1.81254e-05 0.000104527 0.000599816 9.98875e-05 0.0151 0.00260906
12.94 1.96561e-05 0.000139289 0.000535562 7.63809e-05 0.013493 0.00347845
12.96 2.0344e-05 0.000152495 0.000455659 5.90501e-05 0.0114946 0.00380875
12.98 2.01321e-05 0.000153549 0.000355413 5.10445e-05 0.00898738 0.00383511
13 1.9088e-05 0.000155099 0.000234742 5.14611e-05 0.00596935 0.00387387
13.02 1.73838e-05 0.000163679 9.40124e-05 5.6341e-05 0.00244965 0.00408845
13.04 1.51681e-05 0.000178525 -6.35149e-05 6.10167e-05 -0.00149018 0.00445976
13.06 1.24853e-05 0.000197078 -0.000226079 6.12308e-05 -0.00555598 0.00492379
13.08 9.36702e-06 0.000218203 -0.000376254 5.33472e-05 -0.0093119 0.00545213
13.1 5.95642e-06 0.000239974 -0.000500214 3.51011e-05 -0.0124122 0.00599663
13.12 2.4657e-06 0.000255659 -0.000590557 6.6123e-06 -0.0146717 0.00638891
13.14 -9.88492e-07 0.000255479 -0.000643452 -2.90844e-05 -0.0159946 0.00638442
13.16 -4.44391e-06 0.000233182 -0.000659802 -6.62788e-05 -0.0164036 0.00582675
13.18 -7.95741e-06 0.000188459 -0.000648231 -9.78851e-05 -0.0161142 0.00470822
13.2 -1.14203e-05 0.000125476 -0.000621129 -0.000117715 -0.0154364 0.00313299
13.22 -1.45283e-05 5.25335e-05 -0.000586055 -0.000122844 -0.0145591 0.00130866
13.24 -1.69415e-05 -1.95573e-05 -0.000545383 -0.000114636 -0.0135419 -0.000494356
13.26 -1.84871e-05 -8.13063e-05 -0.000500749 -9.76399e-05 -0.0124256 -0.00203872
13.28 -1.92336e-05 -0.000128125 -0.000451056 -7.73303e-05 -0.0111827 -0.00320969
13.3 -1.94261e-05 -0.00016204 -0.000389831 -5.8377e-05 -0.00965147 -0.0040579
13.32 -1.93619e-05 -0.000189575 -0.000308528 -4.39244e-05 -0.00761806 -0.00474658
13.34 -1.92781e-05 -0.000216924 -0.000201265 -3.54339e-05 -0.00493537 -0.00543057
13.36 -1.92902e-05 -0.000246024 -6.64609e-05 -3.2642e-05 -0.00156386 -0.00615839
13.38 -1.93836e-05 -0.000275907 9.25479e-05 -3.33496e-05 0.00241301 -0.00690577
13.4 -1.94617e-05 -0.000307567 0.000266911 -3.31242e-05 0.0067739 -0.00769761
13.42 -1.94302e-05 -0.0003458 0.000443545 -2.58045e-05 0.0111916 -0.00865383
13.44 -1.9243e-05 -0.000395065 0.000607443 -5.58673e-06 0.0152907 -0.00988597
13.46 -1.88363e-05 -0.000452383 0.000744853 3.00251e-05 0.0187274 -0.0113195
13.48 -1.80024e-05 -0.000504263 0.000847104 7.8237e-05 0.0212848 -0.012617
13.5 -1.63887e-05 -0.000532007 0.000909616 0.000131339 0.0228483 -0.0133109
13.52 -1.37131e-05 -0.000522551 0.000928879 0.000179454 0.0233301 -0.0130745
13.54 -1.00232e-05 -0.000474939 0.000906622 0.000214188 0.0227735 -0.0118836
13.56 -5.71143e-06 -0.000397145 0.000854214 0.000231023 0.0214627 -0.00993799
13.58 -1.21813e-06 -0.000299431 0.000787319 0.000229409 0.0197897 -0.00749411
13.6 3.27058e-06 -0.000190674 0.000717363 0.000211562 0.01804 -0.00477407
13.62 7.81559e-06 -7.85159e-05 0.000648819 0.000181413 0.0163257 -0.00196894
13.64 1.24733e-05 2.95043e-05 0.000578901 0.000144289 0.014577 0.000732696
13.66 1.70752e-05 0.000126447 0.000498374 0.000106714 0.012563 0.00315727
13.68 2.12912e-05 0.000207909 0.000400071 7.52577e-05 0.0101044 0.00519467
13.7 2.49121e-05 0.00027522 0.000286005 5.40367e-05 0.00725158 0.00687816
13.72 2.8022e-05 0.000336357 0.00016155 4.22979e-05 0.00413892 0.0084072
13.74 3.08551e-05 0.000401024 2.71191e-05 3.44018e-05 0.000776736 0.0100246
13.76 3.34798e-05 0.00047448 -0.000119588 2.28083e-05 -0.00289248 0.0118617
13.78 3.56688e-05 0.00055631 -0.000275299 1.87724e-06 -0.00678687 0.0139083
13.8 3.7092e-05 0.000642407 -0.000430201 -3.01553e-05 -0.010661 0.0160616
13.82 3.75838e-05 0.000724294 -0.00057186 -7.1548e-05 -0.014204 0.0181097
13.84 3.71672e-05 0.000788393 -0.000686516 -0.000118459 -0.0170716 0.0197128
13.86 3.58491e-05 0.000820718 -0.00076323 -0.000166035 -0.0189903 0.0205213
13.88 3.34907e-05 0.000813812 -0.000800297 -0.000208657 -0.0199174 0.0203486
13.9 2.99278e-05 0.000768127 -0.000805681 -0.000239758 -0.020052 0.019206
13.92 2.51738e-05 0.000687376 -0.000790802 -0.000252493 -0.0196799 0.0171864
13.94 1.94344e-05 0.00057547 -0.000764057 -0.000242075 -0.019011 0.0143875
13.96 1.29154e-05 0.000438426 -0.000728902 -0.000208669 -0.0181317 0.01096
13.98 5.6844e-06 0.000286369 -0.000686096 -0.000158404 -0.0170612 0.007157
14 -2.2321e-06 0.000132548 -0.000637508 -0.000101267 -0.015846 0.00330987
14.02 -1.05824e-05 -8.05239e-06 -0.00058503 -4.73732e-05 -0.0145335 -0.000206603
14.04 -1.87647e-05 -0.000121754 -0.000526549 -4.10485e-06 -0.0130708 -0.00305032
14.06 -2.60761e-05 -0.000205939 -0.00045617 2.51401e-05 -0.0113106 -0.00515582
14.08 -3.21494e-05 -0.000277004 -0.000362893 4.1365e-05 -0.00897773 -0.0069332
14.1 -3.71442e-05 -0.00035949 -0.000232638 4.93129e-05 -0.00572 -0.00899621
14.12 -4.14511e-05 -0.000466076 -6.08387e-05 5.5232e-05 -0.00142322 -0.011662
14.14 -4.51876e-05 -0.000591796 0.000138952 6.47534e-05 0.00357363 -0.0148063
14.16 -4.80012e-05 -0.000720653 0.000340034 8.21585e-05 0.00860278 -0.0180291
14.18 -4.93973e-05 -0.000832963 0.000512279 0.000109512 0.0129107 -0.020838
14.2 -4.9231e-05 -0.000912187 0.000632125 0.000145154 0.0159081 -0.0228196
14.22 -4.78093e-05 -0.000948587 0.000693007 0.000183491 0.0174308 -0.0237301
14.24 -4.54738e-05 -0.000935716 0.000705263 0.000216463 0.0177373 -0.0234082
14.26 -4.21269e-05 -0.00086871 0.000688742 0.000235603 0.0173241 -0.0217323
14.28 -3.72647e-05 -0.000751523 0.000666021 0.000234932 0.0167559 -0.0188014
14.3 -3.05213e-05 -0.000603146 0.000650995 0.000214223 0.0163801 -0.0150904
14.32 -2.21599e-05 -0.000449296 0.000641949 0.00017964 0.0161538 -0.0112426
14.34 -1.29617e-05 -0.000305611 0.000629891 0.000140223 0.0158522 -0.00764899
14.36 -3.65167e-06 -0.000174853 0.000607729 0.000103247 0.0152979 -0.00437867
14.38 5.48937e-06 -5.49667e-05 0.000568191 7.21859e-05 0.0143091 -0.00138026
14.4 1.4484e-05 6.08154e-05 0.000503192 4.69112e-05 0.0126835 0.0015155
14.42 2.32453e-05 0.000183812 0.000408869 2.46366e-05 0.0103244 0.00459168
14.44 3.13921e-05 0.000319838 0.000286248 2.1806e-06 0.00725759 0.00799376
14.46 3.84622e-05 0.000462841 0.000140029 -2.15011e-05 0.00360058 0.0115703
14.48 4.42131e-05 0.000600804 -1.88573e-05 -4.56073e-05 -0.000373228 0.0150208
14.5 4.86555e-05 0.000723066 -0.000174576 -6.99003e-05 -0.00426781 0.0180787
14.52 5.18158e-05 0.000821391 -0.000313447 -9.53856e-05 -0.00774105 0.0205379
14.54 5.35221e-05 0.000890057 -0.000426401 -0.000122721 -0.0105661 0.0222555
14.56 5.34284e-05 0.000925537 -0.000508134 -0.000150736 -0.0126103 0.023143
14.58 5.12175e-05 0.000922792 -0.000558688 -0.000175811 -0.0138746 0.0230743
14.6 4.67969e-05 0.000876121 -0.000583502 -0.000192216 -0.0144952 0.0219071
14.62 4.03821e-05 0.000787629 -0.000588139 -0.000194572 -0.0146112 0.0196938
14.64 3.24168e-05 0.000668948 -0.00057409 -0.000181195 -0.0142598 0.0167256
14.66 2.33817e-05 0.00052887 -0.000539714 -0.000154542 -0.0134001 0.0132222
14.68 1.36421e-05 0.000367439 -0.000482901 -0.000118423 -0.0119791 0.0091847
14.7 3.47036e-06 0.000188686 -0.000406201 -7.62005e-05 -0.0100609 0.00471401
14.72 -6.80629e-06 7.27775e-06 -0.000319632 -3.15474e-05 -0.00789572 0.00017692
14.74 -1.67603e-05 -0.000163409 -0.000235574 1.11796e-05 -0.00579341 -0.00409203
14.76 -2.5992e-05 -0.000318844 -0.000158674 4.78748e-05 -0.00387011 -0.00797952
14.78 -3.42629e-05 -0.000456074 -8.06022e-05 7.4991e-05 -0.0019175 -0.0114117
14.8 -4.14536e-05 -0.000570271 1.15762e-05 8.99687e-05 0.000387925 -0.0142678
14.82 -4.73896e-05 -0.000660918 0.000123389 9.34675e-05 0.0031844 -0.016535
14.84 -5.17399e-05 -0.00073165 0.000250514 9.07977e-05 0.00636386 -0.018304
14.86 -5.41289e-05 -0.000785058 0.000381486 8.96967e-05 0.00963953 -0.0196398
14.88 -5.43526e-05 -0.000823543 0.000500881 9.67284e-05 0.0126257 -0.0206024
14.9 -5.24552e-05 -0.000848785 0.000597439 0.000115046 0.0150406 -0.0212337
14.92 -4.8591e-05 -0.000853981 0.000668653 0.000142791 0.0168217 -0.0213637
14.94 -4.28508e-05 -0.000822451 0.000711815 0.000172563 0.0179012 -0.0205751
14.96 -3.52616e-05 -0.000740762 0.00071948 0.000194384 0.0180929 -0.018532
14.98 -2.59967e-05 -0.000610746 0.000691096 0.00020079 0.017383 -0.0152803
15 -1.55696e-05 -0.000446962 0.000638415 0.000189401 0.0160654 -0.011184
15.02 -4.76458e-06 -0.000267618 0.000572934 0.000161792 0.0144277 -0.00669851
15.04 5.67991e-06 -8.79311e-05 0.000497836 0.000121446 0.0125495 -0.00220447
15.06 1.53795e-05 8.52533e-05 0.000416269 7.25077e-05 0.0105095 0.00212694
15.08 2.43391e-05 0.000252876 0.000335488 1.94233e-05 0.0084891 0.00631925
15.1 3.26739e-05 0.00041378 0.0002583 -3.21871e-05 0.00655859 0.0103435
15.12 4.02704e-05 0.000558581 0.000178266 -7.47502e-05 0.00455692 0.0139651
15.14 4.67146e-05 0.000676748 8.55448e-05 -0.000100873 0.00223791 0.0169205
15.16 5.15357e-05 0.000763877 -2.56118e-05 -0.000107619 -0.000542159 0.0190996
15.18 5.44809e-05 0.000818588 -0.000152406 -9.84502e-05 -0.00371334 0.020468
15.2 5.55314e-05 0.000840761 -0.000283208 -8.13779e-05 -0.00698475 0.0210226
15.22 5.46761e-05 0.000834445 -0.000403644 -6.59459e-05 -0.0099969 0.0208647
15.24 5.17374e-05 0.000805868 -0.000503522 -6.02038e-05 -0.0124949 0.0201499
15.26 4.64916e-05 0.000758886 -0.000576978 -6.76327e-05 -0.0143321 0.0189749
15.28 3.89667e-05 0.000694107 -0.000619748 -8.59734e-05 -0.0154017 0.0173547
15.3 2.95431e-05 0.000609076 -0.000631953 -0.000108877 -0.015707 0.0152281
15.32 1.8758e-05 0.000497657 -0.000619062 -0.000128193 -0.0153846 0.0124414
15.34 7.08915e-06 0.000355241 -0.0005861 -0.000135792 -0.0145602 0.00887954
15.36 -5.04187e-06 0.000185957 -0.000536167 -0.000125944 -0.0133114 0.0046457
15.38 -1.71462e-05 -1.82598e-06 -0.000473907 -9.72407e-05 -0.0117542 -5.08395e-05
15.4 -2.86856e-05 -0.000203836 -0.000404289 -5.22393e-05 -0.010013 -0.00510319
15.42 -3.92405e-05 -0.000414082 -0.000329622 3.59609e-06 -0.00814559 -0.0103615
15.44 -4.85816e-05 -0.000614534 -0.000251265 6.17954e-05 -0.00618584 -0.0153749
15.46 -5.6511e-05 -0.000780543 -0.000169256 0.000111847 -0.00413476 -0.0195269
15.48 -6.26697e-05 -0.000895387 -7.90838e-05 0.000144867 -0.00187952 -0.0223993
15.5 -6.65783e-05 -0.000955709 2.68329e-05 0.00015714 0.000769504 -0.0239082
15.52 -6.78897e-05 -0.000967368 0.000151957 0.000150956 0.0038989 -0.0241999
15.54 -6.65874e-05 -0.000941847 0.000288225 0.00013352 0.00730703 -0.0235616
15.56 -6.29397e-05 -0.000893622 0.000418213 0.000114625 0.0105581 -0.0223555
15.58 -5.72333e-05 -0.000834198 0.000526188 0.000102786 0.0132586 -0.0208692
15.6 -4.95697e-05 -0.000765713 0.000604477 0.000101461 0.0152166 -0.0191564
15.62 -3.99711e-05 -0.000682286 0.000651914 0.000108079 0.0164031 -0.0170699
15.64 -2.86658e-05 -0.000579679 0.000672046 0.000116334 0.0169066 -0.0145036
15.66 -1.62537e-05 -0.000459015 0.000672536 0.00011955 0.0169188 -0.0114857
15.68 -3.53022e-06 -0.000320057 0.000661063 0.000112869 0.0166319 -0.00801035
15.7 8.87631e-06 -0.000158398 0.000639537 9.38923e-05 0.0160935 -0.00396718
15.72 2.06608e-05 2.56865e-05 0.000606064 6.29338e-05 0.0152563 0.000636836
15.74 3.16504e-05 0.000220937 0.000561949 2.32986e-05 0.014153 0.00552013
15.76 4.1499e-05 0.000410657 0.000511092 -1.93336e-05 0.012881 0.0102651
15.78 4.95871e-05 0.000575847 0.000453151 -5.83144e-05 0.0114319 0.0143966
15.8 5.52266e-05 0.000695537 0.000385875 -8.70425e-05 0.00974931 0.0173901
15.82 5.80011e-05 0.000756274 0.000311894 -0.000100296 0.00789902 0.0189092
15.84 5.79548e-05 0.000761135 0.000232939 -9.66415e-05 0.00592432 0.0190308
15.86 5.54922e-05 0.000725119 0.000145244 -7.96076e-05 0.00373102 0.01813
15.88 5.10895e-05 0.00066382 4.85524e-05 -5.58643e-05 0.00131272 0.0165969
15.9 4.50486e-05 0.000588343 -4.95335e-05 -3.23512e-05 -0.00114045 0.0147092
15.92 3.74969e-05 0.000505811 -0.000141984 -1.44006e-05 -0.00345267 0.012645
15.94 2.85979e-05 0.000419862 -0.000226006 -4.706e-06 -0.0055541 0.0104954
15.96 1.87411e-05 0.000332674 -0.000297562 -3.10528e-06 -0.00734375 0.00831479
15.98 8.52273e-06 0.00024695 -0.000352095 -7.52714e-06 -0.00870763 0.0061708
16 -1.48614e-06 0.000162394 -0.000389768 -1.49717e-05 -0.00964986 0.00405602
16.02 -1.09944e-05 7.00537e-05 -0.000411932 -2.14087e-05 -0.0102042 0.00174655
16.04 -2.00261e-05 -4.34211e-05 -0.00041555 -2.18424e-05 -0.0102947 -0.0010915
16.06 -2.86476e-05 -0.00018143 -0.000398961 -1.22103e-05 -0.00987977 -0.00454317
16.08 -3.66147e-05 -0.000330378 -0.000366744 8.00897e-06 -0.00907401 -0.00826842
16.1 -4.33035e-05 -0.000468132 -0.00032368 3.51002e-05 -0.00799696 -0.0117137
16.12 -4.80269e-05 -0.000575811 -0.00027239 6.28109e-05 -0.00671419 -0.0144068
16.14 -5.04409e-05 -0.000642093 -0.000217579 8.47814e-05 -0.00534333 -0.0160645
16.16 -5.06592e-05 -0.000663869 -0.000163798 9.65478e-05 -0.00399825 -0.0166092
16.18 -4.89915e-05 -0.000645906 -0.000107734 9.67423e-05 -0.00259607 -0.0161599
16.2 -4.5601e-05 -0.000596412 -4.10526e-05 8.67795e-05 -0.000928338 -0.014922
16.22 -4.04334e-05 -0.000522937 3.99281e-05 6.92808e-05 0.00109702 -0.0130844
16.24 -3.34672e-05 -0.00043317 0.00013326 4.71572e-05 0.00343129 -0.0108393
16.26 -2.49957e-05 -0.000336096 0.00023373 2.40784e-05 0.00594408 -0.00841142
16.28 -1.56287e-05 -0.000239946 0.000330895 4.65687e-06 0.00837423 -0.00600667
16.3 -6.01392e-06 -0.000149443 0.000410786 -6.83671e-06 0.0103723 -0.00374314
16.32 3.4444e-06 -6.47377e-05 0.000466329 -8.40834e-06 0.0117615 -0.00162464
16.34 1.26145e-05 1.8409e-05 0.000500501 -1.6239e-06 0.0126161 0.000454892
16.36 2.14302e-05 0.000106635 0.000516542 8.63862e-06 0.0130173 0.00266146
16.38 2.96788e-05 0.000204451 0.000513866 1.63444e-05 0.0129504 0.00510789
16.4 3.69712e-05 0.000309586 0.000493908 1.73925e-05 0.0124513 0.00773736
16.42 4.28837e-05 0.000412308 0.0004625 1.14807e-05 0.0116657 0.0103065
16.44 4.71103e-05 0.000500124 0.00042513 1.43535e-06 0.0107311 0.0125028
16.46 4.94926e-05 0.000563123 0.000384777 -9.09022e-06 0.00972183 0.0140784
16.48 4.99558e-05 0.0005959 0.000343732 -1.74471e-05 0.00869528 0.0148982
16.5 4.84728e-05 0.000597565 0.00030149 -2.2194e-05 0.00763879 0.0149398
16.52 4.50962e-05 0.000570372 0.000252988 -2.22763e-05 0.00642575 0.0142597
16.54 3.99971e-05 0.000516532 0.000193945 -1.64414e-05 0.00494905 0.0129132
16.56 3.34541e-05 0.000438063 0.000124973 -3.77673e-06 0.00322402 0.0109506
16.58 2.58012e-05 0.000340716 4.81663e-05 1.46539e-05 0.00130307 0.00851594
16.6 1.73707e-05 0.000234165 -3.54888e-05 3.46882e-05 -0.000789184 0.00585104
16.62 8.46749e-06 0.000127416 -0.000122033 5.033e-05 -0.00295368 0.0031812
16.64 -6.08939e-07 2.72439e-05 -0.000202247 5.67122e-05 -0.00495989 0.000675857
16.66 -9.54093e-06 -6.12964e-05 -0.000267432 5.22472e-05 -0.00659018 -0.00153857
16.68 -1.80205e-05 -0.00013789 -0.000314284 3.9016e-05 -0.00776198 -0.00345422
16.7 -2.58002e-05 -0.000207285 -0.000343308 2.1864e-05 -0.00848788 -0.00518981
16.72 -3.27e-05 -0.000274565 -0.000356284 6.4174e-06 -0.0088124 -0.0068725
16.74 -3.85513e-05 -0.000342514 -0.000354624 -2.95638e-06 -0.00877089 -0.00857193
16.76 -4.31307e-05 -0.000410735 -0.000338283 -3.92085e-06 -0.00836219 -0.0102782
16.78 -4.61699e-05 -0.000474159 -0.000307774 3.73138e-06 -0.00759915 -0.0118644
16.8 -4.74637e-05 -0.000524483 -0.000268529 1.77916e-05 -0.00661762 -0.0131231
16.82 -4.69768e-05 -0.000554286 -0.00022827 3.39897e-05 -0.00561072 -0.0138684
16.84 -4.48358e-05 -0.00055865 -0.000187505 4.73625e-05 -0.00459117 -0.0139776
16.86 -4.12252e-05 -0.000534821 -0.000139381 5.36072e-05 -0.00338758 -0.0133816
16.88 -3.63048e-05 -0.000482986 -7.95163e-05 5.00734e-05 -0.00189033 -0.0120852
16.9 -3.02264e-05 -0.000407062 -9.96919e-06 3.66774e-05 -0.000150929 -0.0101863
16.92 -2.32016e-05 -0.000313951 6.49605e-05 1.62704e-05 0.00172309 -0.00785758
16.94 -1.55099e-05 -0.000211992 0.000141198 -6.00305e-06 0.00362983 -0.00530754
16.96 -7.42525e-06 -0.000109696 0.000214877 -2.40619e-05 0.00547258 -0.00274907
16.98 8.48775e-07 -1.38229e-05 0.000283528 -3.27023e-05 0.00718955 -0.000351239
17 9.14847e-06 7.27124e-05 0.000344409 -2.95533e-05 0.00871223 0.00181304
17.02 1.72567e-05 0.000150072 0.00039258 -1.59934e-05 0.009917 0.00374785
17.04 2.48617e-05 0.000219228 0.000424751 3.85811e-06 0.0107216 0.00547745
17.06 3.16241e-05 0.000281666 0.000442387 2.50589e-05 0.0111627 0.00703905
17.08 3.72816e-05 0.000339274 0.000449576 4.31076e-05 0.0113425 0.00847986
17.1 4.16766e-05 0.000392351 0.000449381 5.44535e-05 0.0113376 0.00980735
17.12 4.46816e-05 0.000438359 0.000442324 5.68802e-05 0.0111611 0.010958
17.14 4.61278e-05 0.000472626 0.000428271 4.99348e-05 0.0108096 0.011815
17.16 4.58413e-05 0.000489935 0.000407936 3.53481e-05 0.0103011 0.0122479
17.18 4.3762e-05 0.000486275 0.000381157 1.70567e-05 0.0096313 0.0121564
17.2 4.00159e-05 0.000459527 0.000346381 1.46562e-07 0.00876154 0.0114874
17.22 3.4863e-05 0.000409426 0.000303976 -1.10534e-05 0.00770098 0.0102344
17.24 2.85763e-05 0.00033812 0.00025645 -1.44721e-05 0.00651232 0.00845099
17.26 2.13611e-05 0.000249642 0.000204249 -1.04878e-05 0.00520675 0.00623813
17.28 1.33723e-05 0.000148142 0.000145946 -9.88908e-07 0.00374857 0.00369958
17.3 4.81316e-06 3.90492e-05 8.25114e-05 1.16641e-05 0.00216205 0.000971113
17.32 -3.97549e-06 -6.87089e-05 1.82526e-05 2.48719e-05 0.000554911 -0.00172396
17.34 -1.25357e-05 -0.000165428 -4.21142e-05 3.56954e-05 -0.000954888 -0.00414294
17.36 -2.04336e-05 -0.000245876 -9.57763e-05 4.15007e-05 -0.002297 -0.00615499
17.38 -2.74106e-05 -0.000311107 -0.000141707 4.11917e-05 -0.00344575 -0.00778643
17.4 -3.33998e-05 -0.00036617 -0.000179077 3.59582e-05 -0.00438038 -0.00916359
17.42 -3.8375e-05 -0.000415337 -0.000205604 2.8882e-05 -0.00504384 -0.0103933
17.44 -4.21854e-05 -0.0004583 -0.000219116 2.33873e-05 -0.00538177 -0.0114678
17.46 -4.45564e-05 -0.000491057 -0.000221059 2.14272e-05 -0.00543038 -0.0122871
17.48 -4.52577e-05 -0.000508855 -0.000216107 2.28166e-05 -0.00530652 -0.0127322
17.5 -4.42626e-05 -0.000508275 -0.000207484 2.60479e-05 -0.00509085 -0.0127177
17.52 -4.17372e-05 -0.000488366 -0.000194221 2.95856e-05 -0.00475914 -0.0122198
17.54 -3.78714e-05 -0.000449485 -0.00017302 3.25086e-05 -0.0042289 -0.0112473
17.56 -3.27252e-05 -0.000390749 -0.000141383 3.41267e-05 -0.00343765 -0.00977832
17.58 -2.62568e-05 -0.000310987 -9.91169e-05 3.3384e-05 -0.00238055 -0.00778344
17.6 -1.84998e-05 -0.000212472 -4.78328e-05 2.92589e-05 -0.00109791 -0.00531953
17.62 -9.70499e-06 -0.000101397 9.63036e-06 2.19002e-05 0.000339264 -0.0025415
17.64 -3.09469e-07 1.45274e-05 6.98559e-05 1.3023e-05 0.00184553 0.000357814
17.66 9.22365e-06 0.000128119 0.000130233 5.04336e-06 0.00335558 0.00319879
17.68 1.85346e-05 0.000234011 0.000189008 -3.01321e-07 0.00482557 0.00584719
17.7 2.73576e-05 0.000329357 0.000243865 -2.92218e-06 0.00619757 0.00823182
17.72 3.54257e-05 0.000413505 0.000291496 -4.26494e-06 0.00738883 0.0103364
17.74 4.24183e-05 0.000486516 0.000328383 -6.12399e-06 0.00831139 0.0121624
17.76 4.80014e-05 0.000547097 0.000351412 -9.41992e-06 0.00888736 0.0136776
17.78 5.18964e-05 0.000591242 0.000359852 -1.39584e-05 0.00909846 0.0147817
17.8 5.39058e-05 0.000613687 0.000357368 -1.90771e-05 0.00903632 0.0153431
17.82 5.38917e-05 0.000611006 0.000348958 -2.43275e-05 0.00882598 0.015276
17.84 5.17664e-05 0.000583204 0.00033613 -2.94754e-05 0.00850516 0.0145807
17.86 4.75228e-05 0.00053295 0.000317039 -3.3829e-05 0.00802768 0.0133238
17.88 4.12783e-05 0.000463138 0.000290186 -3.56527e-05 0.00735607 0.0115777
17.9 3.32739e-05 0.000374722 0.000256628 -3.24191e-05 0.00651677 0.00936644
17.92 2.38155e-05 0.000267131 0.000218518 -2.19301e-05 0.00556363 0.00667553
17.94 1.32164e-05 0.000140628 0.00017694 -3.6129e-06 0.00452376 0.00351164
17.96 1.80692e-06 -1.8026e-06 0.000132442 2.0926e-05 0.00341084 -5.06074e-05
17.98 -9.9943e-06 -0.000153278 8.56607e-05 4.8436e-05 0.00224081 -0.00383906
18 -2.1641e-05 -0.000303263 3.67416e-05 7.50736e-05 0.00101733 -0.00759026
18.02 -3.25391e-05 -0.000441187 -1.35849e-05 9.72973e-05 -0.000241358 -0.0110398
18.04 -4.22111e-05 -0.000560644 -6.27874e-05 0.000112495 -0.00147193 -0.0140275
18.06 -5.03957e-05 -0.000658915 -0.000107979 0.000119301 -0.0026022 -0.0164853
18.08 -5.69823e-05 -0.000733617 -0.000147158 0.000117558 -0.00358207 -0.0183536
18.1 -6.18461e-05 -0.000781879 -0.000177869 0.000108284 -0.00435017 -0.0195607
18.12 -6.47632e-05 -0.00080208 -0.000197518 9.3807e-05 -0.0048416 -0.0200659
18.14 -6.54933e-05 -0.000794756 -0.000206242 7.74584e-05 -0.00505979 -0.0198827
18.16 -6.39431e-05 -0.000762245 -0.000206558 6.25344e-05 -0.00506771 -0.0190696
18.18 -6.02375e-05 -0.000708794 -0.000199814 5.12377e-05 -0.00489902 -0.0177328
18.2 -5.46289e-05 -0.000639349 -0.00018467 4.42268e-05 -0.00452027 -0.0159959
18.22 -4.73385e-05 -0.00055617 -0.000159196 4.05489e-05 -0.00388316 -0.0139156
18.24 -3.84903e-05 -0.000457706 -0.000123351 3.7833e-05 -0.00298666 -0.011453
18.26 -2.82002e-05 -0.000341726 -7.8796e-05 3.31118e-05 -0.00187232 -0.00855224
18.28 -1.67223e-05 -0.000208734 -2.77837e-05 2.40652e-05 -0.000596477 -0.00522606
18.3 -4.50673e-06 -6.25748e-05 2.75458e-05 9.83576e-06 0.000787337 -0.00157056
18.32 7.8894e-06 9.06341e-05 8.56964e-05 -8.92032e-06 0.00224171 0.00226126
18.34 1.99503e-05 0.000243802 0.000145427 -3.04204e-05 0.0037356 0.00609206
18.36 3.1277e-05 0.000389917 0.000204634 -5.23108e-05 0.00521639 0.00974645
18.38 4.15489e-05 0.000522441 0.000259901 -7.21793e-05 0.00659863 0.0130609
18.4 5.04507e-05 0.000635215 0.000308196 -8.77816e-05 0.00780653 0.0158815
18.42 5.76581e-05 0.000722487 0.00034828 -9.71264e-05 0.00880902 0.0180642
18.44 6.28888e-05 0.000779309 0.000379626 -9.88011e-05 0.009593 0.0194853
18.46 6.59564e-05 0.000802701 0.000401258 -9.25122e-05 0.010134 0.0200704
18.48 6.67812e-05 0.000793147 0.000412198 -7.94012e-05 0.0104077 0.0198314
18.5 6.53702e-05 0.000754661 0.000412693 -6.17578e-05 0.01042 0.0188689
18.52 6.18045e-05 0.000693465 0.000403899 -4.21573e-05 0.0102001 0.0173384
18.54 5.62279e-05 0.000616068 0.00038646 -2.25152e-05 0.00976392 0.0154026
18.56 4.88449e-05 0.000527454 0.000360172 -3.62482e-06 0.00910646 0.0131864
18.58 3.99142e-05 0.000429781 0.00032475 1.46773e-05 0.00822053 0.0107435
18.6 2.97299e-05 0.000322314 0.000280784 3.30156e-05 0.00712093 0.00805573
18.62 1.86105e-05 0.000203045 0.000229775 5.19611e-05 0.00584518 0.00507275
18.64 6.91048e-06 7.10308e-05 0.000173803 7.15767e-05 0.0044453 0.00177102
18.66 -4.95198e-06 -7.12816e-05 0.000115424 9.10766e-05 0.0029852 -0.00178827
18.68 -1.64941e-05 -0.000217216 5.70164e-05 0.000108754 0.00152441 -0.00543814
18.7 -2.72146e-05 -0.000357171 2.72236e-08 0.000122312 9.90859e-05 -0.00893848
18.72 -3.66667e-05 -0.000481137 -5.45036e-05 0.000129522 -0.00126475 -0.0120389
18.74 -4.4509e-05 -0.000580852 -0.000104653 0.000128972 -0.00251902 -0.0145328
18.76 -5.05041e-05 -0.000650594 -0.000147879 0.000120519 -0.00360012 -0.0162771
18.78 -5.44876e-05 -0.000687477 -0.000182301 0.000105275 -0.00446102 -0.0171996
18.8 -5.63548e-05 -0.000691615 -0.000207284 8.52532e-05 -0.00508585 -0.0173031
18.82 -5.60808e-05 -0.000665934 -0.000223173 6.2942e-05 -0.00548325 -0.0166608
18.84 -5.37499e-05 -0.000615714 -0.000230369 4.08775e-05 -0.00566322 -0.0154048
18.86 -4.95572e-05 -0.000547841 -0.000228682 2.11769e-05 -0.00562102 -0.0137072
18.88 -4.3774e-05 -0.00046972 -0.00021726 5.08214e-06 -0.00533535 -0.0117534
18.9 -3.67027e-05 -0.000387097 -0.000195138 -7.32917e-06 -0.00478208 -0.00968697
18.92 -2.86322e-05 -0.000301618 -0.000162275 -1.71137e-05 -0.00396015 -0.00754909
18.94 -1.98111e-05 -0.000210862 -0.000120327 -2.60106e-05 -0.00291102 -0.00527924
18.96 -1.04624e-05 -0.000111653 -7.23348e-05 -3.56002e-05 -0.00171072 -0.002798
18.98 -8.39837e-07 -3.7694e-06 -2.12827e-05 -4.64442e-05 -0.000433884 -9.97755e-05
19 8.72047e-06 0.000109132 3.05173e-05 -5.77788e-05 0.000861655 0.00272393
19.02 1.78144e-05 0.000220968 8.16511e-05 -6.7917e-05 0.00214053 0.005521
19.04 2.60568e-05 0.000325327 0.000131957 -7.49244e-05 0.00339871 0.00813107
19.06 3.31741e-05 0.000416997 0.000181547 -7.71488e-05 0.00463897 0.0104238
19.08 3.90203e-05 0.000491778 0.000229784 -7.34888e-05 0.00584539 0.0122941
19.1 4.3504e-05 0.000545361 0.000275056 -6.34228e-05 0.00697767 0.0136342
19.12 4.6508e-05 0.000573361 0.000315146 -4.69915e-05 0.00798033 0.0143345
19.14 4.78979e-05 0.000573411 0.000347815 -2.50101e-05 0.00879741 0.0143358
19.16 4.76159e-05 0.000547653 0.000371166 5.51295e-07 0.00938142 0.0136915
19.18 4.57521e-05 0.000501919 0.000384055 2.65503e-05 0.00970377 0.0125477
19.2 4.2501e-05 0.000442474 0.00038605 4.94173e-05 0.00975368 0.011061
19.22 3.80446e-05 0.000374448 0.000377487 6.62715e-05 0.0095395 0.00935959
19.24 3.24876e-05 0.000301546 0.000359629 7.5713e-05 0.00909287 0.00753629
19.26 2.5909e-05 0.000225484 0.000334443 7.81007e-05 0.00846296 0.00563394
19.28 1.84676e-05 0.000146223 0.000304053 7.53259e-05 0.0077029 0.0036516
19.3 1.04501e-05 6.35612e-05 0.00026986 7.00235e-05 0.00684772 0.00158419
19.32 2.2131e-06 -2.20843e-05 0.000232485 6.46048e-05 0.00591295 -0.000557838
19.34 -5.91265e-06 -0.000110131 0.000192368 6.07454e-05 0.00490961 -0.00275993
19.36 -1.36624e-05 -0.000199229 0.00014996 5.92807e-05 0.00384896 -0.0049883
19.38 -2.07988e-05 -0.000285816 0.000105625 6.00413e-05 0.00274013 -0.00715387
19.4 -2.70625e-05 -0.000364174 5.99037e-05 6.17256e-05 0.00159662 -0.00911366
19.42 -3.21865e-05 -0.00042838 1.42296e-05 6.22334e-05 0.000454294 -0.0107195
19.44 -3.59649e-05 -0.000473783 -2.84461e-05 5.93962e-05 -0.000613043 -0.011855
19.46 -3.83004e-05 -0.000496735 -6.49066e-05 5.16953e-05 -0.00152494 -0.012429
19.48 -3.91855e-05 -0.000494881 -9.427e-05 3.87887e-05 -0.00225933 -0.0123827
19.5 -3.86547e-05 -0.000469135 -0.000117792 2.18394e-05 -0.00284763 -0.0117388
19.52 -3.67608e-05 -0.000423956 -0.000136555 3.37913e-06 -0.00331689 -0.0106088
19.54 -3.35906e-05 -0.000365036 -0.000150743 -1.35318e-05 -0.00367175 -0.00913521
19.56 -2.92845e-05 -0.000297456 -0.000160214 -2.63985e-05 -0.00390861 -0.007445
19.58 -2.40289e-05 -0.000225285 -0.000164108 -3.39249e-05 -0.00400601 -0.00563998
19.6 -1.80265e-05 -0.000151365 -0.000160493 -3.60786e-05 -0.00391559 -0.0037912
19.62 -1.14833e-05 -7.72054e-05 -0.000147771 -3.38347e-05 -0.00359741 -0.00193644
19.64 -4.62532e-06 -3.93701e-06 -0.000125685 -2.86599e-05 -0.00304504 -0.000103967
19.66 2.28521e-06 6.73713e-05 -9.49137e-05 -2.19516e-05 -0.00227543 0.00167948
19.68 8.97094e-06 0.000136527 -5.65988e-05 -1.48738e-05 -0.00131715 0.00340909
19.7 1.5183e-05 0.000203551 -1.22159e-05 -8.46899e-06 -0.00020712 0.00508539
19.72 2.0718e-05 0.000266529 3.63574e-05 -3.47681e-06 0.00100772 0.00666049
19.74 2.53978e-05 0.000321046 8.68259e-05 8.39424e-08 0.00226996 0.008024
19.76 2.90555e-05 0.000362587 0.000136819 2.95991e-06 0.0035203 0.00906295
19.78 3.15631e-05 0.000388237 0.000184367 6.21934e-06 0.00470951 0.00970447
19.8 3.28685e-05 0.000395889 0.000228093 1.07614e-05 0.00580311 0.00989585
19.82 3.2992e-05 0.000384063 0.000267229 1.69468e-05 0.00678191 0.00960008
19.84 3.19761e-05 0.000352982 0.000301293 2.43247e-05 0.00763386 0.00882272
19.86 2.9845e-05 0.000304989 0.00032957 3.17526e-05 0.00834108 0.00762239
19.88 2.66181e-05 0.000243966 0.000351003 3.79711e-05 0.00887713 0.00609619
19.9 2.23603e-05 0.000174463 0.000364354 4.2098e-05 0.00921105 0.0043579
19.92 1.72138e-05 0.000100993 0.000368445 4.3727e-05 0.00931337 0.00252039
19.94 1.138e-05 2.70942e-05 0.000362914 4.29008e-05 0.00917504 0.000672136
19.96 5.07416e-06 -4.5564e-05 0.000348684 4.01803e-05 0.00881914 -0.00114508
19.98 -1.50435e-06 -0.00011699 0.000326824 3.66562e-05 0.0082724 -0.00293147
20 -8.1663e-06 -0.0001879 0.000297534 3.37472e-05 0.00753985 -0.00470496
20.02 -1.47096e-05 -0.000258665 0.000260941 3.28319e-05 0.00662464 -0.00647482
20.04 -2.09097e-05 -0.000328311 0.000217952 3.47855e-05 0.00554948 -0.00821669
20.06 -2.65351e-05 -0.000393858 0.000170061 3.95381e-05 0.00435171 -0.00985606
20.08 -3.1375e-05 -0.000450763 0.000119 4.59589e-05 0.00307465 -0.0112793
20.1 -3.52531e-05 -0.000493943 6.65993e-05 5.22589e-05 0.00176408 -0.0123592
20.12 -3.80203e-05 -0.000518719 1.44221e-05 5.66746e-05 0.000459107 -0.0129789
20.14 -3.95407e-05 -0.000521967 -3.61673e-05 5.80537e-05 -0.000806155 -0.0130601
20.16 -3.96921e-05 -0.00050294 -8.29728e-05 5.61403e-05 -0.00197678 -0.0125842
20.18 -3.83917e-05 -0.000463301 -0.000122992 5.14722e-05 -0.00297767 -0.0115928
20.2 -3.56283e-05 -0.000406215 -0.000154339 4.49727e-05 -0.00376168 -0.0101651
20.22 -3.14818e-05 -0.000335555 -0.000176785 3.75484e-05 -0.00432305 -0.00839788
20.24 -2.61151e-05 -0.000255472 -0.000190161 2.99488e-05 -0.00465761 -0.00639497
20.26 -1.97511e-05 -0.000169799 -0.000194038 2.27633e-05 -0.00475456 -0.00425224
20.28 -1.26494e-05 -8.14477e-05 -0.000188784 1.63168e-05 -0.00462315 -0.00204254
20.3 -5.08614e-06 8.2208e-06 -0.000175855 1.04776e-05 -0.00429979 0.000200105
20.32 2.66422e-06 9.89877e-05 -0.000156432 4.58571e-06 -0.00381403 0.00247022
20.34 1.03388e-05 0.00018996 -0.000129982 -2.28309e-06 -0.00315251 0.00474548
20.36 1.76805e-05 0.000277832 -9.50254e-05 -1.07381e-05 -0.00227822 0.0069432
20.38 2.44305e-05 0.000357628 -5.09912e-05 -2.05907e-05 -0.00117691 0.00893892
20.4 3.03443e-05 0.000425297 1.05544e-06 -3.09114e-05 0.000124802 0.0106314
20.42 3.52232e-05 0.000478196 5.89307e-05 -4.04695e-05 0.00157229 0.0119544
20.44 3.8931e-05 0.000513769 0.000120289 -4.8039e-05 0.00310687 0.0128441
20.46 4.13768e-05 0.000529838 0.000182914 -5.25551e-05 0.00467317 0.013246
20.48 4.24853e-05 0.000525723 0.000243925 -5.33523e-05 0.00619908 0.0131431
20.5 4.2188e-05 0.000501979 0.000299559 -5.02758e-05 0.00759049 0.0125492
20.52 4.04509e-05 0.000459757 0.000346389 -4.35404e-05 0.00876173 0.0114932
20.54 3.73127e-05 0.000400999 0.0003823 -3.36755e-05 0.00965988 0.0100237
20.56 3.28982e-05 0.000328627 0.000406734 -2.16184e-05 0.010271 0.0082136
20.58 2.73962e-05 0.000246064 0.000420687 -8.5895e-06 0.01062 0.00614866
20.6 2.10187e-05 0.000156527 0.000425536 4.28599e-06 0.0107412 0.00390929
20.62 1.3969e-05 6.24265e-05 0.000421831 1.63178e-05 0.0106486 0.00155581
20.64 6.44054e-06 -3.46392e-05 0.000409757 2.74453e-05 0.0103466 -0.00087184
20.66 -1.36088e-06 -0.000133056 0.00038957 3.82208e-05 0.00984173 -0.00333327
20.68 -9.1959e-06 -0.000230365 0.000361186 4.94522e-05 0.00913182 -0.00576703
20.7 -1.67905e-05 -0.000322837 0.000324503 6.16379e-05 0.00821435 -0.0080798
20.72 -2.38625e-05 -0.000406103 0.000280118 7.45787e-05 0.00710427 -0.0101623
20.74 -3.01594e-05 -0.000476759 0.00022906 8.74418e-05 0.00582729 -0.0119294
20.76 -3.54731e-05 -0.000532536 0.000172685 9.91397e-05 0.00441733 -0.0133245
20.78 -3.96193e-05 -0.000570837 0.000113194 0.000108579 0.00292943 -0.0142824
20.8 -4.24177e-05 -0.000588939 5.32623e-05 0.00011466 0.00143052 -0.0147351
20.82 -4.37155e-05 -0.000586007 -4.44192e-06 0.000116351 -1.26893e-05 -0.0146618
20.84 -4.34396e-05 -0.000563139 -5.71959e-05 0.000112909 -0.00133209 -0.0140898
20.86 -4.16248e-05 -0.000521721 -0.000102877 0.000104016 -0.00247459 -0.013054
20.88 -3.83846e-05 -0.00046299 -0.000140546 8.99129e-05 -0.00341672 -0.0115851
20.9 -3.38573e-05 -0.000388605 -0.000170109 7.15695e-05 -0.0041561 -0.00972467
20.92 -2.81897e-05 -0.000301213 -0.000191967 5.05572e-05 -0.00470278 -0.00753896
20.94 -2.15681e-05 -0.000204427 -0.000206568 2.85831e-05 -0.00506794 -0.00511831
20.96 -1.42469e-05 -0.000102208 -0.000213692 7.0917e-06 -0.00524613 -0.00256177
20.98 -6.53258e-06 1.53687e-06 -0.000212658 -1.28529e-05 -0.00522027 3.29371e-05
21 1.26285e-06 0.00010307 -0.000203426 -3.05387e-05 -0.00498936 0.00257233
21.02 8.8552e-06 0.000198975 -0.00018667 -4.55577e-05 -0.0045703 0.00497096
21.04 1.59797e-05 0.000286027 -0.000162956 -5.77498e-05 -0.0039772 0.00714816
21.06 2.23655e-05 0.000360932 -0.000132576 -6.71234e-05 -0.00321737 0.00902156
21.08 2.77382e-05 0.000420613 -9.55785e-05 -7.37603e-05 -0.00229205 0.0105142
21.1 3.186e-05 0.000462778 -5.19713e-05 -7.77156e-05 -0.00120142 0.0115688
21.12 3.4573e-05 0.000485798 -2.5844e-06 -7.88798e-05 3.3768e-05 0.0121445
21.14 3.58078e-05 0.000488334 5.03035e-05 -7.68334e-05 0.00135652 0.0122079
21.16 3.55576e-05 0.000469614 0.000103555 -7.08888e-05 0.00268836 0.0117397
21.18 3.38497e-05 0.000429605 0.000154414 -6.03999e-05 0.00396037 0.0107391
21.2 3.07404e-05 0.000369198 0.000200856 -4.5155e-05 0.0051219 0.0092283
21.22 2.63338e-05 0.000290664 0.000241396 -2.56699e-05 0.00613582 0.00726413
21.24 2.0798e-05 0.000197839 0.000275241 -3.25071e-06 0.0069823 0.00494254
21.26 1.43632e-05 9.59043e-05 0.000302358 2.0283e-05 0.0076605 0.00239311
21.28 7.29932e-06 -9.71981e-06 0.000323147 4.31109e-05 0.00818045 -0.000248597
21.3 -1.1624e-07 -0.0001148 0.000337724 6.38681e-05 0.00854503 -0.0028767
21.32 -7.62336e-06 -0.000216888 0.000346002 8.18204e-05 0.00875206 -0.00542995
21.34 -1.49789e-05 -0.0003145 0.000348546 9.67457e-05 0.00881569 -0.00787128
21.36 -2.19333e-05 -0.000405522 0.00034638 0.000108654 0.00876152 -0.0101478
21.38 -2.82144e-05 -0.000486737 0.000339926 0.000117549 0.0086001 -0.012179
21.4 -3.35481e-05 -0.000554583 0.000328664 0.000123394 0.00831843 -0.0138758
21.42 -3.77073e-05 -0.000605848 0.000311503 0.000126172 0.00788923 -0.015158
21.44 -4.05511e-05 -0.000638001 0.000287234 0.000125871 0.00728225 -0.0159622
21.46 -4.20213e-05 -0.000649455 0.000255654 0.000122391 0.00649242 -0.0162486
21.48 -4.21027e-05 -0.000639496 0.000218259 0.000115512 0.00555716 -0.0159996
21.5 -4.07788e-05 -0.000607205 0.000177239 0.000104905 0.00453122 -0.015192
21.52 -3.80259e-05 -0.000551447 0.000134471 9.02383e-05 0.00346159 -0.0137974
21.54 -3.38568e-05 -0.000473178 9.17142e-05 7.1544e-05 0.00239222 -0.0118399
21.56 -2.83795e-05 -0.000376741 5.09606e-05 4.96925e-05 0.00137295 -0.00942794
21.58 -2.1822e-05 -0.000268835 1.41242e-05 2.6384e-05 0.000451657 -0.00672917
21.6 -1.44939e-05 -0.000156315 -1.74525e-05 3.59676e-06 -0.000338089 -0.003915
21.62 -6.70736e-06 -4.37043e-05 -4.33671e-05 -1.70656e-05 -0.000986224 -0.00109856
21.64 1.28173e-06 6.77054e-05 -6.42964e-05 -3.47992e-05 -0.00150968 0.00168784
21.66 9.26321e-06 0.000177923 -8.13496e-05 -4.95853e-05 -0.00193618 0.00444442
21.68 1.70072e-05 0.000285217 -9.50828e-05 -6.16789e-05 -0.00227965 0.00712789
21.7 2.42157e-05 0.000385442 -0.00010538 -7.1083e-05 -0.00253719 0.00963456
21.72 3.05497e-05 0.000473385 -0.000111885 -7.75436e-05 -0.00269987 0.0118341
21.74 3.57218e-05 0.000544518 -0.000113782 -8.08874e-05 -0.00274733 0.0136131
21.76 3.95769e-05 0.00059638 -0.000109319 -8.12455e-05 -0.00263571 0.0149102
21.78 4.20857e-05 0.000628141 -9.71159e-05 -7.899e-05 -0.0023305 0.0157046
21.8 4.32635e-05 0.000639546 -7.82537e-05 -7.44121e-05 -0.00185875 0.0159898
21.82 4.30973e-05 0.000630483 -5.56288e-05 -6.74041e-05 -0.0012929 0.0157631
21.84 4.15452e-05 0.000600706 -3.15815e-05 -5.74858e-05 -0.000691462 0.0150184
21.86 3.85969e-05 0.000549991 -7.23875e-06 -4.419e-05 -8.26392e-05 0.01375
21.88 3.4332e-05 0.000479337 1.6782e-05 -2.75623e-05 0.00051813 0.0119829
21.9 2.89288e-05 0.00039238 4.02419e-05 -8.49261e-06 0.00110487 0.0098081
21.92 2.26243e-05 0.000294742 6.28762e-05 1.14148e-05 0.00167096 0.00736612
21.94 1.5664e-05 0.0001915 8.37711e-05 3.04879e-05 0.00219356 0.00478401
21.96 8.26854e-06 8.53846e-05 0.000102098 4.76524e-05 0.00265193 0.00213001
21.98 6.26042e-07 -2.31505e-05 0.000117998 6.2564e-05 0.00304959 -0.000584502
22 -7.08278e-06 -0.000133523 0.000131866 7.522e-05 0.00339644 -0.00334497
22.02 -1.46377e-05 -0.000242268 0.000143594 8.54259e-05 0.00368975 -0.00606473
22.04 -2.17513e-05 -0.000343271 0.000152986 9.2586e-05 0.00392464 -0.00859086
22.06 -2.80992e-05 -0.000430429 0.000159906 9.60841e-05 0.00409773 -0.0107707
22.08 -3.33973e-05 -0.00050003 0.000164062 9.59182e-05 0.00420167 -0.0125114
22.1 -3.74678e-05 -0.000551114 0.00016513 9.2922e-05 0.00422839 -0.0137891
22.12 -4.02428e-05 -0.00058459 0.000163395 8.83596e-05 0.00418498 -0.0146263
22.14 -4.1704e-05 -0.000601743 0.000159978 8.32594e-05 0.00409953 -0.0150553
22.16 -4.18156e-05 -0.000602154 0.000155917 7.78931e-05 0.00399795 -0.0150656
22.18 -4.05113e-05 -0.000583392 0.000151088 7.16841e-05 0.00387718 -0.0145964
22.2 -3.77458e-05 -0.000542881 0.000144217 6.37026e-05 0.00370533 -0.0135832
22.22 -3.3564e-05 -0.000480369 0.000134432 5.34113e-05 0.0034606 -0.0120197
22.24 -2.81264e-05 -0.000398961 0.000122477 4.10436e-05 0.00316161 -0.00998369
22.26 -2.16674e-05 -0.000303564 0.000110341 2.73718e-05 0.00285807 -0.00759775
22.28 -1.44278e-05 -0.000198938 9.99586e-05 1.32011e-05 0.00259841 -0.00498103
22.3 -6.62079e-06 -8.87487e-05 9.19799e-05 -9.0218e-07 0.00239886 -0.00222514
22.32 1.54126e-06 2.41001e-05 8.57211e-05 -1.44948e-05 0.00224233 0.000597252
22.34 9.79537e-06 0.000136274 8.01293e-05 -2.69715e-05 0.00210247 0.00340276
22.36 1.78132e-05 0.000243813 7.45166e-05 -3.74674e-05 0.0019621 0.00609238
22.38 2.52516e-05 0.000343171 6.85084e-05 -4.517e-05 0.00181183 0.00857735
22.4 3.18315e-05 0.000432191 6.22207e-05 -4.98293e-05 0.00165457 0.0108038
22.42 3.73724e-05 0.00050931 5.66741e-05 -5.19161e-05 0.00151585 0.0127325
22.44 4.17576e-05 0.000571909 5.33138e-05 -5.21724e-05 0.00143181 0.0142982
22.46 4.48799e-05 0.000616647 5.3155e-05 -5.09962e-05 0.00142783 0.0154171
22.48 4.66323e-05 0.00064096 5.65617e-05 -4.82675e-05 0.00151304 0.0160252
22.5 4.69479e-05 0.000643658 6.30725e-05 -4.36442e-05 0.00167587 0.0160926
22.52 4.58256e-05 0.000624251 7.10665e-05 -3.69527e-05 0.00187581 0.0156073
22.54 4.33084e-05 0.000582842 7.83351e-05 -2.84168e-05 0.0020576 0.0145716
22.56 3.94509e-05 0.000521622 8.31385e-05 -1.86851e-05 0.00217773 0.0130405
22.58 3.43304e-05 0.00044515 8.47085e-05 -8.64739e-06 0.002217 0.0111279
22.6 2.8095e-05 0.000358535 8.32437e-05 9.29307e-07 0.00218036 0.0089616
22.62 2.09882e-05 0.000265789 7.97926e-05 9.68432e-06 0.00209405 0.00664199
22.64 1.33099e-05 0.00016933 7.53516e-05 1.76508e-05 0.00198298 0.00422951
22.66 5.34344e-06 7.00064e-05 6.97284e-05 2.51259e-05 0.00184234 0.00174539
22.68 -2.68219e-06 -3.23676e-05 6.23443e-05 3.2613e-05 0.00165766 -0.000815025
22.7 -1.05607e-05 -0.000136962 5.40086e-05 4.06317e-05 0.00144918 -0.00343099
22.72 -1.80527e-05 -0.000240305 4.65609e-05 4.92841e-05 0.00126291 -0.00601563
22.74 -2.48781e-05 -0.000337078 4.06957e-05 5.80093e-05 0.00111622 -0.00843595
22.76 -3.07682e-05 -0.000421516 3.56326e-05 6.58282e-05 0.00098959 -0.0105478
22.78 -3.55187e-05 -0.000488181 3.04579e-05 7.17851e-05 0.000860171 -0.0122151
22.8 -3.89906e-05 -0.000532812 2.45442e-05 7.52817e-05 0.000712266 -0.0133314
22.82 -4.10704e-05 -0.0005536 1.77878e-05 7.62406e-05 0.000543285 -0.0138513
22.84 -4.16524e-05 -0.000551591 1.11809e-05 7.49874e-05 0.000378043 -0.013801
22.86 -4.06694e-05 -0.000529469 6.66438e-06 7.18528e-05 0.000265084 -0.0132477
22.88 -3.81351e-05 -0.000490158 6.33168e-06 6.68774e-05 0.000256763 -0.0122646
22.9 -3.41555e-05 -0.000436357 1.15061e-05 5.99409e-05 0.000386177 -0.010919
22.92 -2.89077e-05 -0.00037048 2.20006e-05 5.10889e-05 0.000648649 -0.00927135
22.94 -2.26126e-05 -0.000294443 3.62421e-05 4.06522e-05 0.00100483 -0.00736964
22.96 -1.55203e-05 -0.000209657 5.23037e-05 2.91125e-05 0.00140654 -0.00524912
22.98 -7.90516e-06 -0.000117507 6.89271e-05 1.69332e-05 0.0018223 -0.0029444
23 -5.33522e-08 -1.98226e-05 8.60471e-05 4.50649e-06 0.00225048 -0.00050127
23.02 7.76047e-06 8.0889e-05 0.000104394 -7.76812e-06 0.00270934 0.00201757
23.04 1.52859e-05 0.000180989 0.000124139 -1.93181e-05 0.00320318 0.00452112
23.06 2.22848e-05 0.000275234 0.000144571 -2.92768e-05 0.00371419 0.00687822
23.08 2.85128e-05 0.000357433 0.000165207 -3.66032e-05 0.00423031 0.00893405
23.1 3.37262e-05 0.000422472 0.000186066 -4.05005e-05 0.004752 0.0105607
23.12 3.7721e-05 0.000467965 0.000206899 -4.08745e-05 0.00527303 0.0116985
23.14 4.03676e-05 0.000493802 0.000226895 -3.84249e-05 0.00577314 0.0123447
23.16 4.16086e-05 0.00050088 0.000245106 -3.4256e-05 0.0062286 0.0125217
23.18 4.14259e-05 0.000490302 0.000260484 -2.93299e-05 0.00661322 0.0122571
23.2 3.98156e-05 0.000462992 0.000271285 -2.41059e-05 0.00688334 0.0115741
23.22 3.6802e-05 0.000419916 0.000275426 -1.85128e-05 0.00698692 0.0104968
23.24 3.24785e-05 0.000362533 0.0002719 -1.22497e-05 0.00689873 0.00906161
23.26 2.70292e-05 0.000293087 0.000261243 -5.17493e-06 0.00663221 0.00732472
23.28 2.06989e-05 0.000214094 0.000244896 2.58232e-06 0.00622335 0.00534907
23.3 1.37354e-05 0.000127747 0.000224514 1.08612e-05 0.0057136 0.00318951
23.32 6.35232e-06 3.61377e-05 0.000201272 1.97146e-05 0.0051323 0.000898319
23.34 -1.25814e-06 -5.84462e-05 0.000175023 2.93792e-05 0.00447581 -0.00146726
23.36 -8.88507e-06 -0.000153216 0.000144808 4.00235e-05 0.00372012 -0.00383749
23.38 -1.62733e-05 -0.000244607 0.000110559 5.14339e-05 0.00286353 -0.00612323
23.4 -2.31377e-05 -0.000328296 7.33666e-05 6.28248e-05 0.00193334 -0.00821631
23.42 -2.92026e-05 -0.000399918 3.48697e-05 7.29819e-05 0.00097051 -0.0100076
23.44 -3.42339e-05 -0.00045616 -2.85087e-06 8.0727e-05 2.71037e-05 -0.0114143
23.46 -3.8045e-05 -0.000494951 -3.75733e-05 8.53547e-05 -0.000841319 -0.0123844
23.48 -4.04912e-05 -0.00051519 -6.80792e-05 8.67264e-05 -0.00160428 -0.0128906
23.5 -4.14765e-05 -0.000516851 -9.47336e-05 8.50885e-05 -0.00227092 -0.0129322
23.52 -4.09733e-05 -0.00050085 -0.000118103 8.08151e-05 -0.0028554 -0.012532
23.54 -3.90301e-05 -0.000468214 -0.000137789 7.41623e-05 -0.00334776 -0.0117157
23.56 -3.5753e-05 -0.000419552 -0.000152778 6.51585e-05 -0.00372264 -0.0104987
23.58 -3.12795e-05 -0.000355897 -0.000161947 5.37884e-05 -0.00395195 -0.00890662
23.6 -2.57654e-05 -0.000279444 -0.000164146 4.03424e-05 -0.00400697 -0.0069945
23.62 -1.93918e-05 -0.00019311 -0.000158549 2.55472e-05 -0.00386697 -0.00483526
23.64 -1.23734e-05 -0.000100338 -0.00014517 1.04082e-05 -0.00353235 -0.002515
23.66 -4.9557e-06 -5.15523e-06 -0.000124516 -3.99782e-06 -0.00301579 -0.000134434
23.68 2.60068e-06 8.84294e-05 -9.69858e-05 -1.67366e-05 -0.00232725 0.00220616
23.7 1.00341e-05 0.000177214 -6.3254e-05 -2.72667e-05 -0.0014836 0.00442668
23.72 1.70823e-05 0.000258524 -2.45798e-05 -3.55028e-05 -0.000516346 0.00646031
23.74 2.34779e-05 0.000329618 1.74961e-05 -4.15862e-05 0.000535989 0.00823839
23.76 2.89595e-05 0.000388258 6.11209e-05 -4.56757e-05 0.00162706 0.00970499
23.78 3.32983e-05 0.00043284 0.000104075 -4.79394e-05 0.00270136 0.01082
23.8 3.63267e-05 0.000461603 0.000144452 -4.85023e-05 0.00371122 0.0115394
23.82 3.7952e-05 0.000472726 0.000181782 -4.73255e-05 0.00464486 0.0118176
23.84 3.81548e-05 0.000465333 0.000216643 -4.42462e-05 0.00551674 0.0116327
23.86 3.69795e-05 0.00043989 0.000248993 -3.90907e-05 0.00632582 0.0109963
23.88 3.45177e-05 0.000397521 0.000277879 -3.16508e-05 0.00704827 0.00993667
23.9 3.08897e-05 0.000339599 0.000301898 -2.16749e-05 0.00764901 0.008488
23.92 2.62259e-05 0.00026821 0.000318765 -9.08404e-06 0.00807084 0.00670254
23.94 2.06648e-05 0.000186341 0.000325726 5.75899e-06 0.00824494 0.00465498
23.96 1.4369e-05 9.76672e-05 0.000321843 2.19853e-05 0.00814783 0.0024372
23.98 7.55053e-06 6.42982e-06 0.000308844 3.83383e-05 0.00782272 0.000155313
24 4.75929e-07 -8.29919e-05 0.000289309 5.34185e-05 0.00733415 -0.00208116
24.02 -6.56535e-06 -0.000167326 0.000265159 6.6097e-05 0.00673015 -0.00419039
24.04 -1.33142e-05 -0.00024549 0.000237407 7.59477e-05 0.00603605 -0.00614531
24.06 -1.95727e-05 -0.000317533 0.000206064 8.33027e-05 0.00525216 -0.00794712
24.08 -2.51877e-05 -0.000382857 0.000170395 8.87937e-05 0.00436005 -0.00958091
24.1 -3.00052e-05 -0.000439298 0.000130302 9.27607e-05 0.00335731 -0.0109925
24.12 -3.3843e-05 -0.000482845 8.7411e-05 9.49135e-05 0.00228459 -0.0120817
24.14 -3.65146e-05 -0.000508748 4.40091e-05 9.43889e-05 0.00119909 -0.0127295
24.16 -3.78953e-05 -0.000514042 1.97422e-06 9.02717e-05 0.000147781 -0.0128619
24.18 -3.7974e-05 -0.000499564 -3.67854e-05 8.23399e-05 -0.000821613 -0.0124998
24.2 -3.68417e-05 -0.000468906 -7.02684e-05 7.13779e-05 -0.00165904 -0.011733
24.22 -3.46181e-05 -0.000425575 -9.72011e-05 5.8713e-05 -0.00233264 -0.0106493
24.24 -3.13811e-05 -0.000371542 -0.000117056 4.54619e-05 -0.00282922 -0.00929791
24.26 -2.71665e-05 -0.000307711 -0.000128949 3.21563e-05 -0.00312667 -0.00770147
24.28 -2.20425e-05 -0.000235457 -0.000131927 1.89036e-05 -0.00320115 -0.00589438
24.3 -1.61842e-05 -0.000157556 -0.000126007 5.84671e-06 -0.00305309 -0.00394604
24.32 -9.8686e-06 -7.74175e-05 -0.000112009 -6.49722e-06 -0.00270299 -0.00194174
24.34 -3.39173e-06 2.15877e-06 -9.14769e-05 -1.73767e-05 -0.00218947 4.84925e-05
24.36 3.01441e-06 7.93784e-05 -6.63597e-05 -2.62906e-05 -0.00156128 0.00197979
24.38 9.19272e-06 0.000152973 -3.79683e-05 -3.3304e-05 -0.000851197 0.00382041
24.4 1.50044e-05 0.000221664 -6.57486e-06 -3.89062e-05 -6.60349e-05 0.00553842
24.42 2.02735e-05 0.000283659 2.78838e-05 -4.35509e-05 0.000795791 0.00708892
24.44 2.47869e-05 0.000335924 6.50743e-05 -4.718e-05 0.00172594 0.00839609
24.46 2.83441e-05 0.000374407 0.000104348 -4.90505e-05 0.00270818 0.00935857
24.48 3.08136e-05 0.000395981 0.000144738 -4.80795e-05 0.00371837 0.00989816
24.5 3.21571e-05 0.000400537 0.000184535 -4.35237e-05 0.00471371 0.0100121
24.52 3.24064e-05 0.000390329 0.000220988 -3.54103e-05 0.0056254 0.0097568
24.54 3.16096e-05 0.00036741 0.000250788 -2.4362e-05 0.00637073 0.00918357
24.56 2.97947e-05 0.000332835 0.000271488 -1.11654e-05 0.00688844 0.00831884
24.58 2.69842e-05 0.000287645 0.000282216 3.39004e-06 0.00715675 0.00718862
24.6 2.32464e-05 0.000233466 0.000283361 1.84285e-05 0.00718537 0.00583357
24.62 1.87321e-05 0.000172593 0.000276381 3.29251e-05 0.0070108 0.00431111
24.64 1.36537e-05 0.000107735 0.000262936 4.57522e-05 0.00667455 0.002689
24.66 8.22253e-06 4.12843e-05 0.000243686 5.59303e-05 0.00619308 0.00102704
24.68 2.60356e-06 -2.53636e-05 0.000218578 6.30773e-05 0.00556514 -0.000639855
24.7 -3.06957e-06 -9.12483e-05 0.000187826 6.76337e-05 0.00479601 -0.00228766
24.72 -8.64351e-06 -0.000154643 0.000151853 7.04803e-05 0.00389631 -0.00387318
24.74 -1.39218e-05 -0.000213222 0.000110993 7.22703e-05 0.00287438 -0.00533828
24.76 -1.86975e-05 -0.000264818 6.61106e-05 7.30895e-05 0.00175186 -0.00662871
24.78 -2.28056e-05 -0.000307407 1.91295e-05 7.25572e-05 0.000576842 -0.00769388
24.8 -2.614e-05 -0.000339068 -2.7362e-05 7.01534e-05 -0.000585929 -0.00848574
24.82 -2.86287e-05 -0.000358636 -7.0866e-05 6.56045e-05 -0.00167398 -0.00897515
24.84 -3.02093e-05 -0.000366227 -0.000109549 5.90838e-05 -0.00264146 -0.00916499
24.86 -3.08337e-05 -0.000362649 -0.000141924 5.1031e-05 -0.00345117 -0.00907549
24.88 -3.04896e-05 -0.00034854 -0.000166321 4.18264e-05 -0.00406135 -0.00872262
24.9 -2.92088e-05 -0.000324207 -0.000181659 3.17169e-05 -0.00444495 -0.00811406
24.92 -2.70561e-05 -0.000290239 -0.000188189 2.10066e-05 -0.00460829 -0.00726449
24.94 -2.41172e-05 -0.000248045 -0.000186768 1.02273e-05 -0.00457274 -0.00620922
24.96 -2.0496e-05 -0.000199632 -0.000177928 1.08341e-07 -0.00435165 -0.00499838
24.98 -1.63175e-05 -0.000147186 -0.000161761 -8.64092e-06 -0.00394729 -0.00368668
25 -1.17246e-05 -9.28692e-05 -0.000138055 -1.55788e-05 -0.0033544 -0.0023282
25.02 -6.867e-06 -3.84934e-05 -0.000106337 -2.06393e-05 -0.00256113 -0.000968234
25.04 -1.89254e-06 1.45889e-05 -6.65172e-05 -2.40236e-05 -0.00156522 0.000359376
25.06 3.0522e-06 6.52063e-05 -1.97052e-05 -2.59378e-05 -0.000394431 0.00162534
25.08 7.81686e-06 0.00011212 3.22211e-05 -2.63827e-05 0.000904269 0.00279867
25.1 1.2248e-05 0.000153959 8.75345e-05 -2.51814e-05 0.00228768 0.00384508
25.12 1.61984e-05 0.00018925 0.000144703 -2.21898e-05 0.00371748 0.00472773
25.14 1.95415e-05 0.000216587 0.00020202 -1.74777e-05 0.005151 0.00541143
25.16 2.21821e-05 0.000235048 0.000257776 -1.13559e-05 0.00654548 0.00587314
25.18 2.40582e-05 0.000244181 0.000310313 -4.25549e-06 0.00785947 0.00610157
25.2 2.51343e-05 0.000243656 0.000357622 3.46717e-06 0.00904268 0.00608844
25.22 2.53924e-05 0.000233268 0.000397515 1.16114e-05 0.0100404 0.00582863
25.24 2.48284e-05 0.0002132 0.000428305 1.99902e-05 0.0108105 0.00532673
25.26 2.3459e-05 0.000184439 0.000449035 2.82289e-05 0.0113289 0.0046074
25.28 2.13355e-05 0.000149084 0.000459005 3.5727e-05 0.0115783 0.00372315
25.3 1.8549e-05 0.000109969 0.000457371 4.183e-05 0.0115375 0.00274488
25.32 1.52161e-05 6.94257e-05 0.000443667 4.6131e-05 0.0111947 0.00173087
25.34 1.1458e-05 2.85044e-05 0.000418561 4.87218e-05 0.0105668 0.000707408
25.36 7.39135e-06 -1.24806e-05 0.000383399 5.01452e-05 0.00968738 -0.000317644
25.38 3.14009e-06 -5.30181e-05 0.000339431 5.10421e-05 0.00858773 -0.0013315
25.4 -1.14799e-06 -9.20322e-05 0.000287861 5.18119e-05 0.00729794 -0.00230726
25.42 -5.30337e-06 -0.00012807 0.000229878 5.25245e-05 0.00584775 -0.00320857
25.44 -9.15996e-06 -0.00015963 0.000166469 5.3022e-05 0.00426186 -0.0039979
25.46 -1.25818e-05 -0.000185265 9.87949e-05 5.3031e-05 0.00256931 -0.00463905
25.48 -1.54711e-05 -0.000203616 2.86561e-05 5.21847e-05 0.000815105 -0.00509802
25.5 -1.77585e-05 -0.000213805 -4.17168e-05 4.99952e-05 -0.00094495 -0.00535286
25.52 -1.93926e-05 -0.00021554 -0.000109673 4.59062e-05 -0.00264457 -0.00539625
25.54 -2.03358e-05 -0.000208761 -0.000172127 3.94691e-05 -0.00420655 -0.00522669
25.56 -2.05665e-05 -0.000193457 -0.000226126 3.05795e-05 -0.0055571 -0.00484393
25.58 -2.00829e-05 -0.000170122 -0.000269253 1.96655e-05 -0.00663573 -0.00426031
25.6 -1.89096e-05 -0.000140359 -0.000299679 7.71068e-06 -0.0073967 -0.00351592
25.62 -1.71061e-05 -0.000106721 -0.000316273 -3.95435e-06 -0.00781171 -0.00267463
25.64 -1.47663e-05 -7.18466e-05 -0.000319018 -1.40074e-05 -0.00788037 -0.00180241
25.66 -1.19989e-05 -3.73719e-05 -0.00030891 -2.14724e-05 -0.00762755 -0.000940185
25.68 -8.90372e-06 -3.75905e-06 -0.000287243 -2.59227e-05 -0.00708565 -9.95146e-05
25.7 -5.56146e-06 2.9134e-05 -0.000255314 -2.75087e-05 -0.00628711 0.000723154
25.72 -2.04926e-06 6.14631e-05 -0.000214431 -2.68511e-05 -0.00526461 0.00153172
25.74 1.53462e-06 9.26656e-05 -0.00016555 -2.48306e-05 -0.00404207 0.00231211
25.76 5.06501e-06 0.00012145 -0.000108851 -2.23049e-05 -0.00262401 0.00303201
25.78 8.41073e-06 0.000146337 -4.43698e-05 -1.98751e-05 -0.0010113 0.00365446
25.8 1.14614e-05 0.00016602 2.69828e-05 -1.77754e-05 0.000773256 0.00414673
25.82 1.41379e-05 0.00017954 0.000103159 -1.58372e-05 0.00267845 0.00448488
25.84 1.63851e-05 0.00018661 0.000181195 -1.35414e-05 0.00463017 0.00466168
25.86 1.81586e-05 0.00018765 0.000257218 -1.01989e-05 0.00653153 0.0046877
25.88 1.94145e-05 0.000182842 0.000326842 -5.16936e-06 0.00827287 0.00456746
25.9 2.01073e-05 0.000171774 0.000386485 1.95962e-06 0.00976457 0.00429065
25.92 2.01969e-05 0.000154229 0.000434143 1.11565e-05 0.0109565 0.00385182
25.94 1.96592e-05 0.000130629 0.000468973 2.17855e-05 0.0118276 0.0032616
25.96 1.84979e-05 0.000102048 0.000490976 3.27287e-05 0.0123779 0.00254677
25.98 1.67503e-05 7.01754e-05 0.000501062 4.27233e-05 0.0126302 0.00174962
26 1.44819e-05 3.70068e-05 0.00050031 5.06978e-05 0.0126114 0.000920057
26.02 1.17711e-05 4.12154e-06 0.000488965 5.60577e-05 0.0123276 9.75822e-05
26.04 8.69505e-06 -2.80161e-05 0.000466757 5.88693e-05 0.0117722 -0.000706195
26.06 5.32782e-06 -5.98628e-05 0.000433933 5.97931e-05 0.0109512 -0.00150269
26.08 1.76155e-06 -9.15398e-05 0.000391665 5.97474e-05 0.00989412 -0.00229495
26.1 -1.86973e-06 -0.000121869 0.000341409 5.94909e-05 0.00863719 -0.00305348
26.12 -5.39923e-06 -0.000149197 0.000284044 5.93758e-05 0.00720246 -0.00373697
26.14 -8.6723e-06 -0.000172642 0.000220037 5.93788e-05 0.00560162 -0.00432336
26.16 -1.1586e-05 -0.00019165 0.000150175 5.92089e-05 0.00385435 -0.00479874
26.18 -1.40876e-05 -0.000205411 7.62682e-05 5.83087e-05 0.0020059 -0.0051429
26.2 -1.6137e-05 -0.000213143 1.94994e-06 5.58822e-05 0.000147174 -0.00533629
26.22 -1.76758e-05 -0.000214008 -6.78772e-05 5.1047e-05 -0.00159923 -0.00535794
26.24 -1.86374e-05 -0.000207032 -0.000129287 4.30587e-05 -0.00313511 -0.00518344
26.26 -1.89882e-05 -0.000192104 -0.000180232 3.1687e-05 -0.00440927 -0.00481009
26.28 -1.87589e-05 -0.000171082 -0.000219528 1.76847e-05 -0.00539209 -0.00428432
26.3 -1.80307e-05 -0.000147172 -0.000246381 2.85117e-06 -0.00606369 -0.00368633
26.32 -1.68902e-05 -0.000123254 -0.000260559 -1.0592e-05 -0.00641829 -0.00308813
26.34 -1.53912e-05 -0.000100826 -0.000262238 -2.08619e-05 -0.00646028 -0.0025272
26.36 -1.35532e-05 -7.98488e-05 -0.000251983 -2.71177e-05 -0.00620379 -0.00200255
26.38 -1.1392e-05 -5.92878e-05 -0.000230856 -2.94588e-05 -0.00567539 -0.00148831
26.4 -8.95072e-06 -3.81929e-05 -0.000200391 -2.85569e-05 -0.00491346 -0.000960719
26.42 -6.30449e-06 -1.63959e-05 -0.000162288 -2.52124e-05 -0.00396048 -0.000415567
26.44 -3.53993e-06 5.57959e-06 -0.00011779 -2.01879e-05 -0.00284758 0.000134049
26.46 -7.29628e-07 2.71446e-05 -6.72906e-05 -1.43423e-05 -0.00158456 0.0006734
26.48 2.0721e-06 4.78736e-05 -1.06381e-05 -8.69025e-06 -0.000167659 0.00119184
26.5 4.80633e-06 6.68509e-05 5.18721e-05 -4.09214e-06 0.00139575 0.00166647
26.52 7.38546e-06 8.25694e-05 0.000118676 -7.65008e-07 0.00306655 0.0020596
26.54 9.697e-06 9.36193e-05 0.00018678 1.92026e-06 0.00476985 0.00233596
26.56 1.16364e-05 9.915e-05 0.000252304 5.15865e-06 0.00640862 0.00247428
26.58 1.31404e-05 9.90026e-05 0.000311438 1.01242e-05 0.00788761 0.0024706
26.6 1.4193e-05 9.39462e-05 0.000361031 1.73718e-05 0.00912794 0.00234413
26.62 1.4803e-05 8.56179e-05 0.000398784 2.65387e-05 0.0100721 0.00213584
26.64 1.49769e-05 7.564e-05 0.000423531 3.65464e-05 0.0106911 0.00188629
26.66 1.47089e-05 6.46902e-05 0.000435507 4.61273e-05 0.0109906 0.00161243
26.68 1.39895e-05 5.25344e-05 0.000435916 5.42316e-05 0.0110008 0.00130841
26.7 1.28255e-05 3.89704e-05 0.00042597 6.01022e-05 0.0107521 0.000969167
26.72 1.12515e-05 2.444e-05 0.000406765 6.31986e-05 0.0102718 0.000605755
26.74 9.32686e-06 9.56755e-06 0.000379552 6.32439e-05 0.00959115 0.000233789
26.76 7.1195e-06 -5.47085e-06 0.00034532 6.04185e-05 0.00873501 -0.000142328
26.78 4.69478e-06 -2.08209e-05 0.000304265 5.54784e-05 0.00770821 -0.000526238
26.8 2.11975e-06 -3.65109e-05 0.000255861 4.95973e-05 0.0064976 -0.000918651
26.82 -5.22662e-07 -5.22721e-05 0.000199668 4.39636e-05 0.00509217 -0.00131285
26.84 -3.12756e-06 -6.74579e-05 0.000136144 3.93119e-05 0.00350342 -0.00169265
26.86 -5.58304e-06 -8.1016e-05 6.69426e-05 3.56128e-05 0.00177267 -0.00203174
26.88 -7.79789e-06 -9.17894e-05 -4.99673e-06 3.21161e-05 -2.65654e-05 -0.00230119
26.9 -9.71666e-06 -9.88516e-05 -7.56103e-05 2.77622e-05 -0.00179264 -0.00247782
26.92 -1.13077e-05 -0.000101425 -0.000140384 2.16981e-05 -0.00341265 -0.00254219
26.94 -1.254e-05 -9.9014e-05 -0.000195367 1.36244e-05 -0.0047878 -0.00248188
26.96 -1.33769e-05 -9.20191e-05 -0.000237991 3.93112e-06 -0.00585386 -0.00230694
26.98 -1.37925e-05 -8.19184e-05 -0.000267173 -6.34576e-06 -0.00658369 -0.00205431
27 -1.3786e-05 -7.04996e-05 -0.000283063 -1.57823e-05 -0.00698111 -0.00176872
27.02 -1.33756e-05 -5.90862e-05 -0.000286616 -2.29707e-05 -0.00706997 -0.00148327
27.04 -1.25789e-05 -4.85219e-05 -0.000279069 -2.6875e-05 -0.00688122 -0.00121905
27.06 -1.14068e-05 -3.92441e-05 -0.000261854 -2.70634e-05 -0.00645067 -0.00098701
27.08 -9.88083e-06 -3.10632e-05 -0.000236496 -2.38441e-05 -0.00581645 -0.000782404
27.1 -8.05102e-06 -2.30517e-05 -0.000204212 -1.82338e-05 -0.00500903 -0.000582033
27.12 -5.99288e-06 -1.39552e-05 -0.000165514 -1.16664e-05 -0.00404117 -0.000354524
27.14 -3.78277e-06 -2.73953e-06 -0.000120302 -5.54404e-06 -0.00291039 -7.40161e-05
27.16 -1.47735e-06 1.12209e-05 -6.8514e-05 -8.42543e-07 -0.00161516 0.00027514
27.18 8.79252e-07 2.76042e-05 -1.0651e-05 2.13687e-06 -0.000167981 0.000684893
27.2 3.22772e-06 4.45397e-05 5.20121e-05 3.87941e-06 0.00139925 0.00110846
27.22 5.47785e-06 5.91343e-05 0.000117385 5.53479e-06 0.00303424 0.00147347
27.24 7.52779e-06 6.89997e-05 0.000182506 8.47521e-06 0.00466296 0.00172021
27.26 9.30255e-06 7.33703e-05 0.000243867 1.37133e-05 0.00619763 0.00182952
27.28 1.07705e-05 7.27688e-05 0.000298271 2.14998e-05 0.0075583 0.00181448
27.3 1.19195e-05 6.81625e-05 0.000343283 3.125e-05 0.00868406 0.00169927
27.32 1.27213e-05 6.08054e-05 0.000377321 4.1718e-05 0.00953537 0.00151527
27.34 1.31273e-05 5.23233e-05 0.000399714 5.13098e-05 0.0100954 0.00130313
27.36 1.30984e-05 4.42299e-05 0.00041047 5.84768e-05 0.0103644 0.00110071
27.38 1.26366e-05 3.73e-05 0.000410121 6.20879e-05 0.0103557 0.000927389
27.4 1.17812e-05 3.14807e-05 0.000399768 6.16499e-05 0.0100968 0.000781845
27.42 1.05788e-05 2.60475e-05 0.000380889 5.73757e-05 0.00962459 0.000645959
27.44 9.05917e-06 1.97278e-05 0.000354683 5.01712e-05 0.00896918 0.0004879
27.46 7.24283e-06 1.11564e-05 0.000321771 4.14927e-05 0.00814603 0.000273526
27.48 5.16914e-06 -4.33401e-07 0.000282502 3.2991e-05 0.00716391 -1.63388e-05
27.5 2.91182e-06 -1.49361e-05 0.000237151 2.60545e-05 0.00602965 -0.000379057
27.52 5.67267e-07 -3.14505e-05 0.000186094 2.14604e-05 0.0047527 -0.000792089
27.54 -1.76994e-06 -4.84069e-05 0.000130182 1.92187e-05 0.00335432 -0.00121618
27.56 -4.02015e-06 -6.38777e-05 7.10278e-05 1.86212e-05 0.00187484 -0.00160311
27.58 -6.11343e-06 -7.61438e-05 1.10445e-05 1.85126e-05 0.000374632 -0.00190989
27.6 -7.98094e-06 -8.41982e-05 -4.67962e-05 1.769e-05 -0.00107199 -0.00211133
27.62 -9.55829e-06 -8.78482e-05 -9.94087e-05 1.52565e-05 -0.00238785 -0.00220262
27.64 -1.07976e-05 -8.7503e-05 -0.000144047 1.08368e-05 -0.00350428 -0.00219399
27.66 -1.16742e-05 -8.39634e-05 -0.000178642 4.6661e-06 -0.0043695 -0.00210546
27.68 -1.21811e-05 -7.83705e-05 -0.00020207 -2.4415e-06 -0.00495545 -0.00196558
27.7 -1.23175e-05 -7.19594e-05 -0.000214238 -9.26374e-06 -0.00525977 -0.00180523
27.72 -1.20831e-05 -6.56021e-05 -0.00021585 -1.44698e-05 -0.00530008 -0.00164624
27.74 -1.14806e-05 -5.96679e-05 -0.000208069 -1.69682e-05 -0.00510549 -0.00149782
27.76 -1.05235e-05 -5.41305e-05 -0.00019219 -1.61911e-05 -0.00470836 -0.00135932
27.78 -9.23917e-06 -4.85178e-05 -0.000169304 -1.22542e-05 -0.00413597 -0.00121895
27.8 -7.66344e-06 -4.1859e-05 -0.000140058 -5.95671e-06 -0.00340451 -0.00105241
27.82 -5.83553e-06 -3.3054e-05 -0.000104693 1.43062e-06 -0.00252 -0.000832193
27.84 -3.80089e-06 -2.15155e-05 -6.33058e-05 8.55406e-06 -0.0014849 -0.000543611
27.86 -1.62124e-06 -7.53793e-06 -1.61863e-05 1.43736e-05 -0.000306422 -0.000194026
27.88 6.20569e-07 7.85e-06 3.58808e-05 1.84047e-05 0.000995799 0.000190832
27.9 2.83043e-06 2.32618e-05 9.13922e-05 2.07587e-05 0.00238416 0.000576289
27.92 4.92105e-06 3.71889e-05 0.000148073 2.2022e-05 0.00380178 0.000924611
27.94 6.82378e-06 4.82449e-05 0.000203086 2.30267e-05 0.00517766 0.00120113
27.96 8.48695e-06 5.55369e-05 0.000253431 2.45653e-05 0.00643682 0.0013835
27.98 9.86759e-06 5.88673e-05 0.000296393 2.71269e-05 0.00751132 0.0014668
28 1.09278e-05 5.86836e-05 0.000329939 3.07401e-05 0.00835031 0.0014622
28.02 1.16386e-05 5.59097e-05 0.000352982 3.49494e-05 0.00892662 0.00139283
28.04 1.19842e-05 5.16834e-05 0.00036542 3.89261e-05 0.0092377 0.00128712
28.06 1.19606e-05 4.70353e-05 0.000367944 4.17078e-05 0.00930083 0.00117087
28.08 1.15702e-05 4.26081e-05 0.000361713 4.25093e-05 0.00914499 0.00106015
28.1 1.08187e-05 3.84868e-05 0.00034799 4.09901e-05 0.00880178 0.000957071
28.12 9.71936e-06 3.41685e-05 0.000327836 3.73827e-05 0.00829772 0.000849069
28.14 8.29948e-06 2.87061e-05 0.000301927 3.24433e-05 0.00764973 0.000712452
28.16 6.6034e-06 2.10495e-05 0.000270562 2.72338e-05 0.00686527 0.000520957
28.18 4.69026e-06 1.04997e-05 0.000233847 2.27997e-05 0.00594701 0.000257103
28.2 2.62957e-06 -2.93876e-06 0.000191992 1.9854e-05 0.0049002 -7.89989e-05
28.22 4.98086e-07 -1.84798e-05 0.000145595 1.85769e-05 0.00373979 -0.000467686
28.24 -1.6228e-06 -3.47212e-05 9.58485e-05 1.85876e-05 0.00249561 -0.00087389
28.26 -3.65152e-06 -4.99378e-05 4.46113e-05 1.90804e-05 0.00121415 -0.00125447
28.28 -5.51295e-06 -6.24535e-05 -5.71621e-06 1.90809e-05 -4.45597e-05 -0.00156749
28.3 -7.1441e-06 -7.10359e-05 -5.24961e-05 1.77521e-05 -0.00121454 -0.00178214
28.32 -8.49617e-06 -7.51826e-05 -9.32388e-05 1.46687e-05 -0.00223354 -0.00188585
28.34 -9.53297e-06 -7.51955e-05 -0.000125954 9.97341e-06 -0.00305177 -0.00188617
28.36 -1.02285e-05 -7.20394e-05 -0.000149414 4.36801e-06 -0.00363851 -0.00180724
28.38 -1.0566e-05 -6.70719e-05 -0.000163101 -1.06225e-06 -0.00398082 -0.00168299
28.4 -1.05388e-05 -6.16809e-05 -0.000166949 -5.14181e-06 -0.00407707 -0.00154816
28.42 -1.01508e-05 -5.68224e-05 -0.000161436 -6.93724e-06 -0.00393918 -0.00142665
28.44 -9.41573e-06 -5.271e-05 -0.000147621 -6.03278e-06 -0.00359365 -0.0013238
28.46 -8.35597e-06 -4.88703e-05 -0.000126658 -2.64984e-06 -0.00306937 -0.00122777
28.48 -7.00299e-06 -4.43982e-05 -9.94468e-05 2.42727e-06 -0.0023888 -0.00111592
28.5 -5.39856e-06 -3.82685e-05 -6.66676e-05 8.0699e-06 -0.00156898 -0.000962612
28.52 -3.59576e-06 -2.97141e-05 -2.87965e-05 1.30972e-05 -0.000621807 -0.000748661
28.54 -1.65839e-06 -1.85564e-05 1.37905e-05 1.65825e-05 0.000443312 -0.000469604
28.56 3.41644e-07 -5.33766e-06 6.04169e-05 1.80952e-05 0.00160946 -0.000138996
28.58 2.32828e-06 8.74223e-06 0.000109909 1.78071e-05 0.00284727 0.000213148
28.6 4.22569e-06 2.2072e-05 0.000160608 1.64335e-05 0.00411528 0.00054653
28.62 5.96058e-06 3.30238e-05 0.000210598 1.50185e-05 0.00536555 0.00082044
28.64 7.46217e-06 4.04248e-05 0.00025625 1.46096e-05 0.00650732 0.00100554
