0.02 7.76757e-13 3.95806e-12 6.39225e-11 -7.63414e-12 1.59873e-09 9.89926e-11
0.04 6.8147e-12 2.0026e-11 -1.04889e-09 -6.13757e-11 -2.62331e-08 5.00859e-10
0.06 2.50608e-11 1.85751e-10 -1.04619e-08 -1.2849e-10 -2.61658e-07 4.64572e-09
0.08 4.28004e-11 1.39992e-09 -3.84323e-08 4.06223e-10 -9.61208e-07 3.50125e-08
0.1 -4.57919e-12 6.85038e-09 -7.54168e-08 3.18685e-09 -1.88621e-06 1.71331e-07
0.12 -2.15583e-10 2.47391e-08 -7.87373e-08 9.39474e-09 -1.96925e-06 6.18736e-07
0.14 -6.55954e-10 6.83321e-08 -1.27634e-08 1.5293e-08 -3.19218e-07 1.70901e-06
0.16 -1.37553e-09 1.4385e-07 9.80742e-08 8.07033e-09 2.45288e-06 3.59776e-06
0.18 -2.52998e-09 2.3192e-07 1.88746e-07 -3.20917e-08 4.72061e-06 5.80042e-06
0.2 -4.36809e-09 2.92192e-07 2.26238e-07 -1.22148e-07 5.65831e-06 7.30783e-06
0.22 -6.95485e-09 3.00342e-07 2.33353e-07 -2.64154e-07 5.83626e-06 7.51167e-06
0.24 -9.92112e-09 2.79856e-07 2.4153e-07 -4.39589e-07 6.04076e-06 6.99931e-06
0.26 -1.26185e-08 2.88537e-07 2.50087e-07 -6.17037e-07 6.25478e-06 7.21644e-06
0.28 -1.46227e-08 3.63666e-07 2.41631e-07 -7.7157e-07 6.04329e-06 9.09544e-06
0.3 -1.60715e-08 4.79114e-07 2.20806e-07 -8.97733e-07 5.52246e-06 1.19828e-05
0.32 -1.74186e-08 5.74938e-07 2.244e-07 -9.9941e-07 5.61233e-06 1.43794e-05
0.34 -1.88717e-08 6.36114e-07 2.92577e-07 -1.07262e-06 7.31746e-06 1.59095e-05
0.36 -2.02298e-08 7.08975e-07 4.30219e-07 -1.11182e-06 1.076e-05 1.77318e-05
0.38 -2.12999e-08 8.21963e-07 5.91546e-07 -1.13106e-06 1.47948e-05 2.05576e-05
0.4 -2.22258e-08 9.33605e-07 7.00573e-07 -1.16263e-06 1.75216e-05 2.33499e-05
0.42 -2.3278e-08 9.90077e-07 6.95917e-07 -1.23307e-06 1.74052e-05 2.47622e-05
0.44 -2.45467e-08 9.88839e-07 5.71008e-07 -1.35154e-06 1.42811e-05 2.47313e-05
0.46 -2.59961e-08 9.4602e-07 3.81682e-07 -1.51397e-06 9.54602e-06 2.36604e-05
0.48 -2.75112e-08 8.52949e-07 2.20069e-07 -1.69514e-06 5.50403e-06 2.13326e-05
0.5 -2.85706e-08 7.2893e-07 1.70241e-07 -1.83656e-06 4.25781e-06 1.82308e-05
0.52 -2.81341e-08 6.78899e-07 2.48094e-07 -1.87169e-06 6.20493e-06 1.69795e-05
0.54 -2.5471e-08 8.07583e-07 3.54265e-07 -1.78454e-06 8.86032e-06 2.0198e-05
0.56 -2.13253e-08 1.05993e-06 3.26093e-07 -1.63895e-06 8.15572e-06 2.65093e-05
0.58 -1.78911e-08 1.20625e-06 1.00125e-07 -1.53709e-06 2.50416e-06 3.01688e-05
0.6 -1.70937e-08 1.03515e-06 -1.84769e-07 -1.53533e-06 -4.62116e-06 2.58897e-05
0.62 -1.86159e-08 5.78897e-07 -3.00761e-07 -1.58343e-06 -7.52216e-06 1.44785e-05
0.64 -1.97821e-08 1.34438e-07 -1.583e-07 -1.54616e-06 -3.95916e-06 3.36234e-06
0.66 -1.7834e-08 1.32627e-09 1.03549e-07 -1.31147e-06 2.5898e-06 3.31705e-08
0.68 -1.25411e-08 1.65359e-07 2.53576e-07 -8.91045e-07 6.34204e-06 4.13571e-06
0.7 -6.34197e-09 3.09874e-07 1.85567e-07 -3.97078e-07 4.64112e-06 7.75008e-06
0.72 -1.85495e-09 1.85898e-07 1.80783e-08 7.69997e-08 4.52146e-07 4.64939e-06
0.74 3.16046e-10 -1.25196e-07 -1.41522e-09 5.20352e-07 -3.53951e-08 -3.13121e-06
0.76 1.25416e-09 -3.84767e-07 2.87625e-07 9.58692e-07 7.19362e-06 -9.62318e-06
0.78 2.08573e-09 -5.07124e-07 7.94756e-07 1.40027e-06 1.98772e-05 -1.26834e-05
0.8 3.27222e-09 -5.76406e-07 1.21911e-06 1.8398e-06 3.04904e-05 -1.44162e-05
0.82 4.83407e-09 -6.61281e-07 1.29157e-06 2.26843e-06 3.23027e-05 -1.65389e-05
0.84 6.33186e-09 -7.70444e-07 1.02695e-06 2.66277e-06 2.56845e-05 -1.92691e-05
0.86 6.95082e-09 -9.2001e-07 7.53956e-07 3.00156e-06 1.88568e-05 -2.30098e-05
0.88 6.50516e-09 -1.07398e-06 8.54349e-07 3.30282e-06 2.13676e-05 -2.68606e-05
0.9 6.1523e-09 -1.06529e-06 1.39617e-06 3.60188e-06 3.49188e-05 -2.66434e-05
0.92 7.10747e-09 -7.67298e-07 2.00349e-06 3.87483e-06 5.0108e-05 -1.91904e-05
0.94 8.58538e-09 -3.47673e-07 2.16069e-06 4.02079e-06 5.40398e-05 -8.69545e-06
0.96 8.00321e-09 -1.73593e-07 1.71246e-06 3.94706e-06 4.28293e-05 -4.34163e-06
0.98 3.71077e-09 -4.01774e-07 1.04695e-06 3.66045e-06 2.61846e-05 -1.00485e-05
1 -3.05427e-09 -7.7613e-07 7.51004e-07 3.26746e-06 1.87829e-05 -1.94113e-05
1.02 -9.32928e-09 -9.15622e-07 1.15297e-06 2.8965e-06 2.88362e-05 -2.29001e-05
1.04 -1.27221e-08 -7.53545e-07 2.23419e-06 2.62022e-06 5.58781e-05 -1.88465e-05
1.06 -1.1237e-08 -5.50817e-07 3.48291e-06 2.44115e-06 8.71091e-05 -1.37762e-05
1.08 -1.98793e-09 -4.40816e-07 3.46262e-06 2.3329e-06 8.66016e-05 -1.1025e-05
1.1 1.55564e-08 -2.49091e-07 7.97455e-07 2.25987e-06 1.99447e-05 -6.22986e-06
1.12 3.4181e-08 6.37071e-08 -3.32808e-06 2.13389e-06 -8.32367e-05 1.59334e-06
1.14 4.22697e-08 1.71262e-07 -5.35125e-06 1.79075e-06 -0.000133837 4.28333e-06
1.16 3.54777e-08 -1.55284e-07 -3.4053e-06 1.1144e-06 -8.51679e-05 -3.88371e-06
1.18 2.18951e-08 -6.85282e-07 2.90475e-07 2.45567e-07 7.2649e-06 -1.71392e-05
1.2 1.38986e-08 -9.93801e-07 1.97303e-06 -4.48867e-07 4.93463e-05 -2.48554e-05
1.22 1.63526e-08 -9.12174e-07 2.32542e-07 -7.51848e-07 5.81597e-06 -2.28139e-05
1.24 2.33612e-08 -6.66492e-07 -2.811e-06 -8.45819e-07 -7.03042e-05 -1.66692e-05
1.26 2.63417e-08 -5.43922e-07 -3.89958e-06 -1.07489e-06 -9.75301e-05 -1.36037e-05
1.28 2.3919e-08 -4.66218e-07 -2.34481e-06 -1.59431e-06 -5.86446e-05 -1.16603e-05
1.3 2.11284e-08 -1.9109e-07 -6.94235e-07 -2.31704e-06 -1.73631e-05 -4.77924e-06
1.32 1.99203e-08 1.03149e-07 -1.2223e-06 -3.01001e-06 -3.05703e-05 2.5798e-06
1.34 1.58313e-08 -4.61099e-08 -3.02878e-06 -3.38212e-06 -7.57511e-05 -1.15323e-06
1.36 5.08831e-09 -6.05612e-07 -3.49903e-06 -3.23692e-06 -8.75122e-05 -1.51466e-05
1.38 -9.82978e-09 -9.68581e-07 -1.40739e-06 -2.59646e-06 -3.51994e-05 -2.42246e-05
1.4 -2.30487e-08 -8.5518e-07 2.38006e-06 -1.64896e-06 5.95263e-05 -2.13884e-05
1.42 -2.87578e-08 -7.28027e-07 5.85251e-06 -5.94959e-07 0.000146374 -1.82082e-05
1.44 -2.09207e-08 -9.14562e-07 6.29821e-06 4.8635e-07 0.000157521 -2.28736e-05
1.46 2.23396e-09 -9.44604e-07 2.03826e-06 1.63972e-06 5.09778e-05 -2.36249e-05
1.48 2.9523e-08 -4.18509e-07 -4.18038e-06 2.82489e-06 -0.000104553 -1.04671e-05
1.5 4.15122e-08 1.18877e-07 -6.24176e-06 3.74838e-06 -0.000156109 2.97316e-06
1.52 3.02756e-08 -6.07861e-08 -1.8062e-06 4.1283e-06 -4.51739e-05 -1.52028e-06
1.54 8.32988e-09 -8.41074e-07 4.27342e-06 4.17517e-06 0.00010688 -2.10356e-05
1.56 -6.02832e-09 -1.59612e-06 6.0849e-06 4.54649e-06 0.000152186 -3.99198e-05
1.58 -5.98642e-09 -1.91346e-06 3.52249e-06 5.64356e-06 8.80988e-05 -4.78564e-05
1.6 3.32816e-09 -1.58018e-06 9.21201e-07 7.09827e-06 2.30396e-05 -3.95211e-05
1.62 1.39778e-08 -5.78943e-07 1.19885e-06 8.0705e-06 2.99837e-05 -1.44796e-05
1.64 2.07501e-08 5.11193e-07 3.33264e-06 7.91985e-06 8.33508e-05 1.27851e-05
1.66 2.24939e-08 7.59595e-07 4.27534e-06 6.59875e-06 0.000106928 1.89978e-05
1.68 2.1783e-08 -6.74164e-08 2.09097e-06 4.67042e-06 5.2296e-05 -1.68611e-06
1.7 2.16603e-08 -1.12174e-06 -2.08282e-06 2.9951e-06 -5.20921e-05 -2.80552e-05
1.72 2.17528e-08 -1.37181e-06 -4.74047e-06 2.12352e-06 -0.000118561 -3.43096e-05
1.74 1.90025e-08 -5.79506e-07 -3.3763e-06 1.86761e-06 -8.44428e-05 -1.44937e-05
1.76 1.1649e-08 6.16611e-07 7.32497e-07 1.5387e-06 1.83201e-05 1.54217e-05
1.78 7.78603e-10 1.21777e-06 3.77401e-06 5.93042e-07 9.43896e-05 3.04569e-05
1.8 -1.03884e-08 6.32589e-07 3.30314e-06 -9.6824e-07 8.26129e-05 1.58213e-05
1.82 -1.66033e-08 -5.65529e-07 1.72671e-07 -2.70531e-06 4.31858e-06 -1.41441e-05
1.84 -1.31004e-08 -8.90848e-07 -3.04062e-06 -4.17877e-06 -7.60471e-05 -2.22805e-05
1.86 -2.25938e-09 4.31299e-07 -4.40727e-06 -5.34734e-06 -0.000110228 1.0787e-05
1.88 4.45857e-09 2.31837e-06 -3.6091e-06 -6.52213e-06 -9.02651e-05 5.79833e-05
1.9 -3.55647e-09 2.92828e-06 -1.77903e-06 -7.88488e-06 -4.44943e-05 7.32376e-05
1.92 -2.41055e-08 1.73228e-06 -6.26348e-07 -9.12823e-06 -1.56652e-05 4.33251e-05
1.94 -4.31259e-08 -1.35678e-08 -9.74009e-07 -9.66448e-06 -2.43604e-05 -3.39337e-07
1.96 -4.74156e-08 -6.79115e-07 -2.04473e-06 -9.18457e-06 -5.11395e-05 -1.6985e-05
1.98 -3.52163e-08 2.62065e-07 -2.54459e-06 -7.99906e-06 -6.36411e-05 6.55434e-06
2 -1.62188e-08 1.92648e-06 -2.17307e-06 -6.84408e-06 -5.43494e-05 4.81821e-05
2.02 -3.22651e-09 2.78403e-06 -1.69229e-06 -6.30108e-06 -4.2325e-05 6.96296e-05
2.04 -1.95235e-09 1.91538e-06 -1.87184e-06 -6.29536e-06 -4.68154e-05 4.79045e-05
2.06 -6.30531e-09 -9.73676e-08 -2.75288e-06 -6.11188e-06 -6.88506e-05 -2.4352e-06
2.08 -4.15216e-09 -1.59955e-06 -3.68362e-06 -4.96247e-06 -9.2129e-05 -4.00053e-05
2.1 1.06621e-08 -1.43065e-06 -3.80809e-06 -2.64466e-06 -9.52418e-05 -3.57812e-05
2.12 3.19614e-08 -3.14293e-08 -2.76466e-06 2.76877e-07 -6.91453e-05 -7.8606e-07
2.14 4.69474e-08 1.06726e-06 -1.10937e-06 2.90637e-06 -2.77457e-05 2.66927e-05
2.16 4.75313e-08 7.21151e-07 1.78475e-07 4.66866e-06 4.46374e-06 1.80363e-05
2.18 3.64478e-08 -8.48205e-07 7.57934e-07 5.63585e-06 1.89562e-05 -2.1214e-05
2.2 2.38493e-08 -2.33775e-06 1.22826e-06 6.30443e-06 3.07194e-05 -5.84681e-05
2.22 1.82773e-08 -2.60538e-06 2.22569e-06 7.07058e-06 5.56653e-05 -6.51617e-05
2.24 1.98841e-08 -1.74118e-06 3.52396e-06 7.90808e-06 8.81358e-05 -4.35476e-05
2.26 2.17952e-08 -8.7318e-07 4.2555e-06 8.51583e-06 0.000106432 -2.18386e-05
2.28 1.76802e-08 -9.52891e-07 3.89411e-06 8.68919e-06 9.73934e-05 -2.38322e-05
2.3 7.61157e-09 -1.90148e-06 2.92192e-06 8.51099e-06 7.30784e-05 -4.75569e-05
2.32 -2.49492e-09 -2.8345e-06 2.47231e-06 8.25918e-06 6.18335e-05 -7.08919e-05
2.34 -5.91638e-09 -2.85783e-06 3.16734e-06 8.16933e-06 7.92166e-05 -7.14756e-05
2.36 -7.09915e-10 -1.77707e-06 4.4385e-06 8.22007e-06 0.000111009 -4.44452e-05
2.38 7.92933e-09 -3.30317e-07 5.24488e-06 8.12406e-06 0.000131177 -8.26137e-06
2.4 1.17517e-08 3.58493e-07 5.13737e-06 7.58381e-06 0.000128488 8.96607e-06
2.42 7.52073e-09 -1.8999e-07 4.26629e-06 6.57911e-06 0.000106702 -4.75172e-06
2.44 4.11539e-10 -1.32644e-06 2.8899e-06 5.38944e-06 7.22776e-05 -3.31748e-05
2.46 -1.50928e-09 -1.92455e-06 1.40646e-06 4.33103e-06 3.51761e-05 -4.81338e-05
2.48 4.77165e-09 -1.47172e-06 3.5104e-07 3.46559e-06 8.77966e-06 -3.68083e-05
2.5 1.53574e-08 -4.27189e-07 -1.74381e-07 2.56892e-06 -4.36134e-06 -1.06842e-05
2.52 2.39044e-08 3.87903e-07 -7.17065e-07 1.386e-06 -1.79341e-05 9.70161e-06
2.54 2.64691e-08 5.21873e-07 -1.76955e-06 -1.19677e-07 -4.42571e-05 1.30523e-05
2.56 2.31389e-08 8.70573e-08 -3.05506e-06 -1.75342e-06 -7.64084e-05 2.17734e-06
2.58 1.72727e-08 -4.15777e-07 -3.72433e-06 -3.23319e-06 -9.3147e-05 -1.03988e-05
2.6 1.35147e-08 -4.31864e-07 -3.31859e-06 -4.36102e-06 -8.29992e-05 -1.08011e-05
2.62 1.46866e-08 1.57256e-07 -2.53564e-06 -5.16429e-06 -6.34175e-05 3.93303e-06
2.64 1.92172e-08 8.09948e-07 -2.69911e-06 -5.85598e-06 -6.75058e-05 2.02571e-05
2.66 2.2331e-08 8.18961e-07 -4.14662e-06 -6.57669e-06 -0.000103709 2.04826e-05
2.68 2.11668e-08 6.89042e-08 -5.59188e-06 -7.21134e-06 -0.000139855 1.72332e-06
2.7 1.87421e-08 -7.8509e-07 -5.645e-06 -7.4835e-06 -0.000141184 -1.96354e-05
2.72 2.12613e-08 -8.76808e-07 -4.52422e-06 -7.1678e-06 -0.000113153 -2.19293e-05
2.74 3.0095e-08 4.1411e-08 -3.55903e-06 -6.26754e-06 -8.90129e-05 1.03571e-06
2.76 3.72812e-08 1.18108e-06 -3.34677e-06 -5.10015e-06 -8.3704e-05 2.95393e-05
2.78 3.15251e-08 1.30625e-06 -3.15423e-06 -4.10335e-06 -7.88886e-05 3.26697e-05
2.8 1.0098e-08 3.67229e-08 -2.03257e-06 -3.39886e-06 -5.08355e-05 9.18455e-07
2.82 -1.65017e-08 -1.56288e-06 -1.56257e-08 -2.65306e-06 -3.90805e-07 -3.90882e-05
2.84 -3.38895e-08 -2.07352e-06 1.80807e-06 -1.50187e-06 4.52206e-05 -5.18596e-05
2.86 -3.77319e-08 -1.31809e-06 2.36674e-06 4.07896e-08 5.91932e-05 -3.29659e-05
2.88 -3.64861e-08 -3.87575e-07 1.93427e-06 1.73404e-06 4.83769e-05 -9.69342e-06
2.9 -4.04178e-08 -9.81604e-08 2.18824e-06 3.46783e-06 5.47287e-05 -2.45503e-06
2.92 -5.09862e-08 -6.19179e-08 4.49369e-06 5.27056e-06 0.000112389 -1.54859e-06
2.94 -6.23568e-08 4.89105e-07 8.25543e-06 7.08488e-06 0.000206472 1.22327e-05
2.96 -7.01097e-08 1.52428e-06 1.13152e-05 8.69171e-06 0.000282997 3.81229e-05
2.98 -7.5398e-08 2.26212e-06 1.18101e-05 9.79515e-06 0.000295374 5.65766e-05
3 -8.20347e-08 2.10034e-06 9.60129e-06 1.01563e-05 0.000240132 5.25304e-05
3.02 -9.20492e-08 1.19858e-06 6.43421e-06 9.77503e-06 0.000160922 2.99769e-05
3.04 -1.03269e-07 3.25269e-07 4.7943e-06 8.96552e-06 0.000119908 8.13511e-06
3.06 -1.09612e-07 3.12049e-07 5.83695e-06 8.12801e-06 0.000145985 7.80447e-06
3.08 -1.05213e-07 1.41372e-06 8.08413e-06 7.41256e-06 0.000202187 3.53578e-05
3.1 -9.0368e-08 2.94978e-06 8.6985e-06 6.66052e-06 0.000217553 7.37751e-05
3.12 -7.24713e-08 3.78281e-06 6.3609e-06 5.63321e-06 0.000159089 9.46097e-05
3.14 -5.92598e-08 3.47771e-06 2.57512e-06 4.21356e-06 6.44047e-05 8.69789e-05
3.16 -5.2068e-08 2.83856e-06 3.41804e-08 2.39038e-06 8.54865e-07 7.09935e-05
3.18 -4.73031e-08 2.89001e-06 -1.53566e-08 1.13311e-07 -3.84074e-07 7.22802e-05
3.2 -4.25017e-08 3.45817e-06 1.14723e-06 -2.72915e-06 2.86927e-05 8.64902e-05
3.22 -3.73997e-08 3.3966e-06 9.29656e-07 -6.07133e-06 2.32511e-05 8.49504e-05
3.24 -3.00995e-08 2.28107e-06 -2.12053e-06 -9.46037e-06 -5.30352e-05 5.70505e-05
3.26 -1.70701e-08 1.09756e-06 -6.71784e-06 -1.23001e-05 -0.000168016 2.74503e-05
3.28 1.64372e-09 8.8831e-07 -9.93574e-06 -1.43627e-05 -0.000248497 2.2217e-05
3.3 2.0862e-08 1.42408e-06 -1.02044e-05 -1.58889e-05 -0.000255215 3.56169e-05
3.32 3.5859e-08 1.73918e-06 -8.81051e-06 -1.71508e-05 -0.000220354 4.34977e-05
3.34 4.69449e-08 1.40768e-06 -8.15274e-06 -1.81181e-05 -0.000203904 3.52066e-05
3.36 5.68974e-08 7.36124e-07 -9.15801e-06 -1.85903e-05 -0.000229046 1.84108e-05
3.38 6.60346e-08 9.84873e-08 -1.08612e-05 -1.84534e-05 -0.000271642 2.46321e-06
3.4 7.1506e-08 -4.50747e-07 -1.18343e-05 -1.77333e-05 -0.000295982 -1.12734e-05
3.42 7.04795e-08 -1.08835e-06 -1.13166e-05 -1.65033e-05 -0.000283033 -2.722e-05
3.44 6.35614e-08 -1.93921e-06 -9.35637e-06 -1.47434e-05 -0.000234007 -4.85005e-05
3.46 5.57931e-08 -2.78141e-06 -6.62913e-06 -1.22491e-05 -0.000165797 -6.95642e-05
3.48 5.35088e-08 -3.13187e-06 -4.10681e-06 -8.79155e-06 -0.000102713 -7.83295e-05
3.5 5.85564e-08 -2.80458e-06 -2.40236e-06 -4.45908e-06 -6.0084e-05 -7.01438e-05
3.52 6.57557e-08 -2.2186e-06 -1.31103e-06 2.52104e-07 -3.27895e-05 -5.5488e-05
3.54 6.69969e-08 -1.98301e-06 -1.44536e-07 4.75507e-06 -3.61491e-06 -4.9596e-05
3.56 5.76932e-08 -2.34313e-06 1.59491e-06 8.73759e-06 3.98893e-05 -5.86026e-05
3.58 3.96438e-08 -3.10127e-06 3.99398e-06 1.22573e-05 9.98912e-05 -7.75641e-05
3.6 1.9647e-08 -3.80074e-06 6.84022e-06 1.55878e-05 0.000171077 -9.50581e-05
3.62 5.76194e-09 -3.90325e-06 9.55617e-06 1.89354e-05 0.000239004 -9.76218e-05
3.64 1.93897e-09 -3.1832e-06 1.12087e-05 2.21695e-05 0.000280334 -7.9613e-05
3.66 4.01989e-09 -2.18768e-06 1.11577e-05 2.48234e-05 0.00027906 -5.47149e-05
3.68 2.90265e-09 -1.91926e-06 9.93093e-06 2.64591e-05 0.000248377 -4.80016e-05
3.7 -5.62976e-09 -2.65476e-06 9.08077e-06 2.70571e-05 0.000227114 -6.63967e-05
3.72 -1.52616e-08 -3.34353e-06 9.71817e-06 2.69839e-05 0.000243055 -8.3623e-05
3.74 -1.62011e-08 -2.69024e-06 1.13039e-05 2.65541e-05 0.000282716 -6.7284e-05
3.76 -7.52336e-09 -7.5037e-07 1.22956e-05 2.56746e-05 0.000307519 -1.87671e-05
3.78 6.85719e-10 1.03939e-06 1.18016e-05 2.39219e-05 0.000295163 2.59957e-05
3.8 -1.88233e-09 1.43125e-06 1.00862e-05 2.09165e-05 0.000252259 3.57961e-05
3.82 -1.54702e-08 5.37136e-07 7.75392e-06 1.66389e-05 0.000193929 1.3434e-05
3.84 -3.12708e-08 -5.66489e-07 5.22368e-06 1.14736e-05 0.000130646 -1.41681e-05
3.86 -3.96831e-08 -8.98617e-07 2.83646e-06 5.98239e-06 7.0941e-05 -2.24748e-05
3.88 -3.67351e-08 -1.40001e-07 6.73325e-07 5.66824e-07 1.68401e-05 -3.50149e-06
3.9 -2.60759e-08 1.29409e-06 -1.63905e-06 -4.69843e-06 -4.09933e-05 3.23658e-05
3.92 -1.68781e-08 2.42384e-06 -4.26898e-06 -9.89947e-06 -0.000106769 6.06214e-05
3.94 -1.67033e-08 2.3671e-06 -6.55524e-06 -1.49594e-05 -0.000163949 5.92021e-05
3.96 -2.32883e-08 1.2415e-06 -7.74593e-06 -1.94887e-05 -0.000193729 3.10504e-05
3.98 -2.48552e-08 1.90944e-07 -8.15652e-06 -2.29482e-05 -0.000203998 4.77558e-06
4 -1.10763e-08 2.2522e-07 -8.92555e-06 -2.49857e-05 -0.000223232 5.63284e-06
4.02 1.65251e-08 1.18428e-06 -1.07062e-05 -2.5674e-05 -0.000267768 2.96193e-05
4.04 4.56105e-08 1.98677e-06 -1.30324e-05 -2.5435e-05 -0.000325945 4.96898e-05
4.06 6.33002e-08 1.73577e-06 -1.47872e-05 -2.46581e-05 -0.000369833 4.34124e-05
4.08 6.52621e-08 5.41108e-07 -1.49419e-05 -2.33459e-05 -0.000373703 1.35333e-05
4.1 5.6309e-08 -6.19688e-07 -1.31114e-05 -2.11797e-05 -0.000327921 -1.54987e-05
4.12 4.32813e-08 -9.07543e-07 -9.80377e-06 -1.79531e-05 -0.000245196 -2.2698e-05
4.14 2.80019e-08 -4.95097e-07 -6.02058e-06 -1.38561e-05 -0.000150577 -1.23826e-05
4.16 7.99148e-09 -1.9367e-07 -2.43877e-06 -9.31327e-06 -6.09946e-05 -4.84377e-06
4.18 -1.72151e-08 -3.12228e-07 8.42052e-07 -4.69885e-06 2.10601e-05 -7.80894e-06
4.2 -4.38556e-08 -4.35828e-07 3.80016e-06 -2.83612e-07 9.50436e-05 -1.09002e-05
4.22 -6.82925e-08 -3.33915e-07 6.23864e-06 3.74906e-06 0.000156031 -8.35136e-06
4.24 -8.95694e-08 -3.24661e-07 8.15528e-06 7.43539e-06 0.000203967 -8.11991e-06
4.26 -1.06201e-07 -4.95314e-07 9.8643e-06 1.10729e-05 0.00024671 -1.2388e-05
4.28 -1.14761e-07 -3.3457e-07 1.15545e-05 1.49452e-05 0.000288983 -8.36774e-06
4.3 -1.1456e-07 4.34388e-07 1.31763e-05 1.90238e-05 0.000329544 1.08642e-05
4.32 -1.10293e-07 1.30984e-06 1.48462e-05 2.29849e-05 0.00037131 3.27597e-05
4.34 -1.06899e-07 1.7017e-06 1.67167e-05 2.63867e-05 0.000418093 4.25603e-05
4.36 -1.04064e-07 1.58856e-06 1.82733e-05 2.87798e-05 0.000457023 3.97305e-05
4.38 -9.77313e-08 1.26046e-06 1.84544e-05 2.98475e-05 0.000461551 3.15246e-05
4.4 -8.46674e-08 1.04553e-06 1.6752e-05 2.95502e-05 0.000418974 2.61492e-05
4.42 -6.49326e-08 1.40359e-06 1.372e-05 2.79809e-05 0.000343143 3.51043e-05
4.44 -4.35007e-08 2.59832e-06 1.03009e-05 2.50388e-05 0.000257631 6.4985e-05
4.46 -3.06377e-08 4.12213e-06 7.10975e-06 2.04393e-05 0.000177818 0.000103096
4.48 -3.69567e-08 4.96018e-06 4.46455e-06 1.40843e-05 0.00011166 0.000124056
4.5 -6.46887e-08 4.59823e-06 2.67957e-06 6.30232e-06 6.70171e-05 0.000115004
4.52 -1.03314e-07 3.57898e-06 1.8595e-06 -2.24117e-06 4.65069e-05 8.95118e-05
4.54 -1.34552e-07 3.05249e-06 1.31479e-06 -1.07806e-05 3.28835e-05 7.63441e-05
4.56 -1.43561e-07 3.85819e-06 -3.03923e-07 -1.87354e-05 -7.60125e-06 9.64949e-05
4.58 -1.28397e-07 5.90364e-06 -3.7252e-06 -2.59616e-05 -9.31687e-05 0.000147653
4.6 -1.00514e-07 8.1739e-06 -8.13703e-06 -3.27287e-05 -0.000203511 0.000204433
4.62 -7.4975e-08 9.36829e-06 -1.20753e-05 -3.93135e-05 -0.000302009 0.000234305
4.64 -5.79382e-08 8.90245e-06 -1.51055e-05 -4.55188e-05 -0.000377794 0.000222654
4.66 -4.31947e-08 7.41839e-06 -1.81772e-05 -5.06237e-05 -0.000454618 0.000185537
4.68 -2.15851e-08 6.01238e-06 -2.22087e-05 -5.38668e-05 -0.000555449 0.000150372
4.7 7.59838e-09 4.98417e-06 -2.64807e-05 -5.49289e-05 -0.000662294 0.000124656
4.72 3.7232e-08 3.77559e-06 -2.88014e-05 -5.39173e-05 -0.000720335 9.44291e-05
4.74 6.34949e-08 2.00187e-06 -2.77065e-05 -5.10507e-05 -0.000692951 5.00677e-05
4.76 9.24127e-08 -7.23573e-08 -2.43437e-05 -4.64675e-05 -0.000608846 -1.80969e-06
4.78 1.34153e-07 -1.98386e-06 -2.15403e-05 -4.01856e-05 -0.000538732 -4.96171e-05
4.8 1.92903e-07 -3.39924e-06 -2.09221e-05 -3.21815e-05 -0.000523269 -8.50164e-05
4.82 2.62111e-07 -4.13758e-06 -2.14304e-05 -2.26863e-05 -0.000535982 -0.000103483
4.84 3.26974e-07 -4.45504e-06 -2.07423e-05 -1.24248e-05 -0.000518773 -0.000111422
4.86 3.72027e-07 -5.19015e-06 -1.77509e-05 -2.34457e-06 -0.000443958 -0.000129808
4.88 3.89726e-07 -7.14423e-06 -1.34848e-05 6.94981e-06 -0.00033726 -0.00017868
4.9 3.83697e-07 -1.0392e-05 -9.73417e-06 1.54196e-05 -0.000243456 -0.000259909
4.92 3.64911e-07 -1.43556e-05 -6.99118e-06 2.34134e-05 -0.000174852 -0.00035904
4.94 3.46972e-07 -1.81301e-05 -4.02065e-06 3.14551e-05 -0.000100558 -0.000453442
4.96 3.43974e-07 -2.05427e-05 4.2873e-07 4.00065e-05 1.07227e-05 -0.000513782
4.98 3.658e-07 -2.05994e-05 5.83913e-06 4.90783e-05 0.000146039 -0.0005152
5 4.09432e-07 -1.84948e-05 1.02476e-05 5.79997e-05 0.000256298 -0.000462563
5.02 4.56137e-07 -1.58517e-05 1.22257e-05 6.56847e-05 0.000305771 -0.000396457
5.04 4.81606e-07 -1.44617e-05 1.21594e-05 7.11658e-05 0.000304112 -0.000361694
5.06 4.70865e-07 -1.48446e-05 1.16547e-05 7.39533e-05 0.00029149 -0.00037127
5.08 4.24764e-07 -1.60854e-05 1.20927e-05 7.41024e-05 0.000302443 -0.000402303
5.1 3.55096e-07 -1.67038e-05 1.37429e-05 7.2044e-05 0.000343716 -0.000417769
5.12 2.74471e-07 -1.55682e-05 1.58868e-05 6.82047e-05 0.000397335 -0.000389368
5.14 1.87766e-07 -1.24568e-05 1.77287e-05 6.26319e-05 0.000443402 -0.000311549
5.16 9.07437e-08 -8.06364e-06 1.9338e-05 5.49834e-05 0.00048365 -0.000201675
5.18 -2.24102e-08 -3.23054e-06 2.14646e-05 4.48911e-05 0.000536839 -8.07972e-05
5.2 -1.50088e-07 1.97105e-06 2.41592e-05 3.22793e-05 0.000604231 4.92967e-05
5.22 -2.84213e-07 8.09625e-06 2.5987e-05 1.73348e-05 0.000649946 0.00020249
5.24 -4.20824e-07 1.50763e-05 2.52167e-05 2.87721e-07 0.000630681 0.000377065
5.26 -5.65758e-07 2.14044e-05 2.16735e-05 -1.86111e-05 0.000542064 0.000535333
5.28 -7.24663e-07 2.50472e-05 1.69713e-05 -3.87239e-05 0.00042446 0.00062644
5.3 -8.85631e-07 2.54545e-05 1.30574e-05 -5.85445e-05 0.000326572 0.000636628
5.32 -1.01412e-06 2.45524e-05 1.08328e-05 -7.57654e-05 0.000270934 0.000614066
5.34 -1.06914e-06 2.5289e-05 9.67035e-06 -8.82372e-05 0.000241859 0.000632489
5.36 -1.02613e-06 2.89775e-05 7.49011e-06 -9.52135e-05 0.000187331 0.000724739
5.38 -8.85835e-07 3.43425e-05 1.69499e-06 -9.78198e-05 4.23923e-05 0.000858921
5.4 -6.73946e-07 3.90442e-05 -8.71112e-06 -9.82311e-05 -0.000217869 0.000976511
5.42 -4.3026e-07 4.1979e-05 -2.16048e-05 -9.79781e-05 -0.000540346 0.00104991
5.44 -1.89371e-07 4.42189e-05 -3.31141e-05 -9.68692e-05 -0.000828197 0.00110593
5.46 1.00253e-08 4.61081e-05 -4.0733e-05 -9.39869e-05 -0.00101875 0.00115318
5.48 1.19722e-07 4.37773e-05 -4.45912e-05 -8.95998e-05 -0.00111524 0.00109489
5.5 1.19931e-07 3.27953e-05 -4.58516e-05 -8.50039e-05 -0.00114677 0.000820224
5.52 5.70711e-08 1.56468e-05 -4.488e-05 -8.01988e-05 -0.00112247 0.000391334
5.54 2.11468e-08 1.18269e-06 -4.13194e-05 -7.28572e-05 -0.00103342 2.95795e-05
5.56 7.19867e-08 -4.56614e-06 -3.52332e-05 -6.04254e-05 -0.000881198 -0.000114201
5.58 2.00018e-07 -3.62826e-06 -2.76062e-05 -4.28663e-05 -0.000690443 -9.07443e-05
5.6 3.56324e-07 -1.08564e-06 -1.96451e-05 -2.28873e-05 -0.000491331 -2.71523e-05
5.62 4.96891e-07 1.15355e-06 -1.15309e-05 -3.88515e-06 -0.000288392 2.88507e-05
5.64 5.90356e-07 3.23853e-06 -2.21762e-06 1.18988e-05 -5.54636e-05 8.0997e-05
5.66 6.11063e-07 3.55623e-06 8.68118e-06 2.37849e-05 0.00021712 8.89429e-05
5.68 5.51089e-07 -3.70817e-07 1.89798e-05 3.2313e-05 0.000474692 -9.27429e-06
5.7 4.35992e-07 -8.27721e-06 2.52993e-05 3.89182e-05 0.000632745 -0.000207017
5.72 3.15203e-07 -1.67336e-05 2.66932e-05 4.5515e-05 0.000667609 -0.000418515
5.74 2.33492e-07 -2.21505e-05 2.57157e-05 5.36931e-05 0.00064316 -0.000553992
5.76 2.10675e-07 -2.33571e-05 2.55606e-05 6.37873e-05 0.000639281 -0.000584171
5.78 2.42316e-07 -2.16708e-05 2.70348e-05 7.4527e-05 0.000676151 -0.000541996
5.8 3.14456e-07 -1.91506e-05 2.83672e-05 8.37001e-05 0.000709477 -0.000478964
5.82 4.17157e-07 -1.67469e-05 2.69854e-05 8.94609e-05 0.000674917 -0.000418848
5.84 5.44637e-07 -1.3927e-05 2.1243e-05 9.12717e-05 0.000531295 -0.00034832
5.86 6.83798e-07 -1.01931e-05 1.12819e-05 8.96188e-05 0.000282164 -0.000254934
5.88 8.0741e-07 -6.74967e-06 -1.0491e-06 8.4796e-05 -2.62384e-05 -0.000168812
5.9 8.87378e-07 -5.73354e-06 -1.32875e-05 7.62834e-05 -0.000332325 -0.000143398
5.92 9.17652e-07 -7.48173e-06 -2.39979e-05 6.37187e-05 -0.000600197 -0.000187121
5.94 9.17627e-07 -9.61037e-06 -3.34048e-05 4.81965e-05 -0.000835467 -0.000240359
5.96 9.09429e-07 -9.26038e-06 -4.20379e-05 3.18528e-05 -0.00105138 -0.000231606
5.98 8.94531e-07 -5.31266e-06 -4.91904e-05 1.59166e-05 -0.00123027 -0.000132872
6 8.50198e-07 1.58241e-06 -5.35012e-05 -5.40001e-07 -0.00133809 3.95768e-05
6.02 7.39459e-07 9.45274e-06 -5.43507e-05 -1.98549e-05 -0.00135933 0.000236417
6.04 5.26416e-07 1.49376e-05 -5.15294e-05 -4.38742e-05 -0.00128877 0.000373595
6.06 2.01317e-07 1.4556e-05 -4.46462e-05 -7.2318e-05 -0.00111662 0.000364053
6.08 -1.92289e-07 7.85174e-06 -3.45893e-05 -0.000102073 -0.000865094 0.000196375
6.1 -5.57973e-07 -4.63829e-07 -2.42317e-05 -0.000127632 -0.000606045 -1.16006e-05
6.12 -7.91201e-07 -2.43841e-06 -1.55997e-05 -0.000143057 -0.000390155 -6.09857e-05
6.14 -8.43774e-07 7.38467e-06 -8.00178e-06 -0.000145104 -0.000200128 0.000184694
6.16 -7.61815e-07 2.66145e-05 -1.08909e-06 -0.000135356 -2.72387e-05 0.00066564
6.18 -6.67554e-07 4.52936e-05 3.09646e-06 -0.000118999 7.74438e-05 0.00113281
6.2 -6.89264e-07 5.296e-05 4.73329e-06 -0.000101014 0.000118381 0.00132455
6.22 -8.84079e-07 4.68425e-05 1.04144e-05 -8.3421e-05 0.000260469 0.00117155
6.24 -1.20689e-06 3.32168e-05 2.84403e-05 -6.58532e-05 0.000711304 0.000830766
6.26 -1.54832e-06 2.05852e-05 5.99343e-05 -4.75505e-05 0.00149898 0.000514845
6.28 -1.79704e-06 1.26162e-05 9.45826e-05 -2.69988e-05 0.00236555 0.000315536
6.3 -1.86596e-06 8.35184e-06 0.000114263 1.53008e-08 0.00285776 0.000208883
6.32 -1.69388e-06 7.00367e-06 0.000100653 3.75209e-05 0.00251738 0.000175165
6.34 -1.29007e-06 9.53637e-06 5.30626e-05 8.46242e-05 0.00132712 0.000238508
6.36 -7.72078e-07 1.59017e-05 1.90941e-06 0.000137287 4.77552e-05 0.000397709
6.38 -2.84432e-07 2.36956e-05 -1.91048e-05 0.000191205 -0.000477819 0.000592636
6.4 8.24873e-08 2.90951e-05 -1.09215e-05 0.000240978 -0.00027315 0.000727682
6.42 2.94909e-07 2.77354e-05 -7.11347e-07 0.00027999 -1.77911e-05 0.000693673
6.44 3.54924e-07 1.71685e-05 -6.33542e-06 0.000302764 -0.000158452 0.000429391
6.46 2.91035e-07 -5.4532e-07 -1.05145e-05 0.000305926 -0.000262971 -1.36387e-05
6.48 1.5102e-07 -1.99636e-05 1.37239e-05 0.000288215 0.000343241 -0.000499299
6.5 3.12001e-08 -3.63545e-05 5.22479e-05 0.000252991 0.00130674 -0.000909241
6.52 3.80872e-08 -4.88892e-05 6.25937e-05 0.000209721 0.00156549 -0.00122274
6.54 1.95989e-07 -5.89089e-05 2.42706e-05 0.000171639 0.000607017 -0.00147334
6.56 4.45677e-07 -6.63822e-05 -4.50841e-05 0.000148471 -0.00112757 -0.00166025
6.58 7.21735e-07 -6.80538e-05 -0.000106941 0.000139658 -0.00267463 -0.00170205
6.6 9.70332e-07 -5.87765e-05 -0.000130452 0.000136641 -0.00326266 -0.00147003
6.62 1.14511e-06 -3.93557e-05 -0.000117777 0.000129036 -0.00294565 -0.000984301
6.64 1.19852e-06 -2.06693e-05 -9.60705e-05 0.000107698 -0.00240276 -0.000516948
6.66 1.08974e-06 -1.42571e-05 -8.27828e-05 6.74356e-05 -0.00207043 -0.000356576
6.68 8.56479e-07 -1.97415e-05 -7.24944e-05 1.028e-05 -0.00181312 -0.000493743
6.7 5.97802e-07 -2.62439e-05 -5.44753e-05 -5.54276e-05 -0.00136245 -0.00065637
6.72 3.91138e-07 -2.65765e-05 -2.73328e-05 -0.000120586 -0.000683604 -0.000664688
6.74 2.40868e-07 -2.38553e-05 1.23169e-06 -0.000178761 3.08051e-05 -0.000596632
6.76 1.26618e-07 -2.33894e-05 1.91932e-05 -0.000224275 0.000480031 -0.000584978
6.78 5.93425e-08 -2.47982e-05 1.70873e-05 -0.000250628 0.00042736 -0.000620214
6.8 6.0648e-08 -2.39453e-05 -3.08485e-06 -0.000255886 -7.71535e-05 -0.000598883
6.82 1.24515e-07 -1.79581e-05 -3.04427e-05 -0.000246696 -0.000761383 -0.000449139
6.84 1.94226e-07 -6.75195e-06 -5.5988e-05 -0.000232322 -0.00140028 -0.000168869
6.86 1.98586e-07 7.89034e-06 -7.37485e-05 -0.000216183 -0.00184448 0.000197341
6.88 1.26533e-07 2.31133e-05 -7.66027e-05 -0.000199145 -0.00191587 0.000578074
6.9 -1.7183e-08 3.58029e-05 -5.92079e-05 -0.00018798 -0.00148081 0.000895446
6.92 -2.20443e-07 4.56221e-05 -2.68852e-05 -0.000186638 -0.000672411 0.00114103
6.94 -4.17814e-07 5.47617e-05 7.67441e-06 -0.000190199 0.00019194 0.00136961
6.96 -5.09424e-07 6.33456e-05 3.4975e-05 -0.000194076 0.000874739 0.0015843
6.98 -5.59292e-07 6.79572e-05 5.10547e-05 -0.000194737 0.0012769 0.00169964
7 -6.67056e-07 6.36236e-05 5.83462e-05 -0.000186344 0.00145926 0.00159125
7.02 -8.23874e-07 4.96879e-05 6.39664e-05 -0.000164569 0.00159983 0.00124272
7.04 -1.00558e-06 3.14375e-05 7.07899e-05 -0.000127217 0.00177048 0.000786265
7.06 -1.14229e-06 1.49631e-05 7.37219e-05 -7.20279e-05 0.00184382 0.000374234
7.08 -1.16454e-06 5.82558e-06 6.8204e-05 -1.17093e-06 0.00170581 0.0001457
7.1 -1.02857e-06 7.52776e-06 5.65521e-05 7.49662e-05 0.00141439 0.000188272
7.12 -7.50325e-07 1.74455e-05 4.38444e-05 0.000142437 0.00109657 0.00043632
7.14 -4.03916e-07 2.88192e-05 3.34424e-05 0.000190228 0.000836408 0.000720781
7.16 -8.47988e-08 3.66722e-05 2.74346e-05 0.000213758 0.000686151 0.000917186
7.18 1.47176e-07 3.93312e-05 2.63158e-05 0.000215693 0.00065817 0.00098369
7.2 2.8713e-07 3.65073e-05 2.8366e-05 0.000201993 0.000709446 0.000913063
7.22 3.18265e-07 2.79364e-05 3.31791e-05 0.000178382 0.000829824 0.0006987
7.24 2.2731e-07 1.31232e-05 4.31455e-05 0.00015155 0.00107909 0.000328217
7.26 4.41674e-08 -7.5182e-06 5.75621e-05 0.000128612 0.00143965 -0.000188033
7.28 -1.62613e-07 -3.09957e-05 6.80557e-05 0.000115004 0.0017021 -0.000775215
7.3 -2.89151e-07 -5.16412e-05 6.33649e-05 0.000113021 0.00158478 -0.00129157
7.32 -2.46295e-07 -6.30443e-05 3.94459e-05 0.000119906 0.000986558 -0.00157676
7.34 -5.66379e-10 -6.1393e-05 3.79933e-06 0.000129188 9.50228e-05 -0.00153546
7.36 4.00865e-07 -4.79127e-05 -3.16146e-05 0.000134276 -0.000790695 -0.00119832
7.38 8.55724e-07 -2.79364e-05 -5.95058e-05 0.000128677 -0.00148826 -0.0006987
7.4 1.24413e-06 -8.5249e-06 -7.72685e-05 0.000105318 -0.00193252 -0.000213211
7.42 1.46271e-06 3.60305e-06 -8.29748e-05 6.08236e-05 -0.00207523 9.01139e-05
7.44 1.46295e-06 5.06082e-06 -7.66939e-05 8.33983e-07 -0.00191815 0.000126573
7.46 1.26279e-06 -2.54253e-06 -6.29299e-05 -6.18989e-05 -0.0015739 -6.35897e-05
7.48 9.21024e-07 -1.51315e-05 -4.7462e-05 -0.000115552 -0.00118704 -0.000378445
7.5 5.05887e-07 -2.92616e-05 -3.30906e-05 -0.000154483 -0.000827611 -0.000731844
7.52 8.85757e-08 -4.17392e-05 -2.05426e-05 -0.000177807 -0.000513778 -0.00104391
7.54 -2.59999e-07 -4.84695e-05 -1.16042e-05 -0.000186056 -0.000290225 -0.00121224
7.56 -4.85764e-07 -4.61364e-05 -9.31044e-06 -0.00018068 -0.000232858 -0.00115389
7.58 -5.66444e-07 -3.45931e-05 -1.64721e-05 -0.000165533 -0.000411974 -0.000865188
7.6 -5.24381e-07 -1.65557e-05 -3.32082e-05 -0.000146519 -0.000830551 -0.000414064
7.62 -4.19321e-07 4.58335e-06 -5.18919e-05 -0.000128704 -0.00129784 0.000114631
7.64 -3.23861e-07 2.59955e-05 -5.72123e-05 -0.000114437 -0.0014309 0.000650158
7.66 -2.95144e-07 4.49485e-05 -3.89359e-05 -0.000103999 -0.000973803 0.00112418
7.68 -3.53489e-07 5.81544e-05 -4.20767e-06 -9.68589e-05 -0.000105236 0.00145447
7.7 -4.97406e-07 6.19926e-05 2.92282e-05 -9.19924e-05 0.00073101 0.00155046
7.72 -7.22532e-07 5.40893e-05 5.09336e-05 -8.69186e-05 0.00127387 0.0013528
7.74 -9.8841e-07 3.63192e-05 6.31315e-05 -7.63214e-05 0.00157895 0.000908358
7.76 -1.22022e-06 1.52337e-05 7.0684e-05 -5.27773e-05 0.00176784 0.000381
7.78 -1.33735e-06 -1.6199e-06 7.33603e-05 -1.16465e-05 0.00183477 -4.05144e-05
7.8 -1.28231e-06 -9.21554e-06 6.85861e-05 4.3245e-05 0.00171537 -0.000230484
7.82 -1.05683e-06 -7.10094e-06 5.63422e-05 0.000100401 0.00140914 -0.000177597
7.84 -7.13991e-07 1.03527e-06 3.95731e-05 0.000148108 0.00098974 2.58926e-05
7.86 -3.29897e-07 1.09679e-05 2.26088e-05 0.00017983 0.000565455 0.000274311
7.88 2.14534e-08 1.97567e-05 1.03941e-05 0.000193381 0.000259962 0.000494122
7.9 2.79089e-07 2.4268e-05 6.98184e-06 0.000189008 0.000174619 0.000606953
7.92 4.13109e-07 2.1644e-05 1.34987e-05 0.000169892 0.000337608 0.000541326
7.94 4.3215e-07 1.19773e-05 2.84043e-05 0.00014247 0.000710403 0.000299557
7.96 3.81259e-07 -1.99467e-06 4.6929e-05 0.000114335 0.00117371 -4.98875e-05
7.98 3.20678e-07 -1.79346e-05 5.79217e-05 9.14189e-05 0.00144864 -0.000448552
8 2.96178e-07 -3.47863e-05 4.86071e-05 7.67109e-05 0.00121568 -0.000870021
8.02 3.26665e-07 -5.06794e-05 1.83266e-05 7.00497e-05 0.000458355 -0.00126751
8.04 4.06078e-07 -6.18555e-05 -1.80941e-05 6.8584e-05 -0.00045254 -0.00154703
8.06 5.22824e-07 -6.45717e-05 -4.4841e-05 6.82903e-05 -0.00112149 -0.00161497
8.08 6.76367e-07 -5.75898e-05 -5.83036e-05 6.48099e-05 -0.0014582 -0.00144034
8.1 8.38884e-07 -4.35954e-05 -6.38183e-05 5.28914e-05 -0.00159612 -0.00109034
8.12 9.59838e-07 -2.82556e-05 -6.53703e-05 2.79328e-05 -0.00163494 -0.000706684
8.14 1.00018e-06 -1.61572e-05 -6.24942e-05 -9.49405e-06 -0.00156301 -0.000404099
8.16 9.41729e-07 -8.38294e-06 -5.4049e-05 -5.21152e-05 -0.00135179 -0.000209661
8.18 7.9326e-07 -4.25794e-06 -4.13736e-05 -9.10617e-05 -0.00103477 -0.000106493
8.2 5.73564e-07 -3.26732e-06 -2.83306e-05 -0.000121719 -0.000708559 -8.17171e-05
8.22 3.05753e-07 -5.11673e-06 -1.96968e-05 -0.000143516 -0.000492626 -0.000127971
8.24 1.38047e-08 -9.091e-06 -1.86731e-05 -0.000155932 -0.000467021 -0.00022737
8.26 -2.73415e-07 -1.33472e-05 -2.47135e-05 -0.000157171 -0.000618096 -0.000333818
8.28 -5.20403e-07 -1.47415e-05 -3.39514e-05 -0.000146482 -0.000849138 -0.000368692
8.3 -6.91641e-07 -1.00149e-05 -4.14846e-05 -0.000126268 -0.00103755 -0.000250476
8.32 -7.6628e-07 2.33242e-06 -4.26344e-05 -0.00010181 -0.0010663 5.83348e-05
8.34 -7.48117e-07 2.09837e-05 -3.43466e-05 -7.93985e-05 -0.000859022 0.000524811
8.36 -6.61e-07 4.2231e-05 -1.8497e-05 -6.40722e-05 -0.000462619 0.00105622
8.38 -5.37269e-07 6.16057e-05 -1.82687e-06 -5.79644e-05 -4.56908e-05 0.00154078
8.4 -4.13681e-07 7.56487e-05 1.05723e-05 -6.02093e-05 0.000264418 0.00189201
8.42 -3.49342e-07 8.21377e-05 1.96785e-05 -6.80085e-05 0.000492168 0.0020543
8.44 -3.9337e-07 7.94514e-05 2.8747e-05 -7.69539e-05 0.000718974 0.00198711
8.46 -5.49895e-07 6.70973e-05 3.8186e-05 -8.00716e-05 0.000955048 0.00167813
8.48 -7.87025e-07 4.66013e-05 4.57486e-05 -6.8626e-05 0.00114419 0.00116552
8.5 -1.02395e-06 2.28202e-05 4.91984e-05 -3.76151e-05 0.00123047 0.000570744
8.52 -1.15203e-06 4.09986e-06 4.76681e-05 7.93732e-06 0.0011922 0.000102539
8.54 -1.09535e-06 -2.9832e-06 4.20557e-05 5.43215e-05 0.00105183 -7.4611e-05
8.56 -8.53886e-07 7.64343e-07 3.46261e-05 8.87095e-05 0.000866014 1.91165e-05
8.58 -4.8963e-07 9.51801e-06 2.75061e-05 0.000106496 0.00068794 0.000238049
8.6 -7.97376e-08 1.85739e-05 2.17594e-05 0.000109477 0.000544211 0.000464541
8.62 3.07823e-07 2.57114e-05 1.81892e-05 0.000100738 0.000454919 0.000643053
8.64 6.1418e-07 2.8824e-05 1.80249e-05 8.37583e-05 0.000450811 0.000720899
8.66 7.93681e-07 2.52454e-05 2.14556e-05 6.39706e-05 0.000536613 0.000631398
8.68 8.31141e-07 1.34405e-05 2.50975e-05 4.78569e-05 0.000627698 0.000336153
8.7 7.50356e-07 -5.43874e-06 2.2912e-05 3.99602e-05 0.000573038 -0.000136025
8.72 6.03059e-07 -2.76147e-05 1.21081e-05 4.10648e-05 0.000302829 -0.000690654
8.74 4.48952e-07 -4.82025e-05 -3.38261e-06 4.85994e-05 -8.46004e-05 -0.00120556
8.76 3.40106e-07 -6.30311e-05 -1.75753e-05 5.8531e-05 -0.000439566 -0.00157643
8.78 3.13862e-07 -6.96681e-05 -2.83966e-05 6.72879e-05 -0.000710212 -0.00174243
8.8 3.98463e-07 -6.7154e-05 -3.70292e-05 7.20631e-05 -0.000926115 -0.00167955
8.82 5.94948e-07 -5.5467e-05 -4.41599e-05 6.97101e-05 -0.00110446 -0.00138725
8.84 8.58772e-07 -3.63003e-05 -4.92262e-05 5.64812e-05 -0.00123117 -0.000907887
8.86 1.11178e-06 -1.41984e-05 -5.14463e-05 3.03645e-05 -0.00128669 -0.000355108
8.88 1.25662e-06 3.91056e-06 -5.01311e-05 -5.32148e-06 -0.0012538 9.78047e-05
8.9 1.21898e-06 1.18917e-05 -4.53133e-05 -4.18268e-05 -0.0011333 0.000297417
8.92 9.91769e-07 9.02389e-06 -3.8602e-05 -7.05459e-05 -0.000965452 0.000225691
8.94 6.31288e-07 1.98441e-07 -3.23827e-05 -8.82629e-05 -0.000809905 4.96309e-06
8.96 2.14128e-07 -9.44083e-06 -2.8277e-05 -9.58125e-05 -0.00070722 -0.000236119
8.98 -1.9471e-07 -1.74297e-05 -2.68507e-05 -9.40315e-05 -0.000671548 -0.000435924
9 -5.40546e-07 -2.17651e-05 -2.73994e-05 -8.40288e-05 -0.00068527 -0.000544354
9.02 -7.8017e-07 -1.97923e-05 -2.68609e-05 -7.00178e-05 -0.000671803 -0.000495014
9.04 -8.92075e-07 -1.03468e-05 -2.11991e-05 -5.85843e-05 -0.000530199 -0.000258777
9.06 -8.79591e-07 5.09839e-06 -1.04482e-05 -5.44286e-05 -0.000261315 0.000127513
9.08 -7.69958e-07 2.35981e-05 -1.06289e-07 -5.76012e-05 -2.65832e-06 0.000590198
9.1 -6.1532e-07 4.17718e-05 5.49225e-06 -6.4729e-05 0.000137363 0.00104473
9.12 -4.87876e-07 5.59541e-05 8.97534e-06 -7.20376e-05 0.000224477 0.00139943
9.14 -4.59097e-07 6.25342e-05 1.64217e-05 -7.67853e-05 0.000410713 0.00156401
9.16 -5.65768e-07 5.91316e-05 2.97986e-05 -7.64208e-05 0.000745275 0.00147891
9.18 -7.82144e-07 4.61724e-05 4.47207e-05 -6.74566e-05 0.00111848 0.00115479
9.2 -1.03085e-06 2.75083e-05 5.42041e-05 -4.6186e-05 0.00135567 0.000687994
9.22 -1.21519e-06 9.60045e-06 5.37504e-05 -1.20088e-05 0.00134432 0.000240111
9.24 -1.26168e-06 -9.39261e-07 4.46263e-05 2.89891e-05 0.00111612 -2.34913e-05
9.26 -1.15967e-06 -1.61694e-06 3.3178e-05 6.54347e-05 0.000829796 -4.04404e-05
9.28 -9.58351e-07 3.68865e-06 2.57343e-05 8.79853e-05 0.000643626 9.22546e-05
9.3 -7.20435e-07 8.69902e-06 2.37097e-05 9.52775e-05 0.000592989 0.000217566
9.32 -4.74608e-07 1.11389e-05 2.44264e-05 9.24986e-05 0.000610915 0.000278587
9.34 -2.15992e-07 1.37347e-05 2.59746e-05 8.59163e-05 0.000649636 0.00034351
9.36 4.91513e-08 1.88317e-05 2.93087e-05 7.97158e-05 0.000733023 0.00047099
9.38 2.78508e-07 2.34377e-05 3.46261e-05 7.60905e-05 0.000866012 0.000586188
9.4 4.17865e-07 2.08344e-05 3.70142e-05 7.5873e-05 0.00092574 0.000521077
9.42 4.46367e-07 7.39467e-06 2.94704e-05 7.86621e-05 0.000737067 0.000184944
9.44 3.98935e-07 -1.28754e-05 1.16094e-05 8.29258e-05 0.000290355 -0.000322018
9.46 3.40676e-07 -3.12744e-05 -8.32218e-06 8.63838e-05 -0.000208141 -0.000782187
9.48 3.23613e-07 -4.14822e-05 -2.2098e-05 8.69035e-05 -0.000552681 -0.00103749
9.5 3.64712e-07 -4.30968e-05 -2.9002e-05 8.32763e-05 -0.000725352 -0.00107787
9.52 4.59491e-07 -3.89169e-05 -3.31572e-05 7.4937e-05 -0.000829276 -0.000973328
9.54 5.94272e-07 -3.08235e-05 -3.70382e-05 6.12989e-05 -0.00092634 -0.000770909
9.56 7.46194e-07 -1.92147e-05 -4.0026e-05 4.17421e-05 -0.00100107 -0.000480567
9.58 8.79868e-07 -5.33705e-06 -4.10014e-05 1.61736e-05 -0.00102546 -0.000133482
9.6 9.43393e-07 6.94772e-06 -3.99981e-05 -1.39892e-05 -0.00100037 0.000173765
9.62 8.88493e-07 1.2848e-05 -3.79809e-05 -4.50596e-05 -0.000949918 0.000321333
9.64 7.02407e-07 1.0677e-05 -3.61262e-05 -7.20976e-05 -0.000903531 0.000267037
9.66 4.17493e-07 3.1088e-06 -3.51261e-05 -9.1278e-05 -0.000878518 7.77523e-05
9.68 9.15992e-08 -5.80405e-06 -3.47881e-05 -0.000101053 -0.000870066 -0.000145162
9.7 -2.15319e-07 -1.3226e-05 -3.44267e-05 -0.000101608 -0.000861027 -0.000330787
9.72 -4.4959e-07 -1.7011e-05 -3.37635e-05 -9.45125e-05 -0.00084444 -0.000425453
9.74 -5.71751e-07 -1.48387e-05 -3.28592e-05 -8.2983e-05 -0.000821821 -0.000371121
9.76 -5.72049e-07 -5.53377e-06 -3.08354e-05 -7.13085e-05 -0.000771207 -0.000138402
9.78 -4.80501e-07 9.06566e-06 -2.60395e-05 -6.31189e-05 -0.000651258 0.000226736
9.8 -3.57425e-07 2.43145e-05 -1.83635e-05 -5.9697e-05 -0.000459278 0.000608116
9.82 -2.68085e-07 3.51215e-05 -9.57545e-06 -5.94978e-05 -0.000239486 0.000878404
9.84 -2.57872e-07 3.84728e-05 -2.69509e-07 -5.9036e-05 -6.74053e-06 0.00096222
9.86 -3.35284e-07 3.44176e-05 1.12031e-05 -5.41779e-05 0.000280195 0.000860799
9.88 -4.702e-07 2.54541e-05 2.51234e-05 -4.11254e-05 0.000628347 0.000636617
9.9 -6.0872e-07 1.50652e-05 3.75804e-05 -1.78828e-05 0.000939901 0.000376788
9.92 -7.00753e-07 5.88315e-06 4.32731e-05 1.36857e-05 0.00108228 0.00014714
9.94 -7.22651e-07 -1.40017e-06 4.06311e-05 4.772e-05 0.0010162 -3.50187e-05
9.96 -6.74125e-07 -6.93667e-06 3.31363e-05 7.75283e-05 0.000828752 -0.000173489
9.98 -5.61097e-07 -9.79665e-06 2.60133e-05 9.90726e-05 0.000650604 -0.000245018
10 -3.90665e-07 -8.37956e-06 2.23385e-05 0.000111564 0.000558695 -0.000209576
10.02 -1.82377e-07 -2.91186e-06 2.18382e-05 0.000116028 0.000546182 -7.28268e-05
10.04 2.62178e-08 3.55228e-06 2.23637e-05 0.000114265 0.000559325 8.88441e-05
10.06 1.92152e-07 7.12036e-06 2.24345e-05 0.000108605 0.000561096 0.000178083
10.08 2.86918e-07 5.81422e-06 2.30095e-05 0.000101634 0.000575476 0.000145416
10.1 3.1058e-07 5.06329e-07 2.62387e-05 9.54922e-05 0.000656242 1.26635e-05
10.12 2.89315e-07 -6.37453e-06 3.10732e-05 9.10505e-05 0.000777154 -0.00015943
10.14 2.56978e-07 -1.28776e-05 3.13615e-05 8.766e-05 0.000784364 -0.000322073
10.16 2.34797e-07 -1.84205e-05 2.14548e-05 8.36766e-05 0.000536593 -0.000460704
10.18 2.23926e-07 -2.30185e-05 3.25371e-06 7.71405e-05 8.13768e-05 -0.000575702
10.2 2.19386e-07 -2.59885e-05 -1.52488e-05 6.62889e-05 -0.000381379 -0.000649984
10.22 2.21646e-07 -2.58685e-05 -2.77225e-05 5.01979e-05 -0.000693352 -0.000646981
10.24 2.36381e-07 -2.17213e-05 -3.33603e-05 2.94828e-05 -0.000834354 -0.000543259
10.26 2.6677e-07 -1.39857e-05 -3.45943e-05 6.20748e-06 -0.000865217 -0.000349789
10.28 3.04288e-07 -4.40847e-06 -3.41417e-05 -1.73243e-05 -0.000853898 -0.000110258
10.3 3.29256e-07 4.38177e-06 -3.38908e-05 -3.9649e-05 -0.000847624 0.00010959
10.32 3.20058e-07 1.0152e-05 -3.43371e-05 -5.98878e-05 -0.000858785 0.000253907
10.34 2.65155e-07 1.23293e-05 -3.46425e-05 -7.69258e-05 -0.000866425 0.00030836
10.36 1.66983e-07 1.16313e-05 -3.40762e-05 -8.94266e-05 -0.00085226 0.000290903
10.38 3.8918e-08 9.04353e-06 -3.34045e-05 -9.65272e-05 -0.000835459 0.000226182
10.4 -9.95079e-08 5.69712e-06 -3.42664e-05 -9.82183e-05 -0.000857016 0.000142487
10.42 -2.28684e-07 3.00757e-06 -3.71688e-05 -9.51845e-05 -0.000929608 7.52206e-05
10.44 -3.34466e-07 2.23759e-06 -4.04499e-05 -8.85462e-05 -0.00101167 5.59632e-05
10.46 -4.09892e-07 4.06075e-06 -4.08834e-05 -7.97745e-05 -0.00102251 0.000101561
10.48 -4.54171e-07 8.4525e-06 -3.52387e-05 -7.05355e-05 -0.000881334 0.000211401
10.5 -4.7075e-07 1.45048e-05 -2.29037e-05 -6.21733e-05 -0.000572831 0.000362771
10.52 -4.66651e-07 2.03785e-05 -7.69911e-06 -5.49351e-05 -0.000192558 0.000509674
10.54 -4.52078e-07 2.40582e-05 5.10477e-06 -4.74537e-05 0.000127672 0.000601706
10.56 -4.37176e-07 2.46531e-05 1.40358e-05 -3.72764e-05 0.000351041 0.000616586
10.58 -4.29086e-07 2.27377e-05 2.12419e-05 -2.25551e-05 0.00053127 0.000568679
10.6 -4.32644e-07 1.90784e-05 2.76852e-05 -3.45916e-06 0.000692418 0.000477158
10.62 -4.52099e-07 1.35535e-05 3.18596e-05 1.82208e-05 0.000796821 0.000338979
10.64 -4.86614e-07 5.94928e-06 3.31075e-05 4.06261e-05 0.000828032 0.000148794
10.66 -5.21034e-07 -2.57399e-06 3.31302e-05 6.25836e-05 0.000828601 -6.43767e-05
10.68 -5.25115e-07 -9.46418e-06 3.37062e-05 8.30919e-05 0.000843005 -0.000236703
10.7 -4.67296e-07 -1.22421e-05 3.47196e-05 0.000100726 0.000868353 -0.000306181
10.72 -3.35049e-07 -1.00911e-05 3.47842e-05 0.00011374 0.000869968 -0.000252383
10.74 -1.46384e-07 -4.60546e-06 3.27555e-05 0.000120606 0.000819228 -0.000115185
10.76 5.63964e-08 8.42708e-07 2.87632e-05 0.000120606 0.00071938 2.10765e-05
10.78 2.25423e-07 3.04159e-06 2.44846e-05 0.000114459 0.000612371 7.60714e-05
10.8 3.33325e-07 8.91322e-07 2.14567e-05 0.000104345 0.000536641 2.22923e-05
10.82 3.83789e-07 -4.31627e-06 1.83867e-05 9.28304e-05 0.00045986 -0.000107952
10.84 3.97137e-07 -1.04677e-05 1.1995e-05 8.18116e-05 0.0003 -0.000261801
10.86 3.91876e-07 -1.62732e-05 1.2597e-06 7.22204e-05 3.15057e-05 -0.000406999
10.88 3.792e-07 -2.13033e-05 -1.13269e-05 6.38755e-05 -0.000283291 -0.000532804
10.9 3.7148e-07 -2.48338e-05 -2.29734e-05 5.54045e-05 -0.000574575 -0.000621103
10.92 3.86211e-07 -2.53203e-05 -3.27701e-05 4.47241e-05 -0.000819595 -0.000633272
10.94 4.35242e-07 -2.12963e-05 -4.06205e-05 3.00601e-05 -0.00101593 -0.000532628
10.96 5.09586e-07 -1.28988e-05 -4.62686e-05 1.07266e-05 -0.0011572 -0.000322605
10.98 5.75169e-07 -2.7113e-06 -4.96487e-05 -1.29519e-05 -0.00124173 -6.78108e-05
11 5.86333e-07 5.16641e-06 -5.06401e-05 -3.99178e-05 -0.00126653 0.000129214
11.02 5.13475e-07 7.74379e-06 -4.8567e-05 -6.79789e-05 -0.00121468 0.000193676
11.04 3.64843e-07 5.34033e-06 -4.33055e-05 -9.34871e-05 -0.00108309 0.000133564
11.06 1.82191e-07 1.02929e-06 -3.67783e-05 -0.000112376 -0.000919842 2.57429e-05
11.08 1.29541e-08 -1.99668e-06 -3.22059e-05 -0.000121985 -0.000805483 -4.99378e-05
11.1 -1.16185e-07 -2.32857e-06 -3.18425e-05 -0.000122033 -0.000796394 -5.82385e-05
11.12 -2.0603e-07 -2.83991e-07 -3.56492e-05 -0.000114314 -0.000891601 -7.10274e-06
11.14 -2.76218e-07 3.09006e-06 -4.06931e-05 -0.000101815 -0.00101775 7.72837e-05
11.16 -3.49577e-07 6.87724e-06 -4.10291e-05 -8.77561e-05 -0.00102616 0.000172003
11.18 -4.36036e-07 1.07266e-05 -3.13136e-05 -7.47035e-05 -0.000783166 0.000268276
11.2 -5.26414e-07 1.4748e-05 -1.2956e-05 -6.39228e-05 -0.000324035 0.000368855
11.22 -6.03338e-07 1.88961e-05 6.33825e-06 -5.51575e-05 0.000158522 0.0004726
11.24 -6.59717e-07 2.2354e-05 2.09223e-05 -4.68578e-05 0.000523275 0.000559083
11.26 -7.01839e-07 2.381e-05 3.15116e-05 -3.66838e-05 0.000788117 0.000595499
11.28 -7.35008e-07 2.26009e-05 4.02398e-05 -2.22904e-05 0.00100641 0.000565259
11.3 -7.54407e-07 1.92525e-05 4.60892e-05 -2.43593e-06 0.00115271 0.000481513
11.32 -7.50405e-07 1.49028e-05 4.70998e-05 2.23911e-05 0.00117798 0.000372725
11.34 -7.16281e-07 1.08117e-05 4.36046e-05 5.05101e-05 0.00109057 0.000270406
11.36 -6.51567e-07 8.16826e-06 3.74701e-05 7.96973e-05 0.000937142 0.000204292
11.38 -5.64978e-07 7.31912e-06 3.04564e-05 0.000106928 0.000761728 0.000183054
11.4 -4.74387e-07 7.11242e-06 2.46136e-05 0.000128381 0.000615596 0.000177885
11.42 -3.95084e-07 5.86709e-06 2.23673e-05 0.000140893 0.000559415 0.000146738
11.44 -3.233e-07 3.2624e-06 2.47787e-05 0.0001436 0.000619725 8.15939e-05
11.46 -2.35817e-07 7.83832e-07 3.05359e-05 0.000138 0.000763715 1.9604e-05
11.48 -1.11436e-07 5.86434e-08 3.65651e-05 0.00012678 0.000914509 1.46669e-06
11.5 5.08003e-08 1.02576e-06 3.82321e-05 0.000112775 0.000956202 2.56546e-05
11.52 2.26641e-07 1.81483e-06 3.07703e-05 9.83466e-05 0.000769577 4.53898e-05
11.54 3.75477e-07 6.60862e-08 1.40836e-05 8.50059e-05 0.000352237 1.65284e-06
11.56 4.64024e-07 -5.49464e-06 -5.49915e-06 7.32412e-05 -0.000137536 -0.000137423
11.58 4.91054e-07 -1.37906e-05 -2.16975e-05 6.26242e-05 -0.000542663 -0.000344909
11.6 4.89937e-07 -2.13578e-05 -3.42423e-05 5.20928e-05 -0.000856414 -0.000534167
11.62 4.99191e-07 -2.46316e-05 -4.54687e-05 4.00434e-05 -0.00113719 -0.000616045
11.64 5.3127e-07 -2.29667e-05 -5.42866e-05 2.45274e-05 -0.00135773 -0.000574406
11.66 5.72099e-07 -1.88592e-05 -5.75328e-05 4.10932e-06 -0.00143892 -0.000471678
11.68 6.06217e-07 -1.48734e-05 -5.52071e-05 -2.11494e-05 -0.00138075 -0.000371991
11.7 6.30945e-07 -1.11564e-05 -5.06674e-05 -4.95109e-05 -0.00126721 -0.000279026
11.72 6.43612e-07 -6.60928e-06 -4.65202e-05 -7.81222e-05 -0.00116349 -0.000165301
11.74 6.25557e-07 -1.67722e-06 -4.29945e-05 -0.00010376 -0.00107531 -4.1948e-05
11.76 5.48928e-07 1.26133e-06 -3.98288e-05 -0.000123537 -0.000996135 3.15465e-05
11.78 4.01181e-07 3.52853e-07 -3.74968e-05 -0.000135441 -0.00093781 8.825e-06
11.8 2.00492e-07 -3.54176e-06 -3.6656e-05 -0.000138512 -0.000916781 -8.85808e-05
11.82 -9.3942e-09 -7.21988e-06 -3.81375e-05 -0.000132835 -0.000953835 -0.000180572
11.84 -1.82915e-07 -7.37226e-06 -4.25599e-05 -0.000119696 -0.00106444 -0.000184383
11.86 -3.02042e-07 -2.66617e-06 -4.70962e-05 -0.000101806 -0.0011779 -6.6682e-05
11.88 -3.80898e-07 5.73186e-06 -4.43164e-05 -8.3143e-05 -0.00110837 0.000143356
11.9 -4.44301e-07 1.53034e-05 -2.91281e-05 -6.77366e-05 -0.000728505 0.000382744
11.92 -5.05965e-07 2.38004e-05 -5.86925e-06 -5.75446e-05 -0.000146792 0.000595257
11.94 -5.67393e-07 2.9916e-05 1.57956e-05 -5.13721e-05 0.000395055 0.000748213
11.96 -6.31393e-07 3.28878e-05 3.04211e-05 -4.60449e-05 0.000760843 0.000822538
11.98 -7.05553e-07 3.21852e-05 3.89454e-05 -3.80981e-05 0.00097404 0.000804965
12 -7.92847e-07 2.79824e-05 4.39973e-05 -2.45328e-05 0.00110039 0.000699851
12.02 -8.81705e-07 2.16806e-05 4.6853e-05 -3.56726e-06 0.00117181 0.00054224
12.04 -9.47134e-07 1.54666e-05 4.7624e-05 2.43382e-05 0.00119109 0.000386826
12.06 -9.6214e-07 1.12959e-05 4.5601e-05 5.64676e-05 0.0011405 0.000282515
12.08 -9.11633e-07 1.02225e-05 3.99541e-05 8.88435e-05 0.000999269 0.000255669
12.1 -8.02969e-07 1.1979e-05 3.16711e-05 0.000117067 0.000792107 0.0002996
12.12 -6.64628e-07 1.4824e-05 2.42584e-05 0.000137107 0.000606712 0.000370755
12.14 -5.29434e-07 1.64843e-05 2.12995e-05 0.000146637 0.000532709 0.000412278
12.16 -4.14167e-07 1.58108e-05 2.34907e-05 0.000146044 0.000587513 0.000395435
12.18 -3.11107e-07 1.32613e-05 2.88093e-05 0.000137676 0.000720533 0.000331671
12.2 -2.11852e-07 9.63427e-06 3.52556e-05 0.000124343 0.000881756 0.000240957
12.22 -1.15546e-07 4.86595e-06 4.10203e-05 0.000108961 0.00102593 0.000121699
12.24 -2.00923e-08 -1.60162e-06 4.15113e-05 9.45113e-05 0.00103822 -4.00572e-05
12.26 7.70809e-08 -9.72814e-06 3.11298e-05 8.34618e-05 0.000778568 -0.000243305
12.28 1.79164e-07 -1.83807e-05 1.04752e-05 7.70193e-05 0.00026199 -0.00045971
12.3 2.88242e-07 -2.55289e-05 -1.23955e-05 7.44572e-05 -0.000310018 -0.000638488
12.32 4.10385e-07 -2.89582e-05 -3.03525e-05 7.34299e-05 -0.000759128 -0.000724256
12.34 5.51064e-07 -2.75381e-05 -4.33903e-05 7.103e-05 -0.00108521 -0.000688739
12.36 7.00374e-07 -2.22108e-05 -5.46169e-05 6.40396e-05 -0.00136599 -0.000555501
12.38 8.29158e-07 -1.54847e-05 -6.3864e-05 4.91119e-05 -0.00159727 -0.000387278
12.4 9.02589e-07 -9.91875e-06 -6.79482e-05 2.45313e-05 -0.00169941 -0.000248072
12.42 8.98205e-07 -7.00319e-06 -6.49045e-05 -7.90882e-06 -0.00162329 -0.000175153
12.44 8.16692e-07 -6.91941e-06 -5.58478e-05 -4.33245e-05 -0.00139678 -0.000173057
12.46 6.79526e-07 -8.8671e-06 -4.41323e-05 -7.58896e-05 -0.00110377 -0.00022177
12.48 5.19209e-07 -1.15173e-05 -3.40439e-05 -0.000100738 -0.000851453 -0.000288052
12.5 3.66056e-07 -1.3516e-05 -2.90224e-05 -0.000115073 -0.000725862 -0.00033804
12.52 2.37778e-07 -1.40514e-05 -2.96441e-05 -0.000118685 -0.000741411 -0.000351432
12.54 1.36551e-07 -1.30237e-05 -3.36601e-05 -0.000113544 -0.000841852 -0.000325728
12.56 6.07631e-08 -1.05326e-05 -3.90499e-05 -0.000102651 -0.000976653 -0.000263424
12.58 1.34676e-08 -6.38451e-06 -4.61567e-05 -8.90829e-05 -0.0011544 -0.000159679
12.6 -1.06403e-08 -3.87828e-07 -5.40104e-05 -7.55522e-05 -0.00135082 -9.69975e-06
12.62 -3.23147e-08 6.98501e-06 -5.56095e-05 -6.42455e-05 -0.00139082 0.000174698
12.64 -7.70592e-08 1.44154e-05 -4.30726e-05 -5.66541e-05 -0.00107726 0.000360536
12.66 -1.58918e-07 2.01317e-05 -1.84317e-05 -5.28063e-05 -0.000460984 0.000503501
12.68 -2.74864e-07 2.26664e-05 7.09062e-06 -5.06787e-05 0.000177339 0.000566897
12.7 -4.13935e-07 2.15922e-05 2.53135e-05 -4.71566e-05 0.000633101 0.000540029
12.72 -5.63868e-07 1.76479e-05 3.65561e-05 -3.96303e-05 0.000914284 0.000441381
12.74 -7.09003e-07 1.23521e-05 4.33767e-05 -2.66287e-05 0.00108487 0.000308932
12.76 -8.29648e-07 7.57166e-06 4.58388e-05 -7.87591e-06 0.00114645 0.00018937
12.78 -9.09003e-07 4.95186e-06 4.39381e-05 1.55008e-05 0.00109891 0.000123848
12.8 -9.39682e-07 5.06793e-06 3.97014e-05 4.11455e-05 0.000992949 0.000126751
12.82 -9.22361e-07 7.07928e-06 3.54543e-05 6.62473e-05 0.000886726 0.000177056
12.84 -8.58064e-07 9.76073e-06 3.22839e-05 8.81884e-05 0.000807435 0.00024412
12.86 -7.44652e-07 1.28905e-05 3.04113e-05 0.000104807 0.000760599 0.000322396
12.88 -5.84511e-07 1.69127e-05 2.96328e-05 0.000114593 0.000741129 0.000422993
12.9 -3.90955e-07 2.1143e-05 2.95789e-05 0.000116595 0.00073978 0.000528795
12.92 -2.02592e-07 2.31002e-05 3.06643e-05 0.000110624 0.000766927 0.000577745
12.94 -6.05983e-08 2.01785e-05 3.3101e-05 9.83115e-05 0.000827869 0.000504673
12.96 2.52322e-08 1.19797e-05 3.33561e-05 8.30767e-05 0.000834251 0.000299618
12.98 7.29554e-08 8.02388e-07 2.54215e-05 6.87599e-05 0.000635802 2.00681e-05
13 1.10175e-07 -1.00975e-05 8.05251e-06 5.82958e-05 0.000201397 -0.000252543
13.02 1.54655e-07 -1.84421e-05 -1.27547e-05 5.24243e-05 -0.000319 -0.000461246
13.04 2.17649e-07 -2.31802e-05 -3.02125e-05 4.94598e-05 -0.000755627 -0.000579747
13.06 3.11136e-07 -2.35053e-05 -4.2461e-05 4.6632e-05 -0.00106197 -0.000587876
13.08 4.42584e-07 -1.87458e-05 -5.07672e-05 4.08864e-05 -0.00126971 -0.000468841
13.1 5.98806e-07 -9.88961e-06 -5.57407e-05 2.87965e-05 -0.0013941 -0.000247343
13.12 7.40956e-07 -5.81787e-07 -5.7237e-05 7.78704e-06 -0.00143152 -1.45507e-05
13.14 8.22853e-07 4.7698e-06 -5.55591e-05 -2.16249e-05 -0.00138956 0.000119295
13.16 8.18708e-07 4.31768e-06 -5.11882e-05 -5.53323e-05 -0.00128024 0.000107987
13.18 7.34182e-07 -4.06219e-07 -4.47556e-05 -8.74807e-05 -0.00111936 -1.01597e-05
13.2 5.94868e-07 -6.85504e-06 -3.79942e-05 -0.000112757 -0.00095025 -0.000171447
13.22 4.30368e-07 -1.3555e-05 -3.34434e-05 -0.000127775 -0.000836434 -0.000339016
13.24 2.69101e-07 -1.96911e-05 -3.2693e-05 -0.000131534 -0.000817667 -0.000492482
13.26 1.36064e-07 -2.38507e-05 -3.57732e-05 -0.000125103 -0.000894702 -0.000596516
13.28 5.32434e-08 -2.40624e-05 -4.22979e-05 -0.000110923 -0.00105789 -0.00060181
13.3 2.97451e-08 -1.89322e-05 -5.09682e-05 -9.23276e-05 -0.00127474 -0.000473503
13.32 4.45609e-08 -8.66634e-06 -5.6472e-05 -7.32389e-05 -0.00141239 -0.000216749
13.34 5.37616e-08 4.66739e-06 -5.08268e-05 -5.75222e-05 -0.0012712 0.000116733
13.36 1.18773e-08 1.76485e-05 -3.17774e-05 -4.7662e-05 -0.000794766 0.000441397
13.38 -1.1013e-07 2.65964e-05 -6.35358e-06 -4.34589e-05 -0.000158906 0.000665187
13.4 -3.1632e-07 2.90711e-05 1.70557e-05 -4.2325e-05 0.000426569 0.00072708
13.42 -5.83463e-07 2.51874e-05 3.60031e-05 -4.08339e-05 0.000900453 0.000629948
13.44 -8.62158e-07 1.77836e-05 5.117e-05 -3.5494e-05 0.00127978 0.000444774
13.46 -1.09085e-06 1.10492e-05 6.12223e-05 -2.2953e-05 0.0015312 0.000276345
13.48 -1.22216e-06 8.2058e-06 6.37734e-05 -1.41484e-06 0.001595 0.00020523
13.5 -1.24381e-06 9.63875e-06 5.87255e-05 2.76111e-05 0.00146875 0.000241069
13.52 -1.17574e-06 1.31403e-05 4.84546e-05 5.97319e-05 0.00121187 0.000328645
13.54 -1.04747e-06 1.64122e-05 3.62797e-05 9.00349e-05 0.00090737 0.000410476
13.56 -8.79436e-07 1.92953e-05 2.57262e-05 0.000114829 0.000643422 0.000482583
13.58 -6.85095e-07 2.30307e-05 1.97027e-05 0.000131685 0.000492773 0.000576007
13.6 -4.833e-07 2.74002e-05 1.89844e-05 0.000138857 0.000474807 0.000685292
13.62 -3.04757e-07 2.94316e-05 2.23561e-05 0.000135387 0.000559135 0.000736097
13.64 -1.81497e-07 2.55504e-05 2.87085e-05 0.000122258 0.000718012 0.000639025
13.66 -1.13557e-07 1.5038e-05 3.59363e-05 0.000103086 0.000898783 0.000376107
13.68 -6.02301e-08 1.14183e-06 3.77176e-05 8.30081e-05 0.000943332 2.85577e-05
13.7 2.84451e-08 -1.13725e-05 2.72074e-05 6.69097e-05 0.000680469 -0.000284432
13.72 1.74175e-07 -1.97249e-05 4.96478e-06 5.76299e-05 0.000124171 -0.000493327
13.74 3.58758e-07 -2.43471e-05 -2.13871e-05 5.45427e-05 -0.000534899 -0.000608932
13.76 5.47413e-07 -2.71015e-05 -4.46843e-05 5.41827e-05 -0.00111757 -0.00067782
13.78 7.16035e-07 -2.86933e-05 -6.12485e-05 5.25318e-05 -0.00153185 -0.000717631
13.8 8.58951e-07 -2.81505e-05 -6.87558e-05 4.64231e-05 -0.00171961 -0.000704055
13.82 9.77209e-07 -2.49127e-05 -6.66456e-05 3.35618e-05 -0.00166683 -0.000623077
13.84 1.0661e-06 -2.07626e-05 -5.83044e-05 1.28753e-05 -0.00145822 -0.000519282
13.86 1.11479e-06 -1.88066e-05 -4.91947e-05 -1.44319e-05 -0.00123038 -0.00047036
13.88 1.11616e-06 -2.05648e-05 -4.25309e-05 -4.46471e-05 -0.00106372 -0.000514333
13.9 1.07376e-06 -2.47893e-05 -3.82364e-05 -7.29518e-05 -0.000956309 -0.00061999
13.92 9.97868e-07 -2.9191e-05 -3.54146e-05 -9.52705e-05 -0.000885733 -0.000730079
13.94 8.98927e-07 -3.24761e-05 -3.4307e-05 -0.000109108 -0.000858032 -0.000812241
13.96 7.87211e-07 -3.42747e-05 -3.60505e-05 -0.000113535 -0.000901637 -0.000857225
13.98 6.71948e-07 -3.37771e-05 -4.18139e-05 -0.000109123 -0.00104578 -0.00084478
14 5.56409e-07 -2.95097e-05 -5.18322e-05 -9.774e-05 -0.00129635 -0.000738051
14.02 4.34701e-07 -2.08666e-05 -6.26327e-05 -8.2432e-05 -0.00156647 -0.000521883
14.04 2.82999e-07 -9.49528e-06 -6.49516e-05 -6.75457e-05 -0.00162447 -0.000237481
14.06 7.99462e-08 1.36483e-06 -4.96342e-05 -5.76759e-05 -0.00124137 3.41349e-05
14.08 -1.57614e-07 9.3374e-06 -1.89829e-05 -5.50246e-05 -0.000474771 0.000233532
14.1 -3.75493e-07 1.49368e-05 1.21646e-05 -5.7513e-05 0.000304242 0.000373575
14.12 -5.21228e-07 2.08888e-05 3.03177e-05 -6.03138e-05 0.000758257 0.000522438
14.14 -5.93752e-07 2.86908e-05 3.47859e-05 -5.97919e-05 0.00087001 0.000717569
14.16 -6.51714e-07 3.57773e-05 3.38306e-05 -5.54093e-05 0.000846117 0.000894804
14.18 -7.66631e-07 3.73176e-05 3.4649e-05 -4.79362e-05 0.000866586 0.000933328
14.2 -9.61738e-07 3.15038e-05 3.93169e-05 -3.71595e-05 0.000983333 0.000787922
14.22 -1.18808e-06 2.23431e-05 4.59718e-05 -2.1758e-05 0.00114977 0.000558811
14.24 -1.35727e-06 1.65574e-05 5.07169e-05 -7.85186e-07 0.00126845 0.000414107
14.26 -1.40398e-06 1.75998e-05 5.02139e-05 2.45132e-05 0.00125587 0.000440178
14.28 -1.32203e-06 2.29071e-05 4.45057e-05 4.96824e-05 0.00111311 0.000572917
14.3 -1.14584e-06 2.73671e-05 3.68728e-05 6.83925e-05 0.000922205 0.000684463
14.32 -9.05855e-07 2.89967e-05 3.03723e-05 7.60067e-05 0.000759625 0.000725219
14.34 -6.20679e-07 2.98885e-05 2.57469e-05 7.25593e-05 0.000643941 0.000747525
14.36 -3.29745e-07 3.13882e-05 2.34305e-05 6.24171e-05 0.000586008 0.000785031
14.38 -9.71301e-08 3.03004e-05 2.51947e-05 5.08224e-05 0.000630131 0.000757825
14.4 2.6675e-08 2.16381e-05 3.11454e-05 4.10346e-05 0.000778959 0.000541179
14.42 4.90775e-08 4.51194e-06 3.58085e-05 3.49841e-05 0.000895584 0.000112845
14.44 3.9637e-08 -1.60622e-05 3.08777e-05 3.46827e-05 0.000772263 -0.000401723
14.46 8.17116e-08 -3.2948e-05 1.3861e-05 4.07902e-05 0.000346668 -0.000824043
14.48 2.23619e-07 -4.15478e-05 -8.86644e-06 5.03394e-05 -0.000221753 -0.00103913
14.5 4.62575e-07 -4.14542e-05 -2.94997e-05 5.76374e-05 -0.000737799 -0.00103679
14.52 7.55854e-07 -3.54893e-05 -4.56706e-05 5.79774e-05 -0.00114224 -0.000887602
14.54 1.03886e-06 -2.78775e-05 -5.80261e-05 5.03012e-05 -0.00145126 -0.000697228
14.56 1.24737e-06 -2.22041e-05 -6.53824e-05 3.66502e-05 -0.00163524 -0.000555334
14.58 1.34127e-06 -1.97965e-05 -6.54666e-05 1.95946e-05 -0.00163735 -0.000495119
14.6 1.31291e-06 -1.98233e-05 -5.81197e-05 3.34467e-07 -0.0014536 -0.00049579
14.62 1.17546e-06 -2.11677e-05 -4.57841e-05 -2.05542e-05 -0.00114508 -0.000529414
14.64 9.52321e-07 -2.39661e-05 -3.23066e-05 -4.08207e-05 -0.000808001 -0.000599401
14.66 6.79568e-07 -2.87288e-05 -2.21877e-05 -5.64239e-05 -0.000554923 -0.000718518
14.68 4.11961e-07 -3.37249e-05 -1.93164e-05 -6.45459e-05 -0.000483111 -0.000843474
14.7 2.07987e-07 -3.43131e-05 -2.49681e-05 -6.57308e-05 -0.000624462 -0.000858185
14.72 9.29467e-08 -2.65476e-05 -3.69508e-05 -6.25007e-05 -0.000924155 -0.000663966
14.74 3.1068e-08 -1.16472e-05 -4.91567e-05 -5.70291e-05 -0.00122943 -0.000291301
14.76 -5.38189e-08 4.46075e-06 -5.13894e-05 -5.0924e-05 -0.00128527 0.000111565
14.78 -2.14808e-07 1.66009e-05 -3.54737e-05 -4.61509e-05 -0.000887212 0.000415195
14.8 -4.38489e-07 2.42638e-05 -5.80366e-06 -4.44143e-05 -0.000145152 0.000606847
14.82 -6.66547e-07 2.966e-05 2.16654e-05 -4.55421e-05 0.00054186 0.00074181
14.84 -8.54339e-07 3.36098e-05 3.5241e-05 -4.77145e-05 0.000881391 0.000840594
14.86 -9.969e-07 3.49251e-05 3.76872e-05 -4.93408e-05 0.000942572 0.000873491
14.88 -1.10524e-06 3.29176e-05 3.83683e-05 -4.96002e-05 0.000959608 0.000823282
14.9 -1.17759e-06 2.88265e-05 4.10468e-05 -4.69947e-05 0.0010266 0.000720962
14.92 -1.19532e-06 2.49974e-05 4.24974e-05 -3.84711e-05 0.00106288 0.000625194
14.94 -1.1447e-06 2.32352e-05 3.89066e-05 -2.10884e-05 0.000973069 0.000581121
14.96 -1.03871e-06 2.31704e-05 3.05826e-05 4.91007e-06 0.000764883 0.000579502
14.98 -9.09717e-07 2.23137e-05 2.21448e-05 3.48105e-05 0.000553851 0.000558074
15 -7.79019e-07 1.89044e-05 1.92716e-05 6.16999e-05 0.00048199 0.000472807
15.02 -6.34046e-07 1.45637e-05 2.39657e-05 8.02685e-05 0.000599392 0.000364245
15.04 -4.44897e-07 1.26674e-05 3.2512e-05 8.8529e-05 0.00081314 0.000316818
15.06 -2.06228e-07 1.3686e-05 3.8446e-05 8.68293e-05 0.000961549 0.000342293
15.08 4.25904e-08 1.34592e-05 3.71585e-05 7.68804e-05 0.000929349 0.000336619
15.1 2.49556e-07 7.01296e-06 2.76814e-05 6.21587e-05 0.000692324 0.000175397
15.12 3.95161e-07 -6.31739e-06 1.19207e-05 4.78897e-05 0.000298141 -0.000158001
15.14 5.01212e-07 -2.19103e-05 -6.17593e-06 3.92034e-05 -0.000154463 -0.000547985
15.16 6.03134e-07 -3.36702e-05 -2.19793e-05 3.85554e-05 -0.000549711 -0.000842106
15.18 7.15483e-07 -3.87907e-05 -3.25088e-05 4.45527e-05 -0.000813058 -0.000970171
15.2 8.24338e-07 -3.91159e-05 -3.77093e-05 5.3078e-05 -0.000943126 -0.000978305
15.22 9.08573e-07 -3.80898e-05 -3.98405e-05 5.94948e-05 -0.000996427 -0.000952641
15.24 9.66921e-07 -3.67807e-05 -4.17309e-05 5.99895e-05 -0.00104371 -0.000919901
15.26 1.01033e-06 -3.35431e-05 -4.45912e-05 5.14704e-05 -0.00111525 -0.000838926
15.28 1.03387e-06 -2.7188e-05 -4.70549e-05 3.15717e-05 -0.00117686 -0.000679982
15.3 1.01129e-06 -1.9404e-05 -4.69476e-05 5.08705e-07 -0.00117418 -0.000485303
15.32 9.10743e-07 -1.3923e-05 -4.40104e-05 -3.65362e-05 -0.00110072 -0.00034822
15.34 7.24979e-07 -1.29734e-05 -4.02648e-05 -7.04976e-05 -0.00100704 -0.00032447
15.36 4.86227e-07 -1.44583e-05 -3.78561e-05 -9.37209e-05 -0.000946797 -0.000361608
15.38 2.41866e-07 -1.39875e-05 -3.73185e-05 -0.000104056 -0.00093335 -0.000349833
15.4 1.83539e-08 -9.74669e-06 -3.78477e-05 -0.00010351 -0.000946586 -0.000243769
15.42 -1.84769e-07 -3.43092e-06 -3.78461e-05 -9.48831e-05 -0.000946546 -8.58088e-05
15.44 -3.73587e-07 3.42189e-06 -3.45581e-05 -8.13535e-05 -0.000864314 8.5583e-05
15.46 -5.42975e-07 1.1329e-05 -2.53603e-05 -6.76795e-05 -0.000634271 0.000283344
15.48 -6.80547e-07 2.06095e-05 -1.13975e-05 -5.89044e-05 -0.000285056 0.000515453
15.5 -7.78852e-07 2.96564e-05 2.05724e-06 -5.72105e-05 5.14523e-05 0.000741719
15.52 -8.36658e-07 3.66642e-05 1.07358e-05 -6.11026e-05 0.000268508 0.000916987
15.54 -8.56839e-07 4.15657e-05 1.51113e-05 -6.74779e-05 0.000377941 0.00103958
15.56 -8.51694e-07 4.49394e-05 1.85228e-05 -7.30301e-05 0.000463264 0.00112395
15.58 -8.5156e-07 4.58369e-05 2.37922e-05 -7.36585e-05 0.000595053 0.0011464
15.6 -8.74649e-07 4.25306e-05 3.16387e-05 -6.44933e-05 0.000791296 0.00106371
15.62 -9.09221e-07 3.50971e-05 3.99704e-05 -4.22829e-05 0.000999675 0.000877794
15.64 -9.22579e-07 2.55575e-05 4.46395e-05 -8.46226e-06 0.00111645 0.000639205
15.66 -8.77392e-07 1.6332e-05 4.28436e-05 3.02388e-05 0.00107154 0.000408471
15.68 -7.55924e-07 9.49426e-06 3.59141e-05 6.514e-05 0.000898226 0.000237455
15.7 -5.65046e-07 6.12522e-06 2.7799e-05 9.02342e-05 0.000695264 0.000153194
15.72 -3.33929e-07 5.41699e-06 2.1445e-05 0.000103605 0.000536347 0.000135481
15.74 -1.00997e-07 4.9346e-06 1.76769e-05 0.000105711 0.000442106 0.000123417
15.76 1.02165e-07 2.60876e-06 1.65812e-05 9.84916e-05 0.000414703 6.52461e-05
15.78 2.64723e-07 -1.42832e-06 1.82365e-05 8.59563e-05 0.000456103 -3.57229e-05
15.8 3.92058e-07 -5.53551e-06 2.16268e-05 7.35323e-05 0.000540895 -0.000138445
15.82 4.88542e-07 -8.94797e-06 2.33998e-05 6.57475e-05 0.000585238 -0.000223793
15.84 5.49515e-07 -1.25813e-05 1.9356e-05 6.42287e-05 0.000484102 -0.000314664
15.86 5.67256e-07 -1.75307e-05 8.45269e-06 6.71541e-05 0.000211405 -0.000438449
15.88 5.44414e-07 -2.3608e-05 -5.81387e-06 7.03241e-05 -0.000145407 -0.000590446
15.9 5.01603e-07 -2.90917e-05 -1.90704e-05 6.94705e-05 -0.00047696 -0.000727595
15.92 4.67293e-07 -3.13108e-05 -2.97318e-05 6.20535e-05 -0.000743605 -0.000783095
15.94 4.62129e-07 -2.81718e-05 -3.80677e-05 4.7229e-05 -0.000952089 -0.000704588
15.96 4.81495e-07 -2.00306e-05 -4.34091e-05 2.54478e-05 -0.00108568 -0.000500974
15.98 4.95026e-07 -9.99983e-06 -4.416e-05 -1.02495e-06 -0.00110446 -0.0002501
16 4.72453e-07 -1.73025e-06 -4.00945e-05 -2.83378e-05 -0.00100278 -4.32742e-05
16.02 4.05506e-07 3.18745e-06 -3.33336e-05 -5.27841e-05 -0.000833688 7.97194e-05
16.04 3.09064e-07 5.56965e-06 -2.70463e-05 -7.18541e-05 -0.000676439 0.000139299
16.06 2.04358e-07 7.23299e-06 -2.3813e-05 -8.39974e-05 -0.000595573 0.0001809
16.08 1.01021e-07 9.31192e-06 -2.4762e-05 -8.89514e-05 -0.000619308 0.000232895
16.1 -1.04998e-08 1.10056e-05 -2.9199e-05 -8.84418e-05 -0.00073028 0.000275254
16.12 -1.46605e-07 1.01624e-05 -3.50472e-05 -8.52264e-05 -0.000876546 0.000254165
16.14 -3.03952e-07 6.2185e-06 -3.99077e-05 -8.10423e-05 -0.000998108 0.000155527
16.16 -4.49102e-07 2.2323e-06 -4.10383e-05 -7.60046e-05 -0.00102638 5.58309e-05
16.18 -5.39654e-07 2.66171e-06 -3.51733e-05 -6.98171e-05 -0.000879698 6.65704e-05
16.2 -5.55525e-07 8.95544e-06 -2.14347e-05 -6.28522e-05 -0.000536092 0.000223979
16.22 -5.11501e-07 1.79735e-05 -4.43373e-06 -5.58613e-05 -0.000110889 0.000449526
16.24 -4.42571e-07 2.47e-05 8.93279e-06 -4.89701e-05 0.000223413 0.000617757
16.26 -3.80519e-07 2.61686e-05 1.60647e-05 -4.11589e-05 0.000401785 0.000654486
16.28 -3.4076e-07 2.29165e-05 1.9618e-05 -3.06402e-05 0.000490654 0.000573151
16.3 -3.23229e-07 1.72261e-05 2.27261e-05 -1.58711e-05 0.00056839 0.000430831
16.32 -3.21553e-07 1.06603e-05 2.59195e-05 3.47393e-06 0.000648259 0.000266619
16.34 -3.27694e-07 3.46616e-06 2.80547e-05 2.628e-05 0.00070166 8.66901e-05
16.36 -3.28079e-07 -4.18997e-06 2.78665e-05 5.04375e-05 0.000696952 -0.000104793
16.38 -3.02635e-07 -1.1101e-05 2.48834e-05 7.33164e-05 0.000622345 -0.000277641
16.4 -2.33367e-07 -1.53575e-05 2.04549e-05 9.21411e-05 0.000511584 -0.000384097
16.42 -1.15679e-07 -1.56489e-05 1.75094e-05 0.000104554 0.000437918 -0.000391385
16.44 3.77544e-08 -1.22545e-05 1.7967e-05 0.000109293 0.000449363 -0.000306491
16.46 2.00776e-07 -7.02923e-06 2.06664e-05 0.00010663 0.000516874 -0.000175804
16.48 3.409e-07 -2.53067e-06 2.26586e-05 9.8354e-05 0.0005667 -6.32932e-05
16.5 4.29881e-07 -8.30092e-07 2.18021e-05 8.71697e-05 0.00054528 -2.0761e-05
16.52 4.54325e-07 -2.58779e-06 1.75203e-05 7.56662e-05 0.000438191 -6.47216e-05
16.54 4.18897e-07 -6.93744e-06 1.05025e-05 6.54766e-05 0.000262672 -0.000173508
16.56 3.43196e-07 -1.20751e-05 2.46345e-06 5.69699e-05 6.1612e-05 -0.000302004
16.58 2.55226e-07 -1.60098e-05 -5.14315e-06 4.92163e-05 -0.000128632 -0.000400411
16.6 1.81304e-07 -1.73303e-05 -1.24344e-05 4.02879e-05 -0.000310988 -0.000433439
16.62 1.36878e-07 -1.56266e-05 -1.99404e-05 2.82729e-05 -0.000498719 -0.000390828
16.64 1.23535e-07 -1.12447e-05 -2.67232e-05 1.23572e-05 -0.000668358 -0.000281234
16.66 1.32118e-07 -5.00648e-06 -3.12601e-05 -7.09862e-06 -0.000781829 -0.000125214
16.68 1.47659e-07 1.76648e-06 -3.36297e-05 -2.90806e-05 -0.000841093 4.41804e-05
16.7 1.53566e-07 7.56032e-06 -3.51768e-05 -5.19577e-05 -0.000879787 0.000189087
16.72 1.35999e-07 1.13873e-05 -3.63276e-05 -7.33129e-05 -0.000908569 0.000284801
16.74 8.83702e-08 1.30957e-05 -3.62122e-05 -9.04938e-05 -0.000905683 0.000327528
16.76 1.37919e-08 1.30256e-05 -3.45188e-05 -0.000101638 -0.000863329 0.000325776
16.78 -7.66297e-08 1.16289e-05 -3.25761e-05 -0.000106201 -0.000814742 0.000290843
16.8 -1.69082e-07 9.42651e-06 -3.20867e-05 -0.000104731 -0.000802501 0.000235761
16.82 -2.51352e-07 7.10696e-06 -3.318e-05 -9.83802e-05 -0.000829847 0.000177748
16.84 -3.14488e-07 5.52274e-06 -3.38273e-05 -8.85748e-05 -0.000846035 0.000138126
16.86 -3.52116e-07 5.46012e-06 -3.11621e-05 -7.68387e-05 -0.000779377 0.00013656
16.88 -3.60099e-07 7.13749e-06 -2.4133e-05 -6.463e-05 -0.000603576 0.000178512
16.9 -3.39667e-07 9.79254e-06 -1.50616e-05 -5.29854e-05 -0.000376697 0.000244915
16.92 -3.00194e-07 1.20858e-05 -7.22007e-06 -4.1986e-05 -0.000180577 0.000302271
16.94 -2.56973e-07 1.30659e-05 -7.25264e-07 -3.07548e-05 -1.81391e-05 0.000326785
16.96 -2.2353e-07 1.24409e-05 7.03313e-06 -1.82717e-05 0.000175902 0.000311152
16.98 -2.03762e-07 1.01393e-05 1.65833e-05 -3.94642e-06 0.000414756 0.000253589
17 -1.90571e-07 6.25847e-06 2.4496e-05 1.26253e-05 0.000612654 0.000156527
17.02 -1.72761e-07 1.37374e-06 2.72833e-05 3.17039e-05 0.000682367 3.43578e-05
17.04 -1.43479e-07 -3.57515e-06 2.53946e-05 5.27286e-05 0.000635129 -8.94161e-05
17.06 -1.01714e-07 -7.67445e-06 2.2272e-05 7.38938e-05 0.000557033 -0.000191941
17.08 -4.8044e-08 -1.02332e-05 2.04935e-05 9.25901e-05 0.000512552 -0.000255937
17.1 1.65987e-08 -1.09716e-05 1.98695e-05 0.000106237 0.000496944 -0.000274403
17.12 8.67761e-08 -1.02471e-05 1.89265e-05 0.000113075 0.00047336 -0.000256285
17.14 1.50466e-07 -8.85028e-06 1.72884e-05 0.00011275 0.000432389 -0.000221349
17.16 1.93771e-07 -7.39818e-06 1.62976e-05 0.000106353 0.000407611 -0.000185032
17.18 2.08408e-07 -6.04582e-06 1.75754e-05 9.57663e-05 0.000439569 -0.000151208
17.2 1.94521e-07 -4.8456e-06 2.08999e-05 8.28137e-05 0.000522716 -0.000121191
17.22 1.59024e-07 -4.08391e-06 2.32606e-05 6.88292e-05 0.000581757 -0.00010214
17.24 1.1117e-07 -4.0537e-06 2.07144e-05 5.46445e-05 0.000518077 -0.000101385
17.26 5.76692e-08 -4.73595e-06 1.21563e-05 4.05877e-05 0.000304035 -0.000118448
17.28 3.02645e-09 -5.63438e-06 7.32659e-07 2.65785e-05 1.83241e-05 -0.000140918
17.3 -4.64929e-08 -5.69229e-06 -9.28982e-06 1.24411e-05 -0.000232342 -0.000142366
17.32 -8.34568e-08 -3.893e-06 -1.62643e-05 -2.04979e-06 -0.000406776 -9.73656e-05
17.34 -1.0629e-07 -4.10153e-07 -2.11992e-05 -1.73647e-05 -0.000530202 -1.02581e-05
17.36 -1.21661e-07 3.28778e-06 -2.53114e-05 -3.38255e-05 -0.000633049 8.22288e-05
17.38 -1.36527e-07 5.8952e-06 -2.85762e-05 -5.07658e-05 -0.000714704 0.000147442
17.4 -1.49337e-07 7.58993e-06 -3.0158e-05 -6.64873e-05 -0.000754263 0.000189827
17.42 -1.51912e-07 9.6346e-06 -2.968e-05 -7.92322e-05 -0.000742308 0.000240965
17.44 -1.4081e-07 1.2694e-05 -2.81882e-05 -8.80159e-05 -0.000704999 0.000317481
17.46 -1.25944e-07 1.569e-05 -2.76827e-05 -9.26201e-05 -0.000692357 0.000392413
17.48 -1.25776e-07 1.65508e-05 -2.91956e-05 -9.3183e-05 -0.000730193 0.000413941
17.5 -1.51751e-07 1.42329e-05 -3.14526e-05 -8.99204e-05 -0.000786643 0.00035597
17.52 -1.95946e-07 9.86333e-06 -3.20633e-05 -8.30462e-05 -0.000801916 0.000246686
17.54 -2.34747e-07 5.76793e-06 -3.01187e-05 -7.28313e-05 -0.000753281 0.000144258
17.56 -2.45761e-07 3.53113e-06 -2.68457e-05 -5.97244e-05 -0.000671421 8.8315e-05
17.58 -2.21951e-07 3.08017e-06 -2.33574e-05 -4.44734e-05 -0.000584177 7.70363e-05
17.6 -1.72119e-07 3.2569e-06 -1.88984e-05 -2.82351e-05 -0.000472657 8.14563e-05
17.62 -1.09637e-07 2.93862e-06 -1.22181e-05 -1.23588e-05 -0.000305581 7.34961e-05
17.64 -4.11196e-08 1.90445e-06 -3.70395e-06 2.38861e-06 -9.26373e-05 4.7631e-05
17.66 3.37479e-08 8.2212e-07 4.74228e-06 1.63469e-05 0.000118606 2.05616e-05
17.68 1.12059e-07 1.20342e-07 1.12167e-05 3.03579e-05 0.000280534 3.00981e-06
17.7 1.8046e-07 -9.94888e-07 1.47495e-05 4.47254e-05 0.000368891 -2.48826e-05
17.72 2.21449e-07 -3.85673e-06 1.55884e-05 5.89709e-05 0.000389871 -9.64583e-05
17.74 2.27179e-07 -8.70933e-06 1.50937e-05 7.22802e-05 0.000377499 -0.000217824
17.76 2.05944e-07 -1.42212e-05 1.49021e-05 8.38147e-05 0.000372708 -0.000355677
17.78 1.76013e-07 -1.8561e-05 1.57993e-05 9.27405e-05 0.000395146 -0.000464219
17.8 1.54429e-07 -2.05788e-05 1.73838e-05 9.82934e-05 0.000434777 -0.000514685
17.82 1.4966e-07 -2.00696e-05 1.86692e-05 9.99328e-05 0.000466923 -0.000501949
17.84 1.6071e-07 -1.74104e-05 1.88808e-05 9.74335e-05 0.000472218 -0.000435441
17.86 1.78162e-07 -1.32071e-05 1.79929e-05 9.08275e-05 0.000450009 -0.000330315
17.88 1.85949e-07 -8.25484e-06 1.67239e-05 8.02253e-05 0.000418272 -0.000206457
17.9 1.67996e-07 -3.6734e-06 1.55405e-05 6.57097e-05 0.000388675 -9.18732e-05
17.92 1.15746e-07 -6.72564e-07 1.34146e-05 4.77092e-05 0.000335505 -1.68211e-05
17.94 3.37093e-08 3.78722e-07 8.46293e-06 2.77565e-05 0.000211661 9.472e-06
17.96 -6.21511e-08 6.65468e-07 4.29121e-07 8.36246e-06 1.07325e-05 1.66436e-05
17.98 -1.56052e-07 1.93938e-06 -8.36312e-06 -8.59459e-06 -0.000209165 4.85047e-05
18 -2.42142e-07 4.6435e-06 -1.51482e-05 -2.31294e-05 -0.000378864 0.000116136
18.02 -3.21474e-07 7.73713e-06 -1.90431e-05 -3.63774e-05 -0.000476277 0.000193509
18.04 -3.90854e-07 1.03328e-05 -2.09229e-05 -4.90062e-05 -0.000523289 0.000258429
18.06 -4.38395e-07 1.27932e-05 -2.19505e-05 -6.07706e-05 -0.000548992 0.000319963
18.08 -4.50793e-07 1.61785e-05 -2.28025e-05 -7.11315e-05 -0.000570301 0.000404631
18.1 -4.24975e-07 2.09307e-05 -2.37413e-05 -7.9801e-05 -0.00059378 0.000523487
18.12 -3.73548e-07 2.6032e-05 -2.48539e-05 -8.6793e-05 -0.000621607 0.000651071
18.14 -3.18603e-07 2.946e-05 -2.62342e-05 -9.2142e-05 -0.000656127 0.000736808
18.16 -2.79037e-07 2.96861e-05 -2.79244e-05 -9.55287e-05 -0.0006984 0.000742461
18.18 -2.61535e-07 2.66844e-05 -2.95444e-05 -9.61043e-05 -0.000738918 0.000667387
18.2 -2.58551e-07 2.15421e-05 -3.026e-05 -9.27111e-05 -0.000756814 0.000538778
18.22 -2.55272e-07 1.55054e-05 -2.95207e-05 -8.43618e-05 -0.000738326 0.000387797
18.24 -2.35623e-07 9.71365e-06 -2.75654e-05 -7.06865e-05 -0.000689423 0.000242942
18.26 -1.87813e-07 5.26311e-06 -2.47144e-05 -5.23959e-05 -0.000618118 0.000131633
18.28 -1.1269e-07 2.41952e-06 -2.05829e-05 -3.16474e-05 -0.000514787 6.05131e-05
18.3 -2.17003e-08 2.42279e-07 -1.47132e-05 -1.1379e-05 -0.000367982 6.05951e-06
18.32 7.51688e-08 -1.91675e-06 -7.67744e-06 6.41163e-06 -0.000192016 -4.79386e-05
18.34 1.74412e-07 -3.44616e-06 -8.88805e-07 2.15467e-05 -2.22294e-05 -8.61899e-05
18.36 2.68651e-07 -4.00857e-06 4.55192e-06 3.47861e-05 0.000113846 -0.000100256
18.38 3.39825e-07 -4.86372e-06 8.52382e-06 4.67494e-05 0.000213184 -0.000121644
18.4 3.69461e-07 -7.61293e-06 1.16663e-05 5.78558e-05 0.00029178 -0.000190403
18.42 3.53511e-07 -1.23916e-05 1.47103e-05 6.85577e-05 0.000367911 -0.000309918
18.44 3.04652e-07 -1.79169e-05 1.77927e-05 7.91159e-05 0.000445003 -0.000448109
18.46 2.42618e-07 -2.27199e-05 2.03051e-05 8.92665e-05 0.00050784 -0.000568233
18.48 1.83595e-07 -2.59313e-05 2.15865e-05 9.82073e-05 0.000539888 -0.000648554
18.5 1.36445e-07 -2.72811e-05 2.1726e-05 0.000104824 0.000543376 -0.000682313
18.52 1.06593e-07 -2.66654e-05 2.13976e-05 0.000107972 0.000535162 -0.000666914
18.54 9.82451e-08 -2.36929e-05 2.09714e-05 0.000106778 0.000524503 -0.00059257
18.56 1.08605e-07 -1.79513e-05 2.01664e-05 0.000100886 0.00050437 -0.00044897
18.58 1.22833e-07 -1.02179e-05 1.85118e-05 9.03261e-05 0.000462987 -0.000255553
18.6 1.15924e-07 -2.99618e-06 1.57125e-05 7.5233e-05 0.000392976 -7.49356e-05
18.62 6.94673e-08 1.28497e-06 1.16303e-05 5.63496e-05 0.000290878 3.21377e-05
18.64 -1.07584e-08 2.85733e-06 6.39892e-06 3.58493e-05 0.00016004 7.1463e-05
18.66 -1.02539e-07 4.10581e-06 5.04012e-07 1.65369e-05 1.26055e-05 0.000102688
18.68 -1.90185e-07 6.21254e-06 -5.58739e-06 -1.89457e-07 -0.000139743 0.000155378
18.7 -2.72667e-07 8.03545e-06 -1.16537e-05 -1.49063e-05 -0.000291463 0.00020097
18.72 -3.49995e-07 8.48503e-06 -1.73424e-05 -2.87523e-05 -0.00043374 0.000212214
18.74 -4.11882e-07 8.23825e-06 -2.19664e-05 -4.22085e-05 -0.000549389 0.000206042
18.76 -4.42288e-07 8.79014e-06 -2.50786e-05 -5.51406e-05 -0.000627225 0.000219845
18.78 -4.30958e-07 1.09754e-05 -2.70384e-05 -6.72242e-05 -0.000676242 0.000274499
18.8 -3.80797e-07 1.4493e-05 -2.86271e-05 -7.80625e-05 -0.000715976 0.000362477
18.82 -3.07722e-07 1.81038e-05 -3.01402e-05 -8.71289e-05 -0.000753818 0.000452783
18.84 -2.33316e-07 2.02593e-05 -3.11479e-05 -9.37193e-05 -0.000779022 0.000506695
18.86 -1.74353e-07 1.99675e-05 -3.11782e-05 -9.69693e-05 -0.000779781 0.000499395
18.88 -1.34683e-07 1.72081e-05 -3.04019e-05 -9.60423e-05 -0.000760363 0.000430382
18.9 -1.07959e-07 1.26543e-05 -2.95553e-05 -9.04403e-05 -0.000739191 0.00031649
18.92 -8.47198e-08 7.26148e-06 -2.92787e-05 -8.0107e-05 -0.000732271 0.000181613
18.94 -5.7721e-08 2.05129e-06 -2.9306e-05 -6.5366e-05 -0.000732956 5.13037e-05
18.96 -2.64016e-08 -2.31684e-06 -2.80709e-05 -4.72518e-05 -0.000702064 -5.79451e-05
18.98 5.28767e-09 -5.94985e-06 -2.36879e-05 -2.78498e-05 -0.000592445 -0.000148808
19 3.72948e-08 -9.06023e-06 -1.59616e-05 -9.4525e-06 -0.000399206 -0.0002266
19.02 7.79142e-08 -1.0976e-05 -6.92778e-06 6.94468e-06 -0.000173267 -0.000274514
19.04 1.34237e-07 -1.0751e-05 1.07749e-06 2.18361e-05 2.69485e-05 -0.000268888
19.06 1.99363e-07 -8.73707e-06 7.20566e-06 3.59426e-05 0.000180217 -0.000218518
19.08 2.53466e-07 -6.72084e-06 1.1686e-05 4.93327e-05 0.000292272 -0.000168091
19.1 2.77832e-07 -6.40805e-06 1.46978e-05 6.17312e-05 0.000367599 -0.000160268
19.12 2.6666e-07 -8.12399e-06 1.63336e-05 7.30519e-05 0.00040851 -0.000203184
19.14 2.2767e-07 -1.08227e-05 1.70551e-05 8.33463e-05 0.000426555 -0.00027068
19.16 1.74383e-07 -1.30321e-05 1.75574e-05 9.23814e-05 0.000439118 -0.000325939
19.18 1.17795e-07 -1.38902e-05 1.83135e-05 9.93705e-05 0.000458028 -0.000347401
19.2 6.35543e-08 -1.34738e-05 1.94067e-05 0.000103139 0.00048537 -0.000336985
19.22 1.50691e-08 -1.21553e-05 2.05982e-05 0.000102656 0.000515168 -0.00030401
19.24 -2.29323e-08 -9.79649e-06 2.14167e-05 9.74791e-05 0.000535642 -0.000245014
19.26 -4.67981e-08 -5.94841e-06 2.13108e-05 8.76532e-05 0.000532991 -0.000148772
19.28 -6.05599e-08 -9.17217e-07 1.97109e-05 7.33545e-05 0.000492978 -2.294e-05
19.3 -7.63782e-08 3.91449e-06 1.59707e-05 5.51261e-05 0.000399435 9.79031e-05
19.32 -1.0654e-07 7.18673e-06 9.83067e-06 3.45155e-05 0.000245869 0.000179743
19.34 -1.56093e-07 8.57778e-06 2.31305e-06 1.38562e-05 5.78503e-05 0.000214534
19.36 -2.21421e-07 8.60647e-06 -4.55318e-06 -4.91009e-06 -0.000113877 0.000215251
19.38 -2.92186e-07 8.02466e-06 -9.44745e-06 -2.09762e-05 -0.000236285 0.0002007
19.4 -3.54753e-07 7.50874e-06 -1.26547e-05 -3.43977e-05 -0.000316498 0.000187797
19.42 -3.9719e-07 7.40246e-06 -1.50865e-05 -4.56159e-05 -0.00037732 0.000185139
19.44 -4.12359e-07 7.62956e-06 -1.72454e-05 -5.52427e-05 -0.000431316 0.000190819
19.46 -3.96997e-07 8.08184e-06 -1.94397e-05 -6.38127e-05 -0.000486194 0.00020213
19.48 -3.51264e-07 8.90142e-06 -2.21536e-05 -7.14735e-05 -0.000554071 0.000222628
19.5 -2.81904e-07 1.00712e-05 -2.55407e-05 -7.7896e-05 -0.000638784 0.000251885
19.52 -2.03717e-07 1.09411e-05 -2.88564e-05 -8.23865e-05 -0.000721711 0.000273642
19.54 -1.33048e-07 1.05773e-05 -3.09208e-05 -8.40181e-05 -0.000773342 0.000264543
19.56 -7.84461e-08 8.5758e-06 -3.11504e-05 -8.17907e-05 -0.000779085 0.000214484
19.58 -3.74156e-08 5.34784e-06 -2.99031e-05 -7.48452e-05 -0.00074789 0.000133752
19.6 -5.51125e-10 1.7702e-06 -2.79548e-05 -6.27588e-05 -0.000699161 4.42734e-05
19.62 4.06999e-08 -1.35733e-06 -2.5923e-05 -4.60489e-05 -0.000648344 -3.39475e-05
19.64 8.82124e-08 -3.78453e-06 -2.39384e-05 -2.65351e-05 -0.000598709 -9.46526e-05
19.66 1.37807e-07 -5.7252e-06 -2.14741e-05 -6.79789e-06 -0.000537077 -0.00014319
19.68 1.84626e-07 -7.20389e-06 -1.77847e-05 1.10301e-05 -0.000444802 -0.000180172
19.7 2.2576e-07 -7.89964e-06 -1.28561e-05 2.59625e-05 -0.000321536 -0.000197573
19.72 2.57536e-07 -7.78741e-06 -7.52414e-06 3.79564e-05 -0.000188182 -0.000194766
19.74 2.73763e-07 -7.40648e-06 -2.4525e-06 4.74727e-05 -6.1338e-05 -0.000185239
19.76 2.69293e-07 -7.24287e-06 2.44724e-06 5.51978e-05 6.12065e-05 -0.000181147
19.78 2.44144e-07 -7.23175e-06 7.38127e-06 6.17737e-05 0.000184609 -0.000180869
19.8 2.02788e-07 -7.0751e-06 1.19808e-05 6.7506e-05 0.000299645 -0.000176951
19.82 1.50595e-07 -6.7278e-06 1.54873e-05 7.2248e-05 0.000387345 -0.000168265
19.84 9.21899e-08 -6.29887e-06 1.73698e-05 7.55105e-05 0.000434426 -0.000157537
19.86 3.16e-08 -5.65062e-06 1.76766e-05 7.66354e-05 0.000442099 -0.000141324
19.88 -2.83604e-08 -4.40405e-06 1.69731e-05 7.49201e-05 0.000424504 -0.000110147
19.9 -8.80451e-08 -2.39971e-06 1.60114e-05 6.97279e-05 0.000400453 -6.00177e-05
19.92 -1.50914e-07 -1.67421e-08 1.53443e-05 6.06891e-05 0.000383768 -4.18726e-07
19.94 -2.19337e-07 2.13054e-06 1.51098e-05 4.80443e-05 0.000377901 5.32856e-05
19.96 -2.89986e-07 3.82555e-06 1.5057e-05 3.28598e-05 0.000376582 9.56785e-05
19.98 -3.53919e-07 5.38519e-06 1.46293e-05 1.66902e-05 0.000365884 0.000134686
20 -4.0169e-07 7.16402e-06 1.3013e-05 9.10642e-07 0.00032546 0.000179175
20.02 -4.28478e-07 9.17525e-06 9.4884e-06 -1.356e-05 0.000237309 0.000229477
20.04 -4.35645e-07 1.11745e-05 4.13185e-06 -2.61008e-05 0.000103339 0.00027948
20.06 -4.28849e-07 1.28418e-05 -2.06403e-06 -3.63595e-05 -5.16223e-05 0.000321179
20.08 -4.14408e-07 1.38776e-05 -8.09884e-06 -4.43684e-05 -0.000202555 0.000347083
20.1 -3.9623e-07 1.41328e-05 -1.36563e-05 -5.04243e-05 -0.000341549 0.000353467
20.12 -3.75185e-07 1.3688e-05 -1.8633e-05 -5.48366e-05 -0.000466018 0.000342343
20.14 -3.5019e-07 1.27388e-05 -2.25008e-05 -5.78661e-05 -0.000562755 0.000318602
20.16 -3.18879e-07 1.14275e-05 -2.46434e-05 -5.97469e-05 -0.000616341 0.000285806
20.18 -2.77428e-07 9.81588e-06 -2.51386e-05 -6.05553e-05 -0.000628726 0.000245499
20.2 -2.20982e-07 7.98076e-06 -2.48618e-05 -6.00021e-05 -0.000621804 0.000199602
20.22 -1.45832e-07 6.0992e-06 -2.47763e-05 -5.73774e-05 -0.000619667 0.000152543
20.24 -5.24903e-08 4.41731e-06 -2.5207e-05 -5.1788e-05 -0.000630439 0.000110479
20.26 5.24004e-08 3.04226e-06 -2.58029e-05 -4.27161e-05 -0.000645342 7.60882e-05
20.28 1.56684e-07 1.69606e-06 -2.60997e-05 -3.05596e-05 -0.000652764 4.24191e-05
20.3 2.46624e-07 -1.70617e-07 -2.59668e-05 -1.65483e-05 -0.000649442 -4.26719e-06
20.32 3.12196e-07 -2.87046e-06 -2.5386e-05 -2.05546e-06 -0.000634914 -7.17915e-05
20.34 3.49991e-07 -6.20388e-06 -2.38961e-05 1.18716e-05 -0.00059765 -0.000155162
20.36 3.63133e-07 -9.68414e-06 -2.07433e-05 2.43991e-05 -0.000518799 -0.000242204
20.38 3.59842e-07 -1.27488e-05 -1.59145e-05 3.48141e-05 -0.000398027 -0.000318854
20.4 3.5004e-07 -1.47785e-05 -1.05133e-05 4.27937e-05 -0.000262942 -0.000369617
20.42 3.39314e-07 -1.53622e-05 -5.57572e-06 4.85433e-05 -0.000139451 -0.000384215
20.44 3.24941e-07 -1.47233e-05 -1.00595e-06 5.25188e-05 -2.51592e-05 -0.000368235
20.46 2.99242e-07 -1.35953e-05 3.74172e-06 5.51591e-05 9.3582e-05 -0.000340025
20.48 2.57057e-07 -1.25238e-05 8.43026e-06 5.68878e-05 0.000210844 -0.000313226
20.5 1.99176e-07 -1.14562e-05 1.21766e-05 5.80858e-05 0.000304541 -0.000286525
20.52 1.28934e-07 -1.00654e-05 1.4575e-05 5.88737e-05 0.000364528 -0.00025174
20.54 4.84527e-08 -8.2478e-06 1.60947e-05 5.89409e-05 0.000402535 -0.000206281
20.56 -4.06811e-08 -6.19621e-06 1.73623e-05 5.75933e-05 0.000434237 -0.00015497
20.58 -1.34804e-07 -4.16336e-06 1.84321e-05 5.40236e-05 0.000460995 -0.000104127
20.6 -2.26792e-07 -2.21299e-06 1.88408e-05 4.78067e-05 0.000471216 -5.53479e-05
20.62 -3.07606e-07 -7.10435e-08 1.81749e-05 3.9299e-05 0.000454563 -1.77683e-06
20.64 -3.70611e-07 2.67542e-06 1.65754e-05 2.94166e-05 0.000414557 6.69134e-05
20.66 -4.15389e-07 6.08057e-06 1.47658e-05 1.89814e-05 0.000369299 0.000152077
20.68 -4.46721e-07 9.67216e-06 1.3351e-05 8.43182e-06 0.000333915 0.000241905
20.7 -4.69924e-07 1.28075e-05 1.19124e-05 -1.89788e-06 0.000297935 0.000320322
20.72 -4.87668e-07 1.50315e-05 9.254e-06 -1.15117e-05 0.000231446 0.000375944
20.74 -4.99913e-07 1.61761e-05 4.85623e-06 -1.98863e-05 0.000121456 0.000404572
20.76 -5.04228e-07 1.64006e-05 -4.68259e-07 -2.67432e-05 -1.17114e-05 0.000410187
20.78 -4.95809e-07 1.61548e-05 -5.63773e-06 -3.2106e-05 -0.000141002 0.000404037
20.8 -4.69447e-07 1.58725e-05 -1.03561e-05 -3.61843e-05 -0.00025901 0.000396978
20.82 -4.22997e-07 1.56067e-05 -1.48055e-05 -3.92725e-05 -0.000370292 0.00039033
20.84 -3.58809e-07 1.50649e-05 -1.89071e-05 -4.16544e-05 -0.000472873 0.000376778
20.86 -2.81743e-07 1.4009e-05 -2.22816e-05 -4.34682e-05 -0.000557272 0.000350371
20.88 -1.96755e-07 1.24573e-05 -2.46309e-05 -4.46495e-05 -0.000616028 0.000311563
20.9 -1.09147e-07 1.04389e-05 -2.59048e-05 -4.49682e-05 -0.000647889 0.00026108
20.92 -2.44818e-08 7.77731e-06 -2.62761e-05 -4.40022e-05 -0.000657175 0.000194514
20.94 5.37568e-08 4.34133e-06 -2.61149e-05 -4.11528e-05 -0.000653144 0.000108578
20.96 1.25814e-07 3.79671e-07 -2.58725e-05 -3.59739e-05 -0.000647082 9.49572e-06
20.98 1.94394e-07 -3.56721e-06 -2.58499e-05 -2.85622e-05 -0.000646518 -8.92175e-05
21 2.61542e-07 -6.98735e-06 -2.61028e-05 -1.95065e-05 -0.000652842 -0.000174757
21.02 3.26181e-07 -9.59922e-06 -2.65041e-05 -9.53985e-06 -0.00066288 -0.00024008
21.04 3.83232e-07 -1.14088e-05 -2.66081e-05 6.09193e-07 -0.000665481 -0.000285339
21.06 4.25358e-07 -1.26061e-05 -2.54532e-05 1.01882e-05 -0.000636596 -0.000315284
21.08 4.46726e-07 -1.33299e-05 -2.21146e-05 1.85387e-05 -0.000553096 -0.000333385
21.1 4.45566e-07 -1.35745e-05 -1.68347e-05 2.53221e-05 -0.000421043 -0.000339504
21.12 4.22971e-07 -1.33596e-05 -1.10731e-05 3.05701e-05 -0.000276944 -0.00033413
21.14 3.80083e-07 -1.28634e-05 -6.05835e-06 3.45108e-05 -0.000151522 -0.000321719
21.16 3.17982e-07 -1.22619e-05 -1.80193e-06 3.7394e-05 -4.50671e-05 -0.000306676
21.18 2.40138e-07 -1.14582e-05 2.21597e-06 3.94586e-05 5.54222e-05 -0.000286573
21.2 1.53238e-07 -1.00605e-05 5.98794e-06 4.09357e-05 0.000149761 -0.000251618
21.22 6.46097e-08 -7.67469e-06 8.95052e-06 4.19413e-05 0.000223856 -0.000191947
21.24 -2.21067e-08 -4.25998e-06 1.06737e-05 4.22964e-05 0.000266953 -0.000106544
21.26 -1.08728e-07 -2.69477e-07 1.13274e-05 4.14596e-05 0.000283303 -6.73973e-06
21.28 -1.99258e-07 3.61239e-06 1.15654e-05 3.87548e-05 0.000289256 9.03474e-05
21.3 -2.9456e-07 6.96799e-06 1.20191e-05 3.38135e-05 0.000300603 0.000174272
21.32 -3.89919e-07 9.85491e-06 1.28601e-05 2.68321e-05 0.000321636 0.000246475
21.34 -4.77384e-07 1.25504e-05 1.37955e-05 1.84124e-05 0.000345032 0.00031389
21.36 -5.4994e-07 1.52139e-05 1.43865e-05 9.23452e-06 0.000359814 0.000380506
21.38 -6.04275e-07 1.77294e-05 1.43028e-05 -1.12107e-07 0.000357719 0.000443419
21.4 -6.40754e-07 1.97173e-05 1.33322e-05 -9.12799e-06 0.000333444 0.000493138
21.42 -6.61014e-07 2.07758e-05 1.1304e-05 -1.73631e-05 0.000282717 0.000519611
21.44 -6.65166e-07 2.08534e-05 8.22165e-06 -2.44042e-05 0.000205627 0.000521551
21.46 -6.5138e-07 2.03252e-05 4.52211e-06 -2.9937e-05 0.0001131 0.000508341
21.48 -6.18163e-07 1.96025e-05 8.87214e-07 -3.38727e-05 2.21896e-05 0.000490267
21.5 -5.6683e-07 1.8697e-05 -2.40299e-06 -3.64044e-05 -6.00997e-05 0.000467621
21.52 -5.01125e-07 1.71893e-05 -5.64177e-06 -3.78948e-05 -0.000141103 0.000429912
21.54 -4.24864e-07 1.45859e-05 -9.04821e-06 -3.86447e-05 -0.0002263 0.0003648
21.56 -3.38914e-07 1.07997e-05 -1.22853e-05 -3.86287e-05 -0.00030726 0.000270106
21.58 -2.39433e-07 6.45153e-06 -1.48778e-05 -3.73359e-05 -0.000372099 0.000161356
21.6 -1.21545e-07 2.59766e-06 -1.68525e-05 -3.40051e-05 -0.000421488 6.49684e-05
21.62 1.28281e-08 -1.55908e-07 -1.86535e-05 -2.82651e-05 -0.000466532 -3.89932e-06
21.64 1.50754e-07 -2.27609e-06 -2.05009e-05 -2.05385e-05 -0.000512736 -5.69261e-05
21.66 2.73732e-07 -4.84797e-06 -2.20675e-05 -1.17021e-05 -0.000551917 -0.00012125
21.68 3.68691e-07 -8.5323e-06 -2.2813e-05 -2.44863e-06 -0.000570562 -0.000213396
21.7 4.35002e-07 -1.29662e-05 -2.25146e-05 6.93571e-06 -0.000563101 -0.00032429
21.72 4.8231e-07 -1.6989e-05 -2.14447e-05 1.6329e-05 -0.00053634 -0.000424901
21.74 5.2138e-07 -1.94593e-05 -2.00972e-05 2.54677e-05 -0.00050264 -0.000486686
21.76 5.55108e-07 -2.01024e-05 -1.8778e-05 3.38476e-05 -0.000469646 -0.000502769
21.78 5.76952e-07 -1.96658e-05 -1.7438e-05 4.08673e-05 -0.000436131 -0.000491851
21.8 5.77636e-07 -1.91731e-05 -1.58424e-05 4.61015e-05 -0.000396225 -0.000479528
21.82 5.53376e-07 -1.89867e-05 -1.37829e-05 4.94995e-05 -0.000344715 -0.000474865
21.84 5.08642e-07 -1.85832e-05 -1.11017e-05 5.13507e-05 -0.000277659 -0.000464774
21.86 4.51194e-07 -1.71659e-05 -7.75812e-06 5.20422e-05 -0.000194034 -0.000429326
21.88 3.86064e-07 -1.44288e-05 -4.12932e-06 5.1786e-05 -0.000103276 -0.00036087
21.9 3.1329e-07 -1.08069e-05 -1.09996e-06 5.0452e-05 -2.75105e-05 -0.000270285
21.92 2.29158e-07 -7.17535e-06 5.10613e-07 4.75473e-05 1.27706e-05 -0.000179459
21.94 1.31117e-07 -4.25974e-06 6.80126e-07 4.24876e-05 1.70102e-05 -0.000106538
21.96 2.27307e-08 -2.04845e-06 1.77267e-07 3.51613e-05 4.43352e-06 -5.12326e-05
21.98 -8.62628e-08 2.16284e-07 -1.74954e-07 2.6201e-05 -4.37567e-06 5.40934e-06
22 -1.85851e-07 3.28472e-06 -1.04662e-07 1.65073e-05 -2.61763e-06 8.21522e-05
22.02 -2.72036e-07 7.1967e-06 1.74843e-07 6.58203e-06 4.37291e-06 0.000179992
22.04 -3.48001e-07 1.12629e-05 4.10384e-07 -3.53396e-06 1.02639e-05 0.000281691
22.06 -4.19816e-07 1.44991e-05 5.68507e-07 -1.38168e-05 1.42186e-05 0.00036263
22.08 -4.8966e-07 1.62122e-05 6.97879e-07 -2.39115e-05 1.74543e-05 0.000405473
22.1 -5.51197e-07 1.65366e-05 6.45897e-07 -3.31316e-05 1.61541e-05 0.000413586
22.12 -5.9178e-07 1.64068e-05 2.78484e-08 -4.06976e-05 6.96499e-07 0.000410342
22.14 -6.0108e-07 1.67624e-05 -1.46669e-06 -4.60542e-05 -3.66825e-05 0.000419233
22.16 -5.79012e-07 1.77145e-05 -3.76862e-06 -4.90807e-05 -9.42547e-05 0.000443046
22.18 -5.36413e-07 1.8481e-05 -6.41223e-06 -5.00535e-05 -0.000160373 0.000462218
22.2 -4.8783e-07 1.80193e-05 -8.70528e-06 -4.93987e-05 -0.000217723 0.00045067
22.22 -4.42166e-07 1.57471e-05 -9.94809e-06 -4.74072e-05 -0.000248806 0.000393842
22.24 -3.97895e-07 1.18953e-05 -9.77533e-06 -4.40331e-05 -0.000244485 0.000297507
22.26 -3.43872e-07 7.45424e-06 -8.54428e-06 -3.88263e-05 -0.000213696 0.000186434
22.28 -2.66894e-07 3.68503e-06 -7.31123e-06 -3.11944e-05 -0.000182857 9.21642e-05
22.3 -1.63034e-07 1.16115e-06 -7.10936e-06 -2.10614e-05 -0.000177808 2.90409e-05
22.32 -4.23784e-08 -7.6669e-07 -8.07428e-06 -9.26807e-06 -0.000201941 -1.91752e-05
22.34 7.83423e-08 -3.13788e-06 -9.36562e-06 2.95537e-06 -0.000234238 -7.84797e-05
22.36 1.87334e-07 -6.13472e-06 -1.00114e-05 1.48564e-05 -0.000250389 -0.000153432
22.38 2.80833e-07 -9.06772e-06 -9.70894e-06 2.6269e-05 -0.000242825 -0.000226788
22.4 3.57464e-07 -1.13951e-05 -8.77702e-06 3.70314e-05 -0.000219517 -0.000284997
22.42 4.13582e-07 -1.33254e-05 -7.58319e-06 4.66426e-05 -0.000189659 -0.000333275
22.44 4.4537e-07 -1.54357e-05 -6.25835e-06 5.45008e-05 -0.000156524 -0.000386054
22.46 4.54163e-07 -1.7894e-05 -4.88687e-06 6.02845e-05 -0.000122223 -0.000447537
22.48 4.48032e-07 -2.00973e-05 -3.70656e-06 6.40559e-05 -9.27025e-05 -0.000502641
22.5 4.36777e-07 -2.11139e-05 -2.98087e-06 6.60717e-05 -7.45528e-05 -0.000528067
22.52 4.24988e-07 -2.05003e-05 -2.72055e-06 6.65282e-05 -6.80422e-05 -0.000512721
22.54 4.09809e-07 -1.85551e-05 -2.60886e-06 6.54496e-05 -6.52486e-05 -0.00046407
22.56 3.844e-07 -1.57831e-05 -2.24065e-06 6.27358e-05 -5.60396e-05 -0.000394742
22.58 3.42986e-07 -1.24289e-05 -1.49836e-06 5.81856e-05 -3.74747e-05 -0.000310853
22.6 2.8133e-07 -8.81743e-06 -7.26938e-07 5.14308e-05 -1.8181e-05 -0.000220528
22.62 1.96507e-07 -5.77285e-06 -4.99046e-07 4.21112e-05 -1.24814e-05 -0.000144381
22.64 9.16052e-08 -3.94964e-06 -1.17351e-06 3.04352e-05 -2.935e-05 -9.87821e-05
22.66 -2.10641e-08 -2.89641e-06 -2.63336e-06 1.74472e-05 -6.58614e-05 -7.24403e-05
22.68 -1.25023e-07 -1.46743e-06 -4.36125e-06 4.47644e-06 -0.000109077 -3.6701e-05
22.7 -2.08616e-07 1.01783e-06 -5.8121e-06 -7.58274e-06 -0.000145363 2.54563e-05
22.72 -2.6872e-07 4.43133e-06 -6.90902e-06 -1.83942e-05 -0.000172798 0.000110829
22.74 -3.09224e-07 8.18646e-06 -8.16687e-06 -2.79131e-05 -0.000204257 0.000204747
22.76 -3.38341e-07 1.14984e-05 -1.00801e-05 -3.61881e-05 -0.000252108 0.00028758
22.78 -3.64645e-07 1.36913e-05 -1.23636e-05 -4.32398e-05 -0.000309219 0.000342426
22.8 -3.91858e-07 1.46337e-05 -1.40782e-05 -4.89656e-05 -0.000352101 0.000365995
22.82 -4.16543e-07 1.47318e-05 -1.4604e-05 -5.31632e-05 -0.000365252 0.000368449
22.84 -4.31015e-07 1.44145e-05 -1.42768e-05 -5.56234e-05 -0.000357069 0.000360512
22.86 -4.28297e-07 1.37949e-05 -1.39669e-05 -5.61595e-05 -0.000349318 0.000345015
22.88 -4.05139e-07 1.28028e-05 -1.42061e-05 -5.45896e-05 -0.0003553 0.000320204
22.9 -3.61876e-07 1.14207e-05 -1.48272e-05 -5.07393e-05 -0.000370835 0.000285637
22.92 -3.0144e-07 9.76005e-06 -1.52666e-05 -4.44654e-05 -0.000381824 0.000244103
22.94 -2.29251e-07 8.00416e-06 -1.4998e-05 -3.57581e-05 -0.000375107 0.000200187
22.96 -1.53076e-07 6.21367e-06 -1.37177e-05 -2.49937e-05 -0.000343086 0.000155406
22.98 -8.20689e-08 4.11529e-06 -1.13755e-05 -1.30903e-05 -0.000284506 0.000102925
23 -2.30759e-08 1.28906e-06 -8.25715e-06 -1.14748e-06 -0.000206515 3.22399e-05
23.02 2.39534e-08 -2.24287e-06 -5.01832e-06 1.01855e-05 -0.00012551 -5.6095e-05
23.04 6.55334e-08 -5.82813e-06 -2.40908e-06 2.08318e-05 -6.0252e-05 -0.000145764
23.06 1.08573e-07 -8.74196e-06 -7.64695e-07 3.0838e-05 -1.91253e-05 -0.00021864
23.08 1.55066e-07 -1.06805e-05 2.39541e-07 4.00663e-05 5.99103e-06 -0.000267125
23.1 2.01917e-07 -1.1645e-05 1.23861e-06 4.82871e-05 3.09782e-05 -0.000291247
23.12 2.43081e-07 -1.17333e-05 2.57526e-06 5.52735e-05 6.44083e-05 -0.000293454
23.14 2.70693e-07 -1.12558e-05 4.10206e-06 6.07376e-05 0.000102594 -0.000281513
23.16 2.7651e-07 -1.07813e-05 5.5366e-06 6.43314e-05 0.000138473 -0.000269645
23.18 2.55585e-07 -1.07647e-05 6.84392e-06 6.57875e-05 0.000171169 -0.00026923
23.2 2.10192e-07 -1.11029e-05 8.17632e-06 6.50328e-05 0.000204493 -0.000277688
23.22 1.4908e-07 -1.11704e-05 9.55289e-06 6.21772e-05 0.000238922 -0.000279376
23.24 8.30908e-08 -1.03227e-05 1.07235e-05 5.74129e-05 0.000268198 -0.000258176
23.26 2.03889e-08 -8.37006e-06 1.12795e-05 5.0872e-05 0.000282104 -0.000209339
23.28 -3.57783e-08 -5.67628e-06 1.07819e-05 4.25933e-05 0.00026966 -0.000141966
23.3 -8.51702e-08 -2.79866e-06 8.86708e-06 3.27667e-05 0.000221769 -6.99956e-05
23.32 -1.28065e-07 3.58723e-08 5.49164e-06 2.19838e-05 0.000137348 8.9718e-07
23.34 -1.65445e-07 2.95488e-06 1.22798e-06 1.10165e-05 3.07122e-05 7.39028e-05
23.36 -2.00785e-07 5.93743e-06 -2.82548e-06 3.26871e-07 -7.06664e-05 0.000148498
23.38 -2.38905e-07 8.57023e-06 -5.70947e-06 -1.00186e-05 -0.000142796 0.000214345
23.4 -2.81569e-07 1.03746e-05 -7.31638e-06 -1.99812e-05 -0.000182986 0.000259473
23.42 -3.24325e-07 1.12014e-05 -8.43538e-06 -2.92885e-05 -0.000210972 0.000280151
23.44 -3.57705e-07 1.13111e-05 -1.00941e-05 -3.75198e-05 -0.000252459 0.000282895
23.46 -3.71671e-07 1.12003e-05 -1.28276e-05 -4.42978e-05 -0.000320824 0.000280123
23.48 -3.60434e-07 1.13007e-05 -1.64275e-05 -4.93917e-05 -0.000410858 0.000282634
23.5 -3.25118e-07 1.16966e-05 -2.01793e-05 -5.27274e-05 -0.000504693 0.000292537
23.52 -2.72983e-07 1.20867e-05 -2.32652e-05 -5.43179e-05 -0.000581873 0.000302293
23.54 -2.13638e-07 1.20308e-05 -2.51098e-05 -5.4166e-05 -0.000628008 0.000300896
23.56 -1.54723e-07 1.12249e-05 -2.56092e-05 -5.22485e-05 -0.000640496 0.00028074
23.58 -1.00372e-07 9.53478e-06 -2.51207e-05 -4.85745e-05 -0.000628279 0.000238469
23.6 -5.13762e-08 6.9367e-06 -2.41567e-05 -4.31716e-05 -0.00060417 0.00017349
23.62 -5.43734e-09 3.64016e-06 -2.30626e-05 -3.60508e-05 -0.000576804 9.10419e-05
23.64 4.1415e-08 1.2256e-07 -2.1974e-05 -2.73592e-05 -0.000549579 3.06528e-06
23.66 9.23141e-08 -3.1413e-06 -2.09031e-05 -1.75497e-05 -0.000522794 -7.85653e-05
23.68 1.47622e-07 -5.8567e-06 -1.96951e-05 -7.21406e-06 -0.000492582 -0.000146479
23.7 2.04645e-07 -7.84373e-06 -1.80294e-05 3.21883e-06 -0.000450924 -0.000196175
23.72 2.57821e-07 -9.07459e-06 -1.56702e-05 1.34726e-05 -0.000391917 -0.000226959
23.74 2.99419e-07 -9.78724e-06 -1.26254e-05 2.32207e-05 -0.000315765 -0.000244783
23.76 3.21821e-07 -1.03352e-05 -8.95057e-06 3.20764e-05 -0.000223857 -0.000258488
23.78 3.20626e-07 -1.09016e-05 -4.62578e-06 3.9731e-05 -0.000115693 -0.000272653
23.8 2.9631e-07 -1.14555e-05 1.86207e-07 4.59961e-05 4.65712e-06 -0.000286506
23.82 2.53743e-07 -1.18862e-05 4.90368e-06 5.07596e-05 0.000122643 -0.000297278
23.84 2.00504e-07 -1.20319e-05 8.68986e-06 5.39695e-05 0.000217337 -0.000300924
23.86 1.4451e-07 -1.16471e-05 1.08672e-05 5.56314e-05 0.000271793 -0.0002913
23.88 9.07723e-08 -1.05133e-05 1.13137e-05 5.57811e-05 0.00028296 -0.000262943
23.9 3.97519e-08 -8.59147e-06 1.06303e-05 5.44614e-05 0.000265868 -0.000214876
23.92 -1.16275e-08 -6.00384e-06 9.85761e-06 5.16909e-05 0.000246543 -0.000150159
23.94 -6.7526e-08 -2.97168e-06 9.85959e-06 4.74132e-05 0.000246592 -7.4323e-05
23.96 -1.30481e-07 1.75055e-07 1.0867e-05 4.15499e-05 0.000271789 4.3782e-06
23.98 -1.99488e-07 3.08974e-06 1.24382e-05 3.41885e-05 0.000311084 7.72756e-05
24 -2.69477e-07 5.55331e-06 1.36589e-05 2.5641e-05 0.000341614 0.000138891
24.02 -3.32928e-07 7.45643e-06 1.34168e-05 1.62692e-05 0.000335559 0.000186488
24.04 -3.8236e-07 8.78529e-06 1.08584e-05 6.40098e-06 0.000271572 0.000219724
24.06 -4.12286e-07 9.77022e-06 6.04687e-06 -3.51978e-06 0.000151235 0.000244357
24.08 -4.2068e-07 1.08775e-05 2.24172e-07 -1.289e-05 5.60663e-06 0.00027205
24.1 -4.10163e-07 1.24092e-05 -4.99217e-06 -2.12045e-05 -0.000124856 0.00031036
24.12 -3.8761e-07 1.40986e-05 -8.868e-06 -2.82907e-05 -0.000221792 0.000352611
24.14 -3.61319e-07 1.52062e-05 -1.18259e-05 -3.42401e-05 -0.000295771 0.000380314
24.16 -3.36803e-07 1.50733e-05 -1.45403e-05 -3.91775e-05 -0.00036366 0.00037699
24.18 -3.13708e-07 1.36392e-05 -1.71198e-05 -4.31111e-05 -0.000428172 0.000341121
24.2 -2.86104e-07 1.15093e-05 -1.92192e-05 -4.59284e-05 -0.00048068 0.000287853
24.22 -2.46533e-07 9.51252e-06 -2.06397e-05 -4.74914e-05 -0.000516209 0.000237912
24.24 -1.9174e-07 8.04952e-06 -2.16067e-05 -4.77279e-05 -0.000540393 0.000201322
24.26 -1.25607e-07 6.78091e-06 -2.25097e-05 -4.65803e-05 -0.000562977 0.000169594
24.28 -5.62445e-08 5.02043e-06 -2.35146e-05 -4.38444e-05 -0.000588109 0.000125563
24.3 9.8614e-09 2.50058e-06 -2.44586e-05 -3.91781e-05 -0.00061172 6.25405e-05
24.32 7.0563e-08 -3.18605e-07 -2.49899e-05 -3.23997e-05 -0.000625007 -7.96845e-06
24.34 1.25399e-07 -2.71129e-06 -2.4691e-05 -2.37617e-05 -0.000617531 -6.78105e-05
24.36 1.71431e-07 -4.37295e-06 -2.31111e-05 -1.39049e-05 -0.000578018 -0.000109369
24.38 2.02963e-07 -5.65421e-06 -1.98939e-05 -3.615e-06 -0.000497555 -0.000141414
24.4 2.16161e-07 -7.13586e-06 -1.51631e-05 6.3881e-06 -0.000379234 -0.000178471
24.42 2.13929e-07 -8.95499e-06 -9.80165e-06 1.56107e-05 -0.000245143 -0.000223968
24.44 2.05229e-07 -1.05916e-05 -5.01744e-06 2.3897e-05 -0.000125488 -0.0002649
24.46 1.9858e-07 -1.13468e-05 -1.4586e-06 3.13648e-05 -3.64801e-05 -0.000283788
24.48 1.95796e-07 -1.09561e-05 1.08798e-06 3.81485e-05 2.72109e-05 -0.000274017
24.5 1.91222e-07 -9.74374e-06 3.16122e-06 4.41699e-05 7.90633e-05 -0.000243695
24.52 1.75896e-07 -8.35206e-06 5.0875e-06 4.91399e-05 0.00012724 -0.000208888
24.54 1.43147e-07 -7.35099e-06 7.00183e-06 5.27643e-05 0.000175119 -0.000183851
24.56 9.28584e-08 -6.86271e-06 9.059e-06 5.49387e-05 0.000226569 -0.000171639
24.58 3.23347e-08 -6.4112e-06 1.13393e-05 5.57313e-05 0.0002836 -0.000160347
24.6 -2.74077e-08 -5.29024e-06 1.35542e-05 5.5155e-05 0.000338996 -0.000132311
24.62 -7.79842e-08 -3.24448e-06 1.50095e-05 5.29673e-05 0.000375395 -8.11457e-05
24.64 -1.17169e-07 -7.43376e-07 1.49842e-05 4.8755e-05 0.00037476 -1.85921e-05
24.66 -1.46798e-07 1.51837e-06 1.31954e-05 4.22967e-05 0.000330021 3.7975e-05
24.68 -1.6858e-07 3.30438e-06 9.92974e-06 3.3856e-05 0.000248347 8.26438e-05
24.7 -1.82985e-07 4.88446e-06 5.80658e-06 2.40842e-05 0.000145225 0.000122162
24.72 -1.91468e-07 6.50108e-06 1.47968e-06 1.36711e-05 3.70075e-05 0.000162595
24.74 -1.97711e-07 7.97512e-06 -2.56042e-06 3.1377e-06 -6.40372e-05 0.000199461
24.76 -2.05515e-07 8.84944e-06 -6.13157e-06 -7.11866e-06 -0.000153353 0.000221328
24.78 -2.15138e-07 8.85415e-06 -9.37603e-06 -1.67283e-05 -0.000234498 0.000221446
24.8 -2.21741e-07 8.22217e-06 -1.25718e-05 -2.53678e-05 -0.000314426 0.00020564
24.82 -2.17951e-07 7.52464e-06 -1.59292e-05 -3.28591e-05 -0.000398395 0.000188194
24.84 -1.98841e-07 7.17225e-06 -1.95013e-05 -3.92089e-05 -0.000487735 0.000179381
24.86 -1.65128e-07 7.12468e-06 -2.31056e-05 -4.45131e-05 -0.00057788 0.000178191
24.88 -1.22227e-07 7.07812e-06 -2.63072e-05 -4.88027e-05 -0.000657954 0.000177027
24.9 -7.70179e-08 6.78566e-06 -2.86489e-05 -5.19555e-05 -0.000716521 0.000169712
24.92 -3.55095e-08 6.11814e-06 -2.99357e-05 -5.37117e-05 -0.000748704 0.000153017
24.94 -2.12959e-09 4.96749e-06 -3.01875e-05 -5.37489e-05 -0.000755002 0.000124239
24.96 2.10295e-08 3.28478e-06 -2.93852e-05 -5.17587e-05 -0.000734937 8.21537e-05
24.98 3.54028e-08 1.23723e-06 -2.75213e-05 -4.75005e-05 -0.000688319 3.09437e-05
25 4.55895e-08 -7.83023e-07 -2.49232e-05 -4.08886e-05 -0.000623339 -1.95837e-05
25.02 5.63331e-08 -2.40058e-06 -2.21856e-05 -3.21434e-05 -0.00055487 -6.00395e-05
25.04 6.92016e-08 -3.49025e-06 -1.95983e-05 -2.18608e-05 -0.000490162 -8.72926e-05
25.06 8.1946e-08 -4.14634e-06 -1.6885e-05 -1.08549e-05 -0.000422302 -0.000103702
25.08 9.03482e-08 -4.50551e-06 -1.35943e-05 1.31969e-07 -0.00034 -0.000112685
25.1 9.04281e-08 -4.65807e-06 -9.46394e-06 1.062e-05 -0.000236697 -0.0001165
25.12 7.98229e-08 -4.65502e-06 -4.43865e-06 2.03848e-05 -0.000111013 -0.000116424
25.14 5.84079e-08 -4.52178e-06 1.24484e-06 2.93456e-05 3.1134e-05 -0.000113092
25.16 2.79504e-08 -4.28028e-06 6.94822e-06 3.74664e-05 0.000173778 -0.000107052
25.18 -8.99361e-09 -3.97671e-06 1.1927e-05 4.46972e-05 0.0002983 -9.94593e-05
25.2 -4.98207e-08 -3.65252e-06 1.5792e-05 5.09358e-05 0.000394964 -9.1351e-05
25.22 -9.17183e-08 -3.26236e-06 1.85585e-05 5.60209e-05 0.000464156 -8.15929e-05
25.24 -1.31544e-07 -2.64668e-06 2.03577e-05 5.97625e-05 0.000509156 -6.61946e-05
25.26 -1.6674e-07 -1.63397e-06 2.12699e-05 6.19647e-05 0.000531969 -4.08664e-05
25.28 -1.96708e-07 -2.09118e-07 2.13782e-05 6.24234e-05 0.000534678 -5.23012e-06
25.3 -2.23215e-07 1.40132e-06 2.08553e-05 6.09328e-05 0.000521599 3.50476e-05
25.32 -2.48826e-07 2.82234e-06 1.99873e-05 5.73267e-05 0.00049989 7.0588e-05
25.34 -2.74071e-07 3.77531e-06 1.91364e-05 5.15627e-05 0.000478609 9.44221e-05
25.36 -2.95271e-07 4.30534e-06 1.84833e-05 4.38294e-05 0.000462274 0.000107678
25.38 -3.05224e-07 4.73684e-06 1.74727e-05 3.45674e-05 0.000436999 0.00011847
25.4 -2.97662e-07 5.30962e-06 1.47012e-05 2.43678e-05 0.000367684 0.000132796
25.42 -2.72075e-07 5.88048e-06 9.13965e-06 1.38681e-05 0.000228586 0.000147073
25.44 -2.33932e-07 6.08104e-06 1.52999e-06 3.68069e-06 3.82657e-05 0.000152089
25.46 -1.89847e-07 5.74252e-06 -6.22742e-06 -5.71858e-06 -0.00015575 0.000143623
25.48 -1.43042e-07 5.06237e-06 -1.29967e-05 -1.40692e-05 -0.000325054 0.000126612
25.5 -9.37782e-08 4.35712e-06 -1.88999e-05 -2.12903e-05 -0.000472696 0.000108973
25.52 -4.27665e-08 3.74681e-06 -2.41456e-05 -2.74335e-05 -0.000603891 9.37094e-05
25.54 7.44382e-09 3.11219e-06 -2.83608e-05 -3.26874e-05 -0.000709314 7.78373e-05
25.56 5.42114e-08 2.28776e-06 -3.11466e-05 -3.73154e-05 -0.000778989 5.72178e-05
25.58 9.6682e-08 1.22331e-06 -3.26282e-05 -4.14744e-05 -0.000816044 3.05955e-05
25.6 1.35622e-07 -1.87642e-08 -3.32989e-05 -4.50367e-05 -0.000832819 -4.69301e-07
25.62 1.7198e-07 -1.3275e-06 -3.36318e-05 -4.75504e-05 -0.000841145 -3.32014e-05
25.64 2.05692e-07 -2.56256e-06 -3.38831e-05 -4.83897e-05 -0.00084743 -6.40906e-05
25.66 2.35024e-07 -3.58021e-06 -3.40351e-05 -4.70157e-05 -0.000851232 -8.95426e-05
25.68 2.5639e-07 -4.33272e-06 -3.38618e-05 -4.31859e-05 -0.000846897 -0.000108363
25.7 2.65324e-07 -4.94112e-06 -3.31693e-05 -3.70193e-05 -0.000829578 -0.000123579
25.72 2.58329e-07 -5.58181e-06 -3.17907e-05 -2.89365e-05 -0.000795099 -0.000139603
25.74 2.34582e-07 -6.25801e-06 -2.90899e-05 -1.95593e-05 -0.000727551 -0.000156516
25.76 1.97042e-07 -6.721e-06 -2.40742e-05 -9.65022e-06 -0.000602105 -0.000168095
25.78 1.51948e-07 -6.65812e-06 -1.67595e-05 -8.9161e-09 -0.000419162 -0.000166522
25.8 1.05837e-07 -5.96653e-06 -8.79306e-06 8.7678e-06 -0.000219918 -0.000149225
25.82 6.15937e-08 -4.84797e-06 -1.87163e-06 1.64585e-05 -4.68102e-05 -0.00012125
25.84 1.73151e-08 -3.66159e-06 3.81939e-06 2.31376e-05 9.55246e-05 -9.15779e-05
25.86 -3.06176e-08 -2.69814e-06 8.97486e-06 2.90328e-05 0.000224465 -6.74816e-05
25.88 -8.36236e-08 -2.05588e-06 1.37808e-05 3.44906e-05 0.000344663 -5.14185e-05
25.9 -1.39585e-07 -1.63697e-06 1.78156e-05 3.99004e-05 0.000445575 -4.09412e-05
25.92 -1.94009e-07 -1.20053e-06 2.07494e-05 4.54778e-05 0.000518951 -3.00258e-05
25.94 -2.42035e-07 -4.73589e-07 2.25633e-05 5.10496e-05 0.000564317 -1.18447e-05
25.96 -2.80374e-07 6.85357e-07 2.33629e-05 5.59973e-05 0.000584317 1.71411e-05
25.98 -3.08455e-07 2.18641e-06 2.33431e-05 5.94085e-05 0.000583821 5.46831e-05
26 -3.27992e-07 3.77011e-06 2.28024e-05 6.03918e-05 0.000570297 9.4292e-05
26.02 -3.41239e-07 5.16103e-06 2.19854e-05 5.83998e-05 0.000549865 0.000129079
26.04 -3.4943e-07 6.18722e-06 2.10334e-05 5.34013e-05 0.000526054 0.000154745
26.06 -3.5222e-07 6.82933e-06 2.01592e-05 4.58692e-05 0.000504191 0.000170804
26.08 -3.4728e-07 7.19663e-06 1.93532e-05 3.66155e-05 0.000484032 0.000179991
26.1 -3.3115e-07 7.39368e-06 1.75556e-05 2.6572e-05 0.000439072 0.000184919
26.12 -3.02131e-07 7.3493e-06 1.3014e-05 1.66446e-05 0.000325487 0.000183809
26.14 -2.62543e-07 6.86073e-06 5.35549e-06 7.56127e-06 0.000133943 0.00017159
26.16 -2.17025e-07 5.91331e-06 -3.48898e-06 -3.44905e-07 -8.72609e-05 0.000147894
26.18 -1.68279e-07 4.87336e-06 -1.12382e-05 -7.18892e-06 -0.000281071 0.000121885
26.2 -1.1613e-07 4.2016e-06 -1.73102e-05 -1.33253e-05 -0.000432935 0.000105084
26.22 -6.09908e-08 3.98346e-06 -2.23712e-05 -1.91462e-05 -0.000559514 9.96281e-05
26.24 -6.56538e-09 3.84877e-06 -2.68257e-05 -2.50137e-05 -0.000670921 9.62593e-05
26.26 4.16992e-08 3.34025e-06 -3.03911e-05 -3.11429e-05 -0.000760094 8.35411e-05
26.28 8.02412e-08 2.30387e-06 -3.25503e-05 -3.74033e-05 -0.000814097 5.76208e-05
26.3 1.094e-07 9.82176e-07 -3.30238e-05 -4.3241e-05 -0.000825939 2.45646e-05
26.32 1.32338e-07 -1.95691e-07 -3.21449e-05 -4.7824e-05 -0.000803957 -4.8943e-06
26.34 1.51667e-07 -9.67466e-07 -3.0887e-05 -5.03333e-05 -0.000772496 -2.41967e-05
26.36 1.66361e-07 -1.46515e-06 -3.02106e-05 -5.0249e-05 -0.00075558 -3.6644e-05
26.38 1.72016e-07 -2.07317e-06 -3.02968e-05 -4.74615e-05 -0.000757737 -5.18509e-05
26.4 1.64775e-07 -3.00721e-06 -3.05604e-05 -4.21777e-05 -0.000764329 -7.52116e-05
26.42 1.44774e-07 -4.03097e-06 -3.01721e-05 -3.47808e-05 -0.000754618 -0.000100816
26.44 1.15588e-07 -4.61593e-06 -2.81838e-05 -2.58036e-05 -0.000704889 -0.000115446
26.46 8.14065e-08 -4.38681e-06 -2.36417e-05 -1.59985e-05 -0.000591288 -0.000109716
26.48 4.53359e-08 -3.42651e-06 -1.65372e-05 -6.27645e-06 -0.000413603 -8.56986e-05
26.5 9.42842e-09 -2.18643e-06 -8.40068e-06 2.6189e-06 -0.000210104 -5.46836e-05
26.52 -2.51296e-08 -1.10979e-06 -1.07967e-06 1.04378e-05 -2.7003e-05 -2.77564e-05
26.54 -5.81512e-08 -3.26153e-07 4.80649e-06 1.7398e-05 0.000120212 -8.15722e-06
26.56 -9.04017e-08 2.95797e-07 9.65841e-06 2.38966e-05 0.000241561 7.39802e-06
26.58 -1.23423e-07 8.3829e-07 1.37242e-05 3.02786e-05 0.000343247 2.0966e-05
26.6 -1.58932e-07 1.1715e-06 1.6792e-05 3.67359e-05 0.000419976 2.92997e-05
26.62 -1.97216e-07 1.13539e-06 1.86923e-05 4.32405e-05 0.000467503 2.83965e-05
26.64 -2.35436e-07 8.15142e-07 1.9586e-05 4.94956e-05 0.000489855 2.0387e-05
26.66 -2.67738e-07 5.78833e-07 1.98442e-05 5.49369e-05 0.000496312 1.44769e-05
26.68 -2.87645e-07 8.56552e-07 1.98366e-05 5.88097e-05 0.000496121 2.14227e-05
26.7 -2.91218e-07 1.86365e-06 1.97482e-05 6.03408e-05 0.000493912 4.66107e-05
26.72 -2.79044e-07 3.43356e-06 1.95072e-05 5.89508e-05 0.000487883 8.58749e-05
26.74 -2.56003e-07 5.04506e-06 1.89272e-05 5.44184e-05 0.000473377 0.000126179
26.76 -2.2849e-07 6.06985e-06 1.77834e-05 4.69776e-05 0.00044477 0.000151809
26.78 -2.00539e-07 6.1363e-06 1.55375e-05 3.7356e-05 0.000388599 0.000153471
26.8 -1.72476e-07 5.33036e-06 1.13648e-05 2.6701e-05 0.000284238 0.000133314
26.82 -1.43185e-07 4.03561e-06 5.10451e-06 1.62854e-05 0.000127666 0.000100932
26.84 -1.12524e-07 2.60205e-06 -2.10184e-06 7.0316e-06 -5.2568e-05 6.50783e-05
26.86 -8.06506e-08 1.21291e-06 -8.82481e-06 -7.93389e-07 -0.000220712 3.03353e-05
26.88 -4.59526e-08 1.38475e-08 -1.46836e-05 -7.45411e-06 -0.000367244 3.46333e-07
26.9 -5.51748e-09 -7.79106e-07 -2.01111e-05 -1.34279e-05 -0.000502988 -1.94858e-05
26.92 4.17721e-08 -9.89838e-07 -2.52403e-05 -1.92204e-05 -0.00063127 -2.47563e-05
26.94 9.28635e-08 -6.88886e-07 -2.96313e-05 -2.52686e-05 -0.000741091 -1.72293e-05
26.96 1.41147e-07 -2.44961e-07 -3.28142e-05 -3.17658e-05 -0.000820697 -6.12658e-06
26.98 1.79458e-07 -1.16075e-07 -3.46266e-05 -3.84676e-05 -0.000866025 -2.90309e-06
27 2.03325e-07 -5.34998e-07 -3.51511e-05 -4.46445e-05 -0.000879144 -1.33805e-05
27.02 2.12314e-07 -1.38239e-06 -3.46394e-05 -4.92633e-05 -0.000866346 -3.45742e-05
27.04 2.08825e-07 -2.36695e-06 -3.34659e-05 -5.13437e-05 -0.000836996 -5.91985e-05
27.06 1.95858e-07 -3.2831e-06 -3.19755e-05 -5.02993e-05 -0.00079972 -8.21117e-05
27.08 1.7613e-07 -4.04831e-06 -3.03859e-05 -4.60729e-05 -0.000759965 -0.00010125
27.1 1.52368e-07 -4.54319e-06 -2.88306e-05 -3.90639e-05 -0.000721066 -0.000113627
27.12 1.26741e-07 -4.55686e-06 -2.71418e-05 -2.99971e-05 -0.000678827 -0.000113969
27.14 9.96189e-08 -3.96378e-06 -2.44596e-05 -1.98637e-05 -0.000611745 -9.91357e-05
27.16 6.98158e-08 -2.90131e-06 -1.98088e-05 -9.8342e-06 -0.000495426 -7.2563e-05
27.18 3.65442e-08 -1.72009e-06 -1.34633e-05 -9.02315e-07 -0.000336722 -4.30203e-05
27.2 5.42353e-10 -7.54653e-07 -6.87648e-06 6.58501e-06 -0.000171984 -1.88742e-05
27.22 -3.66618e-08 -1.12766e-07 -9.7088e-07 1.29867e-05 -2.42821e-05 -2.82032e-06
27.24 -7.35444e-08 3.55062e-07 4.51804e-06 1.89431e-05 0.000112998 8.88024e-06
27.26 -1.08855e-07 8.5059e-07 9.83137e-06 2.4963e-05 0.000245887 2.12736e-05
27.28 -1.42226e-07 1.35368e-06 1.4384e-05 3.12877e-05 0.000359749 3.3856e-05
27.3 -1.74282e-07 1.61141e-06 1.74542e-05 3.78731e-05 0.000436537 4.0302e-05
27.32 -2.04922e-07 1.47403e-06 1.89398e-05 4.4386e-05 0.000473692 3.68662e-05
27.34 -2.31563e-07 1.18336e-06 1.92302e-05 5.0241e-05 0.000480956 2.95964e-05
27.36 -2.50229e-07 1.20306e-06 1.88128e-05 5.46675e-05 0.000470517 3.00891e-05
27.38 -2.58675e-07 1.75433e-06 1.81251e-05 5.68432e-05 0.000453317 4.38766e-05
27.4 -2.57745e-07 2.61562e-06 1.74507e-05 5.61548e-05 0.000436448 6.54179e-05
27.42 -2.49575e-07 3.39626e-06 1.67969e-05 5.24574e-05 0.000420098 8.49419e-05
27.44 -2.35384e-07 3.89712e-06 1.59857e-05 4.61202e-05 0.00039981 9.74686e-05
27.46 -2.15267e-07 4.14559e-06 1.47766e-05 3.78498e-05 0.000369568 0.000103683
27.48 -1.89444e-07 4.17961e-06 1.26804e-05 2.84942e-05 0.000317143 0.000104534
27.5 -1.59508e-07 3.90932e-06 8.96154e-06 1.89508e-05 0.000224132 9.77737e-05
27.52 -1.28482e-07 3.1934e-06 3.39692e-06 1.00448e-05 8.49585e-05 7.98684e-05
27.54 -9.91935e-08 2.02499e-06 -3.18021e-06 2.27783e-06 -7.95384e-05 5.06458e-05
27.56 -7.20263e-08 6.44655e-07 -9.6048e-06 -4.32326e-06 -0.00024022 1.61231e-05
27.58 -4.44919e-08 -5.4495e-07 -1.53426e-05 -1.00584e-05 -0.000383725 -1.36294e-05
27.6 -1.35991e-08 -1.21901e-06 -2.03557e-05 -1.53057e-05 -0.000509104 -3.0488e-05
27.62 2.14181e-08 -1.31217e-06 -2.44717e-05 -2.0398e-05 -0.000612048 -3.28179e-05
27.64 5.86035e-08 -9.88204e-07 -2.73742e-05 -2.55484e-05 -0.000684641 -2.47154e-05
27.66 9.45851e-08 -4.83142e-07 -2.89913e-05 -3.07328e-05 -0.000725086 -1.20836e-05
27.68 1.25696e-07 -9.94297e-09 -2.95774e-05 -3.56162e-05 -0.000739742 -2.48678e-07
27.7 1.48346e-07 2.36599e-07 -2.9502e-05 -3.9602e-05 -0.000737858 5.91745e-06
27.72 1.59492e-07 8.8019e-08 -2.90791e-05 -4.19793e-05 -0.00072728 2.20139e-06
27.74 1.57606e-07 -5.19754e-07 -2.84826e-05 -4.2128e-05 -0.000712361 -1.29993e-05
27.76 1.43529e-07 -1.47409e-06 -2.77165e-05 -3.97112e-05 -0.000693201 -3.68675e-05
27.78 1.2053e-07 -2.49645e-06 -2.66954e-05 -3.47613e-05 -0.000667664 -6.24372e-05
27.8 9.31427e-08 -3.23471e-06 -2.5294e-05 -2.76596e-05 -0.000632614 -8.09016e-05
27.82 6.5223e-08 -3.41132e-06 -2.31707e-05 -1.9094e-05 -0.00057951 -8.53187e-05
27.84 3.87348e-08 -2.96006e-06 -1.97654e-05 -1.00068e-05 -0.000494342 -7.40323e-05
27.86 1.41811e-08 -2.03401e-06 -1.49037e-05 -1.3944e-06 -0.000372748 -5.08715e-05
27.88 -8.40424e-09 -8.69433e-07 -9.24429e-06 6.06234e-06 -0.000231203 -2.17449e-05
27.9 -2.95433e-08 3.36629e-07 -3.70588e-06 1.22298e-05 -9.26857e-05 8.41923e-06
27.92 -5.10599e-08 1.40916e-06 1.32054e-06 1.73877e-05 3.30274e-05 3.52436e-05
27.94 -7.56894e-08 2.13596e-06 5.85563e-06 2.19473e-05 0.000146452 5.34213e-05
27.96 -1.05288e-07 2.33064e-06 9.77621e-06 2.63022e-05 0.000244507 5.82904e-05
27.98 -1.39206e-07 1.98478e-06 1.27824e-05 3.07567e-05 0.000319693 4.96401e-05
28 -1.74156e-07 1.32104e-06 1.4738e-05 3.53977e-05 0.000368604 3.30397e-05
28.02 -2.05454e-07 6.73538e-07 1.5768e-05 3.99793e-05 0.000394365 1.68455e-05
28.04 -2.28669e-07 3.16955e-07 1.60981e-05 4.39372e-05 0.00040262 7.92719e-06
28.06 -2.40825e-07 3.76941e-07 1.5928e-05 4.65399e-05 0.000398365 9.42746e-06
28.08 -2.40916e-07 8.31488e-07 1.53871e-05 4.71242e-05 0.000384837 2.07959e-05
28.1 -2.29852e-07 1.55136e-06 1.45128e-05 4.53191e-05 0.000362972 3.88001e-05
28.12 -2.10118e-07 2.34797e-06 1.32998e-05 4.11497e-05 0.000332635 5.87238e-05
28.14 -1.85145e-07 3.01167e-06 1.17508e-05 3.49956e-05 0.000293893 7.5323e-05
28.16 -1.5832e-07 3.34618e-06 9.73288e-06 2.74907e-05 0.000243423 8.36893e-05
28.18 -1.32153e-07 3.22097e-06 6.86118e-06 1.94439e-05 0.000171601 8.05578e-05
28.2 -1.08047e-07 2.62909e-06 2.87384e-06 1.17084e-05 7.1876e-05 6.57548e-05
28.22 -8.63969e-08 1.7026e-06 -1.89454e-06 4.91838e-06 -4.73832e-05 4.25826e-05
28.24 -6.6477e-08 6.61901e-07 -6.7632e-06 -7.34332e-07 -0.00016915 1.65544e-05
28.26 -4.64832e-08 -2.64939e-07 -1.13401e-05 -5.45795e-06 -0.000283621 -6.62624e-06
28.28 -2.43539e-08 -9.05297e-07 -1.55866e-05 -9.63177e-06 -0.000389828 -2.26419e-05
28.3 1.01353e-09 -1.17332e-06 -1.94058e-05 -1.36263e-05 -0.000485347 -2.93451e-05
28.32 2.91119e-08 -1.08069e-06 -2.25198e-05 -1.77064e-05 -0.00056323 -2.70285e-05
28.34 5.79831e-08 -7.30073e-07 -2.47131e-05 -2.19345e-05 -0.000618086 -1.82594e-05
28.36 8.47532e-08 -2.86668e-07 -2.59808e-05 -2.60956e-05 -0.000649791 -7.16969e-06
28.38 1.06252e-07 6.63684e-08 -2.64597e-05 -2.97181e-05 -0.000661769 1.6599e-06
28.4 1.19718e-07 1.79147e-07 -2.63377e-05 -3.21918e-05 -0.000658717 4.48054e-06
28.42 1.23469e-07 -1.48119e-08 -2.58076e-05 -3.2947e-05 -0.000645459 -3.70452e-07
28.44 1.17213e-07 -4.73129e-07 -2.50031e-05 -3.16342e-05 -0.000625337 -1.18332e-05
28.46 1.01939e-07 -1.06923e-06 -2.3946e-05 -2.8228e-05 -0.000598898 -2.67418e-05
28.48 7.95254e-08 -1.6425e-06 -2.25423e-05 -2.30176e-05 -0.000563792 -4.10797e-05
28.5 5.23244e-08 -2.03203e-06 -2.05592e-05 -1.65283e-05 -0.000514194 -5.0822e-05
28.52 2.28962e-08 -2.09922e-06 -1.76689e-05 -9.43768e-06 -0.000441907 -5.25024e-05
28.54 -6.26499e-09 -1.76715e-06 -1.37603e-05 -2.46042e-06 -0.000344151 -4.41972e-05
28.56 -3.32856e-08 -1.06352e-06 -9.20662e-06 3.84693e-06 -0.000230262 -2.65991e-05
28.58 -5.77001e-08 -1.23898e-07 -4.58156e-06 9.25534e-06 -0.000114587 -3.09873e-06
28.6 -8.07168e-08 8.54238e-07 -1.74203e-07 1.38544e-05 -4.3569e-06 2.13648e-05
28.62 -1.04404e-07 1.67648e-06 3.99213e-06 1.79076e-05 9.98448e-05 4.19294e-05
28.64 -1.30396e-07 2.20369e-06 7.81526e-06 2.17219e-05 0.000195463 5.51153e-05
