0.02 2.92208e-10 -8.75557e-10 1.4352e-07 -1.13788e-10 3.5895e-06 -2.1898e-08
0.04 1.5738e-09 -2.22968e-08 6.36787e-07 -7.6438e-10 1.59263e-05 -5.57653e-07
0.06 4.47033e-09 -1.08674e-07 1.40631e-06 -2.43429e-09 3.51724e-05 -2.71799e-06
0.08 9.20436e-09 -3.889e-07 2.2364e-06 -5.18529e-09 5.59334e-05 -9.72655e-06
0.1 1.54546e-08 -1.11498e-06 3.03347e-06 -8.7355e-09 7.58684e-05 -2.78862e-05
0.12 2.2344e-08 -2.45123e-06 3.81359e-06 -1.17055e-08 9.53794e-05 -6.13062e-05
0.14 2.83614e-08 -4.35755e-06 4.62204e-06 -8.96324e-09 0.000115599 -0.000108984
0.16 3.13145e-08 -6.66366e-06 5.46695e-06 9.60368e-09 0.000136731 -0.000166661
0.18 2.89523e-08 -9.14221e-06 6.35389e-06 5.58959e-08 0.000158913 -0.000228651
0.2 1.9866e-08 -1.17299e-05 7.34839e-06 1.37924e-07 0.000183786 -0.000293369
0.22 4.10954e-09 -1.45751e-05 8.57461e-06 2.55561e-07 0.000214455 -0.000364528
0.24 -1.66049e-08 -1.77119e-05 1.01319e-05 4.00672e-07 0.000253403 -0.000442981
0.26 -3.93409e-08 -2.09372e-05 1.19676e-05 5.61387e-07 0.000299314 -0.000523648
0.28 -6.10751e-08 -2.41645e-05 1.38271e-05 7.25644e-07 0.000345823 -0.000604365
0.3 -7.98908e-08 -2.7604e-05 1.53634e-05 8.80966e-07 0.000384246 -0.000690388
0.32 -9.53928e-08 -3.1391e-05 1.63077e-05 1.01571e-06 0.000407863 -0.000785102
0.34 -1.08502e-07 -3.53391e-05 1.65939e-05 1.12586e-06 0.00041502 -0.000883846
0.36 -1.21373e-07 -3.92107e-05 1.63652e-05 1.21918e-06 0.0004093 -0.000980677
0.38 -1.3728e-07 -4.29537e-05 1.58819e-05 1.30909e-06 0.000397213 -0.00107429
0.4 -1.59368e-07 -4.64365e-05 1.54523e-05 1.40679e-06 0.00038647 -0.0011614
0.42 -1.88639e-07 -4.91925e-05 1.53183e-05 1.5221e-06 0.000383117 -0.00123032
0.44 -2.23243e-07 -5.07372e-05 1.53578e-05 1.66362e-06 0.000384106 -0.00126896
0.46 -2.59834e-07 -5.11602e-05 1.49901e-05 1.82481e-06 0.000374909 -0.00127954
0.48 -2.9506e-07 -5.12218e-05 1.3743e-05 1.9693e-06 0.000343717 -0.00128108
0.5 -3.25863e-07 -5.17114e-05 1.18292e-05 2.04334e-06 0.000295854 -0.00129332
0.52 -3.49691e-07 -5.2752e-05 9.9248e-06 2.01261e-06 0.000248223 -0.00131935
0.54 -3.648e-07 -5.33869e-05 8.59251e-06 1.88718e-06 0.000214902 -0.00133523
0.56 -3.70102e-07 -5.21417e-05 7.96644e-06 1.70962e-06 0.000199244 -0.00130409
0.58 -3.64517e-07 -4.84841e-05 7.8011e-06 1.51887e-06 0.000195109 -0.00121261
0.6 -3.45786e-07 -4.32226e-05 7.84067e-06 1.3214e-06 0.000196098 -0.00108101
0.62 -3.09539e-07 -3.72224e-05 8.20742e-06 1.09243e-06 0.000205271 -0.000930948
0.64 -2.50042e-07 -3.04148e-05 9.40648e-06 8.03718e-07 0.00023526 -0.000760687
0.66 -1.63295e-07 -2.26002e-05 1.18868e-05 4.48978e-07 0.000297295 -0.00056524
0.68 -4.99099e-08 -1.42321e-05 1.55945e-05 4.56326e-08 0.000390026 -0.00035595
0.7 8.52724e-08 -5.82433e-06 1.99649e-05 -3.74266e-07 0.00049933 -0.000145669
0.72 2.3611e-07 2.74176e-06 2.43756e-05 -7.65148e-07 0.000609644 6.85726e-05
0.74 3.96992e-07 1.18754e-05 2.86299e-05 -1.07437e-06 0.000716046 0.000297009
0.76 5.61945e-07 2.1384e-05 3.31032e-05 -1.26973e-06 0.000827924 0.000534822
0.78 7.24245e-07 3.07072e-05 3.84723e-05 -1.3589e-06 0.000962207 0.000767999
0.8 8.78087e-07 3.9669e-05 4.50425e-05 -1.36348e-06 0.00112653 0.000992139
0.82 1.01942e-06 4.81601e-05 5.2061e-05 -1.27699e-06 0.00130207 0.0012045
0.84 1.14475e-06 5.5419e-05 5.80549e-05 -1.07155e-06 0.00145198 0.00138605
0.86 1.25007e-06 6.02259e-05 6.21438e-05 -7.46417e-07 0.00155424 0.00150628
0.88 1.33142e-06 6.20098e-05 6.47253e-05 -3.42374e-07 0.00161881 0.00155089
0.9 1.38552e-06 6.13775e-05 6.69109e-05 1.02536e-07 0.00167347 0.00153508
0.92 1.40937e-06 5.96108e-05 6.94336e-05 5.89855e-07 0.00173656 0.00149089
0.94 1.40071e-06 5.75657e-05 7.21392e-05 1.13954e-06 0.00180423 0.00143974
0.96 1.36004e-06 5.51976e-05 7.39504e-05 1.74675e-06 0.00184953 0.00138052
0.98 1.29211e-06 5.21584e-05 7.34018e-05 2.37047e-06 0.00183581 0.0013045
1 1.19362e-06 4.98763e-05 6.33573e-05 2.95645e-06 0.00158459 0.00124743
1.02 1.05668e-06 4.92452e-05 4.23941e-05 3.44606e-06 0.0010603 0.00123164
1.04 8.88812e-07 4.73654e-05 2.58218e-05 3.74482e-06 0.000645814 0.00118463
1.06 6.99933e-07 4.27899e-05 1.98778e-05 3.74946e-06 0.000497152 0.00107019
1.08 4.93293e-07 3.69396e-05 1.67333e-05 3.47134e-06 0.000418506 0.000923874
1.1 2.77171e-07 3.08382e-05 1.20441e-05 3.06137e-06 0.000301229 0.000771276
1.12 6.45169e-08 2.63479e-05 1.03309e-06 2.65542e-06 2.58381e-05 0.000658971
1.14 -1.27649e-07 2.43133e-05 -1.71844e-05 2.22928e-06 -0.000429788 0.000608085
1.16 -2.82145e-07 2.25019e-05 -3.21824e-05 1.59772e-06 -0.000804896 0.000562782
1.18 -4.00434e-07 2.03578e-05 -4.06032e-05 5.56053e-07 -0.0010155 0.000509156
1.2 -5.00289e-07 1.91254e-05 -4.99404e-05 -9.12353e-07 -0.00124903 0.000478333
1.22 -5.94525e-07 1.75829e-05 -6.22584e-05 -2.56114e-06 -0.00155711 0.000439756
1.24 -6.78805e-07 1.35723e-05 -7.04662e-05 -4.05095e-06 -0.00176239 0.00033945
1.26 -7.34425e-07 7.65377e-06 -6.71524e-05 -5.18211e-06 -0.00167951 0.000191424
1.28 -7.44768e-07 2.80038e-06 -5.34439e-05 -5.95093e-06 -0.00133665 7.00387e-05
1.3 -7.03155e-07 9.42896e-07 -3.61858e-05 -6.44225e-06 -0.000905021 2.35822e-05
1.32 -6.05497e-07 1.28278e-06 -2.10206e-05 -6.73387e-06 -0.000525734 3.20827e-05
1.34 -4.45746e-07 2.02201e-06 -1.04035e-05 -6.87986e-06 -0.000260195 5.05714e-05
1.36 -2.36211e-07 5.3342e-06 -1.15576e-05 -6.90239e-06 -0.00028906 0.00013341
1.38 -6.49174e-09 1.39559e-05 -2.29462e-05 -6.78381e-06 -0.000573893 0.000349043
1.4 2.26258e-07 2.36249e-05 -2.1985e-05 -6.515e-06 -0.000549855 0.000590869
1.42 4.49069e-07 3.02642e-05 -8.96948e-07 -6.07677e-06 -2.2433e-05 0.00075692
1.44 6.43028e-07 3.49745e-05 2.45344e-05 -5.28373e-06 0.000613614 0.000874728
1.46 7.99559e-07 3.9408e-05 4.2961e-05 -3.80583e-06 0.00107447 0.00098561
1.48 9.35642e-07 4.47967e-05 5.50729e-05 -1.527e-06 0.0013774 0.00112038
1.5 1.08511e-06 5.29533e-05 6.52378e-05 1.18065e-06 0.00163163 0.00132438
1.52 1.26226e-06 6.43814e-05 7.40961e-05 3.64235e-06 0.00185317 0.00161021
1.54 1.44363e-06 7.57495e-05 7.87411e-05 5.31841e-06 0.00196935 0.00189453
1.56 1.58954e-06 8.21587e-05 7.53332e-05 6.0914e-06 0.00188411 0.00205482
1.58 1.67179e-06 8.22242e-05 6.28129e-05 6.27545e-06 0.00157098 0.00205646
1.6 1.67886e-06 7.85312e-05 4.79572e-05 6.39277e-06 0.00119943 0.0019641
1.62 1.60683e-06 7.37085e-05 4.19684e-05 6.80828e-06 0.00104965 0.00184348
1.64 1.45524e-06 6.89275e-05 4.76615e-05 7.48433e-06 0.00119203 0.00172391
1.66 1.23255e-06 6.42909e-05 5.57357e-05 8.09848e-06 0.00139397 0.00160794
1.68 9.6187e-07 5.81875e-05 5.53694e-05 8.34551e-06 0.00138481 0.00145529
1.7 6.77686e-07 4.75206e-05 4.41557e-05 8.0358e-06 0.00110435 0.00118851
1.72 4.11874e-07 3.22078e-05 2.62565e-05 6.999e-06 0.000656686 0.00080553
1.74 1.75321e-07 1.70882e-05 5.52545e-06 5.12573e-06 0.000138194 0.000427382
1.76 -4.93245e-08 5.27328e-06 -1.5677e-05 2.56936e-06 -0.000392088 0.000131887
1.78 -2.91863e-07 -6.28873e-06 -3.41777e-05 -2.17783e-07 -0.000854798 -0.000157284
1.8 -5.68887e-07 -2.21371e-05 -4.73157e-05 -2.70744e-06 -0.00118339 -0.000553658
1.82 -8.72392e-07 -4.21827e-05 -5.58061e-05 -4.53353e-06 -0.00139573 -0.00105501
1.84 -1.178e-06 -6.25509e-05 -6.16478e-05 -5.60112e-06 -0.00154184 -0.00156442
1.86 -1.4615e-06 -7.94268e-05 -6.61861e-05 -6.10835e-06 -0.00165534 -0.0019865
1.88 -1.70958e-06 -9.07429e-05 -7.17594e-05 -6.44361e-06 -0.00179473 -0.00226952
1.9 -1.91869e-06 -9.73077e-05 -8.0817e-05 -6.92302e-06 -0.00202127 -0.00243371
1.92 -2.08694e-06 -0.000102156 -9.27685e-05 -7.57092e-06 -0.00232018 -0.00255497
1.94 -2.20954e-06 -0.000107699 -0.000104366 -8.15991e-06 -0.00261025 -0.0026936
1.96 -2.28106e-06 -0.000112857 -0.000112769 -8.40907e-06 -0.00282039 -0.0028226
1.98 -2.29945e-06 -0.000113625 -0.000116345 -8.10292e-06 -0.00290984 -0.00284182
2 -2.26681e-06 -0.00010713 -0.000114221 -7.12136e-06 -0.00285671 -0.00267937
2.02 -2.18293e-06 -9.36805e-05 -0.00010656 -5.50894e-06 -0.00266511 -0.00234299
2.04 -2.03805e-06 -7.54226e-05 -9.51795e-05 -3.54374e-06 -0.00238048 -0.00188635
2.06 -1.81374e-06 -5.4852e-05 -8.23534e-05 -1.6614e-06 -0.00205969 -0.00137187
2.08 -1.49169e-06 -3.38381e-05 -6.83505e-05 -2.50511e-07 -0.00170947 -0.000846305
2.1 -1.06519e-06 -1.22725e-05 -5.15871e-05 5.25224e-07 -0.00129021 -0.000306942
2.12 -5.47792e-07 1.09823e-05 -3.13574e-05 7.80965e-07 -0.000784261 0.000274672
2.14 2.60217e-08 3.52772e-05 -9.39469e-06 8.33054e-07 -0.000234965 0.000882297
2.16 6.1306e-07 5.81532e-05 1.22981e-05 1.02016e-06 0.00030758 0.00145444
2.18 1.17702e-06 7.83884e-05 3.30492e-05 1.51743e-06 0.000826574 0.00196053
2.2 1.6938e-06 9.6372e-05 5.3436e-05 2.26478e-06 0.00133646 0.0024103
2.22 2.14738e-06 0.000111891 7.56864e-05 3.03633e-06 0.00189295 0.00279845
2.24 2.52437e-06 0.00012489 0.000100692 3.58854e-06 0.00251836 0.00312355
2.26 2.81363e-06 0.000135851 0.000124882 3.81125e-06 0.00312335 0.00339768
2.28 3.01252e-06 0.000143914 0.000143742 3.785e-06 0.00359505 0.00359934
2.3 3.13098e-06 0.000147053 0.000156323 3.68344e-06 0.0039097 0.00367785
2.32 3.18291e-06 0.00014442 0.000162803 3.61655e-06 0.00407177 0.00361201
2.34 3.17194e-06 0.000137239 0.000161571 3.58187e-06 0.00404096 0.00343239
2.36 3.08899e-06 0.000127643 0.000152756 3.54009e-06 0.0038205 0.00319241
2.38 2.921e-06 0.000117393 0.000139467 3.48477e-06 0.00348813 0.00293605
2.4 2.6591e-06 0.000106895 0.000123591 3.4335e-06 0.00309107 0.00267349
2.42 2.30473e-06 9.55987e-05 0.00010504 3.38883e-06 0.0026271 0.00239096
2.44 1.87239e-06 8.33231e-05 8.37784e-05 3.32625e-06 0.00209533 0.00208395
2.46 1.38493e-06 6.94693e-05 5.98855e-05 3.20521e-06 0.00149776 0.00173746
2.48 8.66735e-07 5.31452e-05 3.40913e-05 2.98241e-06 0.000852637 0.00132918
2.5 3.39831e-07 3.54642e-05 8.1411e-06 2.63217e-06 0.000203612 0.000886975
2.52 -1.79657e-07 1.80086e-05 -1.75916e-05 2.15935e-06 -0.000439974 0.000450401
2.54 -6.8231e-07 1.084e-06 -4.55992e-05 1.56511e-06 -0.00114045 2.71112e-05
2.56 -1.15916e-06 -1.52574e-05 -7.65598e-05 7.93064e-07 -0.00191479 -0.000381594
2.58 -1.59411e-06 -3.02074e-05 -0.000105212 -2.59137e-07 -0.0026314 -0.0007555
2.6 -1.968e-06 -4.24585e-05 -0.000126162 -1.64758e-06 -0.00315537 -0.00106191
2.62 -2.26867e-06 -5.07841e-05 -0.000139825 -3.29968e-06 -0.00349707 -0.00127013
2.64 -2.48922e-06 -5.37577e-05 -0.000149265 -5.02585e-06 -0.00373317 -0.0013445
2.66 -2.61803e-06 -5.26292e-05 -0.000154527 -6.62046e-06 -0.00386478 -0.00131628
2.68 -2.63583e-06 -5.13972e-05 -0.000152895 -7.97759e-06 -0.00382397 -0.00128547
2.7 -2.526e-06 -5.19243e-05 -0.000142927 -9.12341e-06 -0.00357465 -0.00129865
2.72 -2.28551e-06 -5.18282e-05 -0.000125304 -1.01255e-05 -0.00313391 -0.00129625
2.74 -1.92715e-06 -4.69252e-05 -0.00010282 -1.09617e-05 -0.00257157 -0.00117362
2.76 -1.47676e-06 -3.66759e-05 -7.9047e-05 -1.14859e-05 -0.001977 -0.00091728
2.78 -9.62507e-07 -2.43149e-05 -5.33077e-05 -1.15284e-05 -0.00133325 -0.000608126
2.8 -4.00366e-07 -1.14317e-05 -1.98091e-05 -1.10032e-05 -0.000495435 -0.000285912
2.82 2.07439e-07 3.02816e-06 2.51264e-05 -9.9056e-06 0.000628421 7.57354e-05
2.84 8.58184e-07 1.91022e-05 7.72815e-05 -8.25677e-06 0.00193284 0.000477753
2.86 1.53647e-06 3.35694e-05 0.000128534 -6.10328e-06 0.00321469 0.000839584
2.88 2.21514e-06 4.21148e-05 0.000172907 -3.53884e-06 0.00432447 0.00105331
2.9 2.85971e-06 4.30395e-05 0.000207426 -6.66697e-07 0.00518782 0.00107644
2.92 3.42968e-06 3.83144e-05 0.000233047 2.44718e-06 0.00582859 0.000958258
2.94 3.88175e-06 3.19993e-05 0.000255204 5.7485e-06 0.00638275 0.000800316
2.96 4.17819e-06 2.72467e-05 0.00027834 9.16473e-06 0.00696139 0.000681452
2.98 4.29679e-06 2.44283e-05 0.000299978 1.26545e-05 0.00750257 0.000610963
3 4.23711e-06 2.11974e-05 0.000313071 1.62283e-05 0.00783003 0.000530156
3.02 4.01967e-06 1.39752e-05 0.000312965 1.98129e-05 0.00782737 0.000349525
3.04 3.67834e-06 1.04362e-06 0.000300227 2.30958e-05 0.00750879 2.61013e-05
3.06 3.24537e-06 -1.59917e-05 0.000277992 2.55923e-05 0.0069527 -0.000399959
3.08 2.73733e-06 -3.43616e-05 0.000248816 2.68982e-05 0.006223 -0.000859398
3.1 2.15222e-06 -5.41048e-05 0.00021303 2.68626e-05 0.00532797 -0.00135318
3.12 1.47948e-06 -7.76837e-05 0.000168521 2.5568e-05 0.00421479 -0.0019429
3.14 7.171e-07 -0.000103831 0.000113802 2.3244e-05 0.00284624 -0.00259687
3.16 -1.19413e-07 -0.000126609 5.23009e-05 2.01883e-05 0.00130807 -0.00316654
3.18 -1.0038e-06 -0.000142225 -8.63651e-06 1.6629e-05 -0.000216003 -0.0035571
3.2 -1.9131e-06 -0.00015308 -6.53433e-05 1.25943e-05 -0.00163426 -0.0038286
3.22 -2.82751e-06 -0.000163361 -0.000120433 7.98859e-06 -0.00301208 -0.00408572
3.24 -3.713e-06 -0.000173387 -0.000175855 2.83677e-06 -0.00439821 -0.00433648
3.26 -4.51691e-06 -0.000181212 -0.000229108 -2.62948e-06 -0.00573008 -0.00453218
3.28 -5.18718e-06 -0.000185416 -0.00027657 -8.16536e-06 -0.00691714 -0.00463734
3.3 -5.69333e-06 -0.000185051 -0.000316403 -1.36718e-05 -0.00791337 -0.0046282
3.32 -6.02793e-06 -0.000180393 -0.000347736 -1.90631e-05 -0.00869701 -0.00451169
3.34 -6.1891e-06 -0.000172097 -0.000368474 -2.40515e-05 -0.00921569 -0.00430422
3.36 -6.16634e-06 -0.000158213 -0.000375765 -2.81815e-05 -0.00939804 -0.00395697
3.38 -5.94339e-06 -0.000135298 -0.000368209 -3.10853e-05 -0.00920907 -0.00338385
3.4 -5.50958e-06 -0.00010336 -0.000346883 -3.26705e-05 -0.0086757 -0.00258507
3.42 -4.86576e-06 -6.63952e-05 -0.000314514 -3.30773e-05 -0.00786611 -0.00166057
3.44 -4.0232e-06 -2.81084e-05 -0.000273463 -3.2486e-05 -0.00683941 -0.000703002
3.46 -3.00402e-06 9.97057e-06 -0.0002246 -3.09546e-05 -0.00561733 0.000249368
3.48 -1.84261e-06 4.72225e-05 -0.00016701 -2.84069e-05 -0.00417698 0.00118106
3.5 -5.83558e-07 8.36906e-05 -9.97334e-05 -2.47424e-05 -0.00249437 0.00209314
3.52 7.23823e-07 0.000120493 -2.4867e-05 -1.994e-05 -0.000621933 0.00301358
3.54 2.03068e-06 0.000158594 5.20381e-05 -1.40879e-05 0.0013015 0.00396649
3.56 3.28919e-06 0.000196305 0.000124565 -7.38932e-06 0.00311542 0.00490967
3.58 4.45365e-06 0.000229383 0.00018944 -1.82665e-07 0.00473798 0.00573696
3.6 5.48685e-06 0.000255108 0.000248362 7.09359e-06 0.00621164 0.00638036
3.62 6.36372e-06 0.000274792 0.000304411 1.4036e-05 0.00761345 0.00687266
3.64 7.06686e-06 0.000291376 0.000356653 2.03925e-05 0.00892003 0.00728743
3.66 7.58149e-06 0.000304622 0.000399912 2.60217e-05 0.010002 0.00761873
3.68 7.89971e-06 0.000310247 0.000430048 3.0754e-05 0.0107557 0.00775941
3.7 8.02443e-06 0.000304726 0.000445491 3.43448e-05 0.0111419 0.00762132
3.72 7.95877e-06 0.00028815 0.000444506 3.65651e-05 0.0111173 0.00720675
3.74 7.69259e-06 0.000262845 0.000426346 3.72869e-05 0.0106631 0.00657385
3.76 7.20378e-06 0.000231209 0.00039358 3.64864e-05 0.00984359 0.00578264
3.78 6.47376e-06 0.000195135 0.000350057 3.42464e-05 0.00875507 0.0048804
3.8 5.50203e-06 0.000156165 0.000297475 3.078e-05 0.00743998 0.00390574
3.82 4.31145e-06 0.000114074 0.00023679 2.63653e-05 0.0059222 0.00285303
3.84 2.94785e-06 6.72575e-05 0.000170834 2.11958e-05 0.00427262 0.00168214
3.86 1.47296e-06 1.57842e-05 0.00010161 1.53445e-05 0.0025413 0.000394768
3.88 -4.76119e-08 -3.70203e-05 2.84121e-05 8.90568e-06 0.000710597 -0.000925892
3.9 -1.55377e-06 -8.65912e-05 -4.93043e-05 2.09561e-06 -0.00123312 -0.00216568
3.92 -2.99206e-06 -0.000129966 -0.000129348 -4.8441e-06 -0.00323506 -0.0032505
3.94 -4.30988e-06 -0.000165634 -0.000207164 -1.17677e-05 -0.00518125 -0.00414257
3.96 -5.45462e-06 -0.000193293 -0.00027734 -1.85681e-05 -0.00693639 -0.00483433
3.98 -6.37737e-06 -0.000213269 -0.000333907 -2.5032e-05 -0.00835116 -0.00533394
4 -7.03457e-06 -0.000224342 -0.000371688 -3.08024e-05 -0.00929606 -0.0056109
4.02 -7.39069e-06 -0.000225018 -0.000388998 -3.54631e-05 -0.00972899 -0.0056278
4.04 -7.42158e-06 -0.000216574 -0.000387068 -3.86632e-05 -0.00968074 -0.0054166
4.06 -7.11558e-06 -0.000202002 -0.000367404 -4.02297e-05 -0.00918892 -0.00505216
4.08 -6.47326e-06 -0.000181715 -0.000331453 -4.02028e-05 -0.00828978 -0.00454476
4.1 -5.51403e-06 -0.000154306 -0.000282082 -3.87408e-05 -0.00705498 -0.00385927
4.12 -4.28755e-06 -0.000121845 -0.000222616 -3.59821e-05 -0.00556771 -0.00304738
4.14 -2.87119e-06 -8.91637e-05 -0.00015375 -3.19837e-05 -0.00384536 -0.00223002
4.16 -1.35127e-06 -5.84563e-05 -7.41388e-05 -2.67168e-05 -0.00185424 -0.00146202
4.18 1.96216e-07 -2.72856e-05 1.59096e-05 -2.00787e-05 0.000397905 -0.000682425
4.2 1.71011e-06 6.28975e-06 0.000112866 -1.20078e-05 0.00282282 0.000157309
4.22 3.14321e-06 3.98966e-05 0.000212337 -2.71089e-06 0.00531063 0.00099783
4.24 4.46694e-06 7.06855e-05 0.000310209 7.24232e-06 0.00775847 0.00176787
4.26 5.66643e-06 9.75538e-05 0.000399639 1.71246e-05 0.00999515 0.00243986
4.28 6.72479e-06 0.0001193 0.000472534 2.63222e-05 0.0118183 0.00298374
4.3 7.61355e-06 0.000135526 0.000524775 3.43961e-05 0.0131248 0.00338956
4.32 8.29529e-06 0.000148353 0.00055643 4.10366e-05 0.0139165 0.00371037
4.34 8.72836e-06 0.000158519 0.00056881 4.61005e-05 0.0142262 0.00396462
4.36 8.86988e-06 0.000162013 0.000563945 4.96217e-05 0.0141045 0.00405201
4.38 8.68342e-06 0.000153835 0.000544409 5.1675e-05 0.0136159 0.00384747
4.4 8.1491e-06 0.000130923 0.000511841 5.2258e-05 0.0128014 0.00327444
4.42 7.26996e-06 9.24482e-05 0.000467354 5.13326e-05 0.0116887 0.00231217
4.44 6.06658e-06 4.13291e-05 0.000410085 4.88931e-05 0.0102564 0.00103366
4.46 4.56488e-06 -1.75635e-05 0.000335311 4.493e-05 0.00838627 -0.00043927
4.48 2.79645e-06 -8.10768e-05 0.000239526 3.93868e-05 0.00599064 -0.00202776
4.5 8.07107e-07 -0.000148803 0.000125931 3.22365e-05 0.00314959 -0.00372162
4.52 -1.34644e-06 -0.000222543 1.41891e-06 2.36105e-05 3.54875e-05 -0.0055659
4.54 -3.60835e-06 -0.000303644 -0.000128714 1.38461e-05 -0.00321919 -0.00759427
4.56 -5.92778e-06 -0.000388909 -0.00026181 3.46572e-06 -0.00654799 -0.00972677
4.58 -8.25379e-06 -0.000471197 -0.000396125 -6.8715e-06 -0.00990724 -0.0117848
4.6 -1.05262e-05 -0.000544413 -0.000527265 -1.65139e-05 -0.0131871 -0.013616
4.62 -1.26668e-05 -0.000604159 -0.000646659 -2.50531e-05 -0.0161732 -0.0151103
4.64 -1.45775e-05 -0.000644681 -0.000747035 -3.24299e-05 -0.0186837 -0.0161237
4.66 -1.61523e-05 -0.000660439 -0.000829368 -3.87714e-05 -0.0207429 -0.0165179
4.68 -1.72944e-05 -0.000649802 -0.000899727 -4.41594e-05 -0.0225026 -0.0162518
4.7 -1.79247e-05 -0.00061337 -0.000959862 -4.85687e-05 -0.0240067 -0.0153406
4.72 -1.79873e-05 -0.000551589 -0.00100449 -5.1925e-05 -0.0251229 -0.0137955
4.74 -1.746e-05 -0.000466832 -0.00102621 -5.41431e-05 -0.0256661 -0.0116757
4.76 -1.63656e-05 -0.00036462 -0.00102099 -5.51488e-05 -0.0255356 -0.00911931
4.78 -1.47674e-05 -0.000250414 -0.000989802 -5.49012e-05 -0.0247556 -0.00626295
4.8 -1.27512e-05 -0.000127287 -0.000935894 -5.3358e-05 -0.0234073 -0.0031835
4.82 -1.04071e-05 2.5966e-06 -0.000860285 -5.04391e-05 -0.0215163 6.4942e-05
4.84 -7.82236e-06 0.000138482 -0.000761492 -4.61098e-05 -0.0190455 0.00346349
4.86 -5.0762e-06 0.000283211 -0.000640744 -4.05115e-05 -0.0160255 0.00708323
4.88 -2.2344e-06 0.000440047 -0.000505551 -3.39474e-05 -0.0126443 0.0110058
4.9 6.54258e-07 0.000606026 -0.00036629 -2.67659e-05 -0.00916129 0.015157
4.92 3.55529e-06 0.000770522 -0.000229415 -1.93425e-05 -0.005738 0.0192711
4.94 6.43814e-06 0.000920709 -9.54576e-05 -1.21346e-05 -0.00238766 0.0230274
4.96 9.25841e-06 0.00104703 3.6891e-05 -5.59567e-06 0.000922429 0.026187
4.98 1.19435e-05 0.00114514 0.000167487 4.19049e-08 0.0041887 0.0286419
5 1.4396e-05 0.00121584 0.000295068 4.86695e-06 0.00737953 0.0304118
5.02 1.65142e-05 0.00126258 0.000417513 9.15839e-06 0.0104419 0.0315825
5.04 1.8216e-05 0.00128712 0.000532326 1.31563e-05 0.0133135 0.0321977
5.06 1.94508e-05 0.00128617 0.000637913 1.6889e-05 0.0159543 0.0321739
5.08 2.01964e-05 0.00125239 0.000732967 2.0135e-05 0.0183317 0.031329
5.1 2.04438e-05 0.00117856 0.000813244 2.25822e-05 0.0203395 0.0294825
5.12 2.01756e-05 0.001059 0.000870905 2.41146e-05 0.0217818 0.0264922
5.14 1.93547e-05 0.00088918 0.000899928 2.49709e-05 0.0225078 0.022245
5.16 1.79259e-05 0.000665921 0.000900676 2.56193e-05 0.0225265 0.0166612
5.18 1.58311e-05 0.000390125 0.000878286 2.6513e-05 0.0219665 0.00976345
5.2 1.30294e-05 7.10292e-05 0.000837443 2.79968e-05 0.020945 0.00178274
5.22 9.52237e-06 -0.000271611 0.000779945 3.03626e-05 0.019507 -0.00678683
5.24 5.37887e-06 -0.000612138 0.000704849 3.38246e-05 0.0176288 -0.0153036
5.26 7.39719e-07 -0.00093049 0.000606774 3.83112e-05 0.0151759 -0.0232672
5.28 -4.19857e-06 -0.0012177 0.000476271 4.32656e-05 0.011912 -0.0304666
5.3 -9.20992e-06 -0.00147117 0.000306716 4.77621e-05 0.00767132 -0.0369091
5.32 -1.40664e-05 -0.00168519 0.000102291 5.10687e-05 0.00255857 -0.0427048
5.34 -1.857e-05 -0.00184565 -0.000122528 5.32798e-05 -0.00306425 -0.0480128
5.36 -2.25764e-05 -0.00194211 -0.000350472 5.49641e-05 -0.00876523 -0.0529475
5.38 -2.5988e-05 -0.00198705 -0.000568183 5.56907e-05 -0.0142103 -0.0573305
5.4 -2.87385e-05 -0.00200452 -0.000766946 5.36564e-05 -0.0191815 -0.0605903
5.42 -3.07829e-05 -0.00200904 -0.000938669 4.74589e-05 -0.0234767 -0.0618497
5.44 -3.20623e-05 -0.00195639 -0.00107531 3.79672e-05 -0.0268955 -0.060533
5.46 -3.24888e-05 -0.00180364 -0.00117113 2.76155e-05 -0.0292943 -0.0567126
5.48 -3.19806e-05 -0.00157085 -0.00122433 1.71859e-05 -0.0306279 -0.0508905
5.5 -3.0456e-05 -0.00128343 -0.00123613 4.86687e-06 -0.0309238 -0.0437019
5.52 -2.78229e-05 -0.000963004 -0.00120445 -1.07365e-05 -0.0301313 -0.035688
5.54 -2.40245e-05 -0.000633205 -0.00112201 -2.8532e-05 -0.0280696 -0.0274393
5.56 -1.91242e-05 -0.000320485 -0.000984893 -4.62154e-05 -0.0246402 -0.0196163
5.58 -1.33663e-05 -4.57191e-05 -0.000804352 -6.21682e-05 -0.0201248 -0.0127374
5.6 -7.13431e-06 0.000188081 -0.000602236 -7.54757e-05 -0.0150698 -0.00687148
5.62 -8.53142e-07 0.000397547 -0.000391912 -8.48141e-05 -0.00980948 -0.00159218
5.64 5.08543e-06 0.000606207 -0.00017576 -8.83266e-05 -0.00440344 0.00371456
5.66 1.03573e-05 0.000825587 4.31907e-05 -8.48388e-05 0.00107261 0.00939675
5.68 1.47385e-05 0.00104565 0.00025475 -7.48611e-05 0.0063638 0.0153053
5.7 1.8131e-05 0.00124388 0.000442126 -6.01704e-05 0.0110502 0.0209742
5.72 2.05499e-05 0.0014013 0.000586492 -4.24581e-05 0.0146608 0.0259119
5.74 2.20626e-05 0.00151107 0.00067246 -2.24471e-05 0.016811 0.0297506
5.76 2.2719e-05 0.00157509 0.000691911 -2.05875e-07 0.0172975 0.0322223
5.78 2.25177e-05 0.00159827 0.00064377 2.38486e-05 0.0160935 0.0331739
5.8 2.14228e-05 0.00158143 0.000533331 4.79664e-05 0.0133314 0.0327527
5.82 1.94064e-05 0.00152867 0.00037122 6.95647e-05 0.00927688 0.0314332
5.84 1.6485e-05 0.00146044 0.000169825 8.72413e-05 0.00423991 0.0297268
5.86 1.27439e-05 0.00138883 -5.73894e-05 0.000100917 -0.00144281 0.0279359
5.88 8.34934e-06 0.00131278 -0.000295657 0.000109951 -0.00740199 0.0260337
5.9 3.54152e-06 0.00122308 -0.00053266 0.000112583 -0.0133295 0.0237902
5.92 -1.40007e-06 0.00110463 -0.000761387 0.000107171 -0.0190501 0.0208279
5.94 -6.20493e-06 0.000936697 -0.000973344 9.32744e-05 -0.0243515 0.0166277
5.96 -1.06523e-05 0.000701951 -0.00115157 7.15826e-05 -0.0288105 0.0107566
5.98 -1.46023e-05 0.000400815 -0.00128123 4.33856e-05 -0.0320582 0.0032251
6 -1.79973e-05 6.02472e-05 -0.00135947 1.04657e-05 -0.0340225 -0.00529267
6.02 -2.08124e-05 -0.000271298 -0.00138503 -2.47076e-05 -0.0346658 -0.0135853
6.04 -2.2978e-05 -0.000545826 -0.00134618 -5.91736e-05 -0.0336941 -0.0204549
6.06 -2.43575e-05 -0.000746962 -0.00123688 -9.03282e-05 -0.0309606 -0.025496
6.08 -2.47879e-05 -0.000900909 -0.00106849 -0.000116832 -0.0267491 -0.0293679
6.1 -2.41069e-05 -0.00105183 -0.000845996 -0.000138655 -0.0211844 -0.0331897
6.12 -2.21705e-05 -0.00122777 -0.000551111 -0.000156086 -0.0138092 -0.0377159
6.14 -1.88972e-05 -0.0014203 -0.000161509 -0.000168702 -0.00406506 -0.0428692
6.16 -1.43348e-05 -0.00159037 0.000316881 -0.00017517 0.0078997 -0.0478325
6.18 -8.65937e-06 -0.00169911 0.000852621 -0.0001733 0.0212998 -0.0514574
6.2 -2.08991e-06 -0.00172985 0.00140705 -0.000159851 0.0352527 -0.0525961
6.22 5.1733e-06 -0.00164924 0.00188297 -0.000133314 0.0497439 -0.05058
6.24 1.28001e-05 -0.00144126 0.00202021 -9.64067e-05 0.0673925 -0.0453783
6.26 1.98788e-05 -0.00113025 0.00203437 -5.11452e-05 0.0889373 -0.0376
6.28 2.28832e-05 -0.000757682 0.00204436 3.15071e-06 0.113544 -0.0282818
6.3 2.27507e-05 -0.000368535 0.0020543 6.43864e-05 0.138389 -0.0185489
6.32 2.47064e-05 2.1154e-06 0.00206335 0.000127428 0.161026 -0.00927701
6.34 2.72339e-05 0.00034214 0.00207137 0.000188529 0.181086 -0.000760796
6.36 2.95644e-05 0.000662442 0.0020785 0.000246305 0.198919 0.00730422
6.38 3.29e-05 0.000984019 0.00208443 0.000300829 0.21375 0.015555
6.4 3.61336e-05 0.0013174 0.00208816 0.000355117 0.223068 0.0246523
6.42 3.91517e-05 0.00163546 0.0020883 0.000414753 0.22342 0.0351293
6.44 4.05048e-05 0.00186511 0.00175857 0.000481415 0.215161 0.0473034
6.46 3.97784e-05 0.00197311 0.00120098 0.000551971 0.200917 0.0606806
6.48 3.71388e-05 0.0020117 0.000625704 0.000623397 0.185163 0.0736381
6.5 3.20925e-05 0.00202599 0.000146278 0.000690493 0.170291 0.0841576
6.52 2.49315e-05 0.00203155 -0.000254733 0.000743712 0.155612 0.090456
6.54 1.61022e-05 0.00203221 -0.000615427 0.00077145 0.13935 0.0913216
6.56 6.63694e-06 0.00188366 -0.000935176 0.000762894 0.120633 0.0876063
6.58 -2.34226e-06 0.00161268 -0.00119969 0.000715217 0.099519 0.0808284
6.6 -9.74477e-06 0.00129097 -0.00141037 0.00063679 0.0757469 0.0727755
6.62 -1.50229e-05 0.000958459 -0.0015793 0.000540324 0.0480091 0.0644231
6.64 -1.84916e-05 0.000625622 -0.00171357 0.000438128 0.0151146 0.055981
6.66 -2.10564e-05 0.000297641 -0.00181511 0.00034076 -0.0221263 0.0474897
6.68 -2.33614e-05 -1.93837e-05 -0.00188752 0.000253505 -0.0604329 0.0389755
6.7 -2.54941e-05 -0.000323096 -0.00193695 0.000174196 -0.0955226 0.0303266
6.72 -2.74225e-05 -0.000617232 -0.00196967 9.5275e-05 -0.124203 0.021177
6.74 -2.92966e-05 -0.000906307 -0.00199064 8.4878e-06 -0.145343 0.0109253
6.76 -3.13674e-05 -0.00118297 -0.00200336 -9.13623e-05 -0.159336 -0.000971075
6.78 -3.37611e-05 -0.00142404 -0.00200997 -0.000205046 -0.166965 -0.0145327
6.8 -3.6542e-05 -0.00160835 -0.0020115 -0.000327625 -0.16877 -0.029044
6.82 -3.91955e-05 -0.00173418 -0.00190963 -0.000448309 -0.166221 -0.0433196
6.84 -4.08976e-05 -0.00181463 -0.00170966 -0.000556472 -0.161197 -0.0562184
6.86 -4.12213e-05 -0.00186486 -0.00147893 -0.000645379 -0.155322 -0.0670046
6.88 -3.96807e-05 -0.00189616 -0.00124052 -0.000708196 -0.149097 -0.0754302
6.9 -3.63027e-05 -0.00191566 -0.000976016 -0.000738295 -0.141914 -0.0816148
6.92 -3.14234e-05 -0.00192735 -0.000664677 -0.00073399 -0.132916 -0.0857572
6.94 -2.53776e-05 -0.00193273 -0.000304483 -0.00069804 -0.121432 -0.0877934
6.96 -1.86969e-05 -0.00191637 8.80486e-05 -0.000635094 -0.106901 -0.0873842
6.98 -1.18325e-05 -0.00180207 0.000481672 -0.000552892 -0.0888847 -0.0845254
7 -5.14588e-06 -0.00158946 0.000838096 -0.000462492 -0.0673668 -0.0792067
7.02 1.1645e-06 -0.00129753 0.00112862 -0.00037456 -0.0430868 -0.0718883
7.04 6.99041e-06 -0.00095435 0.00134591 -0.000295941 -0.0175282 -0.0632154
7.06 1.23168e-05 -0.000584955 0.00149986 -0.000228218 0.00750513 -0.0536791
7.08 1.71817e-05 -0.00021147 0.00160651 -0.000167775 0.0304946 -0.0436119
7.1 2.16266e-05 0.00014363 0.00168051 -0.000107757 0.0505917 -0.0333218
7.12 2.56382e-05 0.000461293 0.0017324 -4.10738e-05 0.0675053 -0.023104
7.14 2.91569e-05 0.000733182 0.00176862 3.7539e-05 0.0810777 -0.0131083
7.16 3.21221e-05 0.000962129 0.00179235 0.000130598 0.0909152 -0.00325228
7.18 3.4521e-05 0.00115518 0.00180463 0.000236741 0.096336 0.006683
7.2 3.62146e-05 0.00131711 0.00180557 0.000347447 0.0967617 0.0168295
7.22 3.63248e-05 0.00144922 0.00166091 0.000447124 0.0931429 0.0270352
7.24 3.49073e-05 0.00155192 0.00139276 0.000521752 0.0864097 0.036827
7.26 3.22544e-05 0.00162657 0.00104252 0.000564355 0.077468 0.045471
7.28 2.82363e-05 0.00167554 0.000644246 0.00057202 0.0668594 0.0521237
7.3 2.31664e-05 0.00170146 0.000235879 0.000543761 0.0550799 0.0560508
7.32 1.72811e-05 0.00170627 -0.000144338 0.00048226 0.0427014 0.0568157
7.34 1.10316e-05 0.00163159 -0.000474694 0.000397597 0.0301142 0.0549479
7.36 4.81622e-06 0.00148382 -0.000754897 0.000305762 0.0172651 0.051252
7.38 -9.97422e-07 0.0012935 -0.000994802 0.000219918 0.00370373 0.0464915
7.4 -6.16177e-06 0.00108244 -0.00120104 0.000145891 -0.0110162 0.0412094
7.42 -1.05354e-05 0.000866773 -0.00137302 8.43049e-05 -0.0268305 0.0358025
7.44 -1.41254e-05 0.000657767 -0.00150843 3.29143e-05 -0.0429764 0.0305419
7.46 -1.70709e-05 0.000454902 -0.00160855 -1.27679e-05 -0.0582342 0.0253991
7.48 -1.9586e-05 0.000243157 -0.0016783 -5.89415e-05 -0.0713616 0.0199656
7.5 -2.18681e-05 3.89268e-06 -0.00172319 -0.0001115 -0.0813042 0.0136945
7.52 -2.40555e-05 -0.000269799 -0.00174646 -0.000172944 -0.0870381 0.00624262
7.54 -2.60412e-05 -0.000564749 -0.00174853 -0.000239259 -0.0875695 -0.00234296
7.56 -2.72862e-05 -0.000853208 -0.00158866 -0.000300242 -0.0835688 -0.0116942
7.58 -2.76919e-05 -0.00110788 -0.00129786 -0.000346551 -0.07624 -0.0213253
7.6 -2.71936e-05 -0.00131247 -0.000943982 -0.000374429 -0.0670861 -0.0307136
7.62 -2.54998e-05 -0.00146225 -0.000573241 -0.000381802 -0.0569541 -0.0392073
7.64 -2.25414e-05 -0.00155993 -0.000211162 -0.000365253 -0.0461479 -0.0459554
7.66 -1.83158e-05 -0.00161117 0.000123275 -0.000321641 -0.0348886 -0.0500574
7.68 -1.31218e-05 -0.0016208 0.000416595 -0.000251356 -0.0234458 -0.0508823
7.7 -7.39846e-06 -0.00153555 0.000664961 -0.000162116 -0.0120119 -0.0487501
7.72 -1.60508e-06 -0.00135696 0.000874174 -6.72306e-05 -0.000519093 -0.0442835
7.74 3.93561e-06 -0.00111124 0.00105455 2.18187e-05 0.0114143 -0.0381364
7.76 9.05561e-06 -0.000821903 0.00121228 9.82633e-05 0.0241179 -0.0308873
7.78 1.37011e-05 -0.000512812 0.00134627 0.000158201 0.0373575 -0.0231005
7.8 1.78406e-05 -0.000208526 0.001453 0.000200579 0.0502442 -0.0153282
7.82 2.14203e-05 7.374e-05 0.001532 0.000228597 0.0616655 -0.00792661
7.84 2.44098e-05 0.000334147 0.00158619 0.000249446 0.0707311 -0.000806146
7.86 2.68551e-05 0.00058472 0.00161844 0.0002714 0.0767169 0.00648507
7.88 2.88585e-05 0.00083006 0.00162871 0.000299634 0.0787302 0.0143019
7.9 3.00889e-05 0.00105859 0.00153751 0.000332664 0.076449 0.0225685
7.92 3.02716e-05 0.00125385 0.00130043 0.000362709 0.0705079 0.0308779
7.94 2.94572e-05 0.00140805 0.000973734 0.000380911 0.0622274 0.0387845
7.96 2.75495e-05 0.00152198 0.000618815 0.000381598 0.0529425 0.0458582
7.98 2.45248e-05 0.00159925 0.000275265 0.000362001 0.0434159 0.0515672
8 2.04551e-05 0.00164365 -3.87072e-05 0.000320478 0.0339387 0.0553136
8.02 1.55755e-05 0.00165823 -0.000318348 0.000257313 0.0245326 0.0566363
8.04 1.02864e-05 0.00161825 -0.000564307 0.000178454 0.0151289 0.0556365
8.06 5.01765e-06 0.00150539 -0.000780278 9.56891e-05 0.00558231 0.0528138
8.08 8.41038e-08 0.00133596 -0.000973691 2.01804e-05 -0.00447244 0.048576
8.1 -4.38884e-06 0.00112087 -0.00115123 -4.23989e-05 -0.0155594 0.0431945
8.12 -8.43073e-06 0.000866071 -0.00131151 -9.02904e-05 -0.0278798 0.0368096
8.14 -1.21322e-05 0.000577497 -0.0014455 -0.000122852 -0.0407624 0.0295416
8.16 -1.55746e-05 0.00026411 -0.00154526 -0.000140936 -0.0526716 0.0215444
8.18 -1.88414e-05 -6.2418e-05 -0.0016101 -0.00014826 -0.0619372 0.0129714
8.2 -2.20432e-05 -0.000388577 -0.0016449 -0.000150638 -0.0675608 0.00393802
8.22 -2.5275e-05 -0.000699256 -0.00165534 -0.000153436 -0.0693519 -0.00546665
8.24 -2.83234e-05 -0.000978549 -0.00159809 -0.000159145 -0.0679199 -0.0151182
8.26 -3.05721e-05 -0.00121389 -0.00145086 -0.000166774 -0.0642332 -0.0248262
8.28 -3.18394e-05 -0.00140086 -0.00125024 -0.000173488 -0.0591816 -0.034376
8.3 -3.19946e-05 -0.0015432 -0.0010226 -0.000176607 -0.0533674 -0.0435777
8.32 -3.08367e-05 -0.00164853 -0.000779888 -0.000173804 -0.0470036 -0.0522426
8.34 -2.8466e-05 -0.0017242 -0.000528251 -0.000161723 -0.04013 -0.0600761
8.36 -2.50489e-05 -0.0017757 -0.00027044 -0.000135579 -0.0326639 -0.0665993
8.38 -2.0923e-05 -0.00180642 -7.22142e-06 -9.13557e-05 -0.0244097 -0.0711399
8.4 -1.64232e-05 -0.00181731 0.000256915 -2.9689e-05 -0.0152115 -0.0728971
8.42 -1.18421e-05 -0.00176354 0.000508885 4.00612e-05 -0.00520385 -0.0715523
8.44 -7.35971e-06 -0.00160172 0.000731745 0.000101594 0.00510895 -0.067505
8.46 -3.06088e-06 -0.00135952 0.000915261 0.000142496 0.0150946 -0.0614447
8.48 1.04822e-06 -0.00106839 0.00105845 0.000160322 0.0242138 -0.0541421
8.5 5.00186e-06 -0.000750879 0.00116515 0.000157729 0.0320389 -0.0461129
8.52 8.81442e-06 -0.000426011 0.00124133 0.000139178 0.0383216 -0.0377402
8.54 1.24354e-05 -0.000114445 0.00129333 0.000112328 0.0430184 -0.0294252
8.56 1.57686e-05 0.000168125 0.00132505 8.76771e-05 0.0460716 -0.0214709
8.58 1.87177e-05 0.000418029 0.00133636 7.48676e-05 0.0471985 -0.0139153
8.6 2.10148e-05 0.000641859 0.00129658 7.81184e-05 0.0462036 -0.00651714
8.62 2.23674e-05 0.000847976 0.0011783 9.38134e-05 0.0432446 0.00108098
8.64 2.279e-05 0.0010392 0.00099672 0.0001124 0.0386932 0.00913511
8.66 2.22619e-05 0.00121157 0.000768744 0.000123914 0.0329371 0.0176502
8.68 2.07683e-05 0.00135846 0.000508043 0.000122625 0.0262349 0.02635
8.7 1.84243e-05 0.00147515 0.000230089 0.000107393 0.0188346 0.0347149
8.72 1.53795e-05 0.00156014 -4.93701e-05 7.93867e-05 0.0109577 0.0420188
8.74 1.18736e-05 0.00161435 -0.000318791 4.08642e-05 0.00271356 0.0474278
8.76 8.14871e-06 0.00163935 -0.000570218 -4.13912e-06 -0.00586075 0.0501745
8.78 4.41668e-06 0.00162662 -0.000796186 -4.8448e-05 -0.0146645 0.0498562
8.8 8.1722e-07 0.00151344 -0.000990239 -8.24645e-05 -0.0234707 0.0470254
8.82 -2.59737e-06 0.00132608 -0.00115014 -0.000100502 -0.0320109 0.0423393
8.84 -5.84662e-06 0.00109354 -0.00127691 -0.000104472 -0.0399787 0.0365222
8.86 -8.98961e-06 0.000834247 -0.00137203 -9.84785e-05 -0.0469289 0.0300284
8.88 -1.2076e-05 0.000561144 -0.0014375 -8.54714e-05 -0.0523565 0.0231636
8.9 -1.50905e-05 0.00028842 -0.00147588 -6.95474e-05 -0.0558408 0.0162464
8.92 -1.79652e-05 2.66621e-05 -0.00148883 -5.68514e-05 -0.0570745 0.00949031
8.94 -2.04915e-05 -0.000222377 -0.00145086 -5.33834e-05 -0.0561248 0.00287255
8.96 -2.22836e-05 -0.000461964 -0.00134539 -6.17649e-05 -0.0534855 -0.00378449
8.98 -2.32526e-05 -0.000692559 -0.00119575 -7.94156e-05 -0.0497304 -0.0106219
9 -2.33626e-05 -0.000908528 -0.00101468 -9.97571e-05 -0.0451505 -0.0176293
9.02 -2.25232e-05 -0.00110153 -0.000798265 -0.000115608 -0.0395835 -0.0246681
9.04 -2.07987e-05 -0.0012653 -0.000541046 -0.000122013 -0.0327533 -0.0315426
9.06 -1.82726e-05 -0.00139671 -0.000250032 -0.000116599 -0.0245905 -0.0379869
9.08 -1.51232e-05 -0.00149355 5.45686e-05 -9.83042e-05 -0.0152877 -0.0435302
9.1 -1.15387e-05 -0.00155348 0.00034607 -6.71128e-05 -0.00527553 -0.0474374
9.12 -7.70976e-06 -0.00157472 0.000602422 -2.58102e-05 0.00489164 -0.0489331
9.14 -3.79629e-06 -0.0015296 0.000815692 1.7666e-05 0.0148072 -0.0478046
9.16 7.10383e-08 -0.00140026 0.000990172 5.24166e-05 0.0243641 -0.0445698
9.18 3.78288e-06 -0.00122026 0.00113346 7.23508e-05 0.0336052 -0.0400676
9.2 7.23496e-06 -0.00102178 0.00125058 7.91417e-05 0.0424593 -0.0351016
9.22 1.03548e-05 -0.000819913 0.00134489 7.77669e-05 0.0507443 -0.0300444
9.24 1.3132e-05 -0.000612089 0.00141994 7.36166e-05 0.0583067 -0.024822
9.26 1.5611e-05 -0.000389915 0.00147752 7.26456e-05 0.06485 -0.0192022
9.28 1.7848e-05 -0.000155685 0.0015158 8.05056e-05 0.0696329 -0.013202
9.3 1.98867e-05 7.50409e-05 0.00153113 0.000100039 0.0716603 -0.00716161
9.32 2.15381e-05 0.000289228 0.00148809 0.000128824 0.0705837 -0.00136861
9.34 2.25162e-05 0.00048745 0.00134875 0.000159446 0.0670972 0.00423529
9.36 2.28436e-05 0.000675046 0.00115149 0.000183536 0.0621459 0.0098551
9.38 2.24409e-05 0.00084916 0.000928842 0.000195895 0.0565046 0.0154686
9.4 2.11591e-05 0.000999797 0.000695516 0.000195448 0.0504795 0.0207649
9.42 1.90018e-05 0.00111964 0.000454845 0.000183768 0.0440674 0.0253831
9.44 1.60689e-05 0.00120879 0.000208583 0.000163118 0.0371934 0.0291289
9.46 1.26227e-05 0.00126995 -3.79499e-05 0.000135453 0.0298508 0.0318929
9.48 8.9318e-06 0.00130133 -0.000279569 0.000102602 0.0220129 0.0333831
9.5 5.19844e-06 0.00129079 -0.000513747 6.72562e-05 0.0135483 0.0331196
9.52 1.52653e-06 0.00120322 -0.000735585 3.33969e-05 0.00439016 0.0309293
9.54 -2.03868e-06 0.00104636 -0.000934283 4.47091e-06 -0.00518917 0.0270061
9.56 -5.48699e-06 0.000843012 -0.00109819 -1.82573e-05 -0.0145237 0.0219201
9.58 -8.83732e-06 0.00061365 -0.00122208 -3.49567e-05 -0.0228086 0.0161812
9.6 -1.21203e-05 0.000369981 -0.00130844 -4.65256e-05 -0.0294382 0.0100745
9.62 -1.53287e-05 0.00012245 -0.00136356 -5.49548e-05 -0.0341383 0.00384249
9.64 -1.83807e-05 -0.000113521 -0.00139355 -6.32747e-05 -0.0368774 -0.00215935
9.66 -2.11295e-05 -0.000323986 -0.0014025 -7.45036e-05 -0.0377217 -0.00760867
9.68 -2.33147e-05 -0.00050603 -0.00137105 -8.99917e-05 -0.036935 -0.0124459
9.7 -2.45919e-05 -0.000667489 -0.00128837 -0.000108283 -0.0348667 -0.0168847
9.72 -2.48654e-05 -0.000817254 -0.00116355 -0.000125487 -0.0317393 -0.0211842
9.74 -2.40994e-05 -0.000955017 -0.000997028 -0.000136599 -0.0275458 -0.0253583
9.76 -2.22624e-05 -0.00106968 -0.00078509 -0.000136911 -0.0221411 -0.0290535
9.78 -1.94597e-05 -0.00114625 -0.000532728 -0.000123252 -0.0155359 -0.0316677
9.8 -1.58368e-05 -0.00117347 -0.000258869 -9.48888e-05 -0.00803266 -0.0326313
9.82 -1.16199e-05 -0.00113821 1.01489e-05 -5.47429e-05 -0.000140557 -0.0317494
9.84 -7.03084e-06 -0.00103713 0.000254591 -9.59839e-06 0.00769298 -0.0292214
9.86 -2.27193e-06 -0.000883714 0.000469739 3.28275e-05 0.0153358 -0.0253842
9.88 2.4785e-06 -0.000690939 0.000660627 6.72988e-05 0.0229382 -0.0205619
9.9 7.04182e-06 -0.00047089 0.000831483 9.21478e-05 0.0306478 -0.0150523
9.92 1.12439e-05 -0.000237898 0.000981518 0.000108858 0.0383835 -0.00920079
9.94 1.49466e-05 -7.15573e-06 0.00110754 0.000121012 0.0458267 -0.00336192
9.96 1.80912e-05 0.000210062 0.00120765 0.000132825 0.0525569 0.00221519
9.98 2.07041e-05 0.00040963 0.00128248 0.000147633 0.0581938 0.00746097
10 2.28478e-05 0.000593792 0.00133337 0.000166669 0.0623904 0.0124693
10.02 2.45601e-05 0.000764663 0.00135977 0.00018844 0.0647021 0.0173361
10.04 2.57806e-05 0.000918317 0.00135654 0.000208866 0.0646213 0.0219783
10.06 2.63104e-05 0.0010458 0.00126513 0.000222894 0.0623349 0.0261015
10.08 2.61057e-05 0.00113949 0.00110465 0.000227097 0.058316 0.0293446
10.1 2.51267e-05 0.00119705 0.000905126 0.000220558 0.0532927 0.0314508
10.12 2.32748e-05 0.00121955 0.000688728 0.000203884 0.0477738 0.0323014
10.14 2.05382e-05 0.00120463 0.000467286 0.000178884 0.0419935 0.0319283
10.16 1.69343e-05 0.00114609 0.000247419 0.000148927 0.0360479 0.0304641
10.18 1.26079e-05 0.00104681 3.17396e-05 0.000117706 0.0299248 0.027981
10.2 7.7833e-06 0.000909291 -0.000181303 8.7427e-05 0.0234787 0.0245417
10.22 2.72777e-06 0.00073858 -0.000393716 5.90053e-05 0.0165039 0.0202717
10.24 -2.31132e-06 0.000541621 -0.00060336 3.30802e-05 0.00887024 0.0153429
10.26 -7.12766e-06 0.000323834 -0.000802814 1.02465e-05 0.000628195 0.00988417
10.28 -1.1579e-05 9.05445e-05 -0.000981675 -9.19762e-06 -0.00792734 0.00401065
10.3 -1.55864e-05 -0.000149504 -0.00113022 -2.54842e-05 -0.0162325 -0.00209578
10.32 -1.91068e-05 -0.000384118 -0.00124254 -3.93383e-05 -0.0235251 -0.00818543
10.34 -2.20996e-05 -0.000600628 -0.00131718 -5.16247e-05 -0.0290132 -0.0139965
10.36 -2.45213e-05 -0.000788811 -0.00135597 -6.28991e-05 -0.0321163 -0.0192947
10.38 -2.63313e-05 -0.000942758 -0.00136227 -7.32031e-05 -0.0326386 -0.0238928
10.4 -2.73824e-05 -0.00106076 -0.00129991 -8.1998e-05 -0.0310788 -0.0276491
10.42 -2.7427e-05 -0.00114405 -0.00117917 -8.83431e-05 -0.0280565 -0.0304629
10.44 -2.642e-05 -0.00119485 -0.00101978 -9.09865e-05 -0.0240532 -0.0322617
10.46 -2.43525e-05 -0.00121428 -0.000827221 -8.80733e-05 -0.0191713 -0.0329686
10.48 -2.12318e-05 -0.00119779 -0.000603254 -7.78992e-05 -0.0133828 -0.0325561
10.5 -1.72114e-05 -0.00113999 -0.000358613 -6.04266e-05 -0.00684091 -0.0311105
10.52 -1.25019e-05 -0.00104696 -0.000107783 -3.71941e-05 0.00022792 -0.0287839
10.54 -7.38386e-06 -0.000925547 0.000142191 -1.00151e-05 0.00780916 -0.0257472
10.56 -2.11697e-06 -0.000779478 0.000389728 1.92591e-05 0.0160846 -0.0220935
10.58 3.0691e-06 -0.000608615 0.000628247 4.83001e-05 0.0251146 -0.0178178
10.6 7.97354e-06 -0.000411342 0.000843871 7.46609e-05 0.0345927 -0.0128742
10.62 1.24265e-05 -0.000189356 0.00102257 9.67762e-05 0.043842 -0.00728935
10.64 1.63251e-05 4.87663e-05 0.00115726 0.000114718 0.0520147 -0.00124256
10.66 1.96426e-05 0.000287457 0.0012492 0.000130032 0.0584049 0.00493329
10.68 2.23924e-05 0.000508623 0.00130523 0.000144661 0.0627099 0.0108397
10.7 2.45729e-05 0.000698924 0.0013328 0.000159783 0.0649625 0.0161557
10.72 2.61471e-05 0.000853227 0.00133556 0.000175359 0.0651934 0.0207085
10.74 2.68369e-05 0.000972114 0.00127263 0.000190478 0.0636194 0.0244266
10.76 2.64671e-05 0.0010582 0.0011452 0.000204219 0.0604303 0.0272702
10.78 2.51007e-05 0.00111483 0.000965842 0.000215573 0.055927 0.029227
10.8 2.27281e-05 0.00114608 0.000743519 0.000222236 0.0502888 0.0303406
10.82 1.94165e-05 0.00115576 0.000484841 0.000220886 0.0435789 0.0306909
10.84 1.53097e-05 0.00114201 0.000201408 0.000209082 0.0359098 0.030347
10.86 1.06061e-05 0.00109925 -9.0466e-05 0.000186735 0.0274518 0.0292776
10.88 5.55001e-06 0.00102023 -0.000374915 0.000155856 0.0183493 0.0273013
10.9 3.90759e-07 0.000895677 -0.00063753 0.000119291 0.00877522 0.0241861
10.92 -4.64109e-06 0.000722409 -0.000866323 8.02226e-05 -0.000980837 0.0198523
10.94 -9.35697e-06 0.00050986 -0.00105584 4.2043e-05 -0.0105901 0.0145339
10.96 -1.36292e-05 0.000277023 -0.00120777 7.71538e-06 -0.0197964 0.00869853
10.98 -1.73978e-05 4.35392e-05 -0.00132664 -2.11198e-05 -0.0283597 0.00281958
11 -2.06415e-05 -0.000175478 -0.001416 -4.46788e-05 -0.035899 -0.00275048
11.02 -2.33411e-05 -0.000371381 -0.00147791 -6.47254e-05 -0.0418606 -0.00781848
11.04 -2.54698e-05 -0.000543154 -0.00151346 -8.3497e-05 -0.045623 -0.0123735
11.06 -2.70113e-05 -0.000695655 -0.00152245 -0.000102536 -0.046618 -0.0165508
11.08 -2.7736e-05 -0.000834173 -0.00145327 -0.000121741 -0.0448877 -0.0205021
11.1 -2.74132e-05 -0.000959131 -0.00129425 -0.000139581 -0.0409053 -0.0242456
11.12 -2.60962e-05 -0.00106499 -0.00107322 -0.000154027 -0.0353345 -0.0275964
11.14 -2.37863e-05 -0.00114351 -0.000811045 -0.00016231 -0.0286095 -0.0302205
11.16 -2.04984e-05 -0.00118871 -0.000519603 -0.00016105 -0.0208644 -0.0317961
11.18 -1.63616e-05 -0.00119839 -0.000214414 -0.000147578 -0.0122568 -0.0321408
11.2 -1.15782e-05 -0.00116491 8.43102e-05 -0.000121395 -0.00306429 -0.0313033
11.22 -6.44152e-06 -0.00109045 0.00036229 -8.44893e-05 0.00652622 -0.0294411
11.24 -1.24468e-06 -0.000981381 0.000615888 -3.97996e-05 0.016587 -0.0267133
11.26 3.75998e-06 -0.000842568 0.000844592 9.6915e-06 0.0272757 -0.0232413
11.28 8.38136e-06 -0.000680268 0.0010449 6.03857e-05 0.0385423 -0.0191811
11.3 1.24863e-05 -0.000504857 0.00121272 0.000108142 0.0500597 -0.0147895
11.32 1.60075e-05 -0.000327386 0.00134662 0.000149638 0.0612879 -0.0103376
11.34 1.89403e-05 -0.000152807 0.00144745 0.000183716 0.0714807 -0.0059404
11.36 2.13286e-05 2.17461e-05 0.00151732 0.00021146 0.0797533 -0.00151166
11.38 2.32426e-05 0.000201466 0.00155912 0.000235 0.0853098 0.00310489
11.4 2.47553e-05 0.000385816 0.00157541 0.00025604 0.0876207 0.00793651
11.42 2.57833e-05 0.000565589 0.00153728 0.000274852 0.0866669 0.0127937
11.44 2.59807e-05 0.000725816 0.00139606 0.000290413 0.0831331 0.0173042
11.46 2.53139e-05 0.000851227 0.00118427 0.000301365 0.0778126 0.0210039
11.48 2.37647e-05 0.000933611 0.000930771 0.000305985 0.0713646 0.0235414
11.5 2.12046e-05 0.000976924 0.000647527 0.000301676 0.0639621 0.0249169
11.52 1.76827e-05 0.000993334 0.000343372 0.000285722 0.0556202 0.0254464
11.54 1.32913e-05 0.000991187 3.60161e-05 0.000256832 0.0465341 0.0253927
11.56 8.29365e-06 0.000966999 -0.000257453 0.000215694 0.0369085 0.0247878
11.58 3.00293e-06 0.000919308 -0.000533289 0.000164251 0.0265666 0.023595
11.6 -2.24971e-06 0.000850377 -0.000792543 0.000105594 0.0150803 0.021871
11.62 -7.17342e-06 0.000761441 -0.00102792 4.44449e-05 0.0023101 0.0196467
11.64 -1.15384e-05 0.00064786 -0.00122764 -1.35375e-05 -0.011352 0.0168059
11.66 -1.5226e-05 0.000502416 -0.00138529 -6.36188e-05 -0.0251146 0.0131677
11.68 -1.82498e-05 0.000323165 -0.00150224 -0.000103495 -0.0380194 0.00868153
11.7 -2.07309e-05 0.000118332 -0.00158459 -0.000133422 -0.0491755 0.00354598
11.72 -2.28312e-05 -9.53753e-05 -0.00163944 -0.000155281 -0.0579316 -0.00183789
11.74 -2.4689e-05 -0.000300913 -0.00167246 -0.000171443 -0.0638568 -0.00706911
11.76 -2.63821e-05 -0.000488114 -0.00168657 -0.00018401 -0.0665648 -0.0119184
11.78 -2.78147e-05 -0.000654346 -0.0016589 -0.000194283 -0.0658728 -0.016338
11.8 -2.84685e-05 -0.000800383 -0.00152019 -0.000202491 -0.0624015 -0.0203563
11.82 -2.81952e-05 -0.00092683 -0.00130047 -0.00020777 -0.056877 -0.0239843
11.84 -2.69403e-05 -0.00103402 -0.00103183 -0.000207904 -0.0500199 -0.0272091
11.86 -2.45263e-05 -0.001123 -0.000735033 -0.000199483 -0.0421975 -0.0300238
11.88 -2.10453e-05 -0.00119384 -0.000424743 -0.000179106 -0.0335633 -0.032379
11.9 -1.66256e-05 -0.00124262 -0.000112277 -0.000144715 -0.0241363 -0.0340722
11.92 -1.1583e-05 -0.0012623 0.000194396 -9.66445e-05 -0.013798 -0.034774
11.94 -6.26662e-06 -0.00124155 0.000487763 -3.8159e-05 -0.00237481 -0.0342553
11.96 -1.02326e-06 -0.00117098 0.000758568 2.53152e-05 0.0102304 -0.0324903
11.98 3.88411e-06 -0.00105433 0.000997772 8.75177e-05 0.0239655 -0.0295727
12 8.29058e-06 -0.000901477 0.00119997 0.000142432 0.0386325 -0.0257496
12.02 1.21419e-05 -0.000727561 0.00136379 0.000185555 0.0538249 -0.0213986
12.04 1.54563e-05 -0.000547379 0.00149061 0.000215191 0.0688102 -0.0168869
12.06 1.82816e-05 -0.000368888 0.00158421 0.000232915 0.0826225 -0.0124077
12.08 2.06804e-05 -0.000192093 0.00164987 0.000242695 0.0943138 -0.00795178
12.1 2.27377e-05 -1.38486e-05 0.00169282 0.000249175 0.103148 -0.00342421
12.12 2.45485e-05 0.00016726 0.001717 0.000256018 0.108629 0.0012362
12.14 2.61919e-05 0.000349344 0.00172457 0.00026487 0.110431 0.00601844
12.16 2.73979e-05 0.0005273 0.00165994 0.000274953 0.108815 0.0108355
12.18 2.76715e-05 0.000693679 0.00148947 0.00028354 0.104545 0.0155292
12.2 2.69983e-05 0.000841317 0.00125012 0.000287311 0.0985109 0.0199151
12.22 2.53517e-05 0.000965625 0.000971211 0.000283418 0.0913469 0.0238317
12.24 2.26313e-05 0.00106407 0.000666106 0.000269726 0.0832169 0.0271269
12.26 1.89353e-05 0.00113434 0.000344762 0.000244823 0.0741146 0.0296124
12.28 1.44161e-05 0.001174 2.01702e-05 0.000208211 0.0640434 0.0310735
12.3 9.38439e-06 0.00118129 -0.000292882 0.000161204 0.053042 0.0313472
12.32 4.16839e-06 0.00114513 -0.00058155 0.000107743 0.0411603 0.0304427
12.34 -9.32581e-07 0.00106428 -0.000837963 5.363e-05 0.0284147 0.0284207
12.36 -5.70624e-06 0.000944678 -0.00105944 4.92983e-06 0.0147718 0.0254293
12.38 -1.00148e-05 0.000797252 -0.00124553 -3.34767e-05 0.000288072 0.021742
12.4 -1.37816e-05 0.000634567 -0.00139597 -5.92143e-05 -0.0146423 0.0176723
12.42 -1.69783e-05 0.000465259 -0.00151172 -7.31599e-05 -0.0292046 0.0134342
12.44 -1.96363e-05 0.000292392 -0.00159621 -7.90898e-05 -0.0423701 0.00910014
12.46 -2.18549e-05 0.000116388 -0.00165456 -8.22679e-05 -0.0532241 0.00467225
12.48 -2.37652e-05 -6.16721e-05 -0.00169175 -8.75822e-05 -0.0611203 0.00016333
12.5 -2.54619e-05 -0.000238098 -0.00171099 -9.79152e-05 -0.0655657 -0.00435446
12.52 -2.69723e-05 -0.000406094 -0.00171325 -0.000113146 -0.0661043 -0.00873158
12.54 -2.77371e-05 -0.000557456 -0.00160126 -0.000129887 -0.0633029 -0.0127708
12.56 -2.74929e-05 -0.000685567 -0.00139246 -0.000143296 -0.0580642 -0.016291
12.58 -2.63171e-05 -0.000786499 -0.00113324 -0.000149588 -0.0514858 -0.0191526
12.6 -2.40349e-05 -0.000858565 -0.000850237 -0.000146107 -0.0441156 -0.0212561
12.62 -2.06654e-05 -0.000902497 -0.000555307 -0.000131054 -0.0360842 -0.0225677
12.64 -1.63027e-05 -0.000920515 -0.000260115 -0.000104232 -0.0274924 -0.0231128
12.66 -1.12309e-05 -0.000913392 2.63361e-05 -6.74742e-05 -0.0183682 -0.0229346
12.68 -5.83136e-06 -0.000878894 0.00030136 -2.41747e-05 -0.00853778 -0.0220718
12.7 -4.96352e-07 -0.000819546 0.000564968 2.18137e-05 0.00233716 -0.0205875
12.72 4.45573e-06 -0.000742541 0.000814574 6.66385e-05 0.0146092 -0.0186616
12.74 8.79057e-06 -0.000656141 0.00104194 0.000106537 0.0283814 -0.0165006
12.76 1.23751e-05 -0.000562496 0.00123409 0.000138682 0.0430804 -0.0141584
12.78 1.52004e-05 -0.000457896 0.00138116 0.000162388 0.0573319 -0.0115417
12.8 1.73809e-05 -0.000341213 0.00148335 0.000179397 0.0695629 -0.00862159
12.82 1.90949e-05 -0.000217782 0.00154821 0.000192782 0.0787195 -0.00552977
12.84 2.05031e-05 -9.56128e-05 0.00158402 0.000205398 0.0843685 -0.00246416
12.86 2.16914e-05 1.92608e-05 0.00159583 0.000219012 0.0863384 0.000426717
12.88 2.24375e-05 0.000125895 0.00153996 0.000234053 0.0849411 0.00312151
12.9 2.23309e-05 0.00022646 0.00138283 0.00024967 0.0810079 0.00567734
12.92 2.13083e-05 0.000320713 0.00115829 0.000264059 0.0753598 0.0080903
12.94 1.9325e-05 0.000406186 0.000890989 0.000274413 0.068536 0.0102978
12.96 1.63217e-05 0.000483317 0.000595296 0.000276848 0.0607484 0.01231
12.98 1.24363e-05 0.000554132 0.000286237 0.000267225 0.052159 0.0141783
13 7.88941e-06 0.000613627 -2.22247e-05 0.000242509 0.0428613 0.0157664
13.02 3.01839e-06 0.000647119 -0.000320894 0.000202032 0.0327914 0.0166689
13.04 -1.8452e-06 0.00063898 -0.000601701 0.000148451 0.0218436 0.0164653
13.06 -6.4137e-06 0.000583115 -0.000855376 8.7628e-05 0.0100253 0.0150681
13.08 -1.04874e-05 0.000490327 -0.00107501 2.69488e-05 -0.002553 0.0127475
13.1 -1.39705e-05 0.000376233 -0.00125744 -2.68939e-05 -0.0156477 0.00989389
13.12 -1.68743e-05 0.000252675 -0.00140193 -6.96972e-05 -0.0287271 0.00680337
13.14 -1.92697e-05 0.000128278 -0.00151037 -0.000100655 -0.0409724 0.00369095
13.16 -2.12347e-05 1.16162e-05 -0.00158764 -0.000122016 -0.0515647 0.000770011
13.18 -2.28327e-05 -8.96406e-05 -0.00163975 -0.000137807 -0.0599079 -0.0017685
13.2 -2.41179e-05 -0.000172483 -0.001671 -0.000152282 -0.0654987 -0.00384917
13.22 -2.51319e-05 -0.000241213 -0.00168301 -0.000168446 -0.0677835 -0.00557925
13.24 -2.57302e-05 -0.000305245 -0.00163639 -0.000186575 -0.0666175 -0.00719531
13.26 -2.5444e-05 -0.000374239 -0.00147662 -0.000203791 -0.0626171 -0.00894261
13.28 -2.41539e-05 -0.000454933 -0.0012339 -0.000215673 -0.0564996 -0.0109965
13.3 -2.18716e-05 -0.000549335 -0.000935375 -0.000218136 -0.0488215 -0.0134181
13.32 -1.85382e-05 -0.000652889 -0.000600108 -0.000208154 -0.0398215 -0.0161062
13.34 -1.43112e-05 -0.000752618 -0.000250013 -0.00018386 -0.029709 -0.0187376
13.36 -9.4233e-06 -0.000830123 9.1177e-05 -0.000144659 -0.0187278 -0.0208208
13.38 -4.26153e-06 -0.00087061 0.000405799 -9.17331e-05 -0.00704871 -0.0219254
13.4 7.80009e-07 -0.000871327 0.000685667 -2.87755e-05 0.00530974 -0.0219451
13.42 5.36077e-06 -0.000839766 0.000929006 3.83799e-05 0.0184349 -0.0211557
13.44 9.25728e-06 -0.000790903 0.00113646 0.000103387 0.0324012 -0.0199336
13.46 1.23747e-05 -0.000733366 0.00130876 0.000160955 0.0470948 -0.0184946
13.48 1.47523e-05 -0.000666799 0.00144586 0.00020791 0.0619534 -0.0168297
13.5 1.65278e-05 -0.000588665 0.00154822 0.000243695 0.075852 -0.0148755
13.52 1.78915e-05 -0.000500363 0.00161866 0.000269942 0.0874333 -0.0126668
13.54 1.90398e-05 -0.00040443 0.00166191 0.000289362 0.0956324 -0.0102669
13.56 2.01267e-05 -0.000298021 0.00168243 0.000304699 0.0998763 -0.00760378
13.58 2.10758e-05 -0.000172405 0.00168245 0.000317769 0.0998798 -0.00445698
13.6 2.14004e-05 -2.09256e-05 0.00154601 0.0003286 0.0964666 -0.000653885
13.62 2.09978e-05 0.000153316 0.00130357 0.000336214 0.0903798 0.00374265
13.64 1.98329e-05 0.000337883 0.000994068 0.000339207 0.0824928 0.00844743
13.66 1.77292e-05 0.000517298 0.000647776 0.000334437 0.0733439 0.0131036
13.68 1.47585e-05 0.000680067 0.000295843 0.000317626 0.0634224 0.0174433
13.7 1.10372e-05 0.000820296 -3.13507e-05 0.000285431 0.0532775 0.0213168
13.72 6.86448e-06 0.000933632 -0.000320955 0.000236437 0.0431447 0.0245775
13.74 2.57615e-06 0.00101506 -0.000580345 0.000171828 0.0326706 0.0270157
13.76 -1.49925e-06 0.00106291 -0.000820727 9.61372e-05 0.0211736 0.0284946
13.78 -5.1055e-06 0.0010834 -0.00104485 1.68429e-05 0.00805233 0.0291398
13.8 -8.06444e-06 0.00108729 -0.00124659 -5.77301e-05 -0.00693266 0.0292633
13.82 -1.0325e-05 0.00107957 -0.00141668 -0.000120726 -0.0234282 0.0290701
13.84 -1.19939e-05 0.00105626 -0.00154976 -0.000168187 -0.0404386 0.0284872
13.86 -1.32987e-05 0.00100994 -0.00164717 -0.000199431 -0.0565925 0.0273287
13.88 -1.44803e-05 0.000938669 -0.00171457 -0.000216669 -0.0705648 0.0255461
13.9 -1.57016e-05 0.000846049 -0.00175825 -0.000224131 -0.0813247 0.0232296
13.92 -1.70382e-05 0.000732685 -0.00178282 -0.000226491 -0.0881284 0.0203943
13.94 -1.85237e-05 0.000591894 -0.00179084 -0.000227306 -0.090482 0.0168724
13.96 -2.0139e-05 0.000415661 -0.00172223 -0.000228233 -0.088766 0.0124617
13.98 -2.12814e-05 0.000204621 -0.00154159 -0.00022873 -0.0842392 0.00717009
14 -2.15696e-05 -2.59831e-05 -0.00130564 -0.000226173 -0.0782746 0.00135824
14.02 -2.10171e-05 -0.000249871 -0.00105347 -0.000216849 -0.0717696 -0.00434896
14.04 -1.94897e-05 -0.000445943 -0.000796817 -0.00019745 -0.0649213 -0.00944592
14.06 -1.7059e-05 -0.000614786 -0.000534463 -0.000166076 -0.0575656 -0.0139587
14.08 -1.39038e-05 -0.000772664 -0.000259618 -0.000122587 -0.0493068 -0.0183378
14.1 -1.0327e-05 -0.000929206 3.24265e-05 -6.85629e-05 -0.0396429 -0.0229054
14.12 -6.62841e-06 -0.00107657 0.000336244 -6.92306e-06 -0.028164 -0.0275054
14.14 -3.06022e-06 -0.00119838 0.000633853 5.83825e-05 -0.0147684 -0.0316252
14.16 1.90893e-07 -0.00128347 0.000900974 0.000122283 0.000133195 -0.0347388
14.18 3.01234e-06 -0.0013303 0.00111826 0.000178548 0.0155089 -0.0365585
14.2 5.39438e-06 -0.0013418 0.0012796 0.000221037 0.0299441 -0.0370188
14.22 7.40891e-06 -0.00130624 0.00139078 0.000246128 0.0421604 -0.0361295
14.24 9.15737e-06 -0.001215 0.0014638 0.000254707 0.0515936 -0.0338475
14.26 1.07345e-05 -0.00107466 0.00151173 0.000252088 0.0585703 -0.0303373
14.28 1.22185e-05 -0.000907943 0.00154407 0.000245002 0.0636989 -0.0261673
14.3 1.36739e-05 -0.000741211 0.00156404 0.000238489 0.0670564 -0.0219952
14.32 1.51319e-05 -0.000581531 0.00156969 0.000235323 0.0680367 -0.0179953
14.34 1.62764e-05 -0.000413102 0.00150067 0.000236023 0.0663104 -0.0137669
14.36 1.69091e-05 -0.000216303 0.00133139 0.0002381 0.0620732 -0.00880237
14.38 1.70333e-05 1.6291e-05 0.00108668 0.000236061 0.0559165 -0.00287273
14.4 1.64839e-05 0.000277668 0.000792715 0.00022339 0.0484014 0.00393956
14.42 1.51865e-05 0.000549803 0.000471098 0.000195804 0.0398862 0.011338
14.44 1.31572e-05 0.000807778 0.000145754 0.00015357 0.0307328 0.0188649
14.46 1.05441e-05 0.00102693 -0.000157594 0.000101234 0.0214094 0.0259362
14.48 7.59344e-06 0.00119099 -0.000420671 4.50694e-05 0.0123735 0.0318968
14.5 4.56965e-06 0.001295 -0.000640594 -9.47584e-06 0.00381288 0.0361226
14.52 1.68334e-06 0.00134331 -0.000826513 -5.81605e-05 -0.00445582 0.0382434
14.54 -9.31423e-07 0.00134553 -0.000989389 -9.6771e-05 -0.0127978 0.0383438
14.56 -3.22156e-06 0.00129205 -0.00113464 -0.000121714 -0.0214503 0.0370063
14.58 -5.21444e-06 0.00120167 -0.00126175 -0.000133445 -0.0303361 0.0347458
14.6 -7.00463e-06 0.00109109 -0.00136676 -0.000137141 -0.038962 0.0319801
14.62 -8.71946e-06 0.000968816 -0.00144451 -0.00013798 -0.0463649 0.0289219
14.64 -1.04764e-05 0.000828748 -0.00149028 -0.000137643 -0.0512399 0.025418
14.66 -1.23527e-05 0.000651733 -0.00149953 -0.000135382 -0.0522791 0.0209874
14.68 -1.40482e-05 0.00042373 -0.00138507 -0.000130484 -0.0494158 0.0152697
14.7 -1.52026e-05 0.000151147 -0.00115305 -0.000123238 -0.0435912 0.00839406
14.72 -1.57333e-05 -0.000145545 -0.000871665 -0.000113879 -0.0364223 0.000795581
14.74 -1.54944e-05 -0.000445848 -0.000593469 -0.000101451 -0.0291084 -0.00715346
14.76 -1.44313e-05 -0.00073014 -0.000333952 -8.43977e-05 -0.0219504 -0.0151476
14.78 -1.26315e-05 -0.000976081 -9.06358e-05 -6.17436e-05 -0.0148004 -0.0227399
14.8 -1.02844e-05 -0.00116581 0.000138347 -3.323e-05 -0.00752154 -0.0293389
14.82 -7.68362e-06 -0.00129383 0.000352925 1.38109e-06 -2.91388e-05 -0.0343759
14.84 -5.09386e-06 -0.00136608 0.000555446 4.23424e-05 0.00786278 -0.0375175
14.86 -2.66286e-06 -0.00139506 0.00074895 8.83627e-05 0.0164336 -0.0388538
14.88 -4.00104e-07 -0.00139416 0.00093253 0.000134703 0.0258714 -0.0388314
14.9 1.76458e-06 -0.00135617 0.00109861 0.000173994 0.0359742 -0.0378813
14.92 3.9194e-06 -0.00127578 0.0012345 0.000200104 0.0458246 -0.0358707
14.94 6.1393e-06 -0.00113989 0.00133 0.000211323 0.0539348 -0.032472
14.96 8.4731e-06 -0.000948389 0.00138375 0.000209944 0.0590602 -0.027682
14.98 1.09312e-05 -0.000718341 0.00140153 0.000199672 0.0608613 -0.0219242
15 1.34627e-05 -0.000471456 0.00136157 0.000184745 0.0598619 -0.0157308
15.02 1.56407e-05 -0.00022098 0.0012394 0.00017035 0.0568054 -0.00940852
15.04 1.71275e-05 3.29524e-05 0.00105776 0.000161188 0.0522501 -0.00291343
15.06 1.77988e-05 0.000295744 0.000841885 0.000158949 0.0467934 0.00398223
15.08 1.74888e-05 0.000563371 0.000615617 0.000161295 0.0409765 0.0113335
15.1 1.62363e-05 0.000817 0.000393054 0.000162863 0.0350933 0.0188356
15.12 1.42077e-05 0.00103582 0.00017178 0.000157376 0.0290045 0.0260204
15.14 1.16807e-05 0.00120975 -6.05884e-05 0.000139833 0.0222386 0.032505
15.16 8.94092e-06 0.00133653 -0.0003105 0.000108012 0.0143502 0.0379072
15.18 6.2001e-06 0.0014155 -0.000568249 6.31157e-05 0.00523894 0.0416879
15.2 3.54407e-06 0.00144612 -0.000813228 1.00781e-05 -0.00480965 0.0432647
15.22 9.41051e-07 0.00141332 -0.00102622 -4.2147e-05 -0.0152451 0.0424444
15.24 -1.7066e-06 0.00130125 -0.00119651 -8.31652e-05 -0.0253445 0.0396415
15.26 -4.49303e-06 0.00113622 -0.00132241 -0.000107301 -0.0343186 0.035514
15.28 -7.46519e-06 0.000942775 -0.00140871 -0.000115708 -0.0415202 0.030675
15.3 -1.06031e-05 0.000727582 -0.00146235 -0.000112333 -0.0465624 0.0252881
15.32 -1.3819e-05 0.000485032 -0.00148904 -0.000101371 -0.0492671 0.0192013
15.34 -1.69778e-05 0.000216078 -0.00149222 -8.78543e-05 -0.0495992 0.0124059
15.36 -1.97856e-05 -6.83823e-05 -0.00142927 -7.75757e-05 -0.0480247 0.00510383
15.38 -2.17906e-05 -0.000360031 -0.00130997 -7.49759e-05 -0.0450382 -0.00262742
15.4 -2.29006e-05 -0.000654986 -0.00115437 -8.05817e-05 -0.041129 -0.0109221
15.42 -2.31343e-05 -0.000940078 -0.000973315 -9.06833e-05 -0.0365397 -0.0197801
15.44 -2.24841e-05 -0.00118958 -0.000770354 -9.92817e-05 -0.0313065 -0.0287842
15.46 -2.10832e-05 -0.00138193 -0.00054654 -0.00010038 -0.0253678 -0.0371891
15.48 -1.90517e-05 -0.00151308 -0.00030024 -8.96503e-05 -0.0185318 -0.0442071
15.5 -1.65446e-05 -0.00159176 -3.17377e-05 -6.52751e-05 -0.010557 -0.0492253
15.52 -1.36631e-05 -0.00162906 0.00024685 -2.80803e-05 -0.0014385 -0.0519028
15.54 -1.0472e-05 -0.00163295 0.000511891 1.78293e-05 0.00842047 -0.0521956
15.56 -7.00701e-06 -0.00156775 0.000741329 6.41017e-05 0.018345 -0.0505648
15.58 -3.29724e-06 -0.00143751 0.000925256 0.000101216 0.0276719 -0.0473076
15.6 6.21924e-07 -0.00124961 0.00106544 0.000124318 0.0359473 -0.0426076
15.62 4.66513e-06 -0.00101335 0.00116902 0.000133772 0.0429435 -0.0366947
15.64 8.68096e-06 -0.000744744 0.00124441 0.000131911 0.0486419 -0.0299558
15.66 1.24853e-05 -0.000460286 0.00129928 0.000122354 0.0531826 -0.0227692
15.68 1.59254e-05 -0.000168389 0.00133817 0.000110881 0.0566367 -0.0152778
15.7 1.89232e-05 0.000126853 0.00136158 0.000104479 0.0588209 -0.00746762
15.72 2.14147e-05 0.000415732 0.00136728 0.000108252 0.0593658 0.000580335
15.74 2.3159e-05 0.000683194 0.00131869 0.000122248 0.0581506 0.00864397
15.76 2.4057e-05 0.000913543 0.0012016 0.000141057 0.0552209 0.0163689
15.78 2.4171e-05 0.00109439 0.00102636 0.000156952 0.0508262 0.0232396
15.8 2.34398e-05 0.00122145 0.000810382 0.000163707 0.0453668 0.0287051
15.82 2.18336e-05 0.00129943 0.000572021 0.0001583 0.0392337 0.0324216
15.84 1.93507e-05 0.00133689 0.000326115 0.000140703 0.0327043 0.0343303
15.86 1.60506e-05 0.00134001 8.52499e-05 0.000113394 0.0259993 0.0344931
15.88 1.20904e-05 0.00128634 -0.000137867 8.13923e-05 0.0193875 0.0331508
15.9 7.6866e-06 0.0011787 -0.000336714 5.07742e-05 0.0130376 0.0304586
15.92 3.07809e-06 0.001024 -0.000515754 2.5726e-05 0.00681608 0.0265895
15.94 -1.5061e-06 0.000830574 -0.000682603 7.96666e-06 0.000440015 0.0217514
15.96 -5.87101e-06 0.000610296 -0.000839306 -2.28339e-06 -0.00622857 0.0162389
15.98 -9.87139e-06 0.000376611 -0.000982292 -6.43041e-06 -0.0130853 0.0103805
16 -1.3424e-05 0.000137095 -0.00110515 -7.54131e-06 -0.0197646 0.0043472
16.02 -1.65087e-05 -0.000108252 -0.00120069 -9.19752e-06 -0.0256217 -0.00189938
16.04 -1.9149e-05 -0.000356115 -0.00126423 -1.40074e-05 -0.0299233 -0.00834411
16.06 -2.13735e-05 -0.000590805 -0.00129433 -2.2727e-05 -0.032095 -0.0146716
16.08 -2.31762e-05 -0.000791232 -0.00128407 -3.40644e-05 -0.0318383 -0.0203678
16.1 -2.43281e-05 -0.000944922 -0.00119183 -4.54024e-05 -0.0295309 -0.0250203
16.12 -2.46541e-05 -0.00105151 -0.00104293 -5.43281e-05 -0.0257998 -0.0284541
16.14 -2.41071e-05 -0.00111673 -0.000869188 -5.94561e-05 -0.0214194 -0.0306644
16.16 -2.25601e-05 -0.00114656 -0.00068819 -5.99455e-05 -0.0167983 -0.0317079
16.18 -1.99828e-05 -0.00114347 -0.000501716 -5.48998e-05 -0.0119379 -0.0316306
16.2 -1.6466e-05 -0.00109964 -0.000307376 -4.38093e-05 -0.00671487 -0.0305345
16.22 -1.22314e-05 -0.0010187 -0.000105103 -2.71468e-05 -0.00103835 -0.0285102
16.24 -7.57604e-06 -0.000904126 0.000103012 -5.9906e-06 0.00515497 -0.0256446
16.26 -2.78458e-06 -0.000756247 0.000311215 1.81753e-05 0.0118423 -0.0219457
16.28 1.91811e-06 -0.000573242 0.000509022 4.3111e-05 0.0188203 -0.0173666
16.3 6.37105e-06 -0.000356241 0.000687024 6.59865e-05 0.025811 -0.0119286
16.32 1.04633e-05 -0.000113625 0.000840242 8.43963e-05 0.0325596 -0.00582031
16.34 1.41184e-05 0.000139654 0.000964779 9.75795e-05 0.0387067 0.000630121
16.36 1.72828e-05 0.000386437 0.00105682 0.000106836 0.0437394 0.00706242
16.38 1.99226e-05 0.000610996 0.00111551 0.000114785 0.0472147 0.013146
16.4 2.20198e-05 0.000800512 0.00114384 0.000124021 0.0489771 0.018565
16.42 2.35544e-05 0.000946757 0.00114549 0.000135914 0.0490811 0.0230197
16.44 2.43654e-05 0.00104739 0.00109613 0.000150048 0.0478466 0.026279
16.46 2.43043e-05 0.00110529 0.00100361 0.000164619 0.045532 0.0282463
16.48 2.33571e-05 0.00112689 0.000877029 0.000177008 0.0423607 0.0290004
16.5 2.14957e-05 0.00111716 0.000720234 0.000183942 0.0384149 0.028757
16.52 1.87591e-05 0.00107557 0.00053795 0.000182537 0.033781 0.0277167
16.54 1.52675e-05 0.00100314 0.000340351 0.000171828 0.0286621 0.0259051
16.56 1.11889e-05 0.000897067 0.000136406 0.00015278 0.0232168 0.0232523
16.58 6.72134e-06 0.000754656 -7.20468e-05 0.000127429 0.0173999 0.0196905
16.6 2.05083e-06 0.000575951 -0.000283739 9.86161e-05 0.01112 0.0152201
16.62 -2.65039e-06 0.000366139 -0.000489659 6.9646e-05 0.00450037 0.00996733
16.64 -7.2184e-06 0.000136742 -0.000676908 4.33107e-05 -0.00213415 0.0042091
16.66 -1.15063e-05 -9.80005e-05 -0.000837449 2.0987e-05 -0.0084697 -0.0017239
16.68 -1.54014e-05 -0.000325119 -0.000970182 2.45415e-06 -0.0143207 -0.00754692
16.7 -1.88179e-05 -0.000533815 -0.00107696 -1.35745e-05 -0.0195588 -0.0130314
16.72 -2.1675e-05 -0.000715956 -0.00115808 -2.85714e-05 -0.0239414 -0.0179946
16.74 -2.38906e-05 -0.000866352 -0.00121108 -4.34506e-05 -0.0270333 -0.0222851
16.76 -2.5398e-05 -0.000982149 -0.00123307 -5.83248e-05 -0.0283769 -0.0257588
16.78 -2.61384e-05 -0.00106262 -0.0012152 -7.25529e-05 -0.02793 -0.028289
16.8 -2.59733e-05 -0.00110946 -0.00114594 -8.48947e-05 -0.0261974 -0.0298154
16.82 -2.49036e-05 -0.0011253 -0.00104094 -9.37636e-05 -0.0235684 -0.0303421
16.84 -2.29745e-05 -0.001108 -0.000901374 -9.73407e-05 -0.0200619 -0.0299092
16.86 -2.02023e-05 -0.00105442 -0.000723182 -9.41464e-05 -0.0155456 -0.0285693
16.88 -1.67028e-05 -0.000966885 -0.000514906 -8.37257e-05 -0.0101697 -0.02638
16.9 -1.26233e-05 -0.000847821 -0.000296063 -6.63424e-05 -0.00434246 -0.0234021
16.92 -8.16844e-06 -0.000698985 -8.26524e-05 -4.25932e-05 0.00160204 -0.0196792
16.94 -3.5273e-06 -0.000523028 0.000120461 -1.36533e-05 0.00759986 -0.0152759
16.96 1.12778e-06 -0.000324712 0.000314987 1.84308e-05 0.0137719 -0.0103055
16.98 5.63617e-06 -0.000110653 0.000499257 5.09038e-05 0.0201416 -0.00491819
17 9.83896e-06 0.000110154 0.000664967 8.10407e-05 0.0264533 0.000690702
17.02 1.36059e-05 0.000326035 0.0008041 0.000107051 0.0323174 0.00627149
17.04 1.6857e-05 0.000525187 0.000915364 0.000128502 0.0374859 0.0115676
17.06 1.95569e-05 0.000698761 0.00100285 0.000145986 0.0419238 0.0163685
17.08 2.16842e-05 0.000841193 0.0010698 0.000160438 0.0455877 0.0204999
17.1 2.32082e-05 0.000949155 0.00111482 0.000172628 0.0482032 0.0237915
17.12 2.40931e-05 0.00102093 0.00113403 0.000182943 0.0493608 0.0260784
17.14 2.4285e-05 0.00105629 0.00111525 0.000191114 0.0488912 0.0272397
17.16 2.37127e-05 0.00105628 0.00104227 0.000196053 0.0470658 0.0272392
17.18 2.23803e-05 0.00101427 0.000929656 0.000196321 0.0442469 0.0261886
17.2 2.02991e-05 0.000935053 0.000790385 0.000190899 0.0407513 0.0242074
17.22 1.7475e-05 0.000823536 0.000632435 0.000179324 0.0367606 0.0214183
17.24 1.39712e-05 0.000682523 0.000460843 0.000161563 0.0323708 0.0178914
17.26 9.89593e-06 0.000513177 0.000280057 0.000138412 0.0276499 0.013655
17.28 5.42214e-06 0.000318883 9.54651e-05 0.000111613 0.0226806 0.00879088
17.3 7.58815e-07 0.000108846 -8.74169e-05 8.31944e-05 0.0175485 0.00352003
17.32 -3.87692e-06 -0.00010342 -0.00026545 5.48881e-05 0.0122794 -0.00183813
17.34 -8.29248e-06 -0.000305949 -0.000438156 2.80821e-05 0.00682117 -0.00701033
17.36 -1.23305e-05 -0.000492661 -0.000603738 3.9603e-06 0.00115943 -0.0118719
17.38 -1.58665e-05 -0.000662171 -0.000755208 -1.658e-05 -0.00450853 -0.0164128
17.4 -1.88014e-05 -0.000812329 -0.000881742 -3.31441e-05 -0.00971383 -0.02059
17.42 -2.10669e-05 -0.000936983 -0.000975023 -4.5854e-05 -0.013901 -0.0242172
17.44 -2.26361e-05 -0.00102888 -0.0010338 -5.5058e-05 -0.0167247 -0.027017
17.46 -2.35181e-05 -0.00108371 -0.00106232 -6.09573e-05 -0.0181539 -0.0287512
17.48 -2.37293e-05 -0.00110073 -0.00106492 -6.34184e-05 -0.018286 -0.0293009
17.5 -2.32135e-05 -0.00107679 -0.00102468 -6.22634e-05 -0.0172795 -0.0287021
17.52 -2.1916e-05 -0.00101142 -0.000942236 -5.79281e-05 -0.0152169 -0.0270672
17.54 -1.98575e-05 -0.000908145 -0.000824912 -5.12393e-05 -0.0122765 -0.0244843
17.56 -1.70621e-05 -0.000769723 -0.000682657 -4.23247e-05 -0.00869348 -0.0210222
17.58 -1.35975e-05 -0.000601461 -0.000525185 -3.04883e-05 -0.00468614 -0.0168129
17.6 -9.58635e-06 -0.000412242 -0.000359864 -1.50559e-05 -0.000405267 -0.0120756
17.62 -5.18951e-06 -0.000210928 -0.000190577 3.99234e-06 0.00409297 -0.00702315
17.64 -6.036e-07 -3.07124e-06 -1.89855e-05 2.59047e-05 0.00881756 -0.00177655
17.66 3.96814e-06 0.000208056 0.000152618 4.93821e-05 0.0137674 0.00361494
17.68 8.33295e-06 0.000418069 0.000319755 7.28704e-05 0.018876 0.00909116
17.7 1.23226e-05 0.000619863 0.000476494 9.47913e-05 0.0240053 0.0145336
17.72 1.58063e-05 0.000804791 0.000616431 0.000113778 0.0289433 0.0197709
17.74 1.87004e-05 0.000964488 0.000732951 0.000128989 0.0333828 0.024589
17.76 2.09588e-05 0.00109139 0.000820921 0.00014031 0.0369777 0.0287027
17.78 2.2551e-05 0.00117907 0.000878911 0.000148157 0.0394824 0.0317468
17.8 2.34426e-05 0.0012227 0.000908229 0.000153001 0.0407947 0.0333392
17.82 2.35915e-05 0.00121801 0.000909825 0.000155008 0.040867 0.0332219
17.84 2.29172e-05 0.00114972 0.000867318 0.000154575 0.0398039 0.031514
17.86 2.13496e-05 0.00102947 0.000785908 0.000152844 0.0377673 0.0285065
17.88 1.89006e-05 0.000870866 0.000676781 0.0001506 0.0350341 0.0245396
17.9 1.56156e-05 0.000682255 0.000549233 0.000147299 0.0318285 0.0198215
17.92 1.15906e-05 0.000467448 0.000407933 0.000141727 0.0282512 0.0144436
17.94 6.9945e-06 0.000229836 0.000255553 0.000132959 0.0243433 0.00847849
17.96 2.05381e-06 -2.40004e-05 9.50267e-05 0.000120613 0.0201414 0.00205885
17.98 -2.96899e-06 -0.000283185 -7.0488e-05 0.000104666 0.015678 -0.00460562
18 -7.83075e-06 -0.000535558 -0.000237678 8.53696e-05 0.0109818 -0.0113037
18.02 -1.23384e-05 -0.00077184 -0.000402551 6.34042e-05 0.00609919 -0.0179136
18.04 -1.63539e-05 -0.000985142 -0.000560176 4.00552e-05 0.0011178 -0.0243657
18.06 -1.97835e-05 -0.00116769 -0.000704145 1.70811e-05 -0.00378723 -0.0304933
18.08 -2.25681e-05 -0.00131159 -0.000826221 -3.7697e-06 -0.00829268 -0.0359534
18.1 -2.46751e-05 -0.00141304 -0.000918968 -2.12561e-05 -0.0119844 -0.0403083
18.12 -2.60903e-05 -0.0014732 -0.000979784 -3.48019e-05 -0.0145576 -0.043166
18.14 -2.68082e-05 -0.00149482 -0.00101118 -4.43142e-05 -0.0159397 -0.0442555
18.16 -2.68194e-05 -0.00146695 -0.00101704 -4.99905e-05 -0.0162024 -0.0435583
18.18 -2.6081e-05 -0.0013774 -0.00098886 -5.27899e-05 -0.0154975 -0.0413187
18.2 -2.45173e-05 -0.00123738 -0.000926726 -5.4653e-05 -0.0139433 -0.0378166
18.22 -2.21079e-05 -0.00105619 -0.000835743 -5.70634e-05 -0.0116653 -0.0332844
18.24 -1.88792e-05 -0.000840428 -0.000720695 -5.9792e-05 -0.00877657 -0.0278842
18.26 -1.49035e-05 -0.000598473 -0.000585734 -6.13354e-05 -0.0053662 -0.021815
18.28 -1.0327e-05 -0.000341117 -0.000433974 -5.98756e-05 -0.00148546 -0.0153208
18.3 -5.34343e-06 -7.839e-05 -0.000266904 -5.38158e-05 0.00287196 -0.00860365
18.32 -1.76064e-07 0.000182504 -8.62102e-05 -4.20118e-05 0.00773016 -0.00176744
18.34 4.95698e-06 0.000436089 0.00010302 -2.40891e-05 0.0130461 0.00515526
18.36 9.85315e-06 0.000676043 0.000291398 -8.19167e-07 0.0186589 0.0121269
18.38 1.43357e-05 0.000893949 0.000468669 2.58463e-05 0.0243399 0.0190319
18.4 1.82665e-05 0.00108087 0.000627184 5.33441e-05 0.0298601 0.0256438
18.42 2.15519e-05 0.00123037 0.000761931 7.94071e-05 0.0349826 0.0316367
18.44 2.41298e-05 0.00134022 0.000869281 0.000102715 0.0394256 0.0366296
18.46 2.59536e-05 0.00141148 0.000947 0.000122956 0.042889 0.0402383
18.48 2.69888e-05 0.00144592 0.000995246 0.000140447 0.0451614 0.0421134
18.5 2.72189e-05 0.00144234 0.00101608 0.000155441 0.0461751 0.0420241
18.52 2.66357e-05 0.0013692 0.00100853 0.00016769 0.0459863 0.0401947
18.54 2.51787e-05 0.00123959 0.00096106 0.000177486 0.0447989 0.036953
18.56 2.28521e-05 0.00107016 0.000879395 0.000186003 0.0427558 0.0327153
18.58 1.97147e-05 0.000871147 0.00076732 0.000193387 0.0399481 0.0277366
18.6 1.58334e-05 0.000647154 0.000627569 0.000198121 0.0364333 0.022127
18.62 1.13447e-05 0.000402904 0.000465263 0.000198337 0.0323154 0.0159904
18.64 6.4315e-06 0.000146332 0.000287723 0.000192714 0.0277373 0.0094929
18.66 1.3235e-06 -0.000112036 0.00010174 0.000180559 0.0228144 0.00284105
18.68 -3.75677e-06 -0.00036163 -8.78632e-05 0.000161687 0.0175997 -0.00377672
18.7 -8.61393e-06 -0.000593894 -0.000276579 0.00013657 0.0121315 -0.0102259
18.72 -1.30785e-05 -0.00080209 -0.000457744 0.000106591 0.0065205 -0.0163943
18.74 -1.69994e-05 -0.000979586 -0.000622996 7.3961e-05 0.000981046 -0.022103
18.76 -2.02561e-05 -0.00112031 -0.000765301 4.11475e-05 -0.00422013 -0.0270669
18.78 -2.27712e-05 -0.00122115 -0.00088128 1.01399e-05 -0.0088438 -0.0309592
18.8 -2.45093e-05 -0.00128278 -0.000970866 -1.78808e-05 -0.0127134 -0.0335186
18.82 -2.5466e-05 -0.00130762 -0.00103501 -4.22893e-05 -0.0156773 -0.0345967
18.84 -2.56575e-05 -0.00129115 -0.00107382 -6.24614e-05 -0.0175607 -0.0341848
18.86 -2.51131e-05 -0.00122175 -0.00108627 -7.79417e-05 -0.0181809 -0.0324491
18.88 -2.38365e-05 -0.00110745 -0.0010603 -8.92796e-05 -0.0175314 -0.0295902
18.9 -2.18014e-05 -0.000957143 -0.000990546 -9.75814e-05 -0.0157865 -0.0258309
18.92 -1.90604e-05 -0.000776978 -0.000885762 -0.000103015 -0.0131625 -0.0213239
18.94 -1.56812e-05 -0.000572089 -0.000753356 -0.000104424 -0.00983488 -0.0161941
18.96 -1.17385e-05 -0.000350272 -0.000598974 -0.000100278 -0.00592334 -0.0106264
18.98 -7.37364e-06 -0.000122318 -0.000429185 -8.95816e-05 -0.00155637 -0.0048694
19 -2.76118e-06 0.000100727 -0.000251292 -7.20333e-05 0.00312995 0.000832944
19.02 1.89102e-06 0.00031063 -7.08614e-05 -4.78422e-05 0.00804917 0.00631128
19.04 6.38009e-06 0.000502929 0.000108944 -1.77389e-05 0.013181 0.0114865
19.06 1.05203e-05 0.000674959 0.000285671 1.67882e-05 0.0185266 0.0163108
19.08 1.41581e-05 0.000823174 0.000454973 5.34121e-05 0.0240215 0.0206818
19.1 1.71822e-05 0.000942782 0.000609799 8.93805e-05 0.0294692 0.02441
19.12 1.95331e-05 0.00103009 0.000742194 0.000122279 0.034544 0.0272802
19.14 2.11978e-05 0.00108463 0.000846044 0.000150582 0.0388649 0.0291517
19.16 2.21918e-05 0.00110759 0.000918641 0.000173589 0.042102 0.0299601
19.18 2.25352e-05 0.00109553 0.000959939 0.000190894 0.0440354 0.0296585
19.2 2.2237e-05 0.00103876 0.00097126 0.000202285 0.0445782 0.0282387
19.22 2.1267e-05 0.00093878 0.00094362 0.000208298 0.0438869 0.0257381
19.24 1.95729e-05 0.000801617 0.000878609 0.000210077 0.0422608 0.0223075
19.26 1.71811e-05 0.000635568 0.000788148 0.000208353 0.0399966 0.018154
19.28 1.41523e-05 0.000449592 0.000679576 0.000202921 0.0372736 0.0134999
19.3 1.05726e-05 0.00025231 0.000555514 0.000193058 0.0341479 0.00855484
19.32 6.59484e-06 5.08656e-05 0.000417137 0.000178067 0.0306316 0.00348536
19.34 2.40757e-06 -0.000148693 0.000265601 0.000157491 0.0267252 -0.00157809
19.36 -1.77853e-06 -0.000339963 0.000102099 0.000131243 0.022415 -0.00650223
19.38 -5.77599e-06 -0.000516092 -7.11994e-05 9.98926e-05 0.0176937 -0.0111393
19.4 -9.43795e-06 -0.00067165 -0.00024881 6.49856e-05 0.0126284 -0.0153619
19.42 -1.26618e-05 -0.000803477 -0.000420458 2.9062e-05 0.00743542 -0.0190759
19.44 -1.53786e-05 -0.000908736 -0.000573799 -4.85156e-06 0.00246388 -0.0221638
19.46 -1.75446e-05 -0.000983373 -0.000700044 -3.40237e-05 -0.001937 -0.0244381
19.48 -1.91312e-05 -0.00102346 -0.000796493 -5.65839e-05 -0.00553527 -0.0256943
19.5 -2.01167e-05 -0.00102678 -0.000864728 -7.16369e-05 -0.00822985 -0.0257997
19.52 -2.04811e-05 -0.000986277 -0.000907805 -7.92812e-05 -0.010004 -0.0247867
19.54 -2.02071e-05 -0.000905516 -0.000928827 -8.08352e-05 -0.0108923 -0.0227668
19.56 -1.9296e-05 -0.000791402 -0.000929983 -7.83309e-05 -0.0109415 -0.0199127
19.58 -1.7734e-05 -0.000650644 -0.000901926 -7.32317e-05 -0.0102398 -0.0163921
19.6 -1.55416e-05 -0.00048956 -0.000845443 -6.59609e-05 -0.00882695 -0.0123621
19.62 -1.28177e-05 -0.000316008 -0.000762331 -5.61985e-05 -0.00674634 -0.00801623
19.64 -9.67564e-06 -0.000139051 -0.000653655 -4.32032e-05 -0.00401907 -0.00357491
19.66 -6.24899e-06 3.40254e-05 -0.000521158 -2.6225e-05 -0.000674473 0.000789825
19.68 -2.68235e-06 0.000199238 -0.00036932 -4.91511e-06 0.0032026 0.00499127
19.7 8.86197e-07 0.000353778 -0.000205574 2.03773e-05 0.0074654 0.00897246
19.72 4.32082e-06 0.000493089 -3.87754e-05 4.84218e-05 0.0119342 0.012626
19.74 7.49821e-06 0.000611444 0.000122854 7.71447e-05 0.0164336 0.0157986
19.76 1.03153e-05 0.000704212 0.000273254 0.000104052 0.02082 0.0183443
19.78 1.26911e-05 0.000768297 0.000408775 0.000126916 0.0249863 0.0201406
19.8 1.45614e-05 0.000801381 0.000527323 0.000144302 0.0288405 0.0210821
19.82 1.58774e-05 0.000801364 0.000627259 0.000155653 0.0322764 0.0210817
19.84 1.66086e-05 0.000763243 0.000707048 0.000161205 0.0351662 0.0201283
19.86 1.67446e-05 0.0006893 0.000765531 0.000161998 0.03738 0.0182789
19.88 1.62943e-05 0.000585127 0.000801616 0.000159419 0.0387911 0.0156735
19.9 1.5286e-05 0.000457677 0.000813587 0.000154379 0.0392674 0.0124858
19.92 1.37344e-05 0.000313638 0.000793223 0.000147219 0.0387581 0.00888258
19.94 1.16556e-05 0.000158618 0.000736376 0.000138141 0.0373362 0.00500222
19.96 9.13183e-06 -2.96782e-06 0.000649013 0.000127309 0.0351499 0.000950664
19.98 6.2526e-06 -0.000167479 0.000537387 0.000114722 0.0323508 -0.00318989
20 3.10681e-06 -0.000331414 0.000406808 0.000100316 0.0290602 -0.00734618
20.02 -1.95595e-07 -0.000490726 0.000263246 8.41968e-05 0.0254071 -0.0114361
20.04 -3.53997e-06 -0.00064012 0.000113544 6.67782e-05 0.0215359 -0.0153453
20.06 -6.79763e-06 -0.00077305 -3.62233e-05 4.87536e-05 0.0175706 -0.0189153
20.08 -9.84278e-06 -0.000882486 -0.000182138 3.09961e-05 0.0135839 -0.021947
20.1 -1.2559e-05 -0.000962118 -0.000322319 1.44694e-05 0.00960059 -0.024223
20.12 -1.48456e-05 -0.00100759 -0.000455198 2.06147e-07 0.00564396 -0.0255555
20.14 -1.66183e-05 -0.00101695 -0.000577209 -1.07306e-05 0.00181305 -0.025833
20.16 -1.78154e-05 -0.000986809 -0.000682816 -1.75354e-05 -0.00169428 -0.0250791
20.18 -1.84019e-05 -0.000919864 -0.000767521 -2.0229e-05 -0.00466398 -0.0234048
20.2 -1.83703e-05 -0.0008224 -0.000829531 -1.97093e-05 -0.00694222 -0.0209671
20.22 -1.77366e-05 -0.000700346 -0.000868196 -1.70309e-05 -0.00841328 -0.0179144
20.24 -1.6539e-05 -0.000558557 -0.000882443 -1.2997e-05 -0.0089659 -0.0143677
20.26 -1.4815e-05 -0.000401456 -0.000866567 -8.30733e-06 -0.00856882 -0.0104359
20.28 -1.26083e-05 -0.000232704 -0.000817327 -3.58965e-06 -0.00733721 -0.00620672
20.3 -1.00165e-05 -5.50265e-05 -0.000742083 9.08482e-07 -0.00545421 -0.00173916
20.32 -7.13921e-06 0.000128284 -0.000646554 5.57044e-06 -0.00305931 0.0029012
20.34 -4.06102e-06 0.00031078 -0.000532588 1.11867e-05 -0.000190122 0.00757766
20.36 -8.75178e-07 0.000482728 -0.000401458 1.84428e-05 0.00313858 0.0120704
20.38 2.32435e-06 0.000634537 -0.000257118 2.75487e-05 0.00685487 0.0161453
20.4 5.43322e-06 0.000759411 -0.000105784 3.82056e-05 0.0108366 0.0196078
20.42 8.34887e-06 0.00085329 4.69876e-05 4.97916e-05 0.0149792 0.0222995
20.44 1.09748e-05 0.000914214 0.000197608 6.15026e-05 0.0192262 0.0240973
20.46 1.32238e-05 0.000942086 0.000342549 7.23822e-05 0.0235131 0.0249354
20.48 1.50183e-05 0.00093745 0.00047639 8.1419e-05 0.0276961 0.0248195
20.5 1.62971e-05 0.000898272 0.000592873 8.79752e-05 0.0315576 0.0238396
20.52 1.702e-05 0.000828827 0.000687635 9.23223e-05 0.0348854 0.0221028
20.54 1.71707e-05 0.000733578 0.000759555 9.54316e-05 0.037544 0.0197205
20.56 1.67571e-05 0.000615721 0.000809757 9.8191e-05 0.0394776 0.0167728
20.58 1.58073e-05 0.000477765 0.000839292 0.000101108 0.0406483 0.013322
20.6 1.43717e-05 0.000322659 0.000847653 0.000104433 0.0409844 0.00944047
20.62 1.24803e-05 0.000154049 0.000826946 0.000108152 0.0404665 0.00521562
20.64 1.01848e-05 -2.36215e-05 0.000774537 0.000111912 0.0391556 0.00074987
20.66 7.57792e-06 -0.000204755 0.000694885 0.000115055 0.0371625 -0.00383268
20.68 4.73149e-06 -0.000382035 0.000592005 0.00011676 0.0345839 -0.00837113
20.7 1.7188e-06 -0.000547055 0.000469084 0.000116287 0.0314905 -0.0126757
20.72 -1.37844e-06 -0.000692563 0.000330165 0.000113222 0.0279656 -0.0165711
20.74 -4.46646e-06 -0.00081381 0.000180832 0.000107525 0.0241223 -0.0199209
20.76 -7.43452e-06 -0.00090779 2.75639e-05 9.93887e-05 0.0200911 -0.0226058
20.78 -1.0166e-05 -0.00097263 -0.000123873 8.91443e-05 0.0159871 -0.0245152
20.8 -1.25527e-05 -0.00100824 -0.000269355 7.73161e-05 0.0118913 -0.0255873
20.82 -1.45061e-05 -0.00101596 -0.000405862 6.4681e-05 0.00786884 -0.0258223
20.84 -1.59621e-05 -0.000993656 -0.000530575 5.21561e-05 0.00399914 -0.0252644
20.86 -1.68823e-05 -0.000940499 -0.000640595 4.04044e-05 0.000391588 -0.0239349
20.88 -1.72541e-05 -0.000856662 -0.000733518 2.94743e-05 -0.00282896 -0.0218381
20.9 -1.70914e-05 -0.000743243 -0.000807949 1.90449e-05 -0.00554564 -0.0190014
20.92 -1.64309e-05 -0.000603594 -0.000863073 8.90239e-06 -0.00764864 -0.0155084
20.94 -1.53249e-05 -0.000443615 -0.000897763 -9.82383e-07 -0.00901651 -0.0115054
20.96 -1.38368e-05 -0.000270813 -0.000910369 -1.05093e-05 -0.00952269 -0.00717671
20.98 -1.20041e-05 -9.29654e-05 -0.000894903 -1.93111e-05 -0.0091359 -0.00270909
21 -9.86168e-06 8.25438e-05 -0.000848034 -2.66817e-05 -0.00796359 0.00172496
21.02 -7.48896e-06 0.000248627 -0.000776118 -3.17612e-05 -0.006164 0.00596224
21.04 -4.96068e-06 0.000398581 -0.000684899 -3.37343e-05 -0.00387781 0.00984411
21.06 -2.35288e-06 0.00052696 -0.000578152 -3.19971e-05 -0.00119266 0.0132306
21.08 2.43027e-07 0.000630506 -0.000459039 -2.6341e-05 0.00182427 0.0160207
21.1 2.73135e-06 0.000707799 -0.000331204 -1.69773e-05 0.00509898 0.0181474
21.12 5.01025e-06 0.000757909 -0.000198826 -4.39002e-06 0.00854717 0.0195504
21.14 6.9879e-06 0.000779507 -6.58341e-05 1.07696e-05 0.0120907 0.0201617
21.16 8.59318e-06 0.000769645 6.49279e-05 2.76262e-05 0.0156764 0.0199151
21.18 9.77947e-06 0.000724189 0.000191112 4.51065e-05 0.0192585 0.0187782
21.2 1.05196e-05 0.000643625 0.0003096 6.22933e-05 0.0227586 0.0167633
21.22 1.08033e-05 0.000531143 0.000416297 7.86701e-05 0.0260489 0.01395
21.24 1.06382e-05 0.000392228 0.000507295 9.39472e-05 0.0289797 0.0104755
21.26 1.00498e-05 0.000233803 0.000580154 0.000107896 0.0314232 0.00651181
21.28 9.07997e-06 6.31467e-05 0.000633598 0.00012032 0.0332779 0.00223777
21.3 7.78522e-06 -0.000113258 0.00066673 0.000130986 0.0344568 -0.00219232
21.32 6.23174e-06 -0.000289889 0.000679176 0.000139551 0.0349058 -0.0066547
21.34 4.47197e-06 -0.000461145 0.00066916 0.000145533 0.0346553 -0.0110297
21.36 2.55842e-06 -0.000620942 0.000635913 0.000148398 0.0338238 -0.0151862
21.38 5.68337e-07 -0.000763439 0.000584355 0.000147731 0.0325341 -0.0189887
21.4 -1.42925e-06 -0.000883832 0.000517812 0.000143279 0.0308685 -0.0223058
21.42 -3.37264e-06 -0.000978509 0.000437519 0.000134966 0.0288558 -0.0250073
21.44 -5.19609e-06 -0.00104492 0.000344715 0.000122971 0.026522 -0.0269652
21.46 -6.83659e-06 -0.00108136 0.000242175 0.000107789 0.0239286 -0.028066
21.48 -8.23424e-06 -0.00108583 0.000133553 9.02793e-05 0.021156 -0.0282024
21.5 -9.34054e-06 -0.00105042 2.21394e-05 7.16629e-05 0.0182742 -0.0273168
21.52 -1.01179e-05 -0.000973966 -8.92773e-05 5.31464e-05 0.0153405 -0.0254047
21.54 -1.05366e-05 -0.000860538 -0.000197521 3.54908e-05 0.012426 -0.0225678
21.56 -1.0574e-05 -0.000717532 -0.000298385 1.91784e-05 0.00963814 -0.018991
21.58 -1.02194e-05 -0.000553371 -0.000387424 4.64647e-06 0.00710623 -0.014884
21.6 -9.48243e-06 -0.000375057 -0.000461617 -7.79065e-06 0.00493604 -0.010419
21.62 -8.39894e-06 -0.000186854 -0.00052014 -1.79692e-05 0.00317942 -0.00569494
21.64 -7.02851e-06 8.46801e-06 -0.000563389 -2.57484e-05 0.00185281 -0.000765597
21.66 -5.44459e-06 0.000206518 -0.000591466 -3.08872e-05 0.000977525 0.00428589
21.68 -3.72161e-06 0.000400033 -0.000603993 -3.30619e-05 0.000583219 0.00931312
21.7 -1.92555e-06 0.00058015 -0.000600488 -3.19921e-05 0.000670874 0.0141255
21.72 -1.20126e-07 0.000738728 -0.000579587 -2.7581e-05 0.00119362 0.0185261
21.74 1.62787e-06 0.000870068 -0.000542473 -1.99522e-05 0.00212196 0.0223392
21.76 3.25798e-06 0.000970788 -0.00048978 -9.35823e-06 0.00344048 0.0254042
21.78 4.71496e-06 0.0010393 -0.000423929 3.86453e-06 0.00509007 0.0275783
21.8 5.94668e-06 0.00107541 -0.00035044 1.91922e-05 0.00693535 0.0287589
21.82 6.90922e-06 0.00107965 -0.000275815 3.57353e-05 0.00881644 0.0288991
21.84 7.56752e-06 0.00104566 -0.000204759 5.22101e-05 0.0106172 0.0280489
21.86 7.891e-06 0.000974483 -0.000139118 6.74967e-05 0.0122918 0.0262688
21.88 7.85156e-06 0.000870084 -7.84737e-05 8.11734e-05 0.0138506 0.0236577
21.9 7.42996e-06 0.000737567 -2.2181e-05 9.31421e-05 0.0153095 0.0203434
21.92 6.6257e-06 0.000582473 2.90279e-05 0.000103183 0.0166484 0.0164637
21.94 5.46684e-06 0.000409942 7.34667e-05 0.000111038 0.0178205 0.0121456
21.96 4.01183e-06 0.000223606 0.000109556 0.000116535 0.0187802 0.00747462
21.98 2.33932e-06 2.65417e-05 0.000135661 0.000119549 0.019479 0.00251525
22 5.3174e-07 -0.000175893 0.000149655 0.000119915 0.0198554 -0.00262179
22.02 -1.33722e-06 -0.000374844 0.000149887 0.000117469 0.0198617 -0.00774836
22.04 -3.20334e-06 -0.00055987 0.000135848 0.000112193 0.0195105 -0.0126346
22.06 -5.00641e-06 -0.000722326 0.000110395 0.000104321 0.0188739 -0.017074
22.08 -6.68779e-06 -0.000857088 7.76395e-05 9.43139e-05 0.0180546 -0.0209134
22.1 -8.18699e-06 -0.000962443 4.17296e-05 8.27094e-05 0.017156 -0.0240523
22.12 -9.44148e-06 -0.00103888 6.44136e-06 7.00075e-05 0.0162724 -0.0264275
22.14 -1.03919e-05 -0.0010868 -2.54667e-05 5.67112e-05 0.0154727 -0.0279679
22.16 -1.09897e-05 -0.00110498 -5.32104e-05 4.34952e-05 0.0147767 -0.0285637
22.18 -1.12028e-05 -0.00108677 -7.82283e-05 3.13288e-05 0.0141482 -0.0281083
22.2 -1.10159e-05 -0.00102516 -0.000102622 2.11114e-05 0.0135346 -0.0265675
22.22 -1.04261e-05 -0.000922552 -0.000127118 1.30222e-05 0.0129176 -0.0240012
22.24 -9.44259e-06 -0.000784614 -0.000149841 6.73836e-06 0.0123441 -0.0205512
22.26 -8.08938e-06 -0.000618056 -0.000167005 2.19615e-06 0.0119103 -0.0163848
22.28 -6.40807e-06 -0.000429968 -0.000175271 -3.34533e-07 0.0117011 -0.0116765
22.3 -4.46029e-06 -0.000228058 -0.000173141 -6.09962e-07 0.0117544 -0.00661157
22.32 -2.32512e-06 -2.06506e-05 -0.000160621 1.43612e-06 0.0120675 -0.00138176
22.34 -8.96642e-08 0.000184382 -0.000138903 5.75231e-06 0.0126107 0.00384223
22.36 2.16003e-06 0.000381054 -0.000110593 1.22397e-05 0.0133189 0.00894444
22.38 4.34084e-06 0.000565788 -7.94177e-05 2.07225e-05 0.0140991 0.0138721
22.4 6.37173e-06 0.000735341 -4.85486e-05 3.08576e-05 0.0148721 0.018575
22.42 8.17636e-06 0.00088419 -1.918e-05 4.20917e-05 0.0156082 0.0229149
22.44 9.68981e-06 0.00100545 9.33172e-06 5.37432e-05 0.0163236 0.0266573
22.46 1.08649e-05 0.00109406 3.80973e-05 6.51573e-05 0.0170465 0.0295501
22.48 1.16739e-05 0.00114831 6.69022e-05 7.57868e-05 0.0177717 0.0314032
22.5 1.21029e-05 0.00116778 9.31005e-05 8.51108e-05 0.0184326 0.0320862
22.52 1.21425e-05 0.00114594 0.00011244 9.24937e-05 0.0189214 0.0315399
22.54 1.17807e-05 0.00107714 0.000121445 9.75076e-05 0.0191493 0.0298192
22.56 1.10038e-05 0.000968081 0.000119144 0.000100369 0.0190917 0.0270916
22.58 9.80541e-06 0.000828798 0.000106521 0.000101564 0.018776 0.0236079
22.6 8.19602e-06 0.000668988 8.53677e-05 0.00010135 0.018247 0.0196104
22.62 6.21024e-06 0.000496023 5.69444e-05 9.97975e-05 0.017536 0.0152814
22.64 3.91347e-06 0.000314069 2.10495e-05 9.69652e-05 0.0166379 0.0107206
22.66 1.40181e-06 0.000124472 -2.29894e-05 9.29188e-05 0.0155352 0.00595137
22.68 -1.21134e-06 -7.14152e-05 -7.40331e-05 8.76384e-05 0.0142554 0.00098806
22.7 -3.81323e-06 -0.000269324 -0.000128779 8.10039e-05 0.0128794 -0.00409369
22.72 -6.30581e-06 -0.000461798 -0.000184224 7.29619e-05 0.0114809 -0.00914589
22.74 -8.61038e-06 -0.000639515 -0.000239026 6.37482e-05 0.010092 -0.0139649
22.76 -1.06628e-05 -0.000792749 -0.000292155 5.3939e-05 0.00873734 -0.0182995
22.78 -1.24034e-05 -0.000913037 -0.00034154 4.42736e-05 0.00746926 -0.0218679
22.8 -1.37712e-05 -0.000995335 -0.000384182 3.54358e-05 0.00636611 -0.0244207
22.82 -1.47086e-05 -0.00103902 -0.000417068 2.7962e-05 0.00550939 -0.0258206
22.84 -1.5169e-05 -0.00104657 -0.000437626 2.2258e-05 0.00497089 -0.0260662
22.86 -1.51202e-05 -0.00101592 -0.0004436 1.85206e-05 0.00481397 -0.0252996
22.88 -1.45434e-05 -0.000951618 -0.000432932 1.65146e-05 0.00508078 -0.0236914
22.9 -1.34356e-05 -0.000859571 -0.000405286 1.57392e-05 0.00577225 -0.0213892
22.92 -1.18211e-05 -0.000743052 -0.000362745 1.59449e-05 0.00683646 -0.018475
22.94 -9.75681e-06 -0.00060358 -0.000309073 1.71693e-05 0.00818001 -0.0149863
22.96 -7.32894e-06 -0.000443284 -0.000248022 1.94576e-05 0.0097106 -0.0109751
22.98 -4.64615e-06 -0.000265994 -0.000181258 2.28282e-05 0.011389 -0.00653301
23 -1.82522e-06 -7.70846e-05 -0.000108121 2.73738e-05 0.0132359 -0.00178473
23.02 1.02336e-06 0.000116494 -2.79459e-05 3.32548e-05 0.0152745 0.00311426
23.04 3.80338e-06 0.000305649 5.79462e-05 4.0542e-05 0.0174802 0.0079618
23.06 6.43261e-06 0.000479497 0.000146633 4.90357e-05 0.0197886 0.0125063
23.08 8.84008e-06 0.000627922 0.000234729 5.82086e-05 0.0221213 0.0164915
23.1 1.09632e-05 0.00074479 0.000318625 6.73604e-05 0.0243884 0.0197272
23.12 1.27435e-05 0.000828693 0.000394335 7.58905e-05 0.0264806 0.0221206
23.14 1.41245e-05 0.000881245 0.000458127 8.34449e-05 0.0282836 0.0236564
23.16 1.50552e-05 0.000904607 0.000507267 8.98265e-05 0.029701 0.0243495
23.18 1.54967e-05 0.000899069 0.000539728 9.48288e-05 0.0306525 0.024211
23.2 1.54264e-05 0.000861396 0.000553976 9.83352e-05 0.0310741 0.0232688
23.22 1.48375e-05 0.000792807 0.000549056 0.000100567 0.0309511 0.0215533
23.24 1.37318e-05 0.000695535 0.000524582 0.000101894 0.030339 0.0191205
23.26 1.21304e-05 0.000571984 0.000483885 0.000102434 0.029321 0.0160304
23.28 1.0081e-05 0.000424854 0.000430189 0.000102062 0.0279775 0.0123499
23.3 7.64917e-06 0.000258378 0.000365202 0.000100624 0.02635 0.00818311
23.32 4.92036e-06 7.89375e-05 0.000288322 9.80032e-05 0.0244207 0.00368405
23.34 1.99394e-06 -0.000105277 0.000197496 9.40809e-05 0.0221324 -0.000953986
23.36 -1.02775e-06 -0.000285496 9.18708e-05 8.87447e-05 0.0194523 -0.00552929
23.38 -4.04713e-06 -0.000453554 -2.64533e-05 8.19633e-05 0.016414 -0.00985606
23.4 -6.97371e-06 -0.000602777 -0.000152382 7.38896e-05 0.0131211 -0.0137769
23.42 -9.72154e-06 -0.000728557 -0.000278715 6.49057e-05 0.009733 -0.0171679
23.44 -1.22054e-05 -0.0008281 -0.000397541 5.5534e-05 0.00644313 -0.0199289
23.46 -1.43401e-05 -0.000900034 -0.000502522 4.62655e-05 0.0034298 -0.021979
23.48 -1.60461e-05 -0.000944227 -0.000590815 3.74563e-05 0.000799303 -0.0232659
23.5 -1.72588e-05 -0.000961262 -0.000662513 2.93635e-05 -0.00141419 -0.0237683
23.52 -1.7936e-05 -0.000949741 -0.000718765 2.22327e-05 -0.00320713 -0.0234801
23.54 -1.80608e-05 -0.000906235 -0.000760483 1.62003e-05 -0.00457271 -0.022392
23.56 -1.76412e-05 -0.000830384 -0.000787857 1.10983e-05 -0.0054869 -0.020495
23.58 -1.67109e-05 -0.00072356 -0.000799978 6.67379e-06 -0.00589657 -0.0178233
23.6 -1.53104e-05 -0.000589136 -0.000793516 2.98671e-06 -0.00573494 -0.0144611
23.62 -1.34797e-05 -0.000432878 -0.000763144 3.53089e-07 -0.00497531 -0.0105518
23.64 -1.12816e-05 -0.000262731 -0.000708865 -9.26433e-07 -0.00361749 -0.00629127
23.66 -8.78134e-06 -8.74882e-05 -0.000631813 -6.2379e-07 -0.00168834 -0.00189312
23.68 -6.04438e-06 8.49401e-05 -0.000534364 1.45981e-06 0.000757339 0.00245534
23.7 -3.14869e-06 0.000248097 -0.000420781 5.45907e-06 0.00362289 0.00660523
23.72 -1.81315e-07 0.000396648 -0.000296833 1.13605e-05 0.00677932 0.0104329
23.74 2.75447e-06 0.000526757 -0.000168864 1.89534e-05 0.0100857 0.0138438
23.76 5.54664e-06 0.000636027 -4.28252e-05 2.78715e-05 0.0134077 0.0167678
23.78 8.08227e-06 0.000722493 7.68651e-05 3.77184e-05 0.0166417 0.0191322
23.8 1.02586e-05 0.000783903 0.000188564 4.81743e-05 0.0197487 0.0208452
23.82 1.19927e-05 0.000817993 0.000292723 5.89776e-05 0.0227416 0.0218101
23.84 1.32306e-05 0.00082303 0.000389359 6.98183e-05 0.0256183 0.0219536
23.86 1.39512e-05 0.00079508 0.000476659 8.03053e-05 0.0283155 0.0212546
23.88 1.41629e-05 0.000733864 0.000551257 9.01484e-05 0.0307066 0.0197236
23.9 1.38937e-05 0.000641809 0.000608551 9.92244e-05 0.032605 0.0174212
23.92 1.31802e-05 0.000523098 0.000643259 0.000107299 0.0337838 0.0144522
23.94 1.20602e-05 0.000383442 0.000651473 0.000113924 0.0340662 0.0109588
23.96 1.05463e-05 0.000230055 0.000627494 0.000118663 0.0334665 0.00712042
23.98 8.64637e-06 7.09703e-05 0.000574767 0.000121319 0.0321477 0.00313443
24 6.40978e-06 -8.67926e-05 0.000501869 0.000121951 0.0303234 -0.00082976
24.02 3.89614e-06 -0.000239181 0.000415425 0.000120633 0.0281569 -0.00467965
24.04 1.18174e-06 -0.000384589 0.000318932 0.000117325 0.0257304 -0.00838616
24.06 -1.62791e-06 -0.000521686 0.000213776 0.000111947 0.0230702 -0.0119279
24.08 -4.41542e-06 -0.000647423 0.000100882 0.00010446 0.0201863 -0.0152363
24.1 -7.06064e-06 -0.000756306 -1.78787e-05 9.49076e-05 0.017108 -0.0181668
24.12 -9.46166e-06 -0.000841733 -0.000139881 8.34318e-05 0.0138807 -0.0205229
24.14 -1.15411e-05 -0.000898581 -0.000262079 7.03515e-05 0.0105605 -0.0221254
24.16 -1.32443e-05 -0.000925322 -0.000380167 5.62595e-05 0.00724391 -0.0228903
24.18 -1.45318e-05 -0.000923228 -0.000488234 4.20246e-05 0.00409085 -0.0228379
24.2 -1.53766e-05 -0.00089186 -0.000580348 2.85942e-05 0.00129353 -0.0220534
24.22 -1.57633e-05 -0.000833958 -0.000652533 1.66229e-05 -0.000982914 -0.0206052
24.24 -1.5688e-05 -0.000752005 -0.000702725 6.3432e-06 -0.00261608 -0.0185556
24.26 -1.51573e-05 -0.00064914 -0.000729898 -2.15838e-06 -0.00351927 -0.0159828
24.28 -1.41886e-05 -0.000529845 -0.000733691 -8.78467e-06 -0.00364649 -0.0129989
24.3 -1.279e-05 -0.000399032 -0.00070972 -1.35189e-05 -0.00304694 -0.00972609
24.32 -1.09762e-05 -0.000260537 -0.000661006 -1.64613e-05 -0.00182845 -0.00625852
24.34 -8.80402e-06 -0.00011704 -0.000593321 -1.76308e-05 -0.000134426 -0.00265978
24.36 -6.34627e-06 2.84299e-05 -0.000511235 -1.67132e-05 0.00192348 0.00100033
24.38 -3.69217e-06 0.000171508 -0.000417079 -1.31658e-05 0.00429249 0.00462068
24.4 -9.50708e-07 0.000306918 -0.000311989 -6.56919e-06 0.00695377 0.00807716
24.42 1.76694e-06 0.000429056 -0.000197471 3.12883e-06 0.00988438 0.0112326
24.44 4.35301e-06 0.000532323 -7.58798e-05 1.55709e-05 0.013045 0.0139398
24.46 6.71527e-06 0.000612144 4.96116e-05 3.00923e-05 0.0163787 0.0160646
24.48 8.77963e-06 0.000666629 0.000174596 4.58687e-05 0.0197939 0.0175349
24.5 1.04892e-05 0.000696559 0.000292698 6.20272e-05 0.0231328 0.0183505
24.52 1.17993e-05 0.000703399 0.000396008 7.76938e-05 0.0261643 0.0185377
24.54 1.26759e-05 0.000686887 0.000477424 9.20322e-05 0.0286413 0.0181247
24.56 1.30957e-05 0.000647456 0.000532922 0.000104391 0.0303812 0.0171386
24.58 1.30446e-05 0.000586786 0.000562145 0.000114474 0.031316 0.0156212
24.6 1.25177e-05 0.000507134 0.00056746 0.000122243 0.0314874 0.013629
24.62 1.15091e-05 0.000410805 0.000548546 0.000127676 0.0310144 0.0112197
24.64 1.0019e-05 0.000300134 0.000507666 0.000130765 0.0299919 0.00845154
24.66 8.0899e-06 0.000177827 0.000446878 0.000131576 0.028471 0.00539138
24.68 5.78996e-06 4.77868e-05 0.000367083 0.000130105 0.0264725 0.00213522
24.7 3.2056e-06 -8.42641e-05 0.000268901 0.000126164 0.0240065 -0.00117693
24.72 4.42039e-07 -0.000212084 0.000153124 0.000119436 0.0210813 -0.00439324
24.74 -2.3975e-06 -0.000330858 2.16429e-05 0.00010965 0.0177222 -0.00739728
24.76 -5.21277e-06 -0.000437554 -0.000121068 9.67921e-05 0.0140084 -0.0101154
24.78 -7.91045e-06 -0.000529791 -0.000267575 8.12543e-05 0.0100889 -0.0124865
24.8 -1.04023e-05 -0.000605265 -0.000409237 6.38307e-05 0.00615543 -0.0144465
24.82 -1.26089e-05 -0.000662478 -0.000538741 4.55605e-05 0.0023933 -0.015947
24.84 -1.44619e-05 -0.000701142 -0.000650961 2.75302e-05 -0.00103354 -0.0169696
24.86 -1.59046e-05 -0.000721463 -0.000742398 1.07346e-05 -0.00396917 -0.0175101
24.88 -1.68913e-05 -0.000722941 -0.000811199 -3.98919e-06 -0.00628043 -0.0175496
24.9 -1.73895e-05 -0.000703262 -0.000857439 -1.6015e-05 -0.0078908 -0.0170574
24.92 -1.73829e-05 -0.000661499 -0.000882417 -2.5045e-05 -0.00878179 -0.0160129
24.94 -1.68745e-05 -0.000598599 -0.000887194 -3.11599e-05 -0.00895396 -0.0144397
24.96 -1.5864e-05 -0.000517457 -0.000866253 -3.45787e-05 -0.00843021 -0.0124103
24.98 -1.43627e-05 -0.000422276 -0.000817338 -3.5413e-05 -0.0072067 -0.0100297
25 -1.24264e-05 -0.000317725 -0.00073984 -3.36442e-05 -0.00526716 -0.00741447
25.02 -1.0114e-05 -0.000208291 -0.000633852 -2.91247e-05 -0.00260907 -0.00467621
25.04 -7.49104e-06 -9.79309e-05 -0.000502119 -2.1652e-05 0.000712243 -0.00191282
25.06 -4.63925e-06 9.99497e-06 -0.000350492 -1.11188e-05 0.00457678 0.000793278
25.08 -1.64496e-06 0.000112658 -0.0001863 2.38039e-06 0.00884087 0.00337318
25.1 1.39599e-06 0.000207622 -1.68361e-05 1.8473e-05 0.0133693 0.0057674
25.12 4.38409e-06 0.000292618 0.000151074 3.64829e-05 0.0180358 0.00791953
25.14 7.21744e-06 0.000365555 0.000311559 5.54993e-05 0.0227233 0.00977572
25.16 9.79733e-06 0.000424379 0.000460191 7.45351e-05 0.027327 0.0112808
25.18 1.20346e-05 0.000466923 0.000593732 9.26926e-05 0.0317421 0.0123748
25.2 1.38575e-05 0.000491065 0.000709649 0.00010925 0.035846 0.0129979
25.22 1.52166e-05 0.00049512 0.000805958 0.000123652 0.0394931 0.0131027
25.24 1.60848e-05 0.000478104 0.000881129 0.000135468 0.0425199 0.0126771
25.26 1.64541e-05 0.00044138 0.000933623 0.00014441 0.0447426 0.0117586
25.28 1.633e-05 0.000388462 0.000961433 0.000150386 0.0459605 0.0104351
25.3 1.5728e-05 0.000323382 0.000962331 0.000153404 0.0460004 0.00880745
25.32 1.46143e-05 0.000249188 0.000919002 0.00015345 0.0449167 0.0069518
25.34 1.29981e-05 0.000168075 0.000835944 0.000150641 0.0428388 0.00492299
25.36 1.09287e-05 8.24437e-05 0.000720758 0.000145253 0.0399534 0.00278091
25.38 8.44379e-06 -4.67918e-06 0.000579334 0.000137427 0.0363963 0.000600849
25.4 5.61613e-06 -9.01737e-05 0.000416879 0.000127184 0.0322727 -0.00153974
25.42 2.53218e-06 -0.000171448 0.000239803 0.000114613 0.0277015 -0.00357669
25.44 -6.87542e-07 -0.000246279 5.52321e-05 9.98444e-05 0.0228059 -0.00545491
25.46 -3.90548e-06 -0.00031222 -0.000130629 8.30374e-05 0.0176784 -0.00711319
25.48 -6.98314e-06 -0.000366727 -0.000313245 6.45073e-05 0.0123682 -0.008487
25.5 -9.80013e-06 -0.000407744 -0.000488739 4.49032e-05 0.00691388 -0.00952308
25.52 -1.22592e-05 -0.000434021 -0.00065237 2.52398e-05 0.0014066 -0.0101881
25.54 -1.42904e-05 -0.000444854 -0.000798293 6.72381e-06 -0.00396578 -0.0104626
25.56 -1.58529e-05 -0.000439877 -0.000920924 -9.54663e-06 -0.00892411 -0.0103381
25.58 -1.69328e-05 -0.0004195 -0.00101666 -2.28427e-05 -0.0131561 -0.00982844
25.6 -1.75356e-05 -0.000385527 -0.00108431 -3.28936e-05 -0.0163825 -0.00897876
25.62 -1.76771e-05 -0.000340813 -0.00112435 -3.97927e-05 -0.0183994 -0.00786043
25.64 -1.73753e-05 -0.000288067 -0.00113752 -4.38071e-05 -0.019082 -0.00654123
25.66 -1.66149e-05 -0.000229092 -0.00111306 -4.52366e-05 -0.0184702 -0.00506622
25.68 -1.53539e-05 -0.000164939 -0.00104447 -4.44098e-05 -0.0167544 -0.00346166
25.7 -1.36209e-05 -9.65938e-05 -0.00094111 -4.16028e-05 -0.0141664 -0.00175209
25.72 -1.146e-05 -2.58975e-05 -0.000810925 -3.68058e-05 -0.0108959 1.66255e-05
25.74 -8.9141e-06 4.44472e-05 -0.00065841 -2.96855e-05 -0.0070357 0.00177716
25.76 -6.06383e-06 0.000111487 -0.000487266 -1.9809e-05 -0.00264235 0.00345595
25.78 -3.00653e-06 0.000172608 -0.000302318 -6.87303e-06 0.0022173 0.00498779
25.8 1.30507e-07 0.000225779 -0.000109419 9.14949e-06 0.00746576 0.0063218
25.82 3.21697e-06 0.00026986 8.53372e-05 2.79046e-05 0.0130265 0.00742905
25.84 6.13407e-06 0.000304841 0.000275646 4.85807e-05 0.0188094 0.00830876
25.86 8.78393e-06 0.000330898 0.000454749 6.99278e-05 0.024679 0.00896478
25.88 1.10881e-05 0.000347425 0.000616023 9.04526e-05 0.030438 0.00938121
25.9 1.299e-05 0.000353059 0.000754095 0.00010878 0.035837 0.00952325
25.92 1.44542e-05 0.000346216 0.000865776 0.000124015 0.0406095 0.00935211
25.94 1.54629e-05 0.0003259 0.000950375 0.000135886 0.0445241 0.008844
25.96 1.60098e-05 0.000292388 0.00100905 0.000144627 0.0474198 0.00800585
25.98 1.60973e-05 0.000247462 0.00104319 0.000150729 0.0491815 0.00688223
26 1.5735e-05 0.000193884 0.00105283 0.000154687 0.0496903 0.00554223
26.02 1.48932e-05 0.000134198 0.00102304 0.000156801 0.0489452 0.00404942
26.04 1.35307e-05 7.00896e-05 0.000948027 0.000157091 0.0470688 0.00244598
26.06 1.1695e-05 3.08048e-06 0.000836515 0.000155292 0.0442768 0.000769852
26.08 9.43721e-06 -6.44433e-05 0.000697284 0.00015086 0.0407793 -0.000919439
26.1 6.80836e-06 -0.000129788 0.00053676 0.000143185 0.036716 -0.00255473
26.12 3.89909e-06 -0.000191433 0.000360669 0.000131883 0.0321933 -0.00409818
26.14 8.14282e-07 -0.000248896 0.000174919 0.000116955 0.0273069 -0.00553796
26.16 -2.31082e-06 -0.00030162 -1.43793e-05 9.8805e-05 0.0221476 -0.00686021
26.18 -5.33884e-06 -0.000348325 -0.000200732 7.8222e-05 0.0168182 -0.00803287
26.2 -8.14548e-06 -0.000386972 -0.000377896 5.63414e-05 0.0114342 -0.0090044
26.22 -1.06335e-05 -0.000415132 -0.000541194 3.45465e-05 0.00610196 -0.00971315
26.24 -1.27329e-05 -0.000430964 -0.000687181 1.4262e-05 0.00093685 -0.010112
26.26 -1.44004e-05 -0.00043437 -0.00081225 -3.35498e-06 -0.00387694 -0.0101978
26.28 -1.56153e-05 -0.000426834 -0.000912759 -1.7681e-05 -0.00807514 -0.0100093
26.3 -1.63751e-05 -0.000410254 -0.000986325 -2.86468e-05 -0.0113761 -0.00959464
26.32 -1.66926e-05 -0.000385981 -0.00103224 -3.65086e-05 -0.013551 -0.00898756
26.34 -1.6591e-05 -0.000354694 -0.0010506 -4.1582e-05 -0.0144479 -0.00820507
26.36 -1.60736e-05 -0.000316776 -0.00103449 -4.40918e-05 -0.0140449 -0.00725672
26.38 -1.50987e-05 -0.000272812 -0.000972944 -4.41876e-05 -0.0125054 -0.00615714
26.4 -1.36753e-05 -0.000223802 -0.000874565 -4.19584e-05 -0.0100427 -0.00493139
26.42 -1.18293e-05 -0.000171091 -0.000748703 -3.72804e-05 -0.00688316 -0.00361301
26.44 -9.5817e-06 -0.000116012 -0.000602713 -2.97779e-05 -0.00319345 -0.00223532
26.46 -6.99775e-06 -5.98747e-05 -0.00044261 -1.90278e-05 0.000904691 -0.000831013
26.48 -4.16663e-06 -4.57715e-06 -0.000273551 -4.78623e-06 0.0053219 0.000552553
26.5 -1.21512e-06 4.75473e-05 -9.99057e-05 1.28634e-05 0.00999723 0.00185711
26.52 1.72056e-06 9.47132e-05 7.43089e-05 3.34127e-05 0.0148827 0.00303803
26.54 4.51275e-06 0.000136319 0.000244775 5.58686e-05 0.0199177 0.00408025
26.56 7.05712e-06 0.000172486 0.000406546 7.87931e-05 0.0250048 0.00498676
26.58 9.27325e-06 0.000203216 0.000553934 0.000100515 0.0299814 0.00575741
26.6 1.11063e-05 0.000228006 0.000681016 0.000119505 0.0346078 0.00637949
26.62 1.2526e-05 0.000245766 0.000782985 0.000134743 0.038601 0.00682536
26.64 1.35229e-05 0.000254801 0.000857406 0.000145873 0.041706 0.00705229
26.66 1.40982e-05 0.000253146 0.000903978 0.000153064 0.0437438 0.00701089
26.68 1.42547e-05 0.000239559 0.000923047 0.000156773 0.0446013 0.00667107
26.7 1.3978e-05 0.000214542 0.00090959 0.000157576 0.0442647 0.00604537
26.72 1.3211e-05 0.000180142 0.000854224 0.000156071 0.0428799 0.00518503
26.74 1.19473e-05 0.00013902 0.000764221 0.000152676 0.0406277 0.00415655
26.76 1.02121e-05 9.38568e-05 0.00064671 0.000147338 0.0376816 0.00302699
26.78 8.03502e-06 4.71979e-05 0.000506193 0.00013954 0.0341409 0.00186002
26.8 5.49233e-06 1.12621e-06 0.000346378 0.000128632 0.0300718 0.000707705
26.82 2.68243e-06 -4.32368e-05 0.000172005 0.000114175 0.0255489 -0.000401918
26.84 -2.67088e-07 -8.58669e-05 -1.10026e-05 9.61662e-05 0.0206608 -0.00146828
26.86 -3.22588e-06 -0.00012743 -0.000196123 7.51384e-05 0.015503 -0.00250805
26.88 -6.07385e-06 -0.000168361 -0.000376589 5.21916e-05 0.0101847 -0.00353221
26.9 -8.71027e-06 -0.00020771 -0.000545607 2.88958e-05 0.00484607 -0.00451701
26.92 -1.10526e-05 -0.000242912 -0.000696868 7.02176e-06 -0.00032771 -0.00539827
26.94 -1.30382e-05 -0.000271009 -0.000825422 -1.187e-05 -0.00511328 -0.00610189
26.96 -1.46247e-05 -0.000290084 -0.000928418 -2.68084e-05 -0.00927817 -0.00657973
26.98 -1.57868e-05 -0.000299401 -0.00100523 -3.75464e-05 -0.0126214 -0.00681317
27 -1.65099e-05 -0.000298687 -0.0010566 -4.43967e-05 -0.0149909 -0.00679532
27.02 -1.67874e-05 -0.000288062 -0.00108332 -4.79341e-05 -0.0162717 -0.00652958
27.04 -1.66191e-05 -0.000268611 -0.00108553 -4.87588e-05 -0.016379 -0.00604309
27.06 -1.59623e-05 -0.000242473 -0.0010467 -4.73705e-05 -0.0154079 -0.00538938
27.08 -1.48103e-05 -0.000211971 -0.00097015 -4.40733e-05 -0.0134927 -0.00462652
27.1 -1.32197e-05 -0.000178614 -0.000863101 -3.88072e-05 -0.0108109 -0.00379224
27.12 -1.12333e-05 -0.000142711 -0.000730478 -3.10941e-05 -0.00747513 -0.00289427
27.14 -8.91132e-06 -0.000103561 -0.000576322 -2.03278e-05 -0.00356389 -0.00191511
27.16 -6.33286e-06 -6.05785e-05 -0.000406833 -6.15197e-06 0.000804328 -0.000840067
27.18 -3.59454e-06 -1.46053e-05 -0.000229882 1.13507e-05 0.00547872 0.00030983
27.2 -8.05928e-07 3.1922e-05 -5.27658e-05 3.16158e-05 0.010323 0.00147368
27.22 1.92769e-06 7.6263e-05 0.000118826 5.36122e-05 0.015232 0.00258298
27.24 4.51282e-06 0.000116735 0.000280467 7.59147e-05 0.0201148 0.00359569
27.26 6.8665e-06 0.000152432 0.000428399 9.68914e-05 0.0248693 0.00448911
27.28 8.91495e-06 0.0001821 0.000558994 0.000115027 0.0293559 0.00523184
27.3 1.05993e-05 0.000204051 0.000668905 0.000129291 0.0333941 0.00578153
27.32 1.18813e-05 0.0002172 0.000755784 0.00013935 0.0367917 0.00611087
27.34 1.27437e-05 0.000221639 0.000818522 0.000145471 0.0393776 0.00622207
27.36 1.3184e-05 0.000218041 0.000856695 0.000148225 0.0410124 0.00613208
27.38 1.3208e-05 0.000206829 0.000869852 0.00014821 0.0415874 0.00585167
27.4 1.28034e-05 0.000187963 0.000850261 0.000145955 0.0410974 0.00537983
27.42 1.1945e-05 0.000161342 0.000792408 0.000141876 0.0396503 0.00471401
27.44 1.06573e-05 0.00012751 0.000702491 0.000136138 0.0374001 0.00386786
27.46 8.97453e-06 8.80462e-05 0.000587012 0.00012852 0.0345042 0.00288086
27.48 6.93332e-06 4.50852e-05 0.000451438 0.000118585 0.0310869 0.00180638
27.5 4.59951e-06 5.15096e-07 0.000301323 0.000105998 0.0272644 0.000691641
27.52 2.05473e-06 -4.42814e-05 0.000142573 9.07445e-05 0.023152 -0.00042879
27.54 -5.94042e-07 -8.80795e-05 -1.91679e-05 7.31925e-05 0.0188529 -0.00152431
27.56 -3.23157e-06 -0.000129586 -0.000178989 5.40819e-05 0.0144526 -0.0025626
27.58 -5.74589e-06 -0.000167695 -0.000332629 3.44929e-05 0.0100288 -0.00351604
27.6 -8.04018e-06 -0.000201746 -0.000476079 1.57553e-05 0.00567152 -0.00436808
27.62 -1.00372e-05 -0.000231309 -0.000605194 -7.57819e-07 0.00150694 -0.00510794
27.64 -1.16832e-05 -0.000255679 -0.000715767 -1.39392e-05 -0.00229086 -0.00571801
27.66 -1.29475e-05 -0.000273717 -0.000804261 -2.32152e-05 -0.0055196 -0.00616963
27.68 -1.38185e-05 -0.000284034 -0.000868556 -2.86021e-05 -0.00799088 -0.00642799
27.7 -1.42962e-05 -0.000285366 -0.000907921 -3.05371e-05 -0.00956332 -0.00646136
27.72 -1.4386e-05 -0.000277125 -0.00092234 -2.96442e-05 -0.0101516 -0.00625523
27.74 -1.408e-05 -0.000259848 -0.000906899 -2.65905e-05 -0.00976537 -0.00582312
27.76 -1.33552e-05 -0.00023502 -0.000856903 -2.19957e-05 -0.00851486 -0.00520216
27.78 -1.22271e-05 -0.000204364 -0.000777911 -1.62394e-05 -0.00653803 -0.00443545
27.8 -1.07239e-05 -0.000169367 -0.000675489 -9.28438e-06 -0.00396991 -0.00356015
27.82 -8.87909e-06 -0.00013139 -0.0005541 -7.67807e-07 -0.000912038 -0.00261033
27.84 -6.75529e-06 -9.18831e-05 -0.000418223 9.72652e-06 0.0025417 -0.00162224
27.86 -4.431e-06 -5.2172e-05 -0.000272835 2.24294e-05 0.00629265 -0.000629017
27.88 -2.00471e-06 -1.30416e-05 -0.000122984 3.72405e-05 0.010245 0.000349715
27.9 4.21909e-07 2.52123e-05 2.66501e-05 5.36577e-05 0.0143117 0.00130658
27.92 2.75308e-06 6.22811e-05 0.000171751 7.07703e-05 0.0184072 0.00223389
27.94 4.90618e-06 9.73938e-05 0.000308121 8.73485e-05 0.0224327 0.00311237
27.96 6.8131e-06 0.000129232 0.000431502 0.000102068 0.0262612 0.00390905
27.98 8.42281e-06 0.00015621 0.000537786 0.000113839 0.0297344 0.00458425
28 9.70121e-06 0.000176848 0.000623658 0.000122087 0.0326832 0.00510086
28.02 1.06278e-05 0.000189962 0.000687166 0.000126817 0.0349594 0.00542919
28.04 1.11907e-05 0.000194714 0.000727641 0.000128458 0.0364576 0.00554818
28.06 1.13834e-05 0.00019071 0.000745077 0.000127634 0.0371154 0.00544802
28.08 1.11975e-05 0.000178214 0.000737389 0.000124999 0.0369231 0.00513551
28.1 1.0612e-05 0.000158244 0.000698857 0.000121131 0.0359594 0.00463604
28.12 9.63904e-06 0.00013229 0.000633334 0.000116358 0.0343202 0.00398691
28.14 8.31e-06 0.000101879 0.00054516 0.000110625 0.0321124 0.00322632
28.16 6.66062e-06 6.82973e-05 0.000438032 0.00010358 0.0294228 0.00238643
28.18 4.74988e-06 3.25761e-05 0.000315759 9.48187e-05 0.0263354 0.00149303
28.2 2.64743e-06 -4.40444e-06 0.000182843 8.41056e-05 0.0229445 0.000568115
28.22 4.38626e-07 -4.18237e-05 4.42599e-05 7.15078e-05 0.0193509 -0.000367784
28.24 -1.78746e-06 -7.88538e-05 -9.50601e-05 5.7446e-05 0.0156533 -0.00129398
28.26 -3.94506e-06 -0.00011459 -0.000230536 4.26845e-05 0.0119467 -0.00218786
28.28 -5.95815e-06 -0.000147989 -0.000357993 2.82471e-05 0.00832792 -0.00302333
28.3 -7.76136e-06 -0.000177855 -0.00047357 1.52444e-05 0.00490558 -0.00377051
28.32 -9.30167e-06 -0.000202917 -0.000573737 4.62355e-06 0.00180482 -0.00439758
28.34 -1.05394e-05 -0.000221986 -0.000655596 -3.06576e-06 -0.000841423 -0.00487474
28.36 -1.14473e-05 -0.000234168 -0.000717137 -7.75823e-06 -0.00290852 -0.00517961
28.38 -1.20084e-05 -0.000239033 -0.000757092 -9.77064e-06 -0.00429083 -0.00530137
28.4 -1.22135e-05 -0.000236567 -0.00077474 -9.60768e-06 -0.0049123 -0.00523969
28.42 -1.20565e-05 -0.00022705 -0.000768178 -7.80495e-06 -0.0047482 -0.00500166
28.44 -1.15221e-05 -0.000211037 -0.000732545 -4.83579e-06 -0.00385696 -0.00460116
28.46 -1.0621e-05 -0.000189361 -0.000670944 -9.93357e-07 -0.00231585 -0.00405905
28.48 -9.38094e-06 -0.000163071 -0.000587054 3.7273e-06 -0.000214776 -0.00340153
28.5 -7.83366e-06 -0.000133335 -0.000484226 9.59211e-06 0.00236837 -0.0026578
28.52 -6.03091e-06 -0.000101349 -0.000366047 1.69518e-05 0.00535577 -0.00185781
28.54 -4.03502e-06 -6.82594e-05 -0.000236817 2.60616e-05 0.00865863 -0.00103023
28.56 -1.92316e-06 -3.51365e-05 -0.000101253 3.69541e-05 0.0121829 -0.000201796
28.58 2.2232e-07 -2.97273e-06 3.60249e-05 4.93672e-05 0.0158383 0.000602665
28.6 2.31978e-06 2.7325e-05 0.000170661 6.27237e-05 0.0195365 0.00136048
28.62 4.29077e-06 5.50374e-05 0.000296824 7.61807e-05 0.0231342 0.00205365
28.64 6.06081e-06 7.95633e-05 0.000408337 8.87654e-05 0.0264482 0.00266716
