0.02 3.45711e-12 6.15721e-11 -6.50856e-09 1.91978e-11 -1.62782e-07 1.53994e-09
0.04 -1.92921e-11 1.41359e-09 -5.07347e-08 3.0711e-10 -1.2689e-06 3.53545e-08
0.06 -2.77235e-10 9.16898e-09 -1.60459e-07 1.74759e-09 -4.01314e-06 2.2932e-07
0.08 -1.1681e-09 3.29175e-08 -2.68059e-07 4.78712e-09 -6.70427e-06 8.23281e-07
0.1 -2.70465e-09 8.34467e-08 -2.46937e-07 3.69798e-09 -6.176e-06 2.08704e-06
0.12 -3.71505e-09 1.53887e-07 -8.78691e-08 -2.06854e-08 -2.19764e-06 3.84879e-06
0.14 -1.98824e-09 1.7745e-07 1.19795e-07 -9.16488e-08 2.99613e-06 4.43809e-06
0.16 4.30387e-09 4.4153e-08 3.56101e-07 -2.00078e-07 8.90623e-06 1.10428e-06
0.18 1.53075e-08 -2.86e-07 6.27112e-07 -2.78208e-07 1.56843e-05 -7.15298e-06
0.2 2.97861e-08 -7.47313e-07 8.50875e-07 -2.34549e-07 2.12807e-05 -1.86906e-05
0.22 4.64968e-08 -1.26492e-06 9.46002e-07 -2.67456e-08 2.36599e-05 -3.16361e-05
0.24 6.51144e-08 -1.81669e-06 9.2342e-07 3.03556e-07 2.30951e-05 -4.54363e-05
0.26 8.59487e-08 -2.44253e-06 8.29133e-07 6.63852e-07 2.0737e-05 -6.10886e-05
0.28 1.0834e-07 -3.1978e-06 7.1634e-07 9.80541e-07 1.7916e-05 -7.99782e-05
0.3 1.294e-07 -3.99336e-06 6.75967e-07 1.24471e-06 1.69062e-05 -9.98757e-05
0.32 1.4612e-07 -4.60625e-06 7.92461e-07 1.48243e-06 1.98198e-05 -0.000115204
0.34 1.59165e-07 -4.99805e-06 1.07192e-06 1.68803e-06 2.68091e-05 -0.000125003
0.36 1.7231e-07 -5.37889e-06 1.43965e-06 1.82423e-06 3.60062e-05 -0.000134528
0.38 1.87919e-07 -5.82524e-06 1.76933e-06 1.887e-06 4.42516e-05 -0.000145692
0.4 2.05674e-07 -6.18056e-06 1.91801e-06 1.92621e-06 4.79702e-05 -0.000154578
0.42 2.25223e-07 -6.43051e-06 1.78776e-06 2.00566e-06 4.47127e-05 -0.00016083
0.44 2.46167e-07 -6.77346e-06 1.39115e-06 2.18103e-06 3.47931e-05 -0.000169407
0.46 2.65244e-07 -7.22344e-06 8.91218e-07 2.48805e-06 2.22897e-05 -0.000180661
0.48 2.77651e-07 -7.50643e-06 5.41686e-07 2.88322e-06 1.35478e-05 -0.000187739
0.5 2.82634e-07 -7.44845e-06 4.54315e-07 3.2022e-06 1.13626e-05 -0.000186289
0.52 2.85074e-07 -7.21396e-06 4.37738e-07 3.25166e-06 1.0948e-05 -0.000180424
0.54 2.89706e-07 -7.09268e-06 2.24744e-07 2.98906e-06 5.62095e-06 -0.000177391
0.56 2.94659e-07 -7.20951e-06 -2.07218e-07 2.60637e-06 -5.1826e-06 -0.000180313
0.58 2.91263e-07 -7.41514e-06 -6.91077e-07 2.40919e-06 -1.72841e-05 -0.000185456
0.6 2.70354e-07 -7.30855e-06 -1.07361e-06 2.55958e-06 -2.68515e-05 -0.00018279
0.62 2.3089e-07 -6.57631e-06 -1.22869e-06 2.87507e-06 -3.07301e-05 -0.000164476
0.64 1.82508e-07 -5.50732e-06 -1.09306e-06 2.9051e-06 -2.73378e-05 -0.00013774
0.66 1.35188e-07 -4.71582e-06 -7.84551e-07 2.31474e-06 -1.9622e-05 -0.000117945
0.68 8.60934e-08 -4.11745e-06 -4.80414e-07 1.21997e-06 -1.20154e-05 -0.000102979
0.7 2.32537e-08 -2.90868e-06 -1.48153e-07 6.51816e-08 -3.70536e-06 -7.27472e-05
0.72 -5.71998e-08 -8.41852e-07 4.43358e-07 -8.25201e-07 1.10886e-05 -2.10551e-05
0.74 -1.45287e-07 1.36657e-06 1.44793e-06 -1.48841e-06 3.62133e-05 3.41786e-05
0.76 -2.28871e-07 3.13215e-06 2.75497e-06 -2.16774e-06 6.89031e-05 7.83364e-05
0.78 -3.02822e-07 4.58644e-06 4.02715e-06 -3.04008e-06 0.000100721 0.000114709
0.8 -3.66633e-07 5.90903e-06 4.89485e-06 -4.05329e-06 0.000122422 0.000147787
0.82 -4.21872e-07 6.96751e-06 5.24101e-06 -4.90285e-06 0.00013108 0.00017426
0.84 -4.73327e-07 7.83853e-06 5.38331e-06 -5.21616e-06 0.000134639 0.000196045
0.86 -5.24246e-07 8.90679e-06 5.82649e-06 -4.91941e-06 0.000145723 0.000222762
0.88 -5.67313e-07 1.01176e-05 6.68686e-06 -4.41888e-06 0.000167241 0.000253044
0.9 -5.87134e-07 1.07377e-05 7.51125e-06 -4.25739e-06 0.00018786 0.000268555
0.92 -5.76004e-07 1.02287e-05 7.77122e-06 -4.52066e-06 0.000194362 0.000255823
0.94 -5.43424e-07 8.94391e-06 7.33206e-06 -4.66734e-06 0.000183378 0.000223691
0.96 -5.07088e-07 7.69211e-06 6.43487e-06 -4.02289e-06 0.000160939 0.000192383
0.98 -4.76465e-07 6.87891e-06 5.56323e-06 -2.4536e-06 0.000139139 0.000172044
1 -4.46367e-07 6.13553e-06 5.57839e-06 -5.72599e-07 0.000139518 0.000153452
1.02 -4.04673e-07 4.66784e-06 7.69794e-06 7.22912e-07 0.000192529 0.000116745
1.04 -3.44058e-07 2.50929e-06 1.09404e-05 9.79821e-07 0.000273624 6.27584e-05
1.06 -2.6779e-07 1.23428e-06 9.9979e-06 5.05322e-07 0.000250052 3.08697e-05
1.08 -1.90233e-07 1.90878e-06 2.56529e-06 9.34447e-08 6.4159e-05 4.77393e-05
1.1 -1.30546e-07 3.52285e-06 -4.67132e-06 5.62682e-07 -0.000116832 8.81079e-05
1.12 -9.63298e-08 5.18189e-06 -6.92923e-06 2.11235e-06 -0.000173303 0.000129601
1.14 -7.4312e-08 6.73718e-06 -7.53352e-06 3.64772e-06 -0.000188417 0.0001685
1.16 -4.40844e-08 6.8732e-06 -7.59327e-06 3.40616e-06 -0.000189911 0.000171902
1.18 2.51324e-09 4.87276e-06 -5.92117e-06 9.62246e-07 -0.000148091 0.00012187
1.2 5.56376e-08 2.4351e-06 -5.52376e-06 -1.97578e-06 -0.000138151 6.09028e-05
1.22 9.35369e-08 1.02314e-06 -6.54209e-06 -3.18961e-06 -0.00016362 2.55892e-05
1.24 1.02283e-07 9.41241e-07 -5.47932e-06 -2.00337e-06 -0.00013704 2.35408e-05
1.26 9.80347e-08 2.18897e-06 -4.87988e-06 8.67363e-08 -0.000122048 5.47471e-05
1.28 1.12527e-07 2.8531e-06 -8.00912e-06 6.39172e-07 -0.000200312 7.13573e-05
1.3 1.46223e-07 5.94243e-07 -1.04222e-05 -1.28451e-06 -0.000260663 1.48623e-05
1.32 1.58152e-07 -2.86691e-06 -8.71187e-06 -3.96965e-06 -0.000217887 -7.17026e-05
1.34 1.1348e-07 -3.8655e-06 -5.96419e-06 -5.01173e-06 -0.000149167 -9.66778e-05
1.36 2.17192e-08 -2.55819e-06 -2.89027e-06 -4.01987e-06 -7.22869e-05 -6.39813e-05
1.38 -7.82155e-08 -2.07462e-06 4.28472e-06 -2.71608e-06 0.000107163 -5.18871e-05
1.4 -1.54434e-07 -3.28237e-06 1.36807e-05 -2.88478e-06 0.000342159 -8.20934e-05
1.42 -2.02903e-07 -3.51124e-06 1.54759e-05 -4.77342e-06 0.00038706 -8.78175e-05
1.44 -2.46557e-07 -7.33649e-07 6.89001e-06 -6.92544e-06 0.000172322 -1.83489e-05
1.46 -3.13907e-07 3.69733e-06 -6.64214e-07 -7.08748e-06 -1.66123e-05 9.24718e-05
1.48 -4.08978e-07 8.29329e-06 -2.29603e-07 -4.18557e-06 -5.74247e-06 0.000207419
1.5 -5.03076e-07 1.28069e-05 1.08346e-06 -2.24468e-07 2.70979e-05 0.000320306
1.52 -5.64022e-07 1.48556e-05 2.33794e-07 1.01493e-06 5.84729e-06 0.000371545
1.54 -5.92992e-07 1.2362e-05 3.24846e-06 -1.60777e-06 8.12452e-05 0.00030918
1.56 -6.20919e-07 9.0804e-06 9.10053e-06 -4.83495e-06 0.000227608 0.000227105
1.58 -6.63593e-07 9.85144e-06 1.13864e-05 -4.88474e-06 0.000284778 0.000246389
1.6 -6.94144e-07 1.30304e-05 1.14778e-05 -1.63907e-06 0.000287064 0.000325896
1.62 -6.71454e-07 1.41932e-05 1.24631e-05 1.9719e-06 0.000311707 0.000354979
1.64 -5.86422e-07 1.28378e-05 1.05021e-05 3.28396e-06 0.000262663 0.000321079
1.66 -4.70514e-07 1.07031e-05 3.74726e-06 1.96267e-06 9.37205e-05 0.000267689
1.68 -3.66422e-07 8.52463e-06 -2.30018e-06 6.64108e-08 -5.75284e-05 0.000213204
1.7 -2.95113e-07 7.33072e-06 -4.22712e-06 2.94968e-07 -0.000105722 0.000183344
1.72 -2.39662e-07 8.0649e-06 -4.39885e-06 3.05562e-06 -0.000110017 0.000201706
1.74 -1.57073e-07 8.35674e-06 -3.84212e-06 5.43907e-06 -9.60929e-05 0.000209006
1.76 -2.23989e-08 4.39597e-06 -1.10954e-06 4.30156e-06 -2.77501e-05 0.000109945
1.78 1.34439e-07 -2.74657e-06 2.07825e-06 1.41546e-07 5.19779e-05 -6.86928e-05
1.8 2.57946e-07 -7.37537e-06 1.67333e-06 -3.27635e-06 4.18507e-05 -0.000184461
1.82 3.36869e-07 -7.05808e-06 -2.49044e-06 -3.0387e-06 -6.22869e-05 -0.000176525
1.84 4.16138e-07 -5.51686e-06 -6.45377e-06 1.54776e-07 -0.000161412 -0.000137979
1.86 5.35329e-07 -6.63931e-06 -7.77142e-06 3.12048e-06 -0.000194366 -0.000166052
1.88 6.8468e-07 -1.04853e-05 -7.49572e-06 3.19605e-06 -0.000187471 -0.000262242
1.9 8.22489e-07 -1.55631e-05 -6.81705e-06 4.481e-07 -0.000170497 -0.000389241
1.92 9.09788e-07 -2.01264e-05 -5.72524e-06 -2.28403e-06 -0.000143191 -0.00050337
1.94 9.33921e-07 -2.16566e-05 -5.08095e-06 -1.89237e-06 -0.000127077 -0.000541641
1.96 9.20655e-07 -1.94894e-05 -6.04479e-06 1.78953e-06 -0.000151183 -0.000487437
1.98 9.14082e-07 -1.67899e-05 -7.67675e-06 5.65203e-06 -0.000191999 -0.000419923
2 9.27766e-07 -1.66552e-05 -8.58934e-06 6.58869e-06 -0.000214823 -0.000416553
2.02 9.24257e-07 -1.80342e-05 -9.62654e-06 4.62294e-06 -0.000240764 -0.000451043
2.04 8.52275e-07 -1.7685e-05 -1.18501e-05 2.50616e-06 -0.000296377 -0.00044231
2.06 6.96236e-07 -1.41497e-05 -1.40092e-05 2.75435e-06 -0.000350377 -0.00035389
2.08 4.85918e-07 -8.28492e-06 -1.44082e-05 5.29855e-06 -0.000360356 -0.000207209
2.1 2.68067e-07 -1.86681e-06 -1.31308e-05 7.56781e-06 -0.000328407 -4.66897e-05
2.12 7.08368e-08 3.14595e-06 -1.09176e-05 6.74913e-06 -0.000273055 7.86815e-05
2.14 -1.16086e-07 5.94127e-06 -7.70365e-06 2.43869e-06 -0.000192671 0.000148594
2.16 -3.27585e-07 8.32076e-06 -3.23833e-06 -2.80989e-06 -8.0992e-05 0.000208106
2.18 -5.76375e-07 1.27288e-05 2.03227e-06 -5.90666e-06 5.0828e-05 0.000318353
2.2 -8.23225e-07 1.85036e-05 7.32899e-06 -6.1654e-06 0.000183301 0.000462784
2.22 -1.00934e-06 2.25961e-05 1.20349e-05 -5.55752e-06 0.000300999 0.000565138
2.24 -1.11174e-06 2.36723e-05 1.53106e-05 -6.31628e-06 0.000382923 0.000592054
2.26 -1.15403e-06 2.27068e-05 1.63966e-05 -8.70223e-06 0.000410087 0.000567905
2.28 -1.17794e-06 2.08274e-05 1.6107e-05 -1.08781e-05 0.000402843 0.000520901
2.3 -1.21454e-06 1.93577e-05 1.61831e-05 -1.06922e-05 0.000404745 0.000484145
2.32 -1.26113e-06 1.95911e-05 1.68147e-05 -7.91191e-06 0.000420542 0.000489981
2.34 -1.27827e-06 2.03296e-05 1.73974e-05 -4.78686e-06 0.000435117 0.000508452
2.36 -1.22823e-06 1.87307e-05 1.86187e-05 -3.92699e-06 0.000465662 0.000468463
2.38 -1.11607e-06 1.45746e-05 2.02898e-05 -5.60564e-06 0.000507457 0.000364517
2.4 -9.80528e-07 1.05592e-05 1.97402e-05 -7.54831e-06 0.000493711 0.00026409
2.42 -8.54007e-07 8.6847e-06 1.59098e-05 -7.22038e-06 0.00039791 0.000217208
2.44 -7.37665e-07 8.83006e-06 1.11936e-05 -4.06233e-06 0.000279957 0.000220844
2.46 -6.04522e-07 9.66754e-06 7.07833e-06 1.2108e-07 0.000177032 0.000241789
2.48 -4.26835e-07 9.52012e-06 2.75575e-06 2.65712e-06 6.89225e-05 0.000238102
2.5 -2.06816e-07 7.49292e-06 -1.71468e-06 2.26359e-06 -4.28848e-05 0.000187401
2.52 2.17603e-08 4.14526e-06 -5.51653e-06 2.10785e-07 -0.000137971 0.000103675
2.54 2.18356e-07 9.10044e-07 -8.76581e-06 -8.18238e-07 -0.000219237 2.27606e-05
2.56 3.62918e-07 -9.44279e-07 -1.10874e-05 7.61794e-07 -0.000277299 -2.36168e-05
2.58 4.73606e-07 -1.75459e-06 -1.17816e-05 3.95169e-06 -0.000294664 -4.38829e-05
2.6 5.91665e-07 -3.66091e-06 -1.24469e-05 6.22272e-06 -0.000311302 -9.15609e-05
2.62 7.29942e-07 -7.84702e-06 -1.50359e-05 6.06996e-06 -0.000376055 -0.000196257
2.64 8.48557e-07 -1.26363e-05 -1.80491e-05 4.39345e-06 -0.000451417 -0.000316038
2.66 8.95904e-07 -1.55322e-05 -1.9221e-05 3.34916e-06 -0.000480725 -0.000388468
2.68 8.5647e-07 -1.53298e-05 -1.95036e-05 4.01875e-06 -0.000487792 -0.000383405
2.7 7.55607e-07 -1.21917e-05 -2.02318e-05 5.22775e-06 -0.000506006 -0.00030492
2.72 6.38952e-07 -8.1265e-06 -1.99184e-05 4.61263e-06 -0.000498166 -0.000203247
2.74 5.38571e-07 -6.08171e-06 -1.7177e-05 1.03012e-06 -0.000429603 -0.000152106
2.76 4.38365e-07 -6.2258e-06 -1.29404e-05 -4.05663e-06 -0.000323644 -0.00015571
2.78 2.90544e-07 -5.36178e-06 -7.94965e-06 -7.84323e-06 -0.000198824 -0.0001341
2.8 8.32983e-08 -1.68049e-06 -2.27704e-06 -8.84204e-06 -5.69497e-05 -4.20297e-05
2.82 -1.34749e-07 2.46137e-06 2.49328e-06 -8.02694e-06 6.23579e-05 6.15598e-05
2.84 -3.17145e-07 4.0915e-06 5.17648e-06 -7.4086e-06 0.000129466 0.00010233
2.86 -4.76505e-07 3.77265e-06 7.95098e-06 -7.92456e-06 0.000198857 9.43555e-05
2.88 -6.52411e-07 4.2054e-06 1.33559e-05 -8.93365e-06 0.000334036 0.000105179
2.9 -8.46845e-07 6.1849e-06 2.07269e-05 -9.38322e-06 0.000518389 0.000154687
2.92 -1.01761e-06 8.06699e-06 2.84602e-05 -8.95394e-06 0.000711801 0.000201759
2.94 -1.11865e-06 8.28379e-06 3.57123e-05 -8.04181e-06 0.000893181 0.000207181
2.96 -1.13091e-06 6.66438e-06 4.00055e-05 -6.92648e-06 0.00100055 0.000166679
2.98 -1.07149e-06 4.08788e-06 3.8564e-05 -5.11437e-06 0.000964501 0.00010224
3 -9.81727e-07 1.98824e-06 3.31913e-05 -1.6254e-06 0.000830127 4.97267e-05
3.02 -8.89201e-07 1.3462e-06 2.86262e-05 3.77045e-06 0.000715952 3.36691e-05
3.04 -7.78186e-07 1.44172e-06 2.64016e-05 9.55305e-06 0.000660316 3.60581e-05
3.06 -6.11197e-07 2.30739e-07 2.47308e-05 1.32037e-05 0.000618528 5.77089e-06
3.08 -3.79314e-07 -3.50707e-06 2.24236e-05 1.34967e-05 0.000560825 -8.77134e-05
3.1 -1.21134e-07 -8.41223e-06 1.90796e-05 1.19645e-05 0.000477188 -0.000210393
3.12 1.10936e-07 -1.13918e-05 1.40766e-05 1.15919e-05 0.000352061 -0.000284914
3.14 3.04771e-07 -1.10999e-05 8.24193e-06 1.38373e-05 0.000206134 -0.000277614
3.16 5.05959e-07 -1.03866e-05 3.72538e-06 1.71692e-05 9.31732e-05 -0.000259774
3.18 7.66566e-07 -1.33608e-05 4.25155e-07 1.87223e-05 1.06333e-05 -0.000334159
3.2 1.07643e-06 -1.97835e-05 -4.43806e-06 1.71947e-05 -0.000110998 -0.000494794
3.22 1.36892e-06 -2.52228e-05 -1.19221e-05 1.39291e-05 -0.000298177 -0.000630832
3.24 1.59529e-06 -2.71116e-05 -1.97612e-05 1.14202e-05 -0.000494236 -0.000678073
3.26 1.76115e-06 -2.70418e-05 -2.62172e-05 1.10203e-05 -0.000655703 -0.000676328
3.28 1.88745e-06 -2.68147e-05 -3.18062e-05 1.17737e-05 -0.000795486 -0.000670646
3.3 1.97509e-06 -2.64212e-05 -3.62807e-05 1.11727e-05 -0.000907396 -0.000660804
3.32 2.01646e-06 -2.6121e-05 -3.82324e-05 7.43685e-06 -0.000956209 -0.000653297
3.34 2.00594e-06 -2.62605e-05 -3.83565e-05 1.44737e-06 -0.000959313 -0.000656786
3.36 1.93209e-06 -2.54223e-05 -3.89282e-05 -3.87079e-06 -0.000973611 -0.000635822
3.38 1.78412e-06 -2.24354e-05 -4.0007e-05 -6.31887e-06 -0.00100059 -0.000561118
3.4 1.5627e-06 -1.8431e-05 -3.94688e-05 -6.2884e-06 -0.000987131 -0.000460966
3.42 1.27246e-06 -1.42549e-05 -3.60559e-05 -6.02333e-06 -0.000901774 -0.000356521
3.44 9.22709e-07 -9.21084e-06 -3.00575e-05 -7.63924e-06 -0.000751751 -0.000230367
3.46 5.38171e-07 -3.69529e-06 -2.22246e-05 -1.15975e-05 -0.000555845 -9.24209e-05
3.48 1.40681e-07 1.29403e-06 -1.36826e-05 -1.62827e-05 -0.000342208 3.23642e-05
3.5 -2.74422e-07 7.09763e-06 -5.82953e-06 -1.91904e-05 -0.000145799 0.000177515
3.52 -7.15591e-07 1.52872e-05 8.1179e-07 -1.91597e-05 2.03032e-05 0.000382339
3.54 -1.16285e-06 2.40537e-05 7.20187e-06 -1.73131e-05 0.000180122 0.000601593
3.56 -1.58244e-06 3.06093e-05 1.47044e-05 -1.55803e-05 0.000367764 0.000765551
3.58 -1.95388e-06 3.50161e-05 2.34705e-05 -1.47951e-05 0.000587006 0.000875768
3.6 -2.26326e-06 3.87279e-05 3.19949e-05 -1.44359e-05 0.000800207 0.0009686
3.62 -2.49308e-06 4.16561e-05 3.80811e-05 -1.35063e-05 0.000952424 0.00104184
3.64 -2.64121e-06 4.29601e-05 4.04826e-05 -1.12023e-05 0.00101249 0.00107445
3.66 -2.73595e-06 4.31563e-05 4.01108e-05 -7.25103e-06 0.00100319 0.00107936
3.68 -2.8094e-06 4.36954e-05 3.9196e-05 -2.26944e-06 0.000980308 0.00109284
3.7 -2.85553e-06 4.48498e-05 3.89314e-05 2.21967e-06 0.000973691 0.00112171
3.72 -2.82937e-06 4.49568e-05 3.90741e-05 4.61709e-06 0.000977259 0.00112439
3.74 -2.69273e-06 4.22678e-05 3.96629e-05 4.47593e-06 0.000991985 0.00105713
3.76 -2.44978e-06 3.72103e-05 4.05361e-05 2.93324e-06 0.00101382 0.000930644
3.78 -2.13244e-06 3.17102e-05 3.95302e-05 1.79774e-06 0.000988668 0.000793086
3.8 -1.76523e-06 2.65706e-05 3.45959e-05 2.20333e-06 0.000865257 0.000664541
3.82 -1.35331e-06 2.10514e-05 2.69222e-05 4.04066e-06 0.000673336 0.000526503
3.84 -8.91202e-07 1.46389e-05 1.87154e-05 6.25271e-06 0.000468081 0.000366124
3.86 -3.73048e-07 7.36465e-06 9.85854e-06 7.47247e-06 0.000246566 0.000184193
3.88 1.92767e-07 -1.31219e-06 -5.71155e-09 6.90861e-06 -1.42848e-07 -3.28183e-05
3.9 7.67775e-07 -1.18355e-05 -9.02791e-06 5.1692e-06 -0.000225792 -0.00029601
3.92 1.29117e-06 -2.27928e-05 -1.59076e-05 3.95674e-06 -0.000397855 -0.000570057
3.94 1.71569e-06 -3.17959e-05 -2.19153e-05 4.43438e-06 -0.00054811 -0.000795228
3.96 2.03495e-06 -3.81215e-05 -2.8125e-05 5.99643e-06 -0.000703419 -0.000953434
3.98 2.27098e-06 -4.26741e-05 -3.40343e-05 6.93238e-06 -0.000851211 -0.0010673
4 2.43882e-06 -4.57252e-05 -3.97576e-05 6.06377e-06 -0.000994354 -0.00114361
4.02 2.52556e-06 -4.66172e-05 -4.60103e-05 3.53822e-06 -0.00115074 -0.00116591
4.04 2.49572e-06 -4.47517e-05 -5.15632e-05 4.29358e-07 -0.00128962 -0.00111926
4.06 2.31908e-06 -3.93879e-05 -5.37509e-05 -2.22933e-06 -0.00134433 -0.000985109
4.08 2.00789e-06 -3.05955e-05 -5.1356e-05 -4.41751e-06 -0.00128444 -0.000765206
4.1 1.62049e-06 -2.11704e-05 -4.46747e-05 -7.18268e-06 -0.00111733 -0.00052948
4.12 1.2101e-06 -1.42572e-05 -3.3825e-05 -1.12755e-05 -0.000845977 -0.000356578
4.14 7.85122e-07 -9.08938e-06 -1.94976e-05 -1.58858e-05 -0.000487643 -0.000227329
4.16 3.4072e-07 -3.1086e-06 -4.28515e-06 -1.92336e-05 -0.000107173 -7.77473e-05
4.18 -9.95142e-08 2.87977e-06 9.11717e-06 -2.00903e-05 0.000228024 7.20242e-05
4.2 -5.06664e-07 6.28687e-06 2.0278e-05 -1.82626e-05 0.000507161 0.000157237
4.22 -8.83403e-07 7.68628e-06 2.99473e-05 -1.42142e-05 0.000748994 0.000192237
4.24 -1.24254e-06 9.55497e-06 3.78381e-05 -8.95643e-06 0.000946345 0.000238974
4.26 -1.57221e-06 1.178e-05 4.33996e-05 -3.81291e-06 0.00108544 0.000294623
4.28 -1.85421e-06 1.27607e-05 4.7832e-05 4.88984e-07 0.0011963 0.000319149
4.3 -2.09247e-06 1.3396e-05 5.28999e-05 4.22309e-06 0.00132305 0.000335039
4.32 -2.2915e-06 1.55777e-05 5.79895e-05 7.74123e-06 0.00145034 0.000389604
4.34 -2.43184e-06 1.85099e-05 6.08658e-05 1.07142e-05 0.00152228 0.000462942
4.36 -2.49297e-06 2.09603e-05 6.07992e-05 1.27357e-05 0.00152061 0.000524226
4.38 -2.46755e-06 2.43645e-05 5.81755e-05 1.39164e-05 0.00145499 0.000609366
4.4 -2.33267e-06 2.92901e-05 5.25166e-05 1.4367e-05 0.00131346 0.000732558
4.42 -2.04884e-06 3.26981e-05 4.38101e-05 1.38962e-05 0.00109571 0.000817793
4.44 -1.60443e-06 3.19941e-05 3.38232e-05 1.26625e-05 0.000845932 0.000800185
4.46 -1.02705e-06 2.70606e-05 2.44407e-05 1.14426e-05 0.000611273 0.000676798
4.48 -3.52685e-07 1.74729e-05 1.68463e-05 1.10565e-05 0.000421333 0.000437005
4.5 3.8897e-07 2.94844e-06 1.14957e-05 1.19666e-05 0.000287511 7.37417e-05
4.52 1.17523e-06 -1.45384e-05 6.65163e-06 1.4175e-05 0.00016636 -0.000363611
4.54 1.99608e-06 -3.27988e-05 -4.89575e-07 1.70817e-05 -1.22445e-05 -0.000820312
4.56 2.84387e-06 -5.12464e-05 -1.02195e-05 1.9792e-05 -0.000255593 -0.00128169
4.58 3.69235e-06 -6.93765e-05 -2.10859e-05 2.18728e-05 -0.000527367 -0.00173514
4.6 4.49468e-06 -8.58354e-05 -3.31569e-05 2.36032e-05 -0.000829268 -0.00214678
4.62 5.19935e-06 -9.88916e-05 -4.7435e-05 2.54347e-05 -0.00118637 -0.00247332
4.64 5.77036e-06 -0.000107289 -6.39362e-05 2.73712e-05 -0.00159907 -0.00268335
4.66 6.19226e-06 -0.000111469 -8.14309e-05 2.89226e-05 -0.00203662 -0.00278788
4.68 6.44496e-06 -0.000112459 -9.68533e-05 2.957e-05 -0.00242234 -0.00281264
4.7 6.48796e-06 -0.000109373 -0.000106304 2.89647e-05 -0.0026587 -0.00273547
4.72 6.29193e-06 -0.000101041 -0.000108833 2.65675e-05 -0.00272196 -0.00252707
4.74 5.862e-06 -8.86658e-05 -0.000106851 2.17164e-05 -0.00267238 -0.00221757
4.76 5.21105e-06 -7.30834e-05 -0.000102227 1.45153e-05 -0.00255674 -0.00182785
4.78 4.34844e-06 -5.251e-05 -9.52311e-05 6.12273e-06 -0.00238177 -0.0013133
4.8 3.31334e-06 -2.65754e-05 -8.64956e-05 -2.23205e-06 -0.00216329 -0.000664662
4.82 2.17784e-06 1.45532e-06 -7.68641e-05 -1.00694e-05 -0.0019224 3.63982e-05
4.84 1.00425e-06 2.85869e-05 -6.65629e-05 -1.74306e-05 -0.00166477 0.000714969
4.86 -1.72508e-07 5.36384e-05 -5.60165e-05 -2.437e-05 -0.00140099 0.00134152
4.88 -1.33448e-06 7.47888e-05 -4.54745e-05 -3.05494e-05 -0.00113734 0.0018705
4.9 -2.48927e-06 9.10394e-05 -3.37253e-05 -3.49186e-05 -0.000843483 0.00227693
4.92 -3.66656e-06 0.000105453 -1.94733e-05 -3.64166e-05 -0.000487036 0.00263742
4.94 -4.86568e-06 0.000121857 -3.44023e-06 -3.57425e-05 -8.60415e-05 0.00304769
4.96 -6.02314e-06 0.000139674 1.26161e-05 -3.58063e-05 0.000315535 0.0034933
4.98 -7.05945e-06 0.000155962 2.77631e-05 -3.94279e-05 0.000694366 0.00390067
5 -7.93753e-06 0.000170162 4.13047e-05 -4.66584e-05 0.00103305 0.00425582
5.02 -8.65692e-06 0.000183305 5.17868e-05 -5.47047e-05 0.00129521 0.00458454
5.04 -9.21511e-06 0.000195007 5.83877e-05 -6.0201e-05 0.0014603 0.00487722
5.06 -9.58861e-06 0.000203854 6.23601e-05 -6.15656e-05 0.00155965 0.00509847
5.08 -9.72925e-06 0.000208408 6.56271e-05 -5.99113e-05 0.00164136 0.00521236
5.1 -9.57231e-06 0.000206279 6.91424e-05 -5.79865e-05 0.00172928 0.00515911
5.12 -9.07147e-06 0.000194654 7.38541e-05 -5.76249e-05 0.00184712 0.00486838
5.14 -8.231e-06 0.000173127 8.12419e-05 -5.78016e-05 0.00203189 0.00432998
5.16 -7.08435e-06 0.000144048 9.10205e-05 -5.54218e-05 0.00227646 0.0036027
5.18 -5.639e-06 0.000109096 0.000100031 -4.80885e-05 0.00250182 0.00272853
5.2 -3.86005e-06 6.69703e-05 0.000104893 -3.57491e-05 0.00262342 0.00167495
5.22 -1.71589e-06 1.49418e-05 0.000104134 -1.96511e-05 0.00260443 0.0003737
5.24 7.56669e-07 -4.81628e-05 9.71343e-05 -2.48198e-07 0.00242937 -0.00120457
5.26 3.4173e-06 -0.000119643 8.35735e-05 2.34448e-05 0.00209021 -0.00299233
5.28 6.05181e-06 -0.000192221 6.52812e-05 5.22821e-05 0.00163271 -0.00480754
5.3 8.46785e-06 -0.000257132 4.62723e-05 8.45545e-05 0.00115729 -0.00643098
5.32 1.05811e-05 -0.00030935 2.86618e-05 0.000115173 0.000716843 -0.00773698
5.34 1.2395e-05 -0.000348103 9.74046e-06 0.000137995 0.000243613 -0.00870619
5.36 1.3901e-05 -0.000372409 -1.5066e-05 0.000149766 -0.000376806 -0.00931409
5.38 1.50301e-05 -0.000379649 -4.74271e-05 0.000152105 -0.00118617 -0.00949518
5.4 1.57022e-05 -0.000368833 -8.54636e-05 0.000149723 -0.00213748 -0.00922467
5.42 1.58944e-05 -0.000342595 -0.000125713 0.000146532 -0.00314413 -0.00856845
5.44 1.5656e-05 -0.00030708 -0.000163757 0.000142912 -0.00409563 -0.00768021
5.46 1.50672e-05 -0.000270177 -0.000194217 0.000136251 -0.00485745 -0.00675724
5.48 1.41721e-05 -0.000237824 -0.000212106 0.000123999 -0.00530485 -0.00594807
5.5 1.293e-05 -0.00020991 -0.000214717 0.000106018 -0.00537017 -0.00524993
5.52 1.12485e-05 -0.000179967 -0.000202198 8.39274e-05 -0.00505705 -0.00450106
5.54 9.08205e-06 -0.000140978 -0.000176965 5.86683e-05 -0.00442597 -0.00352591
5.56 6.50999e-06 -9.13513e-05 -0.000142897 2.94368e-05 -0.0035739 -0.00228473
5.58 3.71822e-06 -3.54858e-05 -0.000103299 -4.7699e-06 -0.00258355 -0.000887514
5.6 9.19093e-07 1.97651e-05 -5.85594e-05 -4.27123e-05 -0.0014646 0.000494334
5.62 -1.7129e-06 6.80747e-05 -8.48047e-06 -7.99592e-05 -0.0002121 0.00170258
5.64 -4.06459e-06 0.000105699 4.19571e-05 -0.0001102 0.00104937 0.00264358
5.66 -6.08318e-06 0.000133141 8.41005e-05 -0.000128045 0.00210339 0.0033299
5.68 -7.74618e-06 0.000153547 0.000114114 -0.000131774 0.00285404 0.00384027
5.7 -9.02004e-06 0.000168556 0.000134049 -0.000124184 0.00335261 0.00421565
5.72 -9.8721e-06 0.000177713 0.000145686 -0.000110692 0.00364367 0.00444468
5.74 -1.0331e-05 0.00018224 0.000150144 -9.60645e-05 0.00375515 0.00455789
5.76 -1.04919e-05 0.000186356 0.000150122 -8.23368e-05 0.00375462 0.00466083
5.78 -1.04321e-05 0.000193317 0.000146202 -6.90393e-05 0.00365657 0.00483494
5.8 -1.01446e-05 0.000201819 0.000134424 -5.46108e-05 0.003362 0.00504759
5.82 -9.56968e-06 0.00020765 0.000110494 -3.74207e-05 0.0027635 0.00519341
5.84 -8.67488e-06 0.000208022 7.30501e-05 -1.62731e-05 0.00182701 0.00520272
5.86 -7.49262e-06 0.000203239 2.36154e-05 8.82998e-06 0.000590631 0.00508309
5.88 -6.09529e-06 0.000194698 -3.33078e-05 3.57464e-05 -0.000833041 0.00486947
5.9 -4.55413e-06 0.000182738 -9.141e-05 6.01779e-05 -0.0022862 0.00457037
5.92 -2.92966e-06 0.000167044 -0.000144463 7.71784e-05 -0.00361308 0.00417783
5.94 -1.28506e-06 0.000148927 -0.000186519 8.32978e-05 -0.00466493 0.00372472
5.96 3.33743e-07 0.000131459 -0.000213889 7.7714e-05 -0.00534946 0.00328785
5.98 1.94992e-06 0.00011429 -0.000227801 6.18544e-05 -0.00569739 0.00285843
6 3.64622e-06 8.90982e-05 -0.000230174 3.89231e-05 -0.00575675 0.00222838
6.02 5.45801e-06 4.44795e-05 -0.00021871 1.42646e-05 -0.00547002 0.00111245
6.04 7.2757e-06 -2.38543e-05 -0.000193232 -5.06487e-06 -0.00483282 -0.000596607
6.06 8.85478e-06 -0.000108368 -0.000161563 -1.31559e-05 -0.00404077 -0.00271033
6.08 9.9274e-06 -0.000192513 -0.000129342 -9.12216e-06 -0.00323491 -0.00481484
6.1 1.03701e-05 -0.000259202 -9.20866e-05 1.00875e-06 -0.00230312 -0.00648276
6.12 1.03072e-05 -0.000301831 -4.87496e-05 6.46477e-06 -0.00121925 -0.00754892
6.14 9.97964e-06 -0.000326161 -1.11875e-05 -1.81481e-06 -0.000279804 -0.00815741
6.16 9.45995e-06 -0.000338966 1.31416e-05 -2.38164e-05 0.000328676 -0.00847767
6.18 8.56372e-06 -0.000339876 3.49524e-05 -4.87541e-05 0.000874173 -0.00850044
6.2 7.08252e-06 -0.000326944 6.84923e-05 -6.24101e-05 0.00171302 -0.008177
6.22 5.03062e-06 -0.000304525 0.000117135 -5.81337e-05 0.0029296 -0.00761629
6.24 2.63688e-06 -0.000282538 0.000180274 -4.14662e-05 0.00450872 -0.0070664
6.26 1.44037e-07 -0.00026865 0.000256573 -2.40808e-05 0.006417 -0.00671905
6.28 -2.37985e-06 -0.000258759 0.000333605 -1.31879e-05 0.00834359 -0.00647167
6.3 -5.05384e-06 -0.000235727 0.000384225 -6.62751e-06 0.00960963 -0.00589563
6.32 -8.01184e-06 -0.000182548 0.000391093 2.66875e-06 0.0097814 -0.00456561
6.34 -1.11944e-05 -9.74925e-05 0.000398501 1.83068e-05 0.00996667 -0.00243833
6.36 -1.43865e-05 4.57297e-06 0.00042969 3.57259e-05 0.0107467 0.000114372
6.38 -1.73505e-05 0.000103413 0.000458191 4.56309e-05 0.0114595 0.00258641
6.4 -1.97269e-05 0.000186387 0.000473653 4.39812e-05 0.0118463 0.00466162
6.42 -2.15483e-05 0.000252783 0.000487577 3.76773e-05 0.0121945 0.0063222
6.44 -2.30002e-05 0.000306857 0.00051189 3.82924e-05 0.0128026 0.00767462
6.46 -2.37703e-05 0.000351471 0.000519674 5.27732e-05 0.0129973 0.00879042
6.48 -2.36136e-05 0.000389239 0.000470552 7.89416e-05 0.0117687 0.00973503
6.5 -2.24745e-05 0.000423355 0.000357511 0.000106428 0.00894151 0.0105883
6.52 -2.04314e-05 0.000455205 0.000203546 0.000125634 0.00509078 0.0113849
6.54 -1.77238e-05 0.000480943 2.90702e-05 0.000136394 0.000727058 0.0120286
6.56 -1.46694e-05 0.00049356 -0.000136255 0.000145128 -0.00340779 0.0123441
6.58 -1.15576e-05 0.000483721 -0.000251441 0.000154876 -0.00628864 0.0120981
6.6 -8.5172e-06 0.000439684 -0.000294713 0.000160652 -0.0073709 0.0109967
6.62 -5.54182e-06 0.000359817 -0.000275556 0.000154877 -0.00689177 0.00899918
6.64 -2.56918e-06 0.000254097 -0.000217419 0.000135272 -0.00543775 0.00635506
6.66 4.56869e-07 0.000137043 -0.000151144 0.000107434 -0.00378018 0.00342751
6.68 3.5279e-06 2.98117e-05 -0.000116516 8.06504e-05 -0.00291412 0.000745603
6.7 6.53331e-06 -4.51499e-05 -0.00014374 6.01119e-05 -0.00359501 -0.00112922
6.72 9.3712e-06 -7.90719e-05 -0.000232443 4.25934e-05 -0.0058135 -0.00197762
6.74 1.20167e-05 -8.24468e-05 -0.000359467 1.98885e-05 -0.00899041 -0.00206203
6.76 1.44147e-05 -7.46788e-05 -0.000495818 -1.40253e-05 -0.0124006 -0.00186775
6.78 1.63222e-05 -7.43914e-05 -0.000600626 -5.92825e-05 -0.0150219 -0.00186056
6.8 1.78142e-05 -9.4499e-05 -0.000634244 -0.000108418 -0.0158627 -0.00236346
6.82 1.91077e-05 -0.000137379 -0.000605864 -0.000146915 -0.0151529 -0.0034359
6.84 2.0176e-05 -0.000198405 -0.000555012 -0.000163536 -0.0138811 -0.0049622
6.86 2.07979e-05 -0.000279872 -0.000473325 -0.000165215 -0.0118381 -0.00699972
6.88 2.08415e-05 -0.000381532 -0.000325232 -0.000169204 -0.00813418 -0.00954228
6.9 2.01474e-05 -0.000469889 -0.000150104 -0.000174159 -0.00375416 -0.0117521
6.92 1.87112e-05 -0.000508023 -2.44526e-05 -0.000161459 -0.000611569 -0.0127059
6.94 1.69673e-05 -0.000505584 3.31281e-05 -0.000124578 0.000828547 -0.0126449
6.96 1.53479e-05 -0.000490516 3.23723e-05 -7.70786e-05 0.000809644 -0.012268
6.98 1.39167e-05 -0.000466772 -2.04665e-05 -3.657e-05 -0.000511876 -0.0116742
7 1.22054e-05 -0.000420163 -9.4082e-05 -1.04642e-05 -0.00235303 -0.0105085
7.02 9.75009e-06 -0.000346069 -0.000135867 4.44648e-06 -0.00339809 -0.00865534
7.04 6.46845e-06 -0.000255737 -0.000116962 1.43289e-05 -0.00292527 -0.0063961
7.06 2.72238e-06 -0.000164692 -4.16105e-05 2.14901e-05 -0.00104069 -0.00411902
7.08 -9.86834e-07 -9.13079e-05 7.76117e-05 2.3242e-05 0.0019411 -0.00228365
7.1 -4.34282e-06 -4.50327e-05 0.000223146 1.79464e-05 0.00558098 -0.00112629
7.12 -7.30076e-06 -1.09315e-05 0.000360016 1.16256e-05 0.00900416 -0.000273401
7.14 -9.89463e-06 3.40842e-05 0.000449074 1.569e-05 0.0112315 0.000852459
7.16 -1.20497e-05 9.34963e-05 0.000474871 3.69175e-05 0.0118767 0.00233838
7.18 -1.3592e-05 0.000153814 0.000447062 7.09773e-05 0.0111812 0.00384694
7.2 -1.43266e-05 0.000206682 0.000374261 0.000107349 0.00936041 0.00516921
7.22 -1.43585e-05 0.00025352 0.000262465 0.000137311 0.00656437 0.00634064
7.24 -1.39873e-05 0.000294129 0.000139243 0.000155757 0.00348253 0.0073563
7.26 -1.34338e-05 0.00032497 3.83894e-05 0.000161887 0.000960134 0.00812765
7.28 -1.28203e-05 0.000344346 -2.84432e-05 0.000159133 -0.000711376 0.00861224
7.3 -1.212e-05 0.000350816 -6.29945e-05 0.000150551 -0.00157552 0.00877406
7.32 -1.12437e-05 0.000340396 -6.8983e-05 0.000135348 -0.00172529 0.00851344
7.34 -1.01266e-05 0.0003121 -5.79279e-05 0.000111903 -0.0014488 0.00780576
7.36 -8.78955e-06 0.000273935 -4.70242e-05 8.26885e-05 -0.0011761 0.00685123
7.38 -7.28018e-06 0.000236282 -4.75034e-05 5.35287e-05 -0.00118808 0.0059095
7.4 -5.61103e-06 0.000204204 -6.46181e-05 2.82494e-05 -0.00161613 0.00510723
7.42 -3.7561e-06 0.000178898 -0.000103642 5.46301e-06 -0.00259212 0.0044743
7.44 -1.7206e-06 0.000159557 -0.000165822 -1.93243e-05 -0.00414729 0.0039906
7.46 4.08654e-07 0.000143718 -0.000241676 -4.8849e-05 -0.00604443 0.00359444
7.48 2.46992e-06 0.000129231 -0.000313741 -8.1476e-05 -0.00784679 0.00323213
7.5 4.3176e-06 0.000113371 -0.000364049 -0.000113 -0.00910501 0.00283547
7.52 5.92245e-06 8.8237e-05 -0.000379973 -0.000139857 -0.00950327 0.00220684
7.54 7.34653e-06 4.25995e-05 -0.000357821 -0.000159822 -0.00894926 0.00106543
7.56 8.6101e-06 -2.84518e-05 -0.000302954 -0.000170482 -0.00757701 -0.000711591
7.58 9.64989e-06 -0.000117975 -0.000226736 -0.00016811 -0.00567076 -0.00295061
7.6 1.03617e-05 -0.000211265 -0.000142906 -0.000148754 -0.00357414 -0.00528382
7.62 1.06741e-05 -0.000293221 -6.4311e-05 -0.000111488 -0.00160844 -0.00733359
7.64 1.05906e-05 -0.00035321 -9.14778e-07 -6.10852e-05 -2.2879e-05 -0.00883393
7.66 1.01623e-05 -0.000386934 4.08947e-05 -7.193e-06 0.00102279 -0.00967738
7.68 9.44503e-06 -0.000395022 5.94441e-05 3.97415e-05 0.00148672 -0.00987966
7.7 8.40825e-06 -0.000377015 5.86042e-05 7.31935e-05 0.00146571 -0.0094293
7.72 6.9375e-06 -0.00032867 4.71699e-05 9.28531e-05 0.00117974 -0.00822019
7.74 4.99235e-06 -0.000252368 3.6581e-05 0.000102638 0.000914905 -0.00631184
7.76 2.6617e-06 -0.000162311 3.75662e-05 0.000106651 0.000939547 -0.00405945
7.78 1.00969e-07 -7.26096e-05 5.70089e-05 0.00010694 0.00142582 -0.001816
7.8 -2.50931e-06 7.26141e-06 9.57718e-05 0.000103967 0.00239529 0.000181611
7.82 -4.98335e-06 6.85074e-05 0.000147642 9.89473e-05 0.00369258 0.0017134
7.84 -7.18025e-06 0.000107576 0.00020067 9.56521e-05 0.00501884 0.00269053
7.86 -9.05623e-06 0.00012989 0.00024223 9.87275e-05 0.00605828 0.00324859
7.88 -1.06295e-05 0.000144526 0.000264462 0.0001096 0.00661429 0.00361466
7.9 -1.19156e-05 0.000159931 0.00026497 0.000124069 0.00662702 0.00399994
7.92 -1.28737e-05 0.000183021 0.000243212 0.000133786 0.00608283 0.00457742
7.94 -1.34094e-05 0.000215267 0.000198329 0.000130508 0.00496029 0.00538392
7.96 -1.34613e-05 0.000251961 0.000131799 0.000110855 0.00329634 0.00630164
7.98 -1.31103e-05 0.000289991 5.04857e-05 7.8701e-05 0.00126267 0.00725279
8 -1.25456e-05 0.000330513 -3.27529e-05 4.22027e-05 -0.000819162 0.00826627
8.02 -1.18805e-05 0.000369068 -0.00010088 7.29863e-06 -0.00252305 0.00923054
8.04 -1.10641e-05 0.00039128 -0.000138979 -2.55414e-05 -0.00347593 0.00978607
8.06 -9.98414e-06 0.000384402 -0.000142373 -5.81854e-05 -0.00356081 0.00961405
8.08 -8.58913e-06 0.000347043 -0.000119023 -8.98228e-05 -0.00297681 0.00867968
8.1 -6.91363e-06 0.0002874 -8.4641e-05 -0.000115446 -0.00211691 0.00718799
8.12 -5.02357e-06 0.000218575 -5.65598e-05 -0.000128624 -0.00141458 0.00546664
8.14 -2.95032e-06 0.000152962 -4.98159e-05 -0.000126127 -0.00124592 0.00382564
8.16 -6.77677e-07 9.70262e-05 -7.39381e-05 -0.000110734 -0.00184922 0.00242667
8.18 1.797e-06 5.10526e-05 -0.000129283 -8.96759e-05 -0.00323342 0.00127685
8.2 4.38287e-06 1.23338e-05 -0.000204286 -6.97641e-05 -0.00510927 0.000308473
8.22 6.8963e-06 -2.28263e-05 -0.00027733 -5.32443e-05 -0.00693615 -0.000570895
8.24 9.1416e-06 -5.94147e-05 -0.000325554 -3.77092e-05 -0.00814225 -0.00148599
8.26 1.09892e-05 -0.00010304 -0.000334963 -1.95683e-05 -0.00837756 -0.00257707
8.28 1.23882e-05 -0.000157112 -0.000303014 2.47253e-06 -0.0075785 -0.00392945
8.3 1.33361e-05 -0.000220353 -0.000235627 2.69501e-05 -0.00589314 -0.00551111
8.32 1.38538e-05 -0.000286384 -0.000146598 5.2031e-05 -0.00366648 -0.00716259
8.34 1.39729e-05 -0.000345232 -5.71976e-05 7.78171e-05 -0.00143053 -0.00863439
8.36 1.37279e-05 -0.000386511 1.0616e-05 0.000105892 0.00026551 -0.0096668
8.38 1.31566e-05 -0.000403433 4.35708e-05 0.000136323 0.00108972 -0.01009
8.4 1.2303e-05 -0.000395311 4.14962e-05 0.000165031 0.00103784 -0.0098869
8.42 1.11791e-05 -0.000365621 1.63379e-05 0.000184892 0.000408618 -0.00914433
8.44 9.75837e-06 -0.000318888 -1.26779e-05 0.000190327 -0.000317079 -0.00797552
8.46 8.03072e-06 -0.000262119 -2.70431e-05 0.000180716 -0.000676359 -0.0065557
8.48 6.02834e-06 -0.000203959 -1.62277e-05 0.000159947 -0.000405862 -0.00510111
8.5 3.81261e-06 -0.000149934 2.0556e-05 0.000133638 0.000514115 -0.00374991
8.52 1.45321e-06 -0.000102459 7.71634e-05 0.000106248 0.00192989 -0.00256255
8.54 -9.69969e-07 -6.1977e-05 0.000142941 8.01058e-05 0.00357502 -0.00155007
8.56 -3.35353e-06 -2.6167e-05 0.000204063 5.64794e-05 0.0051037 -0.000654447
8.58 -5.56111e-06 8.04519e-06 0.000246662 3.67651e-05 0.00616913 0.000201214
8.6 -7.45028e-06 4.25107e-05 0.000260815 2.2394e-05 0.0065231 0.00106321
8.62 -8.93011e-06 7.94736e-05 0.000242409 1.36011e-05 0.00606274 0.00198767
8.64 -9.98633e-06 0.000121902 0.000193498 8.33877e-06 0.00483946 0.00304882
8.66 -1.06527e-05 0.000170034 0.000123355 2.70397e-06 0.00308517 0.00425263
8.68 -1.09699e-05 0.000219569 4.69969e-05 -7.10124e-06 0.00117541 0.00549151
8.7 -1.09794e-05 0.000264167 -2.06367e-05 -2.29057e-05 -0.000516133 0.00660693
8.72 -1.07354e-05 0.000298739 -6.8996e-05 -4.41868e-05 -0.00172562 0.0074716
8.74 -1.02984e-05 0.000320736 -9.24208e-05 -6.86939e-05 -0.00231148 0.00802173
8.76 -9.70426e-06 0.000329484 -9.11448e-05 -9.2915e-05 -0.00227957 0.00824053
8.78 -8.93911e-06 0.00032495 -7.3779e-05 -0.000112225 -0.00184524 0.00812714
8.8 -7.93449e-06 0.000306648 -5.60166e-05 -0.000121649 -0.001401 0.0076694
8.82 -6.6244e-06 0.000274694 -5.35883e-05 -0.000117628 -0.00134027 0.00687022
8.84 -5.02325e-06 0.000233982 -7.50023e-05 -9.96967e-05 -0.00187584 0.005852
8.86 -3.20015e-06 0.000192052 -0.000119312 -7.12186e-05 -0.00298404 0.00480331
8.88 -1.21728e-06 0.000151066 -0.0001779 -3.86137e-05 -0.00444936 0.00377823
8.9 8.62718e-07 0.000108762 -0.000237556 -8.8933e-06 -0.00594139 0.00272018
8.92 2.92825e-06 6.49443e-05 -0.000284562 1.28356e-05 -0.00711701 0.00162428
8.94 4.82742e-06 2.15626e-05 -0.000308431 2.43498e-05 -0.00771398 0.00053929
8.96 6.43382e-06 -2.09517e-05 -0.00030269 2.62481e-05 -0.00757041 -0.000524012
8.98 7.69199e-06 -6.46636e-05 -0.000264776 2.15913e-05 -0.00662216 -0.00161726
9 8.61564e-06 -0.000112171 -0.000199382 1.50924e-05 -0.00498663 -0.00280545
9.02 9.24416e-06 -0.000163574 -0.000121084 1.17102e-05 -0.00302836 -0.00409107
9.04 9.59322e-06 -0.000214193 -4.92981e-05 1.51996e-05 -0.00123296 -0.00535706
9.06 9.65066e-06 -0.000255841 8.26907e-07 2.71989e-05 2.06813e-05 -0.00639868
9.08 9.41716e-06 -0.000282147 2.40333e-05 4.67089e-05 0.000601082 -0.00705661
9.1 8.92464e-06 -0.000293082 2.57889e-05 6.98628e-05 0.000644991 -0.0073301
9.12 8.19574e-06 -0.000293052 1.97261e-05 9.06577e-05 0.000493358 -0.00732936
9.14 7.19679e-06 -0.000284218 2.10024e-05 0.000103005 0.000525278 -0.00710842
9.16 5.8779e-06 -0.000264223 3.75734e-05 0.000103108 0.000939726 -0.00660834
9.18 4.27173e-06 -0.000231985 6.73046e-05 9.08949e-05 0.00168332 -0.00580205
9.2 2.50336e-06 -0.000191268 0.000104301 7.02825e-05 0.00260861 -0.00478369
9.22 7.10682e-07 -0.000146873 0.000144697 4.79617e-05 0.00361894 -0.00367335
9.24 -1.0105e-06 -0.000102965 0.000184199 3.03997e-05 0.0046069 -0.00257519
9.26 -2.61402e-06 -6.48609e-05 0.000215923 2.1025e-05 0.00540032 -0.0016222
9.28 -4.109e-06 -3.59711e-05 0.000235893 2.01071e-05 0.00589977 -0.000899653
9.3 -5.53346e-06 -1.26153e-05 0.000245863 2.6331e-05 0.00614914 -0.000315514
9.32 -6.85923e-06 1.2723e-05 0.000246574 3.71679e-05 0.00616693 0.000318207
9.34 -7.94526e-06 4.23562e-05 0.000232725 4.84169e-05 0.00582055 0.00105935
9.36 -8.66879e-06 7.33526e-05 0.00019949 5.55398e-05 0.00498932 0.00183458
9.38 -9.08124e-06 0.000106528 0.000150758 5.6112e-05 0.00377052 0.0026643
9.4 -9.33891e-06 0.000147073 9.53318e-05 5.02185e-05 0.00238429 0.00367836
9.42 -9.51143e-06 0.000193895 4.08001e-05 3.86031e-05 0.00102043 0.00484939
9.44 -9.52195e-06 0.000235891 -4.07762e-06 2.16715e-05 -0.000101983 0.00589972
9.46 -9.25812e-06 0.00026159 -3.04364e-05 5.83077e-07 -0.000761227 0.00654248
9.48 -8.68671e-06 0.000267703 -3.80606e-05 -2.1699e-05 -0.000951911 0.00669535
9.5 -7.85647e-06 0.000258177 -3.61546e-05 -4.08638e-05 -0.000904241 0.00645712
9.52 -6.81224e-06 0.000238391 -3.45369e-05 -5.26934e-05 -0.000863783 0.00596226
9.54 -5.53754e-06 0.000210908 -4.05635e-05 -5.47578e-05 -0.00101451 0.00527491
9.56 -3.98823e-06 0.000176215 -6.08145e-05 -4.76784e-05 -0.001521 0.00440722
9.58 -2.18528e-06 0.000135923 -9.66909e-05 -3.50668e-05 -0.00241828 0.00339948
9.6 -2.53915e-07 9.4472e-05 -0.000140263 -2.18483e-05 -0.00350803 0.00236278
9.62 1.66153e-06 5.57898e-05 -0.000179915 -1.21903e-05 -0.00449975 0.00139533
9.64 3.48083e-06 1.7971e-05 -0.000207716 -8.18296e-06 -0.00519506 0.000449463
9.66 5.15349e-06 -2.41064e-05 -0.000219347 -9.14962e-06 -0.00548597 -0.000602912
9.68 6.57571e-06 -7.04038e-05 -0.000212018 -1.19088e-05 -0.00530267 -0.00176083
9.7 7.61536e-06 -0.000114606 -0.000186343 -1.27161e-05 -0.00466053 -0.00286635
9.72 8.2211e-06 -0.000151639 -0.000148188 -9.68414e-06 -0.00370625 -0.00379256
9.74 8.45637e-06 -0.000181814 -0.000106399 -3.26944e-06 -0.00266107 -0.00454724
9.76 8.41284e-06 -0.000206965 -6.90646e-05 5.41439e-06 -0.00172733 -0.00517628
9.78 8.11335e-06 -0.000225887 -4.14496e-05 1.62157e-05 -0.00103667 -0.00564952
9.8 7.50024e-06 -0.000234305 -2.44107e-05 2.96709e-05 -0.000610521 -0.00586006
9.82 6.50575e-06 -0.000227795 -1.32093e-05 4.52005e-05 -0.000330369 -0.00569725
9.84 5.13857e-06 -0.000205103 -6.57404e-08 5.96395e-05 -1.6442e-06 -0.00512971
9.86 3.51327e-06 -0.000169907 1.99319e-05 6.79034e-05 0.000498505 -0.00424944
9.88 1.78079e-06 -0.000128592 4.57991e-05 6.60748e-05 0.00114545 -0.00321615
9.9 2.29907e-08 -8.5278e-05 7.36841e-05 5.47958e-05 0.00184287 -0.00213284
9.92 -1.77207e-06 -4.01583e-05 0.000101052 3.97282e-05 0.00252735 -0.00100437
9.94 -3.62731e-06 6.87758e-06 0.000126995 2.80606e-05 0.00317619 0.000172011
9.96 -5.48242e-06 5.24365e-05 0.00015051 2.38037e-05 0.00376431 0.00131146
9.98 -7.19244e-06 9.02784e-05 0.00016996 2.5856e-05 0.00425077 0.0022579
10 -8.61421e-06 0.000115745 0.000182928 3.02062e-05 0.00457511 0.00289483
10.02 -9.69573e-06 0.000129608 0.000186331 3.38672e-05 0.00466022 0.00324155
10.04 -1.04907e-05 0.000138212 0.00017874 3.68521e-05 0.00447036 0.00345674
10.06 -1.10838e-05 0.000149829 0.000162428 4.05318e-05 0.00406239 0.00374728
10.08 -1.14929e-05 0.000169004 0.000141378 4.41031e-05 0.00353592 0.00422685
10.1 -1.16352e-05 0.000193129 0.000118096 4.30878e-05 0.00295364 0.00483023
10.12 -1.1399e-05 0.000215122 9.34326e-05 3.23085e-05 0.00233679 0.0053803
10.14 -1.07486e-05 0.00022935 6.84645e-05 1.101e-05 0.00171233 0.00573615
10.16 -9.74791e-06 0.00023399 4.48894e-05 -1.4972e-05 0.0011227 0.00585218
10.18 -8.49827e-06 0.0002289 2.39238e-05 -3.63654e-05 0.000598345 0.00572487
10.2 -7.05489e-06 0.000212833 6.36931e-06 -4.64128e-05 0.000159299 0.00532303
10.22 -5.40312e-06 0.000182712 -7.23122e-06 -4.47253e-05 -0.000180856 0.0045697
10.24 -3.51848e-06 0.000136799 -1.85883e-05 -3.59688e-05 -0.000464902 0.00342141
10.26 -1.44228e-06 7.90566e-05 -3.27203e-05 -2.50559e-05 -0.000818349 0.00197724
10.28 6.98223e-07 1.89876e-05 -5.45803e-05 -1.36125e-05 -0.00136508 0.000474889
10.3 2.74925e-06 -3.3565e-05 -8.49424e-05 -6.15819e-07 -0.00212445 -0.000839475
10.32 4.60478e-06 -7.37673e-05 -0.000120543 1.42716e-05 -0.00301483 -0.00184495
10.34 6.22073e-06 -0.000102299 -0.000156754 2.84767e-05 -0.00392047 -0.00255854
10.36 7.58041e-06 -0.000122445 -0.000188638 3.76456e-05 -0.00471792 -0.00306239
10.38 8.66019e-06 -0.000138127 -0.000210573 3.90893e-05 -0.00526651 -0.00345461
10.4 9.41923e-06 -0.000152534 -0.000217008 3.44227e-05 -0.00542747 -0.00381493
10.42 9.81079e-06 -0.000166709 -0.000204846 2.87301e-05 -0.00512327 -0.00416947
10.44 9.8089e-06 -0.00018013 -0.000175168 2.6691e-05 -0.00438102 -0.00450512
10.46 9.42576e-06 -0.000192284 -0.000132657 2.92764e-05 -0.00331781 -0.0048091
10.48 8.69893e-06 -0.000202367 -8.38509e-05 3.40029e-05 -0.00209715 -0.00506129
10.5 7.66427e-06 -0.000207827 -3.55806e-05 3.79205e-05 -0.000889886 -0.00519784
10.52 6.34355e-06 -0.00020417 6.34273e-06 4.00714e-05 0.000158634 -0.00510637
10.54 4.76052e-06 -0.000186834 3.78582e-05 4.12841e-05 0.000946848 -0.00467281
10.56 2.96646e-06 -0.00015431 5.71742e-05 4.20891e-05 0.00142995 -0.00385936
10.58 1.0427e-06 -0.000110122 6.65335e-05 4.1357e-05 0.00166403 -0.0027542
10.6 -9.26856e-07 -6.15934e-05 7.34473e-05 3.72843e-05 0.00183695 -0.00154048
10.62 -2.88485e-06 -1.59459e-05 8.72254e-05 2.9645e-05 0.00218154 -0.000398815
10.64 -4.79682e-06 2.30525e-05 0.000112825 2.07138e-05 0.0028218 0.000576552
10.66 -6.61897e-06 5.52201e-05 0.000148647 1.37169e-05 0.00371772 0.00138108
10.68 -8.27014e-06 8.1943e-05 0.000188375 1.0417e-05 0.00471133 0.00204943
10.7 -9.64008e-06 0.00010468 0.000222554 1.02396e-05 0.00556616 0.0026181
10.72 -1.06365e-05 0.000124686 0.000241066 1.15712e-05 0.00602915 0.00311846
10.74 -1.12339e-05 0.000143552 0.000238381 1.37303e-05 0.005962 0.00359029
10.76 -1.14665e-05 0.000163817 0.000215127 1.75482e-05 0.00538042 0.00409713
10.78 -1.13822e-05 0.000187359 0.000174539 2.36486e-05 0.00436528 0.00468592
10.8 -1.09881e-05 0.000211831 0.000121831 3.02373e-05 0.00304705 0.00529799
10.82 -1.02575e-05 0.000230473 6.57066e-05 3.36371e-05 0.00164335 0.00576423
10.84 -9.19761e-06 0.000237007 1.5557e-05 3.15047e-05 0.000389086 0.00592763
10.86 -7.88075e-06 0.000229823 -2.36289e-05 2.50707e-05 -0.000590968 0.00574798
10.88 -6.4135e-06 0.000211327 -5.17031e-05 1.80287e-05 -0.00129312 0.00528538
10.9 -4.87218e-06 0.000185057 -7.03002e-05 1.3443e-05 -0.00175824 0.00462834
10.92 -3.25818e-06 0.000153348 -8.29745e-05 1.15835e-05 -0.00207523 0.0038353
10.94 -1.51943e-06 0.000116202 -9.61678e-05 1.03815e-05 -0.0024052 0.00290626
10.96 3.61537e-07 7.31531e-05 -0.000115069 8.05111e-06 -0.00287792 0.00182959
10.98 2.29876e-06 2.69185e-05 -0.000139456 5.33326e-06 -0.00348786 0.000673244
11 4.135e-06 -1.65221e-05 -0.000166284 4.72651e-06 -0.00415882 -0.000413226
11.02 5.7397e-06 -5.25797e-05 -0.000193295 7.2407e-06 -0.00483438 -0.00131504
11.04 7.05788e-06 -8.12176e-05 -0.000217379 1.03848e-05 -0.00543673 -0.00203129
11.06 8.07695e-06 -0.000104472 -0.000232864 9.82414e-06 -0.00582403 -0.00261288
11.08 8.783e-06 -0.000123341 -0.000234564 2.90596e-06 -0.00586653 -0.00308482
11.1 9.15519e-06 -0.000138719 -0.000220578 -9.30118e-06 -0.00551674 -0.00346941
11.12 9.17566e-06 -0.000152654 -0.000191069 -2.26155e-05 -0.00477872 -0.00381793
11.14 8.83563e-06 -0.000166792 -0.000147088 -3.20579e-05 -0.00367874 -0.00417153
11.16 8.15172e-06 -0.000181007 -9.22458e-05 -3.4398e-05 -0.00230711 -0.00452707
11.18 7.18093e-06 -0.000193763 -3.38026e-05 -2.93626e-05 -0.000845418 -0.0048461
11.2 6.00719e-06 -0.000202481 2.01172e-05 -1.87913e-05 0.00050314 -0.00506414
11.22 4.70851e-06 -0.000204046 6.39204e-05 -4.86101e-06 0.00159867 -0.00510327
11.24 3.32839e-06 -0.0001958 9.4507e-05 1.08459e-05 0.00236366 -0.00489703
11.26 1.86415e-06 -0.000175987 0.000111293 2.69905e-05 0.00278349 -0.00440151
11.28 2.85637e-07 -0.000144115 0.000119 4.18789e-05 0.00297623 -0.00360438
11.3 -1.41204e-06 -0.000101988 0.000126775 5.35774e-05 0.00317069 -0.00255077
11.32 -3.16217e-06 -5.42173e-05 0.000140948 6.06415e-05 0.00352517 -0.001356
11.34 -4.83933e-06 -7.33705e-06 0.000161302 6.28919e-05 0.00403422 -0.000183503
11.36 -6.32713e-06 3.21823e-05 0.000185781 6.19525e-05 0.00464646 0.000804892
11.38 -7.57565e-06 6.08115e-05 0.000213393 6.11353e-05 0.00533705 0.00152092
11.4 -8.59586e-06 7.99458e-05 0.000239735 6.39681e-05 0.00599588 0.00199948
11.42 -9.40628e-06 9.43345e-05 0.00025569 7.18162e-05 0.0063949 0.00235934
11.44 -9.98945e-06 0.000108329 0.000253947 8.26751e-05 0.00635132 0.00270936
11.46 -1.02878e-05 0.000124327 0.000232421 9.24465e-05 0.00581295 0.00310948
11.48 -1.02499e-05 0.000143544 0.000191736 9.72167e-05 0.0047954 0.0035901
11.5 -9.86365e-06 0.000165213 0.000135502 9.45964e-05 0.00338897 0.00413205
11.52 -9.16453e-06 0.000184905 7.32077e-05 8.43099e-05 0.00183096 0.00462455
11.54 -8.23663e-06 0.000197159 1.67199e-05 6.83523e-05 0.000418171 0.00493103
11.56 -7.17839e-06 0.000200579 -2.74994e-05 4.98012e-05 -0.000687771 0.00501656
11.58 -6.03633e-06 0.000196218 -5.8098e-05 3.05684e-05 -0.00145305 0.00490749
11.6 -4.77117e-06 0.000181389 -7.34369e-05 1.07006e-05 -0.00183669 0.00453661
11.62 -3.33005e-06 0.000152492 -7.53157e-05 -9.62712e-06 -0.00188368 0.00381388
11.64 -1.74885e-06 0.000114225 -7.55696e-05 -2.8454e-05 -0.00189003 0.00285681
11.66 -1.43207e-07 7.7931e-05 -8.84443e-05 -4.32658e-05 -0.00221203 0.00194909
11.68 1.40194e-06 5.02769e-05 -0.000117917 -5.30062e-05 -0.00294916 0.00125745
11.7 2.88738e-06 2.96809e-05 -0.000159286 -5.81868e-05 -0.0039838 0.000742333
11.72 4.34337e-06 1.19032e-05 -0.000206842 -6.00419e-05 -0.0051732 0.000297704
11.74 5.75155e-06 -6.83436e-06 -0.000252626 -6.01541e-05 -0.00631829 -0.00017093
11.76 7.02941e-06 -2.95871e-05 -0.00028496 -5.97664e-05 -0.00712696 -0.000739985
11.78 8.07664e-06 -5.70467e-05 -0.000295344 -5.87776e-05 -0.00738667 -0.00142676
11.8 8.83208e-06 -8.80223e-05 -0.000282528 -5.60449e-05 -0.00706615 -0.00220147
11.82 9.29019e-06 -0.000122009 -0.000248494 -5.06843e-05 -0.00621493 -0.00305149
11.84 9.46594e-06 -0.00015802 -0.00019707 -4.23423e-05 -0.00492879 -0.00395216
11.86 9.3513e-06 -0.000191732 -0.000136029 -3.06762e-05 -0.00340213 -0.00479529
11.88 8.92834e-06 -0.000217147 -7.48941e-05 -1.56276e-05 -0.00187313 -0.00543093
11.9 8.2163e-06 -0.000230762 -2.17568e-05 2.04642e-06 -0.000544148 -0.00577144
11.92 7.27887e-06 -0.0002325 1.65293e-05 2.12593e-05 0.000413404 -0.00581493
11.94 6.17431e-06 -0.000223216 3.57396e-05 4.14609e-05 0.000893863 -0.00558274
11.96 4.91129e-06 -0.000203129 3.88834e-05 6.2371e-05 0.000972491 -0.00508035
11.98 3.4682e-06 -0.000173625 3.69281e-05 8.26781e-05 0.000923586 -0.00434243
12 1.84477e-06 -0.000139033 4.28049e-05 9.94587e-05 0.00107057 -0.00347728
12.02 8.2337e-08 -0.00010472 6.47645e-05 0.000109343 0.00161979 -0.00261909
12.04 -1.75274e-06 -7.39258e-05 0.000104407 0.000110529 0.00261126 -0.00184891
12.06 -3.58248e-06 -4.76545e-05 0.00015831 0.000104103 0.00395939 -0.00119186
12.08 -5.32611e-06 -2.61193e-05 0.000219408 9.38722e-05 0.00548747 -0.000653256
12.1 -6.91859e-06 -8.15163e-06 0.00027753 8.45939e-05 0.00694115 -0.000203876
12.12 -8.32027e-06 9.4156e-06 0.000321838 7.9308e-05 0.00804931 0.000235488
12.14 -9.5008e-06 2.96213e-05 0.000344721 7.76004e-05 0.00862162 0.00074084
12.16 -1.04252e-05 5.34333e-05 0.000343117 7.64503e-05 0.0085815 0.00133639
12.18 -1.10476e-05 8.10574e-05 0.00031722 7.31444e-05 0.0079338 0.00202728
12.2 -1.13552e-05 0.0001131 0.00026944 6.7046e-05 0.0067388 0.00282867
12.22 -1.13893e-05 0.000148299 0.000207166 5.8267e-05 0.0051813 0.00370903
12.24 -1.11901e-05 0.000182083 0.000142259 4.62253e-05 0.00355797 0.00455398
12.26 -1.07884e-05 0.000209159 8.56852e-05 3.03846e-05 0.00214302 0.00523116
12.28 -1.02037e-05 0.000226054 4.5311e-05 1.12576e-05 0.00113325 0.00565369
12.3 -9.42061e-06 0.000230766 2.36205e-05 -9.58287e-06 0.000590758 0.00577154
12.32 -8.39453e-06 0.000222329 1.50235e-05 -2.96533e-05 0.000375744 0.00556055
12.34 -7.09459e-06 0.000202518 8.2072e-06 -4.57181e-05 0.000205266 0.00506506
12.36 -5.53999e-06 0.000176299 -7.37245e-06 -5.48325e-05 -0.000184388 0.00440931
12.38 -3.78552e-06 0.000148155 -3.68318e-05 -5.59992e-05 -0.000921178 0.00370542
12.4 -1.89851e-06 0.000119495 -7.94992e-05 -5.07203e-05 -0.00198831 0.00298862
12.42 4.27597e-08 9.08631e-05 -0.000131473 -4.1927e-05 -0.0032882 0.00227252
12.44 1.947e-06 6.37872e-05 -0.000187747 -3.26343e-05 -0.00469562 0.00159534
12.46 3.72576e-06 3.89618e-05 -0.000241913 -2.51614e-05 -0.00605034 0.000974452
12.48 5.30202e-06 1.48857e-05 -0.000285665 -2.05234e-05 -0.00714461 0.000372297
12.5 6.60634e-06 -1.0357e-05 -0.000310912 -1.80922e-05 -0.00777605 -0.000259033
12.52 7.58403e-06 -3.75517e-05 -0.00031329 -1.62999e-05 -0.00783551 -0.000939184
12.54 8.20841e-06 -6.70307e-05 -0.000293521 -1.40895e-05 -0.00734108 -0.00167647
12.56 8.48038e-06 -9.86284e-05 -0.000255378 -1.14928e-05 -0.00638712 -0.00246674
12.58 8.42185e-06 -0.000129897 -0.000204343 -8.61359e-06 -0.00511071 -0.00324877
12.6 8.06011e-06 -0.000156113 -0.000148312 -4.73476e-06 -0.00370935 -0.00390445
12.62 7.42597e-06 -0.000172666 -9.58098e-05 1.01004e-06 -0.00239624 -0.00431845
12.64 6.5557e-06 -0.000176318 -5.27672e-05 8.55224e-06 -0.00131973 -0.00440978
12.66 5.49231e-06 -0.000165552 -2.21219e-05 1.67231e-05 -0.000553279 -0.00414053
12.68 4.29734e-06 -0.000142304 -4.82346e-06 2.39069e-05 -0.000120637 -0.00355909
12.7 3.02864e-06 -0.000112196 1.77888e-06 2.9081e-05 4.44904e-05 -0.00280606
12.72 1.70557e-06 -8.08985e-05 6.1018e-06 3.26226e-05 0.000152609 -0.0020233
12.74 3.26227e-07 -5.21485e-05 1.91877e-05 3.59055e-05 0.000479892 -0.00130426
12.76 -1.0773e-06 -3.04833e-05 4.89648e-05 3.98943e-05 0.00122463 -0.000762399
12.78 -2.43374e-06 -2.18745e-05 9.87452e-05 4.45372e-05 0.00246966 -0.000547089
12.8 -3.68753e-06 -2.81015e-05 0.000166788 4.97209e-05 0.00417143 -0.000702829
12.82 -4.81927e-06 -4.23931e-05 0.000242067 5.61401e-05 0.00605418 -0.00106027
12.84 -5.80531e-06 -5.37263e-05 0.000304815 6.46524e-05 0.00762354 -0.00134372
12.86 -6.60042e-06 -5.41329e-05 0.000338123 7.50845e-05 0.00845661 -0.00135389
12.88 -7.17175e-06 -4.0117e-05 0.000337455 8.5955e-05 0.00843989 -0.00100334
12.9 -7.48798e-06 -1.04429e-05 0.000304462 9.53274e-05 0.00761472 -0.000261182
12.92 -7.53402e-06 3.32399e-05 0.000240071 0.000101463 0.00600427 0.000831344
12.94 -7.34119e-06 8.46477e-05 0.000153635 0.000102406 0.00384248 0.00211707
12.96 -6.93102e-06 0.000134062 6.53168e-05 9.64733e-05 0.0016336 0.00335294
12.98 -6.30561e-06 0.000170889 -8.36655e-06 8.40141e-05 -0.000209251 0.004274
13 -5.49149e-06 0.00018736 -5.98924e-05 6.77493e-05 -0.00149793 0.00468596
13.02 -4.56847e-06 0.000183228 -8.47755e-05 5.10494e-05 -0.00212027 0.00458261
13.04 -3.61313e-06 0.000164478 -8.3419e-05 3.58167e-05 -0.00208635 0.00411365
13.06 -2.60444e-06 0.00013594 -6.71843e-05 2.17276e-05 -0.00168031 0.0033999
13.08 -1.46239e-06 9.94263e-05 -5.32244e-05 7.62629e-06 -0.00133116 0.00248669
13.1 -1.75308e-07 5.94884e-05 -5.37353e-05 -6.22785e-06 -0.00134394 0.00148783
13.12 1.16185e-06 2.54205e-05 -7.37653e-05 -1.7722e-05 -0.0018449 0.000635777
13.14 2.43945e-06 5.03198e-06 -0.000114613 -2.50904e-05 -0.00286653 0.000125852
13.16 3.6153e-06 -1.68769e-06 -0.0001725 -2.93339e-05 -0.0043143 -4.22099e-05
13.18 4.69188e-06 -1.58015e-06 -0.000235474 -3.39736e-05 -0.0058893 -3.95202e-05
13.2 5.64307e-06 -2.04034e-06 -0.000287617 -4.22183e-05 -0.00719342 -5.10297e-05
13.22 6.38798e-06 -6.68039e-06 -0.000317699 -5.43094e-05 -0.00794578 -0.000167079
13.24 6.83017e-06 -1.58699e-05 -0.000321828 -6.73136e-05 -0.00804906 -0.000396912
13.26 6.9137e-06 -2.89993e-05 -0.000299614 -7.72761e-05 -0.00749347 -0.000725286
13.28 6.65798e-06 -4.54935e-05 -0.000253093 -8.17772e-05 -0.00632996 -0.00113781
13.3 6.1535e-06 -6.45282e-05 -0.000190128 -8.07776e-05 -0.00475518 -0.00161388
13.32 5.5142e-06 -8.45791e-05 -0.000122743 -7.54496e-05 -0.00306986 -0.00211536
13.34 4.82768e-06 -0.000103619 -6.07179e-05 -6.62876e-05 -0.00151858 -0.00259157
13.36 4.13698e-06 -0.000119706 -1.02184e-05 -5.20823e-05 -0.000255566 -0.0029939
13.38 3.44094e-06 -0.000130995 2.46656e-05 -3.08915e-05 0.000616896 -0.00327625
13.4 2.70377e-06 -0.000135437 4.42079e-05 -2.52018e-06 0.00110566 -0.00338735
13.42 1.88796e-06 -0.000131849 5.51548e-05 2.96902e-05 0.00137945 -0.00329759
13.44 9.97126e-07 -0.000122058 6.73132e-05 5.97425e-05 0.00168353 -0.00305271
13.46 7.50889e-08 -0.000110969 8.83759e-05 8.23185e-05 0.00221032 -0.00277538
13.48 -8.48913e-07 -0.000103221 0.0001215 9.61238e-05 0.00303876 -0.00258159
13.5 -1.80409e-06 -9.92776e-05 0.000165379 0.000104528 0.00413619 -0.00248297
13.52 -2.84575e-06 -9.48042e-05 0.000215405 0.000112784 0.00538738 -0.00237109
13.54 -3.96272e-06 -8.45047e-05 0.000263986 0.000123834 0.00660239 -0.0021135
13.56 -5.0263e-06 -6.71564e-05 0.000300022 0.000136098 0.00750367 -0.00167961
13.58 -5.86668e-06 -4.58543e-05 0.000312686 0.000145231 0.0078204 -0.00114684
13.6 -6.40987e-06 -2.23825e-05 0.000297511 0.00014835 0.00744088 -0.000559795
13.62 -6.71921e-06 6.78324e-06 0.00025605 0.000146477 0.00640391 0.000169652
13.64 -6.92467e-06 4.62554e-05 0.000194081 0.000142165 0.00485404 0.00115687
13.66 -7.07946e-06 9.43198e-05 0.000122275 0.000135028 0.00305815 0.00235898
13.68 -7.11679e-06 0.000142021 5.22972e-05 0.000121011 0.00130797 0.003552
13.7 -6.95234e-06 0.000179051 -8.51351e-06 9.62454e-05 -0.000212926 0.00447814
13.72 -6.59388e-06 0.000199866 -5.54657e-05 6.13329e-05 -0.00138722 0.00499874
13.74 -6.16357e-06 0.000205914 -8.26239e-05 2.21543e-05 -0.00206646 0.00514999
13.76 -5.78191e-06 0.000202817 -8.64883e-05 -1.37439e-05 -0.00216311 0.00507253
13.78 -5.43768e-06 0.000194294 -7.27594e-05 -4.24457e-05 -0.00181974 0.00485937
13.8 -4.99439e-06 0.000179724 -5.49335e-05 -6.57026e-05 -0.00137391 0.00449498
13.82 -4.33161e-06 0.000159525 -4.67651e-05 -8.74868e-05 -0.00116962 0.00398978
13.84 -3.45089e-06 0.000140581 -5.87135e-05 -0.000108803 -0.00146845 0.00351599
13.86 -2.44046e-06 0.000132379 -9.73125e-05 -0.000126389 -0.00243383 0.00331084
13.88 -1.37526e-06 0.00013795 -0.00016118 -0.000136183 -0.00403119 0.00345019
13.9 -2.83489e-07 0.000151221 -0.000238392 -0.000137391 -0.00596228 0.0037821
13.92 8.14066e-07 0.00016275 -0.000311662 -0.000133273 -0.00779479 0.00407045
13.94 1.87779e-06 0.000165222 -0.000365941 -0.000128443 -0.00915234 0.00413226
13.96 2.87317e-06 0.00015386 -0.000391408 -0.000125062 -0.00978927 0.00384811
13.98 3.79022e-06 0.000125457 -0.000382827 -0.000120963 -0.00957467 0.00313774
14 4.62652e-06 7.90981e-05 -0.000339512 -0.000111431 -0.00849133 0.00197828
14.02 5.37419e-06 1.71849e-05 -0.000267327 -9.2843e-05 -0.00668597 0.000429801
14.04 6.00279e-06 -5.41596e-05 -0.000179756 -6.48699e-05 -0.00449577 -0.00135455
14.06 6.45784e-06 -0.000124136 -9.51196e-05 -3.01772e-05 -0.00237898 -0.0031047
14.08 6.70353e-06 -0.000178129 -3.20572e-05 7.28298e-06 -0.000801763 -0.00445509
14.1 6.77828e-06 -0.000205273 -4.88045e-06 4.36718e-05 -0.000122062 -0.00513395
14.12 6.77905e-06 -0.000207067 -1.59216e-05 7.58995e-05 -0.000398205 -0.00517883
14.14 6.73274e-06 -0.000194162 -4.99573e-05 0.000102194 -0.00124945 -0.00485607
14.16 6.52196e-06 -0.000175651 -8.04516e-05 0.00012214 -0.00201213 -0.00439311
14.18 6.00092e-06 -0.000157574 -8.31084e-05 0.000135569 -0.00207858 -0.00394099
14.2 5.16486e-06 -0.000147762 -4.525e-05 0.000141943 -0.00113172 -0.00369558
14.22 4.16895e-06 -0.000153256 3.02891e-05 0.000141663 0.000757544 -0.003833
14.24 3.19545e-06 -0.000174065 0.000125205 0.000137599 0.00313142 -0.00435344
14.26 2.30631e-06 -0.000201709 0.000212721 0.000134625 0.00532023 -0.00504482
14.28 1.3981e-06 -0.000220589 0.000269238 0.000137017 0.00673375 -0.00551703
14.3 3.12919e-07 -0.00021344 0.000283733 0.000144862 0.00709628 -0.00533822
14.32 -9.63713e-07 -0.000173695 0.000260298 0.000152113 0.00651015 -0.00434418
14.34 -2.24631e-06 -0.000112508 0.000211947 0.000149479 0.00530087 -0.00281386
14.36 -3.34352e-06 -4.7553e-05 0.000152108 0.000131049 0.00380429 -0.00118932
14.38 -4.25376e-06 1.33315e-05 9.2318e-05 9.87875e-05 0.00230891 0.000333426
14.4 -5.1096e-06 7.14449e-05 4.29342e-05 6.08581e-05 0.0010738 0.00178687
14.42 -5.9728e-06 0.00012512 1.00239e-05 2.57762e-05 0.000250702 0.0031293
14.44 -6.7622e-06 0.000168269 -7.58852e-06 -2.4706e-06 -0.000189792 0.00420847
14.46 -7.35486e-06 0.000198207 -1.52729e-05 -2.54193e-05 -0.000381981 0.00495725
14.48 -7.67691e-06 0.000216778 -1.87871e-05 -4.75223e-05 -0.000469873 0.00542172
14.5 -7.7216e-06 0.000226888 -2.43028e-05 -7.1622e-05 -0.000607823 0.00567455
14.52 -7.53517e-06 0.000232953 -3.75004e-05 -9.58116e-05 -0.000937901 0.00582625
14.54 -7.16808e-06 0.000239715 -6.0763e-05 -0.000114795 -0.00151971 0.00599537
14.56 -6.61722e-06 0.000247014 -9.33112e-05 -0.000124487 -0.00233375 0.00617791
14.58 -5.84052e-06 0.000250146 -0.000132322 -0.000125151 -0.00330943 0.00625627
14.6 -4.81662e-06 0.000245214 -0.000171928 -0.000120586 -0.0043 0.0061329
14.62 -3.56002e-06 0.0002293 -0.000204901 -0.00011478 -0.00512466 0.00573489
14.64 -2.12099e-06 0.000199417 -0.000227926 -0.000108583 -0.00570053 0.00498751
14.66 -6.12295e-07 0.000157922 -0.000242365 -9.90429e-05 -0.00606166 0.00394968
14.68 8.21927e-07 0.000113476 -0.000248753 -8.28045e-05 -0.00622141 0.00283808
14.7 2.11244e-06 6.97207e-05 -0.000242768 -6.06087e-05 -0.00607172 0.00174374
14.72 3.28598e-06 2.00562e-05 -0.000217212 -3.72767e-05 -0.00543256 0.000501613
14.74 4.34953e-06 -3.97468e-05 -0.000168209 -1.69361e-05 -0.00420698 -0.000994084
14.76 5.24542e-06 -0.000102725 -0.000100983 3.66112e-07 -0.00252562 -0.00256919
14.78 5.95086e-06 -0.000160267 -3.04111e-05 1.7531e-05 -0.000760595 -0.00400834
14.8 6.51001e-06 -0.000209857 2.59222e-05 3.79387e-05 0.000648325 -0.00524861
14.82 6.92978e-06 -0.000248454 5.75214e-05 6.38188e-05 0.00143864 -0.00621394
14.84 7.13143e-06 -0.000269641 6.47037e-05 9.42533e-05 0.00161827 -0.00674384
14.86 7.03271e-06 -0.000271857 5.54307e-05 0.000123807 0.00138634 -0.00679925
14.88 6.60679e-06 -0.000260344 4.13986e-05 0.000144836 0.0010354 -0.00651131
14.9 5.86736e-06 -0.000240372 3.43931e-05 0.00015234 0.000860185 -0.0060118
14.92 4.85551e-06 -0.000216457 4.17669e-05 0.000146901 0.00104461 -0.00541367
14.94 3.607e-06 -0.000193949 6.54918e-05 0.000134027 0.00163798 -0.00485075
14.96 2.10616e-06 -0.000172803 0.000104257 0.000120949 0.00260751 -0.00432189
14.98 3.43253e-07 -0.00014545 0.000151295 0.000111884 0.00378395 -0.00363777
15 -1.5556e-06 -0.000107161 0.000192552 0.000104736 0.00481582 -0.00268015
15.02 -3.33638e-06 -6.21933e-05 0.00021514 9.33964e-05 0.00538074 -0.00155548
15.04 -4.791e-06 -1.59078e-05 0.000215599 7.43981e-05 0.00539223 -0.000397862
15.06 -5.87571e-06 3.20767e-05 0.000193569 5.07981e-05 0.00484125 0.000802251
15.08 -6.67678e-06 8.41069e-05 0.000145231 2.92345e-05 0.00363228 0.00210355
15.1 -7.32186e-06 0.00014006 7.26987e-05 1.39409e-05 0.00181823 0.00350297
15.12 -7.89372e-06 0.000196969 -6.91175e-06 3.49643e-06 -0.000172866 0.00492628
15.14 -8.36213e-06 0.000247441 -7.06642e-05 -7.87529e-06 -0.00176734 0.0061886
15.16 -8.61777e-06 0.000281156 -0.000105226 -2.5853e-05 -0.00263175 0.00703182
15.18 -8.60155e-06 0.000294312 -0.000111311 -5.13807e-05 -0.00278395 0.00736086
15.2 -8.3481e-06 0.000294051 -9.95801e-05 -7.95504e-05 -0.00249054 0.00735434
15.22 -7.87636e-06 0.000288608 -8.48303e-05 -0.000102937 -0.00212164 0.00721822
15.24 -7.10291e-06 0.000277942 -7.94833e-05 -0.000116012 -0.00198791 0.00695145
15.26 -5.91717e-06 0.000257859 -8.9979e-05 -0.00011714 -0.00225041 0.00644915
15.28 -4.29559e-06 0.000227232 -0.00011807 -0.000107995 -0.00295297 0.00568317
15.3 -2.33286e-06 0.000187754 -0.000161053 -9.18642e-05 -0.004028 0.0046958
15.32 -2.00639e-07 0.000142364 -0.000209782 -7.18813e-05 -0.00524673 0.00356058
15.34 1.93294e-06 9.41475e-05 -0.000251401 -5.03779e-05 -0.00628765 0.00235467
15.36 3.95489e-06 4.28136e-05 -0.000275444 -2.9431e-05 -0.00688896 0.00107079
15.38 5.77326e-06 -1.34041e-05 -0.000275618 -1.0974e-05 -0.00689332 -0.000335242
15.4 7.27452e-06 -7.07453e-05 -0.000249168 3.85218e-06 -0.00623179 -0.00176937
15.42 8.39803e-06 -0.00012291 -0.000198961 1.48309e-05 -0.00497609 -0.00307402
15.44 9.21972e-06 -0.000171329 -0.000134315 2.27265e-05 -0.00335927 -0.00428501
15.46 9.86215e-06 -0.000222045 -6.77053e-05 3.03328e-05 -0.00169334 -0.00555345
15.48 1.03329e-05 -0.000272383 -1.24983e-05 4.25837e-05 -0.000312587 -0.00681242
15.5 1.05219e-05 -0.000310884 1.92578e-05 6.34432e-05 0.000481645 -0.00777533
15.52 1.03306e-05 -0.000330065 2.39188e-05 9.19618e-05 0.00059822 -0.00825506
15.54 9.74115e-06 -0.000331389 1.17157e-05 0.00012174 0.000293015 -0.00828817
15.56 8.78772e-06 -0.000319634 1.09062e-06 0.000144006 2.72768e-05 -0.00799417
15.58 7.49498e-06 -0.00029796 6.2852e-06 0.000151755 0.000157196 -0.00745209
15.6 5.86814e-06 -0.000267415 3.08904e-05 0.00014299 0.000772583 -0.00668817
15.62 3.90718e-06 -0.000227765 7.05693e-05 0.000121574 0.00176497 -0.0056965
15.64 1.6407e-06 -0.000176814 0.000117301 9.48358e-05 0.00293375 -0.0044222
15.66 -8.06075e-07 -0.000113813 0.000161146 6.90315e-05 0.00403034 -0.0028465
15.68 -3.20462e-06 -4.5796e-05 0.000192952 4.64528e-05 0.00482582 -0.00114538
15.7 -5.33466e-06 1.58878e-05 0.000208161 2.68942e-05 0.0052062 0.00039736
15.72 -7.11919e-06 6.68027e-05 0.000206643 1.08008e-05 0.00516823 0.00167076
15.74 -8.60584e-06 0.000111727 0.000189297 -3.58493e-07 0.00473441 0.00279433
15.76 -9.83076e-06 0.000154857 0.000158264 -6.32734e-06 0.00395824 0.00387303
15.78 -1.07474e-05 0.00019433 0.000119872 -9.14548e-06 0.00299806 0.00486028
15.8 -1.12756e-05 0.000227476 8.2024e-05 -1.1969e-05 0.00205145 0.00568926
15.82 -1.13577e-05 0.000253453 4.79051e-05 -1.77012e-05 0.00119813 0.00633896
15.84 -1.09796e-05 0.000269363 1.7298e-05 -2.78282e-05 0.000432631 0.00673689
15.86 -1.02e-05 0.000271734 -7.38306e-06 -4.07321e-05 -0.000184653 0.00679618
15.88 -9.13174e-06 0.000262022 -2.3456e-05 -5.15941e-05 -0.000586644 0.00655328
15.9 -7.84121e-06 0.000243251 -3.405e-05 -5.57814e-05 -0.000851605 0.0060838
15.92 -6.31068e-06 0.000213979 -4.4495e-05 -5.2326e-05 -0.00111284 0.00535169
15.94 -4.5172e-06 0.000172231 -5.61161e-05 -4.33741e-05 -0.00140349 0.00430758
15.96 -2.5087e-06 0.000120745 -6.96282e-05 -3.12497e-05 -0.00174143 0.00301987
15.98 -4.05447e-07 6.51946e-05 -8.87393e-05 -1.69334e-05 -0.00221941 0.00163054
16 1.63792e-06 1.20056e-05 -0.00011467 -6.03679e-07 -0.00286796 0.000300266
16.02 3.48512e-06 -3.1768e-05 -0.000143295 1.69525e-05 -0.00358387 -0.000794531
16.04 5.09165e-06 -6.20896e-05 -0.000170813 3.30459e-05 -0.00427211 -0.00155289
16.06 6.50921e-06 -8.32105e-05 -0.000195027 4.34739e-05 -0.00487771 -0.00208113
16.08 7.77432e-06 -0.000104469 -0.000210567 4.55991e-05 -0.00526637 -0.0026128
16.1 8.80103e-06 -0.000130021 -0.000211194 4.14405e-05 -0.00528204 -0.00325188
16.12 9.42276e-06 -0.000155747 -0.000195875 3.66402e-05 -0.00489893 -0.00389531
16.14 9.53942e-06 -0.000177016 -0.000166315 3.58572e-05 -0.00415961 -0.00442725
16.16 9.19844e-06 -0.00019419 -0.000123588 3.95263e-05 -0.00309099 -0.00485678
16.18 8.53306e-06 -0.000208742 -7.33315e-05 4.46503e-05 -0.00183405 -0.00522072
16.2 7.64389e-06 -0.000218491 -2.75276e-05 4.78286e-05 -0.000688478 -0.00546454
16.22 6.53184e-06 -0.000218066 4.51763e-06 4.78819e-05 0.000112988 -0.00545392
16.24 5.1342e-06 -0.000201488 2.19007e-05 4.6404e-05 0.000547745 -0.00503931
16.26 3.43019e-06 -0.000165914 2.82331e-05 4.54798e-05 0.000706123 -0.00414958
16.28 1.50355e-06 -0.000115574 2.97009e-05 4.44973e-05 0.000742833 -0.00289055
16.3 -4.9699e-07 -6.03014e-05 3.57902e-05 3.9918e-05 0.000895127 -0.00150816
16.32 -2.4455e-06 -8.72925e-06 5.30228e-05 2.87878e-05 0.00132612 -0.000218322
16.34 -4.2842e-06 3.60515e-05 7.86394e-05 1.22474e-05 0.00196681 0.000901663
16.36 -6.003e-06 7.47587e-05 0.000106156 -4.46665e-06 0.00265501 0.00186975
16.38 -7.58781e-06 0.000108686 0.000132652 -1.52785e-05 0.00331769 0.00271828
16.4 -8.97776e-06 0.000138678 0.000155133 -1.71803e-05 0.00387995 0.0034684
16.42 -1.00668e-05 0.000164838 0.000166483 -1.2122e-05 0.00416381 0.00412267
16.44 -1.07524e-05 0.000186153 0.000161342 -5.2558e-06 0.00403524 0.00465576
16.46 -1.09868e-05 0.000201504 0.000140886 -5.9265e-07 0.00352362 0.0050397
16.48 -1.07899e-05 0.000211178 0.000108769 1.99241e-06 0.00272035 0.00528165
16.5 -1.02249e-05 0.000216166 6.8581e-05 5.4856e-06 0.00171524 0.00540641
16.52 -9.36126e-06 0.00021598 2.67726e-05 1.18191e-05 0.000669594 0.00540175
16.54 -8.24981e-06 0.000208517 -8.52015e-06 1.94222e-05 -0.000213093 0.00521509
16.56 -6.91524e-06 0.000191763 -3.28828e-05 2.42815e-05 -0.000822413 0.00479608
16.58 -5.37104e-06 0.000164314 -4.58888e-05 2.32812e-05 -0.0011477 0.00410956
16.6 -3.6506e-06 0.000126248 -4.84577e-05 1.71308e-05 -0.00121195 0.0031575
16.62 -1.82009e-06 8.13483e-05 -4.52005e-05 1.03532e-05 -0.00113048 0.00203455
16.64 4.77032e-08 3.57314e-05 -4.60329e-05 7.94218e-06 -0.0011513 0.000893656
16.66 1.9018e-06 -7.01378e-06 -5.93579e-05 1.17293e-05 -0.00148457 -0.000175418
16.68 3.69958e-06 -4.64325e-05 -8.51491e-05 1.98932e-05 -0.00212961 -0.0011613
16.7 5.38175e-06 -8.16512e-05 -0.000117555 2.91575e-05 -0.0029401 -0.00204213
16.72 6.87791e-06 -0.000111214 -0.000150734 3.67353e-05 -0.00376991 -0.00278151
16.74 8.11901e-06 -0.000135135 -0.000179693 4.09175e-05 -0.0044942 -0.00337977
16.76 9.03373e-06 -0.000153898 -0.000199309 4.10791e-05 -0.00498479 -0.00384904
16.78 9.55686e-06 -0.000167414 -0.000205036 3.74682e-05 -0.00512802 -0.0041871
16.8 9.65573e-06 -0.000176353 -0.000193385 3.08572e-05 -0.00483664 -0.00441066
16.82 9.34576e-06 -0.000181848 -0.000163503 2.24041e-05 -0.00408928 -0.0045481
16.84 8.68669e-06 -0.000183777 -0.000121194 1.36067e-05 -0.00303111 -0.00459634
16.86 7.76069e-06 -0.000181293 -7.80998e-05 6.06706e-06 -0.00195331 -0.00453421
16.88 6.6301e-06 -0.000173552 -4.29209e-05 1.36855e-06 -0.00107347 -0.0043406
16.9 5.31391e-06 -0.000158613 -1.64198e-05 9.70338e-07 -0.000410665 -0.00396698
16.92 3.82062e-06 -0.000134322 3.30171e-06 5.33431e-06 8.25772e-05 -0.00335944
16.94 2.18986e-06 -0.000101279 1.62864e-05 1.27609e-05 0.00040733 -0.00253304
16.96 4.82354e-07 -6.28113e-05 2.36926e-05 1.97209e-05 0.000592563 -0.00157094
16.98 -1.25479e-06 -2.2146e-05 2.98898e-05 2.30184e-05 0.000747555 -0.000553881
17 -2.99423e-06 1.87435e-05 3.94549e-05 2.1882e-05 0.000986783 0.000468784
17.02 -4.70928e-06 5.85855e-05 5.47309e-05 1.81413e-05 0.00136884 0.00146525
17.04 -6.35126e-06 9.64678e-05 7.51081e-05 1.44803e-05 0.00187849 0.0024127
17.06 -7.83509e-06 0.000130914 9.62329e-05 1.23348e-05 0.00240682 0.00327421
17.08 -9.05715e-06 0.000159166 0.000112244 1.13344e-05 0.00280726 0.0039808
17.1 -9.94434e-06 0.000179137 0.00012046 1.07097e-05 0.00301275 0.00448028
17.12 -1.0478e-05 0.000191615 0.000121847 1.0826e-05 0.00304745 0.00479237
17.14 -1.06636e-05 0.000198748 0.000117119 1.28717e-05 0.00292919 0.00497077
17.16 -1.04969e-05 0.000201036 0.000105573 1.71413e-05 0.00264042 0.00502799
17.18 -9.97142e-06 0.000197079 8.81328e-05 2.20662e-05 0.00220424 0.00492902
17.2 -9.10643e-06 0.000185577 6.84808e-05 2.51702e-05 0.00171273 0.00464135
17.22 -7.95271e-06 0.000166658 4.98264e-05 2.49837e-05 0.00124618 0.00416819
17.24 -6.57643e-06 0.000141519 3.27218e-05 2.20801e-05 0.000818387 0.00353945
17.26 -5.04282e-06 0.00011163 1.71879e-05 1.84132e-05 0.000429875 0.00279192
17.28 -3.40195e-06 7.82608e-05 4.32215e-06 1.5653e-05 0.000108099 0.00195733
17.3 -1.67921e-06 4.17904e-05 -5.96533e-06 1.40367e-05 -0.000149195 0.0010452
17.32 1.08082e-07 1.61128e-06 -1.64159e-05 1.28926e-05 -0.000410568 4.02989e-05
17.34 1.90725e-06 -4.16329e-05 -2.99524e-05 1.23564e-05 -0.000749121 -0.00104126
17.36 3.61422e-06 -8.35919e-05 -4.74689e-05 1.41112e-05 -0.00118722 -0.00209067
17.38 5.12283e-06 -0.000118163 -6.85409e-05 1.97344e-05 -0.00171424 -0.0029553
17.4 6.38733e-06 -0.000142424 -9.22381e-05 2.82862e-05 -0.00230691 -0.00356208
17.42 7.41941e-06 -0.000158217 -0.000116595 3.61479e-05 -0.0029161 -0.00395708
17.44 8.22374e-06 -0.000168943 -0.000138244 3.9682e-05 -0.00345755 -0.00422534
17.46 8.74894e-06 -0.000175871 -0.000152767 3.81062e-05 -0.00382076 -0.00439861
17.48 8.91081e-06 -0.000177587 -0.000156076 3.37774e-05 -0.00390353 -0.00444153
17.5 8.66559e-06 -0.000172579 -0.000147013 2.97614e-05 -0.00367685 -0.00431628
17.52 8.05374e-06 -0.000161757 -0.000128518 2.72026e-05 -0.0032143 -0.00404562
17.54 7.16448e-06 -0.000147771 -0.000105244 2.50397e-05 -0.00263219 -0.00369581
17.56 6.06215e-06 -0.000132138 -8.06363e-05 2.20572e-05 -0.00201675 -0.00330483
17.58 4.75044e-06 -0.000113457 -5.69639e-05 1.88262e-05 -0.00142469 -0.0028376
17.6 3.20414e-06 -8.8208e-05 -3.63992e-05 1.73027e-05 -0.000910358 -0.00220612
17.62 1.43593e-06 -5.40415e-05 -2.02626e-05 1.84551e-05 -0.000506775 -0.0013516
17.64 -4.67766e-07 -1.28691e-05 -7.82219e-06 2.05942e-05 -0.000195636 -0.000321861
17.66 -2.38242e-06 3.03337e-05 2.87709e-06 2.04441e-05 7.19571e-05 0.000758659
17.68 -4.21433e-06 7.18129e-05 1.34064e-05 1.59284e-05 0.000335299 0.00179607
17.7 -5.92612e-06 0.00011068 2.4795e-05 7.85162e-06 0.000620133 0.00276814
17.72 -7.50104e-06 0.000146742 3.80274e-05 -9.66279e-07 0.000951082 0.00367009
17.74 -8.8993e-06 0.000178593 5.37847e-05 -8.0371e-06 0.00134518 0.0044667
17.76 -1.0051e-05 0.000204058 7.19413e-05 -1.29163e-05 0.00179928 0.00510358
17.78 -1.08786e-05 0.00022159 9.09704e-05 -1.69349e-05 0.00227521 0.00554205
17.8 -1.13205e-05 0.000230996 0.000107158 -2.13301e-05 0.00268006 0.00577731
17.82 -1.13437e-05 0.000232982 0.000115712 -2.55222e-05 0.00289401 0.00582698
17.84 -1.09443e-05 0.000228009 0.000114132 -2.71185e-05 0.0028545 0.00570261
17.86 -1.01381e-05 0.000215551 0.00010348 -2.36634e-05 0.00258808 0.00539102
17.88 -8.95447e-06 0.0001946 8.58466e-05 -1.45944e-05 0.00214706 0.00486703
17.9 -7.43359e-06 0.000164807 6.2602e-05 -1.72338e-06 0.0015657 0.00412188
17.92 -5.62726e-06 0.00012672 3.57821e-05 1.20727e-05 0.000894926 0.00316932
17.94 -3.60084e-06 8.16664e-05 8.93736e-06 2.47368e-05 0.000223527 0.00204251
17.96 -1.43411e-06 3.19254e-05 -1.47254e-05 3.58577e-05 -0.000368288 0.000798467
17.98 7.80004e-07 -1.96948e-05 -3.39296e-05 4.59471e-05 -0.000848592 -0.000492575
18 2.94273e-06 -7.06967e-05 -4.8639e-05 5.52755e-05 -0.00121648 -0.00176815
18.02 4.96072e-06 -0.000118741 -5.94157e-05 6.35174e-05 -0.00148601 -0.00296976
18.04 6.76229e-06 -0.000161024 -6.79797e-05 7.01827e-05 -0.0017002 -0.00402729
18.06 8.31227e-06 -0.000195334 -7.66951e-05 7.50337e-05 -0.00191818 -0.0048854
18.08 9.60469e-06 -0.000221691 -8.69874e-05 7.81866e-05 -0.00217559 -0.00554457
18.1 1.06259e-05 -0.000241251 -9.92567e-05 8.00399e-05 -0.00248245 -0.00603379
18.12 1.13246e-05 -0.000253741 -0.000113235 8.09193e-05 -0.00283205 -0.00634618
18.14 1.16293e-05 -0.000257745 -0.000126569 8.05116e-05 -0.00316553 -0.00644632
18.16 1.14988e-05 -0.000253117 -0.000134655 7.77475e-05 -0.00336777 -0.00633055
18.18 1.09422e-05 -0.000240974 -0.000134225 7.14662e-05 -0.00335701 -0.00602685
18.2 1.0002e-05 -0.000221948 -0.000125943 6.11833e-05 -0.00314989 -0.005551
18.22 8.7225e-06 -0.000196282 -0.000112267 4.73691e-05 -0.00280785 -0.00490909
18.24 7.13098e-06 -0.000164305 -9.46961e-05 3.14565e-05 -0.00236839 -0.00410933
18.26 5.24616e-06 -0.000125806 -7.42457e-05 1.55282e-05 -0.00185692 -0.00314647
18.28 3.11019e-06 -8.07166e-05 -5.2561e-05 1.33622e-06 -0.00131457 -0.00201876
18.3 8.16337e-07 -3.11279e-05 -3.11836e-05 -1.06995e-05 -0.000779914 -0.000778521
18.32 -1.50834e-06 1.88352e-05 -1.07963e-05 -2.1342e-05 -0.000270021 0.000471077
18.34 -3.75314e-06 6.5784e-05 8.4425e-06 -3.13249e-05 0.00021115 0.00164529
18.36 -5.85508e-06 0.000108665 2.68565e-05 -4.044e-05 0.000671692 0.00271776
18.38 -7.78391e-06 0.000147653 4.53483e-05 -4.77615e-05 0.00113418 0.00369286
18.4 -9.50629e-06 0.000182633 6.43659e-05 -5.2557e-05 0.00160982 0.00456773
18.42 -1.09679e-05 0.000212818 8.29797e-05 -5.49666e-05 0.00207536 0.00532267
18.44 -1.21054e-05 0.000237099 9.98032e-05 -5.58502e-05 0.00249612 0.00592995
18.46 -1.28692e-05 0.000254657 0.000114074 -5.58687e-05 0.00285305 0.00636908
18.48 -1.32335e-05 0.000265297 0.000124792 -5.45891e-05 0.0031211 0.00663519
18.5 -1.31909e-05 0.000269018 0.00012964 -5.04761e-05 0.00324236 0.00672824
18.52 -1.27432e-05 0.000265253 0.000126182 -4.18079e-05 0.00315588 0.00663408
18.54 -1.18928e-05 0.00025233 0.000114093 -2.77866e-05 0.0028535 0.00631087
18.56 -1.06565e-05 0.000228462 9.5466e-05 -9.01433e-06 0.00238765 0.00571393
18.58 -9.0785e-06 0.000193919 7.31736e-05 1.2824e-05 0.0018301 0.00484999
18.6 -7.22242e-06 0.000150894 4.95246e-05 3.5469e-05 0.00123863 0.00377392
18.62 -5.16092e-06 0.000102215 2.61055e-05 5.6494e-05 0.000652909 0.00255644
18.64 -2.97028e-06 5.12152e-05 3.97459e-06 7.37291e-05 9.9406e-05 0.00128091
18.66 -7.32167e-07 1.1872e-06 -1.63516e-05 8.5717e-05 -0.000408961 2.96923e-05
18.68 1.46838e-06 -4.55511e-05 -3.48355e-05 9.21125e-05 -0.000871252 -0.00113925
18.7 3.54468e-06 -8.75306e-05 -5.16628e-05 9.37479e-05 -0.00129211 -0.00218918
18.72 5.41771e-06 -0.000123618 -6.72093e-05 9.21044e-05 -0.00168093 -0.00309173
18.74 7.03053e-06 -0.000153405 -8.21424e-05 8.84616e-05 -0.00205442 -0.00383671
18.76 8.34985e-06 -0.000177542 -9.69024e-05 8.34368e-05 -0.00242357 -0.00444041
18.78 9.34901e-06 -0.000196827 -0.000110824 7.72033e-05 -0.00277175 -0.00492273
18.8 9.99441e-06 -0.000211043 -0.000122212 6.98777e-05 -0.00305658 -0.00527826
18.82 1.02537e-05 -0.00021906 -0.000129414 6.14971e-05 -0.00323669 -0.00547877
18.84 1.01151e-05 -0.000219777 -0.000131554 5.17147e-05 -0.00329021 -0.00549672
18.86 9.59436e-06 -0.000212461 -0.000128537 3.98035e-05 -0.00321477 -0.00531373
18.88 8.72519e-06 -0.000196378 -0.000120932 2.52049e-05 -0.00302455 -0.00491149
18.9 7.55427e-06 -0.000171243 -0.000109829 8.18073e-06 -0.00274687 -0.00428286
18.92 6.13483e-06 -0.00013824 -9.63652e-05 -9.93847e-06 -0.00241013 -0.00345744
18.94 4.51603e-06 -9.96639e-05 -8.11335e-05 -2.70255e-05 -0.00202918 -0.00249263
18.96 2.73982e-06 -5.78151e-05 -6.40654e-05 -4.08898e-05 -0.0016023 -0.00144598
18.98 8.53223e-07 -1.47352e-05 -4.48718e-05 -5.01711e-05 -0.00112226 -0.000368534
19 -1.07331e-06 2.74014e-05 -2.36185e-05 -5.4784e-05 -0.000590708 0.00068532
19.02 -2.94715e-06 6.61801e-05 -1.1677e-06 -5.55181e-05 -2.92046e-05 0.00165519
19.04 -4.67866e-06 9.96702e-05 2.06191e-05 -5.3131e-05 0.000515692 0.00249279
19.06 -6.21094e-06 0.000127323 3.94756e-05 -4.77896e-05 0.000987302 0.00318439
19.08 -7.52663e-06 0.000150036 5.4074e-05 -3.93461e-05 0.00135241 0.00375246
19.1 -8.62507e-06 0.000169239 6.47314e-05 -2.81087e-05 0.00161896 0.00423275
19.12 -9.49e-06 0.000185537 7.27906e-05 -1.53508e-05 0.00182052 0.00464035
19.14 -1.00787e-05 0.0001978 7.9592e-05 -3.0185e-06 0.00199063 0.00494706
19.16 -1.0346e-05 0.000203797 8.57971e-05 7.31345e-06 0.00214582 0.00509705
19.18 -1.02801e-05 0.000202293 9.10275e-05 1.54863e-05 0.00227664 0.00505944
19.2 -9.90871e-06 0.000194282 9.39689e-05 2.27996e-05 0.0023502 0.00485908
19.22 -9.2634e-06 0.000181302 9.30387e-05 3.08451e-05 0.00232694 0.00453444
19.24 -8.34963e-06 0.000163168 8.70165e-05 4.01966e-05 0.00217632 0.0040809
19.26 -7.1606e-06 0.000138582 7.53282e-05 5.01122e-05 0.00188399 0.003466
19.28 -5.7164e-06 0.000107288 5.84072e-05 5.91999e-05 0.00146079 0.00268331
19.3 -4.08296e-06 7.07301e-05 3.80368e-05 6.6235e-05 0.000951317 0.00176899
19.32 -2.35601e-06 3.13254e-05 1.69736e-05 7.05643e-05 0.000424518 0.000783462
19.34 -6.31503e-07 -8.29115e-06 -2.05856e-06 7.19764e-05 -5.14854e-05 -0.000207365
19.36 1.01815e-06 -4.60431e-05 -1.71152e-05 7.02907e-05 -0.000428059 -0.00115156
19.38 2.54769e-06 -8.10414e-05 -2.73429e-05 6.52326e-05 -0.000683858 -0.00202688
19.4 3.92204e-06 -0.000112774 -3.34092e-05 5.69133e-05 -0.000835579 -0.00282052
19.42 5.10095e-06 -0.000139645 -3.77736e-05 4.63679e-05 -0.000944733 -0.00349258
19.44 6.04697e-06 -0.000159437 -4.38642e-05 3.53673e-05 -0.00109706 -0.00398759
19.46 6.74232e-06 -0.000171339 -5.41229e-05 2.56117e-05 -0.00135364 -0.00428526
19.48 7.18394e-06 -0.000176302 -6.82675e-05 1.80768e-05 -0.0017074 -0.00440938
19.5 7.36294e-06 -0.000175158 -8.35008e-05 1.28138e-05 -0.00208839 -0.00438077
19.52 7.26197e-06 -0.000167664 -9.65203e-05 8.98071e-06 -0.00241401 -0.00419334
19.54 6.87422e-06 -0.000153746 -0.000104948 5.18092e-06 -0.00262479 -0.00384525
19.56 6.21439e-06 -0.000134318 -0.00010725 3.03628e-07 -0.00268238 -0.00335935
19.58 5.30896e-06 -0.000110215 -0.000102925 -5.65693e-06 -0.00257419 -0.00275653
19.6 4.18762e-06 -8.14726e-05 -9.32679e-05 -1.16388e-05 -0.00233267 -0.00203766
19.62 2.88777e-06 -4.83314e-05 -8.07657e-05 -1.63466e-05 -0.00201998 -0.00120879
19.64 1.46128e-06 -1.21074e-05 -6.73462e-05 -1.90016e-05 -0.00168436 -0.00030281
19.66 -2.29268e-08 2.49469e-05 -5.38738e-05 -1.94974e-05 -0.00134741 0.000623932
19.68 -1.48487e-06 5.9808e-05 -4.08382e-05 -1.81009e-05 -0.00102138 0.00149582
19.7 -2.85443e-06 8.9539e-05 -2.85082e-05 -1.4962e-05 -0.000713003 0.00223941
19.72 -4.09252e-06 0.000113128 -1.66685e-05 -9.86444e-06 -0.000416886 0.00282939
19.74 -5.18295e-06 0.000131607 -4.81739e-06 -2.67269e-06 -0.000120485 0.00329154
19.76 -6.10236e-06 0.000145592 7.49694e-06 5.88883e-06 0.000187502 0.00364131
19.78 -6.81317e-06 0.000154086 2.05502e-05 1.41913e-05 0.000513968 0.00385377
19.8 -7.2891e-06 0.000156454 3.42288e-05 2.06399e-05 0.000856077 0.00391298
19.82 -7.53072e-06 0.000153862 4.78379e-05 2.45872e-05 0.00119645 0.00384815
19.84 -7.5483e-06 0.000147743 6.03316e-05 2.6401e-05 0.00150892 0.00369511
19.86 -7.34098e-06 0.000138116 7.07791e-05 2.69451e-05 0.00177022 0.00345435
19.88 -6.89899e-06 0.000124036 7.85826e-05 2.70623e-05 0.00196538 0.00310219
19.9 -6.21851e-06 0.000104633 8.33954e-05 2.73132e-05 0.00208575 0.0026169
19.92 -5.31272e-06 7.95746e-05 8.49372e-05 2.80249e-05 0.00212431 0.00199019
19.94 -4.21543e-06 4.95936e-05 8.27376e-05 2.95225e-05 0.0020693 0.00124036
19.96 -2.97583e-06 1.67216e-05 7.61118e-05 3.21469e-05 0.00190359 0.000418215
19.98 -1.64719e-06 -1.65638e-05 6.48373e-05 3.58978e-05 0.00162161 -0.000414266
20 -2.79487e-07 -4.83431e-05 4.98751e-05 4.01169e-05 0.0012474 -0.00120908
20.02 1.07997e-06 -7.73079e-05 3.28972e-05 4.36571e-05 0.000822772 -0.0019335
20.04 2.38481e-06 -0.00010251 1.52045e-05 4.54603e-05 0.000380271 -0.00256383
20.06 3.5907e-06 -0.000123508 -2.37956e-06 4.51509e-05 -5.95137e-05 -0.00308898
20.08 4.65674e-06 -0.000140316 -1.90097e-05 4.33109e-05 -0.000475441 -0.00350935
20.1 5.54638e-06 -0.000152967 -3.39864e-05 4.12051e-05 -0.000850015 -0.00382577
20.12 6.22958e-06 -0.000161362 -4.71601e-05 4.00233e-05 -0.00117949 -0.00403572
20.14 6.68344e-06 -0.000165344 -5.88157e-05 4.01542e-05 -0.00147101 -0.00413531
20.16 6.89036e-06 -0.000164479 -6.95478e-05 4.10404e-05 -0.00173942 -0.00411368
20.18 6.83673e-06 -0.000157911 -8.01111e-05 4.16396e-05 -0.00200361 -0.00394942
20.2 6.51383e-06 -0.00014475 -9.05667e-05 4.10548e-05 -0.00226511 -0.00362025
20.22 5.92125e-06 -0.000124529 -9.97848e-05 3.88724e-05 -0.00249566 -0.00311452
20.24 5.07189e-06 -9.73994e-05 -0.000106489 3.50299e-05 -0.00266334 -0.002436
20.26 3.99647e-06 -6.43924e-05 -0.000110061 2.94619e-05 -0.00275267 -0.00161048
20.28 2.74318e-06 -2.77472e-05 -0.000109607 2.20205e-05 -0.00274132 -0.000693969
20.3 1.3707e-06 9.43736e-06 -0.00010351 1.28513e-05 -0.00258882 0.000236032
20.32 -6.16454e-08 4.43466e-05 -9.10861e-05 2.77788e-06 -0.0022781 0.00110913
20.34 -1.50241e-06 7.55184e-05 -7.3967e-05 -6.86125e-06 -0.00184994 0.00188875
20.36 -2.90849e-06 0.000102939 -5.49692e-05 -1.48893e-05 -0.0013748 0.00257454
20.38 -4.23561e-06 0.000126922 -3.60916e-05 -2.08953e-05 -0.000902666 0.00317438
20.4 -5.43179e-06 0.000146848 -1.80861e-05 -2.52396e-05 -0.000452341 0.00367274
20.42 -6.44959e-06 0.000161516 -1.29315e-06 -2.8488e-05 -3.23423e-05 0.00403958
20.44 -7.26431e-06 0.000170662 1.39345e-05 -3.08431e-05 0.000348509 0.00426832
20.46 -7.87086e-06 0.000174987 2.76032e-05 -3.20849e-05 0.000690367 0.00437649
20.48 -8.26336e-06 0.000174591 4.05008e-05 -3.18898e-05 0.00101294 0.00436659
20.5 -8.42689e-06 0.000168645 5.39321e-05 -3.00863e-05 0.00134886 0.00421788
20.52 -8.34643e-06 0.000156595 6.86402e-05 -2.67299e-05 0.00171672 0.00391652
20.54 -8.01561e-06 0.000138668 8.38521e-05 -2.20599e-05 0.00209718 0.00346816
20.56 -7.43946e-06 0.000115528 9.74552e-05 -1.6263e-05 0.00243739 0.00288939
20.58 -6.63715e-06 8.83868e-05 0.000106966 -9.16581e-06 0.00267527 0.00221059
20.6 -5.64136e-06 5.91473e-05 0.000110453 -2.7886e-07 0.00276248 0.0014793
20.62 -4.4905e-06 2.97122e-05 0.00010709 1.07058e-05 0.00267838 0.000743115
20.64 -3.22157e-06 1.27722e-06 9.71287e-05 2.343e-05 0.00242923 3.19439e-05
20.66 -1.87001e-06 -2.57154e-05 8.1544e-05 3.68403e-05 0.00203945 -0.000643154
20.68 -4.74077e-07 -5.13902e-05 6.20653e-05 4.96272e-05 0.00155228 -0.00128529
20.7 9.20663e-07 -7.60918e-05 4.11119e-05 6.08475e-05 0.00102822 -0.00190309
20.72 2.26007e-06 -9.96852e-05 2.08894e-05 7.02952e-05 0.000522453 -0.00249317
20.74 3.48747e-06 -0.000121127 2.61481e-06 7.82575e-05 6.53974e-05 -0.00302943
20.76 4.55693e-06 -0.000139106 -1.32931e-05 8.48155e-05 -0.000332465 -0.0034791
20.78 5.44163e-06 -0.000153087 -2.69642e-05 8.94134e-05 -0.000674385 -0.00382876
20.8 6.12402e-06 -0.000162988 -3.91292e-05 9.12072e-05 -0.000978639 -0.0040764
20.82 6.57986e-06 -0.000167768 -5.07637e-05 8.97771e-05 -0.00126962 -0.00419595
20.84 6.78337e-06 -0.000165565 -6.2551e-05 8.53545e-05 -0.00156443 -0.00414084
20.86 6.72709e-06 -0.000155647 -7.46902e-05 7.84332e-05 -0.00186803 -0.00389279
20.88 6.42484e-06 -0.000139059 -8.67454e-05 6.93727e-05 -0.00216954 -0.00347792
20.9 5.89532e-06 -0.000117249 -9.75772e-05 5.8341e-05 -0.00244045 -0.00293245
20.92 5.15315e-06 -9.11794e-05 -0.000105754 4.5447e-05 -0.00264496 -0.00228043
20.94 4.21773e-06 -6.17671e-05 -0.000110156 3.09244e-05 -0.00275506 -0.00154482
20.96 3.12295e-06 -3.03328e-05 -0.000110269 1.53026e-05 -0.00275788 -0.000758636
20.98 1.91452e-06 1.5861e-06 -0.000106062 -5.99314e-07 -0.00265266 3.9669e-05
21 6.40506e-07 3.25918e-05 -9.76117e-05 -1.58966e-05 -0.00244131 0.000815135
21.02 -6.5387e-07 6.15966e-05 -8.50605e-05 -2.98564e-05 -0.0021274 0.00154056
21.04 -1.92309e-06 8.78066e-05 -6.91632e-05 -4.19168e-05 -0.0017298 0.00219608
21.06 -3.11593e-06 0.000110534 -5.15411e-05 -5.1577e-05 -0.00128907 0.00276451
21.08 -4.17665e-06 0.000128995 -3.41295e-05 -5.83059e-05 -0.000853594 0.00322623
21.1 -5.05543e-06 0.000142422 -1.85561e-05 -6.15304e-05 -0.000464095 0.00356203
21.12 -5.7215e-06 0.00015052 -5.78683e-06 -6.07561e-05 -0.000144731 0.00376458
21.14 -6.16595e-06 0.000153617 4.23569e-06 -5.58631e-05 0.000105936 0.00384203
21.16 -6.38984e-06 0.000152026 1.2538e-05 -4.73956e-05 0.00031358 0.00380222
21.18 -6.39075e-06 0.000145415 2.03387e-05 -3.64915e-05 0.000508679 0.00363689
21.2 -6.16401e-06 0.000133142 2.84338e-05 -2.4357e-05 0.000711142 0.00332994
21.22 -5.71404e-06 0.000115044 3.72097e-05 -1.16655e-05 0.000930631 0.00287729
21.24 -5.05969e-06 9.16355e-05 4.651e-05 1.62562e-06 0.00116323 0.00229184
21.26 -4.23065e-06 6.38177e-05 5.52948e-05 1.59231e-05 0.00138295 0.00159611
21.28 -3.26219e-06 3.27492e-05 6.20284e-05 3.14139e-05 0.00155136 0.000819071
21.3 -2.19158e-06 -1.14716e-07 6.56171e-05 4.76674e-05 0.00164111 -2.86909e-06
21.32 -1.05486e-06 -3.31482e-05 6.56456e-05 6.36481e-05 0.00164182 -0.000829051
21.34 1.13933e-07 -6.48509e-05 6.18353e-05 7.80758e-05 0.00154653 -0.00162195
21.36 1.27738e-06 -9.40659e-05 5.39998e-05 8.98927e-05 0.00135056 -0.00235263
21.38 2.38685e-06 -0.000119847 4.2783e-05 9.85666e-05 0.00107002 -0.00299742
21.4 3.38417e-06 -0.000141199 2.99205e-05 0.000104039 0.000748325 -0.00353145
21.42 4.21727e-06 -0.000157345 1.75367e-05 0.000106353 0.000438601 -0.00393526
21.44 4.85652e-06 -0.000168298 7.35865e-06 0.000105334 0.000184043 -0.00420921
21.46 5.2952e-06 -0.000174699 2.16928e-07 0.000100686 5.42546e-06 -0.00436928
21.48 5.53581e-06 -0.000176958 -4.30017e-06 9.24367e-05 -0.000107549 -0.0044258
21.5 5.57646e-06 -0.000174889 -7.53285e-06 8.12623e-05 -0.0001884 -0.00437405
21.52 5.4055e-06 -0.000167834 -1.08735e-05 6.83954e-05 -0.00027195 -0.00419759
21.54 5.00721e-06 -0.000154574 -1.54458e-05 5.51008e-05 -0.000386306 -0.00386596
21.56 4.37802e-06 -0.0001337 -2.22296e-05 4.19613e-05 -0.000555971 -0.00334388
21.58 3.5427e-06 -0.000104967 -3.15616e-05 2.8551e-05 -0.000789369 -0.00262528
21.6 2.55143e-06 -7.00878e-05 -4.24739e-05 1.399e-05 -0.00106229 -0.00175292
21.62 1.45715e-06 -3.18533e-05 -5.3002e-05 -1.96902e-06 -0.0013256 -0.000796665
21.64 2.95784e-07 7.1149e-06 -6.10866e-05 -1.83239e-05 -0.0015278 0.000177947
21.66 -9.1307e-07 4.49575e-05 -6.52114e-05 -3.32362e-05 -0.00163096 0.00112441
21.68 -2.14685e-06 8.06315e-05 -6.47613e-05 -4.50933e-05 -0.00161971 0.00201663
21.7 -3.35875e-06 0.000113273 -6.0061e-05 -5.33828e-05 -0.00150215 0.002833
21.72 -4.47636e-06 0.000141425 -5.20669e-05 -5.86973e-05 -0.00130222 0.00353709
21.74 -5.42806e-06 0.00016357 -4.23261e-05 -6.18619e-05 -0.00105859 0.00409095
21.76 -6.17464e-06 0.000179444 -3.31089e-05 -6.29894e-05 -0.000828068 0.00448797
21.78 -6.71607e-06 0.000190147 -2.64814e-05 -6.13495e-05 -0.00066231 0.00475566
21.8 -7.06896e-06 0.000196884 -2.26484e-05 -5.6123e-05 -0.000566446 0.00492414
21.82 -7.2368e-06 0.000199732 -1.99835e-05 -4.73212e-05 -0.000499797 0.00499539
21.84 -7.19984e-06 0.000197534 -1.70425e-05 -3.60763e-05 -0.000426239 0.00494042
21.86 -6.93316e-06 0.000188947 -1.36674e-05 -2.40431e-05 -0.000341829 0.00472565
21.88 -6.43221e-06 0.000173571 -1.01366e-05 -1.23581e-05 -0.000253521 0.00434108
21.9 -5.7193e-06 0.000151944 -6.56463e-06 -9.99191e-07 -0.000164184 0.00380019
21.92 -4.83299e-06 0.000124948 -3.25906e-06 1.09014e-05 -8.15103e-05 0.00312501
21.94 -3.81695e-06 9.38245e-05 -5.76826e-07 2.40253e-05 -1.44267e-05 0.00234659
21.96 -2.7099e-06 6.02444e-05 1.46566e-06 3.79379e-05 3.66568e-05 0.00150674
21.98 -1.53729e-06 2.56866e-05 2.80071e-06 5.10454e-05 7.00469e-05 0.000642432
22 -3.14921e-07 -9.09748e-06 3.13273e-06 6.15414e-05 7.83509e-05 -0.000227532
22.02 9.32873e-07 -4.38138e-05 2.50466e-06 6.86174e-05 6.26427e-05 -0.0010958
22.04 2.15691e-06 -7.77643e-05 1.19052e-06 7.29529e-05 2.97753e-05 -0.00194492
22.06 3.28619e-06 -0.000109201 -9.71067e-07 7.60429e-05 -2.42868e-05 -0.00273116
22.08 4.25247e-06 -0.000135894 -4.19952e-06 7.88558e-05 -0.000105032 -0.00339877
22.1 5.01784e-06 -0.000156592 -7.98663e-06 8.09504e-05 -0.000199749 -0.00391643
22.12 5.57872e-06 -0.000171504 -1.15227e-05 8.08351e-05 -0.000288189 -0.00428939
22.14 5.94239e-06 -0.000181229 -1.4513e-05 7.72294e-05 -0.000362975 -0.00453261
22.16 6.10136e-06 -0.000185801 -1.68759e-05 7.01229e-05 -0.000422073 -0.00464696
22.18 6.02903e-06 -0.000184755 -1.8073e-05 6.0838e-05 -0.000452013 -0.00462081
22.2 5.69723e-06 -0.000177419 -1.74295e-05 5.11404e-05 -0.00043592 -0.00443733
22.22 5.10144e-06 -0.000163283 -1.50347e-05 4.20661e-05 -0.000376025 -0.00408378
22.24 4.2727e-06 -0.000142537 -1.20206e-05 3.33727e-05 -0.000300641 -0.0035649
22.26 3.26482e-06 -0.000116074 -9.93802e-06 2.41104e-05 -0.000248554 -0.00290305
22.28 2.12651e-06 -8.48076e-05 -9.83025e-06 1.37962e-05 -0.000245859 -0.00212107
22.3 8.84459e-07 -4.91986e-05 -1.16495e-05 3.04381e-06 -0.000291358 -0.00123048
22.32 -4.4604e-07 -9.72805e-06 -1.43127e-05 -6.93442e-06 -0.000357967 -0.000243303
22.34 -1.83487e-06 3.2151e-05 -1.62951e-05 -1.53679e-05 -0.000407546 0.000804109
22.36 -3.22213e-06 7.36647e-05 -1.62643e-05 -2.24293e-05 -0.000406776 0.00184239
22.38 -4.52998e-06 0.000111392 -1.34351e-05 -2.87372e-05 -0.000336018 0.00278597
22.4 -5.69211e-06 0.000142668 -7.93112e-06 -3.43938e-05 -0.000198361 0.00356818
22.42 -6.6753e-06 0.000166903 -1.14793e-06 -3.85362e-05 -2.87102e-05 0.00417432
22.44 -7.47325e-06 0.000185531 4.70491e-06 -3.99206e-05 0.000117672 0.0046402
22.46 -8.07863e-06 0.000200088 7.92693e-06 -3.80461e-05 0.000198256 0.0050043
22.48 -8.46557e-06 0.000210377 8.15488e-06 -3.37057e-05 0.000203957 0.00526162
22.5 -8.60478e-06 0.000215009 6.11203e-06 -2.84009e-05 0.000152864 0.00537747
22.52 -8.48986e-06 0.000213389 3.13675e-06 -2.32471e-05 7.84515e-05 0.00533695
22.54 -8.13635e-06 0.000206025 7.63148e-07 -1.84278e-05 1.90866e-05 0.00515278
22.56 -7.55769e-06 0.000192941 -1.78289e-08 -1.34692e-05 -4.45907e-07 0.00482553
22.58 -6.75533e-06 0.000173034 7.17946e-07 -7.76533e-06 1.79561e-05 0.00432766
22.6 -5.73735e-06 0.000145543 2.0952e-06 -8.74162e-07 5.24019e-05 0.00364009
22.62 -4.5382e-06 0.000111517 2.95583e-06 7.376e-06 7.39265e-05 0.00278908
22.64 -3.21482e-06 7.35673e-05 2.25273e-06 1.67928e-05 5.63417e-05 0.00183995
22.66 -1.82798e-06 3.47046e-05 -4.77137e-07 2.67464e-05 -1.19334e-05 0.000867977
22.68 -4.26678e-07 -2.53834e-06 -5.09947e-06 3.62091e-05 -0.00012754 -6.3485e-05
22.7 9.54934e-07 -3.67535e-05 -1.16179e-05 4.40172e-05 -0.00029057 -0.000919219
22.72 2.28513e-06 -6.77297e-05 -2.02684e-05 4.94386e-05 -0.000506922 -0.00169395
22.74 3.51722e-06 -9.53943e-05 -3.04231e-05 5.27464e-05 -0.000760893 -0.00238585
22.76 4.59226e-06 -0.000119082 -4.02865e-05 5.51137e-05 -0.00100758 -0.00297829
22.78 5.46398e-06 -0.000138459 -4.8205e-05 5.76638e-05 -0.00120563 -0.00346292
22.8 6.11174e-06 -0.000154223 -5.34606e-05 6.05472e-05 -0.00133707 -0.00385719
22.82 6.52517e-06 -0.000166818 -5.57441e-05 6.29236e-05 -0.00139418 -0.00417219
22.84 6.68747e-06 -0.000175071 -5.50862e-05 6.36754e-05 -0.00137773 -0.00437859
22.86 6.58063e-06 -0.000176863 -5.24298e-05 6.20817e-05 -0.00131129 -0.00442341
22.88 6.19781e-06 -0.000170555 -4.92664e-05 5.80517e-05 -0.00123217 -0.00426565
22.9 5.54673e-06 -0.000155434 -4.65138e-05 5.19688e-05 -0.00116333 -0.00388747
22.92 4.65031e-06 -0.000131832 -4.40079e-05 4.4305e-05 -0.00110066 -0.00329717
22.94 3.54705e-06 -0.000101416 -4.07814e-05 3.53283e-05 -0.00101996 -0.00253645
22.96 2.28779e-06 -6.68194e-05 -3.56857e-05 2.52257e-05 -0.000892515 -0.00167118
22.98 9.29065e-07 -3.07692e-05 -2.81656e-05 1.4492e-05 -0.000704435 -0.000769551
23 -4.73713e-07 4.51344e-06 -1.87037e-05 4.0928e-06 -0.000467788 0.000112883
23.02 -1.87192e-06 3.75796e-05 -8.40659e-06 -4.83799e-06 -0.000210252 0.000939882
23.04 -3.22697e-06 6.78605e-05 1.88959e-06 -1.15475e-05 4.72595e-05 0.00169722
23.06 -4.50528e-06 9.54453e-05 1.19292e-05 -1.6064e-05 0.000298355 0.00238713
23.08 -5.66707e-06 0.000120352 2.14766e-05 -1.91721e-05 0.000537139 0.00301004
23.1 -6.6624e-06 0.000141794 2.99714e-05 -2.18881e-05 0.000749597 0.00354633
23.12 -7.44418e-06 0.00015837 3.70283e-05 -2.46692e-05 0.000926092 0.0039609
23.14 -7.98663e-06 0.00016916 4.27483e-05 -2.69486e-05 0.00106915 0.00423076
23.16 -8.28716e-06 0.000174318 4.72303e-05 -2.75098e-05 0.00118125 0.00435976
23.18 -8.34923e-06 0.000174264 5.03544e-05 -2.5463e-05 0.00125938 0.00435841
23.2 -8.16671e-06 0.000168682 5.2328e-05 -2.09377e-05 0.00130874 0.0042188
23.22 -7.72768e-06 0.000156762 5.37371e-05 -1.49002e-05 0.00134399 0.00392069
23.24 -7.0322e-06 0.000138302 5.4577e-05 -8.35925e-06 0.00136499 0.003459
23.26 -6.10508e-06 0.000114293 5.37504e-05 -1.67672e-06 0.00134432 0.00285852
23.28 -4.99416e-06 8.66555e-05 4.98831e-05 5.52231e-06 0.0012476 0.00216729
23.3 -3.75497e-06 5.75434e-05 4.22902e-05 1.38219e-05 0.0010577 0.00143919
23.32 -2.43312e-06 2.83687e-05 3.12586e-05 2.3282e-05 0.000781791 0.000709512
23.34 -1.06082e-06 -6.7611e-07 1.80596e-05 3.31371e-05 0.000451677 -1.69098e-05
23.36 3.30899e-07 -2.98323e-05 4.53102e-06 4.22275e-05 0.000113323 -0.000746118
23.38 1.70093e-06 -5.87126e-05 -8.10364e-06 4.97466e-05 -0.000202675 -0.00146843
23.4 2.99917e-06 -8.61748e-05 -1.99436e-05 5.56513e-05 -0.000498797 -0.00215527
23.42 4.17411e-06 -0.000110742 -3.17293e-05 6.0481e-05 -0.000793562 -0.00276971
23.44 5.17974e-06 -0.000130898 -4.40349e-05 6.47829e-05 -0.00110133 -0.0032738
23.46 5.98033e-06 -0.000145471 -5.71149e-05 6.85382e-05 -0.00142847 -0.0036383
23.48 6.55007e-06 -0.00015402 -7.04727e-05 7.10121e-05 -0.00176255 -0.0038521
23.5 6.86919e-06 -0.000156574 -8.2399e-05 7.11725e-05 -0.00206083 -0.00391597
23.52 6.92534e-06 -0.00015319 -9.08775e-05 6.83138e-05 -0.00227288 -0.00383135
23.54 6.72008e-06 -0.000144133 -9.50736e-05 6.24119e-05 -0.00237783 -0.00360482
23.56 6.26926e-06 -0.000130129 -9.54105e-05 5.41043e-05 -0.00238626 -0.00325457
23.58 5.59361e-06 -0.000111845 -9.27165e-05 4.44288e-05 -0.00231888 -0.00279728
23.6 4.71388e-06 -8.93804e-05 -8.80029e-05 3.43882e-05 -0.00220099 -0.00223544
23.62 3.6578e-06 -6.29393e-05 -8.23788e-05 2.45106e-05 -0.00206033 -0.00157414
23.64 2.46391e-06 -3.35744e-05 -7.63528e-05 1.47753e-05 -0.00190961 -0.000839709
23.66 1.17556e-06 -2.70141e-06 -6.95595e-05 4.98156e-06 -0.00173971 -6.75633e-05
23.68 -1.64841e-07 2.84599e-05 -6.14183e-05 -4.85249e-06 -0.0015361 0.000711794
23.7 -1.51521e-06 5.8619e-05 -5.15206e-05 -1.43653e-05 -0.00128855 0.00146609
23.72 -2.83298e-06 8.63935e-05 -3.94551e-05 -2.29316e-05 -0.000986788 0.00216074
23.74 -4.07377e-06 0.000110727 -2.50339e-05 -2.98711e-05 -0.000626108 0.00276934
23.76 -5.18778e-06 0.000130663 -8.70242e-06 -3.47354e-05 -0.000217651 0.00326794
23.78 -6.12323e-06 0.000145067 8.63154e-06 -3.7412e-05 0.000215878 0.00362818
23.8 -6.83938e-06 0.000153433 2.57459e-05 -3.79235e-05 0.000643916 0.00383742
23.82 -7.31362e-06 0.000156416 4.08306e-05 -3.6237e-05 0.00102119 0.00391204
23.84 -7.53711e-06 0.000154871 5.19093e-05 -3.23174e-05 0.00129827 0.00387338
23.86 -7.5122e-06 0.000149041 5.81767e-05 -2.62352e-05 0.00145502 0.00372758
23.88 -7.25485e-06 0.000139061 6.05083e-05 -1.82078e-05 0.00151334 0.00347797
23.9 -6.78978e-06 0.000125269 6.05846e-05 -8.69316e-06 0.00151524 0.00313303
23.92 -6.13853e-06 0.000107609 6.01794e-05 1.56216e-06 0.00150511 0.00269134
23.94 -5.31565e-06 8.55779e-05 6.07839e-05 1.17897e-05 0.00152023 0.00214034
23.96 -4.33534e-06 5.92028e-05 6.23983e-05 2.1635e-05 0.00156061 0.00148069
23.98 -3.21999e-06 2.95566e-05 6.27417e-05 3.12988e-05 0.0015692 0.000739223
24 -2.00689e-06 -1.55346e-06 5.88285e-05 4.12611e-05 0.00147133 -3.88527e-05
24.02 -7.4936e-07 -3.17893e-05 4.92019e-05 5.18089e-05 0.00123056 -0.000795064
24.04 4.94797e-07 -5.86653e-05 3.42832e-05 6.25356e-05 0.000857438 -0.00146724
24.06 1.6816e-06 -8.07728e-05 1.5749e-05 7.20827e-05 0.00039389 -0.00202016
24.08 2.7853e-06 -9.85511e-05 -3.71872e-06 7.85905e-05 -9.30069e-05 -0.00246481
24.1 3.78371e-06 -0.000113255 -2.13303e-05 8.08124e-05 -0.000533479 -0.00283256
24.12 4.64368e-06 -0.000125467 -3.57157e-05 7.89921e-05 -0.000893264 -0.00313797
24.14 5.32219e-06 -0.000134822 -4.70355e-05 7.4698e-05 -0.00117638 -0.00337195
24.16 5.78029e-06 -0.000140397 -5.58135e-05 6.97521e-05 -0.00139592 -0.0035114
24.18 6.0009e-06 -0.000141109 -6.26259e-05 6.50323e-05 -0.0015663 -0.0035292
24.2 5.99851e-06 -0.000136593 -6.83666e-05 5.99537e-05 -0.00170988 -0.00341625
24.22 5.80593e-06 -0.00012776 -7.36012e-05 5.31042e-05 -0.0018408 -0.00319532
24.24 5.44421e-06 -0.000115684 -7.80807e-05 4.36576e-05 -0.00195283 -0.00289329
24.26 4.90656e-06 -0.000100133 -8.15636e-05 3.22908e-05 -0.00203994 -0.00250437
24.28 4.17579e-06 -8.00087e-05 -8.41822e-05 2.06944e-05 -0.00210543 -0.00200105
24.3 3.25731e-06 -5.51893e-05 -8.5361e-05 1.02161e-05 -0.00213491 -0.00138031
24.32 2.19443e-06 -2.7525e-05 -8.34059e-05 9.85567e-07 -0.00208602 -0.000688413
24.34 1.05244e-06 -2.85264e-08 -7.6677e-05 -7.76532e-06 -0.00191772 -7.13452e-07
24.36 -1.12531e-07 2.49083e-05 -6.46143e-05 -1.66191e-05 -0.00161603 0.000622967
24.38 -1.26942e-06 4.67101e-05 -4.7982e-05 -2.5133e-05 -0.00120005 0.00116824
24.4 -2.39922e-06 6.61528e-05 -2.88731e-05 -3.19523e-05 -0.000722128 0.00165451
24.42 -3.47291e-06 8.39462e-05 -1.005e-05 -3.57283e-05 -0.000251356 0.00209953
24.44 -4.44659e-06 0.000100082 6.30003e-06 -3.60258e-05 0.000157566 0.00250308
24.46 -5.27363e-06 0.000114154 1.91013e-05 -3.3517e-05 0.00047773 0.00285503
24.48 -5.91774e-06 0.000125455 2.81417e-05 -2.94009e-05 0.000703835 0.00313769
24.5 -6.36097e-06 0.000132826 3.41331e-05 -2.45164e-05 0.000853682 0.00332202
24.52 -6.60748e-06 0.000135296 3.88231e-05 -1.88156e-05 0.000970981 0.00338382
24.54 -6.67517e-06 0.000132968 4.41564e-05 -1.16836e-05 0.00110437 0.00332558
24.56 -6.57307e-06 0.000126455 5.09467e-05 -2.86671e-06 0.0012742 0.00316269
24.58 -6.28837e-06 0.000115673 5.8364e-05 6.96357e-06 0.00145971 0.00289304
24.6 -5.80271e-06 0.000100248 6.44506e-05 1.66706e-05 0.00161194 0.00250723
24.62 -5.11985e-06 8.09219e-05 6.69028e-05 2.55974e-05 0.00167327 0.00202389
24.64 -4.27335e-06 5.96503e-05 6.38637e-05 3.39496e-05 0.00159726 0.00149188
24.66 -3.31066e-06 3.84329e-05 5.47877e-05 4.22945e-05 0.00137026 0.000961224
24.68 -2.27312e-06 1.84267e-05 4.06715e-05 5.07086e-05 0.00101721 0.00046086
24.7 -1.18727e-06 -3.78049e-07 2.33539e-05 5.83208e-05 0.000584091 -9.45516e-06
24.72 -7.39795e-08 -1.89209e-05 4.90736e-06 6.37066e-05 0.000122735 -0.000473219
24.74 1.03326e-06 -3.78287e-05 -1.25505e-05 6.59098e-05 -0.000313894 -0.000946112
24.76 2.08401e-06 -5.62693e-05 -2.75364e-05 6.51559e-05 -0.000688697 -0.00140732
24.78 3.02996e-06 -7.26578e-05 -4.00376e-05 6.25294e-05 -0.00100136 -0.0018172
24.8 3.84313e-06 -8.6163e-05 -5.11228e-05 5.90149e-05 -0.0012786 -0.00215497
24.82 4.5111e-06 -9.66888e-05 -6.16947e-05 5.49007e-05 -0.00154301 -0.00241823
24.84 5.02231e-06 -0.000103899 -7.19514e-05 4.99178e-05 -0.00179953 -0.00259855
24.86 5.3634e-06 -0.000107256 -8.1748e-05 4.37399e-05 -0.00204455 -0.00268251
24.88 5.52482e-06 -0.000106717 -9.08586e-05 3.64072e-05 -0.00227241 -0.00266905
24.9 5.50071e-06 -0.00010266 -9.86629e-05 2.84533e-05 -0.0024676 -0.00256757
24.92 5.28603e-06 -9.53428e-05 -0.000103873 2.06347e-05 -0.00259791 -0.00238456
24.94 4.881e-06 -8.49161e-05 -0.000105094 1.34351e-05 -0.00262845 -0.00212379
24.96 4.29852e-06 -7.17747e-05 -0.00010177 6.80033e-06 -0.00254532 -0.00179512
24.98 3.56419e-06 -5.6557e-05 -9.43607e-05 3.99006e-07 -0.00236 -0.00141451
25 2.70856e-06 -3.98182e-05 -8.38102e-05 -5.83805e-06 -0.00209613 -0.000995871
25.02 1.76e-06 -2.1877e-05 -7.11804e-05 -1.1435e-05 -0.00178025 -0.000547154
25.04 7.43568e-07 -3.00757e-06 -5.73905e-05 -1.56006e-05 -0.00143536 -7.52205e-05
25.06 -3.1521e-07 1.62805e-05 -4.27865e-05 -1.77354e-05 -0.00107011 0.000407183
25.08 -1.38475e-06 3.51026e-05 -2.72151e-05 -1.77855e-05 -0.000680662 0.000877932
25.1 -2.42573e-06 5.22825e-05 -1.07361e-05 -1.61959e-05 -0.000268515 0.00130761
25.12 -3.39751e-06 6.67344e-05 6.15168e-06 -1.35219e-05 0.000153856 0.00166906
25.14 -4.26768e-06 7.79246e-05 2.2978e-05 -1.00227e-05 0.00057469 0.00194893
25.16 -5.01501e-06 8.59319e-05 3.93656e-05 -5.58776e-06 0.000984549 0.00214919
25.18 -5.62524e-06 9.11017e-05 5.46991e-05 -6.39984e-08 0.00136805 0.00227849
25.2 -6.08612e-06 9.37224e-05 6.83777e-05 6.33542e-06 0.00171015 0.00234404
25.22 -6.3845e-06 9.38489e-05 8.02606e-05 1.29399e-05 0.00200735 0.0023472
25.24 -6.50613e-06 9.1245e-05 9.03486e-05 1.89568e-05 0.00225966 0.00228207
25.26 -6.44051e-06 8.55848e-05 9.82996e-05 2.3965e-05 0.00245851 0.00214051
25.28 -6.18834e-06 7.67909e-05 0.000103658 2.81641e-05 0.00259254 0.00192057
25.3 -5.76384e-06 6.52059e-05 0.00010616 3.21724e-05 0.00265512 0.00163083
25.32 -5.18891e-06 5.15736e-05 0.000105377 3.65089e-05 0.00263553 0.00128988
25.34 -4.48412e-06 3.68138e-05 0.000100426 4.11342e-05 0.00251169 0.000920729
25.36 -3.665e-06 2.15868e-05 9.05052e-05 4.5426e-05 0.00226357 0.000539895
25.38 -2.7485e-06 6.19078e-06 7.55824e-05 4.86455e-05 0.00189035 0.000154834
25.4 -1.76419e-06 -8.90106e-06 5.63086e-05 5.04689e-05 0.0014083 -0.000222619
25.42 -7.56932e-07 -2.27208e-05 3.37008e-05 5.1047e-05 0.00084287 -0.000568256
25.44 2.24327e-07 -3.43704e-05 9.31566e-06 5.0589e-05 0.000232989 -0.000859618
25.46 1.14137e-06 -4.37028e-05 -1.47836e-05 4.90002e-05 -0.000369744 -0.00109302
25.48 1.97096e-06 -5.11673e-05 -3.6808e-05 4.59671e-05 -0.000920583 -0.00127972
25.5 2.69717e-06 -5.70553e-05 -5.58909e-05 4.13403e-05 -0.00139785 -0.00142698
25.52 3.30356e-06 -6.10676e-05 -7.20572e-05 3.54014e-05 -0.00180218 -0.00152733
25.54 3.77393e-06 -6.26153e-05 -8.60017e-05 2.87882e-05 -0.00215094 -0.00156603
25.56 4.09691e-06 -6.13429e-05 -9.8722e-05 2.21827e-05 -0.00246908 -0.00153421
25.58 4.26621e-06 -5.72221e-05 -0.000110851 1.602e-05 -0.00277244 -0.00143115
25.6 4.27835e-06 -5.03267e-05 -0.000122263 1.03936e-05 -0.00305785 -0.00125869
25.62 4.1333e-06 -4.08497e-05 -0.000132185 5.14901e-06 -0.003306 -0.00102167
25.64 3.83695e-06 -2.93952e-05 -0.000139298 7.20859e-08 -0.0034839 -0.000735186
25.66 3.40072e-06 -1.70554e-05 -0.000141847 -4.92875e-06 -0.00354766 -0.000426563
25.68 2.83797e-06 -5.03384e-06 -0.000138242 -9.72409e-06 -0.00345749 -0.000125898
25.7 2.16159e-06 5.86548e-06 -0.000127731 -1.39844e-05 -0.00319462 0.000146698
25.72 1.38659e-06 1.54203e-05 -0.00011055 -1.72907e-05 -0.00276489 0.000385669
25.74 5.36036e-07 2.38282e-05 -8.79443e-05 -1.92757e-05 -0.00219952 0.000595952
25.76 -3.55914e-07 3.14501e-05 -6.23003e-05 -1.97413e-05 -0.00155816 0.000786579
25.78 -1.24893e-06 3.85923e-05 -3.66267e-05 -1.86799e-05 -0.000916048 0.00096521
25.8 -2.10731e-06 4.5463e-05 -1.33603e-05 -1.61738e-05 -0.000334146 0.00113705
25.82 -2.90696e-06 5.22079e-05 6.39184e-06 -1.2297e-05 0.000159863 0.00130574
25.84 -3.63287e-06 5.86655e-05 2.27756e-05 -7.17144e-06 0.000569627 0.00146725
25.86 -4.27305e-06 6.41041e-05 3.6973e-05 -1.10051e-06 0.00092471 0.00160327
25.88 -4.8164e-06 6.76231e-05 5.0822e-05 5.4223e-06 0.00127108 0.00169128
25.9 -5.25135e-06 6.8768e-05 6.57679e-05 1.18421e-05 0.00164488 0.00171992
25.92 -5.56268e-06 6.74226e-05 8.18881e-05 1.76933e-05 0.00204805 0.00168627
25.94 -5.73277e-06 6.35047e-05 9.80262e-05 2.27659e-05 0.00245168 0.00158828
25.96 -5.74868e-06 5.72254e-05 0.00011244 2.72391e-05 0.00281217 0.00143123
25.98 -5.6059e-06 4.92066e-05 0.000123064 3.15937e-05 0.00307787 0.00123068
26 -5.3067e-06 4.00411e-05 0.000127938 3.629e-05 0.00319979 0.00100145
26.02 -4.85935e-06 3.0128e-05 0.000126092 4.14716e-05 0.00315361 0.000753514
26.04 -4.27758e-06 1.9938e-05 0.00011774 4.68672e-05 0.00294473 0.000498658
26.06 -3.57693e-06 9.90406e-06 0.00010349 5.18528e-05 0.00258832 0.000247705
26.08 -2.77446e-06 9.58237e-09 8.39631e-05 5.56761e-05 0.00209995 2.39664e-07
26.1 -1.89729e-06 -1.00128e-05 6.03857e-05 5.78313e-05 0.00151027 -0.000250424
26.12 -9.89985e-07 -1.9909e-05 3.49416e-05 5.8292e-05 0.000873904 -0.000497932
26.14 -1.04643e-07 -2.87836e-05 1.02364e-05 5.72697e-05 0.000256016 -0.00071989
26.16 7.21522e-07 -3.61226e-05 -1.15941e-05 5.47195e-05 -0.000289974 -0.000903442
26.18 1.47654e-06 -4.24537e-05 -2.95637e-05 5.02515e-05 -0.0007394 -0.00106178
26.2 2.15971e-06 -4.84098e-05 -4.42154e-05 4.36653e-05 -0.00110585 -0.00121075
26.22 2.76169e-06 -5.36265e-05 -5.72616e-05 3.5515e-05 -0.00143214 -0.00134122
26.24 3.26001e-06 -5.70495e-05 -7.02636e-05 2.70615e-05 -0.00175732 -0.00142683
26.26 3.62973e-06 -5.77363e-05 -8.36386e-05 1.96154e-05 -0.00209184 -0.00144401
26.28 3.85744e-06 -5.51645e-05 -9.70363e-05 1.374e-05 -0.00242692 -0.00137969
26.3 3.94839e-06 -4.96201e-05 -0.000109846 8.89765e-06 -0.0027473 -0.00124102
26.32 3.91898e-06 -4.24337e-05 -0.000120837 3.95877e-06 -0.00302217 -0.00106129
26.34 3.7782e-06 -3.50749e-05 -0.000128148 -1.70084e-06 -0.00320504 -0.000877239
26.36 3.5179e-06 -2.80509e-05 -0.000130184 -7.53347e-06 -0.00325595 -0.000701565
26.38 3.12366e-06 -2.11809e-05 -0.000126056 -1.22637e-05 -0.00315271 -0.000529743
26.4 2.59375e-06 -1.45216e-05 -0.000115311 -1.49415e-05 -0.00288398 -0.000363191
26.42 1.94789e-06 -8.49187e-06 -9.80183e-05 -1.55721e-05 -0.00245148 -0.000212385
26.44 1.22127e-06 -3.41949e-06 -7.53389e-05 -1.48695e-05 -0.00188426 -8.55229e-05
26.46 4.51008e-07 8.11497e-07 -4.97161e-05 -1.34739e-05 -0.00124342 2.02959e-05
26.48 -3.36115e-07 5.03558e-06 -2.43729e-05 -1.13128e-05 -0.000609576 0.000125942
26.5 -1.125e-06 1.07254e-05 -2.33737e-06 -7.68008e-06 -5.84585e-05 0.000268247
26.52 -1.9006e-06 1.89951e-05 1.46966e-05 -2.02363e-06 0.000367568 0.000475075
26.54 -2.63657e-06 2.93849e-05 2.69998e-05 5.29239e-06 0.000675277 0.000734929
26.56 -3.2994e-06 3.99715e-05 3.63959e-05 1.30326e-05 0.000910276 0.000999703
26.58 -3.86383e-06 4.87435e-05 4.51725e-05 1.9907e-05 0.00112978 0.00121909
26.6 -4.32102e-06 5.45756e-05 5.51462e-05 2.53754e-05 0.00137923 0.00136496
26.62 -4.67241e-06 5.71612e-05 6.71691e-05 2.97858e-05 0.00167993 0.00142963
26.64 -4.9183e-06 5.67404e-05 8.08347e-05 3.38546e-05 0.00202171 0.0014191
26.66 -5.05051e-06 5.39617e-05 9.44173e-05 3.79723e-05 0.00236142 0.0013496
26.68 -5.05202e-06 4.95202e-05 0.000105385 4.18861e-05 0.00263572 0.00123852
26.7 -4.90435e-06 4.38296e-05 0.000111292 4.50081e-05 0.00278346 0.0010962
26.72 -4.59963e-06 3.72456e-05 0.000110309 4.70354e-05 0.00275886 0.000931528
26.74 -4.14816e-06 3.04647e-05 0.000101342 4.82349e-05 0.00253461 0.000761934
26.76 -3.5747e-06 2.43116e-05 8.44587e-05 4.90875e-05 0.00211235 0.000608044
26.78 -2.9077e-06 1.90232e-05 6.14762e-05 4.96743e-05 0.00153754 0.000475778
26.8 -2.17269e-06 1.3972e-05 3.56631e-05 4.94329e-05 0.00089195 0.000349446
26.82 -1.39499e-06 8.2467e-06 1.04922e-05 4.74835e-05 0.000262415 0.000206253
26.84 -6.04574e-07 1.40703e-06 -1.14533e-05 4.32129e-05 -0.000286452 3.51905e-05
26.86 1.65528e-07 -6.29175e-06 -2.89487e-05 3.67019e-05 -0.000724018 -0.000157359
26.88 8.86997e-07 -1.41114e-05 -4.22971e-05 2.87545e-05 -0.00105787 -0.000352933
26.9 1.54276e-06 -2.11916e-05 -5.31986e-05 2.05285e-05 -0.00133052 -0.00053001
26.92 2.12621e-06 -2.69647e-05 -6.39719e-05 1.30266e-05 -0.00159996 -0.000674397
26.94 2.63261e-06 -3.12651e-05 -7.63938e-05 6.81478e-06 -0.00191064 -0.000781954
26.96 3.0498e-06 -3.39295e-05 -9.0901e-05 2.07427e-06 -0.00227347 -0.000848591
26.98 3.35846e-06 -3.46076e-05 -0.000106484 -1.26459e-06 -0.00266321 -0.000865551
27 3.54143e-06 -3.32787e-05 -0.000121062 -3.49667e-06 -0.00302781 -0.000832315
27.02 3.58926e-06 -3.05759e-05 -0.000132108 -5.09468e-06 -0.00330408 -0.000764716
27.04 3.49627e-06 -2.71926e-05 -0.000137368 -6.51566e-06 -0.00343564 -0.000680099
27.06 3.25786e-06 -2.32945e-05 -0.000135378 -8.0003e-06 -0.00338586 -0.000582605
27.08 2.8769e-06 -1.8828e-05 -0.000125687 -9.51129e-06 -0.00314349 -0.000470896
27.1 2.37097e-06 -1.40138e-05 -0.000109043 -1.07514e-05 -0.00272722 -0.00035049
27.12 1.76963e-06 -9.18318e-06 -8.74572e-05 -1.12031e-05 -0.00218734 -0.000229675
27.14 1.10449e-06 -4.38885e-06 -6.37397e-05 -1.02544e-05 -0.00159416 -0.000109767
27.16 4.01774e-07 6.14595e-07 -4.06316e-05 -7.41135e-06 -0.00101621 1.53713e-05
27.18 -3.1923e-07 6.25787e-06 -2.01767e-05 -2.49328e-06 -0.000504628 0.000156512
27.2 -1.0425e-06 1.30694e-05 -3.47893e-06 4.22895e-06 -8.70094e-05 0.000326871
27.22 -1.74904e-06 2.12145e-05 9.48036e-06 1.19725e-05 0.000237108 0.000530583
27.24 -2.41485e-06 2.99355e-05 1.98957e-05 1.96079e-05 0.0004976 0.0007487
27.26 -3.01811e-06 3.78702e-05 2.96207e-05 2.61191e-05 0.000740827 0.00094715
27.28 -3.54784e-06 4.41037e-05 4.01959e-05 3.10609e-05 0.00100532 0.00110305
27.3 -4.00039e-06 4.85547e-05 5.21974e-05 3.4596e-05 0.00130548 0.00121437
27.32 -4.36562e-06 5.1239e-05 6.52591e-05 3.71284e-05 0.00163216 0.00128151
27.34 -4.62064e-06 5.16845e-05 7.83081e-05 3.89544e-05 0.00195852 0.00129265
27.36 -4.74064e-06 4.94534e-05 8.97373e-05 4.0212e-05 0.00224437 0.00123685
27.38 -4.7138e-06 4.49276e-05 9.76975e-05 4.0996e-05 0.00244345 0.00112366
27.4 -4.54407e-06 3.92037e-05 0.000100467 4.14149e-05 0.00251271 0.0009805
27.42 -4.24303e-06 3.33663e-05 9.68033e-05 4.15456e-05 0.00242109 0.000834506
27.44 -3.8233e-06 2.80343e-05 8.64123e-05 4.13496e-05 0.00216121 0.000701148
27.46 -3.29855e-06 2.32888e-05 7.02561e-05 4.06014e-05 0.00175713 0.000582462
27.48 -2.68672e-06 1.87496e-05 5.02482e-05 3.89298e-05 0.00125673 0.000468936
27.5 -2.01296e-06 1.38823e-05 2.86181e-05 3.60246e-05 0.000715752 0.000347203
27.52 -1.30851e-06 8.3577e-06 7.54626e-06 3.1864e-05 0.000188735 0.00020903
27.54 -6.03838e-07 2.03035e-06 -1.11231e-05 2.67578e-05 -0.000278194 5.07799e-05
27.56 7.79418e-08 -5.21623e-06 -2.64066e-05 2.1209e-05 -0.000660439 -0.00013046
27.58 7.20199e-07 -1.32322e-05 -3.8505e-05 1.57508e-05 -0.000963026 -0.000330943
27.6 1.30784e-06 -2.12881e-05 -4.85416e-05 1.08393e-05 -0.00121404 -0.000532423
27.62 1.82622e-06 -2.83003e-05 -5.79778e-05 6.78325e-06 -0.00145005 -0.000707803
27.64 2.26353e-06 -3.33802e-05 -6.80434e-05 3.71996e-06 -0.00170179 -0.000834853
27.66 2.61062e-06 -3.60856e-05 -7.92549e-05 1.65314e-06 -0.0019822 -0.000902515
27.68 2.85804e-06 -3.63229e-05 -9.11264e-05 5.01884e-07 -0.00227911 -0.000908452
27.7 2.99462e-06 -3.42673e-05 -0.000102239 1.00507e-07 -0.00255704 -0.00085704
27.72 3.00993e-06 -3.04029e-05 -0.000110649 1.84367e-07 -0.00276738 -0.000760389
27.74 2.89775e-06 -2.54513e-05 -0.000114425 4.45163e-07 -0.00286182 -0.000636548
27.76 2.65838e-06 -2.01311e-05 -0.000112145 6.59496e-07 -0.00280478 -0.000503487
27.78 2.2999e-06 -1.49918e-05 -0.000103302 8.08165e-07 -0.00258364 -0.000374951
27.8 1.83757e-06 -1.03656e-05 -8.85609e-05 1.11905e-06 -0.00221494 -0.000259249
27.82 1.29069e-06 -6.23944e-06 -6.96634e-05 2.00739e-06 -0.00174231 -0.000156051
27.84 6.80078e-07 -2.1652e-06 -4.898e-05 3.90344e-06 -0.00122501 -5.41526e-05
27.86 2.92179e-08 2.47165e-06 -2.89018e-05 7.02556e-06 -0.000722845 6.1817e-05
27.88 -6.34317e-07 7.98901e-06 -1.13004e-05 1.12431e-05 -0.000282628 0.000199808
27.9 -1.28244e-06 1.42574e-05 2.88976e-06 1.61276e-05 7.22741e-05 0.000356584
27.92 -1.89344e-06 2.09369e-05 1.38645e-05 2.11235e-05 0.000346758 0.000523641
27.94 -2.45477e-06 2.76741e-05 2.27602e-05 2.56934e-05 0.000569241 0.00069214
27.96 -2.95888e-06 3.40274e-05 3.11166e-05 2.93857e-05 0.00077824 0.000851039
27.98 -3.39714e-06 3.93866e-05 4.02488e-05 3.18812e-05 0.00100664 0.000985076
28 -3.75766e-06 4.3129e-05 5.07495e-05 3.30553e-05 0.00126927 0.00107867
28.02 -4.02683e-06 4.48639e-05 6.22252e-05 3.30257e-05 0.00155628 0.00112206
28.04 -4.19211e-06 4.45567e-05 7.33367e-05 3.21474e-05 0.00183418 0.00111438
28.06 -4.24398e-06 4.25136e-05 8.21611e-05 3.0935e-05 0.00205488 0.00106328
28.08 -4.17661e-06 3.92422e-05 8.67424e-05 2.99085e-05 0.00216946 0.000981463
28.1 -3.98834e-06 3.52329e-05 8.56352e-05 2.94037e-05 0.00214177 0.00088119
28.12 -3.68312e-06 3.0825e-05 7.83151e-05 2.94465e-05 0.00195869 0.000770946
28.14 -3.27257e-06 2.62262e-05 6.53596e-05 2.97583e-05 0.00163467 0.000655928
28.16 -2.77584e-06 2.15472e-05 4.83277e-05 2.98743e-05 0.0012087 0.000538904
28.18 -2.2168e-06 1.67631e-05 2.936e-05 2.93132e-05 0.000734305 0.000419253
28.2 -1.62067e-06 1.17158e-05 1.06478e-05 2.77397e-05 0.000266306 0.000293018
28.22 -1.01174e-06 6.23857e-06 -6.05866e-06 2.50746e-05 -0.000151529 0.000156029
28.24 -4.11912e-07 3.07372e-07 -1.98225e-05 2.1518e-05 -0.000495769 7.68752e-06
28.26 1.60671e-07 -5.90393e-06 -3.06836e-05 1.74908e-05 -0.000767409 -0.00014766
28.28 6.92039e-07 -1.20559e-05 -3.95151e-05 1.35283e-05 -0.000988289 -0.000301524
28.3 1.17122e-06 -1.77007e-05 -4.75863e-05 1.01551e-05 -0.00119015 -0.000442702
28.32 1.58816e-06 -2.23564e-05 -5.60139e-05 7.75932e-06 -0.00140093 -0.000559142
28.34 1.93212e-06 -2.56064e-05 -6.53204e-05 6.49272e-06 -0.00163369 -0.000640426
28.36 2.19124e-06 -2.71866e-05 -7.52294e-05 6.23691e-06 -0.00188152 -0.000679948
28.38 2.35351e-06 -2.70287e-05 -8.47481e-05 6.65333e-06 -0.00211958 -0.000676
28.4 2.4088e-06 -2.52773e-05 -9.24676e-05 7.29872e-06 -0.00231265 -0.000632196
28.42 2.35084e-06 -2.22907e-05 -9.68606e-05 7.77117e-06 -0.00242252 -0.000557499
28.44 2.17838e-06 -1.85666e-05 -9.65499e-05 7.84416e-06 -0.00241475 -0.000464358
28.46 1.89591e-06 -1.45668e-05 -9.07515e-05 7.5327e-06 -0.00226973 -0.000364321
28.48 1.51424e-06 -1.0577e-05 -7.96898e-05 7.05774e-06 -0.00199308 -0.000264536
28.5 1.05051e-06 -6.71204e-06 -6.45273e-05 6.74644e-06 -0.00161385 -0.000167871
28.52 5.2645e-07 -2.95307e-06 -4.69526e-05 6.93943e-06 -0.00117431 -7.38576e-05
28.54 -3.43417e-08 8.67047e-07 -2.88447e-05 7.91908e-06 -0.000721418 2.16852e-05
28.56 -6.09209e-07 5.00949e-06 -1.19134e-05 9.82661e-06 -0.000297959 0.00012529
28.58 -1.17813e-06 9.66082e-06 2.76706e-06 1.25822e-05 6.92054e-05 0.000241621
28.6 -1.72416e-06 1.47928e-05 1.49818e-05 1.58707e-05 0.000374702 0.000369973
28.62 -2.23302e-06 2.01232e-05 2.53215e-05 1.92227e-05 0.000633301 0.000503291
28.64 -2.69199e-06 2.51534e-05 3.51152e-05 2.21645e-05 0.000878246 0.000629097
