0.02 5.09775e-11 1.83001e-10 -1.9302e-08 3.19639e-11 -4.8275e-07 4.57694e-09
0.04 4.17954e-10 4.37489e-09 -1.30867e-07 -2.60988e-12 -3.27303e-06 1.09418e-07
0.06 1.68079e-09 2.92356e-08 -4.07728e-07 -8.68097e-10 -1.01974e-05 7.31195e-07
0.08 4.53032e-09 1.24892e-07 -8.02744e-07 -3.78163e-09 -2.0077e-05 3.1236e-06
0.1 9.22013e-09 4.1459e-07 -1.17321e-06 -8.75747e-09 -2.93424e-05 1.03691e-05
0.12 1.47724e-08 1.09003e-06 -1.4344e-06 -1.3744e-08 -3.58749e-05 2.72622e-05
0.14 1.83955e-08 2.29631e-06 -1.61593e-06 -1.58518e-08 -4.04152e-05 5.74317e-05
0.16 1.58273e-08 4.01627e-06 -1.78681e-06 -1.1616e-08 -4.46888e-05 0.000100448
0.18 2.87996e-09 6.08548e-06 -1.99495e-06 5.05589e-09 -4.98946e-05 0.0001522
0.2 -2.26139e-08 8.32245e-06 -2.2774e-06 4.24808e-08 -5.69587e-05 0.000208148
0.22 -5.98678e-08 1.06834e-05 -2.66951e-06 1.0553e-07 -6.67656e-05 0.000267197
0.24 -1.05641e-07 1.32778e-05 -3.18334e-06 1.90274e-07 -7.96167e-05 0.000332083
0.26 -1.55296e-07 1.6172e-05 -3.79569e-06 2.85243e-07 -9.49319e-05 0.000404469
0.28 -2.03766e-07 1.92363e-05 -4.4482e-06 3.78518e-07 -0.000111251 0.000481107
0.3 -2.467e-07 2.22797e-05 -5.03499e-06 4.64961e-07 -0.000125927 0.000557224
0.32 -2.81841e-07 2.52537e-05 -5.40849e-06 5.47052e-07 -0.000135269 0.000631605
0.34 -3.09934e-07 2.81988e-05 -5.44944e-06 6.27703e-07 -0.000136293 0.000705264
0.36 -3.34634e-07 3.10931e-05 -5.1658e-06 7.05092e-07 -0.000129199 0.00077765
0.38 -3.61509e-07 3.38932e-05 -4.7205e-06 7.79736e-07 -0.000118062 0.000847683
0.4 -3.96194e-07 3.66058e-05 -4.35078e-06 8.62802e-07 -0.000108815 0.000915527
0.42 -4.41655e-07 3.91206e-05 -4.24434e-06 9.66063e-07 -0.000106153 0.000978423
0.44 -4.95721e-07 4.10608e-05 -4.41938e-06 1.08247e-06 -0.00011053 0.00102695
0.46 -5.50991e-07 4.20534e-05 -4.63495e-06 1.18762e-06 -0.000115922 0.00105177
0.48 -5.97961e-07 4.22028e-05 -4.48335e-06 1.26193e-06 -0.000112131 0.00105551
0.5 -6.29599e-07 4.21302e-05 -3.75106e-06 1.29826e-06 -9.38155e-05 0.00105369
0.52 -6.44508e-07 4.24254e-05 -2.70933e-06 1.28508e-06 -6.77616e-05 0.00106108
0.54 -6.46594e-07 4.30133e-05 -1.92714e-06 1.20148e-06 -4.81985e-05 0.00107578
0.56 -6.4066e-07 4.29678e-05 -1.7824e-06 1.04158e-06 -4.45784e-05 0.00107464
0.58 -6.26547e-07 4.10659e-05 -2.1902e-06 8.32107e-07 -5.47779e-05 0.00102707
0.6 -5.96989e-07 3.68282e-05 -2.74501e-06 6.10762e-07 -6.86538e-05 0.000921087
0.62 -5.4139e-07 3.10024e-05 -3.09193e-06 3.89377e-07 -7.73305e-05 0.000775384
0.64 -4.51875e-07 2.47889e-05 -3.25079e-06 1.46303e-07 -8.13035e-05 0.00061998
0.66 -3.26613e-07 1.87005e-05 -3.64869e-06 -1.41661e-07 -9.12551e-05 0.000467707
0.68 -1.69283e-07 1.24243e-05 -4.76832e-06 -4.58734e-07 -0.000119258 0.000310738
0.7 1.34907e-08 5.51204e-06 -6.66574e-06 -7.4583e-07 -0.000166713 0.000137858
0.72 2.14596e-07 -2.1881e-06 -8.83196e-06 -9.45542e-07 -0.000220891 -5.47254e-05
0.74 4.26986e-07 -1.05341e-05 -1.05957e-05 -1.0465e-06 -0.000265004 -0.000263462
0.76 6.41953e-07 -1.90324e-05 -1.17219e-05 -1.067e-06 -0.00029317 -0.000476007
0.78 8.47767e-07 -2.68753e-05 -1.26595e-05 -1.00185e-06 -0.000316618 -0.000672162
0.8 1.03234e-06 -3.35342e-05 -1.41899e-05 -8.16811e-07 -0.000354896 -0.000838706
0.82 1.18895e-06 -3.92593e-05 -1.6682e-05 -4.99451e-07 -0.000417224 -0.000981892
0.84 1.3188e-06 -4.44906e-05 -1.95605e-05 -7.97498e-08 -0.000489216 -0.00111273
0.86 1.42655e-06 -4.88069e-05 -2.1637e-05 4.13211e-07 -0.00054115 -0.00122068
0.88 1.51227e-06 -5.09954e-05 -2.21708e-05 9.78278e-07 -0.000554502 -0.00127542
0.9 1.5671e-06 -5.03192e-05 -2.15978e-05 1.60618e-06 -0.000540169 -0.0012585
0.92 1.57678e-06 -4.73786e-05 -2.11389e-05 2.25406e-06 -0.000528692 -0.00118496
0.94 1.53162e-06 -4.35917e-05 -2.17099e-05 2.88463e-06 -0.000542973 -0.00109025
0.96 1.43578e-06 -4.00187e-05 -2.314e-05 3.49713e-06 -0.000578741 -0.00100089
0.98 1.30773e-06 -3.6762e-05 -2.42193e-05 4.08365e-06 -0.000605734 -0.000919434
1 1.16908e-06 -3.35578e-05 -2.26643e-05 4.57758e-06 -0.000566844 -0.000839295
1.02 1.02869e-06 -3.07077e-05 -1.5701e-05 4.89929e-06 -0.00039269 -0.000768012
1.04 8.77988e-07 -2.83973e-05 -4.77193e-06 5.05854e-06 -0.000119348 -0.000710229
1.06 7.0122e-07 -2.57334e-05 2.58207e-06 5.12993e-06 6.45786e-05 -0.000643603
1.08 4.90241e-07 -2.21292e-05 1.63534e-06 5.09969e-06 4.09004e-05 -0.000553461
1.1 2.59814e-07 -1.84167e-05 -3.45643e-06 4.83907e-06 -8.64467e-05 -0.00046061
1.12 5.16457e-08 -1.57258e-05 -5.62204e-06 4.24832e-06 -0.00014061 -0.000393308
1.14 -9.23638e-08 -1.46533e-05 -1.18077e-06 3.3304e-06 -2.95316e-05 -0.000366485
1.16 -1.68555e-07 -1.50663e-05 8.4975e-06 2.13518e-06 0.000212526 -0.000376815
1.18 -2.15235e-07 -1.59748e-05 1.77686e-05 7.12236e-07 0.0004444 -0.000399538
1.2 -2.75966e-07 -1.64928e-05 2.19042e-05 -8.91194e-07 0.000547833 -0.000412491
1.22 -3.61752e-07 -1.64427e-05 2.15347e-05 -2.61393e-06 0.000538591 -0.00041124
1.24 -4.46214e-07 -1.5462e-05 1.99319e-05 -4.34275e-06 0.000498506 -0.000386712
1.26 -4.94193e-07 -1.29739e-05 1.82566e-05 -5.90318e-06 0.000456605 -0.000324482
1.28 -4.92908e-07 -9.62948e-06 1.54632e-05 -7.14496e-06 0.000386741 -0.000240837
1.3 -4.51545e-07 -7.39047e-06 1.08517e-05 -8.0407e-06 0.000271407 -0.000184839
1.32 -3.73219e-07 -7.47152e-06 4.71872e-06 -8.6587e-06 0.000118017 -0.000186866
1.34 -2.40124e-07 -9.10101e-06 -1.85873e-06 -9.05639e-06 -4.64875e-05 -0.00022762
1.36 -3.48888e-08 -1.12941e-05 -5.43642e-06 -9.23917e-06 -0.000135967 -0.00028247
1.38 2.27739e-07 -1.51211e-05 -9.87185e-07 -9.14579e-06 -2.46899e-05 -0.000378186
1.4 4.98403e-07 -2.17204e-05 9.23655e-06 -8.57937e-06 0.00023101 -0.000543237
1.42 7.21268e-07 -2.89766e-05 1.24182e-05 -7.27945e-06 0.000310585 -0.000724717
1.44 8.66314e-07 -3.38009e-05 6.12066e-07 -5.21785e-06 1.5308e-05 -0.000845373
1.46 9.51167e-07 -3.60938e-05 -1.77726e-05 -2.70681e-06 -0.0004445 -0.000902721
1.48 1.0368e-06 -3.77039e-05 -2.93939e-05 -1.02082e-07 -0.000735153 -0.000942989
1.5 1.18036e-06 -3.9959e-05 -3.05528e-05 2.44998e-06 -0.000764138 -0.000999392
1.52 1.37854e-06 -4.40034e-05 -2.58112e-05 4.88757e-06 -0.000645549 -0.00110054
1.54 1.56847e-06 -5.05869e-05 -1.99869e-05 7.05588e-06 -0.00049988 -0.0012652
1.56 1.68845e-06 -5.75506e-05 -1.60561e-05 8.78682e-06 -0.000401571 -0.00143936
1.58 1.72426e-06 -6.01418e-05 -1.52065e-05 1.00235e-05 -0.00038032 -0.00150417
1.6 1.69431e-06 -5.59598e-05 -1.52408e-05 1.07977e-05 -0.000381178 -0.00139958
1.62 1.60782e-06 -4.78382e-05 -1.28698e-05 1.12219e-05 -0.00032188 -0.00119645
1.64 1.45006e-06 -4.05477e-05 -9.1774e-06 1.15025e-05 -0.000229531 -0.00101411
1.66 1.20695e-06 -3.63034e-05 -8.85643e-06 1.17379e-05 -0.000221503 -0.000907964
1.68 8.9906e-07 -3.39245e-05 -1.31386e-05 1.16559e-05 -0.000328602 -0.000848467
1.7 5.85604e-07 -3.02312e-05 -1.7073e-05 1.07617e-05 -0.000427002 -0.000756095
1.72 3.25713e-07 -2.20409e-05 -1.482e-05 8.82162e-06 -0.000370654 -0.000551253
1.74 1.30925e-07 -9.41707e-06 -5.24383e-06 6.07335e-06 -0.00013115 -0.000235525
1.76 -4.30774e-08 2.95604e-06 7.85125e-06 2.97454e-06 0.000196363 7.39318e-05
1.78 -2.56745e-07 1.04174e-05 1.85806e-05 -8.08361e-08 0.000464709 0.000260543
1.8 -5.37135e-07 1.42911e-05 2.22879e-05 -2.83944e-06 0.000557429 0.000357425
1.82 -8.61519e-07 2.06805e-05 1.89652e-05 -5.22583e-06 0.000474328 0.000517227
1.84 -1.18189e-06 3.34374e-05 1.39502e-05 -7.34465e-06 0.000348901 0.000836283
1.86 -1.46309e-06 5.02701e-05 1.32133e-05 -9.2844e-06 0.000330471 0.00125728
1.88 -1.70199e-06 6.51804e-05 1.78997e-05 -1.09166e-05 0.00044768 0.00163019
1.9 -1.9158e-06 7.31697e-05 2.46356e-05 -1.20274e-05 0.000616147 0.00183
1.92 -2.1147e-06 7.3711e-05 2.99232e-05 -1.26029e-05 0.000748393 0.00184354
1.94 -2.2855e-06 7.13358e-05 3.26717e-05 -1.28109e-05 0.000817133 0.00178414
1.96 -2.40136e-06 7.19909e-05 3.36415e-05 -1.27155e-05 0.000841387 0.00180052
1.98 -2.44451e-06 7.70627e-05 3.40983e-05 -1.21636e-05 0.000852813 0.00192737
2 -2.41645e-06 8.12122e-05 3.45831e-05 -1.09694e-05 0.000864937 0.00203115
2.02 -2.32661e-06 7.72714e-05 3.41668e-05 -9.1119e-06 0.000854527 0.00193259
2.04 -2.17296e-06 6.30442e-05 3.13135e-05 -6.77686e-06 0.000783165 0.00157676
2.06 -1.93406e-06 4.28585e-05 2.58913e-05 -4.30966e-06 0.000647553 0.00107191
2.08 -1.58122e-06 2.33113e-05 1.96445e-05 -2.09559e-06 0.000491316 0.000583025
2.1 -1.10208e-06 7.8999e-06 1.41812e-05 -3.53768e-07 0.000354678 0.00019758
2.12 -5.15464e-07 -5.21394e-06 9.25816e-06 9.91556e-07 0.00023155 -0.000130403
2.14 1.34454e-07 -2.06769e-05 3.65747e-06 2.19176e-06 9.14748e-05 -0.000517138
2.16 7.97559e-07 -4.07005e-05 -2.9928e-06 3.42427e-06 -7.48511e-05 -0.00101794
2.18 1.43372e-06 -6.23407e-05 -1.00017e-05 4.66579e-06 -0.000250147 -0.00155917
2.2 2.01411e-06 -8.01894e-05 -1.65795e-05 5.75764e-06 -0.000414659 -0.00200557
2.22 2.51213e-06 -9.10551e-05 -2.26426e-05 6.5608e-06 -0.000566301 -0.00227733
2.24 2.8998e-06 -9.59729e-05 -2.90792e-05 7.07517e-06 -0.000727284 -0.00240032
2.26 3.15926e-06 -9.88709e-05 -3.67474e-05 7.41851e-06 -0.000919067 -0.0024728
2.28 3.29881e-06 -0.000103178 -4.48639e-05 7.68079e-06 -0.00112207 -0.00258052
2.3 3.35358e-06 -0.000108505 -5.12684e-05 7.832e-06 -0.00128224 -0.00271376
2.32 3.36383e-06 -0.000110751 -5.42784e-05 7.792e-06 -0.00135753 -0.00276994
2.34 3.34554e-06 -0.000106251 -5.33089e-05 7.54552e-06 -0.00133328 -0.00265738
2.36 3.27839e-06 -9.56592e-05 -4.85797e-05 7.16622e-06 -0.001215 -0.00239248
2.38 3.12254e-06 -8.34157e-05 -4.17399e-05 6.76868e-06 -0.00104393 -0.00208626
2.4 2.84852e-06 -7.37375e-05 -3.54578e-05 6.44676e-06 -0.000886815 -0.00184421
2.42 2.45596e-06 -6.72923e-05 -3.07951e-05 6.21152e-06 -0.000770197 -0.00168301
2.44 1.97341e-06 -6.13588e-05 -2.61322e-05 5.96792e-06 -0.000653577 -0.00153461
2.46 1.44414e-06 -5.25784e-05 -1.94818e-05 5.57896e-06 -0.000487248 -0.00131501
2.48 9.05141e-07 -3.94399e-05 -1.07319e-05 4.9707e-06 -0.000268408 -0.000986408
2.5 3.73782e-07 -2.32983e-05 -1.37346e-06 4.1607e-06 -3.43509e-05 -0.000582699
2.52 -1.45886e-07 -7.67591e-06 7.14084e-06 3.17706e-06 0.000178595 -0.000191978
2.54 -6.47887e-07 4.53205e-06 1.48246e-05 1.98135e-06 0.00037077 0.000113348
2.56 -1.11831e-06 1.35765e-05 2.31373e-05 4.99008e-07 0.000578673 0.000339553
2.58 -1.54093e-06 2.19093e-05 3.2757e-05 -1.29646e-06 0.000819266 0.000547962
2.6 -1.90461e-06 3.08795e-05 4.16859e-05 -3.35404e-06 0.00104258 0.000772309
2.62 -2.2039e-06 3.90343e-05 4.70942e-05 -5.56296e-06 0.00117784 0.000976264
2.64 -2.42922e-06 4.33387e-05 4.852e-05 -7.76152e-06 0.0012135 0.00108392
2.66 -2.55411e-06 4.1735e-05 4.76121e-05 -9.77009e-06 0.0011908 0.00104381
2.68 -2.54037e-06 3.54255e-05 4.54511e-05 -1.1475e-05 0.00113675 0.000886005
2.7 -2.36496e-06 2.85391e-05 4.18467e-05 -1.28707e-05 0.0010466 0.000713775
2.72 -2.04142e-06 2.43465e-05 3.65476e-05 -1.39857e-05 0.000914072 0.000608916
2.74 -1.61166e-06 2.17482e-05 2.95659e-05 -1.47769e-05 0.000739457 0.000543932
2.76 -1.11957e-06 1.64793e-05 2.10833e-05 -1.51099e-05 0.000527302 0.000412155
2.78 -5.95346e-07 6.11936e-06 1.17704e-05 -1.482e-05 0.000294382 0.000153048
2.8 -5.63368e-08 -7.26248e-06 1.88061e-06 -1.37985e-05 4.70347e-05 -0.000181638
2.82 4.89318e-07 -1.97476e-05 -1.00839e-05 -1.207e-05 -0.000252202 -0.000493896
2.84 1.04145e-06 -2.91296e-05 -2.58852e-05 -9.77605e-06 -0.000647399 -0.000728544
2.86 1.60481e-06 -3.52084e-05 -4.4426e-05 -7.02494e-06 -0.00111111 -0.000880577
2.88 2.18096e-06 -3.81486e-05 -6.16404e-05 -3.79118e-06 -0.00154165 -0.000954113
2.9 2.75315e-06 -3.77678e-05 -7.35001e-05 -4.71097e-08 -0.00183827 -0.000944589
2.92 3.26995e-06 -3.38361e-05 -7.85795e-05 4.06438e-06 -0.00196531 -0.000846255
2.94 3.64725e-06 -2.64084e-05 -7.91356e-05 8.32281e-06 -0.00197921 -0.000660484
2.96 3.80217e-06 -1.63215e-05 -8.03677e-05 1.26493e-05 -0.00201003 -0.000408208
2.98 3.70006e-06 -5.48456e-06 -8.63772e-05 1.70674e-05 -0.00216033 -0.000137171
3 3.37793e-06 4.30315e-06 -9.54594e-05 2.14515e-05 -0.00238748 0.000107624
3.02 2.9241e-06 1.35618e-05 -0.000100829 2.54624e-05 -0.00252177 0.000339186
3.04 2.42659e-06 2.53638e-05 -9.69853e-05 2.87322e-05 -0.00242564 0.000634359
3.06 1.92604e-06 4.20336e-05 -8.45589e-05 3.099e-05 -0.00211485 0.00105128
3.08 1.40687e-06 6.18209e-05 -6.8871e-05 3.20323e-05 -0.00172249 0.00154617
3.1 8.30571e-07 8.02177e-05 -5.49633e-05 3.17361e-05 -0.00137466 0.00200628
3.12 1.78131e-07 9.48251e-05 -4.38441e-05 3.01293e-05 -0.00109656 0.00237162
3.14 -5.35876e-07 0.000107252 -3.21247e-05 2.73295e-05 -0.000803453 0.00268242
3.16 -1.28142e-06 0.00011942 -1.53921e-05 2.34004e-05 -0.000384964 0.00298674
3.18 -2.03763e-06 0.000130183 6.81471e-06 1.83912e-05 0.000170439 0.00325593
3.2 -2.79927e-06 0.000137202 2.9677e-05 1.25208e-05 0.000742233 0.00343148
3.22 -3.55999e-06 0.000140241 4.78334e-05 6.15326e-06 0.00119633 0.00350749
3.24 -4.28696e-06 0.000140636 6.05122e-05 -4.84424e-07 0.00151344 0.00351736
3.26 -4.91426e-06 0.000138941 7.09074e-05 -7.41568e-06 0.00177342 0.00347497
3.28 -5.37169e-06 0.000134947 8.20936e-05 -1.46259e-05 0.00205319 0.00337509
3.3 -5.62604e-06 0.000128507 9.47014e-05 -2.17595e-05 0.00236852 0.00321402
3.32 -5.69216e-06 0.000118943 0.000106866 -2.82545e-05 0.00267275 0.00297482
3.34 -5.60522e-06 0.000105188 0.000115002 -3.37292e-05 0.00287626 0.0026308
3.36 -5.3854e-06 8.71934e-05 0.000115805 -3.80952e-05 0.00289633 0.00218074
3.38 -5.02372e-06 6.57623e-05 0.000109035 -4.13139e-05 0.00272702 0.00164474
3.4 -4.49219e-06 4.11194e-05 9.80275e-05 -4.31991e-05 0.00245171 0.00102841
3.42 -3.76633e-06 1.32386e-05 8.65766e-05 -4.35031e-05 0.00216532 0.000331104
3.44 -2.84589e-06 -1.66879e-05 7.55915e-05 -4.21099e-05 0.00189058 -0.000417371
3.46 -1.76233e-06 -4.6396e-05 6.31192e-05 -3.90963e-05 0.00157864 -0.00116038
3.48 -5.70649e-07 -7.39348e-05 4.69053e-05 -3.46329e-05 0.00117312 -0.00184914
3.5 6.67159e-07 -9.84573e-05 2.621e-05 -2.88509e-05 0.000655523 -0.00246246
3.52 1.89663e-06 -0.000120424 2.03964e-06 -2.18157e-05 5.10123e-05 -0.00301185
3.54 3.0773e-06 -0.000141369 -2.30498e-05 -1.36385e-05 -0.000576485 -0.0035357
3.56 4.17972e-06 -0.000162311 -4.56694e-05 -4.59141e-06 -0.00114221 -0.00405947
3.58 5.1754e-06 -0.000181539 -6.34655e-05 4.91205e-06 -0.0015873 -0.00454038
3.6 6.02819e-06 -0.000195003 -7.70568e-05 1.4427e-05 -0.00192722 -0.00487711
3.62 6.69823e-06 -0.000200221 -8.96959e-05 2.35346e-05 -0.00224333 -0.00500762
3.64 7.15941e-06 -0.000199344 -0.000104076 3.18481e-05 -0.00260298 -0.00498567
3.66 7.41661e-06 -0.000197062 -0.000119248 3.90566e-05 -0.00298245 -0.00492861
3.68 7.5053e-06 -0.000195381 -0.000131255 4.49596e-05 -0.00328274 -0.00488657
3.7 7.46893e-06 -0.000191462 -0.000136681 4.93702e-05 -0.00341845 -0.00478854
3.72 7.32597e-06 -0.000180835 -0.000134629 5.1992e-05 -0.00336713 -0.00452275
3.74 7.05019e-06 -0.00016166 -0.000125941 5.25221e-05 -0.00314983 -0.00404319
3.76 6.58266e-06 -0.000135846 -0.000112592 5.09203e-05 -0.00281597 -0.00339756
3.78 5.86931e-06 -0.000107438 -9.75077e-05 4.74638e-05 -0.00243871 -0.00268707
3.8 4.89569e-06 -8.02219e-05 -8.26301e-05 4.24782e-05 -0.00206661 -0.00200638
3.82 3.69668e-06 -5.52333e-05 -6.70245e-05 3.61237e-05 -0.00167631 -0.00138141
3.84 2.34118e-06 -2.94908e-05 -4.86857e-05 2.8499e-05 -0.00121765 -0.000737578
3.86 9.06792e-07 1.45689e-06 -2.77733e-05 1.98126e-05 -0.000694621 3.64374e-05
3.88 -5.39878e-07 3.82272e-05 -6.11918e-06 1.03436e-05 -0.000153043 0.000956078
3.9 -1.9469e-06 7.54071e-05 1.56169e-05 3.53929e-07 0.000390585 0.00188596
3.92 -3.26702e-06 0.000105597 3.81333e-05 -9.83467e-06 0.00095373 0.00264103
3.94 -4.44884e-06 0.000125101 6.1267e-05 -1.97712e-05 0.00153231 0.00312882
3.96 -5.43981e-06 0.000135276 8.31616e-05 -2.90118e-05 0.00207991 0.00338331
3.98 -6.19634e-06 0.000139758 0.000101235 -3.72637e-05 0.00253193 0.0034954
4 -6.68783e-06 0.000140983 0.000112865 -4.4294e-05 0.0028228 0.00352605
4.02 -6.89021e-06 0.000138224 0.000116084 -4.97817e-05 0.00290331 0.00345705
4.04 -6.78046e-06 0.000128716 0.000111115 -5.33796e-05 0.00277903 0.00321924
4.06 -6.34274e-06 0.000111299 0.000100669 -5.48905e-05 0.00251778 0.00278364
4.08 -5.58278e-06 8.83922e-05 8.77063e-05 -5.43234e-05 0.00219357 0.00221073
4.1 -4.53853e-06 6.38261e-05 7.33184e-05 -5.18214e-05 0.00183372 0.00159632
4.12 -3.28106e-06 4.01817e-05 5.71005e-05 -4.75506e-05 0.00142811 0.00100496
4.14 -1.90549e-06 1.90112e-05 3.83566e-05 -4.15798e-05 0.000959315 0.000475478
4.16 -5.12374e-07 1.51461e-06 1.62521e-05 -3.38715e-05 0.000406472 3.78809e-05
4.18 8.15031e-07 -1.25901e-05 -9.87162e-06 -2.44721e-05 -0.000246893 -0.000314883
4.2 2.02646e-06 -2.52723e-05 -3.92473e-05 -1.36813e-05 -0.000981591 -0.00063207
4.22 3.10546e-06 -3.74774e-05 -6.95345e-05 -1.94847e-06 -0.00173909 -0.000937324
4.24 4.05906e-06 -4.7559e-05 -9.85731e-05 1.03045e-05 -0.00246535 -0.00118947
4.26 4.90413e-06 -5.38938e-05 -0.000125103 2.26053e-05 -0.00312887 -0.00134791
4.28 5.65154e-06 -5.71457e-05 -0.000147188 3.42979e-05 -0.00368123 -0.00142924
4.3 6.29154e-06 -5.8743e-05 -0.000162022 4.47359e-05 -0.00405224 -0.00146919
4.32 6.79109e-06 -5.94805e-05 -0.000168424 5.35775e-05 -0.00421236 -0.00148763
4.34 7.10399e-06 -6.03239e-05 -0.000167945 6.0713e-05 -0.00420037 -0.00150872
4.36 7.1826e-06 -6.14835e-05 -0.000162937 6.5983e-05 -0.00407512 -0.00153773
4.38 6.98563e-06 -5.97409e-05 -0.000154918 6.91574e-05 -0.00387456 -0.00149415
4.4 6.48437e-06 -4.92507e-05 -0.000144682 7.00833e-05 -0.00361857 -0.00123178
4.42 5.66499e-06 -2.5903e-05 -0.000132435 6.86471e-05 -0.00331225 -0.000647845
4.44 4.52617e-06 9.71528e-06 -0.000117327 6.46763e-05 -0.00293439 0.000242983
4.46 3.07846e-06 5.30903e-05 -9.71643e-05 5.80761e-05 -0.00243012 0.00132781
4.48 1.34914e-06 9.90419e-05 -6.93436e-05 4.90219e-05 -0.00173431 0.00247708
4.5 -6.12289e-07 0.000144932 -3.33532e-05 3.78882e-05 -0.000834176 0.00362481
4.52 -2.73794e-06 0.00019178 7.79302e-06 2.50618e-05 0.000194907 0.00479649
4.54 -4.95629e-06 0.000242739 4.97211e-05 1.0964e-05 0.00124355 0.006071
4.56 -7.20374e-06 0.00029934 8.99963e-05 -3.79843e-06 0.00225085 0.00748662
4.58 -9.42101e-06 0.000357883 0.000128715 -1.8466e-05 0.00321921 0.00895082
4.6 -1.15446e-05 0.000410194 0.000166561 -3.23244e-05 0.00416576 0.0102591
4.62 -1.35051e-05 0.000448855 0.000202663 -4.48161e-05 0.00506869 0.0112261
4.64 -1.5226e-05 0.00047078 0.00023409 -5.55548e-05 0.00585468 0.0117744
4.66 -1.6614e-05 0.000475694 0.000258069 -6.43786e-05 0.0064544 0.0118973
4.68 -1.75555e-05 0.000463562 0.000275127 -7.13311e-05 0.00688103 0.0115939
4.7 -1.79331e-05 0.000434108 0.000288823 -7.64425e-05 0.00722359 0.0108572
4.72 -1.76578e-05 0.000386657 0.000301663 -7.95558e-05 0.00754472 0.00967046
4.74 -1.66999e-05 0.000320269 0.000312101 -8.04537e-05 0.00780579 0.00801005
4.76 -1.51008e-05 0.000236121 0.00031577 -7.90722e-05 0.00789753 0.00590549
4.78 -1.29585e-05 0.000139589 0.00030891 -7.54986e-05 0.00772596 0.00349118
4.8 -1.03957e-05 3.78171e-05 0.000290853 -6.98769e-05 0.00727434 0.000945821
4.82 -7.53744e-06 -6.4728e-05 0.000264064 -6.24271e-05 0.00660436 -0.00161887
4.84 -4.50789e-06 -0.000167376 0.00023187 -5.34521e-05 0.00579916 -0.00418615
4.86 -1.42713e-06 -0.000271585 0.000195937 -4.32334e-05 0.00490047 -0.00679246
4.88 1.61175e-06 -0.000379665 0.00015625 -3.20229e-05 0.00390788 -0.00949559
4.9 4.57391e-06 -0.000492899 0.00011334 -2.01999e-05 0.00283468 -0.0123276
4.92 7.48626e-06 -0.00060813 6.95781e-05 -8.29583e-06 0.00174018 -0.0152096
4.94 1.03964e-05 -0.000716835 2.77657e-05 3.21498e-06 0.000694432 -0.0179283
4.96 1.33108e-05 -0.000809485 -1.09821e-05 1.40452e-05 -0.000274666 -0.0202456
4.98 1.61538e-05 -0.000881038 -4.76851e-05 2.3997e-05 -0.00119262 -0.0220351
5 1.87757e-05 -0.000932228 -8.44671e-05 3.28902e-05 -0.00211256 -0.0233155
5.02 2.10022e-05 -0.000966779 -0.000122941 4.06192e-05 -0.00307481 -0.0241796
5.04 2.26923e-05 -0.00098748 -0.000162468 4.71227e-05 -0.00406339 -0.0246974
5.06 2.37677e-05 -0.000992784 -0.000199922 5.22403e-05 -0.00500012 -0.02483
5.08 2.42036e-05 -0.000975479 -0.000231987 5.57072e-05 -0.0058021 -0.0243972
5.1 2.39975e-05 -0.000925587 -0.000257374 5.73249e-05 -0.00643702 -0.0231494
5.12 2.31415e-05 -0.000835996 -0.000275886 5.70719e-05 -0.00690002 -0.0209087
5.14 2.16069e-05 -0.000705317 -0.000286239 5.50996e-05 -0.00715897 -0.0176404
5.16 1.93405e-05 -0.000535464 -0.000286569 5.17438e-05 -0.00716721 -0.0133923
5.18 1.62679e-05 -0.000327953 -0.000276935 4.75141e-05 -0.00692627 -0.00820233
5.2 1.23115e-05 -8.42333e-05 -0.000259901 4.29206e-05 -0.00650024 -0.0021068
5.22 7.43074e-06 0.00018961 -0.000238484 3.82672e-05 -0.00596458 0.00474212
5.24 1.6851e-06 0.000478768 -0.000214157 3.36627e-05 -0.00535616 0.0119741
5.26 -4.71463e-06 0.000761882 -0.000185806 2.91887e-05 -0.00464708 0.019055
5.28 -1.14084e-05 0.0010195 -0.000148933 2.4931e-05 -0.00372489 0.0254993
5.3 -1.79524e-05 0.00124126 -9.71109e-05 2.07828e-05 -0.00242878 0.031055
5.32 -2.3911e-05 0.00142479 -2.74293e-05 1.62025e-05 -0.000686019 0.0356854
5.34 -2.89336e-05 0.00156841 5.45854e-05 1.03095e-05 0.0013652 0.039389
5.36 -3.28292e-05 0.00166886 0.000137203 2.87523e-06 0.00343151 0.0420974
5.38 -3.56167e-05 0.00172742 0.000210245 -4.52771e-06 0.00525831 0.0437714
5.4 -3.73977e-05 0.00174879 0.000269794 -9.64067e-06 0.00674765 0.0444106
5.42 -3.8204e-05 0.00173087 0.000316433 -1.23857e-05 0.00791413 0.0439626
5.44 -3.81653e-05 0.00166727 0.000351765 -1.586e-05 0.00879778 0.0423719
5.46 -3.73685e-05 0.00154675 0.000376443 -2.36691e-05 0.00941499 0.0393575
5.48 -3.57346e-05 0.00135998 0.000389989 -3.5959e-05 0.00975378 0.0346864
5.5 -3.3121e-05 0.00111953 0.000390899 -4.96375e-05 0.00977654 0.0286725
5.52 -2.93139e-05 0.000848584 0.000376911 -6.26228e-05 0.00942671 0.0218961
5.54 -2.41544e-05 0.000566799 0.000346256 -7.54949e-05 0.00866001 0.0148486
5.56 -1.76589e-05 0.000291581 0.000298632 -8.89263e-05 0.00746891 0.00796527
5.58 -1.01117e-05 4.06037e-05 0.000236365 -0.000101344 0.00591158 0.00168822
5.6 -2.0341e-06 -0.000177291 0.000165896 -0.000109729 0.00414912 -0.00376141
5.62 5.92324e-06 -0.000367889 9.55734e-05 -0.000111936 0.00239033 -0.00852837
5.64 1.31189e-05 -0.000543124 2.97429e-05 -0.000107554 0.000743882 -0.0129112
5.66 1.90469e-05 -0.000708289 -3.27108e-05 -9.69178e-05 -0.000818111 -0.0170426
5.68 2.34345e-05 -0.00085867 -9.34245e-05 -8.01947e-05 -0.00233659 -0.0208054
5.7 2.62799e-05 -0.000984359 -0.000150251 -5.77839e-05 -0.00375785 -0.023953
5.72 2.78054e-05 -0.00107573 -0.000197118 -3.11268e-05 -0.00493001 -0.0262445
5.74 2.83313e-05 -0.0011273 -0.000225611 -2.5181e-06 -0.00564262 -0.0275402
5.76 2.81282e-05 -0.00114052 -0.000227599 2.60554e-05 -0.00569234 -0.0278726
5.78 2.73187e-05 -0.00112296 -0.000199646 5.37981e-05 -0.00499324 -0.0274334
5.8 2.58654e-05 -0.0010826 -0.000146183 8.10952e-05 -0.00365611 -0.0264239
5.82 2.36354e-05 -0.00102384 -7.7593e-05 0.000107934 -0.00194063 -0.0249543
5.84 2.05167e-05 -0.000951804 -3.8965e-06 0.000131838 -9.74531e-05 -0.0231527
5.86 1.65236e-05 -0.000874973 7.0457e-05 0.000149012 0.00176216 -0.0212311
5.88 1.1833e-05 -0.000799478 0.000145312 0.00015731 0.00363432 -0.0193429
5.9 6.75687e-06 -0.000724692 0.00021957 0.000156548 0.00549154 -0.0174725
5.92 1.66876e-06 -0.000644522 0.000289517 0.000146694 0.00724093 -0.0154674
5.94 -3.09568e-06 -0.000548175 0.00035109 0.000127065 0.00878092 -0.0130577
5.96 -7.3315e-06 -0.000420269 0.000400014 9.72143e-05 0.0100045 -0.00985874
5.98 -1.10093e-05 -0.000248008 0.000430772 5.79744e-05 0.0107738 -0.00555042
6 -1.42486e-05 -3.43008e-05 0.000440376 1.15925e-05 0.011014 -0.00020552
6.02 -1.72153e-05 0.000195721 0.000431809 -3.88105e-05 0.0107997 0.00554741
6.04 -1.99679e-05 0.000403591 0.000408111 -8.98872e-05 0.010207 0.0107463
6.06 -2.23342e-05 0.000558631 0.000366094 -0.000138513 0.00915616 0.014624
6.08 -2.39218e-05 0.000658864 0.000302547 -0.000181928 0.00756683 0.017131
6.1 -2.42765e-05 0.000734596 0.000220894 -0.000217682 0.00552464 0.0190252
6.12 -2.30908e-05 0.000826779 0.000122808 -0.000243637 0.00307148 0.0213311
6.14 -2.03486e-05 0.000954503 -1.36399e-06 -0.000258005 -3.4114e-05 0.0245271
6.16 -1.63335e-05 0.00109757 -0.000162332 -0.000259344 -0.00406 0.0281105
6.18 -1.14797e-05 0.001209 -0.000353596 -0.000247061 -0.00884359 0.0309084
6.2 -6.14886e-06 0.00124816 -0.000551878 -0.000222209 -0.0138027 0.0318945
6.22 -5.1371e-07 0.00120605 -0.00072824 -0.00018517 -0.0182136 0.0308414
6.24 5.34684e-06 0.00109975 -0.000845336 -0.000134335 -0.0211422 0.0281827
6.26 1.12857e-05 0.000947596 -0.000897395 -7.17771e-05 -0.0224442 0.0243773
6.28 1.69589e-05 0.000762351 -0.000947212 -3.0097e-06 -0.0236902 0.0197442
6.3 2.17694e-05 0.000558775 -0.00103819 7.08864e-05 -0.0259657 0.0146527
6.32 2.58821e-05 0.000348656 -0.00118599 0.000151519 -0.029663 0.00939754
6.34 2.98853e-05 0.000135509 -0.00137112 0.000235849 -0.0342997 0.00406663
6.36 3.40432e-05 -7.86063e-05 -0.00154729 0.000318041 -0.038746 -0.00128847
6.38 3.85115e-05 -0.000289624 -0.00169694 0.000395341 -0.0426481 -0.00656612
6.4 4.26176e-05 -0.000502439 -0.001774 0.000465021 -0.0448023 -0.0118887
6.42 4.586e-05 -0.000729487 -0.00174402 0.00052125 -0.0440527 -0.0175674
6.44 4.78943e-05 -0.000962662 -0.00160585 0.000564619 -0.0405969 -0.0234004
6.46 4.82891e-05 -0.00116936 -0.00138215 0.000603612 -0.0350022 -0.0285772
6.48 4.67895e-05 -0.00132263 -0.00110434 0.000641208 -0.0280539 -0.0324321
6.5 4.29706e-05 -0.00141228 -0.000829962 0.000672214 -0.0211916 -0.0347054
6.52 3.66793e-05 -0.00143784 -0.000623758 0.000689448 -0.0160344 -0.0353581
6.54 2.82523e-05 -0.00140535 -0.000503572 0.000686596 -0.0130285 -0.0345457
6.56 1.86246e-05 -0.00132412 -0.000433077 0.000659458 -0.0112653 -0.032514
6.58 8.99336e-06 -0.00120026 -0.000358 0.000604281 -0.00938766 -0.0294163
6.6 3.81161e-07 -0.00104628 -0.000239273 0.000520268 -0.00641823 -0.0255652
6.62 -6.69587e-06 -0.000885383 -6.3053e-05 0.000416213 -0.0020109 -0.021541
6.64 -1.22574e-05 -0.000732357 0.000162453 0.00030542 0.00362911 -0.0177137
6.66 -1.66172e-05 -0.000586838 0.000417679 0.000195806 0.0100125 -0.0140742
6.68 -2.00546e-05 -0.000443067 0.000683191 8.9675e-05 0.0166535 -0.0104785
6.7 -2.27549e-05 -0.000295548 0.000942823 -1.20161e-05 0.023151 -0.00678896
6.72 -2.49648e-05 -0.000138275 0.00117796 -0.000107972 0.0290529 -0.0028555
6.74 -2.70667e-05 3.15619e-05 0.00136182 -0.000197134 0.0337165 0.0013922
6.76 -2.9488e-05 0.000208571 0.00146539 -0.000279273 0.0363966 0.00581927
6.78 -3.25444e-05 0.000382466 0.00147294 -0.000355616 0.0365947 0.0101685
6.8 -3.6215e-05 0.000544421 0.0013943 -0.000430116 0.0346277 0.0142192
6.82 -4.00674e-05 0.000690257 0.00126968 -0.000506942 0.0315108 0.017867
6.84 -4.31099e-05 0.000823967 0.0011259 -0.0005818 0.027915 0.0212124
6.86 -4.45391e-05 0.000951516 0.000986125 -0.000642707 0.0244191 0.0244056
6.88 -4.40601e-05 0.00106849 0.000874389 -0.000682568 0.0216246 0.0273383
6.9 -4.15935e-05 0.00116667 0.000793458 -0.000700843 0.0196004 0.0298068
6.92 -3.7443e-05 0.00124953 0.000725087 -0.000694699 0.0178905 0.031899
6.94 -3.21156e-05 0.00132687 0.00064049 -0.000659011 0.0157747 0.0338648
6.96 -2.61825e-05 0.00139552 0.000525962 -0.000593843 0.0129103 0.0356269
6.98 -2.01513e-05 0.00143186 0.000383931 -0.000506267 0.00935802 0.0365688
7 -1.43245e-05 0.00140371 0.000222323 -0.00040649 0.00531613 0.0358647
7.02 -8.74075e-06 0.00129169 4.95822e-05 -0.000304095 0.000995807 0.0330632
7.04 -3.27861e-06 0.00110513 -0.000123719 -0.0002057 -0.00333853 0.0283971
7.06 2.18737e-06 0.000875666 -0.000288177 -0.000114598 -0.0074517 0.0226582
7.08 7.68221e-06 0.000636687 -0.000439817 -3.15327e-05 -0.0112443 0.0166812
7.1 1.31454e-05 0.000407202 -0.000577342 4.53711e-05 -0.014684 0.0109417
7.12 1.84265e-05 0.000193862 -0.000695871 0.000120559 -0.0176488 0.00560596
7.14 2.333e-05 7.58224e-07 -0.000786318 0.000198584 -0.0199114 0.000776357
7.16 2.76437e-05 -0.000166196 -0.000840509 0.000280098 -0.0212674 -0.00339923
7.18 3.11018e-05 -0.000303621 -0.000853955 0.000360052 -0.0216039 -0.00683629
7.2 3.33283e-05 -0.000414062 -0.000818626 0.000431531 -0.0207203 -0.00959849
7.22 3.41107e-05 -0.000507084 -0.000728359 0.000489554 -0.0184627 -0.011925
7.24 3.34067e-05 -0.000600356 -0.000589749 0.000528241 -0.014996 -0.0142579
7.26 3.12345e-05 -0.000708715 -0.000425021 0.000540709 -0.0108761 -0.0169681
7.28 2.77574e-05 -0.000828634 -0.00026401 0.000524579 -0.00684912 -0.0199679
7.3 2.32504e-05 -0.000941395 -0.000126692 0.000483049 -0.00341473 -0.0227895
7.32 1.81463e-05 -0.0010286 -2.12881e-05 0.000421282 -0.000778537 -0.0249729
7.34 1.29794e-05 -0.00108051 5.29022e-05 0.000342713 0.00107699 -0.0262736
7.36 8.24111e-06 -0.00109441 0.000109743 0.000250773 0.00249861 -0.026622
7.38 4.23234e-06 -0.00107281 0.000173881 0.000153932 0.00410272 -0.0260817
7.4 1.0207e-06 -0.00102282 0.000263473 6.25759e-05 0.00634346 -0.0248315
7.42 -1.53619e-06 -0.00095235 0.000377237 -1.84314e-05 0.00918875 -0.023069
7.44 -3.72478e-06 -0.000866992 0.000500667 -9.0875e-05 0.0122758 -0.0209341
7.46 -5.86783e-06 -0.000769779 0.00061931 -0.000159104 0.0152431 -0.0185028
7.48 -8.20484e-06 -0.000660034 0.00072248 -0.00022598 0.0178234 -0.015758
7.5 -1.08364e-05 -0.000531567 0.000799778 -0.000290873 0.0197567 -0.012545
7.52 -1.37339e-05 -0.000375941 0.000839602 -0.000349947 0.0207528 -0.00865274
7.54 -1.681e-05 -0.000191704 0.000831052 -0.000399418 0.0205389 -0.00404492
7.56 -1.9889e-05 1.19244e-05 0.000763101 -0.000437805 0.0188394 0.00104793
7.58 -2.2656e-05 0.00022491 0.000630309 -0.000461813 0.0155183 0.00637479
7.6 -2.46918e-05 0.000442467 0.000455354 -0.000464682 0.0111425 0.011816
7.62 -2.55461e-05 0.000656952 0.000283868 -0.000442684 0.00685361 0.0171804
7.64 -2.48773e-05 0.000854188 0.0001475 -0.000397998 0.00344301 0.0221141
7.66 -2.26046e-05 0.00101836 5.05212e-05 -0.0003354 0.00101752 0.026223
7.68 -1.89886e-05 0.00113529 -1.65725e-05 -0.000258775 -0.000660521 0.0291535
7.7 -1.45255e-05 0.00119288 -6.7241e-05 -0.000169283 -0.00192776 0.0305995
7.72 -9.72364e-06 0.00118166 -0.000118657 -6.93354e-05 -0.0032137 0.030319
7.74 -4.93785e-06 0.00109932 -0.000185172 3.17841e-05 -0.00487727 0.0282598
7.76 -3.65305e-07 0.00095582 -0.000268439 0.000122152 -0.00695981 0.0246707
7.78 3.91269e-06 0.000770649 -0.000360086 0.00019563 -0.00925194 0.0200395
7.8 7.9025e-06 0.000565783 -0.000453466 0.00025309 -0.0115874 0.0149157
7.82 1.16528e-05 0.000359584 -0.000546275 0.000298418 -0.0139086 0.00975857
7.84 1.52104e-05 0.000162245 -0.000632205 0.000334948 -0.0160578 0.00482305
7.86 1.86056e-05 -2.71948e-05 -0.000696475 0.000363685 -0.0176652 8.50699e-05
7.88 2.18429e-05 -0.00021649 -0.000720671 0.000383289 -0.0182704 -0.00464927
7.9 2.48504e-05 -0.0004082 -0.000687723 0.000392537 -0.0174463 -0.00944403
7.92 2.74032e-05 -0.000594455 -0.000587236 0.000391915 -0.0149331 -0.0141024
7.94 2.91422e-05 -0.000766817 -0.000431345 0.000381096 -0.0110342 -0.0184134
7.96 2.96801e-05 -0.000925256 -0.000262715 0.000357249 -0.00681667 -0.0223767
7.98 2.87363e-05 -0.0010727 -0.000125462 0.000317963 -0.00338393 -0.0260669
8 2.62808e-05 -0.00120542 -3.41835e-05 0.00026448 -0.00110101 -0.0293935
8.02 2.26171e-05 -0.00131307 2.15977e-05 0.000200413 0.000294099 -0.0321018
8.04 1.83161e-05 -0.00138517 6.05593e-05 0.000127468 0.00126855 -0.0339257
8.06 1.39733e-05 -0.00141261 0.000102034 4.63084e-05 0.00230584 -0.0346234
8.08 9.96361e-06 -0.00138628 0.000162077 -3.7273e-05 0.00380756 -0.0339651
8.1 6.36154e-06 -0.00130131 0.000245652 -0.000112467 0.0058978 -0.0318398
8.12 3.03073e-06 -0.00116157 0.000344937 -0.000171257 0.00838095 -0.0283449
8.14 -2.8123e-07 -0.000976448 0.000448438 -0.000212825 0.0109695 -0.0237149
8.16 -3.85791e-06 -0.00075404 0.000547909 -0.000240397 0.0134574 -0.0181524
8.18 -7.9304e-06 -0.000499852 0.000634584 -0.000256973 0.0156251 -0.011795
8.2 -1.26119e-05 -0.000222021 0.000694965 -0.000264276 0.0171353 -0.00484635
8.22 -1.78415e-05 6.62647e-05 0.000716501 -0.000263315 0.0176739 0.0023638
8.24 -2.3348e-05 0.000349836 0.000693867 -0.000255358 0.0171079 0.00945605
8.26 -2.8644e-05 0.000616133 0.000628185 -0.000242748 0.0154651 0.0161165
8.28 -3.31368e-05 0.000858299 0.000532909 -0.000227967 0.0130822 0.0221753
8.3 -3.62657e-05 0.00107546 0.000432345 -0.000211242 0.0105671 0.0276172
8.32 -3.76294e-05 0.00126924 0.000344028 -0.000189823 0.00835822 0.0325029
8.34 -3.70781e-05 0.00143838 0.000268342 -0.000160416 0.00646527 0.0368442
8.36 -3.47464e-05 0.0015766 0.000196885 -0.000122075 0.00467811 0.0405395
8.38 -3.10398e-05 0.00167678 0.000124525 -7.66343e-05 0.00286837 0.0434112
8.4 -2.65053e-05 0.00173555 4.93152e-05 -2.70059e-05 0.000987334 0.0452421
8.42 -2.16272e-05 0.0017507 -2.96802e-05 2.52082e-05 -0.000988375 0.0457406
8.44 -1.68096e-05 0.0017061 -0.000110387 7.82154e-05 -0.00300689 0.0446253
8.46 -1.2349e-05 0.00158484 -0.000187993 0.000124148 -0.00494785 0.0415925
8.48 -8.28828e-06 0.00138282 -0.000259647 0.000152077 -0.00673994 0.0365399
8.5 -4.45955e-06 0.00112244 -0.000325893 0.000159243 -0.00839679 0.0300277
8.52 -5.74281e-07 0.00083807 -0.000387336 0.000152476 -0.00993348 0.0229155
8.54 3.6556e-06 0.000554232 -0.000441395 0.000140687 -0.0112855 0.0158166
8.56 8.35495e-06 0.000286184 -0.000482348 0.000130226 -0.0123098 0.00911254
8.58 1.34023e-05 4.16813e-05 -0.000503149 0.000124016 -0.01283 0.00299744
8.6 1.84378e-05 -0.00018002 -0.000494647 0.000121551 -0.0126174 -0.00254743
8.62 2.29495e-05 -0.000386271 -0.000448956 0.000120382 -0.0114746 -0.00770603
8.64 2.63987e-05 -0.000583218 -0.000368465 0.000118419 -0.00946153 -0.0126326
8.66 2.83384e-05 -0.000772898 -0.000268901 0.000113931 -0.00697138 -0.0173796
8.68 2.85359e-05 -0.000955506 -0.000168841 0.000104274 -0.00446884 -0.021957
8.7 2.70457e-05 -0.00112846 -7.70825e-05 8.68429e-05 -0.00217393 -0.0263121
8.72 2.4197e-05 -0.00128216 5.44695e-06 6.16582e-05 -0.00010983 -0.0302248
8.74 2.0505e-05 -0.0014015 7.98514e-05 3.17639e-05 0.00175106 -0.0333251
8.76 1.6513e-05 -0.00147439 0.000149915 8.00476e-07 0.00350338 -0.035268
8.78 1.2653e-05 -0.00149647 0.000221432 -2.96222e-05 0.00529205 -0.0358675
8.8 9.15735e-06 -0.00146277 0.000296383 -5.9394e-05 0.00716661 -0.0350247
8.82 6.05235e-06 -0.00136421 0.000370817 -8.4738e-05 0.00902823 -0.0325596
8.84 3.17594e-06 -0.00119907 0.000439749 -9.87717e-05 0.0107523 -0.0284292
8.86 2.61589e-07 -0.000986526 0.000500656 -0.000100633 0.0122756 -0.0231135
8.88 -2.94735e-06 -0.000754237 0.00055205 -9.67826e-05 0.013561 -0.0173038
8.9 -6.62113e-06 -0.000519425 0.000590893 -9.37795e-05 0.0145324 -0.0114311
8.92 -1.07579e-05 -0.000291046 0.000611923 -9.48945e-05 0.0150584 -0.00571924
8.94 -1.51453e-05 -7.45724e-05 0.000607533 -0.000100997 0.0149486 -0.000305146
8.96 -1.94009e-05 0.000129657 0.000570105 -0.000111253 0.0140125 0.00480273
8.98 -2.30797e-05 0.000325453 0.000502108 -0.000123383 0.0123119 0.00969973
9 -2.57565e-05 0.00051359 0.000418732 -0.000134383 0.0102266 0.0144054
9.02 -2.71038e-05 0.000689646 0.000334349 -0.000140923 0.00811614 0.01881
9.04 -2.69728e-05 0.000850171 0.000249748 -0.000139276 0.00600025 0.0228287
9.06 -2.54309e-05 0.000996118 0.00015726 -0.000126433 0.00368707 0.026489
9.08 -2.27295e-05 0.00112659 5.44577e-05 -0.000102633 0.00111595 0.0297741
9.1 -1.9205e-05 0.00123186 -5.22993e-05 -7.21271e-05 -0.00155409 0.0324431
9.12 -1.52001e-05 0.0012963 -0.000152079 -4.0137e-05 -0.00404961 0.0340912
9.14 -1.10484e-05 0.00130712 -0.000235018 -8.50667e-06 -0.00612396 0.0343693
9.16 -7.05971e-06 0.00125606 -0.000299028 2.32625e-05 -0.00772489 0.0330922
9.18 -3.46384e-06 0.00114305 -0.000353951 5.2132e-05 -0.00909852 0.0302657
9.2 -3.48652e-07 0.00098449 -0.000414597 7.29386e-05 -0.0106153 0.0263002
9.22 2.35948e-06 0.000812104 -0.000487269 8.57652e-05 -0.0124329 0.0219887
9.24 4.8721e-06 0.000649658 -0.000564881 9.61773e-05 -0.014374 0.0179259
9.26 7.45833e-06 0.000496536 -0.00063351 0.00010965 -0.0160904 0.0140962
9.28 1.03133e-05 0.000339026 -0.00067976 0.000128437 -0.0172472 0.0101569
9.3 1.34593e-05 0.000171874 -0.000693507 0.000151614 -0.017591 0.00597632
9.32 1.67133e-05 6.03365e-06 -0.000667389 0.000176231 -0.0169377 0.00182857
9.34 1.97412e-05 -0.000143793 -0.000601031 0.000198558 -0.0152781 -0.00191865
9.36 2.21317e-05 -0.000275953 -0.000506759 0.000214695 -0.0129203 -0.00522404
9.38 2.34876e-05 -0.000403399 -0.000407529 0.000221378 -0.0104385 -0.00841153
9.4 2.35543e-05 -0.000539897 -0.000321655 0.00021696 -0.00829078 -0.0118255
9.42 2.23157e-05 -0.00068645 -0.000250908 0.00020152 -0.00652139 -0.0154911
9.44 2.00256e-05 -0.00082854 -0.000187932 0.000176545 -0.00494632 -0.0190458
9.46 1.71127e-05 -0.000944275 -0.000125275 0.000144609 -0.00337926 -0.0219426
9.48 1.39991e-05 -0.0010165 -5.66715e-05 0.00010879 -0.00166344 -0.0237517
9.5 1.09585e-05 -0.00103941 2.2388e-05 7.15506e-05 0.000313868 -0.0243259
9.52 8.08485e-06 -0.00101437 0.000110593 3.42737e-05 0.00251991 -0.0236998
9.54 5.33312e-06 -0.000942043 0.000199958 -1.27876e-06 0.00475498 -0.0218908
9.56 2.57874e-06 -0.000823397 0.000281364 -3.26923e-05 0.00679097 -0.0189234
9.58 -3.29865e-07 -0.000666365 0.000349954 -5.91076e-05 0.00850643 -0.014996
9.6 -3.52664e-06 -0.000484894 0.000404579 -8.18435e-05 0.00987262 -0.0104573
9.62 -7.08328e-06 -0.000293651 0.000443946 -0.000102805 0.0108572 -0.00567424
9.64 -1.09583e-05 -0.000106769 0.000465509 -0.000123354 0.0113965 -0.00100024
9.66 -1.49611e-05 6.30199e-05 0.000467888 -0.000143981 0.011456 0.00324626
9.68 -1.87525e-05 0.000208799 0.000450618 -0.00016401 0.0110241 0.00689227
9.7 -2.19063e-05 0.000332995 0.000412908 -0.000181309 0.0100809 0.00999846
9.72 -2.40131e-05 0.000444601 0.00035774 -0.000192488 0.00870116 0.0127898
9.74 -2.47717e-05 0.000551536 0.000292098 -0.000194054 0.00705942 0.0154643
9.76 -2.40613e-05 0.000654281 0.000220203 -0.000183765 0.00526131 0.0180342
9.78 -2.1962e-05 0.000744223 0.000141237 -0.000161285 0.00328634 0.020284
9.8 -1.87199e-05 0.000806344 5.62127e-05 -0.00012824 0.00115984 0.0218381
9.82 -1.46782e-05 0.000825787 -2.70826e-05 -8.73088e-05 -0.000923414 0.0223245
9.84 -1.01925e-05 0.000795295 -9.98075e-05 -4.14439e-05 -0.00274229 0.0215619
9.86 -5.57914e-06 0.000718405 -0.000160307 5.35323e-06 -0.00425541 0.0196389
9.88 -1.10074e-06 0.000605991 -0.000215156 4.84944e-05 -0.0056272 0.0168274
9.9 3.05144e-06 0.000468985 -0.000273213 8.51544e-05 -0.00707924 0.0134008
9.92 6.79717e-06 0.000314703 -0.000339519 0.000115291 -0.00873758 0.00954212
9.94 1.01843e-05 0.000150085 -0.00041222 0.000140705 -0.0105559 0.00542495
9.96 1.33415e-05 -1.4565e-05 -0.00048256 0.000163566 -0.0123151 0.00130699
9.98 1.63841e-05 -0.000167718 -0.000538673 0.00018509 -0.0137185 -0.00252342
10 1.93297e-05 -0.000302611 -0.000572245 0.000204793 -0.0145582 -0.00589717
10.02 2.2077e-05 -0.000420506 -0.000582385 0.000220977 -0.0148118 -0.00884576
10.04 2.44413e-05 -0.000527314 -0.000571306 0.000232214 -0.0145347 -0.0115171
10.06 2.62234e-05 -0.000627234 -0.000537597 0.000237758 -0.0136916 -0.0140161
10.08 2.72471e-05 -0.000718859 -0.00047821 0.000236417 -0.0122063 -0.0163078
10.1 2.73612e-05 -0.000794929 -0.000399644 0.000226693 -0.0102413 -0.0182104
10.12 2.64392e-05 -0.000846099 -0.000318119 0.000208237 -0.00820234 -0.0194902
10.14 2.43986e-05 -0.00086681 -0.000246413 0.000181867 -0.00640895 -0.0200083
10.16 2.1268e-05 -0.000857351 -0.000188076 0.00014864 -0.00494991 -0.0197717
10.18 1.72345e-05 -0.000820021 -0.00013956 0.000110476 -0.00373651 -0.0188381
10.2 1.26083e-05 -0.000754715 -9.18872e-05 7.0656e-05 -0.0025442 -0.0172047
10.22 7.71887e-06 -0.000659305 -3.34279e-05 3.21876e-05 -0.00108211 -0.0148185
10.24 2.82243e-06 -0.000533534 4.21339e-05 -3.31932e-06 0.000807722 -0.0116729
10.26 -1.92445e-06 -0.000381727 0.000129583 -3.50825e-05 0.00299485 -0.00787616
10.28 -6.44523e-06 -0.000212344 0.000216369 -6.2596e-05 0.00516541 -0.00363982
10.3 -1.07055e-05 -3.57577e-05 0.000292464 -8.56093e-05 0.00706859 0.000776675
10.32 -1.46744e-05 0.000137933 0.000354063 -0.000104106 0.00860921 0.00512074
10.34 -1.83e-05 0.000300394 0.000399345 -0.000118337 0.00974172 0.00918396
10.36 -2.15071e-05 0.000445447 0.000424718 -0.000128988 0.0103763 0.0128118
10.38 -2.41972e-05 0.000568683 0.000426511 -0.000136926 0.0104212 0.015894
10.4 -2.62263e-05 0.00066718 0.00040228 -0.000142527 0.00981513 0.0183576
10.42 -2.73882e-05 0.000740125 0.000351404 -0.000145078 0.00854268 0.0201821
10.44 -2.74671e-05 0.000788962 0.000282767 -0.000143129 0.00682605 0.0214037
10.46 -2.63034e-05 0.000815337 0.000210882 -0.000135679 0.00502817 0.0220634
10.48 -2.38521e-05 0.0008195 0.000142382 -0.000122056 0.00331496 0.0221676
10.5 -2.02212e-05 0.000800456 7.47042e-05 -0.000101144 0.00162232 0.0216913
10.52 -1.56597e-05 0.000757188 4.29589e-06 -7.25707e-05 -0.000138624 0.0206091
10.54 -1.05064e-05 0.000690528 -6.92779e-05 -3.83184e-05 -0.00197873 0.0189419
10.56 -5.11379e-06 0.000603208 -0.000147428 -1.82653e-06 -0.00393331 0.016758
10.58 2.04256e-07 0.000497457 -0.000232273 3.39372e-05 -0.00605531 0.0141131
10.6 5.1978e-06 0.000373146 -0.000321212 6.71985e-05 -0.00827971 0.011004
10.62 9.70623e-06 0.000229247 -0.000405847 9.72084e-05 -0.0103965 0.00740509
10.64 1.36793e-05 6.76685e-05 -0.000477434 0.000123787 -0.0121869 0.00336394
10.66 1.71548e-05 -0.000103597 -0.00053068 0.000146838 -0.0135186 -0.000919474
10.68 2.01898e-05 -0.000270396 -0.000563121 0.000166371 -0.0143299 -0.00509119
10.7 2.27912e-05 -0.000416744 -0.000574851 0.000183041 -0.0146233 -0.00875143
10.72 2.48865e-05 -0.000532168 -0.000568654 0.000198185 -0.0144683 -0.0116382
10.74 2.63301e-05 -0.000616456 -0.000544464 0.00021273 -0.0138633 -0.0137463
10.76 2.69594e-05 -0.000677586 -0.000499439 0.000225638 -0.0127372 -0.0152752
10.78 2.66324e-05 -0.000723568 -0.000433193 0.000234157 -0.0110804 -0.0164253
10.8 2.52477e-05 -0.000755927 -0.00035098 0.000235874 -0.00902422 -0.0172346
10.82 2.27711e-05 -0.000772226 -0.000260306 0.000229216 -0.00675642 -0.0176423
10.84 1.92648e-05 -0.000771934 -0.000166237 0.000212726 -0.00440372 -0.017635
10.86 1.49231e-05 -0.000756998 -7.35621e-05 0.000185475 -0.00208588 -0.0172614
10.88 1.00566e-05 -0.000727628 1.42961e-05 0.000148452 0.000111486 -0.0165268
10.9 5.02092e-06 -0.000678781 9.78928e-05 0.000104909 0.00220227 -0.0153052
10.92 1.26556e-07 -0.00060155 0.000179409 5.87588e-05 0.00424104 -0.0133736
10.94 -4.42091e-06 -0.000489763 0.000257423 1.31283e-05 0.0061922 -0.0105777
10.96 -8.53253e-06 -0.000347482 0.000327867 -2.98247e-05 0.00795403 -0.00701924
10.98 -1.22039e-05 -0.000190208 0.000389369 -6.87607e-05 0.00949222 -0.00308575
11 -1.54572e-05 -3.73705e-05 0.000443709 -0.000103076 0.0108513 0.000736779
11.02 -1.82922e-05 9.74533e-05 0.000490476 -0.00013278 0.0120209 0.00410878
11.04 -2.06727e-05 0.00021127 0.00052399 -0.000158362 0.0128592 0.00695539
11.06 -2.25397e-05 0.00030976 0.000535768 -0.00018047 0.0131537 0.00941867
11.08 -2.38049e-05 0.000400683 0.000514736 -0.000199497 0.0126277 0.0116927
11.1 -2.43586e-05 0.000487664 0.000452398 -0.000214639 0.0110686 0.0138681
11.12 -2.4083e-05 0.000567773 0.00035502 -0.000223505 0.00863314 0.0158717
11.14 -2.28765e-05 0.000632835 0.000243818 -0.000223874 0.00585193 0.0174989
11.16 -2.06937e-05 0.00067576 0.000137744 -0.000214683 0.00319898 0.0185725
11.18 -1.75803e-05 0.00069674 4.14006e-05 -0.000195171 0.00078938 0.0190973
11.2 -1.37069e-05 0.000701759 -4.73665e-05 -0.000164196 -0.00143072 0.0192228
11.22 -9.34451e-06 0.000695459 -0.000129742 -0.00012122 -0.00349098 0.0190653
11.24 -4.78709e-06 0.000676475 -0.000208706 -6.84571e-05 -0.0054659 0.0185905
11.26 -2.88287e-07 0.000639143 -0.000290087 -1.06243e-05 -0.00750127 0.0176568
11.28 3.95338e-06 0.00057838 -0.000375934 4.77149e-05 -0.00964834 0.016137
11.3 7.79277e-06 0.000494402 -0.000461807 0.000103624 -0.0117961 0.0140367
11.32 1.11433e-05 0.000394568 -0.000543192 0.00015532 -0.0138315 0.0115398
11.34 1.39746e-05 0.000289367 -0.000619248 0.000201391 -0.0157337 0.00890871
11.36 1.62978e-05 0.000184803 -0.000687053 0.000240687 -0.0174295 0.00629353
11.38 1.81599e-05 7.89491e-05 -0.000736901 0.000272651 -0.0186763 0.00364608
11.4 1.96436e-05 -3.32047e-05 -0.000757574 0.000297552 -0.0191933 0.000841063
11.42 2.08237e-05 -0.000151403 -0.000741428 0.000316354 -0.0187895 -0.00211512
11.44 2.17082e-05 -0.000267068 -0.000684436 0.000329697 -0.0173641 -0.00500795
11.46 2.22179e-05 -0.000367628 -0.000592429 0.000336614 -0.015063 -0.00752299
11.48 2.21723e-05 -0.000442622 -0.000484311 0.000335015 -0.0123589 -0.00939864
11.5 2.13343e-05 -0.000489857 -0.000379616 0.000323141 -0.00974042 -0.01058
11.52 1.95067e-05 -0.00051982 -0.000284152 0.000299715 -0.00735284 -0.0113294
11.54 1.66382e-05 -0.000550177 -0.000193959 0.000263454 -0.00509706 -0.0120886
11.56 1.28846e-05 -0.000590213 -0.000107421 0.000214013 -0.00293272 -0.0130899
11.58 8.55756e-06 -0.000631592 -2.41428e-05 0.000153752 -0.000849893 -0.0141249
11.6 4.03103e-06 -0.000657182 6.14265e-05 8.74086e-05 0.00129023 -0.0147649
11.62 -3.30889e-07 -0.00065587 0.000155825 1.99708e-05 0.00365119 -0.0147321
11.64 -4.23081e-06 -0.000626339 0.000257508 -4.45478e-05 0.0061943 -0.0139935
11.66 -7.50648e-06 -0.000570698 0.000358529 -0.000103017 0.00872088 -0.0126019
11.68 -1.01703e-05 -0.000489442 0.000452676 -0.000153104 0.0110756 -0.0105696
11.7 -1.23772e-05 -0.000382484 0.000536242 -0.000193663 0.0131656 -0.00789456
11.72 -1.43456e-05 -0.00025308 0.000603511 -0.00022498 0.014848 -0.00465812
11.74 -1.6283e-05 -0.000110606 0.000647818 -0.000248421 0.0159561 -0.00109478
11.76 -1.83269e-05 3.10138e-05 0.000666314 -0.000265577 0.0164187 0.00244718
11.78 -2.04785e-05 0.000159667 0.00065698 -0.000277461 0.0161853 0.00566487
11.8 -2.25597e-05 0.000272019 0.00061161 -0.000283941 0.0150506 0.00847483
11.82 -2.42544e-05 0.000374489 0.000525738 -0.000283585 0.0129029 0.0110376
11.84 -2.51719e-05 0.000475948 0.000412638 -0.000274388 0.0100742 0.0135752
11.86 -2.49511e-05 0.000579585 0.000295989 -0.000254593 0.00715673 0.0161672
11.88 -2.33864e-05 0.000681579 0.000190919 -0.000222935 0.00452889 0.0187181
11.9 -2.05198e-05 0.000774655 9.90635e-05 -0.000179009 0.00223155 0.0210461
11.92 -1.66617e-05 0.000851229 1.58149e-05 -0.000123726 0.00014947 0.0229614
11.94 -1.22739e-05 0.000904217 -6.73176e-05 -5.96465e-05 -0.00192971 0.0242868
11.96 -7.7965e-06 0.000926983 -0.000160428 8.57895e-06 -0.00425843 0.0248564
11.98 -3.5303e-06 0.000914249 -0.000267558 7.50206e-05 -0.0069378 0.0245379
12 3.85051e-07 0.000864005 -0.000382368 0.000134708 -0.00980925 0.0232812
12.02 3.94078e-06 0.000779789 -0.000495395 0.000185006 -0.0126361 0.021175
12.04 7.20189e-06 0.000671349 -0.000602827 0.000225263 -0.015323 0.0184628
12.06 1.02467e-05 0.000550848 -0.000704817 0.000255999 -0.0178738 0.0154491
12.08 1.31367e-05 0.000426542 -0.00079794 0.000278596 -0.0202029 0.0123401
12.1 1.59184e-05 0.00029996 -0.000873217 0.000295048 -0.0220857 0.00917426
12.12 1.86223e-05 0.000169041 -0.000920797 0.000307207 -0.0232757 0.00589991
12.14 2.12357e-05 3.31515e-05 -0.000934384 0.000315964 -0.0236156 0.00250126
12.16 2.36364e-05 -0.000104571 -0.000908499 0.000321139 -0.0229682 -0.000943245
12.18 2.5583e-05 -0.000238551 -0.000838669 0.000321756 -0.0212217 -0.00429413
12.2 2.68262e-05 -0.000364305 -0.000734678 0.000316069 -0.0186208 -0.00743929
12.22 2.71262e-05 -0.000480817 -0.000620198 0.000301992 -0.0157576 -0.0103533
12.24 2.62974e-05 -0.000590004 -0.000513865 0.000278037 -0.0130982 -0.0130841
12.26 2.42951e-05 -0.000693429 -0.000417329 0.000243864 -0.0106838 -0.0156709
12.28 2.12404e-05 -0.000787962 -0.000323793 0.000200412 -0.00834444 -0.0180353
12.3 1.74096e-05 -0.000864566 -0.000230292 0.000149638 -0.00600593 -0.0199515
12.32 1.31305e-05 -0.000911506 -0.00013575 9.44344e-05 -0.0036414 -0.0211257
12.34 8.69119e-06 -0.000919248 -3.76542e-05 3.89866e-05 -0.00118798 -0.0213194
12.36 4.30895e-06 -0.000884416 6.51647e-05 -1.20383e-05 0.00138356 -0.0204482
12.38 1.45977e-07 -0.000811132 0.000170911 -5.53432e-05 0.00402832 -0.0186154
12.4 -3.69134e-06 -0.000709028 0.000278712 -8.98563e-05 0.00672448 -0.0160617
12.42 -7.16695e-06 -0.000588859 0.000389274 -0.000116344 0.00948967 -0.0130562
12.44 -1.03154e-05 -0.000458402 0.000498791 -0.000136756 0.0122287 -0.00979345
12.46 -1.32188e-05 -0.00032211 0.000595329 -0.000153596 0.0146432 -0.00638473
12.48 -1.59614e-05 -0.00018403 0.000664532 -0.000169014 0.016374 -0.00293129
12.5 -1.8572e-05 -4.98533e-05 0.000697977 -0.000183868 0.0172105 0.000424531
12.52 -2.09732e-05 7.38384e-05 0.000694102 -0.000197569 0.0171136 0.00351811
12.54 -2.29501e-05 0.000181197 0.000649709 -0.000208927 0.0160033 0.0062032
12.56 -2.4224e-05 0.000269989 0.000563241 -0.000216036 0.0138407 0.00842391
12.58 -2.45075e-05 0.000343112 0.000447815 -0.000215787 0.0109538 0.0102528
12.6 -2.35608e-05 0.000404906 0.000330368 -0.000205635 0.00801643 0.0117983
12.62 -2.12766e-05 0.000457903 0.00022908 -0.000184723 0.00548317 0.0131237
12.64 -1.7741e-05 0.000502807 0.00014298 -0.000153223 0.00332977 0.0142468
12.66 -1.32886e-05 0.000538553 6.67039e-05 -0.000112101 0.00142208 0.0151409
12.68 -8.42546e-06 0.000562006 -5.2237e-06 -6.37694e-05 -0.000376859 0.0157274
12.7 -3.65899e-06 0.000569218 -8.38625e-05 -1.25233e-05 -0.00234365 0.0159078
12.72 6.39411e-07 0.000558963 -0.000181343 3.68043e-05 -0.00478168 0.0156513
12.74 4.26678e-06 0.000534836 -0.00029819 8.09362e-05 -0.00770406 0.0150479
12.76 7.17172e-06 0.000502019 -0.000422169 0.000118845 -0.0108048 0.0142271
12.78 9.43132e-06 0.000461486 -0.000538525 0.000150907 -0.0137149 0.0132134
12.8 1.12094e-05 0.000409281 -0.000636633 0.00017793 -0.0161687 0.0119077
12.82 1.26925e-05 0.000342782 -0.00070924 0.00020103 -0.0179846 0.0102445
12.84 1.40325e-05 0.000266229 -0.000751649 0.000221843 -0.0190453 0.00832992
12.86 1.53102e-05 0.000188865 -0.000762901 0.00024198 -0.0193267 0.00639502
12.88 1.64767e-05 0.000118474 -0.000740943 0.000262069 -0.0187775 0.00463453
12.9 1.73507e-05 5.6275e-05 -0.000681031 0.000281129 -0.0172791 0.00307889
12.92 1.77006e-05 -3.17739e-06 -0.000587003 0.000296405 -0.0149274 0.00159196
12.94 1.72661e-05 -6.6482e-05 -0.000475478 0.000304074 -0.0121381 8.68926e-06
12.96 1.58262e-05 -0.000136384 -0.000364274 0.000300371 -0.00935687 -0.00173958
12.98 1.33087e-05 -0.00021207 -0.000261283 0.000282395 -0.00678102 -0.00363254
13 9.86123e-06 -0.000290595 -0.000167767 0.000248982 -0.00444215 -0.00559648
13.02 5.84959e-06 -0.000365361 -8.29271e-05 0.000201458 -0.00232028 -0.00746641
13.04 1.73135e-06 -0.000425069 -8.6898e-07 0.000143377 -0.000267968 -0.00895971
13.06 -2.09395e-06 -0.00045774 8.6861e-05 7.964e-05 0.0019262 -0.00977683
13.08 -5.37607e-06 -0.000457771 0.000182708 1.56331e-05 0.00432338 -0.00977761
13.1 -8.0295e-06 -0.000429225 0.000281355 -4.38965e-05 0.00679056 -0.00906367
13.12 -1.01107e-05 -0.000382021 0.000376955 -9.58382e-05 0.00918158 -0.00788307
13.14 -1.17676e-05 -0.000325804 0.000467062 -0.000139017 0.0114352 -0.00647707
13.16 -1.31733e-05 -0.000267511 0.000548961 -0.00017415 0.0134835 -0.00501913
13.18 -1.44718e-05 -0.000212158 0.000616705 -0.000203411 0.0151778 -0.00363473
13.2 -1.57468e-05 -0.000163401 0.000663128 -0.000229116 0.0163389 -0.00241528
13.22 -1.69978e-05 -0.000122945 0.000682043 -0.000252159 0.016812 -0.00140347
13.24 -1.80968e-05 -8.9948e-05 0.000665245 -0.000271766 0.0163918 -0.000578205
13.26 -1.87826e-05 -5.99294e-05 0.00060225 -0.000286236 0.0148163 0.000172572
13.28 -1.87677e-05 -2.3174e-05 0.000496015 -0.000292959 0.0121593 0.00109184
13.3 -1.78218e-05 3.27719e-05 0.000368433 -0.000288581 0.00896843 0.00249107
13.32 -1.58468e-05 0.000115864 0.000242424 -0.000270225 0.0058169 0.00456923
13.34 -1.29461e-05 0.000223465 0.000127155 -0.000236764 0.00293396 0.00726039
13.36 -9.42371e-06 0.000342129 2.28398e-05 -0.000189261 0.000325004 0.0102282
13.38 -5.71164e-06 0.000453905 -7.03695e-05 -0.000130471 -0.0020062 0.0130238
13.4 -2.2136e-06 0.000545156 -0.000155755 -6.3974e-05 -0.00414174 0.015306
13.42 8.12798e-07 0.000612103 -0.000241831 5.95104e-06 -0.00629453 0.0169804
13.44 3.26747e-06 0.000659675 -0.000335343 7.44498e-05 -0.0086333 0.0181702
13.46 5.15663e-06 0.000694364 -0.00043596 0.000137406 -0.0111498 0.0190378
13.48 6.56037e-06 0.000715961 -0.00054008 0.000192565 -0.0137539 0.0195779
13.5 7.62177e-06 0.000715947 -0.000644092 0.000239307 -0.0163552 0.0195776
13.52 8.52443e-06 0.000685462 -0.000740572 0.000278086 -0.0187683 0.0188151
13.54 9.45166e-06 0.000624891 -0.000816053 0.000310081 -0.0206561 0.0173002
13.56 1.05398e-05 0.000544015 -0.000857251 0.000336462 -0.0216865 0.0152775
13.58 1.18009e-05 0.000452689 -0.000855561 0.000357568 -0.0216442 0.0129934
13.6 1.31318e-05 0.000352558 -0.000807609 0.000372946 -0.0204449 0.0104891
13.62 1.43338e-05 0.000236631 -0.000713328 0.000380825 -0.0180869 0.0075897
13.64 1.51541e-05 9.79784e-05 -0.000583853 0.000378262 -0.0148487 0.00412193
13.66 1.53637e-05 -6.02246e-05 -0.00044392 0.000363065 -0.0113489 0.000165202
13.68 1.47902e-05 -0.000226358 -0.000313935 0.000333645 -0.00809796 -0.00398986
13.7 1.33877e-05 -0.000389761 -0.00020403 0.000288534 -0.00534918 -0.00807663
13.72 1.12952e-05 -0.000545874 -0.00011931 0.000228185 -0.00323028 -0.0119811
13.74 8.82774e-06 -0.000694351 -5.60115e-05 0.000156021 -0.00164717 -0.0156946
13.76 6.37532e-06 -0.000833395 4.03397e-06 7.73106e-05 -0.000145408 -0.0191722
13.78 4.27976e-06 -0.000956131 8.30921e-05 -2.17473e-06 0.00183187 -0.0222422
13.8 2.73507e-06 -0.00105314 0.00019035 -7.67793e-05 0.00451444 -0.0246692
13.82 1.73252e-06 -0.00111845 0.000318362 -0.00014198 0.00771607 -0.0263039
13.84 1.0736e-06 -0.00115175 0.000452648 -0.000195333 0.0110746 -0.0271377
13.86 4.5997e-07 -0.0011552 0.00057957 -0.000236377 0.014249 -0.0272241
13.88 -3.90965e-07 -0.00113024 0.000687764 -0.00026593 0.016955 -0.0266
13.9 -1.67212e-06 -0.00107789 0.000768811 -0.000285683 0.018982 -0.0252905
13.92 -3.47168e-06 -0.00100017 0.000818387 -0.000298084 0.020222 -0.0233468
13.94 -5.79017e-06 -0.000898465 0.000834603 -0.000305426 0.0206275 -0.020803
13.96 -8.54134e-06 -0.00077045 0.000813354 -0.000308474 0.0200961 -0.0176013
13.98 -1.14691e-05 -0.000612303 0.00074531 -0.000306487 0.0183943 -0.013646
14 -1.42011e-05 -0.000424882 0.000635971 -0.000298177 0.0156597 -0.00895854
14.02 -1.63874e-05 -0.000217547 0.000519496 -0.000281795 0.0127466 -0.00377302
14.04 -1.77112e-05 -6.59838e-06 0.000426564 -0.00025502 0.0104223 0.0015029
14.06 -1.79888e-05 0.000193646 0.000360653 -0.000215871 0.00877385 0.0065111
14.08 -1.72718e-05 0.000382125 0.000306187 -0.000164007 0.00741165 0.0112251
14.1 -1.58219e-05 0.00057067 0.000242414 -0.000101604 0.00581666 0.0159408
14.12 -1.39878e-05 0.000767604 0.000152445 -3.37021e-05 0.00356648 0.0208671
14.14 -1.20548e-05 0.000961649 3.05589e-05 3.27135e-05 0.000518064 0.0257246
14.16 -1.0196e-05 0.00112477 -0.000110188 9.1384e-05 -0.00300209 0.0298178
14.18 -8.49696e-06 0.0012316 -0.000244141 0.000139482 -0.00635229 0.0325119
14.2 -6.99287e-06 0.00127582 -0.000351659 0.000177376 -0.00904136 0.0336327
14.22 -5.68143e-06 0.00126858 -0.000431003 0.000205934 -0.0110258 0.0334516
14.24 -4.5061e-06 0.00122296 -0.000492172 0.000224973 -0.0125557 0.0323107
14.26 -3.31704e-06 0.00114296 -0.000544377 0.000234584 -0.0138613 0.0303099
14.28 -1.86568e-06 0.00102889 -0.000590657 0.00023774 -0.0150188 0.027457
14.3 1.19499e-07 0.000888904 -0.000628101 0.000239574 -0.0159553 0.0239558
14.32 2.78966e-06 0.000736945 -0.00064715 0.000242889 -0.0164317 0.0201552
14.34 6.05314e-06 0.000581089 -0.00063244 0.000245802 -0.0160638 0.0162572
14.36 9.56762e-06 0.000416377 -0.000572572 0.000243776 -0.0145665 0.0121377
14.38 1.28045e-05 0.000228365 -0.000471436 0.000232543 -0.0120371 0.00743545
14.4 1.52164e-05 3.28801e-06 -0.000351294 0.000209496 -0.00903224 0.00180617
14.42 1.64462e-05 -0.000260534 -0.000236138 0.000174051 -0.00615215 -0.00479213
14.44 1.64485e-05 -0.000545319 -0.000135818 0.000127813 -0.0036431 -0.0119148
14.46 1.55006e-05 -0.00081756 -5.18276e-05 7.4525e-05 -0.00154247 -0.0187247
14.48 1.40646e-05 -0.00104332 1.62547e-05 1.96993e-05 0.000160298 -0.0243774
14.5 1.257e-05 -0.00120405 7.28542e-05 -3.05586e-05 0.00157588 -0.0284154
14.52 1.12567e-05 -0.00130099 0.000127486 -7.20569e-05 0.00294223 -0.0308663
14.54 1.01592e-05 -0.00134683 0.000188412 -0.000104795 0.00446602 -0.0320326
14.56 9.16944e-06 -0.00135235 0.000258128 -0.000131601 0.00620965 -0.0321736
14.58 8.08569e-06 -0.00131809 0.000335847 -0.000153427 0.00815344 -0.0313168
14.6 6.64519e-06 -0.00124165 0.000419108 -0.000168409 0.0102358 -0.029405
14.62 4.6253e-06 -0.00112997 0.000499496 -0.00017621 0.0122464 -0.0266119
14.64 1.92403e-06 -0.000995808 0.000560491 -0.000179457 0.0137719 -0.0232564
14.66 -1.40204e-06 -0.000842713 0.000583274 -0.000180668 0.0143417 -0.0194274
14.68 -5.09809e-06 -0.000661181 0.000552043 -0.000180029 0.0135606 -0.0148872
14.7 -8.75359e-06 -0.000440906 0.000462031 -0.000175816 0.0113094 -0.00937805
14.72 -1.19092e-05 -0.000185344 0.000332315 -0.000166056 0.0080651 -0.00298634
14.74 -1.4201e-05 8.78606e-05 0.000204578 -0.000149603 0.00487034 0.00384662
14.76 -1.54736e-05 0.000357624 0.000111722 -0.000126091 0.00254798 0.0105936
14.78 -1.58079e-05 0.000607109 5.28087e-05 -9.56899e-05 0.00107453 0.0168338
14.8 -1.54719e-05 0.000824791 7.00274e-06 -5.92317e-05 -7.10965e-05 0.0222809
14.82 -1.47811e-05 0.00100423 -4.36129e-05 -1.8429e-05 -0.00133701 0.026778
14.84 -1.39212e-05 0.00114265 -0.00010728 2.41392e-05 -0.00292935 0.0302603
14.86 -1.28784e-05 0.00123771 -0.000184983 6.57233e-05 -0.00487274 0.0326669
14.88 -1.15373e-05 0.00128721 -0.000270625 0.000104504 -0.00701468 0.0339287
14.9 -9.82416e-06 0.00129168 -0.000354726 0.000139283 -0.00911807 0.0340429
14.92 -7.74785e-06 0.00125195 -0.000432268 0.00016791 -0.0110574 0.0330493
14.94 -5.35369e-06 0.00116413 -0.000502431 0.000187268 -0.0128123 0.0308529
14.96 -2.63932e-06 0.0010201 -0.000559457 0.000195867 -0.0142385 0.0272505
14.98 4.57368e-07 0.000822082 -0.000590524 0.000196165 -0.0150155 0.0222981
15 3.96616e-06 0.000590298 -0.000585304 0.000192847 -0.0148849 0.016501
15.02 7.75681e-06 0.000352698 -0.000540811 0.000189142 -0.0137722 0.0105586
15.04 1.15001e-05 0.000129133 -0.000463615 0.000185712 -0.0118414 0.00496711
15.06 1.47588e-05 -7.86895e-05 -0.000371598 0.000181508 -0.00954005 -0.000230615
15.08 1.71294e-05 -0.000284275 -0.000283768 0.000174466 -0.00734339 -0.0053724
15.1 1.83923e-05 -0.000501194 -0.00021002 0.00016197 -0.00549893 -0.0107977
15.12 1.85723e-05 -0.000727496 -0.000148277 0.000141628 -0.00395471 -0.0164581
15.14 1.78982e-05 -0.000944386 -8.7938e-05 0.00011234 -0.0024456 -0.0218856
15.16 1.66836e-05 -0.00112866 -1.78038e-05 7.52738e-05 -0.000691518 -0.026506
15.18 1.51845e-05 -0.00126485 6.68017e-05 3.38857e-05 0.0014245 -0.0299384
15.2 1.35134e-05 -0.00134838 0.000161005 -7.81475e-06 0.00378056 -0.0320614
15.22 1.16438e-05 -0.00138094 0.000254247 -4.78597e-05 0.00611258 -0.0328948
15.24 9.4698e-06 -0.0013607 0.000337591 -8.54743e-05 0.00819706 -0.0323887
15.26 6.86429e-06 -0.00127922 0.000407591 -0.000116986 0.00994779 -0.0303509
15.28 3.75378e-06 -0.001135 0.000464002 -0.000137298 0.0113586 -0.0267438
15.3 1.40977e-07 -0.000942997 0.00050645 -0.000146103 0.0124203 -0.0219417
15.32 -3.91183e-06 -0.000723754 0.000533666 -0.000148151 0.013101 -0.0164584
15.34 -8.27562e-06 -0.000489211 0.000543347 -0.000148345 0.0133431 -0.0105924
15.36 -1.27254e-05 -0.000244654 0.000530318 -0.000148948 0.0130172 -0.00447591
15.38 -1.69268e-05 4.43672e-06 0.000487981 -0.000149986 0.0119584 0.00175396
15.4 -2.05335e-05 0.000253621 0.000420456 -0.000150236 0.0102695 0.00798619
15.42 -2.32839e-05 0.000501247 0.00034323 -0.000147496 0.00833809 0.0141796
15.44 -2.50431e-05 0.000741946 0.000268652 -0.000139417 0.00647286 0.0202013
15.46 -2.57977e-05 0.000961733 0.000198057 -0.000124812 0.00470724 0.0257062
15.48 -2.56155e-05 0.00114511 0.000125807 -0.000103579 0.00290025 0.030318
15.5 -2.45953e-05 0.0012846 4.61559e-05 -7.58807e-05 0.000908141 0.0338597
15.52 -2.28064e-05 0.00137982 -4.43544e-05 -4.26014e-05 -0.00135556 0.0363136
15.54 -2.0277e-05 0.00143081 -0.000142722 -5.72225e-06 -0.00381577 0.0376485
15.56 -1.70398e-05 0.00143521 -0.000237507 3.28651e-05 -0.00618638 0.0377646
15.58 -1.31724e-05 0.00138554 -0.000316169 7.03869e-05 -0.00815374 0.0365225
15.6 -8.83846e-06 0.0012743 -0.000375482 0.000101347 -0.0096372 0.0337402
15.62 -4.24611e-06 0.00109845 -0.00042209 0.000121271 -0.0108029 0.029342
15.64 4.16096e-07 0.000869274 -0.000464365 0.000131235 -0.0118602 0.0236104
15.66 5.01036e-06 0.00061151 -0.000506279 0.000136145 -0.0129085 0.0171636
15.68 9.47144e-06 0.000350526 -0.00054623 0.000140413 -0.0139077 0.0106362
15.7 1.37623e-05 0.000100465 -0.000577304 0.000145854 -0.0146848 0.00438212
15.72 1.78162e-05 -0.000136964 -0.000588813 0.000151928 -0.0149727 -0.00155608
15.74 2.14964e-05 -0.000362258 -0.00057085 0.000157282 -0.0145234 -0.00719082
15.76 2.45998e-05 -0.000569944 -0.000520179 0.000160999 -0.0132561 -0.0123854
15.78 2.68668e-05 -0.000749401 -0.000442766 0.000162069 -0.01132 -0.0168746
15.8 2.80223e-05 -0.000890169 -0.000353067 0.000158492 -0.0090766 -0.0203979
15.82 2.784e-05 -0.000986885 -0.000265581 0.000147977 -0.00688854 -0.0228211
15.84 2.62128e-05 -0.00104233 -0.000187192 0.000129542 -0.00492799 -0.0242118
15.86 2.32242e-05 -0.0010648 -0.000119354 0.000104067 -0.00323132 -0.0247761
15.88 1.91574e-05 -0.00105889 -6.11536e-05 7.33703e-05 -0.00177572 -0.0246282
15.9 1.44177e-05 -0.00101839 -9.60584e-06 4.02527e-05 -0.000486485 -0.0236154
15.92 9.42071e-06 -0.000931415 4.09775e-05 9.02995e-06 0.000778625 -0.02144
15.94 4.50202e-06 -0.000793997 9.65833e-05 -1.68755e-05 0.00216935 -0.0180031
15.96 -1.2337e-07 -0.000617297 0.000159713 -3.71067e-05 0.00374826 -0.0135838
15.98 -4.36611e-06 -0.000421735 0.000228515 -5.29054e-05 0.00546901 -0.00869271
16 -8.23603e-06 -0.000226359 0.0002984 -6.53095e-05 0.00721686 -0.00380626
16.02 -1.17891e-05 -4.02297e-05 0.000362154 -7.52331e-05 0.00881138 0.0008489
16.04 -1.50852e-05 0.000138983 0.000409479 -8.37554e-05 0.00999501 0.0053311
16.06 -1.81584e-05 0.000315489 0.000430497 -9.165e-05 0.0105207 0.00974558
16.08 -2.09774e-05 0.000482635 0.000420715 -9.92448e-05 0.010276 0.013926
16.1 -2.33893e-05 0.000622433 0.000379439 -0.000106549 0.0092437 0.0174226
16.12 -2.51262e-05 0.000719451 0.000311797 -0.000112724 0.00755193 0.0198494
16.14 -2.58679e-05 0.000772735 0.000233759 -0.000115926 0.00560018 0.0211824
16.16 -2.53335e-05 0.000793791 0.000163556 -0.000114296 0.00384436 0.0217092
16.18 -2.33869e-05 0.000795654 0.000107728 -0.000106816 0.00244808 0.0217558
16.2 -2.01043e-05 0.000783181 5.95988e-05 -9.2838e-05 0.00124435 0.0214439
16.22 -1.57746e-05 0.000750895 9.62331e-06 -7.18275e-05 -5.55591e-06 0.0206364
16.24 -1.08022e-05 0.000689016 -4.77385e-05 -4.45573e-05 -0.0014402 0.0190888
16.26 -5.5809e-06 0.000592007 -0.000114042 -1.36218e-05 -0.00309848 0.0166625
16.28 -4.21591e-07 0.000462565 -0.000186308 1.76877e-05 -0.00490588 0.0134251
16.3 4.44816e-06 0.00030882 -0.000256718 4.67284e-05 -0.00666687 0.00957992
16.32 8.86971e-06 0.000138915 -0.000318259 7.2077e-05 -0.00820604 0.00533052
16.34 1.27555e-05 -4.12776e-05 -0.000370556 9.33425e-05 -0.00951401 0.000823829
16.36 1.60946e-05 -0.000225701 -0.000416265 0.000110821 -0.0106572 -0.00378867
16.38 1.89413e-05 -0.000404325 -0.000453133 0.000125378 -0.0115793 -0.00825613
16.4 2.13752e-05 -0.000562655 -0.000473876 0.000138344 -0.0120981 -0.012216
16.42 2.34305e-05 -0.000686049 -0.00047302 0.00015107 -0.0120767 -0.0153022
16.44 2.50169e-05 -0.000766086 -0.000448948 0.000164141 -0.0114746 -0.017304
16.46 2.59171e-05 -0.000804362 -0.000404362 0.000176468 -0.0103595 -0.0182614
16.48 2.58645e-05 -0.00081005 -0.000347628 0.000185489 -0.00894055 -0.0184036
16.5 2.46527e-05 -0.000793363 -0.000288227 0.00018857 -0.00745491 -0.0179863
16.52 2.22279e-05 -0.000761031 -0.000230292 0.000183561 -0.00600593 -0.0171777
16.54 1.87125e-05 -0.000714961 -0.000172525 0.000168815 -0.00456117 -0.0160254
16.56 1.43741e-05 -0.000652306 -0.00011385 0.000144373 -0.00309367 -0.0144584
16.58 9.54902e-06 -0.000567903 -5.48142e-05 0.000112631 -0.00161716 -0.0123474
16.6 4.5592e-06 -0.000458608 5.41442e-06 7.70096e-05 -0.000110822 -0.00961394
16.62 -3.4052e-07 -0.000325841 6.83884e-05 4.05568e-05 0.00146418 -0.00629339
16.64 -4.97944e-06 -0.000175384 0.000132337 5.71951e-06 0.00306357 -0.00253038
16.66 -9.26389e-06 -1.61139e-05 0.000192416 -2.57057e-05 0.00456616 0.00145303
16.68 -1.31521e-05 0.000142077 0.000245331 -5.28178e-05 0.0058896 0.00540944
16.7 -1.66148e-05 0.000290686 0.000290877 -7.55974e-05 0.00702871 0.00912624
16.72 -1.96019e-05 0.000423414 0.000328637 -9.46631e-05 0.00797311 0.0124458
16.74 -2.20393e-05 0.000535308 0.000355414 -0.000111067 0.00864282 0.0152443
16.76 -2.38458e-05 0.000622108 0.000366501 -0.00012585 0.0089201 0.0174153
16.78 -2.49396e-05 0.00068056 0.000357972 -0.00013934 0.00870679 0.0188772
16.8 -2.52293e-05 0.000709552 0.000327977 -0.000150662 0.00795659 0.0196024
16.82 -2.46296e-05 0.00071124 0.000281347 -0.000157925 0.00679038 0.0196446
16.84 -2.30907e-05 0.000689982 0.000227346 -0.000159148 0.00543978 0.0191129
16.86 -2.06286e-05 0.000649871 0.000170395 -0.000152685 0.00401541 0.0181097
16.88 -1.73423e-05 0.000593588 0.000108965 -0.000137267 0.00247903 0.0167021
16.9 -1.34003e-05 0.000522519 4.29757e-05 -0.000112747 0.000828602 0.0149246
16.92 -9.00308e-06 0.000436927 -2.23076e-05 -8.04634e-05 -0.000804161 0.0127839
16.94 -4.34653e-06 0.000336361 -8.20727e-05 -4.27741e-05 -0.00229891 0.0102687
16.96 3.79552e-07 0.000220908 -0.000136731 -2.53277e-06 -0.00366594 0.00738121
16.98 4.9771e-06 9.23194e-05 -0.000189756 3.73839e-05 -0.00499212 0.00416515
17 9.25371e-06 -4.59196e-05 -0.000243097 7.45629e-05 -0.0063262 0.000707732
17.02 1.30677e-05 -0.000188691 -0.00029583 0.000107307 -0.00764508 -0.00286305
17.04 1.6355e-05 -0.000328982 -0.000345354 0.000134645 -0.0088837 -0.00637179
17.06 1.91075e-05 -0.000458413 -0.000388465 0.00015641 -0.00996192 -0.0096089
17.08 2.1326e-05 -0.000568962 -0.00042208 0.000173316 -0.0108026 -0.0123738
17.1 2.29931e-05 -0.000654435 -0.000444003 0.000186533 -0.0113509 -0.0145115
17.12 2.40764e-05 -0.000710775 -0.000452881 0.000196825 -0.011573 -0.0159206
17.14 2.45368e-05 -0.000735871 -0.000446586 0.000204016 -0.0114155 -0.0165483
17.16 2.43243e-05 -0.000729915 -0.000421741 0.000207041 -0.0107942 -0.0163993
17.18 2.33723e-05 -0.000695651 -0.000378299 0.000204183 -0.00970766 -0.0155424
17.2 2.16053e-05 -0.000637465 -0.000323471 0.000193682 -0.00833637 -0.0140871
17.22 1.89762e-05 -0.000560212 -0.000267515 0.000174942 -0.00693689 -0.012155
17.24 1.5518e-05 -0.000468105 -0.000216613 0.000149001 -0.00566383 -0.00985133
17.26 1.13715e-05 -0.00036348 -0.000171067 0.000117485 -0.00452469 -0.00723463
17.28 6.76745e-06 -0.000246546 -0.000127569 8.19286e-05 -0.0034368 -0.00431006
17.3 1.96534e-06 -0.000117639 -8.18273e-05 4.4263e-05 -0.00229277 -0.00108603
17.32 -2.80001e-06 1.91697e-05 -3.12719e-05 7.05874e-06 -0.00102836 0.0023356
17.34 -7.33345e-06 0.000155425 2.34143e-05 -2.71053e-05 0.000339362 0.0057434
17.36 -1.1468e-05 0.000282366 7.95134e-05 -5.63934e-05 0.00174243 0.00891824
17.38 -1.5061e-05 0.000395812 0.000134508 -7.9957e-05 0.00311786 0.0117556
17.4 -1.8008e-05 0.00049654 0.000185931 -9.78127e-05 0.00440396 0.0142748
17.42 -2.02608e-05 0.000585515 0.000229448 -0.000110595 0.00549236 0.0165002
17.44 -2.18252e-05 0.000658894 0.000259318 -0.00011917 0.00623942 0.0183354
17.46 -2.27343e-05 0.000708024 0.000272063 -0.000124215 0.00655816 0.0195642
17.48 -2.30074e-05 0.000724426 0.000268924 -0.000126014 0.00647966 0.0199745
17.5 -2.26231e-05 0.000705235 0.000252804 -0.000124382 0.00607649 0.0194945
17.52 -2.15308e-05 0.000654779 0.000225161 -0.000118545 0.00538513 0.0182326
17.54 -1.96857e-05 0.000581036 0.000187408 -0.000107707 0.00444092 0.0163882
17.56 -1.70735e-05 0.000489818 0.00014256 -9.18972e-05 0.00331924 0.0141068
17.58 -1.37134e-05 0.000382225 9.41651e-05 -7.16038e-05 0.00210887 0.0114159
17.6 -9.66185e-06 0.000257808 4.4801e-05 -4.71757e-05 0.000874253 0.00830417
17.62 -5.03735e-06 0.000119335 -3.34313e-06 -1.91527e-05 -0.000329852 0.0048409
17.64 -4.26353e-08 -2.65463e-05 -4.89626e-05 1.12063e-05 -0.00147081 0.00119234
17.66 5.04881e-06 -0.000173115 -9.36076e-05 4.18948e-05 -0.00258741 -0.00247341
17.68 9.94116e-06 -0.000317028 -0.000140886 7.05896e-05 -0.00376985 -0.00607272
17.7 1.43748e-05 -0.000457757 -0.000192456 9.53261e-05 -0.00505964 -0.00959242
17.72 1.81713e-05 -0.000594156 -0.000245399 0.000115106 -0.00638377 -0.0130038
17.74 2.12482e-05 -0.000721515 -0.000293672 0.000129982 -0.00759109 -0.0161892
17.76 2.35945e-05 -0.000831001 -0.000331339 0.000140596 -0.00853316 -0.0189275
17.78 2.5223e-05 -0.000911387 -0.000354974 0.00014775 -0.00912429 -0.0209382
17.8 2.61276e-05 -0.000952434 -0.000364545 0.000152274 -0.00936366 -0.021965
17.82 2.62666e-05 -0.000948337 -0.000362257 0.000154853 -0.00930643 -0.0218626
17.84 2.55654e-05 -0.00089875 -0.000348994 0.000155234 -0.00897473 -0.0206224
17.86 2.39378e-05 -0.00080828 -0.000323287 0.000152115 -0.00833179 -0.0183597
17.88 2.13231e-05 -0.000685397 -0.00028563 0.000144794 -0.00738996 -0.0152863
17.9 1.77212e-05 -0.000539012 -0.000240876 0.0001338 -0.00627064 -0.0116252
17.92 1.32128e-05 -0.000375131 -0.000194828 0.000119601 -0.00511897 -0.00752644
17.94 7.96943e-06 -0.000196847 -0.000150223 0.000101962 -0.00400339 -0.00306747
17.96 2.25284e-06 -6.97545e-06 -0.000106857 8.06791e-05 -0.00291877 0.00168129
17.98 -3.61445e-06 0.000189088 -6.33038e-05 5.63665e-05 -0.00182949 0.00658493
18 -9.30457e-06 0.000382691 -1.74391e-05 3.05968e-05 -0.000682399 0.011427
18.02 -1.4537e-05 0.000564356 3.231e-05 5.50087e-06 0.000561848 0.0159706
18.04 -1.91052e-05 0.000727552 8.47853e-05 -1.70326e-05 0.00187428 0.0200525
18.06 -2.28799e-05 0.000869799 0.00013591 -3.61482e-05 0.00315292 0.0236112
18.08 -2.58009e-05 0.000989573 0.000180986 -5.20954e-05 0.00428031 0.0266095
18.1 -2.78591e-05 0.0010825 0.000216379 -6.55298e-05 0.00516549 0.0289384
18.12 -2.90737e-05 0.00114109 0.000239635 -7.68553e-05 0.00574712 0.0304093
18.14 -2.94705e-05 0.00115798 0.000249878 -8.62018e-05 0.00600331 0.0308337
18.16 -2.90621e-05 0.00112876 0.000248364 -9.36866e-05 0.00596544 0.0301029
18.18 -2.78345e-05 0.00105342 0.000236823 -9.90327e-05 0.00567679 0.0282185
18.2 -2.57567e-05 0.000937486 0.000215281 -0.000101416 0.00513804 0.0253191
18.22 -2.28112e-05 0.000790397 0.000183724 -0.000100557 0.00434876 0.0216403
18.24 -1.90151e-05 0.000619697 0.000144015 -9.69011e-05 0.00335563 0.017371
18.26 -1.44255e-05 0.000429219 9.89279e-05 -9.03823e-05 0.00222799 0.0126071
18.28 -9.15004e-06 0.000223945 5.05376e-05 -8.0026e-05 0.00101773 0.00747309
18.3 -3.3646e-06 1.31571e-05 -1.3886e-07 -6.48737e-05 -0.000249712 0.0022012
18.32 2.68363e-06 -0.000192813 -5.27951e-05 -4.4972e-05 -0.00156667 -0.0029502
18.34 8.69999e-06 -0.000387304 -0.000107771 -2.15939e-05 -0.00294163 -0.00781451
18.36 1.43833e-05 -0.000567882 -0.000164926 3.31294e-06 -0.00437111 -0.0123309
18.38 1.94682e-05 -0.000733482 -0.000222154 2.80445e-05 -0.0058024 -0.0164729
18.4 2.37575e-05 -0.000881766 -0.00027574 5.17399e-05 -0.00714261 -0.0201827
18.42 2.71326e-05 -0.00100799 -0.000322449 7.42153e-05 -0.00831083 -0.0233427
18.44 2.95415e-05 -0.0011052 -0.000360576 9.54107e-05 -0.0092644 -0.0257793
18.46 3.09787e-05 -0.00116598 -0.000389079 0.000115157 -0.00997727 -0.0273055
18.48 3.14693e-05 -0.00118531 -0.000406773 0.000133326 -0.0104198 -0.0277915
18.5 3.10537e-05 -0.00116131 -0.000412788 0.000150042 -0.0105702 -0.0271914
18.52 2.9763e-05 -0.00109295 -0.00040673 0.000165408 -0.0104187 -0.0254818
18.54 2.7605e-05 -0.000981039 -0.000387899 0.00017825 -0.00994776 -0.0226828
18.56 2.45836e-05 -0.000832983 -0.000356833 0.000186415 -0.00917078 -0.0189798
18.58 2.07307e-05 -0.000660686 -0.000316069 0.000189079 -0.00815126 -0.0146706
18.6 1.6126e-05 -0.000473648 -0.000268508 0.000186625 -0.00696173 -0.00999271
18.62 1.09069e-05 -0.000277681 -0.000216189 0.000178799 -0.00565321 -0.00509148
18.64 5.26782e-06 -7.80342e-05 -0.000160759 0.000164664 -0.0042669 -9.82332e-05
18.66 -5.52702e-07 0.00011908 -0.000104506 0.000143784 -0.00285998 0.00483169
18.68 -6.29607e-06 0.000307005 -4.9229e-05 0.000116973 -0.00147748 0.00953177
18.7 -1.17048e-05 0.000478851 4.81211e-06 8.61676e-05 -0.000125886 0.0138298
18.72 -1.65375e-05 0.000627965 5.79296e-05 5.37007e-05 0.0012026 0.0175595
18.74 -2.05886e-05 0.000749718 0.000109133 2.1379e-05 0.00248322 0.0206054
18.76 -2.37116e-05 0.000842532 0.000155945 -9.92903e-06 0.003654 0.0229281
18.78 -2.58316e-05 0.00090607 0.000195825 -3.98466e-05 0.00465143 0.024519
18.8 -2.69403e-05 0.000938442 0.000227261 -6.7848e-05 0.00543765 0.0253299
18.82 -2.70803e-05 0.000935934 0.000249632 -9.32422e-05 0.00599717 0.0252672
18.84 -2.63293e-05 0.000895274 0.000262532 -0.000115632 0.00631981 0.0242502
18.86 -2.47835e-05 0.000816347 0.000265235 -0.000134576 0.0063874 0.0222762
18.88 -2.25394e-05 0.000704036 0.000255655 -0.000148725 0.0061478 0.0194673
18.9 -1.96862e-05 0.000567424 0.000231 -0.000156496 0.00553116 0.0160506
18.92 -1.62965e-05 0.000415297 0.000191572 -0.000157389 0.00454505 0.0122458
18.94 -1.24251e-05 0.000252762 0.000142444 -0.000151676 0.00331636 0.00818072
18.96 -8.12495e-06 8.34176e-05 9.00728e-05 -0.000139272 0.00200652 0.00394535
18.98 -3.47548e-06 -8.65875e-05 3.84853e-05 -0.000119668 0.000716294 -0.000306545
19 1.38563e-06 -0.00024811 -1.08002e-05 -9.27975e-05 -0.000516357 -0.00434629
19.02 6.25343e-06 -0.000392203 -5.78125e-05 -5.96668e-05 -0.00169215 -0.00795011
19.04 1.08791e-05 -0.000513646 -0.000104241 -2.23136e-05 -0.00285335 -0.0109875
19.06 1.50142e-05 -0.000612224 -0.00015248 1.67617e-05 -0.00405982 -0.013453
19.08 1.84551e-05 -0.000690949 -0.000203179 5.53673e-05 -0.00532784 -0.015422
19.1 2.10751e-05 -0.000752172 -0.000253987 9.20419e-05 -0.00659857 -0.0169532
19.12 2.28351e-05 -0.000794443 -0.000300868 0.000125797 -0.00777107 -0.0180106
19.14 2.37693e-05 -0.00081316 -0.000339961 0.000155641 -0.0087488 -0.0184788
19.16 2.39536e-05 -0.000804442 -0.000368186 0.000180586 -0.00945472 -0.0182607
19.18 2.34713e-05 -0.00076784 -0.000383309 0.000200109 -0.00983295 -0.0173453
19.2 2.23878e-05 -0.000705268 -0.000384513 0.000214027 -0.00986307 -0.0157803
19.22 2.07369e-05 -0.000618856 -0.00037222 0.000221785 -0.00955562 -0.0136191
19.24 1.85286e-05 -0.000510763 -0.000347773 0.000222616 -0.00894418 -0.0109157
19.26 1.57691e-05 -0.000384011 -0.000314984 0.000216388 -0.00812411 -0.00774555
19.28 1.24819e-05 -0.000243297 -0.000279248 0.000203558 -0.00723035 -0.00422624
19.3 8.73048e-06 -9.5927e-05 -0.000243797 0.000184437 -0.0063437 -0.000540453
19.32 4.63579e-06 4.90217e-05 -0.000208174 0.000159047 -0.00545276 0.00308478
19.34 3.7774e-07 0.000183889 -0.000170325 0.000127637 -0.00450614 0.00645786
19.36 -3.82674e-06 0.000304688 -0.000128798 9.11673e-05 -0.00346753 0.00947909
19.38 -7.76373e-06 0.000409972 -8.273e-05 5.14725e-05 -0.00231535 0.0121123
19.4 -1.12567e-05 0.000498267 -3.2166e-05 1.10334e-05 -0.00105072 0.0143206
19.42 -1.41825e-05 0.000567455 2.05038e-05 -2.76033e-05 0.00026657 0.016051
19.44 -1.64714e-05 0.00061597 7.02825e-05 -6.23774e-05 0.00151155 0.0172644
19.46 -1.80972e-05 0.000643136 0.000112031 -9.1878e-05 0.00255569 0.0179439
19.48 -1.90604e-05 0.000648186 0.000143386 -0.000115232 0.00333991 0.0180702
19.5 -1.93714e-05 0.00062989 0.000165096 -0.000132036 0.00388288 0.0176126
19.52 -1.90442e-05 0.000587253 0.000179095 -0.000142202 0.00423299 0.0165463
19.54 -1.81003e-05 0.000520433 0.000186904 -0.000145568 0.00442831 0.014875
19.56 -1.65792e-05 0.00043144 0.000189126 -0.000142164 0.00448387 0.0126493
19.58 -1.45391e-05 0.000324365 0.000184636 -0.000132808 0.00437159 0.0099713
19.6 -1.20477e-05 0.000204848 0.000171008 -0.000118524 0.00403073 0.00698213
19.62 -9.17659e-06 7.91068e-05 0.000147236 -9.97898e-05 0.00343619 0.00383729
19.64 -6.00337e-06 -4.6531e-05 0.000114974 -7.67056e-05 0.0026293 0.000695041
19.66 -2.62019e-06 -0.000165777 7.68837e-05 -4.94408e-05 0.00167666 -0.00228736
19.68 8.58303e-07 -0.000273439 3.4846e-05 -1.85979e-05 0.000625275 -0.00498003
19.7 4.29544e-06 -0.000366593 -9.74694e-06 1.45329e-05 -0.000490014 -0.00730985
19.72 7.54367e-06 -0.000444018 -5.51789e-05 4.80659e-05 -0.00162629 -0.00924627
19.74 1.04636e-05 -0.000504571 -9.98121e-05 8.00154e-05 -0.00274258 -0.0107607
19.76 1.29404e-05 -0.000546849 -0.000142595 0.000108741 -0.00381259 -0.0118181
19.78 1.48905e-05 -0.000570043 -0.000182914 0.000133003 -0.00482099 -0.0123982
19.8 1.62616e-05 -0.000573973 -0.00022035 0.000151888 -0.0057573 -0.0124965
19.82 1.70306e-05 -0.00055821 -0.000254712 0.000164912 -0.00661669 -0.0121023
19.84 1.71995e-05 -0.000521888 -0.000285711 0.000171993 -0.00739199 -0.0111938
19.86 1.679e-05 -0.000464704 -0.000312173 0.000173149 -0.00805382 -0.00976363
19.88 1.58347e-05 -0.000387891 -0.000331686 0.00016865 -0.00854184 -0.00784253
19.9 1.4371e-05 -0.000294337 -0.000341349 0.000159406 -0.00878351 -0.0055027
19.92 1.24375e-05 -0.000188337 -0.000338778 0.00014652 -0.00871922 -0.00285159
19.94 1.00765e-05 -7.50555e-05 -0.000322964 0.000130636 -0.00832369 -1.83711e-05
19.96 7.34291e-06 4.08476e-05 -0.0002955 0.000112117 -0.00763681 0.00288041
19.98 4.31072e-06 0.00015634 -0.000260354 9.14732e-05 -0.0067578 0.00576894
20 1.0729e-06 0.000269479 -0.000221426 6.93888e-05 -0.00578419 0.00859859
20.02 -2.26281e-06 0.000377908 -0.000180662 4.66161e-05 -0.00476467 0.0113104
20.04 -5.58062e-06 0.000477954 -0.000138869 2.39692e-05 -0.00371942 0.0138126
20.06 -8.76295e-06 0.000564914 -9.70618e-05 2.26741e-06 -0.0026738 0.0159875
20.08 -1.16962e-05 0.000634096 -5.599e-05 -1.77502e-05 -0.00164657 0.0177178
20.1 -1.42714e-05 0.000681767 -1.54215e-05 -3.5398e-05 -0.000631936 0.0189101
20.12 -1.63805e-05 0.000705438 2.5319e-05 -5.00182e-05 0.000387 0.0195021
20.14 -1.79185e-05 0.000703743 6.61445e-05 -6.10903e-05 0.00140806 0.0194597
20.16 -1.87955e-05 0.000676378 0.00010557 -6.82529e-05 0.0023941 0.0187753
20.18 -1.89529e-05 0.000624297 0.000140977 -7.11008e-05 0.00327965 0.0174727
20.2 -1.83741e-05 0.000549859 0.000169468 -6.94485e-05 0.00399222 0.015611
20.22 -1.70874e-05 0.000456274 0.000188676 -6.39792e-05 0.00447262 0.0132704
20.24 -1.51603e-05 0.000346688 0.000197137 -5.60116e-05 0.00468424 0.0105296
20.26 -1.26927e-05 0.000224033 0.000194095 -4.66277e-05 0.00460816 0.00746199
20.28 -9.80489e-06 9.14283e-05 0.000179383 -3.63325e-05 0.00424021 0.00414549
20.3 -6.62322e-06 -4.78252e-05 0.000154522 -2.53468e-05 0.00361843 0.000662703
20.32 -3.26366e-06 -0.000190254 0.000122835 -1.39036e-05 0.00282591 -0.0028995
20.34 1.79502e-07 -0.000331217 8.70844e-05 -2.21723e-06 0.00193178 -0.00642504
20.36 3.62925e-06 -0.000463788 4.78037e-05 9.61845e-06 0.000949352 -0.00974069
20.38 7.00948e-06 -0.000579573 4.76504e-06 2.16258e-05 -0.000127063 -0.0126365
20.4 1.02307e-05 -0.000671577 -4.10163e-05 3.3828e-05 -0.00127207 -0.0149376
20.42 1.31885e-05 -0.000736433 -8.78319e-05 4.60433e-05 -0.00244295 -0.0165597
20.44 1.57698e-05 -0.000774014 -0.000134735 5.77764e-05 -0.00361601 -0.0174997
20.46 1.78594e-05 -0.000785587 -0.000181411 6.83976e-05 -0.0047834 -0.0177891
20.48 1.93514e-05 -0.000772495 -0.000226884 7.74435e-05 -0.00592071 -0.0174616
20.5 2.0167e-05 -0.000735704 -0.000269153 8.46048e-05 -0.00697787 -0.0165415
20.52 2.02694e-05 -0.000676088 -0.000305979 8.95234e-05 -0.0078989 -0.0150505
20.54 1.96666e-05 -0.000595187 -0.000335499 9.21517e-05 -0.0086372 -0.0130271
20.56 1.8403e-05 -0.000495491 -0.000356411 9.31966e-05 -0.00916022 -0.0105337
20.58 1.65485e-05 -0.00037996 -0.000368269 9.3638e-05 -0.0094568 -0.00764421
20.6 1.41911e-05 -0.000251447 -0.000371372 9.40066e-05 -0.00953442 -0.00443004
20.62 1.14297e-05 -0.000112621 -0.000365312 9.43011e-05 -0.00938283 -0.000957939
20.64 8.36454e-06 3.34049e-05 -0.000348811 9.42238e-05 -0.00897015 0.00269423
20.66 5.08801e-06 0.000182254 -0.000321573 9.33501e-05 -0.00828891 0.00641701
20.68 1.67708e-06 0.000327968 -0.000285617 9.12753e-05 -0.00738965 0.0100614
20.7 -1.80188e-06 0.000463447 -0.000244003 8.76727e-05 -0.00634887 0.0134498
20.72 -5.27483e-06 0.000581778 -0.00019897 8.22127e-05 -0.00522257 0.0164093
20.74 -8.64086e-06 0.00067798 -0.000152288 7.45764e-05 -0.00405502 0.0188154
20.76 -1.17673e-05 0.000749658 -0.000105567 6.46775e-05 -0.00288652 0.0206082
20.78 -1.45061e-05 0.000795833 -5.97243e-05 5.28475e-05 -0.00173997 0.0217632
20.8 -1.67171e-05 0.000815639 -1.49249e-05 3.97379e-05 -0.000619517 0.0222587
20.82 -1.82874e-05 0.000808521 2.84615e-05 2.60482e-05 0.000465594 0.0220806
20.84 -1.91441e-05 0.000774932 6.93562e-05 1.23516e-05 0.00148839 0.0212405
20.86 -1.92608e-05 0.00071613 0.000106628 -8.03972e-07 0.00242058 0.0197699
20.88 -1.866e-05 0.000633611 0.000139646 -1.28218e-05 0.00324637 0.017706
20.9 -1.74061e-05 0.000528891 0.000167777 -2.34208e-05 0.00394994 0.015087
20.92 -1.55929e-05 0.000403964 0.00018976 -3.28198e-05 0.00449975 0.0119625
20.94 -1.33272e-05 0.000262322 0.000203864 -4.12734e-05 0.00485248 0.00841995
20.96 -1.07157e-05 0.000109564 0.000208403 -4.8689e-05 0.004966 0.00459943
20.98 -7.85395e-06 -4.71509e-05 0.000201765 -5.47308e-05 0.00479999 0.000679915
21 -4.82381e-06 -0.00020034 0.000183173 -5.89312e-05 0.00433499 -0.00315142
21.02 -1.70193e-06 -0.000343233 0.000154645 -6.06593e-05 0.0036215 -0.00672523
21.04 1.42954e-06 -0.000470267 0.000120762 -5.93058e-05 0.00277407 -0.0099024
21.06 4.47355e-06 -0.000576849 8.54883e-05 -5.45122e-05 0.00189186 -0.0125681
21.08 7.31389e-06 -0.000658992 5.00013e-05 -4.61417e-05 0.00100432 -0.0146225
21.1 9.82057e-06 -0.000713675 1.38249e-05 -3.42414e-05 9.95283e-05 -0.0159902
21.12 1.18682e-05 -0.000739469 -2.33375e-05 -1.91755e-05 -0.00082992 -0.0166353
21.14 1.33616e-05 -0.000736421 -6.13117e-05 -1.69087e-06 -0.00177967 -0.0165591
21.16 1.42494e-05 -0.000705157 -9.96513e-05 1.72768e-05 -0.00273856 -0.0157772
21.18 1.45193e-05 -0.000646154 -0.000137556 3.67949e-05 -0.00368656 -0.0143015
21.2 1.41836e-05 -0.000560114 -0.00017395 5.58691e-05 -0.00459679 -0.0121496
21.22 1.32717e-05 -0.000449077 -0.000207849 7.35374e-05 -0.00544464 -0.0093725
21.24 1.18298e-05 -0.000317147 -0.000238368 8.92163e-05 -0.00620792 -0.00607288
21.26 9.92451e-06 -0.00017035 -0.000264304 0.000102696 -0.00685659 -0.00240142
21.28 7.64485e-06 -1.56031e-05 -0.00028397 0.00011386 -0.00734844 0.00146886
21.3 5.09772e-06 0.000140833 -0.000295646 0.000122556 -0.00764046 0.00538139
21.32 2.39792e-06 0.00029438 -0.000298416 0.000128565 -0.00770975 0.00922166
21.34 -3.44331e-07 0.000441584 -0.000292556 0.000131599 -0.00756319 0.0129033
21.36 -3.03098e-06 0.000578343 -0.000279422 0.000131313 -0.00723469 0.0163237
21.38 -5.57594e-06 0.000698915 -0.000261331 0.000127368 -0.00678223 0.0193393
21.4 -7.90156e-06 0.000797034 -0.000240641 0.000119601 -0.00626477 0.0217935
21.42 -9.93518e-06 0.000867849 -0.000218334 0.000108099 -0.00570687 0.023565
21.44 -1.16091e-05 0.000908869 -0.000193854 9.31586e-05 -0.0050946 0.0245912
21.46 -1.2865e-05 0.000919621 -0.000166623 7.52886e-05 -0.00441354 0.0248602
21.48 -1.36599e-05 0.00090047 -0.000137214 5.52448e-05 -0.00367801 0.0243812
21.5 -1.39682e-05 0.000851132 -0.000106753 3.3997e-05 -0.00291617 0.0231472
21.52 -1.37743e-05 0.000770708 -7.59438e-05 1.28495e-05 -0.00214563 0.0211358
21.54 -1.30661e-05 0.000660035 -4.51971e-05 -6.67368e-06 -0.00137664 0.0183678
21.56 -1.18392e-05 0.000523721 -1.53882e-05 -2.35239e-05 -0.000631104 0.0149585
21.58 -1.01121e-05 0.000369666 1.20684e-05 -3.73948e-05 5.55973e-05 0.0111056
21.6 -7.94413e-06 0.000206489 3.57742e-05 -4.82761e-05 0.000648489 0.00702445
21.62 -5.43812e-06 4.04928e-05 5.47507e-05 -5.61149e-05 0.0011231 0.00287281
21.64 -2.72541e-06 -0.000125731 6.85859e-05 -6.08209e-05 0.00146912 -0.00128452
21.66 5.88183e-08 -0.000291506 7.7457e-05 -6.23597e-05 0.00169099 -0.00543062
21.68 2.79482e-06 -0.000454154 8.18793e-05 -6.0782e-05 0.0018016 -0.00949852
21.7 5.38506e-06 -0.000606595 8.22094e-05 -5.6207e-05 0.00180985 -0.0133111
21.72 7.75074e-06 -0.000738907 7.83889e-05 -4.87379e-05 0.0017143 -0.0166204
21.74 9.82473e-06 -0.00084262 7.01305e-05 -3.84005e-05 0.00150776 -0.0192146
21.76 1.15482e-05 -0.000914057 5.7206e-05 -2.52622e-05 0.00118451 -0.0210017
21.78 1.28729e-05 -0.000954087 3.9959e-05 -9.6322e-06 0.000753153 -0.0220033
21.8 1.37646e-05 -0.000965174 2.00073e-05 7.85586e-06 0.000254153 -0.0222807
21.82 1.42043e-05 -0.000948543 1.50219e-07 2.6366e-05 -0.000242482 -0.0218648
21.84 1.41813e-05 -0.000903354 -1.71763e-05 4.50157e-05 -0.000675824 -0.0207346
21.86 1.36832e-05 -0.000828656 -3.15705e-05 6.26533e-05 -0.00103583 -0.0188663
21.88 1.26951e-05 -0.00072639 -4.45367e-05 7.78874e-05 -0.00136012 -0.0163086
21.9 1.12119e-05 -0.000602031 -5.78872e-05 8.98822e-05 -0.00169402 -0.0131983
21.92 9.26015e-06 -0.000462547 -7.23749e-05 9.85964e-05 -0.00205636 -0.00970978
21.94 6.91438e-06 -0.000313932 -8.73048e-05 0.000104164 -0.00242977 -0.00599286
21.96 4.2927e-06 -0.00015975 -0.000100947 0.000106529 -0.00277098 -0.0021367
21.98 1.53104e-06 -1.3147e-06 -0.000111432 0.000105583 -0.00303319 0.00182583
22 -1.24769e-06 0.000160035 -0.000117548 0.000101393 -0.00318616 0.00586125
22.02 -3.94922e-06 0.000319858 -0.000119018 9.42649e-05 -0.00322293 0.00985849
22.04 -6.50304e-06 0.000469707 -0.000116351 8.46912e-05 -0.00315623 0.0136063
22.06 -8.84658e-06 0.000599895 -0.000110557 7.31978e-05 -0.00301133 0.0168624
22.08 -1.09121e-05 0.000703697 -0.000102879 6.02016e-05 -0.0028193 0.0194588
22.1 -1.26242e-05 0.000779354 -9.4636e-05 4.60173e-05 -0.00261313 0.0213513
22.12 -1.39082e-05 0.00082869 -8.7195e-05 3.10299e-05 -0.00242702 0.0225856
22.14 -1.47038e-05 0.000853914 -8.18329e-05 1.58208e-05 -0.00229291 0.0232168
22.16 -1.49749e-05 0.000854802 -7.90754e-05 1.0881e-06 -0.00222395 0.023239
22.18 -1.47092e-05 0.000827908 -7.78922e-05 -1.25335e-05 -0.00219436 0.0225664
22.2 -1.39106e-05 0.000768814 -7.589e-05 -2.43089e-05 -0.00214428 0.0210884
22.22 -1.25934e-05 0.000676572 -7.09691e-05 -3.31553e-05 -0.00202121 0.0187814
22.24 -1.07872e-05 0.000556072 -6.3222e-05 -3.82586e-05 -0.00182745 0.0157676
22.26 -8.5422e-06 0.00041563 -5.51582e-05 -3.97017e-05 -0.00162577 0.0122551
22.28 -5.93033e-06 0.000262924 -4.9961e-05 -3.79687e-05 -0.00149578 0.00843588
22.3 -3.04125e-06 0.000103147 -4.94696e-05 -3.33138e-05 -0.00148349 0.00443978
22.32 2.4505e-08 -6.01034e-05 -5.34625e-05 -2.5839e-05 -0.00158336 0.000356823
22.34 3.15842e-06 -0.00022296 -6.02892e-05 -1.58339e-05 -0.0017541 -0.00371629
22.36 6.24244e-06 -0.000380317 -6.79087e-05 -3.92326e-06 -0.00194466 -0.00765186
22.38 9.14969e-06 -0.000526567 -7.46742e-05 9.02502e-06 -0.00211387 -0.0113096
22.4 1.17555e-05 -0.000657216 -7.98459e-05 2.2175e-05 -0.00224322 -0.0145772
22.42 1.39556e-05 -0.000769403 -8.37688e-05 3.50344e-05 -0.00234133 -0.0173832
22.44 1.568e-05 -0.000860579 -8.74554e-05 4.74987e-05 -0.00243353 -0.0196638
22.46 1.68957e-05 -0.000927162 -9.18049e-05 5.95275e-05 -0.00254232 -0.0213294
22.48 1.76e-05 -0.000965057 -9.70902e-05 7.07982e-05 -0.0026745 -0.0222775
22.5 1.78089e-05 -0.000971382 -0.000102816 8.07218e-05 -0.0028177 -0.0224358
22.52 1.75401e-05 -0.000945106 -0.000107696 8.87425e-05 -0.00293975 -0.0217786
22.54 1.67963e-05 -0.000886624 -0.000110021 9.42724e-05 -0.0029979 -0.0203159
22.56 1.55596e-05 -0.00079857 -0.000108553 9.65986e-05 -0.00296119 -0.0181137
22.58 1.38067e-05 -0.000686713 -0.000103278 9.54695e-05 -0.00282927 -0.0153161
22.6 1.1534e-05 -0.000558257 -9.53942e-05 9.13317e-05 -0.00263209 -0.0121033
22.62 8.78344e-06 -0.000419374 -8.64683e-05 8.48203e-05 -0.00240885 -0.00862981
22.64 5.65769e-06 -0.00027447 -7.72036e-05 7.63947e-05 -0.00217713 -0.00500569
22.66 2.31246e-06 -0.000126326 -6.68463e-05 6.63595e-05 -0.00191809 -0.00130055
22.68 -1.07637e-06 2.37297e-05 -5.41042e-05 5.50369e-05 -0.00159941 0.0024524
22.7 -4.35265e-06 0.000174403 -3.8924e-05 4.29185e-05 -0.00121974 0.0062208
22.72 -7.40399e-06 0.000321892 -2.30371e-05 3.06658e-05 -0.000822407 0.00990958
22.74 -1.01606e-05 0.000459011 -8.47108e-06 1.8886e-05 -0.000458104 0.013339
22.76 -1.25748e-05 0.00057734 4.0578e-06 7.89612e-06 -0.000144752 0.0162985
22.78 -1.45971e-05 0.000670144 1.50375e-05 -2.24376e-06 0.000129855 0.0186197
22.8 -1.61633e-05 0.00073353 2.4983e-05 -1.14923e-05 0.000378596 0.0202052
22.82 -1.71992e-05 0.000766091 3.36483e-05 -1.96586e-05 0.00059532 0.0210198
22.84 -1.76361e-05 0.000768392 3.99053e-05 -2.63927e-05 0.000751809 0.0210773
22.86 -1.74231e-05 0.000742237 4.19944e-05 -3.11775e-05 0.00080406 0.0204232
22.88 -1.65345e-05 0.000689835 3.82226e-05 -3.3336e-05 0.000709723 0.0191126
22.9 -1.49772e-05 0.00061384 2.80117e-05 -3.24855e-05 0.000454345 0.0172119
22.92 -1.27991e-05 0.000517463 1.25793e-05 -2.89733e-05 6.83753e-05 0.0148015
22.94 -1.00919e-05 0.000403851 -5.58595e-06 -2.34123e-05 -0.000385946 0.01196
22.96 -6.98398e-06 0.000275826 -2.42367e-05 -1.60837e-05 -0.000852408 0.00875805
22.98 -3.62619e-06 0.000136562 -4.26649e-05 -7.04963e-06 -0.00131331 0.00527498
23 -1.72288e-07 -9.66211e-06 -6.18466e-05 3.49506e-06 -0.00179305 0.00161786
23.02 3.24096e-06 -0.000157439 -8.3395e-05 1.51173e-05 -0.00233198 -0.0020781
23.04 6.50738e-06 -0.000300562 -0.000108089 2.72277e-05 -0.00294958 -0.00565765
23.06 9.55065e-06 -0.000432186 -0.000135113 3.9234e-05 -0.00362548 -0.00894964
23.08 1.23094e-05 -0.00054536 -0.00016259 5.07333e-05 -0.00431268 -0.0117802
23.1 1.47178e-05 -0.000634554 -0.00018863 6.15556e-05 -0.00496395 -0.014011
23.12 1.66953e-05 -0.000697278 -0.000211845 7.15564e-05 -0.00554457 -0.0155797
23.14 1.81529e-05 -0.000734035 -0.000231248 8.04322e-05 -0.00602985 -0.0164991
23.16 1.90129e-05 -0.000746539 -0.000246117 8.78265e-05 -0.00640173 -0.0168118
23.18 1.92288e-05 -0.000735844 -0.000255861 9.3534e-05 -0.00664542 -0.0165443
23.2 1.8793e-05 -0.000701718 -0.000259751 9.73864e-05 -0.00674271 -0.0156908
23.22 1.77299e-05 -0.000643538 -0.000257005 9.90478e-05 -0.00667403 -0.0142357
23.24 1.60842e-05 -0.000561844 -0.000247435 9.83304e-05 -0.00643469 -0.0121925
23.26 1.39122e-05 -0.000459201 -0.000232258 9.55086e-05 -0.00605512 -0.00962536
23.28 1.12805e-05 -0.000339869 -0.000213911 9.09893e-05 -0.00559625 -0.00664082
23.3 8.26935e-06 -0.000208764 -0.000194278 8.49387e-05 -0.00510522 -0.00336182
23.32 4.97635e-06 -7.0642e-05 -0.000173262 7.73575e-05 -0.0045796 9.26675e-05
23.34 1.51459e-06 6.98854e-05 -0.000148972 6.83053e-05 -0.0039721 0.00360732
23.36 -1.99673e-06 0.000207767 -0.000119146 5.80051e-05 -0.00322612 0.0070558
23.38 -5.44429e-06 0.000337241 -8.2929e-05 4.68499e-05 -0.00232033 0.010294
23.4 -8.72654e-06 0.000452433 -4.18423e-05 3.532e-05 -0.00129273 0.013175
23.42 -1.17491e-05 0.000548576 5.7671e-07 2.38145e-05 -0.000231815 0.0155796
23.44 -1.44145e-05 0.000622916 4.01377e-05 1.25652e-05 0.000757623 0.0174389
23.46 -1.66169e-05 0.000674447 7.36152e-05 1.74367e-06 0.00159491 0.0187277
23.48 -1.82497e-05 0.000702806 9.99515e-05 -8.40473e-06 0.00225359 0.019437
23.5 -1.92252e-05 0.000707511 0.000120316 -1.75895e-05 0.00276292 0.0195547
23.52 -1.94961e-05 0.000687998 0.000136718 -2.55956e-05 0.00317315 0.0190667
23.54 -1.90669e-05 0.000643871 0.000150258 -3.22126e-05 0.00351177 0.017963
23.56 -1.79896e-05 0.000575273 0.000160481 -3.70893e-05 0.00376747 0.0162474
23.58 -1.63471e-05 0.000483477 0.000165929 -3.99825e-05 0.00390371 0.0139515
23.6 -1.42301e-05 0.000371319 0.000164782 -4.09846e-05 0.00387502 0.0111464
23.62 -1.17184e-05 0.00024331 0.000155459 -4.0199e-05 0.00364185 0.00794483
23.64 -8.87689e-06 0.00010543 0.000137526 -3.74907e-05 0.00319334 0.00449642
23.66 -5.76495e-06 -3.55228e-05 0.000111961 -3.2716e-05 0.00255394 0.000971119
23.68 -2.45159e-06 -0.00017297 8.03525e-05 -2.59477e-05 0.00176341 -0.00246648
23.7 9.72777e-07 -0.000301525 4.41674e-05 -1.74391e-05 0.000858406 -0.00568171
23.72 4.39193e-06 -0.000417249 5.02912e-06 -7.53021e-06 -0.000120458 -0.00857601
23.74 7.66839e-06 -0.000517108 -3.49064e-05 3.42157e-06 -0.00111926 -0.0110735
23.76 1.06566e-05 -0.000598521 -7.34687e-05 1.51235e-05 -0.00208372 -0.0131097
23.78 1.32194e-05 -0.000659304 -0.000109183 2.73622e-05 -0.00297695 -0.0146299
23.8 1.52412e-05 -0.000697542 -0.000141641 3.99177e-05 -0.00378875 -0.0155863
23.82 1.664e-05 -0.000711422 -0.000171609 5.25147e-05 -0.00453825 -0.0159334
23.84 1.73759e-05 -0.000699595 -0.000200538 6.48635e-05 -0.00526178 -0.0156376
23.86 1.74555e-05 -0.000661814 -0.00022922 7.66405e-05 -0.00597912 -0.0146927
23.88 1.69267e-05 -0.000599182 -0.00025656 8.73092e-05 -0.0066629 -0.0131263
23.9 1.5863e-05 -0.000514017 -0.000279518 9.6189e-05 -0.0072371 -0.0109963
23.92 1.43426e-05 -0.000409656 -0.000294093 0.000102871 -0.00760163 -0.00838614
23.94 1.24273e-05 -0.000290369 -0.000296886 0.000107276 -0.00767148 -0.00540271
23.96 1.01542e-05 -0.000161314 -0.000286528 0.000109372 -0.00741243 -0.00217501
23.98 7.54559e-06 -2.84301e-05 -0.000264722 0.000109041 -0.00686704 0.00114848
24 4.63626e-06 0.000102204 -0.000236266 0.000106196 -0.00615535 0.0044157
24.02 1.49939e-06 0.000225733 -0.000206449 0.000100969 -0.00540962 0.00750521
24.04 -1.74395e-06 0.00033953 -0.000177759 9.36332e-05 -0.00469206 0.0103513
24.06 -4.93792e-06 0.000442693 -0.000149293 8.44036e-05 -0.00398012 0.0129315
24.08 -7.92332e-06 0.00053426 -0.000118847 7.33715e-05 -0.00321866 0.0152216
24.1 -1.05715e-05 0.000611457 -8.51159e-05 6.05894e-05 -0.00237502 0.0171524
24.12 -1.28023e-05 0.000669339 -4.8443e-05 4.62364e-05 -0.00145782 0.0186
24.14 -1.45753e-05 0.000702362 -1.05077e-05 3.07401e-05 -0.00050904 0.019426
24.16 -1.58652e-05 0.000707183 2.64412e-05 1.47273e-05 0.000415068 0.0195466
24.18 -1.66446e-05 0.000684778 6.02992e-05 -1.13309e-06 0.00126187 0.0189862
24.2 -1.68855e-05 0.000639805 8.95014e-05 -1.61794e-05 0.00199223 0.0178614
24.22 -1.65739e-05 0.000577553 0.00011299 -2.96317e-05 0.00257968 0.0163045
24.24 -1.57222e-05 0.000501063 0.000129771 -4.07129e-05 0.0029994 0.0143914
24.26 -1.4369e-05 0.000410764 0.00013854 -4.90523e-05 0.0032187 0.012133
24.28 -1.25696e-05 0.000306872 0.000138092 -5.46909e-05 0.00320749 0.00953461
24.3 -1.03847e-05 0.000192172 0.000128011 -5.77168e-05 0.00295536 0.00666591
24.32 -7.87671e-06 7.23195e-05 0.0001093 -5.80506e-05 0.0024874 0.00366836
24.34 -5.11477e-06 -4.66302e-05 8.47733e-05 -5.555e-05 0.00187398 0.000693375
24.36 -2.18173e-06 -0.000160698 5.76937e-05 -5.01814e-05 0.00119671 -0.00215951
24.38 8.22415e-07 -0.000267888 2.98078e-05 -4.19564e-05 0.000499266 -0.00484039
24.4 3.78382e-06 -0.000366321 8.67548e-07 -3.08729e-05 -0.000224541 -0.00730222
24.42 6.58551e-06 -0.000452787 -3.02602e-05 -1.70526e-05 -0.00100306 -0.00946477
24.44 9.12035e-06 -0.000522657 -6.42598e-05 -8.62979e-07 -0.0018534 -0.0112123
24.46 1.12999e-05 -0.000571176 -0.000100923 1.70821e-05 -0.00277036 -0.0124257
24.48 1.3056e-05 -0.000595704 -0.000139055 3.59781e-05 -0.00372405 -0.0130392
24.5 1.4339e-05 -0.000597374 -0.000176358 5.49166e-05 -0.00465702 -0.013081
24.52 1.51176e-05 -0.000580139 -0.00020961 7.3021e-05 -0.00548867 -0.0126499
24.54 1.53795e-05 -0.000547614 -0.000235518 8.95481e-05 -0.00613664 -0.0118364
24.56 1.51294e-05 -0.000500953 -0.000251861 0.000103833 -0.00654538 -0.0106694
24.58 1.43825e-05 -0.000439753 -0.000258126 0.000115217 -0.00670209 -0.0091388
24.6 1.31607e-05 -0.000364347 -0.000255375 0.000123251 -0.00663326 -0.00725286
24.62 1.14913e-05 -0.000276983 -0.000245465 0.000127907 -0.00638543 -0.00506786
24.64 9.415e-06 -0.000181493 -0.000230212 0.000129334 -0.00600393 -0.0026796
24.66 6.99523e-06 -8.20721e-05 -0.000210937 0.000127551 -0.00552185 -0.000193048
24.68 4.31904e-06 1.78842e-05 -0.000187782 0.000122457 -0.00494276 0.0023069
24.7 1.48803e-06 0.000115692 -0.000159807 0.000113931 -0.00424309 0.00475311
24.72 -1.39423e-06 0.000208237 -0.000126161 0.00010193 -0.00340157 0.00706771
24.74 -4.23133e-06 0.00029149 -8.69916e-05 8.66412e-05 -0.00242194 0.00914988
24.76 -6.93676e-06 0.00036147 -4.36887e-05 6.85475e-05 -0.00133891 0.0109001
24.78 -9.43155e-06 0.000415656 1.35565e-06 4.83532e-05 -0.000212334 0.0122553
24.8 -1.16399e-05 0.000453437 4.51216e-05 2.68896e-05 0.00088227 0.0132002
24.82 -1.3488e-05 0.000475541 8.47757e-05 5.09013e-06 0.00187404 0.0137531
24.84 -1.49091e-05 0.000483179 0.000118539 -1.60295e-05 0.00271847 0.0139441
24.86 -1.5851e-05 0.000477324 0.000145725 -3.54795e-05 0.00339839 0.0137977
24.88 -1.62823e-05 0.000458266 0.00016604 -5.24604e-05 0.0039065 0.013321
24.9 -1.6195e-05 0.000425708 0.000179296 -6.64417e-05 0.00423803 0.0125068
24.92 -1.56035e-05 0.000379502 0.00018571 -7.70443e-05 0.00439844 0.0113511
24.94 -1.45403e-05 0.000320513 0.000185804 -8.3909e-05 0.00440078 0.00987577
24.96 -1.30495e-05 0.000250841 0.000179245 -8.68158e-05 0.00423674 0.00813326
24.98 -1.1183e-05 0.000173577 0.000164728 -8.57451e-05 0.00387369 0.00620085
25 -8.99916e-06 9.24139e-05 0.000141297 -8.07308e-05 0.00328766 0.00417092
25.02 -6.56081e-06 1.10891e-05 0.000108833 -7.18326e-05 0.00247571 0.00213696
25.04 -3.93192e-06 -6.70793e-05 6.79413e-05 -5.91714e-05 0.001453 0.000181931
25.06 -1.17678e-06 -0.000139471 2.02467e-05 -4.29719e-05 0.00026014 -0.00162862
25.08 1.63439e-06 -0.000204189 -3.12908e-05 -2.36827e-05 -0.00102883 -0.00324725
25.1 4.42002e-06 -0.000259754 -8.33336e-05 -2.03441e-06 -0.00233045 -0.00463695
25.12 7.08644e-06 -0.000304832 -0.000133741 2.10347e-05 -0.00359115 -0.00576436
25.14 9.53351e-06 -0.000338341 -0.000181849 4.45194e-05 -0.00479435 -0.00660244
25.16 1.16654e-05 -0.000359733 -0.000227568 6.74579e-05 -0.0059378 -0.00713746
25.18 1.34035e-05 -0.000368926 -0.000270605 8.89895e-05 -0.00701417 -0.00736738
25.2 1.46961e-05 -0.000365876 -0.000310253 0.000108382 -0.00800579 -0.0072911
25.22 1.55172e-05 -0.000350319 -0.00034535 0.000125042 -0.00888359 -0.00690201
25.24 1.58606e-05 -0.000322038 -0.000374368 0.000138519 -0.00960935 -0.00619469
25.26 1.57319e-05 -0.000281564 -0.000395705 0.00014846 -0.010143 -0.00518242
25.28 1.5146e-05 -0.000230852 -0.000407808 0.000154583 -0.0104457 -0.00391408
25.3 1.4128e-05 -0.00017319 -0.000408984 0.000156781 -0.0104751 -0.00247194
25.32 1.27092e-05 -0.000112102 -0.000396678 0.000155169 -0.0101673 -0.000944117
25.34 1.09255e-05 -5.02641e-05 -0.000369481 0.000149836 -0.00948711 0.000602485
25.36 8.81621e-06 1.08913e-05 -0.000329762 0.000140847 -0.00849373 0.00213201
25.38 6.42483e-06 7.05141e-05 -0.000282529 0.000128517 -0.00731242 0.0036232
25.4 3.80561e-06 0.000126862 -0.000231743 0.000113248 -0.00604224 0.00503248
25.42 1.03432e-06 0.000176923 -0.000178837 9.52942e-05 -0.00471903 0.00628452
25.44 -1.78555e-06 0.000217648 -0.000124572 7.49621e-05 -0.00336184 0.00730308
25.46 -4.53193e-06 0.000247114 -6.96623e-05 5.28144e-05 -0.00198852 0.00804003
25.48 -7.08378e-06 0.000264686 -1.41886e-05 2.96449e-05 -0.000601102 0.00847953
25.5 -9.3363e-06 0.000270683 4.197e-05 6.374e-06 0.000803448 0.00862951
25.52 -1.12068e-05 0.000265915 9.77622e-05 -1.60299e-05 0.00219883 0.00851026
25.54 -1.2638e-05 0.000251142 0.000150848 -3.66539e-05 0.00352652 0.00814077
25.56 -1.36004e-05 0.000226818 0.000198733 -5.47293e-05 0.00472416 0.00753243
25.58 -1.40911e-05 0.000193536 0.000239289 -6.96528e-05 0.00573849 0.00670004
25.6 -1.41269e-05 0.000152719 0.000270295 -8.101e-05 0.00651396 0.00567918
25.62 -1.37367e-05 0.000106656 0.000289461 -8.86619e-05 0.0069933 0.00452711
25.64 -1.29574e-05 5.77319e-05 0.000295349 -9.27857e-05 0.00714057 0.00330351
25.66 -1.18267e-05 7.59589e-06 0.000287219 -9.37068e-05 0.00693722 0.00204959
25.68 -1.03757e-05 -4.29111e-05 0.000264332 -9.15918e-05 0.00636481 0.000786388
25.7 -8.63001e-06 -9.32487e-05 0.000228163 -8.63818e-05 0.00546021 -0.000472577
25.72 -6.61277e-06 -0.000142573 0.000183376 -7.80052e-05 0.00434007 -0.00170621
25.74 -4.35122e-06 -0.000189013 0.000134495 -6.64352e-05 0.00311754 -0.00286768
25.76 -1.88834e-06 -0.00022954 8.29422e-05 -5.1613e-05 0.00182818 -0.00388129
25.78 7.04964e-07 -0.000261002 2.82917e-05 -3.3546e-05 0.000461347 -0.00466815
25.8 3.32683e-06 -0.000281468 -2.92e-05 -1.25252e-05 -0.000976543 -0.00518001
25.82 5.86089e-06 -0.000290881 -8.87323e-05 1.07417e-05 -0.00246547 -0.00541544
25.84 8.19767e-06 -0.000290807 -0.000149554 3.51623e-05 -0.00398664 -0.0054136
25.86 1.02462e-05 -0.000283537 -0.000210145 5.94484e-05 -0.00550204 -0.00523178
25.88 1.19365e-05 -0.00027079 -0.000267639 8.23867e-05 -0.00693999 -0.00491296
25.9 1.32209e-05 -0.000252861 -0.000319176 0.000103021 -0.00822896 -0.00446454
25.92 1.40749e-05 -0.000228968 -0.000363295 0.000120669 -0.00933239 -0.00386698
25.94 1.44934e-05 -0.000198298 -0.00039939 0.000134908 -0.0102351 -0.0030999
25.96 1.44848e-05 -0.000160739 -0.000426473 0.000145624 -0.0109125 -0.00216054
25.98 1.40677e-05 -0.000117055 -0.000443165 0.000153003 -0.01133 -0.00106798
26 1.327e-05 -6.88175e-05 -0.000448316 0.000157344 -0.0114588 0.000138458
26.02 1.21216e-05 -1.80661e-05 -0.000440005 0.000158808 -0.0112509 0.00140777
26.04 1.06469e-05 3.32829e-05 -0.000415661 0.000157265 -0.0106421 0.00269203
26.06 8.86527e-06 8.38082e-05 -0.000375951 0.000152379 -0.00964893 0.00395569
26.08 6.79412e-06 0.000132099 -0.000326391 0.000143857 -0.00840941 0.00516346
26.1 4.46098e-06 0.000175786 -0.000273335 0.00013151 -0.00708246 0.00625609
26.12 1.92124e-06 0.000211817 -0.000219769 0.000115276 -0.00574275 0.00715724
26.14 -7.28657e-07 0.000238121 -0.000166004 9.53675e-05 -0.00439808 0.00781511
26.16 -3.356e-06 0.000254598 -0.000111942 7.24154e-05 -0.00304594 0.00822722
26.18 -5.8223e-06 0.000262496 -5.73121e-05 4.74495e-05 -0.00167964 0.00842474
26.2 -8.01475e-06 0.000263188 -2.09189e-06 2.17763e-05 -0.000298558 0.00844205
26.22 -9.85681e-06 0.000257336 5.22843e-05 -3.22037e-06 0.00106141 0.0082957
26.24 -1.13007e-05 0.000244691 0.000103183 -2.63287e-05 0.0023344 0.00797944
26.26 -1.2319e-05 0.000224844 0.00014867 -4.66598e-05 0.00347206 0.00748306
26.28 -1.29031e-05 0.000198615 0.000188078 -6.36284e-05 0.00445767 0.00682706
26.3 -1.30674e-05 0.000168478 0.00022042 -7.69101e-05 0.00526656 0.00607333
26.32 -1.28514e-05 0.000137149 0.000243229 -8.64673e-05 0.00583702 0.00528975
26.34 -1.2312e-05 0.000105759 0.000253462 -9.24951e-05 0.00609294 0.00450469
26.36 -1.15033e-05 7.35868e-05 0.0002487 -9.52135e-05 0.00597384 0.00370005
26.38 -1.04526e-05 3.9535e-05 0.000227451 -9.46215e-05 0.00544241 0.0028484
26.4 -9.15564e-06 3.7602e-06 0.00019137 -9.04839e-05 0.00454001 0.00195366
26.42 -7.59064e-06 -3.20181e-05 0.000146177 -8.25924e-05 0.0034097 0.00105883
26.44 -5.7417e-06 -6.52445e-05 9.81252e-05 -7.08632e-05 0.00220791 0.00022782
26.46 -3.62346e-06 -9.36638e-05 5.01424e-05 -5.52293e-05 0.00100784 -0.000482958
26.48 -1.29566e-06 -0.000116211 2.0222e-06 -3.57035e-05 -0.000195663 -0.00104686
26.5 1.13721e-06 -0.000132854 -4.69131e-05 -1.26292e-05 -0.00141956 -0.00146313
26.52 3.54656e-06 -0.000143806 -9.69838e-05 1.31293e-05 -0.00267184 -0.00173703
26.54 5.80588e-06 -0.00014922 -0.000148223 4.02104e-05 -0.00395337 -0.00187243
26.56 7.80751e-06 -0.000149615 -0.000199813 6.69965e-05 -0.00524365 -0.00188231
26.58 9.46951e-06 -0.000146174 -0.000249622 9.19605e-05 -0.00648938 -0.00179626
26.6 1.07411e-05 -0.000140423 -0.000295014 0.000113915 -0.00762467 -0.00165243
26.62 1.1607e-05 -0.000133526 -0.000333839 0.000132052 -0.0085957 -0.00147993
26.64 1.20845e-05 -0.000125554 -0.00036436 0.000145905 -0.00935904 -0.00128055
26.66 1.22111e-05 -0.000115122 -0.000384792 0.000155376 -0.00987005 -0.00101963
26.68 1.20261e-05 -0.000100002 -0.000393505 0.00016072 -0.010088 -0.000641472
26.7 1.15534e-05 -7.87729e-05 -0.000389335 0.000162335 -0.00998366 -0.000110531
26.72 1.07911e-05 -5.22482e-05 -0.000371242 0.00016046 -0.00953116 0.000552863
26.74 9.71797e-06 -2.32011e-05 -0.000340106 0.000155116 -0.00875244 0.00127934
26.76 8.31151e-06 5.32328e-06 -0.000299768 0.00014626 -0.00774356 0.00199275
26.78 6.5673e-06 3.11277e-05 -0.0002545 0.000133805 -0.00661138 0.00263813
26.8 4.51692e-06 5.27821e-05 -0.000206335 0.000117582 -0.00540675 0.00317971
26.82 2.23558e-06 6.93558e-05 -0.000155409 9.7525e-05 -0.00413309 0.00359423
26.84 -1.63783e-07 8.04715e-05 -0.000102113 7.39791e-05 -0.00280013 0.00387224
26.86 -2.55332e-06 8.64869e-05 -4.73782e-05 4.78676e-05 -0.00143119 0.00402269
26.88 -4.81561e-06 8.85384e-05 7.78056e-06 2.06016e-05 -5.1644e-05 0.00407399
26.9 -6.85729e-06 8.82365e-05 6.19229e-05 -6.20369e-06 0.00130248 0.00406644
26.92 -8.61029e-06 8.68579e-05 0.000112774 -3.10592e-05 0.00257429 0.00403196
26.94 -1.00295e-05 8.45596e-05 0.000158072 -5.28114e-05 0.0037072 0.00397448
26.96 -1.10905e-05 8.04928e-05 0.000196587 -7.06771e-05 0.00467047 0.00387277
26.98 -1.17854e-05 7.37154e-05 0.000227805 -8.42345e-05 0.00545125 0.00370327
27 -1.21185e-05 6.38133e-05 0.000250871 -9.34598e-05 0.00602814 0.00345561
27.02 -1.21013e-05 5.0771e-05 0.000264345 -9.86873e-05 0.00636514 0.00312942
27.04 -1.17501e-05 3.47577e-05 0.0002668 -0.000100364 0.00642654 0.00272892
27.06 -1.10798e-05 1.63174e-05 0.00025643 -9.87329e-05 0.00616717 0.00226772
27.08 -1.01022e-05 -3.42234e-06 0.000232142 -9.37348e-05 0.00555973 0.00177402
27.1 -8.82881e-06 -2.31212e-05 0.00019566 -8.52104e-05 0.00464729 0.00128134
27.12 -7.2764e-06 -4.16559e-05 0.000151483 -7.30843e-05 0.00354241 0.00081778
27.14 -5.47386e-06 -5.81984e-05 0.000103471 -5.73059e-05 0.00234162 0.000404046
27.16 -3.46635e-06 -7.24049e-05 5.28429e-05 -3.78709e-05 0.00107538 4.8734e-05
27.18 -1.32001e-06 -8.443e-05 6.25786e-07 -1.50733e-05 -0.000230588 -0.000252017
27.2 8.82058e-07 -9.43137e-05 -5.13757e-05 1.02795e-05 -0.00153117 -0.000499213
27.22 3.0513e-06 -0.000101485 -0.000101945 3.68654e-05 -0.00279594 -0.000678579
27.24 5.10102e-06 -0.000105367 -0.000150932 6.30618e-05 -0.00402111 -0.000775666
27.26 6.94729e-06 -0.000106404 -0.000197899 8.72998e-05 -0.00519578 -0.000801603
27.28 8.51358e-06 -0.000105973 -0.00024161 0.000108381 -0.00628901 -0.00079082
27.3 9.74263e-06 -0.000105135 -0.000280909 0.000125554 -0.0072719 -0.000769867
27.32 1.06061e-05 -0.000103733 -0.000314978 0.00013841 -0.00812397 -0.000734797
27.34 1.11043e-05 -0.000100651 -0.000342416 0.000146832 -0.00881021 -0.0006577
27.36 1.12585e-05 -9.46257e-05 -0.00036093 0.000151048 -0.00927325 -0.000507015
27.38 1.10992e-05 -8.48739e-05 -0.000368394 0.000151563 -0.00945994 -0.000263119
27.4 1.06534e-05 -7.14003e-05 -0.000363493 0.000148859 -0.00933735 7.38601e-05
27.42 9.93461e-06 -5.49307e-05 -0.000345533 0.000143142 -0.00888816 0.000485772
27.44 8.9432e-06 -3.63656e-05 -0.000315575 0.00013442 -0.00813891 0.000950094
27.46 7.6732e-06 -1.64264e-05 -0.000277059 0.000122695 -0.0071756 0.00144878
27.48 6.12385e-06 3.87272e-06 -0.000233991 0.000107994 -0.00609845 0.00195647
27.5 4.31356e-06 2.28127e-05 -0.000188841 9.03647e-05 -0.00496923 0.00243017
27.52 2.29179e-06 3.85279e-05 -0.000142708 7.00363e-05 -0.00381541 0.00282321
27.54 1.43568e-07 4.99866e-05 -9.65127e-05 4.75923e-05 -0.00266006 0.0031098
27.56 -2.02106e-06 5.74221e-05 -5.08619e-05 2.40199e-05 -0.00151832 0.00329576
27.58 -4.08553e-06 6.19912e-05 -5.79265e-06 6.16604e-07 -0.000391116 0.00341004
27.6 -5.94371e-06 6.50979e-05 3.8523e-05 -2.12317e-05 0.000717237 0.00348774
27.62 -7.51261e-06 6.77731e-05 8.10059e-05 -4.0324e-05 0.00177975 0.00355464
27.64 -8.74154e-06 7.03185e-05 0.000119934 -5.58147e-05 0.00275335 0.00361831
27.66 -9.61483e-06 7.2321e-05 0.000153562 -6.72278e-05 0.0035944 0.00366839
27.68 -1.01454e-05 7.29243e-05 0.000180195 -7.44306e-05 0.00426051 0.00368348
27.7 -1.0362e-05 7.10697e-05 0.000198074 -7.76414e-05 0.00470767 0.0036371
27.72 -1.02953e-05 6.568e-05 0.000205748 -7.73573e-05 0.0048996 0.0035023
27.74 -9.96657e-06 5.60669e-05 0.000202346 -7.41169e-05 0.00481451 0.00326187
27.76 -9.38151e-06 4.24539e-05 0.000187386 -6.82743e-05 0.00444037 0.0029214
27.78 -8.53301e-06 2.5978e-05 0.000161716 -6.00171e-05 0.00379834 0.00250933
27.8 -7.41112e-06 8.10952e-06 0.000128075 -4.94713e-05 0.00295698 0.00206243
27.82 -6.01472e-06 -9.79005e-06 8.9673e-05 -3.66682e-05 0.00199652 0.00161476
27.84 -4.36316e-06 -2.65509e-05 4.85381e-05 -2.15505e-05 0.00096772 0.00119556
27.86 -2.50485e-06 -4.12147e-05 5.68158e-06 -4.16009e-06 -0.00010414 0.000828816
27.88 -5.18707e-07 -5.3181e-05 -3.78994e-05 1.51447e-05 -0.00119412 0.000529533
27.9 1.49671e-06 -6.24532e-05 -8.13652e-05 3.55953e-05 -0.00228122 0.00029763
27.92 3.43961e-06 -6.97057e-05 -0.000124321 5.60819e-05 -0.00335557 0.000116243
27.94 5.21843e-06 -7.59806e-05 -0.000166305 7.53684e-05 -0.00440561 -4.06947e-05
27.96 6.76031e-06 -8.21347e-05 -0.000206179 9.23568e-05 -0.00540287 -0.000194611
27.98 8.01694e-06 -8.83818e-05 -0.000242384 0.000106245 -0.00630835 -0.000350853
28 8.96624e-06 -9.41852e-05 -0.000273493 0.000116548 -0.00708642 -0.000495998
28.02 9.60739e-06 -9.84798e-05 -0.000298248 0.000123097 -0.00770554 -0.000603408
28.04 9.95151e-06 -0.000100041 -0.000315355 0.000126081 -0.00813341 -0.000642467
28.06 1.00127e-05 -9.78597e-05 -0.000323701 0.00012598 -0.00834214 -0.0005879
28.08 9.80198e-06 -9.14431e-05 -0.000322639 0.000123331 -0.00831558 -0.000427418
28.1 9.32323e-06 -8.09635e-05 -0.000311672 0.000118488 -0.00804128 -0.000165318
28.12 8.57548e-06 -6.71437e-05 -0.000291048 0.000111611 -0.00752547 0.00018032
28.14 7.55903e-06 -5.10276e-05 -0.000262508 0.000102779 -0.00681167 0.00058339
28.16 6.28278e-06 -3.38853e-05 -0.000228546 9.19921e-05 -0.00596227 0.00101213
28.18 4.77133e-06 -1.70761e-05 -0.00019112 7.91822e-05 -0.00502623 0.00143253
28.2 3.07003e-06 -1.71955e-06 -0.00015142 6.43629e-05 -0.00403331 0.00181661
28.22 1.24668e-06 1.15641e-05 -0.000110621 4.78049e-05 -0.00301291 0.00214883
28.24 -6.15198e-07 2.26859e-05 -6.98656e-05 3.01171e-05 -0.00199361 0.00242699
28.26 -2.42792e-06 3.19597e-05 -2.99227e-05 1.221e-05 -0.000994618 0.00265894
28.28 -4.10987e-06 3.98938e-05 8.61817e-06 -4.8544e-06 -3.06949e-05 0.00285737
28.3 -5.59166e-06 4.69164e-05 4.48516e-05 -2.00851e-05 0.000875518 0.00303301
28.32 -6.82077e-06 5.31361e-05 7.75973e-05 -3.2736e-05 0.0016945 0.00318857
28.34 -7.76457e-06 5.82728e-05 0.000105777 -4.23537e-05 0.00239928 0.00331704
28.36 -8.40967e-06 6.17459e-05 0.000128438 -4.87637e-05 0.00296605 0.0034039
28.38 -8.75764e-06 6.28277e-05 0.000144463 -5.2075e-05 0.00336683 0.00343096
28.4 -8.81913e-06 6.08272e-05 0.000152582 -5.26461e-05 0.00356989 0.00338092
28.42 -8.60802e-06 5.53047e-05 0.000151787 -5.09243e-05 0.00355002 0.0032428
28.44 -8.13557e-06 4.62458e-05 0.000141405 -4.72417e-05 0.00329035 0.00301624
28.46 -7.40866e-06 3.40831e-05 0.000121703 -4.176e-05 0.00279761 0.00271204
28.48 -6.43269e-06 1.9595e-05 9.433e-05 -3.45397e-05 0.00211299 0.00234969
28.5 -5.21768e-06 3.87219e-06 6.15277e-05 -2.55595e-05 0.00129259 0.00195646
28.52 -3.78515e-06 -1.17654e-05 2.50493e-05 -1.47316e-05 0.000380255 0.00156536
28.54 -2.17357e-06 -2.60512e-05 -1.40127e-05 -2.01681e-06 -0.000596703 0.00120806
28.56 -4.40542e-07 -3.80784e-05 -5.45865e-05 1.24244e-05 -0.00161147 0.000907256
28.58 1.34142e-06 -4.74596e-05 -9.55728e-05 2.81465e-05 -0.00263655 0.000672627
28.6 3.09294e-06 -5.43167e-05 -0.000136088 4.44286e-05 -0.00364984 0.000501129
28.62 4.73483e-06 -5.91464e-05 -0.000175104 6.03799e-05 -0.00462567 0.000380337
28.64 6.19224e-06 -6.25809e-05 -0.000210713 7.51161e-05 -0.00551625 0.000294437
