0.02 -2.72933e-12 -4.05833e-12 1.01363e-10 -7.63414e-12 2.53514e-09 -1.015e-10
0.04 -2.08885e-11 -9.62562e-11 -7.7811e-10 -6.13757e-11 -1.94608e-08 -2.40741e-09
0.06 -7.15372e-11 -4.21558e-10 -9.99125e-09 -1.2849e-10 -2.49885e-07 -1.05433e-08
0.08 -1.13542e-10 -3.12254e-10 -4.03601e-08 4.06223e-10 -1.00942e-06 -7.80961e-09
0.1 4.74787e-11 4.1969e-09 -8.89959e-08 3.18685e-09 -2.22583e-06 1.04966e-07
0.12 6.98382e-10 2.59536e-08 -1.21495e-07 9.39474e-09 -3.03865e-06 6.4911e-07
0.14 1.89381e-09 9.49749e-08 -1.04989e-07 1.5293e-08 -2.62581e-06 2.37536e-06
0.16 3.16654e-09 2.58235e-07 -5.62814e-08 8.07033e-09 -1.40762e-06 6.45856e-06
0.18 3.69625e-09 5.59749e-07 -2.68365e-08 -3.20917e-08 -6.71191e-07 1.39996e-05
0.2 2.8664e-09 1.01403e-06 -4.04656e-08 -1.22148e-07 -1.01206e-06 2.53613e-05
0.22 6.76924e-10 1.59703e-06 -7.42287e-08 -2.64154e-07 -1.85649e-06 3.99424e-05
0.24 -2.32382e-09 2.26044e-06 -9.99364e-08 -4.39589e-07 -2.49945e-06 5.65345e-05
0.26 -5.43107e-09 2.95609e-06 -1.18292e-07 -6.17037e-07 -2.95853e-06 7.39331e-05
0.28 -8.14866e-09 3.64687e-06 -1.47028e-07 -7.7157e-07 -3.67722e-06 9.12098e-05
0.3 -1.02735e-08 4.29429e-06 -1.90235e-07 -8.97733e-07 -4.75785e-06 0.000107402
0.32 -1.16885e-08 4.8557e-06 -2.24817e-07 -9.9941e-07 -5.62277e-06 0.000121443
0.34 -1.22084e-08 5.31671e-06 -2.1505e-07 -1.07262e-06 -5.37848e-06 0.000132973
0.36 -1.18497e-08 5.71246e-06 -1.45052e-07 -1.11182e-06 -3.62781e-06 0.000142871
0.38 -1.12611e-08 6.09244e-06 -4.15368e-08 -1.13106e-06 -1.03885e-06 0.000152374
0.4 -1.16062e-08 6.48025e-06 3.92666e-08 -1.16263e-06 9.82075e-07 0.000162074
0.42 -1.38068e-08 6.88779e-06 5.23719e-08 -1.23307e-06 1.30984e-06 0.000172267
0.44 -1.79157e-08 7.33397e-06 -6.11924e-09 -1.35154e-06 -1.53045e-07 0.000183426
0.46 -2.31364e-08 7.80175e-06 -1.01418e-07 -1.51397e-06 -2.5365e-06 0.000195125
0.48 -2.81545e-08 8.19323e-06 -1.75891e-07 -1.69514e-06 -4.3991e-06 0.000204916
0.5 -3.14903e-08 8.38078e-06 -1.65822e-07 -1.83656e-06 -4.14727e-06 0.000209607
0.52 -3.2183e-08 8.31784e-06 -4.47029e-08 -1.87169e-06 -1.11804e-06 0.000208033
0.54 -3.07174e-08 8.07941e-06 1.18707e-07 -1.78454e-06 2.96892e-06 0.000202069
0.56 -2.90683e-08 7.79048e-06 1.83561e-07 -1.63895e-06 4.59094e-06 0.000194843
0.58 -2.91621e-08 7.51714e-06 7.37241e-08 -1.53709e-06 1.84387e-06 0.000188007
0.6 -3.09173e-08 7.20226e-06 -1.20838e-07 -1.53533e-06 -3.0222e-06 0.000180132
0.62 -3.18479e-08 6.69713e-06 -2.22858e-07 -1.58343e-06 -5.57378e-06 0.000167498
0.64 -2.88709e-08 5.88069e-06 -1.48761e-07 -1.54616e-06 -3.72058e-06 0.000147079
0.66 -2.08868e-08 4.7441e-06 3.99496e-09 -1.31147e-06 9.99157e-08 0.000118652
0.68 -9.71489e-09 3.33861e-06 4.33259e-08 -8.91045e-07 1.0836e-06 8.35e-05
0.7 1.78426e-09 1.69729e-06 -1.4084e-07 -3.97078e-07 -3.52246e-06 4.24499e-05
0.72 1.25856e-08 -1.22974e-07 -4.64418e-07 7.69997e-08 -1.16153e-05 -3.07563e-06
0.74 2.41008e-08 -1.97958e-06 -7.1179e-07 5.20352e-07 -1.78022e-05 -4.95102e-05
0.76 3.78e-08 -3.72373e-06 -7.31151e-07 9.58692e-07 -1.82864e-05 -9.3132e-05
0.78 5.28249e-08 -5.31254e-06 -5.82263e-07 1.40027e-06 -1.45626e-05 -0.000132869
0.8 6.63817e-08 -6.76173e-06 -4.94428e-07 1.8398e-06 -1.23658e-05 -0.000169114
0.82 7.6189e-08 -8.03057e-06 -6.71127e-07 2.26843e-06 -1.67852e-05 -0.000200848
0.84 8.23319e-08 -9.0552e-06 -1.10338e-06 2.66277e-06 -2.75959e-05 -0.000226474
0.86 8.71479e-08 -9.86005e-06 -1.53917e-06 3.00156e-06 -3.84953e-05 -0.000246604
0.88 9.34072e-08 -1.05097e-05 -1.66212e-06 3.30282e-06 -4.15704e-05 -0.000262851
0.9 1.01709e-07 -1.09454e-05 -1.38366e-06 3.60188e-06 -3.46059e-05 -0.000273749
0.92 1.08965e-07 -1.09808e-05 -9.85215e-07 3.87483e-06 -2.46406e-05 -0.000274635
0.94 1.1014e-07 -1.04899e-05 -8.94263e-07 4.02079e-06 -2.23659e-05 -0.000262356
0.96 1.02707e-07 -9.53258e-06 -1.25966e-06 3.94706e-06 -3.15047e-05 -0.000238414
0.98 8.96519e-08 -8.28834e-06 -1.7802e-06 3.66045e-06 -4.45235e-05 -0.000207295
1 7.76273e-08 -6.93185e-06 -1.98443e-06 3.26746e-06 -4.96314e-05 -0.000173368
1.02 7.1679e-08 -5.60935e-06 -1.59158e-06 2.8965e-06 -3.98061e-05 -0.000140292
1.04 7.09268e-08 -4.52882e-06 -5.29805e-07 2.62022e-06 -1.32506e-05 -0.000113268
1.06 6.78044e-08 -3.97444e-06 9.35375e-07 2.44115e-06 2.33941e-05 -9.94023e-05
1.08 5.2114e-08 -4.04511e-06 1.66314e-06 2.3329e-06 4.15958e-05 -0.00010117
1.1 2.09066e-08 -4.42835e-06 3.37036e-07 2.25987e-06 8.42941e-06 -0.000110755
1.12 -1.36749e-08 -4.66862e-06 -2.27691e-06 2.13389e-06 -5.69464e-05 -0.000116764
1.14 -3.25071e-08 -4.57494e-06 -3.31927e-06 1.79075e-06 -8.30162e-05 -0.000114421
1.16 -2.91247e-08 -4.20242e-06 -1.29582e-06 1.1144e-06 -3.2409e-05 -0.000105104
1.18 -1.71159e-08 -3.63248e-06 1.95852e-06 2.45567e-07 4.89833e-05 -9.08499e-05
1.2 -1.58382e-08 -2.91538e-06 3.478e-06 -4.48867e-07 8.69862e-05 -7.29148e-05
1.22 -3.13256e-08 -2.12343e-06 2.23009e-06 -7.51848e-07 5.57754e-05 -5.31079e-05
1.24 -5.18077e-08 -1.40308e-06 -5.17305e-08 -8.45819e-07 -1.2938e-06 -3.50915e-05
1.26 -6.10937e-08 -8.82943e-07 -7.17764e-07 -1.07489e-06 -1.79516e-05 -2.20828e-05
1.28 -5.60786e-08 -4.64674e-07 7.61865e-07 -1.59431e-06 1.90546e-05 -1.16217e-05
1.3 -4.87751e-08 9.55496e-08 2.14296e-06 -2.31704e-06 5.35963e-05 2.38974e-06
1.32 -4.96663e-08 7.92996e-07 1.4279e-06 -3.01001e-06 3.57124e-05 1.98332e-05
1.34 -5.32034e-08 1.28851e-06 -5.8959e-07 -3.38212e-06 -1.47459e-05 3.22261e-05
1.36 -4.34607e-08 1.31751e-06 -1.67148e-06 -3.23692e-06 -4.18045e-05 3.29515e-05
1.38 -1.18164e-08 9.52445e-07 -7.99571e-07 -2.59646e-06 -1.99976e-05 2.38211e-05
1.4 3.30596e-08 2.53757e-07 1.43714e-06 -1.64896e-06 3.59434e-05 6.34656e-06
1.42 6.97441e-08 -1.11971e-06 3.68821e-06 -5.94959e-07 9.22436e-05 -2.80045e-05
1.44 7.83919e-08 -3.47258e-06 3.87383e-06 4.8635e-07 9.68862e-05 -8.68507e-05
1.46 5.86126e-08 -6.34924e-06 4.12153e-07 1.63972e-06 1.03081e-05 -0.000158797
1.48 3.61109e-08 -8.86105e-06 -4.6927e-06 2.82489e-06 -0.000117366 -0.000221619
1.5 4.1842e-08 -1.06142e-05 -6.50454e-06 3.74838e-06 -0.000162681 -0.000265467
1.52 7.90683e-08 -1.17358e-05 -3.21518e-06 4.1283e-06 -8.0413e-05 -0.000293516
1.54 1.19328e-07 -1.23253e-05 1.06851e-06 4.17517e-06 2.67238e-05 -0.000308262
1.56 1.35433e-07 -1.2525e-05 1.69018e-06 4.54649e-06 4.22722e-05 -0.000313255
1.58 1.29644e-07 -1.27386e-05 -1.0058e-06 5.64356e-06 -2.51555e-05 -0.000318599
1.6 1.2403e-07 -1.31462e-05 -3.25463e-06 7.09827e-06 -8.13997e-05 -0.000328791
1.62 1.3037e-07 -1.32916e-05 -2.75509e-06 8.0705e-06 -6.89059e-05 -0.000332429
1.64 1.36324e-07 -1.2635e-05 -4.77043e-07 7.91985e-06 -1.19311e-05 -0.000316007
1.66 1.19821e-07 -1.12352e-05 9.72853e-07 6.59875e-06 2.43314e-05 -0.000280996
1.68 7.4459e-08 -9.534e-06 -1.23304e-07 4.67042e-06 -3.08388e-06 -0.000238449
1.7 2.0409e-08 -7.78721e-06 -2.89554e-06 2.9951e-06 -7.24187e-05 -0.000194761
1.72 -1.12734e-08 -5.9993e-06 -4.45856e-06 2.12352e-06 -0.00011151 -0.000150045
1.74 -7.47113e-09 -4.06565e-06 -2.81228e-06 1.86761e-06 -7.03362e-05 -0.000101684
1.76 1.36352e-08 -1.75645e-06 9.01278e-07 1.5387e-06 2.25414e-05 -4.39296e-05
1.78 1.90506e-08 1.04052e-06 3.6124e-06 5.93042e-07 9.03477e-05 2.60239e-05
1.8 -8.91555e-09 3.93743e-06 3.54737e-06 -9.6824e-07 8.87213e-05 9.84767e-05
1.82 -5.85589e-08 6.37539e-06 1.60248e-06 -2.70531e-06 4.00788e-05 0.000159451
1.84 -1.02632e-07 8.39255e-06 -1.44021e-07 -4.17877e-06 -3.60201e-06 0.000209901
1.86 -1.23879e-07 1.05725e-05 -3.69291e-07 -5.34734e-06 -9.23611e-06 0.000264421
1.88 -1.27396e-07 1.32177e-05 8.98064e-07 -6.52213e-06 2.2461e-05 0.00033058
1.9 -1.31142e-07 1.60132e-05 2.61659e-06 -7.88488e-06 6.54419e-05 0.000400497
1.92 -1.46646e-07 1.8427e-05 3.50378e-06 -9.12823e-06 8.76311e-05 0.000460866
1.94 -1.68468e-07 2.00287e-05 3.12474e-06 -9.66448e-06 7.8151e-05 0.000500925
1.96 -1.81151e-07 2.05421e-05 2.29879e-06 -9.18457e-06 5.74937e-05 0.000513766
1.98 -1.75789e-07 2.00057e-05 2.08592e-06 -7.99906e-06 5.21698e-05 0.000500351
2 -1.5926e-07 1.88283e-05 2.57942e-06 -6.84408e-06 6.45123e-05 0.000470905
2.02 -1.47027e-07 1.73644e-05 3.0037e-06 -6.30108e-06 7.51239e-05 0.00043429
2.04 -1.47203e-07 1.54678e-05 2.68825e-06 -6.29536e-06 6.72342e-05 0.000386857
2.06 -1.5164e-07 1.26841e-05 1.64245e-06 -6.11188e-06 4.10783e-05 0.000317236
2.08 -1.42278e-07 8.80161e-06 4.35919e-07 -4.96247e-06 1.09025e-05 0.000220132
2.1 -1.06823e-07 4.04939e-06 -2.55115e-07 -2.64466e-06 -6.38052e-06 0.000101277
2.12 -4.97044e-08 -1.1023e-06 -2.04158e-07 2.76877e-07 -5.10608e-06 -2.75691e-05
2.14 1.14553e-08 -6.16864e-06 8.6166e-08 2.90637e-06 2.15505e-06 -0.00015428
2.16 6.07293e-08 -1.08103e-05 -1.39455e-07 4.66866e-06 -3.48782e-06 -0.000270371
2.18 9.62955e-08 -1.48975e-05 -1.0023e-06 5.63585e-06 -2.50678e-05 -0.000372592
2.2 1.28349e-07 -1.83613e-05 -1.81832e-06 6.30443e-06 -4.54769e-05 -0.000459223
2.22 1.65027e-07 -2.10326e-05 -1.9646e-06 7.07058e-06 -4.91354e-05 -0.000526035
2.24 2.01853e-07 -2.27416e-05 -1.6617e-06 7.90808e-06 -4.15597e-05 -0.000568776
2.26 2.26066e-07 -2.34803e-05 -1.7045e-06 8.51583e-06 -4.26303e-05 -0.000587251
2.28 2.30385e-07 -2.33942e-05 -2.55797e-06 8.68919e-06 -6.39758e-05 -0.0005851
2.3 2.21278e-07 -2.27572e-05 -3.79759e-06 8.51099e-06 -9.49794e-05 -0.000569167
2.32 2.13647e-07 -2.19409e-05 -4.43475e-06 8.25918e-06 -0.000110915 -0.000548752
2.34 2.17421e-07 -2.11734e-05 -3.91818e-06 8.16933e-06 -9.79953e-05 -0.000529556
2.36 2.28796e-07 -2.03129e-05 -2.73238e-06 8.22007e-06 -6.8338e-05 -0.000508033
2.38 2.33913e-07 -1.90331e-05 -1.76775e-06 8.12406e-06 -4.42121e-05 -0.000476025
2.4 2.20405e-07 -1.72079e-05 -1.37277e-06 7.58381e-06 -3.43336e-05 -0.000430376
2.42 1.86153e-07 -1.49998e-05 -1.37867e-06 6.57911e-06 -3.4481e-05 -0.000375151
2.44 1.39743e-07 -1.26416e-05 -1.57727e-06 5.38944e-06 -3.94481e-05 -0.000316171
2.46 9.3934e-08 -1.02653e-05 -1.68235e-06 4.33103e-06 -4.20764e-05 -0.000256739
2.48 5.64781e-08 -7.92307e-06 -1.31087e-06 3.46559e-06 -3.27855e-05 -0.000198159
2.5 2.51304e-08 -5.60965e-06 -4.73556e-07 2.56892e-06 -1.18438e-05 -0.0001403
2.52 -8.18325e-09 -3.19522e-06 2.84313e-07 1.386e-06 7.11078e-06 -7.99137e-05
2.54 -4.79701e-08 -5.11596e-07 5.19423e-07 -1.19677e-07 1.2991e-05 -1.27952e-05
2.56 -8.99467e-08 2.39e-06 4.50647e-07 -1.75342e-06 1.12709e-05 5.97748e-05
2.58 -1.24637e-07 5.24245e-06 7.77917e-07 -3.23319e-06 1.9456e-05 0.000131116
2.6 -1.46522e-07 7.85967e-06 1.91636e-06 -4.36102e-06 4.79289e-05 0.000196574
2.62 -1.60203e-07 1.01992e-05 3.30457e-06 -5.16429e-06 8.26486e-05 0.000255086
2.64 -1.75633e-07 1.21217e-05 3.77095e-06 -5.85598e-06 9.4313e-05 0.000303168
2.66 -1.95653e-07 1.33052e-05 2.95861e-06 -6.57669e-06 7.39961e-05 0.000332768
2.68 -2.10589e-07 1.33964e-05 1.94574e-06 -7.21134e-06 4.86639e-05 0.00033505
2.7 -2.07445e-07 1.2199e-05 1.89295e-06 -7.4835e-06 4.73434e-05 0.000305102
2.72 -1.82633e-07 9.89897e-06 2.54828e-06 -7.1678e-06 6.37336e-05 0.000247577
2.74 -1.4416e-07 7.13811e-06 2.74343e-06 -6.26754e-06 6.86144e-05 0.000178527
2.76 -1.03541e-07 4.60716e-06 1.96988e-06 -5.10015e-06 4.92676e-05 0.000115227
2.78 -6.69632e-08 2.51298e-06 8.35971e-07 -4.10335e-06 2.0908e-05 6.28507e-05
2.8 -3.24252e-08 6.34913e-07 1.92349e-07 -3.39886e-06 4.81074e-06 1.58794e-05
2.82 5.69853e-09 -1.16039e-06 1.86333e-07 -2.65306e-06 4.66026e-06 -2.90218e-05
2.84 4.89333e-08 -2.78834e-06 4.46871e-08 -1.50187e-06 1.11764e-06 -6.97377e-05
2.86 9.31257e-08 -4.32492e-06 -1.18587e-06 4.07896e-08 -2.96592e-05 -0.000108168
2.88 1.36059e-07 -6.0843e-06 -3.38832e-06 1.73404e-06 -8.47432e-05 -0.000152171
2.9 1.82956e-07 -8.12391e-06 -5.11626e-06 3.46783e-06 -0.00012796 -0.000203182
2.92 2.39137e-07 -9.94945e-06 -5.06448e-06 5.27056e-06 -0.000126665 -0.00024884
2.94 2.97784e-07 -1.08815e-05 -3.56595e-06 7.08488e-06 -8.91859e-05 -0.000272151
2.96 3.39456e-07 -1.05378e-05 -2.25539e-06 8.69171e-06 -5.64081e-05 -0.000263556
2.98 3.45919e-07 -8.91714e-06 -2.55063e-06 9.79515e-06 -6.37923e-05 -0.000223021
3 3.15352e-07 -6.2863e-06 -4.59062e-06 1.01563e-05 -0.000114813 -0.000157223
3.02 2.65772e-07 -3.12909e-06 -7.07476e-06 9.77503e-06 -0.000176943 -7.826e-05
3.04 2.22905e-07 -4.52314e-09 -8.02641e-06 8.96552e-06 -0.000200744 -1.13126e-07
3.06 2.00294e-07 2.77203e-06 -6.46395e-06 8.12801e-06 -0.000161666 6.93297e-05
3.08 1.88294e-07 5.29811e-06 -3.59364e-06 7.41256e-06 -8.98785e-05 0.000132508
3.1 1.63826e-07 7.83084e-06 -1.7861e-06 6.66052e-06 -4.46711e-05 0.000195853
3.12 1.12953e-07 1.04281e-05 -2.14008e-06 5.63321e-06 -5.35243e-05 0.000260811
3.14 4.39973e-08 1.30279e-05 -3.41133e-06 4.21356e-06 -8.53187e-05 0.000325832
3.16 -2.21163e-08 1.58368e-05 -3.40207e-06 2.39038e-06 -8.50872e-05 0.000396084
3.18 -7.42295e-08 1.92556e-05 -1.13137e-06 1.13311e-07 -2.82959e-05 0.00048159
3.2 -1.22461e-07 2.32192e-05 2.28017e-06 -2.72915e-06 5.70279e-05 0.000580722
3.22 -1.85786e-07 2.69574e-05 4.6124e-06 -6.07133e-06 0.000115358 0.000674215
3.24 -2.68267e-07 2.97122e-05 4.61192e-06 -9.46037e-06 0.000115346 0.000743113
3.26 -3.50676e-07 3.13877e-05 3.31008e-06 -1.23001e-05 8.27865e-05 0.000785018
3.28 -4.07849e-07 3.22014e-05 3.00784e-06 -1.43627e-05 7.52272e-05 0.000805371
3.3 -4.31956e-07 3.20987e-05 4.7649e-06 -1.58889e-05 0.000119172 0.000802803
3.32 -4.35877e-07 3.09292e-05 7.33794e-06 -1.71508e-05 0.000183525 0.000773552
3.34 -4.36382e-07 2.8858e-05 8.77432e-06 -1.81181e-05 0.000219449 0.00072175
3.36 -4.38401e-07 2.61886e-05 8.43552e-06 -1.85903e-05 0.000210976 0.000654989
3.38 -4.34478e-07 2.30213e-05 7.14151e-06 -1.84534e-05 0.000178612 0.000575772
3.4 -4.14181e-07 1.92981e-05 5.95166e-06 -1.77333e-05 0.000148853 0.000482654
3.42 -3.71774e-07 1.48904e-05 5.33682e-06 -1.65033e-05 0.000133476 0.000372415
3.44 -3.07487e-07 9.54544e-06 5.19314e-06 -1.47434e-05 0.000129883 0.000238735
3.46 -2.25287e-07 3.07398e-06 5.07907e-06 -1.22491e-05 0.00012703 7.68816e-05
3.48 -1.31071e-07 -4.33799e-06 4.43502e-06 -8.79155e-06 0.000110922 -0.000108495
3.5 -3.16682e-08 -1.21842e-05 2.95126e-06 -4.45908e-06 7.38123e-05 -0.000304733
3.52 6.67567e-08 -1.99155e-05 8.51988e-07 2.52104e-07 2.13086e-05 -0.000498095
3.54 1.60466e-07 -2.7035e-05 -1.31287e-06 4.75507e-06 -3.28354e-05 -0.000676156
3.56 2.4853e-07 -3.31548e-05 -3.11978e-06 8.73759e-06 -7.80269e-05 -0.000829216
3.58 3.31679e-07 -3.81904e-05 -4.39598e-06 1.22573e-05 -0.000109945 -0.000955157
3.6 4.10079e-07 -4.23379e-05 -5.10923e-06 1.55878e-05 -0.000127784 -0.00105889
3.62 4.80432e-07 -4.56675e-05 -5.48558e-06 1.89354e-05 -0.000137197 -0.00114216
3.64 5.34795e-07 -4.78998e-05 -6.15089e-06 2.21695e-05 -0.000153836 -0.001198
3.66 5.6496e-07 -4.87972e-05 -7.67868e-06 2.48234e-05 -0.000192047 -0.00122044
3.68 5.70986e-07 -4.86145e-05 -9.76166e-06 2.64591e-05 -0.000244143 -0.00121587
3.7 5.64485e-07 -4.78716e-05 -1.11543e-05 2.70571e-05 -0.000278975 -0.00119729
3.72 5.59547e-07 -4.67134e-05 -1.08571e-05 2.69839e-05 -0.00027154 -0.00116832
3.74 5.58495e-07 -4.47391e-05 -9.23095e-06 2.65541e-05 -0.00023087 -0.00111894
3.76 5.48096e-07 -4.1443e-05 -7.52195e-06 2.56746e-05 -0.000188127 -0.00103651
3.78 5.10576e-07 -3.65702e-05 -6.44789e-06 2.39219e-05 -0.000161264 -0.000914637
3.8 4.37486e-07 -3.00685e-05 -5.7823e-06 2.09165e-05 -0.000144618 -0.000752026
3.82 3.34355e-07 -2.20505e-05 -5.08708e-06 1.66389e-05 -0.00012723 -0.000551492
3.84 2.15725e-07 -1.29524e-05 -4.11957e-06 1.14736e-05 -0.000103032 -0.000323944
3.86 9.62992e-08 -3.46155e-06 -2.67532e-06 5.98239e-06 -6.6911e-05 -8.65747e-05
3.88 -1.66368e-08 5.92702e-06 -7.89665e-07 5.66824e-07 -1.97499e-05 0.000148237
3.9 -1.24492e-07 1.51261e-05 1.0215e-06 -4.69843e-06 2.55482e-05 0.000378309
3.92 -2.30702e-07 2.4057e-05 2.38106e-06 -9.89947e-06 5.95513e-05 0.000601675
3.94 -3.32778e-07 3.22018e-05 3.69973e-06 -1.49594e-05 9.25319e-05 0.000805382
3.96 -4.21922e-07 3.87573e-05 5.56729e-06 -1.94887e-05 0.00013924 0.000969336
3.98 -4.8987e-07 4.31079e-05 7.71502e-06 -2.29482e-05 0.000192956 0.00107815
4 -5.34533e-07 4.49999e-05 9.17535e-06 -2.49857e-05 0.000229479 0.00112547
4.02 -5.58989e-07 4.44444e-05 9.32656e-06 -2.5674e-05 0.000233261 0.00111157
4.04 -5.66006e-07 4.16534e-05 8.36547e-06 -2.5435e-05 0.000209224 0.00104177
4.06 -5.53212e-07 3.69873e-05 6.96456e-06 -2.46581e-05 0.000174186 0.000925068
4.08 -5.13065e-07 3.09071e-05 5.81713e-06 -2.33459e-05 0.000145489 0.000773
4.1 -4.39144e-07 2.40194e-05 5.26086e-06 -2.11797e-05 0.000131576 0.000600736
4.12 -3.34289e-07 1.69977e-05 4.99457e-06 -1.79531e-05 0.000124916 0.00042512
4.14 -2.11708e-07 1.02868e-05 4.346e-06 -1.38561e-05 0.000108695 0.000257278
4.16 -8.6818e-08 4.07017e-06 3.00344e-06 -9.31327e-06 7.51173e-05 0.000101797
4.18 3.08058e-08 -1.3671e-06 1.22414e-06 -4.69885e-06 3.06163e-05 -3.41918e-05
4.2 1.37334e-07 -5.61e-06 -7.34105e-07 -2.83612e-07 -1.83603e-05 -0.000140309
4.22 2.31017e-07 -8.67497e-06 -2.91579e-06 3.74906e-06 -7.29252e-05 -0.000216965
4.24 3.12457e-07 -1.1232e-05 -5.25497e-06 7.43539e-06 -0.000131429 -0.000280917
4.26 3.86208e-07 -1.39615e-05 -7.37957e-06 1.10729e-05 -0.000184566 -0.000349183
4.28 4.57515e-07 -1.69821e-05 -9.05075e-06 1.49452e-05 -0.000226363 -0.000424729
4.3 5.27086e-07 -2.01187e-05 -1.03008e-05 1.90238e-05 -0.000257627 -0.000503177
4.32 5.90235e-07 -2.3276e-05 -1.09764e-05 2.29849e-05 -0.000274524 -0.000582142
4.34 6.39085e-07 -2.62396e-05 -1.07855e-05 2.63867e-05 -0.00026975 -0.000656262
4.36 6.64148e-07 -2.85656e-05 -1.0007e-05 2.87798e-05 -0.000250278 -0.000714437
4.38 6.57475e-07 -2.99344e-05 -9.45968e-06 2.98475e-05 -0.00023659 -0.000748671
4.4 6.17775e-07 -3.01551e-05 -9.51076e-06 2.95502e-05 -0.000237868 -0.000754191
4.42 5.50641e-07 -2.86465e-05 -9.68579e-06 2.79809e-05 -0.000242246 -0.000716461
4.44 4.6169e-07 -2.43674e-05 -9.37663e-06 2.50388e-05 -0.000234513 -0.00060944
4.46 3.51515e-07 -1.64367e-05 -8.39887e-06 2.04393e-05 -0.000210059 -0.00041109
4.48 2.19051e-07 -4.66356e-06 -6.74897e-06 1.40843e-05 -0.000168795 -0.000116637
4.5 6.78482e-08 1.03641e-05 -4.243e-06 6.30232e-06 -0.000106119 0.000259211
4.52 -9.35613e-08 2.74314e-05 -7.20747e-07 -2.24117e-06 -1.80262e-05 0.00068607
4.54 -2.5741e-07 4.50273e-05 3.38197e-06 -1.07806e-05 8.45846e-05 0.00112615
4.56 -4.20859e-07 6.18341e-05 7.03157e-06 -1.87354e-05 0.000175862 0.0015465
4.58 -5.83973e-07 7.70914e-05 9.576e-06 -2.59616e-05 0.0002395 0.00192809
4.6 -7.45733e-07 9.04866e-05 1.15095e-05 -3.27287e-05 0.000287857 0.00226311
4.62 -9.03179e-07 0.000101683 1.37873e-05 -3.93135e-05 0.000344825 0.00254313
4.64 -1.052e-06 0.000110116 1.65014e-05 -4.55188e-05 0.000412706 0.00275404
4.66 -1.1853e-06 0.000115264 1.86241e-05 -5.06237e-05 0.000465796 0.0028828
4.68 -1.29171e-06 0.000116752 1.91263e-05 -5.38668e-05 0.000478357 0.00292001
4.7 -1.35586e-06 0.000114082 1.82952e-05 -5.49289e-05 0.00045757 0.00285324
4.72 -1.36307e-06 0.000106677 1.77511e-05 -5.39173e-05 0.000443963 0.00266804
4.74 -1.30816e-06 9.43198e-05 1.87337e-05 -5.10507e-05 0.000468538 0.00235898
4.76 -1.20108e-06 7.72231e-05 2.04352e-05 -4.64675e-05 0.000511092 0.00193138
4.78 -1.06013e-06 5.57745e-05 2.06772e-05 -4.01856e-05 0.000517145 0.00139494
4.8 -8.97439e-07 3.07111e-05 1.83254e-05 -3.21815e-05 0.000458326 0.000768097
4.82 -7.13658e-07 3.50182e-06 1.44517e-05 -2.26863e-05 0.000361442 8.75819e-05
4.84 -5.08061e-07 -2.39228e-05 1.10127e-05 -1.24248e-05 0.000275431 -0.000598319
4.86 -2.89974e-07 -4.98919e-05 8.84754e-06 -2.34457e-06 0.000221281 -0.00124782
4.88 -7.67549e-08 -7.33792e-05 7.10451e-06 6.94981e-06 0.000177687 -0.00183525
4.9 1.1948e-07 -9.41442e-05 4.41681e-06 1.54196e-05 0.000110466 -0.00235458
4.92 3.02638e-07 -0.000112949 5.4317e-07 2.34134e-05 1.35849e-05 -0.0028249
4.94 4.90174e-07 -0.000131299 -3.25731e-06 3.14551e-05 -8.14668e-05 -0.00328385
4.96 6.97663e-07 -0.00015035 -5.63105e-06 4.00065e-05 -0.000140835 -0.00376031
4.98 9.22242e-07 -0.000169928 -6.72815e-06 4.90783e-05 -0.000168274 -0.00424997
5 1.13994e-06 -0.000188633 -8.0285e-06 5.79997e-05 -0.000200796 -0.00471778
5.02 1.32026e-06 -0.000204562 -1.06539e-05 6.56847e-05 -0.000266459 -0.00511618
5.04 1.44487e-06 -0.000215853 -1.42679e-05 7.11658e-05 -0.000356846 -0.00539857
5.06 1.51463e-06 -0.000221018 -1.76143e-05 7.39533e-05 -0.00044054 -0.00552776
5.08 1.54242e-06 -0.000219258 -1.96933e-05 7.41024e-05 -0.000492537 -0.00548373
5.1 1.54075e-06 -0.000210398 -2.03753e-05 7.2044e-05 -0.000509595 -0.00526215
5.12 1.51368e-06 -0.000194389 -2.02531e-05 6.82047e-05 -0.000506539 -0.00486176
5.14 1.45658e-06 -0.000170972 -1.99377e-05 6.26319e-05 -0.000498649 -0.00427608
5.16 1.36144e-06 -0.000139875 -1.92704e-05 5.49834e-05 -0.000481961 -0.00349833
5.18 1.22099e-06 -0.000101024 -1.74181e-05 4.48911e-05 -0.000435633 -0.00252665
5.2 1.02784e-06 -5.44041e-05 -1.40631e-05 3.22793e-05 -0.000351725 -0.00136067
5.22 7.72286e-07 -1.01886e-08 -1.01918e-05 1.73348e-05 -0.000254901 -2.5482e-07
5.24 4.45744e-07 6.16028e-05 -7.19691e-06 2.87721e-07 -0.000179998 0.00154071
5.26 5.01767e-08 0.000128379 -5.36002e-06 -1.86111e-05 -0.000134056 0.00321082
5.28 -3.93207e-07 0.000196208 -3.62282e-06 -3.87239e-05 -9.06083e-05 0.00490723
5.3 -8.43115e-07 0.000259423 -6.30372e-07 -5.85445e-05 -1.57659e-05 0.00648829
5.32 -1.2497e-06 0.000312279 4.35126e-06 -7.57654e-05 0.000108827 0.00781023
5.34 -1.5767e-06 0.000350396 1.1039e-05 -8.82372e-05 0.00027609 0.00876354
5.36 -1.82022e-06 0.00037143 1.78986e-05 -9.52135e-05 0.000447652 0.00928961
5.38 -2.0054e-06 0.000375273 2.26154e-05 -9.78198e-05 0.000565619 0.00938574
5.4 -2.1592e-06 0.000363987 2.37366e-05 -9.82311e-05 0.000593662 0.00910346
5.42 -2.28399e-06 0.000341453 2.20935e-05 -9.79781e-05 0.000552569 0.00853988
5.44 -2.3604e-06 0.000313284 2.01526e-05 -9.68692e-05 0.000504025 0.00783536
5.46 -2.37681e-06 0.000284919 1.96819e-05 -9.39869e-05 0.000492253 0.00712594
5.48 -2.34666e-06 0.000257469 2.03305e-05 -8.95998e-05 0.000508475 0.0064394
5.5 -2.2821e-06 0.000227342 2.06621e-05 -8.50039e-05 0.000516769 0.00568592
5.52 -2.15607e-06 0.000190897 1.99816e-05 -8.01988e-05 0.000499748 0.00477442
5.54 -1.91192e-06 0.000147287 1.86949e-05 -7.28572e-05 0.000467566 0.0036837
5.56 -1.51721e-06 9.66892e-05 1.72794e-05 -6.04254e-05 0.000432164 0.00241824
5.58 -9.97627e-07 3.90462e-05 1.54091e-05 -4.28663e-05 0.000385389 0.000976562
5.6 -4.1661e-07 -2.32392e-05 1.23023e-05 -2.28873e-05 0.000307686 -0.000581222
5.62 1.63736e-07 -8.33384e-05 8.01472e-06 -3.88515e-06 0.000200452 -0.00208433
5.64 6.94831e-07 -0.000133307 3.95734e-06 1.18988e-05 9.89748e-05 -0.00333407
5.66 1.13251e-06 -0.00016901 1.30828e-06 2.37849e-05 3.27205e-05 -0.00422701
5.68 1.44071e-06 -0.000191166 -8.86867e-07 3.2313e-05 -2.21809e-05 -0.00478113
5.7 1.61374e-06 -0.000203146 -4.77143e-06 3.89182e-05 -0.000119336 -0.00508076
5.72 1.6877e-06 -0.00020899 -1.06671e-05 4.5515e-05 -0.000266788 -0.00522694
5.74 1.71925e-06 -0.000212396 -1.61846e-05 5.36931e-05 -0.000404784 -0.00531212
5.76 1.7472e-06 -0.000215885 -1.86027e-05 6.37873e-05 -0.000465262 -0.00539938
5.78 1.77016e-06 -0.000220323 -1.72747e-05 7.4527e-05 -0.000432048 -0.00551036
5.8 1.75553e-06 -0.000225055 -1.36846e-05 8.37001e-05 -0.000342259 -0.00562873
5.82 1.66622e-06 -0.000228256 -1.00131e-05 8.94609e-05 -0.000250431 -0.00570878
5.84 1.48233e-06 -0.000227296 -7.75938e-06 9.12717e-05 -0.000194065 -0.00568477
5.86 1.20564e-06 -0.00021972 -6.99899e-06 8.96188e-05 -0.000175048 -0.0054953
5.88 8.52481e-07 -0.000204823 -6.50281e-06 8.4796e-05 -0.000162638 -0.0051227
5.9 4.47798e-07 -0.000184223 -4.79972e-06 7.62834e-05 -0.000120043 -0.00460749
5.92 2.45254e-08 -0.000160439 -1.50136e-06 6.37187e-05 -3.75497e-05 -0.00401265
5.94 -3.78742e-07 -0.000135119 2.46798e-06 4.81965e-05 6.17253e-05 -0.00337937
5.96 -7.27209e-07 -0.000108568 6.16506e-06 3.18528e-05 0.000154191 -0.00271532
5.98 -1.00281e-06 -7.96155e-05 9.71818e-06 1.59166e-05 0.000243056 -0.00199122
6 -1.2131e-06 -4.50688e-05 1.3576e-05 -5.40001e-07 0.000339541 -0.00112719
6.02 -1.38821e-06 -5.12933e-07 1.74111e-05 -1.98549e-05 0.000435459 -1.28287e-05
6.04 -1.56265e-06 5.65103e-05 2.08019e-05 -4.38742e-05 0.000520265 0.00141335
6.06 -1.75002e-06 0.000123139 2.4013e-05 -7.2318e-05 0.000600575 0.00307975
6.08 -1.92517e-06 0.000190586 2.66665e-05 -0.000102073 0.000666939 0.00476663
6.1 -2.0229e-06 0.000247229 2.70141e-05 -0.000127632 0.000675634 0.00618331
6.12 -1.96194e-06 0.000283886 2.43413e-05 -0.000143057 0.000608786 0.0071001
6.14 -1.6986e-06 0.000298 2.01334e-05 -0.000145104 0.000503545 0.0074531
6.16 -1.27483e-06 0.000293952 1.45861e-05 -0.000135356 0.000364805 0.00735187
6.18 -7.98343e-07 0.000279752 4.69362e-06 -0.000118999 0.000117389 0.00699673
6.2 -3.52604e-07 0.000262937 -1.0769e-05 -0.000101014 -0.000269337 0.00657616
6.22 7.25878e-08 0.000247997 -2.65845e-05 -8.3421e-05 -0.00066489 0.00620252
6.24 5.52253e-07 0.000235363 -3.49083e-05 -6.58532e-05 -0.000873072 0.00588652
6.26 1.12415e-06 0.000220859 -3.30824e-05 -4.75505e-05 -0.000827405 0.00552378
6.28 1.72851e-06 0.000196696 -2.68941e-05 -2.69988e-05 -0.000672633 0.00491945
6.3 2.22707e-06 0.000155864 -2.69785e-05 1.53008e-08 -0.000674743 0.00389823
6.32 2.5113e-06 9.61313e-05 -4.52692e-05 3.75209e-05 -0.0011322 0.00240429
6.34 2.629e-06 1.97767e-05 -8.45718e-05 8.46242e-05 -0.00211518 0.000494623
6.36 2.76655e-06 -6.79669e-05 -0.000124191 0.000137287 -0.00310606 -0.00169988
6.38 3.07163e-06 -0.000159054 -0.000138824 0.000191205 -0.00347205 -0.003978
6.4 3.49319e-06 -0.000243199 -0.000130544 0.000240978 -0.00326496 -0.00608251
6.42 3.83102e-06 -0.000311369 -0.000121844 0.00027999 -0.00304738 -0.00778747
6.44 3.96671e-06 -0.000359342 -0.000127517 0.000302764 -0.00318925 -0.0089873
6.46 3.96701e-06 -0.000387871 -0.000132296 0.000305926 -0.00330878 -0.00970082
6.48 3.91586e-06 -0.000400298 -0.000110141 0.000288215 -0.00275466 -0.0100116
6.5 3.72402e-06 -0.000400523 -6.9117e-05 0.000252991 -0.00172864 -0.0100172
6.52 3.19726e-06 -0.000392962 -4.27147e-05 0.000209721 -0.00106831 -0.00982815
6.54 2.28282e-06 -0.000380704 -4.73283e-05 0.000171639 -0.0011837 -0.00952156
6.56 1.16965e-06 -0.000364024 -7.0627e-05 0.000148471 -0.00176641 -0.0091044
6.58 1.69183e-07 -0.000341006 -8.71014e-05 0.000139658 -0.00217844 -0.0085287
6.6 -4.98057e-07 -0.000306613 -7.72165e-05 0.000136641 -0.00193122 -0.00766853
6.62 -8.52411e-07 -0.000255855 -4.488e-05 0.000129036 -0.00112247 -0.00639904
6.64 -1.09569e-06 -0.000190318 -1.22248e-05 0.000107698 -0.000305747 -0.00475994
6.66 -1.38814e-06 -0.000118397 7.5714e-06 6.74356e-05 0.000189364 -0.00296116
6.68 -1.71829e-06 -4.84341e-05 2.06737e-05 1.028e-05 0.000517058 -0.00121136
6.7 -1.98401e-06 1.5459e-05 3.75667e-05 -5.54276e-05 0.000939558 0.000386635
6.72 -2.14374e-06 7.00497e-05 6.09313e-05 -0.000120586 0.00152392 0.00175197
6.74 -2.26505e-06 0.000111362 8.61763e-05 -0.000178761 0.0021553 0.0027852
6.76 -2.45244e-06 0.000139587 0.000105586 -0.000224275 0.00264076 0.00349113
6.78 -2.7531e-06 0.000161397 0.000113418 -0.000250628 0.00283663 0.00403661
6.8 -3.1267e-06 0.000184363 0.000110467 -0.000255886 0.00276282 0.00461101
6.82 -3.4915e-06 0.000212323 0.000101189 -0.000246696 0.00253077 0.00531029
6.84 -3.7724e-06 0.000246704 8.88297e-05 -0.000232322 0.00222167 0.00617018
6.86 -3.89131e-06 0.000287782 7.77539e-05 -0.000216183 0.00194466 0.00719754
6.88 -3.78219e-06 0.000331439 7.30856e-05 -0.000199145 0.0018279 0.00828944
6.9 -3.44952e-06 0.000368063 7.48279e-05 -0.00018798 0.00187148 0.00920541
6.92 -2.95596e-06 0.000391327 7.8123e-05 -0.000186638 0.00195389 0.00978726
6.94 -2.37695e-06 0.000401178 7.90034e-05 -0.000190199 0.00197591 0.0100336
6.96 -1.79277e-06 0.000396997 7.4242e-05 -0.000194076 0.00185682 0.00992905
6.98 -1.26118e-06 0.000377482 6.15713e-05 -0.000194737 0.00153992 0.00944099
7 -7.92577e-07 0.00034337 4.43299e-05 -0.000186344 0.00110871 0.00858783
7.02 -3.59582e-07 0.000297479 2.86326e-05 -0.000164569 0.000716114 0.00744008
7.04 7.59427e-08 0.00024278 1.64721e-05 -0.000127217 0.000411973 0.00607204
7.06 5.38846e-07 0.000180493 5.24222e-06 -7.20279e-05 0.00013111 0.0045142
7.08 1.03498e-06 0.000112353 -7.89786e-06 -1.17093e-06 -0.000197529 0.00281
7.1 1.54448e-06 4.21072e-05 -2.34508e-05 7.49662e-05 -0.000586515 0.00105312
7.12 2.02094e-06 -2.63991e-05 -4.0169e-05 0.000142437 -0.00100464 -0.000660253
7.14 2.41371e-06 -9.00645e-05 -5.60601e-05 0.000190228 -0.00140209 -0.00225255
7.16 2.69669e-06 -0.000145962 -6.84423e-05 0.000213758 -0.00171177 -0.00365056
7.18 2.87021e-06 -0.000191696 -7.54851e-05 0.000215693 -0.00188791 -0.00479438
7.2 2.94273e-06 -0.00022609 -7.83475e-05 0.000201993 -0.0019595 -0.0056546
7.22 2.92669e-06 -0.000248787 -7.76219e-05 0.000178382 -0.00194136 -0.00622226
7.24 2.83504e-06 -0.000260201 -6.98444e-05 0.00015155 -0.00174684 -0.00650773
7.26 2.66502e-06 -0.000262643 -5.33173e-05 0.000128612 -0.00133349 -0.0065688
7.28 2.39105e-06 -0.000259786 -3.31732e-05 0.000115004 -0.000829676 -0.00649735
7.3 1.99193e-06 -0.000254861 -1.77006e-05 0.000113021 -0.0004427 -0.00637418
7.32 1.48877e-06 -0.000249989 -1.17238e-05 0.000119906 -0.000293218 -0.00625234
7.34 9.47669e-07 -0.000245941 -1.28114e-05 0.000129188 -0.000320417 -0.00615108
7.36 4.42259e-07 -0.000241518 -1.43618e-05 0.000134276 -0.000359195 -0.00604046
7.38 7.12385e-09 -0.000233507 -1.24611e-05 0.000128677 -0.000311658 -0.00584011
7.4 -3.68133e-07 -0.000218659 -7.00934e-06 0.000105318 -0.000175306 -0.00546874
7.42 -7.0614e-07 -0.000195887 2.04553e-06 6.08236e-05 5.11596e-05 -0.00489921
7.44 -1.01439e-06 -0.000165588 1.49069e-05 8.33983e-07 0.000372829 -0.00414142
7.46 -1.28632e-06 -0.000128036 2.96982e-05 -6.18989e-05 0.000742766 -0.00320223
7.48 -1.5155e-06 -8.4153e-05 4.36531e-05 -0.000115552 0.00109178 -0.0021047
7.5 -1.70237e-06 -3.65577e-05 5.57828e-05 -0.000154483 0.00139515 -0.000914322
7.52 -1.85147e-06 1.2088e-05 6.63776e-05 -0.000177807 0.00166013 0.000302325
7.54 -1.97187e-06 6.10523e-05 7.47232e-05 -0.000186056 0.00186886 0.00152694
7.56 -2.08009e-06 0.000110674 7.85716e-05 -0.00018068 0.00196511 0.00276801
7.58 -2.19247e-06 0.000160074 7.4463e-05 -0.000165533 0.00186235 0.00400353
7.6 -2.29766e-06 0.000206437 5.94952e-05 -0.000146519 0.001488 0.00516307
7.62 -2.32518e-06 0.000246089 3.69326e-05 -0.000128704 0.0009237 0.00615479
7.64 -2.17088e-06 0.000275764 1.79349e-05 -0.000114437 0.000448558 0.00689697
7.66 -1.78828e-06 0.000293401 1.16927e-05 -0.000103999 0.000292439 0.00733808
7.68 -1.24801e-06 0.000298303 1.48967e-05 -9.68589e-05 0.000372572 0.00746069
7.7 -6.87552e-07 0.000290067 1.62334e-05 -9.19924e-05 0.000406004 0.00725471
7.72 -2.04412e-07 0.000267684 1.00069e-05 -8.69186e-05 0.000250278 0.00669489
7.74 1.94758e-07 0.000230866 -7.84847e-08 -7.63214e-05 -1.96293e-06 0.00577406
7.76 5.5801e-07 0.000181368 -8.9374e-06 -5.27773e-05 -0.000223528 0.00453608
7.78 9.21979e-07 0.000122629 -1.6111e-05 -1.16465e-05 -0.000402943 0.003067
7.8 1.28021e-06 5.92834e-05 -2.41666e-05 4.3245e-05 -0.000604416 0.0014827
7.82 1.59706e-06 -4.02559e-06 -3.49656e-05 0.000100401 -0.000874505 -0.000100682
7.84 1.84214e-06 -6.34758e-05 -4.79543e-05 0.000148108 -0.00119936 -0.00158756
7.86 2.01435e-06 -0.000115262 -6.05035e-05 0.00017983 -0.00151322 -0.00288274
7.88 2.13485e-06 -0.000156412 -6.92263e-05 0.000193381 -0.00173138 -0.00391193
7.9 2.22628e-06 -0.000187369 -7.15283e-05 0.000189008 -0.00178895 -0.00468618
7.92 2.29919e-06 -0.000211617 -6.63939e-05 0.000169892 -0.00166054 -0.00529263
7.94 2.34886e-06 -0.000232375 -5.33501e-05 0.00014247 -0.00133431 -0.0058118
7.96 2.34066e-06 -0.000250887 -3.34674e-05 0.000114335 -0.000837035 -0.00627479
7.98 2.19971e-06 -0.000267088 -1.37067e-05 9.14189e-05 -0.000342809 -0.00667999
8 1.86211e-06 -0.00028021 -4.15921e-06 7.67109e-05 -0.000104023 -0.00700816
8.02 1.35431e-06 -0.000288827 -6.791e-06 7.00497e-05 -0.000169846 -0.00722368
8.04 7.97357e-07 -0.000291127 -1.22782e-05 6.8584e-05 -0.000307082 -0.0072812
8.06 3.16757e-07 -0.000284947 -1.08546e-05 6.82903e-05 -0.000271479 -0.00712664
8.08 -4.26427e-08 -0.000267644 -1.89921e-06 6.48099e-05 -4.75001e-05 -0.00669388
8.1 -3.17952e-07 -0.000237787 8.81428e-06 5.28914e-05 0.000220449 -0.00594715
8.12 -5.68418e-07 -0.000197061 1.70964e-05 2.79328e-05 0.000427589 -0.00492857
8.14 -8.20355e-07 -0.000148671 2.33937e-05 -9.49405e-06 0.000585086 -0.00371833
8.16 -1.06306e-06 -9.51298e-05 3.03562e-05 -5.21152e-05 0.000759222 -0.00237924
8.18 -1.28637e-06 -3.85348e-05 3.93153e-05 -9.10617e-05 0.000983293 -0.000963771
8.2 -1.50824e-06 1.90246e-05 4.86399e-05 -0.000121719 0.0012165 0.000475813
8.22 -1.76148e-06 7.61058e-05 5.49036e-05 -0.000143516 0.00137316 0.00190344
8.24 -2.05704e-06 0.000132026 5.57556e-05 -0.000155932 0.00139447 0.00330204
8.26 -2.36171e-06 0.000186076 5.16279e-05 -0.000157171 0.00129123 0.00465383
8.28 -2.60584e-06 0.000236748 4.4566e-05 -0.000146482 0.00111461 0.00592116
8.3 -2.71631e-06 0.000281517 3.63446e-05 -0.000126268 0.000908993 0.00704086
8.32 -2.64621e-06 0.00031727 2.86944e-05 -0.00010181 0.000717659 0.00793505
8.34 -2.39444e-06 0.000341235 2.34587e-05 -7.93985e-05 0.000586711 0.00853443
8.36 -2.01378e-06 0.000351975 2.01015e-05 -6.40722e-05 0.000502746 0.00880304
8.38 -1.58594e-06 0.000349983 1.51918e-05 -5.79644e-05 0.000379954 0.00875323
8.4 -1.17565e-06 0.000337464 6.93712e-06 -6.02093e-05 0.0001735 0.00844011
8.42 -8.0847e-07 0.000317077 -2.07842e-06 -6.80085e-05 -5.1982e-05 0.00793022
8.44 -4.88634e-07 0.000290909 -8.58098e-06 -7.69539e-05 -0.000214614 0.00727577
8.46 -2.13945e-07 0.000260192 -1.23515e-05 -8.00716e-05 -0.000308917 0.00650751
8.48 3.12492e-08 0.000224626 -1.48327e-05 -6.8626e-05 -0.000370971 0.00561798
8.5 2.77681e-07 0.000183104 -1.68501e-05 -3.76151e-05 -0.000421428 0.0045795
8.52 5.51511e-07 0.000136011 -1.91869e-05 7.93732e-06 -0.000479872 0.00340169
8.54 8.51617e-07 8.47377e-05 -2.302e-05 5.43215e-05 -0.000575739 0.00211933
8.56 1.15224e-06 2.98452e-05 -2.83462e-05 8.87095e-05 -0.000708951 0.000746441
8.58 1.42598e-06 -2.76007e-05 -3.34868e-05 0.000106496 -0.000837519 -0.000690304
8.6 1.65687e-06 -8.42894e-05 -3.68413e-05 0.000109477 -0.000921417 -0.00210811
8.62 1.8333e-06 -0.000136131 -3.77829e-05 0.000100738 -0.000944967 -0.00340469
8.64 1.93996e-06 -0.000180365 -3.55701e-05 8.37583e-05 -0.000889623 -0.00451101
8.66 1.95747e-06 -0.000215723 -2.92593e-05 6.39706e-05 -0.000731787 -0.00539532
8.68 1.86269e-06 -0.000241824 -2.00694e-05 4.78569e-05 -0.000501943 -0.00604812
8.7 1.64246e-06 -0.000258953 -1.19085e-05 3.99602e-05 -0.000297836 -0.00647653
8.72 1.31832e-06 -0.000268008 -7.13638e-06 4.10648e-05 -0.000178484 -0.00670299
8.74 9.4835e-07 -0.000270485 -3.69406e-06 4.85994e-05 -9.23901e-05 -0.00676495
8.76 5.95025e-07 -0.000268156 1.34667e-06 5.8531e-05 3.36808e-05 -0.0067067
8.78 2.93065e-07 -0.000262251 7.68815e-06 6.72879e-05 0.000192284 -0.006559
8.8 4.75033e-08 -0.000252685 1.31366e-05 7.20631e-05 0.000328551 -0.00631975
8.82 -1.51867e-07 -0.000237946 1.67279e-05 6.97101e-05 0.000418373 -0.00595113
8.84 -3.26483e-07 -0.000215865 1.88287e-05 5.64812e-05 0.000470914 -0.00539887
8.86 -5.07478e-07 -0.000184707 1.9922e-05 3.03645e-05 0.000498257 -0.00461961
8.88 -7.2019e-07 -0.000144372 2.09543e-05 -5.32148e-06 0.000524075 -0.0036108
8.9 -9.67805e-07 -9.66457e-05 2.35643e-05 -4.18268e-05 0.000589352 -0.00241715
8.92 -1.23229e-06 -4.35961e-05 2.82894e-05 -7.05459e-05 0.00070753 -0.00109036
8.94 -1.48983e-06 1.29599e-05 3.34173e-05 -8.82629e-05 0.00083578 0.000324132
8.96 -1.71954e-06 6.98632e-05 3.66161e-05 -9.58125e-05 0.000915784 0.00174731
8.98 -1.8963e-06 0.000122895 3.67398e-05 -9.40315e-05 0.000918877 0.00307365
9 -1.98788e-06 0.000169182 3.393e-05 -8.40288e-05 0.000848604 0.00423132
9.02 -1.96476e-06 0.000207587 2.96679e-05 -7.00178e-05 0.000742008 0.00519184
9.04 -1.81973e-06 0.000237096 2.61462e-05 -5.85843e-05 0.000653927 0.00592988
9.06 -1.5816e-06 0.000256581 2.3169e-05 -5.44286e-05 0.000579467 0.0064172
9.08 -1.29925e-06 0.000265961 1.71747e-05 -5.76012e-05 0.000429547 0.00665179
9.1 -1.00654e-06 0.000266593 6.15167e-06 -6.4729e-05 0.000153856 0.0066676
9.12 -7.06143e-07 0.000260531 -6.27578e-06 -7.20376e-05 -0.00015696 0.00651599
9.14 -3.90986e-07 0.00024952 -1.41408e-05 -7.67853e-05 -0.000353668 0.00624059
9.16 -7.24453e-08 0.00023422 -1.52383e-05 -7.64208e-05 -0.000381116 0.00585794
9.18 2.20467e-07 0.000213913 -1.27189e-05 -6.74566e-05 -0.000318105 0.00535006
9.2 4.67291e-07 0.000187073 -1.18324e-05 -4.6186e-05 -0.000295934 0.00467879
9.22 6.74599e-07 0.000153287 -1.58472e-05 -1.20088e-05 -0.000396344 0.00383377
9.24 8.66444e-07 0.00011493 -2.41822e-05 2.89891e-05 -0.000604806 0.00287445
9.26 1.05758e-06 7.57811e-05 -3.34386e-05 6.54347e-05 -0.000836314 0.00189532
9.28 1.23969e-06 3.79995e-05 -4.02813e-05 8.79853e-05 -0.00100745 0.000950383
9.3 1.39677e-06 1.37096e-06 -4.39166e-05 9.52775e-05 -0.00109837 3.42882e-05
9.32 1.5312e-06 -3.50959e-05 -4.56911e-05 9.24986e-05 -0.00114275 -0.000877764
9.34 1.66437e-06 -7.16321e-05 -4.62197e-05 8.59163e-05 -0.00115597 -0.00179155
9.36 1.80356e-06 -0.000107284 -4.37954e-05 7.97158e-05 -0.00109534 -0.00268323
9.38 1.9083e-06 -0.000140456 -3.69484e-05 7.60905e-05 -0.000924096 -0.00351286
9.4 1.89796e-06 -0.000169724 -2.84323e-05 7.5873e-05 -0.000711104 -0.00424486
9.42 1.71594e-06 -0.000193901 -2.35593e-05 7.86621e-05 -0.000589227 -0.00484955
9.44 1.39165e-06 -0.000211588 -2.33595e-05 8.29258e-05 -0.000584232 -0.00529191
9.46 1.02345e-06 -0.000221493 -2.28325e-05 8.63838e-05 -0.00057105 -0.00553964
9.48 6.97989e-07 -0.00022331 -1.75179e-05 8.69035e-05 -0.000438131 -0.00558508
9.5 4.35561e-07 -0.000217784 -8.73224e-06 8.32763e-05 -0.000218397 -0.00544687
9.52 2.09623e-07 -0.000205799 -8.1721e-07 7.4937e-05 -2.04388e-05 -0.00514711
9.54 -4.35133e-09 -0.000187619 4.19433e-06 6.12989e-05 0.000104902 -0.00469244
9.56 -2.12499e-07 -0.000162852 7.50964e-06 4.17421e-05 0.000187819 -0.00407299
9.58 -4.20243e-07 -0.000130969 1.08715e-05 1.61736e-05 0.000271901 -0.0032756
9.6 -6.44647e-07 -9.23877e-05 1.48423e-05 -1.39892e-05 0.000371212 -0.00231066
9.62 -9.01839e-07 -4.87344e-05 1.9289e-05 -4.50596e-05 0.000482425 -0.00121887
9.64 -1.1874e-06 -1.7322e-06 2.3947e-05 -7.20976e-05 0.000598924 -4.33229e-05
9.66 -1.47426e-06 4.70688e-05 2.82552e-05 -9.1278e-05 0.000706675 0.00117721
9.68 -1.72644e-06 9.50471e-05 3.15018e-05 -0.000101053 0.000787873 0.00237717
9.7 -1.91043e-06 0.000138154 3.32209e-05 -0.000101608 0.00083087 0.00345528
9.72 -1.99792e-06 0.00017244 3.29067e-05 -9.45125e-05 0.000823011 0.00431279
9.74 -1.96974e-06 0.000195673 2.9917e-05 -8.2983e-05 0.000748236 0.00489388
9.76 -1.82158e-06 0.000207646 2.45542e-05 -7.13085e-05 0.000614111 0.00519331
9.78 -1.57078e-06 0.000209582 1.82159e-05 -6.31189e-05 0.000455587 0.00524173
9.8 -1.25624e-06 0.000203381 1.15369e-05 -5.9697e-05 0.000288543 0.00508664
9.82 -9.18675e-07 0.000190832 3.97696e-06 -5.94978e-05 9.94655e-05 0.0047728
9.84 -5.75905e-07 0.000172871 -3.8287e-06 -5.9036e-05 -9.57573e-05 0.00432358
9.86 -2.21378e-07 0.000149345 -9.38523e-06 -5.41779e-05 -0.000234729 0.00373519
9.88 1.50694e-07 0.000119851 -1.13668e-05 -4.11254e-05 -0.000284287 0.00299752
9.9 5.22762e-07 8.50819e-05 -1.19535e-05 -1.78828e-05 -0.000298962 0.00212793
9.92 8.58122e-07 4.69223e-05 -1.49698e-05 1.36857e-05 -0.0003744 0.00117355
9.94 1.12745e-06 7.19829e-06 -2.2075e-05 4.772e-05 -0.000552106 0.000180032
9.96 1.33222e-06 -3.27258e-05 -3.1258e-05 7.75283e-05 -0.000781776 -0.000818486
9.98 1.5013e-06 -7.11056e-05 -3.89217e-05 9.90726e-05 -0.000973447 -0.00177838
10 1.6621e-06 -0.000105757 -4.30561e-05 0.000111564 -0.00107685 -0.00264502
10.02 1.81512e-06 -0.00013518 -4.43757e-05 0.000116028 -0.00110985 -0.0033809
10.04 1.93752e-06 -0.000159215 -4.4891e-05 0.000114265 -0.00112274 -0.00398203
10.06 2.00897e-06 -0.000178616 -4.55626e-05 0.000108605 -0.00113954 -0.00446725
10.08 2.03024e-06 -0.000194259 -4.48105e-05 0.000101634 -0.00112073 -0.0048585
10.1 2.01285e-06 -0.000206463 -3.96589e-05 9.54922e-05 -0.000991885 -0.00516372
10.12 1.94747e-06 -0.000214561 -2.98436e-05 9.10505e-05 -0.000746401 -0.00536626
10.14 1.79408e-06 -0.000216997 -2.0054e-05 8.766e-05 -0.000501558 -0.0054272
10.16 1.51768e-06 -0.000211922 -1.54882e-05 8.36766e-05 -0.000387367 -0.00530025
10.18 1.13016e-06 -0.000197917 -1.57589e-05 7.71405e-05 -0.000394137 -0.00494999
10.2 6.88566e-07 -0.000174444 -1.58295e-05 6.62889e-05 -0.000395902 -0.00436291
10.22 2.55175e-07 -0.000142138 -1.21332e-05 5.01979e-05 -0.000303456 -0.00355492
10.24 -1.34349e-07 -0.000103002 -5.19168e-06 2.94828e-05 -0.000129846 -0.00257612
10.26 -4.73683e-07 -5.98059e-05 2.75537e-06 6.20748e-06 6.8913e-05 -0.00149577
10.28 -7.73807e-07 -1.53576e-05 9.97878e-06 -1.73243e-05 0.000249573 -0.0003841
10.3 -1.04974e-06 2.75382e-05 1.55676e-05 -3.9649e-05 0.000389352 0.000688741
10.32 -1.30753e-06 6.65671e-05 1.96349e-05 -5.98878e-05 0.000491078 0.00166487
10.34 -1.53991e-06 0.000100741 2.32942e-05 -7.69258e-05 0.000582598 0.00251957
10.36 -1.73647e-06 0.000130114 2.73153e-05 -8.94266e-05 0.000683168 0.00325422
10.38 -1.89404e-06 0.00015492 3.07991e-05 -9.65272e-05 0.000770298 0.00387461
10.4 -2.01262e-06 0.000175364 3.18083e-05 -9.82183e-05 0.000795539 0.00438592
10.42 -2.08279e-06 0.000191626 2.92442e-05 -9.51845e-05 0.00073141 0.00479264
10.44 -2.07948e-06 0.000203486 2.37718e-05 -8.85462e-05 0.000594542 0.00508928
10.46 -1.97225e-06 0.000210157 1.73688e-05 -7.97745e-05 0.000434401 0.00525611
10.48 -1.74386e-06 0.000210581 1.238e-05 -7.05355e-05 0.000309629 0.00526673
10.5 -1.40678e-06 0.000203733 9.73476e-06 -6.21733e-05 0.00024347 0.00509546
10.52 -1.0041e-06 0.000188731 7.36264e-06 -5.49351e-05 0.000184143 0.00472025
10.54 -5.82824e-07 0.000165146 2.32191e-06 -4.74537e-05 5.80721e-05 0.00413038
10.56 -1.6582e-07 0.000133693 -5.11972e-06 -3.72764e-05 -0.000128046 0.00334372
10.58 2.42937e-07 9.66452e-05 -1.2055e-05 -2.25551e-05 -0.0003015 0.00241714
10.6 6.31441e-07 5.71626e-05 -1.73676e-05 -3.45916e-06 -0.000434372 0.00142966
10.62 9.74826e-07 1.80753e-05 -2.25975e-05 1.82208e-05 -0.000565172 0.000452071
10.64 1.25822e-06 -1.8736e-05 -2.85424e-05 4.06261e-05 -0.000713856 -0.000468596
10.66 1.49079e-06 -5.24404e-05 -3.38127e-05 6.25836e-05 -0.000845669 -0.00131156
10.68 1.69243e-06 -8.3253e-05 -3.70112e-05 8.30919e-05 -0.000925665 -0.00208219
10.7 1.87243e-06 -0.00011196 -3.84426e-05 0.000100726 -0.000961465 -0.00280017
10.72 2.02094e-06 -0.000138955 -3.93816e-05 0.00011374 -0.000984951 -0.00347531
10.74 2.11598e-06 -0.000163687 -4.07303e-05 0.000120606 -0.00101868 -0.00409388
10.76 2.13507e-06 -0.000184949 -4.22323e-05 0.000120606 -0.00105625 -0.00462565
10.78 2.06793e-06 -0.000201341 -4.2071e-05 0.000114459 -0.00105221 -0.00503561
10.8 1.91774e-06 -0.000211459 -3.82152e-05 0.000104345 -0.000955779 -0.00528868
10.82 1.6876e-06 -0.000214103 -3.13034e-05 9.28304e-05 -0.00078291 -0.00535481
10.84 1.37856e-06 -0.000208621 -2.4362e-05 8.18116e-05 -0.000609303 -0.00521769
10.86 1.00222e-06 -0.000195219 -1.89338e-05 7.22204e-05 -0.000473543 -0.00488251
10.88 5.86301e-07 -0.000175021 -1.37685e-05 6.38755e-05 -0.000344356 -0.00437736
10.9 1.64606e-07 -0.00014969 -7.54434e-06 5.54045e-05 -0.000188687 -0.00374381
10.92 -2.34304e-07 -0.000120859 -6.34651e-07 4.47241e-05 -1.58729e-05 -0.00302273
10.94 -5.91711e-07 -8.96201e-05 6.04268e-06 3.00601e-05 0.00015113 -0.00224144
10.96 -9.02339e-07 -5.61983e-05 1.20754e-05 1.07266e-05 0.000302011 -0.00140554
10.98 -1.17553e-06 -2.03683e-05 1.72452e-05 -1.29519e-05 0.00043131 -0.00050942
11 -1.42491e-06 1.74101e-05 2.16079e-05 -3.99178e-05 0.000540424 0.000435433
11.02 -1.65173e-06 5.54159e-05 2.60018e-05 -6.79789e-05 0.000650316 0.00138598
11.04 -1.84087e-06 9.12224e-05 3.12094e-05 -9.34871e-05 0.000780561 0.00228151
11.06 -1.97441e-06 0.000122453 3.64312e-05 -0.000112376 0.000911161 0.0030626
11.08 -2.04634e-06 0.000147266 3.94887e-05 -0.000121985 0.000987629 0.00368319
11.1 -2.06028e-06 0.000164952 3.85003e-05 -0.000122033 0.000962908 0.00412553
11.12 -2.01705e-06 0.000176336 3.28734e-05 -0.000114314 0.000822178 0.00441023
11.14 -1.90487e-06 0.000183173 2.37928e-05 -0.000101815 0.000595067 0.00458123
11.16 -1.69962e-06 0.000186874 1.4883e-05 -8.77561e-05 0.00037223 0.0046738
11.18 -1.38698e-06 0.000187733 1.01069e-05 -7.47035e-05 0.000252777 0.00469529
11.2 -9.88842e-07 0.000185096 8.95394e-06 -6.39228e-05 0.000223942 0.00462933
11.22 -5.5644e-07 0.000177901 6.47256e-06 -5.51575e-05 0.000161881 0.00444938
11.24 -1.33941e-07 0.000164972 -2.5895e-07 -4.68578e-05 -6.47644e-06 0.00412601
11.26 2.61876e-07 0.000145357 -8.98574e-06 -3.66838e-05 -0.000224737 0.00363543
11.28 6.27162e-07 0.000119066 -1.66882e-05 -2.22904e-05 -0.000417379 0.0029779
11.3 9.53106e-07 8.72533e-05 -2.35158e-05 -2.43593e-06 -0.000588141 0.00218224
11.32 1.22948e-06 5.15774e-05 -3.09457e-05 2.23911e-05 -0.000773966 0.00128997
11.34 1.45563e-06 1.41105e-05 -3.89317e-05 5.05101e-05 -0.000973697 0.000352908
11.36 1.6383e-06 -2.22095e-05 -4.64452e-05 7.96973e-05 -0.00116161 -0.00055547
11.38 1.78158e-06 -5.42153e-05 -5.29356e-05 0.000106928 -0.00132394 -0.00135595
11.4 1.88565e-06 -8.0166e-05 -5.78377e-05 0.000128381 -0.00144654 -0.00200499
11.42 1.95426e-06 -0.000100559 -5.98871e-05 0.000140893 -0.0014978 -0.00251503
11.44 1.99658e-06 -0.000117385 -5.80796e-05 0.0001436 -0.0014526 -0.00293584
11.46 2.01556e-06 -0.00013278 -5.25452e-05 0.000138 -0.00131418 -0.00332088
11.48 1.99642e-06 -0.000147917 -4.42973e-05 0.00012678 -0.0011079 -0.00369946
11.5 1.90251e-06 -0.000162248 -3.56425e-05 0.000112775 -0.000891435 -0.00405788
11.52 1.69262e-06 -0.000173456 -2.9887e-05 9.83466e-05 -0.000747485 -0.0043382
11.54 1.35694e-06 -0.000178577 -2.76573e-05 8.50059e-05 -0.000691722 -0.00446628
11.56 9.3031e-07 -0.000175811 -2.50388e-05 7.32412e-05 -0.00062623 -0.00439712
11.58 4.67895e-07 -0.000165323 -1.85083e-05 6.26242e-05 -0.000462899 -0.00413479
11.6 1.5501e-08 -0.000148321 -9.53512e-06 5.20928e-05 -0.000238477 -0.00370957
11.62 -3.9561e-07 -0.000126161 -1.42981e-06 4.00434e-05 -3.576e-05 -0.00315533
11.64 -7.44269e-07 -0.000100612 5.77478e-06 2.45274e-05 0.00014443 -0.00251634
11.66 -1.02392e-06 -7.40569e-05 1.41972e-05 4.10932e-06 0.000355077 -0.00185219
11.68 -1.24519e-06 -4.8462e-05 2.38057e-05 -2.11494e-05 0.00059539 -0.00121205
11.7 -1.42467e-06 -2.41402e-05 3.22855e-05 -4.95109e-05 0.000807473 -0.000603755
11.72 -1.57406e-06 1.57716e-07 3.83287e-05 -7.81222e-05 0.000958616 3.94454e-06
11.74 -1.70345e-06 2.60415e-05 4.26509e-05 -0.00010376 0.00106672 0.000651308
11.76 -1.82687e-06 5.44565e-05 4.60469e-05 -0.000123537 0.00115165 0.00136198
11.78 -1.95484e-06 8.52948e-05 4.82637e-05 -0.000135441 0.0012071 0.00213326
11.8 -2.08143e-06 0.000117268 4.85677e-05 -0.000138512 0.0012147 0.00293292
11.82 -2.17919e-06 0.000148032 4.57028e-05 -0.000132835 0.00114305 0.00370234
11.84 -2.20806e-06 0.00017484 3.80027e-05 -0.000119696 0.000950462 0.00437283
11.86 -2.12176e-06 0.000195365 2.64165e-05 -0.000101806 0.000660688 0.00488615
11.88 -1.88295e-06 0.000208091 1.6275e-05 -8.3143e-05 0.000407045 0.00520445
11.9 -1.49773e-06 0.000212479 1.19555e-05 -6.77366e-05 0.000299013 0.0053142
11.92 -1.02731e-06 0.000209162 1.10922e-05 -5.75446e-05 0.00027742 0.00523123
11.94 -5.53215e-07 0.000199659 7.7932e-06 -5.13721e-05 0.000194911 0.00499355
11.96 -1.29535e-07 0.000185394 -2.82135e-07 -4.60449e-05 -7.05632e-06 0.00463678
11.98 2.31518e-07 0.000167053 -1.09702e-05 -3.80981e-05 -0.000274369 0.00417805
12 5.43837e-07 0.00014495 -2.14053e-05 -2.45328e-05 -0.000535357 0.00362526
12.02 8.27026e-07 0.000119536 -3.01663e-05 -3.56726e-06 -0.000754471 0.00298965
12.04 1.09288e-06 9.12729e-05 -3.72267e-05 2.43382e-05 -0.000931056 0.00228277
12.06 1.34067e-06 6.06427e-05 -4.37377e-05 5.64676e-05 -0.0010939 0.0015167
12.08 1.56284e-06 2.87253e-05 -5.11648e-05 8.88435e-05 -0.00127965 0.000718432
12.1 1.75483e-06 -2.79316e-06 -5.95123e-05 0.000117067 -0.00148843 -6.9858e-05
12.12 1.9184e-06 -3.26055e-05 -6.66945e-05 0.000137107 -0.00166806 -0.000815477
12.14 2.057e-06 -6.0447e-05 -7.02884e-05 0.000146637 -0.00175794 -0.0015118
12.16 2.17186e-06 -8.66679e-05 -6.96509e-05 0.000146044 -0.001742 -0.0021676
12.18 2.25878e-06 -0.000111596 -6.58184e-05 0.000137676 -0.00164615 -0.00279107
12.2 2.30231e-06 -0.000135298 -5.92567e-05 0.000124343 -0.00148203 -0.00338386
12.22 2.2741e-06 -0.000157319 -4.96489e-05 0.000108961 -0.00124174 -0.00393461
12.24 2.13466e-06 -0.000176473 -3.93137e-05 9.45113e-05 -0.000983251 -0.00441366
12.26 1.85809e-06 -0.00019117 -3.27719e-05 8.34618e-05 -0.000819639 -0.00478124
12.28 1.46801e-06 -0.000200184 -3.06393e-05 7.70193e-05 -0.000766301 -0.00500668
12.3 1.03092e-06 -0.000203107 -2.81683e-05 7.44572e-05 -0.0007045 -0.00507979
12.32 6.08214e-07 -0.000199879 -2.16924e-05 7.34299e-05 -0.000542536 -0.00499905
12.34 2.21122e-07 -0.000190186 -1.29728e-05 7.103e-05 -0.000324455 -0.00475662
12.36 -1.38612e-07 -0.000173766 -5.65133e-06 6.40396e-05 -0.000141342 -0.00434597
12.38 -4.78705e-07 -0.000150932 -3.70932e-07 4.91119e-05 -9.27717e-06 -0.00377486
12.4 -7.92648e-07 -0.000122511 5.06275e-06 2.45313e-05 0.000126622 -0.00306406
12.42 -1.06713e-06 -8.9702e-05 1.26372e-05 -7.90882e-06 0.000316062 -0.00224349
12.44 -1.29471e-06 -5.42295e-05 2.25056e-05 -4.33245e-05 0.000562874 -0.0013563
12.46 -1.47996e-06 -1.83235e-05 3.31426e-05 -7.58896e-05 0.000828909 -0.000458278
12.48 -1.63617e-06 1.59633e-05 4.20642e-05 -0.000100738 0.00105204 0.000399249
12.5 -1.77538e-06 4.74596e-05 4.71206e-05 -0.000115073 0.00117851 0.00118698
12.52 -1.89921e-06 7.577e-05 4.80264e-05 -0.000118685 0.00120116 0.00189504
12.54 -2.0002e-06 0.000100643 4.63098e-05 -0.000113544 0.00115823 0.00251713
12.56 -2.06536e-06 0.00012161 4.28003e-05 -0.000102651 0.00107045 0.00304151
12.58 -2.07783e-06 0.000137975 3.56925e-05 -8.90829e-05 0.000892684 0.00345082
12.6 -2.00602e-06 0.000148873 2.39032e-05 -7.55522e-05 0.00059783 0.00372336
12.62 -1.80158e-06 0.00015344 1.20297e-05 -6.42455e-05 0.000300868 0.00383759
12.64 -1.44112e-06 0.000151278 6.71944e-06 -5.66541e-05 0.000168056 0.00378352
12.66 -9.67491e-07 0.00014296 7.64283e-06 -5.28063e-05 0.00019115 0.00357548
12.68 -4.6983e-07 0.000130087 7.76705e-06 -5.06787e-05 0.000194257 0.00325353
12.7 -2.04125e-08 0.000114657 2.78498e-06 -4.71566e-05 6.96535e-05 0.00286761
12.72 3.55821e-07 9.83407e-05 -5.26173e-06 -3.96303e-05 -0.000131598 0.00245954
12.74 6.62201e-07 8.24093e-05 -1.34503e-05 -2.66287e-05 -0.000336399 0.00206109
12.76 9.07506e-07 6.79708e-05 -2.16116e-05 -7.87591e-06 -0.000540516 0.00169998
12.78 1.10292e-06 5.58274e-05 -3.01382e-05 1.55008e-05 -0.000753769 0.00139627
12.8 1.26212e-06 4.58993e-05 -3.81546e-05 4.11455e-05 -0.000954262 0.00114796
12.82 1.39604e-06 3.66895e-05 -4.46445e-05 6.62473e-05 -0.00111658 0.000917619
12.84 1.51172e-06 2.55612e-05 -4.93826e-05 8.81884e-05 -0.00123508 0.000639296
12.86 1.61488e-06 1.00727e-05 -5.24821e-05 0.000104807 -0.0013126 0.000251922
12.88 1.7077e-06 -1.06781e-05 -5.40123e-05 0.000114593 -0.00135087 -0.000267063
12.9 1.78003e-06 -3.57885e-05 -5.39596e-05 0.000116595 -0.00134955 -0.000895086
12.92 1.80561e-06 -6.29566e-05 -5.12758e-05 0.000110624 -0.00128243 -0.00157457
12.94 1.75053e-06 -8.88694e-05 -4.43197e-05 9.83115e-05 -0.00110845 -0.00222266
12.96 1.58001e-06 -0.000109898 -3.47113e-05 8.30767e-05 -0.000868144 -0.0027486
12.98 1.27668e-06 -0.00012308 -2.73555e-05 6.87599e-05 -0.000684172 -0.00307828
13 8.67304e-07 -0.000126987 -2.41787e-05 5.82958e-05 -0.000604719 -0.00317599
13.02 4.166e-07 -0.000122364 -2.18042e-05 5.24243e-05 -0.000545332 -0.00306039
13.04 -9.60796e-09 -0.000111733 -1.67196e-05 4.94598e-05 -0.000418165 -0.00279449
13.06 -3.71603e-07 -9.77085e-05 -9.09737e-06 4.6632e-05 -0.000227529 -0.00244373
13.08 -6.57839e-07 -8.17363e-05 -7.98025e-07 4.08864e-05 -1.99589e-05 -0.00204426
13.1 -8.8003e-07 -6.4438e-05 7.20657e-06 2.87965e-05 0.000180239 -0.00161162
13.12 -1.06558e-06 -4.65176e-05 1.46935e-05 7.78704e-06 0.00036749 -0.00116342
13.14 -1.23943e-06 -2.8775e-05 2.16898e-05 -2.16249e-05 0.000542471 -0.000719676
13.16 -1.40694e-06 -1.14627e-05 2.87352e-05 -5.53323e-05 0.00071868 -0.000286688
13.18 -1.55764e-06 5.75281e-06 3.63039e-05 -8.74807e-05 0.000907975 0.00014388
13.2 -1.68349e-06 2.30138e-05 4.36108e-05 -0.000112757 0.00109073 0.000575586
13.22 -1.78638e-06 3.97627e-05 4.88742e-05 -0.000127775 0.00122236 0.000994483
13.24 -1.86884e-06 5.50621e-05 5.08248e-05 -0.000131534 0.00127115 0.00137713
13.26 -1.92322e-06 6.80772e-05 4.91028e-05 -0.000125103 0.00122808 0.00170264
13.28 -1.92738e-06 7.82374e-05 4.30823e-05 -0.000110923 0.00107751 0.00195675
13.3 -1.8487e-06 8.53956e-05 3.22104e-05 -9.23276e-05 0.000805594 0.00213578
13.32 -1.6497e-06 9.01032e-05 1.9183e-05 -7.32389e-05 0.000479776 0.00225352
13.34 -1.31141e-06 9.36926e-05 9.73392e-06 -5.75222e-05 0.00024345 0.00234329
13.36 -8.67709e-07 9.79756e-05 6.10369e-06 -4.7662e-05 0.000152656 0.00245041
13.38 -3.98299e-07 0.00010445 4.16846e-06 -4.34589e-05 0.000104255 0.00261235
13.4 2.29595e-08 0.00011316 -3.97442e-07 -4.2325e-05 -9.94018e-06 0.00283017
13.42 3.68374e-07 0.000122108 -7.10089e-06 -4.08339e-05 -0.000177596 0.00305397
13.44 6.48121e-07 0.000128153 -1.36271e-05 -3.5494e-05 -0.00034082 0.00320516
13.46 8.80352e-07 0.000128825 -1.99223e-05 -2.2953e-05 -0.000498265 0.00322196
13.48 1.07356e-06 0.000123362 -2.73467e-05 -1.41484e-06 -0.000683952 0.00308533
13.5 1.22541e-06 0.000112185 -3.63266e-05 2.76111e-05 -0.000908544 0.0028058
13.52 1.33202e-06 9.58478e-05 -4.61947e-05 5.97319e-05 -0.00115535 0.00239719
13.54 1.4026e-06 7.47743e-05 -5.57587e-05 9.00349e-05 -0.00139455 0.00187014
13.56 1.46394e-06 4.97578e-05 -6.32959e-05 0.000114829 -0.00158306 0.00124446
13.58 1.54251e-06 2.22282e-05 -6.70726e-05 0.000131685 -0.00167751 0.000555937
13.6 1.63802e-06 -6.20123e-06 -6.66921e-05 0.000138857 -0.001668 -0.000155095
13.62 1.71731e-06 -3.44185e-05 -6.29309e-05 0.000135387 -0.00157393 -0.000860822
13.64 1.73911e-06 -6.19142e-05 -5.53741e-05 0.000122258 -0.00138493 -0.0015485
13.66 1.67185e-06 -8.83053e-05 -4.34308e-05 0.000103086 -0.00108622 -0.00220855
13.68 1.49321e-06 -0.000112928 -3.05887e-05 8.30081e-05 -0.000765035 -0.00282439
13.7 1.2016e-06 -0.000134773 -2.23638e-05 6.69097e-05 -0.000559327 -0.00337074
13.72 8.29403e-07 -0.00015283 -1.95477e-05 5.76299e-05 -0.000488896 -0.00382235
13.74 4.30779e-07 -0.000166584 -1.82422e-05 5.45427e-05 -0.000456246 -0.00416633
13.76 5.72709e-08 -0.000176003 -1.54649e-05 5.41827e-05 -0.000386784 -0.00440192
13.78 -2.49039e-07 -0.000181094 -1.04002e-05 5.25318e-05 -0.000260114 -0.00452923
13.8 -4.58865e-07 -0.000181795 -2.0472e-06 4.64231e-05 -5.12012e-05 -0.00454676
13.82 -5.74577e-07 -0.000178496 9.97091e-06 3.35618e-05 0.000249377 -0.00446425
13.84 -6.39508e-07 -0.000172417 2.32063e-05 1.28753e-05 0.0005804 -0.00431222
13.86 -7.10546e-07 -0.000165048 3.40925e-05 -1.44319e-05 0.000852669 -0.00412792
13.88 -8.18533e-07 -0.000156932 4.14923e-05 -4.46471e-05 0.00103774 -0.00392494
13.9 -9.59248e-07 -0.000147129 4.69215e-05 -7.29518e-05 0.00117353 -0.00367975
13.92 -1.1161e-06 -0.000133951 5.18249e-05 -9.52705e-05 0.00129616 -0.00335018
13.94 -1.28059e-06 -0.000116037 5.58972e-05 -0.000109108 0.00139801 -0.00290214
13.96 -1.45137e-06 -9.26443e-05 5.76887e-05 -0.000113535 0.00144282 -0.00231707
13.98 -1.62366e-06 -6.32678e-05 5.54406e-05 -0.000109123 0.00138659 -0.00158235
14 -1.77432e-06 -2.74567e-05 4.75999e-05 -9.774e-05 0.00119049 -0.000686704
14.02 -1.85478e-06 1.45259e-05 3.50881e-05 -8.2432e-05 0.000877567 0.000363298
14.04 -1.80796e-06 6.05417e-05 2.37921e-05 -6.75457e-05 0.000595051 0.00151417
14.06 -1.60893e-06 0.000106064 2.0825e-05 -5.76759e-05 0.000520843 0.00265271
14.08 -1.29841e-06 0.00014525 2.56512e-05 -5.50246e-05 0.000641548 0.00363277
14.1 -9.59704e-07 0.000173412 2.8879e-05 -5.7513e-05 0.000722275 0.0043371
14.12 -6.55374e-07 0.000189351 2.26895e-05 -6.03138e-05 0.000567475 0.00473575
14.14 -3.98001e-07 0.000195646 8.67099e-06 -5.97919e-05 0.000216865 0.00489319
14.16 -1.77287e-07 0.000196762 -6.1596e-06 -5.54093e-05 -0.000154054 0.00492109
14.18 1.13249e-08 0.000196797 -1.66609e-05 -4.79362e-05 -0.000416696 0.00492196
14.2 1.70758e-07 0.000198101 -2.16924e-05 -3.71595e-05 -0.000542537 0.00495458
14.22 3.13076e-07 0.000200795 -2.30088e-05 -2.1758e-05 -0.00057546 0.00502197
14.24 4.51652e-07 0.000203037 -2.39998e-05 -7.85186e-07 -0.000600245 0.00507804
14.26 5.87042e-07 0.000201434 -2.76239e-05 2.45132e-05 -0.000690884 0.00503795
14.28 7.08384e-07 0.000191396 -3.41121e-05 4.96824e-05 -0.000853159 0.0047869
14.3 8.10607e-07 0.000168541 -4.10953e-05 6.83925e-05 -0.00102781 0.00421529
14.32 9.0773e-07 0.00013134 -4.63288e-05 7.60067e-05 -0.0011587 0.00328487
14.34 1.02515e-06 8.2784e-05 -4.9124e-05 7.25593e-05 -0.00122861 0.00207046
14.36 1.17264e-06 2.90671e-05 -4.84986e-05 6.24171e-05 -0.00121297 0.000726979
14.38 1.32315e-06 -2.36164e-05 -4.22728e-05 5.08224e-05 -0.00105726 -0.000590657
14.4 1.41513e-06 -7.10997e-05 -3.00926e-05 4.10346e-05 -0.000752628 -0.00177823
14.42 1.38432e-06 -0.000111151 -1.62952e-05 3.49841e-05 -0.00040755 -0.00277994
14.44 1.21041e-06 -0.000143203 -7.25843e-06 3.46827e-05 -0.000181536 -0.00358157
14.46 9.36767e-07 -0.00016873 -4.93022e-06 4.07902e-05 -0.000123307 -0.00422001
14.48 6.40701e-07 -0.000190603 -5.16303e-06 5.03394e-05 -0.00012913 -0.00476707
14.5 3.78916e-07 -0.000210897 -3.73609e-06 5.76374e-05 -9.34412e-05 -0.00527463
14.52 1.63273e-07 -0.000229303 -9.92326e-07 5.79774e-05 -2.48185e-05 -0.00573495
14.54 -1.64823e-08 -0.000243596 1.14586e-06 5.03012e-05 2.86585e-05 -0.00609243
14.56 -1.63154e-07 -0.000250928 3.39971e-06 3.66502e-05 8.50282e-05 -0.00627582
14.58 -2.72295e-07 -0.000248489 8.06141e-06 1.95946e-05 0.000201619 -0.00621482
14.6 -3.51225e-07 -0.000234024 1.57431e-05 3.34467e-07 0.000393742 -0.00585304
14.62 -4.27039e-07 -0.000206866 2.49149e-05 -2.05542e-05 0.000623132 -0.00517379
14.64 -5.34824e-07 -0.000168718 3.34935e-05 -4.08207e-05 0.000837686 -0.00421971
14.66 -6.97441e-07 -0.000123371 3.95084e-05 -5.64239e-05 0.000988121 -0.00308557
14.68 -9.11239e-07 -7.52091e-05 4.09233e-05 -6.45459e-05 0.00102351 -0.00188101
14.7 -1.14089e-06 -2.72258e-05 3.62329e-05 -6.57308e-05 0.000906199 -0.000680929
14.72 -1.33025e-06 1.97229e-05 2.53875e-05 -6.25007e-05 0.000634951 0.000493279
14.74 -1.42125e-06 6.56398e-05 1.1159e-05 -5.70291e-05 0.000279091 0.00164168
14.76 -1.36924e-06 0.0001098 4.49561e-07 -5.0924e-05 1.12437e-05 0.00274613
14.78 -1.17004e-06 0.000150815 -7.41207e-08 -4.61509e-05 -1.85379e-06 0.00377196
14.8 -8.83792e-07 0.000187638 7.24272e-06 -4.44143e-05 0.000181143 0.00469291
14.82 -6.0888e-07 0.000219398 1.15194e-05 -4.55421e-05 0.000288105 0.00548725
14.84 -4.11571e-07 0.000244256 5.75539e-06 -4.77145e-05 0.000143945 0.00610894
14.86 -2.85726e-07 0.000259461 -5.81612e-06 -4.93408e-05 -0.000145463 0.00648923
14.88 -1.83182e-07 0.000262894 -1.48887e-05 -4.96002e-05 -0.000372374 0.0065751
14.9 -6.67065e-08 0.000254069 -1.88186e-05 -4.69947e-05 -0.00047066 0.00635436
14.92 7.2475e-08 0.000234148 -2.09956e-05 -3.84711e-05 -0.00052511 0.00585614
14.94 2.29848e-07 0.000205737 -2.52482e-05 -2.10884e-05 -0.000631467 0.00514557
14.96 4.03184e-07 0.000171706 -3.21787e-05 4.91007e-06 -0.000804803 0.00429444
14.98 5.97405e-07 0.00013334 -3.90535e-05 3.48105e-05 -0.000976745 0.00333488
15 8.21712e-07 9.02099e-05 -4.19593e-05 6.16999e-05 -0.00104942 0.00225619
15.02 1.07694e-06 4.22751e-05 -3.90743e-05 8.02685e-05 -0.000977266 0.00105732
15.04 1.33396e-06 -8.44753e-06 -3.22975e-05 8.8529e-05 -0.000807773 -0.000211276
15.06 1.52829e-06 -5.86016e-05 -2.53988e-05 8.68293e-05 -0.000635235 -0.00146565
15.08 1.58824e-06 -0.000105244 -2.09389e-05 7.68804e-05 -0.000523692 -0.00263219
15.1 1.4788e-06 -0.000146674 -1.92995e-05 6.21587e-05 -0.000482688 -0.00366838
15.12 1.23048e-06 -0.000182305 -1.9488e-05 4.78897e-05 -0.000487403 -0.00455952
15.14 9.27895e-07 -0.000212126 -1.9491e-05 3.92034e-05 -0.000487478 -0.00530536
15.16 6.61335e-07 -0.000236039 -1.69076e-05 3.85554e-05 -0.000422866 -0.00590344
15.18 4.75297e-07 -0.000253583 -1.06239e-05 4.45527e-05 -0.000265707 -0.00634223
15.2 3.53457e-07 -0.00026417 -1.65655e-06 5.3078e-05 -4.14311e-05 -0.006607
15.22 2.46191e-07 -0.000267025 7.58004e-06 5.94948e-05 0.00018958 -0.00667841
15.24 1.10552e-07 -0.000260643 1.47364e-05 5.99895e-05 0.000368564 -0.0065188
15.26 -7.01504e-08 -0.000242949 1.9068e-05 5.14704e-05 0.000476899 -0.00607626
15.28 -2.94825e-07 -0.00021256 2.18142e-05 3.15717e-05 0.000545583 -0.00531621
15.3 -5.60451e-07 -0.000169969 2.4605e-05 5.08705e-07 0.000615381 -0.004251
15.32 -8.61924e-07 -0.000117982 2.77701e-05 -3.65362e-05 0.000694541 -0.00295078
15.34 -1.17876e-06 -6.08014e-05 3.05359e-05 -7.04976e-05 0.000763716 -0.00152067
15.36 -1.47278e-06 -2.14563e-06 3.20382e-05 -9.37209e-05 0.000801288 -5.3663e-05
15.38 -1.70578e-06 5.5329e-05 3.1625e-05 -0.000104056 0.000790955 0.0013838
15.4 -1.85366e-06 0.000109059 2.89429e-05 -0.00010351 0.000723873 0.00272761
15.42 -1.90486e-06 0.000156662 2.45859e-05 -9.48831e-05 0.000614903 0.00391818
15.44 -1.85295e-06 0.00019737 2.06203e-05 -8.13535e-05 0.000515723 0.0049363
15.46 -1.70559e-06 0.000232077 1.90477e-05 -6.76795e-05 0.000476392 0.00580434
15.48 -1.50062e-06 0.000261431 1.88432e-05 -5.89044e-05 0.000471276 0.00653849
15.5 -1.29047e-06 0.000284501 1.63006e-05 -5.72105e-05 0.000407685 0.00711548
15.52 -1.10304e-06 0.000299399 9.28421e-06 -6.11026e-05 0.000232202 0.00748809
15.54 -9.23953e-07 0.000304427 -6.45669e-07 -6.74779e-05 -1.61485e-05 0.00761386
15.56 -7.1682e-07 0.000298293 -1.03509e-05 -7.30301e-05 -0.000258881 0.00746044
15.58 -4.53694e-07 0.000279825 -1.73356e-05 -7.36585e-05 -0.00043357 0.00699854
15.6 -1.3103e-07 0.000248738 -2.04785e-05 -6.44933e-05 -0.000512175 0.00622103
15.62 2.30036e-07 0.000206613 -2.08257e-05 -4.22829e-05 -0.00052086 0.00516747
15.64 5.92166e-07 0.000155995 -2.14359e-05 -8.46226e-06 -0.000536121 0.00390151
15.66 9.2003e-07 9.92103e-05 -2.49328e-05 3.02388e-05 -0.000623579 0.00248129
15.68 1.19858e-06 3.8879e-05 -3.10638e-05 6.514e-05 -0.00077692 0.00097238
15.7 1.43147e-06 -2.12366e-05 -3.72309e-05 9.02342e-05 -0.000931161 -0.000531135
15.72 1.62268e-06 -7.69728e-05 -4.12567e-05 0.000103605 -0.00103185 -0.00192512
15.74 1.7669e-06 -0.000125625 -4.27906e-05 0.000105711 -0.00107021 -0.00314192
15.76 1.85894e-06 -0.000166599 -4.20913e-05 9.84916e-05 -0.00105272 -0.00416671
15.78 1.90406e-06 -0.000200174 -3.87347e-05 8.59563e-05 -0.000968771 -0.00500645
15.8 1.90665e-06 -0.000226265 -3.24331e-05 7.35323e-05 -0.000811164 -0.00565897
15.82 1.85057e-06 -0.000244302 -2.47762e-05 6.57475e-05 -0.000619664 -0.00611009
15.84 1.70529e-06 -0.000253346 -1.86908e-05 6.42287e-05 -0.000467465 -0.00633628
15.86 1.45415e-06 -0.000252217 -1.54285e-05 6.71541e-05 -0.000385873 -0.00630805
15.88 1.11209e-06 -0.000240307 -1.33117e-05 7.03241e-05 -0.000332932 -0.00601018
15.9 7.17581e-07 -0.000218278 -1.02078e-05 6.94705e-05 -0.000255301 -0.00545923
15.92 3.13638e-07 -0.000187655 -5.98944e-06 6.20535e-05 -0.000149798 -0.00469334
15.94 -6.61703e-08 -0.000150115 -1.83406e-06 4.7229e-05 -4.58706e-05 -0.00375443
15.96 -4.02418e-07 -0.000107509 1.90608e-06 2.54478e-05 4.76719e-05 -0.00268885
15.98 -6.88924e-07 -6.21635e-05 6.23515e-06 -1.02495e-06 0.000155944 -0.00155473
16 -9.29829e-07 -1.66519e-05 1.19843e-05 -2.83378e-05 0.000299733 -0.000416471
16.02 -1.13487e-06 2.65128e-05 1.84399e-05 -5.27841e-05 0.000461189 0.000663097
16.04 -1.3129e-06 6.51438e-05 2.39564e-05 -7.18541e-05 0.00059916 0.00162927
16.06 -1.46866e-06 9.82997e-05 2.73478e-05 -8.39974e-05 0.00068398 0.00245852
16.08 -1.60662e-06 0.000126967 2.82137e-05 -8.89514e-05 0.000705636 0.00317551
16.1 -1.73407e-06 0.000152861 2.66275e-05 -8.84418e-05 0.000665964 0.00382313
16.12 -1.8491e-06 0.000176334 2.29706e-05 -8.52264e-05 0.000574504 0.00441019
16.14 -1.92269e-06 0.000195862 1.77918e-05 -8.10423e-05 0.00044498 0.0048986
16.16 -1.89853e-06 0.000209174 1.23175e-05 -7.60046e-05 0.000308066 0.00523153
16.18 -1.72393e-06 0.000214217 8.92306e-06 -6.98171e-05 0.00022317 0.00535766
16.2 -1.39642e-06 0.000209449 8.85273e-06 -6.28522e-05 0.00022141 0.0052384
16.22 -9.77921e-07 0.000194145 9.43781e-06 -5.58613e-05 0.000236044 0.00485565
16.24 -5.52417e-07 0.000168784 6.42593e-06 -4.89701e-05 0.000160715 0.00422136
16.26 -1.6801e-07 0.000135047 -8.81735e-07 -4.11589e-05 -2.20526e-05 0.00337759
16.28 1.77388e-07 9.54619e-05 -9.18357e-06 -3.06402e-05 -0.000229685 0.00238754
16.3 5.03192e-07 5.28457e-05 -1.53942e-05 -1.58711e-05 -0.000385014 0.00132169
16.32 8.12593e-07 9.72931e-06 -1.91625e-05 3.47393e-06 -0.000479261 0.000243334
16.34 1.08925e-06 -3.19612e-05 -2.18147e-05 2.628e-05 -0.000545594 -0.000799364
16.36 1.31508e-06 -7.09131e-05 -2.48479e-05 5.04375e-05 -0.000621455 -0.00177357
16.38 1.48759e-06 -0.000106358 -2.91367e-05 7.33164e-05 -0.00072872 -0.00266007
16.4 1.62322e-06 -0.000137975 -3.39997e-05 9.21411e-05 -0.000850346 -0.00345082
16.42 1.74308e-06 -0.000165569 -3.72337e-05 0.000104554 -0.000931231 -0.00414094
16.44 1.85088e-06 -0.0001886 -3.72167e-05 0.000109293 -0.000930805 -0.00471697
16.46 1.92239e-06 -0.000205923 -3.4648e-05 0.00010663 -0.000866562 -0.00515023
16.48 1.91933e-06 -0.000215958 -3.14023e-05 9.8354e-05 -0.000785384 -0.00540121
16.5 1.81422e-06 -0.000217238 -2.84786e-05 8.71697e-05 -0.000712262 -0.0054332
16.52 1.60341e-06 -0.000208968 -2.58419e-05 7.56662e-05 -0.000646318 -0.00522638
16.54 1.30679e-06 -0.000191434 -2.30077e-05 6.54766e-05 -0.000575431 -0.00478784
16.56 9.58285e-07 -0.000166014 -1.90621e-05 5.69699e-05 -0.000476752 -0.00415207
16.58 5.89857e-07 -0.000134661 -1.34943e-05 4.92163e-05 -0.000337498 -0.00336793
16.6 2.20292e-07 -9.94022e-05 -7.31194e-06 4.02879e-05 -0.000182875 -0.00248609
16.62 -1.40545e-07 -6.20277e-05 -1.91339e-06 2.82729e-05 -4.78547e-05 -0.00155134
16.64 -4.82198e-07 -2.37803e-05 2.85528e-06 1.23572e-05 7.14117e-05 -0.000594755
16.66 -7.95963e-07 1.45059e-05 7.93581e-06 -7.09862e-06 0.000198478 0.000362799
16.68 -1.08174e-06 5.18264e-05 1.29645e-05 -2.90806e-05 0.000324248 0.0012962
16.7 -1.34203e-06 8.68432e-05 1.66807e-05 -5.19577e-05 0.000417192 0.00217198
16.72 -1.56947e-06 0.000118274 1.90381e-05 -7.33129e-05 0.00047615 0.00295808
16.74 -1.74803e-06 0.000145134 2.13479e-05 -9.04938e-05 0.00053392 0.00362986
16.76 -1.86696e-06 0.000166651 2.42762e-05 -0.000101638 0.000607157 0.00416801
16.78 -1.92816e-06 0.00018223 2.67416e-05 -0.000106201 0.000668819 0.00455765
16.8 -1.93801e-06 0.000191523 2.70589e-05 -0.000104731 0.000676754 0.00479006
16.82 -1.89287e-06 0.000194404 2.46728e-05 -9.83802e-05 0.000617078 0.00486212
16.84 -1.77741e-06 0.0001909 2.07332e-05 -8.85748e-05 0.000518546 0.00477449
16.86 -1.57796e-06 0.000181178 1.7174e-05 -7.68387e-05 0.000429528 0.00453134
16.88 -1.29984e-06 0.000165514 1.46897e-05 -6.463e-05 0.000367395 0.00413958
16.9 -9.7139e-07 0.0001442 1.15021e-05 -5.29854e-05 0.000287673 0.00360649
16.92 -6.23177e-07 0.00011768 5.50816e-06 -4.1986e-05 0.000137761 0.00294323
16.94 -2.66502e-07 8.68653e-05 -2.24602e-06 -3.07548e-05 -5.61738e-05 0.00217254
16.96 9.94544e-08 5.29074e-05 -8.35498e-06 -1.82717e-05 -0.000208961 0.00132324
16.98 4.6301e-07 1.67547e-05 -1.15585e-05 -3.94642e-06 -0.000289084 0.000419043
17 7.95987e-07 -2.06508e-05 -1.42363e-05 1.26253e-05 -0.000356057 -0.000516484
17.02 1.07577e-06 -5.79716e-05 -1.89518e-05 3.17039e-05 -0.000473992 -0.00144989
17.04 1.30238e-06 -9.36423e-05 -2.52698e-05 5.27286e-05 -0.000632008 -0.00234203
17.06 1.49049e-06 -0.000126177 -3.06773e-05 7.38938e-05 -0.000767251 -0.00315574
17.08 1.64885e-06 -0.000154138 -3.36349e-05 9.25901e-05 -0.000841224 -0.00385506
17.1 1.77037e-06 -0.000176169 -3.49287e-05 0.000106237 -0.00087358 -0.00440607
17.12 1.84096e-06 -0.000191285 -3.62248e-05 0.000113075 -0.000905997 -0.00478413
17.14 1.8553e-06 -0.000198989 -3.79013e-05 0.00011275 -0.000947927 -0.0049768
17.16 1.8216e-06 -0.000199099 -3.85299e-05 0.000106353 -0.00096365 -0.00497956
17.18 1.74962e-06 -0.000191629 -3.62533e-05 9.57663e-05 -0.000906711 -0.00479273
17.2 1.63509e-06 -0.000176898 -3.06924e-05 8.28137e-05 -0.000767628 -0.00442429
17.22 1.45712e-06 -0.000155572 -2.3806e-05 6.88292e-05 -0.000595397 -0.00389092
17.24 1.19581e-06 -0.000128508 -1.85052e-05 5.46445e-05 -0.000462822 -0.00321404
17.26 8.55605e-07 -9.68527e-05 -1.58174e-05 4.05877e-05 -0.000395601 -0.00242233
17.28 4.70202e-07 -6.21461e-05 -1.38557e-05 2.65785e-05 -0.000346538 -0.0015543
17.3 8.30281e-08 -2.57662e-05 -1.01398e-05 1.24411e-05 -0.0002536 -0.000644422
17.32 -2.78089e-07 1.14649e-05 -4.33119e-06 -2.04979e-06 -0.000108325 0.000286741
17.34 -6.08538e-07 4.86404e-05 1.85811e-06 -1.73647e-05 4.64721e-05 0.00121652
17.36 -9.1254e-07 8.40951e-05 6.80574e-06 -3.38255e-05 0.000170214 0.00210325
17.38 -1.18441e-06 0.000115707 1.03982e-05 -5.07658e-05 0.000260064 0.00289389
17.4 -1.40558e-06 0.000141693 1.36515e-05 -6.64873e-05 0.000341431 0.0035438
17.42 -1.55978e-06 0.000161142 1.73184e-05 -7.92322e-05 0.000433141 0.00403022
17.44 -1.6494e-06 0.00017409 2.08196e-05 -8.80159e-05 0.000520707 0.00435405
17.46 -1.69428e-06 0.000181132 2.26148e-05 -9.26201e-05 0.000565605 0.00453018
17.48 -1.71222e-06 0.000182852 2.18562e-05 -9.3183e-05 0.000546632 0.00457321
17.5 -1.70118e-06 0.000179529 1.9501e-05 -8.99204e-05 0.000487728 0.00449009
17.52 -1.64125e-06 0.000171143 1.73065e-05 -8.30462e-05 0.000432843 0.00428035
17.54 -1.51388e-06 0.000157435 1.56695e-05 -7.28313e-05 0.0003919 0.00393752
17.56 -1.31621e-06 0.000138039 1.31754e-05 -5.97244e-05 0.000329521 0.00345242
17.58 -1.05631e-06 0.000112812 8.76214e-06 -4.44734e-05 0.000219145 0.00282148
17.6 -7.43779e-07 8.2044e-05 3.38746e-06 -2.82351e-05 8.47217e-05 0.00205195
17.62 -3.89532e-07 4.63122e-05 -1.27989e-06 -1.23588e-05 -3.20106e-05 0.00115829
17.64 -9.66829e-09 6.57695e-06 -4.82061e-06 2.38861e-06 -0.000120566 0.000164492
17.66 3.74349e-07 -3.53556e-05 -7.97085e-06 1.63469e-05 -0.000199354 -0.000884257
17.68 7.37156e-07 -7.69603e-05 -1.1549e-05 3.03579e-05 -0.000288844 -0.00192481
17.7 1.05311e-06 -0.000115815 -1.59805e-05 4.47254e-05 -0.000399679 -0.00289658
17.72 1.30567e-06 -0.000150084 -2.10532e-05 5.89709e-05 -0.00052655 -0.00375367
17.74 1.49549e-06 -0.000178435 -2.57875e-05 7.22802e-05 -0.000644955 -0.00446274
17.76 1.63607e-06 -0.000200041 -2.90454e-05 8.38147e-05 -0.000726436 -0.0050031
17.78 1.74007e-06 -0.00021472 -3.0433e-05 9.27405e-05 -0.000761142 -0.00537024
17.8 1.8094e-06 -0.00022271 -3.04509e-05 9.82934e-05 -0.000761589 -0.00557007
17.82 1.83596e-06 -0.000224108 -2.99125e-05 9.99328e-05 -0.000748123 -0.00560502
17.84 1.80859e-06 -0.000218475 -2.93242e-05 9.74335e-05 -0.00073341 -0.00546415
17.86 1.71883e-06 -0.000204841 -2.84832e-05 9.08275e-05 -0.000712377 -0.00512317
17.88 1.56108e-06 -0.000182164 -2.64658e-05 8.02253e-05 -0.000661921 -0.00455601
17.9 1.32888e-06 -0.000150156 -2.25643e-05 6.57097e-05 -0.000564343 -0.00375546
17.92 1.01566e-06 -0.000109999 -1.76039e-05 4.77092e-05 -0.000440281 -0.00275112
17.94 6.27777e-07 -6.41072e-05 -1.34448e-05 2.77565e-05 -0.00033626 -0.00160335
17.96 1.96365e-07 -1.49685e-05 -1.06781e-05 8.36246e-06 -0.000267063 -0.000374368
17.98 -2.33014e-07 3.5342e-05 -7.90726e-06 -8.59459e-06 -0.000197764 0.000883917
18 -6.25585e-07 8.46079e-05 -3.73114e-06 -2.31294e-05 -9.33173e-05 0.00211608
18.02 -9.68732e-07 0.000130374 1.65813e-06 -3.63774e-05 4.14704e-05 0.0032607
18.04 -1.26158e-06 0.000170541 7.10063e-06 -4.90062e-05 0.00017759 0.0042653
18.06 -1.50193e-06 0.000203664 1.16954e-05 -6.07706e-05 0.000292508 0.00509373
18.08 -1.68527e-06 0.000228952 1.51325e-05 -7.11315e-05 0.000378469 0.00572617
18.1 -1.81156e-06 0.000246326 1.74644e-05 -7.9801e-05 0.000436791 0.00616072
18.12 -1.88936e-06 0.000256194 1.88479e-05 -8.6793e-05 0.000471395 0.00640751
18.14 -1.93099e-06 0.000258932 1.93245e-05 -9.2142e-05 0.000483313 0.00647598
18.16 -1.94166e-06 0.000254663 1.88582e-05 -9.55287e-05 0.000471652 0.00636923
18.18 -1.91276e-06 0.000243268 1.76821e-05 -9.61043e-05 0.000442236 0.00608424
18.2 -1.82685e-06 0.000224347 1.63175e-05 -9.27111e-05 0.000408109 0.00561102
18.22 -1.66871e-06 0.000197352 1.48863e-05 -8.43618e-05 0.000372313 0.00493586
18.24 -1.43245e-06 0.000162283 1.2775e-05 -7.06865e-05 0.000319507 0.00405875
18.26 -1.12148e-06 0.000120448 9.53784e-06 -5.23959e-05 0.000238545 0.00301246
18.28 -7.48679e-07 7.38385e-05 5.63399e-06 -3.16474e-05 0.000140908 0.00184673
18.3 -3.36506e-07 2.40188e-05 1.73772e-06 -1.1379e-05 4.3461e-05 0.000600719
18.32 8.93451e-08 -2.72742e-05 -2.12382e-06 6.41163e-06 -5.31177e-05 -0.000682138
18.34 5.06174e-07 -7.72547e-05 -6.38308e-06 2.15467e-05 -0.000159644 -0.00193217
18.36 8.93503e-07 -0.00012306 -1.13128e-05 3.47861e-05 -0.000282939 -0.00307778
18.38 1.23263e-06 -0.000163035 -1.66961e-05 4.67494e-05 -0.000417576 -0.00407758
18.4 1.51255e-06 -0.000196485 -2.18102e-05 5.78558e-05 -0.000545483 -0.00491417
18.42 1.7334e-06 -0.00022297 -2.58157e-05 6.85577e-05 -0.00064566 -0.00557659
18.44 1.90065e-06 -0.000242328 -2.84327e-05 7.91159e-05 -0.000711114 -0.00606072
18.46 2.01715e-06 -0.000254769 -3.01569e-05 8.92665e-05 -0.000754237 -0.00637187
18.48 2.08188e-06 -0.000260548 -3.1607e-05 9.82073e-05 -0.000790504 -0.00651641
18.5 2.09329e-06 -0.000259664 -3.27785e-05 0.000104824 -0.000819805 -0.0064943
18.52 2.05087e-06 -0.000251801 -3.31819e-05 0.000107972 -0.000829894 -0.00629765
18.54 1.95419e-06 -0.000236249 -3.2586e-05 0.000106778 -0.00081499 -0.00590869
18.56 1.8003e-06 -0.000212021 -3.11688e-05 0.000100886 -0.000779544 -0.00530273
18.58 1.58214e-06 -0.000178615 -2.9012e-05 9.03261e-05 -0.000725601 -0.00446723
18.6 1.29164e-06 -0.00013718 -2.60932e-05 7.5233e-05 -0.000652601 -0.00343092
18.62 9.31009e-07 -9.05516e-05 -2.26197e-05 5.63496e-05 -0.000565727 -0.00226473
18.64 5.23626e-07 -4.15143e-05 -1.87018e-05 3.58493e-05 -0.00046774 -0.00103829
18.66 1.05315e-07 8.12424e-06 -1.4113e-05 1.65369e-05 -0.000352972 0.000203191
18.68 -2.9762e-07 5.63873e-05 -8.92078e-06 -1.89457e-07 -0.000223112 0.00141027
18.7 -6.75419e-07 0.000100695 -3.73643e-06 -1.49063e-05 -9.34498e-05 0.00251843
18.72 -1.02125e-06 0.000139136 1.04483e-06 -2.87523e-05 2.61316e-05 0.00347984
18.74 -1.32103e-06 0.000170982 5.63512e-06 -4.22085e-05 0.000140937 0.00427633
18.76 -1.55945e-06 0.000195856 1.02043e-05 -5.51406e-05 0.000255213 0.00489843
18.78 -1.72988e-06 0.000213327 1.43136e-05 -6.72242e-05 0.000357988 0.00533539
18.8 -1.8354e-06 0.000223232 1.73007e-05 -7.80625e-05 0.000432697 0.00558313
18.82 -1.883e-06 0.000225693 1.90398e-05 -8.71289e-05 0.000476194 0.00564469
18.84 -1.87807e-06 0.00022084 2.00622e-05 -9.37193e-05 0.000501765 0.0055233
18.86 -1.82318e-06 0.000208746 2.09076e-05 -9.69693e-05 0.000522909 0.00522082
18.88 -1.72034e-06 0.000189552 2.14962e-05 -9.60423e-05 0.000537629 0.00474078
18.9 -1.57228e-06 0.000163576 2.10994e-05 -9.04403e-05 0.000527705 0.00409111
18.92 -1.38001e-06 0.000131506 1.885e-05 -8.0107e-05 0.000471446 0.00328901
18.94 -1.1405e-06 9.47892e-05 1.46141e-05 -6.5366e-05 0.000365505 0.00237072
18.96 -8.49639e-07 5.54527e-05 9.53861e-06 -4.72518e-05 0.000238564 0.0013869
18.98 -5.11057e-07 1.5143e-05 5.18857e-06 -2.78498e-05 0.000129768 0.000378733
19 -1.40897e-07 -2.50767e-05 1.89441e-06 -9.4525e-06 4.73799e-05 -0.000627179
19.02 2.38222e-07 -6.38773e-05 -1.44501e-06 6.94468e-06 -3.61402e-05 -0.0015976
19.04 6.04512e-07 -9.947e-05 -5.79574e-06 2.18361e-05 -0.000144954 -0.00248779
19.06 9.37625e-07 -0.000130391 -1.09771e-05 3.59426e-05 -0.000274542 -0.00326112
19.08 1.21787e-06 -0.000155871 -1.63148e-05 4.93327e-05 -0.000408041 -0.00389841
19.1 1.43144e-06 -0.000175541 -2.14596e-05 6.17312e-05 -0.000536715 -0.00439035
19.12 1.57755e-06 -0.000189245 -2.62303e-05 7.30519e-05 -0.000656031 -0.00473311
19.14 1.66789e-06 -0.00019704 -3.022e-05 8.33463e-05 -0.000755816 -0.00492805
19.16 1.71719e-06 -0.000199021 -3.29516e-05 9.23814e-05 -0.000824134 -0.00497759
19.18 1.73281e-06 -0.000195212 -3.4235e-05 9.93705e-05 -0.000856231 -0.00488234
19.2 1.71208e-06 -0.00018569 -3.42129e-05 0.000103139 -0.000855678 -0.00464418
19.22 1.64813e-06 -0.000170637 -3.31645e-05 0.000102656 -0.000829458 -0.00426771
19.24 1.53627e-06 -0.000150153 -3.13028e-05 9.74791e-05 -0.000782896 -0.00375538
19.26 1.37358e-06 -0.000124202 -2.86966e-05 8.76532e-05 -0.000717715 -0.00310634
19.28 1.1554e-06 -9.31198e-05 -2.55225e-05 7.33545e-05 -0.000638328 -0.00232896
19.3 8.77628e-07 -5.80057e-05 -2.23641e-05 5.51261e-05 -0.000559336 -0.00145075
19.32 5.47416e-07 -2.03754e-05 -1.97246e-05 3.45155e-05 -0.00049332 -0.000509598
19.34 1.89951e-07 1.81473e-05 -1.71175e-05 1.38562e-05 -0.000428117 0.000453871
19.36 -1.60374e-07 5.56245e-05 -1.33609e-05 -4.91009e-06 -0.000334163 0.00139119
19.38 -4.76083e-07 8.99425e-05 -7.99921e-06 -2.09762e-05 -0.000200063 0.0022495
19.4 -7.44679e-07 0.000119445 -1.80376e-06 -3.43977e-05 -4.51128e-05 0.00298737
19.42 -9.65545e-07 0.000143125 4.19028e-06 -4.56159e-05 0.000104801 0.00357962
19.44 -1.14343e-06 0.000160333 9.44729e-06 -5.52427e-05 0.000236281 0.00400999
19.46 -1.2837e-06 0.000170762 1.36398e-05 -6.38127e-05 0.000341138 0.00427083
19.48 -1.38935e-06 0.000174643 1.63099e-05 -7.14735e-05 0.000407918 0.00436789
19.5 -1.45936e-06 0.000172533 1.72627e-05 -7.7896e-05 0.000431747 0.00431513
19.52 -1.4888e-06 0.00016485 1.70236e-05 -8.23865e-05 0.000425768 0.00412298
19.54 -1.47117e-06 0.000151742 1.64838e-05 -8.40181e-05 0.000412267 0.00379512
19.56 -1.40162e-06 0.000133311 1.60569e-05 -8.17907e-05 0.000401591 0.00333418
19.58 -1.27915e-06 0.000109795 1.54041e-05 -7.48452e-05 0.000385263 0.00274601
19.6 -1.1065e-06 8.17551e-05 1.39603e-05 -6.27588e-05 0.000349152 0.00204473
19.62 -8.90197e-07 5.02964e-05 1.14102e-05 -4.60489e-05 0.000285374 0.00125794
19.64 -6.41058e-07 1.68545e-05 7.75474e-06 -2.65351e-05 0.000193949 0.000421537
19.66 -3.71331e-07 -1.70744e-05 3.41402e-06 -6.79789e-06 8.53861e-05 -0.000427038
19.68 -9.18604e-08 -4.97551e-05 -8.96528e-07 1.10301e-05 -2.24225e-05 -0.0012444
19.7 1.86148e-07 -7.92331e-05 -4.87234e-06 2.59625e-05 -0.000121859 -0.00198165
19.72 4.49418e-07 -0.000103971 -8.86974e-06 3.79564e-05 -0.000221836 -0.00260035
19.74 6.86346e-07 -0.000123297 -1.31053e-05 4.74727e-05 -0.000327769 -0.00308372
19.76 8.91451e-07 -0.000137143 -1.71106e-05 5.51978e-05 -0.000427942 -0.00343
19.78 1.06334e-06 -0.000145611 -2.02899e-05 6.17737e-05 -0.000507459 -0.0036418
19.8 1.19906e-06 -0.000148909 -2.259e-05 6.7506e-05 -0.000564985 -0.00372426
19.82 1.29245e-06 -0.000147399 -2.43884e-05 7.2248e-05 -0.000609963 -0.00368652
19.84 1.33811e-06 -0.000141442 -2.59875e-05 7.55105e-05 -0.000649959 -0.00353752
19.86 1.33548e-06 -0.000131115 -2.73402e-05 7.66354e-05 -0.00068379 -0.00327924
19.88 1.28847e-06 -0.000116187 -2.81068e-05 7.49201e-05 -0.000702963 -0.00290587
19.9 1.20147e-06 -9.64038e-05 -2.78894e-05 6.97279e-05 -0.000697526 -0.0024111
19.92 1.07664e-06 -7.19231e-05 -2.64929e-05 6.06891e-05 -0.000662599 -0.00179883
19.94 9.15245e-07 -4.3544e-05 -2.40086e-05 4.80443e-05 -0.000600466 -0.00108905
19.96 7.20966e-07 -1.25583e-05 -2.06484e-05 3.28598e-05 -0.000516426 -0.000314088
19.98 5.00598e-07 1.94584e-05 -1.66722e-05 1.66902e-05 -0.000416978 0.000486664
20 2.61043e-07 5.07326e-05 -1.258e-05 9.10642e-07 -0.000314632 0.00126884
20.02 8.76396e-09 7.95906e-05 -8.99777e-06 -1.356e-05 -0.000225038 0.00199059
20.04 -2.47271e-07 0.000104904 -6.04993e-06 -2.61008e-05 -0.000151311 0.0026237
20.06 -4.95657e-07 0.000126171 -3.23033e-06 -3.63595e-05 -8.07918e-05 0.0031556
20.08 -7.26445e-07 0.00014324 -2.00504e-07 -4.43684e-05 -5.01469e-06 0.00358249
20.1 -9.32587e-07 0.000156088 2.72851e-06 -5.04243e-05 6.82411e-05 0.00390382
20.12 -1.1069e-06 0.000164685 5.17743e-06 -5.48366e-05 0.00012949 0.00411883
20.14 -1.24043e-06 0.000168802 7.29818e-06 -5.78661e-05 0.000182531 0.00422182
20.16 -1.32553e-06 0.000167894 9.46735e-06 -5.97469e-05 0.000236782 0.00419909
20.18 -1.35956e-06 0.000161191 1.1626e-05 -6.05553e-05 0.000290772 0.00403147
20.2 -1.34451e-06 0.000147981 1.31727e-05 -6.00021e-05 0.000329455 0.00370105
20.22 -1.28313e-06 0.000127956 1.34911e-05 -5.73774e-05 0.000337419 0.00320024
20.24 -1.17644e-06 0.000101578 1.25193e-05 -5.1788e-05 0.000313112 0.00254052
20.26 -1.02631e-06 7.01847e-05 1.07379e-05 -4.27161e-05 0.00026856 0.00175535
20.28 -8.40108e-07 3.56824e-05 8.57357e-06 -3.05596e-05 0.000214428 0.000892431
20.3 -6.30276e-07 1.17559e-07 5.97661e-06 -1.65483e-05 0.000149478 2.9402e-06
20.32 -4.08099e-07 -3.45134e-05 2.78001e-06 -2.05546e-06 6.95292e-05 -0.000863194
20.34 -1.78633e-07 -6.64989e-05 -6.61873e-07 1.18716e-05 -1.65537e-05 -0.00166316
20.36 5.67479e-08 -9.48265e-05 -3.63078e-06 2.43991e-05 -9.08072e-05 -0.00237165
20.38 2.94038e-07 -0.000119203 -5.98803e-06 3.48141e-05 -0.000149763 -0.00298131
20.4 5.25409e-07 -0.000139508 -8.43889e-06 4.27937e-05 -0.00021106 -0.00348916
20.42 7.42922e-07 -0.000155407 -1.15007e-05 4.85433e-05 -0.000287636 -0.0038868
20.44 9.40195e-07 -0.000166496 -1.47189e-05 5.25188e-05 -0.000368126 -0.00416414
20.46 1.11006e-06 -0.00017249 -1.73408e-05 5.51591e-05 -0.0004337 -0.00431404
20.48 1.24364e-06 -0.000173121 -1.93219e-05 5.68878e-05 -0.000483249 -0.00432983
20.5 1.33361e-06 -0.000168079 -2.11776e-05 5.80858e-05 -0.000529662 -0.00420372
20.52 1.37754e-06 -0.000157209 -2.30796e-05 5.88737e-05 -0.00057723 -0.00393185
20.54 1.37693e-06 -0.000140714 -2.45478e-05 5.89409e-05 -0.00061395 -0.00351931
20.56 1.33329e-06 -0.000119152 -2.50413e-05 5.75933e-05 -0.000626294 -0.00298004
20.58 1.24627e-06 -9.34407e-05 -2.45961e-05 5.40236e-05 -0.000615158 -0.00233699
20.6 1.11661e-06 -6.48496e-05 -2.37604e-05 4.78067e-05 -0.000594256 -0.00162192
20.62 9.51022e-07 -3.47098e-05 -2.29878e-05 3.9299e-05 -0.000574933 -0.000868107
20.64 7.61747e-07 -4.11262e-06 -2.21656e-05 2.94166e-05 -0.000554371 -0.000102858
20.66 5.60762e-07 2.60534e-05 -2.06855e-05 1.89814e-05 -0.000517353 0.000651605
20.68 3.53512e-07 5.50436e-05 -1.80626e-05 8.43182e-06 -0.000451753 0.00137666
20.7 1.3766e-07 8.23448e-05 -1.46403e-05 -1.89788e-06 -0.000366161 0.00205948
20.72 -9.05455e-08 0.000107563 -1.14021e-05 -1.15117e-05 -0.000285172 0.00269021
20.74 -3.27604e-07 0.000130098 -8.84785e-06 -1.98863e-05 -0.000221288 0.0032538
20.76 -5.60486e-07 0.000149035 -6.50849e-06 -2.67432e-05 -0.00016278 0.00372743
20.78 -7.72964e-07 0.000163399 -3.81253e-06 -3.2106e-05 -9.53529e-05 0.00408668
20.8 -9.53053e-07 0.000172378 -8.85799e-07 -3.61843e-05 -2.21542e-05 0.00431125
20.82 -1.09459e-06 0.000175343 1.77509e-06 -3.92725e-05 4.43956e-05 0.00438541
20.84 -1.19416e-06 0.000171873 3.9605e-06 -4.16544e-05 9.90538e-05 0.00429861
20.86 -1.24881e-06 0.000161956 5.8155e-06 -4.34682e-05 0.000145448 0.00405058
20.88 -1.25703e-06 0.000146125 7.5193e-06 -4.46495e-05 0.000188061 0.00365466
20.9 -1.22098e-06 0.000125266 9.08576e-06 -4.49682e-05 0.000227239 0.00313296
20.92 -1.14664e-06 0.000100307 1.03797e-05 -4.40022e-05 0.0002596 0.00250872
20.94 -1.04119e-06 7.21813e-05 1.12138e-05 -4.11528e-05 0.000280462 0.00180528
20.96 -9.10713e-07 4.18965e-05 1.14091e-05 -3.59739e-05 0.000285346 0.00104785
20.98 -7.60072e-07 1.04593e-05 1.08219e-05 -2.85622e-05 0.000270659 0.000261592
21 -5.93361e-07 -2.11118e-05 9.36511e-06 -1.95065e-05 0.000234225 -0.000528014
21.02 -4.13801e-07 -5.16471e-05 7.02731e-06 -9.53985e-06 0.000175756 -0.00129172
21.04 -2.23625e-07 -7.98788e-05 4.0216e-06 6.09193e-07 0.000100582 -0.0019978
21.06 -2.44765e-08 -0.000104652 9.92253e-07 1.01882e-05 2.48166e-05 -0.00261739
21.08 1.7957e-07 -0.000124987 -1.31626e-06 1.85387e-05 -3.29202e-05 -0.00312598
21.1 3.78165e-07 -0.000140031 -2.91492e-06 2.53221e-05 -7.29035e-05 -0.00350223
21.12 5.56142e-07 -0.00014914 -4.66351e-06 3.05701e-05 -0.000116636 -0.00373006
21.14 7.00838e-07 -0.000152049 -7.17418e-06 3.45108e-05 -0.000179429 -0.00380282
21.16 8.07639e-07 -0.000148911 -1.00785e-05 3.7394e-05 -0.000252067 -0.00372432
21.18 8.78202e-07 -0.00014014 -1.26365e-05 3.94586e-05 -0.000316043 -0.00350495
21.2 9.1504e-07 -0.000126216 -1.46223e-05 4.09357e-05 -0.00036571 -0.00315671
21.22 9.18535e-07 -0.000107565 -1.63524e-05 4.19413e-05 -0.00040898 -0.00269024
21.24 8.87671e-07 -8.4548e-05 -1.81266e-05 4.22964e-05 -0.000453354 -0.00211458
21.26 8.22254e-07 -5.76286e-05 -1.9862e-05 4.14596e-05 -0.000496756 -0.00144131
21.28 7.24886e-07 -2.75762e-05 -2.11739e-05 3.87548e-05 -0.000529567 -0.000689691
21.3 6.01755e-07 4.5119e-06 -2.16933e-05 3.38135e-05 -0.000542558 0.000112844
21.32 4.61391e-07 3.72935e-05 -2.13197e-05 2.68321e-05 -0.000533216 0.000932726
21.34 3.12127e-07 6.92644e-05 -2.02249e-05 1.84124e-05 -0.000505834 0.00173233
21.36 1.59914e-07 9.89645e-05 -1.8664e-05 9.23452e-06 -0.000466796 0.00247514
21.38 7.67764e-09 0.000125227 -1.68172e-05 -1.12107e-07 -0.000420605 0.00313198
21.4 -1.43487e-07 0.000147209 -1.48074e-05 -9.12799e-06 -0.000370339 0.00368175
21.42 -2.91831e-07 0.000164279 -1.28021e-05 -1.73631e-05 -0.000320186 0.00410868
21.44 -4.32039e-07 0.000176005 -1.09257e-05 -2.44042e-05 -0.000273256 0.00440197
21.46 -5.54966e-07 0.000182188 -9.02122e-06 -2.9937e-05 -0.000225624 0.0045566
21.48 -6.52176e-07 0.000182794 -6.7704e-06 -3.38727e-05 -0.00016933 0.00457176
21.5 -7.21168e-07 0.000177858 -4.20717e-06 -3.64044e-05 -0.000105223 0.00444831
21.52 -7.65034e-07 0.000167403 -1.82888e-06 -3.78948e-05 -4.57411e-05 0.00418681
21.54 -7.86256e-07 0.000151333 -2.76343e-08 -3.86447e-05 -6.91146e-07 0.0037849
21.56 -7.81464e-07 0.000129423 1.31651e-06 -3.86287e-05 3.29265e-05 0.00323692
21.58 -7.42723e-07 0.000101655 2.5155e-06 -3.73359e-05 6.29136e-05 0.00254244
21.6 -6.6436e-07 6.87574e-05 3.57111e-06 -3.40051e-05 8.9315e-05 0.00171965
21.62 -5.49536e-07 3.2297e-05 4.15993e-06 -2.82651e-05 0.000104041 0.000807762
21.64 -4.10481e-07 -5.69689e-06 4.04418e-06 -2.05385e-05 0.000101147 -0.000142482
21.66 -2.6195e-07 -4.31261e-05 3.38079e-06 -1.17021e-05 8.45551e-05 -0.0010786
21.68 -1.13975e-07 -7.81627e-05 2.57252e-06 -2.44863e-06 6.43399e-05 -0.00195488
21.7 3.02474e-08 -0.000109562 1.85292e-06 6.93571e-06 4.63422e-05 -0.00274018
21.72 1.71243e-07 -0.000136652 1.08592e-06 1.6329e-05 2.71594e-05 -0.00341772
21.74 3.08319e-07 -0.000159007 -4.22146e-08 2.54677e-05 -1.05581e-06 -0.00397683
21.76 4.36361e-07 -0.000176224 -1.70012e-06 3.38476e-05 -4.25206e-05 -0.00440743
21.78 5.46944e-07 -0.000187972 -3.78387e-06 4.08673e-05 -9.46362e-05 -0.00470126
21.8 6.33067e-07 -0.000194077 -6.03622e-06 4.61015e-05 -0.000150968 -0.00485394
21.82 6.93513e-07 -0.000194491 -8.17485e-06 4.94995e-05 -0.000204456 -0.00486431
21.84 7.32468e-07 -0.000189246 -9.87528e-06 5.13507e-05 -0.000246985 -0.00473312
21.86 7.53745e-07 -0.00017842 -1.08408e-05 5.20422e-05 -0.000271133 -0.00446235
21.88 7.54359e-07 -0.000162121 -1.11088e-05 5.1786e-05 -0.000277836 -0.00405471
21.9 7.23996e-07 -0.000140477 -1.11659e-05 5.0452e-05 -0.000279265 -0.0035134
21.92 6.51971e-07 -0.000113824 -1.15374e-05 4.75473e-05 -0.000288554 -0.00284679
21.94 5.36347e-07 -8.30147e-05 -1.22728e-05 4.24876e-05 -0.000306949 -0.00207623
21.96 3.88015e-07 -4.9366e-05 -1.28993e-05 3.51613e-05 -0.000322617 -0.00123466
21.98 2.25764e-07 -1.43032e-05 -1.28662e-05 2.6201e-05 -0.000321789 -0.000357728
22 6.58566e-08 2.08164e-05 -1.20313e-05 1.65073e-05 -0.000300908 0.000520628
22.02 -8.49571e-08 5.48087e-05 -1.06983e-05 6.58203e-06 -0.00026757 0.00137079
22.04 -2.28133e-07 8.68129e-05 -9.21585e-06 -3.53396e-06 -0.000230492 0.00217123
22.06 -3.67104e-07 0.000116137 -7.65951e-06 -1.38168e-05 -0.000191568 0.00290464
22.08 -5.01695e-07 0.000141874 -5.94453e-06 -2.39115e-05 -0.000148675 0.00354832
22.1 -6.26011e-07 0.000162847 -4.13015e-06 -3.31316e-05 -0.000103297 0.00407286
22.12 -7.30357e-07 0.000177968 -2.49777e-06 -4.06976e-05 -6.24703e-05 0.00445106
22.14 -8.05932e-07 0.000186558 -1.34265e-06 -4.60542e-05 -3.35803e-05 0.00466588
22.16 -8.48811e-07 0.000188454 -7.64129e-07 -4.90807e-05 -1.91112e-05 0.00471332
22.18 -8.59963e-07 0.000183984 -6.41136e-07 -5.00535e-05 -1.60351e-05 0.00460152
22.2 -8.41639e-07 0.000173717 -6.9328e-07 -4.93987e-05 -1.73392e-05 0.00434473
22.22 -7.9376e-07 0.000158066 -5.60132e-07 -4.74072e-05 -1.40091e-05 0.0039533
22.24 -7.13629e-07 0.00013704 -3.42473e-08 -4.40331e-05 -8.56538e-07 0.00342743
22.26 -5.98975e-07 0.000110513 6.35334e-07 -3.88263e-05 1.589e-05 0.00276398
22.28 -4.51827e-07 7.88911e-05 7.81529e-07 -3.11944e-05 1.95464e-05 0.0019731
22.3 -2.80542e-07 4.32791e-05 -1.97206e-07 -2.10614e-05 -4.93219e-06 0.00108243
22.32 -9.73283e-08 5.04309e-06 -2.31685e-06 -9.26807e-06 -5.79455e-05 0.00012613
22.34 8.80264e-08 -3.42988e-05 -4.93349e-06 2.95537e-06 -0.000123389 -0.000857826
22.36 2.71463e-07 -7.2826e-05 -7.25137e-06 1.48564e-05 -0.00018136 -0.00182141
22.38 4.50731e-07 -0.000108414 -8.94516e-06 2.6269e-05 -0.000223722 -0.00271148
22.4 6.19582e-07 -0.000139326 -1.02268e-05 3.70314e-05 -0.000255777 -0.0034846
22.42 7.67482e-07 -0.000164533 -1.13824e-05 4.66426e-05 -0.000284679 -0.00411503
22.44 8.84642e-07 -0.00018368 -1.24528e-05 5.45008e-05 -0.00031145 -0.0045939
22.46 9.66886e-07 -0.000196903 -1.3369e-05 6.02845e-05 -0.000334365 -0.00492463
22.48 1.0164e-06 -0.000204527 -1.41721e-05 6.40559e-05 -0.000354451 -0.0051153
22.5 1.03839e-06 -0.000206788 -1.4969e-05 6.60717e-05 -0.000374382 -0.00517187
22.52 1.03673e-06 -0.000203785 -1.57297e-05 6.65282e-05 -0.000393405 -0.00509676
22.54 1.01197e-06 -0.000195468 -1.61955e-05 6.54496e-05 -0.000405056 -0.00488874
22.56 9.62077e-07 -0.00018151 -1.60068e-05 6.27358e-05 -0.000400337 -0.00453964
22.58 8.82646e-07 -0.000161305 -1.49675e-05 5.81856e-05 -0.000374343 -0.00403429
22.6 7.66343e-07 -0.000134544 -1.32667e-05 5.14308e-05 -0.000331806 -0.00336499
22.62 6.0624e-07 -0.000102036 -1.14123e-05 4.21112e-05 -0.000285425 -0.00255195
22.64 4.0433e-07 -6.56556e-05 -9.8114e-06 3.04352e-05 -0.000245387 -0.00164207
22.66 1.76613e-07 -2.75624e-05 -8.41576e-06 1.74472e-05 -0.000210482 -0.000689348
22.68 -5.31932e-08 1.01347e-05 -6.83195e-06 4.47644e-06 -0.00017087 0.000253474
22.7 -2.6592e-07 4.54342e-05 -4.73569e-06 -7.58274e-06 -0.000118442 0.00113633
22.72 -4.5428e-07 7.69577e-05 -2.23875e-06 -1.83942e-05 -5.5992e-05 0.00192474
22.74 -6.21253e-07 0.000104328 6.51271e-08 -2.79131e-05 1.62886e-06 0.00260929
22.76 -7.72305e-07 0.000127734 1.58595e-06 -3.61881e-05 3.96652e-05 0.00319468
22.78 -9.07223e-07 0.000147284 2.38979e-06 -4.32398e-05 5.97696e-05 0.00368364
22.8 -1.01821e-06 0.000162788 3.15208e-06 -4.89656e-05 7.88349e-05 0.00407139
22.82 -1.09565e-06 0.000173717 4.33597e-06 -5.31632e-05 0.000108444 0.00434473
22.84 -1.13442e-06 0.000179171 5.63052e-06 -5.56234e-05 0.000140822 0.00448115
22.86 -1.13404e-06 0.000178071 6.31138e-06 -5.61595e-05 0.00015785 0.00445363
22.88 -1.09436e-06 0.000169579 5.95019e-06 -5.45896e-05 0.000148817 0.00424123
22.9 -1.01321e-06 0.00015346 4.65149e-06 -5.07393e-05 0.000116336 0.0038381
22.92 -8.87984e-07 0.000130273 2.78543e-06 -4.44654e-05 6.96647e-05 0.00325819
22.94 -7.19204e-07 0.000101409 7.13363e-07 -3.57581e-05 1.78415e-05 0.00253628
22.96 -5.13577e-07 6.88717e-05 -1.28206e-06 -2.49937e-05 -3.20648e-05 0.00172251
22.98 -2.84761e-07 3.47123e-05 -3.05606e-06 -1.30903e-05 -7.64333e-05 0.00086817
23 -4.9903e-08 5.48229e-07 -4.69667e-06 -1.14748e-06 -0.000117466 1.37114e-05
23.02 1.7657e-07 -3.24021e-05 -6.49218e-06 1.01855e-05 -0.000162372 -0.00081039
23.04 3.86836e-07 -6.31808e-05 -8.74692e-06 2.08318e-05 -0.000218764 -0.00158018
23.06 5.79015e-07 -9.12191e-05 -1.15284e-05 3.0838e-05 -0.000288331 -0.00228143
23.08 7.54308e-07 -0.00011628 -1.45036e-05 4.00663e-05 -0.000362742 -0.00290822
23.1 9.13651e-07 -0.000137983 -1.71183e-05 4.82871e-05 -0.000428136 -0.00345101
23.12 1.05413e-06 -0.000155476 -1.90522e-05 5.52735e-05 -0.000476503 -0.00388851
23.14 1.16757e-06 -0.000167653 -2.04193e-05 6.07376e-05 -0.000510694 -0.00419307
23.16 1.2438e-06 -0.000173597 -2.14557e-05 6.43314e-05 -0.000536616 -0.00434175
23.18 1.27628e-06 -0.000172846 -2.21444e-05 6.57875e-05 -0.00055384 -0.00432294
23.2 1.26486e-06 -0.000165427 -2.22548e-05 6.50328e-05 -0.000556602 -0.00413741
23.22 1.21366e-06 -0.000151805 -2.16362e-05 6.21772e-05 -0.000541131 -0.00379672
23.24 1.12674e-06 -0.000132763 -2.0337e-05 5.74129e-05 -0.000508637 -0.00332047
23.26 1.00503e-06 -0.000109259 -1.85392e-05 5.0872e-05 -0.000463673 -0.00273262
23.28 8.46789e-07 -8.23915e-05 -1.65503e-05 4.25933e-05 -0.000413931 -0.00206065
23.3 6.52215e-07 -5.33473e-05 -1.47597e-05 3.27667e-05 -0.000369145 -0.00133424
23.32 4.28531e-07 -2.31418e-05 -1.33583e-05 2.19838e-05 -0.000334096 -0.000578785
23.34 1.89984e-07 7.49312e-06 -1.20635e-05 1.10165e-05 -0.000301713 0.000187406
23.36 -4.80975e-08 3.78684e-05 -1.02433e-05 3.26871e-07 -0.000256188 0.000947105
23.38 -2.75664e-07 6.71658e-05 -7.40766e-06 -1.00186e-05 -0.000185269 0.00167984
23.4 -4.89554e-07 9.44889e-05 -3.64777e-06 -1.99812e-05 -9.12322e-05 0.00236321
23.42 -6.90246e-07 0.00011886 3.56467e-07 -2.92885e-05 8.91538e-06 0.00297273
23.44 -8.76757e-07 0.000139171 3.77212e-06 -3.75198e-05 9.43424e-05 0.00348072
23.46 -1.04326e-06 0.000154326 6.12077e-06 -4.42978e-05 0.000153083 0.00385976
23.48 -1.17968e-06 0.000163493 7.44822e-06 -4.93917e-05 0.000186283 0.00408904
23.5 -1.27541e-06 0.000166249 8.13063e-06 -5.27274e-05 0.00020335 0.00415796
23.52 -1.32305e-06 0.000162599 8.60205e-06 -5.43179e-05 0.000215141 0.00406666
23.54 -1.32036e-06 0.000152962 9.16036e-06 -5.4166e-05 0.000229104 0.00382563
23.56 -1.27057e-06 0.000138092 9.81586e-06 -5.22485e-05 0.000245499 0.00345374
23.58 -1.18116e-06 0.000118838 1.02583e-05 -4.85745e-05 0.000256563 0.0029722
23.6 -1.06059e-06 9.59015e-05 1.00937e-05 -4.31716e-05 0.000252447 0.00239854
23.62 -9.14817e-07 6.98938e-05 9.15759e-06 -3.60508e-05 0.000229035 0.00174807
23.64 -7.46641e-07 4.14885e-05 7.50983e-06 -2.73592e-05 0.000187824 0.00103764
23.66 -5.5799e-07 1.13865e-05 5.22689e-06 -1.75497e-05 0.000130727 0.000284782
23.68 -3.51181e-07 -1.96e-05 2.42954e-06 -7.21406e-06 6.07637e-05 -0.000490205
23.7 -1.29415e-07 -5.03063e-05 -5.96588e-07 3.21883e-06 -1.49209e-05 -0.00125818
23.72 1.01452e-07 -7.9252e-05 -3.58648e-06 1.34726e-05 -8.96993e-05 -0.00198213
23.74 3.32047e-07 -0.000104975 -6.47967e-06 2.32207e-05 -0.000162059 -0.00262546
23.76 5.51602e-07 -0.000126247 -9.21543e-06 3.20764e-05 -0.000230482 -0.00315749
23.78 7.50354e-07 -0.000142136 -1.15617e-05 3.9731e-05 -0.000289162 -0.00355488
23.8 9.19356e-07 -0.000152114 -1.33526e-05 4.59961e-05 -0.000333955 -0.00380443
23.82 1.04975e-06 -0.000156157 -1.47459e-05 5.07596e-05 -0.000368801 -0.00390556
23.84 1.13424e-06 -0.000154631 -1.61354e-05 5.39695e-05 -0.000403554 -0.00386739
23.86 1.16988e-06 -0.000148041 -1.78767e-05 5.56314e-05 -0.000447103 -0.00370256
23.88 1.15985e-06 -0.000136878 -2.00191e-05 5.57811e-05 -0.000500687 -0.00342337
23.9 1.11269e-06 -0.00012158 -2.21467e-05 5.44614e-05 -0.000553898 -0.00304077
23.92 1.03887e-06 -0.00010248 -2.35264e-05 5.16909e-05 -0.000588404 -0.00256306
23.94 9.45853e-07 -7.98506e-05 -2.35613e-05 4.74132e-05 -0.000589279 -0.0019971
23.96 8.3495e-07 -5.41213e-05 -2.21314e-05 4.15499e-05 -0.000553515 -0.0013536
23.98 7.02118e-07 -2.59904e-05 -1.95501e-05 3.41885e-05 -0.000488957 -0.00065003
24 5.41222e-07 3.57419e-06 -1.6386e-05 2.5641e-05 -0.000409822 8.93919e-05
24.02 3.48292e-07 3.32587e-05 -1.33736e-05 1.62692e-05 -0.00033448 0.000831814
24.04 1.26324e-07 6.14434e-05 -1.11907e-05 6.40098e-06 -0.000279884 0.00153673
24.06 -1.10873e-07 8.65879e-05 -9.93322e-06 -3.51978e-06 -0.000248434 0.0021656
24.08 -3.41202e-07 0.000107686 -8.84234e-06 -1.289e-05 -0.000221151 0.00269327
24.1 -5.44864e-07 0.0001244 -6.93973e-06 -2.12045e-05 -0.000173565 0.00311128
24.12 -7.1431e-07 0.000136867 -4.02308e-06 -2.82907e-05 -0.000100619 0.0034231
24.14 -8.5373e-07 0.00014538 -7.86791e-07 -3.42401e-05 -1.9678e-05 0.00363601
24.16 -9.69245e-07 0.000150063 2.00456e-06 -3.91775e-05 5.0135e-05 0.00375313
24.18 -1.06025e-06 0.000150709 4.18403e-06 -4.31111e-05 0.000104644 0.00376929
24.2 -1.11939e-06 0.0001469 6.03852e-06 -4.59284e-05 0.000151026 0.00367402
24.22 -1.13939e-06 0.000138331 7.75377e-06 -4.74914e-05 0.000193925 0.00345972
24.24 -1.11947e-06 0.000125053 9.12465e-06 -4.77279e-05 0.000228211 0.00312762
24.26 -1.06543e-06 0.000107447 9.75317e-06 -4.65803e-05 0.000243931 0.00268729
24.28 -9.83898e-07 8.61144e-05 9.42118e-06 -4.38444e-05 0.000235628 0.00215376
24.3 -8.76964e-07 6.18694e-05 8.21708e-06 -3.91781e-05 0.000205512 0.00154738
24.32 -7.41972e-07 3.57474e-05 6.378e-06 -3.23997e-05 0.000159517 0.000894057
24.34 -5.76002e-07 8.93863e-06 4.14981e-06 -2.37617e-05 0.000103788 0.000223559
24.36 -3.80947e-07 -1.73259e-05 1.83128e-06 -1.39049e-05 4.58011e-05 -0.000433327
24.38 -1.65437e-07 -4.19697e-05 -2.15601e-07 -3.615e-06 -5.39226e-06 -0.00104968
24.4 5.67137e-08 -6.42717e-05 -1.85432e-06 6.3881e-06 -4.63774e-05 -0.00160746
24.42 2.7071e-07 -8.38667e-05 -3.47292e-06 1.56107e-05 -8.68591e-05 -0.00209754
24.44 4.65806e-07 -0.000100569 -5.70318e-06 2.3897e-05 -0.000142639 -0.00251527
24.46 6.37421e-07 -0.000114206 -8.74577e-06 3.13648e-05 -0.000218735 -0.00285635
24.48 7.84528e-07 -0.000124496 -1.21758e-05 3.81485e-05 -0.000304522 -0.0031137
24.5 9.05224e-07 -0.000130952 -1.54216e-05 4.41699e-05 -0.0003857 -0.00327518
24.52 9.95358e-07 -0.000132995 -1.8183e-05 4.91399e-05 -0.000454764 -0.00332626
24.54 1.05132e-06 -0.00013028 -2.03317e-05 5.27643e-05 -0.000508503 -0.00325835
24.56 1.0733e-06 -0.000122914 -2.16573e-05 5.49387e-05 -0.000541659 -0.00307414
24.58 1.06448e-06 -0.000111348 -2.19289e-05 5.57313e-05 -0.00054845 -0.00278486
24.6 1.02643e-06 -9.61637e-05 -2.11912e-05 5.5155e-05 -0.000530001 -0.00240509
24.62 9.55491e-07 -7.80442e-05 -1.98696e-05 5.29673e-05 -0.000496948 -0.00195192
24.64 8.45197e-07 -5.78354e-05 -1.84996e-05 4.8755e-05 -0.000462682 -0.00144649
24.66 6.93039e-07 -3.64416e-05 -1.73311e-05 4.22967e-05 -0.000433457 -0.00091142
24.68 5.05545e-07 -1.45959e-05 -1.61879e-05 3.3856e-05 -0.000404866 -0.000365049
24.7 2.96311e-07 7.19273e-06 -1.46858e-05 2.40842e-05 -0.000367299 0.000179893
24.72 7.93901e-08 2.84891e-05 -1.25278e-05 1.36711e-05 -0.000313326 0.000712525
24.74 -1.35609e-07 4.88148e-05 -9.63003e-06 3.1377e-06 -0.000240851 0.00122088
24.76 -3.43791e-07 6.76195e-05 -6.13363e-06 -7.11866e-06 -0.000153405 0.00169119
24.78 -5.41846e-07 8.42844e-05 -2.35146e-06 -1.67283e-05 -5.88111e-05 0.00210799
24.8 -7.25173e-07 9.81821e-05 1.3616e-06 -2.53678e-05 3.40543e-05 0.00245558
24.82 -8.8778e-07 0.000108762 4.6953e-06 -3.28591e-05 0.000117431 0.00272018
24.84 -1.02406e-06 0.000115587 7.40113e-06 -3.92089e-05 0.000185105 0.00289088
24.86 -1.12961e-06 0.000118381 9.38102e-06 -4.45131e-05 0.000234623 0.00296076
24.88 -1.20071e-06 0.000117144 1.07643e-05 -4.88027e-05 0.000269219 0.00292981
24.9 -1.23433e-06 0.0001122 1.17459e-05 -5.19555e-05 0.00029377 0.00280617
24.92 -1.22914e-06 0.000104049 1.23485e-05 -5.37117e-05 0.00030884 0.0026023
24.94 -1.18551e-06 9.31391e-05 1.24732e-05 -5.37489e-05 0.00031196 0.00232945
24.96 -1.10462e-06 7.97719e-05 1.21296e-05 -5.17587e-05 0.000303367 0.00199513
24.98 -9.88263e-07 6.41853e-05 1.13983e-05 -4.75005e-05 0.000285077 0.0016053
25 -8.39857e-07 4.6706e-05 1.01419e-05 -4.08886e-05 0.000253653 0.00116814
25.02 -6.65189e-07 2.78021e-05 8.00609e-06 -3.21434e-05 0.000200236 0.000695342
25.04 -4.70721e-07 8.05668e-06 4.85037e-06 -2.18608e-05 0.00012131 0.000201501
25.06 -2.61808e-07 -1.18121e-05 9.75732e-07 -1.08549e-05 2.44035e-05 -0.000295426
25.08 -4.29037e-08 -3.09497e-05 -3.15848e-06 1.31969e-07 -7.89949e-05 -0.000774065
25.1 1.81351e-07 -4.84918e-05 -7.19399e-06 1.062e-05 -0.000179925 -0.0012128
25.12 4.05016e-07 -6.3727e-05 -1.08624e-05 2.03848e-05 -0.000271672 -0.00159384
25.14 6.19916e-07 -7.61567e-05 -1.40629e-05 2.93456e-05 -0.00035172 -0.00190471
25.16 8.1587e-07 -8.54769e-05 -1.69808e-05 3.74664e-05 -0.000424696 -0.00213781
25.18 9.83091e-07 -9.15661e-05 -1.9872e-05 4.46972e-05 -0.000497008 -0.00229011
25.2 1.11504e-06 -9.44748e-05 -2.27334e-05 5.09358e-05 -0.000568572 -0.00236285
25.22 1.20923e-06 -9.4362e-05 -2.53199e-05 5.60209e-05 -0.00063326 -0.00236003
25.24 1.26579e-06 -9.1388e-05 -2.74028e-05 5.97625e-05 -0.000685355 -0.00228565
25.26 1.28565e-06 -8.564e-05 -2.88883e-05 6.19647e-05 -0.000722507 -0.00214189
25.28 1.26946e-06 -7.71498e-05 -2.97492e-05 6.24234e-05 -0.000744039 -0.00192955
25.3 1.21777e-06 -6.59997e-05 -2.99255e-05 6.09328e-05 -0.00074845 -0.00165068
25.32 1.13226e-06 -5.24776e-05 -2.92591e-05 5.73267e-05 -0.000731782 -0.00131249
25.34 1.01573e-06 -3.71791e-05 -2.74767e-05 5.15627e-05 -0.000687205 -0.000929865
25.36 8.71052e-07 -2.09179e-05 -2.43468e-05 4.38294e-05 -0.000608924 -0.000523165
25.38 6.98624e-07 -4.49569e-06 -2.01542e-05 3.45674e-05 -0.000504065 -0.000112439
25.4 4.95996e-07 1.14173e-05 -1.59594e-05 2.43678e-05 -0.000399151 0.000285552
25.42 2.64242e-07 2.62302e-05 -1.27353e-05 1.38681e-05 -0.000318515 0.000656029
25.44 1.43371e-08 3.94028e-05 -1.01922e-05 3.68069e-06 -0.00025491 0.00098548
25.46 -2.35546e-07 5.05178e-05 -7.21862e-06 -5.71858e-06 -0.000180541 0.00126347
25.48 -4.6922e-07 5.93374e-05 -3.42316e-06 -1.40692e-05 -8.56146e-05 0.00148405
25.5 -6.76969e-07 6.57591e-05 5.73799e-07 -2.12903e-05 1.4351e-05 0.00164466
25.52 -8.53123e-07 6.97241e-05 4.22111e-06 -2.74335e-05 0.000105572 0.00174383
25.54 -9.93603e-07 7.11855e-05 7.58444e-06 -3.26874e-05 0.00018969 0.00178038
25.56 -1.09669e-06 7.01463e-05 1.08373e-05 -3.73154e-05 0.000271045 0.00175439
25.58 -1.16373e-06 6.66764e-05 1.38036e-05 -4.14744e-05 0.000345234 0.00166761
25.6 -1.19768e-06 6.08752e-05 1.60981e-05 -4.50367e-05 0.00040262 0.00152251
25.62 -1.20084e-06 5.28767e-05 1.74239e-05 -4.75504e-05 0.000435779 0.00132247
25.64 -1.17378e-06 4.2947e-05 1.76761e-05 -4.83897e-05 0.000442086 0.00107412
25.66 -1.11613e-06 3.15701e-05 1.69245e-05 -4.70157e-05 0.00042329 0.000789581
25.68 -1.02798e-06 1.94035e-05 1.53296e-05 -4.31859e-05 0.000383399 0.000485291
25.7 -9.10179e-07 7.10278e-06 1.29335e-05 -3.70193e-05 0.000323473 0.000177643
25.72 -7.63311e-07 -4.85239e-06 9.68386e-06 -2.89365e-05 0.000242197 -0.00012136
25.74 -5.85682e-07 -1.62127e-05 5.97601e-06 -1.95593e-05 0.000149462 -0.000405485
25.76 -3.76083e-07 -2.68967e-05 2.72064e-06 -9.65022e-06 6.80444e-05 -0.000672697
25.78 -1.41491e-07 -3.68645e-05 2.08856e-07 -8.9161e-09 5.22356e-06 -0.000921997
25.8 1.01447e-07 -4.59864e-05 -2.49397e-06 8.7678e-06 -6.23752e-05 -0.00115014
25.82 3.34936e-07 -5.39945e-05 -6.29065e-06 1.64585e-05 -0.000157332 -0.00135042
25.84 5.48301e-07 -6.05444e-05 -1.08464e-05 2.31376e-05 -0.000271274 -0.00151424
25.86 7.372e-07 -6.53077e-05 -1.52147e-05 2.90328e-05 -0.000380526 -0.00163337
25.88 8.98813e-07 -6.80509e-05 -1.89778e-05 3.44906e-05 -0.000474644 -0.00170198
25.9 1.03044e-06 -6.8702e-05 -2.22607e-05 3.99004e-05 -0.000556749 -0.00171826
25.92 1.13068e-06 -6.73376e-05 -2.51532e-05 4.54778e-05 -0.000629093 -0.00168414
25.94 1.19925e-06 -6.40784e-05 -2.75785e-05 5.10496e-05 -0.000689749 -0.00160263
25.96 1.23554e-06 -5.90055e-05 -2.9466e-05 5.59973e-05 -0.000736958 -0.00147575
25.98 1.23824e-06 -5.21667e-05 -3.07498e-05 5.94085e-05 -0.000769066 -0.00130471
26 1.20636e-06 -4.36269e-05 -3.12972e-05 6.03918e-05 -0.000782757 -0.00109113
26.02 1.14051e-06 -3.35378e-05 -3.09948e-05 5.83998e-05 -0.000775194 -0.000838795
26.04 1.04324e-06 -2.22108e-05 -2.97564e-05 5.34013e-05 -0.00074422 -0.000555501
26.06 9.17957e-07 -1.01148e-05 -2.73167e-05 4.58692e-05 -0.000683202 -0.000252975
26.08 7.66279e-07 2.24286e-06 -2.34642e-05 3.66155e-05 -0.00058685 5.60948e-05
26.1 5.84898e-07 1.44342e-05 -1.88906e-05 2.6572e-05 -0.000472461 0.000361005
26.12 3.7007e-07 2.60825e-05 -1.50836e-05 1.66446e-05 -0.000377246 0.000652334
26.14 1.2853e-07 3.67488e-05 -1.26295e-05 7.56127e-06 -0.00031587 0.000919104
26.16 -1.19734e-07 4.59539e-05 -1.03901e-05 -3.44905e-07 -0.000259862 0.00114933
26.18 -3.52248e-07 5.33713e-05 -7.06865e-06 -7.18892e-06 -0.00017679 0.00133484
26.2 -5.56187e-07 5.894e-05 -2.77968e-06 -1.33253e-05 -6.95211e-05 0.00147411
26.22 -7.29557e-07 6.27443e-05 1.45795e-06 -1.91462e-05 3.64638e-05 0.00156926
26.24 -8.74273e-07 6.48478e-05 4.97707e-06 -2.50137e-05 0.000124478 0.00162187
26.26 -9.90103e-07 6.52513e-05 7.78179e-06 -3.11429e-05 0.000194626 0.00163196
26.28 -1.07337e-06 6.39136e-05 1.02105e-05 -3.74033e-05 0.000255369 0.0015985
26.3 -1.11982e-06 6.07958e-05 1.25728e-05 -4.3241e-05 0.000314451 0.00152053
26.32 -1.12909e-06 5.59814e-05 1.47833e-05 -4.7824e-05 0.000369736 0.00140012
26.34 -1.1068e-06 4.97801e-05 1.6242e-05 -5.03333e-05 0.00040622 0.00124502
26.36 -1.06143e-06 4.26596e-05 1.62894e-05 -5.0249e-05 0.000407404 0.00106693
26.38 -9.98286e-07 3.50567e-05 1.47853e-05 -4.74615e-05 0.000369786 0.000876784
26.4 -9.15344e-07 2.72505e-05 1.20803e-05 -4.21777e-05 0.000302134 0.000681545
26.42 -8.04501e-07 1.93495e-05 8.61315e-06 -3.47808e-05 0.000215418 0.000483939
26.44 -6.56118e-07 1.13267e-05 4.94028e-06 -2.58036e-05 0.000123559 0.000283285
26.46 -4.65965e-07 3.07534e-06 1.82659e-06 -1.59985e-05 4.56839e-05 7.69155e-05
26.48 -2.42466e-07 -5.49665e-06 -4.81266e-07 -6.27645e-06 -1.20367e-05 -0.000137473
26.5 -5.65682e-09 -1.43634e-05 -2.80065e-06 2.6189e-06 -7.00455e-05 -0.000359235
26.52 2.23517e-07 -2.33171e-05 -6.06891e-06 1.04378e-05 -0.000151786 -0.000583171
26.54 4.32864e-07 -3.19569e-05 -1.01854e-05 1.7398e-05 -0.00025474 -0.000799255
26.56 6.18077e-07 -3.97275e-05 -1.43439e-05 2.38966e-05 -0.000358746 -0.000993602
26.58 7.76214e-07 -4.60334e-05 -1.80521e-05 3.02786e-05 -0.000451491 -0.00115132
26.6 9.03083e-07 -5.04066e-05 -2.13266e-05 3.67359e-05 -0.000533387 -0.00126069
26.62 9.95814e-07 -5.26308e-05 -2.42372e-05 4.32405e-05 -0.000606181 -0.00131632
26.64 1.05548e-06 -5.27657e-05 -2.66638e-05 4.94956e-05 -0.000666873 -0.00131969
26.66 1.08647e-06 -5.1099e-05 -2.83765e-05 5.49369e-05 -0.000709709 -0.00127801
26.68 1.09337e-06 -4.80289e-05 -2.917e-05 5.88097e-05 -0.000729553 -0.00120122
26.7 1.07774e-06 -4.38841e-05 -2.89644e-05 6.03408e-05 -0.000724412 -0.00109756
26.72 1.03698e-06 -3.87977e-05 -2.78192e-05 5.89508e-05 -0.000695769 -0.000970347
26.74 9.65025e-07 -3.27519e-05 -2.57946e-05 5.44184e-05 -0.000645134 -0.000819138
26.76 8.55332e-07 -2.57369e-05 -2.2913e-05 4.69776e-05 -0.000573064 -0.000643691
26.78 7.03905e-07 -1.7846e-05 -1.94824e-05 3.7356e-05 -0.000487264 -0.000446336
26.8 5.12552e-07 -9.26146e-06 -1.61984e-05 2.6701e-05 -0.00040513 -0.000231633
26.82 2.92241e-07 -2.60051e-07 -1.33906e-05 1.62854e-05 -0.000334905 -6.50398e-06
26.84 6.09432e-08 8.72841e-06 -1.04664e-05 7.0316e-06 -0.00026177 0.000218301
26.86 -1.64371e-07 1.71582e-05 -6.72423e-06 -7.93389e-07 -0.000168176 0.000429135
26.88 -3.73858e-07 2.45532e-05 -2.37275e-06 -7.45411e-06 -5.93435e-05 0.000614085
26.9 -5.63285e-07 3.06579e-05 1.78661e-06 -1.34279e-05 4.46839e-05 0.000766768
26.92 -7.29538e-07 3.54297e-05 5.30322e-06 -1.92204e-05 0.000132636 0.000886112
26.94 -8.69404e-07 3.89441e-05 8.25132e-06 -2.52686e-05 0.000206369 0.000974009
26.96 -9.80812e-07 4.12983e-05 1.07858e-05 -3.17658e-05 0.000269756 0.00103289
26.98 -1.06275e-06 4.25315e-05 1.29213e-05 -3.84676e-05 0.000323168 0.00106373
27 -1.11387e-06 4.26117e-05 1.4614e-05 -4.46445e-05 0.000365503 0.00106574
27.02 -1.13223e-06 4.149e-05 1.57938e-05 -4.92633e-05 0.00039501 0.00103768
27.04 -1.11678e-06 3.91302e-05 1.6326e-05 -5.13437e-05 0.000408321 0.000978663
27.06 -1.06867e-06 3.54922e-05 1.6056e-05 -5.02993e-05 0.000401568 0.000887674
27.08 -9.90186e-07 3.05631e-05 1.48487e-05 -4.60729e-05 0.000371373 0.000764396
27.1 -8.83152e-07 2.44622e-05 1.25412e-05 -3.90639e-05 0.000313661 0.000611811
27.12 -7.47653e-07 1.74875e-05 9.15411e-06 -2.99971e-05 0.000228948 0.00043737
27.14 -5.82627e-07 1.00144e-05 5.33035e-06 -1.98637e-05 0.000133314 0.000250465
27.16 -3.91128e-07 2.35108e-06 1.9444e-06 -9.8342e-06 4.86302e-05 5.88014e-05
27.18 -1.84294e-07 -5.31008e-06 -1.02281e-06 -9.02315e-07 -2.55809e-05 -0.000132807
27.2 2.33125e-08 -1.28616e-05 -4.40114e-06 6.58501e-06 -0.000110074 -0.000321675
27.22 2.22628e-07 -2.02467e-05 -8.42502e-06 1.29867e-05 -0.000210713 -0.000506377
27.24 4.11291e-07 -2.73731e-05 -1.23386e-05 1.89431e-05 -0.000308595 -0.000684612
27.26 5.86508e-07 -3.3987e-05 -1.55352e-05 2.4963e-05 -0.000388542 -0.000850028
27.28 7.4053e-07 -3.96822e-05 -1.8214e-05 3.12877e-05 -0.000455539 -0.000992467
27.3 8.64121e-07 -4.40747e-05 -2.07764e-05 3.78731e-05 -0.000519627 -0.00110233
27.32 9.52346e-07 -4.69109e-05 -2.32259e-05 4.4386e-05 -0.000580889 -0.00117326
27.34 1.00618e-06 -4.80185e-05 -2.52863e-05 5.0241e-05 -0.000632422 -0.00120096
27.36 1.02965e-06 -4.72898e-05 -2.66981e-05 5.46675e-05 -0.000667731 -0.00118274
27.38 1.026e-06 -4.47862e-05 -2.72847e-05 5.68432e-05 -0.000682402 -0.00112012
27.4 9.96156e-07 -4.07851e-05 -2.69574e-05 5.61548e-05 -0.000674215 -0.00102005
27.42 9.39648e-07 -3.56608e-05 -2.57422e-05 5.24574e-05 -0.000643823 -0.000891892
27.44 8.56033e-07 -2.97327e-05 -2.36908e-05 4.61202e-05 -0.000592518 -0.000743628
27.46 7.4523e-07 -2.32191e-05 -2.08312e-05 3.78498e-05 -0.000520997 -0.000580719
27.48 6.06294e-07 -1.62525e-05 -1.74354e-05 2.84942e-05 -0.000436066 -0.000406481
27.5 4.38543e-07 -8.89297e-06 -1.41267e-05 1.89508e-05 -0.000353314 -0.000222417
27.52 2.46227e-07 -1.18695e-06 -1.12748e-05 1.00448e-05 -0.000281988 -2.9686e-05
27.54 4.05043e-08 6.72418e-06 -8.53572e-06 2.27783e-06 -0.000213482 0.000168174
27.56 -1.64462e-07 1.45657e-05 -5.43379e-06 -4.32326e-06 -0.000135901 0.000364294
27.58 -3.56693e-07 2.1995e-05 -2.06286e-06 -1.00584e-05 -5.1593e-05 0.000550104
27.6 -5.27729e-07 2.86526e-05 1.15571e-06 -1.53057e-05 2.89048e-05 0.000716613
27.62 -6.71655e-07 3.41693e-05 4.03926e-06 -2.0398e-05 0.000101024 0.00085459
27.64 -7.84975e-07 3.82289e-05 6.63999e-06 -2.55484e-05 0.000166069 0.000956121
27.66 -8.6708e-07 4.06747e-05 8.93345e-06 -3.07328e-05 0.000223429 0.00101729
27.68 -9.19787e-07 4.15387e-05 1.07527e-05 -3.56162e-05 0.000268931 0.0010389
27.7 -9.4597e-07 4.09716e-05 1.1921e-05 -3.9602e-05 0.000298148 0.00102472
27.72 -9.48112e-07 3.91633e-05 1.23357e-05 -4.19793e-05 0.00030852 0.00097949
27.74 -9.2732e-07 3.62927e-05 1.19828e-05 -4.2128e-05 0.000299695 0.000907696
27.76 -8.83012e-07 3.2489e-05 1.09154e-05 -3.97112e-05 0.000272997 0.000812562
27.78 -8.13165e-07 2.78221e-05 9.17014e-06 -3.47613e-05 0.000229349 0.000695842
27.8 -7.15409e-07 2.23519e-05 6.75433e-06 -2.76596e-05 0.000168929 0.00055903
27.82 -5.88074e-07 1.61751e-05 3.86775e-06 -1.9094e-05 9.67339e-05 0.000404546
27.84 -4.32243e-07 9.41049e-06 9.85847e-07 -1.00068e-05 2.46565e-05 0.00023536
27.86 -2.54569e-07 2.18441e-06 -1.61236e-06 -1.3944e-06 -4.03259e-05 5.46331e-05
27.88 -6.66571e-08 -5.31035e-06 -4.20423e-06 6.06234e-06 -0.000105149 -0.000132814
27.9 1.19481e-07 -1.27652e-05 -7.15048e-06 1.22298e-05 -0.000178836 -0.000319264
27.92 2.95054e-07 -1.98216e-05 -1.03268e-05 1.73877e-05 -0.000258278 -0.000495747
27.94 4.53946e-07 -2.61756e-05 -1.33373e-05 2.19473e-05 -0.000333572 -0.000654664
27.96 5.91117e-07 -3.16024e-05 -1.60031e-05 2.63022e-05 -0.000400245 -0.00079039
27.98 7.03023e-07 -3.59284e-05 -1.83629e-05 3.07567e-05 -0.000459265 -0.000898584
28 7.88666e-07 -3.90316e-05 -2.04031e-05 3.53977e-05 -0.000510291 -0.000976197
28.02 8.48984e-07 -4.08597e-05 -2.20011e-05 3.99793e-05 -0.000550256 -0.00102192
28.04 8.85117e-07 -4.14194e-05 -2.304e-05 4.39372e-05 -0.000576241 -0.00103592
28.06 8.97263e-07 -4.07461e-05 -2.34695e-05 4.65399e-05 -0.000586983 -0.00101908
28.08 8.84727e-07 -3.88851e-05 -2.32953e-05 4.71242e-05 -0.000582625 -0.000972533
28.1 8.46693e-07 -3.58885e-05 -2.25562e-05 4.53191e-05 -0.00056414 -0.000897585
28.12 7.82686e-07 -3.18208e-05 -2.12629e-05 4.11497e-05 -0.000531793 -0.000795851
28.14 6.92894e-07 -2.67776e-05 -1.93668e-05 3.49956e-05 -0.000484372 -0.000669718
28.16 5.77896e-07 -2.09067e-05 -1.69304e-05 2.74907e-05 -0.000423436 -0.000522885
28.18 4.39162e-07 -1.44053e-05 -1.42871e-05 1.94439e-05 -0.000357325 -0.000360282
28.2 2.81346e-07 -7.49714e-06 -1.17543e-05 1.17084e-05 -0.000293981 -0.000187507
28.22 1.13127e-07 -4.26586e-07 -9.25048e-06 4.91838e-06 -0.000231358 -1.06691e-05
28.24 -5.54804e-08 6.54e-06 -6.51803e-06 -7.34332e-07 -0.000163019 0.000163568
28.26 -2.1659e-07 1.31413e-05 -3.61062e-06 -5.45795e-06 -9.0303e-05 0.00032867
28.28 -3.6491e-07 1.91513e-05 -8.5354e-07 -9.63177e-06 -2.13474e-05 0.000478982
28.3 -4.96186e-07 2.43738e-05 1.54641e-06 -1.36263e-05 3.86764e-05 0.0006096
28.32 -6.06578e-07 2.86294e-05 3.59829e-06 -1.77064e-05 8.99948e-05 0.000716032
28.34 -6.9332e-07 3.17676e-05 5.33557e-06 -2.19345e-05 0.000133445 0.00079452
28.36 -7.55115e-07 3.36871e-05 6.71491e-06 -2.60956e-05 0.000167943 0.00084253
28.38 -7.91777e-07 3.43395e-05 7.66568e-06 -2.97181e-05 0.000191722 0.000858844
28.4 -8.03654e-07 3.37273e-05 8.13016e-06 -3.21918e-05 0.000203339 0.000843534
28.42 -7.91256e-07 3.1912e-05 8.05639e-06 -3.2947e-05 0.000201494 0.000798132
28.44 -7.55058e-07 2.90167e-05 7.40622e-06 -3.16342e-05 0.000185233 0.00072572
28.46 -6.9519e-07 2.52073e-05 6.17301e-06 -2.8228e-05 0.00015439 0.000630444
28.48 -6.11592e-07 2.06596e-05 4.39104e-06 -2.30176e-05 0.000109822 0.000516705
28.5 -5.04356e-07 1.55393e-05 2.19975e-06 -1.65283e-05 5.50167e-05 0.000388644
28.52 -3.7467e-07 9.99583e-06 -1.29387e-07 -9.43768e-06 -3.23603e-06 0.00025
28.54 -2.26691e-07 4.1661e-06 -2.41846e-06 -2.46042e-06 -6.04867e-05 0.000104196
28.56 -6.79337e-08 -1.80751e-06 -4.79741e-06 3.84693e-06 -0.000119985 -4.52066e-05
28.58 9.29974e-08 -7.75554e-06 -7.46549e-06 9.25534e-06 -0.000186715 -0.000193969
28.6 2.49026e-07 -1.34817e-05 -1.03234e-05 1.38544e-05 -0.000258193 -0.000337182
28.62 3.94826e-07 -1.8774e-05 -1.30606e-05 1.79076e-05 -0.00032665 -0.000469545
28.64 5.25716e-07 -2.34083e-05 -1.54808e-05 2.17219e-05 -0.000387181 -0.000585452
