0.02 2.03607e-12 1.58142e-11 -1.3434e-09 1.60799e-11 -3.35989e-08 3.95519e-10
0.04 2.06931e-11 3.01837e-10 -1.62165e-08 1.74387e-10 -4.05581e-07 7.54907e-09
0.06 7.89839e-11 2.74967e-09 -7.50197e-08 7.93175e-10 -1.87627e-06 6.87703e-08
0.08 9.96578e-11 1.40134e-08 -1.87833e-07 2.14691e-09 -4.69778e-06 3.50481e-07
0.1 -2.78087e-10 5.07468e-08 -2.77558e-07 4.26419e-09 -6.94184e-06 1.2692e-06
0.12 -1.59431e-09 1.43969e-07 -2.03583e-07 7.26272e-09 -5.09168e-06 3.60072e-06
0.14 -3.95245e-09 3.20247e-07 9.85343e-08 1.05301e-08 2.46438e-06 8.00952e-06
0.16 -6.46304e-09 5.46652e-07 5.27125e-07 9.5098e-09 1.31836e-05 1.3672e-05
0.18 -7.56257e-09 6.9677e-07 9.01301e-07 -5.66894e-09 2.25419e-05 1.74265e-05
0.2 -6.10647e-09 6.12907e-07 1.12169e-06 -4.50252e-08 2.80539e-05 1.53291e-05
0.22 -2.29186e-09 2.40633e-07 1.21823e-06 -1.1071e-07 3.04685e-05 6.01833e-06
0.24 2.34894e-09 -2.88341e-07 1.26055e-06 -1.94624e-07 3.15269e-05 -7.21153e-06
0.26 5.8872e-09 -7.37724e-07 1.27075e-06 -2.83796e-07 3.17819e-05 -1.84508e-05
0.28 7.14992e-09 -9.71302e-07 1.24235e-06 -3.66865e-07 3.10718e-05 -2.42927e-05
0.3 6.15341e-09 -1.05926e-06 1.21875e-06 -4.35359e-07 3.04815e-05 -2.64925e-05
0.32 3.56256e-09 -1.13759e-06 1.31695e-06 -4.81935e-07 3.29375e-05 -2.84515e-05
0.34 -4.32991e-11 -1.20485e-06 1.65052e-06 -5.01658e-07 4.12801e-05 -3.01338e-05
0.36 -4.10114e-09 -1.15072e-06 2.21108e-06 -4.96242e-07 5.53e-05 -2.87799e-05
0.38 -7.28001e-09 -9.63809e-07 2.81476e-06 -4.76112e-07 7.03984e-05 -2.41053e-05
0.4 -7.33187e-09 -7.94402e-07 3.18008e-06 -4.59125e-07 7.95352e-05 -1.98683e-05
0.42 -2.4333e-09 -8.00996e-07 3.09845e-06 -4.67872e-07 7.74934e-05 -2.00332e-05
0.44 7.19034e-09 -1.04331e-06 2.57237e-06 -5.23032e-07 6.4336e-05 -2.60937e-05
0.46 1.91226e-08 -1.52895e-06 1.8296e-06 -6.29869e-07 4.5759e-05 -3.82396e-05
0.48 2.98583e-08 -2.20118e-06 1.22002e-06 -7.66008e-07 3.05133e-05 -5.50524e-05
0.5 3.58673e-08 -2.79468e-06 1.02462e-06 -8.86111e-07 2.56262e-05 -6.98961e-05
0.52 3.48834e-08 -2.86192e-06 1.2252e-06 -9.47866e-07 3.06428e-05 -7.15778e-05
0.54 2.79571e-08 -2.16516e-06 1.42846e-06 -9.43268e-07 3.57263e-05 -5.41514e-05
0.56 2.01734e-08 -1.08552e-06 1.15185e-06 -9.09848e-07 2.88082e-05 -2.71492e-05
0.58 1.74839e-08 -5.00992e-07 3.0875e-07 -9.05988e-07 7.72196e-06 -1.253e-05
0.6 2.14226e-08 -1.05257e-06 -6.13771e-07 -9.61155e-07 -1.53507e-05 -2.63252e-05
0.62 2.69556e-08 -2.41834e-06 -9.47708e-07 -1.042e-06 -2.37026e-05 -6.04837e-05
0.64 2.62005e-08 -3.43422e-06 -4.57606e-07 -1.07097e-06 -1.14449e-05 -8.58914e-05
0.66 1.50273e-08 -3.15015e-06 4.29166e-07 -9.82751e-07 1.07336e-05 -7.87865e-05
0.68 -3.38258e-09 -1.75846e-06 1.00906e-06 -7.64737e-07 2.5237e-05 -4.39799e-05
0.7 -2.15971e-08 -3.03327e-07 9.63474e-07 -4.5298e-07 2.40969e-05 -7.58634e-06
0.72 -3.5007e-08 4.65884e-07 6.97121e-07 -1.00192e-07 1.74353e-05 1.1652e-05
0.74 -4.55589e-08 6.95295e-07 1.01223e-06 2.58195e-07 2.53162e-05 1.73896e-05
0.76 -5.78911e-08 9.34117e-07 2.35534e-06 6.23743e-07 5.89081e-05 2.33627e-05
0.78 -7.27272e-08 1.42596e-06 4.30655e-06 1.02684e-06 0.000107709 3.56639e-05
0.8 -8.57862e-08 2.0248e-06 5.82743e-06 1.49161e-06 0.000145746 5.06411e-05
0.82 -9.29419e-08 2.48932e-06 6.12011e-06 2.00493e-06 0.000153067 6.2259e-05
0.84 -9.48752e-08 2.63838e-06 5.37968e-06 2.5239e-06 0.000134548 6.5987e-05
0.86 -9.67766e-08 2.45897e-06 4.74288e-06 3.01441e-06 0.000118621 6.14999e-05
0.88 -1.0453e-07 2.29401e-06 5.34264e-06 3.47534e-06 0.000133622 5.73742e-05
0.9 -1.19925e-07 2.69373e-06 7.19576e-06 3.91951e-06 0.000179969 6.73714e-05
0.92 -1.37216e-07 3.74895e-06 9.00208e-06 4.33478e-06 0.000225146 9.37629e-05
0.94 -1.45163e-07 4.6645e-06 9.23086e-06 4.6704e-06 0.000230868 0.000116661
0.96 -1.35962e-07 4.35365e-06 7.57142e-06 4.86481e-06 0.000189364 0.000108887
0.98 -1.13767e-07 2.58157e-06 5.33635e-06 4.88912e-06 0.000133464 6.45662e-05
1 -9.27478e-08 3.25231e-07 4.44638e-06 4.76702e-06 0.000111206 8.13417e-06
1.02 -8.53102e-08 -1.20674e-06 6.18715e-06 4.55819e-06 0.000154743 -3.0181e-05
1.04 -9.1388e-08 -1.74163e-06 1.02936e-05 4.33455e-06 0.000257447 -4.35588e-05
1.06 -9.61208e-08 -1.68808e-06 1.35543e-05 4.16213e-06 0.000339 -4.22197e-05
1.08 -7.81116e-08 -1.032e-06 1.04941e-05 4.03393e-06 0.000262461 -2.58108e-05
1.1 -2.93132e-08 5.34926e-07 -7.76753e-07 3.77797e-06 -1.94269e-05 1.33787e-05
1.12 2.95847e-08 2.49452e-06 -1.38788e-05 3.13354e-06 -0.000347115 6.2389e-05
1.14 6.49109e-08 3.50311e-06 -1.89876e-05 2.02075e-06 -0.000474889 8.76142e-05
1.16 6.51919e-08 2.73359e-06 -1.27459e-05 6.76737e-07 -0.00031878 6.83682e-05
1.18 5.15572e-08 8.50339e-07 -1.9933e-06 -5.31694e-07 -4.98532e-05 2.12673e-05
1.2 5.32327e-08 -6.10549e-07 2.74381e-06 -1.37798e-06 6.86238e-05 -1.52701e-05
1.22 7.81588e-08 -8.72193e-07 -2.27372e-06 -1.89295e-06 -5.68668e-05 -2.18139e-05
1.24 1.05172e-07 -5.12357e-07 -1.05961e-05 -2.33321e-06 -0.000265014 -1.28143e-05
1.26 1.05894e-07 -2.48655e-07 -1.34804e-05 -3.00438e-06 -0.000337151 -6.21895e-06
1.28 7.7371e-08 5.94535e-08 -9.76527e-06 -4.00355e-06 -0.000244234 1.48696e-06
1.3 4.59496e-08 6.12075e-07 -5.83492e-06 -5.13518e-06 -0.000145934 1.53083e-05
1.32 3.52686e-08 6.99742e-07 -6.72955e-06 -6.07203e-06 -0.000168309 1.75008e-05
1.34 3.93494e-08 -4.47611e-07 -1.01159e-05 -6.52017e-06 -0.000253003 -1.11949e-05
1.36 3.08848e-08 -2.2139e-06 -9.4941e-06 -6.29024e-06 -0.000237451 -5.53705e-05
1.38 -9.89526e-09 -3.17043e-06 -1.04461e-06 -5.37345e-06 -2.6126e-05 -7.92937e-05
1.4 -7.4597e-08 -3.08299e-06 1.28974e-05 -3.93312e-06 0.00032257 -7.71068e-05
1.42 -1.28059e-07 -2.85931e-06 2.38931e-05 -2.14284e-06 0.000597577 -7.15124e-05
1.44 -1.33047e-07 -2.32047e-06 2.18108e-05 -1.61341e-07 0.000545498 -5.8036e-05
1.46 -8.74255e-08 -4.92247e-08 5.13659e-06 1.67313e-06 0.000128468 -1.23113e-06
1.48 -3.77462e-08 3.92967e-06 -1.3254e-05 2.92396e-06 -0.000331488 9.82826e-05
1.5 -3.72127e-08 7.16007e-06 -1.69336e-05 3.54359e-06 -0.000423515 0.000179076
1.52 -8.63344e-08 7.25733e-06 -3.43583e-06 4.05325e-06 -8.59315e-05 0.000181509
1.54 -1.34315e-07 4.33656e-06 1.35153e-05 5.0614e-06 0.000338023 0.000108459
1.56 -1.4096e-07 6.84914e-07 1.96223e-05 6.76528e-06 0.000490762 1.713e-05
1.58 -1.18301e-07 -1.04316e-06 1.39701e-05 8.90457e-06 0.000349397 -2.60898e-05
1.6 -1.08572e-07 5.64879e-07 6.75393e-06 1.08725e-05 0.000168919 1.41279e-05
1.62 -1.3341e-07 4.53764e-06 6.48809e-06 1.1882e-05 0.00016227 0.000113488
1.64 -1.67104e-07 7.72486e-06 1.13919e-05 1.14348e-05 0.000284916 0.000193202
1.66 -1.59072e-07 7.25878e-06 1.24792e-05 9.75459e-06 0.000312111 0.000181545
1.68 -8.82231e-08 3.36436e-06 4.0845e-06 7.57184e-06 0.000102155 8.41439e-05
1.7 6.63002e-09 -6.99142e-07 -9.12695e-06 5.52629e-06 -0.000228269 -1.74858e-05
1.72 5.99051e-08 -1.64982e-06 -1.62081e-05 3.90709e-06 -0.000405371 -4.12627e-05
1.74 4.37022e-08 9.08517e-07 -1.10022e-05 2.72876e-06 -0.00027517 2.27224e-05
1.76 -6.29064e-09 4.06963e-06 1.65593e-06 1.76143e-06 4.14154e-05 0.000101783
1.78 -2.73919e-08 3.98251e-06 1.08502e-05 6.07196e-07 0.000271368 9.96043e-05
1.8 1.21963e-08 -4.07192e-07 9.56025e-06 -1.02385e-06 0.000239106 -1.0184e-05
1.82 8.79645e-08 -5.57412e-06 -3.05418e-07 -3.14341e-06 -7.63864e-06 -0.000139411
1.84 1.44657e-07 -6.47939e-06 -1.09197e-05 -5.60397e-06 -0.000273106 -0.000162052
1.86 1.48531e-07 -2.13509e-06 -1.52957e-05 -8.19841e-06 -0.000382551 -5.33995e-05
1.88 1.18715e-07 2.75653e-06 -1.22171e-05 -1.05782e-05 -0.000305556 6.89419e-05
1.9 1.05905e-07 2.48991e-06 -6.18761e-06 -1.22727e-05 -0.000154755 6.22737e-05
1.92 1.38904e-07 -3.76229e-06 -2.86758e-06 -1.29422e-05 -7.17194e-05 -9.40965e-05
1.94 1.96107e-07 -1.11319e-05 -4.1951e-06 -1.25913e-05 -0.000104921 -0.000278414
1.96 2.30686e-07 -1.3681e-05 -7.6564e-06 -1.15461e-05 -0.00019149 -0.000342168
1.98 2.17945e-07 -9.68961e-06 -9.72005e-06 -1.03013e-05 -0.000243102 -0.000242341
2 1.76e-07 -3.01912e-06 -9.37408e-06 -9.32211e-06 -0.00023445 -7.55095e-05
2.02 1.4596e-07 3.59275e-07 -8.51194e-06 -8.78357e-06 -0.000212887 8.98563e-06
2.04 1.53498e-07 -2.28868e-06 -9.54587e-06 -8.39902e-06 -0.000238746 -5.72407e-05
2.06 1.8391e-07 -7.95463e-06 -1.28239e-05 -7.58166e-06 -0.000320731 -0.000198949
2.08 1.92922e-07 -1.06802e-05 -1.60715e-05 -5.86777e-06 -0.000401956 -0.000267116
2.1 1.47106e-07 -7.06706e-06 -1.63182e-05 -3.23533e-06 -0.000408126 -0.00017675
2.12 5.6528e-08 7.39011e-07 -1.26285e-05 -1.05902e-07 -0.000315843 1.8483e-05
2.14 -3.41704e-08 7.19901e-06 -6.91181e-06 2.88982e-06 -0.000172867 0.00018005
2.16 -8.72967e-08 8.42609e-06 -1.82238e-06 5.22827e-06 -4.55786e-05 0.00021074
2.18 -1.03815e-07 5.46287e-06 1.92821e-06 6.74309e-06 4.82253e-05 0.000136629
2.2 -1.15771e-07 2.84272e-06 5.7365e-06 7.64875e-06 0.000143472 7.10976e-05
2.22 -1.50557e-07 3.93467e-06 1.07367e-05 8.31937e-06 0.000268529 9.84076e-05
2.24 -2.03358e-07 7.80705e-06 1.58288e-05 9.0198e-06 0.000395884 0.000195257
2.26 -2.4394e-07 1.05854e-05 1.84337e-05 9.78695e-06 0.000461035 0.000264744
2.28 -2.50147e-07 9.40192e-06 1.73346e-05 1.04827e-05 0.000433545 0.000235146
2.3 -2.33353e-07 4.94973e-06 1.45124e-05 1.09328e-05 0.000362962 0.000123795
2.32 -2.28482e-07 7.78001e-07 1.35326e-05 1.10544e-05 0.000338456 1.94581e-05
2.34 -2.59177e-07 2.80222e-07 1.60158e-05 1.08836e-05 0.000400563 7.00847e-06
2.36 -3.14589e-07 3.76493e-06 2.02777e-05 1.04942e-05 0.000507153 9.41625e-05
2.38 -3.57912e-07 8.04873e-06 2.32711e-05 9.91739e-06 0.000582021 0.000201302
2.4 -3.54083e-07 9.18521e-06 2.29527e-05 9.16073e-06 0.000574056 0.000229726
2.42 -2.93729e-07 6.00212e-06 1.90254e-05 8.26525e-06 0.000475834 0.000150116
2.44 -1.98951e-07 1.07181e-06 1.27569e-05 7.28432e-06 0.000319055 2.68064e-05
2.46 -1.06633e-07 -1.82484e-06 6.35417e-06 6.21694e-06 0.00015892 -4.564e-05
2.48 -4.02353e-08 -1.1104e-06 1.53506e-06 5.00344e-06 3.83926e-05 -2.77716e-05
2.5 5.06453e-09 1.63341e-06 -1.80524e-06 3.56892e-06 -4.51499e-05 4.08522e-05
2.52 5.02492e-08 3.52652e-06 -5.20882e-06 1.85273e-06 -0.000130275 8.81999e-05
2.54 1.0795e-07 2.78303e-06 -9.66899e-06 -1.36611e-07 -0.000241825 6.96049e-05
2.56 1.69808e-07 -1.8627e-07 -1.40987e-05 -2.24876e-06 -0.000352613 -4.6587e-06
2.58 2.14763e-07 -3.31464e-06 -1.61831e-05 -4.23457e-06 -0.000404747 -8.29006e-05
2.6 2.29508e-07 -4.65235e-06 -1.52458e-05 -5.91001e-06 -0.000381303 -0.000116357
2.62 2.23101e-07 -4.11196e-06 -1.38721e-05 -7.26399e-06 -0.000346948 -0.000102842
2.64 2.1953e-07 -3.50553e-06 -1.5465e-05 -8.42528e-06 -0.000386785 -8.76748e-05
2.66 2.31864e-07 -4.65417e-06 -2.0048e-05 -9.5423e-06 -0.000501408 -0.000116403
2.68 2.4617e-07 -7.3376e-06 -2.38618e-05 -1.06264e-05 -0.000596793 -0.000183516
2.7 2.36072e-07 -9.03471e-06 -2.36502e-05 -1.1472e-05 -0.000591502 -0.000225962
2.72 1.91373e-07 -7.01955e-06 -2.00924e-05 -1.17941e-05 -0.000502519 -0.000175562
2.74 1.28226e-07 -1.34065e-06 -1.62343e-05 -1.14692e-05 -0.000406027 -3.35302e-05
2.76 7.38869e-08 4.32332e-06 -1.3545e-05 -1.05951e-05 -0.000338767 0.000108128
2.78 4.46232e-08 5.66102e-06 -1.05272e-05 -9.33693e-06 -0.00026329 0.000141585
2.8 3.38512e-08 2.10293e-06 -5.03458e-06 -7.7839e-06 -0.000125917 5.25951e-05
2.82 1.80265e-08 -2.4288e-06 2.57583e-06 -5.93232e-06 6.44225e-05 -6.07453e-05
2.84 -2.26782e-08 -3.70685e-06 9.11233e-06 -3.74779e-06 0.000227903 -9.27097e-05
2.86 -8.88223e-08 -1.41374e-06 1.19851e-05 -1.24388e-06 0.000299751 -3.53583e-05
2.88 -1.69793e-07 1.5695e-06 1.28468e-05 1.48937e-06 0.000321304 3.92538e-05
2.9 -2.62185e-07 3.23023e-06 1.6677e-05 4.35919e-06 0.0004171 8.07894e-05
2.92 -3.68382e-07 4.34795e-06 2.66019e-05 7.35175e-06 0.000665326 0.000108744
2.94 -4.75537e-07 6.39528e-06 4.00011e-05 1.04757e-05 0.00100045 0.000159949
2.96 -5.47516e-07 8.83937e-06 4.99379e-05 1.36159e-05 0.00124897 0.000221076
2.98 -5.47596e-07 9.31748e-06 5.05023e-05 1.64754e-05 0.00126308 0.000233034
3 -4.71467e-07 6.1829e-06 4.17459e-05 1.86625e-05 0.00104408 0.000154637
3.02 -3.57922e-07 4.72142e-07 3.03165e-05 1.98708e-05 0.000758228 1.18085e-05
3.04 -2.64863e-07 -4.5612e-06 2.44719e-05 2.00686e-05 0.000612051 -0.000114078
3.06 -2.27238e-07 -5.88914e-06 2.69153e-05 1.95368e-05 0.000673162 -0.00014729
3.08 -2.30753e-07 -3.23852e-06 3.22078e-05 1.86382e-05 0.00080553 -8.09968e-05
3.1 -2.26284e-07 4.8278e-07 3.19371e-05 1.75125e-05 0.000798761 1.20745e-05
3.12 -1.74843e-07 1.76193e-06 2.27827e-05 1.6011e-05 0.000569806 4.40667e-05
3.14 -8.16967e-08 -4.87979e-08 9.4959e-06 1.38597e-05 0.000237496 -1.22046e-06
3.16 1.39814e-08 -2.34881e-06 1.54934e-07 1.08121e-05 3.87495e-06 -5.87447e-05
3.18 8.38873e-08 -2.91723e-06 -1.56339e-06 6.75106e-06 -3.9101e-05 -7.29612e-05
3.2 1.42453e-07 -2.95705e-06 5.08645e-08 1.8115e-06 1.27214e-06 -7.39571e-05
3.22 2.28729e-07 -5.17731e-06 -3.16974e-06 -3.60246e-06 -7.92765e-05 -0.000129487
3.24 3.55414e-07 -9.52539e-06 -1.49891e-05 -9.02794e-06 -0.000374884 -0.000238234
3.26 4.84373e-07 -1.27715e-05 -3.06073e-05 -1.41681e-05 -0.000765502 -0.00031942
3.28 5.61497e-07 -1.2475e-05 -4.13848e-05 -1.88796e-05 -0.00103505 -0.000312004
3.3 5.71105e-07 -9.66654e-06 -4.33472e-05 -2.30389e-05 -0.00108413 -0.000241764
3.32 5.4563e-07 -7.11751e-06 -4.01707e-05 -2.65177e-05 -0.00100469 -0.000178012
3.34 5.25833e-07 -6.25249e-06 -3.83572e-05 -2.92228e-05 -0.000959328 -0.000156377
3.36 5.24537e-07 -6.396e-06 -4.09048e-05 -3.10802e-05 -0.00102305 -0.000159967
3.38 5.27328e-07 -6.30977e-06 -4.5633e-05 -3.20238e-05 -0.0011413 -0.00015781
3.4 5.12869e-07 -5.78847e-06 -4.80574e-05 -3.20198e-05 -0.00120193 -0.000144772
3.42 4.67152e-07 -5.62306e-06 -4.50493e-05 -3.10135e-05 -0.0011267 -0.000140635
3.44 3.87587e-07 -6.08961e-06 -3.66508e-05 -2.88376e-05 -0.000916653 -0.000152304
3.46 2.80654e-07 -5.94054e-06 -2.56161e-05 -2.52829e-05 -0.00064067 -0.000148575
3.48 1.55957e-07 -3.46884e-06 -1.53618e-05 -2.03176e-05 -0.000384205 -8.67571e-05
3.5 2.31676e-08 1.50778e-06 -7.72093e-06 -1.42096e-05 -0.000193104 3.77102e-05
3.52 -1.06354e-07 7.16769e-06 -2.11002e-06 -7.43775e-06 -5.27724e-05 0.000179267
3.54 -2.21209e-07 1.1128e-05 3.49627e-06 -4.93589e-07 8.74431e-05 0.000278317
3.56 -3.17085e-07 1.2143e-05 1.09502e-05 6.30202e-06 0.00027387 0.000303701
3.58 -3.99681e-07 1.08178e-05 2.08464e-05 1.28774e-05 0.000521377 0.000270558
3.6 -4.78085e-07 9.26729e-06 3.20672e-05 1.93145e-05 0.000802013 0.000231779
3.62 -5.54717e-07 9.70248e-06 4.18385e-05 2.56154e-05 0.0010464 0.000242663
3.64 -6.20043e-07 1.23507e-05 4.68989e-05 3.15191e-05 0.00117296 0.000308897
3.66 -6.58049e-07 1.46926e-05 4.59941e-05 3.65465e-05 0.00115033 0.000367467
3.68 -6.63032e-07 1.3789e-05 4.17448e-05 4.02485e-05 0.00104406 0.000344869
3.7 -6.52775e-07 9.91009e-06 3.91082e-05 4.24323e-05 0.000978111 0.000247855
3.72 -6.56827e-07 7.01749e-06 4.10086e-05 4.31743e-05 0.00102564 0.00017551
3.74 -6.84535e-07 8.70095e-06 4.57083e-05 4.26419e-05 0.00114318 0.000217614
3.76 -7.07712e-07 1.39763e-05 4.88089e-05 4.09139e-05 0.00122073 0.000349553
3.78 -6.80182e-07 1.79418e-05 4.71655e-05 3.79376e-05 0.00117963 0.000448731
3.8 -5.75122e-07 1.64921e-05 4.05629e-05 3.36077e-05 0.0010145 0.000412474
3.82 -4.05154e-07 9.83853e-06 3.08134e-05 2.78821e-05 0.000770656 0.000246066
3.84 -2.11774e-07 1.77284e-06 2.0254e-05 2.08822e-05 0.000506561 4.43394e-05
3.86 -3.70453e-08 -3.62441e-06 1.03933e-05 1.29256e-05 0.000259942 -9.06481e-05
3.88 1.00489e-07 -4.8105e-06 1.08754e-06 4.43054e-06 2.71998e-05 -0.000120313
3.9 2.09658e-07 -3.6744e-06 -8.59195e-06 -4.23536e-06 -0.000214888 -9.18982e-05
3.92 3.09779e-07 -4.07876e-06 -1.83527e-05 -1.27718e-05 -0.00045901 -0.000102011
3.94 4.08964e-07 -8.565e-06 -2.63385e-05 -2.08116e-05 -0.000658737 -0.000214214
3.96 4.96467e-07 -1.57466e-05 -3.13322e-05 -2.78768e-05 -0.00078363 -0.00039383
3.98 5.54288e-07 -2.12411e-05 -3.46405e-05 -3.35514e-05 -0.000866374 -0.00053125
4 5.76014e-07 -2.1574e-05 -3.90795e-05 -3.76719e-05 -0.000977395 -0.000539574
4.02 5.74313e-07 -1.72128e-05 -4.61802e-05 -4.03284e-05 -0.00115499 -0.000430499
4.04 5.68615e-07 -1.18561e-05 -5.4464e-05 -4.17122e-05 -0.00136217 -0.000296525
4.06 5.64536e-07 -8.81934e-06 -6.01063e-05 -4.19275e-05 -0.00150328 -0.000220575
4.08 5.46558e-07 -8.07354e-06 -5.93631e-05 -4.08593e-05 -0.0014847 -0.000201923
4.1 4.92141e-07 -6.93065e-06 -5.10508e-05 -3.82139e-05 -0.0012768 -0.000173339
4.12 3.92988e-07 -3.55716e-06 -3.71463e-05 -3.37574e-05 -0.000929045 -8.8966e-05
4.14 2.62556e-07 9.24535e-07 -2.1024e-05 -2.75592e-05 -0.000525819 2.3123e-05
4.16 1.23674e-07 4.16183e-06 -5.2333e-06 -2.00296e-05 -0.000130887 0.000104089
4.18 -9.53969e-09 5.31381e-06 9.07051e-06 -1.17704e-05 0.000226857 0.0001329
4.2 -1.36645e-07 5.06799e-06 2.13837e-05 -3.3742e-06 0.000534814 0.000126753
4.22 -2.61622e-07 3.87633e-06 3.15083e-05 4.75936e-06 0.000788036 9.69487e-05
4.24 -3.8574e-07 1.84501e-06 3.97829e-05 1.25306e-05 0.000994987 4.61444e-05
4.26 -5.1031e-07 5.79024e-08 4.68491e-05 2.00657e-05 0.00117171 1.44816e-06
4.28 -6.37724e-07 2.35522e-07 5.31704e-05 2.7481e-05 0.00132981 5.89051e-06
4.3 -7.63666e-07 2.76926e-06 5.92126e-05 3.46852e-05 0.00148093 6.92603e-05
4.32 -8.71919e-07 6.19782e-06 6.55204e-05 4.13539e-05 0.00163869 0.00015501
4.34 -9.40936e-07 8.73944e-06 7.16479e-05 4.70037e-05 0.00179194 0.000218577
4.36 -9.54346e-07 9.69197e-06 7.53332e-05 5.10879e-05 0.00188412 0.0002424
4.38 -9.06322e-07 9.74569e-06 7.37788e-05 5.31264e-05 0.00184524 0.000243744
4.4 -8.03401e-07 1.06101e-05 6.59983e-05 5.28292e-05 0.00165064 0.000265362
4.42 -6.62743e-07 1.37329e-05 5.36389e-05 5.0113e-05 0.00134153 0.000343467
4.44 -5.0132e-07 1.84686e-05 3.96648e-05 4.50257e-05 0.000992034 0.000461908
4.46 -3.23027e-07 2.15748e-05 2.66601e-05 3.77139e-05 0.000666781 0.000539595
4.48 -1.22864e-07 1.92002e-05 1.63419e-05 2.84866e-05 0.000408717 0.000480206
4.5 9.29532e-08 1.00237e-05 9.65158e-06 1.78561e-05 0.00024139 0.000250696
4.52 2.99414e-07 -3.20226e-06 5.92628e-06 6.43587e-06 0.000148219 -8.00897e-05
4.54 4.70663e-07 -1.52327e-05 2.03789e-06 -5.24714e-06 5.09685e-05 -0.000380976
4.56 6.00304e-07 -2.188e-05 -6.01159e-06 -1.68898e-05 -0.000150352 -0.000547228
4.58 7.02751e-07 -2.28536e-05 -1.96123e-05 -2.8417e-05 -0.000490511 -0.000571578
4.6 8.02616e-07 -2.17828e-05 -3.62146e-05 -3.98133e-05 -0.000905741 -0.000544797
4.62 9.24256e-07 -2.31288e-05 -5.2181e-05 -5.08389e-05 -0.00130507 -0.000578462
4.64 1.0813e-06 -2.8293e-05 -6.67225e-05 -6.08799e-05 -0.00166876 -0.000707619
4.66 1.26722e-06 -3.47147e-05 -8.21703e-05 -6.91255e-05 -0.00205511 -0.00086823
4.68 1.45454e-06 -3.8953e-05 -9.98098e-05 -7.49227e-05 -0.00249628 -0.00097423
4.7 1.6047e-06 -3.99784e-05 -0.000116018 -7.79886e-05 -0.00290165 -0.000999877
4.72 1.68318e-06 -3.90288e-05 -0.000124081 -7.83745e-05 -0.00310331 -0.000976128
4.74 1.6733e-06 -3.72162e-05 -0.000120765 -7.62849e-05 -0.00302039 -0.000930793
4.76 1.58218e-06 -3.41419e-05 -0.000110355 -7.19043e-05 -0.00276003 -0.000853902
4.78 1.43229e-06 -2.82786e-05 -0.00010104 -6.5355e-05 -0.00252705 -0.00070726
4.8 1.24282e-06 -1.81684e-05 -9.72246e-05 -5.68086e-05 -0.00243163 -0.0004544
4.82 1.02051e-06 -3.98103e-06 -9.59432e-05 -4.66142e-05 -0.00239958 -9.95671e-05
4.84 7.72403e-07 1.14663e-05 -9.08233e-05 -3.52839e-05 -0.00227153 0.000286778
4.86 5.23146e-07 2.37179e-05 -7.89284e-05 -2.33368e-05 -0.00197403 0.000593194
4.88 3.07031e-07 2.92747e-05 -6.317e-05 -1.11454e-05 -0.00157991 0.000732173
4.9 1.36178e-07 2.74928e-05 -4.82166e-05 1.1021e-06 -0.00120592 0.000687606
4.92 -1.96479e-08 2.08879e-05 -3.50024e-05 1.33445e-05 -0.000875425 0.000522416
4.94 -2.17102e-07 1.45628e-05 -2.02155e-05 2.55617e-05 -0.000505597 0.000364222
4.96 -4.9971e-07 1.44903e-05 -1.14163e-06 3.76659e-05 -2.85525e-05 0.000362408
4.98 -8.63435e-07 2.41097e-05 2.00424e-05 4.93673e-05 0.00050127 0.000602993
5 -1.24916e-06 4.13449e-05 3.75457e-05 6.01132e-05 0.000939034 0.00103405
5.02 -1.5704e-06 5.93792e-05 4.71812e-05 6.9203e-05 0.00118002 0.0014851
5.04 -1.76176e-06 7.11707e-05 4.9891e-05 7.60294e-05 0.00124779 0.00178001
5.06 -1.81258e-06 7.38886e-05 5.05604e-05 8.02821e-05 0.00126454 0.00184799
5.08 -1.76118e-06 6.98996e-05 5.39154e-05 8.20039e-05 0.00134845 0.00174822
5.1 -1.66201e-06 6.42208e-05 6.13e-05 8.14739e-05 0.00153314 0.00160619
5.12 -1.55636e-06 6.06537e-05 7.08735e-05 7.89527e-05 0.00177258 0.00151697
5.14 -1.46192e-06 5.92858e-05 8.06686e-05 7.44498e-05 0.00201755 0.00148276
5.16 -1.37678e-06 5.71864e-05 9.09481e-05 6.77359e-05 0.00227465 0.00143026
5.18 -1.28747e-06 5.16235e-05 0.000102798 5.86036e-05 0.00257102 0.00129112
5.2 -1.17334e-06 4.2474e-05 0.000114588 4.70871e-05 0.00286588 0.00106229
5.22 -1.00593e-06 3.09928e-05 0.000121208 3.34244e-05 0.00303148 0.000775142
5.24 -7.5143e-07 1.62031e-05 0.00011785 1.79182e-05 0.00294747 0.000405245
5.26 -3.86125e-07 -6.3816e-06 0.000104348 9.72894e-07 0.00260978 -0.000159607
5.28 7.7872e-08 -4.06246e-05 8.5573e-05 -1.66908e-05 0.00214022 -0.00101604
5.3 5.7732e-07 -8.32748e-05 6.78734e-05 -3.39193e-05 0.00169754 -0.00208274
5.32 1.01715e-06 -0.000122404 5.46119e-05 -4.93363e-05 0.00136587 -0.00306138
5.34 1.32418e-06 -0.000144217 4.32512e-05 -6.18661e-05 0.00108173 -0.00360693
5.36 1.48559e-06 -0.000142822 2.59153e-05 -7.136e-05 0.000648153 -0.00357203
5.38 1.53015e-06 -0.000123404 -5.27102e-06 -7.88909e-05 -0.00013183 -0.00308639
5.4 1.50885e-06 -9.55949e-05 -5.10813e-05 -8.60301e-05 -0.00127756 -0.00239087
5.42 1.45991e-06 -6.53739e-05 -0.000103258 -9.32059e-05 -0.00258253 -0.00163503
5.44 1.38521e-06 -3.47868e-05 -0.000150233 -9.90593e-05 -0.0037574 -0.000870033
5.46 1.35015e-06 -1.01483e-05 -0.00018453 -0.000102044 -0.00461518 -0.000253814
5.48 1.49115e-06 -4.11216e-06 -0.000204684 -0.000102305 -0.00511923 -0.000102847
5.5 1.84465e-06 -2.28258e-05 -0.00021165 -0.000101312 -0.00529346 -0.000570883
5.52 2.21806e-06 -5.34715e-05 -0.000205515 -9.96967e-05 -0.00514001 -0.00133735
5.54 2.29062e-06 -7.09921e-05 -0.000186106 -9.61133e-05 -0.00465458 -0.00177554
5.56 1.87911e-06 -5.93143e-05 -0.000155372 -8.86274e-05 -0.00388592 -0.00148348
5.58 1.05879e-06 -2.17835e-05 -0.000117585 -7.68689e-05 -0.00294085 -0.000544813
5.6 4.12939e-08 2.75923e-05 -7.6349e-05 -6.24546e-05 -0.00190952 0.000690095
5.62 -9.92277e-07 7.57874e-05 -3.17975e-05 -4.75019e-05 -0.000795268 0.00189548
5.64 -1.91627e-06 0.000112465 1.73198e-05 -3.30348e-05 0.000433176 0.0028128
5.66 -2.60465e-06 0.00012816 6.76818e-05 -1.87231e-05 0.00169275 0.00320533
5.68 -2.94266e-06 0.000118367 0.000109588 -3.73814e-06 0.00274085 0.00296042
5.7 -2.9125e-06 8.95897e-05 0.000133611 1.24736e-05 0.00334167 0.00224068
5.72 -2.63613e-06 5.74248e-05 0.000138849 3.01276e-05 0.00347267 0.00143622
5.74 -2.30832e-06 3.64858e-05 0.000133381 4.91896e-05 0.0033359 0.000912525
5.76 -2.0764e-06 3.18423e-05 0.00012677 6.89636e-05 0.00317058 0.000796389
5.78 -1.96921e-06 3.9097e-05 0.000122413 8.76565e-05 0.0030616 0.000977832
5.8 -1.9206e-06 5.08707e-05 0.000115865 0.000102897 0.00289782 0.0012723
5.82 -1.84586e-06 6.26559e-05 9.89294e-05 0.000113077 0.00247427 0.00156705
5.84 -1.6935e-06 7.31909e-05 6.55137e-05 0.000118149 0.00163853 0.00183053
5.86 -1.43817e-06 8.05049e-05 1.57657e-05 0.000118872 0.000394307 0.00201346
5.88 -1.05438e-06 8.00018e-05 -4.34316e-05 0.000115258 -0.00108624 0.00200088
5.9 -5.28933e-07 6.85964e-05 -0.000102395 0.000106132 -0.00256094 0.00171562
5.92 9.88246e-08 5.00115e-05 -0.000154418 9.04232e-05 -0.00386206 0.00125081
5.94 7.32052e-07 3.39094e-05 -0.00019776 6.86264e-05 -0.00494605 0.000848088
5.96 1.26505e-06 2.94501e-05 -0.000232217 4.26272e-05 -0.00580783 0.000736559
5.98 1.64062e-06 3.95141e-05 -0.000255701 1.41551e-05 -0.00639519 0.000988264
6 1.87223e-06 5.84097e-05 -0.000264863 -1.63331e-05 -0.00662432 0.00146085
6.02 2.02427e-06 7.21302e-05 -0.000256912 -4.92433e-05 -0.00642549 0.00180401
6.04 2.16309e-06 6.23536e-05 -0.000230288 -8.44765e-05 -0.0057596 0.00155949
6.06 2.29981e-06 1.65627e-05 -0.000186634 -0.000120377 -0.0046678 0.000414241
6.08 2.35301e-06 -5.91716e-05 -0.000133035 -0.000153718 -0.00332727 -0.00147991
6.1 2.15981e-06 -0.000135673 -7.85949e-05 -0.000180571 -0.00196569 -0.00339323
6.12 1.55782e-06 -0.000173898 -2.79667e-05 -0.000197469 -0.00069946 -0.00434926
6.14 5.20452e-07 -0.00015132 1.77474e-05 -0.000202359 0.00044387 -0.00378458
6.16 -7.44926e-07 -8.12085e-05 5.45871e-05 -0.000195062 0.00136525 -0.00203106
6.18 -1.86507e-06 -6.26513e-06 7.84097e-05 -0.00017704 0.00196106 -0.000156693
6.2 -2.55583e-06 3.08629e-05 9.72659e-05 -0.000150411 0.00243266 0.000771894
6.22 -2.82678e-06 1.66101e-05 0.000134647 -0.000117018 0.00336758 0.000415425
6.24 -2.93381e-06 -2.9872e-05 0.000214306 -7.85075e-05 0.00535987 -0.000747112
6.26 -3.13943e-06 -7.87312e-05 0.000336746 -3.61638e-05 0.00842216 -0.0019691
6.28 -3.51555e-06 -0.000111063 0.000459942 1.04644e-05 0.0115033 -0.00277774
6.3 -3.95676e-06 -0.000120717 0.000506685 6.28008e-05 0.0126724 -0.00301919
6.32 -4.33821e-06 -0.000104859 0.00042459 0.000120334 0.0106192 -0.00262257
6.34 -4.67073e-06 -6.09685e-05 0.000248608 0.000181021 0.00621779 -0.00152485
6.36 -5.10623e-06 7.34881e-06 7.28211e-05 0.000244192 0.00182129 0.000183797
6.38 -5.68586e-06 8.54103e-05 -3.21593e-05 0.000310132 -0.000804317 0.00213615
6.4 -6.16831e-06 0.000150845 -5.58712e-05 0.000374799 -0.00139736 0.00377269
6.42 -6.20834e-06 0.000183812 -6.07934e-05 0.000428064 -0.00152047 0.00459723
6.44 -5.61839e-06 0.000175793 -7.45382e-05 0.000460915 -0.00186423 0.00439665
6.46 -4.50941e-06 0.000134756 -4.65438e-05 0.000469758 -0.00116408 0.00337029
6.48 -3.16891e-06 8.31467e-05 4.70536e-05 0.000453156 0.00117683 0.00207953
6.5 -1.6493e-06 4.13423e-05 0.000154085 0.000412316 0.00385373 0.00103399
6.52 2.17348e-07 1.59532e-05 0.000167648 0.000356053 0.00419296 0.000398997
6.54 2.47433e-06 3.41459e-06 2.33372e-05 0.000299326 0.000583673 8.54004e-05
6.56 4.79569e-06 -2.38037e-06 -0.000229594 0.0002548 -0.00574225 -5.9534e-05
6.58 6.29999e-06 4.79576e-07 -0.000463611 0.000226538 -0.0115951 1.19944e-05
6.6 6.49838e-06 1.73933e-05 -0.000581467 0.000208448 -0.0145427 0.000435013
6.62 5.6525e-06 3.92859e-05 -0.000577213 0.000186758 -0.0144363 0.000982556
6.64 4.45665e-06 4.1394e-05 -0.000505161 0.00014691 -0.0126343 0.00103528
6.66 3.64063e-06 7.41488e-06 -0.00041303 8.18815e-05 -0.01033 0.000185449
6.68 3.36949e-06 -4.88222e-05 -0.000309846 -4.27343e-06 -0.00774939 -0.00122106
6.7 3.44483e-06 -9.53015e-05 -0.000184586 -0.000100366 -0.00461658 -0.00238353
6.72 3.67992e-06 -0.000112043 -4.29793e-05 -0.000194638 -0.00107493 -0.00280224
6.74 4.09561e-06 -0.000103572 7.92809e-05 -0.000278085 0.00198285 -0.00259038
6.76 4.7471e-06 -8.56923e-05 0.000139384 -0.000344256 0.00348605 -0.0021432
6.78 5.54658e-06 -6.86066e-05 0.000119005 -0.000388316 0.00297637 -0.00171588
6.8 6.23403e-06 -5.37774e-05 3.19402e-05 -0.000407818 0.000798838 -0.001345
6.82 6.49366e-06 -4.06305e-05 -9.06573e-05 -0.000405911 -0.00226738 -0.00101619
6.84 5.99865e-06 -3.11364e-05 -0.000209547 -0.000392247 -0.00524086 -0.000778734
6.86 4.60881e-06 -2.84014e-05 -0.000280434 -0.00037639 -0.00701377 -0.000710331
6.88 2.64308e-06 -3.34271e-05 -0.000276172 -0.000360747 -0.00690719 -0.000836027
6.9 6.0159e-07 -4.37198e-05 -0.000199415 -0.000343673 -0.00498745 -0.00109345
6.92 -9.8216e-07 -5.32736e-05 -7.11009e-05 -0.000326774 -0.00177826 -0.0013324
6.94 -1.9796e-06 -5.38973e-05 7.46341e-05 -0.000313615 0.00186663 -0.00134799
6.96 -3.08271e-06 -4.02894e-05 0.000199592 -0.000303143 0.00499188 -0.00100765
6.98 -3.72512e-06 -1.76058e-05 0.000283007 -0.000288912 0.00707811 -0.000440328
7 -3.34511e-06 -1.83945e-06 0.0003292 -0.000262704 0.00823344 -4.60054e-05
7.02 -2.51365e-06 -6.46845e-06 0.000350718 -0.000217192 0.00877161 -0.000161779
7.04 -1.58193e-06 -2.74279e-05 0.00035176 -0.0001492 0.00879767 -0.000685983
7.06 -9.56763e-07 -4.36201e-05 0.000328837 -6.18739e-05 0.00822434 -0.00109096
7.08 -8.64511e-07 -3.49296e-05 0.000279923 3.7445e-05 0.00700098 -0.000873604
7.1 -1.39574e-06 1.00127e-06 0.000211861 0.000139216 0.00529873 2.50422e-05
7.12 -2.41645e-06 4.99091e-05 0.000141351 0.000231173 0.00353524 0.00124825
7.14 -3.62648e-06 9.45191e-05 8.72526e-05 0.000300308 0.00218222 0.00236396
7.16 -4.67355e-06 0.000126059 5.99092e-05 0.000338697 0.00149835 0.0031528
7.18 -5.23297e-06 0.000144787 5.79773e-05 0.000347427 0.00145004 0.00362119
7.2 -5.05322e-06 0.000152427 7.54963e-05 0.000334274 0.00188819 0.00381225
7.22 -4.14643e-06 0.000146432 0.000110486 0.000308336 0.0027633 0.00366233
7.24 -2.69205e-06 0.000121914 0.000161627 0.000277902 0.00404235 0.00304912
7.26 -8.97378e-07 7.81477e-05 0.00021423 0.00025054 0.00535797 0.00195451
7.28 9.75669e-07 2.38864e-05 0.000236266 0.000230922 0.00590911 0.000597408
7.3 2.63202e-06 -2.35638e-05 0.000196763 0.000218694 0.00492111 -0.00058934
7.32 3.72448e-06 -4.67532e-05 9.06051e-05 0.000210146 0.00226607 -0.00116932
7.34 3.97387e-06 -3.76746e-05 -5.68221e-05 0.000200806 -0.00142115 -0.000942256
7.36 3.40536e-06 -1.12664e-06 -0.000207016 0.000185048 -0.00517757 -2.81778e-05
7.38 2.33878e-06 4.82707e-05 -0.000325802 0.000154822 -0.00814844 0.00120727
7.4 1.24414e-06 9.20891e-05 -0.000389874 0.000102225 -0.00975092 0.00230319
7.42 5.94217e-07 0.000115356 -0.00039036 2.58658e-05 -0.00976308 0.00288511
7.44 6.75862e-07 0.000112457 -0.000336828 -6.52518e-05 -0.00842421 0.0028126
7.46 1.52762e-06 8.74121e-05 -0.000253355 -0.000155556 -0.00633651 0.00218621
7.48 2.94418e-06 4.87863e-05 -0.00016505 -0.000231308 -0.00412798 0.00122017
7.5 4.56223e-06 5.31457e-06 -8.75e-05 -0.000285711 -0.00218841 0.00013292
7.52 5.9657e-06 -3.48112e-05 -2.80579e-05 -0.000317843 -0.00070174 -0.000870641
7.54 6.78649e-06 -6.44432e-05 6.71431e-06 -0.000329232 0.000167928 -0.00161175
7.56 6.79696e-06 -8.03518e-05 6.98673e-06 -0.000322345 0.000174741 -0.00200963
7.58 5.98041e-06 -8.48192e-05 -3.4738e-05 -0.000301233 -0.000868811 -0.00212136
7.6 4.49477e-06 -8.23006e-05 -0.000107749 -0.000271491 -0.00269485 -0.00205837
7.62 2.5849e-06 -7.48938e-05 -0.000173127 -0.000238006 -0.00432998 -0.00187313
7.64 5.31574e-07 -6.2696e-05 -0.000181749 -0.000203015 -0.00454563 -0.00156805
7.66 -1.35372e-06 -4.7736e-05 -0.000112251 -0.000167501 -0.00280744 -0.0011939
7.68 -2.74444e-06 -3.52713e-05 1.09593e-05 -0.000133829 0.000274097 -0.000882149
7.7 -3.32032e-06 -3.12135e-05 0.000140356 -0.000104718 0.00351036 -0.000780663
7.72 -2.8878e-06 -3.90641e-05 0.000241378 -7.88696e-05 0.00603696 -0.000977008
7.74 -1.7169e-06 -5.67701e-05 0.000304275 -4.86976e-05 0.00761004 -0.00141984
7.76 -3.25325e-07 -7.42412e-05 0.000330315 -4.23952e-06 0.00826132 -0.0018568
7.78 8.00892e-07 -7.7292e-05 0.000319303 5.88541e-05 0.00798591 -0.00193311
7.8 1.28444e-06 -5.8053e-05 0.000271954 0.000134581 0.00680169 -0.00145193
7.82 1.01976e-06 -2.05001e-05 0.000196824 0.000209584 0.00492266 -0.000512716
7.84 1.26069e-07 2.43669e-05 0.000111014 0.000270359 0.00277651 0.000609427
7.86 -1.12884e-06 6.54834e-05 3.56597e-05 0.000308369 0.000891865 0.00163777
7.88 -2.43478e-06 9.42886e-05 -9.90876e-06 0.000320819 -0.000247822 0.0023582
7.9 -3.47864e-06 0.000105694 -1.33671e-05 0.000309259 -0.000334316 0.00264345
7.92 -3.99178e-06 0.000100554 2.81159e-05 0.000278569 0.00070319 0.0025149
7.94 -3.83379e-06 8.61375e-05 0.000103985 0.000236372 0.00260071 0.00215433
7.96 -3.00323e-06 7.08596e-05 0.000182595 0.000191347 0.00456678 0.00177223
7.98 -1.59849e-06 5.77127e-05 0.000216398 0.000150336 0.00541221 0.00144342
8 1.68254e-07 4.46284e-05 0.000171197 0.000116404 0.0042817 0.00111617
8.02 1.95597e-06 3.12823e-05 5.54741e-05 8.94409e-05 0.00138743 0.000782385
8.04 3.36609e-06 2.28911e-05 -8.42798e-05 6.7876e-05 -0.00210787 0.000572515
8.06 4.08864e-06 2.57952e-05 -0.000199456 4.89356e-05 -0.00498849 0.000645148
8.08 3.92811e-06 4.00297e-05 -0.000268313 2.75863e-05 -0.00671063 0.00100116
8.1 3.10753e-06 5.7585e-05 -0.000294057 -2.63982e-06 -0.00735449 0.00144023
8.12 2.07781e-06 6.81388e-05 -0.000286309 -4.54785e-05 -0.00716071 0.00170418
8.14 1.20243e-06 6.60654e-05 -0.000251292 -9.79066e-05 -0.00628492 0.00165232
8.16 7.71982e-07 5.29444e-05 -0.000195426 -0.000151058 -0.00488769 0.00132416
8.18 9.03258e-07 3.41631e-05 -0.000130755 -0.000195784 -0.00327024 0.000854434
8.2 1.59287e-06 1.32324e-05 -7.45263e-05 -0.000227301 -0.00186393 0.000330949
8.22 2.70282e-06 -1.04801e-05 -4.34115e-05 -0.000244983 -0.00108574 -0.00026211
8.24 3.98461e-06 -3.90494e-05 -4.5832e-05 -0.000249149 -0.00114628 -0.000976641
8.26 5.0989e-06 -7.17086e-05 -7.76492e-05 -0.000239224 -0.00194204 -0.00179346
8.28 5.69295e-06 -0.000102904 -0.000124006 -0.000214891 -0.00310144 -0.00257366
8.3 5.51414e-06 -0.000124051 -0.000163776 -0.000178313 -0.00409611 -0.00310256
8.32 4.5127e-06 -0.000127978 -0.00017594 -0.000134885 -0.00440034 -0.00320079
8.34 2.86991e-06 -0.000113136 -0.000150273 -9.20588e-05 -0.00375839 -0.00282958
8.36 9.3256e-07 -8.43484e-05 -9.44628e-05 -5.72459e-05 -0.00236255 -0.00210959
8.38 -9.32962e-07 -4.94812e-05 -2.70482e-05 -3.57014e-05 -0.000676488 -0.00123755
8.4 -2.4562e-06 -1.562e-05 3.77264e-05 -2.88521e-05 0.000943552 -0.000390664
8.42 -3.29804e-06 1.17028e-05 9.68992e-05 -3.35649e-05 0.00242349 0.000292691
8.44 -3.28001e-06 2.61321e-05 0.000152149 -4.20747e-05 0.0038053 0.000653574
8.46 -2.55367e-06 1.9997e-05 0.000199221 -4.26356e-05 0.0049826 0.000500134
8.48 -1.35655e-06 -7.93986e-06 0.000226496 -2.35813e-05 0.00566475 -0.000198579
8.5 -1.03401e-07 -4.45006e-05 0.000224748 1.87961e-05 0.00562104 -0.00111298
8.52 6.92696e-07 -6.74572e-05 0.000196851 7.53779e-05 0.00492332 -0.00168713
8.54 6.80402e-07 -6.14235e-05 0.000156481 0.000128933 0.00391365 -0.00153623
8.56 -1.62902e-07 -2.79245e-05 0.000118371 0.000164673 0.0029605 -0.000698404
8.58 -1.55186e-06 1.98703e-05 9.12133e-05 0.000176775 0.00228128 0.000496963
8.6 -3.07914e-06 6.91175e-05 7.81207e-05 0.00016721 0.00195383 0.00172866
8.62 -4.35726e-06 0.000112308 8.02785e-05 0.000141746 0.0020078 0.00280886
8.64 -5.06869e-06 0.000143674 9.70563e-05 0.000107922 0.00242742 0.00359334
8.66 -4.9864e-06 0.000156466 0.000120109 7.431e-05 0.00300397 0.00391327
8.68 -4.02554e-06 0.000146361 0.000130747 4.84381e-05 0.00327004 0.00366056
8.7 -2.31125e-06 0.000116095 0.000110767 3.39621e-05 0.00277032 0.00290359
8.72 -1.88239e-07 7.52892e-05 5.76665e-05 2.98601e-05 0.00144226 0.00188301
8.74 1.88373e-06 3.59539e-05 -1.3839e-05 3.23839e-05 -0.000346119 0.000899221
8.76 3.50314e-06 7.70367e-06 -8.49777e-05 3.75517e-05 -0.00212533 0.000192672
8.78 4.44335e-06 -4.71834e-06 -0.000144931 4.20743e-05 -0.00362479 -0.000118008
8.8 4.56102e-06 -6.99283e-07 -0.000191552 4.27076e-05 -0.00479079 -1.74894e-05
8.82 3.87714e-06 1.90557e-05 -0.000224703 3.52162e-05 -0.00561991 0.000476591
8.84 2.69103e-06 5.17371e-05 -0.000241432 1.50066e-05 -0.00603832 0.00129397
8.86 1.41541e-06 8.68709e-05 -0.000238222 -1.90908e-05 -0.00595803 0.00217268
8.88 5.14641e-07 0.000106857 -0.000216796 -6.13421e-05 -0.00542216 0.00267254
8.9 3.45925e-07 9.87232e-05 -0.000185327 -0.000101404 -0.00463511 0.00246911
8.92 9.61793e-07 6.41372e-05 -0.000153682 -0.000130811 -0.00384366 0.0016041
8.94 2.13089e-06 1.57912e-05 -0.000129135 -0.000146478 -0.00322973 0.000394944
8.96 3.48686e-06 -3.34945e-05 -0.000116003 -0.000148842 -0.00290128 -0.000837712
8.98 4.67178e-06 -7.61339e-05 -0.000115392 -0.000139224 -0.00288601 -0.00190414
9 5.37591e-06 -0.000107703 -0.000121171 -0.000120141 -0.00303053 -0.0026937
9.02 5.36137e-06 -0.000124429 -0.000118658 -9.6706e-05 -0.0029677 -0.00311201
9.04 4.54333e-06 -0.000124096 -9.50852e-05 -7.56517e-05 -0.00237812 -0.0031037
9.06 3.06712e-06 -0.000107617 -5.28384e-05 -6.21003e-05 -0.00132151 -0.00269154
9.08 1.26778e-06 -7.8691e-05 -6.99692e-06 -5.7249e-05 -0.000174996 -0.00196809
9.1 -4.72923e-07 -4.32804e-05 3.19595e-05 -5.87899e-05 0.000799319 -0.00108246
9.12 -1.85621e-06 -1.01323e-05 6.91705e-05 -6.28347e-05 0.00172998 -0.000253412
9.14 -2.68002e-06 1.02408e-05 0.000117116 -6.52279e-05 0.00292911 0.000256126
9.16 -2.83161e-06 9.94401e-06 0.000177871 -6.13928e-05 0.00444863 0.000248704
9.18 -2.34996e-06 -1.11023e-05 0.000234523 -4.58023e-05 0.00586552 -0.000277674
9.2 -1.421e-06 -4.22631e-05 0.000260909 -1.3872e-05 0.00652544 -0.00105702
9.22 -3.83008e-07 -6.50797e-05 0.000242786 3.32008e-05 0.00607218 -0.00162767
9.24 3.4219e-07 -6.44745e-05 0.000191444 8.58401e-05 0.0047881 -0.00161253
9.26 4.62353e-07 -4.1104e-05 0.000135598 0.000130513 0.00339136 -0.00102803
9.28 -4.53467e-08 -1.13389e-05 9.93494e-05 0.000157804 0.00248477 -0.000283592
9.3 -9.71265e-07 8.35204e-06 8.83474e-05 0.000166621 0.00220961 0.000208888
9.32 -2.04867e-06 1.77923e-05 9.49035e-05 0.000162073 0.00237358 0.000444993
9.34 -3.05743e-06 3.16827e-05 0.000111533 0.000150927 0.00278947 0.000792398
9.36 -3.80112e-06 6.0388e-05 0.0001345 0.000138861 0.00336389 0.00151033
9.38 -4.0414e-06 9.45193e-05 0.000153785 0.00012968 0.00384623 0.00236397
9.4 -3.55408e-06 0.000112127 0.000148982 0.000124681 0.00372611 0.00280435
9.42 -2.31476e-06 0.000100919 0.00010464 0.00012224 0.0026171 0.00252402
9.44 -6.16762e-07 7.04148e-05 2.82403e-05 0.000119007 0.000706301 0.0017611
9.46 1.03733e-06 4.18654e-05 -5.33555e-05 0.00011223 -0.00133444 0.00104707
9.48 2.21679e-06 2.9012e-05 -0.000115956 0.000101042 -0.00290011 0.000725602
9.5 2.75764e-06 3.00853e-05 -0.000153734 8.59091e-05 -0.00384495 0.000752445
9.52 2.69886e-06 3.61616e-05 -0.000174924 6.73116e-05 -0.00437492 0.000904418
9.54 2.19352e-06 4.33917e-05 -0.000187523 4.46861e-05 -0.00469002 0.00108524
9.56 1.4651e-06 5.45257e-05 -0.000192009 1.63948e-05 -0.00480223 0.00136371
9.58 7.52018e-07 6.95537e-05 -0.000185794 -1.85648e-05 -0.00464677 0.00173957
9.6 3.1908e-07 7.97674e-05 -0.000170317 -5.83485e-05 -0.00425969 0.00199501
9.62 3.82759e-07 7.40038e-05 -0.000151787 -9.81252e-05 -0.00379624 0.00185087
9.64 9.89581e-07 4.86791e-05 -0.000136707 -0.000132132 -0.00341909 0.00121748
9.66 1.98224e-06 9.55232e-06 -0.000128326 -0.000155705 -0.00320948 0.000238907
9.68 3.06774e-06 -3.44173e-05 -0.000126446 -0.000166132 -0.00316246 -0.000860791
9.7 3.93349e-06 -7.54857e-05 -0.00012917 -0.000163032 -0.00323059 -0.00188793
9.72 4.332e-06 -0.00010599 -0.000133881 -0.000148795 -0.00334843 -0.00265085
9.74 4.12562e-06 -0.000117588 -0.000135789 -0.000128422 -0.00339614 -0.00294093
9.76 3.31883e-06 -0.000105786 -0.000127627 -0.000107854 -0.003192 -0.00264575
9.78 2.07821e-06 -7.54973e-05 -0.000104372 -9.14674e-05 -0.00261039 -0.00188822
9.8 7.00359e-07 -4.01638e-05 -6.76135e-05 -8.0459e-05 -0.00169104 -0.00100451
9.82 -4.8688e-07 -1.39811e-05 -2.24469e-05 -7.28823e-05 -0.000561407 -0.000349672
9.84 -1.24537e-06 -3.97856e-06 2.87517e-05 -6.46274e-05 0.000719091 -9.95054e-05
9.86 -1.50496e-06 -7.66177e-06 8.53524e-05 -5.05237e-05 0.0021347 -0.000191624
9.88 -1.34041e-06 -1.63619e-05 0.000140681 -2.59253e-05 0.00351849 -0.000409217
9.9 -9.06597e-07 -2.16139e-05 0.000179636 1.0767e-05 0.00449277 -0.000540573
9.92 -3.89665e-07 -2.04862e-05 0.0001883 5.61517e-05 0.00470946 -0.000512369
9.94 2.73192e-08 -1.52909e-05 0.000166374 0.000102652 0.00416109 -0.000382432
9.96 1.79291e-07 -8.18335e-06 0.000128949 0.000141995 0.00322506 -0.000204669
9.98 -4.84563e-08 2.67294e-06 9.58699e-05 0.000168807 0.00239775 6.68514e-05
10 -6.64966e-07 2.04864e-05 7.89933e-05 0.000182008 0.00197566 0.000512374
10.02 -1.53175e-06 4.40288e-05 7.75487e-05 0.000183836 0.00193953 0.00110118
10.04 -2.39381e-06 6.60678e-05 8.33783e-05 0.00017799 0.00208533 0.00165238
10.06 -2.98761e-06 7.86133e-05 9.05925e-05 0.00016815 0.00226576 0.00196615
10.08 -3.15648e-06 7.96527e-05 0.000100576 0.000157197 0.00251545 0.00199215
10.1 -2.88263e-06 7.43541e-05 0.000115362 0.00014672 0.00288525 0.00185963
10.12 -2.2356e-06 6.97418e-05 0.000126264 0.000136712 0.00315791 0.00174427
10.14 -1.31324e-06 6.84113e-05 0.000114977 0.000125818 0.00287562 0.001711
10.16 -2.36547e-07 6.71918e-05 7.00164e-05 0.000112254 0.00175114 0.0016805
10.18 8.23272e-07 6.11887e-05 4.58913e-09 9.46514e-05 1.14776e-07 0.00153035
10.2 1.64851e-06 4.88324e-05 -7.13833e-05 7.2262e-05 -0.00178533 0.00122132
10.22 2.08745e-06 3.33235e-05 -0.000122587 4.50579e-05 -0.00306594 0.000833435
10.24 2.12337e-06 1.97692e-05 -0.000146619 1.42628e-05 -0.00366701 0.000494436
10.26 1.85763e-06 1.09291e-05 -0.000150381 -1.76766e-05 -0.0037611 0.00027334
10.28 1.47979e-06 5.51953e-06 -0.000145649 -4.83122e-05 -0.00364274 0.000138046
10.3 1.19575e-06 4.85851e-07 -0.000140778 -7.6301e-05 -0.00352092 1.21513e-05
10.32 1.15666e-06 -6.02965e-06 -0.000137893 -0.000101094 -0.00344876 -0.000150804
10.34 1.40866e-06 -1.42231e-05 -0.000135464 -0.000121835 -0.00338801 -0.000355726
10.36 1.90154e-06 -2.38861e-05 -0.000133186 -0.000136992 -0.00333104 -0.0005974
10.38 2.52593e-06 -3.50094e-05 -0.000134228 -0.000145096 -0.00335709 -0.000875601
10.4 3.13936e-06 -4.72257e-05 -0.000142256 -0.000145671 -0.00355787 -0.00118113
10.42 3.58106e-06 -5.9185e-05 -0.000156397 -0.000139443 -0.00391154 -0.00148024
10.44 3.70333e-06 -6.86878e-05 -0.000168676 -0.000127907 -0.00421865 -0.00171791
10.46 3.41689e-06 -7.34425e-05 -0.000166025 -0.000112839 -0.00415237 -0.00183683
10.48 2.72853e-06 -7.20004e-05 -0.00013799 -9.60172e-05 -0.00345118 -0.00180076
10.5 1.75867e-06 -6.45345e-05 -8.59102e-05 -7.90454e-05 -0.00214865 -0.00161403
10.52 7.17006e-07 -5.282e-05 -2.32451e-05 -6.28497e-05 -0.00058137 -0.00132105
10.54 -1.84053e-07 -3.89002e-05 3.49645e-05 -4.682e-05 0.000874477 -0.000972911
10.56 -8.22201e-07 -2.34683e-05 8.15679e-05 -2.87651e-05 0.00204005 -0.000586952
10.58 -1.1744e-06 -6.55245e-06 0.000116376 -6.5054e-06 0.00291061 -0.00016388
10.6 -1.27103e-06 9.77614e-06 0.000139869 2.03278e-05 0.00349817 0.000244505
10.62 -1.17156e-06 2.07024e-05 0.000151412 5.02249e-05 0.00378687 0.000517776
10.64 -9.78877e-07 2.20411e-05 0.000152676 8.11067e-05 0.0038185 0.000551258
10.66 -8.40222e-07 1.48796e-05 0.000149047 0.00011118 0.00372773 0.000372145
10.68 -8.92248e-07 6.65898e-06 0.000145808 0.0001387 0.00364673 0.000166544
10.7 -1.19001e-06 6.92324e-06 0.000143804 0.000161563 0.00359661 0.000173153
10.72 -1.6714e-06 2.07012e-05 0.000139576 0.000177568 0.00349086 0.000517745
10.74 -2.17552e-06 4.46531e-05 0.000129628 0.000185106 0.00324206 0.00111679
10.76 -2.50633e-06 6.91635e-05 0.000114808 0.000183745 0.0028714 0.00172981
10.78 -2.52021e-06 8.49289e-05 9.95811e-05 0.000174459 0.00249057 0.00212411
10.8 -2.16636e-06 8.8718e-05 8.53342e-05 0.000159355 0.00213424 0.00221887
10.82 -1.47812e-06 8.35138e-05 6.61429e-05 0.000141003 0.00165426 0.00208871
10.84 -5.53806e-07 7.35609e-05 3.3927e-05 0.000121784 0.000848529 0.00183979
10.86 4.59832e-07 6.01478e-05 -1.31259e-05 0.000103341 -0.000328283 0.00150432
10.88 1.39108e-06 4.27945e-05 -6.86751e-05 8.59487e-05 -0.00171759 0.00107031
10.9 2.09072e-06 2.36424e-05 -0.000122998 6.80215e-05 -0.00307624 0.000591307
10.92 2.46491e-06 8.94168e-06 -0.000168165 4.68101e-05 -0.00420589 0.000223635
10.94 2.50624e-06 5.15271e-06 -0.000200271 2.02381e-05 -0.00500885 0.000128872
10.96 2.31022e-06 1.27165e-05 -0.000218914 -1.19137e-05 -0.00547513 0.000318045
10.98 2.04876e-06 2.34045e-05 -0.000224821 -4.83259e-05 -0.00562287 0.000585356
11 1.90299e-06 2.51246e-05 -0.000217699 -8.67606e-05 -0.00544473 0.000628376
11.02 1.98025e-06 1.10421e-05 -0.000197279 -0.000124048 -0.00493402 0.000276168
11.04 2.27411e-06 -1.50655e-05 -0.000167251 -0.000156146 -0.00418301 -0.000376794
11.06 2.68691e-06 -4.19219e-05 -0.000137048 -0.000179145 -0.00342763 -0.00104848
11.08 3.08639e-06 -5.89373e-05 -0.000117976 -0.000190738 -0.00295063 -0.00147405
11.1 3.35363e-06 -6.24378e-05 -0.000116877 -0.000190932 -0.00292315 -0.0015616
11.12 3.40386e-06 -5.61843e-05 -0.000131006 -0.000181618 -0.00327652 -0.00140519
11.14 3.18133e-06 -4.74988e-05 -0.000145212 -0.000165406 -0.00363181 -0.00118796
11.16 2.65839e-06 -4.23836e-05 -0.000137524 -0.000144603 -0.00343954 -0.00106003
11.18 1.86221e-06 -4.22487e-05 -9.5054e-05 -0.000121148 -0.00237734 -0.00105666
11.2 9.02998e-07 -4.39147e-05 -2.51688e-05 -9.69998e-05 -0.000629482 -0.00109832
11.22 -4.84463e-08 -4.30977e-05 5.18845e-05 -7.36677e-05 0.00129765 -0.00107789
11.24 -8.33059e-07 -3.83842e-05 0.000119609 -5.08793e-05 0.00299147 -0.000960005
11.26 -1.36484e-06 -3.16497e-05 0.000171915 -2.6221e-05 0.00429966 -0.000791572
11.28 -1.63629e-06 -2.51511e-05 0.000207285 3.07037e-06 0.0051843 -0.000629038
11.3 -1.68705e-06 -1.90732e-05 0.000223213 3.78955e-05 0.00558264 -0.000477029
11.32 -1.58996e-06 -1.14897e-05 0.00021784 7.69813e-05 0.00544827 -0.000287363
11.34 -1.44123e-06 -1.08243e-07 0.000193493 0.000118038 0.00483933 -2.7072e-06
11.36 -1.33161e-06 1.51996e-05 0.000156858 0.000158415 0.00392309 0.000380148
11.38 -1.31662e-06 3.05594e-05 0.000117529 0.000194864 0.00293945 0.000764303
11.4 -1.40596e-06 3.94241e-05 8.65863e-05 0.000223622 0.00216556 0.000986014
11.42 -1.57538e-06 3.77261e-05 7.32386e-05 0.000241469 0.00183173 0.000943545
11.44 -1.78068e-06 2.87916e-05 8.03784e-05 0.000246888 0.0020103 0.000720089
11.46 -1.96462e-06 2.23795e-05 0.000102502 0.000240312 0.00256362 0.00055972
11.48 -2.05556e-06 2.75543e-05 0.000125288 0.000223528 0.00313349 0.000689144
11.5 -1.95501e-06 4.54904e-05 0.000128769 0.000199013 0.00322058 0.00113773
11.52 -1.56766e-06 6.79091e-05 9.85935e-05 0.000169708 0.00246586 0.00169843
11.54 -8.73904e-07 8.18231e-05 3.75463e-05 0.000138898 0.000939048 0.00204643
11.56 3.36675e-08 7.79388e-05 -3.72065e-05 0.000109452 -0.000930551 0.00194928
11.58 9.83822e-07 5.78453e-05 -0.000109134 8.24733e-05 -0.00272947 0.00144673
11.6 1.80276e-06 3.33654e-05 -0.000171036 5.65787e-05 -0.00427769 0.000834482
11.62 2.36658e-06 1.66617e-05 -0.000219687 2.89197e-05 -0.00549446 0.000416715
11.64 2.62501e-06 1.04474e-05 -0.000249209 -2.79906e-06 -0.00623282 0.000261294
11.66 2.6238e-06 9.02784e-06 -0.00025458 -3.9198e-05 -0.00636715 0.00022579
11.68 2.48414e-06 7.88926e-06 -0.00023855 -7.9441e-05 -0.00596625 0.000197314
11.7 2.33322e-06 9.00458e-06 -0.000210683 -0.000121635 -0.00526927 0.000225208
11.72 2.25936e-06 1.56393e-05 -0.000180365 -0.000162751 -0.00451099 0.000391146
11.74 2.31955e-06 2.44675e-05 -0.000153109 -0.000198698 -0.00382932 0.000611942
11.76 2.54809e-06 2.56183e-05 -0.000132047 -0.000225167 -0.00330256 0.000640726
11.78 2.9256e-06 1.1086e-05 -0.000119838 -0.000238928 -0.0029972 0.000277266
11.8 3.34779e-06 -1.7461e-05 -0.000119374 -0.000238664 -0.0029856 -0.000436707
11.82 3.65423e-06 -4.91202e-05 -0.000133096 -0.000225049 -0.00332877 -0.00122852
11.84 3.69123e-06 -7.15236e-05 -0.000156737 -0.000200482 -0.00392006 -0.00178884
11.86 3.35349e-06 -7.87362e-05 -0.000172342 -0.000168683 -0.00431034 -0.00196922
11.88 2.62491e-06 -7.30432e-05 -0.000155688 -0.000134121 -0.00389382 -0.00182684
11.9 1.61455e-06 -6.06073e-05 -9.64254e-05 -0.000101205 -0.00241164 -0.00151581
11.92 5.39306e-07 -4.63924e-05 -8.55339e-06 -7.30263e-05 -0.000213924 -0.00116029
11.94 -3.62693e-07 -3.30922e-05 8.069e-05 -4.99701e-05 0.00201809 -0.00082765
11.96 -9.38411e-07 -2.30414e-05 0.000150144 -2.92991e-05 0.00375516 -0.000576276
11.98 -1.16707e-06 -1.86939e-05 0.000193612 -6.5449e-06 0.00484232 -0.000467542
12 -1.1337e-06 -2.06356e-05 0.000215262 2.20908e-05 0.00538378 -0.000516106
12.02 -9.84899e-07 -2.6166e-05 0.000220841 5.80371e-05 0.00552332 -0.000654422
12.04 -8.77774e-07 -3.02407e-05 0.000212635 0.000100053 0.0053181 -0.000756331
12.06 -9.25081e-07 -2.78191e-05 0.000190181 0.000144702 0.00475651 -0.000695767
12.08 -1.16968e-06 -1.65889e-05 0.000155139 0.000187094 0.0038801 -0.000414895
12.1 -1.58913e-06 1.02487e-06 0.000115805 0.000221989 0.00289633 2.56325e-05
12.12 -2.11133e-06 1.87798e-05 8.56497e-05 0.000245185 0.00214213 0.000469691
12.14 -2.63095e-06 3.10314e-05 7.54975e-05 0.00025474 0.00188822 0.000776109
12.16 -3.03276e-06 3.70096e-05 8.68359e-05 0.000251375 0.0021718 0.000925626
12.18 -3.20757e-06 4.05651e-05 0.000113356 0.000237622 0.00283509 0.00101455
12.2 -3.10339e-06 4.57319e-05 0.000145621 0.000216384 0.00364204 0.00114377
12.22 -2.70979e-06 5.27862e-05 0.000169605 0.000190366 0.00424189 0.0013202
12.24 -2.03046e-06 5.83798e-05 0.000165827 0.000162371 0.00414739 0.0014601
12.26 -1.12613e-06 5.89212e-05 0.000120754 0.000135307 0.0030201 0.00147364
12.28 -1.41164e-07 5.39075e-05 4.07198e-05 0.000111622 0.00101842 0.00134825
12.3 7.2225e-07 4.67438e-05 -5.15756e-05 9.25168e-05 -0.00128993 0.00116908
12.32 1.30398e-06 4.26037e-05 -0.000135561 7.71641e-05 -0.00339044 0.00106554
12.34 1.56968e-06 4.46765e-05 -0.000204042 6.24069e-05 -0.00510317 0.00111738
12.36 1.61594e-06 5.14327e-05 -0.000257144 4.37185e-05 -0.00643129 0.00128635
12.38 1.58542e-06 5.74168e-05 -0.000291518 1.71756e-05 -0.007291 0.00143602
12.4 1.59924e-06 5.69722e-05 -0.000299263 -1.8659e-05 -0.0074847 0.0014249
12.42 1.73587e-06 4.75603e-05 -0.000275944 -6.17604e-05 -0.00690146 0.0011895
12.44 2.02418e-06 3.05292e-05 -0.000227632 -0.000106954 -0.00569317 0.000763548
12.46 2.45092e-06 9.92906e-06 -0.000170529 -0.000147593 -0.00426501 0.00024833
12.48 2.96342e-06 -9.52103e-06 -0.000123891 -0.000177887 -0.00309858 -0.000238125
12.5 3.47307e-06 -2.47994e-05 -0.000100828 -0.000194656 -0.00252174 -0.000620243
12.52 3.86821e-06 -3.58842e-05 -0.000102762 -0.00019784 -0.00257013 -0.00089748
12.54 4.03942e-06 -4.46016e-05 -0.000122462 -0.000189821 -0.00306281 -0.0011155
12.56 3.92466e-06 -5.19565e-05 -0.00015296 -0.000174145 -0.0038256 -0.00129945
12.58 3.53108e-06 -5.65791e-05 -0.000188648 -0.000154419 -0.00471816 -0.00141507
12.6 2.89869e-06 -5.58201e-05 -0.000214968 -0.00013355 -0.00537643 -0.00139609
12.62 2.08101e-06 -4.84009e-05 -0.000207091 -0.000113341 -0.00517943 -0.00121053
12.64 1.17402e-06 -3.59438e-05 -0.00014942 -9.47156e-05 -0.00373705 -0.000898969
12.66 3.45995e-07 -2.20961e-05 -5.33486e-05 -7.80944e-05 -0.00133427 -0.000552633
12.68 -2.18613e-07 -1.06169e-05 5.07584e-05 -6.29729e-05 0.00126949 -0.000265534
12.7 -4.36634e-07 -4.12292e-06 0.000136405 -4.71418e-05 0.00341154 -0.000103116
12.72 -3.70431e-07 -3.45172e-06 0.000192928 -2.73792e-05 0.00482521 -8.63289e-05
12.74 -1.7696e-07 -7.17971e-06 0.000221077 -1.57584e-06 0.00552924 -0.000179568
12.76 -3.02065e-08 -1.21178e-05 0.000225245 3.00541e-05 0.00563347 -0.00030307
12.78 -7.02937e-08 -1.56352e-05 0.000211312 6.56579e-05 0.005285 -0.000391042
12.8 -3.7004e-07 -1.8002e-05 0.000187325 0.000102806 0.00468507 -0.000450238
12.82 -9.12288e-07 -2.12333e-05 0.000161943 0.000138779 0.00405025 -0.000531052
12.84 -1.60227e-06 -2.46395e-05 0.000141183 0.00017054 0.00353105 -0.000616244
12.86 -2.30687e-06 -2.27029e-05 0.00012699 0.000195023 0.00317608 -0.00056781
12.88 -2.88118e-06 -9.32162e-06 0.000118885 0.000209665 0.00297337 -0.000233138
12.9 -3.16123e-06 1.53561e-05 0.000117173 0.000212859 0.00293055 0.000384062
12.92 -3.03134e-06 4.30295e-05 0.000122832 0.000204302 0.00307207 0.00107619
12.94 -2.45416e-06 6.2737e-05 0.000130391 0.000185551 0.00326113 0.00156908
12.96 -1.46869e-06 6.84953e-05 0.000123631 0.000160189 0.00309206 0.0017131
12.98 -2.21086e-07 6.17889e-05 8.6164e-05 0.000132885 0.002155 0.00154537
13 1.0538e-06 4.7596e-05 1.72598e-05 0.000107823 0.000431674 0.00119039
13.02 2.08841e-06 3.00117e-05 -6.66322e-05 8.73398e-05 -0.0016665 0.000750605
13.04 2.68257e-06 1.2768e-05 -0.000145088 7.09976e-05 -0.00362871 0.000319334
13.06 2.77179e-06 1.71926e-06 -0.000205354 5.55129e-05 -0.00513598 4.29994e-05
13.08 2.43706e-06 2.65677e-06 -0.000243533 3.61069e-05 -0.00609087 6.6447e-05
13.1 1.87515e-06 1.50874e-05 -0.000260174 8.60169e-06 -0.00650706 0.000377343
13.12 1.34726e-06 3.03447e-05 -0.000256984 -2.88765e-05 -0.00642728 0.000758935
13.14 1.09079e-06 3.80939e-05 -0.000236307 -7.48648e-05 -0.00591015 0.000952745
13.16 1.22592e-06 3.43865e-05 -0.000202343 -0.000124435 -0.00506068 0.00086002
13.18 1.72651e-06 2.25197e-05 -0.000162547 -0.000170553 -0.00406537 0.000563228
13.2 2.46543e-06 7.29671e-06 -0.000127086 -0.000206503 -0.00317847 0.000182494
13.22 3.27206e-06 -9.39946e-06 -0.000105472 -0.000227926 -0.00263791 -0.000235084
13.24 3.96058e-06 -2.71974e-05 -0.000103019 -0.000233614 -0.00257655 -0.000680219
13.26 4.34431e-06 -4.33588e-05 -0.000120393 -0.000225177 -0.00301108 -0.00108442
13.28 4.28878e-06 -5.2035e-05 -0.000153559 -0.000206062 -0.00384057 -0.00130142
13.3 3.753e-06 -4.77614e-05 -0.000188927 -0.000180453 -0.00472513 -0.00119453
13.32 2.78716e-06 -2.98316e-05 -0.000201926 -0.000152235 -0.00505024 -0.000746102
13.34 1.54689e-06 -4.05591e-06 -0.000170796 -0.000124299 -0.00427169 -0.00010144
13.36 2.92674e-07 1.90893e-05 -9.45221e-05 -9.8417e-05 -0.00236404 0.000477432
13.38 -6.82402e-07 2.88613e-05 6.78312e-06 -7.51928e-05 0.000169649 0.000721834
13.4 -1.18773e-06 1.93892e-05 0.000108584 -5.37267e-05 0.00271573 0.000484932
13.42 -1.22736e-06 -6.62982e-06 0.000195296 -3.15712e-05 0.00488443 -0.000165815
13.44 -9.69026e-07 -3.81125e-05 0.000259262 -5.56376e-06 0.00648426 -0.00095321
13.46 -6.38764e-07 -6.11235e-05 0.000294275 2.68266e-05 0.00735993 -0.00152872
13.48 -4.27207e-07 -6.74339e-05 0.000295249 6.63054e-05 0.00738429 -0.00168655
13.5 -4.37783e-07 -5.9474e-05 0.000263177 0.000111081 0.00658216 -0.00148747
13.52 -6.80601e-07 -4.6519e-05 0.000207794 0.000157098 0.00519702 -0.00116346
13.54 -1.10763e-06 -3.51576e-05 0.000145186 0.000199287 0.00363116 -0.000879306
13.56 -1.64951e-06 -2.3654e-05 9.23817e-05 0.000233057 0.0023105 -0.000591596
13.58 -2.21235e-06 -6.27647e-06 6.09428e-05 0.000255057 0.00152421 -0.000156977
13.6 -2.64671e-06 1.7288e-05 5.37667e-05 0.000263209 0.00134473 0.000432381
13.62 -2.77665e-06 3.8445e-05 6.83064e-05 0.000256791 0.00170837 0.000961525
13.64 -2.49847e-06 4.67916e-05 9.76314e-05 0.000236782 0.0024418 0.00117028
13.66 -1.82466e-06 4.0481e-05 0.000125459 0.00020602 0.00313779 0.00101245
13.68 -8.7307e-07 2.85895e-05 0.000127673 0.000168979 0.00319315 0.000715034
13.7 1.72115e-07 2.27484e-05 8.65036e-05 0.000131154 0.00216349 0.000568946
13.72 1.11863e-06 2.67685e-05 3.69207e-06 9.76696e-05 9.23402e-05 0.000669491
13.74 1.81524e-06 3.48284e-05 -0.00010099 7.10795e-05 -0.00252579 0.000871072
13.76 2.18186e-06 3.9318e-05 -0.000200838 4.99171e-05 -0.00502304 0.000983359
13.78 2.20003e-06 3.91679e-05 -0.000272207 2.97646e-05 -0.00680801 0.000979604
13.8 1.91329e-06 3.9643e-05 -0.000301161 5.98556e-06 -0.00753217 0.000991487
13.82 1.45902e-06 4.48377e-05 -0.000288019 -2.4301e-05 -0.00720348 0.00112141
13.84 1.06224e-06 5.24689e-05 -0.000246802 -6.16228e-05 -0.00617263 0.00131227
13.86 9.47426e-07 5.68935e-05 -0.000197184 -0.000104032 -0.00493167 0.00142293
13.88 1.22183e-06 5.5649e-05 -0.000154103 -0.000147425 -0.00385417 0.00139181
13.9 1.82811e-06 5.11588e-05 -0.000123559 -0.000186695 -0.00309026 0.0012795
13.92 2.6037e-06 4.63181e-05 -0.00010637 -0.000217094 -0.00266035 0.00115843
13.94 3.37451e-06 4.06023e-05 -0.000103535 -0.000235076 -0.00258945 0.00101548
13.96 4.00257e-06 3.18971e-05 -0.000117733 -0.000238935 -0.00294454 0.00079776
13.98 4.37211e-06 2.07683e-05 -0.000151222 -0.00022929 -0.00378212 0.000519424
14 4.38529e-06 1.03819e-05 -0.00019931 -0.000208646 -0.00498482 0.000259654
14.02 4.00265e-06 1.64569e-06 -0.000240573 -0.000180451 -0.00601684 4.11595e-05
14.04 3.25098e-06 -9.72414e-06 -0.000240569 -0.000148661 -0.00601672 -0.000243205
14.06 2.24639e-06 -2.90892e-05 -0.000177598 -0.000117457 -0.0044418 -0.000727532
14.08 1.20583e-06 -5.46039e-05 -6.66673e-05 -9.03385e-05 -0.00166738 -0.00136567
14.1 3.64062e-07 -7.38408e-05 4.80777e-05 -6.88106e-05 0.00120244 -0.00184679
14.12 -1.39441e-07 -7.2028e-05 0.000127327 -5.18257e-05 0.00318451 -0.00180145
14.14 -2.99092e-07 -4.68903e-05 0.000162258 -3.67618e-05 0.00405813 -0.00117275
14.16 -1.80803e-07 -1.49985e-05 0.000171186 -2.1117e-05 0.00428143 -0.000375118
14.18 1.06865e-07 -3.42836e-07 0.000177839 -3.257e-06 0.00444783 -8.57447e-06
14.2 4.16762e-07 -1.43422e-05 0.000193371 1.8202e-05 0.00483629 -0.000358705
14.22 5.7363e-07 -4.67442e-05 0.000212688 4.48884e-05 0.00531942 -0.00116909
14.24 4.35618e-07 -7.62563e-05 0.000222172 7.76568e-05 0.00555662 -0.0019072
14.26 -1.43332e-08 -8.95241e-05 0.000211419 0.000114575 0.00528768 -0.00223904
14.28 -6.68576e-07 -8.86264e-05 0.000181462 0.000149751 0.00453844 -0.00221658
14.3 -1.37779e-06 -8.05146e-05 0.000144044 0.00017466 0.0036026 -0.0020137
14.32 -2.02054e-06 -6.35256e-05 0.000113451 0.000182091 0.00283745 -0.0015888
14.34 -2.50477e-06 -2.95724e-05 9.90513e-05 0.000170285 0.00247731 -0.000739617
14.36 -2.7431e-06 2.02324e-05 0.000104381 0.000144074 0.00261062 0.000506022
14.38 -2.6237e-06 6.76042e-05 0.000127512 0.000112289 0.00318914 0.00169081
14.4 -2.0635e-06 8.9281e-05 0.000155828 8.34273e-05 0.00389733 0.00223296
14.42 -1.10505e-06 7.68502e-05 0.000164858 6.25742e-05 0.00412316 0.00192205
14.44 4.70095e-08 4.32746e-05 0.000132782 5.07846e-05 0.00332094 0.00108232
14.46 1.07785e-06 1.18301e-05 5.87671e-05 4.57668e-05 0.00146979 0.000295875
14.48 1.70662e-06 4.57789e-07 -3.6516e-05 4.27019e-05 -0.000913279 1.14495e-05
14.5 1.83281e-06 1.37073e-05 -0.000128034 3.57796e-05 -0.00320218 0.000342826
14.52 1.5784e-06 4.38989e-05 -0.000200813 2.09975e-05 -0.0050224 0.00109793
14.54 1.19373e-06 7.74897e-05 -0.000249704 -1.56613e-06 -0.0062452 0.00193805
14.56 9.10961e-07 0.000102639 -0.000271929 -2.85146e-05 -0.00680105 0.00256705
14.58 8.47985e-07 0.000114141 -0.000264346 -5.63485e-05 -0.0066114 0.00285473
14.6 1.02016e-06 0.0001126 -0.00022757 -8.33271e-05 -0.00569162 0.00281618
14.62 1.41094e-06 9.92475e-05 -0.000171023 -0.00010801 -0.00427736 0.00248222
14.64 1.99564e-06 7.283e-05 -0.000113072 -0.000127399 -0.00282798 0.00182151
14.66 2.70427e-06 3.36925e-05 -7.44936e-05 -0.000138061 -0.00186311 0.000842664
14.68 3.37017e-06 -9.07096e-06 -6.89719e-05 -0.00013901 -0.00172502 -0.000226869
14.7 3.75709e-06 -3.8866e-05 -9.72841e-05 -0.000132513 -0.00243312 -0.000972054
14.72 3.69071e-06 -4.45846e-05 -0.000145521 -0.000121716 -0.00363954 -0.00111508
14.74 3.1581e-06 -3.22085e-05 -0.000184383 -0.000107991 -0.0046115 -0.000805549
14.76 2.294e-06 -2.00757e-05 -0.000178597 -9.0999e-05 -0.00446679 -0.0005021
14.78 1.30667e-06 -2.1732e-05 -0.000112156 -7.09491e-05 -0.00280506 -0.000543526
14.8 4.1836e-07 -3.58484e-05 -6.80406e-06 -4.99639e-05 -0.000170172 -0.000896584
14.82 -1.86493e-07 -5.27558e-05 9.26394e-05 -3.09774e-05 0.00231695 -0.00131944
14.84 -4.32804e-07 -6.6293e-05 0.000154766 -1.58136e-05 0.00387077 -0.00165801
14.86 -3.89055e-07 -7.66793e-05 0.000181288 -4.66995e-06 0.00453409 -0.00191778
14.88 -2.10748e-07 -8.48545e-05 0.000192708 3.40018e-06 0.00481971 -0.00212225
14.9 -3.28675e-08 -8.8046e-05 0.000201277 1.08631e-05 0.00503403 -0.00220207
14.92 5.06398e-08 -8.16664e-05 0.000201057 2.22547e-05 0.00502851 -0.00204251
14.94 -6.65052e-09 -6.52931e-05 0.000180818 4.23137e-05 0.00452234 -0.00163301
14.96 -2.06983e-07 -4.60829e-05 0.000142018 7.20925e-05 0.00355194 -0.00115255
14.98 -5.39906e-07 -3.35165e-05 0.000102875 0.000106862 0.00257294 -0.000838262
15 -9.81341e-07 -2.88982e-05 8.50503e-05 0.000138232 0.00212714 -0.000722756
15.02 -1.4889e-06 -2.17891e-05 9.61251e-05 0.000158463 0.00240413 -0.000544956
15.04 -1.97014e-06 -7.22096e-08 0.00012438 0.000163231 0.00311079 -1.80599e-06
15.06 -2.26605e-06 3.57332e-05 0.000148211 0.000151944 0.00370681 0.000893702
15.08 -2.20109e-06 6.99e-05 0.000149049 0.000127395 0.00372777 0.00174823
15.1 -1.68284e-06 8.4527e-05 0.000118781 9.55579e-05 0.00297076 0.00211405
15.12 -7.86485e-07 7.56758e-05 6.12248e-05 6.42835e-05 0.00153126 0.00189268
15.14 2.4843e-07 5.67854e-05 -1.02972e-05 4.03021e-05 -0.000257538 0.00142023
15.16 1.13621e-06 4.61031e-05 -7.86424e-05 2.64113e-05 -0.00196688 0.00115306
15.18 1.69733e-06 5.09225e-05 -0.000130545 2.10786e-05 -0.00326499 0.00127359
15.2 1.93727e-06 6.41098e-05 -0.00016269 2.02784e-05 -0.00406895 0.00160341
15.22 1.99073e-06 7.44208e-05 -0.000181393 1.94419e-05 -0.00453672 0.00186129
15.24 1.96655e-06 7.79673e-05 -0.000195031 1.39786e-05 -0.0048778 0.00194999
15.26 1.90741e-06 7.90283e-05 -0.000205378 -8.39299e-07 -0.00513658 0.00197653
15.28 1.85385e-06 8.11364e-05 -0.000206551 -2.8404e-05 -0.00516593 0.00202925
15.3 1.86471e-06 7.9358e-05 -0.000193362 -6.74174e-05 -0.00483607 0.00198478
15.32 2.03525e-06 6.3837e-05 -0.000169724 -0.000110204 -0.00424486 0.00159659
15.34 2.4191e-06 3.19181e-05 -0.000146863 -0.000146081 -0.00367311 0.000798286
15.36 2.93361e-06 -6.40889e-06 -0.000133998 -0.000167366 -0.00335134 -0.000160289
15.38 3.39811e-06 -3.74469e-05 -0.000132697 -0.000172215 -0.0033188 -0.000936561
15.4 3.65065e-06 -5.57723e-05 -0.000138102 -0.000162806 -0.00345399 -0.00139489
15.42 3.62659e-06 -6.49325e-05 -0.00014082 -0.000142668 -0.00352197 -0.00162399
15.44 3.32515e-06 -6.93074e-05 -0.00012898 -0.000116147 -0.00322584 -0.00173341
15.46 2.7669e-06 -7.0204e-05 -9.54402e-05 -8.87221e-05 -0.002387 -0.00175583
15.48 2.01214e-06 -6.91864e-05 -4.52041e-05 -6.58391e-05 -0.00113057 -0.00173038
15.5 1.17411e-06 -6.96642e-05 7.33128e-06 -5.07416e-05 0.000183358 -0.00174233
15.52 3.6935e-07 -7.27792e-05 4.98829e-05 -4.3565e-05 0.00124759 -0.00182024
15.54 -3.4345e-07 -7.47493e-05 8.10201e-05 -4.21388e-05 0.00202635 -0.00186951
15.56 -9.47791e-07 -7.09304e-05 0.000108721 -4.26946e-05 0.00271915 -0.001774
15.58 -1.34777e-06 -6.1357e-05 0.000141028 -3.96198e-05 0.00352716 -0.00153456
15.6 -1.50709e-06 -5.09154e-05 0.000176561 -2.60875e-05 0.00441586 -0.00127341
15.62 -1.47177e-06 -4.4001e-05 0.000203214 2.53239e-06 0.00508248 -0.00110048
15.64 -1.30495e-06 -3.94321e-05 0.000207556 4.43337e-05 0.00519106 -0.000986213
15.66 -1.12776e-06 -3.10527e-05 0.000186457 9.05042e-05 0.00466338 -0.000776642
15.68 -1.05048e-06 -1.29018e-05 0.000149624 0.000130201 0.00374216 -0.000322679
15.7 -1.15184e-06 1.53106e-05 0.000112112 0.000155927 0.00280398 0.000382925
15.72 -1.42957e-06 4.63616e-05 8.55353e-05 0.000165206 0.00213927 0.00115952
15.74 -1.80277e-06 7.01938e-05 7.47227e-05 0.000159362 0.00186884 0.00175558
15.76 -2.15034e-06 8.21925e-05 7.94135e-05 0.00014222 0.00198617 0.00205567
15.78 -2.36149e-06 8.64811e-05 9.54689e-05 0.000119496 0.00238772 0.00216293
15.8 -2.3525e-06 9.04376e-05 0.000112782 9.76431e-05 0.00282073 0.00226188
15.82 -2.06021e-06 9.68883e-05 0.000115834 8.16999e-05 0.00289706 0.00242322
15.84 -1.45321e-06 0.000101869 9.20436e-05 7.33805e-05 0.00230205 0.00254779
15.86 -5.78773e-07 9.8574e-05 4.12836e-05 7.07665e-05 0.00103252 0.00246538
15.88 4.05642e-07 8.33606e-05 -2.40612e-05 6.95267e-05 -0.000601781 0.00208488
15.9 1.2669e-06 5.98312e-05 -8.83496e-05 6.46813e-05 -0.00220966 0.0014964
15.92 1.84026e-06 3.77065e-05 -0.000140799 5.21456e-05 -0.00352145 0.000943056
15.94 2.06212e-06 2.54076e-05 -0.000175887 3.0077e-05 -0.004399 0.000635453
15.96 1.96749e-06 2.27605e-05 -0.000190346 -8.9577e-08 -0.00476062 0.00056925
15.98 1.70005e-06 2.17335e-05 -0.000183331 -3.40024e-05 -0.00458519 0.000543565
16 1.43588e-06 1.41378e-05 -0.000159147 -6.64243e-05 -0.00398033 0.000353593
16.02 1.31835e-06 -1.14581e-06 -0.000127646 -9.33425e-05 -0.00319249 -2.86572e-05
16.04 1.41197e-06 -1.73813e-05 -0.000100869 -0.000112721 -0.00252278 -0.000434713
16.06 1.71054e-06 -2.61441e-05 -8.84381e-05 -0.000124132 -0.00221187 -0.000653874
16.08 2.15908e-06 -2.59387e-05 -9.39263e-05 -0.000128278 -0.00234914 -0.000648738
16.1 2.67301e-06 -2.53728e-05 -0.000113778 -0.000126694 -0.00284565 -0.000634583
16.12 3.14044e-06 -3.59443e-05 -0.000139391 -0.000121197 -0.00348624 -0.000898983
16.14 3.41764e-06 -5.9909e-05 -0.000159168 -0.000113096 -0.00398086 -0.00149835
16.16 3.34232e-06 -8.58554e-05 -0.000159399 -0.000102889 -0.00398665 -0.00214728
16.18 2.8052e-06 -9.76399e-05 -0.000129574 -9.08075e-05 -0.0032407 -0.00244201
16.2 1.85526e-06 -8.79994e-05 -7.1963e-05 -7.75151e-05 -0.00179982 -0.0022009
16.22 7.31516e-07 -6.3546e-05 -3.6466e-06 -6.40305e-05 -9.12031e-05 -0.00158931
16.24 -2.6223e-07 -3.74815e-05 5.50198e-05 -5.08568e-05 0.00137607 -0.000937427
16.26 -9.32692e-07 -1.83151e-05 9.42517e-05 -3.72105e-05 0.00235727 -0.000458068
16.28 -1.24587e-06 -5.45019e-06 0.000117211 -2.13006e-05 0.00293149 -0.000136311
16.3 -1.27337e-06 5.71694e-06 0.00013147 -1.44725e-06 0.00328811 0.000142983
16.32 -1.11771e-06 1.66072e-05 0.000140442 2.30429e-05 0.00351251 0.000415352
16.34 -8.74585e-07 2.41982e-05 0.000141788 5.16032e-05 0.00354617 0.000605207
16.36 -6.39121e-07 2.57893e-05 0.000131801 8.22924e-05 0.0032964 0.000645002
16.38 -5.12564e-07 2.3553e-05 0.000111467 0.000111766 0.00278782 0.00058907
16.4 -5.87047e-07 2.39243e-05 8.91194e-05 0.000135862 0.00222891 0.000598357
16.42 -8.98042e-07 3.27939e-05 7.5933e-05 0.000150979 0.00189911 0.000820189
16.44 -1.37542e-06 5.10649e-05 7.71582e-05 0.000155495 0.00192976 0.00127715
16.46 -1.84638e-06 7.38134e-05 8.79057e-05 0.000150295 0.00219856 0.0018461
16.48 -2.10824e-06 9.29662e-05 9.71488e-05 0.000138198 0.00242973 0.00232512
16.5 -2.02043e-06 0.000101391 9.48262e-05 0.00012277 0.00237164 0.00253583
16.52 -1.56396e-06 9.60248e-05 7.68494e-05 0.000107041 0.00192203 0.00240162
16.54 -8.33372e-07 7.86967e-05 4.612e-05 9.27139e-05 0.00115348 0.00196824
16.56 1.3812e-08 5.48974e-05 9.15157e-06 7.98818e-05 0.000228884 0.00137301
16.58 8.12461e-07 3.11358e-05 -2.87535e-05 6.70113e-05 -0.000719138 0.00077872
16.6 1.44134e-06 1.22703e-05 -6.48891e-05 5.15814e-05 -0.0016229 0.000306886
16.62 1.83781e-06 2.34965e-07 -9.67296e-05 3.15037e-05 -0.00241925 5.87657e-06
16.64 1.99549e-06 -5.80493e-06 -0.000120699 6.32052e-06 -0.00301872 -0.000145184
16.66 1.97064e-06 -8.43856e-06 -0.000134744 -2.27522e-05 -0.00337 -0.000211052
16.68 1.87173e-06 -1.07417e-05 -0.000140648 -5.35922e-05 -0.00351767 -0.000268653
16.7 1.81341e-06 -1.49921e-05 -0.000141924 -8.37759e-05 -0.00354957 -0.000374958
16.72 1.86325e-06 -2.17953e-05 -0.000140055 -0.000110757 -0.00350284 -0.000545109
16.74 2.02566e-06 -3.02571e-05 -0.000134563 -0.000132117 -0.00336547 -0.000756743
16.76 2.26337e-06 -3.90665e-05 -0.000126562 -0.000146141 -0.00316537 -0.000977068
16.78 2.52257e-06 -4.73834e-05 -0.00012026 -0.000152297 -0.00300774 -0.00118508
16.8 2.73776e-06 -5.47593e-05 -0.000119508 -0.000151171 -0.00298894 -0.00136955
16.82 2.82989e-06 -6.04054e-05 -0.000122686 -0.000144006 -0.00306842 -0.00151076
16.84 2.72255e-06 -6.27415e-05 -0.000121569 -0.000132196 -0.00304049 -0.00156919
16.86 2.37545e-06 -6.00365e-05 -0.000107246 -0.000116938 -0.00268226 -0.00150154
16.88 1.82275e-06 -5.19112e-05 -7.86797e-05 -9.91953e-05 -0.00196781 -0.00129832
16.9 1.16914e-06 -4.00031e-05 -4.3668e-05 -7.98404e-05 -0.00109216 -0.00100049
16.92 5.30233e-07 -2.67425e-05 -9.76771e-06 -5.95464e-05 -0.000244295 -0.00066884
16.94 -2.22965e-08 -1.38847e-05 2.31823e-05 -3.85198e-05 0.0005798 -0.000347262
16.96 -4.61159e-07 -2.30476e-06 5.88682e-05 -1.64682e-05 0.00147232 -5.76429e-05
16.98 -7.66941e-07 7.63717e-06 9.4764e-05 7.12037e-06 0.00237009 0.000191009
17 -9.21455e-07 1.59783e-05 0.000120617 3.26179e-05 0.00301669 0.000399625
17.02 -9.41259e-07 2.31508e-05 0.000127787 5.99459e-05 0.00319601 0.000579012
17.04 -8.96726e-07 2.98759e-05 0.000118041 8.82172e-05 0.00295225 0.000747208
17.06 -8.79284e-07 3.70257e-05 0.00010159 0.000115477 0.00254081 0.000926028
17.08 -9.45444e-07 4.52329e-05 8.75381e-05 0.000138973 0.00218936 0.00113129
17.1 -1.0893e-06 5.42075e-05 7.79542e-05 0.000155972 0.00194967 0.00135575
17.12 -1.26072e-06 6.25327e-05 7.07499e-05 0.000164618 0.00176948 0.00156397
17.14 -1.40406e-06 6.85166e-05 6.58863e-05 0.00016444 0.00164784 0.00171363
17.16 -1.48395e-06 7.12801e-05 6.70244e-05 0.000156457 0.00167631 0.00178274
17.18 -1.48171e-06 7.08078e-05 7.68989e-05 0.000142769 0.00192327 0.00177093
17.2 -1.369e-06 6.71028e-05 9.11192e-05 0.000125649 0.00227893 0.00167827
17.22 -1.11036e-06 5.97815e-05 9.77224e-05 0.000106611 0.00244408 0.00149516
17.24 -6.92297e-07 4.84789e-05 8.54397e-05 8.612e-05 0.00213688 0.00121248
17.26 -1.51489e-07 3.36498e-05 5.32554e-05 6.41549e-05 0.00133194 0.000841596
17.28 4.20675e-07 1.74001e-05 1.10639e-05 4.09879e-05 0.000276713 0.000435184
17.3 9.20061e-07 3.00457e-06 -2.86774e-05 1.72312e-05 -0.000717234 7.51455e-05
17.32 1.28511e-06 -7.51188e-06 -5.92819e-05 -6.68714e-06 -0.00148267 -0.000187875
17.34 1.52122e-06 -1.55071e-05 -8.11378e-05 -3.0644e-05 -0.00202929 -0.00038784
17.36 1.67464e-06 -2.45386e-05 -9.70048e-05 -5.43414e-05 -0.00242613 -0.00061372
17.38 1.78522e-06 -3.61262e-05 -0.000107432 -7.69059e-05 -0.00268691 -0.000903531
17.4 1.86192e-06 -4.69399e-05 -0.000110905 -9.70175e-05 -0.00277378 -0.00117399
17.42 1.89972e-06 -5.13106e-05 -0.000107701 -0.000113368 -0.00269366 -0.0012833
17.44 1.91482e-06 -4.71775e-05 -0.000102367 -0.000125024 -0.00256025 -0.00117993
17.46 1.95305e-06 -3.91379e-05 -0.000101143 -0.000131503 -0.00252962 -0.000978856
17.48 2.05228e-06 -3.48921e-05 -0.000106279 -0.000132658 -0.00265808 -0.000872665
17.5 2.19536e-06 -3.84241e-05 -0.000113452 -0.000128557 -0.00283748 -0.000961003
17.52 2.3062e-06 -4.66772e-05 -0.000115945 -0.000119376 -0.00289984 -0.00116742
17.54 2.30115e-06 -5.26572e-05 -0.000111096 -0.000105332 -0.00277855 -0.00131698
17.56 2.13677e-06 -5.1413e-05 -0.000101061 -8.67589e-05 -0.00252758 -0.00128586
17.58 1.81365e-06 -4.31703e-05 -8.76531e-05 -6.44685e-05 -0.00219224 -0.00107971
17.6 1.35901e-06 -3.15493e-05 -6.89817e-05 -4.01578e-05 -0.00172526 -0.00078906
17.62 8.15738e-07 -1.92055e-05 -4.2196e-05 -1.61093e-05 -0.00105534 -0.000480338
17.64 2.40038e-07 -5.29904e-06 -8.33245e-06 5.95508e-06 -0.000208398 -0.000132531
17.66 -3.04479e-07 1.24466e-05 2.64238e-05 2.57786e-05 0.000660871 0.000311295
17.68 -7.52747e-07 3.34102e-05 5.41075e-05 4.42775e-05 0.00135325 0.000835603
17.7 -1.04792e-06 5.26531e-05 6.97706e-05 6.24049e-05 0.00174499 0.00131688
17.72 -1.16455e-06 6.43789e-05 7.40934e-05 8.02887e-05 0.00185311 0.00161014
17.74 -1.13105e-06 6.66545e-05 7.23031e-05 9.72086e-05 0.00180833 0.00166706
17.76 -1.02147e-06 6.26556e-05 7.04983e-05 0.000112037 0.00176319 0.00156704
17.78 -9.15842e-07 5.78353e-05 7.20805e-05 0.000123604 0.00180276 0.00144649
17.8 -8.61603e-07 5.62882e-05 7.65401e-05 0.000130912 0.0019143 0.00140779
17.82 -8.6226e-07 5.91193e-05 8.08746e-05 0.000133334 0.00202271 0.0014786
17.84 -8.95167e-07 6.49346e-05 8.23505e-05 0.00013069 0.00205962 0.00162404
17.86 -9.27544e-07 7.09629e-05 8.06619e-05 0.00012305 0.00201739 0.00177481
17.88 -9.12326e-07 7.36848e-05 7.73764e-05 0.000110428 0.00193522 0.00184289
17.9 -7.95778e-07 6.92289e-05 7.24873e-05 9.27871e-05 0.00181294 0.00173144
17.92 -5.28295e-07 5.51255e-05 6.20671e-05 7.07046e-05 0.00155232 0.00137871
17.94 -9.56615e-08 3.30409e-05 4.1294e-05 4.60667e-05 0.00103278 0.000826366
17.96 4.46621e-07 8.61209e-06 1.03284e-05 2.16227e-05 0.000258318 0.000215392
17.98 9.98603e-07 -1.27321e-05 -2.40807e-05 -4.93563e-07 -0.000602267 -0.000318434
18 1.47648e-06 -2.96339e-05 -5.33758e-05 -1.97473e-05 -0.00133495 -0.000741155
18.02 1.84679e-06 -4.42504e-05 -7.30358e-05 -3.67827e-05 -0.00182666 -0.00110672
18.04 2.10657e-06 -5.81418e-05 -8.40101e-05 -5.23006e-05 -0.00210113 -0.00145415
18.06 2.25244e-06 -6.92244e-05 -8.99071e-05 -6.64835e-05 -0.00224862 -0.00173133
18.08 2.27721e-06 -7.32894e-05 -9.37413e-05 -7.92613e-05 -0.00234451 -0.001833
18.1 2.19079e-06 -6.86888e-05 -9.69194e-05 -9.06804e-05 -0.00242399 -0.00171793
18.12 2.03752e-06 -5.90684e-05 -0.000100128 -0.000100828 -0.00250423 -0.00147732
18.14 1.88643e-06 -5.0926e-05 -0.000104031 -0.000109552 -0.00260185 -0.00127368
18.16 1.79865e-06 -4.84707e-05 -0.000108568 -0.000116304 -0.00271532 -0.00121227
18.18 1.79784e-06 -5.09934e-05 -0.000112092 -0.000120058 -0.00280347 -0.00127537
18.2 1.84728e-06 -5.46444e-05 -0.000112317 -0.00011931 -0.00280908 -0.00136668
18.22 1.88041e-06 -5.53952e-05 -0.000108427 -0.00011237 -0.0027118 -0.00138546
18.24 1.82785e-06 -5.02555e-05 -0.000101256 -9.81352e-05 -0.00253245 -0.00125691
18.26 1.62791e-06 -3.83585e-05 -9.08304e-05 -7.72356e-05 -0.00227171 -0.000959362
18.28 1.25972e-06 -2.17048e-05 -7.50816e-05 -5.24812e-05 -0.00187782 -0.000542846
18.3 7.50723e-07 -3.09469e-06 -5.2101e-05 -2.76838e-05 -0.00130307 -7.73994e-05
18.32 1.57e-07 1.66091e-05 -2.31604e-05 -5.66852e-06 -0.00057925 0.000415401
18.34 -4.59936e-07 3.7812e-05 7.21109e-06 1.28364e-05 0.000180352 0.000945694
18.36 -1.02906e-06 5.89042e-05 3.41638e-05 2.87835e-05 0.00085445 0.00147322
18.38 -1.46912e-06 7.53148e-05 5.55167e-05 4.36405e-05 0.0013885 0.00188365
18.4 -1.71684e-06 8.27872e-05 7.21548e-05 5.85508e-05 0.00180462 0.00207054
18.42 -1.75866e-06 8.11564e-05 8.58032e-05 7.41074e-05 0.00214597 0.00202976
18.44 -1.63023e-06 7.43914e-05 9.66212e-05 9.03346e-05 0.00241654 0.00186056
18.46 -1.39113e-06 6.72942e-05 0.000103118 0.00010662 0.00257901 0.00168306
18.48 -1.10373e-06 6.24932e-05 0.000104256 0.000121754 0.00260748 0.00156298
18.5 -8.26858e-07 6.00379e-05 0.00010108 0.00013422 0.00252805 0.00150157
18.52 -6.24312e-07 5.90473e-05 9.591e-05 0.000142573 0.00239875 0.0014768
18.54 -5.50551e-07 5.93714e-05 9.01667e-05 0.00014573 0.00225511 0.0014849
18.56 -5.90064e-07 6.10237e-05 8.3402e-05 0.00014303 0.00208592 0.00152623
18.58 -6.63087e-07 6.11039e-05 7.42681e-05 0.00013398 0.00185748 0.00152823
18.6 -6.55479e-07 5.38498e-05 6.16993e-05 0.000118356 0.00154312 0.00134681
18.62 -4.72522e-07 3.64842e-05 4.5204e-05 9.71175e-05 0.00113057 0.000912485
18.64 -1.07237e-07 1.31664e-05 2.47438e-05 7.28487e-05 0.000618854 0.000329297
18.66 3.83679e-07 -8.88709e-06 7.14812e-07 4.86128e-05 1.78778e-05 -0.00022227
18.68 9.40789e-07 -2.61951e-05 -2.58614e-05 2.61945e-05 -0.000646804 -0.00065515
18.7 1.52613e-06 -4.04795e-05 -5.2974e-05 5.52312e-06 -0.0013249 -0.00101241
18.72 2.08902e-06 -5.43192e-05 -7.75924e-05 -1.4401e-05 -0.00194062 -0.00135855
18.74 2.54706e-06 -6.70506e-05 -9.67031e-05 -3.431e-05 -0.00241859 -0.00167696
18.76 2.81641e-06 -7.52119e-05 -0.000109022 -5.42797e-05 -0.00272669 -0.00188108
18.78 2.85739e-06 -7.60773e-05 -0.000115648 -7.39861e-05 -0.00289241 -0.00190273
18.8 2.6931e-06 -7.0252e-05 -0.000118673 -9.29015e-05 -0.00296806 -0.00175703
18.82 2.39674e-06 -6.12541e-05 -0.000119167 -0.000110227 -0.00298042 -0.00153199
18.84 2.06307e-06 -5.29935e-05 -0.000116848 -0.00012482 -0.00292241 -0.00132539
18.86 1.78516e-06 -4.73256e-05 -0.000111668 -0.000135291 -0.00279287 -0.00118363
18.88 1.61499e-06 -4.35284e-05 -0.000105199 -0.000140282 -0.00263108 -0.00108866
18.9 1.5552e-06 -3.95332e-05 -0.000100157 -0.000138733 -0.00250497 -0.000988743
18.92 1.56916e-06 -3.3177e-05 -9.82797e-05 -0.000129959 -0.00245802 -0.00082977
18.94 1.58545e-06 -2.35377e-05 -9.7621e-05 -0.000113907 -0.00244154 -0.000588687
18.96 1.52749e-06 -1.20154e-05 -9.21152e-05 -9.17479e-05 -0.00230384 -0.000300509
18.98 1.33983e-06 -1.0532e-06 -7.56954e-05 -6.60027e-05 -0.00189317 -2.63409e-05
19 1.00239e-06 8.84874e-06 -4.76317e-05 -3.95665e-05 -0.00119129 0.000221311
19.02 5.28253e-07 2.00156e-05 -1.33267e-05 -1.43361e-05 -0.000333307 0.000500598
19.04 -3.55609e-08 3.46314e-05 1.98228e-05 9.3347e-06 0.000495776 0.000866146
19.06 -6.0626e-07 5.12043e-05 4.66662e-05 3.20007e-05 0.00116714 0.00128064
19.08 -1.08092e-06 6.4726e-05 6.52689e-05 5.41358e-05 0.0016324 0.00161882
19.1 -1.37541e-06 7.06323e-05 7.57252e-05 7.57213e-05 0.00189392 0.00176654
19.12 -1.46153e-06 6.85584e-05 7.93017e-05 9.64202e-05 0.00198337 0.00171467
19.14 -1.37409e-06 6.2326e-05 7.83421e-05 0.000115729 0.00195937 0.0015588
19.16 -1.18495e-06 5.64619e-05 7.58221e-05 0.000132866 0.00189634 0.00141213
19.18 -9.67046e-07 5.26697e-05 7.42348e-05 0.000146693 0.00185664 0.00131729
19.2 -7.74704e-07 4.94678e-05 7.46254e-05 0.000155902 0.00186641 0.00123721
19.22 -6.37414e-07 4.50933e-05 7.64012e-05 0.000159335 0.00191083 0.0011278
19.24 -5.59506e-07 4.00556e-05 7.79082e-05 0.000156134 0.00194852 0.00100181
19.26 -5.24136e-07 3.59426e-05 7.71201e-05 0.000145681 0.00192881 0.000898938
19.28 -4.86196e-07 3.24511e-05 7.16406e-05 0.000127776 0.00179176 0.000811616
19.3 -3.8185e-07 2.68949e-05 5.90157e-05 0.000103275 0.00147601 0.000672653
19.32 -1.64579e-07 1.65863e-05 3.87551e-05 7.44614e-05 0.00096928 0.000414831
19.34 1.67032e-07 1.26124e-06 1.40577e-05 4.44496e-05 0.00035159 3.15442e-05
19.36 5.71279e-07 -1.65541e-05 -9.71845e-06 1.59392e-05 -0.000243062 -0.000414024
19.38 9.89301e-07 -3.31357e-05 -2.86431e-05 -9.66731e-06 -0.000716376 -0.000828737
19.4 1.3674e-06 -4.57643e-05 -4.20825e-05 -3.22149e-05 -0.0010525 -0.00114459
19.42 1.667e-06 -5.38424e-05 -5.16739e-05 -5.21671e-05 -0.00129239 -0.00134662
19.44 1.8675e-06 -5.80757e-05 -5.95664e-05 -7.00819e-05 -0.00148978 -0.0014525
19.46 1.96582e-06 -5.8856e-05 -6.76887e-05 -8.63893e-05 -0.00169292 -0.00147201
19.48 1.97338e-06 -5.59661e-05 -7.73372e-05 -0.000101206 -0.00193424 -0.00139974
19.5 1.91351e-06 -4.9894e-05 -8.81749e-05 -0.000114105 -0.00220529 -0.00124787
19.52 1.82068e-06 -4.26291e-05 -9.78085e-05 -0.000124034 -0.00244623 -0.00106617
19.54 1.73054e-06 -3.65027e-05 -0.0001033 -0.000129509 -0.00258358 -0.000912948
19.56 1.66548e-06 -3.23494e-05 -0.00010351 -0.000128945 -0.00258882 -0.000809073
19.58 1.62732e-06 -2.88278e-05 -9.99822e-05 -0.000121022 -0.0025006 -0.000720995
19.6 1.59565e-06 -2.35302e-05 -9.56573e-05 -0.000105226 -0.00239243 -0.000588499
19.62 1.53971e-06 -1.5045e-05 -9.24573e-05 -8.2531e-05 -0.00231239 -0.000376281
19.64 1.43394e-06 -3.91552e-06 -8.94856e-05 -5.55106e-05 -0.00223807 -9.79287e-05
19.66 1.26221e-06 8.37412e-06 -8.35178e-05 -2.74427e-05 -0.00208881 0.00020944
19.68 1.01717e-06 2.07719e-05 -7.17739e-05 -1.06589e-06 -0.00179509 0.000519514
19.7 7.0549e-07 3.25967e-05 -5.42785e-05 2.21504e-05 -0.00135753 0.000815256
19.72 3.54121e-07 4.26381e-05 -3.33934e-05 4.199e-05 -0.000835182 0.0010664
19.74 3.68964e-09 4.93218e-05 -1.15262e-05 5.90268e-05 -0.000288275 0.00123356
19.76 -3.07617e-07 5.2069e-05 1.01301e-05 7.40563e-05 0.000253359 0.00130227
19.78 -5.54434e-07 5.18921e-05 3.07944e-05 8.76173e-05 0.00077018 0.00129784
19.8 -7.23584e-07 5.0283e-05 4.88613e-05 9.97267e-05 0.00122204 0.0012576
19.82 -8.11066e-07 4.79638e-05 6.20878e-05 0.000109877 0.00155284 0.00119959
19.84 -8.24084e-07 4.50555e-05 6.9085e-05 0.000117206 0.00172784 0.00112686
19.86 -7.82007e-07 4.19191e-05 7.05079e-05 0.00012071 0.00176343 0.00104842
19.88 -7.10741e-07 3.90497e-05 6.88529e-05 0.000119469 0.00172204 0.00097665
19.9 -6.29377e-07 3.59701e-05 6.71818e-05 0.000112863 0.00168025 0.000899628
19.92 -5.40469e-07 3.08723e-05 6.76279e-05 0.000100852 0.0016914 0.000772129
19.94 -4.35892e-07 2.2036e-05 7.04148e-05 8.42219e-05 0.0017611 0.00055113
19.96 -3.08775e-07 9.59371e-06 7.38026e-05 6.44841e-05 0.00184583 0.000239943
19.98 -1.57241e-07 -4.24473e-06 7.46588e-05 4.33204e-05 0.00186725 -0.000106162
20 2.07488e-08 -1.65801e-05 6.95084e-05 2.20593e-05 0.00173843 -0.000414676
20.02 2.28899e-07 -2.54957e-05 5.63109e-05 1.62452e-06 0.00140836 -0.000637657
20.04 4.67634e-07 -3.083e-05 3.58338e-05 -1.72233e-05 0.000896217 -0.000771071
20.06 7.31351e-07 -3.3809e-05 1.09689e-05 -3.37935e-05 0.000274338 -0.000845578
20.08 1.01042e-06 -3.60635e-05 -1.52745e-05 -4.76191e-05 -0.000382022 -0.000901962
20.1 1.29097e-06 -3.87529e-05 -4.07423e-05 -5.85934e-05 -0.00101898 -0.000969226
20.12 1.55154e-06 -4.22315e-05 -6.34642e-05 -6.69027e-05 -0.00158727 -0.00105623
20.14 1.76489e-06 -4.61897e-05 -8.10904e-05 -7.28821e-05 -0.00202811 -0.00115522
20.16 1.90855e-06 -4.98781e-05 -9.18611e-05 -7.69221e-05 -0.00229748 -0.00124747
20.18 1.97548e-06 -5.21655e-05 -9.62186e-05 -7.93142e-05 -0.00240647 -0.00130468
20.2 1.97271e-06 -5.15797e-05 -9.69741e-05 -7.99605e-05 -0.00242536 -0.00129003
20.22 1.91066e-06 -4.66144e-05 -9.74762e-05 -7.81861e-05 -0.00243792 -0.00116585
20.24 1.79813e-06 -3.63917e-05 -9.95077e-05 -7.29982e-05 -0.00248873 -0.000910171
20.26 1.64608e-06 -2.15459e-05 -0.000102769 -6.37701e-05 -0.0025703 -0.000538873
20.28 1.4744e-06 -4.49992e-06 -0.000105988 -5.07759e-05 -0.00265079 -0.000112545
20.3 1.30751e-06 1.15272e-05 -0.000107976 -3.50884e-05 -0.00270053 0.000288301
20.32 1.15708e-06 2.39824e-05 -0.000107253 -1.80612e-05 -0.00268245 0.00059981
20.34 1.01163e-06 3.18235e-05 -0.000101418 -9.5027e-07 -0.0025365 0.000795919
20.36 8.45327e-07 3.56895e-05 -8.84743e-05 1.51318e-05 -0.00221278 0.00089261
20.38 6.37102e-07 3.76943e-05 -6.89922e-05 2.92008e-05 -0.00172552 0.00094275
20.4 3.8185e-07 4.04713e-05 -4.58783e-05 4.05937e-05 -0.00114743 0.0010122
20.42 8.98793e-08 4.54133e-05 -2.17947e-05 4.92456e-05 -0.000545094 0.00113581
20.44 -2.16457e-07 5.15457e-05 2.33378e-06 5.57158e-05 5.83688e-05 0.00128918
20.46 -5.05521e-07 5.64628e-05 2.60377e-05 6.08645e-05 0.000651214 0.00141216
20.48 -7.44668e-07 5.84327e-05 4.75969e-05 6.54448e-05 0.00119042 0.00146143
20.5 -9.14551e-07 5.73839e-05 6.46324e-05 6.98666e-05 0.00161648 0.0014352
20.52 -1.01325e-06 5.40651e-05 7.62161e-05 7.41028e-05 0.0019062 0.00135219
20.54 -1.04769e-06 4.88342e-05 8.36154e-05 7.76276e-05 0.00209126 0.00122136
20.56 -1.02523e-06 4.13597e-05 8.87759e-05 7.94671e-05 0.00222032 0.00103442
20.58 -9.49135e-07 3.13427e-05 9.23745e-05 7.85836e-05 0.00231033 0.000783894
20.6 -8.2398e-07 1.95446e-05 9.34519e-05 7.44863e-05 0.00233727 0.000488819
20.62 -6.62963e-07 7.89882e-06 9.08906e-05 6.75073e-05 0.00227321 0.000197553
20.64 -4.84628e-07 -1.62619e-06 8.52028e-05 5.84794e-05 0.00213096 -4.06718e-05
20.66 -3.01249e-07 -8.34977e-06 7.83962e-05 4.82249e-05 0.00196072 -0.000208831
20.68 -1.08635e-07 -1.32051e-05 7.14748e-05 3.7326e-05 0.00178762 -0.000330266
20.7 1.11224e-07 -1.79786e-05 6.25788e-05 2.62207e-05 0.00156512 -0.000449652
20.72 3.7392e-07 -2.4198e-05 4.86366e-05 1.5362e-05 0.00121642 -0.000605202
20.74 6.74519e-07 -3.22832e-05 2.86908e-05 5.20923e-06 0.00071757 -0.000807417
20.76 9.83961e-07 -4.12128e-05 4.87604e-06 -3.94841e-06 0.000121952 -0.00103075
20.78 1.26411e-06 -4.8985e-05 -1.96086e-05 -1.21461e-05 -0.000490418 -0.00122514
20.8 1.48718e-06 -5.38418e-05 -4.26752e-05 -1.96928e-05 -0.00106732 -0.00134661
20.82 1.64415e-06 -5.52476e-05 -6.35059e-05 -2.69496e-05 -0.00158831 -0.00138177
20.84 1.74133e-06 -5.35932e-05 -8.14202e-05 -3.41467e-05 -0.00203635 -0.00134039
20.86 1.79239e-06 -4.92054e-05 -9.53014e-05 -4.13328e-05 -0.00238353 -0.00123065
20.88 1.80911e-06 -4.22171e-05 -0.000104122 -4.83323e-05 -0.00260412 -0.00105587
20.9 1.80207e-06 -3.33534e-05 -0.000107806 -5.46136e-05 -0.00269626 -0.000834183
20.92 1.78172e-06 -2.40725e-05 -0.000107612 -5.92394e-05 -0.00269142 -0.000602064
20.94 1.75263e-06 -1.55968e-05 -0.000105674 -6.11863e-05 -0.00264295 -0.000390083
20.96 1.70983e-06 -7.95706e-06 -0.000103972 -5.98862e-05 -0.00260037 -0.000199009
20.98 1.63906e-06 -8.39619e-08 -0.000103542 -5.54768e-05 -0.00258964 -2.09992e-06
21 1.524e-06 9.11404e-06 -0.000104377 -4.85873e-05 -0.00261051 0.000227946
21.02 1.35437e-06 1.97083e-05 -0.000105391 -3.99818e-05 -0.00263587 0.000492913
21.04 1.13029e-06 3.06452e-05 -0.000103987 -3.0347e-05 -0.00260076 0.000766448
21.06 8.62409e-07 4.05425e-05 -9.65621e-05 -2.02245e-05 -0.00241506 0.00101398
21.08 5.71852e-07 4.85254e-05 -8.10456e-05 -1.00051e-05 -0.00202698 0.00121364
21.1 2.89972e-07 5.43135e-05 -5.91354e-05 5.67203e-08 -0.001479 0.0013584
21.12 5.12469e-08 5.76617e-05 -3.52398e-05 9.83876e-06 -0.000881362 0.00144214
21.14 -1.21372e-07 5.80456e-05 -1.31103e-05 1.93468e-05 -0.000327895 0.00145174
21.16 -2.27297e-07 5.51686e-05 6.13619e-06 2.86498e-05 0.000153469 0.00137979
21.18 -2.8476e-07 4.97165e-05 2.29526e-05 3.77624e-05 0.000574054 0.00124343
21.2 -3.15614e-07 4.33213e-05 3.71854e-05 4.65764e-05 0.000930022 0.00108348
21.22 -3.34896e-07 3.74965e-05 4.7538e-05 5.48413e-05 0.00118895 0.000937802
21.24 -3.46215e-07 3.2372e-05 5.30828e-05 6.20847e-05 0.00132762 0.000809638
21.26 -3.42603e-07 2.65202e-05 5.47577e-05 6.75779e-05 0.00136951 0.000663282
21.28 -3.14813e-07 1.82027e-05 5.50137e-05 7.05559e-05 0.00137592 0.000455256
21.3 -2.58731e-07 6.89874e-06 5.60932e-05 7.05584e-05 0.00140291 0.00017254
21.32 -1.77022e-07 -6.15062e-06 5.87164e-05 6.75696e-05 0.00146852 -0.00015383
21.34 -7.48162e-08 -1.86755e-05 6.20563e-05 6.19014e-05 0.00155205 -0.000467082
21.36 4.4706e-08 -2.87737e-05 6.45419e-05 5.40186e-05 0.00161422 -0.000719642
21.38 1.81631e-07 -3.60033e-05 6.4611e-05 4.44488e-05 0.00161595 -0.000900457
21.4 3.36703e-07 -4.13284e-05 6.09933e-05 3.37483e-05 0.00152547 -0.00103364
21.42 5.05216e-07 -4.59141e-05 5.29858e-05 2.24646e-05 0.0013252 -0.00114833
21.44 6.71621e-07 -4.98833e-05 4.10875e-05 1.11148e-05 0.00102762 -0.0012476
21.46 8.12731e-07 -5.22641e-05 2.71093e-05 1.69074e-07 0.000678015 -0.00130715
21.48 9.11711e-07 -5.21157e-05 1.29898e-05 -1.00222e-05 0.000324881 -0.00130344
21.5 9.72572e-07 -4.96643e-05 -5.5664e-07 -1.93371e-05 -1.39218e-05 -0.00124212
21.52 1.01533e-06 -4.63443e-05 -1.38679e-05 -2.78726e-05 -0.000346842 -0.00115909
21.54 1.05576e-06 -4.36061e-05 -2.69255e-05 -3.57232e-05 -0.000673419 -0.00109061
21.56 1.09205e-06 -4.11826e-05 -3.87682e-05 -4.26476e-05 -0.000969608 -0.00102999
21.58 1.10575e-06 -3.64416e-05 -4.85784e-05 -4.79365e-05 -0.00121497 -0.00091142
21.6 1.07899e-06 -2.61858e-05 -5.67849e-05 -5.0736e-05 -0.00142021 -0.000654917
21.62 1.01311e-06 -9.71388e-06 -6.45299e-05 -5.05721e-05 -0.00161392 -0.000242948
21.64 9.29924e-07 9.74457e-06 -7.21733e-05 -4.75442e-05 -0.00180508 0.000243716
21.66 8.55054e-07 2.67834e-05 -7.8676e-05 -4.20692e-05 -0.00196772 0.000669863
21.68 7.98328e-07 3.74875e-05 -8.25154e-05 -3.45434e-05 -0.00206374 0.000937577
21.7 7.47973e-07 4.20662e-05 -8.30518e-05 -2.52708e-05 -0.00207716 0.00105209
21.72 6.81351e-07 4.42503e-05 -8.09574e-05 -1.46338e-05 -0.00202478 0.00110672
21.74 5.83542e-07 4.79393e-05 -7.74728e-05 -3.22002e-06 -0.00193763 0.00119898
21.76 4.6126e-07 5.39886e-05 -7.34033e-05 8.27055e-06 -0.00183585 0.00135028
21.78 3.41536e-07 5.98977e-05 -6.87643e-05 1.92343e-05 -0.00171982 0.00149807
21.8 2.53578e-07 6.24735e-05 -6.30347e-05 2.92857e-05 -0.00157652 0.00156249
21.82 2.07127e-07 6.07862e-05 -5.54163e-05 3.8243e-05 -0.00138598 0.00152029
21.84 1.84642e-07 5.67112e-05 -4.51514e-05 4.60707e-05 -0.00112925 0.00141837
21.86 1.62379e-07 5.28781e-05 -3.24156e-05 5.28151e-05 -0.000810727 0.0013225
21.88 1.36573e-07 5.0261e-05 -1.92215e-05 5.84598e-05 -0.000480738 0.00125705
21.9 1.26509e-07 4.73398e-05 -8.79047e-06 6.26625e-05 -0.000219853 0.00118399
21.92 1.60153e-07 4.13067e-05 -3.31789e-06 6.46472e-05 -8.29818e-05 0.0010331
21.94 2.48232e-07 3.05071e-05 -2.30887e-06 6.361e-05 -5.77458e-05 0.000762995
21.96 3.70725e-07 1.60895e-05 -3.18582e-06 5.93363e-05 -7.96787e-05 0.000402404
21.98 4.91519e-07 1.42744e-06 -3.38063e-06 5.23398e-05 -8.4551e-05 3.5701e-05
22 5.85627e-07 -1.01484e-05 -1.87527e-06 4.34226e-05 -4.69013e-05 -0.000253815
22.02 6.54352e-07 -1.75755e-05 9.00395e-07 3.31894e-05 2.25193e-05 -0.000439571
22.04 7.17992e-07 -2.27279e-05 4.15832e-06 2.19626e-05 0.000104001 -0.000568435
22.06 7.97196e-07 -2.89371e-05 7.41822e-06 1.00377e-05 0.000185533 -0.000723729
22.08 8.96911e-07 -3.81824e-05 1.02126e-05 -2.09402e-06 0.000255422 -0.000954959
22.1 1.00074e-06 -4.90923e-05 1.15989e-05 -1.37894e-05 0.000290094 -0.00122782
22.12 1.07892e-06 -5.76559e-05 1.03597e-05 -2.44526e-05 0.000259101 -0.001442
22.14 1.10709e-06 -6.02642e-05 5.77841e-06 -3.36611e-05 0.00014452 -0.00150723
22.16 1.083e-06 -5.65024e-05 -1.72334e-06 -4.11628e-05 -4.31016e-05 -0.00141315
22.18 1.02903e-06 -4.94024e-05 -1.0457e-05 -4.68311e-05 -0.000261534 -0.00123557
22.2 9.74082e-07 -4.31805e-05 -1.78481e-05 -5.06086e-05 -0.000446389 -0.00107996
22.22 9.31278e-07 -4.0341e-05 -2.13882e-05 -5.24069e-05 -0.000534928 -0.00100895
22.24 8.94749e-07 -3.99709e-05 -2.01646e-05 -5.19392e-05 -0.000504324 -0.00099969
22.26 8.44719e-07 -3.81847e-05 -1.60712e-05 -4.86465e-05 -0.000401948 -0.000955014
22.28 7.61439e-07 -3.09868e-05 -1.30425e-05 -4.20537e-05 -0.000326199 -0.000774992
22.3 6.42824e-07 -1.75801e-05 -1.42039e-05 -3.23704e-05 -0.000355245 -0.000439685
22.32 5.05025e-07 -8.52313e-07 -1.94358e-05 -2.06037e-05 -0.000486096 -2.13167e-05
22.34 3.66349e-07 1.53904e-05 -2.57618e-05 -7.96786e-06 -0.000644314 0.00038492
22.36 2.32815e-07 2.93556e-05 -2.99978e-05 4.76786e-06 -0.000750258 0.000734197
22.38 1.03278e-07 4.13915e-05 -3.09154e-05 1.73602e-05 -0.000773206 0.00103522
22.4 -1.60993e-08 5.17817e-05 -2.91903e-05 2.96847e-05 -0.000730061 0.00129508
22.42 -1.0776e-07 5.92171e-05 -2.60096e-05 4.13892e-05 -0.00065051 0.00148104
22.44 -1.53599e-07 6.1887e-05 -2.22033e-05 5.19225e-05 -0.000555315 0.00154782
22.46 -1.49352e-07 5.9877e-05 -1.84159e-05 6.07723e-05 -0.00046059 0.00149755
22.48 -1.10037e-07 5.59014e-05 -1.53926e-05 6.76242e-05 -0.000384976 0.00139812
22.5 -6.17098e-08 5.32922e-05 -1.36743e-05 7.237e-05 -0.000341999 0.00133286
22.52 -2.74472e-08 5.33735e-05 -1.30272e-05 7.50404e-05 -0.000325815 0.00133489
22.54 -1.72625e-08 5.50022e-05 -1.23795e-05 7.57032e-05 -0.000309617 0.00137563
22.56 -2.26616e-08 5.62512e-05 -1.06085e-05 7.43411e-05 -0.000265324 0.00140687
22.58 -2.20551e-08 5.55027e-05 -7.56498e-06 7.07194e-05 -0.000189203 0.00138815
22.6 1.66597e-08 5.08197e-05 -4.37128e-06 6.4392e-05 -0.000109328 0.00127102
22.62 1.26407e-07 4.01237e-05 -2.78288e-06 5.50775e-05 -6.9601e-05 0.00100351
22.64 3.14663e-07 2.32674e-05 -4.05762e-06 4.31261e-05 -0.000101483 0.000581927
22.66 5.51373e-07 3.34634e-06 -8.0025e-06 2.95125e-05 -0.000200146 8.36934e-05
22.68 7.86451e-07 -1.46925e-05 -1.30344e-05 1.53622e-05 -0.000325997 -0.000367465
22.7 9.82489e-07 -2.69417e-05 -1.75655e-05 1.51878e-06 -0.00043932 -0.000673822
22.72 1.13159e-06 -3.25613e-05 -2.15954e-05 -1.15262e-05 -0.000540109 -0.000814372
22.74 1.249e-06 -3.38211e-05 -2.66563e-05 -2.34633e-05 -0.000666685 -0.000845879
22.76 1.35452e-06 -3.44235e-05 -3.37903e-05 -3.40308e-05 -0.000845108 -0.000860946
22.78 1.45473e-06 -3.7214e-05 -4.17569e-05 -4.30086e-05 -0.00104436 -0.000930737
22.8 1.53734e-06 -4.27393e-05 -4.77647e-05 -5.02439e-05 -0.00119461 -0.00106893
22.82 1.58189e-06 -4.95178e-05 -5.00671e-05 -5.56455e-05 -0.0012522 -0.00123846
22.84 1.57684e-06 -5.53916e-05 -4.95184e-05 -5.91691e-05 -0.00123848 -0.00138537
22.86 1.5266e-06 -5.85882e-05 -4.85207e-05 -6.0784e-05 -0.00121352 -0.00146532
22.88 1.44623e-06 -5.7966e-05 -4.87615e-05 -6.03788e-05 -0.00121955 -0.00144975
22.9 1.34639e-06 -5.29278e-05 -5.00329e-05 -5.76616e-05 -0.00125134 -0.00132375
22.92 1.22568e-06 -4.34394e-05 -5.07888e-05 -5.21959e-05 -0.00127025 -0.00108644
22.94 1.08123e-06 -3.01989e-05 -4.93034e-05 -4.36814e-05 -0.0012331 -0.000755288
22.96 9.16545e-07 -1.5019e-05 -4.43467e-05 -3.23724e-05 -0.00110913 -0.000375632
22.98 7.43943e-07 -6.81851e-07 -3.55784e-05 -1.91854e-05 -0.00088983 -1.70534e-05
23 5.78465e-07 1.04313e-05 -2.40333e-05 -5.26903e-06 -0.000601082 0.00026089
23.02 4.23861e-07 1.78136e-05 -1.20806e-05 8.52392e-06 -0.000302141 0.000445524
23.04 2.68704e-07 2.28761e-05 -2.22564e-06 2.17605e-05 -5.56643e-05 0.000572141
23.06 9.61721e-08 2.76803e-05 4.54785e-06 3.41978e-05 0.000113744 0.000692297
23.08 -1.01709e-07 3.37519e-05 9.31401e-06 4.55812e-05 0.000232947 0.00084415
23.1 -3.165e-07 4.16379e-05 1.39854e-05 5.5656e-05 0.00034978 0.00104138
23.12 -5.23406e-07 5.07177e-05 1.95804e-05 6.42533e-05 0.000489713 0.00126847
23.14 -6.879e-07 5.90474e-05 2.57358e-05 7.12757e-05 0.000643663 0.0014768
23.16 -7.78898e-07 6.39174e-05 3.16644e-05 7.66095e-05 0.00079194 0.0015986
23.18 -7.83859e-07 6.33886e-05 3.71481e-05 8.00854e-05 0.000929088 0.00158538
23.2 -7.1753e-07 5.76727e-05 4.24789e-05 8.15028e-05 0.00106242 0.00144242
23.22 -6.09163e-07 4.89903e-05 4.76849e-05 8.06668e-05 0.00119262 0.00122527
23.24 -4.86117e-07 3.99481e-05 5.19917e-05 7.74008e-05 0.00130034 0.000999119
23.26 -3.62133e-07 3.17594e-05 5.39074e-05 7.15437e-05 0.00134825 0.000794315
23.28 -2.31899e-07 2.39639e-05 5.16433e-05 6.30694e-05 0.00129162 0.000599348
23.3 -8.21386e-08 1.58092e-05 4.37941e-05 5.23176e-05 0.00109531 0.000395395
23.32 9.48845e-08 7.46191e-06 3.04202e-05 4.00329e-05 0.000760822 0.000186626
23.34 2.96004e-07 -3.12322e-07 1.38307e-05 2.7076e-05 0.000345912 -7.8113e-06
23.36 5.13756e-07 -7.35369e-06 -2.15036e-06 1.40838e-05 -5.37815e-05 -0.000183919
23.38 7.4433e-07 -1.45966e-05 -1.44342e-05 1.38973e-06 -0.000361006 -0.000365067
23.4 9.88046e-07 -2.32363e-05 -2.27318e-05 -1.08003e-05 -0.000568533 -0.00058115
23.42 1.24191e-06 -3.34305e-05 -2.96053e-05 -2.22355e-05 -0.00074044 -0.00083611
23.44 1.49144e-06 -4.37635e-05 -3.84117e-05 -3.26334e-05 -0.000960693 -0.00109454
23.46 1.70997e-06 -5.19017e-05 -5.0885e-05 -4.17978e-05 -0.00127266 -0.00129808
23.48 1.86843e-06 -5.59038e-05 -6.6148e-05 -4.96514e-05 -0.00165439 -0.00139818
23.5 1.94907e-06 -5.52284e-05 -8.14242e-05 -5.6147e-05 -0.00203645 -0.00138129
23.52 1.95418e-06 -5.07572e-05 -9.35661e-05 -6.11564e-05 -0.00234013 -0.00126946
23.54 1.90405e-06 -4.40228e-05 -0.000100524 -6.44257e-05 -0.00251414 -0.00110103
23.56 1.82501e-06 -3.65182e-05 -0.000102129 -6.56206e-05 -0.0025543 -0.000913336
23.58 1.74095e-06 -2.94492e-05 -9.98404e-05 -6.44067e-05 -0.00249705 -0.000736536
23.6 1.66463e-06 -2.34211e-05 -9.57073e-05 -6.05188e-05 -0.00239368 -0.000585772
23.62 1.59127e-06 -1.8113e-05 -9.13053e-05 -5.39241e-05 -0.00228358 -0.000453014
23.64 1.50314e-06 -1.2458e-05 -8.72086e-05 -4.50216e-05 -0.00218112 -0.000311579
23.66 1.37858e-06 -5.25013e-06 -8.29681e-05 -3.45777e-05 -0.00207507 -0.000131308
23.68 1.20094e-06 4.23851e-06 -7.74487e-05 -2.33563e-05 -0.00193702 0.000106007
23.7 9.64567e-07 1.58545e-05 -6.95139e-05 -1.18162e-05 -0.00173857 0.000396527
23.72 6.79384e-07 2.84357e-05 -5.85914e-05 -1.46149e-07 -0.00146539 0.000711189
23.74 3.70292e-07 4.01417e-05 -4.46119e-05 1.15166e-05 -0.00111576 0.00100396
23.76 6.92099e-08 4.92025e-05 -2.76906e-05 2.29724e-05 -0.000692553 0.00123057
23.78 -1.95081e-07 5.45757e-05 -8.26971e-06 3.39895e-05 -0.000206829 0.00136496
23.8 -4.02294e-07 5.61045e-05 1.23162e-05 4.43256e-05 0.000308034 0.0014032
23.82 -5.41401e-07 5.43619e-05 3.15787e-05 5.36896e-05 0.000789796 0.00135961
23.84 -6.11291e-07 5.04599e-05 4.64675e-05 6.17366e-05 0.00116217 0.00126202
23.86 -6.22651e-07 4.57137e-05 5.47501e-05 6.81336e-05 0.00136932 0.00114332
23.88 -5.94549e-07 4.11162e-05 5.64076e-05 7.26311e-05 0.00141078 0.00102833
23.9 -5.49434e-07 3.70214e-05 5.39424e-05 7.50835e-05 0.00134912 0.00092592
23.92 -5.05096e-07 3.31483e-05 5.11848e-05 7.53952e-05 0.00128015 0.000829052
23.94 -4.65135e-07 2.87297e-05 5.13161e-05 7.34817e-05 0.00128344 0.000718543
23.96 -4.17416e-07 2.28309e-05 5.52228e-05 6.93647e-05 0.00138114 0.000571011
23.98 -3.39555e-07 1.47424e-05 6.0969e-05 6.32765e-05 0.00152486 0.000368713
24 -2.08967e-07 4.26567e-06 6.45172e-05 5.55531e-05 0.0016136 0.000106686
24.02 -1.29218e-08 -8.0677e-06 6.14234e-05 4.63991e-05 0.00153623 -0.000201776
24.04 2.42563e-07 -2.07598e-05 4.9199e-05 3.58453e-05 0.00123049 -0.00051921
24.06 5.29404e-07 -3.1441e-05 2.91913e-05 2.40168e-05 0.000730087 -0.000786353
24.08 8.0656e-07 -3.78212e-05 6.08287e-06 1.1393e-05 0.000152135 -0.000945923
24.1 1.04114e-06 -3.92182e-05 -1.51341e-05 -1.28047e-06 -0.00037851 -0.000980862
24.12 1.22629e-06 -3.73892e-05 -3.21423e-05 -1.33171e-05 -0.000803893 -0.00093512
24.14 1.37856e-06 -3.56257e-05 -4.56641e-05 -2.42935e-05 -0.00114208 -0.000891013
24.16 1.51618e-06 -3.65261e-05 -5.735e-05 -3.40229e-05 -0.00143435 -0.000913534
24.18 1.63937e-06 -4.00667e-05 -6.76696e-05 -4.24734e-05 -0.00169245 -0.00100209
24.2 1.73073e-06 -4.35161e-05 -7.58315e-05 -4.97208e-05 -0.00189658 -0.00108836
24.22 1.77191e-06 -4.34709e-05 -8.12431e-05 -5.58555e-05 -0.00203192 -0.00108722
24.24 1.75901e-06 -3.85458e-05 -8.44894e-05 -6.08041e-05 -0.00211312 -0.000964047
24.26 1.70548e-06 -3.03193e-05 -8.69022e-05 -6.41566e-05 -0.00217346 -0.000758298
24.28 1.6297e-06 -2.16181e-05 -8.94823e-05 -6.51893e-05 -0.00223799 -0.000540677
24.3 1.53908e-06 -1.39182e-05 -9.21409e-05 -6.31894e-05 -0.00230448 -0.000348099
24.32 1.42534e-06 -6.41764e-06 -9.35939e-05 -5.78655e-05 -0.00234082 -0.000160508
24.34 1.2734e-06 2.416e-06 -9.17585e-05 -4.94883e-05 -0.00229492 6.0425e-05
24.36 1.07635e-06 1.25385e-05 -8.44783e-05 -3.87005e-05 -0.00211284 0.000313593
24.38 8.43589e-07 2.17995e-05 -7.0669e-05 -2.62623e-05 -0.00176746 0.000545214
24.4 5.96698e-07 2.78465e-05 -5.1483e-05 -1.29446e-05 -0.00128761 0.000696453
24.42 3.56998e-07 3.04252e-05 -3.02757e-05 5.32738e-07 -0.000757209 0.000760947
24.44 1.35492e-07 3.16542e-05 -1.08863e-05 1.36509e-05 -0.00027227 0.000791684
24.46 -6.65073e-08 3.41396e-05 4.4397e-06 2.61989e-05 0.000111039 0.000853846
24.48 -2.47629e-07 3.88569e-05 1.57178e-05 3.81534e-05 0.000393109 0.000971827
24.5 -3.98487e-07 4.44641e-05 2.42689e-05 4.94283e-05 0.000606976 0.00111207
24.52 -5.04456e-07 4.82194e-05 3.14873e-05 5.97611e-05 0.00078751 0.00120599
24.54 -5.57193e-07 4.77878e-05 3.8415e-05 6.88128e-05 0.000960776 0.00119519
24.56 -5.63449e-07 4.28816e-05 4.57649e-05 7.62973e-05 0.0011446 0.00107249
24.58 -5.40942e-07 3.55014e-05 5.35431e-05 8.19617e-05 0.00133914 0.000887905
24.6 -5.04752e-07 2.83173e-05 6.04648e-05 8.54487e-05 0.00151225 0.000708229
24.62 -4.53722e-07 2.25199e-05 6.41472e-05 8.6216e-05 0.00160435 0.000563233
24.64 -3.70495e-07 1.73066e-05 6.23188e-05 8.36821e-05 0.00155862 0.000432846
24.66 -2.38045e-07 1.14128e-05 5.41177e-05 7.75399e-05 0.00135351 0.000285439
24.68 -5.5157e-08 4.78806e-06 4.05304e-05 6.79614e-05 0.00101368 0.000119751
24.7 1.64121e-07 -1.41364e-06 2.38503e-05 5.55467e-05 0.000596505 -3.53556e-05
24.72 4.03765e-07 -6.32135e-06 6.59402e-06 4.11433e-05 0.000164919 -0.0001581
24.74 6.55429e-07 -1.05152e-05 -9.54798e-06 2.56773e-05 -0.000238799 -0.00026299
24.76 9.16123e-07 -1.54989e-05 -2.4155e-05 1.00022e-05 -0.000604128 -0.000387634
24.78 1.1789e-06 -2.20046e-05 -3.77582e-05 -5.23336e-06 -0.000944348 -0.000550345
24.8 1.42704e-06 -2.89908e-05 -5.1201e-05 -1.96477e-05 -0.00128056 -0.000725071
24.82 1.63801e-06 -3.43999e-05 -6.50909e-05 -3.30893e-05 -0.00162795 -0.000860357
24.84 1.79409e-06 -3.67663e-05 -7.93589e-05 -4.55265e-05 -0.0019848 -0.000919541
24.86 1.88986e-06 -3.60207e-05 -9.30109e-05 -5.69045e-05 -0.00232624 -0.000900893
24.88 1.93097e-06 -3.30482e-05 -0.000104433 -6.70178e-05 -0.00261192 -0.000826548
24.9 1.92862e-06 -2.89054e-05 -0.000112212 -7.5452e-05 -0.00280646 -0.000722936
24.92 1.8948e-06 -2.45031e-05 -0.000115688 -8.1629e-05 -0.00289341 -0.000612833
24.94 1.839e-06 -2.0588e-05 -0.00011478 -8.49183e-05 -0.0028707 -0.000514915
24.96 1.76471e-06 -1.75014e-05 -0.000109667 -8.47416e-05 -0.00274282 -0.000437719
24.98 1.66793e-06 -1.48297e-05 -0.000101085 -8.06829e-05 -0.00252817 -0.000370898
25 1.54138e-06 -1.15555e-05 -9.06067e-05 -7.26655e-05 -0.00226611 -0.000289008
25.02 1.37988e-06 -6.78329e-06 -7.9875e-05 -6.10967e-05 -0.00199771 -0.000169653
25.04 1.18198e-06 -3.83383e-07 -6.9376e-05 -4.68106e-05 -0.00173512 -9.58857e-06
25.06 9.48953e-07 6.99128e-06 -5.81538e-05 -3.08349e-05 -0.00145445 0.000174855
25.08 6.85158e-07 1.43737e-05 -4.45595e-05 -1.41243e-05 -0.00111445 0.000359491
25.1 3.99469e-07 2.09464e-05 -2.72835e-05 2.63605e-06 -0.000682371 0.000523879
25.12 1.05818e-07 2.62253e-05 -6.23017e-06 1.90784e-05 -0.000155819 0.000655906
25.14 -1.77656e-07 3.00102e-05 1.70898e-05 3.50238e-05 0.000427422 0.000750567
25.16 -4.3142e-07 3.22531e-05 4.00432e-05 5.028e-05 0.0010015 0.000806663
25.18 -6.39828e-07 3.29706e-05 6.00606e-05 6.45277e-05 0.00150214 0.000824608
25.2 -7.96093e-07 3.23097e-05 7.56509e-05 7.73429e-05 0.00189206 0.00080808
25.22 -9.02877e-07 3.07125e-05 8.65543e-05 8.82694e-05 0.00216476 0.000768132
25.24 -9.68095e-07 2.88897e-05 9.32008e-05 9.68756e-05 0.00233099 0.000722543
25.26 -9.98825e-07 2.7413e-05 9.61568e-05 0.000102801 0.00240492 0.000685609
25.28 -9.96996e-07 2.61793e-05 9.60093e-05 0.000105784 0.00240123 0.000654756
25.3 -9.59235e-07 2.42696e-05 9.35968e-05 0.000105645 0.00234089 0.000606993
25.32 -8.80424e-07 2.05062e-05 9.01621e-05 0.000102254 0.00225499 0.00051287
25.34 -7.5855e-07 1.4466e-05 8.6939e-05 9.55734e-05 0.00217438 0.0003618
25.36 -5.95968e-07 7.09849e-06 8.37592e-05 8.57338e-05 0.00209485 0.000177536
25.38 -3.94743e-07 1.96274e-07 7.76825e-05 7.30206e-05 0.00194287 4.9089e-06
25.4 -1.52839e-07 -4.97107e-06 6.42898e-05 5.78705e-05 0.00160791 -0.000124328
25.42 1.30475e-07 -8.55174e-06 4.15279e-05 4.10018e-05 0.00103863 -0.000213882
25.44 4.44664e-07 -1.16076e-05 1.18543e-05 2.34499e-05 0.000296481 -0.000290311
25.46 7.67259e-07 -1.48019e-05 -1.98219e-05 6.28093e-06 -0.000495754 -0.000370202
25.48 1.07419e-06 -1.77526e-05 -4.96867e-05 -9.78189e-06 -0.00124269 -0.000443999
25.5 1.34856e-06 -1.96449e-05 -7.61932e-05 -2.44387e-05 -0.00190562 -0.000491326
25.52 1.58128e-06 -2.01877e-05 -9.8685e-05 -3.76349e-05 -0.00246815 -0.000504902
25.54 1.76894e-06 -1.97944e-05 -0.000116167 -4.94293e-05 -0.00290539 -0.000495065
25.56 1.91277e-06 -1.90134e-05 -0.000127772 -5.99602e-05 -0.00319563 -0.000475532
25.58 2.01708e-06 -1.80254e-05 -0.000133831 -6.9317e-05 -0.00334718 -0.000450824
25.6 2.08593e-06 -1.66169e-05 -0.000135975 -7.73198e-05 -0.00340079 -0.000415596
25.62 2.12042e-06 -1.43852e-05 -0.00013619 -8.3431e-05 -0.00340616 -0.000359779
25.64 2.11796e-06 -1.09514e-05 -0.000135794 -8.69015e-05 -0.00339628 -0.0002739
25.66 2.07375e-06 -6.25677e-06 -0.000135026 -8.70257e-05 -0.00337706 -0.000156484
25.68 1.98392e-06 -8.88525e-07 -0.000133401 -8.33548e-05 -0.00333641 -2.22224e-05
25.7 1.84793e-06 3.98578e-06 -0.000130158 -7.5811e-05 -0.00325532 9.96859e-05
25.72 1.66637e-06 7.29448e-06 -0.000123668 -6.46914e-05 -0.00309298 0.000182438
25.74 1.43591e-06 8.87686e-06 -0.000110902 -5.06277e-05 -0.0027737 0.000222014
25.76 1.15245e-06 9.69638e-06 -8.94379e-05 -3.45844e-05 -0.00223688 0.00024251
25.78 8.23922e-07 1.11729e-05 -6.04533e-05 -1.77877e-05 -0.00151196 0.000279439
25.8 4.76312e-07 1.41192e-05 -2.85567e-05 -1.41765e-06 -0.000714215 0.000353127
25.82 1.42277e-07 1.8149e-05 1.6938e-06 1.3807e-05 4.23626e-05 0.000453913
25.84 -1.54482e-07 2.20078e-05 2.84685e-05 2.77871e-05 0.00071201 0.000550423
25.86 -4.02975e-07 2.44433e-05 5.20121e-05 4.08215e-05 0.00130085 0.000611337
25.88 -6.00511e-07 2.48891e-05 7.24474e-05 5.32836e-05 0.00181194 0.000622486
25.9 -7.50412e-07 2.36341e-05 8.89032e-05 6.54385e-05 0.00222351 0.000591099
25.92 -8.61198e-07 2.15695e-05 0.000100325 7.73198e-05 0.00250918 0.000539463
25.94 -9.42452e-07 1.96683e-05 0.000106427 8.85581e-05 0.00266178 0.000491912
25.96 -9.99216e-07 1.84222e-05 0.000107888 9.83073e-05 0.00269833 0.000460747
25.98 -1.02959e-06 1.75855e-05 0.000106046 0.000105421 0.00265227 0.000439821
26 -1.02637e-06 1.64121e-05 0.000102404 0.000108812 0.00256118 0.000410474
26.02 -9.808e-07 1.41852e-05 9.82009e-05 0.000107793 0.00245604 0.000354779
26.04 -8.8692e-07 1.06879e-05 9.43932e-05 0.000102264 0.00236081 0.000267308
26.06 -7.43935e-07 6.36703e-06 9.13693e-05 9.27063e-05 0.00228518 0.000159242
26.08 -5.52311e-07 2.05003e-06 8.73153e-05 7.99956e-05 0.00218379 5.12722e-05
26.1 -3.08314e-07 -1.71834e-06 7.73862e-05 6.5155e-05 0.00193546 -4.29765e-05
26.12 -8.95827e-09 -5.16815e-06 5.69112e-05 4.92118e-05 0.00142337 -0.000129258
26.14 3.3265e-07 -8.91652e-06 2.61429e-05 3.31248e-05 0.000653845 -0.000223006
26.16 6.81069e-07 -1.29242e-05 -9.26576e-06 1.76127e-05 -0.00023174 -0.000323241
26.18 9.95062e-07 -1.60908e-05 -4.26689e-05 2.94078e-06 -0.00106717 -0.000402437
26.2 1.25109e-06 -1.72064e-05 -7.06664e-05 -1.10512e-05 -0.0017674 -0.00043034
26.22 1.45077e-06 -1.62598e-05 -9.33327e-05 -2.46391e-05 -0.00233429 -0.000406664
26.24 1.60981e-06 -1.45859e-05 -0.000111532 -3.79415e-05 -0.00278946 -0.0003648
26.26 1.74175e-06 -1.36772e-05 -0.000124779 -5.08697e-05 -0.00312077 -0.000342072
26.28 1.84873e-06 -1.38649e-05 -0.000131576 -6.31182e-05 -0.00329078 -0.000346766
26.3 1.92406e-06 -1.40649e-05 -0.000131428 -7.40702e-05 -0.00328706 -0.000351769
26.32 1.96242e-06 -1.27739e-05 -0.000126323 -8.28045e-05 -0.00315939 -0.000319482
26.34 1.96687e-06 -9.48561e-06 -0.000120118 -8.83355e-05 -0.00300419 -0.000237239
26.36 1.94535e-06 -5.30604e-06 -0.000116158 -8.9925e-05 -0.00290515 -0.000132706
26.38 1.90036e-06 -2.14495e-06 -0.000115261 -8.72402e-05 -0.00288271 -5.36461e-05
26.4 1.82181e-06 -1.13593e-06 -0.000115566 -8.03438e-05 -0.00289035 -2.841e-05
26.42 1.68903e-06 -1.71515e-06 -0.000113383 -6.9616e-05 -0.00283576 -4.28967e-05
26.44 1.48099e-06 -2.17294e-06 -0.000104267 -5.57023e-05 -0.00260775 -5.43462e-05
26.46 1.19174e-06 -1.07059e-06 -8.5257e-05 -3.95441e-05 -0.00213231 -2.67758e-05
26.48 8.42446e-07 1.79437e-06 -5.73833e-05 -2.23651e-05 -0.00143518 4.4878e-05
26.5 4.77552e-07 5.60759e-06 -2.54427e-05 -5.39837e-06 -0.000636332 0.000140248
26.52 1.43301e-07 9.51702e-06 5.20563e-06 1.05556e-05 0.000130195 0.000238025
26.54 -1.32821e-07 1.32832e-05 3.15506e-05 2.53462e-05 0.000789093 0.000332217
26.56 -3.44166e-07 1.69724e-05 5.30245e-05 3.92616e-05 0.00132616 0.000424486
26.58 -4.93831e-07 2.01932e-05 6.97468e-05 5.26457e-05 0.0017444 0.00050504
26.6 -5.87429e-07 2.19134e-05 8.1424e-05 6.56659e-05 0.00203645 0.000548063
26.62 -6.35258e-07 2.12051e-05 8.78207e-05 7.8221e-05 0.00219643 0.000530349
26.64 -6.55694e-07 1.81903e-05 8.96535e-05 8.98508e-05 0.00224227 0.000454947
26.66 -6.71554e-07 1.42456e-05 8.86282e-05 9.9701e-05 0.00221663 0.000356288
26.68 -6.99486e-07 1.12602e-05 8.65959e-05 0.000106665 0.0021658 0.000281623
26.7 -7.39276e-07 1.04955e-05 8.46622e-05 0.000109669 0.00211744 0.000262496
26.72 -7.70518e-07 1.17899e-05 8.29322e-05 0.000107957 0.00207417 0.000294871
26.74 -7.59479e-07 1.36343e-05 8.07127e-05 0.00010128 0.00201866 0.000341
26.76 -6.72415e-07 1.41601e-05 7.63111e-05 8.99931e-05 0.00190857 0.000354151
26.78 -4.88443e-07 1.23756e-05 6.68403e-05 7.50304e-05 0.0016717 0.000309518
26.8 -2.08951e-07 8.61562e-06 4.97442e-05 5.778e-05 0.00124412 0.00021548
26.82 1.39292e-07 3.89965e-06 2.52847e-05 3.98277e-05 0.00063238 9.75318e-05
26.84 5.12347e-07 -9.47797e-07 -3.18375e-06 2.25368e-05 -7.96268e-05 -2.37048e-05
26.86 8.66405e-07 -5.47207e-06 -3.17571e-05 6.63609e-06 -0.000794259 -0.000136859
26.88 1.17161e-06 -9.16721e-06 -5.83538e-05 -7.88411e-06 -0.00145945 -0.000229276
26.9 1.41383e-06 -1.12939e-05 -8.25617e-05 -2.14819e-05 -0.0020649 -0.000282465
26.92 1.59068e-06 -1.13408e-05 -0.000103966 -3.46473e-05 -0.00260023 -0.000283637
26.94 1.71008e-06 -9.65316e-06 -0.000121306 -4.76427e-05 -0.00303392 -0.000241429
26.96 1.78881e-06 -7.46064e-06 -0.000133139 -6.03865e-05 -0.00332986 -0.000186594
26.98 1.846e-06 -6.09789e-06 -0.000138851 -7.23611e-05 -0.00347272 -0.000152511
27 1.89393e-06 -6.07108e-06 -0.000139026 -8.26071e-05 -0.00347711 -0.00015184
27.02 1.93337e-06 -6.86878e-06 -0.00013516 -8.99229e-05 -0.00338041 -0.000171791
27.04 1.95569e-06 -7.64321e-06 -0.000129088 -9.32168e-05 -0.00322855 -0.00019116
27.06 1.94811e-06 -7.92892e-06 -0.000122398 -9.18157e-05 -0.00306123 -0.000198306
27.08 1.8978e-06 -7.64679e-06 -0.000116132 -8.56123e-05 -0.0029045 -0.000191249
27.1 1.79361e-06 -6.65989e-06 -0.000110401 -7.50471e-05 -0.00276117 -0.000166567
27.12 1.62683e-06 -4.68686e-06 -0.000103421 -6.09851e-05 -0.0025866 -0.00011722
27.14 1.39458e-06 -1.71585e-06 -9.17673e-05 -4.46003e-05 -0.00229514 -4.29142e-05
27.16 1.10737e-06 1.70111e-06 -7.31653e-05 -2.72701e-05 -0.0018299 4.25455e-05
27.18 7.92706e-07 4.72209e-06 -4.8819e-05 -1.03184e-05 -0.00122098 0.000118101
27.2 4.84943e-07 6.85724e-06 -2.21799e-05 5.39955e-06 -0.000554729 0.000171502
27.22 2.0771e-07 8.41109e-06 4.01624e-06 1.97577e-05 0.000100448 0.000210365
27.24 -3.18116e-08 1.02468e-05 2.8667e-05 3.31647e-05 0.000716972 0.000256276
27.26 -2.32778e-07 1.29021e-05 5.08601e-05 4.6076e-05 0.00127203 0.000322686
27.28 -3.91204e-07 1.58317e-05 6.87878e-05 5.86641e-05 0.00172041 0.000395957
27.3 -5.02824e-07 1.77178e-05 8.05572e-05 7.07899e-05 0.00201477 0.00044313
27.32 -5.71668e-07 1.77328e-05 8.56861e-05 8.203e-05 0.00214304 0.000443505
27.34 -6.12283e-07 1.63831e-05 8.55359e-05 9.16364e-05 0.00213929 0.000409747
27.36 -6.41992e-07 1.49195e-05 8.24954e-05 9.85998e-05 0.00206324 0.000373144
27.38 -6.69184e-07 1.40406e-05 7.88198e-05 0.000101917 0.00197132 0.000351161
27.4 -6.872e-07 1.34241e-05 7.58017e-05 0.000100916 0.00189583 0.000335742
27.42 -6.78535e-07 1.24583e-05 7.35586e-05 9.54502e-05 0.00183973 0.000311586
27.44 -6.24889e-07 1.1089e-05 7.13062e-05 8.58948e-05 0.0017834 0.000277342
27.46 -5.13599e-07 9.79503e-06 6.73707e-05 7.3018e-05 0.00168497 0.000244978
27.48 -3.37504e-07 8.86592e-06 5.9119e-05 5.78367e-05 0.00147859 0.00022174
27.5 -9.57063e-08 7.86978e-06 4.41445e-05 4.15268e-05 0.00110407 0.000196826
27.52 2.00632e-07 5.91015e-06 2.2237e-05 2.529e-05 0.000556157 0.000147815
27.54 5.24732e-07 2.4564e-06 -4.15867e-06 1.00777e-05 -0.00010401 6.14355e-05
27.56 8.4049e-07 -2.06047e-06 -3.15441e-05 -3.68051e-06 -0.000788931 -5.15332e-05
27.58 1.11461e-06 -6.47529e-06 -5.71275e-05 -1.60867e-05 -0.00142878 -0.00016195
27.6 1.32553e-06 -9.68732e-06 -7.9188e-05 -2.74949e-05 -0.00198052 -0.000242284
27.62 1.46683e-06 -1.12382e-05 -9.6532e-05 -3.82012e-05 -0.00241431 -0.000281072
27.64 1.54676e-06 -1.12572e-05 -0.000108315 -4.82991e-05 -0.00270899 -0.000281548
27.66 1.58422e-06 -1.01127e-05 -0.000114473 -5.7636e-05 -0.00286301 -0.000252922
27.68 1.60184e-06 -8.25849e-06 -0.000116009 -6.57614e-05 -0.00290144 -0.000206548
27.7 1.61879e-06 -6.28237e-06 -0.000114621 -7.19366e-05 -0.00286671 -0.000157125
27.72 1.64507e-06 -4.84611e-06 -0.000111953 -7.52973e-05 -0.00279999 -0.000121203
27.74 1.67796e-06 -4.41232e-06 -0.000109015 -7.51125e-05 -0.00272651 -0.000110354
27.76 1.70191e-06 -4.94952e-06 -0.000106042 -7.09986e-05 -0.00265216 -0.00012379
27.78 1.69302e-06 -5.86571e-06 -0.000102669 -6.3017e-05 -0.0025678 -0.000146704
27.8 1.6267e-06 -6.29177e-06 -9.78284e-05 -5.16714e-05 -0.00244673 -0.00015736
27.82 1.48529e-06 -5.57607e-06 -8.95802e-05 -3.78574e-05 -0.00224044 -0.00013946
27.84 1.26508e-06 -3.59596e-06 -7.60266e-05 -2.27737e-05 -0.00190146 -8.99366e-05
27.86 9.81175e-07 -6.2658e-07 -5.69445e-05 -7.71597e-06 -0.00142421 -1.5671e-05
27.88 6.64868e-07 2.99918e-06 -3.41984e-05 6.26867e-06 -0.000855317 7.50108e-05
27.9 3.52785e-07 6.98866e-06 -1.04501e-05 1.86862e-05 -0.000261361 0.000174789
27.92 7.59795e-08 1.08893e-05 1.2228e-05 2.96263e-05 0.000305828 0.000272345
27.94 -1.44332e-07 1.40009e-05 3.25423e-05 3.95047e-05 0.000813898 0.000350168
27.96 -2.97676e-07 1.56759e-05 4.94497e-05 4.87439e-05 0.00123676 0.00039206
27.98 -3.86335e-07 1.57521e-05 6.20215e-05 5.75812e-05 0.00155118 0.000393967
28 -4.25604e-07 1.46787e-05 6.98762e-05 6.5973e-05 0.00174763 0.00036712
28.02 -4.38182e-07 1.32282e-05 7.34921e-05 7.35282e-05 0.00183807 0.000330842
28.04 -4.44954e-07 1.20708e-05 7.39659e-05 7.9526e-05 0.00184992 0.000301895
28.06 -4.57549e-07 1.15211e-05 7.24684e-05 8.3093e-05 0.00181246 0.000288148
28.08 -4.75406e-07 1.15457e-05 6.98139e-05 8.34786e-05 0.00174607 0.000288762
28.1 -4.87159e-07 1.19039e-05 6.63433e-05 8.0287e-05 0.00165927 0.000297723
28.12 -4.75247e-07 1.22613e-05 6.20608e-05 7.35766e-05 0.00155217 0.00030666
28.14 -4.21533e-07 1.22386e-05 5.65622e-05 6.38314e-05 0.00141464 0.000306092
28.16 -3.11567e-07 1.14776e-05 4.87175e-05 5.18661e-05 0.00121844 0.000287058
28.18 -1.38558e-07 9.75495e-06 3.7056e-05 3.87161e-05 0.000926785 0.000243975
28.2 9.17448e-08 7.08291e-06 2.10011e-05 2.54752e-05 0.000525245 0.000177147
28.22 3.59229e-07 3.72867e-06 1.55919e-06 1.30429e-05 3.89961e-05 9.32555e-05
28.24 6.3506e-07 1.42499e-07 -1.93431e-05 1.88136e-06 -0.000483778 3.56396e-06
28.26 8.9149e-07 -3.17363e-06 -3.99599e-05 -8.03469e-06 -0.000999415 -7.93739e-05
28.28 1.10829e-06 -5.8056e-06 -5.90863e-05 -1.70278e-05 -0.00147777 -0.000145201
28.3 1.27418e-06 -7.51715e-06 -7.57188e-05 -2.54452e-05 -0.00189376 -0.000188007
28.32 1.38685e-06 -8.26362e-06 -8.88561e-05 -3.34796e-05 -0.00222233 -0.000206677
28.34 1.45257e-06 -8.16129e-06 -9.78012e-05 -4.10917e-05 -0.00244605 -0.000204117
28.36 1.48394e-06 -7.45547e-06 -0.000102544 -4.79677e-05 -0.00256467 -0.000186464
28.38 1.49541e-06 -6.47415e-06 -0.000103772 -5.3529e-05 -0.00259539 -0.000161921
28.4 1.49852e-06 -5.5304e-06 -0.00010255 -5.70539e-05 -0.00256483 -0.000138318
28.42 1.49808e-06 -4.80901e-06 -9.99055e-05 -5.7889e-05 -0.00249868 -0.000120275
28.44 1.49051e-06 -4.3293e-06 -9.6473e-05 -5.56457e-05 -0.00241283 -0.000108277
28.46 1.46477e-06 -3.99969e-06 -9.23059e-05 -5.03013e-05 -0.00230861 -0.000100034
28.48 1.40615e-06 -3.67697e-06 -8.67884e-05 -4.21925e-05 -0.00217061 -9.19626e-05
28.5 1.30098e-06 -3.17277e-06 -7.86899e-05 -3.19455e-05 -0.00196807 -7.93523e-05
28.52 1.14149e-06 -2.24911e-06 -6.67953e-05 -2.03934e-05 -0.00167058 -5.62512e-05
28.54 9.30377e-07 -6.78134e-07 -5.08966e-05 -8.46012e-06 -0.00127295 -1.69604e-05
28.56 6.82421e-07 1.62889e-06 -3.20815e-05 3.03677e-06 -0.000802371 4.07393e-05
28.58 4.20463e-07 4.5158e-06 -1.19973e-05 1.36e-05 -0.000300058 0.000112942
28.6 1.68509e-07 7.5993e-06 7.98314e-06 2.31344e-05 0.000199662 0.000190062
28.62 -5.30869e-08 1.0407e-05 2.68793e-05 3.18338e-05 0.000672263 0.000260285
28.64 -2.29823e-07 1.25266e-05 4.385e-05 3.99761e-05 0.00109671 0.000313295
