0.02 -5.56324e-11 -9.7894e-11 -2.62883e-08 3.19639e-11 -6.57482e-07 -2.44837e-09
0.04 -4.87884e-10 4.22852e-09 -5.51837e-08 -2.60988e-12 -1.38017e-06 1.05757e-07
0.06 -2.09368e-09 1.72782e-08 6.66231e-08 -8.68097e-10 1.66627e-06 4.32136e-07
0.08 -6.13684e-09 5.21017e-08 4.36e-07 -3.78163e-09 1.09045e-05 1.30309e-06
0.1 -1.42707e-08 1.15612e-07 9.68834e-07 -8.75747e-09 2.42309e-05 2.89152e-06
0.12 -2.84145e-08 1.15033e-07 1.53051e-06 -1.3744e-08 3.82788e-05 2.87702e-06
0.14 -5.0365e-08 -1.13992e-07 2.07012e-06 -1.58518e-08 5.17747e-05 -2.85098e-06
0.16 -8.13595e-08 -6.77497e-07 2.62809e-06 -1.1616e-08 6.57297e-05 -1.69445e-05
0.18 -1.21874e-07 -1.57198e-06 3.25169e-06 5.05589e-09 8.13261e-05 -3.93159e-05
0.2 -1.71425e-07 -2.67054e-06 3.92947e-06 4.24808e-08 9.82778e-05 -6.67913e-05
0.22 -2.28272e-07 -3.83576e-06 4.59419e-06 1.0553e-07 0.000114903 -9.59339e-05
0.24 -2.89502e-07 -5.10284e-06 5.18656e-06 1.90274e-07 0.000129718 -0.000127624
0.26 -3.51841e-07 -6.59601e-06 5.7345e-06 2.85243e-07 0.000143422 -0.000164969
0.28 -4.12804e-07 -8.23638e-06 6.34963e-06 3.78518e-07 0.000158807 -0.000205995
0.3 -4.7133e-07 -9.73829e-06 7.10752e-06 4.64961e-07 0.000177762 -0.000243559
0.32 -5.27228e-07 -1.09441e-05 7.93586e-06 5.47052e-07 0.000198479 -0.000273716
0.34 -5.79865e-07 -1.19527e-05 8.63455e-06 6.27703e-07 0.000215954 -0.000298943
0.36 -6.27597e-07 -1.2903e-05 9.01925e-06 7.05092e-07 0.000225575 -0.000322711
0.38 -6.68626e-07 -1.38377e-05 9.0509e-06 7.79736e-07 0.000226367 -0.000346087
0.4 -7.02142e-07 -1.48189e-05 8.82327e-06 8.62802e-07 0.000220674 -0.000370628
0.42 -7.28455e-07 -1.59463e-05 8.47066e-06 9.66063e-07 0.000211855 -0.000398824
0.44 -7.48189e-07 -1.71493e-05 8.11319e-06 1.08247e-06 0.000202914 -0.000428911
0.46 -7.61239e-07 -1.80951e-05 7.76468e-06 1.18762e-06 0.000194198 -0.000452565
0.48 -7.65874e-07 -1.84531e-05 7.19506e-06 1.26193e-06 0.000179951 -0.000461521
0.5 -7.58776e-07 -1.8265e-05 6.08106e-06 1.29826e-06 0.00015209 -0.000456816
0.52 -7.36999e-07 -1.79517e-05 4.44504e-06 1.28508e-06 0.000111172 -0.000448979
0.54 -7.01122e-07 -1.80076e-05 2.78825e-06 1.20148e-06 6.97354e-05 -0.000450378
0.56 -6.5669e-07 -1.84607e-05 1.71822e-06 1.04158e-06 4.29734e-05 -0.000461709
0.58 -6.11595e-07 -1.8535e-05 1.48428e-06 8.32107e-07 3.71225e-05 -0.000463567
0.6 -5.7061e-07 -1.73213e-05 1.81165e-06 6.10762e-07 4.53102e-05 -0.000433214
0.62 -5.31256e-07 -1.48842e-05 2.16961e-06 3.89377e-07 5.42628e-05 -0.00037226
0.64 -4.84872e-07 -1.22173e-05 2.31268e-06 1.46303e-07 5.78412e-05 -0.000305559
0.66 -4.23156e-07 -9.93084e-06 2.64074e-06 -1.41661e-07 6.60459e-05 -0.000248374
0.68 -3.45495e-07 -7.59842e-06 3.95268e-06 -4.58734e-07 9.88582e-05 -0.00019004
0.7 -2.60446e-07 -4.5116e-06 6.72328e-06 -7.4583e-07 0.000168152 -0.000112837
0.72 -1.79856e-07 -5.31124e-07 1.05734e-05 -9.45542e-07 0.000264444 -1.32836e-05
0.74 -1.11416e-07 3.90421e-06 1.45007e-05 -1.0465e-06 0.000362669 9.7646e-05
0.76 -5.60327e-08 8.26354e-06 1.76955e-05 -1.067e-06 0.000442571 0.000206675
0.78 -1.04245e-08 1.20855e-05 2.02007e-05 -1.00185e-06 0.000505228 0.000302264
0.8 2.88375e-08 1.50903e-05 2.28604e-05 -8.16811e-07 0.000571749 0.000377414
0.82 6.24797e-08 1.75178e-05 2.65565e-05 -4.99451e-07 0.000664189 0.000438127
0.84 8.77373e-08 1.99722e-05 3.12109e-05 -7.97498e-08 0.000780599 0.000499513
0.86 1.00352e-07 2.26559e-05 3.55278e-05 4.13211e-07 0.000888564 0.000566633
0.88 9.83703e-08 2.49059e-05 3.80386e-05 9.78278e-07 0.000951362 0.000622906
0.9 8.38005e-08 2.57581e-05 3.84675e-05 1.60618e-06 0.000962089 0.000644221
0.92 5.94232e-08 2.486e-05 3.79956e-05 2.25406e-06 0.000950286 0.00062176
0.94 2.4099e-08 2.28297e-05 3.81517e-05 2.88463e-06 0.00095419 0.000570981
0.96 -2.70621e-08 2.0685e-05 3.94999e-05 3.49713e-06 0.000987908 0.000517339
0.98 -9.61065e-08 1.8894e-05 4.11178e-05 4.08365e-06 0.00102837 0.000472548
1 -1.7197e-07 1.66997e-05 4.23472e-05 4.57758e-06 0.00105912 0.000417666
1.02 -2.22146e-07 1.39227e-05 3.95446e-05 4.89929e-06 0.000989026 0.000348213
1.04 -2.02755e-07 1.21555e-05 2.74743e-05 5.05854e-06 0.000687143 0.000304013
1.06 -8.52288e-08 1.17142e-05 1.16721e-05 5.12993e-06 0.000291924 0.000292978
1.08 1.27293e-07 1.14995e-05 2.41751e-06 5.09969e-06 6.0463e-05 0.000287608
1.1 3.9405e-07 1.11636e-05 3.23726e-07 4.83907e-06 8.09653e-06 0.000279206
1.12 6.40634e-07 1.03946e-05 -2.0185e-08 4.24832e-06 -5.04834e-07 0.000259973
1.14 7.96558e-07 9.34021e-06 -4.88167e-06 3.3304e-06 -0.000122093 0.000233603
1.16 8.44377e-07 8.98122e-06 -1.8239e-05 2.13518e-06 -0.000456165 0.000224624
1.18 8.24816e-07 8.76384e-06 -3.37327e-05 7.12236e-07 -0.000843669 0.000219187
1.2 7.96456e-07 7.3665e-06 -4.0399e-05 -8.91194e-07 -0.00101039 0.000184239
1.22 7.91452e-07 5.25434e-06 -3.69073e-05 -2.61393e-06 -0.000923067 0.000131413
1.24 7.99369e-07 3.48667e-06 -3.17931e-05 -4.34275e-06 -0.000795158 8.72031e-05
1.26 7.87312e-07 1.82148e-06 -3.22983e-05 -5.90318e-06 -0.000807794 4.5556e-05
1.28 7.33618e-07 -4.78591e-07 -3.6706e-05 -7.14496e-06 -0.000918032 -1.19698e-05
1.3 6.37286e-07 -2.99521e-06 -3.79164e-05 -8.0407e-06 -0.000948305 -7.49114e-05
1.32 4.98335e-07 -4.48248e-06 -3.09645e-05 -8.6587e-06 -0.000774435 -0.000112109
1.34 3.0716e-07 -4.44321e-06 -1.67732e-05 -9.05639e-06 -0.000419504 -0.000111126
1.36 6.77865e-08 -4.34923e-06 1.56235e-08 -9.23917e-06 3.90749e-07 -0.000108776
1.38 -1.70864e-07 -4.62229e-06 9.94616e-06 -9.14579e-06 0.000248758 -0.000115605
1.4 -3.26507e-07 -2.33931e-06 5.20118e-06 -8.57937e-06 0.000130084 -5.85072e-05
1.42 -3.35118e-07 3.34107e-06 -3.22566e-06 -7.27945e-06 -8.0675e-05 8.35616e-05
1.44 -1.87082e-07 9.7008e-06 2.43327e-06 -5.21785e-06 6.08571e-05 0.000242621
1.46 6.30179e-08 1.49089e-05 2.14406e-05 -2.70681e-06 0.000536237 0.000372879
1.48 3.04238e-07 1.87851e-05 3.82433e-05 -1.02082e-07 0.000956482 0.000469824
1.5 4.22311e-07 2.14153e-05 4.20726e-05 2.44998e-06 0.00105225 0.000535606
1.52 3.82503e-07 2.36114e-05 3.56739e-05 4.88757e-06 0.000892219 0.000590532
1.54 2.53796e-07 2.7141e-05 2.94576e-05 7.05588e-06 0.000736746 0.000678809
1.56 1.39118e-07 3.22043e-05 3.22084e-05 8.78682e-06 0.000805546 0.000805442
1.58 9.47547e-08 3.58456e-05 4.38185e-05 1.00235e-05 0.00109592 0.000896514
1.6 1.1883e-07 3.51417e-05 5.35554e-05 1.07977e-05 0.00133944 0.000878909
1.62 1.8691e-07 3.09881e-05 4.98845e-05 1.12219e-05 0.00124763 0.000775026
1.64 2.77346e-07 2.67433e-05 3.42403e-05 1.15025e-05 0.000856363 0.000668861
1.66 3.74046e-07 2.45301e-05 1.99162e-05 1.17379e-05 0.000498112 0.000613508
1.68 4.6013e-07 2.40313e-05 1.64265e-05 1.16559e-05 0.000410832 0.000601033
1.7 5.10215e-07 2.33604e-05 1.96974e-05 1.07617e-05 0.000492641 0.000584253
1.72 4.92845e-07 1.95746e-05 1.88549e-05 8.82162e-06 0.00047157 0.000489569
1.74 3.93157e-07 1.08564e-05 8.47698e-06 6.07335e-06 0.000212013 0.000271523
1.76 2.36427e-07 9.24297e-08 -7.7536e-06 2.97454e-06 -0.000193921 2.3117e-06
1.78 7.92603e-08 -7.03944e-06 -2.19964e-05 -8.08361e-08 -0.000550139 -0.000176059
1.8 -2.83432e-08 -8.81371e-06 -2.85519e-05 -2.83944e-06 -0.000714095 -0.000220435
1.82 -7.30596e-08 -9.78342e-06 -2.78539e-05 -5.22583e-06 -0.000696637 -0.000244687
1.84 -8.08219e-08 -1.53225e-05 -2.65773e-05 -7.34465e-06 -0.000664709 -0.000383222
1.86 -1.00832e-07 -2.60141e-05 -3.14696e-05 -9.2844e-06 -0.000787068 -0.000650622
1.88 -1.77301e-07 -3.77093e-05 -4.22586e-05 -1.09166e-05 -0.0010569 -0.000943126
1.9 -3.15578e-07 -4.51e-05 -5.27609e-05 -1.20274e-05 -0.00131957 -0.00112797
1.92 -4.70044e-07 -4.5932e-05 -5.8033e-05 -1.26029e-05 -0.00145143 -0.00114878
1.94 -5.73081e-07 -4.2961e-05 -5.82482e-05 -1.28109e-05 -0.00145681 -0.00107447
1.96 -5.81028e-07 -4.16142e-05 -5.68684e-05 -1.27155e-05 -0.0014223 -0.00104079
1.98 -4.95758e-07 -4.46323e-05 -5.72863e-05 -1.21636e-05 -0.00143275 -0.00111627
2 -3.51004e-07 -4.88058e-05 -6.03233e-05 -1.09694e-05 -0.00150871 -0.00122065
2.02 -1.83482e-07 -4.81217e-05 -6.35147e-05 -9.1119e-06 -0.00158853 -0.00120354
2.04 -1.08304e-08 -3.98194e-05 -6.29835e-05 -6.77686e-06 -0.00157524 -0.000995901
2.06 1.71244e-07 -2.65559e-05 -5.7002e-05 -4.30966e-06 -0.00142564 -0.000664173
2.08 3.70772e-07 -1.35287e-05 -4.75977e-05 -2.09559e-06 -0.00119044 -0.00033836
2.1 5.75779e-07 -4.29157e-06 -3.78065e-05 -3.53768e-07 -0.000945557 -0.000107334
2.12 7.49932e-07 1.95502e-06 -2.79449e-05 9.91556e-07 -0.000698914 4.88959e-05
2.14 8.53653e-07 9.47071e-06 -1.5632e-05 2.19176e-06 -0.000390963 0.000236867
2.16 8.69693e-07 2.12953e-05 6.42938e-07 3.42427e-06 1.60801e-05 0.000532605
2.18 8.10948e-07 3.53809e-05 1.94585e-05 4.66579e-06 0.000486665 0.00088489
2.2 7.08678e-07 4.65941e-05 3.74932e-05 5.75764e-06 0.00093772 0.00116534
2.22 5.92214e-07 5.18561e-05 5.17139e-05 6.5608e-06 0.00129339 0.00129694
2.24 4.73375e-07 5.1943e-05 6.21139e-05 7.07517e-06 0.0015535 0.00129912
2.26 3.47547e-07 5.02306e-05 7.17339e-05 7.41851e-06 0.00179409 0.00125629
2.28 2.08957e-07 5.03076e-05 8.23826e-05 7.68079e-06 0.00206042 0.00125821
2.3 6.2765e-08 5.29662e-05 9.20063e-05 7.832e-06 0.00230112 0.00132471
2.32 -7.54111e-08 5.53423e-05 9.76145e-05 7.792e-06 0.00244138 0.00138413
2.34 -1.86365e-07 5.39219e-05 9.8283e-05 7.54552e-06 0.0024581 0.00134861
2.36 -2.55142e-07 4.81935e-05 9.42935e-05 7.16622e-06 0.00235832 0.00120534
2.38 -2.77639e-07 4.09589e-05 8.66465e-05 6.76868e-06 0.00216706 0.0010244
2.4 -2.58305e-07 3.56467e-05 7.74655e-05 6.44676e-06 0.00193744 0.000891538
2.42 -1.98728e-07 3.32555e-05 6.78382e-05 6.21152e-06 0.00169666 0.000831733
2.44 -9.29541e-08 3.16295e-05 5.62958e-05 5.96792e-06 0.00140798 0.000791067
2.46 6.17522e-08 2.80845e-05 4.10183e-05 5.57896e-06 0.00102589 0.000702405
2.48 2.51778e-07 2.1701e-05 2.20938e-05 4.9707e-06 0.000552574 0.00054275
2.5 4.47504e-07 1.32255e-05 1.59751e-06 4.1607e-06 3.99544e-05 0.000330774
2.52 6.16007e-07 4.86781e-06 -1.73427e-05 3.17706e-06 -0.000433748 0.000121746
2.54 7.3437e-07 -1.28817e-06 -3.24639e-05 1.98135e-06 -0.000811935 -3.22177e-05
2.56 7.97212e-07 -5.5263e-06 -4.49498e-05 4.99008e-07 -0.00112421 -0.000138215
2.58 8.17017e-07 -1.01006e-05 -5.84152e-05 -1.29646e-06 -0.00146099 -0.000252619
2.6 8.16408e-07 -1.65891e-05 -7.34504e-05 -3.35404e-06 -0.00183703 -0.000414901
2.62 8.16094e-07 -2.4211e-05 -8.60549e-05 -5.56296e-06 -0.00215227 -0.000605527
2.64 8.26018e-07 -3.07025e-05 -9.26265e-05 -7.76152e-06 -0.00231663 -0.000767882
2.66 8.44707e-07 -3.31965e-05 -9.38103e-05 -9.77009e-06 -0.00234624 -0.000830257
2.68 8.64776e-07 -3.03953e-05 -9.24725e-05 -1.1475e-05 -0.00231277 -0.0007602
2.7 8.78329e-07 -2.47763e-05 -8.98749e-05 -1.28707e-05 -0.00224781 -0.000619666
2.72 8.74817e-07 -2.05264e-05 -8.48568e-05 -1.39857e-05 -0.0021223 -0.000513373
2.74 8.31805e-07 -1.92575e-05 -7.48297e-05 -1.47769e-05 -0.00187152 -0.000481639
2.76 7.14903e-07 -1.80244e-05 -5.81694e-05 -1.51099e-05 -0.00145484 -0.000450797
2.78 4.98046e-07 -1.31137e-05 -3.71059e-05 -1.482e-05 -0.000928033 -0.00032798
2.8 1.88122e-07 -5.07565e-06 -1.59815e-05 -1.37985e-05 -0.000399704 -0.000126944
2.82 -1.74157e-07 2.29366e-06 4.40177e-06 -1.207e-05 0.00011009 5.73653e-05
2.84 -5.42926e-07 6.64744e-06 2.79886e-05 -9.77605e-06 0.000700006 0.000166255
2.86 -8.99404e-07 9.20077e-06 5.76528e-05 -7.02494e-06 0.00144192 0.000230115
2.88 -1.25694e-06 1.26142e-05 9.08002e-05 -3.79118e-06 0.00227095 0.000315486
2.9 -1.63453e-06 1.77987e-05 0.000121412 -4.71097e-08 0.00303657 0.000445152
2.92 -2.02599e-06 2.29509e-05 0.000144034 4.06438e-06 0.00360234 0.000574013
2.94 -2.39631e-06 2.5145e-05 0.000156977 8.32281e-06 0.00392605 0.000628887
2.96 -2.7061e-06 2.31403e-05 0.000164202 1.26493e-05 0.00410676 0.000578748
2.98 -2.93644e-06 1.85649e-05 0.000172185 1.70674e-05 0.00430642 0.000464315
3 -3.09221e-06 1.42581e-05 0.000182475 2.14515e-05 0.00456378 0.000356602
3.02 -3.18725e-06 1.14804e-05 0.000188807 2.54624e-05 0.00472215 0.00028713
3.04 -3.22623e-06 8.50382e-06 0.000183245 2.87322e-05 0.00458303 0.000212684
3.06 -3.19566e-06 2.59361e-06 0.000164314 3.099e-05 0.00410957 6.48673e-05
3.08 -3.07253e-06 -6.48428e-06 0.000138234 3.20323e-05 0.00345728 -0.000162174
3.1 -2.84774e-06 -1.54264e-05 0.000113286 3.17361e-05 0.00283333 -0.000385821
3.12 -2.54344e-06 -2.10399e-05 9.31779e-05 3.01293e-05 0.00233042 -0.000526217
3.14 -2.20305e-06 -2.48432e-05 7.39899e-05 2.73295e-05 0.00185052 -0.000621338
3.16 -1.86052e-06 -3.12631e-05 4.74121e-05 2.34004e-05 0.0011858 -0.000781904
3.18 -1.51957e-06 -4.15972e-05 9.12852e-06 1.83912e-05 0.000228308 -0.00104036
3.2 -1.15975e-06 -5.25314e-05 -3.52335e-05 1.25208e-05 -0.000881204 -0.00131383
3.22 -7.5658e-07 -6.06397e-05 -7.49979e-05 6.15326e-06 -0.00187573 -0.00151662
3.24 -2.99197e-07 -6.58725e-05 -0.000105359 -4.84424e-07 -0.00263508 -0.0016475
3.26 1.98293e-07 -6.97743e-05 -0.000130337 -7.41568e-06 -0.00325979 -0.00174508
3.28 6.9831e-07 -7.31915e-05 -0.000156012 -1.46259e-05 -0.00390192 -0.00183055
3.3 1.16037e-06 -7.5831e-05 -0.000183722 -2.17595e-05 -0.00459497 -0.00189656
3.32 1.56446e-06 -7.60098e-05 -0.000209152 -2.82545e-05 -0.00523097 -0.00190104
3.34 1.91037e-06 -7.22644e-05 -0.000226099 -3.37292e-05 -0.00565483 -0.00180736
3.36 2.19561e-06 -6.57916e-05 -0.000230774 -3.80952e-05 -0.00577175 -0.00164548
3.38 2.40264e-06 -5.90167e-05 -0.000223884 -4.13139e-05 -0.00559944 -0.00147603
3.4 2.50934e-06 -5.18231e-05 -0.000209336 -4.31991e-05 -0.00523559 -0.00129612
3.42 2.50797e-06 -4.17787e-05 -0.000190555 -4.35031e-05 -0.00476585 -0.0010449
3.44 2.41537e-06 -2.77198e-05 -0.000167963 -4.21099e-05 -0.00420082 -0.000693284
3.46 2.26808e-06 -1.08974e-05 -0.000139723 -3.90963e-05 -0.00349453 -0.000272547
3.48 2.10194e-06 6.76654e-06 -0.000104583 -3.46329e-05 -0.00261567 0.000169234
3.5 1.92745e-06 2.39217e-05 -6.32653e-05 -2.88509e-05 -0.00158229 0.000598293
3.52 1.72288e-06 4.00327e-05 -1.76393e-05 -2.18157e-05 -0.000441167 0.00100123
3.54 1.45535e-06 5.55111e-05 2.98406e-05 -1.36385e-05 0.000746327 0.00138836
3.56 1.11165e-06 7.1355e-05 7.609e-05 -4.59141e-06 0.00190304 0.00178462
3.58 7.13298e-07 8.75015e-05 0.000117782 4.91205e-06 0.00294578 0.00218845
3.6 3.07482e-07 0.000101437 0.00015282 1.4427e-05 0.00382208 0.00253698
3.62 -5.69693e-08 0.000109986 0.000181957 2.35346e-05 0.00455082 0.0027508
3.64 -3.53252e-07 0.000112822 0.000208017 3.18481e-05 0.0052026 0.00282172
3.66 -5.85536e-07 0.000113457 0.00023229 3.90566e-05 0.00580968 0.00283762
3.68 -7.76528e-07 0.000115744 0.000251973 4.49596e-05 0.00630195 0.00289481
3.7 -9.42768e-07 0.00011935 0.000262749 4.93702e-05 0.00657147 0.00298498
3.72 -1.07875e-06 0.000120153 0.000262897 5.1992e-05 0.00657517 0.00300508
3.74 -1.16566e-06 0.000114523 0.000253341 5.25221e-05 0.00633617 0.00286427
3.76 -1.19556e-06 0.000102361 0.000235899 5.09203e-05 0.00589993 0.0025601
3.78 -1.18227e-06 8.65089e-05 0.000212642 4.74638e-05 0.00531827 0.00216362
3.8 -1.14507e-06 6.99814e-05 0.000184908 4.24782e-05 0.00462462 0.00175026
3.82 -1.0863e-06 5.39805e-05 0.000151583 3.61237e-05 0.00379115 0.00135007
3.84 -9.9155e-07 3.70999e-05 0.000110501 2.8499e-05 0.00276368 0.000927883
3.86 -8.49469e-07 1.6431e-05 6.27795e-05 1.98126e-05 0.00157014 0.000410945
3.88 -6.6647e-07 -9.2597e-06 1.30578e-05 1.03436e-05 0.00032658 -0.000231589
3.9 -4.64384e-07 -3.71846e-05 -3.48561e-05 3.53929e-07 -0.000871765 -0.000930002
3.92 -2.66335e-07 -6.20491e-05 -8.02575e-05 -9.83467e-06 -0.00200727 -0.00155187
3.94 -7.71493e-08 -8.03238e-05 -0.000123753 -1.97712e-05 -0.00309511 -0.00200893
3.96 1.29957e-07 -9.20373e-05 -0.00016496 -2.90118e-05 -0.00412573 -0.00230189
3.98 4.00524e-07 -9.94252e-05 -0.000202036 -3.72637e-05 -0.005053 -0.00248667
4 7.59421e-07 -0.000104805 -0.000231669 -4.4294e-05 -0.00579414 -0.00262121
4.02 1.17786e-06 -0.000107901 -0.000249702 -4.97817e-05 -0.00624514 -0.00269865
4.04 1.57705e-06 -0.000105476 -0.000253787 -5.33796e-05 -0.00634731 -0.002638
4.06 1.86255e-06 -9.51536e-05 -0.00024504 -5.48905e-05 -0.00612854 -0.00237983
4.08 1.96146e-06 -7.91626e-05 -0.000225851 -5.43234e-05 -0.00564862 -0.00197989
4.1 1.84224e-06 -6.22047e-05 -0.000196899 -5.18214e-05 -0.00492453 -0.00155577
4.12 1.512e-06 -4.64795e-05 -0.000157655 -4.75506e-05 -0.00394302 -0.00116247
4.14 1.00005e-06 -3.15104e-05 -0.000108974 -4.15798e-05 -0.00272549 -0.000788089
4.16 3.4478e-07 -1.7174e-05 -5.33837e-05 -3.38715e-05 -0.00133515 -0.000429528
4.18 -4.07855e-07 -4.51674e-06 6.30878e-06 -2.44721e-05 0.000157785 -0.000112965
4.2 -1.20371e-06 6.41441e-06 6.72844e-05 -1.36813e-05 0.00168281 0.000160427
4.22 -1.9876e-06 1.69371e-05 0.000126269 -1.94847e-06 0.00315803 0.000423603
4.24 -2.71207e-06 2.72569e-05 0.000180679 1.03045e-05 0.00451887 0.000681705
4.26 -3.33831e-06 3.66604e-05 0.000230088 2.26053e-05 0.0057546 0.000916893
4.28 -3.83527e-06 4.53885e-05 0.00027399 3.42979e-05 0.00685262 0.00113518
4.3 -4.18422e-06 5.376e-05 0.000309441 4.47359e-05 0.00773926 0.00134456
4.32 -4.37886e-06 6.11322e-05 0.000333218 5.35775e-05 0.00833393 0.00152894
4.34 -4.41352e-06 6.78146e-05 0.000344479 6.0713e-05 0.00861555 0.00169607
4.36 -4.27694e-06 7.5198e-05 0.000343928 6.5983e-05 0.00860179 0.00188073
4.38 -3.96769e-06 8.22581e-05 0.0003324 6.91574e-05 0.00831347 0.00205731
4.4 -3.5178e-06 8.51399e-05 0.000310878 7.00833e-05 0.00777518 0.00212939
4.42 -3.00328e-06 8.01092e-05 0.000280125 6.86471e-05 0.00700605 0.00200356
4.44 -2.53349e-06 6.51766e-05 0.00024101 6.46763e-05 0.00602777 0.00163009
4.46 -2.21825e-06 4.10189e-05 0.000194988 5.80761e-05 0.00487673 0.0010259
4.48 -2.12109e-06 1.06894e-05 0.00014253 4.90219e-05 0.00356474 0.000267346
4.5 -2.2245e-06 -2.26741e-05 8.27521e-05 3.78882e-05 0.00206966 -0.000567089
4.52 -2.43128e-06 -5.7628e-05 1.61695e-05 2.50618e-05 0.000404407 -0.0014413
4.54 -2.60426e-06 -9.45964e-05 -5.42308e-05 1.0964e-05 -0.00135634 -0.00236589
4.56 -2.62336e-06 -0.000134544 -0.000125394 -3.79843e-06 -0.00313615 -0.00336501
4.58 -2.42773e-06 -0.000175989 -0.000196468 -1.8466e-05 -0.00491375 -0.00440156
4.6 -2.01947e-06 -0.000213661 -0.000268931 -3.23244e-05 -0.00672609 -0.00534374
4.62 -1.434e-06 -0.000242339 -0.000343913 -4.48161e-05 -0.0086014 -0.006061
4.64 -7.06112e-07 -0.000261107 -0.000417909 -5.55548e-05 -0.0104521 -0.00653039
4.66 1.41488e-07 -0.000271784 -0.000482392 -6.43786e-05 -0.0120648 -0.00679744
4.68 1.08569e-06 -0.000275035 -0.000530341 -7.13311e-05 -0.0132641 -0.00687874
4.7 2.09129e-06 -0.000269918 -0.000562048 -7.64425e-05 -0.0140571 -0.00675075
4.72 3.1247e-06 -0.000254722 -0.000582367 -7.95558e-05 -0.0145652 -0.00637069
4.74 4.18189e-06 -0.000227004 -0.000593576 -8.04537e-05 -0.0148456 -0.00567747
4.76 5.2917e-06 -0.000185459 -0.000592332 -7.90722e-05 -0.0148145 -0.00463841
4.78 6.47961e-06 -0.000132686 -0.000573052 -7.54986e-05 -0.0143323 -0.00331854
4.8 7.72282e-06 -7.41558e-05 -0.000533953 -6.98769e-05 -0.0133544 -0.00185467
4.82 8.93482e-06 -1.42404e-05 -0.000480046 -6.24271e-05 -0.0120062 -0.000356158
4.84 9.98971e-06 4.47599e-05 -0.000419289 -5.34521e-05 -0.0104866 0.00111946
4.86 1.07721e-05 0.000101058 -0.000355342 -4.32334e-05 -0.00888726 0.00252751
4.88 1.12267e-05 0.000154013 -0.000285398 -3.20229e-05 -0.00713791 0.00385193
4.9 1.13795e-05 0.00020542 -0.000205768 -2.01999e-05 -0.00514634 0.00513764
4.92 1.1323e-05 0.000257529 -0.000118388 -8.29583e-06 -0.00296093 0.0064409
4.94 1.11804e-05 0.000309853 -3.04913e-05 3.21498e-06 -0.000762601 0.00774957
4.96 1.10656e-05 0.000359421 5.13317e-05 1.40452e-05 0.00128383 0.00898926
4.98 1.10418e-05 0.000403441 0.000125271 2.3997e-05 0.00313309 0.0100902
5 1.10866e-05 0.000440591 0.000193392 3.28902e-05 0.00483682 0.0110194
5.02 1.10888e-05 0.000470647 0.000258265 4.06192e-05 0.0064593 0.0117711
5.04 1.08891e-05 0.000493541 0.000319676 4.71227e-05 0.00799523 0.0123437
5.06 1.03408e-05 0.000507998 0.000374081 5.22403e-05 0.00935593 0.0127052
5.08 9.34964e-06 0.000510154 0.000418174 5.57072e-05 0.0104587 0.0127592
5.1 7.87667e-06 0.000494438 0.000452892 5.73249e-05 0.011327 0.0123661
5.12 5.91958e-06 0.000457384 0.000482093 5.70719e-05 0.0120573 0.0114394
5.14 3.49285e-06 0.000399916 0.000506708 5.50996e-05 0.012673 0.0100021
5.16 6.21952e-07 0.000325416 0.000522332 5.17438e-05 0.0130637 0.00813878
5.18 -2.64711e-06 0.000235466 0.000523079 4.75141e-05 0.0130824 0.00588911
5.2 -6.23625e-06 0.000127749 0.000506429 4.29206e-05 0.012666 0.00319505
5.22 -1.00374e-05 -1.34566e-06 0.000473713 3.82672e-05 0.0118478 -3.36555e-05
5.24 -1.3922e-05 -0.000150533 0.000427502 3.36627e-05 0.010692 -0.00376488
5.26 -1.77323e-05 -0.000308967 0.000369505 2.91887e-05 0.00924147 -0.00772739
5.28 -2.1246e-05 -0.000460133 0.000298694 2.4931e-05 0.00747047 -0.0115081
5.3 -2.41486e-05 -0.00059062 0.000210333 2.07828e-05 0.00526052 -0.0147716
5.32 -2.60621e-05 -0.000694364 9.91041e-05 1.62025e-05 0.00247863 -0.0173663
5.34 -2.66426e-05 -0.000769279 -3.44582e-05 1.03095e-05 -0.000861813 -0.01924
5.36 -2.56911e-05 -0.000811769 -0.000181173 2.87523e-06 -0.00453121 -0.0203027
5.38 -2.3225e-05 -0.000817303 -0.000327462 -4.52771e-06 -0.00818996 -0.0204411
5.4 -1.95302e-05 -0.000787133 -0.000462803 -9.64067e-06 -0.0115749 -0.0196865
5.42 -1.51265e-05 -0.0007344 -0.000583537 -1.23857e-05 -0.0145945 -0.0183677
5.44 -1.05994e-05 -0.000679476 -0.000689178 -1.586e-05 -0.0172366 -0.016994
5.46 -6.45543e-06 -0.000629207 -0.000776216 -2.36691e-05 -0.0194135 -0.0157367
5.48 -3.01385e-06 -0.000568127 -0.000835114 -3.5959e-05 -0.0208866 -0.0142091
5.5 -3.42765e-07 -0.000485405 -0.000854186 -4.96375e-05 -0.0213636 -0.0121402
5.52 1.72901e-06 -0.00038497 -0.000828303 -6.26228e-05 -0.0207162 -0.00962828
5.54 3.50479e-06 -0.000273182 -0.00076167 -7.54949e-05 -0.0190497 -0.0068324
5.56 5.2165e-06 -0.000154878 -0.000661299 -8.89263e-05 -0.0165394 -0.00387357
5.58 6.88655e-06 -3.28597e-05 -0.000530616 -0.000101344 -0.0132709 -0.000821843
5.6 8.34459e-06 8.8984e-05 -0.000374016 -0.000109729 -0.00935432 0.00222552
5.62 9.34824e-06 0.0002045 -0.000204775 -0.000111936 -0.00512154 0.00511463
5.64 9.70595e-06 0.000305634 -3.99518e-05 -0.000107554 -0.000999228 0.00764401
5.66 9.37232e-06 0.000386481 0.000110094 -9.69178e-05 0.00275348 0.00966605
5.68 8.5023e-06 0.000446941 0.000243193 -8.01947e-05 0.00608235 0.0111782
5.7 7.42124e-06 0.000490345 0.000359368 -5.77839e-05 0.00898793 0.0122637
5.72 6.50941e-06 0.000518904 0.000454616 -3.11268e-05 0.0113701 0.012978
5.74 6.07838e-06 0.000533677 0.000519179 -2.5181e-06 0.0129849 0.0133475
5.76 6.31182e-06 0.000539084 0.000541642 2.60554e-05 0.0135467 0.0134827
5.78 7.2714e-06 0.000543564 0.000516435 5.37981e-05 0.0129162 0.0135948
5.8 8.92372e-06 0.000552617 0.000447691 8.10952e-05 0.0111969 0.0138212
5.82 1.11562e-05 0.000562506 0.000345623 0.000107934 0.00864417 0.0140685
5.84 1.37867e-05 0.000562369 0.000219214 0.000131838 0.00548263 0.0140651
5.86 1.65787e-05 0.000545581 7.19701e-05 0.000149012 0.00179999 0.0136452
5.88 1.92684e-05 0.000514701 -9.4558e-05 0.00015731 -0.00236495 0.0128729
5.9 2.16145e-05 0.000475304 -0.00027354 0.000156548 -0.00684136 0.0118876
5.92 2.34373e-05 0.000431304 -0.000451102 0.000146694 -0.0112823 0.0107871
5.94 2.46029e-05 0.000382896 -0.000612731 0.000127065 -0.0153247 0.00957637
5.96 2.49467e-05 0.000324306 -0.000748148 9.72143e-05 -0.0187115 0.00811101
5.98 2.42062e-05 0.000244538 -0.000847901 5.79744e-05 -0.0212064 0.00611598
6 2.20495e-05 0.000133716 -0.00090331 1.15925e-05 -0.0225922 0.00334428
6.02 1.82065e-05 -9.04477e-06 -0.000913493 -3.88105e-05 -0.0228469 -0.00022622
6.04 1.26382e-05 -0.000170911 -0.000884981 -8.98872e-05 -0.0221338 -0.00427457
6.06 5.66847e-06 -0.000326741 -0.000819355 -0.000138513 -0.0204925 -0.00817193
6.08 -2.00009e-06 -0.000451634 -0.000712672 -0.000181928 -0.0178243 -0.0112956
6.1 -9.45682e-06 -0.000537859 -0.000570079 -0.000217682 -0.014258 -0.0134521
6.12 -1.59189e-05 -0.000596621 -0.000404909 -0.000243637 -0.010127 -0.0149218
6.14 -2.10661e-05 -0.000642791 -0.000219884 -0.000258005 -0.00549946 -0.0160765
6.16 -2.51623e-05 -0.000677774 -4.17374e-08 -0.000259344 -1.10419e-06 -0.0169514
6.18 -2.88862e-05 -0.000688138 0.000267572 -0.000247061 0.00669203 -0.0172106
6.2 -3.2973e-05 -0.000664036 0.000576391 -0.000222209 0.0144157 -0.0166078
6.22 -3.78028e-05 -0.000613966 0.000898089 -0.00018517 0.0224618 -0.0153556
6.24 -4.30437e-05 -0.000552018 0.00117727 -0.000134335 0.0294487 -0.0138062
6.26 -4.74602e-05 -0.000482176 0.00134467 -7.17771e-05 0.0336522 -0.0120594
6.28 -4.87498e-05 -0.000399891 0.00135841 -3.0097e-06 0.0339987 -0.0100014
6.3 -4.61595e-05 -0.000290357 0.00129284 7.08864e-05 0.0323588 -0.00726196
6.32 -4.06124e-05 -0.000138921 0.00125933 0.000151519 0.0315207 -0.00347447
6.34 -3.28516e-05 5.10091e-05 0.00125741 0.000235849 0.0314727 0.00127575
6.36 -2.37125e-05 0.000257369 0.00122298 0.000318041 0.0306116 0.0064369
6.38 -1.46586e-05 0.000455002 0.00113815 0.000395341 0.02849 0.0113798
6.4 -6.56233e-06 0.000627241 0.0010424 0.000465021 0.0260953 0.0156876
6.42 3.67593e-08 0.000763765 0.000978242 0.00052125 0.0244906 0.0191021
6.44 5.03658e-06 0.000858867 0.000924634 0.000564619 0.0231498 0.0214807
6.46 8.84949e-06 0.000906531 0.000825283 0.000603612 0.020665 0.0226728
6.48 1.18977e-05 0.000899387 0.000597303 0.000641208 0.0149632 0.0224941
6.5 1.55982e-05 0.000829928 0.000240109 0.000672214 0.00602957 0.0207569
6.52 2.1047e-05 0.000748131 -0.000133436 0.000689448 -0.00331293 0.0187112
6.54 2.79409e-05 0.000695289 -0.000442792 0.000686596 -0.0110501 0.0173896
6.56 3.51764e-05 0.000649677 -0.000689266 0.000659458 -0.0172147 0.0162488
6.58 4.13912e-05 0.000587971 -0.000928244 0.000604281 -0.0231933 0.0147055
6.6 4.5049e-05 0.000480508 -0.00117929 0.000520268 -0.0294851 0.0120178
6.62 4.53748e-05 0.00033372 -0.00138974 0.000416213 -0.0348076 0.00834657
6.64 4.25606e-05 0.000179522 -0.00148023 0.00030542 -0.0371388 0.00449
6.66 3.75489e-05 3.14816e-05 -0.00142339 0.000195806 -0.0357173 0.000787457
6.68 3.13865e-05 -0.000109986 -0.00127196 8.9675e-05 -0.0319299 -0.00275072
6.7 2.50132e-05 -0.000246848 -0.0011211 -1.20161e-05 -0.028157 -0.00617368
6.72 1.92442e-05 -0.000374152 -0.00103873 -0.000107972 -0.0260968 -0.0093576
6.74 1.46688e-05 -0.000479848 -0.00103347 -0.000197134 -0.0259651 -0.0120011
6.76 1.15315e-05 -0.000550293 -0.00106992 -0.000279273 -0.0268769 -0.013763
6.78 9.66747e-06 -0.000583115 -0.00111205 -0.000355616 -0.0279304 -0.0145839
6.8 8.50402e-06 -0.000594095 -0.00114759 -0.000430116 -0.0288194 -0.0148585
6.82 7.3117e-06 -0.000606593 -0.0011618 -0.000506942 -0.0291747 -0.0151711
6.84 5.36293e-06 -0.000630967 -0.00112322 -0.0005818 -0.0282098 -0.0157807
6.86 1.93156e-06 -0.000660753 -0.00101609 -0.000642707 -0.0255306 -0.0165256
6.88 -3.28438e-06 -0.000687577 -0.000849131 -0.000682568 -0.0213548 -0.0171965
6.9 -9.82577e-06 -0.000708181 -0.000646679 -0.000700843 -0.0162914 -0.0177119
6.92 -1.69759e-05 -0.000719742 -0.000418311 -0.000694699 -0.0105798 -0.018001
6.94 -2.39449e-05 -0.000720865 -0.000158657 -0.000659011 -0.00408576 -0.0180291
6.96 -2.98826e-05 -0.000708588 0.000125466 -0.000593843 0.00302026 -0.017722
6.98 -3.42013e-05 -0.000674211 0.000407509 -0.000506267 0.0100743 -0.0168622
7 -3.6767e-05 -0.000606824 0.000656192 -0.00040649 0.016294 -0.0151769
7.02 -3.76565e-05 -0.000495847 0.00085098 -0.000304095 0.0211661 -0.0124013
7.04 -3.69075e-05 -0.000344229 0.000988049 -0.0002057 0.0245954 -0.00860927
7.06 -3.45719e-05 -0.000173009 0.00107891 -0.000114598 0.0268698 -0.00432698
7.08 -3.07503e-05 -5.15442e-06 0.00114119 -3.15327e-05 0.0284302 -0.000128859
7.1 -2.57585e-05 0.00014935 0.00118652 4.53711e-05 0.0295669 0.00373535
7.12 -2.01252e-05 0.00029378 0.00121586 0.000120559 0.0303033 0.0073476
7.14 -1.44823e-05 0.000430752 0.00122605 0.000198584 0.0305594 0.0107733
7.16 -9.39119e-06 0.00055141 0.00121922 0.000280098 0.0303886 0.013791
7.18 -5.2362e-06 0.000638226 0.00120482 0.000360052 0.0300284 0.0159624
7.2 -2.08896e-06 0.000679268 0.00118567 0.000431531 0.0295494 0.0169888
7.22 3.24027e-07 0.00067864 0.00112626 0.000489554 0.0280635 0.0169731
7.24 2.26029e-06 0.00065201 0.00100522 0.000528241 0.0250362 0.0163071
7.26 4.18442e-06 0.000616354 0.00082295 0.000540709 0.0204776 0.0154153
7.28 6.76926e-06 0.000584093 0.000594925 0.000524579 0.0147746 0.0146085
7.3 1.05145e-05 0.000561757 0.00034932 0.000483049 0.00863189 0.0140498
7.32 1.55915e-05 0.000549794 9.81176e-05 0.000421282 0.00234923 0.0137506
7.34 2.16243e-05 0.000537615 -0.00015196 0.000342713 -0.00390532 0.013446
7.36 2.78179e-05 0.000511255 -0.00039899 0.000250773 -0.0100836 0.0127868
7.38 3.31607e-05 0.000467423 -0.00063527 0.000153932 -0.0159932 0.0116905
7.4 3.67323e-05 0.000412527 -0.000844772 6.25759e-05 -0.0212335 0.0103175
7.42 3.79571e-05 0.000349278 -0.00100781 -1.84314e-05 -0.0253133 0.00873565
7.44 3.67464e-05 0.000271715 -0.00111212 -9.0875e-05 -0.0279262 0.00679578
7.46 3.34698e-05 0.000175912 -0.00115946 -0.000159104 -0.0291136 0.0043997
7.48 2.87458e-05 6.57772e-05 -0.00116258 -0.00022598 -0.0291919 0.00164518
7.5 2.32262e-05 -5.01609e-05 -0.00113801 -0.000290873 -0.0285774 -0.00125448
7.52 1.7497e-05 -0.000164323 -0.00110344 -0.000349947 -0.0277129 -0.00410972
7.54 1.19045e-05 -0.000272882 -0.00107129 -0.000399418 -0.0269087 -0.00682483
7.56 6.69584e-06 -0.000374597 -0.00102007 -0.000437805 -0.0256277 -0.00936878
7.58 1.94231e-06 -0.000465222 -0.000916163 -0.000461813 -0.0230289 -0.0116353
7.6 -2.59501e-06 -0.000536905 -0.000743809 -0.000464682 -0.0187183 -0.0134282
7.62 -7.21271e-06 -0.000585508 -0.000525916 -0.000442684 -0.0132687 -0.0146437
7.64 -1.21407e-05 -0.000614362 -0.000304412 -0.000397998 -0.0077288 -0.0153654
7.66 -1.7372e-05 -0.000629941 -9.45377e-05 -0.0003354 -0.00247975 -0.015755
7.68 -2.25928e-05 -0.000633842 0.000109043 -0.000258775 0.0026119 -0.0158526
7.7 -2.72335e-05 -0.00061514 0.000319391 -0.000169283 0.00787277 -0.0153849
7.72 -3.0655e-05 -0.00055596 0.000536988 -6.93354e-05 0.013315 -0.0139047
7.74 -3.23497e-05 -0.000454679 0.000740392 3.17841e-05 0.0184023 -0.0113717
7.76 -3.2016e-05 -0.000326394 0.00089692 0.000122152 0.0223177 -0.0081632
7.78 -2.96247e-05 -0.000185761 0.000988789 0.00019563 0.0246163 -0.0046459
7.8 -2.54639e-05 -4.12377e-05 0.00102547 0.00025309 0.0255343 -0.00103131
7.82 -2.00937e-05 0.000101789 0.00103144 0.000298418 0.0256837 0.00254583
7.84 -1.42491e-05 0.000234633 0.00102548 0.000334948 0.0255348 0.00586833
7.86 -8.66583e-06 0.000347616 0.00101397 0.000363685 0.0252469 0.00869409
7.88 -3.914e-06 0.000435764 0.00099881 0.000383289 0.0248677 0.0108987
7.9 -1.652e-07 0.000500405 0.000968345 0.000392537 0.0241057 0.0125154
7.92 2.74053e-06 0.000544926 0.000894312 0.000391915 0.0222541 0.0136289
7.94 5.26156e-06 0.000571169 0.000755955 0.000381096 0.0187938 0.0142852
7.96 8.04032e-06 0.000581618 0.000562734 0.000357249 0.0139612 0.0145466
7.98 1.15592e-05 0.000582853 0.000348668 0.000317963 0.00860736 0.0145775
8 1.59729e-05 0.000583625 0.000140264 0.00026448 0.00339508 0.0145968
8.02 2.09991e-05 0.000587868 -5.76606e-05 0.000200413 -0.00155509 0.0147029
8.04 2.59997e-05 0.000587252 -0.000254563 0.000127468 -0.0064797 0.0146875
8.06 3.02022e-05 0.000564328 -0.000457885 4.63084e-05 -0.0115649 0.0141141
8.08 3.29759e-05 0.000508946 -0.000656501 -3.7273e-05 -0.0165324 0.012729
8.1 3.39549e-05 0.000427308 -0.000821313 -0.000112467 -0.0206546 0.0106872
8.12 3.30665e-05 0.000331284 -0.000927465 -0.000171257 -0.0233099 0.00828562
8.14 3.05094e-05 0.000226422 -0.000976568 -0.000212825 -0.0245385 0.00566296
8.16 2.66659e-05 0.000111703 -0.000994233 -0.000240397 -0.0249805 0.00279381
8.18 2.19967e-05 -1.43082e-05 -0.00100629 -0.000256973 -0.0252822 -0.000357795
8.2 1.69394e-05 -0.000147944 -0.00101983 -0.000264276 -0.025621 -0.00370008
8.22 1.1841e-05 -0.000279926 -0.00102646 -0.000263315 -0.025787 -0.00700102
8.24 6.89227e-06 -0.000399872 -0.00101157 -0.000255358 -0.0254146 -0.0100009
8.26 2.04897e-06 -0.00050153 -0.000957903 -0.000242748 -0.0240723 -0.0125434
8.28 -2.71289e-06 -0.000583404 -0.000861307 -0.000227967 -0.0216564 -0.0145911
8.3 -7.36393e-06 -0.000644918 -0.000734421 -0.000211242 -0.018483 -0.0161296
8.32 -1.18653e-05 -0.000683415 -0.000591582 -0.000189823 -0.0149105 -0.0170924
8.34 -1.60932e-05 -0.00069613 -0.00043696 -0.000160416 -0.0110433 -0.0174104
8.36 -1.99208e-05 -0.000684283 -0.000268019 -0.000122075 -0.00681805 -0.0171141
8.38 -2.32202e-05 -0.000655267 -8.7828e-05 -7.66343e-05 -0.0023114 -0.0163885
8.4 -2.59026e-05 -0.000619853 9.44709e-05 -2.70059e-05 0.00224797 -0.0155027
8.42 -2.79595e-05 -0.000581785 0.000268862 2.52082e-05 0.00660956 -0.0145506
8.44 -2.94296e-05 -0.000534526 0.000426914 7.82154e-05 0.0105625 -0.0133687
8.46 -3.02458e-05 -0.000464375 0.000559294 0.000124148 0.0138734 -0.0116142
8.48 -3.02252e-05 -0.000369305 0.000659988 0.000152077 0.0163918 -0.00923642
8.5 -2.91383e-05 -0.000261103 0.000732716 0.000159243 0.0182108 -0.00653023
8.52 -2.68062e-05 -0.000147597 0.000785133 0.000152476 0.0195218 -0.00369141
8.54 -2.32237e-05 -3.03743e-05 0.0008199 0.000140687 0.0203914 -0.000759617
8.56 -1.8614e-05 9.13566e-05 0.000835693 0.000130226 0.0207864 0.00228492
8.58 -1.33669e-05 0.000214252 0.000832084 0.000124016 0.0206962 0.00535858
8.6 -7.86402e-06 0.000330494 0.00080568 0.000121551 0.0200358 0.00826586
8.62 -2.43009e-06 0.000430852 0.000745366 0.000120382 0.0185273 0.0107758
8.64 2.65689e-06 0.000509016 0.00064323 0.000118419 0.0159729 0.0127308
8.66 7.28298e-06 0.000563195 0.000506042 0.000113931 0.0125417 0.0140858
8.68 1.14787e-05 0.000594813 0.000350172 0.000104274 0.00864335 0.0148766
8.7 1.53425e-05 0.000606756 0.000188008 8.68429e-05 0.00458758 0.0151753
8.72 1.89734e-05 0.000603389 2.48262e-05 6.16582e-05 0.00050633 0.0150911
8.74 2.23974e-05 0.000590797 -0.000136309 3.17639e-05 -0.00352372 0.0147761
8.76 2.55775e-05 0.000575942 -0.00029384 8.00476e-07 -0.00746364 0.0144046
8.78 2.84238e-05 0.000562238 -0.000446833 -2.96222e-05 -0.0112901 0.0140619
8.8 3.07892e-05 0.000543669 -0.000590892 -5.9394e-05 -0.0148931 0.0135975
8.82 3.24627e-05 0.000506298 -0.000715004 -8.4738e-05 -0.0179971 0.0126628
8.84 3.31708e-05 0.000444157 -0.000808558 -9.87717e-05 -0.020337 0.0111086
8.86 3.26454e-05 0.000363125 -0.000871942 -0.000100633 -0.0219224 0.00908198
8.88 3.07116e-05 0.000268222 -0.000913555 -9.67826e-05 -0.0229632 0.00670839
8.9 2.73633e-05 0.000160188 -0.000939331 -9.37795e-05 -0.023608 0.00400643
8.92 2.28149e-05 4.05331e-05 -0.000949428 -9.48945e-05 -0.0238606 0.00101381
8.94 1.74224e-05 -8.50176e-05 -0.000937537 -0.000100997 -0.0235632 -0.00212627
8.96 1.15252e-05 -0.000208994 -0.000888969 -0.000111253 -0.0223484 -0.00522697
8.98 5.47818e-06 -0.000324305 -0.000795159 -0.000123383 -0.0200022 -0.00811095
9 -4.11781e-07 -0.000423932 -0.000667125 -0.000134383 -0.0168 -0.0106027
9.02 -5.93228e-06 -0.000500796 -0.000525953 -0.000140923 -0.0132693 -0.0125251
9.04 -1.09192e-05 -0.000550006 -0.000382514 -0.000139276 -0.00968181 -0.0137558
9.06 -1.52858e-05 -0.000571837 -0.000231135 -0.000126433 -0.00589575 -0.0143018
9.08 -1.90092e-05 -0.000573066 -6.39418e-05 -0.000102633 -0.00171418 -0.0143326
9.1 -2.2167e-05 -0.000564249 0.000116862 -7.21271e-05 0.0028078 -0.0141121
9.12 -2.49114e-05 -0.000553118 0.000296847 -4.0137e-05 0.0073093 -0.0138336
9.14 -2.73531e-05 -0.000537733 0.000456819 -8.50667e-06 0.0113103 -0.0134489
9.16 -2.94245e-05 -0.000505094 0.000584539 2.32625e-05 0.0145046 -0.0126326
9.18 -3.08458e-05 -0.000443546 0.000681559 5.2132e-05 0.0169311 -0.0110932
9.2 -3.12489e-05 -0.000359299 0.000759561 7.29386e-05 0.018882 -0.00898616
9.22 -3.03924e-05 -0.000270786 0.000827777 8.57652e-05 0.0205882 -0.00677241
9.24 -2.83176e-05 -0.00019084 0.000883241 9.61773e-05 0.0219755 -0.00477293
9.26 -2.53465e-05 -0.000117732 0.00091674 0.00010965 0.0228134 -0.00294447
9.28 -2.1908e-05 -3.81922e-05 0.000926345 0.000128437 0.0230537 -0.000955144
9.3 -1.83196e-05 5.75458e-05 0.000919868 0.000151614 0.0228917 0.0014393
9.32 -1.46319e-05 0.000162353 0.000899386 0.000176231 0.0223794 0.00406059
9.34 -1.07373e-05 0.000256433 0.000851361 0.000198558 0.0211783 0.00641354
9.36 -6.57269e-06 0.000326305 0.000762875 0.000214695 0.0189652 0.00816109
9.38 -2.13682e-06 0.000376555 0.000637552 0.000221378 0.0158309 0.00941786
9.4 2.48092e-06 0.000421718 0.000491983 0.00021696 0.0121901 0.0105474
9.42 7.1218e-06 0.000469092 0.000340058 0.00020152 0.00839039 0.0117322
9.44 1.16028e-05 0.000510854 0.000184883 0.000176545 0.00450942 0.0127767
9.46 1.57155e-05 0.00053268 2.3699e-05 0.000144609 0.000478133 0.0133226
9.48 1.92601e-05 0.000528763 -0.000143876 0.00010879 -0.00371299 0.0132246
9.5 2.20766e-05 0.000506251 -0.000309917 7.15506e-05 -0.00786575 0.0126616
9.52 2.4062e-05 0.00047468 -0.000460693 3.42737e-05 -0.0116367 0.011872
9.54 2.516e-05 0.000433061 -0.000584708 -1.27876e-06 -0.0147384 0.0108311
9.56 2.53308e-05 0.000373642 -0.000679747 -3.26923e-05 -0.0171154 0.009345
9.58 2.45366e-05 0.000293229 -0.000752441 -5.91076e-05 -0.0189335 0.00733385
9.6 2.27547e-05 0.000195609 -0.000810373 -8.18435e-05 -0.0203825 0.00489231
9.62 2.002e-05 8.72362e-05 -0.000855386 -0.000102805 -0.0215084 0.00218187
9.64 1.64785e-05 -2.68349e-05 -0.000884523 -0.000123354 -0.0222372 -0.000671095
9.66 1.23956e-05 -0.000141124 -0.000895143 -0.000143981 -0.0225028 -0.00352952
9.68 8.09185e-06 -0.000247599 -0.000884558 -0.00016401 -0.0222381 -0.0061925
9.7 3.84589e-06 -0.000337228 -0.000846264 -0.000181309 -0.0212803 -0.00843416
9.72 -6.73426e-08 -0.000403696 -0.000776494 -0.000192488 -0.0195354 -0.0100965
9.74 -3.46167e-06 -0.000446176 -0.000679547 -0.000194054 -0.0171107 -0.011159
9.76 -6.31988e-06 -0.000468369 -0.000561725 -0.000183765 -0.0141639 -0.0117141
9.78 -8.74933e-06 -0.000474325 -0.000424529 -0.000161285 -0.0107326 -0.011863
9.8 -1.09327e-05 -0.000464826 -0.0002673 -0.00012824 -0.00680019 -0.0116254
9.82 -1.29961e-05 -0.000436944 -9.48025e-05 -8.73088e-05 -0.00248596 -0.0109281
9.84 -1.49314e-05 -0.00038719 8.09981e-05 -4.14439e-05 0.00191089 -0.00968372
9.86 -1.65755e-05 -0.000317731 0.000244996 5.35323e-06 0.00601255 -0.00794652
9.88 -1.76615e-05 -0.00023803 0.000386615 4.84944e-05 0.0095545 -0.00595316
9.9 -1.79195e-05 -0.000155852 0.00050465 8.51544e-05 0.0125066 -0.00389785
9.92 -1.72004e-05 -7.10414e-05 0.000604107 0.000115291 0.0149941 -0.00177672
9.94 -1.55544e-05 1.9574e-05 0.000688068 0.000140705 0.017094 0.000489611
9.96 -1.32101e-05 0.000114898 0.000752815 0.000163566 0.0187133 0.0028737
9.98 -1.04755e-05 0.00020733 0.000790963 0.00018509 0.0196675 0.00518547
10 -7.6394e-06 0.000286894 0.000800384 0.000204793 0.0199031 0.0071754
10.02 -4.92025e-06 0.000348462 0.000789961 0.000220977 0.0196424 0.00871525
10.04 -2.43406e-06 0.000395587 0.000772939 0.000232214 0.0192167 0.00989387
10.06 -2.05869e-07 0.000436112 0.000748656 0.000237758 0.0186094 0.0109074
10.08 1.81147e-06 0.000473331 0.000700115 0.000236417 0.0173953 0.0118383
10.1 3.75026e-06 0.000502628 0.000613467 0.000226693 0.0152282 0.012571
10.12 5.75505e-06 0.000516679 0.000493218 0.000208237 0.0122208 0.0129224
10.14 7.88817e-06 0.00051099 0.000355378 0.000181867 0.00877331 0.0127801
10.16 1.00622e-05 0.000484846 0.00021245 0.00014864 0.00519864 0.0121263
10.18 1.2034e-05 0.000440504 6.89731e-05 0.000110476 0.00161021 0.0110173
10.2 1.35082e-05 0.000381334 -7.66435e-05 7.0656e-05 -0.00203172 0.00953739
10.22 1.42687e-05 0.000308081 -0.000226906 3.21876e-05 -0.00578986 0.0077053
10.24 1.42568e-05 0.000220336 -0.000378269 -3.31932e-06 -0.0095755 0.00551075
10.26 1.35587e-05 0.000121705 -0.000518332 -3.50825e-05 -0.0130785 0.00304395
10.28 1.23453e-05 1.95923e-05 -0.0006333 -6.2596e-05 -0.0159539 0.000490069
10.3 1.07994e-05 -7.86786e-05 -0.000718557 -8.56093e-05 -0.0180863 -0.00196773
10.32 9.06702e-06 -0.000168211 -0.00078041 -0.000104106 -0.0196333 -0.00420698
10.34 7.24328e-06 -0.000246694 -0.000828119 -0.000118337 -0.0208265 -0.00616985
10.36 5.38173e-06 -0.000313901 -0.000865182 -0.000128988 -0.0217535 -0.00785075
10.38 3.50971e-06 -0.00037039 -0.000887304 -0.000136926 -0.0223069 -0.00926355
10.4 1.61424e-06 -0.000416214 -0.000882422 -0.000142527 -0.0221847 -0.0104096
10.42 -4.14191e-07 -0.000450432 -0.000834944 -0.000145078 -0.0209973 -0.0112654
10.44 -2.63578e-06 -0.000472049 -0.000742959 -0.000143129 -0.0186967 -0.0118061
10.46 -5.04246e-06 -0.000481222 -0.000621214 -0.000135679 -0.0156518 -0.0120355
10.48 -7.5768e-06 -0.00047766 -0.000483217 -0.000122056 -0.0122005 -0.0119464
10.5 -1.00686e-05 -0.000457794 -0.00033071 -0.000101144 -0.00838619 -0.0114496
10.52 -1.22945e-05 -0.000416697 -0.00016197 -7.25707e-05 -0.00416595 -0.0104217
10.54 -1.40283e-05 -0.000354677 1.61867e-05 -3.83184e-05 0.000289838 -0.00887057
10.56 -1.51303e-05 -0.000278191 0.000190801 -1.82653e-06 0.00465702 -0.0069576
10.58 -1.55765e-05 -0.000195108 0.000350955 3.39372e-05 0.00866254 -0.00487968
10.6 -1.54421e-05 -0.00011081 0.000490778 6.71985e-05 0.0121596 -0.00277134
10.62 -1.48468e-05 -2.65331e-05 0.000608292 9.72084e-05 0.0150986 -0.000663545
10.64 -1.38951e-05 5.87658e-05 0.000703788 0.000123787 0.0174871 0.00146982
10.66 -1.26275e-05 0.000144797 0.000776918 0.000146838 0.0193161 0.00362149
10.68 -1.10115e-05 0.000227559 0.000824516 0.000166371 0.0205066 0.0056914
10.7 -8.98381e-06 0.000300733 0.000844072 0.000183041 0.0209957 0.00752152
10.72 -6.5249e-06 0.000360382 0.000838839 0.000198185 0.0208648 0.00901336
10.74 -3.64397e-06 0.000408018 0.000809319 0.00021273 0.0201265 0.0102048
10.76 -4.51282e-07 0.000447701 0.000748275 0.000225638 0.0185998 0.0111972
10.78 2.81897e-06 0.000480426 0.000648541 0.000234157 0.0161054 0.0120157
10.8 6.00347e-06 0.00050212 0.000511804 0.000235874 0.0126856 0.0125583
10.82 9.01534e-06 0.000506504 0.000348788 0.000229216 0.00860844 0.0126679
10.84 1.17953e-05 0.000489785 0.000170605 0.000212726 0.00415201 0.0122498
10.86 1.42861e-05 0.000453441 -1.3622e-05 0.000185475 -0.000455575 0.0113408
10.88 1.64043e-05 0.000403607 -0.000196236 0.000148452 -0.00502284 0.0100944
10.9 1.80698e-05 0.00034678 -0.000372096 0.000104909 -0.00942117 0.00867317
10.92 1.92094e-05 0.000283703 -0.000537005 5.87588e-05 -0.0135456 0.00709559
10.94 1.97429e-05 0.000209218 -0.000683445 1.31283e-05 -0.0172082 0.00523269
10.96 1.95723e-05 0.000120237 -0.000801698 -2.98247e-05 -0.0201658 0.00300724
10.98 1.86106e-05 2.19285e-05 -0.000887044 -6.87607e-05 -0.0223004 0.000548499
11 1.68369e-05 -7.51807e-05 -0.000943377 -0.000103076 -0.0237095 -0.00188024
11.02 1.43572e-05 -0.000162239 -0.000978538 -0.00013278 -0.0245891 -0.00405762
11.04 1.14271e-05 -0.000235915 -0.000998001 -0.000158362 -0.025076 -0.00590027
11.06 8.39121e-06 -0.000297644 -0.00100301 -0.00018047 -0.0252012 -0.00744414
11.08 5.47548e-06 -0.000350442 -0.000984167 -0.000199497 -0.02473 -0.00876464
11.1 2.71054e-06 -0.000395103 -0.00092191 -0.000214639 -0.023173 -0.00988163
11.12 -1.01952e-09 -0.000428823 -0.000806599 -0.000223505 -0.020289 -0.010725
11.14 -2.88425e-06 -0.000448239 -0.000650739 -0.000223874 -0.0163908 -0.0112106
11.16 -6.13577e-06 -0.000452699 -0.000475946 -0.000214683 -0.0120192 -0.0113221
11.18 -9.77654e-06 -0.000444843 -0.00029282 -0.000195171 -0.00743915 -0.0111256
11.2 -1.36115e-05 -0.000427811 -0.000100324 -0.000164196 -0.00262473 -0.0106997
11.22 -1.72666e-05 -0.000401263 0.000100797 -0.00012122 0.00240537 -0.0100357
11.24 -2.03365e-05 -0.000362926 0.000301287 -6.84571e-05 0.00741972 -0.00907686
11.26 -2.25016e-05 -0.000311783 0.00048655 -1.06243e-05 0.0120532 -0.00779777
11.28 -2.35718e-05 -0.000246725 0.00064253 4.77149e-05 0.0159544 -0.00617064
11.3 -2.34911e-05 -0.000167138 0.000760184 0.000103624 0.018897 -0.00418013
11.32 -2.23511e-05 -7.70731e-05 0.000839746 0.00015532 0.020887 -0.00192757
11.34 -2.03849e-05 1.37992e-05 0.000890632 0.000201391 0.0221598 0.000345181
11.36 -1.79196e-05 9.53694e-05 0.000923858 0.000240687 0.0229909 0.00238529
11.38 -1.53008e-05 0.000163496 0.000944424 0.000272651 0.0235054 0.00408916
11.4 -1.28072e-05 0.000221217 0.000952147 0.000297552 0.0236986 0.00553279
11.42 -1.05243e-05 0.000274063 0.000941916 0.000316354 0.0234427 0.0068545
11.44 -8.25236e-06 0.000324392 0.000897514 0.000329697 0.0223322 0.00811324
11.46 -5.72423e-06 0.000369615 0.000806022 0.000336614 0.020044 0.00924428
11.48 -2.69695e-06 0.000404041 0.000671729 0.000335015 0.0166852 0.0101053
11.5 9.4898e-07 0.000422507 0.000510991 0.000323141 0.0126651 0.0105671
11.52 5.08224e-06 0.000424776 0.000334967 0.000299715 0.00826268 0.0106239
11.54 9.40111e-06 0.000416739 0.000141553 0.000263454 0.00342532 0.0104229
11.56 1.35051e-05 0.000403662 -6.91634e-05 0.000214013 -0.00184478 0.0100958
11.58 1.70488e-05 0.000382489 -0.000285075 0.000153752 -0.00724482 0.00956626
11.6 1.98264e-05 0.000345372 -0.000488571 8.74086e-05 -0.0123343 0.00863796
11.62 2.17626e-05 0.00028985 -0.000667147 1.99708e-05 -0.0168006 0.00724933
11.64 2.28466e-05 0.000223008 -0.000814061 -4.45478e-05 -0.0204751 0.00557758
11.66 2.31106e-05 0.000155593 -0.000926891 -0.000103017 -0.0232974 0.00389151
11.68 2.26441e-05 9.31604e-05 -0.00100803 -0.000153104 -0.0253274 0.00233004
11.7 2.1574e-05 3.2867e-05 -0.00106242 -0.000193663 -0.0266885 0.000822076
11.72 1.99995e-05 -3.22937e-05 -0.00109386 -0.00022498 -0.0274756 -0.00080762
11.74 1.79558e-05 -0.000105432 -0.00110617 -0.000248421 -0.0277837 -0.00263684
11.76 1.54546e-05 -0.00018188 -0.00110644 -0.000265577 -0.0277905 -0.00454884
11.78 1.25276e-05 -0.00025336 -0.00109813 -0.000277461 -0.0275827 -0.00633658
11.8 9.17692e-06 -0.000315033 -0.00106299 -0.000283941 -0.0267037 -0.00787904
11.82 5.51431e-06 -0.000367811 -0.000977306 -0.000283585 -0.0245608 -0.00919906
11.84 1.65068e-06 -0.000413929 -0.000836335 -0.000274388 -0.021035 -0.0103525
11.86 -2.40514e-06 -0.000451466 -0.000656015 -0.000254593 -0.0165252 -0.0112913
11.88 -6.63647e-06 -0.000474755 -0.000458009 -0.000222935 -0.011573 -0.0118738
11.9 -1.09858e-05 -0.000479892 -0.000254031 -0.000179009 -0.00647137 -0.0120022
11.92 -1.52577e-05 -0.000467509 -4.82632e-05 -0.000123726 -0.00132504 -0.0116925
11.94 -1.91701e-05 -0.000440742 0.00015946 -5.96465e-05 0.00387022 -0.0110231
11.96 -2.24496e-05 -0.000402537 0.000366519 8.57895e-06 0.00904884 -0.0100676
11.98 -2.49065e-05 -0.000355062 0.000561073 7.50206e-05 0.0139147 -0.00888018
12 -2.6435e-05 -0.00029859 0.000723815 0.000134708 0.017985 -0.0074678
12.02 -2.69999e-05 -0.000231917 0.000841051 0.000185006 0.0209174 -0.00580028
12.04 -2.66279e-05 -0.000156597 0.000915483 0.000225263 0.0227793 -0.0039165
12.06 -2.54109e-05 -7.84543e-05 0.000961913 0.000255999 0.0239409 -0.00196212
12.08 -2.35171e-05 -3.59599e-06 0.000994407 0.000278596 0.0247539 -8.98791e-05
12.1 -2.11931e-05 6.62246e-05 0.00101882 0.000295048 0.0253648 0.00165636
12.12 -1.87159e-05 0.000132961 0.00103457 0.000307207 0.025759 0.00332548
12.14 -1.62962e-05 0.000198064 0.00104008 0.000315964 0.0258969 0.00495373
12.16 -1.39209e-05 0.000260239 0.00102526 0.000321139 0.0255263 0.00650875
12.18 -1.13221e-05 0.000316267 0.000969041 0.000321756 0.0241203 0.00791003
12.2 -8.30703e-06 0.000362934 0.000860438 0.000316069 0.0214041 0.00907718
12.22 -4.73421e-06 0.000398768 0.000707768 0.000301992 0.0175857 0.00997341
12.24 -5.13341e-07 0.000425156 0.000528636 0.000278037 0.0131056 0.0106334
12.26 4.26244e-06 0.000445147 0.000333518 0.000243864 0.00822558 0.0111334
12.28 9.37249e-06 0.000459875 0.000123019 0.000200412 0.00296092 0.0115017
12.3 1.44618e-05 0.000466181 -0.000100838 0.000149638 -0.00263784 0.0116594
12.32 1.9146e-05 0.000458181 -0.000329739 9.44344e-05 -0.00836276 0.0114594
12.34 2.30652e-05 0.000431846 -0.00054786 3.89866e-05 -0.013818 0.0108007
12.36 2.59222e-05 0.000387445 -0.000735258 -1.20383e-05 -0.018505 0.00969022
12.38 2.74942e-05 0.000327628 -0.000877027 -5.53432e-05 -0.0220511 0.00819418
12.4 2.76842e-05 0.000255954 -0.000972619 -8.98563e-05 -0.0244426 0.00640158
12.42 2.65758e-05 0.000176917 -0.00103404 -0.000116344 -0.0259795 0.00442483
12.44 2.44389e-05 9.44818e-05 -0.00107413 -0.000136756 -0.0269832 0.00236309
12.46 2.16761e-05 1.09649e-05 -0.00109796 -0.000153596 -0.0275799 0.000274295
12.48 1.87174e-05 -7.15629e-05 -0.00110551 -0.000169014 -0.0277689 -0.00178976
12.5 1.59032e-05 -0.000149478 -0.00110002 -0.000183868 -0.0276317 -0.00373845
12.52 1.34113e-05 -0.000218214 -0.00109047 -0.000197569 -0.0273929 -0.00545756
12.54 1.11236e-05 -0.000274315 -0.00106686 -0.000208927 -0.0268023 -0.00686068
12.56 8.8887e-06 -0.000316094 -0.00100565 -0.000216036 -0.0252715 -0.00790558
12.58 6.54461e-06 -0.000343308 -0.000893004 -0.000215787 -0.0224542 -0.00858623
12.6 3.8641e-06 -0.000357283 -0.000737664 -0.000205635 -0.018569 -0.00893574
12.62 7.17693e-07 -0.000359631 -0.000561049 -0.000184723 -0.0141518 -0.00899447
12.64 -2.92989e-06 -0.000350903 -0.000372414 -0.000153223 -0.00943397 -0.00877617
12.66 -6.91516e-06 -0.000331291 -0.00017449 -0.000112101 -0.0044838 -0.00828567
12.68 -1.09315e-05 -0.000301943 2.99713e-05 -6.37694e-05 0.000629858 -0.00755167
12.7 -1.46423e-05 -0.000265429 0.000235895 -1.25233e-05 0.00578009 -0.00663844
12.72 -1.77937e-05 -0.000225168 0.000433432 3.68043e-05 0.0107206 -0.00563149
12.74 -2.02403e-05 -0.000185128 0.00060681 8.09362e-05 0.0150569 -0.00463007
12.76 -2.19366e-05 -0.000149585 0.000743372 0.000118845 0.0184724 -0.00374111
12.78 -2.29106e-05 -0.000120083 0.000842653 0.000150907 0.0209557 -0.00300326
12.8 -2.32196e-05 -9.22844e-05 0.000912214 0.00017793 0.0226957 -0.00230801
12.82 -2.28985e-05 -5.89027e-05 0.00095782 0.00020103 0.0238367 -0.00147312
12.84 -2.1936e-05 -1.57408e-05 0.00098173 0.000221843 0.024435 -0.000393626
12.86 -2.02987e-05 3.58046e-05 0.00098729 0.00024198 0.0245741 0.000895546
12.88 -1.79169e-05 9.0549e-05 0.000970796 0.000262069 0.0241616 0.00226473
12.9 -1.4743e-05 0.00014389 0.00091411 0.000281129 0.0227438 0.0035988
12.92 -1.09359e-05 0.000194634 0.000803243 0.000296405 0.019971 0.00486793
12.94 -6.7042e-06 0.000241917 0.000643572 0.000304074 0.0159775 0.0060505
12.96 -2.21478e-06 0.000280526 0.000453676 0.000300371 0.0112282 0.00701613
12.98 2.35308e-06 0.000302927 0.000249903 0.000282395 0.00613172 0.00757638
13 6.82138e-06 0.000306419 4.19369e-05 0.000248982 0.000930401 0.00766372
13.02 1.0973e-05 0.00029525 -0.000162825 0.000201458 -0.00419078 0.00738438
13.04 1.46115e-05 0.000274617 -0.000360096 0.000143377 -0.00912461 0.00686835
13.06 1.7599e-05 0.000244915 -0.000545717 7.964e-05 -0.0137671 0.00612548
13.08 1.98592e-05 0.000204014 -0.000710061 1.56331e-05 -0.0178774 0.00510253
13.1 2.13426e-05 0.000153739 -0.000840901 -4.38965e-05 -0.02115 0.00384514
13.12 2.202e-05 0.00010047 -0.000934063 -9.58382e-05 -0.0234804 0.00251284
13.14 2.19055e-05 4.97636e-05 -0.00099667 -0.000139017 -0.0250467 0.00124467
13.16 2.1087e-05 2.33794e-06 -0.0010392 -0.00017415 -0.0261109 5.85308e-05
13.18 1.97331e-05 -4.47156e-05 -0.00106814 -0.000203411 -0.0268354 -0.0011183
13.2 1.80642e-05 -9.31089e-05 -0.00108697 -0.000229116 -0.0273069 -0.00232863
13.22 1.63019e-05 -0.000139622 -0.00109845 -0.000252159 -0.0275942 -0.00349195
13.24 1.4577e-05 -0.000177871 -0.00109646 -0.000271766 -0.0275446 -0.00444856
13.26 1.28023e-05 -0.000203622 -0.00105584 -0.000286236 -0.0265286 -0.0050926
13.28 1.08556e-05 -0.000217765 -0.000957703 -0.000292959 -0.0240741 -0.00544634
13.3 8.5336e-06 -0.00022508 -0.000806776 -0.000288581 -0.0202994 -0.00562928
13.32 5.52179e-06 -0.000231101 -0.000620092 -0.000270225 -0.0156303 -0.00577988
13.34 1.58671e-06 -0.000239944 -0.000411327 -0.000236764 -0.010409 -0.00600105
13.36 -3.34014e-06 -0.000252931 -0.000185559 -0.000189261 -0.00476247 -0.00632586
13.38 -9.03776e-06 -0.000267621 5.10233e-05 -0.000130471 0.00115455 -0.00669326
13.4 -1.5041e-05 -0.0002785 0.000288814 -6.3974e-05 0.00710181 -0.00696534
13.42 -2.07374e-05 -0.000280776 0.000513991 5.95104e-06 0.0127336 -0.00702228
13.44 -2.5504e-05 -0.000274718 0.000708886 7.44498e-05 0.017608 -0.00687075
13.46 -2.88434e-05 -0.000264331 0.000857241 0.000137406 0.0213187 -0.00661096
13.48 -3.05083e-05 -0.000250605 0.000954356 0.000192565 0.0237482 -0.00626768
13.5 -3.05425e-05 -0.000227488 0.0010097 0.000239307 0.0251329 -0.00568952
13.52 -2.92181e-05 -0.000186194 0.00103713 0.000278086 0.0258195 -0.00465672
13.54 -2.69149e-05 -0.000124501 0.00104472 0.000310081 0.0260095 -0.00311377
13.56 -2.401e-05 -5.12653e-05 0.00103533 0.000336462 0.0257745 -0.00128211
13.58 -2.07383e-05 1.97823e-05 0.00101102 0.000357568 0.0251666 0.000494821
13.6 -1.72115e-05 8.14211e-05 0.00096004 0.000372946 0.0238916 0.00203643
13.62 -1.35273e-05 0.000136813 0.000868273 0.000380825 0.0215965 0.00342181
13.64 -9.62473e-06 0.000192636 0.000727038 0.000378262 0.0180641 0.00481795
13.66 -5.3124e-06 0.000250508 0.000543943 0.000363065 0.0134848 0.00626537
13.68 -4.07158e-07 0.000303619 0.000336533 0.000333645 0.00829742 0.00759371
13.7 5.15174e-06 0.000342483 0.000114249 0.000288534 0.002738 0.0085657
13.72 1.11476e-05 0.000365055 -0.000109714 0.000228185 -0.0028634 0.00913024
13.74 1.71201e-05 0.000378656 -0.000321644 0.000156021 -0.00816387 0.0094704
13.76 2.2525e-05 0.000390744 -0.000514463 7.73106e-05 -0.0129864 0.00977273
13.78 2.69249e-05 0.000400452 -0.000687091 -2.17473e-06 -0.0173039 0.0100155
13.8 3.0097e-05 0.000400985 -0.000834531 -7.67793e-05 -0.0209917 0.0100289
13.82 3.20555e-05 0.000388701 -0.000947927 -0.00014198 -0.0238284 0.00972163
13.84 3.29976e-05 0.000367347 -0.00102283 -0.000195333 -0.0257027 0.00918757
13.86 3.32004e-05 0.000342736 -0.00106416 -0.000236377 -0.0267371 0.00857204
13.88 3.29096e-05 0.000316088 -0.00108371 -0.00026593 -0.0272267 0.00790554
13.9 3.22728e-05 0.000284009 -0.00109574 -0.000285683 -0.0275279 0.00710324
13.92 3.13329e-05 0.000243614 -0.00111291 -0.000298084 -0.0279581 0.00609296
13.94 3.00574e-05 0.000195272 -0.00114114 -0.000305426 -0.0286653 0.0048839
13.96 2.83637e-05 0.000139878 -0.00116757 -0.000308474 -0.0293277 0.00349847
13.98 2.59688e-05 7.54512e-05 -0.00114548 -0.000306487 -0.0287753 0.00188712
14 2.24613e-05 -2.51224e-06 -0.00104542 -0.000298177 -0.0262728 -6.27742e-05
14.02 1.76613e-05 -9.52419e-05 -0.00088407 -0.000281795 -0.0222373 -0.00238198
14.04 1.15855e-05 -0.000193336 -0.000695693 -0.00025502 -0.0175259 -0.00483535
14.06 4.52804e-06 -0.000278025 -0.000505946 -0.000215871 -0.0127803 -0.00695348
14.08 -2.8538e-06 -0.000335247 -0.000316546 -0.000164007 -0.00804329 -0.00838461
14.1 -9.78714e-06 -0.000368324 -0.000118931 -0.000101604 -0.00310087 -0.00921187
14.12 -1.56812e-05 -0.000392948 9.30682e-05 -3.37021e-05 0.00220132 -0.00982775
14.14 -2.03825e-05 -0.000420351 0.00031058 3.27135e-05 0.00764138 -0.0105131
14.16 -2.41346e-05 -0.000447285 0.000509864 9.1384e-05 0.0126256 -0.0111867
14.18 -2.7319e-05 -0.000461522 0.000667338 0.000139482 0.0165641 -0.0115428
14.2 -3.01509e-05 -0.00045644 0.000777307 0.000177376 0.0193146 -0.0114157
14.22 -3.25301e-05 -0.000439913 0.000853302 0.000205934 0.0212155 -0.0110024
14.24 -3.41056e-05 -0.000424644 0.000911343 0.000224973 0.0226675 -0.0106205
14.26 -3.44853e-05 -0.000410028 0.000954866 0.000234584 0.0237564 -0.0102549
14.28 -3.34385e-05 -0.000378524 0.000978821 0.00023774 0.0243558 -0.00946699
14.3 -3.09741e-05 -0.000313104 0.000981682 0.000239574 0.0244274 -0.00783081
14.32 -2.72791e-05 -0.00021695 0.000967402 0.000242889 0.0240703 -0.00542596
14.34 -2.26035e-05 -0.000110599 0.000930417 0.000245802 0.0231453 -0.00276606
14.36 -1.73596e-05 -1.1789e-05 0.000855564 0.000243776 0.0212732 -0.00029479
14.38 -1.19506e-05 7.65463e-05 0.00073379 0.000232543 0.0182275 0.00191451
14.4 -6.57138e-06 0.000161152 0.000573466 0.000209496 0.0142178 0.00403053
14.42 -1.21014e-06 0.00024679 0.000395002 0.000174051 0.00975431 0.00617239
14.44 4.33225e-06 0.00032942 0.000211361 0.000127813 0.00516138 0.00823898
14.46 1.02092e-05 0.000398604 2.50973e-05 7.4525e-05 0.000502834 0.0099693
14.48 1.63594e-05 0.000447135 -0.000163568 1.96993e-05 -0.00421576 0.0111831
14.5 2.24604e-05 0.000478465 -0.000349737 -3.05586e-05 -0.00887194 0.0119667
14.52 2.80171e-05 0.000502354 -0.000522506 -7.20569e-05 -0.013193 0.0125641
14.54 3.24821e-05 0.000523001 -0.000668689 -0.000104795 -0.0168491 0.0130805
14.56 3.53849e-05 0.000533506 -0.000778973 -0.000131601 -0.0196074 0.0133433
14.58 3.64423e-05 0.000521357 -0.000851693 -0.000153427 -0.0214263 0.0130394
14.6 3.56339e-05 0.000479019 -0.000892603 -0.000168409 -0.0224496 0.0119805
14.62 3.32058e-05 0.000408655 -0.000911371 -0.00017621 -0.0229191 0.0102207
14.64 2.96048e-05 0.000320771 -0.000916462 -0.000179457 -0.0230465 0.00802268
14.66 2.5366e-05 0.000227556 -0.000912439 -0.000180668 -0.0229458 0.00569134
14.68 2.08788e-05 0.000132448 -0.000888853 -0.000180029 -0.0223559 0.00331264
14.7 1.63026e-05 3.01247e-05 -0.000819546 -0.000175816 -0.0206225 0.000753489
14.72 1.15497e-05 -8.14604e-05 -0.00069004 -0.000166056 -0.0173836 -0.0020373
14.74 6.32036e-06 -0.000193335 -0.000520447 -0.000149603 -0.013142 -0.00483534
14.76 3.66806e-07 -0.000292648 -0.000347729 -0.000126091 -0.00882222 -0.00731918
14.78 -6.28292e-06 -0.000373213 -0.000188119 -9.56899e-05 -0.00483031 -0.00933416
14.8 -1.32252e-05 -0.00043691 -3.1425e-05 -5.92317e-05 -0.000911322 -0.0109273
14.82 -1.98031e-05 -0.000488974 0.000136389 -1.8429e-05 0.00328578 -0.0122294
14.84 -2.53868e-05 -0.000532122 0.000313345 2.41392e-05 0.00771151 -0.0133085
14.86 -2.95772e-05 -0.000561615 0.000479084 6.57233e-05 0.0118567 -0.0140462
14.88 -3.22204e-05 -0.00056714 0.00060755 0.000104504 0.0150697 -0.0141844
14.9 -3.33238e-05 -0.000543478 0.000686183 0.000139283 0.0170364 -0.0135925
14.92 -3.2998e-05 -0.000497819 0.000727731 0.00016791 0.0180755 -0.0124506
14.94 -3.14546e-05 -0.000439793 0.000759195 0.000187268 0.0188625 -0.0109994
14.96 -2.89801e-05 -0.00036768 0.000795785 0.000195867 0.0197776 -0.00919577
14.98 -2.58669e-05 -0.000272996 0.000829486 0.000196165 0.0206205 -0.00682768
15 -2.23148e-05 -0.000155646 0.000842274 0.000192847 0.0209404 -0.00389271
15.02 -1.8309e-05 -2.96395e-05 0.000816052 0.000189142 0.0202846 -0.000741238
15.04 -1.36968e-05 8.58054e-05 0.000745152 0.000185712 0.0185113 0.00214609
15.06 -8.43696e-06 0.000180612 0.000636906 0.000181508 0.015804 0.00451725
15.08 -2.62537e-06 0.000260371 0.000501162 0.000174466 0.012409 0.00651205
15.1 3.53446e-06 0.000337823 0.000346837 0.00016197 0.00854928 0.00844916
15.12 9.76571e-06 0.00041641 0.000179557 0.000141628 0.00436556 0.0104147
15.14 1.57919e-05 0.000485214 4.5333e-06 0.00011234 -1.18645e-05 0.0121355
15.16 2.13331e-05 0.000531858 -0.000173003 7.52738e-05 -0.00445212 0.0133021
15.18 2.61237e-05 0.000555682 -0.000345716 3.38857e-05 -0.00877176 0.0138979
15.2 2.99342e-05 0.00056587 -0.000503035 -7.81475e-06 -0.0127064 0.0141527
15.22 3.26075e-05 0.000568266 -0.000634585 -4.78597e-05 -0.0159965 0.0142126
15.24 3.40558e-05 0.00055497 -0.000736364 -8.54743e-05 -0.0185421 0.0138801
15.26 3.42367e-05 0.000510567 -0.000811588 -0.000116986 -0.0204235 0.0127695
15.28 3.31265e-05 0.000429504 -0.000866734 -0.000137298 -0.0218028 0.0107421
15.3 3.07472e-05 0.000321842 -0.000908244 -0.000146103 -0.022841 0.00804946
15.32 2.72291e-05 0.000202287 -0.000939513 -0.000148151 -0.0236232 0.00505935
15.34 2.28292e-05 7.80549e-05 -0.000958395 -0.000148345 -0.0240956 0.00195224
15.36 1.7868e-05 -4.96476e-05 -0.000954141 -0.000148948 -0.0239891 -0.00124165
15.38 1.25437e-05 -0.000175959 -0.000909628 -0.000149986 -0.0228759 -0.00440076
15.4 7.00222e-06 -0.000291774 -0.000818811 -0.000150236 -0.0206045 -0.00729732
15.42 1.33478e-06 -0.000390906 -0.000693205 -0.000147496 -0.017463 -0.00977667
15.44 -4.41568e-06 -0.000472406 -0.00054944 -0.000139417 -0.0138674 -0.011815
15.46 -1.01203e-05 -0.000536831 -0.000398271 -0.000124812 -0.0100866 -0.0134263
15.48 -1.55803e-05 -0.000584274 -0.000243448 -0.000103579 -0.00621442 -0.0146129
15.5 -2.05349e-05 -0.000615599 -8.53479e-05 -7.58807e-05 -0.00226027 -0.0153963
15.52 -2.47414e-05 -0.00063255 7.70688e-05 -4.26014e-05 0.00180184 -0.0158203
15.54 -2.80223e-05 -0.000635157 0.000240835 -5.72225e-06 0.00589769 -0.0158855
15.56 -3.02695e-05 -0.000618373 0.000395469 3.28651e-05 0.00976517 -0.0154657
15.58 -3.14197e-05 -0.000575591 0.000527457 7.03869e-05 0.0130662 -0.0143957
15.6 -3.14373e-05 -0.000505035 0.000629155 0.000101347 0.0156098 -0.0126311
15.62 -3.02696e-05 -0.000407872 0.000703554 0.000121271 0.0174705 -0.010201
15.64 -2.78823e-05 -0.000286303 0.000759177 0.000131235 0.0188617 -0.00716051
15.66 -2.43572e-05 -0.000148217 0.00080099 0.000136145 0.0199075 -0.00370691
15.68 -1.99414e-05 -8.22872e-06 0.000828005 0.000140413 0.0205832 -0.000205746
15.7 -1.50226e-05 0.000121161 0.00083638 0.000145854 0.0207927 0.00303034
15.72 -1.0014e-05 0.000236279 0.000823159 0.000151928 0.020462 0.00590949
15.74 -5.20616e-06 0.000338064 0.000784648 0.000157282 0.0194988 0.00845517
15.76 -7.91035e-07 0.000426355 0.000718099 0.000160999 0.0178344 0.0106634
15.78 3.19649e-06 0.000498677 0.00062441 0.000162069 0.0154912 0.0124722
15.8 6.85375e-06 0.000550664 0.000508388 0.000158492 0.0125895 0.0137724
15.82 1.02487e-05 0.000578188 0.000378111 0.000147977 0.00933117 0.0144608
15.84 1.33774e-05 0.000581559 0.000240166 0.000129542 0.00588111 0.0145451
15.86 1.61284e-05 0.000566654 9.77749e-05 0.000104067 0.00231985 0.0141723
15.88 1.83285e-05 0.000538341 -4.8578e-05 7.33703e-05 -0.0013405 0.0134642
15.9 1.9811e-05 0.000493883 -0.000196221 4.02527e-05 -0.00503311 0.0123523
15.92 2.04692e-05 0.000427868 -0.000336502 9.02995e-06 -0.00854158 0.0107012
15.94 2.02578e-05 0.000339553 -0.000459556 -1.68755e-05 -0.0116192 0.00849242
15.96 1.91882e-05 0.000233988 -0.000560481 -3.71067e-05 -0.0141434 0.00585219
15.98 1.73416e-05 0.000121637 -0.00063957 -5.29054e-05 -0.0161215 0.00304224
16 1.49041e-05 1.58261e-05 -0.000700175 -6.53095e-05 -0.0176372 0.000395876
16.02 1.21536e-05 -7.4581e-05 -0.000746353 -7.52331e-05 -0.0187922 -0.00186524
16.04 9.37828e-06 -0.000152162 -0.00077933 -8.37554e-05 -0.019617 -0.00380558
16.06 6.77367e-06 -0.000226961 -0.000797384 -9.165e-05 -0.0200685 -0.00567634
16.08 4.38073e-06 -0.000303753 -0.000799335 -9.92448e-05 -0.0201173 -0.00759692
16.1 2.06243e-06 -0.000375399 -0.000778606 -0.000106549 -0.0195989 -0.00938883
16.12 -3.8461e-07 -0.000429791 -0.000724836 -0.000112724 -0.0182541 -0.0107492
16.14 -3.04317e-06 -0.000460925 -0.000636831 -0.000115926 -0.016053 -0.0115279
16.16 -5.84329e-06 -0.000472313 -0.000525668 -0.000114296 -0.0132728 -0.0118127
16.18 -8.58633e-06 -0.000471492 -0.000404003 -0.000106816 -0.0102299 -0.0117922
16.2 -1.10119e-05 -0.000460566 -0.000274908 -9.2838e-05 -0.00700117 -0.0115189
16.22 -1.28825e-05 -0.000432051 -0.000135486 -7.18275e-05 -0.00351418 -0.0108057
16.24 -1.40354e-05 -0.000377326 1.38692e-05 -4.45573e-05 0.000221266 -0.00943702
16.26 -1.4417e-05 -0.000296769 0.000165775 -1.36218e-05 0.0040205 -0.00742226
16.28 -1.40676e-05 -0.000200417 0.000307761 1.76877e-05 0.00757163 -0.00501246
16.3 -1.30889e-05 -0.000100695 0.000425889 4.67284e-05 0.010526 -0.00251836
16.32 -1.16061e-05 -4.46331e-06 0.000512503 7.2077e-05 0.0126923 -0.000111571
16.34 -9.74443e-06 8.81301e-05 0.00057274 9.33425e-05 0.0141989 0.00220423
16.36 -7.60716e-06 0.000178799 0.000618783 0.000110821 0.0153504 0.00447189
16.38 -5.27641e-06 0.000266259 0.000656614 0.000125378 0.0162966 0.00665932
16.4 -2.83541e-06 0.000345739 0.000681395 0.000138344 0.0169164 0.00864712
16.42 -3.86553e-07 0.000411707 0.00068536 0.00015107 0.0170155 0.010297
16.44 1.98893e-06 0.000460843 0.000662621 0.000164141 0.0164468 0.0115259
16.46 4.2209e-06 0.000492564 0.000611062 0.000176468 0.0151573 0.0123193
16.48 6.20847e-06 0.000507242 0.000535882 0.000185489 0.013277 0.0126864
16.5 7.87194e-06 0.000504908 0.00044574 0.00018857 0.0110226 0.012628
16.52 9.16106e-06 0.000485092 0.00034431 0.000183561 0.00848575 0.0121324
16.54 1.00543e-05 0.000446928 0.000228747 0.000168815 0.00559546 0.0111779
16.56 1.05689e-05 0.000390569 9.87843e-05 0.000144373 0.00234504 0.00976835
16.58 1.07433e-05 0.000318485 -3.79325e-05 0.000112631 -0.00107431 0.0079655
16.6 1.06251e-05 0.00023484 -0.000172449 7.70096e-05 -0.00443862 0.00587352
16.62 1.02484e-05 0.000143983 -0.000300752 4.05568e-05 -0.00764754 0.00360114
16.64 9.62449e-06 4.96802e-05 -0.000421065 5.71951e-06 -0.0106566 0.00124258
16.66 8.75299e-06 -4.4007e-05 -0.000529538 -2.57057e-05 -0.0133696 -0.00110058
16.68 7.64257e-06 -0.000132746 -0.000621307 -5.28178e-05 -0.0156648 -0.00331998
16.7 6.32179e-06 -0.000213278 -0.000693591 -7.55974e-05 -0.0174726 -0.00533412
16.72 4.83913e-06 -0.000283771 -0.000746773 -9.46631e-05 -0.0188027 -0.00709717
16.74 3.26086e-06 -0.000343362 -0.000783087 -0.000111067 -0.019711 -0.00858757
16.76 1.6681e-06 -0.000391625 -0.000803418 -0.00012585 -0.0202195 -0.00979465
16.78 1.38788e-07 -0.000427667 -0.00080294 -0.00013934 -0.0202075 -0.0106961
16.8 -1.31909e-06 -0.000449512 -0.000770797 -0.000150662 -0.0194036 -0.0112424
16.82 -2.6977e-06 -0.000455434 -0.000703877 -0.000157925 -0.0177299 -0.0113905
16.84 -3.98402e-06 -0.000445816 -0.00061301 -0.000159148 -0.0154573 -0.01115
16.86 -5.1749e-06 -0.00042189 -0.000509141 -0.000152685 -0.0128594 -0.0105516
16.88 -6.22906e-06 -0.000383534 -0.000392343 -0.000137267 -0.0099383 -0.00959228
16.9 -7.0956e-06 -0.000330938 -0.000258305 -0.000112747 -0.00658594 -0.00827683
16.92 -7.71504e-06 -0.000265863 -0.000111061 -8.04634e-05 -0.00290332 -0.00664929
16.94 -8.03828e-06 -0.000190525 3.64602e-05 -4.27741e-05 0.000786254 -0.00476504
16.96 -8.01971e-06 -0.000107505 0.000170913 -2.53277e-06 0.00414899 -0.00268869
16.98 -7.61079e-06 -2.00249e-05 0.000286652 3.73839e-05 0.00704365 -0.000500774
17 -6.77009e-06 6.87978e-05 0.000386147 7.45629e-05 0.00953207 0.00172072
17.02 -5.50296e-06 0.000156465 0.000473057 0.000107307 0.0117057 0.00391332
17.04 -3.89513e-06 0.000239847 0.000545667 0.000134645 0.0135217 0.00599874
17.06 -2.10404e-06 0.000314625 0.000597865 0.00015641 0.0148272 0.00786897
17.08 -3.1326e-07 0.000376984 0.000626651 0.000173316 0.0155472 0.00942859
17.1 1.30819e-06 0.000425024 0.000637141 0.000186533 0.0158095 0.0106301
17.12 2.61986e-06 0.0004581 0.000638253 0.000196825 0.0158374 0.0114573
17.14 3.52618e-06 0.000475481 0.000632841 0.000204016 0.015702 0.011892
17.16 4.002e-06 0.000476008 0.000612411 0.000207041 0.015191 0.0119052
17.18 4.08702e-06 0.000458505 0.000565948 0.000204183 0.014029 0.0114675
17.2 3.88783e-06 0.000422029 0.000491935 0.000193682 0.0121779 0.0105552
17.22 3.54521e-06 0.000367803 0.000398829 0.000174942 0.00984924 0.00919897
17.24 3.17628e-06 0.000300553 0.000296529 0.000149001 0.00729068 0.00751701
17.26 2.83876e-06 0.000225243 0.000188993 0.000117485 0.00460117 0.00563349
17.28 2.51592e-06 0.000143694 7.43673e-05 8.19286e-05 0.00173433 0.00359391
17.3 2.15128e-06 5.55606e-05 -4.9362e-05 4.4263e-05 -0.00136019 0.00138965
17.32 1.69006e-06 -3.75869e-05 -0.00017808 7.05874e-06 -0.00457948 -0.000940007
17.34 1.10521e-06 -0.000129629 -0.000301144 -2.71053e-05 -0.00765737 -0.00324201
17.36 4.09943e-07 -0.000212016 -0.000407985 -5.63934e-05 -0.0103295 -0.00530256
17.38 -3.35242e-07 -0.000278832 -0.000495152 -7.9957e-05 -0.0125096 -0.00697364
17.4 -1.03576e-06 -0.000330293 -0.000566191 -9.78127e-05 -0.0142863 -0.00826071
17.42 -1.59997e-06 -0.000370963 -0.000624447 -0.000110595 -0.0157433 -0.00927787
17.44 -1.97928e-06 -0.000403876 -0.00066738 -0.00011917 -0.0168171 -0.0101011
17.46 -2.18604e-06 -0.000426998 -0.000689103 -0.000124215 -0.0173604 -0.0106793
17.48 -2.2772e-06 -0.000435486 -0.000687603 -0.000126014 -0.0173229 -0.0108916
17.5 -2.33147e-06 -0.00042642 -0.000665472 -0.000124382 -0.0167694 -0.0106649
17.52 -2.37949e-06 -0.000400719 -0.000624637 -0.000118545 -0.0157481 -0.0100221
17.54 -2.37603e-06 -0.000361976 -0.000564198 -0.000107707 -0.0142365 -0.00905312
17.56 -2.26644e-06 -0.000313665 -0.000483212 -9.18972e-05 -0.012211 -0.00784483
17.58 -2.01152e-06 -0.000254954 -0.000383491 -7.16038e-05 -0.00971689 -0.00637646
17.6 -1.5925e-06 -0.00018173 -0.000270108 -4.71757e-05 -0.00688113 -0.00454509
17.62 -9.99752e-07 -9.31839e-05 -0.000151243 -1.91527e-05 -0.00390827 -0.00233051
17.64 -2.15022e-07 4.8832e-06 -3.51402e-05 1.12063e-05 -0.0010045 0.000122189
17.66 7.70554e-07 0.000103372 7.39911e-05 4.18948e-05 0.00172492 0.00258545
17.68 1.9224e-06 0.000195366 0.000175978 7.05896e-05 0.00427565 0.00488624
17.7 3.14508e-06 0.000278147 0.000270612 9.53261e-05 0.00664249 0.00695663
17.72 4.30605e-06 0.000351361 0.000354965 0.000115106 0.0087522 0.00878774
17.74 5.28371e-06 0.000414236 0.000424894 0.000129982 0.0105011 0.0103603
17.76 6.00681e-06 0.000464594 0.000477388 0.000140596 0.0118141 0.0116197
17.78 6.46193e-06 0.000499828 0.000511345 0.00014775 0.0126633 0.012501
17.8 6.67085e-06 0.000518579 0.000527988 0.000152274 0.0130796 0.0129699
17.82 6.65584e-06 0.000521148 0.000530378 0.000154853 0.0131393 0.0130342
17.84 6.42416e-06 0.000506518 0.000518479 0.000155234 0.0128417 0.0126683
17.86 5.95372e-06 0.000470235 0.000486119 0.000152115 0.0120324 0.0117608
17.88 5.20019e-06 0.000410972 0.000427498 0.000144794 0.0105663 0.0102786
17.9 4.15056e-06 0.000333299 0.000344585 0.0001338 0.00849259 0.00833601
17.92 2.83953e-06 0.000242311 0.000245825 0.000119601 0.00602257 0.00606036
17.94 1.33825e-06 0.000140694 0.000139617 0.000101962 0.00336624 0.00351887
17.96 -2.70199e-07 2.97227e-05 3.10077e-05 8.06791e-05 0.000649885 0.000743435
17.98 -1.92429e-06 -8.75085e-05 -7.75242e-05 5.63665e-05 -0.00206454 -0.00218856
18 -3.5814e-06 -0.00020387 -0.000184248 3.05968e-05 -0.00473374 -0.00509882
18.02 -5.18747e-06 -0.000309004 -0.000286151 5.50087e-06 -0.00728239 -0.00772825
18.04 -6.65115e-06 -0.000394523 -0.000378217 -1.70326e-05 -0.009585 -0.00986713
18.06 -7.85457e-06 -0.000459019 -0.000455823 -3.61482e-05 -0.0115259 -0.0114802
18.08 -8.69271e-06 -0.000506912 -0.000518171 -5.20954e-05 -0.0130853 -0.012678
18.1 -9.11376e-06 -0.000542358 -0.000567629 -6.55298e-05 -0.0143223 -0.0135645
18.12 -9.13452e-06 -0.000565403 -0.00060548 -7.68553e-05 -0.0152689 -0.0141409
18.14 -8.82065e-06 -0.000573696 -0.000630246 -8.62018e-05 -0.0158884 -0.0143483
18.16 -8.24298e-06 -0.000565358 -0.000640254 -9.36866e-05 -0.0161386 -0.0141398
18.18 -7.44654e-06 -0.000538299 -0.000634332 -9.90327e-05 -0.0159905 -0.013463
18.2 -6.45105e-06 -0.000490468 -0.000609759 -0.000101416 -0.015376 -0.0122667
18.22 -5.24988e-06 -0.000424393 -0.000563863 -0.000100557 -0.0142281 -0.0106142
18.24 -3.84594e-06 -0.000344533 -0.000496717 -9.69011e-05 -0.0125487 -0.00861684
18.26 -2.27345e-06 -0.000251523 -0.000410771 -9.03823e-05 -0.0103992 -0.00629063
18.28 -5.94371e-07 -0.000144861 -0.000309858 -8.0026e-05 -0.0078753 -0.00362298
18.3 1.10687e-06 -2.80432e-05 -0.000198892 -6.48737e-05 -0.0051 -0.000701314
18.32 2.75365e-06 9.08013e-05 -8.29093e-05 -4.4972e-05 -0.00219923 0.00227104
18.34 4.28216e-06 0.000202775 3.43841e-05 -2.15939e-05 0.000734329 0.00507154
18.36 5.62689e-06 0.000301688 0.000150059 3.31294e-06 0.0036274 0.00754541
18.38 6.71645e-06 0.000385171 0.000259826 2.80445e-05 0.00637272 0.00963334
18.4 7.49937e-06 0.00045361 0.000357923 5.17399e-05 0.00882618 0.011345
18.42 7.97015e-06 0.000507889 0.000439924 7.42153e-05 0.010877 0.0127026
18.44 8.16855e-06 0.000547622 0.000504768 9.54107e-05 0.0124988 0.0136963
18.46 8.15423e-06 0.000571833 0.000553534 0.000115157 0.0137185 0.0143018
18.48 7.97631e-06 0.00058128 0.000586604 0.000133326 0.0145456 0.0145381
18.5 7.65429e-06 0.000578643 0.000602893 0.000150042 0.014953 0.0144722
18.52 7.17401e-06 0.000563855 0.000600589 0.000165408 0.0148953 0.0141023
18.54 6.51851e-06 0.000530082 0.000576248 0.00017825 0.0142866 0.0132576
18.56 5.64794e-06 0.000471233 0.000527735 0.000186415 0.0130732 0.0117858
18.58 4.52923e-06 0.00039097 0.000457604 0.000189079 0.0113192 0.00977837
18.6 3.17255e-06 0.000297515 0.000370648 0.000186625 0.00914444 0.00744103
18.62 1.63017e-06 0.000195819 0.000270145 0.000178799 0.00663082 0.00489758
18.64 1.40049e-08 8.75021e-05 0.000158099 0.000164664 0.00382848 0.00218852
18.66 -1.5477e-06 -2.56553e-05 3.83307e-05 0.000143784 0.000833036 -0.000641591
18.68 -2.95733e-06 -0.00013894 -8.32948e-05 0.000116973 -0.00220887 -0.0034749
18.7 -4.16621e-06 -0.000244405 -0.000200994 8.61676e-05 -0.00515257 -0.00611261
18.72 -5.1476e-06 -0.00033363 -0.000310805 5.37007e-05 -0.007899 -0.00834418
18.74 -5.87217e-06 -0.000402505 -0.000410229 2.1379e-05 -0.0103856 -0.0100668
18.76 -6.30699e-06 -0.000452932 -0.000497043 -9.92903e-06 -0.0125569 -0.011328
18.78 -6.42949e-06 -0.000489064 -0.000568734 -3.98466e-05 -0.0143499 -0.0122316
18.8 -6.23994e-06 -0.000512346 -0.000623146 -6.7848e-05 -0.0157108 -0.0128139
18.82 -5.76445e-06 -0.000520934 -0.000659873 -9.32422e-05 -0.0166293 -0.0130287
18.84 -5.04182e-06 -0.000512867 -0.000680787 -0.000115632 -0.0171524 -0.012827
18.86 -4.09986e-06 -0.000487442 -0.000688185 -0.000134576 -0.0173374 -0.0121911
18.88 -2.96314e-06 -0.000443709 -0.000680377 -0.000148725 -0.0171422 -0.0110973
18.9 -1.6682e-06 -0.000383048 -0.000650876 -0.000156496 -0.0164043 -0.00958013
18.92 -2.68399e-07 -0.000310279 -0.000595138 -0.000157389 -0.0150103 -0.00776016
18.94 1.13919e-06 -0.000229275 -0.000515647 -0.000151676 -0.0130222 -0.00573421
18.96 2.43676e-06 -0.000140978 -0.000419246 -0.000139272 -0.0106111 -0.00352587
18.98 3.53045e-06 -4.58924e-05 -0.000311797 -0.000119668 -0.00792381 -0.00114773
19 4.38123e-06 5.24211e-05 -0.000196839 -9.27975e-05 -0.00504865 0.00131113
19.02 5.01693e-06 0.000147264 -7.75166e-05 -5.96668e-05 -0.00206436 0.00368319
19.04 5.49114e-06 0.000231566 4.22235e-05 -2.23136e-05 0.000930395 0.00579161
19.06 5.83504e-06 0.000301359 0.000157389 1.67617e-05 0.00381074 0.00753717
19.08 6.04192e-06 0.000357236 0.000262682 5.53673e-05 0.00644415 0.00893468
19.1 6.08705e-06 0.000402209 0.000353918 9.20419e-05 0.00872599 0.0100595
19.12 5.94902e-06 0.000437413 0.000429123 0.000125797 0.0106069 0.0109399
19.14 5.61681e-06 0.000460104 0.000488098 0.000155641 0.0120819 0.0115075
19.16 5.08802e-06 0.000466884 0.000530953 0.000180586 0.0131537 0.011677
19.18 4.36733e-06 0.00045812 0.000557588 0.000200109 0.0138199 0.0114578
19.2 3.46795e-06 0.00043715 0.000567846 0.000214027 0.0140764 0.0109334
19.22 2.42723e-06 0.000404804 0.000559947 0.000221785 0.0138789 0.0101244
19.24 1.3089e-06 0.00035891 0.000530207 0.000222616 0.0131351 0.00897653
19.26 1.64654e-07 0.00029801 0.000477666 0.000216388 0.011821 0.00745341
19.28 -9.69813e-07 0.000222952 0.000406467 0.000203558 0.0100403 0.00557617
19.3 -2.07716e-06 0.000137249 0.000322434 0.000184437 0.00793857 0.00343272
19.32 -3.15404e-06 4.6346e-05 0.000229354 0.000159047 0.00561061 0.00115919
19.34 -4.18614e-06 -4.43625e-05 0.000129243 0.000127637 0.00310679 -0.00110947
19.36 -5.14261e-06 -0.000131397 2.46107e-05 9.11673e-05 0.00048989 -0.00328623
19.38 -5.96642e-06 -0.00021237 -8.09775e-05 5.14725e-05 -0.00215091 -0.0053114
19.4 -6.57795e-06 -0.000283778 -0.000183605 1.10334e-05 -0.00471768 -0.00709736
19.42 -6.89277e-06 -0.000341144 -0.000279842 -2.76033e-05 -0.00712459 -0.00853208
19.44 -6.84697e-06 -0.000381836 -0.000366818 -6.23774e-05 -0.00929991 -0.00954983
19.46 -6.41304e-06 -0.000406511 -0.000441958 -9.1878e-05 -0.0111792 -0.0101669
19.48 -5.60767e-06 -0.000417262 -0.000503365 -0.000115232 -0.012715 -0.0104358
19.5 -4.49337e-06 -0.000415453 -0.00055037 -0.000132036 -0.0138906 -0.0103906
19.52 -3.16461e-06 -0.000401035 -0.000583103 -0.000142202 -0.0147093 -0.01003
19.54 -1.71449e-06 -0.000372328 -0.000601316 -0.000145568 -0.0151648 -0.00931201
19.56 -2.0068e-07 -0.000327838 -0.0006042 -0.000142164 -0.0152369 -0.00819931
19.58 1.34082e-06 -0.000269473 -0.000590171 -0.000132808 -0.0148861 -0.00673958
19.6 2.88393e-06 -0.000201282 -0.000556845 -0.000118524 -0.0140526 -0.0050341
19.62 4.40001e-06 -0.000126266 -0.000503336 -9.97898e-05 -0.0127143 -0.00315791
19.64 5.81876e-06 -4.65896e-05 -0.000432474 -7.67056e-05 -0.010942 -0.00116517
19.66 7.0402e-06 3.45323e-05 -0.000349246 -4.94408e-05 -0.00886042 0.000863725
19.68 7.96343e-06 0.000112375 -0.000257647 -1.85979e-05 -0.0065695 0.0028106
19.7 8.51003e-06 0.000182424 -0.000160282 1.45329e-05 -0.00413434 0.00456257
19.72 8.64007e-06 0.000241908 -5.96869e-05 4.80659e-05 -0.00161843 0.00605027
19.74 8.35251e-06 0.00028945 4.0769e-05 8.00154e-05 0.000894015 0.00723932
19.76 7.68566e-06 0.000324302 0.000136902 0.000108741 0.00329835 0.00811099
19.78 6.71152e-06 0.000346387 0.000224385 0.000133003 0.00548632 0.00866333
19.8 5.51843e-06 0.000356308 0.000299905 0.000151888 0.00737511 0.00891146
19.82 4.18661e-06 0.000354983 0.000362074 0.000164912 0.00893 0.00887833
19.84 2.76936e-06 0.000342871 0.000410824 0.000171993 0.0101492 0.0085754
19.86 1.28547e-06 0.000318973 0.000445711 0.000173149 0.0110218 0.00797771
19.88 -2.76235e-07 0.000281789 0.000465504 0.00016865 0.0115168 0.00704771
19.9 -1.93495e-06 0.000231675 0.000469342 0.000159406 0.0116128 0.00579436
19.92 -3.67992e-06 0.000171006 0.00045664 0.00014652 0.0112951 0.00427699
19.94 -5.4539e-06 0.000102981 0.000426171 0.000130636 0.0105331 0.00257565
19.96 -7.1544e-06 3.08681e-05 0.000377537 0.000112117 0.00931673 0.000772083
19.98 -8.6381e-06 -4.24588e-05 0.000313058 9.14732e-05 0.00770409 -0.00106185
20 -9.76515e-06 -0.000114489 0.000236582 6.93888e-05 0.00579137 -0.00286336
20.02 -1.04432e-05 -0.000182628 0.000150939 4.66161e-05 0.00364942 -0.00456755
20.04 -1.06463e-05 -0.000244036 5.80642e-05 2.39692e-05 0.00132658 -0.00610339
20.06 -1.04159e-05 -0.000296204 -3.91586e-05 2.26741e-06 -0.00110501 -0.00740814
20.08 -9.83614e-06 -0.000337747 -0.000136422 -1.77502e-05 -0.00353759 -0.00844712
20.1 -9.0009e-06 -0.000368457 -0.000228904 -3.5398e-05 -0.00585063 -0.00921521
20.12 -7.9858e-06 -0.000388471 -0.00031266 -5.00182e-05 -0.00794539 -0.00971575
20.14 -6.83098e-06 -0.000397495 -0.000385684 -6.10903e-05 -0.00977174 -0.00994147
20.16 -5.53419e-06 -0.000394408 -0.000447456 -6.82529e-05 -0.0113167 -0.00986426
20.18 -4.0569e-06 -0.000377054 -0.000496949 -7.11008e-05 -0.0125545 -0.00943023
20.2 -2.34663e-06 -0.000343497 -0.000532108 -6.94485e-05 -0.0134339 -0.00859093
20.22 -3.74209e-07 -0.000294456 -0.000551744 -6.39792e-05 -0.013925 -0.0073644
20.24 1.83369e-06 -0.000232846 -0.000556612 -5.60116e-05 -0.0140467 -0.00582352
20.26 4.17604e-06 -0.000161787 -0.000547706 -4.66277e-05 -0.013824 -0.0040463
20.28 6.49177e-06 -8.44575e-05 -0.000523989 -3.63325e-05 -0.0132308 -0.00211226
20.3 8.60148e-06 -4.45987e-06 -0.00048372 -2.53468e-05 -0.0122237 -0.000111485
20.32 1.03399e-05 7.45212e-05 -0.000427838 -1.39036e-05 -0.0108261 0.00186386
20.34 1.15921e-05 0.000149511 -0.000359761 -2.21723e-06 -0.00912339 0.00373939
20.36 1.23106e-05 0.000217945 -0.000282246 9.61845e-06 -0.00718473 0.00545094
20.38 1.25074e-05 0.000276913 -0.000196464 2.16258e-05 -0.00503929 0.00692577
20.4 1.22359e-05 0.000323945 -0.000103848 3.3828e-05 -0.00272291 0.00810205
20.42 1.1559e-05 0.000358362 -7.69583e-06 4.60433e-05 -0.000318109 0.00896284
20.44 1.05266e-05 0.000380992 8.72711e-05 5.77764e-05 0.00205705 0.00952882
20.46 9.17468e-06 0.000392719 0.000176812 6.83976e-05 0.00429652 0.00982212
20.48 7.53995e-06 0.00039368 0.000258434 7.74435e-05 0.00633791 0.00984615
20.5 5.66659e-06 0.000383033 0.000330791 8.46048e-05 0.00814759 0.00957986
20.52 3.60159e-06 0.000359041 0.000392088 8.95234e-05 0.00968064 0.00897983
20.54 1.39371e-06 0.000320906 0.000439549 9.21517e-05 0.0108677 0.00802604
20.56 -8.96549e-07 0.000270891 0.000470673 9.31966e-05 0.0116461 0.00677516
20.58 -3.19009e-06 0.000212786 0.000484986 9.3638e-05 0.0120041 0.00532192
20.6 -5.39298e-06 0.000149455 0.00048427 9.40066e-05 0.0119862 0.00373798
20.62 -7.40341e-06 8.26045e-05 0.000469745 9.43011e-05 0.0116229 0.00206603
20.64 -9.14507e-06 1.35142e-05 0.000439917 9.42238e-05 0.0108769 0.000338055
20.66 -1.05711e-05 -5.62124e-05 0.00039276 9.33501e-05 0.00969746 -0.00140584
20.68 -1.16547e-05 -0.000124495 0.000329307 9.12753e-05 0.00811048 -0.00311362
20.7 -1.23841e-05 -0.000188852 0.00025369 8.76727e-05 0.00621926 -0.0047232
20.72 -1.27463e-05 -0.000246693 0.000170229 8.22127e-05 0.00413186 -0.00616983
20.74 -1.27316e-05 -0.000296107 8.19136e-05 7.45764e-05 0.00192306 -0.00740569
20.76 -1.23355e-05 -0.000336404 -9.35028e-06 6.46775e-05 -0.000359488 -0.00841354
20.78 -1.15585e-05 -0.000367219 -0.000101727 5.28475e-05 -0.00266987 -0.00918425
20.8 -1.04081e-05 -0.000387141 -0.000192497 3.97379e-05 -0.00494007 -0.00968251
20.82 -8.90749e-06 -0.000394135 -0.000278003 2.60482e-05 -0.00707861 -0.00985743
20.84 -7.10137e-06 -0.000387176 -0.000354671 1.23516e-05 -0.00899609 -0.00968337
20.86 -5.05135e-06 -0.000366635 -0.000420239 -8.03972e-07 -0.010636 -0.00916964
20.88 -2.82607e-06 -0.000333435 -0.000473886 -1.28218e-05 -0.0119777 -0.0083393
20.9 -4.94986e-07 -0.000288824 -0.00051542 -2.34208e-05 -0.0130165 -0.00722355
20.92 1.87708e-06 -0.00023433 -0.000544686 -3.28198e-05 -0.0137484 -0.00586064
20.94 4.23544e-06 -0.000171543 -0.000561552 -4.12734e-05 -0.0141703 -0.0042903
20.96 6.53213e-06 -0.000102563 -0.000566002 -4.8689e-05 -0.0142816 -0.0025651
20.98 8.70475e-06 -3.0479e-05 -0.000557146 -5.47308e-05 -0.0140601 -0.000762234
21 1.0671e-05 4.11875e-05 -0.000532804 -5.89312e-05 -0.0134513 0.00103018
21.02 1.23352e-05 0.000109613 -0.000491996 -6.06593e-05 -0.0124307 0.00274151
21.04 1.35885e-05 0.000172843 -0.000437242 -5.93058e-05 -0.0110612 0.00432294
21.06 1.43339e-05 0.000228945 -0.000372893 -5.45122e-05 -0.00945184 0.00572607
21.08 1.45111e-05 0.000275471 -0.00030185 -4.61417e-05 -0.00767502 0.0068897
21.1 1.41087e-05 0.000310076 -0.000225051 -3.42414e-05 -0.00575425 0.00775518
21.12 1.31621e-05 0.000331484 -0.000143264 -1.91755e-05 -0.00370874 0.00829061
21.14 1.17357e-05 0.000339699 -5.87197e-05 -1.69087e-06 -0.00159424 0.00849606
21.16 9.90923e-06 0.000335532 2.4531e-05 1.72768e-05 0.000487896 0.00839185
21.18 7.76983e-06 0.000319692 0.000101908 3.67949e-05 0.00242312 0.00799568
21.2 5.40372e-06 0.000291926 0.000170207 5.58691e-05 0.00413132 0.00730125
21.22 2.8837e-06 0.000251617 0.000228522 7.35374e-05 0.0055898 0.00629311
21.24 2.6148e-07 0.000199474 0.000277315 8.92163e-05 0.00681014 0.00498898
21.26 -2.4282e-06 0.000137884 0.000316567 0.000102696 0.00779185 0.00344859
21.28 -5.14918e-06 7.0083e-05 0.000345212 0.00011386 0.00850826 0.00175286
21.3 -7.84196e-06 -6.66648e-07 0.000362041 0.000122556 0.00892916 -1.66151e-05
21.32 -1.04143e-05 -7.18598e-05 0.000366576 0.000128565 0.00904259 -0.00179719
21.34 -1.2747e-05 -0.000141848 0.000358855 0.000131599 0.00884949 -0.00354761
21.36 -1.47206e-05 -0.000208874 0.000338989 0.000131313 0.00835262 -0.00522396
21.38 -1.62413e-05 -0.000270116 0.000307736 0.000127368 0.00757096 -0.00675567
21.4 -1.72458e-05 -0.000322091 0.000267013 0.000119601 0.00655248 -0.00805558
21.42 -1.77036e-05 -0.000362135 0.00021899 0.000108099 0.00535139 -0.00905708
21.44 -1.76114e-05 -0.000389394 0.000164725 9.31586e-05 0.00399421 -0.00973885
21.46 -1.69848e-05 -0.000404474 0.000104636 7.52886e-05 0.00249137 -0.010116
21.48 -1.58552e-05 -0.00040855 4.00706e-05 5.52448e-05 0.00087655 -0.010218
21.5 -1.42629e-05 -0.000402036 -2.63385e-05 3.3997e-05 -0.000784369 -0.010055
21.52 -1.22481e-05 -0.000383005 -9.15663e-05 1.28495e-05 -0.00241575 -0.00957905
21.54 -9.84502e-06 -0.000348141 -0.000153267 -6.67368e-06 -0.00395889 -0.00870708
21.56 -7.08565e-06 -0.000296441 -0.000210236 -2.35239e-05 -0.00538373 -0.00741406
21.58 -4.01203e-06 -0.000230742 -0.000261749 -3.73948e-05 -0.00667209 -0.0057709
21.6 -6.96161e-07 -0.000156099 -0.000306376 -4.82761e-05 -0.00778824 -0.00390405
21.62 2.74038e-06 -7.74108e-05 -0.000341807 -5.61149e-05 -0.00867436 -0.00193602
21.64 6.12896e-06 2.49222e-06 -0.000366075 -6.08209e-05 -0.00928131 6.23895e-05
21.66 9.28772e-06 8.28609e-05 -0.000378855 -6.23597e-05 -0.00960096 0.00207244
21.68 1.2068e-05 0.000162681 -0.000381242 -6.0782e-05 -0.00966064 0.00406877
21.7 1.43816e-05 0.000238411 -0.000374334 -5.6207e-05 -0.00948788 0.00596282
21.72 1.61992e-05 0.000304538 -0.000358503 -4.87379e-05 -0.00909193 0.00761669
21.74 1.75211e-05 0.000356526 -0.000334004 -3.84005e-05 -0.0084792 0.00891693
21.76 1.83443e-05 0.000393464 -0.000301629 -2.52622e-05 -0.00766951 0.00984076
21.78 1.86533e-05 0.00041763 -0.000262515 -9.6322e-06 -0.00669123 0.0104452
21.8 1.84332e-05 0.000431668 -0.000218235 7.85586e-06 -0.00558379 0.0107963
21.82 1.76911e-05 0.000436236 -0.000171491 2.6366e-05 -0.00441468 0.0109105
21.84 1.64658e-05 0.000429708 -0.000125701 4.50157e-05 -0.00326947 0.0107472
21.86 1.48183e-05 0.000409186 -8.37314e-05 6.26533e-05 -0.00221979 0.010234
21.88 1.28158e-05 0.000372596 -4.70793e-05 7.78874e-05 -0.00130311 0.00931883
21.9 1.05214e-05 0.000321296 -1.56928e-05 8.98822e-05 -0.000518116 0.0080358
21.92 7.99351e-06 0.000259323 1.10884e-05 9.85964e-05 0.000151692 0.00648584
21.94 5.29223e-06 0.000190572 3.29482e-05 0.000104164 0.000698416 0.00476634
21.96 2.48985e-06 0.000117516 4.83118e-05 0.000106529 0.00108266 0.00293917
21.98 -3.27886e-07 4.11052e-05 5.58778e-05 0.000105583 0.00127189 0.00102812
22 -3.07453e-06 -3.83412e-05 5.60357e-05 0.000101393 0.00127584 -0.000958872
22.02 -5.6769e-06 -0.000119295 5.0452e-05 9.42649e-05 0.00113619 -0.00298357
22.04 -8.07572e-06 -0.000197664 4.06388e-05 8.46912e-05 0.000890761 -0.00494361
22.06 -1.02112e-05 -0.000267764 2.70822e-05 7.31978e-05 0.000551705 -0.00669683
22.08 -1.2008e-05 -0.000325212 9.67585e-06 6.02016e-05 0.000116364 -0.00813362
22.1 -1.33749e-05 -0.000368733 -1.13581e-05 4.60173e-05 -0.000409705 -0.00922212
22.12 -1.4226e-05 -0.000399403 -3.48897e-05 3.10299e-05 -0.00099824 -0.00998917
22.14 -1.4516e-05 -0.000418815 -5.87866e-05 1.58208e-05 -0.00159591 -0.0104747
22.16 -1.42636e-05 -0.000427494 -8.05702e-05 1.0881e-06 -0.00214073 -0.0106917
22.18 -1.35429e-05 -0.000424342 -9.86351e-05 -1.25335e-05 -0.00259254 -0.0106129
22.2 -1.24438e-05 -0.000406682 -0.000112977 -2.43089e-05 -0.00295123 -0.0101712
22.22 -1.10268e-05 -0.000371437 -0.000124441 -3.31553e-05 -0.00323796 -0.00928973
22.24 -9.30415e-06 -0.000318915 -0.000133521 -3.82586e-05 -0.00346506 -0.00797614
22.26 -7.25508e-06 -0.000253469 -0.000139603 -3.97017e-05 -0.00361716 -0.00633931
22.28 -4.86598e-06 -0.000179678 -0.000140958 -3.79687e-05 -0.00365104 -0.00449376
22.3 -2.17519e-06 -9.97497e-05 -0.000136071 -3.33138e-05 -0.00352881 -0.00249472
22.32 7.07423e-07 -1.4229e-05 -0.000125182 -2.5839e-05 -0.0032565 -0.000355816
22.34 3.62079e-06 7.52392e-05 -0.000110213 -1.58339e-05 -0.0028821 0.00188182
22.36 6.39534e-06 0.000164167 -9.31909e-05 -3.92326e-06 -0.00245638 0.00410594
22.38 8.88644e-06 0.000245961 -7.51271e-05 9.02502e-06 -0.00200459 0.00615165
22.4 1.09881e-05 0.000315182 -5.62392e-05 2.2175e-05 -0.0015322 0.00788289
22.42 1.26368e-05 0.000370358 -3.67069e-05 3.50344e-05 -0.00104369 0.00926286
22.44 1.38136e-05 0.000413083 -1.71255e-05 4.74987e-05 -0.00055395 0.0103314
22.46 1.45391e-05 0.000444685 1.52552e-06 5.95275e-05 -8.74793e-05 0.0111218
22.48 1.48574e-05 0.000464462 1.83631e-05 7.07982e-05 0.000333635 0.0116165
22.5 1.48105e-05 0.000471236 3.29603e-05 8.07218e-05 0.000698717 0.0117859
22.52 1.44166e-05 0.000465114 4.48886e-05 8.87425e-05 0.00099705 0.0116328
22.54 1.36642e-05 0.000445836 5.27778e-05 9.42724e-05 0.00119436 0.0111506
22.56 1.25267e-05 0.000411294 5.44445e-05 9.65986e-05 0.00123605 0.0102867
22.58 1.0992e-05 0.00036069 4.85765e-05 9.54695e-05 0.00108929 0.00902107
22.6 9.08369e-06 0.000296158 3.5712e-05 9.13317e-05 0.000767538 0.0074071
22.62 6.87022e-06 0.000221175 1.75061e-05 8.48203e-05 0.000312201 0.00553174
22.64 4.46711e-06 0.000139811 -4.67224e-06 7.63947e-05 -0.000242488 0.0034968
22.66 2.02552e-06 5.61256e-05 -3.09503e-05 6.63595e-05 -0.000899713 0.00140378
22.68 -2.99822e-07 -2.68773e-05 -6.27032e-05 5.50369e-05 -0.00169387 -0.000672153
22.7 -2.38893e-06 -0.000107341 -0.000100287 4.29185e-05 -0.00263386 -0.00268459
22.72 -4.17837e-06 -0.000182948 -0.000140963 3.06658e-05 -0.00365119 -0.00457556
22.74 -5.66044e-06 -0.00025032 -0.000180048 1.8886e-05 -0.00462872 -0.00626055
22.76 -6.86561e-06 -0.000306605 -0.000214167 7.89612e-06 -0.00548204 -0.00766827
22.78 -7.83303e-06 -0.000351027 -0.00024277 -2.24376e-06 -0.00619741 -0.00877928
22.8 -8.57771e-06 -0.000384166 -0.000266862 -1.14923e-05 -0.00679995 -0.00960808
22.82 -9.07225e-06 -0.00040616 -0.000286836 -1.96586e-05 -0.00729952 -0.0101582
22.84 -9.25507e-06 -0.000416076 -0.000301437 -2.63927e-05 -0.0076647 -0.0104062
22.86 -9.05827e-06 -0.00041214 -0.00030826 -3.11775e-05 -0.00783535 -0.0103077
22.88 -8.43905e-06 -0.000391864 -0.000304985 -3.3336e-05 -0.00775343 -0.00980064
22.9 -7.40292e-06 -0.000353981 -0.000290641 -3.24855e-05 -0.00739469 -0.00885316
22.92 -6.01229e-06 -0.000300821 -0.000266143 -2.89733e-05 -0.00678198 -0.0075236
22.94 -4.37566e-06 -0.000236589 -0.000233422 -2.34123e-05 -0.0059636 -0.00591713
22.96 -2.62199e-06 -0.000164708 -0.000194291 -1.60837e-05 -0.00498494 -0.00411936
22.98 -8.71762e-07 -8.78129e-05 -0.000150188 -7.04963e-06 -0.0038819 -0.00219618
23 7.87686e-07 -8.74285e-06 -0.000102201 3.49506e-06 -0.00268173 -0.000218604
23.02 2.3136e-06 6.92546e-05 -5.09973e-05 1.51173e-05 -0.0014011 0.00173214
23.04 3.69769e-06 0.000143206 2.61279e-06 2.72277e-05 -6.02864e-05 0.00358169
23.06 4.93946e-06 0.000210783 5.67109e-05 3.9234e-05 0.00129273 0.00527182
23.08 6.02146e-06 0.000270041 0.000108461 5.07333e-05 0.00258703 0.00675389
23.1 6.90044e-06 0.000319107 0.000155494 6.15556e-05 0.00376334 0.00798107
23.12 7.51335e-06 0.000356424 0.00019685 7.15564e-05 0.00479767 0.00891437
23.14 7.79167e-06 0.000381034 0.000232509 8.04322e-05 0.00568952 0.00952987
23.16 7.68078e-06 0.000392637 0.000262402 8.78265e-05 0.00643715 0.00982007
23.18 7.16133e-06 0.000391382 0.000285885 9.3534e-05 0.00702446 0.00978869
23.2 6.26327e-06 0.000377078 0.000301383 9.73864e-05 0.00741209 0.00943093
23.22 5.0625e-06 0.000348624 0.000306359 9.90478e-05 0.00753654 0.0087193
23.24 3.66623e-06 0.000305811 0.000298276 9.83304e-05 0.00733438 0.00764851
23.26 2.18864e-06 0.000251087 0.000276376 9.55086e-05 0.00678665 0.00627986
23.28 7.24415e-07 0.000188457 0.000242187 9.09893e-05 0.00593157 0.00471345
23.3 -6.61012e-07 0.000121353 0.000198262 8.49387e-05 0.00483298 0.00303514
23.32 -1.93498e-06 5.16518e-05 0.000146833 7.73575e-05 0.00354672 0.00129189
23.34 -3.09399e-06 -1.96922e-05 8.90254e-05 6.83053e-05 0.00210093 -0.000492453
23.36 -4.14806e-06 -9.13353e-05 2.49761e-05 5.80051e-05 0.00049903 -0.00228428
23.38 -5.0973e-06 -0.000160708 -4.48882e-05 4.68499e-05 -0.00124831 -0.00401932
23.4 -5.90895e-06 -0.000224331 -0.000118526 3.532e-05 -0.00309002 -0.00561055
23.42 -6.51387e-06 -0.000278987 -0.000192361 2.38145e-05 -0.00493667 -0.00697753
23.44 -6.82669e-06 -0.000322823 -0.000262583 1.25652e-05 -0.00669294 -0.00807388
23.46 -6.77848e-06 -0.000355166 -0.000326233 1.74367e-06 -0.00828485 -0.00888278
23.48 -6.34355e-06 -0.00037543 -0.000381532 -8.40473e-06 -0.00966792 -0.00938959
23.5 -5.54863e-06 -0.000382694 -0.000427889 -1.75895e-05 -0.0108273 -0.00957127
23.52 -4.46222e-06 -0.00037649 -0.000465273 -2.55956e-05 -0.0117623 -0.00941611
23.54 -3.17004e-06 -0.000357268 -0.000493124 -3.22126e-05 -0.0124589 -0.00893537
23.56 -1.74831e-06 -0.000325596 -0.000509971 -3.70893e-05 -0.0128802 -0.00814324
23.58 -2.50619e-07 -0.000282376 -0.000514441 -3.99825e-05 -0.012992 -0.00706227
23.6 1.28684e-06 -0.000229422 -0.000506066 -4.09846e-05 -0.0127825 -0.00573789
23.62 2.84001e-06 -0.00016869 -0.000484825 -4.0199e-05 -0.0122513 -0.00421894
23.64 4.38775e-06 -0.000101903 -0.000451077 -3.74907e-05 -0.0114073 -0.00254858
23.66 5.89042e-06 -3.11456e-05 -0.000406041 -3.2716e-05 -0.0102809 -0.000778907
23.68 7.28329e-06 4.06913e-05 -0.000351279 -2.59477e-05 -0.00891126 0.00101777
23.7 8.48163e-06 0.000110489 -0.00028784 -1.74391e-05 -0.00732463 0.00276344
23.72 9.39129e-06 0.000175519 -0.000216706 -7.53021e-06 -0.00554555 0.00438987
23.74 9.92772e-06 0.000233201 -0.000139738 3.42157e-06 -0.00362054 0.00583252
23.76 1.00356e-05 0.000281109 -5.98505e-05 1.51235e-05 -0.00162252 0.0070307
23.78 9.70581e-06 0.000317541 1.92847e-05 2.73622e-05 0.000356685 0.00794189
23.8 8.97976e-06 0.000341698 9.36715e-05 3.99177e-05 0.00221713 0.00854606
23.82 7.93731e-06 0.000353314 0.000160123 5.25147e-05 0.00387911 0.00883659
23.84 6.67235e-06 0.000352505 0.000217415 6.48635e-05 0.005312 0.00881635
23.86 5.26561e-06 0.000339943 0.000265728 7.66405e-05 0.00652033 0.00850217
23.88 3.76328e-06 0.000316369 0.000304969 8.73092e-05 0.00750177 0.00791259
23.9 2.17307e-06 0.000282136 0.000334162 9.6189e-05 0.00823191 0.0070564
23.92 4.83309e-07 0.000238033 0.000352024 0.000102871 0.00867863 0.00595337
23.94 -1.30698e-06 0.000185451 0.000357178 0.000107276 0.00880755 0.00463827
23.96 -3.15688e-06 0.00012586 0.000347798 0.000109372 0.00857293 0.00314786
23.98 -4.97627e-06 6.09956e-05 0.000322446 0.000109041 0.00793888 0.00152558
24 -6.64285e-06 -6.51659e-06 0.00028218 0.000106196 0.00693181 -0.000162925
24.02 -8.02367e-06 -7.29765e-05 0.000230495 0.000100969 0.00563913 -0.00182512
24.04 -9.0122e-06 -0.000134909 0.000170692 9.36332e-05 0.00414345 -0.00337408
24.06 -9.55706e-06 -0.000190329 0.000104109 8.44036e-05 0.00247817 -0.00476015
24.08 -9.66908e-06 -0.000238717 3.09553e-05 7.33715e-05 0.000648571 -0.00597035
24.1 -9.41117e-06 -0.000280046 -4.7638e-05 6.05894e-05 -0.00131708 -0.00700401
24.12 -8.87011e-06 -0.0003136 -0.000128212 4.62364e-05 -0.00333226 -0.00784321
24.14 -8.1252e-06 -0.000337529 -0.000205518 3.07401e-05 -0.00526573 -0.00844168
24.16 -7.22518e-06 -0.000349693 -0.000274941 1.47273e-05 -0.00700203 -0.00874591
24.18 -6.18256e-06 -0.000349533 -0.000334472 -1.13309e-06 -0.00849093 -0.00874191
24.2 -4.98445e-06 -0.000338786 -0.000384333 -1.61794e-05 -0.00973796 -0.00847313
24.22 -3.61404e-06 -0.000319591 -0.00042496 -2.96317e-05 -0.0107541 -0.00799305
24.24 -2.07351e-06 -0.000292412 -0.000455739 -4.07129e-05 -0.0115238 -0.00731328
24.26 -3.99185e-07 -0.000256135 -0.000475084 -4.90523e-05 -0.0120077 -0.00640599
24.28 1.33992e-06 -0.000209689 -0.000481187 -5.46909e-05 -0.0121603 -0.00524436
24.3 3.04988e-06 -0.000154116 -0.000472339 -5.77168e-05 -0.011939 -0.00385445
24.32 4.62663e-06 -9.32574e-05 -0.000447241 -5.80506e-05 -0.0113113 -0.00233235
24.34 5.97352e-06 -3.19166e-05 -0.000406421 -5.555e-05 -0.0102904 -0.000798189
24.36 7.0088e-06 2.67609e-05 -0.000352613 -5.01814e-05 -0.00894464 0.000669358
24.38 7.68461e-06 8.20979e-05 -0.000289312 -4.19564e-05 -0.00736144 0.00205336
24.4 8.00425e-06 0.000134361 -0.000219246 -3.08729e-05 -0.00560907 0.00336048
24.42 8.01977e-06 0.000182955 -0.000144317 -1.70526e-05 -0.00373505 0.00457583
24.44 7.80915e-06 0.000225948 -6.66519e-05 -8.62979e-07 -0.00179262 0.00565112
24.46 7.43729e-06 0.000260747 1.08129e-05 1.70821e-05 0.000144801 0.00652146
24.48 6.92808e-06 0.000285148 8.47294e-05 3.59781e-05 0.00199348 0.00713172
24.5 6.26386e-06 0.000298543 0.000152264 5.49166e-05 0.00368254 0.00746673
24.52 5.41018e-06 0.000302231 0.000211558 7.3021e-05 0.00516553 0.00755899
24.54 4.34868e-06 0.000297851 0.000261206 8.95481e-05 0.00640724 0.00744945
24.56 3.10201e-06 0.000285482 0.000299467 0.000103833 0.00736416 0.00714009
24.58 1.73944e-06 0.000263636 0.000324128 0.000115217 0.00798095 0.00659371
24.6 3.62344e-07 0.000231467 0.000333268 0.000123251 0.00820953 0.00578915
24.62 -9.20516e-07 0.000190493 0.000326025 0.000127907 0.00802838 0.00476436
24.64 -2.01982e-06 0.000143942 0.000302695 0.000129334 0.00744489 0.00360011
24.66 -2.8865e-06 9.49788e-05 0.00026444 0.000127551 0.00648811 0.00237552
24.68 -3.50634e-06 4.51971e-05 0.000212451 0.000122457 0.00518787 0.00113046
24.7 -3.89217e-06 -5.45262e-06 0.000147817 0.000113931 0.00357134 -0.000136314
24.72 -4.07677e-06 -5.69294e-05 7.23987e-05 0.00010193 0.00168509 -0.00142377
24.74 -4.09577e-06 -0.000107445 -1.07581e-05 8.66412e-05 -0.000394698 -0.00268718
24.76 -3.9727e-06 -0.00015393 -9.79812e-05 6.85475e-05 -0.00257618 -0.0038498
24.78 -3.70882e-06 -0.000193925 -0.000185727 4.83532e-05 -0.00477074 -0.00485009
24.8 -3.28781e-06 -0.000226541 -0.00027064 2.68896e-05 -0.00689446 -0.00566584
24.82 -2.69222e-06 -0.000251708 -0.000349478 5.09013e-06 -0.00886622 -0.00629527
24.84 -1.92321e-06 -0.00026917 -0.000419592 -1.60295e-05 -0.0106198 -0.00673199
24.86 -1.01218e-06 -0.000278352 -0.000479272 -3.54795e-05 -0.0121124 -0.00696165
24.88 -1.85118e-08 -0.000278924 -0.000527093 -5.24604e-05 -0.0133084 -0.00697594
24.9 9.84484e-07 -0.000271119 -0.00056129 -6.64417e-05 -0.0141637 -0.00678075
24.92 1.92794e-06 -0.000255394 -0.000580152 -7.70443e-05 -0.0146355 -0.00638744
24.94 2.76228e-06 -0.000232035 -0.000582846 -8.3909e-05 -0.0147029 -0.00580324
24.96 3.45632e-06 -0.000201495 -0.000569134 -8.68158e-05 -0.0143599 -0.00503941
24.98 4.00277e-06 -0.000164728 -0.000538824 -8.57451e-05 -0.0136018 -0.00411985
25 4.41625e-06 -0.000123069 -0.000492272 -8.07308e-05 -0.0124376 -0.00307795
25.02 4.70286e-06 -7.80799e-05 -0.000430472 -7.18326e-05 -0.0108919 -0.00195275
25.04 4.84767e-06 -3.13507e-05 -0.00035463 -5.91714e-05 -0.00899509 -0.000784035
25.06 4.81643e-06 1.56413e-05 -0.000266543 -4.29719e-05 -0.00679199 0.000391253
25.08 4.5673e-06 6.13931e-05 -0.000169492 -2.36827e-05 -0.0043647 0.00153553
25.1 4.07177e-06 0.000104169 -6.78398e-05 -2.03441e-06 -0.00182233 0.00260537
25.12 3.3277e-06 0.000142111 3.45073e-05 2.10347e-05 0.00073741 0.00355432
25.14 2.36517e-06 0.00017361 0.00013462 4.45194e-05 0.00324127 0.00434212
25.16 1.24152e-06 0.000197775 0.000229885 6.74579e-05 0.00562389 0.00494649
25.18 2.82248e-08 0.000214523 0.000317488 8.89895e-05 0.00781487 0.00536536
25.2 -1.20463e-06 0.000224154 0.000394493 0.000108382 0.00974081 0.00560624
25.22 -2.39914e-06 0.000226854 0.000458179 0.000125042 0.0113336 0.00567376
25.24 -3.51493e-06 0.000222441 0.00050651 0.000138519 0.0125424 0.0055634
25.26 -4.53046e-06 0.000210456 0.000538658 0.00014846 0.0133464 0.00526365
25.28 -5.43962e-06 0.000190649 0.000554896 0.000154583 0.0137525 0.00476826
25.3 -6.23919e-06 0.000163934 0.000555521 0.000156781 0.0137682 0.00410011
25.32 -6.89771e-06 0.000132403 0.00053809 0.000155169 0.0133322 0.00331151
25.34 -7.36694e-06 9.79172e-05 0.00049855 0.000149836 0.0123433 0.00244901
25.36 -7.5787e-06 6.12458e-05 0.000435638 0.000140847 0.0107699 0.00153184
25.38 -7.4519e-06 2.2821e-05 0.000353135 0.000128517 0.00870642 0.000570821
25.4 -6.93304e-06 -1.61974e-05 0.000256595 0.000113248 0.00629193 -0.000405046
25.42 -6.01422e-06 -5.37289e-05 0.00014946 9.52942e-05 0.00361241 -0.00134372
25.44 -4.74643e-06 -8.74859e-05 3.41695e-05 7.49621e-05 0.000728961 -0.002188
25.46 -3.22053e-06 -0.00011597 -8.61406e-05 5.28144e-05 -0.00228005 -0.00290041
25.48 -1.54016e-06 -0.000138733 -0.00020686 2.96449e-05 -0.00529929 -0.00346972
25.5 1.98479e-07 -0.0001559 -0.000322404 6.374e-06 -0.00818908 -0.00389908
25.52 1.9129e-06 -0.000167564 -0.000427346 -1.60299e-05 -0.0108137 -0.00419079
25.54 3.5388e-06 -0.000173582 -0.000517975 -3.66539e-05 -0.0130804 -0.00434131
25.56 5.03543e-06 -0.000173665 -0.000592954 -5.47293e-05 -0.0149557 -0.00434338
25.58 6.38575e-06 -0.000167555 -0.000652232 -6.96528e-05 -0.0164382 -0.00419056
25.6 7.58723e-06 -0.000155308 -0.000695459 -8.101e-05 -0.0175194 -0.00388425
25.62 8.63756e-06 -0.000137538 -0.000721707 -8.86619e-05 -0.0181758 -0.00343981
25.64 9.52134e-06 -0.000115565 -0.000730513 -9.27857e-05 -0.0183961 -0.00289027
25.66 1.01912e-05 -9.09247e-05 -0.000721187 -9.37068e-05 -0.0181628 -0.00227401
25.68 1.05711e-05 -6.46539e-05 -0.000690751 -9.15918e-05 -0.0174016 -0.00161696
25.7 1.05967e-05 -3.7137e-05 -0.000636538 -8.63818e-05 -0.0160457 -0.000928755
25.72 1.02199e-05 -8.49341e-06 -0.000560415 -7.80052e-05 -0.0141418 -0.000212366
25.74 9.425e-06 2.07601e-05 -0.000467707 -6.64352e-05 -0.0118232 0.000519276
25.76 8.24713e-06 4.94763e-05 -0.000362952 -5.1613e-05 -0.00920321 0.00123748
25.78 6.76089e-06 7.62367e-05 -0.000248765 -3.3546e-05 -0.00634737 0.00190677
25.8 5.06747e-06 9.99706e-05 -0.000127799 -1.25252e-05 -0.00332196 0.00250036
25.82 3.26416e-06 0.000120154 -3.91341e-06 1.07417e-05 -0.000223513 0.00300517
25.84 1.42689e-06 0.000136543 0.000117866 3.51623e-05 0.00282224 0.00341505
25.86 -3.88462e-07 0.00014912 0.000231976 5.94484e-05 0.00567619 0.00372961
25.88 -2.13311e-06 0.000157953 0.000333453 8.23867e-05 0.00821416 0.00395054
25.9 -3.75963e-06 0.000162831 0.000419439 0.000103021 0.0103647 0.00407253
25.92 -5.22506e-06 0.000163205 0.000489434 0.000120669 0.0121153 0.00408188
25.94 -6.4973e-06 0.000158522 0.00054369 0.000134908 0.0134723 0.00396477
25.96 -7.56031e-06 0.000148574 0.000581737 0.000145624 0.0144238 0.00371597
25.98 -8.41486e-06 0.000133578 0.00060289 0.000153003 0.0149529 0.00334091
26 -9.07113e-06 0.000114175 0.000607409 0.000157344 0.0150659 0.00285562
26.02 -9.51767e-06 9.13485e-05 0.000594488 0.000158808 0.0147428 0.00228472
26.04 -9.72109e-06 6.60126e-05 0.000560077 0.000157265 0.0138821 0.00165106
26.06 -9.64724e-06 3.85427e-05 0.000500736 0.000152379 0.012398 0.000964028
26.08 -9.24644e-06 9.02493e-06 0.000418693 0.000143857 0.010346 0.000225775
26.1 -8.47749e-06 -2.17152e-05 0.000320615 0.00013151 0.00789308 -0.000543049
26.12 -7.33713e-06 -5.16571e-05 0.000212463 0.000115276 0.00518816 -0.00129191
26.14 -5.86957e-06 -7.86594e-05 9.76807e-05 9.53675e-05 0.0023174 -0.00196725
26.16 -4.16659e-06 -0.000101703 -2.14116e-05 7.24154e-05 -0.00066115 -0.00254357
26.18 -2.33934e-06 -0.000120947 -0.00014226 4.74495e-05 -0.00368362 -0.00302487
26.2 -4.94965e-07 -0.000136926 -0.000260551 2.17763e-05 -0.00664213 -0.00342452
26.22 1.27298e-06 -0.000149737 -0.000369622 -3.22037e-06 -0.00937004 -0.00374492
26.24 2.88697e-06 -0.00015865 -0.000462922 -2.63287e-05 -0.0117035 -0.00396785
26.26 4.29285e-06 -0.00016244 -0.000537733 -4.66598e-05 -0.0135746 -0.00406263
26.28 5.46607e-06 -0.000160518 -0.000595516 -6.36284e-05 -0.0150197 -0.00401457
26.3 6.40943e-06 -0.000153796 -0.000638524 -7.69101e-05 -0.0160954 -0.00384644
26.32 7.14146e-06 -0.0001441 -0.000666903 -8.64673e-05 -0.0168052 -0.00360394
26.34 7.67854e-06 -0.000132736 -0.000679 -9.24951e-05 -0.0171077 -0.00331971
26.36 8.01e-06 -0.000119698 -0.000672616 -9.52135e-05 -0.0169481 -0.00299363
26.38 8.08738e-06 -0.000104115 -0.000644576 -9.46215e-05 -0.0162468 -0.00260391
26.4 7.86517e-06 -8.54236e-05 -0.000593027 -9.04839e-05 -0.0149575 -0.00213642
26.42 7.31202e-06 -6.41837e-05 -0.000520651 -8.25924e-05 -0.0131473 -0.0016052
26.44 6.42268e-06 -4.18162e-05 -0.000433121 -7.08632e-05 -0.0109582 -0.00104578
26.46 5.2366e-06 -1.94149e-05 -0.000335063 -5.52293e-05 -0.0085057 -0.000485518
26.48 3.82792e-06 3.151e-06 -0.000228895 -3.57035e-05 -0.00585039 7.88658e-05
26.5 2.29897e-06 2.65948e-05 -0.000116934 -1.26292e-05 -0.00305021 0.000665206
26.52 7.53904e-07 5.07566e-05 -2.7418e-06 1.31293e-05 -0.000194212 0.0012695
26.54 -7.23977e-07 7.40344e-05 0.000108796 4.02104e-05 0.00259538 0.00185169
26.56 -2.08391e-06 9.42939e-05 0.000212216 6.69965e-05 0.00518196 0.00235839
26.58 -3.30358e-06 0.000110164 0.000302938 9.19605e-05 0.00745097 0.00275531
26.6 -4.37846e-06 0.000121478 0.000378743 0.000113915 0.00934688 0.00303826
26.62 -5.30821e-06 0.000128789 0.000439583 0.000132052 0.0108685 0.00322111
26.64 -6.08539e-06 0.000132599 0.00048574 0.000145905 0.0120229 0.00331641
26.66 -6.69181e-06 0.000132888 0.000516549 0.000155376 0.0127935 0.00332365
26.68 -7.10356e-06 0.000129122 0.000530921 0.00016072 0.0131529 0.00322944
26.7 -7.29492e-06 0.000120745 0.000527659 0.000162335 0.0130713 0.00301995
26.72 -7.23187e-06 0.000107881 0.000504033 0.00016046 0.0124804 0.00269821
26.74 -6.89955e-06 9.15201e-05 0.00045767 0.000155116 0.0113209 0.00228901
26.76 -6.29559e-06 7.28521e-05 0.00038993 0.00014626 0.00962666 0.00182212
26.78 -5.42028e-06 5.2474e-05 0.000305292 0.000133805 0.00750985 0.00131246
26.8 -4.29122e-06 3.0442e-05 0.000208077 0.000117582 0.00507846 0.000761426
26.82 -2.94214e-06 7.02159e-06 0.00010096 9.7525e-05 0.00239941 0.000175671
26.84 -1.43002e-06 -1.6766e-05 -1.34351e-05 7.39791e-05 -0.000461655 -0.000419266
26.86 1.77339e-07 -3.93148e-05 -0.000131372 4.78676e-05 -0.00341132 -0.000983222
26.88 1.81292e-06 -5.92041e-05 -0.000247916 2.06016e-05 -0.00632613 -0.00148066
26.9 3.41405e-06 -7.59901e-05 -0.000357582 -6.20369e-06 -0.00906891 -0.00190049
26.92 4.91673e-06 -9.0108e-05 -0.000455438 -3.10592e-05 -0.0115163 -0.00225358
26.94 6.25514e-06 -0.000101865 -0.00053836 -5.28114e-05 -0.0135902 -0.00254762
26.96 7.36965e-06 -0.000110751 -0.000605254 -7.06771e-05 -0.0152633 -0.00276988
26.98 8.21841e-06 -0.000115974 -0.000655887 -8.42345e-05 -0.0165296 -0.00290051
27 8.78534e-06 -0.000117376 -0.000689755 -9.34598e-05 -0.0173767 -0.00293557
27.02 9.08041e-06 -0.000115423 -0.000706211 -9.86873e-05 -0.0177883 -0.00288671
27.04 9.12976e-06 -0.000110426 -0.000705076 -0.000100364 -0.0177599 -0.00276175
27.06 8.94432e-06 -0.000102124 -0.000685124 -9.87329e-05 -0.0172609 -0.00255411
27.08 8.53869e-06 -9.01389e-05 -0.000643729 -9.37348e-05 -0.0162256 -0.00225435
27.1 7.92123e-06 -7.46552e-05 -0.000580606 -8.52104e-05 -0.0146468 -0.0018671
27.12 7.08514e-06 -5.65892e-05 -0.000500095 -7.30843e-05 -0.0126332 -0.00141526
27.14 6.03246e-06 -3.71406e-05 -0.000407859 -5.73059e-05 -0.0103264 -0.000928843
27.16 4.77554e-06 -1.69888e-05 -0.000307129 -3.78709e-05 -0.00780707 -0.000424838
27.18 3.35685e-06 3.96808e-06 -0.000199888 -1.50733e-05 -0.00512492 9.93013e-05
27.2 1.84609e-06 2.58718e-05 -8.91779e-05 1.02795e-05 -0.00235602 0.000647123
27.22 3.25662e-07 4.78633e-05 2.07455e-05 3.68654e-05 0.000393212 0.00119714
27.24 -1.12827e-06 6.81081e-05 0.000125199 6.30618e-05 0.00300563 0.00170347
27.26 -2.45411e-06 8.51764e-05 0.000219778 8.72998e-05 0.00537109 0.00213036
27.28 -3.60956e-06 9.90476e-05 0.000301431 0.000108381 0.00741329 0.00247728
27.3 -4.57395e-06 0.000110377 0.000369106 0.000125554 0.00910587 0.00276064
27.32 -5.34484e-06 0.000119043 0.000422772 0.00013841 0.0104481 0.00297737
27.34 -5.92939e-06 0.000123877 0.00046188 0.000146832 0.0114262 0.00309826
27.36 -6.33743e-06 0.000123753 0.0004852 0.000151048 0.0120094 0.00309518
27.38 -6.57757e-06 0.0001186 0.000491952 0.000151563 0.0121783 0.00296628
27.4 -6.64462e-06 0.000109354 0.000481729 0.000148859 0.0119226 0.00273504
27.42 -6.51588e-06 9.71773e-05 0.000453122 0.000143142 0.0112071 0.0024305
27.44 -6.16963e-06 8.26881e-05 0.00040496 0.00013442 0.0100026 0.00206812
27.46 -5.58328e-06 6.58283e-05 0.00033875 0.000122695 0.00834663 0.00164645
27.48 -4.74681e-06 4.6499e-05 0.000258274 0.000107994 0.00633389 0.00116302
27.5 -3.67989e-06 2.5264e-05 0.000167264 9.03647e-05 0.00405771 0.000631921
27.52 -2.42958e-06 3.30997e-06 6.87086e-05 7.00363e-05 0.00159279 8.28416e-05
27.54 -1.06716e-06 -1.82394e-05 -3.41809e-05 4.75923e-05 -0.000980519 -0.000456117
27.56 3.29802e-07 -3.87508e-05 -0.000137648 2.40199e-05 -0.00356827 -0.000969117
27.58 1.69215e-06 -5.78267e-05 -0.000237583 6.16604e-07 -0.00606768 -0.00144621
27.6 2.9654e-06 -7.49086e-05 -0.000329858 -2.12317e-05 -0.00837554 -0.00187344
27.62 4.10821e-06 -8.92765e-05 -0.000410941 -4.0324e-05 -0.0104034 -0.00223278
27.64 5.09146e-06 -0.000100319 -0.000478646 -5.58147e-05 -0.0120968 -0.00250896
27.66 5.89763e-06 -0.000107683 -0.000532106 -6.72278e-05 -0.0134338 -0.00269314
27.68 6.51796e-06 -0.000111317 -0.000570904 -7.44306e-05 -0.0144042 -0.00278402
27.7 6.94798e-06 -0.000111432 -0.000594476 -7.76414e-05 -0.0149937 -0.00278691
27.72 7.18487e-06 -0.000108272 -0.00060239 -7.73573e-05 -0.0151917 -0.00270786
27.74 7.22216e-06 -0.000101864 -0.000594332 -7.41169e-05 -0.0149901 -0.00254759
27.76 7.04862e-06 -9.21755e-05 -0.000569197 -6.82743e-05 -0.0143615 -0.00230529
27.78 6.66359e-06 -7.9529e-05 -0.000526096 -6.00171e-05 -0.0132835 -0.001989
27.8 6.07057e-06 -6.45937e-05 -0.000466439 -4.94713e-05 -0.0117915 -0.00161546
27.82 5.27757e-06 -4.79067e-05 -0.000393607 -3.66682e-05 -0.00996992 -0.00119811
27.84 4.30627e-06 -2.96598e-05 -0.000310958 -2.15505e-05 -0.00790284 -0.000741745
27.86 3.19124e-06 -1.00805e-05 -0.000221193 -4.16009e-06 -0.00565778 -0.00025206
27.88 1.98321e-06 1.0138e-05 -0.000127173 1.51447e-05 -0.00330629 0.000253614
27.9 7.39801e-07 2.99227e-05 -3.22318e-05 3.55953e-05 -0.000931772 0.000748438
27.92 -4.84513e-07 4.82584e-05 6.00035e-05 5.60819e-05 0.00137507 0.00120702
27.94 -1.64429e-06 6.45265e-05 0.00014593 7.53684e-05 0.00352412 0.00161389
27.96 -2.70196e-06 7.85098e-05 0.000222439 9.23568e-05 0.00543765 0.00196362
27.98 -3.62637e-06 9.00858e-05 0.000287465 0.000106245 0.00706397 0.00225314
28 -4.39296e-06 9.89253e-05 0.000339941 0.000116548 0.00837642 0.00247422
28.02 -4.98458e-06 0.000104548 0.000379135 0.000123097 0.00935667 0.00261484
28.04 -5.39155e-06 0.000106667 0.000404225 0.000126081 0.00998419 0.00266785
28.06 -5.61098e-06 0.000105373 0.000414596 0.00012598 0.0102436 0.00263549
28.08 -5.6432e-06 0.000100909 0.000410052 0.000123331 0.0101299 0.00252384
28.1 -5.485e-06 9.33851e-05 0.000389933 0.000118488 0.00962675 0.00233566
28.12 -5.14045e-06 8.28538e-05 0.000353503 0.000111611 0.00871562 0.00207227
28.14 -4.61683e-06 6.95663e-05 0.000301634 0.000102779 0.00741834 0.00173994
28.16 -3.92242e-06 5.402e-05 0.000237002 9.19921e-05 0.00580188 0.00135112
28.18 -3.07435e-06 3.68279e-05 0.000162715 7.91822e-05 0.00394394 0.000921138
28.2 -2.09772e-06 1.86181e-05 8.1442e-05 6.43629e-05 0.00191126 0.000465706
28.22 -1.02975e-06 2.33993e-08 -4.14625e-06 4.78049e-05 -0.00022934 6.43238e-07
28.24 8.47211e-08 -1.82977e-05 -9.10894e-05 3.01171e-05 -0.00240382 -0.000457574
28.26 1.19909e-06 -3.56572e-05 -0.000176193 1.221e-05 -0.00453229 -0.000891745
28.28 2.26989e-06 -5.14013e-05 -0.000256218 -4.8544e-06 -0.00653377 -0.00128551
28.3 3.25796e-06 -6.50155e-05 -0.00032821 -2.00851e-05 -0.00833432 -0.00162601
28.32 4.12992e-06 -7.6157e-05 -0.000389987 -3.2736e-05 -0.00987938 -0.00190466
28.34 4.86003e-06 -8.45686e-05 -0.000440279 -4.23537e-05 -0.0111372 -0.00211504
28.36 5.43103e-06 -8.999e-05 -0.000478324 -4.87637e-05 -0.0120887 -0.00225063
28.38 5.83287e-06 -9.22074e-05 -0.000503404 -5.2075e-05 -0.012716 -0.00230609
28.4 6.06045e-06 -9.12035e-05 -0.000514758 -5.26461e-05 -0.013 -0.00228098
28.42 6.10985e-06 -8.71707e-05 -0.00051174 -5.09243e-05 -0.0129245 -0.00218012
28.44 5.97183e-06 -8.03554e-05 -0.00049347 -4.72417e-05 -0.0124675 -0.00200966
28.46 5.64113e-06 -7.09984e-05 -0.000459363 -4.176e-05 -0.0116145 -0.00177564
28.48 5.1166e-06 -5.94078e-05 -0.000410401 -3.45397e-05 -0.0103899 -0.00148576
28.5 4.40221e-06 -4.59826e-05 -0.000349054 -2.55595e-05 -0.00885562 -0.00114999
28.52 3.51589e-06 -3.11807e-05 -0.000278027 -1.47316e-05 -0.00707922 -0.000779783
28.54 2.4884e-06 -1.55049e-05 -0.000199602 -2.01681e-06 -0.00511776 -0.000387725
28.56 1.36349e-06 5.12597e-07 -0.00011616 1.24244e-05 -0.00303085 1.28783e-05
28.58 1.90623e-07 1.63329e-05 -3.05849e-05 2.81465e-05 -0.000890582 0.000408551
28.6 -9.81977e-07 3.14115e-05 5.38456e-05 4.44286e-05 0.00122106 0.000785674
28.62 -2.11103e-06 4.51829e-05 0.000134183 6.03799e-05 0.00323032 0.0011301
28.64 -3.15599e-06 5.71551e-05 0.000207285 7.51161e-05 0.00505864 0.00142953
