0.02 3.22421e-12 1.21643e-10 -2.23677e-08 3.19639e-11 -5.59425e-07 3.04234e-09
0.04 4.84244e-11 3.4973e-09 -1.52967e-07 -2.60988e-12 -3.82577e-06 8.7469e-08
0.06 2.88596e-10 2.35324e-08 -4.86047e-07 -8.68097e-10 -1.21562e-05 5.88554e-07
0.08 1.09108e-09 9.8156e-08 -9.87654e-07 -3.78163e-09 -2.47016e-05 2.45492e-06
0.1 3.31028e-09 3.16241e-07 -1.50653e-06 -8.75747e-09 -3.7679e-05 7.90931e-06
0.12 8.88475e-09 8.0654e-07 -1.935e-06 -1.3744e-08 -4.83952e-05 2.01719e-05
0.14 2.12495e-08 1.64237e-06 -2.28572e-06 -1.58518e-08 -5.71667e-05 4.10764e-05
0.16 4.46957e-08 2.76134e-06 -2.62599e-06 -1.1616e-08 -6.56772e-05 6.90623e-05
0.18 8.25438e-08 4.00049e-06 -3.00601e-06 5.05589e-09 -7.51816e-05 0.000100054
0.2 1.35342e-07 5.21463e-06 -3.45454e-06 4.24808e-08 -8.63994e-05 0.00013042
0.22 2.00641e-07 6.39668e-06 -3.99114e-06 1.0553e-07 -9.982e-05 0.000159984
0.24 2.74243e-07 7.67283e-06 -4.62226e-06 1.90274e-07 -0.000115605 0.000191901
0.26 3.51339e-07 9.13248e-06 -5.3402e-06 2.85243e-07 -0.000133561 0.000228407
0.28 4.26875e-07 1.07146e-05 -6.11253e-06 3.78518e-07 -0.000152877 0.000267976
0.3 4.96236e-07 1.23275e-05 -6.84439e-06 4.64961e-07 -0.000171181 0.000308317
0.32 5.56835e-07 1.39854e-05 -7.36805e-06 5.47052e-07 -0.000184278 0.000349782
0.34 6.09247e-07 1.57217e-05 -7.52354e-06 6.27703e-07 -0.000188167 0.000393205
0.36 6.56608e-07 1.74716e-05 -7.28526e-06 7.05092e-07 -0.000182207 0.000436973
0.38 7.03154e-07 1.91559e-05 -6.80532e-06 7.79736e-07 -0.000170204 0.000479097
0.4 7.53003e-07 2.07589e-05 -6.32683e-06 8.62802e-07 -0.000158237 0.000519188
0.42 8.08439e-07 2.21782e-05 -6.05163e-06 9.66063e-07 -0.000151354 0.000554686
0.44 8.67319e-07 2.31148e-05 -6.01671e-06 1.08247e-06 -0.00015048 0.000578111
0.46 9.21962e-07 2.33333e-05 -5.98908e-06 1.18762e-06 -0.000149789 0.000583575
0.48 9.62025e-07 2.30354e-05 -5.54047e-06 1.26193e-06 -0.00013857 0.000576126
0.5 9.80095e-07 2.28088e-05 -4.43198e-06 1.29826e-06 -0.000110846 0.000570457
0.52 9.75899e-07 2.31177e-05 -2.96512e-06 1.28508e-06 -7.4159e-05 0.000578184
0.54 9.55762e-07 2.38224e-05 -1.81479e-06 1.20148e-06 -4.53886e-05 0.000595807
0.56 9.26781e-07 2.41185e-05 -1.47488e-06 1.04158e-06 -3.68873e-05 0.000603213
0.58 8.89715e-07 2.30506e-05 -1.89727e-06 8.32107e-07 -4.74515e-05 0.000576504
0.6 8.37265e-07 2.03384e-05 -2.61735e-06 6.10762e-07 -6.54609e-05 0.000508672
0.62 7.59549e-07 1.66727e-05 -3.2012e-06 3.89377e-07 -8.00634e-05 0.000416992
0.64 6.50541e-07 1.30099e-05 -3.66709e-06 1.46303e-07 -9.17153e-05 0.000325382
0.66 5.09533e-07 9.69841e-06 -4.54322e-06 -1.41661e-07 -0.000113628 0.000242561
0.68 3.39488e-07 6.47576e-06 -6.43391e-06 -4.58734e-07 -0.000160915 0.000161962
0.7 1.46515e-07 3.00866e-06 -9.41541e-06 -7.4583e-07 -0.000235483 7.52478e-05
0.72 -6.03479e-08 -8.89956e-07 -1.28556e-05 -9.45542e-07 -0.000321524 -2.22582e-05
0.74 -2.71273e-07 -5.29428e-06 -1.58988e-05 -1.0465e-06 -0.000397635 -0.000132412
0.76 -4.77475e-07 -9.9906e-06 -1.81885e-05 -1.067e-06 -0.000454901 -0.000249869
0.78 -6.70337e-07 -1.44122e-05 -2.01774e-05 -1.00185e-06 -0.000504645 -0.000360455
0.8 -8.41179e-07 -1.81634e-05 -2.27434e-05 -8.16811e-07 -0.000568822 -0.000454274
0.82 -9.84883e-07 -2.14742e-05 -2.63415e-05 -4.99451e-07 -0.000658811 -0.000537078
0.84 -1.10292e-06 -2.46916e-05 -3.03513e-05 -7.97498e-08 -0.000759098 -0.000617547
0.86 -1.19978e-06 -2.7437e-05 -3.33733e-05 4.13211e-07 -0.000834681 -0.000686211
0.88 -1.27503e-06 -2.87665e-05 -3.4431e-05 9.78278e-07 -0.000861133 -0.000719462
0.9 -1.31912e-06 -2.82326e-05 -3.39201e-05 1.60618e-06 -0.000848355 -0.000706108
0.92 -1.31784e-06 -2.64486e-05 -3.32753e-05 2.25406e-06 -0.000832228 -0.000661491
0.94 -1.26232e-06 -2.45253e-05 -3.36798e-05 2.88463e-06 -0.000842345 -0.000613387
0.96 -1.15694e-06 -2.31406e-05 -3.50279e-05 3.49713e-06 -0.000876062 -0.000578755
0.98 -1.0195e-06 -2.21866e-05 -3.59183e-05 4.08365e-06 -0.000898333 -0.000554897
1 -8.74946e-07 -2.13145e-05 -3.36632e-05 4.57758e-06 -0.00084193 -0.000533085
1.02 -7.49533e-07 -2.06258e-05 -2.49513e-05 4.89929e-06 -0.000624043 -0.00051586
1.04 -6.62579e-07 -2.00294e-05 -1.10555e-05 5.05854e-06 -0.000276503 -0.000500943
1.06 -6.12167e-07 -1.8549e-05 -2.45351e-07 5.12993e-06 -6.13634e-06 -0.000463917
1.08 -5.72316e-07 -1.57098e-05 1.58158e-06 5.09969e-06 3.95559e-05 -0.000392908
1.1 -5.17219e-07 -1.24669e-05 -1.90787e-06 4.83907e-06 -4.77167e-05 -0.000311802
1.12 -4.50444e-07 -1.00031e-05 -2.96023e-06 4.24832e-06 -7.40366e-05 -0.000250182
1.14 -3.98444e-07 -8.86385e-06 3.25303e-06 3.3304e-06 8.13595e-05 -0.000221689
1.16 -3.71331e-07 -8.87048e-06 1.5655e-05 2.13518e-06 0.000391538 -0.000221854
1.18 -3.44092e-07 -9.18973e-06 2.74989e-05 7.12236e-07 0.00068776 -0.000229839
1.2 -2.84468e-07 -9.18895e-06 3.26388e-05 -8.91194e-07 0.000816309 -0.00022982
1.22 -1.91308e-07 -8.78188e-06 3.15176e-05 -2.61393e-06 0.000788268 -0.000219638
1.24 -9.86175e-08 -7.5979e-06 2.85974e-05 -4.34275e-06 0.000715234 -0.000190027
1.26 -3.98939e-08 -5.17221e-06 2.6217e-05 -5.90318e-06 0.000655698 -0.000129359
1.28 -1.23946e-08 -2.2661e-06 2.32318e-05 -7.14496e-06 0.000581038 -5.66761e-05
1.3 1.29626e-08 -6.28878e-07 1.77825e-05 -8.0407e-06 0.000444748 -1.57285e-05
1.32 4.88923e-08 -1.00996e-06 9.24836e-06 -8.6587e-06 0.000231305 -2.52596e-05
1.34 7.38363e-08 -2.38416e-06 -1.03481e-06 -9.05639e-06 -2.58811e-05 -5.96289e-05
1.36 5.37565e-08 -3.84254e-06 -8.316e-06 -9.23917e-06 -0.000207987 -9.61036e-05
1.38 -3.58741e-08 -6.42488e-06 -6.09749e-06 -9.14579e-06 -0.000152501 -0.000160689
1.4 -2.01599e-07 -1.10747e-05 3.74968e-06 -8.57937e-06 9.37811e-05 -0.000276983
1.42 -4.20158e-07 -1.58582e-05 7.11927e-06 -7.27945e-06 0.000178056 -0.000396621
1.44 -6.40313e-07 -1.83276e-05 -5.68313e-06 -5.21785e-06 -0.000142137 -0.00045838
1.46 -8.22117e-07 -1.89384e-05 -2.64772e-05 -2.70681e-06 -0.000662205 -0.000473656
1.48 -9.75791e-07 -1.96699e-05 -4.02703e-05 -1.02082e-07 -0.00100718 -0.000491953
1.5 -1.13859e-06 -2.15825e-05 -4.16513e-05 2.44998e-06 -0.00104172 -0.000539787
1.52 -1.31313e-06 -2.5261e-05 -3.53563e-05 4.88757e-06 -0.000884275 -0.000631787
1.54 -1.45662e-06 -3.09813e-05 -2.8123e-05 7.05588e-06 -0.000703369 -0.000774855
1.56 -1.53279e-06 -3.68147e-05 -2.45266e-05 8.78682e-06 -0.00061342 -0.00092075
1.58 -1.54781e-06 -3.89703e-05 -2.53207e-05 1.00235e-05 -0.000633281 -0.000974663
1.6 -1.53131e-06 -3.58374e-05 -2.62948e-05 1.07977e-05 -0.000657644 -0.000896309
1.62 -1.49873e-06 -3.00898e-05 -2.26084e-05 1.12219e-05 -0.000565446 -0.000752559
1.64 -1.43415e-06 -2.56516e-05 -1.57246e-05 1.15025e-05 -0.000393279 -0.000641558
1.66 -1.30518e-06 -2.39801e-05 -1.21512e-05 1.17379e-05 -0.000303908 -0.000599753
1.68 -1.09952e-06 -2.3668e-05 -1.45856e-05 1.16559e-05 -0.000364792 -0.000591948
1.7 -8.46035e-07 -2.19147e-05 -1.79441e-05 1.07617e-05 -0.00044879 -0.000548095
1.72 -5.90197e-07 -1.62703e-05 -1.50755e-05 8.82162e-06 -0.000377045 -0.000406928
1.74 -3.51135e-07 -7.10411e-06 -3.85952e-06 6.07335e-06 -9.65281e-05 -0.000177677
1.76 -1.13159e-07 1.6574e-06 1.15826e-05 2.97454e-06 0.000289685 4.14523e-05
1.78 1.46188e-07 6.49443e-06 2.42298e-05 -8.08361e-08 0.000605997 0.000162428
1.8 4.33129e-07 8.75765e-06 2.87151e-05 -2.83944e-06 0.000718177 0.000219032
1.82 7.38713e-07 1.31394e-05 2.53993e-05 -5.22583e-06 0.000635246 0.000328622
1.84 1.04789e-06 2.20825e-05 2.06218e-05 -7.34465e-06 0.00051576 0.000552293
1.86 1.34569e-06 3.33832e-05 2.1063e-05 -9.2844e-06 0.000526794 0.000834928
1.88 1.62259e-06 4.26134e-05 2.77443e-05 -1.09166e-05 0.000693897 0.00106578
1.9 1.87428e-06 4.65596e-05 3.65181e-05 -1.20274e-05 0.000913334 0.00116447
1.92 2.09146e-06 4.53663e-05 4.31239e-05 -1.26029e-05 0.00107855 0.00113463
1.94 2.25327e-06 4.26893e-05 4.63286e-05 -1.28109e-05 0.0011587 0.00106768
1.96 2.33685e-06 4.28961e-05 4.74435e-05 -1.27155e-05 0.00118658 0.00107285
1.98 2.33095e-06 4.66681e-05 4.84349e-05 -1.21636e-05 0.00121138 0.00116719
2 2.23625e-06 4.96905e-05 5.00263e-05 -1.09694e-05 0.00125118 0.00124278
2.02 2.05681e-06 4.66901e-05 5.07935e-05 -9.1119e-06 0.00127037 0.00116774
2.04 1.79409e-06 3.65044e-05 4.84594e-05 -6.77686e-06 0.00121199 0.000912991
2.06 1.44576e-06 2.28248e-05 4.24416e-05 -4.30966e-06 0.00106148 0.000570858
2.08 1.00939e-06 1.06924e-05 3.44902e-05 -2.09559e-06 0.000862615 0.000267421
2.1 4.92985e-07 2.49896e-06 2.64431e-05 -3.53768e-07 0.000661353 6.25002e-05
2.12 -7.6417e-08 -3.52155e-06 1.81942e-05 9.91556e-07 0.000455045 -8.80753e-05
2.14 -6.57358e-07 -1.12239e-05 8.50469e-06 2.19176e-06 0.000212706 -0.000280716
2.16 -1.20795e-06 -2.25093e-05 -2.94476e-06 3.42427e-06 -7.36496e-05 -0.000562968
2.18 -1.69633e-06 -3.53637e-05 -1.51031e-05 4.66579e-06 -0.000377736 -0.000884461
2.2 -2.10295e-06 -4.60089e-05 -2.66015e-05 5.75764e-06 -0.000665314 -0.0011507
2.22 -2.4172e-06 -5.22921e-05 -3.69404e-05 6.5608e-06 -0.000923894 -0.00130785
2.24 -2.63291e-06 -5.49784e-05 -4.70332e-05 7.07517e-06 -0.00117632 -0.00137503
2.26 -2.75009e-06 -5.68171e-05 -5.80315e-05 7.41851e-06 -0.00145139 -0.00142102
2.28 -2.78348e-06 -6.01685e-05 -6.92554e-05 7.68079e-06 -0.00173211 -0.00150484
2.3 -2.76408e-06 -6.45194e-05 -7.82365e-05 7.832e-06 -0.00195673 -0.00161366
2.32 -2.72233e-06 -6.66015e-05 -8.28092e-05 7.792e-06 -0.00207109 -0.00166573
2.34 -2.66605e-06 -6.36891e-05 -8.20996e-05 7.54552e-06 -0.00205334 -0.00159289
2.36 -2.57792e-06 -5.65076e-05 -7.63717e-05 7.16622e-06 -0.00191009 -0.00141328
2.38 -2.43442e-06 -4.85543e-05 -6.75371e-05 6.76868e-06 -0.00168913 -0.00121436
2.4 -2.22393e-06 -4.29171e-05 -5.85248e-05 6.44676e-06 -0.00146373 -0.00107338
2.42 -1.9504e-06 -3.99055e-05 -5.04795e-05 6.21152e-06 -0.00126251 -0.000998054
2.44 -1.6302e-06 -3.73729e-05 -4.1694e-05 5.96792e-06 -0.00104278 -0.000934711
2.46 -1.28695e-06 -3.27878e-05 -3.01065e-05 5.57896e-06 -0.000752977 -0.000820036
2.48 -9.40108e-07 -2.49602e-05 -1.57471e-05 4.9707e-06 -0.00039384 -0.000624266
2.5 -5.94688e-07 -1.48189e-05 -5.37923e-07 4.1607e-06 -1.34537e-05 -0.000370628
2.52 -2.45908e-07 -5.0148e-06 1.34843e-05 3.17706e-06 0.000337247 -0.000125422
2.54 1.06626e-07 2.25876e-06 2.5939e-05 1.98135e-06 0.000648746 5.64926e-05
2.56 4.51982e-07 7.3008e-06 3.83523e-05 4.99008e-07 0.000959206 0.000182596
2.58 7.73077e-07 1.20859e-05 5.17131e-05 -1.29646e-06 0.00129337 0.000302273
2.6 1.05558e-06 1.76384e-05 6.40135e-05 -3.35404e-06 0.001601 0.000441145
2.62 1.29049e-06 2.28679e-05 7.19169e-05 -5.56296e-06 0.00179867 0.000571936
2.64 1.46556e-06 2.56441e-05 7.4471e-05 -7.76152e-06 0.00186255 0.000641371
2.66 1.55432e-06 2.46823e-05 7.33756e-05 -9.77009e-06 0.00183515 0.000617315
2.68 1.5248e-06 2.11427e-05 7.01487e-05 -1.1475e-05 0.00175445 0.000528789
2.7 1.37005e-06 1.81896e-05 6.48299e-05 -1.28707e-05 0.00162142 0.000454929
2.72 1.12586e-06 1.79108e-05 5.69019e-05 -1.39857e-05 0.00142314 0.000447956
2.74 8.48461e-07 1.87877e-05 4.59336e-05 -1.47769e-05 0.00114882 0.000469889
2.76 5.75671e-07 1.71216e-05 3.20542e-05 -1.51099e-05 0.000801689 0.000428218
2.78 3.15836e-07 1.11084e-05 1.64741e-05 -1.482e-05 0.000412025 0.000277826
2.8 6.63356e-08 2.45692e-06 1.15332e-07 -1.37985e-05 2.88451e-06 6.14486e-05
2.82 -1.72906e-07 -6.0465e-06 -1.83994e-05 -1.207e-05 -0.000460177 -0.000151225
2.84 -4.04396e-07 -1.29522e-05 -4.12948e-05 -9.77605e-06 -0.0010328 -0.000323941
2.86 -6.39209e-07 -1.78652e-05 -6.77473e-05 -7.02494e-06 -0.00169439 -0.000446815
2.88 -8.88896e-07 -2.0413e-05 -9.30863e-05 -3.79118e-06 -0.00232813 -0.000510538
2.9 -1.14689e-06 -2.0384e-05 -0.000112032 -4.71097e-08 -0.00280197 -0.000509813
2.92 -1.37466e-06 -1.81216e-05 -0.000122159 4.06438e-06 -0.00305524 -0.000453229
2.94 -1.50788e-06 -1.42984e-05 -0.000125625 8.32281e-06 -0.00314192 -0.00035761
2.96 -1.48576e-06 -9.84947e-06 -0.000128303 1.26493e-05 -0.0032089 -0.000246339
2.98 -1.28657e-06 -6.10565e-06 -0.00013501 1.70674e-05 -0.00337665 -0.000152705
3 -9.44311e-07 -3.97559e-06 -0.00014406 2.14515e-05 -0.00360301 -9.94313e-05
3.02 -5.33043e-07 -2.41438e-06 -0.000147867 2.54624e-05 -0.00369821 -6.03846e-05
3.04 -1.27151e-07 1.49419e-06 -0.000140022 2.87322e-05 -0.00350201 3.73703e-05
3.06 2.36485e-07 9.81167e-06 -0.000121153 3.099e-05 -0.0030301 0.000245394
3.08 5.67166e-07 2.12906e-05 -9.7778e-05 3.20323e-05 -0.00244547 0.000532486
3.1 8.96714e-07 3.2626e-05 -7.64528e-05 3.17361e-05 -0.00191212 0.000815991
3.12 1.25018e-06 4.2167e-05 -5.87481e-05 3.01293e-05 -0.00146931 0.00105461
3.14 1.63547e-06 5.10134e-05 -4.04824e-05 2.73295e-05 -0.00101248 0.00127587
3.16 2.04715e-06 6.00254e-05 -1.60003e-05 2.34004e-05 -0.000400174 0.00150126
3.18 2.47108e-06 6.77748e-05 1.55204e-05 1.83912e-05 0.000388172 0.00169508
3.2 2.8895e-06 7.26757e-05 4.82914e-05 1.25208e-05 0.00120779 0.00181765
3.22 3.28544e-06 7.53425e-05 7.54774e-05 6.15326e-06 0.00188772 0.00188435
3.24 3.63542e-06 7.72986e-05 9.55149e-05 -4.84424e-07 0.00238887 0.00193327
3.26 3.89735e-06 7.88186e-05 0.000111867 -7.41568e-06 0.00279785 0.00197129
3.28 4.022e-06 7.94581e-05 0.000128312 -1.46259e-05 0.00320914 0.00198728
3.3 3.98727e-06 7.90556e-05 0.000145727 -2.17595e-05 0.00364468 0.00197721
3.32 3.81469e-06 7.70075e-05 0.000161683 -2.82545e-05 0.00404375 0.00192599
3.34 3.54785e-06 7.2165e-05 0.000171616 -3.37292e-05 0.00429218 0.00180488
3.36 3.21882e-06 6.40937e-05 0.000171572 -3.80952e-05 0.00429109 0.00160301
3.38 2.83096e-06 5.31155e-05 0.000161444 -4.13139e-05 0.00403779 0.00132844
3.4 2.36114e-06 3.92791e-05 0.000145253 -4.31991e-05 0.00363284 0.000982387
3.42 1.77739e-06 2.27047e-05 0.000127434 -4.35031e-05 0.00318718 0.000567854
3.44 1.0646e-06 4.60144e-06 0.000109098 -4.21099e-05 0.00272859 0.000115084
3.46 2.39972e-07 -1.32039e-05 8.8145e-05 -3.90963e-05 0.00220454 -0.000330236
3.48 -6.54374e-07 -2.94879e-05 6.21956e-05 -3.46329e-05 0.00155554 -0.000737505
3.5 -1.56845e-06 -4.4037e-05 3.06974e-05 -2.88509e-05 0.000767756 -0.00110138
3.52 -2.45492e-06 -5.76121e-05 -4.81112e-06 -2.18157e-05 -0.000120328 -0.0014409
3.54 -3.27517e-06 -7.17158e-05 -4.10633e-05 -1.36385e-05 -0.00102701 -0.00179364
3.56 -4.00551e-06 -8.72504e-05 -7.39747e-05 -4.59141e-06 -0.00185014 -0.00218217
3.58 -4.63445e-06 -0.000102706 -0.000100656 4.91205e-06 -0.00251745 -0.00256872
3.6 -5.14965e-06 -0.000114652 -0.000121496 1.4427e-05 -0.00303867 -0.00286751
3.62 -5.53213e-06 -0.000121074 -0.00013994 2.35346e-05 -0.00349996 -0.00302812
3.64 -5.76914e-06 -0.00012365 -0.000159124 3.18481e-05 -0.00397976 -0.00309255
3.66 -5.87121e-06 -0.000125731 -0.000178289 3.90566e-05 -0.00445909 -0.00314458
3.68 -5.87016e-06 -0.000128222 -0.000193071 4.49596e-05 -0.00482879 -0.00320688
3.7 -5.79475e-06 -0.000128422 -0.000199367 4.93702e-05 -0.00498624 -0.0032119
3.72 -5.64423e-06 -0.000122958 -0.00019597 5.1992e-05 -0.0049013 -0.00307523
3.74 -5.383e-06 -0.000110868 -0.000184004 5.25221e-05 -0.00460202 -0.00277285
3.76 -4.96095e-06 -9.3965e-05 -0.000165924 5.09203e-05 -0.00414983 -0.0023501
3.78 -4.34281e-06 -7.54378e-05 -0.000144899 4.74638e-05 -0.00362399 -0.00188673
3.8 -3.52684e-06 -5.8192e-05 -0.000122824 4.24782e-05 -0.00307189 -0.00145541
3.82 -2.54635e-06 -4.30044e-05 -9.86176e-05 3.61237e-05 -0.00246647 -0.00107556
3.84 -1.4571e-06 -2.74359e-05 -7.02567e-05 2.8499e-05 -0.00175715 -0.000686184
3.86 -3.17602e-07 -7.8168e-06 -3.82252e-05 1.98126e-05 -0.000956028 -0.000195501
3.88 8.24074e-07 1.65069e-05 -5.04647e-06 1.03436e-05 -0.000126214 0.000412844
3.9 1.92595e-06 4.15138e-05 2.78651e-05 3.53929e-07 0.000696918 0.00103828
3.92 2.93859e-06 6.1823e-05 6.0798e-05 -9.83467e-06 0.00152058 0.00154622
3.94 3.80305e-06 7.50611e-05 9.3564e-05 -1.97712e-05 0.00234007 0.00187731
3.96 4.46528e-06 8.26228e-05 0.00012425 -2.90118e-05 0.00310755 0.00206643
3.98 4.89245e-06 8.73671e-05 0.000149804 -3.72637e-05 0.00374667 0.00218509
4 5.07648e-06 9.10257e-05 0.000166807 -4.4294e-05 0.00417191 0.00227659
4.02 5.0244e-06 9.28123e-05 0.000172606 -4.97817e-05 0.00431696 0.00232127
4.04 4.74902e-06 9.03772e-05 0.000167174 -5.33796e-05 0.00418108 0.00226037
4.06 4.2716e-06 8.25892e-05 0.000153364 -5.48905e-05 0.00383569 0.00206559
4.08 3.63118e-06 7.08453e-05 0.000134396 -5.43234e-05 0.00336129 0.00177187
4.1 2.88351e-06 5.7339e-05 0.000111504 -5.18214e-05 0.00278877 0.00143407
4.12 2.08739e-06 4.33972e-05 8.43782e-05 -4.75506e-05 0.00211033 0.00108538
4.14 1.29515e-06 2.99999e-05 5.26686e-05 -4.15798e-05 0.00131726 0.000750311
4.16 5.52915e-07 1.80019e-05 1.62952e-05 -3.38715e-05 0.000407549 0.000450235
4.18 -1.03866e-07 6.85087e-06 -2.44646e-05 -2.44721e-05 -0.000611869 0.000171343
4.2 -6.64785e-07 -5.2588e-06 -6.80442e-05 -1.36813e-05 -0.00170181 -0.000131525
4.22 -1.1491e-06 -1.86743e-05 -0.000111509 -1.94847e-06 -0.00278888 -0.000467051
4.24 -1.58951e-06 -3.11911e-05 -0.000152251 1.03045e-05 -0.00380785 -0.000780102
4.26 -2.01256e-06 -4.077e-05 -0.000188748 2.26053e-05 -0.00472066 -0.00101968
4.28 -2.4302e-06 -4.75051e-05 -0.000218945 3.42979e-05 -0.00547591 -0.00118812
4.3 -2.83724e-06 -5.21752e-05 -0.000239805 4.47359e-05 -0.00599762 -0.00130492
4.32 -3.2112e-06 -5.51999e-05 -0.000249695 5.35775e-05 -0.00624496 -0.00138057
4.34 -3.51792e-06 -5.74722e-05 -0.00024978 6.0713e-05 -0.00624709 -0.0014374
4.36 -3.71693e-06 -5.94293e-05 -0.000242417 6.5983e-05 -0.00606295 -0.00148635
4.38 -3.75946e-06 -5.87647e-05 -0.000229411 6.91574e-05 -0.00573767 -0.00146973
4.4 -3.58652e-06 -5.13381e-05 -0.000211823 7.00833e-05 -0.00529779 -0.00128399
4.42 -3.13657e-06 -3.47495e-05 -0.000190087 6.86471e-05 -0.00475416 -0.000869099
4.44 -2.35954e-06 -1.02652e-05 -0.000163733 6.46763e-05 -0.00409503 -0.000256738
4.46 -1.2327e-06 1.8204e-05 -0.000131008 5.80761e-05 -0.00327656 0.000455289
4.48 2.23158e-07 4.67319e-05 -8.95074e-05 4.90219e-05 -0.00223862 0.00116878
4.5 1.93518e-06 7.38074e-05 -3.86971e-05 3.78882e-05 -0.00096783 0.00184595
4.52 3.79299e-06 0.00010107 1.82915e-05 2.50618e-05 0.000457477 0.00252779
4.54 5.68376e-06 0.000131837 7.66983e-05 1.0964e-05 0.00191826 0.00329729
4.56 7.51724e-06 0.000167857 0.000133763 -3.79843e-06 0.00334548 0.00419819
4.58 9.22139e-06 0.000206465 0.000189635 -1.8466e-05 0.00474284 0.00516378
4.6 1.07296e-05 0.000241507 0.000245263 -3.23244e-05 0.00613413 0.00604019
4.62 1.19837e-05 0.000267646 0.000299678 -4.48161e-05 0.00749508 0.00669394
4.64 1.29415e-05 0.000282905 0.000348984 -5.55548e-05 0.00872822 0.00707557
4.66 1.35645e-05 0.000287266 0.000388736 -6.43786e-05 0.00972244 0.00718464
4.68 1.37931e-05 0.000280967 0.000417994 -7.13311e-05 0.0104542 0.00702709
4.7 1.35422e-05 0.000264393 0.00043992 -7.64425e-05 0.0110026 0.00661257
4.72 1.27277e-05 0.000237611 0.000457526 -7.95558e-05 0.0114429 0.00594274
4.74 1.13052e-05 0.000200043 0.000469625 -8.04537e-05 0.0117455 0.00500317
4.76 9.29876e-06 0.0001524 0.000471371 -7.90722e-05 0.0117892 0.00381158
4.78 6.80118e-06 9.83712e-05 0.00045822 -7.54986e-05 0.0114603 0.00246031
4.8 3.9514e-06 4.25001e-05 0.000429455 -6.98769e-05 0.0107408 0.00106294
4.82 9.04017e-07 -1.32945e-05 0.000388533 -6.24271e-05 0.00971738 -0.000332502
4.84 -2.18799e-06 -7.00721e-05 0.000340061 -5.34521e-05 0.00850508 -0.00175253
4.86 -5.18427e-06 -0.000130146 0.000286347 -4.32334e-05 0.00716166 -0.003255
4.88 -7.98703e-06 -0.000195963 0.000227201 -3.20229e-05 0.00568239 -0.00490112
4.9 -1.05823e-05 -0.00026839 0.000162859 -2.01999e-05 0.00407317 -0.00671254
4.92 -1.30437e-05 -0.000343893 9.61e-05 -8.29583e-06 0.0024035 -0.00860091
4.94 -1.54738e-05 -0.000414439 3.09522e-05 3.21498e-06 0.000774127 -0.0103653
4.96 -1.79196e-05 -0.000471939 -3.01684e-05 1.40452e-05 -0.000754525 -0.0118034
4.98 -2.03228e-05 -0.000512922 -8.77111e-05 2.3997e-05 -0.00219369 -0.0128284
5 -2.25265e-05 -0.000539122 -0.00014396 3.28902e-05 -0.0036005 -0.0134837
5.02 -2.43256e-05 -0.000554876 -0.000200724 4.06192e-05 -0.00502018 -0.0138777
5.04 -2.55296e-05 -0.000563858 -0.000257081 4.71227e-05 -0.00642971 -0.0141023
5.06 -2.60039e-05 -0.000566174 -0.000309341 5.22403e-05 -0.00773674 -0.0141603
5.08 -2.5673e-05 -0.000557069 -0.000353887 5.57072e-05 -0.00885086 -0.0139325
5.1 -2.45002e-05 -0.000529258 -0.000389619 5.73249e-05 -0.00974453 -0.013237
5.12 -2.24718e-05 -0.000477556 -0.000416651 5.70719e-05 -0.0104206 -0.0119439
5.14 -1.95895e-05 -0.000401127 -0.000433477 5.50996e-05 -0.0108414 -0.0100324
5.16 -1.58599e-05 -0.000301581 -0.000437204 5.17438e-05 -0.0109347 -0.00754267
5.18 -1.12777e-05 -0.000180307 -0.000426509 4.75141e-05 -0.0106672 -0.00450957
5.2 -5.8261e-06 -3.88849e-05 -0.000403039 4.29206e-05 -0.0100802 -0.000972528
5.22 4.82226e-07 0.000117656 -0.000369777 3.82672e-05 -0.00924827 0.00294263
5.24 7.52557e-06 0.00027859 -0.000328684 3.36627e-05 -0.00822052 0.00696766
5.26 1.50059e-05 0.000430073 -0.000278964 2.91887e-05 -0.006977 0.0107563
5.28 2.2451e-05 0.000561795 -0.000215908 2.4931e-05 -0.00539994 0.0140507
5.3 2.92906e-05 0.000671354 -0.000132617 2.07828e-05 -0.00331682 0.0167908
5.32 3.49363e-05 0.000761028 -2.62437e-05 1.62025e-05 -0.000656367 0.0190336
5.34 3.88331e-05 0.000829784 9.64306e-05 1.03095e-05 0.00241177 0.0207532
5.36 4.06925e-05 0.000874475 0.000221525 2.87523e-06 0.00554044 0.021871
5.38 4.09711e-05 0.000907379 0.000336879 -4.52771e-06 0.0084255 0.022694
5.4 4.02094e-05 0.000938568 0.000437143 -9.64067e-06 0.0109331 0.023474
5.42 3.82569e-05 0.00094877 0.000521164 -1.23857e-05 0.0130345 0.0237292
5.44 3.55055e-05 0.000928228 0.000587369 -1.586e-05 0.0146903 0.0232155
5.46 3.24512e-05 0.000869567 0.000632768 -2.36691e-05 0.0158258 0.0217483
5.48 2.91346e-05 0.00076275 0.000654691 -3.5959e-05 0.0163741 0.0190768
5.5 2.55175e-05 0.000619888 0.000651076 -4.96375e-05 0.0162837 0.0155037
5.52 2.1277e-05 0.000459624 0.000619642 -6.26228e-05 0.0154975 0.0114955
5.54 1.61134e-05 0.000298092 0.000558746 -7.54949e-05 0.0139745 0.00745548
5.56 9.90233e-06 0.000148506 0.000469219 -8.89263e-05 0.0117354 0.00371428
5.58 2.87874e-06 2.33286e-05 0.000356191 -0.000101344 0.00890849 0.000583543
5.6 -4.43482e-06 -7.52355e-05 0.000230252 -0.000109729 0.0057587 -0.00188159
5.62 -1.13859e-05 -0.000159159 0.000104311 -0.000111936 0.00260885 -0.00398054
5.64 -1.73815e-05 -0.00024464 -1.32181e-05 -0.000107554 -0.000330591 -0.00611845
5.66 -2.20172e-05 -0.000338983 -0.000120514 -9.69178e-05 -0.00301412 -0.00847803
5.68 -2.51536e-05 -0.000437986 -0.000217523 -8.01947e-05 -0.00544034 -0.0109541
5.7 -2.69314e-05 -0.000531302 -0.000301264 -5.77839e-05 -0.00753474 -0.013288
5.72 -2.77168e-05 -0.000607919 -0.000364967 -3.11268e-05 -0.00912797 -0.0152042
5.74 -2.79657e-05 -0.000659517 -0.000399089 -2.5181e-06 -0.00998137 -0.0164947
5.76 -2.80549e-05 -0.000683502 -0.000394096 2.60554e-05 -0.00985652 -0.0170946
5.78 -2.81602e-05 -0.000683727 -0.000345716 5.37981e-05 -0.0086465 -0.0171002
5.8 -2.82297e-05 -0.000666525 -0.000258737 8.10952e-05 -0.00647111 -0.01667
5.82 -2.80487e-05 -0.000636703 -0.000145468 0.000107934 -0.00363822 -0.0159241
5.84 -2.73817e-05 -0.000599082 -1.94648e-05 0.000131838 -0.000486823 -0.0149832
5.86 -2.60759e-05 -0.000559757 0.000111074 0.000149012 0.00277801 -0.0139997
5.88 -2.40995e-05 -0.000522423 0.000243317 0.00015731 0.00608547 -0.013066
5.9 -2.15346e-05 -0.000485111 0.000373691 0.000156548 0.00934618 -0.0121328
5.92 -1.85249e-05 -0.000441209 0.000494881 0.000146694 0.0123772 -0.0110348
5.94 -1.52046e-05 -0.000380901 0.000598494 0.000127065 0.0149686 -0.00952644
5.96 -1.16056e-05 -0.000292093 0.000676602 9.72143e-05 0.0169221 -0.00730532
5.98 -7.60135e-06 -0.000166948 0.000721465 5.79744e-05 0.0180441 -0.00417538
6 -2.95411e-06 -1.22023e-05 0.000729317 1.15925e-05 0.0182405 -0.000305129
6.02 2.51346e-06 0.000147496 0.000703732 -3.88105e-05 0.0176006 0.00368899
6.04 8.7015e-06 0.000279826 0.000649529 -8.98872e-05 0.016245 0.00699863
6.06 1.51201e-05 0.000363686 0.000565527 -0.000138513 0.0141441 0.009096
6.08 2.09939e-05 0.000404716 0.000450221 -0.000181928 0.0112602 0.0101222
6.1 2.5543e-05 0.00043419 0.000309249 -0.000217682 0.00773446 0.0108593
6.12 2.82802e-05 0.00048796 0.000146746 -0.000243637 0.00367019 0.0122042
6.14 2.91753e-05 0.000579738 -4.58512e-05 -0.000258005 -0.00114676 0.0144995
6.16 2.86282e-05 0.000689466 -0.000280148 -0.000259344 -0.00700662 0.0172439
6.18 2.7269e-05 0.000776371 -0.000551012 -0.000247061 -0.013781 0.0194174
6.2 2.56465e-05 0.000805627 -0.000834557 -0.000222209 -0.0208727 0.0201491
6.22 2.39791e-05 0.000765861 -0.00109709 -0.00018517 -0.0274397 0.0191546
6.24 2.2115e-05 0.000666741 -0.0012994 -0.000134335 -0.0325072 0.0166755
6.26 1.96179e-05 0.000526776 -0.00143042 -7.17771e-05 -0.0358059 0.013175
6.28 1.60323e-05 0.000367645 -0.0015368 -3.0097e-06 -0.0385157 0.00919504
6.3 1.09306e-05 0.000208545 -0.00167342 7.08864e-05 -0.0421144 0.00521588
6.32 4.1101e-06 5.87844e-05 -0.00185119 0.000151519 -0.0475376 0.00147031
6.34 -4.13422e-06 -7.93463e-05 -0.0019838 0.000235849 -0.0550869 -0.0019844
6.36 -1.33011e-05 -0.000205351 -0.00202055 0.000318041 -0.0645834 -0.00513583
6.38 -2.26839e-05 -0.00032324 -0.00202699 0.000395341 -0.0721453 -0.00808429
6.4 -3.12429e-05 -0.000443243 -0.00202832 0.000465021 -0.0746588 -0.0110856
6.42 -3.79432e-05 -0.000572294 -0.00196048 0.00052125 -0.072962 -0.0143132
6.44 -4.20492e-05 -0.000702006 -0.00178462 0.000564619 -0.0685637 -0.0175574
6.46 -4.34007e-05 -0.000816309 -0.00150673 0.000603612 -0.0616135 -0.0204162
6.48 -4.28203e-05 -0.000911689 -0.00113111 0.000641208 -0.0522185 -0.0228018
6.5 -4.12231e-05 -0.000988813 -0.000734519 0.000672214 -0.0422942 -0.024731
6.52 -3.88219e-05 -0.00103682 -0.000394984 0.000689448 -0.0337777 -0.025932
6.54 -3.52258e-05 -0.00103269 -0.000151662 0.000686596 -0.027642 -0.0258287
6.56 -3.08211e-05 -0.000973961 2.9265e-05 0.000659458 -0.0230438 -0.0243599
6.58 -2.65067e-05 -0.000867833 0.000203341 0.000604281 -0.0185714 -0.0217056
6.6 -2.23473e-05 -0.00072613 0.000410237 0.000520268 -0.0131579 -0.0181615
6.62 -1.80887e-05 -0.000580606 0.000657754 0.000416213 -0.00645233 -0.0145219
6.64 -1.32936e-05 -0.000450649 0.000928715 0.00030542 0.00139116 -0.0112716
6.66 -7.71795e-06 -0.0003354 0.00119519 0.000195806 0.0100673 -0.00838918
6.68 -1.58009e-06 -0.00022625 0.00143423 8.9675e-05 0.0194815 -0.0056593
6.7 4.63068e-06 -0.000117105 0.00162994 -1.20161e-05 0.0296834 -0.00292953
6.72 1.04714e-05 -5.06017e-07 0.00177087 -0.000107972 0.0402806 -1.33437e-05
6.74 1.57288e-05 0.00012983 0.00185567 -0.000197134 0.0497671 0.0032464
6.76 2.04027e-05 0.000271375 0.00189514 -0.000279273 0.0558605 0.00678653
6.78 2.46075e-05 0.000413538 0.0019011 -0.000355616 0.0569294 0.0103421
6.8 2.84302e-05 0.000546276 0.00180979 -0.000430116 0.0546456 0.0136619
6.82 3.18135e-05 0.000663916 0.0016593 -0.000506942 0.0508818 0.0166042
6.84 3.4463e-05 0.000762711 0.00146421 -0.0005818 0.0460024 0.0190751
6.86 3.60847e-05 0.000838344 0.00125964 -0.000642707 0.0408856 0.0209669
6.88 3.67501e-05 0.000888193 0.00107761 -0.000682568 0.0363315 0.0222138
6.9 3.67442e-05 0.000917104 0.000921028 -0.000700843 0.0324116 0.022937
6.92 3.64808e-05 0.000936326 0.000776063 -0.000694699 0.0287788 0.0234179
6.94 3.60418e-05 0.000954361 0.000617707 -0.000659011 0.0248032 0.0238691
6.96 3.47424e-05 0.000968585 0.000435152 -0.000593843 0.0202041 0.024225
6.98 3.26776e-05 0.000954046 0.000229926 -0.000506267 0.0149997 0.0238613
7 3.02586e-05 0.000892117 8.63617e-06 -0.00040649 0.00931975 0.0223125
7.02 2.70331e-05 0.000779824 -0.000220763 -0.000304095 0.00330802 0.019504
7.04 2.26569e-05 0.000626291 -0.000446754 -0.0002057 -0.00281395 0.0156641
7.06 1.70316e-05 0.000457239 -0.000658518 -0.000114598 -0.0088349 0.011436
7.08 1.02368e-05 0.000294601 -0.000849834 -3.15327e-05 -0.0146392 0.00736835
7.1 2.54232e-06 0.000148787 -0.00101552 4.53711e-05 -0.0200864 0.00372149
7.12 -5.59929e-06 1.83727e-05 -0.00114674 0.000120559 -0.0248027 0.000459761
7.14 -1.35262e-05 -0.000100105 -0.00123385 0.000198584 -0.028204 -0.00250343
7.16 -2.04923e-05 -0.000207273 -0.00127235 0.000280098 -0.0297933 -0.00518372
7.18 -2.58133e-05 -0.000302304 -0.00125786 0.000360052 -0.029431 -0.00756049
7.2 -2.90532e-05 -0.000386983 -0.00117843 0.000431531 -0.0274443 -0.00967835
7.22 -3.02721e-05 -0.000467134 -0.00103679 0.000489554 -0.0239018 -0.011683
7.24 -2.98781e-05 -0.00055017 -0.000838248 0.000528241 -0.0189363 -0.0137597
7.26 -2.84049e-05 -0.000637779 -0.000610704 0.000540709 -0.0132453 -0.0159509
7.28 -2.64573e-05 -0.000720478 -0.000387405 0.000524579 -0.00766052 -0.0180192
7.3 -2.46145e-05 -0.000782257 -0.000191191 0.000483049 -0.00275313 -0.0195644
7.32 -2.34046e-05 -0.000809994 -3.1354e-05 0.000421282 0.00124446 -0.0202582
7.34 -2.31117e-05 -0.000797453 9.25757e-05 0.000342713 0.00434401 -0.0199445
7.36 -2.35039e-05 -0.000745621 0.000196113 0.000250773 0.00693355 -0.0186482
7.38 -2.40293e-05 -0.000667645 0.000307726 0.000153932 0.00972515 -0.016698
7.4 -2.39791e-05 -0.000581562 0.000447559 6.25759e-05 0.0132228 -0.014545
7.42 -2.26544e-05 -0.000498396 0.000610663 -1.84314e-05 0.0173036 -0.012465
7.44 -1.96528e-05 -0.000421397 0.000775389 -9.0875e-05 0.0214282 -0.0105392
7.46 -1.49269e-05 -0.000348648 0.000920772 -0.000159104 0.0250756 -0.00871971
7.48 -8.81866e-06 -0.000274842 0.0010324 -0.00022598 0.0278861 -0.00687378
7.5 -1.92639e-06 -0.000190979 0.00109949 -0.000290873 0.0295829 -0.00477636
7.52 5.07243e-06 -8.92161e-05 0.00111473 -0.000349947 0.0299695 -0.00223121
7.54 1.15819e-05 3.07623e-05 0.00107373 -0.000399418 0.0289441 0.000769498
7.56 1.71567e-05 0.000161275 0.00096711 -0.000437805 0.0262774 0.00403367
7.58 2.1546e-05 0.000293076 0.000787757 -0.000461813 0.0217917 0.00733007
7.6 2.46711e-05 0.000419295 0.000560453 -0.000464682 0.0161066 0.0104869
7.62 2.65699e-05 0.00053326 0.000335637 -0.000442684 0.0104827 0.0133372
7.64 2.73729e-05 0.000627184 0.00014953 -0.000397998 0.00582377 0.0156863
7.66 2.7303e-05 0.000693877 8.40974e-06 -0.0003354 0.00228604 0.0173543
7.68 2.66458e-05 0.000727221 -9.82459e-05 -0.000258775 -0.000393136 0.0181882
7.7 2.56474e-05 0.000718701 -0.000185289 -0.000169283 -0.00258505 0.0179752
7.72 2.42913e-05 0.000660636 -0.000270492 -6.93354e-05 -0.00473727 0.0165229
7.74 2.22735e-05 0.000560434 -0.000369079 3.17841e-05 -0.00723886 0.0140168
7.76 1.92278e-05 0.000435646 -0.000482573 0.000122152 -0.0101396 0.0108958
7.78 1.49038e-05 0.000302447 -0.000600541 0.00019563 -0.0131881 0.00756446
7.8 9.29015e-06 0.000173327 -0.000714401 0.00025309 -0.016176 0.00433513
7.82 2.65609e-06 5.53075e-05 -0.000820916 0.000298418 -0.0190275 0.0013834
7.84 -4.48224e-06 -5.08204e-05 -0.000912797 0.000334948 -0.0215458 -0.0012709
7.86 -1.15003e-05 -0.00015212 -0.000974408 0.000363685 -0.0232732 -0.00380444
7.88 -1.78347e-05 -0.000257531 -0.000988853 0.000383289 -0.0236834 -0.00644082
7.9 -2.30737e-05 -0.000368552 -0.000938449 0.000392537 -0.0224228 -0.00921749
7.92 -2.69659e-05 -0.000477344 -0.000811685 0.000391915 -0.0192524 -0.0119384
7.94 -2.94465e-05 -0.000575166 -0.000617868 0.000381096 -0.0144049 -0.014385
7.96 -3.06194e-05 -0.00065898 -0.000403138 0.000357249 -0.00903445 -0.0164812
7.98 -3.0701e-05 -0.000728537 -0.00021899 0.000317963 -0.00442882 -0.0182209
8 -2.99932e-05 -0.000781166 -8.45301e-05 0.00026448 -0.00106593 -0.0195372
8.02 -2.88531e-05 -0.000812279 1.00164e-05 0.000200413 0.00129872 -0.0203153
8.04 -2.76066e-05 -0.000817493 8.45621e-05 0.000127468 0.00316314 -0.0204458
8.06 -2.63019e-05 -0.000790756 0.000159104 4.63084e-05 0.00502747 -0.019777
8.08 -2.48298e-05 -0.000729482 0.000250848 -3.7273e-05 0.00732207 -0.0182446
8.1 -2.29414e-05 -0.000640956 0.000365749 -0.000112467 0.0101959 -0.0160305
8.12 -2.02382e-05 -0.000533421 0.000495228 -0.000171257 0.0134345 -0.013341
8.14 -1.64304e-05 -0.000411945 0.000626447 -0.000212825 0.0167173 -0.0103028
8.16 -1.13706e-05 -0.000278951 0.000751345 -0.000240397 0.0198435 -0.00697658
8.18 -5.08641e-06 -0.000134787 0.00086153 -0.000256973 0.0226043 -0.00337097
8.2 2.21122e-06 1.74959e-05 0.000941477 -0.000264276 0.0246105 0.000437679
8.22 1.01241e-05 0.000170795 0.000974861 -0.000263315 0.0254495 0.00427176
8.24 1.80895e-05 0.000315844 0.000954137 -0.000255358 0.0249312 0.00789948
8.26 2.54359e-05 0.000445636 0.000880503 -0.000242748 0.0230895 0.0111456
8.28 3.14907e-05 0.000558033 0.000766041 -0.000227967 0.0202268 0.0139567
8.3 3.57268e-05 0.000655004 0.000635835 -0.000211242 0.0169703 0.016382
8.32 3.79169e-05 0.000739975 0.000511595 -0.000189823 0.013863 0.0185072
8.34 3.82161e-05 0.000815635 0.000397247 -0.000160416 0.0110029 0.0203995
8.36 3.70953e-05 0.000882382 0.000286656 -0.000122075 0.00823656 0.022069
8.38 3.512e-05 0.000937325 0.000175411 -7.66343e-05 0.00545319 0.0234433
8.4 3.26445e-05 0.000970217 6.2574e-05 -2.70059e-05 0.00262862 0.024266
8.42 2.99992e-05 0.000966321 -5.09899e-05 2.52082e-05 -0.000216712 0.0241686
8.44 2.75668e-05 0.00091698 -0.000162662 7.82154e-05 -0.003019 0.0229345
8.46 2.52528e-05 0.000818133 -0.000271562 0.000124148 -0.00575856 0.0204623
8.48 2.26984e-05 0.000677523 -0.0003799 0.000152077 -0.00849432 0.0169456
8.5 1.94775e-05 0.000516516 -0.000487838 0.000159243 -0.0112354 0.0129188
8.52 1.51163e-05 0.000354517 -0.000590513 0.000152476 -0.0138634 0.00886711
8.54 9.37096e-06 0.000203068 -0.000679312 0.000140687 -0.0161588 0.0050793
8.56 2.33968e-06 6.80089e-05 -0.000743492 0.000130226 -0.0178348 0.00170142
8.58 -5.4775e-06 -4.86763e-05 -0.000772369 0.000124016 -0.0185945 -0.00121692
8.6 -1.33215e-05 -0.000150869 -0.000756769 0.000121551 -0.0182043 -0.0037728
8.62 -2.03766e-05 -0.000246235 -0.000690891 0.000120382 -0.0165567 -0.00615794
8.64 -2.59526e-05 -0.000340808 -0.000579015 0.000118419 -0.0137586 -0.00852326
8.66 -2.96233e-05 -0.000436613 -0.000439854 0.000113931 -0.0102781 -0.0109194
8.68 -3.12976e-05 -0.000533113 -0.000296672 0.000104274 -0.00669711 -0.0133329
8.7 -3.12195e-05 -0.000627463 -0.000162256 8.68429e-05 -0.00333531 -0.0156926
8.72 -2.99206e-05 -0.000712989 -3.93939e-05 6.16582e-05 -0.000262469 -0.0178317
8.74 -2.80645e-05 -0.000779924 7.40935e-05 3.17639e-05 0.0025759 -0.0195058
8.76 -2.62372e-05 -0.000819319 0.000183583 8.00476e-07 0.00531428 -0.0204912
8.78 -2.47054e-05 -0.000823096 0.000294881 -2.96222e-05 0.00809789 -0.0205856
8.8 -2.35287e-05 -0.000784794 0.00040861 -5.9394e-05 0.0109424 -0.0196277
8.82 -2.25872e-05 -0.000703921 0.000521334 -8.4738e-05 0.0137618 -0.017605
8.84 -2.13689e-05 -0.000588367 0.000629851 -9.87717e-05 0.0164763 -0.014715
8.86 -1.92912e-05 -0.000455766 0.00072978 -0.000100633 0.0189766 -0.0113985
8.88 -1.58978e-05 -0.000322478 0.000814531 -9.67826e-05 0.0210979 -0.00806496
8.9 -1.09355e-05 -0.000195355 0.000876862 -9.37795e-05 0.0226591 -0.00488558
8.92 -4.52975e-06 -7.73548e-05 0.000908608 -9.48945e-05 0.0234547 -0.00193434
8.94 2.84097e-06 3.05791e-05 0.000900043 -0.000100997 0.0232405 0.000765132
8.96 1.04641e-05 0.000131804 0.000843289 -0.000111253 0.021821 0.00329681
8.98 1.75767e-05 0.000231957 0.000741968 -0.000123383 0.0192869 0.00580167
9 2.34902e-05 0.000332335 0.000615438 -0.000134383 0.0161224 0.00831218
9.02 2.76972e-05 0.000428837 0.000483809 -0.000140923 0.0128303 0.0107257
9.04 2.99817e-05 0.000517724 0.000351791 -0.000139276 0.0095283 0.0129488
9.06 3.04928e-05 0.000599011 0.000213476 -0.000126433 0.00606844 0.0149819
9.08 2.9683e-05 0.000672405 6.5729e-05 -0.000102633 0.00237132 0.0168175
9.1 2.81189e-05 0.000732026 -8.65478e-05 -7.21271e-05 -0.00144265 0.0183086
9.12 2.62895e-05 0.000767031 -0.000232314 -4.0137e-05 -0.00510073 0.0191841
9.14 2.44519e-05 0.000764422 -0.000358824 -8.50667e-06 -0.00828626 0.0191189
9.16 2.27022e-05 0.000716797 -0.000461487 2.32625e-05 -0.0108834 0.0179278
9.18 2.10029e-05 0.000629653 -0.000552266 5.2132e-05 -0.0131932 0.0157483
9.2 1.91442e-05 0.000521494 -0.000649889 7.29386e-05 -0.0156968 0.0130432
9.22 1.68667e-05 0.000416006 -0.000759743 8.57652e-05 -0.0185481 0.0104048
9.24 1.39126e-05 0.000324436 -0.000868878 9.61773e-05 -0.0214309 0.00811466
9.26 1.00974e-05 0.000239309 -0.00095757 0.00010965 -0.0238244 0.00598559
9.28 5.40837e-06 0.0001474 -0.00100987 0.000128437 -0.0252632 0.00368692
9.3 5.31618e-08 4.56526e-05 -0.0010162 0.000151614 -0.025439 0.00114216
9.32 -5.57483e-06 -5.55733e-05 -0.000970325 0.000176231 -0.0242917 -0.00138954
9.34 -1.09902e-05 -0.000144048 -0.000876068 0.000198558 -0.0219342 -0.00360234
9.36 -1.5735e-05 -0.000218069 -0.000746558 0.000214695 -0.0186951 -0.00545361
9.38 -1.94555e-05 -0.000286438 -0.000607616 0.000221378 -0.0152201 -0.00716356
9.4 -2.1933e-05 -0.000358252 -0.000481109 0.00021696 -0.0120562 -0.00895965
9.42 -2.31288e-05 -0.000434346 -0.000370787 0.00020152 -0.00929695 -0.0108628
9.44 -2.32306e-05 -0.000506552 -0.000269645 0.000176545 -0.00676735 -0.0126687
9.46 -2.26235e-05 -0.000562851 -0.000168806 0.000144609 -0.00424532 -0.0140768
9.48 -2.17221e-05 -0.00059358 -6.09193e-05 0.00010879 -0.00154702 -0.0148453
9.5 -2.07575e-05 -0.000593455 5.77507e-05 7.15506e-05 0.00142098 -0.0148422
9.52 -1.97372e-05 -0.000560755 0.00018361 3.42737e-05 0.00456882 -0.0140244
9.54 -1.85122e-05 -0.000497717 0.000307335 -1.27876e-06 0.00766336 -0.0124477
9.56 -1.6772e-05 -0.000409238 0.000420124 -3.26923e-05 0.0104846 -0.0102348
9.58 -1.4198e-05 -0.000303517 0.000517235 -5.91076e-05 0.0129141 -0.00759072
9.6 -1.05784e-05 -0.000190121 0.000596272 -8.18435e-05 0.0148919 -0.00475463
9.62 -5.84405e-06 -7.68815e-05 0.000653836 -0.000102805 0.0163329 -0.00192247
9.64 -1.54134e-07 2.839e-05 0.000685027 -0.000123354 0.0171139 0.000710416
9.66 6.07981e-06 0.000118687 0.000686474 -0.000143981 0.0171502 0.00296877
9.68 1.22307e-05 0.000191906 0.000657557 -0.00016401 0.0164269 0.00480002
9.7 1.76052e-05 0.000253266 0.000599317 -0.000181309 0.0149703 0.00633465
9.72 2.16277e-05 0.000311413 0.000516538 -0.000192488 0.0129 0.00778894
9.74 2.39806e-05 0.00037182 0.000418954 -0.000194054 0.0104594 0.00929975
9.76 2.46486e-05 0.000432912 0.000313528 -0.000183765 0.00782261 0.0108277
9.78 2.38788e-05 0.000486333 0.000200481 -0.000161285 0.0049952 0.0121638
9.8 2.20845e-05 0.000519836 8.0953e-05 -0.00012824 0.00200546 0.0130017
9.82 1.96877e-05 0.000521317 -3.7289e-05 -8.73088e-05 -0.000952704 0.0130387
9.84 1.70159e-05 0.00048575 -0.000144705 -4.14439e-05 -0.00364124 0.0121492
9.86 1.42581e-05 0.000419192 -0.000239274 5.35323e-06 -0.00601004 0.0104845
9.88 1.14433e-05 0.000333492 -0.000327989 4.84944e-05 -0.00823487 0.00834114
9.9 8.50143e-06 0.000238401 -0.000420062 8.51544e-05 -0.0105483 0.00596287
9.92 5.31295e-06 0.000138488 -0.000519827 0.000115291 -0.0130627 0.00346402
9.94 1.75545e-06 3.67487e-05 -0.000623087 0.000140705 -0.0156781 0.000919472
9.96 -2.22452e-06 -6.17618e-05 -0.000717305 0.000163566 -0.0180816 -0.00154432
9.98 -6.55714e-06 -0.00015139 -0.000787218 0.00018509 -0.0198797 -0.00378596
10 -1.10339e-05 -0.000229352 -0.000823869 0.000204793 -0.0208286 -0.00573582
10.02 -1.53473e-05 -0.000297207 -0.000828839 0.000220977 -0.0209577 -0.00743291
10.04 -1.91657e-05 -0.000358733 -0.000807912 0.000232214 -0.0204343 -0.00897168
10.06 -2.22114e-05 -0.000416006 -0.000761566 0.000237758 -0.0192752 -0.0104041
10.08 -2.43098e-05 -0.00046679 -0.000685302 0.000236417 -0.0173678 -0.0116742
10.1 -2.53866e-05 -0.000505219 -0.000584571 0.000226693 -0.0148485 -0.0126354
10.12 -2.54328e-05 -0.000525487 -0.000476197 0.000208237 -0.012138 -0.0131423
10.14 -2.4479e-05 -0.000525214 -0.000375018 0.000181867 -0.00960745 -0.0131355
10.16 -2.25724e-05 -0.000504812 -0.000286779 0.00014864 -0.00740057 -0.0126252
10.18 -1.98667e-05 -0.000467608 -0.000208041 0.000110476 -0.00543129 -0.0116947
10.2 -1.66086e-05 -0.00041626 -0.000127985 7.0656e-05 -0.00342906 -0.0104105
10.22 -1.3e-05 -0.000350235 -3.37282e-05 3.21876e-05 -0.00107166 -0.00875916
10.24 -9.17895e-06 -0.000268991 8.00981e-05 -3.31932e-06 0.00177518 -0.0067272
10.26 -5.22833e-06 -0.000174176 0.00020588 -3.50825e-05 0.00492105 -0.00435585
10.28 -1.19206e-06 -7.02579e-05 0.000328546 -6.2596e-05 0.00798905 -0.00175681
10.3 2.90907e-06 3.7028e-05 0.000436309 -8.56093e-05 0.0106844 0.000926457
10.32 7.04723e-06 0.000141551 0.000524622 -0.000104106 0.0128935 0.00354061
10.34 1.1151e-05 0.00023784 0.000591268 -0.000118337 0.0145608 0.00594885
10.36 1.50948e-05 0.000322023 0.000631389 -0.000128988 0.0155648 0.0080543
10.38 1.87124e-05 0.00039189 0.000638934 -0.000136926 0.0157536 0.0098017
10.4 2.18075e-05 0.00044622 0.000609356 -0.000142527 0.0150138 0.0111605
10.42 2.41662e-05 0.000484699 0.00054209 -0.000145078 0.0133314 0.0121229
10.44 2.55872e-05 0.000508249 0.00044697 -0.000143129 0.0109525 0.0127119
10.46 2.59257e-05 0.00051834 0.000340888 -0.000135679 0.00829929 0.0129643
10.48 2.51336e-05 0.000515255 0.000233669 -0.000122056 0.00561767 0.0128871
10.5 2.32609e-05 0.000496869 0.000124859 -0.000101144 0.0028962 0.0124273
10.52 2.04896e-05 0.000462307 1.2134e-05 -7.25707e-05 7.65312e-05 0.0115629
10.54 1.70781e-05 0.000413869 -0.000104679 -3.83184e-05 -0.00284613 0.0103514
10.56 1.32772e-05 0.000354829 -0.000226393 -1.82653e-06 -0.00589322 0.0088748
10.58 9.32124e-06 0.000286705 -0.00035404 3.39372e-05 -0.00909307 0.00717098
10.6 5.39855e-06 0.000207929 -0.000483979 6.71985e-05 -0.012359 0.00520076
10.62 1.61924e-06 0.000116376 -0.000606773 9.72084e-05 -0.0154598 0.00291097
10.64 -2.02165e-06 1.2611e-05 -0.000711943 0.000123787 -0.0181341 0.000315777
10.66 -5.61648e-06 -9.75262e-05 -0.000791755 0.000146838 -0.0201805 -0.0024388
10.68 -9.25161e-06 -0.000203196 -0.000841404 0.000166371 -0.0214635 -0.00508164
10.7 -1.2914e-05 -0.000292674 -0.000859439 0.000183041 -0.0219317 -0.00731953
10.72 -1.64593e-05 -0.000359522 -0.000847768 0.000198185 -0.0216398 -0.00899143
10.74 -1.96461e-05 -0.000405509 -0.000807436 0.00021273 -0.0206311 -0.0101416
10.76 -2.21988e-05 -0.000437445 -0.000735935 0.000225638 -0.0188428 -0.0109403
10.78 -2.38765e-05 -0.000460999 -0.000633192 0.000234157 -0.0162732 -0.0115294
10.8 -2.45122e-05 -0.000477422 -0.000506639 0.000235874 -0.013108 -0.0119401
10.82 -2.40389e-05 -0.000485346 -0.000366551 0.000229216 -0.00960438 -0.0121383
10.84 -2.25099e-05 -0.000483053 -0.000221996 0.000212726 -0.00598901 -0.012081
10.86 -2.01212e-05 -0.000469437 -8.08374e-05 0.000185475 -0.00245857 -0.0117404
10.88 -1.71969e-05 -0.000443783 5.24056e-05 0.000148452 0.000873898 -0.0110988
10.9 -1.40383e-05 -0.000402834 0.000178944 0.000104909 0.00403869 -0.0100747
10.92 -1.08251e-05 -0.000341201 0.000301414 5.87588e-05 0.0071018 -0.00853321
10.94 -7.59359e-06 -0.000256209 0.000417645 1.31283e-05 0.010009 -0.00640753
10.96 -4.2631e-06 -0.000152941 0.000522008 -2.98247e-05 0.0126196 -0.00382474
10.98 -7.32631e-07 -4.4416e-05 0.000611587 -6.87607e-05 0.0148609 -0.00111049
11 3.03661e-06 5.51674e-05 0.000687067 -0.000103076 0.0167502 0.00138013
11.02 6.96939e-06 0.000137552 0.000747237 -0.00013278 0.0182569 0.00344061
11.04 1.08834e-05 0.000203165 0.000785327 -0.000158362 0.0192112 0.00508162
11.06 1.45344e-05 0.000258989 0.000791187 -0.00018047 0.019358 0.0064778
11.08 1.76792e-05 0.000313143 0.000753306 -0.000199497 0.0184106 0.0078322
11.1 2.0131e-05 0.000368971 0.000662888 -0.000214639 0.0161492 0.0092285
11.12 2.17843e-05 0.000422485 0.000526128 -0.000223505 0.0127288 0.0105669
11.14 2.26066e-05 0.000465068 0.000367278 -0.000223874 0.00875587 0.0116319
11.16 2.26183e-05 0.0004897 0.00020929 -0.000214683 0.00480434 0.012248
11.18 2.18945e-05 0.00049527 5.98972e-05 -0.000195171 0.00106718 0.0123873
11.2 2.05621e-05 0.000484717 -8.09439e-05 -0.000164196 -0.00245769 0.0121233
11.22 1.87646e-05 0.000461056 -0.000213171 -0.00012122 -0.00577036 0.0115316
11.24 1.66084e-05 0.000425807 -0.000339025 -6.84571e-05 -0.00892946 0.01065
11.26 1.41234e-05 0.000378958 -0.00046353 -1.06243e-05 -0.0120653 0.00947827
11.28 1.13054e-05 0.000320063 -0.000587289 4.77149e-05 -0.0152 0.00800529
11.3 8.18485e-06 0.000250693 -0.000704478 0.000103624 -0.0181942 0.00627031
11.32 4.84434e-06 0.000176359 -0.000810165 0.00015532 -0.0209273 0.00441117
11.34 1.41088e-06 0.000103873 -0.000903824 0.000201391 -0.0233867 0.00259828
11.36 -1.97012e-06 3.55737e-05 -0.000982753 0.000240687 -0.0254962 0.000890085
11.38 -5.17753e-06 -3.2528e-05 -0.0010371 0.000272651 -0.0269739 -0.000813167
11.4 -8.15181e-06 -0.000105844 -0.00105511 0.000297552 -0.027469 -0.00264683
11.42 -1.08905e-05 -0.00018447 -0.00102731 0.000316354 -0.0267738 -0.0046133
11.44 -1.34031e-05 -0.000261174 -0.000949527 0.000329697 -0.0248284 -0.0065317
11.46 -1.56536e-05 -0.000324798 -0.000826294 0.000336614 -0.0217463 -0.00812296
11.48 -1.75319e-05 -0.000365788 -0.00067759 0.000335015 -0.0180271 -0.00914813
11.5 -1.88557e-05 -0.000382104 -0.000526932 0.000323141 -0.0142591 -0.00955622
11.52 -1.9434e-05 -0.000382385 -0.000382771 0.000299715 -0.0106536 -0.00956322
11.54 -1.91761e-05 -0.000380461 -0.00024357 0.000263454 -0.0071721 -0.00951511
11.56 -1.81317e-05 -0.000383356 -0.00010899 0.000214013 -0.00380618 -0.00958753
11.58 -1.64372e-05 -0.000385815 2.0481e-05 0.000153752 -0.000568039 -0.00964903
11.6 -1.42616e-05 -0.000377748 0.000149932 8.74086e-05 0.00266967 -0.00944727
11.62 -1.17988e-05 -0.000353702 0.000285512 1.99708e-05 0.00606085 -0.00884587
11.64 -9.26269e-06 -0.00031384 0.000425642 -4.45478e-05 0.00956642 -0.00784891
11.66 -6.80533e-06 -0.000259415 0.000562521 -0.000103017 0.0129921 -0.00648771
11.68 -4.4186e-06 -0.00019065 0.000689538 -0.000153104 0.0161739 -0.00476787
11.7 -1.94984e-06 -0.000108555 0.000801487 -0.000193663 0.0189832 -0.00271463
11.72 7.9486e-07 -1.69872e-05 0.000890441 -0.00022498 0.0212213 -0.000424486
11.74 3.9425e-06 7.67241e-05 0.000947707 -0.000248421 0.0226664 0.00191927
11.76 7.49408e-06 0.000163344 0.000969193 -0.000265577 0.0232097 0.00408566
11.78 1.13058e-05 0.000235754 0.000952713 -0.000277461 0.0227975 0.00589669
11.8 1.5115e-05 0.000293245 0.000890632 -0.000283941 0.0212448 0.00733455
11.82 1.85979e-05 0.000341676 0.000776797 -0.000283585 0.0183978 0.00854582
11.84 2.14262e-05 0.000388278 0.000624506 -0.000274388 0.0145889 0.00971136
11.86 2.33174e-05 0.000436002 0.000461391 -0.000254593 0.0105093 0.010905
11.88 2.41133e-05 0.000482367 0.000307219 -0.000222935 0.00665314 0.0120646
11.9 2.38656e-05 0.000521925 0.000167411 -0.000179009 0.00315565 0.0130539
11.92 2.2833e-05 0.000548432 3.82692e-05 -0.000123726 -7.63691e-05 0.0137169
11.94 2.13419e-05 0.000556042 -8.96791e-05 -5.96465e-05 -0.00328123 0.0139072
11.96 1.96246e-05 0.000541327 -0.0002282 8.57895e-06 -0.00675684 0.0135392
11.98 1.77667e-05 0.00050444 -0.000382019 7.50206e-05 -0.0106299 0.0126166
12 1.57167e-05 0.000447731 -0.000543583 0.000134708 -0.014726 0.0111983
12.02 1.33524e-05 0.000375815 -0.000701112 0.000185006 -0.0187691 0.00939967
12.04 1.057e-05 0.000296428 -0.000849047 0.000225263 -0.0226402 0.00741416
12.06 7.34467e-06 0.000217719 -0.000986584 0.000255999 -0.0263423 0.0054456
12.08 3.74845e-06 0.0001434 -0.00110905 0.000278596 -0.0297665 0.00358687
12.1 -8.84397e-08 7.11529e-05 -0.00120571 0.000295048 -0.0325921 0.00177994
12.12 -4.01426e-06 -3.41538e-06 -0.00126554 0.000307207 -0.0344145 -8.50489e-05
12.14 -7.86525e-06 -8.19777e-05 -0.00128225 0.000315964 -0.0349353 -0.00204993
12.16 -1.14616e-05 -0.000162163 -0.00124775 0.000321139 -0.0340724 -0.00405539
12.18 -1.4624e-05 -0.000239326 -0.00115891 0.000321756 -0.0318506 -0.00598527
12.2 -1.72337e-05 -0.000309039 -0.00102457 0.000316069 -0.0284908 -0.00772883
12.22 -1.92237e-05 -0.000369159 -0.00086992 0.000301992 -0.0246228 -0.00923244
12.24 -2.0554e-05 -0.000420424 -0.000718107 0.000278037 -0.0208259 -0.0105146
12.26 -2.12384e-05 -0.000464301 -0.000572849 0.000243864 -0.0171929 -0.011612
12.28 -2.13622e-05 -0.00049954 -0.00042866 0.000200412 -0.0135867 -0.0124933
12.3 -2.10561e-05 -0.000521042 -0.000282355 0.000149638 -0.00992754 -0.0130311
12.32 -2.04061e-05 -0.000522348 -0.000133231 9.44344e-05 -0.00619781 -0.0130638
12.34 -1.93582e-05 -0.000499332 2.03972e-05 3.89866e-05 -0.00235525 -0.0124881
12.36 -1.77905e-05 -0.000453614 0.000178305 -1.20383e-05 0.00159496 -0.0113447
12.38 -1.56028e-05 -0.000391226 0.000337243 -5.53432e-05 0.00557258 -0.00978436
12.4 -1.27518e-05 -0.000319729 0.000495348 -8.98563e-05 0.00953337 -0.00799619
12.42 -9.28958e-06 -0.000245756 0.000652644 -0.000116344 0.0134828 -0.00614608
12.44 -5.34595e-06 -0.00017182 0.000803597 -0.000136756 0.0172905 -0.00429692
12.46 -1.11184e-06 -9.68668e-05 0.000932803 -0.000153596 0.0205756 -0.00242231
12.48 3.18667e-06 -1.98113e-05 0.00102219 -0.000169014 0.0228716 -0.000495118
12.5 7.2993e-06 5.74908e-05 0.00106174 -0.000183868 0.0238961 0.00143824
12.52 1.09661e-05 0.000130736 0.00105101 -0.000197569 0.0236277 0.00327014
12.54 1.39523e-05 0.000195419 0.000990289 -0.000208927 0.0221091 0.00488789
12.56 1.61066e-05 0.000249016 0.000878205 -0.000216036 0.0193059 0.00622837
12.58 1.73873e-05 0.000291731 0.000727114 -0.000215787 0.015527 0.00729668
12.6 1.78252e-05 0.000325127 0.000566874 -0.000205635 0.0115193 0.00813194
12.62 1.74937e-05 0.000350425 0.000418721 -0.000184723 0.00781382 0.00876463
12.64 1.65365e-05 0.000367759 0.000284883 -0.000153223 0.00446611 0.00919819
12.66 1.51962e-05 0.000375859 0.000160858 -0.000112101 0.0013632 0.00940077
12.68 1.37564e-05 0.000372613 4.04361e-05 -6.37694e-05 -0.00165084 0.00931957
12.7 1.24173e-05 0.000356808 -8.88297e-05 -1.25233e-05 -0.00488903 0.00892428
12.72 1.12297e-05 0.00033 -0.000239262 3.68043e-05 -0.00866443 0.0082538
12.74 1.01355e-05 0.000296651 -0.000409718 8.09362e-05 -0.0129598 0.00741973
12.76 9.03356e-06 0.000260893 -0.000584938 0.000118845 -0.0174119 0.00652542
12.78 7.79509e-06 0.000222687 -0.000746844 0.000150907 -0.0215855 0.00556987
12.8 6.27036e-06 0.00017866 -0.000881808 0.00017793 -0.0251377 0.00446872
12.82 4.33256e-06 0.000127436 -0.00098016 0.00020103 -0.0277895 0.00318759
12.84 1.94195e-06 7.29036e-05 -0.00103557 0.000221843 -0.0293148 0.00182372
12.86 -8.17366e-07 2.17457e-05 -0.00104627 0.00024198 -0.0296124 0.000544241
12.88 -3.73988e-06 -2.13649e-05 -0.00100889 0.000262069 -0.0286776 -0.000533975
12.9 -6.53109e-06 -5.66902e-05 -0.000920381 0.000281129 -0.0264639 -0.00141748
12.92 -8.90833e-06 -8.85635e-05 -0.000784056 0.000296405 -0.0230544 -0.00221464
12.94 -1.06356e-05 -0.000121524 -0.000619102 0.000304074 -0.0189288 -0.00303899
12.96 -1.15351e-05 -0.000157313 -0.000449247 0.000300371 -0.0146807 -0.00393408
12.98 -1.15674e-05 -0.000195114 -0.000287774 0.000282395 -0.0106422 -0.00487952
13 -1.089e-05 -0.000232278 -0.000140134 0.000248982 -0.00694962 -0.00580901
13.02 -9.82874e-06 -0.000263083 -6.68095e-06 0.000201458 -0.00361182 -0.00657944
13.04 -8.71851e-06 -0.000278695 0.000119194 0.000143377 -0.000463436 -0.0069699
13.06 -7.74421e-06 -0.000271644 0.000247336 7.964e-05 0.00274205 -0.00679356
13.08 -6.89927e-06 -0.0002415 0.000381154 1.56331e-05 0.00609052 -0.00603965
13.1 -6.04479e-06 -0.000195363 0.000515615 -4.38965e-05 0.00945745 -0.00488573
13.12 -4.9881e-06 -0.000142802 0.000644683 -9.58382e-05 0.012694 -0.00357117
13.14 -3.55106e-06 -9.11685e-05 0.000765521 -0.000139017 0.0157324 -0.00227979
13.16 -1.63165e-06 -4.47789e-05 0.000874321 -0.00017415 0.0184801 -0.00111957
13.18 7.47738e-07 -5.77131e-06 0.000962733 -0.000203411 0.0207266 -0.000143972
13.2 3.42707e-06 2.55676e-05 0.00102048 -0.000229116 0.0222035 0.000639828
13.22 6.13304e-06 5.04681e-05 0.00103901 -0.000252159 0.0226795 0.0012626
13.24 8.53646e-06 7.11639e-05 0.00100927 -0.000271766 0.0219358 0.00178021
13.26 1.03407e-05 9.13199e-05 0.0009221 -0.000286236 0.0197557 0.00228432
13.28 1.13855e-05 0.000116719 0.000780079 -0.000292959 0.0162037 0.00291957
13.3 1.16955e-05 0.000153602 0.000606711 -0.000288581 0.0118677 0.00384202
13.32 1.14555e-05 0.000204321 0.00042963 -0.000270225 0.00743874 0.00511053
13.34 1.09748e-05 0.00026378 0.000261232 -0.000236764 0.00322664 0.00659762
13.36 1.06286e-05 0.000320169 0.000103405 -0.000189261 -0.000721984 0.00800792
13.38 1.07313e-05 0.000360297 -4.37321e-05 -0.000130471 -0.00440542 0.00901155
13.4 1.13832e-05 0.000376613 -0.000183117 -6.3974e-05 -0.00789915 0.00941961
13.42 1.24089e-05 0.000371548 -0.000322108 5.95104e-06 -0.0113912 0.00929294
13.44 1.3453e-05 0.000355561 -0.000465574 7.44498e-05 -0.0150112 0.00889311
13.46 1.41321e-05 0.000339096 -0.000610916 0.000137406 -0.0187064 0.00848131
13.48 1.41316e-05 0.00032468 -0.000752388 0.000192565 -0.0223479 0.00812074
13.5 1.32466e-05 0.000306498 -0.000884853 0.000239307 -0.0258214 0.00766602
13.52 1.14124e-05 0.000277544 -0.000999643 0.000278086 -0.028907 0.00694187
13.54 8.72324e-06 0.00023656 -0.00108221 0.000310081 -0.0311877 0.00591683
13.56 5.42074e-06 0.000187948 -0.00111876 0.000336462 -0.0322183 0.00470104
13.58 1.83859e-06 0.000135727 -0.00110214 0.000357568 -0.0318027 0.00339497
13.6 -1.68502e-06 7.86881e-05 -0.00102999 0.000372946 -0.0299981 0.00196839
13.62 -4.89361e-06 1.17226e-05 -0.000901986 0.000380825 -0.0267967 0.000293558
13.64 -7.67165e-06 -6.8074e-05 -0.000729281 0.000378262 -0.0224773 -0.00170219
13.66 -1.0001e-05 -0.000156408 -0.000539332 0.000363065 -0.0177266 -0.00391145
13.68 -1.19016e-05 -0.00024345 -0.000355952 0.000333645 -0.0131402 -0.00608842
13.7 -1.34364e-05 -0.000320341 -0.000194285 0.000288534 -0.00909678 -0.0080115
13.72 -1.47233e-05 -0.000383915 -6.27656e-05 0.000228185 -0.00580732 -0.00960151
13.74 -1.59054e-05 -0.000435832 4.14299e-05 0.000156021 -0.00320114 -0.0109
13.76 -1.70699e-05 -0.000477998 0.000137734 7.73106e-05 -0.000792109 -0.0119546
13.78 -1.82038e-05 -0.000509858 0.000250762 -2.17473e-06 0.00203583 -0.0127514
13.8 -1.92056e-05 -0.000529889 0.000392283 -7.67793e-05 0.00557847 -0.0132524
13.82 -1.9914e-05 -0.000537855 0.000556187 -0.00014198 0.00968699 -0.0134516
13.84 -2.01389e-05 -0.000534453 0.000727355 -0.000195333 0.013992 -0.0133665
13.86 -1.9709e-05 -0.000519803 0.00089036 -0.000236377 0.0181215 -0.0130001
13.88 -1.85306e-05 -0.000493713 0.00103219 -0.00026593 0.0217612 -0.0123476
13.9 -1.66052e-05 -0.000456326 0.00114314 -0.000285683 0.0246615 -0.0114125
13.92 -1.40156e-05 -0.000408098 0.00121712 -0.000298084 0.0266357 -0.0102063
13.94 -1.08865e-05 -0.000348398 0.00124974 -0.000305426 0.0275195 -0.00871321
13.96 -7.33009e-06 -0.000274523 0.00123296 -0.000308474 0.0271 -0.00686557
13.98 -3.44786e-06 -0.000184295 0.00115498 -0.000306487 0.0251497 -0.00460893
14 6.58037e-07 -7.99773e-05 0.00102101 -0.000298177 0.021799 -0.00199989
14.02 4.84541e-06 2.96782e-05 0.000866822 -0.000281795 0.0179426 0.000742635
14.04 8.86593e-06 0.000132 0.000730652 -0.00025502 0.014537 0.00330176
14.06 1.24328e-05 0.000218413 0.000622326 -0.000215871 0.0118276 0.00546298
14.08 1.53791e-05 0.000292557 0.000528415 -0.000164007 0.0094788 0.00731734
14.1 1.77356e-05 0.00036802 0.000426249 -0.000101604 0.00692334 0.0092047
14.12 1.9656e-05 0.000454311 0.000295694 -3.37021e-05 0.0036573 0.0113629
14.14 2.12789e-05 0.000545129 0.000129089 3.27135e-05 -0.000512373 0.0136343
14.16 2.26674e-05 0.000621375 -5.96547e-05 9.1384e-05 -0.00524184 0.0155412
14.18 2.37985e-05 0.000665121 -0.000241499 0.000139482 -0.00981125 0.0166353
14.2 2.45927e-05 0.000671107 -0.000393289 0.000177376 -0.0136445 0.016785
14.22 2.49138e-05 0.000646648 -0.000512134 0.000205934 -0.0166663 0.0161733
14.24 2.45542e-05 0.000602054 -0.000608781 0.000224973 -0.0191437 0.015058
14.26 2.32752e-05 0.000542725 -0.000692178 0.000234584 -0.0213011 0.0135741
14.28 2.08361e-05 0.000470741 -0.000762015 0.00023774 -0.0231261 0.0117738
14.3 1.71235e-05 0.000391766 -0.000810621 0.000239574 -0.0244082 0.00979861
14.32 1.23107e-05 0.000314197 -0.000826678 0.000242889 -0.0248343 0.00785857
14.34 6.8436e-06 0.000240755 -0.00079687 0.000245802 -0.0240888 0.00602176
14.36 1.27627e-06 0.000164642 -0.000712208 0.000243776 -0.0219713 0.00411813
14.38 -3.89755e-06 7.38184e-05 -0.000578282 0.000232543 -0.0186218 0.0018466
14.4 -8.35463e-06 -4.13508e-05 -0.000421215 0.000209496 -0.0146935 -0.00103383
14.42 -1.19924e-05 -0.000181487 -0.00026951 0.000174051 -0.0108993 -0.0045387
14.44 -1.49253e-05 -0.000333892 -0.000135168 0.000127813 -0.00753932 -0.0083504
14.46 -1.74391e-05 -0.00047497 -1.84877e-05 7.4525e-05 -0.00462108 -0.0118788
14.48 -1.98436e-05 -0.000581695 8.415e-05 1.96993e-05 -0.00205402 -0.0145481
14.5 -2.22768e-05 -0.00064404 0.000179409 -3.05586e-05 0.000328565 -0.0161073
14.52 -2.45956e-05 -0.000667294 0.000276049 -7.20569e-05 0.00274588 -0.0166889
14.54 -2.64383e-05 -0.000663785 0.000378563 -0.000104795 0.00531048 -0.0166012
14.56 -2.73845e-05 -0.000643212 0.000485202 -0.000131601 0.0079792 -0.0160866
14.58 -2.70456e-05 -0.000607645 0.000593602 -0.000153427 0.0106938 -0.0151971
14.6 -2.51564e-05 -0.000557135 0.00070194 -0.000168409 0.0134105 -0.0139338
14.62 -2.1753e-05 -0.000497786 0.000801358 -0.00017621 0.015909 -0.0124495
14.64 -1.71006e-05 -0.000434786 0.000873142 -0.000179457 0.0177185 -0.0108738
14.66 -1.16186e-05 -0.000364107 0.000896736 -0.000180668 0.0183146 -0.00910611
14.68 -5.81039e-06 -0.000274151 0.000856568 -0.000180029 0.01731 -0.00685627
14.7 -1.0143e-07 -0.000155964 0.000747122 -0.000175816 0.0145727 -0.00390036
14.72 5.21264e-06 -1.35403e-05 0.000586723 -0.000166056 0.0105611 -0.000338279
14.74 9.97479e-06 0.000138742 0.000420699 -0.000149603 0.00640872 0.00347037
14.76 1.4135e-05 0.000285291 0.000287754 -0.000126091 0.00308365 0.00713562
14.78 1.77471e-05 0.000414209 0.00019057 -9.56899e-05 0.000652882 0.0103599
14.8 2.09312e-05 0.000517269 0.000107697 -5.92317e-05 -0.00142012 0.0129375
14.82 2.37612e-05 0.000591085 1.88853e-05 -1.8429e-05 -0.00364203 0.0147837
14.84 2.61415e-05 0.000637847 -8.41686e-05 2.41392e-05 -0.00622107 0.0159532
14.86 2.78177e-05 0.000662215 -0.000199056 6.57233e-05 -0.00909818 0.0165626
14.88 2.85188e-05 0.00066792 -0.000315293 0.000104504 -0.0120129 0.0167053
14.9 2.80436e-05 0.00065559 -0.000421996 0.000139283 -0.0146942 0.016397
14.92 2.63198e-05 0.000624521 -0.000517412 0.00016791 -0.0170994 0.0156199
14.94 2.3491e-05 0.000572691 -0.000605737 0.000187268 -0.0193351 0.0143236
14.96 1.96838e-05 0.000493176 -0.000682836 0.000195867 -0.0212969 0.0123349
14.98 1.49632e-05 0.000384635 -0.000731983 0.000196165 -0.022554 0.00962025
15 9.48632e-06 0.00025886 -0.00073638 0.000192847 -0.0226668 0.00647456
15.02 3.53301e-06 0.000132579 -0.000688801 0.000189142 -0.0214768 0.00331623
15.04 -2.4865e-06 1.65954e-05 -0.000595258 0.000185712 -0.0191372 0.00041543
15.06 -8.15071e-06 -9.05825e-05 -0.00047414 0.000181508 -0.016108 -0.00226513
15.08 -1.3138e-05 -0.000198959 -0.00034792 0.000174466 -0.0129512 -0.00497566
15.1 -1.72857e-05 -0.000316161 -0.000230863 0.00016197 -0.0100236 -0.00790694
15.12 -2.05655e-05 -0.000437752 -0.000124627 0.000141628 -0.00736656 -0.010948
15.14 -2.30505e-05 -0.000548749 -2.13571e-05 0.00011234 -0.00478374 -0.0137241
15.16 -2.48811e-05 -0.000634269 8.89973e-05 7.52738e-05 -0.0020237 -0.015863
15.18 -2.61961e-05 -0.000687579 0.000211127 3.38857e-05 0.00103092 -0.0171963
15.2 -2.70246e-05 -0.000709623 0.000340266 -7.81475e-06 0.00426112 -0.0177476
15.22 -2.72349e-05 -0.000703816 0.000464913 -4.78597e-05 0.00737966 -0.0176024
15.24 -2.6529e-05 -0.000668795 0.000575441 -8.54743e-05 0.0101463 -0.0167265
15.26 -2.46066e-05 -0.000602374 0.000670452 -0.000116986 0.0125266 -0.0150653
15.28 -2.13725e-05 -0.000510709 0.000752637 -0.000137298 0.0145883 -0.0127727
15.3 -1.68751e-05 -0.000404329 0.000820941 -0.000146103 0.0163048 -0.0101121
15.32 -1.12915e-05 -0.000290863 0.000869826 -0.000148151 0.0175357 -0.00727424
15.34 -4.91835e-06 -0.000171444 0.000892371 -0.000148345 0.0181043 -0.00428752
15.36 1.86558e-06 -4.51366e-05 0.000880204 -0.000148948 0.0178 -0.00112852
15.38 8.6038e-06 8.61884e-05 0.00082573 -0.000149986 0.0164375 0.00215597
15.4 1.48569e-05 0.000220806 0.000732923 -0.000150236 0.0141164 0.00552282
15.42 2.03029e-05 0.000357602 0.000620322 -0.000147496 0.0113002 0.00894414
15.44 2.47712e-05 0.000490459 0.00050583 -0.000139417 0.0084367 0.0122669
15.46 2.81934e-05 0.00060644 0.000394194 -0.000124812 0.00564462 0.0151677
15.48 3.05655e-05 0.000694078 0.000281117 -0.000103579 0.00281648 0.0173596
15.5 3.1942e-05 0.000751218 0.000161103 -7.58807e-05 -0.000185356 0.0187887
15.52 3.24112e-05 0.00078257 3.10066e-05 -4.26014e-05 -0.00343987 0.0195728
15.54 3.20326e-05 0.000792238 -0.000105793 -5.72225e-06 -0.00686344 0.0198146
15.56 3.06943e-05 0.000776726 -0.000236805 3.28651e-05 -0.0101451 0.0194266
15.58 2.83151e-05 0.000730603 -0.00034887 7.03869e-05 -0.0129565 0.0182731
15.6 2.49724e-05 0.000654488 -0.000440188 0.000101347 -0.0152524 0.0163694
15.62 2.07003e-05 0.0005493 -0.000518994 0.000121271 -0.0172391 0.0137386
15.64 1.55813e-05 0.000420201 -0.000592716 0.000131235 -0.0191041 0.0105098
15.66 9.79203e-06 0.000279961 -0.000662166 0.000136145 -0.0208685 0.00700232
15.68 3.56271e-06 0.000141193 -0.000721869 0.000140413 -0.0223929 0.00353169
15.7 -2.83261e-06 9.3203e-06 -0.000761627 0.000145854 -0.0234127 0.000233496
15.72 -9.10599e-06 -0.000117582 -0.000769858 0.000151928 -0.0236244 -0.00294039
15.74 -1.49546e-05 -0.000240377 -0.000738235 0.000157282 -0.0228335 -0.00601155
15.76 -2.00702e-05 -0.000354278 -0.000665346 0.000160999 -0.0210105 -0.00886024
15.78 -2.41666e-05 -0.000451022 -0.000558391 0.000162069 -0.0183355 -0.0112799
15.8 -2.70315e-05 -0.000523185 -0.000434509 0.000158492 -0.0152372 -0.0130847
15.82 -2.85531e-05 -0.000567709 -0.000311284 0.000147977 -0.0121553 -0.0141982
15.84 -2.87219e-05 -0.000588141 -0.000197788 0.000129542 -0.00931669 -0.0147093
15.86 -2.76247e-05 -0.000591494 -9.60715e-05 0.000104067 -0.00677272 -0.0147931
15.88 -2.53905e-05 -0.000578955 -4.7972e-06 7.33703e-05 -0.0044899 -0.0144795
15.9 -2.23216e-05 -0.000546857 7.98822e-05 4.02527e-05 -0.002372 -0.0136767
15.92 -1.86893e-05 -0.000489452 0.000164657 9.02995e-06 -0.000251674 -0.012241
15.94 -1.46524e-05 -0.000404701 0.000255307 -1.68755e-05 0.0020157 -0.0101214
15.96 -1.03798e-05 -0.000299761 0.000352547 -3.71067e-05 0.00444816 -0.00749676
15.98 -5.98051e-06 -0.000186299 0.000452753 -5.29054e-05 0.0069554 -0.00465903
16 -1.55328e-06 -7.53869e-05 0.000550329 -6.53095e-05 0.0093979 -0.00188507
16.02 2.83956e-06 2.92158e-05 0.000636857 -7.52331e-05 0.0115655 0.000731089
16.04 7.161e-06 0.000131575 0.000700214 -8.37554e-05 0.0131543 0.00329115
16.06 1.13886e-05 0.000235443 0.000728936 -9.165e-05 0.0138751 0.00588892
16.08 1.54478e-05 0.00033478 0.000717685 -9.92448e-05 0.0135937 0.00837337
16.1 1.916e-05 0.000415471 0.000665959 -0.000106549 0.0123 0.0103915
16.12 2.22557e-05 0.000466824 0.000578879 -0.000112724 0.0101221 0.0116759
16.14 2.44438e-05 0.000489556 0.000473035 -0.000115926 0.00747492 0.0122444
16.16 2.54758e-05 0.000493145 0.000369456 -0.000114296 0.00488435 0.0123342
16.18 2.52002e-05 0.000487709 0.000277464 -0.000106816 0.0025836 0.0121982
16.2 2.36048e-05 0.000476326 0.000192146 -9.2838e-05 0.000449722 0.0119135
16.22 2.08585e-05 0.000454305 0.000104781 -7.18275e-05 -0.0017354 0.0113628
16.24 1.72771e-05 0.000414996 1.01202e-05 -4.45573e-05 -0.00410315 0.0103796
16.26 1.31832e-05 0.000354513 -9.28418e-05 -1.36218e-05 -0.00667893 0.0088669
16.28 8.85467e-06 0.00027427 -0.000199807 1.76877e-05 -0.00935575 0.00685999
16.3 4.5076e-06 0.000179401 -0.000301337 4.67284e-05 -0.0118982 0.00448728
16.32 2.68569e-07 7.50516e-05 -0.000389519 7.2077e-05 -0.0141087 0.00187746
16.34 -3.81376e-06 -3.49264e-05 -0.000464177 9.33425e-05 -0.0159828 -0.000873136
16.36 -7.74521e-06 -0.00014662 -0.000528393 0.000110821 -0.0175976 -0.00366664
16.38 -1.15407e-05 -0.000253624 -0.000579146 0.000125378 -0.0188763 -0.00634284
16.4 -1.51846e-05 -0.000346779 -0.000606832 0.000138344 -0.0195749 -0.0086727
16.42 -1.85861e-05 -0.000417133 -0.000603284 0.00015107 -0.0194862 -0.0104323
16.44 -2.1547e-05 -0.000460324 -0.000566247 0.000164141 -0.0185599 -0.0115125
16.46 -2.37772e-05 -0.000478752 -0.000499895 0.000176468 -0.0169004 -0.0119734
16.48 -2.49733e-05 -0.000479463 -0.000414915 0.000185489 -0.014775 -0.0119912
16.5 -2.49223e-05 -0.000469598 -0.000323948 0.00018857 -0.0124999 -0.0117444
16.52 -2.35573e-05 -0.000451974 -0.000233537 0.000183561 -0.0102386 -0.0113037
16.54 -2.10162e-05 -0.000425945 -0.000143878 0.000168815 -0.00799624 -0.0106527
16.56 -1.75794e-05 -0.000388215 -5.44982e-05 0.000144373 -0.00576081 -0.00970902
16.58 -1.35689e-05 -0.000334524 3.42417e-05 0.000112631 -0.00354139 -0.0083662
16.6 -9.29317e-06 -0.00026309 0.000123491 7.70096e-05 -0.00130921 -0.0065796
16.62 -4.98756e-06 -0.000175313 0.000215072 4.05568e-05 0.000981294 -0.00438425
16.64 -8.07943e-07 -7.61495e-05 0.000307459 5.71951e-06 0.00329204 -0.00190414
16.66 3.17864e-06 2.7204e-05 0.000395515 -2.57057e-05 0.00549462 0.000680771
16.68 6.96798e-06 0.000127471 0.000474643 -5.28178e-05 0.00747413 0.00318849
16.7 1.05658e-05 0.000219327 0.000542778 -7.55974e-05 0.009179 0.00548584
16.72 1.39335e-05 0.000299537 0.000597869 -9.46631e-05 0.0105578 0.00749193
16.74 1.6975e-05 0.000366079 0.000635331 -0.000111067 0.0114958 0.00915618
16.76 1.95597e-05 0.000417511 0.000648929 -0.00012585 0.0118363 0.0104425
16.78 2.15512e-05 0.000452789 0.000633363 -0.00013934 0.011447 0.0113248
16.8 2.28211e-05 0.000471555 0.000587153 -0.000150662 0.0102912 0.0117942
16.82 2.32582e-05 0.00047478 0.000516461 -0.000157925 0.0085232 0.0118748
16.84 2.27818e-05 0.000464105 0.000433048 -0.000159148 0.00643701 0.0116079
16.86 2.13736e-05 0.000440546 0.000344334 -0.000152685 0.00421823 0.0110186
16.88 1.91204e-05 0.000404819 0.000250273 -0.000137267 0.00186574 0.0101251
16.9 1.61851e-05 0.000357436 0.000151303 -0.000112747 -0.000609572 0.00894002
16.92 1.27496e-05 0.000298708 5.32274e-05 -8.04634e-05 -0.00306256 0.0074712
16.94 8.97285e-06 0.00022884 -3.76213e-05 -4.27741e-05 -0.00533494 0.00572378
16.96 4.98181e-06 0.000148631 -0.000120202 -2.53277e-06 -0.00740075 0.00371772
16.98 9.05229e-07 6.05537e-05 -0.000197859 3.73839e-05 -0.00934378 0.00151486
17 -3.12344e-06 -3.18227e-05 -0.000273584 7.45629e-05 -0.0112391 -0.00079551
17.02 -6.99513e-06 -0.000124399 -0.000347177 0.000107307 -0.0130821 -0.00311087
17.04 -1.06405e-05 -0.000212399 -0.000415372 0.000134645 -0.0147913 -0.00531179
17.06 -1.39984e-05 -0.000290743 -0.00047327 0.00015641 -0.0162438 -0.00727121
17.08 -1.69723e-05 -0.000355475 -0.000516318 0.000173316 -0.0173248 -0.00889018
17.1 -1.94229e-05 -0.000404484 -0.000541951 0.000186533 -0.0179692 -0.0101159
17.12 -2.12011e-05 -0.000436796 -0.000549308 0.000196825 -0.0181542 -0.0109241
17.14 -2.21891e-05 -0.000451805 -0.000536867 0.000204016 -0.017843 -0.0112994
17.16 -2.23209e-05 -0.000449524 -0.00050137 0.000207041 -0.0169552 -0.0112424
17.18 -2.156e-05 -0.000430122 -0.000442516 0.000204183 -0.0154833 -0.0107571
17.2 -1.99005e-05 -0.000394663 -0.000368529 0.000193682 -0.0136328 -0.00987029
17.22 -1.73939e-05 -0.000346008 -0.000291571 0.000174942 -0.0117081 -0.00865342
17.24 -1.41418e-05 -0.000287012 -0.00021903 0.000149001 -0.0098938 -0.00717791
17.26 -1.03131e-05 -0.000219066 -0.000151465 0.000117485 -0.00820397 -0.00547855
17.28 -6.12842e-06 -0.000141872 -8.50455e-05 8.19286e-05 -0.00654279 -0.00354789
17.3 -1.80259e-06 -5.5832e-05 -1.48331e-05 4.4263e-05 -0.00478675 -0.00139599
17.32 2.48529e-06 3.49358e-05 6.17145e-05 7.05874e-06 -0.00287226 0.000874149
17.34 6.58731e-06 0.000123314 0.000142866 -2.71053e-05 -0.000842604 0.00308453
17.36 1.03618e-05 0.000203186 0.000224521 -5.63934e-05 0.00119963 0.00508214
17.38 1.36737e-05 0.000272855 0.000303312 -7.9957e-05 0.0031703 0.00682459
17.4 1.64204e-05 0.000334373 0.000376371 -9.78127e-05 0.00499767 0.0083632
17.42 1.85563e-05 0.000389413 0.000438476 -0.000110595 0.00655115 0.00973976
17.44 2.00881e-05 0.000435642 0.000482093 -0.00011917 0.00764226 0.010896
17.46 2.10446e-05 0.000467071 0.00050189 -0.000124215 0.00813754 0.011682
17.48 2.14384e-05 0.000477822 0.000498436 -0.000126014 0.00805115 0.0119509
17.5 2.12364e-05 0.000465521 0.000475851 -0.000124382 0.0074863 0.0116433
17.52 2.03704e-05 0.000432285 0.000437009 -0.000118545 0.00651485 0.010812
17.54 1.87904e-05 0.00038366 0.000383588 -0.000107707 0.00517877 0.00959587
17.56 1.64714e-05 0.000324344 0.000318621 -9.18972e-05 0.00355391 0.00811236
17.58 1.34068e-05 0.000255513 0.000246216 -7.16038e-05 0.00174303 0.00639087
17.6 9.62953e-06 0.000176894 0.000170579 -4.71757e-05 -0.000148672 0.00442457
17.62 5.24513e-06 9.02489e-05 9.59239e-05 -1.91527e-05 -0.00201584 0.00225755
17.64 4.60573e-07 1.09407e-07 2.48419e-05 1.12063e-05 -0.00379365 3.12518e-06
17.66 -4.44432e-06 -8.92482e-05 -4.40394e-05 4.18948e-05 -0.00551645 -0.00223175
17.68 -9.17562e-06 -0.000176033 -0.0001149 7.05896e-05 -0.00728882 -0.00440228
17.7 -1.34789e-05 -0.00026028 -0.000189872 9.53261e-05 -0.00916418 -0.00650933
17.72 -1.71702e-05 -0.000341641 -0.000265644 0.000115106 -0.0110599 -0.00854421
17.74 -2.01475e-05 -0.000417699 -0.000334797 0.000129982 -0.0127904 -0.0104464
17.76 -2.23819e-05 -0.000483369 -0.00038965 0.000140596 -0.0141636 -0.0120889
17.78 -2.38881e-05 -0.000531688 -0.000425367 0.00014775 -0.0150581 -0.0132973
17.8 -2.46834e-05 -0.000556165 -0.00044113 0.000152274 -0.0154529 -0.0139095
17.82 -2.47546e-05 -0.000553388 -0.000438871 0.000154853 -0.0153964 -0.0138401
17.84 -2.40156e-05 -0.000522252 -0.000419871 0.000155234 -0.0149212 -0.0130613
17.86 -2.23629e-05 -0.000465331 -0.000383016 0.000152115 -0.0139995 -0.0116377
17.88 -1.97463e-05 -0.000390273 -0.000328382 0.000144794 -0.012633 -0.00976051
17.9 -1.61596e-05 -0.000304399 -0.000260966 0.0001338 -0.0109469 -0.00761276
17.92 -1.16727e-05 -0.000211008 -0.000188188 0.000119601 -0.00912673 -0.005277
17.94 -6.4469e-06 -0.000110011 -0.000115198 0.000101962 -0.00730122 -0.00275104
17.96 -7.32404e-07 -1.21619e-06 -4.36782e-05 8.06791e-05 -0.00551248 -3.00287e-05
17.98 5.14857e-06 0.000112722 2.70061e-05 5.63665e-05 -0.00374463 0.0028196
18 1.08561e-05 0.000226315 9.87879e-05 3.05968e-05 -0.00194934 0.00566063
18.02 1.60845e-05 0.000333243 0.000173143 5.50087e-06 -8.96771e-05 0.00833494
18.04 2.05967e-05 0.000429262 0.000248652 -1.70326e-05 0.00179884 0.0107364
18.06 2.42414e-05 0.000513238 0.000320701 -3.61482e-05 0.00360084 0.0128367
18.08 2.69518e-05 0.000584948 0.000383845 -5.20954e-05 0.00518017 0.0146302
18.1 2.87304e-05 0.000642145 0.000433715 -6.55298e-05 0.00642752 0.0160607
18.12 2.96314e-05 0.000680344 0.000467227 -7.68553e-05 0.00726575 0.0170161
18.14 2.97383e-05 0.000695094 0.000482894 -8.62018e-05 0.00765765 0.017385
18.16 2.90864e-05 0.000682365 0.000481408 -9.36866e-05 0.00762048 0.0170666
18.18 2.76521e-05 0.000639807 0.000464421 -9.90327e-05 0.00719563 0.0160022
18.2 2.54295e-05 0.000571777 0.000432208 -0.000101416 0.00638998 0.0143008
18.22 2.23889e-05 0.000486277 0.000384283 -0.000100557 0.00519134 0.0121624
18.24 1.85087e-05 0.000389054 0.000322099 -9.69011e-05 0.00363611 0.0097308
18.26 1.38289e-05 0.00028204 0.000249276 -9.03823e-05 0.00181476 0.00705432
18.28 8.45459e-06 0.000166566 0.000169829 -8.0026e-05 -0.000172234 0.00416628
18.3 2.59493e-06 4.7503e-05 8.70005e-05 -6.48737e-05 -0.00224382 0.00118846
18.32 -3.45679e-06 -6.94258e-05 2.64086e-06 -4.4972e-05 -0.00435371 -0.00173598
18.34 -9.3671e-06 -0.000180996 -8.29442e-05 -2.15939e-05 -0.00649431 -0.00452639
18.36 -1.48184e-05 -0.000286366 -0.000169532 3.31294e-06 -0.00866013 -0.00716175
18.38 -1.95483e-05 -0.000384724 -0.000254742 2.80445e-05 -0.0107918 -0.00962173
18.4 -2.33779e-05 -0.000474235 -0.00033392 5.17399e-05 -0.012773 -0.0118604
18.42 -2.62235e-05 -0.000551997 -0.000402503 7.42153e-05 -0.0144898 -0.0138053
18.44 -2.80905e-05 -0.00061402 -0.000457702 9.54107e-05 -0.0158723 -0.0153565
18.46 -2.90502e-05 -0.000655962 -0.000497788 0.000115157 -0.0168769 -0.0164055
18.48 -2.92049e-05 -0.00067489 -0.000520927 0.000133326 -0.017457 -0.0168789
18.5 -2.8623e-05 -0.000669162 -0.000525414 0.000150042 -0.0175696 -0.0167356
18.52 -2.72942e-05 -0.000635526 -0.000510331 0.000165408 -0.0171923 -0.0158944
18.54 -2.52397e-05 -0.00057419 -0.000475893 0.00017825 -0.016331 -0.0143603
18.56 -2.24298e-05 -0.000491042 -0.000423839 0.000186415 -0.0150291 -0.0122808
18.58 -1.88164e-05 -0.000394759 -0.000357392 0.000189079 -0.0133673 -0.00987271
18.6 -1.44408e-05 -0.000291914 -0.000280244 0.000186625 -0.0114377 -0.00730051
18.62 -9.39851e-06 -0.000183887 -0.000195781 0.000178799 -0.00932528 -0.0045987
18.64 -3.88148e-06 -7.18819e-05 -0.000107532 0.000164664 -0.00711815 -0.00179741
18.66 1.85789e-06 4.12614e-05 -1.93915e-05 0.000143784 -0.00491371 0.00103235
18.68 7.53221e-06 0.000151804 6.56637e-05 0.000116973 -0.00278645 0.00379706
18.7 1.28545e-05 0.000255672 0.000146773 8.61676e-05 -0.000757873 0.00639486
18.72 1.75536e-05 0.000348261 0.000224188 5.37007e-05 0.00117833 0.00871055
18.74 2.14032e-05 0.000426007 0.000296936 2.1379e-05 0.00299785 0.010655
18.76 2.42537e-05 0.000487948 0.000362032 -9.92903e-06 0.00462602 0.0122042
18.78 2.60474e-05 0.00053453 0.00041596 -3.98466e-05 0.0059749 0.0133692
18.8 2.68092e-05 0.000564933 0.000456371 -6.7848e-05 0.00698575 0.0141296
18.82 2.66234e-05 0.000576544 0.000482333 -9.32422e-05 0.00763521 0.01442
18.84 2.55725e-05 0.000565703 0.000493437 -0.000115632 0.007913 0.0141489
18.86 2.37551e-05 0.000530326 0.000489139 -0.000134576 0.00780552 0.0132641
18.88 2.13067e-05 0.000473265 0.000468051 -0.000148725 0.0072781 0.0118369
18.9 1.83236e-05 0.000400168 0.000427725 -0.000156496 0.00626953 0.0100088
18.92 1.48799e-05 0.00031655 0.000367943 -0.000157389 0.00477434 0.00791743
18.94 1.10402e-05 0.000225366 0.000294074 -0.000151676 0.00292687 0.00563688
18.96 6.85453e-06 0.000127557 0.000214251 -0.000139272 0.000930452 0.00319063
18.98 2.39744e-06 2.6188e-05 0.000134578 -0.000119668 -0.00106221 0.00065536
19 -2.20401e-06 -7.29898e-05 5.81099e-05 -9.27975e-05 -0.00297472 -0.00182512
19.02 -6.76134e-06 -0.000164044 -1.44587e-05 -5.96668e-05 -0.00478972 -0.00410242
19.04 -1.10517e-05 -0.000243551 -8.4509e-05 -2.23136e-05 -0.00654179 -0.00609093
19.06 -1.48557e-05 -0.000311174 -0.000154257 1.67617e-05 -0.00828639 -0.0077822
19.08 -1.79901e-05 -0.000368508 -0.000224099 5.53673e-05 -0.0100335 -0.00921616
19.1 -2.03298e-05 -0.000416783 -0.000291255 9.20419e-05 -0.0117137 -0.0104235
19.12 -2.18178e-05 -0.000454768 -0.000351191 0.000125797 -0.0132138 -0.0113736
19.14 -2.24653e-05 -0.00047898 -0.000399684 0.000155641 -0.0144278 -0.0119791
19.16 -2.23386e-05 -0.000486313 -0.000433411 0.000180586 -0.0152724 -0.0121625
19.18 -2.15204e-05 -0.00047553 -0.000449813 0.000200109 -0.0156833 -0.0118928
19.2 -2.01015e-05 -0.000446825 -0.000447792 0.000214027 -0.0156328 -0.0111749
19.22 -1.81662e-05 -0.000401187 -0.000428022 0.000221785 -0.0151383 -0.0100335
19.24 -1.57435e-05 -0.000339837 -0.000392338 0.000222616 -0.0142458 -0.00849909
19.26 -1.28374e-05 -0.000265237 -0.000344538 0.000216388 -0.0130503 -0.00663331
19.28 -9.46263e-06 -0.000181154 -0.000290513 0.000203558 -0.0116991 -0.00453035
19.3 -5.66481e-06 -9.2171e-05 -0.000234858 0.000184437 -0.0103072 -0.00230485
19.32 -1.5496e-06 -3.58532e-06 -0.000178566 0.000159047 -0.00889931 -8.92832e-05
19.34 2.71424e-06 8.03966e-05 -0.00012069 0.000127637 -0.00745181 0.00201114
19.36 6.91294e-06 0.00015798 -6.03802e-05 9.11673e-05 -0.00594344 0.00395154
19.38 1.08221e-05 0.000228715 2.96081e-06 5.14725e-05 -0.00435925 0.00572064
19.4 1.42333e-05 0.000291404 6.93869e-05 1.10334e-05 -0.00269791 0.00728853
19.42 1.69763e-05 0.000344 0.00013684 -2.76033e-05 -0.00101089 0.00860396
19.44 1.89414e-05 0.000384936 0.000200561 -6.23774e-05 0.000582816 0.0096278
19.46 2.00928e-05 0.000413301 0.000255297 -9.1878e-05 0.0019518 0.0103372
19.48 2.04567e-05 0.000427825 0.000298278 -0.000115232 0.00302678 0.0107005
19.5 2.00899e-05 0.000426715 0.000329748 -0.000132036 0.00381388 0.0106727
19.52 1.90554e-05 0.000408329 0.000351216 -0.000142202 0.00435083 0.0102129
19.54 1.74249e-05 0.000372457 0.000363921 -0.000145568 0.0046686 0.0093157
19.56 1.52651e-05 0.000320775 0.000367984 -0.000142164 0.00477022 0.00802309
19.58 1.26417e-05 0.000256743 0.000361607 -0.000132808 0.00461072 0.00642163
19.6 9.62773e-06 0.000184733 0.00034182 -0.000118524 0.00411585 0.00462064
19.62 6.30146e-06 0.000108607 0.0003076 -9.97898e-05 0.00326 0.0027167
19.64 2.76336e-06 3.18758e-05 0.000261555 -7.67056e-05 0.0021084 0.000797614
19.66 -8.56562e-07 -4.21193e-05 0.000207696 -4.94408e-05 0.000761347 -0.00105303
19.68 -4.40069e-06 -0.000110916 0.000148969 -1.85979e-05 -0.000707433 -0.00277368
19.7 -7.70177e-06 -0.000173396 8.72632e-05 1.45329e-05 -0.00225072 -0.00433631
19.72 -1.06056e-05 -0.000228767 2.42257e-05 4.80659e-05 -0.00382732 -0.00572116
19.74 -1.29903e-05 -0.000275429 -3.86001e-05 8.00154e-05 -0.00539863 -0.00688822
19.76 -1.47742e-05 -0.000311406 -9.98977e-05 0.000108741 -0.00693173 -0.00778801
19.78 -1.59163e-05 -0.000335403 -0.000158508 0.000133003 -0.00839766 -0.00838819
19.8 -1.64117e-05 -0.000346694 -0.000213472 0.000151888 -0.00977243 -0.00867056
19.82 -1.62804e-05 -0.000344311 -0.000264093 0.000164912 -0.0110386 -0.00861097
19.84 -1.55537e-05 -0.000326987 -0.000309521 0.000171993 -0.012175 -0.0081777
19.86 -1.4266e-05 -0.000294399 -0.000347978 0.000173149 -0.0131372 -0.00736264
19.88 -1.24479e-05 -0.00024804 -0.000376322 0.00016865 -0.0138464 -0.00620319
19.9 -1.01354e-05 -0.000190955 -0.000390747 0.000159406 -0.0142074 -0.00477548
19.92 -7.38581e-06 -0.000126841 -0.000388409 0.00014652 -0.0141489 -0.00317196
19.94 -4.2848e-06 -5.90405e-05 -0.000368387 0.000130636 -0.0136481 -0.00147624
19.96 -9.49681e-07 1.00262e-05 -0.000332391 0.000112117 -0.0127478 0.000251147
19.98 2.48182e-06 7.92133e-05 -0.000284768 9.14732e-05 -0.0115568 0.00198155
20 5.86878e-06 0.00014818 -0.000230058 6.93888e-05 -0.0101884 0.00370642
20.02 9.0815e-06 0.000216125 -0.000170818 4.66161e-05 -0.00870683 0.00540577
20.04 1.20097e-05 0.000280807 -0.000108389 2.39692e-05 -0.00714546 0.00702348
20.06 1.45682e-05 0.000338728 -4.43518e-05 2.26741e-06 -0.00554386 0.00847211
20.08 1.66978e-05 0.000386179 1.96765e-05 -1.77502e-05 -0.00394249 0.00965889
20.1 1.83541e-05 0.000420111 8.29018e-05 -3.5398e-05 -0.0023612 0.0105075
20.12 1.94881e-05 0.000438438 0.000145167 -5.00182e-05 -0.000803917 0.0109659
20.14 2.00357e-05 0.000440141 0.000205903 -6.10903e-05 0.000715126 0.0110085
20.16 1.99215e-05 0.000425157 0.000263326 -6.82529e-05 0.00215131 0.0106337
20.18 1.90808e-05 0.000394286 0.000314511 -7.11008e-05 0.00343147 0.00986165
20.2 1.7491e-05 0.000349836 0.000356003 -6.94485e-05 0.00446922 0.00874994
20.22 1.51783e-05 0.000295019 0.000384515 -6.39792e-05 0.00518234 0.00737895
20.24 1.22244e-05 0.000232582 0.000397705 -5.60116e-05 0.00551225 0.00581737
20.26 8.76934e-06 0.000164235 0.000394511 -4.66277e-05 0.00543235 0.00410798
20.28 4.99892e-06 9.09108e-05 0.000374809 -3.63325e-05 0.0049396 0.0022741
20.3 1.12002e-06 1.33585e-05 0.000340009 -2.53468e-05 0.00406924 0.000334489
20.32 -2.67975e-06 -6.75445e-05 0.000293669 -1.39036e-05 0.00291027 -0.00168893
20.34 -6.26276e-06 -0.000149742 0.000239327 -2.21723e-06 0.00155115 -0.00374471
20.36 -9.54126e-06 -0.000228902 0.000178396 9.61845e-06 2.72258e-05 -0.00572456
20.38 -1.24514e-05 -0.000299131 0.000111435 2.16258e-05 -0.00164748 -0.00748102
20.4 -1.49337e-05 -0.000355544 4.01686e-05 3.3828e-05 -0.0034299 -0.00889191
20.42 -1.6931e-05 -0.000396018 -3.28533e-05 4.60433e-05 -0.00525622 -0.00990419
20.44 -1.83908e-05 -0.000420595 -0.000105783 5.77764e-05 -0.00708025 -0.0105189
20.46 -1.926e-05 -0.000430073 -0.000177544 6.83976e-05 -0.00887513 -0.0107559
20.48 -1.94843e-05 -0.00042538 -0.000246593 7.74435e-05 -0.0106023 -0.0106385
20.5 -1.90158e-05 -0.000406967 -0.000310424 8.46048e-05 -0.0121991 -0.010178
20.52 -1.78489e-05 -0.000375296 -0.000366173 8.95234e-05 -0.013594 -0.00938591
20.54 -1.60235e-05 -0.000331506 -0.00041095 9.21517e-05 -0.0147146 -0.00829071
20.56 -1.36171e-05 -0.000277446 -0.000442122 9.31966e-05 -0.015495 -0.00693865
20.58 -1.07382e-05 -0.000215143 -0.000458317 9.3638e-05 -0.0159005 -0.00538043
20.6 -7.50783e-06 -0.000145899 -0.000459733 9.40066e-05 -0.0159359 -0.0036486
20.62 -4.05424e-06 -7.05739e-05 -0.000446571 9.43011e-05 -0.0156067 -0.0017647
20.64 -5.0135e-07 9.67393e-06 -0.000417887 9.42238e-05 -0.0148893 0.000242336
20.66 3.04102e-06 9.26908e-05 -0.000373567 9.33501e-05 -0.0137809 0.00231862
20.68 6.48632e-06 0.000174989 -0.000316397 9.12753e-05 -0.012351 0.00437693
20.7 9.76603e-06 0.000251986 -0.000250582 8.76727e-05 -0.010705 0.00630266
20.72 1.28096e-05 0.000319194 -0.000179694 8.22127e-05 -0.00893202 0.00798356
20.74 1.55253e-05 0.000373783 -0.000106626 7.45764e-05 -0.00710456 0.00934886
20.76 1.77994e-05 0.000414972 -3.37817e-05 6.46775e-05 -0.00528269 0.010379
20.78 1.95161e-05 0.000442809 3.73719e-05 5.28475e-05 -0.00350311 0.0110752
20.8 2.05783e-05 0.000457099 0.000106114 3.97379e-05 -0.00178385 0.0114326
20.82 2.0923e-05 0.000457712 0.000171425 2.60482e-05 -0.000150388 0.011448
20.84 2.05234e-05 0.000444768 0.000231598 1.23516e-05 0.00135458 0.0111242
20.86 1.94002e-05 0.000418363 0.000285092 -8.03972e-07 0.0026925 0.0104638
20.88 1.76241e-05 0.000378723 0.000331066 -1.28218e-05 0.00384237 0.00947241
20.9 1.52854e-05 0.000326071 0.000368555 -2.34208e-05 0.00478002 0.00815557
20.92 1.24829e-05 0.00026131 0.000395749 -3.28198e-05 0.0054602 0.00653586
20.94 9.32084e-06 0.000186586 0.000410499 -4.12734e-05 0.00582913 0.00466698
20.96 5.90407e-06 0.000105191 0.000411038 -4.8689e-05 0.00584261 0.00263127
20.98 2.34165e-06 2.13683e-05 0.000396038 -5.47308e-05 0.00546745 0.000534818
21 -1.2527e-06 -6.05985e-05 0.000365099 -5.89312e-05 0.00469365 -0.00151521
21.02 -4.75817e-06 -0.000137173 0.0003207 -6.06593e-05 0.00358322 -0.00343037
21.04 -8.04712e-06 -0.000205751 0.000268409 -5.93058e-05 0.00227541 -0.00514553
21.06 -1.09864e-05 -0.000264235 0.000213353 -5.45122e-05 0.000898431 -0.00660824
21.08 -1.34414e-05 -0.000310814 0.000157608 -4.61417e-05 -0.000495793 -0.00777321
21.1 -1.52881e-05 -0.000344246 0.000101283 -3.42414e-05 -0.00190449 -0.00860935
21.12 -1.64335e-05 -0.000364031 4.44214e-05 -1.91755e-05 -0.00332663 -0.00910418
21.14 -1.68371e-05 -0.00037003 -1.24249e-05 -1.69087e-06 -0.00474839 -0.00925421
21.16 -1.65098e-05 -0.000361757 -6.82225e-05 1.72768e-05 -0.00614393 -0.00904729
21.18 -1.54987e-05 -0.000338232 -0.000121529 3.67949e-05 -0.00747721 -0.00845893
21.2 -1.38692e-05 -0.000298902 -0.000170956 5.58691e-05 -0.00871347 -0.00747529
21.22 -1.16843e-05 -0.000244343 -0.000215552 7.35374e-05 -0.00982897 -0.00611073
21.24 -9.00844e-06 -0.000176901 -0.000254432 8.92163e-05 -0.0108015 -0.00442398
21.26 -5.9204e-06 -0.000100549 -0.000286173 0.000102696 -0.0115956 -0.00251439
21.28 -2.51809e-06 -1.96641e-05 -0.000308776 0.00011386 -0.0121611 -0.000491421
21.3 1.07808e-06 6.20994e-05 -0.000320284 0.000122556 -0.012449 0.00155352
21.32 4.73243e-06 0.000142585 -0.00031977 0.000128565 -0.0124361 0.00356649
21.34 8.30403e-06 0.000220626 -0.000307884 0.000131599 -0.0121389 0.00551834
21.36 1.16556e-05 0.000294597 -0.000286581 0.000131313 -0.0116061 0.00736837
21.38 1.46592e-05 0.000361512 -0.000258734 0.000127368 -0.0109096 0.00904195
21.4 1.72023e-05 0.000417775 -0.000227324 0.000119601 -0.010124 0.0104491
21.42 1.91948e-05 0.000460599 -0.000193887 0.000108099 -0.00928775 0.0115202
21.44 2.05714e-05 0.000488646 -0.000158215 9.31586e-05 -0.00839558 0.0122216
21.46 2.12917e-05 0.000501646 -0.000119931 7.52886e-05 -0.00743808 0.0125468
21.48 2.13383e-05 0.000499467 -7.97452e-05 5.52448e-05 -0.00643302 0.0124923
21.5 2.07041e-05 0.000480777 -3.8965e-05 3.3997e-05 -0.00541309 0.0120248
21.52 1.93998e-05 0.000443847 1.65895e-06 1.28495e-05 -0.00439707 0.0111012
21.54 1.74364e-05 0.000388547 4.18897e-05 -6.67368e-06 -0.00339088 0.00971812
21.56 1.48266e-05 0.000317845 8.0899e-05 -2.35239e-05 -0.00241524 0.00794981
21.58 1.16225e-05 0.000237424 0.000116965 -3.73948e-05 -0.00151321 0.00593846
21.6 7.93004e-06 0.000152884 0.00014817 -4.82761e-05 -0.000732759 0.00382408
21.62 3.91301e-06 6.74284e-05 0.000172979 -5.61149e-05 -0.000112279 0.0016868
21.64 -2.36123e-07 -1.8804e-05 0.000190557 -6.08209e-05 0.000327345 -0.000469908
21.66 -4.32966e-06 -0.000106974 0.00020096 -6.23597e-05 0.000587545 -0.00267508
21.68 -8.20721e-06 -0.00019641 0.000204894 -6.0782e-05 0.000685928 -0.00491192
21.7 -1.1738e-05 -0.000282766 0.00020307 -5.6207e-05 0.000640312 -0.00707171
21.72 -1.48165e-05 -0.000359378 0.000195765 -4.87379e-05 0.000457605 -0.00898781
21.74 -1.73604e-05 -0.000420683 0.000182962 -3.84005e-05 0.00013739 -0.0105211
21.76 -1.9311e-05 -0.000464625 0.000164779 -2.52622e-05 -0.000317363 -0.0116201
21.78 -2.06297e-05 -0.000492184 0.000141922 -9.6322e-06 -0.000889019 -0.0123093
21.8 -2.12936e-05 -0.000505088 0.00011632 7.85586e-06 -0.00152934 -0.0126321
21.82 -2.12957e-05 -0.000503868 9.11177e-05 2.6366e-05 -0.00215967 -0.0126016
21.84 -2.06302e-05 -0.000486824 6.91077e-05 4.50157e-05 -0.00271015 -0.0121753
21.86 -1.9315e-05 -0.000452257 5.07666e-05 6.26533e-05 -0.00316886 -0.0113108
21.88 -1.73765e-05 -0.000400767 3.42882e-05 7.78874e-05 -0.003581 -0.010023
21.9 -1.48435e-05 -0.000335666 1.76578e-05 8.98822e-05 -0.00399693 -0.00839475
21.92 -1.17784e-05 -0.000261796 2.47565e-07 9.85964e-05 -0.00443237 -0.00654723
21.94 -8.28018e-06 -0.000182859 -1.70218e-05 0.000104164 -0.00486428 -0.00457298
21.96 -4.48933e-06 -0.000100345 -3.22414e-05 0.000106529 -0.00524493 -0.00250929
21.98 -5.58735e-07 -1.39583e-05 -4.34651e-05 0.000105583 -0.00552564 -0.000348717
22 3.37288e-06 7.63671e-05 -4.96006e-05 0.000101393 -0.00567909 0.00191036
22.02 7.19096e-06 0.000168038 -5.06587e-05 9.42649e-05 -0.00570555 0.00420308
22.04 1.07901e-05 0.000255171 -4.73798e-05 8.46912e-05 -0.00562355 0.00638233
22.06 1.40577e-05 0.000330994 -4.08005e-05 7.31978e-05 -0.00545899 0.00827868
22.08 1.68724e-05 0.000391306 -3.21316e-05 6.02016e-05 -0.00524218 0.00978712
22.1 1.91187e-05 0.000435883 -2.27938e-05 4.60173e-05 -0.00500864 0.010902
22.12 2.07047e-05 0.000466986 -1.44191e-05 3.10299e-05 -0.00479918 0.0116799
22.14 2.15765e-05 0.00048665 -8.59965e-06 1.58208e-05 -0.00465364 0.0121717
22.16 2.17233e-05 0.000494563 -6.1054e-06 1.0881e-06 -0.00459126 0.0123696
22.18 2.11605e-05 0.000487282 -5.99115e-06 -1.25335e-05 -0.0045884 0.0121875
22.2 1.99127e-05 0.000460075 -5.60135e-06 -2.43089e-05 -0.00457865 0.011507
22.22 1.80153e-05 0.000411345 -2.21547e-06 -3.31553e-05 -0.00449397 0.0102883
22.24 1.55013e-05 0.00034433 4.46306e-06 -3.82586e-05 -0.00432693 0.00861222
22.26 1.2414e-05 0.000265208 1.16474e-05 -3.97017e-05 -0.00414725 0.00663336
22.28 8.82697e-06 0.00017957 1.56427e-05 -3.79687e-05 -0.00404733 0.00449151
22.3 4.8436e-06 9.04292e-05 1.44169e-05 -3.33138e-05 -0.00407798 0.00226206
22.32 6.02917e-07 -5.41462e-07 8.36405e-06 -2.5839e-05 -0.00422937 -1.31551e-05
22.34 -3.72468e-06 -9.15614e-05 -5.43734e-07 -1.58339e-05 -0.00445216 -0.0022896
22.36 -7.94445e-06 -0.000180122 -1.00429e-05 -3.92326e-06 -0.00468974 -0.00450455
22.38 -1.18562e-05 -0.000263434 -1.85288e-05 9.02502e-06 -0.00490197 -0.00658822
22.4 -1.52839e-05 -0.000339244 -2.5476e-05 2.2175e-05 -0.00507572 -0.00848426
22.42 -1.81048e-05 -0.000406071 -3.12973e-05 3.50344e-05 -0.00522132 -0.0101556
22.44 -2.02572e-05 -0.000462329 -3.67441e-05 4.74987e-05 -0.00535754 -0.0115627
22.46 -2.17279e-05 -0.000505491 -4.23285e-05 5.95275e-05 -0.00549721 -0.0126421
22.48 -2.25331e-05 -0.00053253 -4.81417e-05 7.07982e-05 -0.0056426 -0.0133184
22.5 -2.27041e-05 -0.000541159 -5.37529e-05 8.07218e-05 -0.00578294 -0.0135342
22.52 -2.22599e-05 -0.000529804 -5.79316e-05 8.87425e-05 -0.00588745 -0.0132502
22.54 -2.11946e-05 -0.000497514 -5.89554e-05 9.42724e-05 -0.00591306 -0.0124426
22.56 -1.94949e-05 -0.000446174 -5.55811e-05 9.65986e-05 -0.00582866 -0.0111586
22.58 -1.71379e-05 -0.000380752 -4.76547e-05 9.54695e-05 -0.00563042 -0.00952238
22.6 -1.41285e-05 -0.000307138 -3.61739e-05 9.13317e-05 -0.00534328 -0.00768127
22.62 -1.05425e-05 -0.000229611 -2.26946e-05 8.48203e-05 -0.00500616 -0.00574227
22.64 -6.53177e-06 -0.000149969 -8.0126e-06 7.63947e-05 -0.00463896 -0.0037504
22.66 -2.31075e-06 -6.85538e-05 8.65708e-06 6.63595e-05 -0.00422204 -0.00171417
22.68 1.89206e-06 1.53547e-05 2.87102e-05 5.50369e-05 -0.0037205 0.000384415
22.7 5.88276e-06 0.000102156 5.21078e-05 4.29185e-05 -0.00313532 0.00255534
22.72 9.52892e-06 0.000189714 7.66646e-05 3.06658e-05 -0.00252115 0.00474522
22.74 1.2755e-05 0.000272692 9.963e-05 1.8886e-05 -0.00194677 0.00682053
22.76 1.5519e-05 0.000344663 0.000119581 7.89612e-06 -0.00144779 0.00862054
22.78 1.77848e-05 0.000400698 0.000136584 -2.24376e-06 -0.00102255 0.010022
22.8 1.95012e-05 0.000438261 0.000151033 -1.14923e-05 -0.000661172 0.0109615
22.82 2.06002e-05 0.000456887 0.00016262 -1.96586e-05 -0.000371359 0.0114273
22.84 2.10104e-05 0.000457796 0.000170012 -2.63927e-05 -0.000186477 0.0114501
22.86 2.06682e-05 0.000442771 0.000171201 -3.11775e-05 -0.00015675 0.0110743
22.88 1.95362e-05 0.000413145 0.000164444 -3.3336e-05 -0.000325737 0.0103333
22.9 1.76375e-05 0.000370902 0.000149208 -3.24855e-05 -0.000706816 0.0092768
22.92 1.50477e-05 0.000318305 0.000126619 -2.89733e-05 -0.00127175 0.00796134
22.94 1.18933e-05 0.000256723 9.92228e-05 -2.34123e-05 -0.00195695 0.00642114
22.96 8.34314e-06 0.000186659 6.96826e-05 -1.60837e-05 -0.00269577 0.0046688
22.98 4.57474e-06 0.000108686 3.92336e-05 -7.04963e-06 -0.00345731 0.00271867
23 7.55743e-07 2.47395e-05 7.28461e-06 3.49506e-06 -0.00425637 0.000619133
23.02 -2.97837e-06 -6.19898e-05 -2.753e-05 1.51173e-05 -0.00512709 -0.00155
23.04 -6.52899e-06 -0.000147328 -6.57459e-05 2.72277e-05 -0.00608289 -0.00368434
23.06 -9.82345e-06 -0.000226256 -0.0001062 3.9234e-05 -0.00709467 -0.00565836
23.08 -1.27899e-05 -0.000293577 -0.0001465 5.07333e-05 -0.00810259 -0.00734209
23.1 -1.53369e-05 -0.000345582 -0.000184183 6.15556e-05 -0.00904505 -0.00864277
23.12 -1.73518e-05 -0.000381363 -0.000217476 7.15564e-05 -0.00987774 -0.00953765
23.14 -1.87204e-05 -0.000402351 -0.000245302 8.04322e-05 -0.0105737 -0.0100626
23.16 -1.9356e-05 -0.000410562 -0.00026691 8.78265e-05 -0.0111141 -0.0102679
23.18 -1.92207e-05 -0.000407017 -0.000281449 9.3534e-05 -0.0114778 -0.0101793
23.2 -1.83273e-05 -0.000390961 -0.000287742 9.73864e-05 -0.0116352 -0.00977771
23.22 -1.67408e-05 -0.000361242 -0.000284596 9.90478e-05 -0.0115565 -0.00903442
23.24 -1.45588e-05 -0.000317604 -0.000271491 9.83304e-05 -0.0112287 -0.00794302
23.26 -1.18931e-05 -0.000261209 -0.000249405 9.55086e-05 -0.0106763 -0.00653255
23.28 -8.85915e-06 -0.000194424 -0.000220844 9.09893e-05 -0.00996201 -0.00486225
23.3 -5.5612e-06 -0.000119829 -0.000188245 8.49387e-05 -0.00914669 -0.0029966
23.32 -2.09272e-06 -4.01158e-05 -0.000152185 7.73575e-05 -0.00824481 -0.00100293
23.34 1.45718e-06 4.18145e-05 -0.000111222 6.83053e-05 -0.00722033 0.00104618
23.36 4.99406e-06 0.000122591 -6.33617e-05 5.80051e-05 -0.00602331 0.00306645
23.38 8.41375e-06 0.000198384 -8.01506e-06 4.68499e-05 -0.00463907 0.00496206
23.4 1.1602e-05 0.000265382 5.28375e-05 3.532e-05 -0.00311712 0.00663769
23.42 1.44368e-05 0.000320783 0.00011493 2.38145e-05 -0.00156415 0.0080233
23.44 1.67934e-05 0.000363518 0.000173178 1.25652e-05 -0.000107359 0.00909211
23.46 1.85537e-05 0.000393866 0.00022354 1.74367e-06 0.00115221 0.00985113
23.48 1.96229e-05 0.000412322 0.000264415 -8.40473e-06 0.00217453 0.0103127
23.5 1.99489e-05 0.000418876 0.000296676 -1.75895e-05 0.00298138 0.0104767
23.52 1.95306e-05 0.000412844 0.000322099 -2.55956e-05 0.00361722 0.0103258
23.54 1.84187e-05 0.000393039 0.000341536 -3.22126e-05 0.00410336 0.00983047
23.56 1.67056e-05 0.000358645 0.000354307 -3.70893e-05 0.00442276 0.00897025
23.58 1.4492e-05 0.000309765 0.000358693 -3.99825e-05 0.00453247 0.00774774
23.6 1.1868e-05 0.000247955 0.000352755 -4.09846e-05 0.00438396 0.00620184
23.62 8.9086e-06 0.000176139 0.000335099 -4.0199e-05 0.00394238 0.0044057
23.64 5.67882e-06 9.80462e-05 0.000305661 -3.74907e-05 0.00320612 0.00245256
23.66 2.25104e-06 1.802e-05 0.000265913 -3.2716e-05 0.00221201 0.000451075
23.68 -1.28094e-06 -5.97594e-05 0.00021788 -2.59477e-05 0.00101069 -0.00149422
23.7 -4.79456e-06 -0.000132179 0.000163365 -1.74391e-05 -0.000352774 -0.00330546
23.72 -8.14138e-06 -0.000197392 0.000104358 -7.53021e-06 -0.00182857 -0.00493647
23.74 -1.11598e-05 -0.000254215 4.34764e-05 3.42157e-06 -0.00335123 -0.00635763
23.76 -1.36971e-05 -0.000301717 -1.64025e-05 1.51235e-05 -0.00484883 -0.00754569
23.78 -1.56334e-05 -0.000339138 -7.28425e-05 2.73622e-05 -0.00626043 -0.0084816
23.8 -1.68958e-05 -0.000365571 -0.000124419 3.99177e-05 -0.0075504 -0.00914271
23.82 -1.74607e-05 -0.000379659 -0.000171104 5.25147e-05 -0.00871806 -0.00949504
23.84 -1.73447e-05 -0.000379917 -0.000213902 6.48635e-05 -0.00978854 -0.00950149
23.86 -1.65925e-05 -0.000365245 -0.000253435 7.66405e-05 -0.0107774 -0.00913455
23.88 -1.52724e-05 -0.000335561 -0.000288606 8.73092e-05 -0.0116572 -0.00839212
23.9 -1.34584e-05 -0.000291793 -0.000316343 9.6189e-05 -0.0123511 -0.00729748
23.92 -1.12169e-05 -0.000235847 -0.000332365 0.000102871 -0.0127519 -0.00589824
23.94 -8.60672e-06 -0.000170632 -0.000332889 0.000107276 -0.012765 -0.00426719
23.96 -5.68201e-06 -9.95726e-05 -0.00031648 0.000109372 -0.0123546 -0.00248996
23.98 -2.50959e-06 -2.64008e-05 -0.000285074 0.000109041 -0.0115691 -0.000659908
24 8.16514e-07 4.52928e-05 -0.000243813 0.000106196 -0.0105372 0.00113318
24.02 4.16933e-06 0.000113011 -0.000198572 0.000100969 -0.00940567 0.00282683
24.04 7.39975e-06 0.00017608 -0.000152477 9.36332e-05 -0.00825281 0.00440422
24.06 1.03584e-05 0.000235043 -0.000105107 8.44036e-05 -0.00706808 0.0058789
24.08 1.29214e-05 0.000289985 -5.46993e-05 7.33715e-05 -0.00580735 0.00725304
24.1 1.50096e-05 0.000339136 -5.95761e-07 6.05894e-05 -0.0044542 0.00848233
24.12 1.65907e-05 0.000378745 5.58345e-05 4.62364e-05 -0.00304286 0.00947296
24.14 1.76622e-05 0.000404432 0.000111755 3.07401e-05 -0.00164425 0.0101154
24.16 1.82243e-05 0.000413448 0.000164061 1.47273e-05 -0.000336055 0.0103409
24.18 1.82651e-05 0.000406297 0.000210325 -1.13309e-06 0.000821006 0.010162
24.2 1.77657e-05 0.000386022 0.000249072 -1.61794e-05 0.0017901 0.00965496
24.22 1.67251e-05 0.000356038 0.00027948 -2.96317e-05 0.00255062 0.00890506
24.24 1.51646e-05 0.000318034 0.00030059 -4.07129e-05 0.00307859 0.00795456
24.26 1.31271e-05 0.000271869 0.000310713 -4.90523e-05 0.00333176 0.00679994
24.28 1.06817e-05 0.000217445 0.00030807 -5.46909e-05 0.00326567 0.00543879
24.3 7.92042e-06 0.000156272 0.000291956 -5.77168e-05 0.00286265 0.00390882
24.32 4.95625e-06 9.15047e-05 0.000263453 -5.80506e-05 0.00214978 0.00228896
24.34 1.90985e-06 2.63111e-05 0.00022565 -5.555e-05 0.00120432 0.000658438
24.36 -1.10539e-06 -3.75549e-05 0.000182476 -5.01814e-05 0.00012452 -0.000938878
24.38 -3.9921e-06 -9.9497e-05 0.000136657 -4.19564e-05 -0.00102145 -0.00248807
24.4 -6.6669e-06 -0.000158679 8.89203e-05 -3.08729e-05 -0.00221535 -0.00396823
24.42 -9.05634e-06 -0.000212995 3.89348e-05 -1.70526e-05 -0.00346551 -0.0053267
24.44 -1.10966e-05 -0.000259072 -1.33766e-05 -8.62979e-07 -0.00477384 -0.00647912
24.46 -1.27335e-05 -0.000293301 -6.72201e-05 1.70821e-05 -0.0061205 -0.00733519
24.48 -1.39194e-05 -0.000313588 -0.000120848 3.59781e-05 -0.00746176 -0.00784257
24.5 -1.46121e-05 -0.00032068 -0.000171554 5.49166e-05 -0.00872998 -0.00801996
24.52 -1.47815e-05 -0.000317414 -0.000215859 7.3021e-05 -0.00983811 -0.00793828
24.54 -1.44199e-05 -0.000306106 -0.000250193 8.95481e-05 -0.0106969 -0.00765545
24.56 -1.35492e-05 -0.000286944 -0.000271961 0.000103833 -0.0112414 -0.00717619
24.58 -1.2218e-05 -0.00025891 -0.000280261 0.000115217 -0.011449 -0.00647507
24.6 -1.04894e-05 -0.000221569 -0.000275837 0.000123251 -0.0113383 -0.00554115
24.62 -8.43581e-06 -0.000176006 -0.000260405 0.000127907 -0.0109524 -0.00440159
24.64 -6.13443e-06 -0.000124379 -0.000235907 0.000129334 -0.0103397 -0.00311038
24.66 -3.66295e-06 -6.89642e-05 -0.000203895 0.000127551 -0.00953903 -0.00172444
24.68 -1.09693e-06 -1.15982e-05 -0.000164921 0.000122457 -0.00856426 -0.00028969
24.7 1.49302e-06 4.6191e-05 -0.000118675 0.000113931 -0.00740764 0.00115564
24.72 4.03935e-06 0.000102475 -6.51068e-05 0.00010193 -0.00606788 0.00256333
24.74 6.47221e-06 0.000154649 -5.3004e-06 8.66412e-05 -0.0045721 0.00386823
24.76 8.71653e-06 0.000200127 5.84967e-05 6.85475e-05 -0.0029765 0.00500564
24.78 1.06949e-05 0.000237292 0.000123164 4.83532e-05 -0.00135915 0.00593516
24.8 1.23332e-05 0.000265753 0.000185079 2.68896e-05 0.000189376 0.00664699
24.82 1.35656e-05 0.000285913 0.000240915 5.09013e-06 0.00158587 0.00715118
24.84 1.43437e-05 0.000298404 0.000288531 -1.60295e-05 0.00277676 0.00746358
24.86 1.46453e-05 0.000303586 0.000326957 -3.54795e-05 0.00373781 0.00759319
24.88 1.44791e-05 0.000301147 0.00035557 -5.24604e-05 0.00445344 0.00753219
24.9 1.38805e-05 0.00029014 0.000373731 -6.64417e-05 0.00490766 0.00725691
24.92 1.29015e-05 0.00026973 0.000381231 -7.70443e-05 0.00509525 0.00674644
24.94 1.15939e-05 0.000239976 0.000378399 -8.3909e-05 0.0050244 0.00600229
24.96 1.00022e-05 0.000202113 0.000365096 -8.68158e-05 0.0046917 0.00505531
24.98 8.16534e-06 0.000158282 0.000340239 -8.57451e-05 0.00407001 0.00395909
25 6.12549e-06 0.000110964 0.000302954 -8.07308e-05 0.00313749 0.00277564
25.02 3.93483e-06 6.25316e-05 0.000253448 -7.18326e-05 0.00189934 0.00156433
25.04 1.65662e-06 1.49554e-05 0.000192831 -5.91714e-05 0.000383275 0.000374427
25.06 -6.36209e-07 -3.039e-05 0.000123373 -4.29719e-05 -0.0013539 -0.00075968
25.08 -2.86262e-06 -7.26341e-05 4.88112e-05 -2.36827e-05 -0.00321872 -0.00181622
25.1 -4.93712e-06 -0.000111026 -2.67898e-05 -2.03441e-06 -0.00510955 -0.00277641
25.12 -6.77684e-06 -0.000144652 -0.000100698 2.10347e-05 -0.00695806 -0.00361741
25.14 -8.30998e-06 -0.000172549 -0.000171795 4.45194e-05 -0.0087363 -0.00431513
25.16 -9.48372e-06 -0.000193987 -0.00023955 6.74579e-05 -0.010431 -0.00485131
25.18 -1.02699e-05 -0.000208467 -0.000303119 8.89895e-05 -0.0120212 -0.00521345
25.2 -1.06649e-05 -0.000215437 -0.00036108 0.000108382 -0.0134714 -0.00538779
25.22 -1.06821e-05 -0.000214184 -0.000411475 0.000125042 -0.0147325 -0.00535645
25.24 -1.03399e-05 -0.000204116 -0.000452062 0.000138519 -0.0157485 -0.00510463
25.26 -9.65666e-06 -0.000185339 -0.000480753 0.00014846 -0.0164669 -0.00463502
25.28 -8.65116e-06 -0.000159131 -0.000495737 0.000154583 -0.0168422 -0.00397955
25.3 -7.35159e-06 -0.000127807 -0.000495116 0.000156781 -0.0168266 -0.00319612
25.32 -5.80293e-06 -9.37899e-05 -0.000476358 0.000155169 -0.0163575 -0.00234534
25.34 -4.06622e-06 -5.85506e-05 -0.000437769 0.000149836 -0.0153924 -0.00146399
25.36 -2.21132e-06 -2.24885e-05 -0.000381566 0.000140847 -0.0139867 -0.000562061
25.38 -3.0727e-07 1.41899e-05 -0.000313341 0.000128517 -0.0122804 0.000355283
25.4 1.57998e-06 5.05354e-05 -0.000237977 0.000113248 -0.0103955 0.0012643
25.42 3.38237e-06 8.48155e-05 -0.00015801 9.52942e-05 -0.00839547 0.00212166
25.44 5.02804e-06 0.000115221 -7.50744e-05 7.49621e-05 -0.00632121 0.00288212
25.46 6.45158e-06 0.000140425 9.32782e-06 5.28144e-05 -0.00421028 0.00351247
25.48 7.60697e-06 0.000159669 9.41645e-05 2.96449e-05 -0.00208847 0.00399379
25.5 8.46885e-06 0.000172671 0.000178445 6.374e-06 1.94156e-05 0.00431895
25.52 9.02391e-06 0.000179433 0.000260155 -1.60299e-05 0.00206304 0.00448808
25.54 9.26573e-06 0.000179939 0.000336308 -3.66539e-05 0.00396774 0.00450073
25.56 9.19641e-06 0.000173985 0.000403971 -5.47293e-05 0.00566012 0.00435184
25.58 8.82839e-06 0.000161528 0.000460566 -6.96528e-05 0.00707576 0.00404027
25.6 8.18294e-06 0.000143267 0.000503319 -8.101e-05 0.00814527 0.00358356
25.62 7.28908e-06 0.000120739 0.000529314 -8.86619e-05 0.0087956 0.00302011
25.64 6.18496e-06 9.56601e-05 0.000536536 -9.27857e-05 0.00897628 0.00239289
25.66 4.91775e-06 6.91135e-05 0.000524075 -9.37068e-05 0.00866462 0.00172894
25.68 3.53904e-06 4.13129e-05 0.000491322 -9.15918e-05 0.00784546 0.00103364
25.7 2.09858e-06 1.20866e-05 0.000439607 -8.63818e-05 0.00655204 0.000302678
25.72 6.3764e-07 -1.83798e-05 0.000374011 -7.80052e-05 0.00491145 -0.0004593
25.74 -8.14526e-07 -4.89852e-05 0.000300222 -6.64352e-05 0.00306597 -0.00122475
25.76 -2.23351e-06 -7.77602e-05 0.000220945 -5.1613e-05 0.00108321 -0.00194443
25.78 -3.58524e-06 -0.000102603 0.00013693 -3.3546e-05 -0.00101806 -0.00256576
25.8 -4.8205e-06 -0.000122156 4.9284e-05 -1.25252e-05 -0.00321013 -0.00305477
25.82 -5.88642e-06 -0.000136194 -4.03988e-05 1.07417e-05 -0.00545322 -0.00340589
25.84 -6.7411e-06 -0.000145453 -0.00013053 3.51623e-05 -0.00770767 -0.00363744
25.86 -7.35771e-06 -0.000151019 -0.000218767 5.94484e-05 -0.00991503 -0.00377666
25.88 -7.72202e-06 -0.000153485 -0.000301563 8.23867e-05 -0.0119868 -0.00383833
25.9 -7.83156e-06 -0.000152415 -0.000375521 0.000103021 -0.0138383 -0.00381157
25.92 -7.69467e-06 -0.000146682 -0.000438708 0.000120669 -0.015421 -0.0036682
25.94 -7.32529e-06 -0.000135334 -0.000489985 0.000134908 -0.0167064 -0.00338436
25.96 -6.73682e-06 -0.000118216 -0.000527701 0.000145624 -0.0176525 -0.00295624
25.98 -5.94042e-06 -9.60872e-05 -0.000549768 0.000153003 -0.0182064 -0.00240279
26 -4.94851e-06 -7.03813e-05 -0.000554488 0.000157344 -0.0183249 -0.00175988
26.02 -3.78012e-06 -4.26888e-05 -0.000539976 0.000158808 -0.017962 -0.00106728
26.04 -2.46417e-06 -1.40978e-05 -0.000503844 0.000157265 -0.0170583 -0.000352205
26.06 -1.03934e-06 1.50004e-05 -0.00044662 0.000152379 -0.0156271 0.000375554
26.08 4.51204e-07 4.4239e-05 -0.000374546 0.000143857 -0.0138245 0.00110682
26.1 1.96344e-06 7.24586e-05 -0.000295527 0.00013151 -0.0118482 0.00181261
26.12 3.44627e-06 9.79738e-05 -0.000214149 0.000115276 -0.00981289 0.00245075
26.14 4.83405e-06 0.000119718 -0.000131911 9.53675e-05 -0.00775608 0.00299458
26.16 6.05369e-06 0.000137718 -4.92847e-05 7.24154e-05 -0.00568956 0.00344477
26.18 7.04829e-06 0.000152453 3.35509e-05 4.74495e-05 -0.0036178 0.00381329
26.2 7.79448e-06 0.000164037 0.00011591 2.17763e-05 -0.00155795 0.00410303
26.22 8.29707e-06 0.000171913 0.000195374 -3.22037e-06 0.000429487 0.00429999
26.24 8.57031e-06 0.000175007 0.00026839 -2.63287e-05 0.00225568 0.00437739
26.26 8.62469e-06 0.000172437 0.000332476 -4.66598e-05 0.00385859 0.00431312
26.28 8.46698e-06 0.000164488 0.000386783 -6.36284e-05 0.00521694 0.00411429
26.3 8.10923e-06 0.00015282 0.000430165 -7.69101e-05 0.0063021 0.00382249
26.32 7.57658e-06 0.000139354 0.000459664 -8.64673e-05 0.00704005 0.00348569
26.34 6.90507e-06 0.00012486 0.000471461 -9.24951e-05 0.00733518 0.00312318
26.36 6.12991e-06 0.000108703 0.000462641 -9.52135e-05 0.00711458 0.00271909
26.38 5.27365e-06 8.98614e-05 0.000431858 -9.46215e-05 0.00634468 0.00224786
26.4 4.34366e-06 6.8122e-05 0.000380937 -9.04839e-05 0.00507112 0.00170415
26.42 3.33744e-06 4.44867e-05 0.000316258 -8.25924e-05 0.00345348 0.00111302
26.44 2.25044e-06 2.06826e-05 0.000245352 -7.08632e-05 0.00168007 0.000517669
26.46 1.08641e-06 -1.76723e-06 0.000172416 -5.52293e-05 -0.000144064 -4.38123e-05
26.48 -1.30881e-07 -2.21539e-05 9.8403e-05 -3.57035e-05 -0.00199517 -0.00055369
26.5 -1.35298e-06 -4.03418e-05 2.34579e-05 -1.26292e-05 -0.0038696 -0.00100858
26.52 -2.51592e-06 -5.61548e-05 -5.20266e-05 1.31293e-05 -0.00575754 -0.00140407
26.54 -3.55563e-06 -6.92346e-05 -0.000127398 4.02104e-05 -0.00764272 -0.0017312
26.56 -4.41827e-06 -7.9427e-05 -0.000201223 6.69965e-05 -0.00948936 -0.00198611
26.58 -5.06504e-06 -8.70592e-05 -0.000270952 9.19605e-05 -0.0112338 -0.002177
26.6 -5.47748e-06 -9.27453e-05 -0.000333708 0.000113915 -0.0128041 -0.00231921
26.62 -5.66195e-06 -9.68824e-05 -0.000387122 0.000132052 -0.0141411 -0.00242268
26.64 -5.64728e-06 -9.91248e-05 -0.000429078 0.000145905 -0.0151916 -0.00247876
26.66 -5.47297e-06 -9.81864e-05 -0.000457157 0.000155376 -0.0158949 -0.0024553
26.68 -5.17237e-06 -9.23837e-05 -0.000468941 0.00016072 -0.0161901 -0.00231017
26.7 -4.75978e-06 -8.08314e-05 -0.000462654 0.000162335 -0.0160328 -0.00202124
26.72 -4.22862e-06 -6.43444e-05 -0.000437189 0.00016046 -0.015396 -0.00160889
26.74 -3.56033e-06 -4.50727e-05 -0.000393321 0.000155116 -0.0142988 -0.0011269
26.76 -2.73739e-06 -2.52283e-05 -0.000335205 0.00014626 -0.0128453 -0.000630583
26.78 -1.75524e-06 -6.22512e-06 -0.000268222 0.000133805 -0.01117 -0.000155306
26.8 -6.34546e-07 1.12794e-05 -0.000195689 0.000117582 -0.00935594 0.000282489
26.82 5.69611e-07 2.70618e-05 -0.000118972 9.7525e-05 -0.0074372 0.000677214
26.84 1.77358e-06 4.11937e-05 -3.93151e-05 7.39791e-05 -0.00544496 0.00103066
26.86 2.88921e-06 5.39727e-05 4.16738e-05 4.78676e-05 -0.00341939 0.00135027
26.88 3.85047e-06 6.58014e-05 0.000122355 2.06016e-05 -0.00140151 0.00164611
26.9 4.62454e-06 7.69872e-05 0.000200672 -6.20369e-06 0.000557217 0.00192587
26.92 5.20673e-06 8.73906e-05 0.000273801 -3.10592e-05 0.00238624 0.00218606
26.94 5.60992e-06 9.61591e-05 0.000339 -5.28114e-05 0.00401693 0.00240537
26.96 5.85505e-06 0.000102013 0.000394557 -7.06771e-05 0.00540651 0.00255177
26.98 5.96316e-06 0.000103977 0.000439379 -8.42345e-05 0.00652764 0.00260089
27 5.94882e-06 0.000101814 0.000471885 -9.34598e-05 0.00734075 0.0025468
27.02 5.81554e-06 9.58453e-05 0.000489853 -9.86873e-05 0.00779021 0.00239752
27.04 5.55506e-06 8.66369e-05 0.000491299 -0.000100364 0.00782639 0.00216721
27.06 5.15254e-06 7.49557e-05 0.000474655 -9.87329e-05 0.0074101 0.00187506
27.08 4.59678e-06 6.17315e-05 0.000438968 -9.37348e-05 0.00651755 0.00154432
27.1 3.88972e-06 4.77706e-05 0.000386207 -8.52104e-05 0.00519798 0.00119515
27.12 3.0479e-06 3.3512e-05 0.000321914 -7.30843e-05 0.00358998 0.000838537
27.14 2.09866e-06 1.9028e-05 0.000251241 -5.73059e-05 0.00182243 0.000476285
27.16 1.07823e-06 4.09662e-06 0.000176681 -3.78709e-05 -4.23433e-05 0.000102845
27.18 3.09563e-08 -1.15226e-05 0.000100101 -1.50733e-05 -0.00195766 -0.000287799
27.2 -9.96688e-07 -2.7486e-05 2.38783e-05 1.02795e-05 -0.00386404 -0.000687048
27.22 -1.96534e-06 -4.25849e-05 -5.02658e-05 3.68654e-05 -0.00571846 -0.00106468
27.24 -2.84426e-06 -5.54467e-05 -0.000121686 6.30618e-05 -0.00750483 -0.00138636
27.26 -3.60584e-06 -6.55836e-05 -0.000189562 8.72998e-05 -0.00920268 -0.00163989
27.28 -4.22387e-06 -7.34688e-05 -0.000252373 0.000108381 -0.010774 -0.0018371
27.3 -4.67795e-06 -7.95804e-05 -0.000308663 0.000125554 -0.0121825 -0.00198995
27.32 -4.95696e-06 -8.36954e-05 -0.000357173 0.00013841 -0.0133966 -0.00209287
27.34 -5.05881e-06 -8.51423e-05 -0.000395878 0.000146832 -0.0143656 -0.00212906
27.36 -4.98965e-06 -8.33871e-05 -0.000421713 0.000151048 -0.0150125 -0.00208516
27.38 -4.76213e-06 -7.82576e-05 -0.000431843 0.000151563 -0.0152662 -0.00195687
27.4 -4.39075e-06 -6.99031e-05 -0.000424708 0.000148859 -0.0150878 -0.00174792
27.42 -3.88638e-06 -5.87025e-05 -0.000399765 0.000143142 -0.014464 -0.00146779
27.44 -3.2545e-06 -4.50707e-05 -0.00035812 0.00013442 -0.0134224 -0.00112685
27.46 -2.49781e-06 -2.93749e-05 -0.000303663 0.000122695 -0.0120604 -0.000734292
27.48 -1.6211e-06 -1.22191e-05 -0.000241388 0.000107994 -0.0105029 -0.000305218
27.5 -6.39048e-07 5.30606e-06 -0.00017487 9.03647e-05 -0.00883924 0.000133094
27.52 4.15718e-07 2.1927e-05 -0.000106245 7.00363e-05 -0.0071229 0.000548792
27.54 1.49186e-06 3.67914e-05 -3.72015e-05 4.75923e-05 -0.00539609 0.000920555
27.56 2.52848e-06 4.97302e-05 3.10286e-05 2.40199e-05 -0.00368962 0.00124416
27.58 3.46691e-06 6.10386e-05 9.78679e-05 6.16604e-07 -0.00201794 0.00152699
27.6 4.25831e-06 7.11207e-05 0.000162681 -2.12317e-05 -0.00039693 0.00177914
27.62 4.8693e-06 8.02169e-05 0.000224004 -4.0324e-05 0.00113678 0.00200664
27.64 5.28763e-06 8.82038e-05 0.000279743 -5.58147e-05 0.00253085 0.0022064
27.66 5.52366e-06 9.45352e-05 0.000327728 -6.72278e-05 0.003731 0.00236475
27.68 5.60353e-06 9.84262e-05 0.000365731 -7.44306e-05 0.00468151 0.00246207
27.7 5.55703e-06 9.91224e-05 0.000391356 -7.76414e-05 0.00532242 0.00247948
27.72 5.40599e-06 9.60681e-05 0.000402524 -7.73573e-05 0.00560176 0.00240309
27.74 5.15756e-06 8.90764e-05 0.00039805 -7.41169e-05 0.00548986 0.00222823
27.76 4.80443e-06 7.85574e-05 0.000377492 -6.82743e-05 0.00497569 0.00196514
27.78 4.33112e-06 6.54861e-05 0.000341679 -6.00171e-05 0.00407999 0.00163822
27.8 3.72257e-06 5.09856e-05 0.000293696 -4.94713e-05 0.00287992 0.00127556
27.82 2.97142e-06 3.59363e-05 0.000237639 -3.66682e-05 0.00147792 0.000899168
27.84 2.08595e-06 2.0945e-05 0.000176602 -2.15505e-05 -4.86506e-05 0.00052423
27.86 1.09786e-06 6.4949e-06 0.000112641 -4.16009e-06 -0.00164835 0.000162827
27.88 6.25961e-08 -7.05569e-06 4.75582e-05 1.51447e-05 -0.00327609 -0.000176079
27.9 -9.52812e-07 -1.96046e-05 -1.71708e-05 3.55953e-05 -0.004895 -0.000489931
27.92 -1.88616e-06 -3.13031e-05 -8.06563e-05 5.60819e-05 -0.00648282 -0.000782517
27.94 -2.69011e-06 -4.23568e-05 -0.000142048 7.53684e-05 -0.00801832 -0.00105897
27.96 -3.33514e-06 -5.279e-05 -0.000199893 9.23568e-05 -0.00946517 -0.00131991
27.98 -3.81049e-06 -6.22929e-05 -0.000252314 0.000106245 -0.0107764 -0.00155758
28 -4.12291e-06 -7.01964e-05 -0.000297499 0.000116548 -0.0119068 -0.00175525
28.02 -4.29083e-06 -7.56308e-05 -0.000333681 0.000123097 -0.012812 -0.00189117
28.04 -4.33504e-06 -7.78268e-05 -0.00035894 0.000126081 -0.0134441 -0.00194609
28.06 -4.27003e-06 -7.63747e-05 -0.000371518 0.00012598 -0.0137588 -0.00190978
28.08 -4.09921e-06 -7.13036e-05 -0.000370365 0.000123331 -0.01373 -0.00178295
28.1 -3.81528e-06 -6.30183e-05 -0.000354992 0.000118488 -0.0133455 -0.00157573
28.12 -3.40577e-06 -5.21749e-05 -0.000325681 0.000111611 -0.0126124 -0.00130453
28.14 -2.86082e-06 -3.95425e-05 -0.000284454 0.000102779 -0.0115813 -0.000988586
28.16 -2.17935e-06 -2.58958e-05 -0.00023458 9.19921e-05 -0.0103339 -0.000647277
28.18 -1.37338e-06 -1.19218e-05 -0.000178976 7.91822e-05 -0.00894325 -0.000297782
28.2 -4.71854e-07 1.86635e-06 -0.000119822 6.43629e-05 -0.00746379 4.70651e-05
28.22 4.79425e-07 1.51645e-05 -5.90762e-05 4.78049e-05 -0.00594452 0.000379657
28.24 1.42515e-06 2.7827e-05 1.49915e-06 3.01171e-05 -0.00442951 0.000696353
28.26 2.31189e-06 3.9767e-05 6.06457e-05 1.221e-05 -0.00295023 0.000994976
28.28 3.09587e-06 5.08682e-05 0.000117377 -4.8544e-06 -0.00153136 0.00127262
28.3 3.74576e-06 6.09332e-05 0.000170457 -2.00851e-05 -0.000203789 0.00152435
28.32 4.24366e-06 6.96523e-05 0.000218383 -3.2736e-05 0.00099485 0.00174242
28.34 4.58515e-06 7.66012e-05 0.000259702 -4.23537e-05 0.00202827 0.00191621
28.36 4.77677e-06 8.12979e-05 0.000293011 -4.87637e-05 0.00286133 0.00203368
28.38 4.83107e-06 8.33256e-05 0.000316639 -5.2075e-05 0.0034523 0.00208439
28.4 4.76173e-06 8.24487e-05 0.000328724 -5.26461e-05 0.00375454 0.00206246
28.42 4.57986e-06 7.86446e-05 0.000327795 -5.09243e-05 0.00373131 0.00196732
28.44 4.29175e-06 7.20772e-05 0.00031308 -4.72417e-05 0.00336329 0.00180307
28.46 3.89853e-06 6.30774e-05 0.000284846 -4.176e-05 0.00265713 0.00157798
28.48 3.39873e-06 5.21377e-05 0.000245005 -3.45397e-05 0.0016607 0.00130437
28.5 2.79273e-06 3.9897e-05 0.000196497 -2.55595e-05 0.000447506 0.000998228
28.52 2.08802e-06 2.70776e-05 0.000141928 -1.47316e-05 -0.000917295 0.00067761
28.54 1.30419e-06 1.43713e-05 8.32806e-05 -2.01681e-06 -0.00238409 0.00035982
28.56 4.74307e-07 2.3261e-06 2.23927e-05 1.24244e-05 -0.00390693 5.85638e-05
28.58 -3.59186e-07 -8.71069e-06 -3.89574e-05 2.81465e-05 -0.00544132 -0.000217471
28.6 -1.15155e-06 -1.85814e-05 -9.92902e-05 4.44286e-05 -0.00695028 -0.000464342
28.62 -1.86104e-06 -2.7274e-05 -0.000157044 6.03799e-05 -0.00839476 -0.000681747
28.64 -2.45276e-06 -3.48579e-05 -0.000209755 7.51161e-05 -0.00971314 -0.000871425
