0.02 1.40098e-11 4.38372e-11 -8.75732e-09 -1.59345e-11 -2.19024e-07 1.09639e-09
0.04 2.28498e-10 1.63746e-09 -7.55992e-08 -2.17886e-10 -1.89077e-06 4.09535e-08
0.06 1.40269e-09 1.37852e-08 -2.75505e-07 -1.08563e-09 -6.89051e-06 3.44773e-07
0.08 5.15701e-09 6.46549e-08 -5.86269e-07 -3.31385e-09 -1.46628e-05 1.61704e-06
0.1 1.40404e-08 2.23492e-07 -8.71425e-07 -9.00694e-09 -2.17947e-05 5.58963e-06
0.12 3.19982e-08 6.11281e-07 -1.06652e-06 -2.34999e-08 -2.66741e-05 1.52884e-05
0.14 6.46746e-08 1.32871e-06 -1.22119e-06 -5.1957e-08 -3.05425e-05 3.32316e-05
0.16 1.17959e-07 2.34551e-06 -1.352e-06 -9.3739e-08 -3.38142e-05 5.86622e-05
0.18 1.95372e-07 3.51679e-06 -1.4535e-06 -1.3899e-07 -3.63527e-05 8.79564e-05
0.2 2.9646e-07 4.70612e-06 -1.58164e-06 -1.60259e-07 -3.95575e-05 0.000117702
0.22 4.17121e-07 5.88326e-06 -1.774e-06 -1.14189e-07 -4.43686e-05 0.000147143
0.24 5.51368e-07 7.15039e-06 -2.00142e-06 2.97895e-08 -5.00563e-05 0.000178834
0.26 6.92777e-07 8.61553e-06 -2.2567e-06 2.70618e-07 -5.64411e-05 0.000215478
0.28 8.3416e-07 1.02116e-05 -2.55821e-06 5.88204e-07 -6.39819e-05 0.000255395
0.3 9.67604e-07 1.17851e-05 -2.85628e-06 9.53223e-07 -7.14369e-05 0.000294751
0.32 1.0877e-06 1.33348e-05 -3.03569e-06 1.33533e-06 -7.59239e-05 0.000333508
0.34 1.19456e-06 1.4955e-05 -3.00266e-06 1.72172e-06 -7.50977e-05 0.00037403
0.36 1.29152e-06 1.66291e-05 -2.74456e-06 2.09647e-06 -6.86426e-05 0.000415902
0.38 1.38064e-06 1.82789e-05 -2.351e-06 2.39501e-06 -5.87995e-05 0.000457163
0.4 1.46295e-06 1.9877e-05 -1.98051e-06 2.54274e-06 -4.95334e-05 0.000497132
0.42 1.54081e-06 2.13251e-05 -1.76577e-06 2.5538e-06 -4.41628e-05 0.00053335
0.44 1.61536e-06 2.23656e-05 -1.72647e-06 2.52798e-06 -4.31797e-05 0.000559373
0.46 1.68072e-06 2.27872e-05 -1.71812e-06 2.5403e-06 -4.29709e-05 0.000569917
0.48 1.72432e-06 2.26808e-05 -1.4674e-06 2.5882e-06 -3.67002e-05 0.000567257
0.5 1.73518e-06 2.24405e-05 -8.17696e-07 2.6427e-06 -2.04509e-05 0.000561245
0.52 1.71193e-06 2.24928e-05 1.167e-08 2.69358e-06 2.91872e-07 0.000562555
0.54 1.66279e-06 2.29097e-05 5.80907e-07 2.74278e-06 1.45287e-05 0.000572982
0.56 1.59762e-06 2.31524e-05 6.39177e-07 2.80261e-06 1.59861e-05 0.000579051
0.58 1.51823e-06 2.23132e-05 2.429e-07 2.89822e-06 6.07503e-06 0.000558062
0.6 1.41633e-06 1.99391e-05 -3.82991e-07 3.02194e-06 -9.57877e-06 0.000498685
0.62 1.28207e-06 1.65919e-05 -9.69964e-07 3.0947e-06 -2.42592e-05 0.000414971
0.64 1.11226e-06 1.32262e-05 -1.42818e-06 3.00864e-06 -3.57193e-05 0.000330793
0.66 9.07464e-07 1.01283e-05 -2.05336e-06 2.66904e-06 -5.13553e-05 0.000253314
0.68 6.66595e-07 6.88565e-06 -3.2845e-06 1.99225e-06 -8.21466e-05 0.000172213
0.7 3.93444e-07 3.13279e-06 -5.18264e-06 9.82494e-07 -0.00012962 7.83524e-05
0.72 1.05578e-07 -1.16343e-06 -7.29469e-06 -1.73403e-07 -0.000182443 -2.9098e-05
0.74 -1.73107e-07 -5.84317e-06 -9.05289e-06 -1.2505e-06 -0.000226416 -0.00014614
0.76 -4.28973e-07 -1.05394e-05 -1.02599e-05 -2.24938e-06 -0.000256604 -0.000263594
0.78 -6.61006e-07 -1.47861e-05 -1.12495e-05 -3.34735e-06 -0.000281353 -0.000369806
0.8 -8.6822e-07 -1.84236e-05 -1.26165e-05 -4.5623e-06 -0.000315545 -0.000460782
0.82 -1.04349e-06 -2.17032e-05 -1.46575e-05 -5.62155e-06 -0.000366589 -0.000542806
0.84 -1.18066e-06 -2.47779e-05 -1.69322e-05 -6.20601e-06 -0.000423481 -0.000619705
0.86 -1.27918e-06 -2.72245e-05 -1.84935e-05 -6.21784e-06 -0.00046253 -0.000680895
0.88 -1.33801e-06 -2.83027e-05 -1.87668e-05 -5.79718e-06 -0.000469364 -0.000707863
0.9 -1.34963e-06 -2.76806e-05 -1.81374e-05 -5.1877e-06 -0.000453623 -0.000692303
0.92 -1.30402e-06 -2.58035e-05 -1.75425e-05 -4.59031e-06 -0.000438746 -0.000645356
0.94 -1.19669e-06 -2.35896e-05 -1.76287e-05 -4.01737e-06 -0.000440901 -0.000589987
0.96 -1.0325e-06 -2.17501e-05 -1.82993e-05 -3.25958e-06 -0.000457672 -0.000543978
0.98 -8.25118e-07 -2.02613e-05 -1.873e-05 -2.10904e-06 -0.000468446 -0.000506744
1 -5.98309e-07 -1.86347e-05 -1.74375e-05 -6.52262e-07 -0.000436119 -0.000466061
1.02 -3.97959e-07 -1.69548e-05 -1.22555e-05 7.174e-07 -0.000306516 -0.000424046
1.04 -2.9724e-07 -1.58808e-05 -3.22906e-06 1.53521e-06 -8.07602e-05 -0.000397186
1.06 -3.50042e-07 -1.50708e-05 3.40217e-06 1.56354e-06 8.50896e-05 -0.000376927
1.08 -5.3026e-07 -1.34866e-05 2.27259e-06 1.13441e-06 5.68385e-05 -0.000337305
1.1 -7.53133e-07 -1.13884e-05 -1.53442e-06 1.04024e-06 -3.83764e-05 -0.000284829
1.12 -9.47461e-07 -9.4612e-06 -1.49483e-06 1.71292e-06 -3.73862e-05 -0.000236629
1.14 -1.08561e-06 -7.57489e-06 1.51866e-06 2.76211e-06 3.79822e-05 -0.000189451
1.16 -1.17372e-06 -6.23186e-06 6.94833e-06 3.33033e-06 0.000173781 -0.000155861
1.18 -1.22451e-06 -6.13314e-06 1.39287e-05 2.59655e-06 0.000348361 -0.000153392
1.2 -1.22888e-06 -6.65005e-06 1.62461e-05 5.70534e-07 0.000406321 -0.000166321
1.22 -1.17267e-06 -7.16365e-06 1.32901e-05 -1.39249e-06 0.000332391 -0.000179166
1.24 -1.07316e-06 -7.33181e-06 1.19268e-05 -1.88823e-06 0.000298295 -0.000183372
1.26 -9.62532e-07 -6.12343e-06 1.23706e-05 -1.20497e-06 0.000309395 -0.00015315
1.28 -8.48289e-07 -3.97283e-06 1.00382e-05 -9.23982e-07 0.00025106 -9.93622e-05
1.3 -7.19059e-07 -3.46258e-06 5.97741e-06 -2.16774e-06 0.000149497 -8.66005e-05
1.32 -5.69682e-07 -5.43674e-06 1.92996e-06 -4.54578e-06 4.82691e-05 -0.000135975
1.34 -3.978e-07 -7.67017e-06 -3.74768e-06 -6.32609e-06 -9.37311e-05 -0.000191834
1.36 -2.01751e-07 -8.33946e-06 -8.62807e-06 -5.94964e-06 -0.000215792 -0.000208573
1.38 -2.26561e-08 -8.53726e-06 -6.15694e-06 -3.88553e-06 -0.000153988 -0.00021352
1.4 2.58937e-08 -1.07844e-05 2.69749e-06 -2.47363e-06 6.74654e-05 -0.000269722
1.42 -1.55788e-07 -1.52864e-05 5.61244e-06 -3.4906e-06 0.000140369 -0.000382319
1.44 -5.25827e-07 -1.94884e-05 -4.77079e-06 -6.09065e-06 -0.000119319 -0.000487413
1.46 -9.27787e-07 -2.18941e-05 -1.80036e-05 -7.55983e-06 -0.000450278 -0.000547581
1.48 -1.23753e-06 -2.27398e-05 -2.25929e-05 -6.22348e-06 -0.000565057 -0.000568732
1.5 -1.4272e-06 -2.21799e-05 -2.15685e-05 -3.0766e-06 -0.000539437 -0.000554729
1.52 -1.52366e-06 -2.20534e-05 -1.92933e-05 -5.46856e-07 -0.000482534 -0.000551566
1.54 -1.56696e-06 -2.55155e-05 -1.43459e-05 -3.94742e-07 -0.000358798 -0.000638152
1.56 -1.5835e-06 -3.14806e-05 -1.05309e-05 -2.28834e-06 -0.000263383 -0.000787344
1.58 -1.56265e-06 -3.43553e-05 -1.2399e-05 -3.58939e-06 -0.000310103 -0.000859239
1.6 -1.48356e-06 -3.10748e-05 -1.37233e-05 -1.69901e-06 -0.000343225 -0.000777194
1.62 -1.37402e-06 -2.43972e-05 -8.43877e-06 2.531e-06 -0.000211057 -0.000610185
1.64 -1.30037e-06 -1.92275e-05 -2.55726e-06 5.20316e-06 -6.39581e-05 -0.000480887
1.66 -1.28501e-06 -1.83491e-05 -2.9916e-06 3.9631e-06 -7.4821e-05 -0.000458919
1.68 -1.27096e-06 -2.05409e-05 -6.88964e-06 7.53068e-07 -0.000172313 -0.000513736
1.7 -1.17749e-06 -2.09888e-05 -8.76512e-06 -6.59638e-07 -0.000219219 -0.000524938
1.72 -9.62492e-07 -1.51078e-05 -7.09798e-06 1.24599e-06 -0.000177524 -0.000377853
1.74 -6.38787e-07 -3.75471e-06 -1.57064e-06 4.5866e-06 -3.92823e-05 -9.39069e-05
1.76 -2.7032e-07 6.50411e-06 7.08167e-06 6.09878e-06 0.000177115 0.000162671
1.78 5.70113e-08 1.02103e-05 1.41971e-05 4.05234e-06 0.000355075 0.000255365
1.8 3.09957e-07 9.19654e-06 1.49302e-05 -9.5878e-08 0.00037341 0.000230009
1.82 5.51319e-07 1.00835e-05 1.07495e-05 -2.81232e-06 0.000268849 0.000252193
1.84 8.69385e-07 1.68659e-05 7.90115e-06 -1.98726e-06 0.000197611 0.000421823
1.86 1.27238e-06 2.76898e-05 9.80711e-06 6.90821e-07 0.00024528 0.000692533
1.88 1.6862e-06 3.71642e-05 1.43651e-05 1.65403e-06 0.000359278 0.000929492
1.9 2.03697e-06 4.05065e-05 1.84675e-05 -4.50046e-07 0.000461881 0.00101308
1.92 2.29899e-06 3.76535e-05 2.13046e-05 -3.47292e-06 0.000532836 0.000941731
1.94 2.47734e-06 3.41344e-05 2.28849e-05 -4.2759e-06 0.00057236 0.000853716
1.96 2.57536e-06 3.57407e-05 2.33836e-05 -1.67144e-06 0.000584834 0.000893889
1.98 2.57336e-06 4.2135e-05 2.41917e-05 2.76328e-06 0.000605044 0.00105381
2 2.42768e-06 4.71757e-05 2.59898e-05 6.0685e-06 0.000650015 0.00117988
2.02 2.10509e-06 4.50324e-05 2.66744e-05 6.43602e-06 0.000667137 0.00112628
2.04 1.62668e-06 3.50872e-05 2.42606e-05 4.88071e-06 0.000606769 0.000877547
2.06 1.06128e-06 2.17983e-05 1.99668e-05 4.12723e-06 0.000499377 0.000545186
2.08 4.69028e-07 1.0798e-05 1.60766e-05 5.61357e-06 0.000402083 0.000270062
2.1 -1.33768e-07 4.42807e-06 1.28353e-05 7.94267e-06 0.000321017 0.000110748
2.12 -7.53305e-07 -7.31315e-08 8.99738e-06 8.41847e-06 0.000225028 -1.82905e-06
2.14 -1.37958e-06 -7.68556e-06 3.77204e-06 5.69642e-06 9.43404e-05 -0.000192219
2.16 -1.96849e-06 -2.01172e-05 -2.61774e-06 8.43995e-07 -6.54707e-05 -0.00050314
2.18 -2.44982e-06 -3.38219e-05 -9.26442e-06 -3.70833e-06 -0.000231707 -0.000845901
2.2 -2.76369e-06 -4.39698e-05 -1.5026e-05 -6.17868e-06 -0.000375808 -0.0010997
2.22 -2.90621e-06 -4.90009e-05 -1.93874e-05 -6.91571e-06 -0.000484887 -0.00122553
2.24 -2.92819e-06 -5.08858e-05 -2.34751e-05 -7.90841e-06 -0.000587122 -0.00127268
2.26 -2.87982e-06 -5.29191e-05 -2.912e-05 -1.04037e-05 -0.000728304 -0.00132353
2.28 -2.77653e-06 -5.73149e-05 -3.59042e-05 -1.32707e-05 -0.00089798 -0.00143347
2.3 -2.62061e-06 -6.27397e-05 -4.10711e-05 -1.42081e-05 -0.00102721 -0.00156915
2.32 -2.42575e-06 -6.48241e-05 -4.30833e-05 -1.21674e-05 -0.00107753 -0.00162128
2.34 -2.21391e-06 -6.0918e-05 -4.23209e-05 -8.22148e-06 -0.00105846 -0.00152359
2.36 -2.00983e-06 -5.30205e-05 -3.88404e-05 -4.56302e-06 -0.000971415 -0.00132606
2.38 -1.83576e-06 -4.51943e-05 -3.34362e-05 -2.80922e-06 -0.000836254 -0.00113033
2.4 -1.69365e-06 -3.99388e-05 -2.88607e-05 -2.73415e-06 -0.000721818 -0.000998885
2.42 -1.55891e-06 -3.70288e-05 -2.59281e-05 -2.63684e-06 -0.000648472 -0.000926105
2.44 -1.4063e-06 -3.40974e-05 -2.18735e-05 -1.27163e-06 -0.000547065 -0.000852791
2.46 -1.23838e-06 -2.87002e-05 -1.51918e-05 8.19644e-07 -0.000379953 -0.000717804
2.48 -1.07959e-06 -2.05338e-05 -7.45012e-06 2.03251e-06 -0.000186331 -0.000513558
2.5 -9.42215e-07 -1.13317e-05 1.42481e-07 1.41726e-06 3.56351e-06 -0.00028341
2.52 -8.05337e-07 -3.30165e-06 7.25333e-06 -3.60107e-07 0.000181409 -8.25756e-05
2.54 -6.32218e-07 2.36202e-06 1.32742e-05 -1.55995e-06 0.000331994 5.90752e-05
2.56 -4.03638e-07 6.64219e-06 1.90792e-05 -8.68947e-07 0.00047718 0.000166124
2.58 -1.34501e-07 1.16374e-05 2.63484e-05 1.56246e-06 0.000658984 0.000291055
2.6 1.32469e-07 1.77142e-05 3.34845e-05 4.3527e-06 0.000837462 0.000443039
2.62 3.46945e-07 2.29827e-05 3.69804e-05 5.99138e-06 0.000924896 0.000574806
2.64 4.72276e-07 2.52914e-05 3.67999e-05 6.05309e-06 0.000920381 0.000632549
2.66 4.90184e-07 2.36698e-05 3.54158e-05 5.54639e-06 0.000885765 0.000591992
2.68 3.93657e-07 1.92738e-05 3.32553e-05 5.68813e-06 0.00083173 0.000482045
2.7 1.96087e-07 1.5449e-05 2.95667e-05 6.30002e-06 0.000739477 0.000386386
2.72 -5.26495e-08 1.44937e-05 2.48955e-05 5.91263e-06 0.000622648 0.000362494
2.74 -2.82861e-07 1.45248e-05 1.93184e-05 3.36306e-06 0.00048316 0.000363271
2.76 -4.4448e-07 1.17499e-05 1.17875e-05 -1.09807e-06 0.000294811 0.000293869
2.78 -5.1786e-07 5.0073e-06 3.10087e-06 -6.01737e-06 7.7554e-05 0.000125235
2.8 -4.91573e-07 -3.4695e-06 -4.84905e-06 -9.7708e-06 -0.000121277 -8.67736e-05
2.82 -3.58831e-07 -1.09197e-05 -1.32173e-05 -1.17016e-05 -0.000330571 -0.000273107
2.84 -1.44996e-07 -1.63944e-05 -2.46473e-05 -1.2495e-05 -0.000616439 -0.000410031
2.86 9.12181e-08 -2.04008e-05 -3.82002e-05 -1.32321e-05 -0.000955403 -0.000510232
2.88 3.0933e-07 -2.3288e-05 -5.02601e-05 -1.39574e-05 -0.00125703 -0.000582442
2.9 5.30112e-07 -2.44039e-05 -5.85642e-05 -1.35288e-05 -0.00146472 -0.000610353
2.92 8.11255e-07 -2.25225e-05 -6.21682e-05 -1.11068e-05 -0.00155485 -0.000563296
2.94 1.18737e-06 -1.72366e-05 -6.13379e-05 -7.36144e-06 -0.00153409 -0.000431096
2.96 1.64533e-06 -1.01269e-05 -5.99221e-05 -3.79431e-06 -0.00149868 -0.000253278
2.98 2.14835e-06 -3.84762e-06 -6.25849e-05 -1.14295e-06 -0.00156527 -9.62305e-05
3 2.66461e-06 4.54724e-07 -6.79426e-05 1.17186e-06 -0.00169927 1.13728e-05
3.02 3.16911e-06 4.38963e-06 -6.95442e-05 4.17438e-06 -0.00173933 0.000109787
3.04 3.63071e-06 1.0802e-05 -6.37834e-05 8.12901e-06 -0.00159525 0.000270162
3.06 4.00896e-06 2.09651e-05 -5.24859e-05 1.21209e-05 -0.0013127 0.000524345
3.08 4.26638e-06 3.29212e-05 -3.93972e-05 1.48063e-05 -0.000985339 0.000823373
3.1 4.38828e-06 4.3028e-05 -2.78798e-05 1.57161e-05 -0.000697285 0.00107615
3.12 4.40183e-06 4.99055e-05 -1.9454e-05 1.5831e-05 -0.000486552 0.00124816
3.14 4.37572e-06 5.59961e-05 -1.15597e-05 1.67045e-05 -0.000289114 0.00140049
3.16 4.37375e-06 6.38483e-05 5.01511e-07 1.88364e-05 1.2543e-05 0.00159687
3.18 4.38525e-06 7.20921e-05 1.72775e-05 2.08509e-05 0.000432116 0.00180305
3.2 4.3212e-06 7.72283e-05 3.35939e-05 2.05537e-05 0.000840197 0.00193151
3.22 4.10627e-06 7.81581e-05 4.48481e-05 1.72551e-05 0.00112167 0.00195477
3.24 3.75598e-06 7.67485e-05 5.18724e-05 1.28973e-05 0.00129735 0.00191951
3.26 3.33457e-06 7.51313e-05 5.79569e-05 1.01948e-05 0.00144953 0.00187906
3.28 2.8619e-06 7.41167e-05 6.4558e-05 9.65222e-06 0.00161462 0.00185369
3.3 2.30186e-06 7.27795e-05 7.164e-05 9.12394e-06 0.00179175 0.00182025
3.32 1.63004e-06 6.85602e-05 7.82921e-05 6.35698e-06 0.00195812 0.00171472
3.34 8.81536e-07 5.98005e-05 8.16743e-05 1.29813e-06 0.00204271 0.00149564
3.36 1.37424e-07 4.83083e-05 7.90975e-05 -4.04606e-06 0.00197826 0.00120821
3.38 -5.28439e-07 3.67886e-05 7.15553e-05 -7.45294e-06 0.00178963 0.000920099
3.4 -1.10724e-06 2.48236e-05 6.2385e-05 -8.4473e-06 0.00156027 0.000620849
3.42 -1.66147e-06 1.04188e-05 5.32865e-05 -8.84016e-06 0.00133272 0.000260579
3.44 -2.25642e-06 -6.35473e-06 4.37787e-05 -1.0873e-05 0.00109492 -0.000158934
3.46 -2.89304e-06 -2.37649e-05 3.30194e-05 -1.47358e-05 0.000825828 -0.000594371
3.48 -3.51944e-06 -4.01646e-05 2.03724e-05 -1.85551e-05 0.000509523 -0.00100453
3.5 -4.08079e-06 -5.41527e-05 5.38578e-06 -2.05813e-05 0.000134701 -0.00135438
3.52 -4.53701e-06 -6.55724e-05 -1.14933e-05 -2.05587e-05 -0.000287452 -0.00163999
3.54 -4.86028e-06 -7.64283e-05 -2.84804e-05 -1.93457e-05 -0.000712307 -0.0019115
3.56 -5.04544e-06 -8.84817e-05 -4.32824e-05 -1.80617e-05 -0.00108251 -0.00221297
3.58 -5.11044e-06 -0.000100385 -5.45358e-05 -1.7294e-05 -0.00136396 -0.00251067
3.6 -5.06948e-06 -0.000108743 -6.26362e-05 -1.6518e-05 -0.00156656 -0.00271972
3.62 -4.91839e-06 -0.000111599 -6.95033e-05 -1.45233e-05 -0.00173831 -0.00279115
3.64 -4.66067e-06 -0.000110335 -7.71271e-05 -1.07179e-05 -0.00192898 -0.00275951
3.66 -4.33612e-06 -0.000108366 -8.54237e-05 -5.77192e-06 -0.00213648 -0.00271029
3.68 -4.00444e-06 -0.000107722 -9.18959e-05 -8.75627e-07 -0.00229835 -0.00269417
3.7 -3.69534e-06 -0.000106687 -9.41595e-05 3.29013e-06 -0.00235497 -0.00266828
3.72 -3.38364e-06 -0.000101464 -9.17243e-05 6.67119e-06 -0.00229406 -0.00253766
3.74 -3.01879e-06 -9.01423e-05 -8.4923e-05 9.22867e-06 -0.00212396 -0.0022545
3.76 -2.56821e-06 -7.43439e-05 -7.46404e-05 1.06324e-05 -0.00186679 -0.00185937
3.78 -2.02422e-06 -5.75439e-05 -6.33486e-05 1.06885e-05 -0.00158438 -0.0014392
3.8 -1.38752e-06 -4.25479e-05 -5.30045e-05 9.74647e-06 -0.00132566 -0.00106414
3.82 -6.68777e-07 -2.97316e-05 -4.21932e-05 8.36187e-06 -0.00105527 -0.000743599
3.84 9.89431e-08 -1.67138e-05 -2.87182e-05 6.74925e-06 -0.000718254 -0.000418019
3.86 8.72768e-07 -3.47515e-07 -1.35328e-05 4.88807e-06 -0.000338461 -8.69149e-06
3.88 1.62397e-06 1.98778e-05 1.2939e-06 3.00368e-06 3.23609e-05 0.000497151
3.9 2.33163e-06 4.05612e-05 1.60255e-05 1.59989e-06 0.000400804 0.00101445
3.92 2.95522e-06 5.71016e-05 3.14176e-05 1.10163e-06 0.000785768 0.00142814
3.94 3.43006e-06 6.73755e-05 4.63688e-05 1.67956e-06 0.0011597 0.00168509
3.96 3.68844e-06 7.24977e-05 5.96508e-05 3.18297e-06 0.00149189 0.0018132
3.98 3.67925e-06 7.49557e-05 7.07057e-05 4.92519e-06 0.00176838 0.00187467
4 3.38318e-06 7.64826e-05 7.76845e-05 5.82763e-06 0.00194292 0.00191286
4.02 2.8257e-06 7.65078e-05 7.81844e-05 5.22354e-06 0.00195542 0.00191349
4.04 2.07457e-06 7.25923e-05 7.25386e-05 3.3054e-06 0.00181422 0.00181556
4.06 1.22891e-06 6.36505e-05 6.35405e-05 5.26734e-07 0.00158917 0.00159193
4.08 4.14723e-07 5.17335e-05 5.30231e-05 -2.98779e-06 0.00132613 0.00129388
4.1 -2.3831e-07 3.93375e-05 4.11163e-05 -7.25813e-06 0.00102834 0.000983848
4.12 -6.48752e-07 2.70012e-05 2.80336e-05 -1.22282e-05 0.000701131 0.000675311
4.14 -8.02178e-07 1.48612e-05 1.40422e-05 -1.77008e-05 0.000351202 0.000371685
4.16 -7.05768e-07 3.87623e-06 -1.61617e-06 -2.28408e-05 -4.0421e-05 9.69461e-05
4.18 -3.58933e-07 -5.80968e-06 -1.9555e-05 -2.60244e-05 -0.000489078 -0.000145303
4.2 2.02689e-07 -1.52867e-05 -3.85669e-05 -2.60135e-05 -0.000964575 -0.000382326
4.22 8.68301e-07 -2.47704e-05 -5.67911e-05 -2.30275e-05 -0.00142037 -0.000619519
4.24 1.5004e-06 -3.28241e-05 -7.37623e-05 -1.80335e-05 -0.00184483 -0.000820945
4.26 2.01006e-06 -3.81421e-05 -8.96205e-05 -1.14693e-05 -0.00224145 -0.000953949
4.28 2.36272e-06 -4.05997e-05 -0.000102851 -3.40578e-06 -0.00257235 -0.00101541
4.3 2.54205e-06 -4.02979e-05 -0.000110945 5.50674e-06 -0.00277478 -0.00100787
4.32 2.54384e-06 -3.76874e-05 -0.00011344 1.41054e-05 -0.00283718 -0.000942577
4.34 2.38286e-06 -3.48127e-05 -0.000111973 2.13573e-05 -0.00280049 -0.000870679
4.36 2.08425e-06 -3.33971e-05 -0.000107514 2.62736e-05 -0.00268896 -0.000835276
4.38 1.69889e-06 -3.15116e-05 -0.0001003 2.79122e-05 -0.00250855 -0.000788119
4.4 1.34095e-06 -2.50976e-05 -9.13576e-05 2.63108e-05 -0.00228489 -0.000627701
4.42 1.17738e-06 -1.19718e-05 -8.11279e-05 2.26855e-05 -0.00202904 -0.000299419
4.44 1.36858e-06 7.62752e-06 -6.84039e-05 1.81757e-05 -0.00171081 0.000190767
4.46 2.02085e-06 3.16319e-05 -5.21106e-05 1.3319e-05 -0.00130331 0.000791126
4.48 3.15736e-06 5.62769e-05 -3.16135e-05 8.87366e-06 -0.000790666 0.00140751
4.5 4.69544e-06 7.92033e-05 -6.25937e-06 5.994e-06 -0.00015655 0.00198091
4.52 6.46117e-06 0.00010221 2.24806e-05 5.50027e-06 0.000562249 0.00255631
4.54 8.24885e-06 0.000128635 5.11758e-05 7.57374e-06 0.00127993 0.00321721
4.56 9.87742e-06 0.000159464 7.84136e-05 1.18448e-05 0.00196116 0.00398825
4.58 1.12082e-05 0.000192267 0.00010517 1.74653e-05 0.00263034 0.00480867
4.6 1.21361e-05 0.000222036 0.000131693 2.33902e-05 0.0032937 0.00555322
4.62 1.25898e-05 0.000244052 0.00015693 2.86565e-05 0.00392489 0.00610383
4.64 1.25479e-05 0.000256761 0.000179028 3.24743e-05 0.00447756 0.0064217
4.66 1.20326e-05 0.000260589 0.000195567 3.43763e-05 0.0048912 0.00651744
4.68 1.10616e-05 0.000255449 0.000206253 3.4191e-05 0.00515846 0.00638888
4.7 9.61415e-06 0.000241068 0.00021415 3.18038e-05 0.00535598 0.0060292
4.72 7.64971e-06 0.000217061 0.000221439 2.72523e-05 0.00553829 0.00542878
4.74 5.1392e-06 0.000181947 0.000226424 2.08235e-05 0.00566296 0.00455057
4.76 2.08285e-06 0.000135382 0.000226048 1.26926e-05 0.00565357 0.00338597
4.78 -1.45603e-06 8.09842e-05 0.000218344 3.08643e-06 0.00546088 0.00202545
4.8 -5.31808e-06 2.40088e-05 0.000202813 -6.89696e-06 0.00507244 0.000600471
4.82 -9.27518e-06 -3.24934e-05 0.000181207 -1.56583e-05 0.00453207 -0.000812673
4.84 -1.30979e-05 -8.77715e-05 0.000156456 -2.26656e-05 0.00391304 -0.0021952
4.86 -1.65964e-05 -0.000142628 0.000129362 -2.86561e-05 0.00323541 -0.00356718
4.88 -1.96465e-05 -0.000199827 9.87016e-05 -3.40907e-05 0.00246857 -0.00499776
4.9 -2.22361e-05 -0.000261773 6.47899e-05 -3.83736e-05 0.00162042 -0.00654704
4.92 -2.44801e-05 -0.000326286 3.02435e-05 -4.06734e-05 0.000756403 -0.00816056
4.94 -2.65472e-05 -0.000386948 -2.54634e-06 -4.08199e-05 -6.36851e-05 -0.00967774
4.96 -2.85571e-05 -0.000437933 -3.27648e-05 -3.96438e-05 -0.000819461 -0.0109529
4.98 -3.05245e-05 -0.000477023 -6.08234e-05 -3.89582e-05 -0.00152122 -0.0119305
5 -3.23456e-05 -0.000505028 -8.81569e-05 -4.05715e-05 -0.00220484 -0.012631
5.02 -3.38045e-05 -0.00052425 -0.000116415 -4.46344e-05 -0.00291158 -0.0131117
5.04 -3.46207e-05 -0.000536397 -0.000145334 -4.9452e-05 -0.00363487 -0.0134155
5.06 -3.45319e-05 -0.00053997 -0.000172134 -5.33721e-05 -0.00430514 -0.0135049
5.08 -3.33483e-05 -0.000529938 -0.0001943 -5.63144e-05 -0.00485952 -0.013254
5.1 -3.09473e-05 -0.000500834 -0.000211742 -5.91092e-05 -0.00529575 -0.0125261
5.12 -2.72489e-05 -0.00044998 -0.00022469 -6.18832e-05 -0.0056196 -0.0112542
5.14 -2.22094e-05 -0.000377734 -0.000231209 -6.34326e-05 -0.00578263 -0.00944729
5.16 -1.5821e-05 -0.000285494 -0.000228839 -6.18079e-05 -0.00572337 -0.00714031
5.18 -8.10372e-06 -0.000174067 -0.000217323 -5.53619e-05 -0.00543534 -0.00435348
5.2 8.86656e-07 -4.40146e-05 -0.000198141 -4.36259e-05 -0.00495558 -0.00110082
5.22 1.1015e-05 0.00010183 -0.000172914 -2.73109e-05 -0.00432465 0.0025468
5.24 2.1991e-05 0.000255476 -0.000143235 -7.2403e-06 -0.00358237 0.00638957
5.26 3.32998e-05 0.000404539 -0.000109956 1.65667e-05 -0.00275004 0.0101177
5.28 4.42022e-05 0.000538187 -7.10762e-05 4.43823e-05 -0.00177764 0.0134603
5.3 5.38411e-05 0.000652749 -2.21451e-05 7.54756e-05 -0.000553858 0.0163255
5.32 6.14024e-05 0.000750619 3.8779e-05 0.000107518 0.00096988 0.0187733
5.34 6.62579e-05 0.000834533 0.000106953 0.00013697 0.00267493 0.020872
5.36 6.80823e-05 0.000903241 0.000173331 0.000160145 0.00433508 0.0225905
5.38 6.69383e-05 0.000950872 0.000230549 0.000174681 0.00576612 0.0237818
5.4 6.32529e-05 0.000969818 0.000275644 0.000180355 0.00689398 0.0242556
5.42 5.76821e-05 0.000955021 0.000308862 0.000178242 0.00772477 0.0238856
5.44 5.09781e-05 0.000907418 0.00033156 0.000169186 0.00829245 0.022695
5.46 4.38292e-05 0.000831891 0.000344496 0.000153304 0.00861598 0.020806
5.48 3.66655e-05 0.000732017 0.0003469 0.000130874 0.00867611 0.0183081
5.5 2.95501e-05 0.000610542 0.000336844 0.000103415 0.00842462 0.01527
5.52 2.22175e-05 0.000472998 0.000312828 7.36557e-05 0.00782396 0.01183
5.54 1.43302e-05 0.000328543 0.000274647 4.41577e-05 0.00686903 0.00821709
5.56 5.82272e-06 0.000187091 0.000222608 1.57034e-05 0.00556752 0.00467931
5.58 -2.93551e-06 5.56705e-05 0.000158114 -1.28995e-05 0.00395449 0.00139244
5.6 -1.1255e-05 -6.32649e-05 8.67027e-05 -4.30248e-05 0.00216847 -0.00158219
5.62 -1.84033e-05 -0.000172254 1.72824e-05 -7.40758e-05 0.00043224 -0.00430805
5.64 -2.3859e-05 -0.000276982 -4.48491e-05 -0.000103356 -0.00112169 -0.00692733
5.66 -2.74391e-05 -0.000380761 -0.000100373 -0.000127928 -0.00251036 -0.0095229
5.68 -2.93016e-05 -0.000479408 -0.000149378 -0.000145875 -0.00373601 -0.0119901
5.7 -2.98754e-05 -0.000562219 -0.00018844 -0.00015575 -0.00471296 -0.0140612
5.72 -2.97608e-05 -0.000618322 -0.000214134 -0.000155961 -0.00535559 -0.0154644
5.74 -2.95982e-05 -0.000642837 -0.000222656 -0.000145501 -0.00556872 -0.0160775
5.76 -2.98929e-05 -0.000638675 -0.000208733 -0.000124944 -0.0052205 -0.0159734
5.78 -3.08482e-05 -0.000613738 -0.000171192 -9.63006e-05 -0.00428159 -0.0153498
5.8 -3.23212e-05 -0.00057646 -0.000116227 -6.21337e-05 -0.00290688 -0.0144174
5.82 -3.39519e-05 -0.000533373 -5.23945e-05 -2.51363e-05 -0.00131041 -0.0133398
5.84 -3.53658e-05 -0.000489382 1.39427e-05 1.17597e-05 0.000348713 -0.0122396
5.86 -3.63074e-05 -0.00044821 7.92869e-05 4.54544e-05 0.001983 -0.0112098
5.88 -3.66574e-05 -0.000411222 0.000142842 7.31334e-05 0.00357253 -0.0102848
5.9 -3.63924e-05 -0.000375893 0.000204088 9.26836e-05 0.00510432 -0.00940117
5.92 -3.55382e-05 -0.000336106 0.000260217 0.000102845 0.00650813 -0.00840607
5.94 -3.40949e-05 -0.0002835 0.000307749 0.000103189 0.00769692 -0.00709038
5.96 -3.18937e-05 -0.000208537 0.000343404 9.41419e-05 0.00858867 -0.00521552
5.98 -2.84588e-05 -0.000104339 0.000362169 7.72405e-05 0.009058 -0.00260949
6 -2.30737e-05 2.5687e-05 0.0003607 5.51025e-05 0.00902125 0.000642519
6.02 -1.51374e-05 0.00016348 0.000342446 3.06429e-05 0.00856472 0.00408877
6.04 -4.61778e-06 0.00028139 0.000311367 6.43575e-06 0.00778742 0.00703777
6.06 7.716e-06 0.000355936 0.000263756 -1.51451e-05 0.00659665 0.00890218
6.08 2.04721e-05 0.000384475 0.000196769 -3.20443e-05 0.00492127 0.00961597
6.1 3.21407e-05 0.000391552 0.000118424 -4.32061e-05 0.00296183 0.00979297
6.12 4.16318e-05 0.000413036 3.51543e-05 -4.87994e-05 0.000879223 0.0103303
6.14 4.85707e-05 0.000468792 -6.18922e-05 -5.0213e-05 -0.00154795 0.0117248
6.16 5.32892e-05 0.000548629 -0.0001831 -4.99887e-05 -0.0045794 0.0137215
6.18 5.66023e-05 0.000620886 -0.000322238 -5.01671e-05 -0.0080593 0.0155287
6.2 5.94648e-05 0.000654671 -0.000463331 -4.98981e-05 -0.0115881 0.0163737
6.22 6.25712e-05 0.000639566 -0.000593674 -4.61511e-05 -0.014848 0.0159959
6.24 6.6003e-05 0.000586192 -0.000702628 -3.77236e-05 -0.017573 0.014661
6.26 6.90613e-05 0.000508017 -0.000783461 -2.7642e-05 -0.0195947 0.0127058
6.28 7.03767e-05 0.000407961 -0.000840809 -2.0596e-05 -0.021029 0.0102034
6.3 6.81834e-05 0.000284489 -0.000877231 -1.7645e-05 -0.0219399 0.00711527
6.32 6.1232e-05 0.000143554 -0.000881839 -1.3765e-05 -0.0220552 0.00359042
6.34 5.08532e-05 -2.51108e-07 -0.000871918 -1.89571e-06 -0.021807 -6.2017e-06
6.36 3.86669e-05 -0.000132198 -0.000850775 1.99122e-05 -0.0212782 -0.00330625
6.38 2.54478e-05 -0.000247169 -0.000801813 4.59284e-05 -0.0200537 -0.00618172
6.4 1.22942e-05 -0.000352567 -0.000733446 6.76275e-05 -0.0183438 -0.00881776
6.42 1.39339e-07 -0.000459301 -0.000648403 8.14853e-05 -0.0162168 -0.0114872
6.44 -1.04082e-05 -0.000568473 -0.000538569 9.16969e-05 -0.0134698 -0.0142177
6.46 -1.97483e-05 -0.000668147 -0.000413502 0.000104485 -0.0103419 -0.0167106
6.48 -2.83462e-05 -0.000740208 -0.000301317 0.000121039 -0.00753607 -0.0185128
6.5 -3.67898e-05 -0.000769193 -0.000208902 0.000136945 -0.00522472 -0.0192378
6.52 -4.54422e-05 -0.000750712 -0.000131662 0.000147213 -0.00329293 -0.0187756
6.54 -5.36682e-05 -0.000692271 -6.90193e-05 0.000152247 -0.00172621 -0.0173139
6.56 -6.02096e-05 -0.000606504 -2.47682e-06 0.000159189 -6.19543e-05 -0.0151689
6.58 -6.37571e-05 -0.000509152 0.000104499 0.000174926 0.00261356 -0.012734
6.6 -6.3662e-05 -0.000418433 0.000264651 0.000196793 0.00661902 -0.0104651
6.62 -6.0111e-05 -0.000346436 0.000453799 0.000212472 0.0113497 -0.00866445
6.64 -5.38839e-05 -0.000294807 0.000638669 0.000210447 0.0159734 -0.00737318
6.66 -4.61393e-05 -0.000256513 0.000792296 0.000188913 0.0198157 -0.00641544
6.68 -3.83079e-05 -0.000216252 0.000888025 0.000153883 0.0222101 -0.00540849
6.7 -3.17582e-05 -0.000156871 0.000906888 0.000111258 0.0226819 -0.00392333
6.72 -2.72595e-05 -7.06058e-05 0.000853458 6.2364e-05 0.0213456 -0.00176581
6.74 -2.462e-05 3.81352e-05 0.000750363 6.0575e-06 0.0187671 0.000953843
6.76 -2.28237e-05 0.000161247 0.000624763 -5.59899e-05 0.0156258 0.00403292
6.78 -2.05301e-05 0.00029249 0.000511133 -0.000116317 0.0127839 0.00731536
6.8 -1.68721e-05 0.000421648 0.000436695 -0.000165148 0.0109222 0.0105457
6.82 -1.12004e-05 0.000531009 0.000398844 -0.000196451 0.00997552 0.0132808
6.84 -2.89807e-06 0.000606048 0.000382155 -0.000209059 0.00955812 0.0151576
6.86 8.59565e-06 0.00064574 0.000393789 -0.000205201 0.00984907 0.0161503
6.88 2.21013e-05 0.00065659 0.000448238 -0.000193052 0.0112109 0.0164217
6.9 3.55484e-05 0.000644207 0.000489139 -0.000184976 0.0122338 0.016112
6.92 4.75151e-05 0.000613618 0.000446577 -0.000183064 0.0111693 0.0153469
6.94 5.68569e-05 0.000576969 0.000330673 -0.000173812 0.00827052 0.0144303
6.96 6.31003e-05 0.000559287 0.000171373 -0.000146451 0.00428636 0.0139881
6.98 6.59357e-05 0.000573904 -2.53617e-05 -0.000107945 -0.000634056 0.0143537
7 6.52958e-05 0.000598315 -0.000240297 -7.31127e-05 -0.00600968 0.0149642
7.02 6.15801e-05 0.000595101 -0.000424952 -4.64242e-05 -0.010628 0.0148838
7.04 5.58141e-05 0.000553138 -0.000539862 -1.98129e-05 -0.0135019 0.0138343
7.06 4.92503e-05 0.000491863 -0.00057422 1.42165e-05 -0.0143612 0.0123018
7.08 4.2837e-05 0.000420878 -0.000535494 5.17056e-05 -0.0133927 0.0105264
7.1 3.67511e-05 0.000322612 -0.000447157 7.92427e-05 -0.0111833 0.00806873
7.12 3.05743e-05 0.000181058 -0.000350056 8.62431e-05 -0.00875479 0.00452842
7.14 2.4048e-05 6.56799e-06 -0.000280931 7.57278e-05 -0.00702594 0.00016434
7.16 1.74929e-05 -0.000170036 -0.000247559 6.18496e-05 -0.00619131 -0.0042526
7.18 1.11388e-05 -0.000316011 -0.000239899 5.65044e-05 -0.00599973 -0.0079035
7.2 4.49272e-06 -0.000412548 -0.000258015 6.09104e-05 -0.00645282 -0.0103179
7.22 -2.66818e-06 -0.000460266 -0.000301077 7.12943e-05 -0.00752981 -0.0115114
7.24 -1.03076e-05 -0.000470269 -0.000340225 8.82419e-05 -0.00850892 -0.0117616
7.26 -1.82873e-05 -0.000453499 -0.000338747 0.000115851 -0.00847194 -0.0113421
7.28 -2.61149e-05 -0.000420199 -0.000284511 0.000153953 -0.00711548 -0.0105093
7.3 -3.33681e-05 -0.000383881 -0.00018322 0.000194797 -0.00458216 -0.00960096
7.32 -3.96823e-05 -0.000361226 -4.60795e-05 0.000226236 -0.00115222 -0.00903434
7.34 -4.48487e-05 -0.000365947 0.000106445 0.000236637 0.00266248 -0.00915241
7.36 -4.87062e-05 -0.000401942 0.000249489 0.000218984 0.00624008 -0.0100527
7.38 -5.1133e-05 -0.00046223 0.000366893 0.000173412 0.00917639 -0.0115605
7.4 -5.20964e-05 -0.000529811 0.000450214 0.000106327 0.0112603 -0.0132507
7.42 -5.17075e-05 -0.000580131 0.000490378 2.66738e-05 0.0122648 -0.0145093
7.44 -5.01843e-05 -0.000590935 0.000480982 -5.67937e-05 0.0120298 -0.0147794
7.46 -4.77202e-05 -0.000551566 0.000427445 -0.000135389 0.0106908 -0.0137948
7.48 -4.43415e-05 -0.000461645 0.000347813 -0.000199628 0.00869919 -0.0115459
7.5 -3.98293e-05 -0.000326046 0.000266245 -0.000240357 0.00665914 -0.00815448
7.52 -3.37801e-05 -0.000156813 0.000205011 -0.000252225 0.00512765 -0.00392188
7.54 -2.57533e-05 2.3356e-05 0.0001755 -0.000236971 0.00438957 0.000584214
7.56 -1.55566e-05 0.000186163 0.000173873 -0.000202949 0.00434889 0.00465607
7.58 -3.45452e-06 0.000309009 0.000185797 -0.000160447 0.00464711 0.00772851
7.6 9.94147e-06 0.000383966 0.000195095 -0.000116781 0.00487966 0.00960323
7.62 2.37727e-05 0.000419361 0.000190139 -7.52307e-05 0.00475571 0.0104885
7.64 3.69727e-05 0.000432254 0.000164059 -3.7445e-05 0.00410343 0.0108109
7.66 4.8348e-05 0.000436867 0.000112124 -5.64626e-06 0.00280452 0.0109263
7.68 5.6753e-05 0.000439868 3.23705e-05 1.79565e-05 0.00080985 0.0110013
7.7 6.13532e-05 0.000445726 -7.06396e-05 3.36632e-05 -0.00176647 0.0111479
7.72 6.18547e-05 0.000459402 -0.000183368 4.57272e-05 -0.00458587 0.0114899
7.74 5.85995e-05 0.000477435 -0.000285905 6.0354e-05 -0.00715035 0.0119409
7.76 5.24333e-05 0.00048513 -0.000359154 8.09989e-05 -0.00898234 0.0121334
7.78 4.44139e-05 0.000468369 -0.000391898 0.000105615 -0.00980128 0.0117142
7.8 3.55783e-05 0.00041856 -0.000383843 0.000128926 -0.00959982 0.0104684
7.82 2.68402e-05 0.000329555 -0.000344782 0.000146504 -0.00862288 0.00824239
7.84 1.88639e-05 0.000201049 -0.000290745 0.000156604 -0.00727141 0.00502838
7.86 1.19061e-05 4.16276e-05 -0.000237974 0.000159761 -0.00595158 0.0010412
7.88 5.73651e-06 -0.000134985 -0.000196868 0.000157296 -0.00492349 -0.00337595
7.9 -2.89484e-07 -0.000311275 -0.00016975 0.000149556 -0.00424526 -0.00778505
7.92 -6.96359e-06 -0.00046445 -0.000154279 0.000135786 -0.00385834 -0.011616
7.94 -1.47958e-05 -0.000573507 -0.000147574 0.000116137 -0.00369064 -0.0143436
7.96 -2.38902e-05 -0.000631519 -0.000146809 9.2806e-05 -0.00367151 -0.0157945
7.98 -3.39581e-05 -0.000647742 -0.000147732 6.8557e-05 -0.00369458 -0.0162002
8 -4.42574e-05 -0.000638335 -0.000142146 4.50698e-05 -0.00355488 -0.0159649
8.02 -5.36459e-05 -0.000618132 -0.000116863 2.28566e-05 -0.00292253 -0.0154597
8.04 -6.08288e-05 -0.000598057 -5.95112e-05 1.04788e-06 -0.00148815 -0.0149576
8.06 -6.48195e-05 -0.000584712 3.11465e-05 -2.31608e-05 0.000779238 -0.0146238
8.08 -6.52315e-05 -0.000581291 0.000141377 -5.28683e-05 0.00353615 -0.0145383
8.1 -6.22515e-05 -0.000586271 0.000249407 -8.79656e-05 0.00623803 -0.0146628
8.12 -5.64851e-05 -0.000588768 0.000335575 -0.000123687 0.00839313 -0.0147253
8.14 -4.87732e-05 -0.00056919 0.000387953 -0.000153008 0.00970313 -0.0142356
8.16 -3.9994e-05 -0.000507588 0.000402548 -0.000170404 0.0100681 -0.0126949
8.18 -3.08795e-05 -0.000392549 0.000381584 -0.00017364 0.00954382 -0.00981775
8.2 -2.18298e-05 -0.000225518 0.000333817 -0.00016276 0.00834915 -0.00564023
8.22 -1.28228e-05 -2.0065e-05 0.000275829 -0.000138035 0.00689885 -0.000501763
8.24 -3.49626e-06 0.000202092 0.00022832 -9.93582e-05 0.00571064 0.00505447
8.26 6.58984e-06 0.000416603 0.000207209 -4.81255e-05 0.00518263 0.0104195
8.28 1.76608e-05 0.000601704 0.000217368 1.02939e-05 0.00543672 0.0150489
8.3 2.95284e-05 0.000741883 0.000252128 6.67648e-05 0.00630608 0.0185549
8.32 4.15973e-05 0.000830164 0.000294626 0.000112107 0.00736896 0.0207628
8.34 5.30027e-05 0.000868925 0.000321675 0.000141444 0.00804549 0.0217323
8.36 6.27763e-05 0.000868255 0.000312941 0.000155581 0.00782704 0.0217155
8.38 7.00514e-05 0.000842299 0.000259447 0.000158767 0.00648913 0.0210663
8.4 7.42716e-05 0.000805603 0.000165208 0.000155334 0.00413217 0.0201486
8.42 7.53086e-05 0.000770101 4.47966e-05 0.000148102 0.00112063 0.0192606
8.44 7.33339e-05 0.000741372 -8.01876e-05 0.000139094 -0.00200527 0.0185421
8.46 6.88595e-05 0.000715421 -0.000187128 0.000130795 -0.0046799 0.0178931
8.48 6.26308e-05 0.000682613 -0.000259797 0.000125869 -0.00649738 0.0170725
8.5 5.52803e-05 0.00063348 -0.000292583 0.000125325 -0.00731738 0.0158437
8.52 4.71964e-05 0.000557859 -0.00028999 0.00012691 -0.00725252 0.0139524
8.54 3.85403e-05 0.00044578 -0.000264031 0.000125297 -0.00660328 0.0111492
8.56 2.94167e-05 0.000294133 -0.000230262 0.000114733 -0.0057587 0.0073565
8.58 1.99696e-05 0.000110491 -0.00020186 9.26613e-05 -0.00504835 0.00276354
8.6 1.03328e-05 -8.90311e-05 -0.000185266 6.11587e-05 -0.00463332 -0.0022266
8.62 5.2604e-07 -0.00028387 -0.000181359 2.50728e-05 -0.00453561 -0.00709959
8.64 -9.48167e-06 -0.000454009 -0.000188094 -1.07545e-05 -0.00470405 -0.0113548
8.66 -1.9634e-05 -0.000585157 -0.000199715 -4.27208e-05 -0.00499471 -0.0146349
8.68 -2.97177e-05 -0.0006709 -0.000205757 -6.80886e-05 -0.00514581 -0.0167794
8.7 -3.93613e-05 -0.000711697 -0.000194094 -8.45046e-05 -0.00485412 -0.0177998
8.72 -4.80981e-05 -0.000713623 -0.00015543 -9.06838e-05 -0.00388712 -0.0178479
8.74 -5.54219e-05 -0.000687537 -8.57857e-05 -8.79089e-05 -0.00214529 -0.0171955
8.76 -6.08436e-05 -0.000647467 1.14809e-05 -8.03774e-05 0.000287394 -0.0161933
8.78 -6.39767e-05 -0.000607859 0.000124255 -7.323e-05 0.00310793 -0.0152027
8.8 -6.46174e-05 -0.000580054 0.000234158 -6.97938e-05 0.00585665 -0.0145073
8.82 -6.27883e-05 -0.000567449 0.000323219 -7.04817e-05 0.00808408 -0.014192
8.84 -5.87653e-05 -0.000560946 0.000379904 -7.3635e-05 0.00950182 -0.0140294
8.86 -5.29607e-05 -0.000542687 0.000401054 -7.66304e-05 0.0100308 -0.0135727
8.88 -4.57597e-05 -0.00049619 0.000391225 -7.64762e-05 0.00978495 -0.0124098
8.9 -3.7504e-05 -0.00041093 0.000361097 -7.03769e-05 0.00903144 -0.0102775
8.92 -2.85507e-05 -0.000282745 0.000323559 -5.63834e-05 0.00809261 -0.00707148
8.94 -1.92359e-05 -0.000116303 0.000288707 -3.4134e-05 0.00722094 -0.00290872
8.96 -9.71182e-06 7.35865e-05 0.000262636 -5.61943e-06 0.00656888 0.00184051
8.98 8.233e-08 0.000264986 0.000248954 2.48654e-05 0.00622669 0.00662748
9 1.02187e-05 0.000433883 0.000247083 5.20739e-05 0.00617989 0.0108517
9.02 2.05715e-05 0.000559749 0.000248526 7.15412e-05 0.006216 0.0139996
9.04 3.07339e-05 0.000631573 0.000238007 8.05932e-05 0.00595291 0.015796
9.06 4.0127e-05 0.000651945 0.000200152 7.87781e-05 0.00500615 0.0163055
9.08 4.82193e-05 0.000635461 0.000127082 6.83535e-05 0.00317862 0.0158932
9.1 5.46359e-05 0.000601189 2.38977e-05 5.42725e-05 0.000597944 0.0150361
9.12 5.91085e-05 0.000564294 -9.10604e-05 4.2413e-05 -0.00227721 0.0141133
9.14 6.13847e-05 0.000532926 -0.00019445 3.66299e-05 -0.00486301 0.0133288
9.16 6.12847e-05 0.000510126 -0.000271425 3.73581e-05 -0.00678821 0.0127585
9.18 5.88974e-05 0.00049578 -0.000322301 4.30012e-05 -0.00806062 0.0123997
9.2 5.46836e-05 0.000487652 -0.000354971 5.19253e-05 -0.00887772 0.0121965
9.22 4.93312e-05 0.00048099 -0.000374 6.28258e-05 -0.00935363 0.0120298
9.24 4.35062e-05 0.000464261 -0.000380367 7.38207e-05 -0.00951289 0.0116114
9.26 3.76729e-05 0.000417227 -0.000376702 8.16416e-05 -0.00942123 0.0104351
9.28 3.20125e-05 0.000320707 -0.00036607 8.20604e-05 -0.00915532 0.0080211
9.3 2.64298e-05 0.000173771 -0.000348494 7.2276e-05 -0.00871574 0.00434617
9.32 2.06454e-05 9.9977e-07 -0.000324686 5.40477e-05 -0.00812027 2.5088e-05
9.34 1.43191e-05 -0.000161154 -0.000299955 3.39664e-05 -0.00750174 -0.00403043
9.36 7.17664e-06 -0.000286886 -0.000278879 1.90005e-05 -0.00697462 -0.00717504
9.38 -9.49921e-07 -0.000370737 -0.000259544 1.14669e-05 -0.00649105 -0.00927221
9.4 -9.9968e-06 -0.000420061 -0.000237134 9.29498e-06 -0.00593058 -0.0105058
9.42 -1.94681e-05 -0.000443253 -0.000207811 1.04528e-05 -0.0051972 -0.0110859
9.44 -2.84872e-05 -0.000444777 -0.000165048 1.47577e-05 -0.00412767 -0.011124
9.46 -3.61005e-05 -0.000428824 -0.000101234 2.11101e-05 -0.00253166 -0.010725
9.48 -4.16189e-05 -0.000405472 -1.83285e-05 2.52869e-05 -0.000458153 -0.0101409
9.5 -4.47351e-05 -0.000389174 7.07679e-05 2.18989e-05 0.00177019 -0.00973333
9.52 -4.54197e-05 -0.000388609 0.000152841 8.27786e-06 0.00382287 -0.00971919
9.54 -4.38102e-05 -0.000398912 0.000219185 -1.3516e-05 0.00548216 -0.00997687
9.56 -4.02116e-05 -0.00040457 0.000262904 -3.79778e-05 0.0065756 -0.0101184
9.58 -3.51146e-05 -0.000389434 0.000281016 -5.94757e-05 0.00702859 -0.00973982
9.6 -2.90831e-05 -0.00034308 0.000278364 -7.46903e-05 0.00696226 -0.00858049
9.62 -2.25438e-05 -0.000261282 0.000264173 -8.20105e-05 0.00660732 -0.0065347
9.64 -1.5691e-05 -0.000146735 0.000246426 -7.96118e-05 0.00616348 -0.00366981
9.66 -8.59249e-06 -1.02317e-05 0.000231178 -6.58846e-05 0.0057821 -0.000255816
9.68 -1.35618e-06 0.000131375 0.000222807 -4.20022e-05 0.00557274 0.00328582
9.7 5.82073e-06 0.000260241 0.000221408 -1.2811e-05 0.00553775 0.00650883
9.72 1.27194e-05 0.000362647 0.000221508 1.534e-05 0.00554026 0.00907003
9.74 1.9173e-05 0.000431806 0.000214872 3.72835e-05 0.0053743 0.0107997
9.76 2.5036e-05 0.000466757 0.000193801 5.01558e-05 0.00484731 0.0116739
9.78 3.01054e-05 0.000468721 0.000152724 5.34364e-05 0.00381995 0.011723
9.8 3.41026e-05 0.000440106 9.05694e-05 4.87611e-05 0.00226543 0.0110073
9.82 3.67277e-05 0.000387965 1.39384e-05 3.94245e-05 0.000348857 0.00970325
9.84 3.77487e-05 0.000326204 -6.41957e-05 2.94018e-05 -0.00160531 0.00815859
9.86 3.70587e-05 0.000270836 -0.00013191 2.21217e-05 -0.00329887 0.0067738
9.88 3.46825e-05 0.000231095 -0.000184951 1.94464e-05 -0.00462546 0.00577986
9.9 3.07769e-05 0.00020435 -0.000225857 2.15177e-05 -0.00564853 0.00511095
9.92 2.56573e-05 0.000178659 -0.000258106 2.76647e-05 -0.00645508 0.00446841
9.94 1.98085e-05 0.000140662 -0.000282359 3.7274e-05 -0.00706165 0.00351811
9.96 1.38022e-05 8.28678e-05 -0.00029696 4.93573e-05 -0.00742683 0.00207264
9.98 8.12679e-06 5.26408e-06 -0.00030067 6.13797e-05 -0.00751962 0.00013174
10 3.0375e-06 -8.79678e-05 -0.000295873 6.93474e-05 -0.00739965 -0.00220003
10.02 -1.47668e-06 -0.000191575 -0.000289045 6.99672e-05 -0.00722889 -0.00479128
10.04 -5.61642e-06 -0.000298545 -0.00028578 6.30584e-05 -0.00714722 -0.00746665
10.06 -9.64011e-06 -0.000397287 -0.000284991 5.1695e-05 -0.00712749 -0.00993624
10.08 -1.37276e-05 -0.000472232 -0.000279747 3.97886e-05 -0.00699635 -0.0118106
10.1 -1.79233e-05 -0.000510175 -0.000263774 2.92167e-05 -0.00659684 -0.0127596
10.12 -2.21077e-05 -0.000507524 -0.000235802 1.89068e-05 -0.00589726 -0.0126933
10.14 -2.59607e-05 -0.000472084 -0.000198257 6.74644e-06 -0.00495825 -0.0118069
10.16 -2.89661e-05 -0.000418438 -0.000153715 -7.35861e-06 -0.00384423 -0.0104652
10.18 -3.05097e-05 -0.000360568 -0.000102877 -2.05252e-05 -0.00257275 -0.00901787
10.2 -3.00875e-05 -0.000306489 -4.46102e-05 -2.93267e-05 -0.00111547 -0.00766532
10.22 -2.75217e-05 -0.000258005 2.17028e-05 -3.29705e-05 0.000543048 -0.00645273
10.24 -2.30784e-05 -0.00021353 9.21153e-05 -3.36981e-05 0.00230409 -0.0053404
10.26 -1.73917e-05 -0.00016986 0.000157244 -3.40797e-05 0.003933 -0.00424818
10.28 -1.12295e-05 -0.000121778 0.000207651 -3.40336e-05 0.00519369 -0.00304564
10.3 -5.24179e-06 -6.21329e-05 0.00023995 -3.04578e-05 0.00600151 -0.00155389
10.32 1.6256e-07 1.48979e-05 0.000256805 -2.00183e-05 0.00642304 0.000372685
10.34 4.80672e-06 0.000109745 0.000262353 -2.71568e-06 0.00656181 0.00274486
10.36 8.7145e-06 0.000216068 0.00025916 1.73543e-05 0.00648195 0.00540403
10.38 1.20971e-05 0.000322205 0.000248811 3.49446e-05 0.00622311 0.00805857
10.4 1.53013e-05 0.000414967 0.000233675 4.71502e-05 0.00584455 0.0103786
10.42 1.86776e-05 0.000483887 0.000216846 5.41431e-05 0.00542365 0.0121023
10.44 2.24021e-05 0.000522875 0.000199989 5.72054e-05 0.00500205 0.0130774
10.46 2.6363e-05 0.000529484 0.000181332 5.6488e-05 0.00453544 0.0132427
10.48 3.01708e-05 0.000504586 0.000155651 5.07492e-05 0.00389315 0.01262
10.5 3.32652e-05 0.000453151 0.000116811 3.9377e-05 0.00292174 0.0113336
10.52 3.50782e-05 0.000384751 6.16946e-05 2.45823e-05 0.00154326 0.00962286
10.54 3.52053e-05 0.000312139 -8.01051e-06 1.11748e-05 -0.000200095 0.00780681
10.56 3.35304e-05 0.00024714 -8.76245e-05 3.77949e-06 -0.00219127 0.00618117
10.58 3.02616e-05 0.000195522 -0.000171088 4.05304e-06 -0.00427873 0.00489017
10.6 2.5858e-05 0.00015426 -0.00025013 1.03378e-05 -0.00625561 0.0038582
10.62 2.0879e-05 0.000113673 -0.000314675 1.96123e-05 -0.00786991 0.00284308
10.64 1.58203e-05 6.34284e-05 -0.000356193 2.95464e-05 -0.00890827 0.00158645
10.66 1.09961e-05 -1.75753e-06 -0.000370517 3.88556e-05 -0.00926654 -4.38731e-05
10.68 6.50082e-06 -8.02136e-05 -0.000359284 4.61845e-05 -0.00898558 -0.00200609
10.7 2.25687e-06 -0.000165391 -0.00033111 4.93682e-05 -0.00828095 -0.00413641
10.72 -1.8904e-06 -0.000249874 -0.00029876 4.64276e-05 -0.00747187 -0.00624937
10.74 -6.09535e-06 -0.000328047 -0.000271213 3.74334e-05 -0.0067829 -0.00820451
10.76 -1.04683e-05 -0.000395089 -0.000248817 2.51747e-05 -0.00622276 -0.00988126
10.78 -1.49739e-05 -0.000444499 -0.000226626 1.39036e-05 -0.00566776 -0.011117
10.8 -1.94256e-05 -0.000468838 -0.000199028 7.18306e-06 -0.00497753 -0.0117258
10.82 -2.35349e-05 -0.000464213 -0.000160989 6.27569e-06 -0.00402616 -0.0116101
10.84 -2.69658e-05 -0.000433893 -0.000109452 1.01795e-05 -0.00273719 -0.0108518
10.86 -2.94302e-05 -0.00038738 -4.50257e-05 1.71768e-05 -0.00112586 -0.00968844
10.88 -3.07264e-05 -0.000335389 2.93836e-05 2.60533e-05 0.000735148 -0.00838814
10.9 -3.07574e-05 -0.00028405 0.000110706 3.55385e-05 0.00276904 -0.00710412
10.92 -2.95093e-05 -0.0002331 0.000193242 4.31156e-05 0.00483331 -0.00582984
10.94 -2.70278e-05 -0.000179855 0.000266136 4.53391e-05 0.00665643 -0.00449817
10.96 -2.34242e-05 -0.000124234 0.000318588 3.97539e-05 0.00796827 -0.00310706
10.98 -1.89072e-05 -6.9325e-05 0.00034717 2.66239e-05 0.00868312 -0.00173376
11 -1.37831e-05 -1.76452e-05 0.00035512 9.05115e-06 0.00888195 -0.000441231
11.02 -8.40931e-06 3.21289e-05 0.000346945 -8.5741e-06 0.00867749 0.000803641
11.04 -3.13495e-06 8.46806e-05 0.000326564 -2.2855e-05 0.00816776 0.00211798
11.06 1.76431e-06 0.000145031 0.000297641 -3.27725e-05 0.00744437 0.00362736
11.08 6.17562e-06 0.0002149 0.000262698 -3.88859e-05 0.00657043 0.00537482
11.1 1.0206e-05 0.00028979 0.000223227 -4.13848e-05 0.00558326 0.00724786
11.12 1.41376e-05 0.000359197 0.000181574 -3.96252e-05 0.0045415 0.00898374
11.14 1.82805e-05 0.000410685 0.000140594 -3.364e-05 0.00351658 0.0102715
11.16 2.27883e-05 0.000435176 9.99956e-05 -2.52535e-05 0.00250118 0.010884
11.18 2.75425e-05 0.000430935 5.45961e-05 -1.72023e-05 0.00136572 0.0107779
11.2 3.21627e-05 0.000404482 -1.58545e-06 -1.12442e-05 -3.94015e-05 0.0101164
11.22 3.61219e-05 0.000366747 -6.99322e-05 -6.9975e-06 -0.00174878 0.00917258
11.24 3.88969e-05 0.000326838 -0.000147175 -2.36812e-06 -0.00368065 0.00817443
11.26 4.00864e-05 0.000288771 -0.000227885 4.86049e-06 -0.00569924 0.00722238
11.28 3.94916e-05 0.000252709 -0.000303908 1.56581e-05 -0.00760061 0.00632043
11.3 3.71762e-05 0.000218047 -0.000364748 2.96341e-05 -0.00912225 0.00545352
11.32 3.34887e-05 0.000185481 -0.000403251 4.58065e-05 -0.0100852 0.00463905
11.34 2.89988e-05 0.000155836 -0.000419195 6.31612e-05 -0.010484 0.0038976
11.36 2.43311e-05 0.000126076 -0.000415095 8.05105e-05 -0.0103815 0.0031533
11.38 1.99502e-05 8.76525e-05 -0.000392673 9.6131e-05 -0.00982066 0.00219231
11.4 1.60066e-05 3.13861e-05 -0.000356065 0.000107979 -0.00890509 0.000785063
11.42 1.23308e-05 -4.46856e-05 -0.000313822 0.000114545 -0.00784856 -0.00111752
11.44 8.54587e-06 -0.000131929 -0.000273893 0.000115464 -0.00684993 -0.00329951
11.46 4.24281e-06 -0.000214633 -0.000239662 0.000111313 -0.00599379 -0.00536799
11.48 -8.16175e-07 -0.00027699 -0.000211764 0.000103166 -0.00529606 -0.00692756
11.5 -6.59149e-06 -0.000310297 -0.000187743 9.24998e-05 -0.00469527 -0.00776056
11.52 -1.27457e-05 -0.000317977 -0.000159038 8.09918e-05 -0.00397735 -0.00795266
11.54 -1.87425e-05 -0.000313039 -0.000114977 6.9627e-05 -0.00287536 -0.00782916
11.56 -2.40221e-05 -0.00030684 -5.21127e-05 5.79782e-05 -0.00130311 -0.00767411
11.58 -2.80986e-05 -0.000300796 2.51112e-05 4.49016e-05 0.000628292 -0.00752295
11.6 -3.06475e-05 -0.000291064 0.000112164 2.98084e-05 0.00280553 -0.00727956
11.62 -3.16313e-05 -0.000277339 0.00020416 1.2501e-05 0.00510637 -0.00693628
11.64 -3.13434e-05 -0.000262871 0.000288944 -7.73111e-06 0.00722686 -0.00657442
11.66 -3.02283e-05 -0.000248764 0.000351273 -3.13127e-05 0.00878574 -0.00622161
11.68 -2.86053e-05 -0.000231099 0.00038404 -5.66244e-05 0.00960525 -0.0057798
11.7 -2.6537e-05 -0.000201634 0.000388702 -8.01064e-05 0.00972185 -0.00504287
11.72 -2.38977e-05 -0.0001518 0.000369922 -9.80265e-05 0.00925216 -0.00379651
11.74 -2.05136e-05 -7.97971e-05 0.000336963 -0.000107785 0.00842784 -0.00199568
11.76 -1.62603e-05 6.53383e-06 0.000303439 -0.000108468 0.00758939 0.000163497
11.78 -1.10831e-05 9.5851e-05 0.000278578 -0.000100907 0.00696761 0.00239736
11.8 -4.96487e-06 0.000180839 0.000262623 -8.67448e-05 0.00656856 0.00452295
11.82 2.0139e-06 0.00025903 0.000251624 -6.74226e-05 0.00629348 0.00647854
11.84 9.60117e-06 0.000328896 0.000240707 -4.46299e-05 0.00602043 0.0082259
11.86 1.74018e-05 0.000386982 0.000223357 -2.12136e-05 0.00558651 0.00967867
11.88 2.49377e-05 0.000428808 0.000193298 -5.06832e-07 0.00483472 0.0107247
11.9 3.17423e-05 0.000452262 0.000146379 1.54887e-05 0.00366124 0.0113114
11.92 3.74345e-05 0.000459609 7.90473e-05 2.71164e-05 0.00197726 0.0114951
11.94 4.17552e-05 0.000456083 -1.06027e-05 3.65691e-05 -0.000264926 0.0114069
11.96 4.45912e-05 0.000446953 -0.000117423 4.66416e-05 -0.00293655 0.0111786
11.98 4.59716e-05 0.000435092 -0.000227257 5.95603e-05 -0.00568355 0.0108819
12 4.60284e-05 0.000420037 -0.000322724 7.60679e-05 -0.0080712 0.0105054
12.02 4.49455e-05 0.000399256 -0.00039143 9.48691e-05 -0.00978959 0.00998563
12.04 4.29371e-05 0.000370378 -0.000429994 0.000113043 -0.0107541 0.00926339
12.06 4.0249e-05 0.00033142 -0.000442389 0.000127539 -0.0110641 0.00828904
12.08 3.71191e-05 0.000279263 -0.000436116 0.000136455 -0.0109072 0.00698457
12.1 3.36942e-05 0.000210123 -0.000419656 0.000138911 -0.0104955 0.00525535
12.12 2.99702e-05 0.000122672 -0.000400771 0.00013425 -0.0100232 0.00306817
12.14 2.58088e-05 2.06286e-05 -0.000385013 0.000121973 -0.00962908 0.000516013
12.16 2.09863e-05 -8.71202e-05 -0.000375184 0.000102535 -0.00938327 -0.00217883
12.18 1.5203e-05 -0.000188618 -0.00037264 7.81605e-05 -0.00931963 -0.00471734
12.2 8.37547e-06 -0.000272511 -0.000375159 5.3007e-05 -0.00938263 -0.00681553
12.22 6.74748e-07 -0.000332206 -0.000373619 3.19827e-05 -0.00934411 -0.00830853
12.24 -7.585e-06 -0.00036864 -0.000355963 1.81637e-05 -0.00890253 -0.00921975
12.26 -1.58916e-05 -0.00038889 -0.000313364 1.09285e-05 -0.00783712 -0.00972622
12.28 -2.36348e-05 -0.000400742 -0.000241504 7.08473e-06 -0.00603986 -0.0100226
12.3 -3.02016e-05 -0.0004083 -0.000141493 3.64781e-06 -0.00353855 -0.0102117
12.32 -3.51245e-05 -0.0004122 -2.29676e-05 -1.00813e-06 -0.000574177 -0.0103092
12.34 -3.8171e-05 -0.000411712 9.74171e-05 -8.05986e-06 0.00243669 -0.010297
12.36 -3.93427e-05 -0.000405499 0.000202667 -1.87045e-05 0.00506903 -0.0101416
12.38 -3.88129e-05 -0.000391855 0.000282001 -3.30508e-05 0.00705322 -0.00980037
12.4 -3.68802e-05 -0.000368618 0.000333267 -4.92174e-05 0.0083354 -0.0092192
12.42 -3.39299e-05 -0.000332308 0.000360308 -6.40458e-05 0.00901171 -0.00831108
12.44 -3.03574e-05 -0.000278484 0.000368447 -7.44063e-05 0.00921526 -0.00696491
12.46 -2.64573e-05 -0.000204512 0.000362731 -7.78254e-05 0.00907232 -0.00511486
12.48 -2.23615e-05 -0.000112599 0.000349093 -7.27447e-05 0.00873122 -0.00281607
12.5 -1.80667e-05 -1.04651e-05 0.000334745 -5.90385e-05 0.00837237 -0.000261653
12.52 -1.35043e-05 9.02824e-05 0.000325689 -3.84583e-05 0.00814587 0.00225808
12.54 -8.57399e-06 0.000177091 0.000323774 -1.45444e-05 0.00809798 0.0044292
12.56 -3.26229e-06 0.00024031 0.000325783 7.95752e-06 0.00814822 0.00601033
12.58 2.30026e-06 0.000276427 0.000323914 2.4308e-05 0.00810148 0.00691364
12.6 7.91933e-06 0.000288465 0.000308005 3.16363e-05 0.00770358 0.00721471
12.62 1.3336e-05 0.00028379 0.000269967 3.01421e-05 0.00675223 0.00709779
12.64 1.82313e-05 0.000271558 0.000207339 2.22888e-05 0.00518589 0.00679186
12.66 2.22871e-05 0.000260338 0.000122502 1.1098e-05 0.00306407 0.00651125
12.68 2.53088e-05 0.00025539 1.9802e-05 -3.97904e-07 0.000495508 0.0063875
12.7 2.73304e-05 0.000257567 -9.4073e-05 -8.77607e-06 -0.00235255 0.00644195
12.72 2.8605e-05 0.00026552 -0.000207634 -1.05034e-05 -0.00519275 0.00664085
12.74 2.9513e-05 0.000277616 -0.000306515 -3.0356e-06 -0.00766582 0.00694338
12.76 3.04385e-05 0.000290028 -0.000378613 1.41578e-05 -0.00946903 0.0072538
12.78 3.16088e-05 0.000294095 -0.000415677 3.89938e-05 -0.010396 0.00735553
12.8 3.29267e-05 0.000278658 -0.000413994 6.68707e-05 -0.0103539 0.00696944
12.82 3.39447e-05 0.00023719 -0.000379811 9.21502e-05 -0.00949898 0.0059323
12.84 3.40547e-05 0.000172934 -0.000331064 0.000110627 -0.00827981 0.00432523
12.86 3.27453e-05 9.74646e-05 -0.000286474 0.000120864 -0.00716458 0.00243771
12.88 2.97114e-05 2.50524e-05 -0.000254566 0.000123282 -0.00636654 0.000626655
12.9 2.47442e-05 -3.35994e-05 -0.000236996 0.00011882 -0.00592712 -0.000840251
12.92 1.79894e-05 -7.49281e-05 -0.000232857 0.000109018 -0.0058236 -0.0018739
12.94 9.99395e-06 -0.00010011 -0.000232375 9.64335e-05 -0.00581155 -0.0025037
12.96 1.52232e-06 -0.00011123 -0.000218434 8.38544e-05 -0.00546286 -0.00278182
12.98 -6.50438e-06 -0.000112647 -0.000180816 7.33099e-05 -0.00452203 -0.00281726
13 -1.32975e-05 -0.000112592 -0.000118958 6.58066e-05 -0.00297494 -0.00281589
13.02 -1.84022e-05 -0.000118528 -3.31074e-05 6.09969e-05 -0.000827779 -0.00296434
13.04 -2.17556e-05 -0.000132168 7.43985e-05 5.68928e-05 0.00186099 -0.00330549
13.06 -2.35681e-05 -0.000150846 0.000191187 5.05375e-05 0.00478193 -0.00377265
13.08 -2.42012e-05 -0.000171167 0.000297538 3.91941e-05 0.00744179 -0.00428088
13.1 -2.41005e-05 -0.000190005 0.000377123 2.13713e-05 0.00943225 -0.00475202
13.12 -2.37158e-05 -0.000203596 0.000421883 -2.26785e-06 0.0105517 -0.00509195
13.14 -2.33614e-05 -0.000206539 0.00043054 -2.86754e-05 0.0107682 -0.00516554
13.16 -2.31124e-05 -0.000192583 0.000408582 -5.37211e-05 0.0102191 -0.00481649
13.18 -2.28336e-05 -0.000158261 0.000368746 -7.42986e-05 0.00922274 -0.00395808
13.2 -2.23017e-05 -0.000106494 0.000326102 -8.92475e-05 0.0081562 -0.00266337
13.22 -2.12963e-05 -4.64024e-05 0.000290459 -9.83731e-05 0.00726476 -0.00116046
13.24 -1.96056e-05 1.08859e-05 0.000264649 -0.000101216 0.00661923 0.000272345
13.26 -1.6984e-05 5.7521e-05 0.000248608 -9.73929e-05 0.00621804 0.00143871
13.28 -1.32661e-05 9.16439e-05 0.000239812 -8.79897e-05 0.00599806 0.00229213
13.3 -8.42065e-06 0.000116296 0.000229856 -7.59934e-05 0.00574905 0.0029087
13.32 -2.48774e-06 0.000136618 0.000206723 -6.48877e-05 0.00517049 0.00341696
13.34 4.39753e-06 0.000157243 0.000161845 -5.65014e-05 0.00404805 0.0039328
13.36 1.1985e-05 0.000180403 9.24112e-05 -4.98247e-05 0.00231149 0.00451203
13.38 1.98762e-05 0.00020599 3.62401e-08 -4.16426e-05 1.15768e-06 0.00515198
13.4 2.75452e-05 0.00023409 -0.00010784 -2.8464e-05 -0.00269686 0.00585477
13.42 3.44379e-05 0.000267083 -0.000217455 -8.32929e-06 -0.0054384 0.00667994
13.44 4.01098e-05 0.000307962 -0.000313362 1.86176e-05 -0.00783706 0.00770234
13.46 4.43187e-05 0.0003555 -0.000383835 5.07225e-05 -0.00959961 0.00889128
13.48 4.70156e-05 0.000400495 -0.000422984 8.56822e-05 -0.0105788 0.0100166
13.5 4.82529e-05 0.000427518 -0.000430395 0.000120919 -0.0107641 0.0106925
13.52 4.8093e-05 0.000422951 -0.000409536 0.00015344 -0.0102424 0.0105783
13.54 4.65834e-05 0.000383694 -0.000367255 0.000179785 -0.00918496 0.00959644
13.56 4.3774e-05 0.000318356 -0.000314886 0.000196592 -0.00787517 0.00796231
13.58 3.97062e-05 0.000239795 -0.00026654 0.000201516 -0.00666603 0.00599746
13.6 3.43251e-05 0.000156831 -0.000232902 0.000194048 -0.00582473 0.00392249
13.62 2.75186e-05 7.25649e-05 -0.000216514 0.000176176 -0.00541486 0.00181496
13.64 1.93093e-05 -1.09759e-05 -0.000211093 0.000152362 -0.00527928 -0.000274428
13.66 9.88087e-06 -8.86252e-05 -0.000202989 0.000127754 -0.00507659 -0.00221647
13.68 -3.90279e-07 -0.000154061 -0.000179154 0.000105211 -0.00448047 -0.00385304
13.7 -1.09269e-05 -0.000206083 -0.00013607 8.41105e-05 -0.00340291 -0.00515413
13.72 -2.10522e-05 -0.000251844 -7.74197e-05 6.23065e-05 -0.00193605 -0.00629865
13.74 -3.01113e-05 -0.000302318 -5.39081e-06 3.87795e-05 -0.000134575 -0.00756101
13.76 -3.76282e-05 -0.000363695 8.07539e-05 1.40871e-05 0.00201994 -0.00909607
13.78 -4.34032e-05 -0.0004335 0.000177934 -1.13111e-05 0.00445046 -0.0108419
13.8 -4.7561e-05 -0.000504291 0.000275783 -3.86876e-05 0.00689769 -0.0126125
13.82 -5.05145e-05 -0.00056866 0.000360011 -7.0631e-05 0.00900427 -0.0142223
13.84 -5.27953e-05 -0.00061978 0.000416686 -0.000108162 0.0104218 -0.0155009
13.86 -5.47762e-05 -0.000649458 0.000436666 -0.000147614 0.0109215 -0.0162431
13.88 -5.64776e-05 -0.000649041 0.000421876 -0.000180994 0.0105515 -0.0162327
13.9 -5.76024e-05 -0.000613842 0.000386469 -0.000200657 0.00966601 -0.0153524
13.92 -5.77122e-05 -0.000546375 0.000348175 -0.00020411 0.00870826 -0.013665
13.94 -5.63459e-05 -0.000454848 0.000318765 -0.00019415 0.00797271 -0.0113758
13.96 -5.30218e-05 -0.000348514 0.000302475 -0.000174806 0.00756529 -0.00871638
13.98 -4.71946e-05 -0.000234235 0.00029939 -0.000147977 0.00748812 -0.00585824
14 -3.8449e-05 -0.000117239 0.000308583 -0.000114062 0.00771804 -0.0029321
14.02 -2.69335e-05 -5.22105e-06 0.000326543 -7.49267e-05 0.00816722 -0.000130498
14.04 -1.34167e-05 9.01523e-05 0.00034415 -3.53605e-05 0.00860758 0.00225483
14.06 8.1086e-07 0.000160659 0.000347824 -1.32075e-06 0.00869948 0.00401824
14.08 1.42257e-05 0.000212954 0.000322398 2.35534e-05 0.00806355 0.00532615
14.1 2.56521e-05 0.000268637 0.000255193 4.05087e-05 0.00638273 0.0067188
14.12 3.46215e-05 0.000347846 0.000144198 5.49645e-05 0.00360671 0.00869985
14.14 4.13525e-05 0.000452587 5.37206e-06 7.2331e-05 0.000134609 0.0113195
14.16 4.64283e-05 0.000565719 -0.000131774 9.41161e-05 -0.00329547 0.014149
14.18 5.05113e-05 0.000662441 -0.000237363 0.000118178 -0.00593629 0.016568
14.2 5.41514e-05 0.00072408 -0.000291938 0.000141597 -0.00730124 0.0181096
14.22 5.76116e-05 0.000745916 -0.000292686 0.000162242 -0.00731994 0.0186558
14.24 6.06999e-05 0.000732052 -0.000255191 0.000178566 -0.00638218 0.018309
14.26 6.27295e-05 0.000683756 -0.000206567 0.000189159 -0.00516607 0.0171011
14.28 6.27135e-05 0.000598733 -0.000172708 0.000192371 -0.00431925 0.0149747
14.3 5.97682e-05 0.000482853 -0.000167484 0.000186492 -0.0041886 0.0120765
14.32 5.34756e-05 0.000355367 -0.000188313 0.00017112 -0.00470953 0.00888796
14.34 4.407e-05 0.000237426 -0.000221191 0.000148115 -0.00553184 0.00593821
14.36 3.23807e-05 0.000137695 -0.000251068 0.000120317 -0.00627906 0.0034439
14.38 1.9416e-05 5.03501e-05 -0.000266891 8.97803e-05 -0.00667481 0.00125937
14.4 6.12537e-06 -3.72762e-05 -0.00026077 5.83454e-05 -0.00652172 -0.0009322
14.42 -6.67278e-06 -0.000135749 -0.000228286 2.89251e-05 -0.00570927 -0.00339504
14.44 -1.84507e-05 -0.000246227 -0.000170021 4.04922e-06 -0.00425204 -0.00615816
14.46 -2.90135e-05 -0.000359875 -9.06857e-05 -1.68599e-05 -0.00226783 -0.00900052
14.48 -3.84037e-05 -0.000466428 1.35479e-06 -3.7297e-05 3.41351e-05 -0.0116655
14.5 -4.66836e-05 -0.000561159 9.29284e-05 -6.06452e-05 0.00232443 -0.0140347
14.52 -5.37561e-05 -0.000641387 0.000169762 -8.74963e-05 0.00424607 -0.0160413
14.54 -5.93101e-05 -0.000701113 0.000223793 -0.00011487 0.00559741 -0.0175351
14.56 -6.2934e-05 -0.000732744 0.000254881 -0.000137677 0.00637494 -0.0183262
14.58 -6.43132e-05 -0.000730727 0.000267431 -0.000152097 0.00668882 -0.0182757
14.6 -6.33361e-05 -0.000692629 0.000268214 -0.000157849 0.0067084 -0.0173229
14.62 -6.00552e-05 -0.00062147 0.000263817 -0.000156516 0.00659843 -0.0155432
14.64 -5.46348e-05 -0.000526671 0.000256398 -0.000148357 0.00641288 -0.0131722
14.66 -4.73461e-05 -0.000417145 0.000243587 -0.000131991 0.00609247 -0.0104329
14.68 -3.8499e-05 -0.000294118 0.000223604 -0.000106586 0.00559269 -0.00735594
14.7 -2.83107e-05 -0.000156438 0.000199202 -7.33995e-05 0.00498237 -0.00391251
14.72 -1.69214e-05 -1.12549e-05 0.000176858 -3.6275e-05 0.00442353 -0.000281411
14.74 -4.5252e-06 0.000127385 0.000162567 -1.31556e-06 0.00406612 0.00318604
14.76 8.53118e-06 0.000249242 0.000156104 2.59554e-05 0.00390447 0.00623372
14.78 2.17363e-05 0.000351961 0.000147507 4.46063e-05 0.00368946 0.00880277
14.8 3.44163e-05 0.000437484 0.000121399 5.83155e-05 0.00303649 0.0109417
14.82 4.57383e-05 0.000509231 6.7847e-05 7.10655e-05 0.00169713 0.0127361
14.84 5.48558e-05 0.000569634 -1.02926e-05 8.44365e-05 -0.00025717 0.0142469
14.86 6.11395e-05 0.000617357 -9.93112e-05 9.86553e-05 -0.00248356 0.0154404
14.88 6.43418e-05 0.000649913 -0.000181675 0.000113523 -0.00454352 0.0162547
14.9 6.46414e-05 0.000667848 -0.000243834 0.00012801 -0.00609814 0.0167032
14.92 6.25633e-05 0.000670175 -0.000281451 0.000140939 -0.00703896 0.0167614
14.94 5.87493e-05 0.00064771 -0.000296342 0.000151951 -0.00741138 0.0161996
14.96 5.36469e-05 0.00058812 -0.000289167 0.000160271 -0.00723195 0.0147092
14.98 4.73867e-05 0.000487797 -0.000261195 0.000163094 -0.00653234 0.0122001
15 3.99323e-05 0.000356203 -0.000221653 0.000156509 -0.00554339 0.00890887
15.02 3.12742e-05 0.000210581 -0.000184009 0.000137808 -0.0046019 0.00526679
15.04 2.14831e-05 6.73999e-05 -0.000155497 0.000107059 -0.0038888 0.00168578
15.06 1.06802e-05 -6.55827e-05 -0.000137243 6.79827e-05 -0.00343225 -0.00164017
15.08 -9.19473e-07 -0.000191228 -0.000130011 2.74713e-05 -0.00325137 -0.00478261
15.1 -1.29703e-05 -0.000314232 -0.000130464 -7.63436e-06 -0.0032627 -0.007859
15.12 -2.49554e-05 -0.000430321 -0.000125976 -3.40877e-05 -0.00315046 -0.0107624
15.14 -3.62123e-05 -0.000527512 -0.000101268 -5.21474e-05 -0.00253249 -0.0131932
15.16 -4.61117e-05 -0.000596789 -4.83434e-05 -6.31255e-05 -0.00120884 -0.0149259
15.18 -5.42167e-05 -0.000637468 3.08416e-05 -6.86649e-05 0.000771613 -0.0159433
15.2 -6.02598e-05 -0.000654068 0.00012533 -7.13967e-05 0.0031348 -0.0163584
15.22 -6.39857e-05 -0.000652191 0.000217655 -7.41652e-05 0.00544389 -0.0163115
15.24 -6.51132e-05 -0.000635337 0.000291248 -7.85407e-05 0.00728449 -0.01589
15.26 -6.34803e-05 -0.000602417 0.000337478 -8.46812e-05 0.00844072 -0.0150666
15.28 -5.92004e-05 -0.000550438 0.000355397 -9.18597e-05 0.00888888 -0.0137666
15.3 -5.26427e-05 -0.000479825 0.000348932 -9.85715e-05 0.00872718 -0.0120005
15.32 -4.42721e-05 -0.000392285 0.000326289 -0.000102575 0.00816088 -0.00981113
15.34 -3.45157e-05 -0.000285286 0.000297396 -0.00010079 0.00743825 -0.00713505
15.36 -2.37578e-05 -0.000155467 0.000269695 -8.94694e-05 0.00674544 -0.00388821
15.38 -1.24058e-05 -5.67678e-06 0.000248236 -6.63519e-05 0.00620873 -0.000141898
15.4 -8.66739e-07 0.000155992 0.000236624 -3.355e-05 0.00591831 0.0039015
15.42 1.0586e-05 0.000320071 0.000233983 3.07342e-06 0.00585227 0.00800519
15.44 2.18886e-05 0.000474464 0.000233695 3.78768e-05 0.00584506 0.0118666
15.46 3.29721e-05 0.000604177 0.000226667 6.76913e-05 0.00566928 0.0151108
15.48 4.34764e-05 0.000696676 0.000203019 9.08942e-05 0.00507784 0.0174242
15.5 5.27622e-05 0.000746373 0.000152891 0.000106707 0.00382413 0.0186672
15.52 6.01577e-05 0.000755289 7.27941e-05 0.000115734 0.00182086 0.0188902
15.54 6.51768e-05 0.00073301 -2.73963e-05 0.000119641 -0.000684941 0.018333
15.56 6.75555e-05 0.000693907 -0.0001273 0.000120024 -0.00318357 0.017355
15.58 6.71812e-05 0.000649454 -0.000207559 0.000118084 -0.00519089 0.0162432
15.6 6.40548e-05 0.000600824 -0.000258806 0.000114786 -0.0064726 0.0150269
15.62 5.83368e-05 0.000539604 -0.000282178 0.00011043 -0.00705713 0.0134958
15.64 5.03873e-05 0.000458663 -0.000285583 0.00010431 -0.0071423 0.0114714
15.66 4.07973e-05 0.000360007 -0.000279851 9.54665e-05 -0.00699894 0.00900401
15.68 3.03322e-05 0.000249247 -0.000274093 8.339e-05 -0.00685493 0.00623386
15.7 1.97158e-05 0.000126689 -0.000271646 6.73959e-05 -0.00679373 0.00316863
15.72 9.40756e-06 -1.14258e-05 -0.000271056 4.62483e-05 -0.00677897 -0.000285672
15.74 -4.00138e-07 -0.000163382 -0.000270955 1.99928e-05 -0.00677644 -0.00408615
15.76 -9.58627e-06 -0.000316745 -0.000270638 -7.94226e-06 -0.00676852 -0.00792184
15.78 -1.8008e-05 -0.000451696 -0.000266071 -3.20338e-05 -0.00665431 -0.011297
15.8 -2.55198e-05 -0.000548157 -0.000250698 -4.84515e-05 -0.00626982 -0.0137096
15.82 -3.19679e-05 -0.000594372 -0.000221401 -5.66605e-05 -0.00553708 -0.0148654
15.84 -3.71479e-05 -0.000593654 -0.00017888 -5.7852e-05 -0.00447362 -0.0148474
15.86 -4.07909e-05 -0.000561319 -0.00012275 -5.35864e-05 -0.00306977 -0.0140387
15.88 -4.26206e-05 -0.000513079 -5.35386e-05 -4.57138e-05 -0.00133877 -0.0128322
15.9 -4.24089e-05 -0.000457462 2.16519e-05 -3.5944e-05 0.000541773 -0.0114412
15.92 -4.0057e-05 -0.00039668 9.31723e-05 -2.55615e-05 0.00233053 -0.00992105
15.94 -3.56967e-05 -0.000330504 0.00015627 -1.6272e-05 0.00390864 -0.00826595
15.96 -2.97243e-05 -0.000260591 0.000208689 -1.02346e-05 0.00521964 -0.00651739
15.98 -2.27348e-05 -0.000191761 0.000246522 -8.16938e-06 0.00616587 -0.00479593
16 -1.54065e-05 -0.000126576 0.000268589 -8.14466e-06 0.00671777 -0.00316562
16.02 -8.35752e-06 -5.88152e-05 0.000278727 -6.94152e-06 0.00697132 -0.0014709
16.04 -1.97318e-06 2.43278e-05 0.000279647 -2.16157e-06 0.00699434 0.000608537
16.06 3.68997e-06 0.000130377 0.0002714 6.93766e-06 0.00678807 0.00326088
16.08 8.81267e-06 0.000251368 0.000257013 1.94386e-05 0.00642825 0.0062869
16.1 1.36176e-05 0.000366227 0.000241446 3.31042e-05 0.00603891 0.00915959
16.12 1.82542e-05 0.000453436 0.000225742 4.56255e-05 0.00564615 0.0113407
16.14 2.27709e-05 0.00050212 0.000209119 5.59188e-05 0.0052304 0.0125583
16.16 2.70812e-05 0.000514069 0.00019247 6.35727e-05 0.004814 0.0128572
16.18 3.08895e-05 0.000498045 0.000172882 6.72305e-05 0.00432411 0.0124564
16.2 3.36921e-05 0.000461717 0.000140726 6.47797e-05 0.00351988 0.0115478
16.22 3.49341e-05 0.000407892 8.85941e-05 5.55412e-05 0.00221603 0.0102016
16.24 3.42343e-05 0.000338415 1.83618e-05 4.16971e-05 0.000459488 0.008464
16.26 3.15519e-05 0.000259787 -6.19635e-05 2.74555e-05 -0.00154948 0.00649748
16.28 2.71852e-05 0.00018229 -0.000141093 1.67985e-05 -0.00352854 0.00455924
16.3 2.16194e-05 0.000113331 -0.000205131 1.12448e-05 -0.00513015 0.00283454
16.32 1.53552e-05 5.22496e-05 -0.000244975 9.2171e-06 -0.00612668 0.00130687
16.34 8.83858e-06 -8.44456e-06 -0.000263287 7.96822e-06 -0.00658467 -0.000211113
16.36 2.46646e-06 -7.67887e-05 -0.000267958 6.39052e-06 -0.00670149 -0.00192043
16.38 -3.43803e-06 -0.000155244 -0.000262264 5.58107e-06 -0.00655907 -0.00388262
16.4 -8.69248e-06 -0.000238972 -0.000247271 6.65868e-06 -0.0061841 -0.00597669
16.42 -1.32751e-05 -0.000318911 -0.000227875 8.66138e-06 -0.005699 -0.00797601
16.44 -1.72478e-05 -0.00038639 -0.000209768 8.97927e-06 -0.00524614 -0.00966368
16.46 -2.06321e-05 -0.000435539 -0.000194776 5.84039e-06 -0.00487119 -0.0108929
16.48 -2.33383e-05 -0.000462738 -0.000182369 4.7098e-07 -0.00456088 -0.0115732
16.5 -2.51995e-05 -0.000465666 -0.000170209 -3.14617e-06 -0.00425674 -0.0116464
16.52 -2.60608e-05 -0.000443966 -0.00015156 -1.13128e-06 -0.00379032 -0.0111037
16.54 -2.58533e-05 -0.000399846 -0.000118583 7.04308e-06 -0.00296556 -0.0100002
16.56 -2.45897e-05 -0.000337258 -6.96601e-05 1.80632e-05 -0.00174198 -0.00843487
16.58 -2.2315e-05 -0.000261605 -9.03726e-06 2.76298e-05 -0.000225774 -0.00654277
16.6 -1.90969e-05 -0.000179779 5.87704e-05 3.35371e-05 0.00147012 -0.00449626
16.62 -1.50593e-05 -9.83412e-05 0.000128576 3.60369e-05 0.00321598 -0.00245946
16.64 -1.03983e-05 -2.18408e-05 0.000191262 3.61514e-05 0.00478379 -0.000546159
16.66 -5.36242e-06 4.66423e-05 0.000237438 3.42274e-05 0.00593867 0.00116663
16.68 -2.33368e-07 0.000105832 0.000263718 2.97864e-05 0.00659595 0.00264698
16.7 4.69832e-06 0.000158178 0.000272564 2.26917e-05 0.0068172 0.00395618
16.72 9.17748e-06 0.000208707 0.000268637 1.4633e-05 0.00671899 0.00521995
16.74 1.30238e-05 0.000260932 0.0002572 8.8087e-06 0.00643293 0.0065261
16.76 1.61496e-05 0.00031454 0.000242524 7.52261e-06 0.00606589 0.00786687
16.78 1.8565e-05 0.000365237 0.000226328 1.05241e-05 0.00566081 0.00913481
16.8 2.03591e-05 0.000405717 0.000209979 1.57985e-05 0.00525193 0.0101472
16.82 2.16378e-05 0.000428965 0.00019628 2.1135e-05 0.0049093 0.0107287
16.84 2.24706e-05 0.000431407 0.000184793 2.47604e-05 0.00462201 0.0107898
16.86 2.288e-05 0.000412304 0.000168124 2.53266e-05 0.0042051 0.010312
16.88 2.28346e-05 0.000372046 0.000137894 2.19859e-05 0.00344905 0.00930512
16.9 2.22415e-05 0.000313027 9.24384e-05 1.48574e-05 0.00231217 0.00782902
16.92 2.09609e-05 0.00024069 3.6083e-05 5.64828e-06 0.000902701 0.00601985
16.94 1.88538e-05 0.000162193 -2.49887e-05 -2.67559e-06 -0.000624727 0.00405661
16.96 1.58401e-05 8.42347e-05 -8.40355e-05 -7.60008e-06 -0.00210151 0.00210683
16.98 1.19459e-05 1.14331e-05 -0.000135473 -8.38871e-06 -0.00338798 0.000286035
17 7.32871e-06 -5.45714e-05 -0.000176889 -5.39487e-06 -0.00442381 -0.00136476
17.02 2.26406e-06 -0.000114246 -0.000206955 1.34577e-06 -0.00517578 -0.00285726
17.04 -2.9027e-06 -0.000168051 -0.000223568 1.19706e-05 -0.00559128 -0.00420295
17.06 -7.81038e-06 -0.000216117 -0.000227224 2.52979e-05 -0.00568272 -0.00540508
17.08 -1.21282e-05 -0.000259623 -0.000223281 3.81091e-05 -0.0055841 -0.00649319
17.1 -1.55944e-05 -0.000300138 -0.000218032 4.64177e-05 -0.00545283 -0.00750649
17.12 -1.80393e-05 -0.000336811 -0.000214334 4.79205e-05 -0.00536032 -0.0084237
17.14 -1.93882e-05 -0.000365341 -0.000211643 4.34879e-05 -0.00529302 -0.00913723
17.16 -1.96531e-05 -0.000380011 -0.000207739 3.60916e-05 -0.0051954 -0.00950414
17.18 -1.89276e-05 -0.000376642 -0.000199517 2.82057e-05 -0.00498975 -0.00941988
17.2 -1.73781e-05 -0.000354254 -0.000184211 2.05365e-05 -0.00460694 -0.00885996
17.22 -1.52009e-05 -0.000314537 -0.000161313 1.32114e-05 -0.00403426 -0.00786661
17.24 -1.25566e-05 -0.000260028 -0.000132145 7.45172e-06 -0.00330474 -0.00650332
17.26 -9.5276e-06 -0.0001929 -9.67644e-05 5.35259e-06 -0.00241987 -0.00482443
17.28 -6.13221e-06 -0.000115269 -5.35312e-05 7.96205e-06 -0.00133859 -0.00288284
17.3 -2.38012e-06 -3.08006e-05 -3.24933e-06 1.39823e-05 -8.10157e-05 -0.000770247
17.32 1.66962e-06 5.37642e-05 4.85298e-05 2.0548e-05 0.001214 0.00134475
17.34 5.87182e-06 0.000129849 9.50268e-05 2.51366e-05 0.00237691 0.00324767
17.36 9.99826e-06 0.000191599 0.000132462 2.69029e-05 0.00331318 0.00479207
17.38 1.3786e-05 0.000239546 0.000160348 2.67198e-05 0.00401063 0.00599124
17.4 1.70031e-05 0.000279371 0.000179617 2.60578e-05 0.00449255 0.00698729
17.42 1.94919e-05 0.000316688 0.000191074 2.5527e-05 0.00477908 0.00792058
17.44 2.11785e-05 0.000352007 0.000195019 2.45129e-05 0.00487776 0.00880393
17.46 2.20655e-05 0.000380134 0.000192719 2.23944e-05 0.00482023 0.00950741
17.48 2.22194e-05 0.000394635 0.000187733 1.98912e-05 0.00469552 0.00987008
17.5 2.17479e-05 0.000392688 0.000183728 1.87874e-05 0.00459537 0.00982138
17.52 2.07567e-05 0.000375612 0.000180632 2.01313e-05 0.00451794 0.00939429
17.54 1.9298e-05 0.000345562 0.000174262 2.2875e-05 0.00435862 0.00864274
17.56 1.73455e-05 0.000302185 0.000159663 2.46405e-05 0.00399349 0.00755787
17.58 1.48079e-05 0.000242813 0.000134124 2.39017e-05 0.00335474 0.00607294
17.6 1.15844e-05 0.000166726 9.81158e-05 2.1217e-05 0.00245417 0.00416998
17.62 7.64108e-06 7.8699e-05 5.48567e-05 1.83541e-05 0.00137224 0.00196838
17.64 3.05361e-06 -1.28328e-05 8.61865e-06 1.64078e-05 0.000215807 -0.000320866
17.66 -2.00451e-06 -0.000100599 -3.7586e-05 1.47971e-05 -0.000939791 -0.00251595
17.68 -7.2945e-06 -0.000181126 -8.24914e-05 1.20999e-05 -0.00206289 -0.00452995
17.7 -1.25247e-05 -0.000254004 -0.000124538 7.8494e-06 -0.0031145 -0.00635267
17.72 -1.73619e-05 -0.000319617 -0.000160437 3.22051e-06 -0.00401235 -0.00799367
17.74 -2.14823e-05 -0.000377153 -0.000186467 -2.69578e-07 -0.00466337 -0.00943266
17.76 -2.46519e-05 -0.000424208 -0.000200561 -2.51495e-06 -0.00501586 -0.0106095
17.78 -2.67663e-05 -0.00045775 -0.000203407 -5.00819e-06 -0.00508705 -0.0114484
17.8 -2.78091e-05 -0.000475007 -0.000198691 -9.294e-06 -0.00496908 -0.01188
17.82 -2.77662e-05 -0.000473874 -0.000191254 -1.52611e-05 -0.00478309 -0.0118517
17.84 -2.6583e-05 -0.000453444 -0.000183182 -2.08316e-05 -0.0045812 -0.0113407
17.86 -2.42026e-05 -0.000414526 -0.000172388 -2.32383e-05 -0.00431124 -0.0103674
17.88 -2.06439e-05 -0.000359201 -0.000155888 -2.073e-05 -0.00389858 -0.00898368
17.9 -1.60387e-05 -0.000289427 -0.000132961 -1.33106e-05 -0.00332516 -0.00723861
17.92 -1.0594e-05 -0.000206148 -0.000104432 -2.09364e-06 -0.00261164 -0.00515576
17.94 -4.53013e-06 -0.000109549 -7.07632e-05 1.18918e-05 -0.00176957 -0.00273978
17.96 1.94263e-06 -4.06509e-07 -3.20758e-05 2.82126e-05 -0.000801979 -1.00781e-05
17.98 8.60714e-06 0.000117613 1.09978e-05 4.64048e-05 0.000275311 0.00294164
18 1.5215e-05 0.000236498 5.72186e-05 6.49264e-05 0.00143131 0.00591501
18.02 2.14842e-05 0.000345946 0.000104329 8.09223e-05 0.00260956 0.00865233
18.04 2.71366e-05 0.00043839 0.000148372 9.14073e-05 0.0037111 0.0109644
18.06 3.19524e-05 0.000511892 0.000185045 9.50635e-05 0.00462831 0.0128027
18.08 3.57863e-05 0.000567618 0.000212077 9.29141e-05 0.00530439 0.0141965
18.1 3.85262e-05 0.000605513 0.000228959 8.71046e-05 0.00572661 0.0151442
18.12 4.00553e-05 0.00062327 0.000235369 7.92164e-05 0.00588693 0.0155883
18.14 4.02722e-05 0.000618682 0.000232172 6.99667e-05 0.00580698 0.0154736
18.16 3.91363e-05 0.000592281 0.000222679 6.00648e-05 0.00556954 0.0148133
18.18 3.66806e-05 0.000548301 0.000210151 5.05875e-05 0.00525621 0.0137133
18.2 3.29976e-05 0.000492647 0.000194765 4.23837e-05 0.00487141 0.0123214
18.22 2.82232e-05 0.000428475 0.000174515 3.54198e-05 0.00436494 0.0107164
18.24 2.25259e-05 0.000354012 0.000147766 2.87317e-05 0.00369593 0.00885407
18.26 1.61091e-05 0.000265479 0.000113951 2.09604e-05 0.0028502 0.00663982
18.28 9.22537e-06 0.000161822 7.34402e-05 1.11599e-05 0.00183702 0.00404732
18.3 2.17953e-06 4.65923e-05 2.77991e-05 -7.44476e-07 0.000695517 0.00116538
18.32 -4.71603e-06 -7.37604e-05 -2.08677e-05 -1.42659e-05 -0.000521659 -0.00184469
18.34 -1.11992e-05 -0.000192694 -7.09937e-05 -2.88414e-05 -0.00177533 -0.00481927
18.36 -1.70803e-05 -0.000305241 -0.000120853 -4.36469e-05 -0.00302232 -0.00763412
18.38 -2.22268e-05 -0.000407607 -0.00016717 -5.71075e-05 -0.00418073 -0.0101943
18.4 -2.65463e-05 -0.000495542 -0.00020599 -6.71526e-05 -0.00515165 -0.0123936
18.42 -2.99808e-05 -0.000563784 -0.000234951 -7.22256e-05 -0.00587596 -0.0141004
18.44 -3.24958e-05 -0.00060758 -0.000253696 -7.20083e-05 -0.0063448 -0.0151957
18.46 -3.40585e-05 -0.000624656 -0.000262575 -6.71971e-05 -0.00656685 -0.0156228
18.48 -3.4612e-05 -0.000615928 -0.000262162 -5.8686e-05 -0.00655654 -0.0154045
18.5 -3.40642e-05 -0.000584861 -0.000253741 -4.69846e-05 -0.00634592 -0.0146275
18.52 -3.23097e-05 -0.000536287 -0.000239007 -3.23264e-05 -0.00597742 -0.0134127
18.54 -2.92682e-05 -0.000475342 -0.000219062 -1.51564e-05 -0.00547857 -0.0118884
18.56 -2.49434e-05 -0.000406083 -0.000194036 3.63644e-06 -0.00485268 -0.0101562
18.58 -1.94705e-05 -0.000330073 -0.000163545 2.30152e-05 -0.00409009 -0.00825518
18.6 -1.3118e-05 -0.000246821 -0.000127182 4.22329e-05 -0.00318063 -0.00617301
18.62 -6.25392e-06 -0.000155001 -8.49932e-05 6.07968e-05 -0.00212546 -0.00387656
18.64 7.11067e-07 -5.3384e-05 -3.81133e-05 7.80341e-05 -0.000952977 -0.00133507
18.66 7.39618e-06 5.71341e-05 1.10294e-05 9.28908e-05 0.000276102 0.00142903
18.68 1.3513e-05 0.000171527 5.94715e-05 0.00010416 0.00148766 0.00429006
18.7 1.88803e-05 0.000281387 0.000104825 0.00011083 0.00262198 0.0070377
18.72 2.33975e-05 0.000378008 0.000145455 0.000112321 0.00363813 0.00945422
18.74 2.70123e-05 0.000454861 0.000179664 0.000108571 0.00449373 0.0113763
18.76 2.96953e-05 0.000508079 0.000205466 9.99711e-05 0.00513904 0.0127074
18.78 3.14142e-05 0.000535909 0.0002216 8.72716e-05 0.00554257 0.0134034
18.8 3.21173e-05 0.000538343 0.000228429 7.1572e-05 0.00571336 0.0134643
18.82 3.17384e-05 0.000517226 0.000227611 5.43072e-05 0.00569291 0.0129361
18.84 3.02204e-05 0.000476457 0.000221055 3.69666e-05 0.00552894 0.0119165
18.86 2.75448e-05 0.000421719 0.000209884 2.05862e-05 0.00524954 0.0105475
18.88 2.37594e-05 0.000359328 0.000193878 5.477e-06 0.00484921 0.00898704
18.9 1.90137e-05 0.000294137 0.000171914 -8.48356e-06 0.0042999 0.00735656
18.92 1.35719e-05 0.000227676 0.000143309 -2.13326e-05 0.00358447 0.00569436
18.94 7.77909e-06 0.000158236 0.000108906 -3.28627e-05 0.00272403 0.00395764
18.96 1.99541e-06 8.28361e-05 7.09202e-05 -4.28639e-05 0.00177399 0.00207185
18.98 -3.46659e-06 2.60405e-08 3.18173e-05 -5.12924e-05 0.000796015 7.39573e-07
19 -8.37702e-06 -8.79955e-05 -6.58908e-06 -5.80633e-05 -0.000164544 -0.00220072
19.02 -1.25959e-05 -0.000175714 -4.32982e-05 -6.2705e-05 -0.00108266 -0.0043946
19.04 -1.60613e-05 -0.000256858 -7.79814e-05 -6.43017e-05 -0.0019501 -0.00642405
19.06 -1.87731e-05 -0.000326878 -0.000110574 -6.18018e-05 -0.00276525 -0.00817527
19.08 -2.07747e-05 -0.000383273 -0.000140503 -5.44661e-05 -0.00351379 -0.00958572
19.1 -2.2123e-05 -0.000423916 -0.000166337 -4.22351e-05 -0.0041599 -0.0106022
19.12 -2.28485e-05 -0.000445723 -0.000186251 -2.58542e-05 -0.00465796 -0.0111476
19.14 -2.29304e-05 -0.000445801 -0.000198654 -6.71988e-06 -0.00496817 -0.0111496
19.16 -2.23141e-05 -0.00042436 -0.000202654 1.33821e-05 -0.00506821 -0.0106133
19.18 -2.09533e-05 -0.000386046 -0.000198531 3.24992e-05 -0.0049651 -0.00965509
19.2 -1.88324e-05 -0.000337714 -0.000187788 4.88371e-05 -0.0046964 -0.00844628
19.22 -1.59572e-05 -0.000284786 -0.000172427 6.12722e-05 -0.00431221 -0.00712254
19.24 -1.2355e-05 -0.000229434 -0.000154223 6.96167e-05 -0.00385692 -0.00573815
19.26 -8.10477e-06 -0.000171283 -0.000134542 7.42635e-05 -0.0033647 -0.00428377
19.28 -3.36773e-06 -0.000109546 -0.000114219 7.56875e-05 -0.00285642 -0.00273971
19.3 1.62132e-06 -4.47105e-05 -9.32189e-05 7.44432e-05 -0.00233119 -0.00111814
19.32 6.59757e-06 2.17269e-05 -7.06516e-05 7.14213e-05 -0.00176678 0.000543486
19.34 1.1314e-05 8.87899e-05 -4.54174e-05 6.77353e-05 -0.00113566 0.00222076
19.36 1.55683e-05 0.000156282 -1.6859e-05 6.42236e-05 -0.0004214 0.00390876
19.38 1.91969e-05 0.000222818 1.48694e-05 6.0997e-05 0.000372141 0.00557287
19.4 2.20566e-05 0.000284197 4.83867e-05 5.73148e-05 0.00121042 0.00710797
19.42 2.40292e-05 0.000334511 8.08059e-05 5.19675e-05 0.00202124 0.00836635
19.44 2.50557e-05 0.00036883 0.000108293 4.41102e-05 0.00270871 0.00922467
19.46 2.51598e-05 0.000384684 0.000127643 3.39033e-05 0.00319266 0.0096212
19.48 2.44189e-05 0.000381774 0.00013806 2.22939e-05 0.00345318 0.00954841
19.5 2.29073e-05 0.000361378 0.000141502 1.02575e-05 0.00353928 0.00903831
19.52 2.06698e-05 0.000326191 0.000141001 -1.53705e-06 0.00352676 0.00815825
19.54 1.77435e-05 0.00027992 0.000138879 -1.24252e-05 0.00347367 0.00700099
19.56 1.41903e-05 0.000226553 0.000136353 -2.15148e-05 0.00341051 0.00566627
19.58 1.01075e-05 0.000169789 0.000133423 -2.78995e-05 0.00333721 0.00424659
19.6 5.62636e-06 0.000112431 0.000128566 -3.09443e-05 0.00321574 0.00281204
19.62 9.17359e-07 5.57428e-05 0.000119667 -3.04556e-05 0.00299317 0.00139424
19.64 -3.79835e-06 -1.52223e-07 0.000105645 -2.68896e-05 0.00264248 -3.71888e-06
19.66 -8.25114e-06 -5.50478e-05 8.6595e-05 -2.13474e-05 0.00216603 -0.00137668
19.68 -1.21581e-05 -0.000108373 6.28418e-05 -1.50336e-05 0.00157195 -0.00271037
19.7 -1.52851e-05 -0.000159598 3.48844e-05 -8.65923e-06 0.000872726 -0.00399152
19.72 -1.74965e-05 -0.000207611 3.97529e-06 -2.40279e-06 9.96749e-05 -0.00519234
19.74 -1.87559e-05 -0.000249691 -2.7893e-05 3.8104e-06 -0.000697363 -0.00624479
19.76 -1.90964e-05 -0.000282041 -5.84871e-05 1.01417e-05 -0.00146254 -0.00705389
19.78 -1.86027e-05 -0.00030147 -8.58816e-05 1.66359e-05 -0.00214768 -0.0075398
19.8 -1.74021e-05 -0.000306254 -0.000108998 2.29532e-05 -0.00272585 -0.00765945
19.82 -1.5631e-05 -0.00029602 -0.00012775 2.85197e-05 -0.00319483 -0.00740349
19.84 -1.33795e-05 -0.000271572 -0.00014249 3.30597e-05 -0.00356348 -0.00679205
19.86 -1.06629e-05 -0.000234607 -0.000153325 3.67216e-05 -0.00383446 -0.00586754
19.88 -7.44769e-06 -0.000187375 -0.000159967 3.96053e-05 -0.00400059 -0.00468625
19.9 -3.71036e-06 -0.000132906 -0.000162011 4.14385e-05 -0.00405171 -0.00332393
19.92 5.07949e-07 -7.51051e-05 -0.000159204 4.18318e-05 -0.0039815 -0.00187832
19.94 5.07391e-06 -1.75755e-05 -0.000151687 4.07377e-05 -0.00379351 -0.000439483
19.96 9.76981e-06 3.80337e-05 -0.000140101 3.86742e-05 -0.00350374 0.000951328
19.98 1.43295e-05 9.22582e-05 -0.000125015 3.65892e-05 -0.00312643 0.0023075
20 1.84831e-05 0.000146461 -0.00010614 3.54034e-05 -0.00265435 0.00366313
20.02 2.19997e-05 0.000201225 -8.26807e-05 3.55e-05 -0.00206763 0.00503281
20.04 2.47265e-05 0.000255448 -5.45404e-05 3.6617e-05 -0.00136383 0.00638894
20.06 2.66127e-05 0.000306306 -2.26693e-05 3.82255e-05 -0.000566717 0.00766093
20.08 2.76987e-05 0.00035004 1.14824e-05 3.99464e-05 0.00028743 0.00875473
20.1 2.80692e-05 0.000382979 4.62633e-05 4.1623e-05 0.00115731 0.00957854
20.12 2.77932e-05 0.000402044 7.99565e-05 4.31221e-05 0.002 0.0100554
20.14 2.68786e-05 0.000404915 0.000111046 4.41066e-05 0.00277755 0.0101272
20.16 2.52624e-05 0.000390525 0.000137941 4.3991e-05 0.00345021 0.00976728
20.18 2.28461e-05 0.000359622 0.000158604 4.22178e-05 0.00396701 0.00899439
20.2 1.95529e-05 0.000314669 0.000171474 3.86942e-05 0.00428888 0.00787009
20.22 1.53773e-05 0.0002591 0.000176669 3.39318e-05 0.00441881 0.00648029
20.24 1.04116e-05 0.000196501 0.000175358 2.86762e-05 0.00438603 0.00491467
20.26 4.85539e-06 0.000129932 0.000168448 2.33642e-05 0.0042132 0.00324974
20.28 -9.92311e-07 6.14079e-05 0.000156789 1.79035e-05 0.00392162 0.00153593
20.3 -6.77352e-06 -8.18287e-06 0.000141698 1.19204e-05 0.00354417 -0.000204569
20.32 -1.21423e-05 -7.85583e-05 0.000124003 5.21416e-06 0.00310161 -0.00196469
20.34 -1.68328e-05 -0.000149016 0.000103005 -2.02398e-06 0.00257646 -0.00372686
20.36 -2.06841e-05 -0.000217368 7.71602e-05 -9.40443e-06 0.00193006 -0.00543638
20.38 -2.36184e-05 -0.000279874 4.56212e-05 -1.6622e-05 0.00114126 -0.00699969
20.4 -2.56059e-05 -0.000332665 8.90385e-06 -2.34505e-05 0.00022294 -0.00832
20.42 -2.66467e-05 -0.000373178 -3.14094e-05 -2.95631e-05 -0.000785311 -0.00933325
20.44 -2.67614e-05 -0.000400036 -7.31293e-05 -3.44667e-05 -0.00182874 -0.010005
20.46 -2.59712e-05 -0.00041227 -0.000113814 -3.75352e-05 -0.00284628 -0.010311
20.48 -2.42818e-05 -0.000409277 -0.000150905 -3.81108e-05 -0.00377395 -0.0102361
20.5 -2.16974e-05 -0.000391006 -0.000181727 -3.57836e-05 -0.00454481 -0.00977914
20.52 -1.8255e-05 -0.000357942 -0.000203917 -3.06521e-05 -0.00509981 -0.00895218
20.54 -1.40494e-05 -0.000311488 -0.000216317 -2.32562e-05 -0.00540992 -0.00779036
20.56 -9.23192e-06 -0.000254335 -0.00021948 -1.43164e-05 -0.00548903 -0.00636093
20.58 -3.99292e-06 -0.000189735 -0.000215424 -4.53872e-06 -0.00538759 -0.00474528
20.6 1.45979e-06 -0.00012026 -0.000206636 5.58898e-06 -0.00516781 -0.00300767
20.62 6.91779e-06 -4.73678e-05 -0.000194694 1.59799e-05 -0.00486914 -0.0011846
20.64 1.21866e-05 2.80817e-05 -0.000179693 2.68012e-05 -0.00449396 0.000702424
20.66 1.71016e-05 0.000104982 -0.000160933 3.80572e-05 -0.00402474 0.00262572
20.68 2.15353e-05 0.000181234 -0.000137661 4.94083e-05 -0.00344271 0.00453283
20.7 2.53919e-05 0.000253621 -0.000109369 6.04183e-05 -0.00273512 0.00634325
20.72 2.85911e-05 0.000318571 -7.6139e-05 7.08552e-05 -0.00190402 0.00796768
20.74 3.10534e-05 0.000373299 -3.87449e-05 8.0648e-05 -0.000968776 0.00933646
20.76 3.26972e-05 0.000416182 1.67953e-06 8.95472e-05 4.22571e-05 0.010409
20.78 3.34389e-05 0.000445853 4.34741e-05 9.68332e-05 0.00108756 0.0111511
20.8 3.3193e-05 0.000460395 8.39911e-05 0.000101327 0.0021009 0.0115148
20.82 3.18877e-05 0.000458213 0.0001201 0.000101793 0.00300401 0.0114602
20.84 2.95029e-05 0.000439422 0.000149285 9.7596e-05 0.00373393 0.0109902
20.86 2.60989e-05 0.000405722 0.000170212 8.90859e-05 0.00425732 0.0101474
20.88 2.1806e-05 0.000359161 0.000182791 7.71792e-05 0.00457193 0.00898285
20.9 1.67882e-05 0.000301367 0.000187933 6.26267e-05 0.00470053 0.00753741
20.92 1.12195e-05 0.000233687 0.000186973 4.58767e-05 0.00467652 0.0058447
20.94 5.2893e-06 0.00015797 0.000181143 2.75571e-05 0.00453072 0.00395098
20.96 -7.85353e-07 7.72404e-05 0.000171322 8.78413e-06 0.00428508 0.0019319
20.98 -6.76388e-06 -4.6188e-06 0.000158008 -9.10409e-06 0.00395209 -0.00011543
21 -1.24037e-05 -8.40059e-05 0.000141622 -2.50631e-05 0.00354227 -0.00210093
21.02 -1.74819e-05 -0.000158387 0.000122753 -3.86279e-05 0.00307035 -0.00396125
21.04 -2.18008e-05 -0.00022596 0.000101835 -4.97925e-05 0.00254718 -0.00565127
21.06 -2.51846e-05 -0.000284694 7.87858e-05 -5.86278e-05 0.00197072 -0.00712024
21.08 -2.74855e-05 -0.000331939 5.32186e-05 -6.49542e-05 0.00133127 -0.00830184
21.1 -2.86035e-05 -0.000365081 2.48445e-05 -6.8317e-05 0.000621623 -0.00913073
21.12 -2.85067e-05 -0.000382433 -6.04882e-06 -6.82346e-05 -0.000151032 -0.00956471
21.14 -2.72303e-05 -0.000383356 -3.79361e-05 -6.44448e-05 -0.000948546 -0.00958782
21.16 -2.48552e-05 -0.000367806 -6.80615e-05 -5.69569e-05 -0.001702 -0.00919888
21.18 -2.14823e-05 -0.000336 -9.36428e-05 -4.6007e-05 -0.00234179 -0.00840341
21.2 -1.72177e-05 -0.000288516 -0.000113015 -3.20528e-05 -0.0028263 -0.00721581
21.22 -1.21705e-05 -0.000226786 -0.000125655 -1.57295e-05 -0.00314243 -0.00567193
21.24 -6.46021e-06 -0.000153666 -0.000131843 2.27881e-06 -0.00329719 -0.00384316
21.26 -2.31704e-07 -7.33215e-05 -0.000132601 2.12853e-05 -0.00331614 -0.00183371
21.28 6.32718e-06 9.78417e-06 -0.000129377 4.04858e-05 -0.00323552 0.000244794
21.3 1.29784e-05 9.21189e-05 -0.000123391 5.88813e-05 -0.0030858 0.00230402
21.32 1.94467e-05 0.000171661 -0.000115469 7.54324e-05 -0.00288769 0.0042934
21.34 2.545e-05 0.000247459 -0.000106486 8.93612e-05 -0.002663 0.00618915
21.36 3.07335e-05 0.000318402 -9.73718e-05 0.000100322 -0.00243506 0.00796346
21.38 3.50912e-05 0.000382202 -8.84202e-05 0.000108278 -0.00221117 0.00955912
21.4 3.8375e-05 0.000435613 -7.89031e-05 0.000113248 -0.00197315 0.0108949
21.42 4.04978e-05 0.000475569 -6.75209e-05 0.000115175 -0.00168848 0.0118943
21.44 4.14298e-05 0.000500055 -5.30418e-05 0.00011397 -0.00132635 0.0125067
21.46 4.11838e-05 0.00050818 -3.49675e-05 0.000109519 -0.0008743 0.0127099
21.48 3.97958e-05 0.000499666 -1.42525e-05 0.000101697 -0.000356209 0.012497
21.5 3.73067e-05 0.000474066 6.88991e-06 9.05396e-05 0.000172571 0.0118567
21.52 3.3746e-05 0.000430575 2.62386e-05 7.64554e-05 0.00065649 0.0107689
21.54 2.91296e-05 0.000369332 4.23141e-05 6.01606e-05 0.00105854 0.00923724
21.56 2.34871e-05 0.00029317 5.41423e-05 4.24297e-05 0.00135437 0.00733239
21.58 1.69134e-05 0.000207577 6.12003e-05 2.39736e-05 0.0015309 0.00519169
21.6 9.6106e-06 0.000118616 6.3745e-05 5.45885e-06 0.00159454 0.00296671
21.62 1.88963e-06 3.04836e-05 6.28003e-05 -1.24207e-05 0.00157091 0.000762497
21.64 -5.87404e-06 -5.5661e-05 5.98981e-05 -2.8838e-05 0.00149833 -0.00139202
21.66 -1.33073e-05 -0.000140616 5.67673e-05 -4.28807e-05 0.00142003 -0.00351677
21.68 -2.00917e-05 -0.000224231 5.46702e-05 -5.38768e-05 0.00136758 -0.00560802
21.7 -2.5983e-05 -0.000303396 5.38305e-05 -6.16621e-05 0.00134657 -0.00758798
21.72 -3.08101e-05 -0.000372976 5.36184e-05 -6.6479e-05 0.00134127 -0.00932819
21.74 -3.44745e-05 -0.000428431 5.28794e-05 -6.86813e-05 0.00132279 -0.0107151
21.76 -3.69415e-05 -0.000467679 4.99296e-05 -6.84984e-05 0.00124901 -0.0116967
21.78 -3.82168e-05 -0.000490987 4.3269e-05 -6.59081e-05 0.00108243 -0.0122797
21.8 -3.83183e-05 -0.000499231 3.31806e-05 -6.0675e-05 0.000830113 -0.0124859
21.82 -3.72672e-05 -0.000492264 2.2015e-05 -5.25755e-05 0.000550855 -0.0123116
21.84 -3.51018e-05 -0.000469004 1.22862e-05 -4.16917e-05 0.000307534 -0.0117299
21.86 -3.18904e-05 -0.000428822 5.09322e-06 -2.85733e-05 0.000127635 -0.0107249
21.88 -2.77259e-05 -0.00037281 4.3795e-07 -1.40736e-05 1.12046e-05 -0.00932403
21.9 -2.27124e-05 -0.000304199 -2.12435e-06 1.08721e-06 -5.28796e-05 -0.00760805
21.92 -1.69705e-05 -0.000227553 -3.29991e-06 1.65826e-05 -8.22809e-05 -0.00569112
21.94 -1.06615e-05 -0.00014688 -3.46687e-06 3.22089e-05 -8.64567e-05 -0.00367345
21.96 -4.00166e-06 -6.4222e-05 -2.38153e-06 4.73792e-05 -5.93117e-05 -0.00160613
21.98 2.76439e-06 2.00069e-05 -1.05599e-07 6.09824e-05 -2.38979e-06 0.000500469
22 9.40998e-06 0.000105437 2.49099e-06 7.18179e-05 6.25519e-05 0.00263712
22.02 1.57496e-05 0.000190007 4.6471e-06 7.9258e-05 0.000116477 0.00475225
22.04 2.16192e-05 0.00026931 6.22936e-06 8.35398e-05 0.00015605 0.00673564
22.06 2.68437e-05 0.000337981 7.22423e-06 8.54112e-05 0.000180932 0.00845313
22.08 3.12317e-05 0.000392198 7.70222e-06 8.55101e-05 0.000192887 0.00980912
22.1 3.46026e-05 0.000431054 8.13197e-06 8.4038e-05 0.000203635 0.0107809
22.12 3.68193e-05 0.000455889 8.82105e-06 8.08636e-05 0.000220869 0.0114021
22.14 3.78118e-05 0.000468388 9.276e-06 7.58421e-05 0.000232248 0.0117147
22.16 3.75828e-05 0.000468631 8.81429e-06 6.91147e-05 0.0002207 0.0117208
22.18 3.61927e-05 0.000454478 7.57719e-06 6.1149e-05 0.00018976 0.0113668
22.2 3.3726e-05 0.000423205 6.44139e-06 5.24397e-05 0.000161353 0.0105846
22.22 3.02616e-05 0.0003741 5.99859e-06 4.31743e-05 0.000150279 0.00935649
22.24 2.5866e-05 0.000309648 5.75273e-06 3.32141e-05 0.00014413 0.00774452
22.26 2.06108e-05 0.000234423 4.2345e-06 2.23771e-05 0.000106158 0.00586309
22.28 1.46002e-05 0.000152797 -3.34285e-08 1.07748e-05 -5.84761e-07 0.0038216
22.3 7.99784e-06 6.75346e-05 -7.37119e-06 -1.01467e-06 -0.000184105 0.00168916
22.32 1.03917e-06 -1.97433e-05 -1.65003e-05 -1.20697e-05 -0.000412428 -0.0004937
22.34 -5.9777e-06 -0.000107062 -2.52818e-05 -2.15377e-05 -0.000632056 -0.00267758
22.36 -1.27223e-05 -0.000191289 -3.19373e-05 -2.90412e-05 -0.000798514 -0.00478413
22.38 -1.88767e-05 -0.000268971 -3.56834e-05 -3.46727e-05 -0.000892205 -0.00672698
22.4 -2.41867e-05 -0.00033782 -3.67416e-05 -3.85947e-05 -0.00091867 -0.00844893
22.42 -2.84986e-05 -0.000396914 -3.62394e-05 -4.07135e-05 -0.00090611 -0.0099269
22.44 -3.1756e-05 -0.000445216 -3.57792e-05 -4.07516e-05 -0.000894601 -0.0111349
22.46 -3.39588e-05 -0.000480408 -3.65455e-05 -3.85488e-05 -0.000913766 -0.0120151
22.48 -3.51225e-05 -0.000499642 -3.87923e-05 -3.42979e-05 -0.000969961 -0.0124962
22.5 -3.52635e-05 -0.000501173 -4.19896e-05 -2.85901e-05 -0.00104993 -0.0125344
22.52 -3.43963e-05 -0.000484989 -4.48794e-05 -2.21927e-05 -0.0011222 -0.0121297
22.54 -3.25188e-05 -0.000452311 -4.55758e-05 -1.56167e-05 -0.00113962 -0.0113124
22.56 -2.96041e-05 -0.000405079 -4.24358e-05 -8.85642e-06 -0.00106109 -0.0101311
22.58 -2.5635e-05 -0.000345926 -3.50649e-05 -1.65011e-06 -0.000876737 -0.00865167
22.6 -2.06699e-05 -0.000278155 -2.43858e-05 6.01146e-06 -0.000609648 -0.00695669
22.62 -1.48919e-05 -0.000205218 -1.1995e-05 1.37674e-05 -0.000299749 -0.00513249
22.64 -8.60129e-06 -0.000129807 6.72297e-07 2.12636e-05 1.70657e-05 -0.00324644
22.66 -2.15929e-06 -5.3014e-05 1.31695e-05 2.84466e-05 0.000329625 -0.00132581
22.68 4.08928e-06 2.56212e-05 2.59284e-05 3.54178e-05 0.000648731 0.000640886
22.7 9.87796e-06 0.000106397 3.88487e-05 4.21382e-05 0.000971873 0.00266112
22.72 1.50428e-05 0.000187214 5.05743e-05 4.83355e-05 0.00126514 0.00468238
22.74 1.95111e-05 0.000263297 5.98593e-05 5.36334e-05 0.00149736 0.00658526
22.76 2.32739e-05 0.000329169 6.69591e-05 5.78316e-05 0.00167493 0.00823274
22.78 2.63468e-05 0.000380551 7.3047e-05 6.11042e-05 0.00182719 0.00951782
22.8 2.87167e-05 0.00041489 7.90015e-05 6.37162e-05 0.00197611 0.0103767
22.82 3.02981e-05 0.000431201 8.49697e-05 6.54266e-05 0.00212538 0.0107846
22.84 3.09378e-05 0.000429845 9.00385e-05 6.54144e-05 0.00225215 0.0107507
22.86 3.04756e-05 0.000412274 9.21474e-05 6.2991e-05 0.0023049 0.0103112
22.88 2.88171e-05 0.000380793 8.91833e-05 5.82294e-05 0.00223076 0.00952388
22.9 2.59761e-05 0.000338186 8.03366e-05 5.176e-05 0.0020095 0.00845826
22.92 2.20822e-05 0.000286854 6.63053e-05 4.4114e-05 0.00165858 0.00717442
22.94 1.73625e-05 0.000228111 4.86983e-05 3.54152e-05 0.00121822 0.00570524
22.96 1.21076e-05 0.000162547 2.93866e-05 2.5619e-05 0.000735222 0.00406546
22.98 6.62894e-06 9.09282e-05 9.79918e-06 1.49445e-05 0.000245333 0.00227424
23 1.2123e-06 1.47428e-05 -9.61781e-06 4.08938e-06 -0.000240294 0.000368813
23.02 -3.92277e-06 -6.37085e-05 -2.91762e-05 -5.94642e-06 -0.000729458 -0.00159329
23.04 -8.64042e-06 -0.000141373 -4.90204e-05 -1.42935e-05 -0.00122577 -0.00353571
23.06 -1.28693e-05 -0.000214448 -6.8544e-05 -2.05557e-05 -0.00171406 -0.00536333
23.08 -1.65543e-05 -0.000278557 -8.68718e-05 -2.47961e-05 -0.00217245 -0.00696674
23.1 -1.96115e-05 -0.000329608 -0.000103563 -2.72487e-05 -0.00258991 -0.00824354
23.12 -2.19179e-05 -0.000365108 -0.000118481 -2.80758e-05 -0.002963 -0.00913141
23.14 -2.33389e-05 -0.000384763 -0.00013134 -2.73414e-05 -0.00328462 -0.00962299
23.16 -2.37669e-05 -0.000389697 -0.000141728 -2.50795e-05 -0.00354442 -0.0097464
23.18 -2.31459e-05 -0.000381172 -0.000149051 -2.13569e-05 -0.00372758 -0.00953319
23.2 -2.14821e-05 -0.000359916 -0.000152136 -1.6387e-05 -0.00380475 -0.00900156
23.22 -1.88503e-05 -0.000326337 -0.00014948 -1.06176e-05 -0.00373832 -0.00816174
23.24 -1.53947e-05 -0.000281269 -0.000140464 -4.56266e-06 -0.00351282 -0.00703457
23.26 -1.13132e-05 -0.000226564 -0.000126036 1.54963e-06 -0.00315196 -0.00566638
23.28 -6.82419e-06 -0.000164769 -0.000107967 7.91826e-06 -0.00270005 -0.00412085
23.3 -2.12973e-06 -9.79973e-05 -8.7791e-05 1.49486e-05 -0.00219544 -0.00245087
23.32 2.60658e-06 -2.74459e-05 -6.62873e-05 2.29251e-05 -0.00165762 -0.000686345
23.34 7.25511e-06 4.58176e-05 -4.31983e-05 3.17872e-05 -0.00108016 0.001146
23.36 1.1698e-05 0.000119838 -1.75032e-05 4.10584e-05 -0.000437511 0.0029973
23.38 1.58092e-05 0.000191462 1.12344e-05 5.00142e-05 0.000281229 0.00478864
23.4 1.94501e-05 0.00025681 4.18264e-05 5.80328e-05 0.00104635 0.00642302
23.42 2.24765e-05 0.000312294 7.20562e-05 6.48024e-05 0.00180241 0.00781069
23.44 2.4749e-05 0.000355545 9.97349e-05 7.01977e-05 0.00249466 0.00889243
23.46 2.61464e-05 0.000385429 0.000123101 7.402e-05 0.00307907 0.00963983
23.48 2.65826e-05 0.000401313 0.000141319 7.58621e-05 0.00353469 0.0100371
23.5 2.60232e-05 0.000402761 0.000154988 7.51767e-05 0.00387656 0.0100733
23.52 2.44977e-05 0.000389921 0.000165328 7.15531e-05 0.00413518 0.00975218
23.54 2.20976e-05 0.000363675 0.00017267 6.50507e-05 0.0043188 0.00909575
23.56 1.89545e-05 0.00032514 0.000176279 5.62462e-05 0.00440905 0.00813197
23.58 1.52064e-05 0.000275398 0.000175214 4.58821e-05 0.00438243 0.00688792
23.6 1.09769e-05 0.000215892 0.000168666 3.45359e-05 0.00421866 0.00539965
23.62 6.3812e-06 0.000148698 0.000156069 2.26603e-05 0.00390361 0.00371909
23.64 1.5451e-06 7.64265e-05 0.00013767 1.07441e-05 0.00344344 0.00191155
23.66 -3.37878e-06 2.17617e-06 0.000114575 -7.18119e-07 0.00286583 5.45152e-05
23.68 -8.20423e-06 -7.08049e-05 8.79321e-05 -1.12882e-05 0.00219947 -0.00177077
23.7 -1.27162e-05 -0.000139855 5.86252e-05 -2.05382e-05 0.00146649 -0.00349775
23.72 -1.66899e-05 -0.000203041 2.77882e-05 -2.8086e-05 0.000695245 -0.00507805
23.74 -1.99158e-05 -0.000258509 -3.1191e-06 -3.37229e-05 -7.77588e-05 -0.00646534
23.76 -2.22254e-05 -0.000304296 -3.27108e-05 -3.74038e-05 -0.000817859 -0.00761048
23.78 -2.35175e-05 -0.00033879 -5.97488e-05 -3.91547e-05 -0.00149409 -0.00847319
23.8 -2.37764e-05 -0.000360754 -8.33395e-05 -3.90806e-05 -0.0020841 -0.00902251
23.82 -2.30619e-05 -0.000369038 -0.000103591 -3.73156e-05 -0.0025906 -0.0092297
23.84 -2.1474e-05 -0.000362916 -0.000121493 -3.38174e-05 -0.00303834 -0.0090766
23.86 -1.91184e-05 -0.000342574 -0.000137548 -2.83406e-05 -0.00343989 -0.00856782
23.88 -1.60918e-05 -0.000308917 -0.000150893 -2.07195e-05 -0.00377365 -0.00772604
23.9 -1.24784e-05 -0.000263205 -0.000159819 -1.10832e-05 -0.00399689 -0.00658277
23.92 -8.35299e-06 -0.00020717 -0.000162341 1.95398e-07 -0.00405996 -0.00518132
23.94 -3.79747e-06 -0.000143179 -0.000156574 1.25781e-05 -0.00391572 -0.00358087
23.96 1.07167e-06 -7.4036e-05 -0.000142125 2.53915e-05 -0.00355436 -0.00185158
23.98 6.08385e-06 -2.85609e-06 -0.000121305 3.79818e-05 -0.00303363 -7.13437e-05
24 1.10143e-05 6.70435e-05 -9.78215e-05 4.98919e-05 -0.0024463 0.00167688
24.02 1.56057e-05 0.000132894 -7.43301e-05 6.07995e-05 -0.00185878 0.00332382
24.04 1.96116e-05 0.000193475 -5.1646e-05 7.03318e-05 -0.00129144 0.00483899
24.06 2.28503e-05 0.00024897 -2.92266e-05 7.80305e-05 -0.000730718 0.00622692
24.08 2.52369e-05 0.000299445 -5.64356e-06 8.34206e-05 -0.000140896 0.00748932
24.1 2.67762e-05 0.000343414 2.02363e-05 8.60567e-05 0.000506371 0.00858901
24.12 2.75252e-05 0.000377566 4.77081e-05 8.56929e-05 0.00119345 0.00944318
24.14 2.75503e-05 0.000397807 7.45256e-05 8.2547e-05 0.00186417 0.00994942
24.16 2.68942e-05 0.000401391 9.86902e-05 7.72395e-05 0.00246853 0.0100391
24.18 2.55655e-05 0.000388831 0.000119012 7.03418e-05 0.00297679 0.0097249
24.2 2.35574e-05 0.000363532 0.000134446 6.20465e-05 0.00336281 0.00909219
24.22 2.08737e-05 0.000329173 0.000144182 5.22782e-05 0.00360631 0.00823284
24.24 1.75473e-05 0.000287458 0.00014801 4.10303e-05 0.00370205 0.00718952
24.26 1.36509e-05 0.000238294 0.000145741 2.8674e-05 0.00364529 0.00595991
24.28 9.3137e-06 0.000181763 0.000137007 1.6075e-05 0.00342686 0.00454607
24.3 4.73151e-06 0.000119852 0.000122343 4.30842e-06 0.00306011 0.00299762
24.32 1.48718e-07 5.62341e-05 0.000103584 -5.92331e-06 0.00259092 0.00140653
24.34 -4.18944e-06 -5.73367e-06 8.27985e-05 -1.46265e-05 0.00207108 -0.000143313
24.36 -8.08767e-06 -6.47039e-05 6.14739e-05 -2.22521e-05 0.00153774 -0.00161818
24.38 -1.14232e-05 -0.000120909 4.03392e-05 -2.90874e-05 0.00100915 -0.00302391
24.4 -1.41352e-05 -0.000174299 1.91308e-05 -3.48423e-05 0.00047872 -0.0043592
24.42 -1.62047e-05 -0.000223179 -3.09595e-06 -3.87738e-05 -7.71796e-05 -0.00558172
24.44 -1.76402e-05 -0.000264267 -2.68795e-05 -4.02385e-05 -0.000672016 -0.00660935
24.46 -1.8463e-05 -0.000293893 -5.18176e-05 -3.91379e-05 -0.00129573 -0.00735029
24.48 -1.86824e-05 -0.000309734 -7.68791e-05 -3.5802e-05 -0.00192253 -0.0077465
24.5 -1.82805e-05 -0.000312008 -0.000100454 -3.05089e-05 -0.00251214 -0.00780336
24.52 -1.72268e-05 -0.000302891 -0.00012016 -2.32368e-05 -0.00300499 -0.00757534
24.54 -1.55117e-05 -0.000284505 -0.000133366 -1.38658e-05 -0.00333528 -0.00711551
24.56 -1.31711e-05 -0.000257634 -0.000138311 -2.51896e-06 -0.00345896 -0.00644344
24.58 -1.02959e-05 -0.000222405 -0.000134831 1.02101e-05 -0.00337193 -0.00556237
24.6 -7.03042e-06 -0.00017965 -0.000124317 2.32232e-05 -0.00310897 -0.00449303
24.62 -3.55599e-06 -0.000131398 -0.000109202 3.52476e-05 -0.00273095 -0.00328624
24.64 -5.8282e-08 -8.03735e-05 -9.20031e-05 4.54624e-05 -0.00230078 -0.00201009
24.66 3.30538e-06 -2.88454e-05 -7.40416e-05 5.38095e-05 -0.00185156 -0.000721348
24.68 6.42211e-06 2.22895e-05 -5.50195e-05 6.06065e-05 -0.00137581 0.000557558
24.7 9.22114e-06 7.30164e-05 -3.40023e-05 6.59379e-05 -0.00085016 0.00182626
24.72 1.16589e-05 0.000122551 -1.04145e-05 6.94791e-05 -0.000260219 0.00306514
24.74 1.36994e-05 0.000168615 1.58866e-05 7.07982e-05 0.000397582 0.00421722
24.76 1.53052e-05 0.000208549 4.45257e-05 6.97917e-05 0.00111386 0.00521599
24.78 1.64419e-05 0.000240607 7.41892e-05 6.69103e-05 0.00185575 0.00601777
24.8 1.70815e-05 0.000264061 0.000102833 6.28801e-05 0.00257215 0.00660436
24.82 1.71981e-05 0.000278687 0.000128469 5.8051e-05 0.00321331 0.00697016
24.84 1.67703e-05 0.000284425 0.000149561 5.21095e-05 0.00374082 0.00711368
24.86 1.58028e-05 0.000281278 0.000164941 4.45867e-05 0.0041255 0.00703497
24.88 1.43482e-05 0.000269434 0.000173813 3.55656e-05 0.00434738 0.00673874
24.9 1.25034e-05 0.000249506 0.000176048 2.57746e-05 0.0044033 0.00624033
24.92 1.03817e-05 0.000222495 0.000172445 1.60994e-05 0.00431317 0.00556479
24.94 8.0838e-06 0.000189543 0.000164311 7.12355e-06 0.00410973 0.00474063
24.96 5.68718e-06 0.00015189 0.000152599 -9.50156e-07 0.00381682 0.00379891
24.98 3.25279e-06 0.000111022 0.000137551 -8.10259e-06 0.00344045 0.0027768
25 8.40742e-07 6.8625e-05 0.000118929 -1.4251e-05 0.00297473 0.00171643
25.02 -1.47556e-06 2.62907e-05 9.62547e-05 -1.91127e-05 0.00240762 0.000657628
25.04 -3.60577e-06 -1.47408e-05 6.91882e-05 -2.22733e-05 0.00173068 -0.000368585
25.06 -5.45116e-06 -5.35666e-05 3.825e-05 -2.34316e-05 0.000956899 -0.00133963
25.08 -6.91895e-06 -8.93907e-05 4.91179e-06 -2.26099e-05 0.000123097 -0.00223561
25.1 -7.93487e-06 -0.000121316 -2.93016e-05 -2.01219e-05 -0.000732593 -0.00303408
25.12 -8.45134e-06 -0.000148275 -6.33945e-05 -1.63399e-05 -0.00158527 -0.00370834
25.14 -8.45301e-06 -0.000169129 -9.65377e-05 -1.14787e-05 -0.0024142 -0.00422991
25.16 -7.95914e-06 -0.000182962 -0.000127785 -5.55839e-06 -0.00319569 -0.00457587
25.18 -7.02075e-06 -0.000189315 -0.000156212 1.42698e-06 -0.00390667 -0.00473476
25.2 -5.7101e-06 -0.000188078 -0.000180765 9.25527e-06 -0.00452076 -0.00470382
25.22 -4.10413e-06 -0.000179293 -0.000200095 1.73755e-05 -0.00500421 -0.00448409
25.24 -2.26862e-06 -0.00016322 -0.000213119 2.50927e-05 -0.00532994 -0.00408211
25.26 -2.52177e-07 -0.000140585 -0.000219543 3.18861e-05 -0.00549062 -0.00351601
25.28 1.90422e-06 -0.000112794 -0.000219448 3.75931e-05 -0.00548824 -0.00282094
25.3 4.14549e-06 -8.18949e-05 -0.000212707 4.23314e-05 -0.00531965 -0.00204814
25.32 6.3828e-06 -4.99656e-05 -0.000199274 4.62491e-05 -0.00498367 -0.00124957
25.34 8.49347e-06 -1.82139e-05 -0.000179793 4.93439e-05 -0.00449646 -0.000455448
25.36 1.03403e-05 1.31847e-05 -0.000155445 5.15177e-05 -0.0038875 0.000329843
25.38 1.17935e-05 4.42582e-05 -0.000127273 5.27558e-05 -0.0031829 0.00110701
25.4 1.27493e-05 7.44075e-05 -9.59593e-05 5.32021e-05 -0.00239973 0.00186105
25.42 1.31487e-05 0.000102333 -6.19301e-05 5.30708e-05 -0.00154865 0.00255948
25.44 1.29904e-05 0.000126514 -2.53064e-05 5.24748e-05 -0.000632673 0.00316425
25.46 1.23265e-05 0.000145701 1.38458e-05 5.12694e-05 0.000346541 0.00364413
25.48 1.12367e-05 0.000159097 5.47766e-05 4.90413e-05 0.00137024 0.00397916
25.5 9.80212e-06 0.000166245 9.5802e-05 4.53129e-05 0.0023963 0.00415796
25.52 8.0926e-06 0.000166888 0.000134797 3.9833e-05 0.00337158 0.00417403
25.54 6.16764e-06 0.000160905 0.000169534 3.2725e-05 0.00424036 0.00402439
25.56 4.07857e-06 0.000148361 0.000197799 2.43973e-05 0.00494729 0.00371067
25.58 1.86917e-06 0.000129723 0.000217809 1.53494e-05 0.00544774 0.00324451
25.6 -4.18254e-07 0.000106142 0.000228623 6.08355e-06 0.00571821 0.00265475
25.62 -2.72691e-06 7.94755e-05 0.000230227 -2.83453e-06 0.00575832 0.0019878
25.64 -4.96901e-06 5.18216e-05 0.000223574 -1.07374e-05 0.00559193 0.00129617
25.66 -7.02473e-06 2.47683e-05 0.000210451 -1.69872e-05 0.00526371 0.000619553
25.68 -8.76166e-06 -1.13431e-06 0.000192736 -2.12036e-05 0.00482066 -2.82814e-05
25.7 -1.00655e-05 -2.6217e-05 0.00017164 -2.3389e-05 0.00429303 -0.000655609
25.72 -1.08626e-05 -5.09525e-05 0.000147645 -2.38483e-05 0.00369292 -0.00127426
25.74 -1.11278e-05 -7.51434e-05 0.000120677 -2.29988e-05 0.00301843 -0.00187928
25.76 -1.08853e-05 -9.76185e-05 8.99843e-05 -2.12178e-05 0.0022508 -0.00244139
25.78 -1.02005e-05 -0.000116758 5.44428e-05 -1.87799e-05 0.00136189 -0.00292008
25.8 -9.16048e-06 -0.00013134 1.36031e-05 -1.58474e-05 0.000340471 -0.00328478
25.82 -7.84592e-06 -0.000140884 -3.1539e-05 -1.24481e-05 -0.000788551 -0.00352347
25.84 -6.31049e-06 -0.000145455 -7.86293e-05 -8.41904e-06 -0.0019663 -0.00363779
25.86 -4.5839e-06 -0.000145367 -0.00012432 -3.44234e-06 -0.00310903 -0.0036356
25.88 -2.69151e-06 -0.000140826 -0.000164807 2.72342e-06 -0.00412163 -0.00352202
25.9 -6.68588e-07 -0.000131652 -0.000196961 1.00148e-05 -0.00492583 -0.00329259
25.92 1.44019e-06 -0.000117583 -0.000219356 1.80868e-05 -0.00548593 -0.00294072
25.94 3.58647e-06 -9.88377e-05 -0.00023216 2.64711e-05 -0.00580616 -0.00247188
25.96 5.72039e-06 -7.62499e-05 -0.000236456 3.46514e-05 -0.0059136 -0.00190695
25.98 7.78978e-06 -5.11098e-05 -0.000233934 4.21221e-05 -0.00585053 -0.00127819
26 9.73739e-06 -2.49774e-05 -0.000226429 4.84995e-05 -0.00566284 -0.000624607
26.02 1.14948e-05 7.98713e-07 -0.000214929 5.3562e-05 -0.00537522 2.00644e-05
26.04 1.29815e-05 2.57103e-05 -0.0001993 5.72083e-05 -0.00498433 0.000643113
26.06 1.41183e-05 5.01089e-05 -0.000179221 5.94723e-05 -0.00448214 0.00125333
26.08 1.48392e-05 7.43695e-05 -0.000154902 6.0566e-05 -0.00387391 0.0018601
26.1 1.50996e-05 9.79386e-05 -0.000126756 6.07976e-05 -0.00316996 0.00244957
26.12 1.48832e-05 0.000119333 -9.47822e-05 6.03863e-05 -0.00237029 0.00298465
26.14 1.42108e-05 0.000137168 -5.85654e-05 5.93599e-05 -0.00146449 0.00343072
26.16 1.31449e-05 0.00015091 -1.78909e-05 5.75704e-05 -0.000447207 0.00377442
26.18 1.17734e-05 0.000160511 2.63464e-05 5.46698e-05 0.000659185 0.00401454
26.2 1.01835e-05 0.00016571 7.13662e-05 5.00792e-05 0.00178515 0.00414458
26.22 8.44936e-06 0.000165775 0.000112853 4.32623e-05 0.00282276 0.00414619
26.24 6.63231e-06 0.000159742 0.000146892 3.42395e-05 0.00367409 0.0039953
26.26 4.78124e-06 0.000147317 0.000171728 2.37466e-05 0.00429524 0.00368456
26.28 2.93199e-06 0.000129922 0.000187465 1.28064e-05 0.00468883 0.0032495
26.3 1.11798e-06 0.000110427 0.000194798 2.23992e-06 0.00487222 0.00276192
26.32 -6.13497e-07 9.14689e-05 0.000194621 -7.42054e-06 0.00486781 0.00228776
26.34 -2.1933e-06 7.41349e-05 0.000188063 -1.57149e-05 0.00470377 0.00185423
26.36 -3.53386e-06 5.80467e-05 0.000176234 -2.20262e-05 0.00440794 0.00145186
26.38 -4.54137e-06 4.22029e-05 0.000160299 -2.5601e-05 0.0040094 0.0010556
26.4 -5.13883e-06 2.58574e-05 0.000141672 -2.59747e-05 0.00354353 0.000646793
26.42 -5.29052e-06 9.03374e-06 0.000121475 -2.34897e-05 0.0030384 0.000226026
26.44 -5.01515e-06 -7.70071e-06 9.97062e-05 -1.92701e-05 0.00249394 -0.00019251
26.46 -4.3857e-06 -2.38902e-05 7.5174e-05 -1.45493e-05 0.00188038 -0.000597416
26.48 -3.51483e-06 -3.93609e-05 4.62505e-05 -9.98393e-06 0.001157 -0.000984345
26.5 -2.52512e-06 -5.36549e-05 1.19114e-05 -5.52026e-06 0.00029816 -0.00134184
26.52 -1.51038e-06 -6.55827e-05 -2.73042e-05 -7.37193e-07 -0.000682638 -0.00164016
26.54 -5.11738e-07 -7.36416e-05 -6.895e-05 4.72322e-06 -0.00172422 -0.00184172
26.56 4.75722e-07 -7.68849e-05 -0.000109333 1.09014e-05 -0.0027342 -0.00192284
26.58 1.47911e-06 -7.5421e-05 -0.000144719 1.75634e-05 -0.00361924 -0.00188622
26.6 2.52796e-06 -7.03402e-05 -0.000172231 2.44953e-05 -0.00430731 -0.00175915
26.62 3.63963e-06 -6.31931e-05 -0.000190165 3.17092e-05 -0.00475586 -0.0015804
26.64 4.80294e-06 -5.51749e-05 -0.000198153 3.92511e-05 -0.00495563 -0.00137986
26.66 5.96752e-06 -4.65737e-05 -0.000197244 4.67954e-05 -0.00493289 -0.00116474
26.68 7.05126e-06 -3.70433e-05 -0.000189528 5.35223e-05 -0.00473993 -0.00092638
26.7 7.96234e-06 -2.63947e-05 -0.000177266 5.8448e-05 -0.00443325 -0.000660053
26.72 8.61957e-06 -1.5028e-05 -0.000162255 6.09247e-05 -0.00405782 -0.000375768
26.74 8.96545e-06 -3.59653e-06 -0.000145739 6.09338e-05 -0.00364473 -8.98625e-05
26.76 8.97446e-06 7.63208e-06 -0.000128178 5.90104e-05 -0.00320553 0.00019097
26.78 8.65296e-06 1.89424e-05 -0.000108805 5.58816e-05 -0.00272101 0.000473845
26.8 8.03294e-06 3.06945e-05 -8.58192e-05 5.20694e-05 -0.00214612 0.000767771
26.82 7.16169e-06 4.27616e-05 -5.73961e-05 4.77231e-05 -0.00143525 0.00106957
26.84 6.09146e-06 5.43704e-05 -2.27046e-05 4.27572e-05 -0.0005676 0.00135991
26.86 4.87409e-06 6.43655e-05 1.7568e-05 3.70968e-05 0.000439634 0.0016099
26.88 3.56011e-06 7.17164e-05 6.10567e-05 3.07787e-05 0.00152731 0.00179374
26.9 2.20095e-06 7.59149e-05 0.000104014 2.38938e-05 0.00260169 0.00189875
26.92 8.48203e-07 7.68549e-05 0.000142267 1.65334e-05 0.00355841 0.00192226
26.94 -4.53249e-07 7.44409e-05 0.000172442 8.81007e-06 0.00431311 0.00186189
26.96 -1.67084e-06 6.86892e-05 0.000192751 9.23413e-07 0.00482104 0.00171803
26.98 -2.77948e-06 6.02834e-05 0.00020311 -6.72548e-06 0.00508011 0.0015078
27 -3.75172e-06 5.06666e-05 0.000204824 -1.34497e-05 0.00512298 0.00126728
27.02 -4.55682e-06 4.13762e-05 0.000199994 -1.84366e-05 0.00500218 0.00103493
27.04 -5.16858e-06 3.33307e-05 0.000190758 -2.11417e-05 0.00477119 0.000833703
27.06 -5.56658e-06 2.66045e-05 0.000178755 -2.15428e-05 0.00447099 0.000665478
27.08 -5.72827e-06 2.0613e-05 0.000164985 -2.00174e-05 0.0041266 0.000515629
27.1 -5.62557e-06 1.45106e-05 0.000149699 -1.7067e-05 0.00374428 0.000363003
27.12 -5.23262e-06 7.56945e-06 0.000132219 -1.31811e-05 0.00330709 0.000189403
27.14 -4.5451e-06 -7.32674e-07 0.000111153 -8.81271e-06 0.00278023 -1.82362e-05
27.16 -3.59966e-06 -1.08033e-05 8.51114e-05 -4.31209e-06 0.00212892 -0.000270108
27.18 -2.47821e-06 -2.26599e-05 5.34565e-05 1.6585e-07 0.00133722 -0.000566646
27.2 -1.28765e-06 -3.52519e-05 1.67356e-05 4.69975e-06 0.000418815 -0.000881577
27.22 -1.22565e-07 -4.63408e-05 -2.31627e-05 9.57433e-06 -0.000579058 -0.00115892
27.24 9.60909e-07 -5.35839e-05 -6.3221e-05 1.51569e-05 -0.00158093 -0.00134007
27.26 1.94375e-06 -5.59609e-05 -0.000100051 2.16548e-05 -0.00250207 -0.00139952
27.28 2.82947e-06 -5.41545e-05 -0.000130892 2.89141e-05 -0.00327341 -0.00135434
27.3 3.6377e-06 -4.96809e-05 -0.000154133 3.64675e-05 -0.00385467 -0.00124245
27.32 4.40308e-06 -4.38421e-05 -0.000169198 4.37452e-05 -0.00423145 -0.00109642
27.34 5.16161e-06 -3.74287e-05 -0.000176351 5.01595e-05 -0.00441035 -0.000936018
27.36 5.92316e-06 -3.10228e-05 -0.000176636 5.50259e-05 -0.0044175 -0.000775805
27.38 6.65235e-06 -2.52338e-05 -0.000171616 5.76121e-05 -0.00429195 -0.00063102
27.4 7.2757e-06 -2.0512e-05 -0.000162937 5.74502e-05 -0.00407488 -0.000512925
27.42 7.70829e-06 -1.66647e-05 -0.000151958 5.46384e-05 -0.00380027 -0.000416702
27.44 7.88242e-06 -1.2571e-05 -0.000139334 4.98296e-05 -0.00348456 -0.000314318
27.46 7.76249e-06 -6.64702e-06 -0.000124727 4.39501e-05 -0.00311921 -0.000166156
27.48 7.34617e-06 2.09849e-06 -0.000107107 3.78772e-05 -0.00267853 5.25723e-05
27.5 6.66428e-06 1.34013e-05 -8.54197e-05 3.22224e-05 -0.00213613 0.000335261
27.52 5.78099e-06 2.60431e-05 -5.89684e-05 2.728e-05 -0.00147457 0.000651436
27.54 4.78604e-06 3.85674e-05 -2.76626e-05 2.31242e-05 -0.000691602 0.000964674
27.56 3.77153e-06 4.97102e-05 7.56899e-06 1.96921e-05 0.000189555 0.00124336
27.58 2.80307e-06 5.84927e-05 4.46176e-05 1.67362e-05 0.00111615 0.00146302
27.6 1.90613e-06 6.4218e-05 8.06126e-05 1.3788e-05 0.00201641 0.00160621
27.62 1.07515e-06 6.65314e-05 0.000112599 1.03301e-05 0.00281641 0.00166407
27.64 2.93721e-07 6.55828e-05 0.00013812 6.10048e-06 0.00345469 0.00164034
27.66 -4.49114e-07 6.2121e-05 0.000155658 1.27157e-06 0.00389331 0.00155376
27.68 -1.15153e-06 5.7289e-05 0.000164897 -3.61182e-06 0.0041244 0.00143291
27.7 -1.7973e-06 5.21736e-05 0.000166684 -7.83964e-06 0.00416909 0.00130497
27.72 -2.35702e-06 4.74148e-05 0.000162651 -1.07507e-05 0.00406822 0.00118595
27.74 -2.7918e-06 4.31357e-05 0.000154677 -1.18916e-05 0.00386879 0.00107893
27.76 -3.0588e-06 3.91405e-05 0.000144356 -1.10981e-05 0.00361067 0.000979009
27.78 -3.11937e-06 3.50505e-05 0.000132578 -8.48524e-06 0.00331609 0.000876716
27.8 -2.94969e-06 3.0247e-05 0.000119303 -4.38841e-06 0.00298408 0.000756579
27.82 -2.55017e-06 2.39253e-05 0.000103677 6.87495e-07 0.00259325 0.000598471
27.84 -1.95063e-06 1.54836e-05 8.44832e-05 6.13471e-06 0.00211321 0.000387341
27.86 -1.20556e-06 4.9793e-06 6.07253e-05 1.13816e-05 0.00151902 0.000124623
27.88 -3.79845e-07 -6.7573e-06 3.21123e-05 1.60533e-05 0.000803393 -0.000168915
27.9 4.6631e-07 -1.84246e-05 -6.10562e-07 2.00402e-05 -1.50191e-05 -0.00046072
27.92 1.28644e-06 -2.87082e-05 -3.55913e-05 2.34454e-05 -0.000889902 -0.000717915
27.94 2.05054e-06 -3.662e-05 -7.01713e-05 2.64837e-05 -0.00175476 -0.000915793
27.96 2.74537e-06 -4.16409e-05 -0.000101472 2.93812e-05 -0.00253762 -0.00104137
27.98 3.37237e-06 -4.37113e-05 -0.000127013 3.22752e-05 -0.00317641 -0.00109315
28 3.94113e-06 -4.31604e-05 -0.000145178 3.5128e-05 -0.00363072 -0.00107937
28.02 4.4599e-06 -4.06538e-05 -0.000155489 3.77143e-05 -0.0038886 -0.00101668
28.04 4.92786e-06 -3.71065e-05 -0.000158611 3.96929e-05 -0.00396668 -0.00092796
28.06 5.33282e-06 -3.34288e-05 -0.000156034 4.07219e-05 -0.00390224 -0.00083598
28.08 5.65358e-06 -3.0175e-05 -0.000149534 4.05772e-05 -0.00373965 -0.000754601
28.1 5.8636e-06 -2.73331e-05 -0.000140614 3.92389e-05 -0.00351656 -0.000683523
28.12 5.93499e-06 -2.43727e-05 -0.000130113 3.69029e-05 -0.00325392 -0.000609483
28.14 5.84367e-06 -2.04776e-05 -0.000118045 3.39108e-05 -0.00295209 -0.000512065
28.16 5.57563e-06 -1.48493e-05 -0.000103733 3.06523e-05 -0.00259415 -0.000371298
28.18 5.13512e-06 -6.99334e-06 -8.6184e-05 2.74884e-05 -0.00215525 -0.000174818
28.2 4.54972e-06 3.08316e-06 -6.45516e-05 2.46856e-05 -0.00161421 7.71995e-05
28.22 3.86626e-06 1.48037e-05 -3.85609e-05 2.23479e-05 -0.000964173 0.000370336
28.24 3.13893e-06 2.70898e-05 -8.8151e-06 2.03749e-05 -0.000220218 0.000677615
28.26 2.41633e-06 3.8565e-05 2.31151e-05 1.84929e-05 0.00057837 0.000964614
28.28 1.73404e-06 4.78782e-05 5.49159e-05 1.6365e-05 0.00137372 0.00119754
28.3 1.11256e-06 5.40607e-05 8.40259e-05 1.37367e-05 0.00210177 0.00135217
28.32 5.57798e-07 5.67726e-05 0.0001082 1.05549e-05 0.00270638 0.00141999
28.34 6.36581e-08 5.63342e-05 0.000125939 7.00902e-06 0.00315004 0.00140903
28.36 -3.82385e-07 5.35617e-05 0.00013669 3.48454e-06 0.00341892 0.00133969
28.38 -7.90785e-07 4.95167e-05 0.000140776 4.59966e-07 0.00352111 0.00123852
28.4 -1.16068e-06 4.52428e-05 0.000139097 -1.60423e-06 0.00347912 0.00113163
28.42 -1.47386e-06 4.14892e-05 0.000132842 -2.36185e-06 0.00332269 0.00103775
28.44 -1.69585e-06 3.84666e-05 0.000123297 -1.66405e-06 0.00308397 0.000962153
28.46 -1.78463e-06 3.57919e-05 0.000111503 3.79621e-07 0.00278898 0.000895258
28.48 -1.70227e-06 3.26809e-05 9.78391e-05 3.40162e-06 0.00244725 0.000817451
28.5 -1.4246e-06 2.82642e-05 8.20067e-05 6.86428e-06 0.00205127 0.000706989
28.52 -9.48759e-07 2.19107e-05 6.33564e-05 1.02059e-05 0.00158482 0.000548083
28.54 -2.97429e-07 1.34919e-05 4.12103e-05 1.29934e-05 0.00103094 0.000337525
28.56 4.8407e-07 3.48336e-06 1.5241e-05 1.50366e-05 0.000381434 8.72086e-05
28.58 1.33838e-06 -7.14082e-06 -1.4077e-05 1.64191e-05 -0.00035182 -0.000178507
28.6 2.20987e-06 -1.71321e-05 -4.53537e-05 1.74284e-05 -0.00113406 -0.000428393
28.62 3.05485e-06 -2.52447e-05 -7.6463e-05 1.84382e-05 -0.00191212 -0.000631292
28.64 3.84393e-06 -3.05484e-05 -0.000104516 1.98075e-05 -0.00261374 -0.000763941
