0.02 -3.06405e-12 -8.66019e-12 -1.30297e-09 1.60799e-11 -3.25878e-08 -2.16595e-10
0.04 -2.08341e-11 1.42773e-10 -1.64378e-08 1.74387e-10 -4.11116e-07 3.57082e-09
0.06 -6.08998e-11 2.15584e-09 -7.82397e-08 7.93175e-10 -1.95681e-06 5.39185e-08
0.08 -6.39248e-11 1.20748e-08 -2.02461e-07 2.14691e-09 -5.06363e-06 3.01996e-07
0.1 1.61421e-10 4.41172e-08 -3.18143e-07 4.26419e-09 -7.95689e-06 1.10339e-06
0.12 8.28502e-10 1.20792e-07 -2.86348e-07 7.26272e-09 -7.16168e-06 3.02106e-06
0.14 1.84979e-09 2.47319e-07 -3.88251e-08 1.05301e-08 -9.71032e-07 6.18556e-06
0.16 2.65751e-09 3.54733e-07 3.27979e-07 9.5098e-09 8.2029e-06 8.87202e-06
0.18 2.51181e-09 2.77685e-07 6.36698e-07 -5.66894e-09 1.59241e-05 6.94502e-06
0.2 1.03457e-09 -1.61645e-07 7.91033e-07 -4.50252e-08 1.97841e-05 -4.0428e-06
0.22 -1.6033e-09 -1.0041e-06 8.25003e-07 -1.1071e-07 2.06337e-05 -2.5113e-05
0.24 -4.9605e-09 -2.07605e-06 8.11391e-07 -1.94624e-07 2.02932e-05 -5.1923e-05
0.26 -8.66833e-09 -3.0917e-06 7.71462e-07 -2.83796e-07 1.92946e-05 -7.73248e-05
0.28 -1.24426e-08 -3.87419e-06 6.93428e-07 -3.66865e-07 1.73429e-05 -9.68952e-05
0.3 -1.58386e-08 -4.46281e-06 6.1439e-07 -4.35359e-07 1.53662e-05 -0.000111617
0.32 -1.8259e-08 -4.96995e-06 6.49704e-07 -4.81935e-07 1.62494e-05 -0.0001243
0.34 -1.94317e-08 -5.38668e-06 9.1869e-07 -5.01658e-07 2.29768e-05 -0.000134723
0.36 -1.97967e-08 -5.62114e-06 1.42406e-06 -4.96242e-07 3.56164e-05 -0.000140587
0.38 -2.02689e-08 -5.6988e-06 1.99465e-06 -4.76112e-07 4.98871e-05 -0.000142529
0.4 -2.1721e-08 -5.80775e-06 2.35956e-06 -4.59125e-07 5.90135e-05 -0.000145254
0.42 -2.47267e-08 -6.13681e-06 2.31258e-06 -4.67872e-07 5.78385e-05 -0.000153484
0.44 -2.93869e-08 -6.7613e-06 1.84451e-06 -5.23032e-07 4.61318e-05 -0.000169103
0.46 -3.49755e-08 -7.66568e-06 1.16168e-06 -6.29869e-07 2.90541e-05 -0.000191722
0.48 -3.9923e-08 -8.71086e-06 6.00228e-07 -7.66008e-07 1.50119e-05 -0.000217862
0.5 -4.27158e-08 -9.51791e-06 4.49426e-07 -8.86111e-07 1.12403e-05 -0.000238047
0.52 -4.31383e-08 -9.56975e-06 7.14102e-07 -9.47866e-07 1.786e-05 -0.000239343
0.54 -4.25411e-08 -8.66109e-06 1.01337e-06 -9.43268e-07 2.53448e-05 -0.000216618
0.56 -4.26404e-08 -7.28858e-06 8.48019e-07 -9.09848e-07 2.12093e-05 -0.000182291
0.58 -4.3807e-08 -6.43781e-06 9.20304e-08 -9.05988e-07 2.30172e-06 -0.000161012
0.6 -4.43888e-08 -6.75304e-06 -8.02875e-07 -9.61155e-07 -2.00802e-05 -0.000168896
0.62 -4.18894e-08 -7.79262e-06 -1.17485e-06 -1.042e-06 -2.93836e-05 -0.000194897
0.64 -3.51125e-08 -8.23464e-06 -7.64773e-07 -1.07097e-06 -1.91273e-05 -0.000205952
0.66 -2.50443e-08 -7.04557e-06 2.89416e-08 -9.82751e-07 7.2384e-07 -0.000176213
0.68 -1.34266e-08 -4.4465e-06 5.12029e-07 -7.64737e-07 1.28061e-05 -0.000111209
0.7 -8.59301e-10 -1.57968e-06 3.51304e-07 -4.5298e-07 8.78626e-06 -3.95084e-05
0.72 1.32782e-08 6.89945e-07 -7.35607e-08 -1.00192e-07 -1.83978e-06 1.72558e-05
0.74 2.9512e-08 2.40567e-06 2.38886e-08 2.58195e-07 5.97465e-07 6.01669e-05
0.76 4.7419e-08 4.05309e-06 1.10248e-06 6.23743e-07 2.75734e-05 0.00010137
0.78 6.55793e-08 5.86055e-06 2.78644e-06 1.02684e-06 6.969e-05 0.000146575
0.8 8.18111e-08 7.67768e-06 4.08757e-06 1.49161e-06 0.000102232 0.000192022
0.82 9.41406e-08 9.22635e-06 4.22363e-06 2.00493e-06 0.000105635 0.000230755
0.84 1.02596e-07 1.02782e-05 3.35987e-06 2.5239e-06 8.40316e-05 0.000257061
0.86 1.09745e-07 1.08216e-05 2.59638e-06 3.01441e-06 6.49365e-05 0.000270653
0.88 1.182e-07 1.12391e-05 3.06847e-06 3.47534e-06 7.67438e-05 0.000281096
0.9 1.27233e-07 1.20677e-05 4.83328e-06 3.91951e-06 0.000120882 0.000301817
0.92 1.32634e-07 1.32842e-05 6.62684e-06 4.33478e-06 0.00016574 0.000332242
0.94 1.30457e-07 1.39572e-05 6.91814e-06 4.6704e-06 0.000173026 0.000349075
0.96 1.2079e-07 1.29654e-05 5.36201e-06 4.86481e-06 0.000134106 0.000324269
0.98 1.07819e-07 1.01826e-05 3.22472e-06 4.88912e-06 8.06516e-05 0.00025467
1 9.6604e-08 6.77771e-06 2.39524e-06 4.76702e-06 5.99059e-05 0.000169513
1.02 8.97186e-08 4.16189e-06 4.19083e-06 4.55819e-06 0.000104814 0.00010409
1.04 8.57599e-08 2.80381e-06 8.50859e-06 4.33455e-06 0.000212803 7.01245e-05
1.06 7.8835e-08 2.45186e-06 1.2366e-05 4.16213e-06 0.000309279 6.1322e-05
1.08 6.00783e-08 3.10829e-06 1.03257e-05 4.03393e-06 0.000258251 7.77397e-05
1.1 2.59733e-08 4.82115e-06 2.01612e-07 3.77797e-06 5.0424e-06 0.000120579
1.12 -1.19995e-08 6.72373e-06 -1.20446e-05 3.13354e-06 -0.000301241 0.000168163
1.14 -3.34144e-08 7.3016e-06 -1.6794e-05 2.02075e-06 -0.000420025 0.000182616
1.16 -2.9928e-08 5.80693e-06 -1.05776e-05 6.76737e-07 -0.000264551 0.000145234
1.18 -1.57114e-08 3.09278e-06 4.01345e-08 -5.31694e-07 1.00378e-06 7.73517e-05
1.2 -1.31909e-08 8.72751e-07 4.75754e-06 -1.37798e-06 0.000118988 2.18279e-05
1.22 -3.02884e-08 5.25695e-08 -1.08568e-07 -1.89295e-06 -2.71532e-06 1.31478e-06
1.24 -5.36728e-08 5.8147e-08 -8.21805e-06 -2.33321e-06 -0.000205537 1.45428e-06
1.26 -6.49185e-08 -6.15338e-09 -1.10106e-05 -3.00438e-06 -0.000275379 -1.53899e-07
1.28 -6.11729e-08 -2.36114e-07 -7.46301e-06 -4.00355e-06 -0.000186653 -5.90532e-06
1.3 -5.53013e-08 -5.06564e-07 -4.00007e-06 -5.13518e-06 -0.000100043 -1.26694e-05
1.32 -5.62304e-08 -1.32597e-06 -5.61765e-06 -6.07203e-06 -0.0001405 -3.3163e-05
1.34 -5.62936e-08 -3.06302e-06 -9.88096e-06 -6.52017e-06 -0.000247127 -7.66073e-05
1.36 -4.08084e-08 -4.7642e-06 -1.01874e-05 -6.29024e-06 -0.000254792 -0.000119155
1.38 -5.14391e-09 -4.9782e-06 -2.63862e-06 -5.37345e-06 -6.5993e-05 -0.000124507
1.4 4.05012e-08 -3.6459e-06 1.06137e-05 -3.93312e-06 0.000265452 -9.11854e-05
1.42 7.80506e-08 -1.71561e-06 2.14632e-05 -2.14284e-06 0.000536802 -4.29082e-05
1.44 9.06576e-08 1.01585e-06 1.99073e-05 -1.61341e-07 0.000497889 2.54067e-05
1.46 7.51063e-08 5.66223e-06 4.0221e-06 1.67313e-06 0.000100594 0.000141615
1.48 5.2775e-08 1.16215e-05 -1.39599e-05 2.92396e-06 -0.000349144 0.000290658
1.5 5.66273e-08 1.61119e-05 -1.78657e-05 3.54359e-06 -0.000446828 0.000402965
1.52 9.59603e-08 1.68776e-05 -4.9735e-06 4.05325e-06 -0.000124389 0.000422116
1.54 1.43569e-07 1.43583e-05 1.13823e-05 5.0614e-06 0.000284676 0.000359108
1.56 1.6741e-07 1.1217e-05 1.71939e-05 6.76528e-06 0.000430027 0.000280543
1.58 1.64777e-07 1.04528e-05 1.17256e-05 8.90457e-06 0.000293262 0.00026143
1.6 1.55846e-07 1.33597e-05 5.11836e-06 1.08725e-05 0.000128012 0.000334131
1.62 1.53265e-07 1.81412e-05 5.54053e-06 1.1882e-05 0.000138571 0.000453719
1.64 1.49339e-07 2.0781e-05 1.09007e-05 1.14348e-05 0.00027263 0.000519742
1.66 1.29021e-07 1.83855e-05 1.22521e-05 9.75459e-06 0.00030643 0.000459828
1.68 8.7976e-08 1.19467e-05 4.13523e-06 7.57184e-06 0.000103424 0.000298792
1.7 3.95371e-08 5.54277e-06 -8.75371e-06 5.52629e-06 -0.000218934 0.000138627
1.72 6.15289e-09 2.83832e-06 -1.55824e-05 3.90709e-06 -0.000389721 7.09876e-05
1.74 -3.47709e-10 4.09206e-06 -1.02406e-05 2.72876e-06 -0.000256121 0.000102344
1.76 7.96779e-09 5.85043e-06 2.47611e-06 1.76143e-06 6.19285e-05 0.000146322
1.78 5.75957e-09 3.7538e-06 1.1716e-05 6.07196e-07 0.000293022 9.3884e-05
1.8 -2.10681e-08 -3.18787e-06 1.05674e-05 -1.02385e-06 0.000264296 -7.973e-05
1.82 -6.53529e-08 -1.09359e-05 1.00655e-06 -3.14341e-06 2.51743e-05 -0.000273512
1.84 -1.10338e-07 -1.41814e-05 -9.28343e-06 -5.60397e-06 -0.000232182 -0.000354683
1.86 -1.43993e-07 -1.21688e-05 -1.35811e-05 -8.19841e-06 -0.000339669 -0.000304348
1.88 -1.63474e-07 -9.85176e-06 -1.07298e-05 -1.05782e-05 -0.000268358 -0.000246397
1.9 -1.73758e-07 -1.27477e-05 -4.98455e-06 -1.22727e-05 -0.000124666 -0.000318826
1.92 -1.83136e-07 -2.11438e-05 -1.70366e-06 -1.29422e-05 -4.26093e-05 -0.000528814
1.94 -1.95359e-07 -2.9635e-05 -2.71627e-06 -1.25913e-05 -6.79349e-05 -0.000741185
1.96 -2.0596e-07 -3.20603e-05 -5.60673e-06 -1.15461e-05 -0.000140227 -0.000801842
1.98 -2.08693e-07 -2.6988e-05 -7.05945e-06 -1.03013e-05 -0.00017656 -0.000674981
2 -2.0359e-07 -1.89665e-05 -6.29876e-06 -9.32211e-06 -0.000157535 -0.000474361
2.02 -1.95591e-07 -1.44913e-05 -5.33352e-06 -8.78357e-06 -0.000133393 -0.000362433
2.04 -1.86948e-07 -1.61127e-05 -6.47651e-06 -8.39902e-06 -0.00016198 -0.000402986
2.06 -1.73924e-07 -2.00463e-05 -9.86956e-06 -7.58166e-06 -0.000246842 -0.000501366
2.08 -1.49996e-07 -1.96571e-05 -1.31398e-05 -5.86777e-06 -0.000328632 -0.000491632
2.1 -1.10692e-07 -1.15348e-05 -1.34019e-05 -3.23533e-06 -0.000335187 -0.000288491
2.12 -5.7034e-08 1.51147e-06 -9.89686e-06 -1.05902e-07 -0.000247525 3.78025e-05
2.14 4.0611e-09 1.30206e-05 -4.69804e-06 2.88982e-06 -0.0001175 0.000325651
2.16 6.41614e-08 1.84384e-05 -5.40257e-07 5.22827e-06 -1.3512e-05 0.000461153
2.18 1.1903e-07 1.86813e-05 1.93368e-06 6.74309e-06 4.83623e-05 0.000467227
2.2 1.68856e-07 1.85515e-05 4.33752e-06 7.64875e-06 0.000108483 0.000463981
2.22 2.13294e-07 2.16739e-05 8.05876e-06 8.31937e-06 0.000201553 0.000542074
2.24 2.48557e-07 2.71105e-05 1.21639e-05 9.0198e-06 0.000304225 0.000678044
2.26 2.69928e-07 3.08133e-05 1.41095e-05 9.78695e-06 0.000352885 0.000770653
2.28 2.76645e-07 2.9832e-05 1.26013e-05 1.04827e-05 0.000315164 0.000746111
2.3 2.74563e-07 2.5028e-05 9.49415e-06 1.09328e-05 0.000237453 0.000625961
2.32 2.72822e-07 2.02943e-05 8.2678e-06 1.10544e-05 0.000206781 0.000507569
2.34 2.75704e-07 1.92722e-05 1.05444e-05 1.08836e-05 0.000263721 0.000482005
2.36 2.7832e-07 2.21943e-05 1.47054e-05 1.04942e-05 0.000367788 0.000555089
2.38 2.71633e-07 2.55524e-05 1.78027e-05 9.91739e-06 0.000445254 0.000639075
2.4 2.50387e-07 2.51543e-05 1.79007e-05 9.16073e-06 0.000447703 0.00062912
2.42 2.15416e-07 1.99014e-05 1.47621e-05 8.26525e-06 0.000369206 0.000497742
2.44 1.71161e-07 1.26719e-05 9.60633e-06 7.28432e-06 0.000240258 0.00031693
2.46 1.2323e-07 7.51998e-06 4.50142e-06 6.21694e-06 0.000112582 0.000188078
2.48 7.64338e-08 6.0996e-06 1.0194e-06 5.00344e-06 2.54956e-05 0.000152554
2.5 3.226e-08 6.70496e-06 -1.04617e-06 3.56892e-06 -2.61652e-05 0.000167694
2.52 -1.16488e-08 6.22731e-06 -3.31762e-06 1.85273e-06 -8.29752e-05 0.000155748
2.54 -5.73264e-08 2.75466e-06 -6.85893e-06 -1.36611e-07 -0.000171545 6.88952e-05
2.56 -1.01676e-07 -3.13409e-06 -1.05904e-05 -2.24876e-06 -0.00026487 -7.83849e-05
2.58 -1.38449e-07 -8.99792e-06 -1.21099e-05 -4.23457e-06 -0.000302874 -0.000225042
2.6 -1.65723e-07 -1.26186e-05 -1.06325e-05 -5.91001e-06 -0.000265924 -0.000315596
2.62 -1.88579e-07 -1.38957e-05 -8.72564e-06 -7.26399e-06 -0.000218232 -0.000347537
2.64 -2.12354e-07 -1.47283e-05 -9.89048e-06 -8.42528e-06 -0.000247365 -0.000368362
2.66 -2.34421e-07 -1.68979e-05 -1.42878e-05 -9.5423e-06 -0.000357345 -0.000422624
2.68 -2.4451e-07 -1.99385e-05 -1.82304e-05 -1.06264e-05 -0.00045595 -0.00049867
2.7 -2.34033e-07 -2.10224e-05 -1.8438e-05 -1.1472e-05 -0.000461142 -0.000525778
2.72 -2.04766e-07 -1.73683e-05 -1.55366e-05 -1.17941e-05 -0.000388577 -0.000434389
2.74 -1.66788e-07 -9.40495e-06 -1.25632e-05 -1.14692e-05 -0.000314212 -0.000235222
2.76 -1.27497e-07 -1.40496e-06 -1.101e-05 -1.05951e-05 -0.000275364 -3.51385e-05
2.78 -8.52208e-08 1.94507e-06 -9.36703e-06 -9.33693e-06 -0.000234273 4.86471e-05
2.8 -3.52913e-08 9.3582e-08 -5.40501e-06 -7.7839e-06 -0.000135182 2.34053e-06
2.82 2.02605e-08 -2.8169e-06 6.34318e-07 -5.93232e-06 1.58645e-05 -7.04518e-05
2.84 7.30971e-08 -2.37219e-06 5.6225e-06 -3.74779e-06 0.000140621 -5.93294e-05
2.86 1.18916e-07 1.83777e-06 6.93579e-06 -1.24388e-06 0.000173467 4.59634e-05
2.88 1.63791e-07 6.94936e-06 6.16055e-06 1.48937e-06 0.000154078 0.000173806
2.9 2.17401e-07 1.08589e-05 8.3001e-06 4.35919e-06 0.000207589 0.000271585
2.92 2.80472e-07 1.40932e-05 1.66515e-05 7.35175e-06 0.000416461 0.000352477
2.94 3.40008e-07 1.77377e-05 2.88622e-05 1.04757e-05 0.000721856 0.000443628
2.96 3.76587e-07 2.08649e-05 3.82422e-05 1.36159e-05 0.000956454 0.000521839
2.98 3.77205e-07 2.08627e-05 3.89566e-05 1.64754e-05 0.000974321 0.000521786
3 3.44665e-07 1.60856e-05 3.08649e-05 1.86625e-05 0.000771943 0.000402308
3.02 2.96997e-07 7.86519e-06 2.02633e-05 1.98708e-05 0.000506794 0.000196712
3.04 2.55299e-07 -1.19675e-08 1.51871e-05 2.00686e-05 0.000379835 -2.99313e-07
3.06 2.27427e-07 -3.99599e-06 1.84192e-05 1.95368e-05 0.000460671 -9.99414e-05
3.08 2.02086e-07 -3.62755e-06 2.47627e-05 1.86382e-05 0.000619326 -9.07266e-05
3.1 1.60971e-07 -2.00884e-06 2.59483e-05 1.75125e-05 0.000648978 -5.0242e-05
3.12 9.76208e-08 -2.92641e-06 1.86028e-05 1.6011e-05 0.000465264 -7.31907e-05
3.14 2.28134e-08 -7.17653e-06 7.29781e-06 1.38597e-05 0.000182521 -0.000179488
3.16 -4.83957e-08 -1.23193e-05 -1.04432e-07 1.08121e-05 -2.61189e-06 -0.00030811
3.18 -1.11815e-07 -1.63719e-05 -7.46863e-08 6.75106e-06 -1.86794e-06 -0.000409468
3.2 -1.75375e-07 -2.05354e-05 3.12785e-06 1.8115e-06 7.82289e-05 -0.000513598
3.22 -2.48529e-07 -2.70227e-05 1.50766e-06 -3.60246e-06 3.77073e-05 -0.000675849
3.24 -3.31833e-07 -3.50719e-05 -8.59924e-06 -9.02794e-06 -0.000215071 -0.000877162
3.26 -4.1385e-07 -4.10037e-05 -2.25098e-05 -1.41681e-05 -0.000562979 -0.00102552
3.28 -4.77067e-07 -4.22857e-05 -3.18198e-05 -1.88796e-05 -0.000795826 -0.00105758
3.3 -5.1057e-07 -4.00233e-05 -3.27175e-05 -2.30389e-05 -0.000818278 -0.001001
3.32 -5.19015e-07 -3.71291e-05 -2.88998e-05 -2.65177e-05 -0.000722795 -0.000928613
3.34 -5.1666e-07 -3.52013e-05 -2.68028e-05 -2.92228e-05 -0.00067035 -0.000880399
3.36 -5.11963e-07 -3.36619e-05 -2.93536e-05 -3.10802e-05 -0.000734146 -0.000841899
3.38 -5.00582e-07 -3.12613e-05 -3.43827e-05 -3.20238e-05 -0.000859926 -0.000781859
3.4 -4.71994e-07 -2.77678e-05 -3.75383e-05 -3.20198e-05 -0.000938849 -0.000694483
3.42 -4.18332e-07 -2.392e-05 -3.5826e-05 -3.10135e-05 -0.000896024 -0.000598249
3.44 -3.38053e-07 -1.98015e-05 -2.92359e-05 -2.88376e-05 -0.000731202 -0.000495243
3.46 -2.36694e-07 -1.39127e-05 -2.02691e-05 -2.52829e-05 -0.000506938 -0.000347961
3.48 -1.24845e-07 -4.53028e-06 -1.2078e-05 -2.03176e-05 -0.000302077 -0.000113304
3.5 -1.20676e-08 8.13038e-06 -6.39225e-06 -1.42096e-05 -0.000159873 0.000203344
3.52 9.78562e-08 2.15485e-05 -2.69341e-06 -7.43775e-06 -6.73632e-05 0.000538936
3.54 2.0527e-07 3.26294e-05 9.12908e-07 -4.93589e-07 2.28322e-05 0.000816075
3.56 3.10523e-07 3.97126e-05 6.21776e-06 6.30202e-06 0.000155509 0.00099323
3.58 4.12448e-07 4.34465e-05 1.39351e-05 1.28774e-05 0.000348522 0.00108661
3.6 5.07515e-07 4.62746e-05 2.32406e-05 1.93145e-05 0.000581258 0.00115735
3.62 5.87942e-07 5.05908e-05 3.16538e-05 2.56154e-05 0.000791674 0.0012653
3.64 6.43624e-07 5.63955e-05 3.59888e-05 3.15191e-05 0.000900095 0.00141048
3.66 6.70422e-07 6.07554e-05 3.48047e-05 3.65465e-05 0.00087048 0.00151952
3.68 6.76327e-07 6.05869e-05 3.04535e-05 4.02485e-05 0.000761655 0.0015153
3.7 6.75517e-07 5.6419e-05 2.77553e-05 4.24323e-05 0.000694171 0.00141106
3.72 6.74624e-07 5.25389e-05 2.96723e-05 4.31743e-05 0.000742116 0.00131402
3.74 6.66483e-07 5.25431e-05 3.45891e-05 4.26419e-05 0.000865088 0.00131412
3.76 6.37716e-07 5.51036e-05 3.82463e-05 4.09139e-05 0.000956555 0.00137816
3.78 5.79765e-07 5.48774e-05 3.76193e-05 3.79376e-05 0.000940874 0.00137251
3.8 4.92235e-07 4.74816e-05 3.25159e-05 3.36077e-05 0.000813237 0.00118753
3.82 3.80285e-07 3.31891e-05 2.4622e-05 2.78821e-05 0.000615806 0.000830072
3.84 2.5232e-07 1.62659e-05 1.60928e-05 2.08822e-05 0.000402487 0.000406816
3.86 1.1748e-07 1.51686e-06 8.33799e-06 1.29256e-05 0.000208537 3.79372e-05
3.88 -1.84757e-08 -8.93679e-06 1.17621e-06 4.43054e-06 2.94175e-05 -0.000223513
3.9 -1.53727e-07 -1.67942e-05 -6.41787e-06 -4.23536e-06 -0.000160514 -0.000420031
3.92 -2.84743e-07 -2.58683e-05 -1.42891e-05 -1.27718e-05 -0.000357377 -0.000646978
3.94 -4.02693e-07 -3.83403e-05 -2.06105e-05 -2.08116e-05 -0.000515478 -0.000958907
3.96 -4.98804e-07 -5.20953e-05 -2.40597e-05 -2.78768e-05 -0.000601743 -0.00130292
3.98 -5.7144e-07 -6.20501e-05 -2.58549e-05 -3.35514e-05 -0.000646641 -0.0015519
4 -6.24467e-07 -6.44286e-05 -2.88621e-05 -3.76719e-05 -0.000721852 -0.00161139
4.02 -6.59445e-07 -5.98489e-05 -3.47981e-05 -4.03284e-05 -0.000870316 -0.00149685
4.04 -6.71422e-07 -5.24408e-05 -4.24645e-05 -4.17122e-05 -0.00106206 -0.00131157
4.06 -6.51493e-07 -4.59795e-05 -4.83301e-05 -4.19275e-05 -0.00120876 -0.00114997
4.08 -5.93038e-07 -4.07195e-05 -4.8799e-05 -4.08593e-05 -0.00122048 -0.00101841
4.1 -4.9744e-07 -3.40945e-05 -4.25905e-05 -3.82139e-05 -0.00106521 -0.000852718
4.12 -3.74541e-07 -2.44336e-05 -3.14222e-05 -3.37574e-05 -0.000785883 -0.000611094
4.14 -2.37042e-07 -1.31947e-05 -1.8392e-05 -2.75592e-05 -0.000459992 -0.000330004
4.16 -9.55796e-08 -3.20328e-06 -5.813e-06 -2.00296e-05 -0.000145385 -8.01154e-05
4.18 4.0824e-08 4.17495e-06 5.33271e-06 -1.17704e-05 0.000133373 0.000104417
4.2 1.64181e-07 9.19377e-06 1.46136e-05 -3.3742e-06 0.000365492 0.00022994
4.22 2.71293e-07 1.2225e-05 2.18504e-05 4.75936e-06 0.000546487 0.000305753
4.24 3.65708e-07 1.37835e-05 2.74742e-05 1.25306e-05 0.000687142 0.00034473
4.26 4.52512e-07 1.55659e-05 3.23044e-05 2.00657e-05 0.000807947 0.00038931
4.28 5.32868e-07 1.96535e-05 3.69284e-05 2.7481e-05 0.000923596 0.000491543
4.3 6.05463e-07 2.64011e-05 4.1833e-05 3.46852e-05 0.00104626 0.000660302
4.32 6.68941e-07 3.40563e-05 4.75901e-05 4.13539e-05 0.00119025 0.000851763
4.34 7.18802e-07 4.03892e-05 5.38252e-05 4.70037e-05 0.00134619 0.00101015
4.36 7.45469e-07 4.41558e-05 5.82936e-05 5.10879e-05 0.00145795 0.00110436
4.38 7.39717e-07 4.55919e-05 5.81289e-05 5.31264e-05 0.00145383 0.00114027
4.4 6.98197e-07 4.6124e-05 5.22626e-05 5.28292e-05 0.00130711 0.00115358
4.42 6.22212e-07 4.68765e-05 4.22373e-05 5.0113e-05 0.00105637 0.0011724
4.44 5.14466e-07 4.66373e-05 3.08073e-05 4.50257e-05 0.000770503 0.00116642
4.46 3.78766e-07 4.15641e-05 2.02789e-05 3.77139e-05 0.000507183 0.00103954
4.48 2.20857e-07 2.76762e-05 1.2208e-05 2.84866e-05 0.000305327 0.000692194
4.5 4.7758e-08 4.28536e-06 7.62147e-06 1.78561e-05 0.000190616 0.000107179
4.52 -1.34843e-07 -2.46384e-05 6.12029e-06 6.43587e-06 0.000153071 -0.000616216
4.54 -3.25258e-07 -5.25053e-05 4.83282e-06 -5.24714e-06 0.000120871 -0.00131318
4.56 -5.24598e-07 -7.4105e-05 -1.32322e-07 -1.68898e-05 -3.30943e-06 -0.0018534
4.58 -7.31242e-07 -8.86998e-05 -1.02461e-05 -2.8417e-05 -0.000256259 -0.00221842
4.6 -9.36754e-07 -9.99175e-05 -2.31614e-05 -3.98133e-05 -0.000579277 -0.00249898
4.62 -1.12856e-06 -0.000112172 -3.54207e-05 -5.08389e-05 -0.000885885 -0.00280546
4.64 -1.29717e-06 -0.000126381 -4.63038e-05 -6.08799e-05 -0.00115808 -0.00316083
4.66 -1.43904e-06 -0.000139162 -5.82005e-05 -6.91255e-05 -0.00145562 -0.0034805
4.68 -1.54927e-06 -0.000146265 -7.26025e-05 -7.49227e-05 -0.00181582 -0.00365815
4.7 -1.613e-06 -0.000146072 -8.62133e-05 -7.79886e-05 -0.00215623 -0.00365332
4.72 -1.61059e-06 -0.00013952 -9.25766e-05 -7.83745e-05 -0.00231538 -0.00348946
4.74 -1.53414e-06 -0.000127733 -8.8525e-05 -7.62849e-05 -0.00221405 -0.00319465
4.76 -1.39539e-06 -0.000110544 -7.82381e-05 -7.19043e-05 -0.00195677 -0.00276474
4.78 -1.21563e-06 -8.67684e-05 -6.97068e-05 -6.5355e-05 -0.0017434 -0.00217011
4.8 -1.01065e-06 -5.55249e-05 -6.71464e-05 -5.68086e-05 -0.00167936 -0.0013887
4.82 -7.85556e-07 -1.80672e-05 -6.75264e-05 -4.66142e-05 -0.00168886 -0.000451869
4.84 -5.40707e-07 2.12087e-05 -6.45636e-05 -3.52839e-05 -0.00161476 0.000530437
4.86 -2.81018e-07 5.62437e-05 -5.54431e-05 -2.33368e-05 -0.00138666 0.00140668
4.88 -1.92194e-08 8.25072e-05 -4.30981e-05 -1.11454e-05 -0.0010779 0.00206354
4.9 2.32449e-07 9.92471e-05 -3.21056e-05 1.1021e-06 -0.000802974 0.00248221
4.92 4.74519e-07 0.000109771 -2.32382e-05 1.33445e-05 -0.000581197 0.00274541
4.94 7.19739e-07 0.000120424 -1.2951e-05 2.55617e-05 -0.000323909 0.00301186
4.96 9.76538e-07 0.000138083 1.75586e-06 3.76659e-05 4.39147e-05 0.00345351
4.98 1.23498e-06 0.000166025 1.89396e-05 4.93673e-05 0.000473687 0.00415235
5 1.47118e-06 0.000200838 3.2901e-05 6.01132e-05 0.000822868 0.00502303
5.02 1.66339e-06 0.000233746 3.94134e-05 6.9203e-05 0.000985745 0.00584609
5.04 1.80241e-06 0.000255873 3.9291e-05 7.60294e-05 0.000982683 0.00639949
5.06 1.89052e-06 0.000263179 3.7232e-05 8.02821e-05 0.000931188 0.00658222
5.08 1.93426e-06 0.000257611 3.77949e-05 8.20039e-05 0.000945265 0.00644297
5.1 1.93697e-06 0.000244358 4.22787e-05 8.14739e-05 0.00105741 0.0061115
5.12 1.89543e-06 0.000227507 4.89118e-05 7.89527e-05 0.0012233 0.00569004
5.14 1.80318e-06 0.00020711 5.58073e-05 7.44498e-05 0.00139576 0.0051799
5.16 1.6561e-06 0.000179873 6.33207e-05 6.77359e-05 0.00158368 0.0044987
5.18 1.45159e-06 0.000142697 7.27614e-05 5.86036e-05 0.00181979 0.00356891
5.2 1.18154e-06 9.53271e-05 8.2872e-05 4.70871e-05 0.00207266 0.00238417
5.22 8.3145e-07 3.91491e-05 8.88927e-05 3.34244e-05 0.00222324 0.000979135
5.24 3.92763e-07 -2.6242e-05 8.61627e-05 1.79182e-05 0.00215497 -0.000656323
5.26 -1.21106e-07 -0.000103771 7.4469e-05 9.72894e-07 0.0018625 -0.00259537
5.28 -6.70924e-07 -0.000194201 5.85753e-05 -1.66908e-05 0.00146499 -0.00485705
5.3 -1.20516e-06 -0.000289719 4.48516e-05 -3.39193e-05 0.00112176 -0.007246
5.32 -1.68152e-06 -0.000373303 3.6942e-05 -4.93363e-05 0.000923935 -0.00933648
5.34 -2.08175e-06 -0.000426879 3.2774e-05 -6.18661e-05 0.000819691 -0.0106764
5.36 -2.40906e-06 -0.000442392 2.47044e-05 -7.136e-05 0.000617868 -0.0110644
5.38 -2.67105e-06 -0.000426081 4.26459e-06 -7.88909e-05 0.000106659 -0.0106565
5.4 -2.87064e-06 -0.00039118 -3.07824e-05 -8.60301e-05 -0.000769882 -0.00978358
5.42 -3.00761e-06 -0.00034737 -7.34878e-05 -9.32059e-05 -0.00183796 -0.00868787
5.44 -3.08065e-06 -0.000299234 -0.000112488 -9.90593e-05 -0.00281337 -0.00748396
5.46 -3.09328e-06 -0.00025428 -0.000139994 -0.000102044 -0.00350131 -0.00635966
5.48 -3.03821e-06 -0.000225841 -0.000155056 -0.000102305 -0.00387801 -0.00564837
5.5 -2.88716e-06 -0.000220478 -0.000160097 -0.000101312 -0.00400409 -0.00551424
5.52 -2.61661e-06 -0.000224236 -0.000156211 -9.96967e-05 -0.0039069 -0.00560823
5.54 -2.22585e-06 -0.00020903 -0.00014263 -9.61133e-05 -0.00356724 -0.00522793
5.56 -1.72666e-06 -0.000155745 -0.000119738 -8.86274e-05 -0.0029947 -0.00389524
5.58 -1.13309e-06 -6.78848e-05 -9.08153e-05 -7.68689e-05 -0.00227133 -0.00169783
5.6 -4.7523e-07 3.58626e-05 -5.95833e-05 -6.24546e-05 -0.0014902 0.00089694
5.62 1.90979e-07 0.000135327 -2.6478e-05 -4.75019e-05 -0.000662226 0.00338459
5.64 8.0304e-07 0.000214244 1.03651e-05 -3.30348e-05 0.000259236 0.00535832
5.66 1.31598e-06 0.000260681 4.91757e-05 -1.87231e-05 0.00122991 0.00651975
5.68 1.70574e-06 0.000270858 8.18039e-05 -3.73814e-06 0.00204595 0.00677428
5.7 1.9663e-06 0.000253816 9.9636e-05 1.24736e-05 0.00249194 0.00634805
5.72 2.11436e-06 0.000228606 0.000101984 3.01276e-05 0.00255067 0.00571753
5.74 2.18607e-06 0.00021348 9.70109e-05 4.91896e-05 0.00242628 0.00533924
5.76 2.21557e-06 0.000215977 9.42399e-05 6.89636e-05 0.00235698 0.00540169
5.78 2.21343e-06 0.000231678 9.65831e-05 8.76565e-05 0.00241558 0.00579436
5.8 2.16384e-06 0.000250884 9.87498e-05 0.000102897 0.00246977 0.00627471
5.82 2.03758e-06 0.000266208 9.1921e-05 0.000113077 0.00229898 0.00665798
5.84 1.80917e-06 0.000274735 7.00342e-05 0.000118149 0.00175158 0.00687125
5.86 1.47162e-06 0.000274419 3.35502e-05 0.000118872 0.000839105 0.00686334
5.88 1.0457e-06 0.000261076 -1.10419e-05 0.000115258 -0.000276163 0.00652962
5.9 5.74712e-07 0.00023163 -5.56291e-05 0.000106132 -0.00139131 0.00579316
5.92 1.02976e-07 0.000190017 -9.5441e-05 9.04232e-05 -0.00238702 0.00475241
5.94 -3.40752e-07 0.00014745 -0.000129806 6.86264e-05 -0.00324651 0.00368778
5.96 -7.40524e-07 0.000115334 -0.000158534 4.26272e-05 -0.00396499 0.00288455
5.98 -1.08776e-06 9.70436e-05 -0.000179437 1.41551e-05 -0.0044878 0.0024271
6 -1.38694e-06 8.41258e-05 -0.000189777 -1.63331e-05 -0.00474641 0.00210402
6.02 -1.65644e-06 5.81193e-05 -0.000187776 -4.92433e-05 -0.00469637 0.00145359
6.04 -1.91013e-06 -1.77242e-06 -0.000172263 -8.44765e-05 -0.00430837 -4.43289e-05
6.06 -2.13726e-06 -0.000105606 -0.000144091 -0.000120377 -0.00360377 -0.00264125
6.08 -2.30173e-06 -0.000239685 -0.000108739 -0.000153718 -0.00271961 -0.00599463
6.1 -2.358e-06 -0.000364665 -7.35421e-05 -0.000180571 -0.00183932 -0.00912043
6.12 -2.27165e-06 -0.000433016 -4.15421e-05 -0.000197469 -0.00103899 -0.0108299
6.14 -2.03898e-06 -0.000419277 -1.26977e-05 -0.000202359 -0.000317575 -0.0104863
6.16 -1.69261e-06 -0.000340487 9.1165e-06 -0.000195062 0.000228007 -0.00851572
6.18 -1.27744e-06 -0.00024727 1.85788e-05 -0.00017704 0.000464664 -0.00618432
6.2 -8.11722e-07 -0.000189819 2.22088e-05 -0.000150411 0.000555452 -0.00474746
6.22 -2.75901e-07 -0.000185292 4.27629e-05 -0.000117018 0.00106952 -0.00463423
6.24 3.55064e-07 -0.000214453 0.000104183 -7.85075e-05 0.00260566 -0.00536356
6.26 1.06584e-06 -0.000244907 0.000208269 -3.61638e-05 0.0052089 -0.00612523
6.28 1.78152e-06 -0.000251402 0.000316774 1.04644e-05 0.00792265 -0.00628768
6.3 2.37098e-06 -0.000219632 0.000357336 6.28008e-05 0.00893712 -0.00549309
6.32 2.71194e-06 -0.000143581 0.00027742 0.000120334 0.0069384 -0.00359102
6.34 2.83823e-06 -2.44692e-05 0.000108094 0.000181021 0.00270348 -0.000611986
6.36 2.95388e-06 0.000128551 -5.35774e-05 0.000244192 -0.00133999 0.00321513
6.38 3.23045e-06 0.000296536 -0.000133195 0.000310132 -0.00333127 0.00741649
6.4 3.64095e-06 0.000448824 -0.000133523 0.000374799 -0.00333947 0.0112253
6.42 4.02072e-06 0.000549777 -0.000121453 0.000428064 -0.00303758 0.0137501
6.44 4.28007e-06 0.000578016 -0.000125471 0.000460915 -0.00313809 0.0144564
6.46 4.46884e-06 0.00054249 -9.59522e-05 0.000469758 -0.0023998 0.0135679
6.48 4.6091e-06 0.000477578 -2.48206e-06 0.000453156 -6.20774e-05 0.0119444
6.5 4.56303e-06 0.000405615 0.000104474 0.000412316 0.00261294 0.0101446
6.52 4.12762e-06 0.000334885 0.000123505 0.000356053 0.00308891 0.00837563
6.54 3.23762e-06 0.000278968 -4.44187e-06 0.000299326 -0.000111093 0.00697711
6.56 2.06474e-06 0.000242706 -0.000228584 0.0002548 -0.00571697 0.00607019
6.58 9.22055e-07 0.000227718 -0.000426339 0.000226538 -0.0106629 0.00569533
6.6 3.38903e-08 0.000231554 -0.000508709 0.000208448 -0.012723 0.00579126
6.62 -5.94255e-07 0.000232387 -0.000478369 0.000186758 -0.0119642 0.00581209
6.64 -1.07695e-06 0.000194888 -0.000396062 0.00014691 -0.00990568 0.00487424
6.66 -1.47942e-06 9.92829e-05 -0.00031167 8.18815e-05 -0.00779498 0.00248311
6.68 -1.78622e-06 -3.45633e-05 -0.000230624 -4.27343e-06 -0.005768 -0.000864442
6.7 -1.97967e-06 -0.00016351 -0.000134297 -0.000100366 -0.00335884 -0.00408946
6.72 -2.08387e-06 -0.000257443 -2.07879e-05 -0.000194638 -0.000519914 -0.00643876
6.74 -2.1622e-06 -0.00031417 8.01641e-05 -0.000278085 0.00200494 -0.00785752
6.76 -2.312e-06 -0.000345347 0.000130112 -0.000344256 0.00325417 -0.00863728
6.78 -2.62552e-06 -0.000359142 0.000112914 -0.000388316 0.00282402 -0.00898229
6.8 -3.10562e-06 -0.00035803 4.07487e-05 -0.000407818 0.00101914 -0.00895448
6.82 -3.65513e-06 -0.000346699 -6.12715e-05 -0.000405911 -0.00153243 -0.00867109
6.84 -4.15943e-06 -0.000335135 -0.000161777 -0.000392247 -0.00404612 -0.00838187
6.86 -4.52453e-06 -0.000331786 -0.000222952 -0.00037639 -0.00557613 -0.00829809
6.88 -4.65284e-06 -0.000337176 -0.000219864 -0.000360747 -0.00549888 -0.0084329
6.9 -4.45951e-06 -0.000347309 -0.000154572 -0.000343673 -0.00386592 -0.00868633
6.92 -3.97242e-06 -0.000358516 -4.72855e-05 -0.000326774 -0.00118263 -0.00896663
6.94 -3.32983e-06 -0.000365282 6.9678e-05 -0.000313615 0.00174268 -0.00913586
6.96 -2.65149e-06 -0.000357784 0.000162386 -0.000303143 0.00406135 -0.00894834
6.98 -1.98981e-06 -0.000333435 0.000215513 -0.000288912 0.00539008 -0.00833934
7 -1.34982e-06 -0.000304551 0.000237852 -0.000262704 0.00594878 -0.00761694
7.02 -7.18665e-07 -0.000279801 0.000245634 -0.000217192 0.00614342 -0.00699794
7.04 -9.86266e-08 -0.000250379 0.000245049 -0.0001492 0.00612878 -0.00626209
7.06 4.83974e-07 -0.000195304 0.000231623 -6.18739e-05 0.005793 -0.00488463
7.08 1.00174e-06 -9.87086e-05 0.000200389 3.7445e-05 0.00501181 -0.00246874
7.1 1.45207e-06 3.33737e-05 0.000154278 0.000139216 0.00385856 0.000834689
7.12 1.85243e-06 0.000174398 0.000104579 0.000231173 0.00261556 0.00436176
7.14 2.21839e-06 0.000293716 6.42771e-05 0.000300308 0.0016076 0.00734596
7.16 2.55048e-06 0.000374222 4.05382e-05 0.000338697 0.00101388 0.00935944
7.18 2.83581e-06 0.000415976 3.31206e-05 0.000347427 0.00082836 0.0104037
7.2 3.06431e-06 0.000425788 3.98242e-05 0.000334274 0.000996021 0.0106491
7.22 3.23229e-06 0.000406795 6.23283e-05 0.000308336 0.00155886 0.0101741
7.24 3.32871e-06 0.000360336 0.000103058 0.000277902 0.00257752 0.00901215
7.26 3.32326e-06 0.000293886 0.000152503 0.00025054 0.00381416 0.00735021
7.28 3.15834e-06 0.000224454 0.000182902 0.000230922 0.00457446 0.00561368
7.3 2.77737e-06 0.000173205 0.000163494 0.000218694 0.00408906 0.00433192
7.32 2.18716e-06 0.000155912 8.5746e-05 0.000210146 0.00214454 0.00389942
7.34 1.47356e-06 0.000176898 -2.93951e-05 0.000200806 -0.000735185 0.0044243
7.36 7.46198e-07 0.000226514 -0.000148068 0.000185048 -0.00370324 0.0056652
7.38 8.70134e-08 0.000281773 -0.000242087 0.000154822 -0.00605471 0.00704727
7.4 -4.54185e-07 0.00031298 -0.000294879 0.000102225 -0.00737505 0.00782776
7.42 -8.4764e-07 0.000298022 -0.000301007 2.58658e-05 -0.00752832 0.00745364
7.44 -1.09622e-06 0.000235095 -0.000266727 -6.52518e-05 -0.00667094 0.00587982
7.46 -1.24488e-06 0.000140601 -0.000207966 -0.000155556 -0.00520131 0.00351648
7.48 -1.34945e-06 3.50528e-05 -0.000142432 -0.000231308 -0.00356227 0.000876686
7.5 -1.44473e-06 -6.67851e-05 -8.21309e-05 -0.000285711 -0.00205413 -0.00167032
7.52 -1.55432e-06 -0.000154925 -3.34585e-05 -0.000317843 -0.000836812 -0.00387474
7.54 -1.71218e-06 -0.000221208 -2.54341e-06 -0.000329232 -6.36118e-05 -0.00553251
7.56 -1.95242e-06 -0.000261779 8.3218e-07 -0.000322345 2.08132e-05 -0.00654721
7.58 -2.27463e-06 -0.000280526 -3.29259e-05 -0.000301233 -0.00082349 -0.00701606
7.6 -2.61544e-06 -0.000286195 -9.81271e-05 -0.000271491 -0.0024542 -0.00715786
7.62 -2.8489e-06 -0.000285108 -0.000161267 -0.000238006 -0.00403336 -0.00713068
7.64 -2.8365e-06 -0.000278224 -0.000175615 -0.000203015 -0.00439221 -0.0069585
7.66 -2.51657e-06 -0.000265915 -0.000118982 -0.000167501 -0.00297578 -0.00665065
7.68 -1.95411e-06 -0.000252979 -1.41785e-05 -0.000133829 -0.000354611 -0.0063271
7.7 -1.28881e-06 -0.000246675 9.27465e-05 -0.000104718 0.00231963 -0.00616945
7.72 -6.22302e-07 -0.000249591 0.000170137 -7.88696e-05 0.0042552 -0.00624236
7.74 9.19963e-09 -0.000253279 0.000213852 -4.86976e-05 0.00534852 -0.00633461
7.76 5.88438e-07 -0.000237955 0.000231884 -4.23952e-06 0.00579952 -0.00595136
7.78 1.0887e-06 -0.000184131 0.000227536 5.88541e-05 0.00569077 -0.0046052
7.8 1.47872e-06 -8.92778e-05 0.000198764 0.000134581 0.00497116 -0.00223287
7.82 1.75249e-06 2.94044e-05 0.000146912 0.000209584 0.00367433 0.000735417
7.84 1.93373e-06 0.000147781 8.19706e-05 0.000270359 0.00205012 0.00369605
7.86 2.05759e-06 0.000246684 2.07513e-05 0.000308369 0.000518999 0.00616966
7.88 2.16263e-06 0.000314086 -1.92465e-05 0.000320819 -0.000481364 0.00785541
7.9 2.29216e-06 0.000344522 -2.59023e-05 0.000309259 -0.000647828 0.00861664
7.92 2.4722e-06 0.000341591 5.35742e-06 0.000278569 0.000133991 0.00854334
7.94 2.67928e-06 0.000318545 6.84412e-05 0.000236372 0.00171174 0.00796695
7.96 2.83171e-06 0.000291299 0.000138015 0.000191347 0.00345182 0.00728552
7.98 2.81677e-06 0.000268919 0.000171658 0.000150336 0.00429324 0.00672579
8 2.55511e-06 0.000251917 0.000136646 0.000116404 0.00341758 0.00630055
8.02 2.06648e-06 0.000239185 3.94228e-05 8.94409e-05 0.000985981 0.00598211
8.04 1.46812e-06 0.000233633 -7.72788e-05 6.7876e-05 -0.00193278 0.00584327
8.06 8.85588e-07 0.00023872 -0.000168891 4.89356e-05 -0.00422404 0.00597048
8.08 3.7151e-07 0.00024974 -0.00021801 2.75863e-05 -0.00545252 0.00624609
8.1 -7.83638e-08 0.000251609 -0.000232515 -2.63982e-06 -0.0058153 0.00629284
8.12 -4.68647e-07 0.000227893 -0.00022513 -4.54785e-05 -0.0056306 0.0056997
8.14 -7.9303e-07 0.000173413 -0.000200834 -9.79066e-05 -0.00502295 0.00433714
8.16 -1.05774e-06 9.76822e-05 -0.000160507 -0.000151058 -0.00401434 0.00244307
8.18 -1.28938e-06 1.53335e-05 -0.000110118 -0.000195784 -0.00275409 0.000383497
8.2 -1.5251e-06 -6.54528e-05 -6.38162e-05 -0.000227301 -0.00159607 -0.001637
8.22 -1.80101e-06 -0.000144554 -3.79813e-05 -0.000244983 -0.000949927 -0.00361534
8.24 -2.13527e-06 -0.000222618 -4.12533e-05 -0.000249149 -0.00103176 -0.00556776
8.26 -2.51055e-06 -0.000295002 -6.93659e-05 -0.000239224 -0.00173487 -0.00737813
8.28 -2.87067e-06 -0.000352319 -0.000108131 -0.000214891 -0.0027044 -0.00881164
8.3 -3.13821e-06 -0.000385205 -0.000139013 -0.000178313 -0.00347676 -0.00963414
8.32 -3.24176e-06 -0.000389316 -0.000144748 -0.000134885 -0.00362021 -0.00973696
8.34 -3.14501e-06 -0.000367952 -0.000118363 -9.20588e-05 -0.00296031 -0.00920263
8.36 -2.86653e-06 -0.000330595 -6.93199e-05 -5.72459e-05 -0.00173372 -0.00826833
8.38 -2.46821e-06 -0.000288064 -1.61415e-05 -3.57014e-05 -0.000403705 -0.0072046
8.4 -2.01812e-06 -0.000249162 2.85719e-05 -2.88521e-05 0.000714595 -0.00623166
8.42 -1.55473e-06 -0.0002196 6.44178e-05 -3.35649e-05 0.00161112 -0.00549228
8.44 -1.09018e-06 -0.000204056 9.61899e-05 -4.20747e-05 0.00240575 -0.00510351
8.46 -6.37035e-07 -0.000204215 0.000124365 -4.26356e-05 0.00311043 -0.00510751
8.48 -2.10521e-07 -0.000210282 0.000143519 -2.35813e-05 0.00358948 -0.00525924
8.5 1.77213e-07 -0.000201239 0.000147872 1.87961e-05 0.00369833 -0.00503308
8.52 5.16848e-07 -0.000159022 0.00013651 7.53779e-05 0.00341418 -0.00397721
8.54 8.13153e-07 -8.23624e-05 0.000113991 0.000128933 0.00285097 -0.00205992
8.56 1.08883e-06 1.46956e-05 8.76149e-05 0.000164673 0.00219128 0.000367542
8.58 1.36082e-06 0.000114553 6.43069e-05 0.000176775 0.00160834 0.00286501
8.6 1.62391e-06 0.000204302 4.89131e-05 0.00016721 0.00122334 0.00510967
8.62 1.86335e-06 0.00027567 4.46436e-05 0.000141746 0.00111655 0.00689461
8.64 2.06473e-06 0.000322385 5.31321e-05 0.000107922 0.00132886 0.00806298
8.66 2.20409e-06 0.000340663 6.9836e-05 7.431e-05 0.00174663 0.00852012
8.68 2.24102e-06 0.000331937 8.03658e-05 4.84381e-05 0.00200998 0.00830188
8.7 2.138e-06 0.000303646 6.86946e-05 3.39621e-05 0.00171808 0.00759432
8.72 1.89308e-06 0.000266848 3.13743e-05 2.98601e-05 0.000784685 0.00667398
8.74 1.55019e-06 0.000232618 -1.98111e-05 3.23839e-05 -0.000495485 0.00581786
8.76 1.17177e-06 0.000209228 -6.93287e-05 3.75517e-05 -0.00173394 0.00523288
8.78 8.03802e-07 0.00020048 -0.00010897 4.20743e-05 -0.00272538 0.00501408
8.8 4.61151e-07 0.000205661 -0.000138412 4.27076e-05 -0.00346174 0.00514366
8.82 1.39424e-07 0.000220748 -0.000159382 3.52162e-05 -0.00398621 0.005521
8.84 -1.6828e-07 0.000236444 -0.000171628 1.50066e-05 -0.00429249 0.00591355
8.86 -4.65335e-07 0.000236528 -0.000173384 -1.90908e-05 -0.00433641 0.00591566
8.88 -7.48499e-07 0.000205355 -0.000163968 -6.13421e-05 -0.00410092 0.00513602
8.9 -1.01474e-06 0.000139353 -0.000145606 -0.000101404 -0.00364166 0.00348529
8.92 -1.27189e-06 4.89908e-05 -0.000123457 -0.000130811 -0.00308771 0.00122528
8.94 -1.53114e-06 -4.9757e-05 -0.000104108 -0.000146478 -0.00260379 -0.00124444
8.96 -1.78633e-06 -0.000142949 -9.32166e-05 -0.000148842 -0.00233139 -0.00357522
8.98 -2.0125e-06 -0.000220114 -9.26257e-05 -0.000139224 -0.00231661 -0.00550515
9 -2.17948e-06 -0.000274148 -9.68895e-05 -0.000120141 -0.00242325 -0.00685655
9.02 -2.25521e-06 -0.000302772 -9.36316e-05 -9.6706e-05 -0.00234177 -0.00757245
9.04 -2.21323e-06 -0.000308942 -7.34366e-05 -7.56517e-05 -0.00183668 -0.00772677
9.06 -2.05604e-06 -0.000298088 -4.08388e-05 -6.21003e-05 -0.0010214 -0.00745531
9.08 -1.81866e-06 -0.000275004 -1.05458e-05 -5.7249e-05 -0.000263755 -0.00687798
9.1 -1.53553e-06 -0.000244319 9.13593e-06 -5.87899e-05 0.000228493 -0.00611053
9.12 -1.21241e-06 -0.000213346 2.58996e-05 -6.28347e-05 0.000647759 -0.00533587
9.14 -8.40856e-07 -0.000191921 5.43764e-05 -6.52279e-05 0.00135998 -0.00480002
9.16 -4.29551e-07 -0.000186954 9.86618e-05 -6.13928e-05 0.00246757 -0.0046758
9.18 -1.58539e-08 -0.000195082 0.000144722 -4.58023e-05 0.00361957 -0.00487908
9.2 3.52734e-07 -0.000199712 0.000169904 -1.3872e-05 0.00424937 -0.00499488
9.22 6.44976e-07 -0.000179536 0.000161011 3.32008e-05 0.00402696 -0.00449028
9.24 8.59219e-07 -0.000125662 0.000125076 8.58401e-05 0.00312819 -0.00314286
9.26 1.02509e-06 -5.11057e-05 8.33035e-05 0.000130513 0.00208346 -0.00127818
9.28 1.18536e-06 1.87475e-05 5.44683e-05 0.000157804 0.00136227 0.000468883
9.3 1.36648e-06 6.70711e-05 4.38583e-05 0.000166621 0.00109691 0.00167748
9.32 1.56852e-06 9.84847e-05 4.66451e-05 0.000162073 0.00116661 0.00246314
9.34 1.77684e-06 0.000131602 5.84755e-05 0.000150927 0.0014625 0.00329143
9.36 1.96862e-06 0.000178126 7.82406e-05 0.000138861 0.00195683 0.004455
9.38 2.1056e-06 0.000229273 9.86924e-05 0.00012968 0.00246834 0.00573421
9.4 2.13503e-06 0.000263657 0.000101477 0.000124681 0.00253797 0.00659418
9.42 2.01799e-06 0.000268266 7.08719e-05 0.00012224 0.00177253 0.00670945
9.44 1.76378e-06 0.000250374 1.18153e-05 0.000119007 0.000295507 0.00626195
9.46 1.43031e-06 0.000229105 -5.20046e-05 0.00011223 -0.00130066 0.00573
9.48 1.08343e-06 0.000217513 -9.87357e-05 0.000101042 -0.00246942 0.0054401
9.5 7.58733e-07 0.000214291 -0.000123751 8.59091e-05 -0.00309505 0.00535951
9.52 4.57207e-07 0.000210973 -0.000135652 6.73116e-05 -0.0033927 0.00527653
9.54 1.66876e-07 0.00020306 -0.000142597 4.46861e-05 -0.0035664 0.0050786
9.56 -1.20206e-07 0.000191034 -0.000145645 1.63948e-05 -0.00364265 0.00477785
9.58 -4.09105e-07 0.000172499 -0.000142738 -1.85648e-05 -0.00356994 0.00431427
9.6 -7.01692e-07 0.000139214 -0.000134434 -5.83485e-05 -0.00336225 0.00348179
9.62 -9.96733e-07 8.40781e-05 -0.000124426 -9.81252e-05 -0.00311194 0.00210283
9.64 -1.29448e-06 8.80838e-06 -0.00011654 -0.000132132 -0.0029147 0.000220301
9.66 -1.59164e-06 -7.64097e-05 -0.00011252 -0.000155705 -0.00281416 -0.00191104
9.68 -1.86991e-06 -0.000158985 -0.000111857 -0.000166132 -0.00279758 -0.00397628
9.7 -2.09688e-06 -0.000227881 -0.000113067 -0.000163032 -0.00282786 -0.00569941
9.72 -2.24029e-06 -0.000273643 -0.000114809 -0.000148795 -0.00287143 -0.00684392
9.74 -2.27854e-06 -0.000289289 -0.000114729 -0.000128422 -0.00286941 -0.00723523
9.76 -2.20053e-06 -0.000274426 -0.000108375 -0.000107854 -0.00271051 -0.00686352
9.78 -2.00666e-06 -0.00023831 -9.24241e-05 -9.14674e-05 -0.00231157 -0.00596022
9.8 -1.71287e-06 -0.000196803 -6.82972e-05 -8.0459e-05 -0.00170814 -0.00492212
9.82 -1.34458e-06 -0.000164178 -3.94161e-05 -7.28823e-05 -0.000985813 -0.00410616
9.84 -9.19413e-07 -0.000145757 -5.6887e-06 -6.46274e-05 -0.000142277 -0.00364543
9.86 -4.46235e-07 -0.000135996 3.52501e-05 -5.05237e-05 0.00088162 -0.00340131
9.88 5.32805e-08 -0.000122405 7.99978e-05 -2.59253e-05 0.00200078 -0.00306141
9.9 5.31596e-07 -9.40909e-05 0.000115762 1.0767e-05 0.00289525 -0.00235325
9.92 9.36559e-07 -4.97214e-05 0.000128335 5.61517e-05 0.00320971 -0.00124355
9.94 1.24929e-06 2.8475e-06 0.000114385 0.000102652 0.00286082 7.12171e-05
9.96 1.49135e-06 5.50157e-05 8.50322e-05 0.000141995 0.00212669 0.00137596
9.98 1.69591e-06 0.000104295 5.73066e-05 0.000168807 0.00143326 0.00260846
10 1.88063e-06 0.00015231 4.21691e-05 0.000182008 0.00105467 0.00380933
10.02 2.04459e-06 0.000197936 3.93854e-05 0.000183836 0.000985046 0.00495046
10.04 2.17994e-06 0.000234842 4.20281e-05 0.00017799 0.00105114 0.00587349
10.06 2.28341e-06 0.000256523 4.56991e-05 0.00016815 0.00114295 0.00641575
10.08 2.35787e-06 0.0002629 5.34363e-05 0.000157197 0.00133647 0.00657524
10.1 2.39766e-06 0.000260839 6.89528e-05 0.00014672 0.00172454 0.00652368
10.12 2.36962e-06 0.000257779 8.46151e-05 0.000136712 0.00211626 0.00644717
10.14 2.22098e-06 0.000255071 8.19683e-05 0.000125818 0.00205006 0.00637943
10.16 1.91926e-06 0.000247505 4.84124e-05 0.000112254 0.00121081 0.0061902
10.18 1.4841e-06 0.000228591 -8.94738e-06 9.46514e-05 -0.000223778 0.00571715
10.2 9.7799e-07 0.000195786 -6.82726e-05 7.2262e-05 -0.00170753 0.0048967
10.22 4.65688e-07 0.000151837 -0.000109979 4.50579e-05 -0.00275062 0.0037975
10.24 -1.45779e-08 0.000102842 -0.000128151 1.42628e-05 -0.0032051 0.00257212
10.26 -4.52324e-07 5.44401e-05 -0.000129146 -1.76766e-05 -0.00322999 0.00136157
10.28 -8.51768e-07 8.64602e-06 -0.000123419 -4.83122e-05 -0.00308675 0.00021624
10.3 -1.21489e-06 -3.55625e-05 -0.000118481 -7.6301e-05 -0.00296326 -0.000889432
10.32 -1.53625e-06 -7.91163e-05 -0.00011619 -0.000101094 -0.00290596 -0.00197873
10.34 -1.80992e-06 -0.000121128 -0.000114613 -0.000121835 -0.00286652 -0.00302946
10.36 -2.03521e-06 -0.00015974 -0.000112705 -0.000136992 -0.00281881 -0.00399516
10.38 -2.21596e-06 -0.000193479 -0.000113119 -0.000145096 -0.00282915 -0.004839
10.4 -2.35534e-06 -0.00022139 -0.000119766 -0.000145671 -0.0029954 -0.00553706
10.42 -2.44643e-06 -0.000242289 -0.000132775 -0.000139443 -0.00332075 -0.00605976
10.44 -2.46492e-06 -0.000254472 -0.000145542 -0.000127907 -0.00364006 -0.00636446
10.46 -2.376e-06 -0.000256296 -0.000146292 -0.000112839 -0.00365882 -0.00641008
10.48 -2.15474e-06 -0.000247089 -0.000125271 -9.60172e-05 -0.00313307 -0.0061798
10.5 -1.80579e-06 -0.000227914 -8.38024e-05 -7.90454e-05 -0.00209593 -0.00570023
10.52 -1.36339e-06 -0.000201236 -3.47313e-05 -6.28497e-05 -0.000868645 -0.005033
10.54 -8.71257e-07 -0.000168747 8.43137e-06 -4.682e-05 0.000210872 -0.00422044
10.56 -3.62174e-07 -0.0001296 4.10439e-05 -2.87651e-05 0.00102652 -0.00324136
10.58 1.41439e-07 -8.28726e-05 6.52325e-05 -6.5054e-06 0.00163149 -0.00207268
10.6 6.15862e-07 -3.20526e-05 8.2196e-05 2.03278e-05 0.00205576 -0.000801649
10.62 1.03851e-06 1.50735e-05 9.05835e-05 5.02249e-05 0.00226553 0.000376996
10.64 1.39889e-06 5.21177e-05 9.1202e-05 8.11067e-05 0.002281 0.00130348
10.66 1.70131e-06 7.95969e-05 8.90308e-05 0.00011118 0.0022267 0.00199075
10.68 1.95514e-06 0.00010485 8.89598e-05 0.0001387 0.00222492 0.00262235
10.7 2.16318e-06 0.000136487 9.10613e-05 0.000161563 0.00227748 0.0034136
10.72 2.31819e-06 0.000177622 9.09814e-05 0.000177568 0.00227548 0.00444239
10.74 2.40967e-06 0.000222678 8.46281e-05 0.000185106 0.00211658 0.00556927
10.76 2.43252e-06 0.000260364 7.27989e-05 0.000183745 0.00182073 0.00651182
10.78 2.3873e-06 0.000281059 6.06805e-05 0.000174459 0.00151764 0.00702941
10.8 2.26938e-06 0.00028255 5.09058e-05 0.000159355 0.00127318 0.00706669
10.82 2.06241e-06 0.000269259 3.85729e-05 0.000141003 0.000964724 0.00673429
10.84 1.75219e-06 0.000246755 1.60119e-05 0.000121784 0.000400465 0.00617145
10.86 1.34573e-06 0.000217835 -1.86316e-05 0.000103341 -0.000465984 0.00544815
10.88 8.74092e-07 0.000183471 -5.95785e-05 8.59487e-05 -0.00149008 0.0045887
10.9 3.78165e-07 0.000146004 -9.87504e-05 6.80215e-05 -0.00246979 0.00365163
10.92 -1.08146e-07 0.000110243 -0.000130768 4.68101e-05 -0.00327056 0.00275722
10.94 -5.62951e-07 8.09331e-05 -0.000153854 2.02381e-05 -0.00384795 0.00202417
10.96 -9.75365e-07 5.78022e-05 -0.000168383 -1.19137e-05 -0.00421132 0.00144566
10.98 -1.34105e-06 3.27426e-05 -0.000174875 -4.83259e-05 -0.00437369 0.000818906
11 -1.65298e-06 -5.54698e-06 -0.000172425 -8.67606e-05 -0.00431242 -0.000138732
11.02 -1.89984e-06 -6.16554e-05 -0.000159598 -0.000124048 -0.00399162 -0.00154203
11.04 -2.077e-06 -0.000127656 -0.000138149 -0.000156146 -0.00345518 -0.00319272
11.06 -2.19391e-06 -0.00018742 -0.00011537 -0.000179145 -0.00288546 -0.00468745
11.08 -2.26717e-06 -0.000226871 -0.000101242 -0.000190738 -0.00253211 -0.00567413
11.1 -2.30654e-06 -0.000241499 -0.000102699 -0.000190932 -0.00256855 -0.00603999
11.12 -2.30528e-06 -0.000236866 -0.000118475 -0.000181618 -0.0029631 -0.00592411
11.14 -2.2358e-06 -0.000223538 -0.000135615 -0.000165406 -0.00339179 -0.00559077
11.16 -2.05714e-06 -0.000210463 -0.000133831 -0.000144603 -0.00334718 -0.00526376
11.18 -1.74492e-06 -0.000200873 -0.000100816 -0.000121148 -0.00252146 -0.00502392
11.2 -1.32055e-06 -0.000192687 -4.38314e-05 -9.69998e-05 -0.00109624 -0.00481917
11.22 -8.39341e-07 -0.000182106 1.74941e-05 -7.36677e-05 0.000437535 -0.00455454
11.24 -3.50109e-07 -0.000166711 6.83793e-05 -5.08793e-05 0.0017102 -0.0041695
11.26 1.25308e-07 -0.000145441 0.000105722 -2.6221e-05 0.00264415 -0.00363753
11.28 5.74644e-07 -0.000117452 0.000130907 3.07037e-06 0.00327403 -0.00293753
11.3 9.77399e-07 -8.20821e-05 0.000142623 3.78955e-05 0.00356705 -0.00205291
11.32 1.31504e-06 -3.89841e-05 0.000138502 7.69813e-05 0.003464 -0.000975008
11.34 1.58184e-06 1.16136e-05 0.000119756 0.000118038 0.00299514 0.000290462
11.36 1.78019e-06 6.70601e-05 9.17989e-05 0.000158415 0.00229593 0.0016772
11.38 1.91774e-06 0.000120032 6.24127e-05 0.000194864 0.00156097 0.00300204
11.4 2.01324e-06 0.000160184 4.03667e-05 0.000223622 0.00100959 0.00400627
11.42 2.09311e-06 0.00018088 3.30081e-05 0.000241469 0.000825547 0.00452388
11.44 2.17354e-06 0.000185322 4.28075e-05 0.000246888 0.00107063 0.00463498
11.46 2.24512e-06 0.000185192 6.53824e-05 0.000240312 0.00163524 0.00463173
11.48 2.27203e-06 0.000192005 8.85406e-05 0.000223528 0.00221444 0.00480212
11.5 2.20199e-06 0.000208524 9.44517e-05 0.000199013 0.00236228 0.00521528
11.52 1.99081e-06 0.000226911 7.01431e-05 0.000169708 0.00175431 0.00567513
11.54 1.63489e-06 0.000234286 1.90557e-05 0.000138898 0.00047659 0.00585959
11.56 1.17773e-06 0.000221856 -4.17065e-05 0.000109452 -0.0010431 0.0055487
11.58 6.7767e-07 0.000191614 -9.68377e-05 8.24733e-05 -0.00242195 0.00479236
11.6 1.74439e-07 0.000154659 -0.000141804 5.65787e-05 -0.00354658 0.00386809
11.62 -3.07597e-07 0.000121531 -0.000176519 2.89197e-05 -0.00441481 0.00303955
11.64 -7.38441e-07 9.3989e-05 -0.000197172 -2.79906e-06 -0.00493136 0.0023507
11.66 -1.08635e-06 6.67385e-05 -0.000199232 -3.9198e-05 -0.00498287 0.00166916
11.68 -1.3429e-06 3.61461e-05 -0.000185019 -7.9441e-05 -0.0046274 0.000904029
11.7 -1.53e-06 4.80213e-06 -0.000163239 -0.000121635 -0.00408268 0.000120103
11.72 -1.6807e-06 -2.32175e-05 -0.000141797 -0.000162751 -0.0035464 -0.000580678
11.74 -1.81983e-06 -4.95249e-05 -0.000124014 -0.000198698 -0.00310165 -0.00123864
11.76 -1.96072e-06 -8.15308e-05 -0.000110716 -0.000225167 -0.00276906 -0.00203912
11.78 -2.1088e-06 -0.000124802 -0.000102996 -0.000238928 -0.00257597 -0.00312135
11.8 -2.2609e-06 -0.000175734 -0.000103456 -0.000238664 -0.00258747 -0.00439517
11.82 -2.40015e-06 -0.000222122 -0.000115567 -0.000225049 -0.00289037 -0.00555535
11.84 -2.49108e-06 -0.000251208 -0.000137272 -0.000200482 -0.00343322 -0.00628281
11.86 -2.47683e-06 -0.000257904 -0.000153266 -0.000168683 -0.00383325 -0.00645028
11.88 -2.29728e-06 -0.000246625 -0.000141452 -0.000134121 -0.00353778 -0.00616819
11.9 -1.93356e-06 -0.000226519 -9.26214e-05 -0.000101205 -0.0023165 -0.00566534
11.92 -1.43604e-06 -0.000205214 -2.05848e-05 -7.30263e-05 -0.000514835 -0.00513248
11.94 -8.95488e-07 -0.000186166 4.92699e-05 -4.99701e-05 0.00123226 -0.00465609
11.96 -3.8286e-07 -0.000169894 9.90526e-05 -2.92991e-05 0.00247735 -0.00424913
11.98 7.58549e-08 -0.000155456 0.00012611 -6.5449e-06 0.00315407 -0.00388803
12 4.81465e-07 -0.000140228 0.000137113 2.20908e-05 0.00342925 -0.00350716
12.02 8.38113e-07 -0.000119813 0.000138693 5.80371e-05 0.00346876 -0.00299658
12.04 1.14619e-06 -8.94639e-05 0.000132591 0.000100053 0.00331617 -0.00223753
12.06 1.40425e-06 -4.63722e-05 0.000116724 0.000144702 0.00291932 -0.00115979
12.08 1.61188e-06 7.91978e-06 9.03713e-05 0.000187094 0.00226022 0.000198077
12.1 1.77821e-06 6.63285e-05 5.9158e-05 0.000221989 0.00147957 0.0016589
12.12 1.92652e-06 0.000118435 3.42883e-05 0.000245185 0.000857565 0.00296212
12.14 2.08157e-06 0.00015623 2.54272e-05 0.00025474 0.000635946 0.00390737
12.16 2.25064e-06 0.000179002 3.44332e-05 0.000251375 0.000861188 0.00447692
12.18 2.41838e-06 0.000192363 5.66615e-05 0.000237622 0.00141713 0.00481107
12.2 2.55244e-06 0.000202401 8.49746e-05 0.000216384 0.00212525 0.00506214
12.22 2.60729e-06 0.000211213 0.000107837 0.000190366 0.00269704 0.00528253
12.24 2.52906e-06 0.000217255 0.000107899 0.000162371 0.00269861 0.00543365
12.26 2.2821e-06 0.000218543 7.27486e-05 0.000135307 0.00181947 0.00546586
12.28 1.88334e-06 0.000215413 8.53083e-06 0.000111622 0.00021336 0.00538756
12.3 1.39793e-06 0.000211002 -6.3443e-05 9.25168e-05 -0.00158674 0.00527725
12.32 8.92927e-07 0.000208985 -0.00012499 7.71641e-05 -0.00312606 0.0052268
12.34 3.9924e-07 0.000209656 -0.000172053 6.24069e-05 -0.00430313 0.00524358
12.36 -7.34494e-08 0.000207667 -0.000208077 4.37185e-05 -0.00520409 0.00519383
12.38 -5.05917e-07 0.000194086 -0.000232375 1.71756e-05 -0.00581179 0.00485418
12.4 -8.70378e-07 0.000161781 -0.000238241 -1.8659e-05 -0.00595852 0.00404621
12.42 -1.15097e-06 0.000110025 -0.000220424 -6.17604e-05 -0.0055129 0.00275176
12.44 -1.35521e-06 4.51154e-05 -0.000182246 -0.000106954 -0.00455806 0.00112835
12.46 -1.50894e-06 -2.25314e-05 -0.000136168 -0.000147593 -0.00340561 -0.000563519
12.48 -1.64594e-06 -8.26708e-05 -9.80876e-05 -0.000177887 -0.00245321 -0.00206763
12.5 -1.79389e-06 -0.000128982 -7.9148e-05 -0.000194656 -0.00197952 -0.00322589
12.52 -1.96037e-06 -0.000160581 -8.04819e-05 -0.00019784 -0.00201289 -0.0040162
12.54 -2.13132e-06 -0.000180274 -9.6083e-05 -0.000189821 -0.00240308 -0.00450873
12.56 -2.28059e-06 -0.000191023 -0.000121205 -0.000174145 -0.00303139 -0.00477757
12.58 -2.37571e-06 -0.000193826 -0.000153236 -0.000154419 -0.00383251 -0.00484766
12.6 -2.36762e-06 -0.000188339 -0.000180645 -0.00013355 -0.00451801 -0.00471044
12.62 -2.19278e-06 -0.00017495 -0.000180263 -0.000113341 -0.00450846 -0.00437558
12.64 -1.81714e-06 -0.000156276 -0.000136424 -9.47156e-05 -0.00341201 -0.00390853
12.66 -1.28103e-06 -0.000136711 -5.92393e-05 -7.80944e-05 -0.0014816 -0.0034192
12.68 -6.83277e-07 -0.00012018 2.31477e-05 -6.29729e-05 0.000578933 -0.00300574
12.7 -1.16919e-07 -0.00010795 8.75833e-05 -4.71418e-05 0.00219049 -0.00269987
12.72 3.70318e-07 -9.83636e-05 0.000127025 -2.73792e-05 0.00317694 -0.00246011
12.74 7.63087e-07 -8.8288e-05 0.00014439 -1.57584e-06 0.00361125 -0.00220812
12.76 1.05596e-06 -7.47421e-05 0.0001441 3.00541e-05 0.00360399 -0.00186933
12.78 1.25382e-06 -5.64175e-05 0.00013083 6.56579e-05 0.00327211 -0.00141102
12.8 1.37741e-06 -3.48662e-05 0.000111193 0.000102806 0.00278099 -0.000872018
12.82 1.45801e-06 -1.30766e-05 9.23985e-05 0.000138779 0.00231093 -0.00032705
12.84 1.52616e-06 8.67681e-06 7.89591e-05 0.00017054 0.0019748 0.000217011
12.86 1.6017e-06 3.46359e-05 7.14101e-05 0.000195023 0.001786 0.000866258
12.88 1.68933e-06 6.92037e-05 6.82349e-05 0.000209665 0.00170658 0.00173081
12.9 1.7811e-06 0.000110288 6.93781e-05 0.000212859 0.00173518 0.00275835
12.92 1.85701e-06 0.000147999 7.64427e-05 0.000204302 0.00191186 0.00370152
12.94 1.87911e-06 0.000171076 8.57195e-05 0.000185551 0.00214388 0.00427867
12.96 1.79186e-06 0.000174873 8.32828e-05 0.000160189 0.00208294 0.00437363
12.98 1.54935e-06 0.000163145 5.44944e-05 0.000132885 0.00136293 0.00408032
13 1.15378e-06 0.000143188 -8.08758e-07 0.000107823 -2.02274e-05 0.00358118
13.02 6.63998e-07 0.000120918 -6.69414e-05 8.73398e-05 -0.00167423 0.00302421
13.04 1.60185e-07 0.000100667 -0.000125587 7.09976e-05 -0.00314098 0.00251772
13.06 -3.01512e-07 8.69416e-05 -0.000167106 5.55129e-05 -0.0041794 0.00217445
13.08 -6.99448e-07 8.25061e-05 -0.000190789 3.61069e-05 -0.00477171 0.00206351
13.1 -1.02782e-06 8.33476e-05 -0.000199517 8.60169e-06 -0.00499001 0.00208456
13.12 -1.28321e-06 7.83141e-05 -0.000196004 -2.88765e-05 -0.00490213 0.00195867
13.14 -1.46649e-06 5.70923e-05 -0.00018191 -7.48648e-05 -0.00454965 0.0014279
13.16 -1.58818e-06 1.88095e-05 -0.00015897 -0.000124435 -0.0039759 0.000470432
13.18 -1.66833e-06 -2.82265e-05 -0.000131159 -0.000170553 -0.00328034 -0.000705955
13.2 -1.7309e-06 -7.42182e-05 -0.000105458 -0.000206503 -0.00263754 -0.00185623
13.22 -1.79485e-06 -0.000113612 -8.93777e-05 -0.000227926 -0.00223537 -0.00284148
13.24 -1.86776e-06 -0.000144132 -8.7701e-05 -0.000233614 -0.00219344 -0.00360481
13.26 -1.94318e-06 -0.000162959 -0.000102136 -0.000225177 -0.00255446 -0.00407567
13.28 -1.99824e-06 -0.000165884 -0.000131082 -0.000206062 -0.00327843 -0.00414882
13.3 -1.99161e-06 -0.000150604 -0.000164286 -0.000180453 -0.00410887 -0.00376667
13.32 -1.86747e-06 -0.000120536 -0.000180208 -0.000152235 -0.00450707 -0.00301465
13.34 -1.58411e-06 -8.56463e-05 -0.000158652 -0.000124299 -0.00396794 -0.00214205
13.36 -1.15477e-06 -5.95974e-05 -9.85012e-05 -9.8417e-05 -0.00246356 -0.00149056
13.38 -6.49601e-07 -5.4258e-05 -1.82639e-05 -7.51928e-05 -0.000456788 -0.00135702
13.4 -1.48345e-07 -7.37735e-05 6.04231e-05 -5.37267e-05 0.00151121 -0.00184511
13.42 3.03007e-07 -0.00011117 0.000125587 -3.15712e-05 0.00314099 -0.0027804
13.44 6.8748e-07 -0.000149934 0.000172935 -5.56376e-06 0.00432517 -0.00374991
13.46 9.90528e-07 -0.00017127 0.000198651 2.68266e-05 0.00496833 -0.00428354
13.48 1.19627e-06 -0.00016426 0.000198679 6.63054e-05 0.00496904 -0.00410822
13.5 1.3052e-06 -0.000131866 0.000173309 0.000111081 0.00433454 -0.00329803
13.52 1.34338e-06 -8.67367e-05 0.000129856 0.000157098 0.00324774 -0.00216932
13.54 1.35297e-06 -3.99232e-05 8.1102e-05 0.000199287 0.00202839 -0.000998496
13.56 1.37478e-06 6.28517e-06 4.10213e-05 0.000233057 0.00102596 0.000157195
13.58 1.43369e-06 5.42272e-05 1.90084e-05 0.000255057 0.000475409 0.00135624
13.6 1.53222e-06 0.00010128 1.6886e-05 0.000263209 0.000422327 0.00253306
13.62 1.65413e-06 0.000137134 3.22516e-05 0.000256791 0.000806625 0.00342979
13.64 1.76912e-06 0.000152012 6.00115e-05 0.000236782 0.00150091 0.00380189
13.66 1.82762e-06 0.000146933 8.69337e-05 0.00020602 0.00217425 0.00367485
13.68 1.76619e-06 0.000134723 9.17543e-05 0.000168979 0.00229481 0.00336948
13.7 1.54183e-06 0.000130535 5.86638e-05 0.000131154 0.0014672 0.00326474
13.72 1.16854e-06 0.000140775 -9.81498e-06 9.76696e-05 -0.000245477 0.00352085
13.74 7.15558e-07 0.000159994 -9.50512e-05 7.10795e-05 -0.00237727 0.00400152
13.76 2.68493e-07 0.000177842 -0.000173863 4.99171e-05 -0.0043484 0.0044479
13.78 -1.06177e-07 0.000188755 -0.00022712 2.97646e-05 -0.00568036 0.00472084
13.8 -3.73629e-07 0.000194131 -0.000244193 5.98556e-06 -0.00610737 0.00485529
13.82 -5.3251e-07 0.000195731 -0.000226661 -2.4301e-05 -0.00566888 0.00489532
13.84 -6.10741e-07 0.000190377 -0.000188137 -6.16228e-05 -0.00470538 0.0047614
13.86 -6.50098e-07 0.000173413 -0.000146469 -0.000104032 -0.00366325 0.00433714
13.88 -6.88363e-07 0.000145392 -0.000113625 -0.000147425 -0.00284182 0.0036363
13.9 -7.51344e-07 0.00011243 -9.24881e-05 -0.000186695 -0.00231317 0.00281191
13.92 -8.54184e-07 8.03251e-05 -8.16266e-05 -0.000217094 -0.00204151 0.00200896
13.94 -1.00447e-06 5.0503e-05 -8.08276e-05 -0.000235076 -0.00202153 0.0012631
13.96 -1.20392e-06 2.19559e-05 -9.25327e-05 -0.000238935 -0.00231428 0.000549127
13.98 -1.44748e-06 -5.11658e-06 -0.000120325 -0.00022929 -0.00300937 -0.000127968
14 -1.71038e-06 -2.9417e-05 -0.000162242 -0.000208646 -0.00405775 -0.000735733
14.02 -1.93169e-06 -5.23304e-05 -0.000200093 -0.000180451 -0.0050044 -0.00130881
14.04 -2.02308e-06 -8.00665e-05 -0.000202122 -0.000148661 -0.00505515 -0.0020025
14.06 -1.91862e-06 -0.00011905 -0.000147913 -0.000117457 -0.00369936 -0.00297749
14.08 -1.63261e-06 -0.00016678 -5.21148e-05 -9.03385e-05 -0.00130341 -0.00417124
14.1 -1.25858e-06 -0.000208038 4.32311e-05 -6.88106e-05 0.00108123 -0.00520311
14.12 -9.00831e-07 -0.000224356 0.000102142 -5.18257e-05 0.0025546 -0.00561123
14.14 -6.08082e-07 -0.000211203 0.0001189 -3.67618e-05 0.00297373 -0.00528228
14.16 -3.69048e-07 -0.000185474 0.000113394 -2.1117e-05 0.00283602 -0.00463877
14.18 -1.54867e-07 -0.000172753 0.000109493 -3.257e-06 0.00273847 -0.00432062
14.2 4.51791e-08 -0.000185051 0.000118278 1.8202e-05 0.00295818 -0.0046282
14.22 2.18198e-07 -0.000210802 0.000135147 4.48884e-05 0.00338008 -0.00527225
14.24 3.43546e-07 -0.000226487 0.000147139 7.76568e-05 0.00368 -0.00566454
14.26 4.15302e-07 -0.000217443 0.000143648 0.000114575 0.00359271 -0.00543833
14.28 4.60308e-07 -0.000186822 0.000123769 0.000149751 0.00309551 -0.00467248
14.3 5.29919e-07 -0.000145442 9.55408e-05 0.00017466 0.00238952 -0.00363757
14.32 6.64569e-07 -9.67094e-05 6.92935e-05 0.000182091 0.00173306 -0.00241874
14.34 8.68214e-07 -3.57515e-05 5.27815e-05 0.000170285 0.00132009 -0.00089416
14.36 1.11379e-06 3.65651e-05 5.16126e-05 0.000144074 0.00129085 0.000914508
14.38 1.36334e-06 0.000104275 6.83828e-05 0.000112289 0.00171028 0.00260797
14.4 1.56915e-06 0.000145998 9.4949e-05 8.34273e-05 0.00237471 0.00365147
14.42 1.66612e-06 0.000154191 0.000109418 6.25742e-05 0.00273658 0.00385639
14.44 1.59838e-06 0.000142862 9.04647e-05 5.07846e-05 0.00226256 0.00357305
14.46 1.36849e-06 0.000136415 3.6007e-05 4.57668e-05 0.00090055 0.00341179
14.48 1.04508e-06 0.000151816 -3.643e-05 4.27019e-05 -0.000911129 0.00379697
14.5 7.11922e-07 0.000189344 -0.00010647 3.57796e-05 -0.00266285 0.00473558
14.52 4.20018e-07 0.000236062 -0.00016337 2.09975e-05 -0.00408596 0.00590401
14.54 1.88075e-07 0.000275805 -0.000203584 -1.56613e-06 -0.00509171 0.00689801
14.56 2.33237e-08 0.000297391 -0.000223209 -2.85146e-05 -0.00558256 0.00743787
14.58 -7.70231e-08 0.000296462 -0.000217437 -5.63485e-05 -0.0054382 0.00741464
14.6 -1.35836e-07 0.000272344 -0.000186251 -8.33271e-05 -0.00465822 0.00681143
14.62 -1.91336e-07 0.000225437 -0.000138354 -0.00010801 -0.0034603 0.00563828
14.64 -2.84135e-07 0.000157946 -8.94716e-05 -0.000127399 -0.00223772 0.00395029
14.66 -4.45279e-07 7.72745e-05 -5.66884e-05 -0.000138061 -0.0014178 0.00193267
14.68 -6.84827e-07 -1.87867e-06 -5.20512e-05 -0.00013901 -0.00130182 -4.69863e-05
14.7 -9.84953e-07 -6.23127e-05 -7.82845e-05 -0.000132513 -0.00195793 -0.00155847
14.72 -1.29707e-06 -9.53515e-05 -0.00012532 -0.000121716 -0.00313431 -0.00238478
14.74 -1.54205e-06 -0.000108498 -0.000166695 -0.000107991 -0.00416912 -0.00271357
14.76 -1.63054e-06 -0.000119827 -0.000167677 -9.0999e-05 -0.00419367 -0.00299693
14.78 -1.52082e-06 -0.000143064 -0.000111547 -7.09491e-05 -0.00278983 -0.00357808
14.8 -1.26801e-06 -0.000178418 -1.93622e-05 -4.99639e-05 -0.000484257 -0.00446231
14.82 -9.90762e-07 -0.000216952 6.49704e-05 -3.09774e-05 0.00162494 -0.00542605
14.84 -7.73315e-07 -0.000250411 0.000111856 -1.58136e-05 0.00279756 -0.00626289
14.86 -6.11963e-07 -0.00027539 0.00012505 -4.66995e-06 0.00312755 -0.00688761
14.88 -4.56908e-07 -0.000290319 0.000126038 3.40018e-06 0.00315227 -0.00726101
14.9 -2.80922e-07 -0.000291149 0.000127278 1.08631e-05 0.00318327 -0.00728175
14.92 -9.45679e-08 -0.000271289 0.000123743 2.22547e-05 0.00309488 -0.00678504
14.94 7.9821e-08 -0.000228002 0.000105802 4.23137e-05 0.00264614 -0.00570241
14.96 2.41147e-07 -0.000168676 7.50945e-05 7.20925e-05 0.00187814 -0.00421865
14.98 4.23784e-07 -0.000107236 4.72072e-05 0.000106862 0.00118067 -0.00268203
15 6.70303e-07 -5.18994e-05 3.9657e-05 0.000138232 0.000991839 -0.00129803
15.02 9.85874e-07 1.88857e-06 5.71338e-05 0.000158463 0.00142894 4.7234e-05
15.04 1.31804e-06 6.28392e-05 8.75725e-05 0.000163231 0.00219022 0.00157163
15.06 1.58559e-06 0.000128727 0.000110851 0.000151944 0.00277242 0.00321953
15.08 1.72546e-06 0.000183466 0.000110653 0.000127395 0.00276747 0.00458856
15.1 1.71788e-06 0.000211217 8.13686e-05 9.55579e-05 0.00203506 0.00528263
15.12 1.58582e-06 0.000212677 2.91086e-05 6.42835e-05 0.000728018 0.00531915
15.14 1.37929e-06 0.000206052 -3.17501e-05 4.03021e-05 -0.000794082 0.00515344
15.16 1.15189e-06 0.000211428 -8.5028e-05 2.64113e-05 -0.00212659 0.00528789
15.18 9.39678e-07 0.000234252 -0.000119907 2.10786e-05 -0.00299892 0.00585874
15.2 7.52045e-07 0.000263511 -0.000135625 2.02784e-05 -0.00339203 0.00659053
15.22 5.75197e-07 0.000284026 -0.000140229 1.94419e-05 -0.00350718 0.00710361
15.24 3.82362e-07 0.000288285 -0.000143252 1.39786e-05 -0.00358279 0.00721012
15.26 1.48904e-07 0.000276377 -0.000147973 -8.39299e-07 -0.00370088 0.0069123
15.28 -1.30161e-07 0.000247648 -0.000150414 -2.8404e-05 -0.00376191 0.00619378
15.3 -4.41445e-07 0.000196435 -0.000145722 -6.74174e-05 -0.00364457 0.00491292
15.32 -7.67131e-07 0.000119362 -0.000134624 -0.000110204 -0.00336701 0.0029853
15.34 -1.09411e-06 2.51631e-05 -0.000123048 -0.000146081 -0.00307747 0.00062934
15.36 -1.41498e-06 -6.73235e-05 -0.000116761 -0.000167366 -0.00292024 -0.00168379
15.38 -1.71687e-06 -0.000141751 -0.000117649 -0.000172215 -0.00294244 -0.00354526
15.4 -1.97159e-06 -0.000193344 -0.000123043 -0.000162806 -0.00307737 -0.00483562
15.42 -2.14321e-06 -0.000226161 -0.000125283 -0.000142668 -0.00313339 -0.00565638
15.44 -2.20687e-06 -0.000245862 -0.000113719 -0.000116147 -0.00284416 -0.00614911
15.46 -2.16237e-06 -0.000257652 -8.29115e-05 -8.87221e-05 -0.00207365 -0.00644399
15.48 -2.03518e-06 -0.000267736 -3.96448e-05 -6.58391e-05 -0.000991534 -0.0066962
15.5 -1.86128e-06 -0.000281139 1.33739e-06 -5.07416e-05 3.34486e-05 -0.0070314
15.52 -1.66401e-06 -0.000296893 2.90727e-05 -4.3565e-05 0.000727121 -0.00742542
15.54 -1.44023e-06 -0.00030796 4.38009e-05 -4.21388e-05 0.00109548 -0.00770221
15.56 -1.1699e-06 -0.000307001 5.4781e-05 -4.26946e-05 0.0013701 -0.00767821
15.58 -8.30051e-07 -0.000290775 7.1894e-05 -3.96198e-05 0.0017981 -0.00727239
15.6 -4.19803e-07 -0.000259455 9.71239e-05 -2.60875e-05 0.00242911 -0.00648908
15.62 2.51669e-08 -0.000213425 0.000121871 2.53239e-06 0.00304805 -0.00533785
15.64 4.5509e-07 -0.000152801 0.000133118 4.43337e-05 0.00332933 -0.00382161
15.66 8.37422e-07 -7.95473e-05 0.000123925 9.05042e-05 0.00309942 -0.00198951
15.68 1.16857e-06 2.09025e-06 9.87536e-05 0.000130201 0.00246987 5.22779e-05
15.7 1.45727e-06 8.54232e-05 6.93278e-05 0.000155927 0.00173392 0.00213647
15.72 1.70891e-06 0.000160398 4.63612e-05 0.000165206 0.00115951 0.00401163
15.74 1.92691e-06 0.000216226 3.49867e-05 0.000159362 0.000875033 0.00540791
15.76 2.11493e-06 0.000248765 3.59244e-05 0.00014222 0.000898485 0.00622171
15.78 2.26694e-06 0.000264461 4.72178e-05 0.000119496 0.00118094 0.00661429
15.8 2.35734e-06 0.000274679 6.2106e-05 9.76431e-05 0.0015533 0.00686984
15.82 2.34607e-06 0.000285883 6.81259e-05 8.16999e-05 0.00170386 0.00715005
15.84 2.1987e-06 0.000295207 5.38914e-05 7.33805e-05 0.00134785 0.00738325
15.86 1.91005e-06 0.000293996 1.81455e-05 7.07665e-05 0.000453827 0.00735297
15.88 1.51134e-06 0.000275297 -2.9494e-05 6.95267e-05 -0.000737657 0.00688529
15.9 1.04977e-06 0.000240076 -7.66777e-05 6.46813e-05 -0.00191774 0.0060044
15.92 5.67014e-07 0.000196623 -0.000115674 5.21456e-05 -0.00289306 0.00491761
15.94 9.42746e-08 0.000152824 -0.000143193 3.0077e-05 -0.00358132 0.0038222
15.96 -3.40724e-07 0.000109703 -0.000156489 -8.9577e-08 -0.00391384 0.00274371
15.98 -7.13897e-07 6.2807e-05 -0.000153117 -3.40024e-05 -0.00382952 0.00157083
16 -1.01736e-06 8.77659e-06 -0.00013468 -6.64243e-05 -0.00336839 0.000219506
16.02 -1.26186e-06 -4.9475e-05 -0.000108716 -9.33425e-05 -0.00271904 -0.00123739
16.04 -1.46773e-06 -0.000102748 -8.58776e-05 -0.000112721 -0.00214783 -0.00256977
16.06 -1.6575e-06 -0.000141456 -7.5053e-05 -0.000124132 -0.00187711 -0.00353788
16.08 -1.84908e-06 -0.0001642 -7.97278e-05 -0.000128278 -0.00199403 -0.0041067
16.1 -2.04243e-06 -0.00018089 -9.72477e-05 -0.000126694 -0.00243221 -0.00452413
16.12 -2.20979e-06 -0.000204496 -0.000120774 -0.000121197 -0.0030206 -0.00511453
16.14 -2.30384e-06 -0.000237506 -0.000140604 -0.000113096 -0.00351657 -0.00594013
16.16 -2.27579e-06 -0.000267331 -0.000144274 -0.000102889 -0.00360836 -0.00668606
16.18 -2.094e-06 -0.00027648 -0.00012155 -9.08075e-05 -0.00304002 -0.00691488
16.2 -1.76369e-06 -0.000257437 -7.42494e-05 -7.75151e-05 -0.00185701 -0.0064386
16.22 -1.32974e-06 -0.000217701 -1.8551e-05 -6.40305e-05 -0.000463967 -0.00544479
16.24 -8.53104e-07 -0.000171612 2.65277e-05 -5.08568e-05 0.000663468 -0.0042921
16.26 -3.77913e-07 -0.000128083 5.30107e-05 -3.72105e-05 0.00132582 -0.0032034
16.28 7.88936e-08 -8.62454e-05 6.58942e-05 -2.13006e-05 0.00164804 -0.00215703
16.3 5.10955e-07 -4.15486e-05 7.39088e-05 -1.44725e-06 0.00184849 -0.00103915
16.32 9.07786e-07 6.56139e-06 8.07765e-05 2.30429e-05 0.00202025 0.000164103
16.34 1.25434e-06 5.36435e-05 8.3914e-05 5.16032e-05 0.00209873 0.00134165
16.36 1.53853e-06 9.52662e-05 7.8863e-05 8.22924e-05 0.0019724 0.00238265
16.38 1.75969e-06 0.000131382 6.51205e-05 0.000111766 0.00162869 0.00328592
16.4 1.93208e-06 0.000165708 4.89852e-05 0.000135862 0.00122514 0.00414442
16.42 2.07548e-06 0.000201473 3.98625e-05 0.000150979 0.000996977 0.00503891
16.44 2.1964e-06 0.000237693 4.23477e-05 0.000155495 0.00105913 0.0059448
16.46 2.27688e-06 0.000268726 5.22572e-05 0.000150295 0.00130697 0.00672095
16.48 2.28333e-06 0.000287026 6.03147e-05 0.000138198 0.0015085 0.00717864
16.5 2.18636e-06 0.000286953 5.84986e-05 0.00012277 0.00146307 0.00717681
16.52 1.97587e-06 0.000267237 4.41129e-05 0.000107041 0.00110328 0.0066837
16.54 1.66292e-06 0.000231443 2.04203e-05 9.27139e-05 0.000510721 0.00578849
16.56 1.27422e-06 0.000186559 -6.58941e-06 7.98818e-05 -0.000164804 0.00466592
16.58 8.39771e-07 0.000139705 -3.29909e-05 6.70113e-05 -0.000825117 0.00349407
16.6 3.83527e-07 9.51527e-05 -5.8129e-05 5.15814e-05 -0.00145383 0.00237981
16.62 -7.35142e-08 5.3967e-05 -8.13304e-05 3.15037e-05 -0.00203411 0.00134974
16.64 -5.11779e-07 1.5329e-05 -9.98045e-05 6.32052e-06 -0.00249615 0.000383386
16.66 -9.16305e-07 -2.24242e-05 -0.000111319 -2.27522e-05 -0.00278415 -0.000560838
16.68 -1.27883e-06 -6.11404e-05 -0.000117192 -5.35922e-05 -0.00293103 -0.00152915
16.7 -1.5941e-06 -0.000101574 -0.000120408 -8.37759e-05 -0.00301145 -0.0025404
16.72 -1.8553e-06 -0.000142095 -0.000121604 -0.000110757 -0.00304137 -0.00355385
16.74 -2.05491e-06 -0.000179112 -0.000119175 -0.000132117 -0.00298061 -0.00447967
16.76 -2.19029e-06 -0.000209128 -0.000113361 -0.000146141 -0.0028352 -0.00523037
16.78 -2.26585e-06 -0.000230319 -0.000108182 -0.000152297 -0.00270568 -0.00576038
16.8 -2.28617e-06 -0.000242322 -0.000107973 -0.000151171 -0.00270046 -0.00606056
16.82 -2.24556e-06 -0.00024504 -0.000111967 -0.000144006 -0.00280033 -0.00612856
16.84 -2.12794e-06 -0.00023795 -0.00011283 -0.000132196 -0.00282192 -0.00595123
16.86 -1.91902e-06 -0.000220566 -0.000102231 -0.000116938 -0.00255684 -0.00551645
16.88 -1.62029e-06 -0.000193824 -7.93303e-05 -9.91953e-05 -0.00198408 -0.00484761
16.9 -1.25265e-06 -0.000160616 -5.18948e-05 -7.98404e-05 -0.00129791 -0.00401708
16.92 -8.42095e-07 -0.000124135 -2.70979e-05 -5.95464e-05 -0.00067773 -0.00310467
16.94 -4.04987e-07 -8.61495e-05 -3.82881e-06 -3.85198e-05 -9.576e-05 -0.00215464
16.96 4.87189e-08 -4.7206e-05 2.29006e-05 -1.64682e-05 0.000572753 -0.00118064
16.98 5.00661e-07 -7.53209e-06 5.17368e-05 7.12037e-06 0.00129396 -0.000188381
17 9.18623e-07 3.2747e-05 7.32321e-05 3.26179e-05 0.00183157 0.000819015
17.02 1.27314e-06 7.37081e-05 7.91801e-05 5.99459e-05 0.00198033 0.00184347
17.04 1.55727e-06 0.000115213 7.12657e-05 8.82172e-05 0.00178238 0.00288153
17.06 1.78376e-06 0.000156229 5.88575e-05 0.000115477 0.00147205 0.00390735
17.08 1.96432e-06 0.000194493 4.95863e-05 0.000138973 0.00124017 0.00486436
17.1 2.09778e-06 0.000226684 4.3969e-05 0.000155972 0.00109968 0.00566945
17.12 2.17732e-06 0.000249204 3.88411e-05 0.000164618 0.000971431 0.00623269
17.14 2.20199e-06 0.000259576 3.38573e-05 0.00016444 0.000846786 0.00649211
17.16 2.17758e-06 0.000257546 3.32214e-05 0.000156457 0.000830881 0.00644133
17.18 2.1076e-06 0.000244696 4.09064e-05 0.000142769 0.00102309 0.00611995
17.2 1.98195e-06 0.000222919 5.40194e-05 0.000125649 0.00135105 0.00557529
17.22 1.77657e-06 0.000193354 6.17269e-05 0.000106611 0.00154382 0.00483586
17.24 1.47137e-06 0.000156552 5.30501e-05 8.612e-05 0.00132681 0.00391544
17.26 1.07232e-06 0.000113587 2.65105e-05 6.41549e-05 0.000663038 0.00284085
17.28 6.16182e-07 6.74096e-05 -8.72564e-06 4.09879e-05 -0.000218232 0.00168594
17.3 1.47896e-07 2.22745e-05 -4.0955e-05 1.72312e-05 -0.0010243 0.000557094
17.32 -3.04101e-07 -1.93443e-05 -6.44026e-05 -6.68714e-06 -0.00161074 -0.000483808
17.34 -7.27099e-07 -5.88339e-05 -8.04439e-05 -3.0644e-05 -0.00201194 -0.00147146
17.36 -1.10951e-06 -9.93043e-05 -9.24525e-05 -5.43414e-05 -0.00231228 -0.00248364
17.38 -1.43515e-06 -0.000140689 -0.000100907 -7.69059e-05 -0.00252374 -0.00351868
17.4 -1.68974e-06 -0.000177433 -0.000103711 -9.70175e-05 -0.00259385 -0.00443768
17.42 -1.87e-06 -0.000202123 -0.000100468 -0.000113368 -0.00251273 -0.00505517
17.44 -1.98634e-06 -0.000212027 -9.52484e-05 -0.000125024 -0.0023822 -0.00530288
17.46 -2.05438e-06 -0.000211841 -9.40445e-05 -0.000131503 -0.00235209 -0.00529822
17.48 -2.08063e-06 -0.000209511 -9.90234e-05 -0.000132658 -0.00247662 -0.00523995
17.5 -2.05709e-06 -0.000209147 -0.000105948 -0.000128557 -0.0026498 -0.00523086
17.52 -1.96973e-06 -0.00020778 -0.00010838 -0.000119376 -0.00271063 -0.00519665
17.54 -1.80994e-06 -0.000198546 -0.000104082 -0.000105332 -0.00260313 -0.00496572
17.56 -1.57885e-06 -0.000176626 -9.55464e-05 -8.67589e-05 -0.00238965 -0.00441749
17.58 -1.28052e-06 -0.000142465 -8.46774e-05 -6.44685e-05 -0.00211782 -0.00356311
17.6 -9.17165e-07 -0.000100533 -6.96918e-05 -4.01578e-05 -0.00174302 -0.00251437
17.62 -4.94445e-07 -5.51763e-05 -4.80307e-05 -1.61093e-05 -0.00120127 -0.00137998
17.64 -3.0415e-08 -7.31225e-06 -2.07421e-05 5.95508e-06 -0.000518768 -0.000182882
17.66 4.41747e-07 4.43387e-05 6.78446e-06 2.57786e-05 0.000169682 0.00110893
17.68 8.84177e-07 9.87275e-05 2.79335e-05 4.42775e-05 0.000698628 0.00246922
17.7 1.26939e-06 0.000150226 3.88247e-05 6.24049e-05 0.000971023 0.00375721
17.72 1.58691e-06 0.000191747 4.0401e-05 8.02887e-05 0.00101045 0.00479567
17.74 1.83903e-06 0.000219894 3.74982e-05 9.72086e-05 0.000937845 0.00549964
17.76 2.03285e-06 0.000236705 3.55798e-05 0.000112037 0.000889865 0.00592009
17.78 2.17343e-06 0.000246894 3.74478e-05 0.000123604 0.000936585 0.00617492
17.8 2.25963e-06 0.000254018 4.21778e-05 0.000130912 0.00105488 0.00635311
17.82 2.28419e-06 0.000258701 4.66225e-05 0.000133334 0.00116605 0.00647021
17.84 2.23888e-06 0.000259091 4.81686e-05 0.00013069 0.00120472 0.00647998
17.86 2.11593e-06 0.000252011 4.68246e-05 0.00012305 0.0011711 0.0063029
17.88 1.90864e-06 0.000233592 4.45031e-05 0.000110428 0.00111304 0.00584224
17.9 1.61368e-06 0.000199732 4.1293e-05 9.27871e-05 0.00103276 0.00499538
17.92 1.23241e-06 0.000148529 3.31734e-05 7.07046e-05 0.000829682 0.00371476
17.94 7.7592e-07 8.39951e-05 1.55447e-05 4.60667e-05 0.000388781 0.00210075
17.96 2.68113e-07 1.54955e-05 -1.08639e-05 2.16227e-05 -0.000271711 0.000387548
17.98 -2.55577e-07 -4.8329e-05 -3.91654e-05 -4.93563e-07 -0.000979542 -0.00120873
18 -7.5559e-07 -0.000104709 -6.16233e-05 -1.97473e-05 -0.00154123 -0.00261882
18.02 -1.20142e-06 -0.000155533 -7.49779e-05 -3.67827e-05 -0.00187523 -0.00388995
18.04 -1.57911e-06 -0.000201823 -8.09559e-05 -5.23006e-05 -0.00202474 -0.00504769
18.06 -1.88666e-06 -0.000240352 -8.32053e-05 -6.64835e-05 -0.002081 -0.00601131
18.08 -2.12658e-06 -0.000265969 -8.45012e-05 -7.92613e-05 -0.00211341 -0.00665199
18.1 -2.30316e-06 -0.000276876 -8.612e-05 -9.06804e-05 -0.0021539 -0.00692478
18.12 -2.42077e-06 -0.000277075 -8.86972e-05 -0.000100828 -0.00221835 -0.00692977
18.14 -2.48095e-06 -0.000273362 -9.28144e-05 -0.000109552 -0.00232133 -0.00683689
18.16 -2.48202e-06 -0.00026988 -9.83065e-05 -0.000116304 -0.00245869 -0.00674982
18.18 -2.41916e-06 -0.0002654 -0.000103383 -0.000120058 -0.00258564 -0.00663777
18.2 -2.28212e-06 -0.000255101 -0.000105524 -0.00011931 -0.0026392 -0.00638019
18.22 -2.06134e-06 -0.00023381 -0.000103589 -0.00011237 -0.0025908 -0.00584769
18.24 -1.75551e-06 -0.000197831 -9.80601e-05 -9.81352e-05 -0.00245252 -0.00494784
18.26 -1.37328e-06 -0.00014701 -8.9e-05 -7.72356e-05 -0.00222593 -0.00367678
18.28 -9.28202e-07 -8.60715e-05 -7.51616e-05 -5.24812e-05 -0.00187982 -0.00215268
18.3 -4.33452e-07 -2.1665e-05 -5.58312e-05 -2.76838e-05 -0.00139636 -0.000541851
18.32 8.93458e-08 4.20908e-05 -3.28436e-05 -5.66852e-06 -0.000821432 0.00105271
18.34 6.05943e-07 0.000103845 -1.01627e-05 1.28364e-05 -0.000254173 0.00259721
18.36 1.08369e-06 0.000161326 8.59164e-06 2.87835e-05 0.00021488 0.00403483
18.38 1.50571e-06 0.000209612 2.23772e-05 4.36405e-05 0.000559664 0.00524249
18.4 1.86742e-06 0.000244163 3.2824e-05 5.85508e-05 0.000820941 0.00610663
18.42 2.16632e-06 0.000264758 4.21087e-05 7.41074e-05 0.00105316 0.0066217
18.44 2.39812e-06 0.000275508 5.06078e-05 9.03346e-05 0.00126572 0.00689056
18.46 2.55795e-06 0.00028125 5.67466e-05 0.00010662 0.00141926 0.00703419
18.48 2.64252e-06 0.00028432 5.91299e-05 0.000121754 0.00147886 0.00711096
18.5 2.65172e-06 0.000284127 5.83025e-05 0.00013422 0.00145817 0.00710613
18.52 2.58955e-06 0.00027886 5.6043e-05 0.000142573 0.00140166 0.0069744
18.54 2.45503e-06 0.000267459 5.33514e-05 0.00014573 0.00133434 0.00668927
18.56 2.23977e-06 0.000249404 4.96971e-05 0.00014303 0.00124294 0.00623771
18.58 1.93774e-06 0.000221687 4.37765e-05 0.00013398 0.00109487 0.00554448
18.6 1.5547e-06 0.000178861 3.43305e-05 0.000118356 0.000858619 0.00447339
18.62 1.11099e-06 0.000119614 2.08054e-05 9.71175e-05 0.000520352 0.00299159
18.64 6.29173e-07 5.13473e-05 3.81611e-06 7.28487e-05 9.54426e-05 0.00128422
18.66 1.27069e-07 -1.48122e-05 -1.53114e-05 4.86128e-05 -0.000382945 -0.00037046
18.68 -3.74394e-07 -7.27422e-05 -3.54156e-05 2.61945e-05 -0.000885758 -0.00181931
18.7 -8.48426e-07 -0.000123416 -5.54207e-05 5.52312e-06 -0.00138609 -0.00308669
18.72 -1.27204e-06 -0.000169481 -7.35345e-05 -1.4401e-05 -0.00183913 -0.00423878
18.74 -1.63133e-06 -0.000210005 -8.75195e-05 -3.431e-05 -0.0021889 -0.00525232
18.76 -1.9185e-06 -0.000240869 -9.63683e-05 -5.42797e-05 -0.00241021 -0.00602422
18.78 -2.13051e-06 -0.000258829 -0.000101262 -7.39861e-05 -0.00253261 -0.00647341
18.8 -2.26875e-06 -0.000264307 -0.000104265 -9.29015e-05 -0.0026077 -0.00661044
18.82 -2.33495e-06 -0.000260751 -0.000106208 -0.000110227 -0.0026563 -0.0065215
18.84 -2.32893e-06 -0.000251856 -0.000106327 -0.00012482 -0.00265928 -0.00629902
18.86 -2.25243e-06 -0.000239114 -0.000103941 -0.000135291 -0.00259961 -0.00598035
18.88 -2.10953e-06 -0.000221499 -0.000100071 -0.000140282 -0.00250283 -0.00553978
18.9 -1.90637e-06 -0.000197022 -9.72193e-05 -0.000138733 -0.00243149 -0.00492761
18.92 -1.64849e-06 -0.000163979 -9.71474e-05 -0.000129959 -0.0024297 -0.0041012
18.94 -1.33826e-06 -0.000122118 -9.79929e-05 -0.000113907 -0.00245084 -0.00305423
18.96 -9.7627e-07 -7.4191e-05 -9.40311e-05 -9.17479e-05 -0.00235176 -0.00185555
18.98 -5.63369e-07 -2.50774e-05 -8.00146e-05 -6.60027e-05 -0.0020012 -0.000627196
19 -1.10478e-07 2.19053e-05 -5.60794e-05 -3.95665e-05 -0.00140257 0.000547862
19.02 3.54028e-07 6.7194e-05 -2.77085e-05 -1.43361e-05 -0.000693 0.00168055
19.04 7.93669e-07 0.000112445 -1.33941e-06 9.3347e-06 -3.34993e-05 0.00281231
19.06 1.18119e-06 0.000156184 1.92242e-05 3.20007e-05 0.000480806 0.00390622
19.08 1.50352e-06 0.000193074 3.29701e-05 5.41358e-05 0.000824597 0.00482886
19.1 1.75588e-06 0.000217952 4.02892e-05 7.57213e-05 0.00100765 0.00545107
19.12 1.93844e-06 0.000230172 4.2408e-05 9.64202e-05 0.00106064 0.00575671
19.14 2.05609e-06 0.000233704 4.14982e-05 0.000115729 0.00103789 0.00584504
19.16 2.11572e-06 0.000233177 4.01953e-05 0.000132866 0.0010053 0.00583186
19.18 2.12282e-06 0.000229976 4.04661e-05 0.000146693 0.00101208 0.0057518
19.2 2.08068e-06 0.000222027 4.27949e-05 0.000155902 0.00107032 0.00555298
19.22 1.98824e-06 0.000207101 4.62458e-05 0.000159335 0.00115663 0.00517968
19.24 1.83986e-06 0.00018559 4.91496e-05 0.000156134 0.00122925 0.00464169
19.26 1.62746e-06 0.00015909 4.95662e-05 0.000145681 0.00123967 0.0039789
19.28 1.3461e-06 0.000127292 4.50529e-05 0.000127776 0.00112679 0.00318363
19.3 1.00043e-06 8.8139e-05 3.31637e-05 0.000103275 0.000829437 0.00220439
19.32 6.05454e-07 4.09365e-05 1.38192e-05 7.44614e-05 0.000345624 0.00102384
19.34 1.86144e-07 -1.15346e-05 -9.09769e-06 4.44496e-05 -0.000227537 -0.000288486
19.36 -2.25806e-07 -6.39095e-05 -2.98621e-05 1.59392e-05 -0.000746863 -0.0015984
19.38 -6.02349e-07 -0.000110779 -4.48313e-05 -9.66731e-06 -0.00112125 -0.00277063
19.4 -9.28794e-07 -0.000148795 -5.40251e-05 -3.22149e-05 -0.00135119 -0.00372143
19.42 -1.20185e-06 -0.000177182 -5.96102e-05 -5.21671e-05 -0.00149088 -0.0044314
19.44 -1.42195e-06 -0.00019665 -6.40094e-05 -7.00819e-05 -0.0016009 -0.00491829
19.46 -1.59094e-06 -0.000207856 -6.9351e-05 -8.63893e-05 -0.0017345 -0.00519857
19.48 -1.71222e-06 -0.000211025 -7.71393e-05 -0.000101206 -0.00192929 -0.00527783
19.5 -1.78648e-06 -0.000206876 -8.71175e-05 -0.000114105 -0.00217885 -0.00517406
19.52 -1.80835e-06 -0.000197184 -9.67164e-05 -0.000124034 -0.00241892 -0.00493165
19.54 -1.76904e-06 -0.000183741 -0.000102627 -0.000129509 -0.00256675 -0.00459544
19.56 -1.66323e-06 -0.000166788 -0.000103287 -0.000128945 -0.00258326 -0.00417144
19.58 -1.49396e-06 -0.000144477 -9.97765e-05 -0.000121022 -0.00249545 -0.00361344
19.6 -1.27086e-06 -0.000114182 -9.45993e-05 -0.000105226 -0.00236597 -0.00285574
19.62 -1.00647e-06 -7.52666e-05 -8.97025e-05 -8.2531e-05 -0.0022435 -0.00188245
19.64 -7.11503e-07 -3.05304e-05 -8.49771e-05 -5.55106e-05 -0.00212531 -0.000763578
19.66 -3.92684e-07 1.54603e-05 -7.83462e-05 -2.74427e-05 -0.00195947 0.000386668
19.68 -5.88842e-08 5.89142e-05 -6.78295e-05 -1.06589e-06 -0.00169644 0.00147347
19.7 2.7412e-07 9.74388e-05 -5.35752e-05 2.21504e-05 -0.00133994 0.00243698
19.72 5.88549e-07 0.000129158 -3.75163e-05 4.199e-05 -0.000938298 0.00323029
19.74 8.7219e-07 0.000152608 -2.13296e-05 5.90268e-05 -0.000533463 0.00381678
19.76 1.11868e-06 0.000167741 -5.39531e-06 7.40563e-05 -0.000134939 0.00419528
19.78 1.32256e-06 0.000176134 1.01891e-05 8.76173e-05 0.000254833 0.00440518
19.8 1.47688e-06 0.000179615 2.42262e-05 9.97267e-05 0.000605906 0.00449225
19.82 1.57523e-06 0.00017898 3.45896e-05 0.000109877 0.000865101 0.00447637
19.84 1.61476e-06 0.000174186 3.97615e-05 0.000117206 0.000994451 0.00435647
19.86 1.59622e-06 0.000165177 4.00702e-05 0.00012071 0.00100217 0.00413114
19.88 1.52277e-06 0.000151836 3.75728e-05 0.000119469 0.000939711 0.00379747
19.9 1.39972e-06 0.00013309 3.48813e-05 0.000112863 0.000872395 0.00332863
19.92 1.2337e-06 0.000106888 3.38264e-05 0.000100852 0.000846012 0.0026733
19.94 1.03135e-06 7.21226e-05 3.47367e-05 8.42219e-05 0.000868779 0.00180382
19.96 7.9745e-07 3.06056e-05 3.64738e-05 6.44841e-05 0.000912226 0.000765459
19.98 5.34775e-07 -1.3266e-05 3.66696e-05 4.33204e-05 0.000917121 -0.000331789
20 2.4697e-07 -5.46819e-05 3.2318e-05 2.20593e-05 0.000808286 -0.00136762
20.02 -5.86987e-08 -9.03572e-05 2.14672e-05 1.62452e-06 0.000536903 -0.00225987
20.04 -3.7076e-07 -0.000119138 4.80918e-06 -1.72233e-05 0.00012028 -0.00297968
20.06 -6.74934e-07 -0.000141588 -1.49238e-05 -3.37935e-05 -0.00037325 -0.00354116
20.08 -9.57064e-07 -0.000159143 -3.50897e-05 -4.76191e-05 -0.000877609 -0.00398023
20.1 -1.20561e-06 -0.000173161 -5.41339e-05 -5.85934e-05 -0.00135391 -0.00433082
20.12 -1.41079e-06 -0.00018423 -7.0723e-05 -6.69027e-05 -0.00176881 -0.00460768
20.14 -1.5625e-06 -0.000192054 -8.29951e-05 -7.28821e-05 -0.00207574 -0.00480334
20.16 -1.652e-06 -0.000195703 -8.95068e-05 -7.69221e-05 -0.0022386 -0.00489461
20.18 -1.67588e-06 -0.000193784 -9.08656e-05 -7.93142e-05 -0.00227259 -0.00484662
20.2 -1.63618e-06 -0.000184416 -8.98275e-05 -7.99605e-05 -0.00224662 -0.00461232
20.22 -1.5383e-06 -0.000165479 -8.93607e-05 -7.81861e-05 -0.00223495 -0.00413871
20.24 -1.38877e-06 -0.000135527 -9.06165e-05 -7.29982e-05 -0.00226636 -0.00338959
20.26 -1.19488e-06 -9.53313e-05 -9.2805e-05 -6.37701e-05 -0.00232109 -0.00238428
20.28 -9.65158e-07 -4.86865e-05 -9.47025e-05 -5.07759e-05 -0.00236855 -0.00121767
20.3 -7.08479e-07 -1.10345e-06 -9.56638e-05 -3.50884e-05 -0.00239259 -2.75977e-05
20.32 -4.33349e-07 4.257e-05 -9.48214e-05 -1.80612e-05 -0.00237152 0.00106469
20.34 -1.46266e-07 7.96307e-05 -9.01461e-05 -9.5027e-07 -0.00225459 0.0019916
20.36 1.4857e-07 0.000109638 -7.9818e-05 1.51318e-05 -0.00199628 0.00274209
20.38 4.45257e-07 0.000133901 -6.45362e-05 2.92008e-05 -0.00161408 0.00334893
20.4 7.32612e-07 0.000154491 -4.72107e-05 4.05937e-05 -0.00118076 0.00386388
20.42 9.97603e-07 0.000172639 -3.01664e-05 4.92456e-05 -0.000754474 0.00431777
20.44 1.23117e-06 0.000187598 -1.36375e-05 5.57158e-05 -0.00034108 0.0046919
20.46 1.42722e-06 0.000197296 2.69702e-06 6.08645e-05 6.74536e-05 0.00493447
20.48 1.5774e-06 0.000200202 1.7743e-05 6.54448e-05 0.00044376 0.00500714
20.5 1.67203e-06 0.000196312 2.95035e-05 6.98666e-05 0.000737895 0.00490986
20.52 1.70568e-06 0.00018642 3.7232e-05 7.41028e-05 0.000931188 0.00466244
20.54 1.67953e-06 0.000170866 4.21783e-05 7.76276e-05 0.0010549 0.00427342
20.56 1.59867e-06 0.000149122 4.59987e-05 7.94671e-05 0.00115045 0.00372961
20.58 1.46849e-06 0.000120651 4.88823e-05 7.85836e-05 0.00122257 0.00301753
20.6 1.29465e-06 8.64725e-05 4.95191e-05 7.44863e-05 0.00123849 0.00216271
20.62 1.08437e-06 4.96178e-05 4.68281e-05 6.75073e-05 0.00117119 0.00124096
20.64 8.46687e-07 1.35791e-05 4.1603e-05 5.84794e-05 0.00104051 0.000339618
20.66 5.92134e-07 -1.96936e-05 3.6098e-05 4.82249e-05 0.000902826 -0.000492546
20.68 3.28648e-07 -5.03688e-05 3.14289e-05 3.7326e-05 0.000786049 -0.00125975
20.7 5.73014e-08 -7.96962e-05 2.5788e-05 2.62207e-05 0.00064497 -0.00199323
20.72 -2.23989e-07 -0.00010853 1.61689e-05 1.5362e-05 0.00040439 -0.00271438
20.74 -5.10957e-07 -0.000136406 1.64022e-06 5.20923e-06 4.10227e-05 -0.00341156
20.76 -7.8974e-07 -0.000161437 -1.5816e-05 -3.94841e-06 -0.000395565 -0.0040376
20.78 -1.04334e-06 -0.000181051 -3.342e-05 -1.21461e-05 -0.000835849 -0.00452815
20.8 -1.25836e-06 -0.000193262 -4.96838e-05 -1.96928e-05 -0.00124261 -0.00483355
20.82 -1.42513e-06 -0.000197485 -6.43596e-05 -2.69496e-05 -0.00160966 -0.00493917
20.84 -1.53574e-06 -0.000194137 -7.71644e-05 -3.41467e-05 -0.00192991 -0.00485543
20.86 -1.58513e-06 -0.00018374 -8.72137e-05 -4.13328e-05 -0.00218125 -0.00459541
20.88 -1.57288e-06 -0.000166854 -9.35936e-05 -4.83323e-05 -0.00234081 -0.00417308
20.9 -1.5034e-06 -0.000144669 -9.61524e-05 -5.46136e-05 -0.00240481 -0.00361822
20.92 -1.38428e-06 -0.000118809 -9.57541e-05 -5.92394e-05 -0.00239485 -0.00297146
20.94 -1.22536e-06 -9.03956e-05 -9.39298e-05 -6.11863e-05 -0.00234922 -0.00226083
20.96 -1.03787e-06 -5.96204e-05 -9.22273e-05 -5.98862e-05 -0.00230664 -0.00149113
20.98 -8.31434e-07 -2.62012e-05 -9.16694e-05 -5.54768e-05 -0.00229269 -0.000655302
21 -6.12667e-07 9.71496e-06 -9.25462e-05 -4.85873e-05 -0.00231462 0.000242975
21.02 -3.85805e-07 4.68579e-05 -9.41628e-05 -3.99818e-05 -0.00235505 0.00117194
21.04 -1.52586e-07 8.28551e-05 -9.4278e-05 -3.0347e-05 -0.00235793 0.00207224
21.06 8.71882e-08 0.000115043 -8.95238e-05 -2.02245e-05 -0.00223903 0.00287727
21.08 3.30465e-07 0.000141404 -7.78615e-05 -1.00051e-05 -0.00194735 0.00353657
21.1 5.65484e-07 0.000160812 -6.08009e-05 5.67203e-08 -0.00152066 0.00402199
21.12 7.7441e-07 0.000172601 -4.23831e-05 9.83876e-06 -0.00106002 0.00431683
21.14 9.42625e-07 0.000176293 -2.58768e-05 1.93468e-05 -0.000647188 0.00440917
21.16 1.0643e-06 0.000172005 -1.19027e-05 2.86498e-05 -0.000297691 0.00430193
21.18 1.13939e-06 0.000160992 3.69843e-07 3.77624e-05 9.24992e-06 0.00402648
21.2 1.16723e-06 0.000145423 1.10016e-05 4.65764e-05 0.000275155 0.00363708
21.22 1.14547e-06 0.000127252 1.87899e-05 5.48413e-05 0.000469943 0.00318262
21.24 1.07357e-06 0.000106845 2.27479e-05 6.20847e-05 0.000568935 0.00267224
21.26 9.56068e-07 8.27135e-05 2.352e-05 6.75779e-05 0.000588245 0.0020687
21.28 8.03089e-07 5.30283e-05 2.31286e-05 7.05559e-05 0.000578456 0.00132626
21.3 6.26616e-07 1.76309e-05 2.35073e-05 7.05584e-05 0.000587928 0.000440957
21.32 4.36704e-07 -2.12429e-05 2.53233e-05 6.75696e-05 0.000633347 -0.000531294
21.34 2.40618e-07 -5.99646e-05 2.78859e-05 6.19014e-05 0.000697439 -0.00149974
21.36 4.35032e-08 -9.52854e-05 2.98341e-05 5.40186e-05 0.000746163 -0.00238313
21.38 -1.51096e-07 -0.000125598 2.98376e-05 4.44488e-05 0.00074625 -0.00314126
21.4 -3.40128e-07 -0.000150882 2.68389e-05 3.37483e-05 0.000671251 -0.00377363
21.42 -5.19543e-07 -0.000171504 2.0245e-05 2.24646e-05 0.000506336 -0.00428939
21.44 -6.83404e-07 -0.000187003 1.05285e-05 1.11148e-05 0.000263323 -0.00467703
21.46 -8.24214e-07 -0.000196049 -6.08217e-07 1.69074e-07 -1.52118e-05 -0.00490328
21.48 -9.34855e-07 -0.000197607 -1.13802e-05 -1.00222e-05 -0.000284624 -0.00494223
21.5 -1.0113e-06 -0.00019211 -2.13015e-05 -1.93371e-05 -0.00053276 -0.00480475
21.52 -1.05229e-06 -0.00018143 -3.10236e-05 -2.78726e-05 -0.000775914 -0.00453764
21.54 -1.05511e-06 -0.000167404 -4.08499e-05 -3.57232e-05 -0.00102167 -0.00418685
21.56 -1.01428e-06 -0.000149834 -4.99776e-05 -4.26476e-05 -0.00124996 -0.00374741
21.58 -9.25976e-07 -0.000125801 -5.74484e-05 -4.79365e-05 -0.00143681 -0.00314633
21.6 -7.93691e-07 -9.1927e-05 -6.33792e-05 -5.0736e-05 -0.00158514 -0.00229913
21.62 -6.28099e-07 -4.81446e-05 -6.87526e-05 -5.05721e-05 -0.00171953 -0.00120412
21.64 -4.40991e-07 7.33187e-07 -7.40551e-05 -4.75442e-05 -0.00185215 1.83373e-05
21.66 -2.41771e-07 4.73836e-05 -7.84783e-05 -4.20692e-05 -0.00196278 0.00118508
21.68 -3.78707e-08 8.63987e-05 -8.06106e-05 -3.45434e-05 -0.0020161 0.00216087
21.7 1.63971e-07 0.000117131 -7.97954e-05 -2.52708e-05 -0.00199572 0.00292951
21.72 3.5676e-07 0.000142762 -7.67079e-05 -1.46338e-05 -0.0019185 0.00357054
21.74 5.33003e-07 0.000166569 -7.26924e-05 -3.22002e-06 -0.00181807 0.00416596
21.76 6.86215e-07 0.000188674 -6.86882e-05 8.27055e-06 -0.00171792 0.00471882
21.78 8.1281e-07 0.000205948 -6.47698e-05 1.92343e-05 -0.00161992 0.00515086
21.8 9.11968e-07 0.000214871 -6.03811e-05 2.92857e-05 -0.00151016 0.00537401
21.82 9.83787e-07 0.000214521 -5.46281e-05 3.8243e-05 -0.00136627 0.00536526
21.84 1.02784e-06 0.000207028 -4.65925e-05 4.60707e-05 -0.0011653 0.00517786
21.86 1.04155e-06 0.000195433 -3.61822e-05 5.28151e-05 -0.000904932 0.00488785
21.88 1.01824e-06 0.000181123 -2.50457e-05 5.84598e-05 -0.000626403 0.00452996
21.9 9.49264e-07 0.000162791 -1.61475e-05 6.26625e-05 -0.000403855 0.00407147
21.92 8.29979e-07 0.000137494 -1.17995e-05 6.46472e-05 -0.000295112 0.00343877
21.94 6.65527e-07 0.000103459 -1.19101e-05 6.361e-05 -0.000297877 0.00258756
21.96 4.70074e-07 6.24604e-05 -1.41782e-05 5.93363e-05 -0.000354603 0.00156216
21.98 2.59283e-07 1.93422e-05 -1.59807e-05 5.23398e-05 -0.000399683 0.000483758
22 4.53127e-08 -2.09484e-05 -1.6119e-05 4.34226e-05 -0.000403144 -0.000523929
22.02 -1.64024e-07 -5.63196e-05 -1.49755e-05 3.31894e-05 -0.000374545 -0.00140858
22.04 -3.64299e-07 -8.81986e-05 -1.34024e-05 2.19626e-05 -0.0003352 -0.00220588
22.06 -5.52203e-07 -0.000119468 -1.18517e-05 1.00377e-05 -0.000296416 -0.00298794
22.08 -7.23217e-07 -0.000151202 -1.05821e-05 -2.09402e-06 -0.000264663 -0.00378162
22.1 -8.71993e-07 -0.000180775 -1.02715e-05 -1.37894e-05 -0.000256896 -0.00452126
22.12 -9.94097e-07 -0.000203023 -1.19873e-05 -2.44526e-05 -0.000299808 -0.00507769
22.14 -1.08589e-06 -0.000213657 -1.64668e-05 -3.36611e-05 -0.000411841 -0.00534364
22.16 -1.14318e-06 -0.000212173 -2.34393e-05 -4.11628e-05 -0.000586227 -0.00530653
22.18 -1.16128e-06 -0.000202002 -3.14402e-05 -4.68311e-05 -0.000786332 -0.00505215
22.2 -1.13588e-06 -0.00018798 -3.81321e-05 -5.06086e-05 -0.000953699 -0.00470146
22.22 -1.06257e-06 -0.000173123 -4.1198e-05 -5.24069e-05 -0.00103038 -0.00432987
22.24 -9.39076e-07 -0.00015667 -3.97546e-05 -5.19392e-05 -0.000994279 -0.00391837
22.26 -7.69308e-07 -0.00013444 -3.54064e-05 -4.86465e-05 -0.000885528 -0.00336239
22.28 -5.65112e-07 -0.000102094 -3.16054e-05 -4.20537e-05 -0.000790464 -0.00255342
22.3 -3.41485e-07 -5.92858e-05 -3.12676e-05 -3.23704e-05 -0.000782016 -0.00148276
22.32 -1.07521e-07 -1.04692e-05 -3.45843e-05 -2.06037e-05 -0.000864968 -0.000261838
22.34 1.33833e-07 3.84954e-05 -3.90983e-05 -7.96786e-06 -0.000977865 0.000962786
22.36 3.78001e-07 8.41088e-05 -4.18983e-05 4.76786e-06 -0.00104789 0.0021036
22.38 6.1474e-07 0.000125537 -4.17096e-05 1.73602e-05 -0.00104317 0.00313972
22.4 8.3176e-07 0.000162058 -3.90952e-05 2.96847e-05 -0.000977788 0.00405314
22.42 1.01939e-06 0.000191373 -3.52363e-05 4.13892e-05 -0.000881275 0.00478632
22.44 1.17203e-06 0.000210936 -3.10099e-05 5.19225e-05 -0.000775572 0.0052756
22.46 1.28691e-06 0.000220601 -2.70607e-05 6.07723e-05 -0.000676798 0.00551732
22.48 1.36225e-06 0.000223274 -2.40859e-05 6.76242e-05 -0.000602398 0.00558419
22.5 1.39681e-06 0.000222642 -2.25722e-05 7.237e-05 -0.000564541 0.00556836
22.52 1.39156e-06 0.000220323 -2.22388e-05 7.50404e-05 -0.000556201 0.00551038
22.54 1.34945e-06 0.000215292 -2.19602e-05 7.57032e-05 -0.000549234 0.00538455
22.56 1.27057e-06 0.000205486 -2.05287e-05 7.43411e-05 -0.000513432 0.00513928
22.58 1.15003e-06 0.000188896 -1.77416e-05 7.07194e-05 -0.000443724 0.00472438
22.6 9.81887e-07 0.000163104 -1.48353e-05 6.4392e-05 -0.000371038 0.00407929
22.62 7.66452e-07 0.000126023 -1.37548e-05 5.50775e-05 -0.000344013 0.00315189
22.64 5.1336e-07 7.86325e-05 -1.57325e-05 4.31261e-05 -0.000393477 0.00196663
22.66 2.37367e-07 2.61998e-05 -2.02885e-05 2.95125e-05 -0.000507424 0.000655269
22.68 -4.42509e-08 -2.39452e-05 -2.55593e-05 1.53622e-05 -0.000639249 -0.000598878
22.7 -3.145e-07 -6.61299e-05 -2.98929e-05 1.51878e-06 -0.000747633 -0.00165394
22.72 -5.62902e-07 -9.86182e-05 -3.33878e-05 -1.15262e-05 -0.000835044 -0.00246648
22.74 -7.87909e-07 -0.000123409 -3.76957e-05 -2.34633e-05 -0.000942785 -0.00308651
22.76 -9.90134e-07 -0.000144184 -4.39562e-05 -3.40308e-05 -0.00109936 -0.00360611
22.78 -1.16509e-06 -0.000163739 -5.10346e-05 -4.30086e-05 -0.0012764 -0.00409518
22.8 -1.30397e-06 -0.000182378 -5.62553e-05 -5.02439e-05 -0.00140697 -0.00456135
22.82 -1.39888e-06 -0.000198146 -5.79723e-05 -5.56455e-05 -0.00144991 -0.00495572
22.84 -1.44554e-06 -0.000208261 -5.71094e-05 -5.91691e-05 -0.00142833 -0.0052087
22.86 -1.44236e-06 -0.000210339 -5.6102e-05 -6.0784e-05 -0.00140313 -0.00526068
22.88 -1.38801e-06 -0.000202818 -5.6634e-05 -6.03788e-05 -0.00141644 -0.00507257
22.9 -1.27969e-06 -0.000184972 -5.84628e-05 -5.76616e-05 -0.00146218 -0.00462624
22.92 -1.11605e-06 -0.000156972 -5.99478e-05 -5.21959e-05 -0.00149932 -0.00392593
22.94 -9.01034e-07 -0.000120137 -5.92153e-05 -4.36814e-05 -0.001481 -0.00300468
22.96 -6.4466e-07 -7.75547e-05 -5.50023e-05 -3.23724e-05 -0.00137563 -0.00193967
22.98 -3.6097e-07 -3.39261e-05 -4.71644e-05 -1.91854e-05 -0.0011796 -0.000848507
23 -6.508e-08 6.43321e-06 -3.69543e-05 -5.26903e-06 -0.000924242 0.000160897
23.02 2.2718e-07 4.17689e-05 -2.67071e-05 8.52392e-06 -0.000667955 0.00104466
23.04 5.01489e-07 7.29976e-05 -1.86822e-05 2.17605e-05 -0.000467251 0.0018257
23.06 7.49965e-07 0.000101971 -1.36694e-05 3.41978e-05 -0.000341877 0.00255033
23.08 9.72086e-07 0.000129874 -1.05773e-05 4.55812e-05 -0.000264544 0.00324821
23.1 1.16869e-06 0.000156687 -7.54861e-06 5.5656e-05 -0.000188794 0.00391881
23.12 1.33607e-06 0.000181047 -3.56835e-06 6.42533e-05 -8.9246e-05 0.00452806
23.14 1.4663e-06 0.000200187 1.05124e-06 7.12757e-05 2.62919e-05 0.00500676
23.16 1.55159e-06 0.000210673 5.58332e-06 7.66095e-05 0.000139641 0.00526903
23.18 1.58763e-06 0.000210154 9.865e-06 8.00854e-05 0.000246728 0.00525603
23.2 1.57389e-06 0.000198858 1.42393e-05 8.15028e-05 0.00035613 0.00497352
23.22 1.51086e-06 0.000179412 1.88036e-05 8.06668e-05 0.000470286 0.00448717
23.24 1.39876e-06 0.000155083 2.28958e-05 7.74008e-05 0.000572633 0.00387869
23.26 1.23806e-06 0.000127769 2.51132e-05 7.15437e-05 0.000628092 0.00319555
23.28 1.03075e-06 9.76182e-05 2.36724e-05 6.30694e-05 0.000592058 0.00244147
23.3 7.82515e-07 6.4637e-05 1.71702e-05 5.23176e-05 0.000429433 0.0016166
23.32 5.02738e-07 3.005e-05 5.73246e-06 4.00329e-05 0.000143371 0.000751563
23.34 2.04518e-07 -4.27506e-06 -8.31052e-06 2.7076e-05 -0.00020785 -0.000106921
23.36 -9.60454e-08 -3.73895e-05 -2.12904e-05 1.40838e-05 -0.000532483 -0.000935127
23.38 -3.84173e-07 -6.97408e-05 -3.03827e-05 1.38973e-06 -0.000759885 -0.00174425
23.4 -6.5174e-07 -0.000101989 -3.54636e-05 -1.08003e-05 -0.000886959 -0.00255079
23.42 -8.97127e-07 -0.000133452 -3.90709e-05 -2.22355e-05 -0.00097718 -0.0033377
23.44 -1.11977e-06 -0.000161674 -4.44729e-05 -3.26334e-05 -0.00111229 -0.00404353
23.46 -1.31527e-06 -0.000183375 -5.34343e-05 -4.17978e-05 -0.00133641 -0.0045863
23.48 -1.47448e-06 -0.000195987 -6.52904e-05 -4.96514e-05 -0.00163294 -0.00490173
23.5 -1.5858e-06 -0.000198703 -7.75773e-05 -5.6147e-05 -0.00194024 -0.00496964
23.52 -1.6393e-06 -0.000192453 -8.74171e-05 -6.11564e-05 -0.00218634 -0.00481332
23.54 -1.63075e-06 -0.000179068 -9.28799e-05 -6.44257e-05 -0.00232296 -0.00447858
23.56 -1.56274e-06 -0.000160523 -9.37689e-05 -6.56206e-05 -0.0023452 -0.00401475
23.58 -1.44307e-06 -0.000138583 -9.14187e-05 -6.44067e-05 -0.00228642 -0.00346603
23.6 -1.28098e-06 -0.000114293 -8.76647e-05 -6.05188e-05 -0.00219253 -0.00285851
23.62 -1.08477e-06 -8.76218e-05 -8.38487e-05 -5.39241e-05 -0.00209709 -0.00219146
23.64 -8.61555e-07 -5.7983e-05 -8.0505e-05 -4.50216e-05 -0.00201346 -0.00145018
23.66 -6.16302e-07 -2.50536e-05 -7.74244e-05 -3.45777e-05 -0.00193642 -0.000626601
23.68 -3.52589e-07 1.08158e-05 -7.37658e-05 -2.33563e-05 -0.00184491 0.000270508
23.7 -7.55747e-08 4.84745e-05 -6.84867e-05 -1.18162e-05 -0.00171288 0.00121237
23.72 2.06453e-07 8.5807e-05 -6.09246e-05 -1.46149e-07 -0.00152375 0.00214607
23.74 4.83493e-07 0.000119913 -5.08854e-05 1.15166e-05 -0.00127267 0.00299906
23.76 7.45247e-07 0.00014794 -3.83466e-05 2.29724e-05 -0.000959063 0.00370004
23.78 9.81121e-07 0.000168014 -2.35141e-05 3.39895e-05 -0.000588096 0.0042021
23.8 1.18011e-06 0.000179545 -7.3812e-06 4.43256e-05 -0.000184607 0.00449049
23.82 1.3316e-06 0.000183018 7.90733e-06 5.36896e-05 0.000197766 0.00457735
23.84 1.42702e-06 0.00017969 1.9546e-05 6.17366e-05 0.000488854 0.00449412
23.86 1.46238e-06 0.000171169 2.53956e-05 6.81336e-05 0.000635154 0.004281
23.88 1.44035e-06 0.000158826 2.53807e-05 7.26311e-05 0.000634782 0.00397231
23.9 1.36977e-06 0.000143422 2.18572e-05 7.50835e-05 0.000546658 0.00358704
23.92 1.26243e-06 0.000125009 1.84681e-05 7.53952e-05 0.000461894 0.00312652
23.94 1.12777e-06 0.000102987 1.81992e-05 7.34817e-05 0.00045517 0.00257574
23.96 9.70021e-07 7.65788e-05 2.18678e-05 6.93647e-05 0.000546924 0.00191527
23.98 7.87895e-07 4.5572e-05 2.77469e-05 6.32765e-05 0.000693961 0.00113977
24 5.76652e-07 1.06919e-05 3.22018e-05 5.55531e-05 0.00080538 0.000267408
24.02 3.3359e-07 -2.6419e-05 3.10638e-05 4.63991e-05 0.000776919 -0.00066075
24.04 6.37992e-08 -6.31913e-05 2.17653e-05 3.58453e-05 0.000544359 -0.00158044
24.06 -2.18062e-07 -9.62004e-05 5.34447e-06 2.40168e-05 0.000133667 -0.00240601
24.08 -4.91632e-07 -0.000122112 -1.37921e-05 1.1393e-05 -0.000344946 -0.00305406
24.1 -7.38465e-07 -0.000139482 -3.08343e-05 -1.28047e-06 -0.000771179 -0.00348851
24.12 -9.48495e-07 -0.000149864 -4.36562e-05 -1.33171e-05 -0.00109186 -0.00374815
24.14 -1.12016e-06 -0.000156754 -5.32042e-05 -2.42935e-05 -0.00133066 -0.00392049
24.16 -1.25444e-06 -0.000162947 -6.13072e-05 -3.40229e-05 -0.00153332 -0.00407536
24.18 -1.34942e-06 -0.000168354 -6.85451e-05 -4.24734e-05 -0.00171434 -0.0042106
24.2 -1.40097e-06 -0.000170055 -7.42268e-05 -4.97208e-05 -0.00185644 -0.00425314
24.22 -1.4067e-06 -0.000164583 -7.78758e-05 -5.58555e-05 -0.00194771 -0.0041163
24.24 -1.36804e-06 -0.000150704 -8.01526e-05 -6.08041e-05 -0.00200465 -0.00376917
24.26 -1.289e-06 -0.000130215 -8.23151e-05 -6.41566e-05 -0.00205873 -0.00325673
24.28 -1.17324e-06 -0.000106035 -8.51078e-05 -6.51893e-05 -0.00212858 -0.00265198
24.3 -1.0232e-06 -7.97235e-05 -8.81774e-05 -6.31894e-05 -0.00220535 -0.00199392
24.32 -8.40917e-07 -5.09568e-05 -9.02225e-05 -5.78655e-05 -0.0022565 -0.00127445
24.34 -6.28706e-07 -1.92362e-05 -8.94256e-05 -4.94883e-05 -0.00223657 -0.000481106
24.36 -3.90428e-07 1.40992e-05 -8.39262e-05 -3.87005e-05 -0.00209903 0.000352626
24.38 -1.32823e-07 4.5751e-05 -7.27141e-05 -2.62623e-05 -0.00181861 0.00114425
24.4 1.33351e-07 7.24828e-05 -5.6808e-05 -1.29446e-05 -0.00142079 0.00181282
24.42 3.93597e-07 9.33718e-05 -3.93642e-05 5.32738e-07 -0.000984514 0.00233527
24.44 6.32993e-07 0.000110148 -2.39817e-05 1.36509e-05 -0.000599793 0.00275485
24.46 8.40963e-07 0.000125354 -1.25806e-05 2.61989e-05 -0.000314646 0.00313515
24.48 1.01282e-06 0.000139988 -4.81174e-06 3.81534e-05 -0.000120344 0.00350116
24.5 1.14692e-06 0.000152496 8.21797e-07 4.94283e-05 2.05535e-05 0.00381399
24.52 1.24197e-06 0.00015968 5.69294e-06 5.97611e-05 0.000142383 0.00399367
24.54 1.2975e-06 0.000158868 1.07648e-05 6.88128e-05 0.000269233 0.00397335
24.56 1.31455e-06 0.000149841 1.67662e-05 7.62973e-05 0.00041933 0.00374759
24.58 1.29337e-06 0.000135004 2.38324e-05 8.19617e-05 0.000596059 0.00337651
24.6 1.23151e-06 0.000117461 3.08117e-05 8.54487e-05 0.000770612 0.00293774
24.62 1.12514e-06 9.86352e-05 3.53301e-05 8.6216e-05 0.000883619 0.00246691
24.64 9.72888e-07 7.78296e-05 3.49881e-05 8.36821e-05 0.000875067 0.00194655
24.66 7.78617e-07 5.40657e-05 2.87811e-05 7.75399e-05 0.000719827 0.00135221
24.68 5.50807e-07 2.7937e-05 1.76228e-05 6.79614e-05 0.000440755 0.000698715
24.7 3.00685e-07 1.43694e-06 3.75594e-06 5.55467e-05 9.39377e-05 3.59386e-05
24.72 4.05423e-08 -2.37625e-05 -1.03817e-05 4.11433e-05 -0.000259651 -0.000594309
24.74 -2.18156e-07 -4.75252e-05 -2.31711e-05 2.56773e-05 -0.000579519 -0.00118862
24.76 -4.66516e-07 -7.06595e-05 -3.4218e-05 1.00022e-05 -0.000855805 -0.00176722
24.78 -6.98508e-07 -9.32272e-05 -4.40709e-05 -5.23336e-06 -0.00110223 -0.00233165
24.8 -9.09903e-07 -0.00011363 -5.3655e-05 -1.96477e-05 -0.00134193 -0.00284193
24.82 -1.09672e-06 -0.000129447 -6.37664e-05 -3.30893e-05 -0.00159482 -0.00323753
24.84 -1.25379e-06 -0.000139059 -7.46158e-05 -4.55265e-05 -0.00186617 -0.00347793
24.86 -1.3744e-06 -0.000142415 -8.55083e-05 -5.69045e-05 -0.0021386 -0.00356186
24.88 -1.45191e-06 -0.000140524 -9.50609e-05 -6.70178e-05 -0.00237751 -0.00351456
24.9 -1.48221e-06 -0.000134599 -0.000101965 -7.5452e-05 -0.00255019 -0.00336638
24.92 -1.46442e-06 -0.000125675 -0.000105549 -8.1629e-05 -0.00263983 -0.00314319
24.94 -1.39947e-06 -0.000114551 -0.000105617 -8.49183e-05 -0.00264153 -0.00286497
24.96 -1.28928e-06 -0.000101542 -0.000102145 -8.47416e-05 -0.0025547 -0.00253961
24.98 -1.13763e-06 -8.61674e-05 -9.55949e-05 -8.06829e-05 -0.00239087 -0.00215508
25 -9.51371e-07 -6.74869e-05 -8.73128e-05 -7.26655e-05 -0.00218373 -0.00168787
25.02 -7.39143e-07 -4.50582e-05 -7.89024e-05 -6.10967e-05 -0.00197338 -0.00112692
25.04 -5.07875e-07 -1.96047e-05 -7.10061e-05 -4.68106e-05 -0.00177589 -0.000490321
25.06 -2.61894e-07 7.14685e-06 -6.29122e-05 -3.08349e-05 -0.00157346 0.000178746
25.08 -5.01628e-09 3.31723e-05 -5.31729e-05 -1.41243e-05 -0.00132988 0.000829653
25.1 2.57472e-07 5.68191e-05 -4.05121e-05 2.63605e-06 -0.00101322 0.00142107
25.12 5.18114e-07 7.70864e-05 -2.46357e-05 1.90784e-05 -0.000616148 0.00192796
25.14 7.66888e-07 9.35138e-05 -6.68411e-06 3.50238e-05 -0.000167172 0.00233882
25.16 9.91836e-07 0.000105914 1.11138e-05 5.028e-05 0.000277961 0.00264895
25.18 1.18176e-06 0.000114221 2.65283e-05 6.45277e-05 0.000663485 0.0028567
25.2 1.3292e-06 0.000118564 3.83134e-05 7.73429e-05 0.000958234 0.00296533
25.22 1.43103e-06 0.000119412 4.63464e-05 8.82694e-05 0.00115914 0.00298654
25.24 1.48673e-06 0.000117472 5.10774e-05 9.68756e-05 0.00127747 0.00293803
25.26 1.49685e-06 0.000113253 5.30036e-05 0.000102801 0.00132564 0.0028325
25.28 1.46268e-06 0.000106567 5.26081e-05 0.000105784 0.00131575 0.00266529
25.3 1.38699e-06 9.64635e-05 5.06168e-05 0.000105645 0.00126595 0.00241259
25.32 1.27456e-06 8.1836e-05 4.81605e-05 0.000102254 0.00120451 0.00204675
25.34 1.13096e-06 6.25453e-05 4.64361e-05 9.55734e-05 0.00116139 0.00156428
25.36 9.59456e-07 4.01401e-05 4.54132e-05 8.57338e-05 0.0011358 0.00100392
25.38 7.58034e-07 1.7187e-05 4.23727e-05 7.30206e-05 0.00105976 0.000429855
25.4 5.22114e-07 -4.31441e-06 3.30003e-05 5.78705e-05 0.00082535 -0.000107905
25.42 2.53583e-07 -2.37691e-05 1.52371e-05 4.10018e-05 0.000381087 -0.000594475
25.44 -3.37136e-08 -4.13648e-05 -8.477e-06 2.34499e-05 -0.000212013 -0.00103455
25.46 -3.19225e-07 -5.69891e-05 -3.3366e-05 6.28093e-06 -0.000834498 -0.00142532
25.48 -5.85685e-07 -6.99167e-05 -5.60273e-05 -9.78189e-06 -0.00140127 -0.00174865
25.5 -8.22723e-07 -7.9375e-05 -7.55043e-05 -2.44387e-05 -0.00188839 -0.0019852
25.52 -1.0233e-06 -8.52043e-05 -9.16452e-05 -3.76349e-05 -0.00229208 -0.002131
25.54 -1.18097e-06 -8.79574e-05 -0.000103785 -4.94293e-05 -0.0025957 -0.00219985
25.56 -1.29171e-06 -8.84413e-05 -0.000111301 -5.99602e-05 -0.00278368 -0.00221195
25.58 -1.35598e-06 -8.71401e-05 -0.000114693 -6.9317e-05 -0.00286852 -0.00217941
25.6 -1.37768e-06 -8.39202e-05 -0.000115565 -7.73198e-05 -0.00289032 -0.00209888
25.62 -1.3615e-06 -7.81401e-05 -0.000115649 -8.3431e-05 -0.00289242 -0.00195432
25.64 -1.3114e-06 -6.90708e-05 -0.000115911 -8.69015e-05 -0.00289899 -0.00172749
25.66 -1.23033e-06 -5.64674e-05 -0.000116295 -8.70257e-05 -0.0029086 -0.00141227
25.68 -1.12021e-06 -4.1042e-05 -0.000116189 -8.33548e-05 -0.00290593 -0.00102648
25.7 -9.81566e-07 -2.43984e-05 -0.000114928 -7.5811e-05 -0.0028744 -0.000610215
25.72 -8.1276e-07 -8.21328e-06 -0.00011114 -6.46914e-05 -0.00277966 -0.000205418
25.74 -6.10113e-07 6.7527e-06 -0.000102034 -5.06277e-05 -0.00255192 0.000168888
25.76 -3.72391e-07 2.08535e-05 -8.53039e-05 -3.45844e-05 -0.00213349 0.000521554
25.78 -1.076e-07 3.47805e-05 -6.21783e-05 -1.77877e-05 -0.0015551 0.000869876
25.8 1.66643e-07 4.86228e-05 -3.72076e-05 -1.41765e-06 -0.000930578 0.00121608
25.82 4.31586e-07 6.15865e-05 -1.4624e-05 1.3807e-05 -0.000365752 0.0015403
25.84 6.75329e-07 7.24303e-05 4.34382e-06 2.77871e-05 0.000108641 0.00181151
25.86 8.92016e-07 8.01294e-05 2.05865e-05 4.08215e-05 0.000514877 0.00200407
25.88 1.07671e-06 8.43842e-05 3.4727e-05 5.32836e-05 0.000868537 0.00211048
25.9 1.22397e-06 8.58037e-05 4.6259e-05 6.54385e-05 0.00115696 0.00214599
25.92 1.32988e-06 8.55902e-05 5.43837e-05 7.73198e-05 0.00136016 0.00214065
25.94 1.39299e-06 8.47575e-05 5.88576e-05 8.85581e-05 0.00147205 0.00211982
25.96 1.41386e-06 8.33847e-05 6.01016e-05 9.83073e-05 0.00150317 0.00208549
25.98 1.39466e-06 8.04922e-05 5.89788e-05 0.000105421 0.00147508 0.00201314
26 1.33878e-06 7.46178e-05 5.64946e-05 0.000108812 0.00141295 0.00186622
26.02 1.25024e-06 6.46624e-05 5.35385e-05 0.000107793 0.00133902 0.00161723
26.04 1.13299e-06 5.05462e-05 5.09919e-05 0.000102264 0.00127533 0.00126418
26.06 9.89724e-07 3.33875e-05 4.95125e-05 9.27063e-05 0.00123833 0.000835035
26.08 8.19079e-07 1.49972e-05 4.77959e-05 7.99956e-05 0.00119539 0.000375086
26.1 6.14603e-07 -3.09334e-06 4.1446e-05 6.5155e-05 0.00103658 -7.73658e-05
26.12 3.71634e-07 -2.02142e-05 2.59886e-05 4.92118e-05 0.000649986 -0.000505564
26.14 9.8226e-08 -3.61243e-05 1.63589e-06 3.31248e-05 4.09143e-05 -0.000903483
26.16 -1.83677e-07 -5.01433e-05 -2.62501e-05 1.76127e-05 -0.000656526 -0.0012541
26.18 -4.50301e-07 -6.10635e-05 -5.16347e-05 2.94078e-06 -0.00129141 -0.00152722
26.2 -6.87639e-07 -6.80988e-05 -7.19351e-05 -1.10512e-05 -0.00179913 -0.00170318
26.22 -8.90943e-07 -7.18056e-05 -8.79407e-05 -2.46391e-05 -0.00219943 -0.00179589
26.24 -1.05741e-06 -7.39166e-05 -0.000100949 -3.79415e-05 -0.00252476 -0.00184868
26.26 -1.18246e-06 -7.61227e-05 -0.000110688 -5.08697e-05 -0.00276836 -0.00190386
26.28 -1.26149e-06 -7.8748e-05 -0.000115715 -6.31182e-05 -0.00289407 -0.00196952
26.3 -1.29353e-06 -8.03986e-05 -0.000115333 -7.40702e-05 -0.00288452 -0.0020108
26.32 -1.28393e-06 -7.90166e-05 -0.000111067 -8.28045e-05 -0.00277783 -0.00197624
26.34 -1.24335e-06 -7.35884e-05 -0.000106211 -8.83355e-05 -0.00265639 -0.00184048
26.36 -1.18216e-06 -6.50088e-05 -0.000103693 -8.9925e-05 -0.00259341 -0.0016259
26.38 -1.10434e-06 -5.52831e-05 -0.000104189 -8.72402e-05 -0.00260582 -0.00138265
26.4 -1.00604e-06 -4.58337e-05 -0.000106005 -8.03438e-05 -0.00265122 -0.00114632
26.42 -8.78655e-07 -3.64679e-05 -0.000105832 -6.9616e-05 -0.0026469 -0.000912078
26.44 -7.13007e-07 -2.5864e-05 -9.96036e-05 -5.57023e-05 -0.00249113 -0.00064687
26.46 -5.04726e-07 -1.30694e-05 -8.4579e-05 -3.95441e-05 -0.00211536 -0.000326872
26.48 -2.60102e-07 1.41756e-06 -6.18611e-05 -2.23651e-05 -0.00154717 3.54537e-05
26.5 3.56056e-09 1.60255e-05 -3.61567e-05 -5.39837e-06 -0.000904293 0.000400803
26.52 2.65556e-07 2.94661e-05 -1.24438e-05 1.05556e-05 -0.000311224 0.000736959
26.54 5.10101e-07 4.15249e-05 6.93885e-06 2.53462e-05 0.000173543 0.00103855
26.56 7.27546e-07 5.24859e-05 2.21425e-05 3.92616e-05 0.000553793 0.0013127
26.58 9.10917e-07 6.20761e-05 3.3804e-05 5.26457e-05 0.000845452 0.00155255
26.6 1.05459e-06 6.92794e-05 4.191e-05 6.56659e-05 0.00104819 0.00173271
26.62 1.15597e-06 7.31825e-05 4.63239e-05 7.8221e-05 0.00115858 0.00183033
26.64 1.21665e-06 7.38623e-05 4.76575e-05 8.98508e-05 0.00119193 0.00184733
26.66 1.24137e-06 7.24608e-05 4.7278e-05 9.9701e-05 0.00118244 0.00181228
26.68 1.23556e-06 7.04305e-05 4.65556e-05 0.000106665 0.00116438 0.0017615
26.7 1.20261e-06 6.84997e-05 4.61488e-05 0.000109669 0.0011542 0.00171321
26.72 1.14242e-06 6.60329e-05 4.59097e-05 0.000107957 0.00114822 0.00165151
26.74 1.05189e-06 6.129e-05 4.51702e-05 0.00010128 0.00112972 0.00153289
26.76 9.2663e-07 5.2563e-05 4.25188e-05 8.99931e-05 0.00106341 0.00131462
26.78 7.62308e-07 3.94457e-05 3.54544e-05 7.50304e-05 0.000886728 0.000986554
26.8 5.57649e-07 2.32479e-05 2.17693e-05 5.778e-05 0.00054446 0.000581439
26.82 3.19363e-07 6.21904e-06 1.98037e-06 3.98277e-05 4.95299e-05 0.000155541
26.84 6.32294e-08 -9.67947e-06 -2.05014e-05 2.25368e-05 -0.000512749 -0.000242088
26.86 -1.92285e-07 -2.3378e-05 -4.20664e-05 6.63609e-06 -0.0010521 -0.000584693
26.88 -4.33904e-07 -3.44183e-05 -6.12768e-05 -7.88411e-06 -0.00153256 -0.000860817
26.9 -6.5461e-07 -4.25204e-05 -7.84809e-05 -2.14819e-05 -0.00196284 -0.00106345
26.92 -8.49256e-07 -4.77166e-05 -9.38978e-05 -3.46473e-05 -0.00234842 -0.00119341
26.94 -1.01193e-06 -5.08305e-05 -0.000106712 -4.76427e-05 -0.00266891 -0.00127129
26.96 -1.13714e-06 -5.34034e-05 -0.00011574 -6.03865e-05 -0.0028947 -0.00133564
26.98 -1.2215e-06 -5.67203e-05 -0.000120385 -7.23611e-05 -0.00301089 -0.0014186
27 -1.26442e-06 -6.07566e-05 -0.000120944 -8.26071e-05 -0.00302486 -0.00151955
27.02 -1.26809e-06 -6.41377e-05 -0.000118398 -8.99229e-05 -0.00296119 -0.00160411
27.04 -1.23648e-06 -6.51512e-05 -0.000114044 -9.32168e-05 -0.00285229 -0.00162946
27.06 -1.17369e-06 -6.27603e-05 -0.000109082 -9.18157e-05 -0.00272818 -0.00156966
27.08 -1.08253e-06 -5.6778e-05 -0.000104434 -8.56123e-05 -0.00261193 -0.00142004
27.1 -9.64298e-07 -4.74453e-05 -0.000100386 -7.50471e-05 -0.00251071 -0.00118663
27.12 -8.18293e-07 -3.52034e-05 -9.5502e-05 -6.09851e-05 -0.00238854 -0.000880451
27.14 -6.42082e-07 -2.09702e-05 -8.67024e-05 -4.46003e-05 -0.00216846 -0.000524475
27.16 -4.35842e-07 -6.36962e-06 -7.201e-05 -2.72701e-05 -0.001801 -0.000159307
27.18 -2.07305e-07 6.76831e-06 -5.28246e-05 -1.03184e-05 -0.00132117 0.000169278
27.2 3.00094e-08 1.7483e-05 -3.24964e-05 5.39955e-06 -0.000812747 0.000437258
27.22 2.64048e-07 2.63417e-05 -1.32196e-05 1.97577e-05 -0.000330627 0.000658817
27.24 4.86999e-07 3.48505e-05 4.7032e-06 3.31647e-05 0.000117629 0.000871624
27.26 6.91074e-07 4.39906e-05 2.1055e-05 4.6076e-05 0.000526595 0.00110022
27.28 8.65948e-07 5.32611e-05 3.4451e-05 5.86641e-05 0.000861635 0.00133208
27.3 1.00244e-06 6.11818e-05 4.32135e-05 7.07899e-05 0.00108079 0.00153018
27.32 1.09665e-06 6.6668e-05 4.68933e-05 8.203e-05 0.00117282 0.00166739
27.34 1.14962e-06 6.97639e-05 4.66198e-05 9.16364e-05 0.00116598 0.00174482
27.36 1.16518e-06 7.10303e-05 4.42959e-05 9.85998e-05 0.00110786 0.0017765
27.38 1.14846e-06 7.04739e-05 4.16303e-05 0.000101917 0.00104119 0.00176258
27.4 1.10448e-06 6.7371e-05 3.95381e-05 0.000100916 0.000988864 0.00168498
27.42 1.03619e-06 6.11444e-05 3.80566e-05 9.54502e-05 0.000951812 0.00152925
27.44 9.43474e-07 5.21658e-05 3.66137e-05 8.58948e-05 0.000915725 0.00130469
27.46 8.23752e-07 4.15433e-05 3.39208e-05 7.3018e-05 0.000848373 0.00103902
27.48 6.73183e-07 3.02329e-05 2.77281e-05 5.78367e-05 0.000693491 0.000756138
27.5 4.89462e-07 1.85045e-05 1.59203e-05 4.15268e-05 0.000398175 0.000462806
27.52 2.76373e-07 6.2142e-06 -1.54024e-06 2.529e-05 -3.8522e-05 0.00015542
27.54 4.55461e-08 -6.55565e-06 -2.22655e-05 1.00777e-05 -0.00055687 -0.000163959
27.56 -1.87552e-07 -1.91531e-05 -4.31686e-05 -3.68051e-06 -0.00107966 -0.000479026
27.58 -4.09239e-07 -3.05709e-05 -6.21555e-05 -1.60867e-05 -0.00155454 -0.000764592
27.6 -6.09058e-07 -3.99657e-05 -7.82218e-05 -2.74949e-05 -0.00195636 -0.000999559
27.62 -7.78334e-07 -4.70265e-05 -9.06886e-05 -3.82012e-05 -0.00226816 -0.00117615
27.64 -9.10462e-07 -5.19402e-05 -9.89924e-05 -4.82991e-05 -0.00247584 -0.00129905
27.66 -1.00288e-06 -5.50875e-05 -0.000103152 -5.7636e-05 -0.00257987 -0.00137776
27.68 -1.0574e-06 -5.68016e-05 -0.000104038 -6.57614e-05 -0.00260202 -0.00142063
27.7 -1.07835e-06 -5.73253e-05 -0.000103001 -7.19366e-05 -0.0025761 -0.00143373
27.72 -1.07033e-06 -5.68172e-05 -0.00010124 -7.52973e-05 -0.00253204 -0.00142102
27.74 -1.03668e-06 -5.52612e-05 -9.93729e-05 -7.51125e-05 -0.00248536 -0.00138211
27.76 -9.78743e-07 -5.23426e-05 -9.74403e-05 -7.09986e-05 -0.00243702 -0.00130911
27.78 -8.95967e-07 -4.74691e-05 -9.51196e-05 -6.3017e-05 -0.00237898 -0.00118722
27.8 -7.8659e-07 -4.00502e-05 -9.15764e-05 -5.16714e-05 -0.00229036 -0.00100167
27.82 -6.4846e-07 -2.99576e-05 -8.518e-05 -3.78574e-05 -0.00213039 -0.000749252
27.84 -4.80869e-07 -1.78329e-05 -7.43375e-05 -2.27737e-05 -0.00185921 -0.000446009
27.86 -2.87743e-07 -4.86228e-06 -5.9067e-05 -7.71597e-06 -0.00147729 -0.000121608
27.88 -7.90067e-08 7.8476e-06 -4.12774e-05 6.26867e-06 -0.00103237 0.000196272
27.9 1.32382e-07 1.96538e-05 -2.33446e-05 1.86862e-05 -0.000583857 0.000491549
27.92 3.35013e-07 3.01904e-05 -6.76756e-06 2.96263e-05 -0.00016926 0.000755075
27.94 5.20498e-07 3.90436e-05 7.80194e-06 3.95047e-05 0.00019513 0.000976497
27.96 6.82121e-07 4.58394e-05 1.98378e-05 4.87439e-05 0.000496151 0.00114646
27.98 8.14309e-07 5.06206e-05 2.87487e-05 5.75812e-05 0.000719016 0.00126604
28 9.13749e-07 5.39353e-05 3.43081e-05 6.5973e-05 0.000858059 0.00134894
28.02 9.79967e-07 5.64382e-05 3.69335e-05 7.35282e-05 0.000923723 0.00141154
28.04 1.01445e-06 5.83974e-05 3.74435e-05 7.9526e-05 0.000936477 0.00146054
28.06 1.0193e-06 5.95378e-05 3.66105e-05 8.3093e-05 0.000915644 0.00148907
28.08 9.96406e-07 5.92631e-05 3.48821e-05 8.34786e-05 0.000872416 0.00148219
28.1 9.4701e-07 5.69988e-05 3.23901e-05 8.0287e-05 0.000810089 0.00142556
28.12 8.71771e-07 5.24076e-05 2.91385e-05 7.35766e-05 0.000728766 0.00131073
28.14 7.70968e-07 4.5414e-05 2.48999e-05 6.38314e-05 0.000622756 0.00113582
28.16 6.44594e-07 3.61874e-05 1.87993e-05 5.18661e-05 0.000470178 0.000905062
28.18 4.93178e-07 2.52118e-05 9.61986e-06 3.87161e-05 0.000240597 0.000630558
28.2 3.2001e-07 1.33188e-05 -3.0096e-06 2.54752e-05 -7.52713e-05 0.00033311
28.22 1.32603e-07 1.49396e-06 -1.80222e-05 1.30429e-05 -0.000450743 3.73645e-05
28.24 -5.89296e-08 -9.45151e-06 -3.36932e-05 1.88136e-06 -0.000842682 -0.000236386
28.26 -2.45146e-07 -1.90644e-05 -4.87388e-05 -8.03469e-06 -0.00121898 -0.000476809
28.28 -4.18585e-07 -2.71925e-05 -6.25143e-05 -1.70278e-05 -0.00156351 -0.000680097
28.3 -5.72787e-07 -3.38489e-05 -7.44981e-05 -2.54452e-05 -0.00186323 -0.000846575
28.32 -7.01798e-07 -3.91401e-05 -8.4022e-05 -3.34796e-05 -0.00210143 -0.000978911
28.34 -8.01174e-07 -4.32191e-05 -9.05677e-05 -4.10917e-05 -0.00226513 -0.00108093
28.36 -8.68893e-07 -4.61969e-05 -9.41252e-05 -4.79677e-05 -0.00235411 -0.0011554
28.38 -9.05153e-07 -4.80554e-05 -9.5191e-05 -5.3529e-05 -0.00238077 -0.00120189
28.4 -9.11597e-07 -4.86231e-05 -9.45094e-05 -5.70539e-05 -0.00236372 -0.00121608
28.42 -8.90513e-07 -4.76325e-05 -9.27858e-05 -5.7889e-05 -0.00232061 -0.00119131
28.44 -8.44056e-07 -4.4849e-05 -9.04503e-05 -5.56457e-05 -0.0022622 -0.00112169
28.46 -7.73505e-07 -4.02077e-05 -8.75282e-05 -5.03013e-05 -0.00218912 -0.00100561
28.48 -6.79063e-07 -3.38447e-05 -8.35319e-05 -4.21925e-05 -0.00208917 -0.00084647
28.5 -5.60343e-07 -2.60194e-05 -7.74304e-05 -3.19455e-05 -0.00193657 -0.000650757
28.52 -4.17772e-07 -1.70622e-05 -6.82063e-05 -2.03934e-05 -0.00170587 -0.000426734
28.54 -2.54622e-07 -7.39359e-06 -5.58105e-05 -8.46012e-06 -0.00139585 -0.000184917
28.56 -7.77542e-08 2.48772e-06 -4.13804e-05 3.03677e-06 -0.00103494 6.22188e-05
28.58 1.04074e-07 1.20894e-05 -2.64078e-05 1.36e-05 -0.000660469 0.00030236
28.6 2.8269e-07 2.10002e-05 -1.18908e-05 2.31344e-05 -0.000297393 0.000525223
28.62 4.51187e-07 2.88984e-05 1.66977e-06 3.18338e-05 4.17617e-05 0.00072276
28.64 6.03114e-07 3.55387e-05 1.38839e-05 3.99761e-05 0.000347242 0.000888838
