0.02 -3.38179e-12 9.07299e-12 -6.48343e-09 1.91978e-11 -1.62153e-07 2.26919e-10
0.04 1.78308e-11 5.42658e-10 -5.03143e-08 3.0711e-10 -1.25838e-06 1.35721e-08
0.06 2.59866e-10 3.80957e-09 -1.57993e-07 1.74759e-09 -3.95147e-06 9.52789e-08
0.08 1.0929e-09 1.48495e-08 -2.60419e-07 4.78712e-09 -6.51318e-06 3.71393e-07
0.1 2.51145e-09 4.45627e-08 -2.32988e-07 3.69798e-09 -5.82712e-06 1.11453e-06
0.12 3.28219e-09 9.80135e-08 -7.48725e-08 -2.06854e-08 -1.87259e-06 2.45136e-06
0.14 7.06289e-10 1.20854e-07 1.16402e-07 -9.16488e-08 2.91126e-06 3.02262e-06
0.16 -8.57427e-09 -3.0203e-08 3.31516e-07 -2.00078e-07 8.29135e-06 -7.55389e-07
0.18 -2.72607e-08 -5.06189e-07 6.15907e-07 -2.78208e-07 1.54041e-05 -1.266e-05
0.2 -5.63692e-08 -1.36384e-06 9.3179e-07 -2.34549e-07 2.33045e-05 -3.41101e-05
0.22 -9.48387e-08 -2.54843e-06 1.20841e-06 -2.67456e-08 3.02229e-05 -6.37374e-05
0.24 -1.39942e-07 -3.93263e-06 1.42463e-06 3.03556e-07 3.56305e-05 -9.83568e-05
0.26 -1.88318e-07 -5.39531e-06 1.57417e-06 6.63852e-07 3.93706e-05 -0.000134939
0.28 -2.36421e-07 -6.86293e-06 1.66912e-06 9.80541e-07 4.17453e-05 -0.000171645
0.3 -2.80277e-07 -8.21746e-06 1.79262e-06 1.24471e-06 4.48341e-05 -0.000205522
0.32 -3.16786e-07 -9.28097e-06 2.04279e-06 1.48243e-06 5.10911e-05 -0.000232121
0.34 -3.4632e-07 -1.0025e-05 2.42525e-06 1.68803e-06 6.06565e-05 -0.000250729
0.36 -3.72484e-07 -1.06332e-05 2.85286e-06 1.82423e-06 7.13512e-05 -0.000265941
0.38 -3.98795e-07 -1.1244e-05 3.21611e-06 1.887e-06 8.04363e-05 -0.000281218
0.4 -4.27331e-07 -1.18536e-05 3.42024e-06 1.92621e-06 8.55415e-05 -0.000296463
0.42 -4.5998e-07 -1.25448e-05 3.4027e-06 2.00566e-06 8.51029e-05 -0.00031375
0.44 -4.97405e-07 -1.35116e-05 3.18297e-06 2.18103e-06 7.96074e-05 -0.00033793
0.46 -5.35681e-07 -1.47254e-05 2.91675e-06 2.48805e-06 7.29491e-05 -0.000368289
0.48 -5.66657e-07 -1.5794e-05 2.81932e-06 2.88322e-06 7.05123e-05 -0.000395014
0.5 -5.83575e-07 -1.62765e-05 2.91034e-06 3.2022e-06 7.27889e-05 -0.000407081
0.52 -5.85748e-07 -1.60557e-05 2.9014e-06 3.25166e-06 7.25652e-05 -0.000401561
0.54 -5.77519e-07 -1.53973e-05 2.51813e-06 2.98906e-06 6.29794e-05 -0.000385094
0.56 -5.63497e-07 -1.47372e-05 1.84886e-06 2.60637e-06 4.62408e-05 -0.000368584
0.58 -5.44037e-07 -1.43408e-05 1.20835e-06 2.40919e-06 3.02214e-05 -0.00035867
0.6 -5.13644e-07 -1.39932e-05 8.12549e-07 2.55958e-06 2.03222e-05 -0.000349976
0.62 -4.64738e-07 -1.31311e-05 6.90729e-07 2.87507e-06 1.72754e-05 -0.000328414
0.64 -3.94125e-07 -1.1455e-05 6.93373e-07 2.9051e-06 1.73415e-05 -0.000286493
0.66 -3.03538e-07 -9.15693e-06 5.56772e-07 2.31474e-06 1.39251e-05 -0.000229019
0.68 -1.93982e-07 -6.3953e-06 1.90224e-07 1.21997e-06 4.75757e-06 -0.000159949
0.7 -6.53736e-08 -3.06428e-06 -1.34326e-07 6.51816e-08 -3.35956e-06 -7.66389e-05
0.72 7.68916e-08 6.77628e-07 -4.69824e-08 -8.25201e-07 -1.17505e-06 1.69477e-05
0.74 2.2149e-07 4.28496e-06 5.44815e-07 -1.48841e-06 1.3626e-05 0.000107169
0.76 3.59335e-07 7.49977e-06 1.40756e-06 -2.16774e-06 3.52036e-05 0.000187572
0.78 4.86956e-07 1.05538e-05 2.15965e-06 -3.04008e-06 5.40138e-05 0.000263956
0.8 6.01417e-07 1.3497e-05 2.48544e-06 -4.05329e-06 6.21619e-05 0.000337566
0.82 6.984e-07 1.58947e-05 2.39651e-06 -4.90285e-06 5.99377e-05 0.000397533
0.84 7.77056e-07 1.74593e-05 2.35027e-06 -5.21616e-06 5.87813e-05 0.000436666
0.86 8.40767e-07 1.85318e-05 2.85642e-06 -4.91941e-06 7.14404e-05 0.000463488
0.88 8.89618e-07 1.95939e-05 3.82425e-06 -4.41888e-06 9.56461e-05 0.000490051
0.9 9.15714e-07 2.05597e-05 4.56243e-06 -4.25739e-06 0.000114108 0.000514206
0.92 9.08924e-07 2.08196e-05 4.56595e-06 -4.52066e-06 0.000114196 0.000520706
0.94 8.65594e-07 1.98285e-05 4.02064e-06 -4.66734e-06 0.000100558 0.00049592
0.96 7.91095e-07 1.75224e-05 3.48309e-06 -4.02289e-06 8.71136e-05 0.000438242
0.98 6.9665e-07 1.4342e-05 3.42903e-06 -2.4536e-06 8.57615e-05 0.0003587
1 5.94618e-07 1.09271e-05 4.35938e-06 -5.72599e-07 0.00010903 0.000273292
1.02 4.94622e-07 7.74711e-06 7.04011e-06 7.22912e-07 0.000176076 0.000193759
1.04 4.01662e-07 5.36791e-06 1.03002e-05 9.79821e-07 0.000257613 0.000134254
1.06 3.18213e-07 4.70161e-06 9.07791e-06 5.05322e-07 0.000227042 0.000117589
1.08 2.49293e-07 5.56942e-06 1.5685e-06 9.34447e-08 3.92289e-05 0.000139294
1.1 2.0087e-07 6.03887e-06 -5.15475e-06 5.62682e-07 -0.000128922 0.000151035
1.12 1.71403e-07 5.2559e-06 -6.38971e-06 2.11235e-06 -0.000159809 0.000131452
1.14 1.53395e-07 4.81185e-06 -6.2103e-06 3.64772e-06 -0.000155322 0.000120346
1.16 1.41996e-07 5.87007e-06 -6.62275e-06 3.40616e-06 -0.000165638 0.000146813
1.18 1.311e-07 7.65634e-06 -6.36819e-06 9.62246e-07 -0.000159271 0.000191488
1.2 1.09409e-07 8.59074e-06 -7.26965e-06 -1.97578e-06 -0.000181817 0.000214858
1.22 7.33411e-08 7.29449e-06 -8.41508e-06 -3.18961e-06 -0.000210465 0.000182438
1.24 3.22496e-08 4.28461e-06 -6.35221e-06 -2.00337e-06 -0.000158871 0.00010716
1.26 -6.57897e-09 2.10778e-06 -4.59727e-06 8.67363e-08 -0.00011498 5.27165e-05
1.28 -4.19928e-08 1.76048e-06 -7.48941e-06 6.39172e-07 -0.000187313 4.40304e-05
1.3 -6.5194e-08 1.5657e-06 -1.07542e-05 -1.28451e-06 -0.000268966 3.91588e-05
1.32 -5.99935e-08 6.38325e-07 -1.00212e-05 -3.96965e-06 -0.000250633 1.59648e-05
1.34 -1.91398e-08 -3.24714e-08 -7.44251e-06 -5.01173e-06 -0.00018614 -8.12124e-07
1.36 5.10369e-08 2.22565e-08 -3.93165e-06 -4.01987e-06 -9.83323e-05 5.56644e-07
1.38 1.39009e-07 2.89528e-07 3.36513e-06 -2.71608e-06 8.41633e-05 7.24123e-06
1.4 2.34451e-07 1.19523e-06 1.20375e-05 -2.88478e-06 0.000301062 2.98931e-05
1.42 3.34196e-07 4.43726e-06 1.25726e-05 -4.77342e-06 0.000314446 0.000110978
1.44 4.4432e-07 9.93291e-06 3.06066e-06 -6.92544e-06 7.65483e-05 0.000248426
1.46 5.65892e-07 1.42752e-05 -4.22269e-06 -7.08748e-06 -0.000105611 0.000357028
1.48 6.82966e-07 1.54536e-05 -2.24377e-06 -4.18557e-06 -5.61177e-05 0.000386502
1.5 7.78621e-07 1.61632e-05 6.1116e-07 -2.24468e-07 1.52854e-05 0.000404249
1.52 8.54302e-07 1.886e-05 -4.2773e-07 1.01493e-06 -1.06977e-05 0.000471697
1.54 9.19423e-07 2.19793e-05 6.26632e-07 -1.60777e-06 1.56723e-05 0.00054971
1.56 9.71842e-07 2.35187e-05 4.80035e-06 -4.83495e-06 0.000120059 0.000588214
1.58 9.98204e-07 2.35067e-05 7.36356e-06 -4.88474e-06 0.000184166 0.000587913
1.6 9.83715e-07 2.21741e-05 9.10126e-06 -1.63907e-06 0.000227626 0.000554584
1.62 9.18974e-07 1.97928e-05 1.144e-05 1.9719e-06 0.00028612 0.000495026
1.64 8.0882e-07 1.76372e-05 9.75591e-06 3.28396e-06 0.000243999 0.000441113
1.66 6.74894e-07 1.62414e-05 2.58871e-06 1.96267e-06 6.47448e-05 0.000406203
1.68 5.40722e-07 1.42514e-05 -3.65652e-06 6.64108e-08 -9.14511e-05 0.000356433
1.7 4.15843e-07 1.08171e-05 -4.80926e-06 2.94968e-07 -0.000120282 0.000270541
1.72 2.96389e-07 7.17093e-06 -3.43996e-06 3.05562e-06 -8.60349e-05 0.000179348
1.74 1.7249e-07 4.47053e-06 -1.93182e-06 5.43907e-06 -4.83156e-05 0.00011181
1.76 3.47503e-08 2.06401e-06 5.03893e-08 4.30156e-06 1.26026e-06 5.16218e-05
1.78 -1.16755e-07 -8.20712e-07 1.47048e-06 1.41546e-07 3.67774e-05 -2.05264e-05
1.8 -2.73604e-07 -3.8083e-06 1.88399e-07 -3.27635e-06 4.71193e-06 -9.52472e-05
1.82 -4.35582e-07 -7.11501e-06 -2.94748e-06 -3.0387e-06 -7.37177e-05 -0.000177949
1.84 -6.12971e-07 -1.20025e-05 -4.78575e-06 1.54776e-07 -0.000119694 -0.000300187
1.86 -8.05451e-07 -1.81543e-05 -4.44867e-06 3.12048e-06 -0.000111263 -0.000454047
1.88 -9.94842e-07 -2.33402e-05 -3.93217e-06 3.19605e-06 -9.83452e-05 -0.000583749
1.9 -1.16293e-06 -2.66724e-05 -4.19113e-06 4.481e-07 -0.000104822 -0.000667088
1.92 -1.301e-06 -2.94475e-05 -3.98292e-06 -2.28403e-06 -9.96146e-05 -0.000736493
1.94 -1.40259e-06 -3.24181e-05 -2.91445e-06 -1.89237e-06 -7.28916e-05 -0.000810789
1.96 -1.46133e-06 -3.47737e-05 -2.20856e-06 1.78953e-06 -5.52371e-05 -0.000869706
1.98 -1.47473e-06 -3.5622e-05 -2.40208e-06 5.65203e-06 -6.00771e-05 -0.00089092
2 -1.44158e-06 -3.4573e-05 -3.40099e-06 6.58869e-06 -8.50602e-05 -0.000864685
2.02 -1.35784e-06 -3.14852e-05 -5.79523e-06 4.62294e-06 -0.000144941 -0.000787459
2.04 -1.21876e-06 -2.68934e-05 -9.30293e-06 2.50616e-06 -0.00023267 -0.000672615
2.06 -1.02175e-06 -2.18758e-05 -1.16916e-05 2.75435e-06 -0.000292411 -0.000547124
2.08 -7.65636e-07 -1.66109e-05 -1.14776e-05 5.29855e-06 -0.000287059 -0.000415445
2.1 -4.52393e-07 -9.9076e-06 -9.886e-06 7.56781e-06 -0.000247253 -0.000247793
2.12 -9.2743e-08 -9.15859e-07 -8.7581e-06 6.74913e-06 -0.000219044 -2.2906e-05
2.14 2.93839e-07 9.54534e-06 -8.04894e-06 2.43869e-06 -0.000201307 0.000238733
2.16 6.84778e-07 1.98739e-05 -6.27331e-06 -2.80989e-06 -0.000156898 0.000497055
2.18 1.05359e-06 2.87765e-05 -2.52687e-06 -5.90666e-06 -6.3198e-05 0.000719712
2.2 1.36844e-06 3.52511e-05 2.55681e-06 -6.1654e-06 6.39469e-05 0.000881644
2.22 1.60564e-06 3.90573e-05 7.37374e-06 -5.55752e-06 0.00018442 0.00097684
2.24 1.76246e-06 4.12496e-05 1.0204e-05 -6.31628e-06 0.000255205 0.00103167
2.26 1.84868e-06 4.26275e-05 1.03384e-05 -8.70223e-06 0.000258568 0.00106613
2.28 1.87603e-06 4.24029e-05 9.34721e-06 -1.08781e-05 0.000233778 0.00106051
2.3 1.86273e-06 4.01213e-05 9.68863e-06 -1.06922e-05 0.000242317 0.00100345
2.32 1.83079e-06 3.72885e-05 1.14758e-05 -7.91191e-06 0.000287015 0.0009326
2.34 1.78951e-06 3.5439e-05 1.30872e-05 -4.78686e-06 0.000327317 0.000886343
2.36 1.73105e-06 3.44363e-05 1.4208e-05 -3.92699e-06 0.000355347 0.000861265
2.38 1.64048e-06 3.34653e-05 1.48045e-05 -5.60564e-06 0.000370267 0.000836982
2.4 1.50374e-06 3.17578e-05 1.3401e-05 -7.54831e-06 0.000335165 0.000794275
2.42 1.31559e-06 2.83933e-05 1.00138e-05 -7.22038e-06 0.00025045 0.000710128
2.44 1.08543e-06 2.3102e-05 7.13959e-06 -4.06233e-06 0.000178564 0.00057779
2.46 8.30856e-07 1.69764e-05 5.38052e-06 1.2108e-07 0.000134569 0.000424586
2.48 5.68844e-07 1.1623e-05 2.71579e-06 2.65712e-06 6.79232e-05 0.000290696
2.5 3.11837e-07 7.80349e-06 -1.37314e-06 2.26359e-06 -3.43427e-05 0.000195168
2.52 6.27701e-08 4.681e-06 -5.51557e-06 2.10785e-07 -0.000137947 0.000117074
2.54 -1.81471e-07 6.19652e-07 -8.68106e-06 -8.18238e-07 -0.000217117 1.54978e-05
2.56 -4.17161e-07 -4.80522e-06 -9.87279e-06 7.61794e-07 -0.000246923 -0.000120181
2.58 -6.36041e-07 -1.04744e-05 -8.92422e-06 3.95169e-06 -0.000223198 -0.00026197
2.6 -8.35282e-07 -1.53608e-05 -8.58191e-06 6.22272e-06 -0.000214637 -0.000384181
2.62 -1.00707e-06 -1.91558e-05 -1.1338e-05 6.06996e-06 -0.000283567 -0.000479095
2.64 -1.12879e-06 -2.18236e-05 -1.51005e-05 4.39345e-06 -0.000377669 -0.000545817
2.66 -1.17819e-06 -2.35031e-05 -1.66458e-05 3.34916e-06 -0.000416317 -0.000587822
2.68 -1.14419e-06 -2.37721e-05 -1.66448e-05 4.01875e-06 -0.000416295 -0.000594551
2.7 -1.02242e-06 -2.11706e-05 -1.70518e-05 5.22775e-06 -0.000426472 -0.000529485
2.72 -8.24028e-07 -1.52928e-05 -1.72927e-05 4.61263e-06 -0.000432498 -0.00038248
2.74 -5.83753e-07 -8.28566e-06 -1.62959e-05 1.03012e-06 -0.000407566 -0.000207228
2.76 -3.36216e-07 -2.4217e-06 -1.42569e-05 -4.05663e-06 -0.00035657 -6.05677e-05
2.78 -9.42392e-08 2.15927e-06 -1.07259e-05 -7.84323e-06 -0.000268259 5.40042e-05
2.8 1.34918e-07 5.97869e-06 -5.28145e-06 -8.84204e-06 -0.000132091 0.00014953
2.82 3.35629e-07 8.4919e-06 -9.23108e-08 -8.02694e-06 -2.30873e-06 0.000212386
2.84 5.07818e-07 9.3456e-06 2.77671e-06 -7.4086e-06 6.94466e-05 0.000233737
2.86 6.82086e-07 9.96923e-06 5.21149e-06 -7.92456e-06 0.000130341 0.000249335
2.88 8.84383e-07 1.22397e-05 1.0026e-05 -8.93365e-06 0.000250755 0.00030612
2.9 1.09728e-06 1.61306e-05 1.68214e-05 -9.38322e-06 0.000420711 0.000403433
2.92 1.27056e-06 1.9809e-05 2.40303e-05 -8.95394e-06 0.000601007 0.000495432
2.94 1.35495e-06 2.14255e-05 3.0863e-05 -8.04181e-06 0.000771898 0.000535861
2.96 1.31974e-06 1.99325e-05 3.51163e-05 -6.92648e-06 0.000878272 0.00049852
2.98 1.16244e-06 1.49834e-05 3.44655e-05 -5.11437e-06 0.000861996 0.000374742
3 9.13833e-07 7.12148e-06 3.10772e-05 -1.6254e-06 0.000777254 0.000178111
3.02 6.20613e-07 -2.07815e-06 2.94895e-05 3.77045e-06 0.000737545 -5.19753e-05
3.04 3.17665e-07 -1.05391e-05 3.02116e-05 9.55305e-06 0.000755604 -0.000263587
3.06 2.03003e-08 -1.67777e-05 3.01942e-05 1.32037e-05 0.00075517 -0.000419618
3.08 -2.67436e-07 -2.0921e-05 2.78969e-05 1.34967e-05 0.000697713 -0.000523242
3.1 -5.46351e-07 -2.44048e-05 2.39525e-05 1.19645e-05 0.000599062 -0.000610374
3.12 -8.19108e-07 -2.83227e-05 1.92293e-05 1.15919e-05 0.000480933 -0.000708363
3.14 -1.09224e-06 -3.27194e-05 1.50225e-05 1.38373e-05 0.000375718 -0.000818327
3.16 -1.38101e-06 -3.76992e-05 1.24719e-05 1.71692e-05 0.000311928 -0.000942872
3.18 -1.69623e-06 -4.35729e-05 1.00889e-05 1.87223e-05 0.000252327 -0.00108978
3.2 -2.01774e-06 -4.92726e-05 4.77616e-06 1.71947e-05 0.000119454 -0.00123233
3.22 -2.30084e-06 -5.29061e-05 -3.58216e-06 1.39291e-05 -8.95914e-05 -0.0013232
3.24 -2.51849e-06 -5.46752e-05 -1.16318e-05 1.14202e-05 -0.000290915 -0.00136745
3.26 -2.67378e-06 -5.65144e-05 -1.7441e-05 1.10203e-05 -0.000436206 -0.00141345
3.28 -2.76361e-06 -5.81589e-05 -2.23008e-05 1.17737e-05 -0.000557752 -0.00145458
3.3 -2.76274e-06 -5.67519e-05 -2.70611e-05 1.11727e-05 -0.000676809 -0.00141939
3.32 -2.65725e-06 -5.10848e-05 -3.08558e-05 7.43685e-06 -0.000771715 -0.00127765
3.34 -2.46578e-06 -4.31372e-05 -3.37676e-05 1.44737e-06 -0.000844542 -0.00107888
3.36 -2.21719e-06 -3.52465e-05 -3.6715e-05 -3.87079e-06 -0.000918259 -0.000881529
3.38 -1.92652e-06 -2.8482e-05 -3.89365e-05 -6.31887e-06 -0.000973819 -0.000712346
3.4 -1.58917e-06 -2.2774e-05 -3.87128e-05 -6.2884e-06 -0.000968224 -0.000569588
3.42 -1.1826e-06 -1.62352e-05 -3.58087e-05 -6.02333e-06 -0.000895592 -0.000406049
3.44 -6.86872e-07 -6.26826e-06 -3.12767e-05 -7.63924e-06 -0.000782242 -0.000156772
3.46 -1.14247e-07 7.08571e-06 -2.59859e-05 -1.15975e-05 -0.000649918 0.000177217
3.48 4.95691e-07 2.11893e-05 -2.03926e-05 -1.62827e-05 -0.000510027 0.000529954
3.5 1.10718e-06 3.42438e-05 -1.47537e-05 -1.91904e-05 -0.000368996 0.000856453
3.52 1.69564e-06 4.59737e-05 -8.98435e-06 -1.91597e-05 -0.000224702 0.00114982
3.54 2.23708e-06 5.5888e-05 -2.62859e-06 -1.73131e-05 -6.5742e-05 0.00139778
3.56 2.71375e-06 6.36665e-05 4.77544e-06 -1.55803e-05 0.000119436 0.00159233
3.58 3.12038e-06 7.01928e-05 1.30437e-05 -1.47951e-05 0.000326229 0.00175555
3.6 3.44905e-06 7.61322e-05 2.09441e-05 -1.44359e-05 0.000523821 0.0019041
3.62 3.67888e-06 8.03771e-05 2.67071e-05 -1.35063e-05 0.000667955 0.00201026
3.64 3.79502e-06 8.11925e-05 2.94721e-05 -1.12023e-05 0.00073711 0.00203066
3.66 3.81206e-06 7.84535e-05 3.03765e-05 -7.25103e-06 0.000759728 0.00196215
3.68 3.76703e-06 7.41447e-05 3.14029e-05 -2.26944e-06 0.000785398 0.00185439
3.7 3.68781e-06 7.06611e-05 3.29337e-05 2.21967e-06 0.000823684 0.00176726
3.72 3.57201e-06 6.86281e-05 3.38871e-05 4.61709e-06 0.000847531 0.00171642
3.74 3.39453e-06 6.65536e-05 3.41982e-05 4.47593e-06 0.00085531 0.00166453
3.76 3.12605e-06 6.25391e-05 3.45003e-05 2.93324e-06 0.000862868 0.00156413
3.78 2.74252e-06 5.55327e-05 3.36567e-05 1.79774e-06 0.000841769 0.00138889
3.8 2.23245e-06 4.5023e-05 3.01009e-05 2.20333e-06 0.000752837 0.00112604
3.82 1.60826e-06 3.1038e-05 2.47993e-05 4.04066e-06 0.000620241 0.000776273
3.84 9.06632e-07 1.49562e-05 1.93167e-05 6.25271e-06 0.000483119 0.000374061
3.86 1.71401e-07 -9.71131e-07 1.27748e-05 7.47247e-06 0.000319503 -2.42884e-05
3.88 -5.62429e-07 -1.56282e-05 4.30458e-06 6.90861e-06 0.000107659 -0.000390867
3.9 -1.26886e-06 -2.9659e-05 -4.08008e-06 5.1692e-06 -0.000102044 -0.000741785
3.92 -1.92202e-06 -4.36202e-05 -1.03485e-05 3.95674e-06 -0.000258821 -0.00109096
3.94 -2.49085e-06 -5.65046e-05 -1.52941e-05 4.43438e-06 -0.000382512 -0.0014132
3.96 -2.94158e-06 -6.65526e-05 -2.03444e-05 5.99643e-06 -0.000508822 -0.00166451
3.98 -3.24455e-06 -7.24908e-05 -2.57479e-05 6.93238e-06 -0.000643965 -0.00181303
4 -3.3809e-06 -7.37023e-05 -3.19683e-05 6.06377e-06 -0.000799539 -0.00184333
4.02 -3.3447e-06 -7.03428e-05 -3.94869e-05 3.53822e-06 -0.000987584 -0.0017593
4.04 -3.13804e-06 -6.32508e-05 -4.65882e-05 4.29358e-07 -0.00116519 -0.00158193
4.06 -2.76952e-06 -5.29559e-05 -5.01988e-05 -2.22933e-06 -0.00125549 -0.00132445
4.08 -2.26666e-06 -3.97981e-05 -4.90976e-05 -4.41751e-06 -0.00122795 -0.000995366
4.1 -1.68203e-06 -2.54068e-05 -4.40501e-05 -7.18268e-06 -0.00110171 -0.000635436
4.12 -1.07072e-06 -1.2011e-05 -3.54845e-05 -1.12755e-05 -0.000887482 -0.000300399
4.14 -4.69764e-07 -1.9447e-07 -2.36008e-05 -1.58858e-05 -0.000590266 -4.86378e-06
4.16 8.67147e-08 1.01502e-05 -1.01131e-05 -1.92336e-05 -0.000252932 0.00025386
4.18 5.54401e-07 1.73139e-05 2.68888e-06 -2.00903e-05 6.725e-05 0.000433027
4.2 9.08872e-07 1.93908e-05 1.42508e-05 -1.82626e-05 0.000356419 0.000484972
4.22 1.17462e-06 1.7772e-05 2.50752e-05 -1.42142e-05 0.000627141 0.000444485
4.24 1.4004e-06 1.6102e-05 3.44477e-05 -8.95643e-06 0.000861551 0.000402718
4.26 1.61691e-06 1.62495e-05 4.11391e-05 -3.81291e-06 0.00102891 0.000406407
4.28 1.83354e-06 1.77574e-05 4.59694e-05 4.88984e-07 0.00114971 0.000444119
4.3 2.05307e-06 2.04717e-05 5.0999e-05 4.22309e-06 0.00127551 0.000512006
4.32 2.2628e-06 2.47223e-05 5.60295e-05 7.74123e-06 0.00140132 0.000618315
4.34 2.42802e-06 2.94764e-05 5.88318e-05 1.07142e-05 0.00147141 0.000737218
4.36 2.51672e-06 3.33443e-05 5.86871e-05 1.27357e-05 0.00146779 0.000833954
4.38 2.51147e-06 3.64357e-05 5.63548e-05 1.39164e-05 0.00140946 0.000911273
4.4 2.38429e-06 3.85391e-05 5.15567e-05 1.4367e-05 0.00128946 0.000963878
4.42 2.08905e-06 3.74324e-05 4.40144e-05 1.38962e-05 0.00110082 0.000936199
4.44 1.58977e-06 3.09994e-05 3.53585e-05 1.26625e-05 0.000884331 0.000775307
4.46 8.74058e-07 1.83816e-05 2.77339e-05 1.14426e-05 0.000693637 0.000459732
4.48 -5.21611e-08 -1.18501e-06 2.25069e-05 1.10565e-05 0.000562907 -2.96376e-05
4.5 -1.156e-06 -2.73203e-05 2.00357e-05 1.19666e-05 0.000501101 -0.000683292
4.52 -2.37366e-06 -5.70981e-05 1.83689e-05 1.4175e-05 0.000459415 -0.00142805
4.54 -3.63061e-06 -8.70628e-05 1.43586e-05 1.70817e-05 0.000359115 -0.00217748
4.56 -4.8609e-06 -0.000115241 7.31619e-06 1.9792e-05 0.000182981 -0.00288223
4.58 -6.0133e-06 -0.00014065 -1.45218e-06 2.18728e-05 -3.63196e-05 -0.00351772
4.6 -7.05021e-06 -0.000162535 -1.1858e-05 2.36032e-05 -0.000296573 -0.00406507
4.62 -7.93798e-06 -0.000179993 -2.46806e-05 2.54347e-05 -0.000617273 -0.00450169
4.64 -8.64032e-06 -0.000192122 -3.98502e-05 2.73712e-05 -0.000996671 -0.00480504
4.66 -9.11973e-06 -0.000199002 -5.62558e-05 2.89226e-05 -0.00140698 -0.00497711
4.68 -9.32956e-06 -0.000200931 -7.10608e-05 2.957e-05 -0.00177726 -0.00502537
4.7 -9.21205e-06 -0.000196225 -8.06598e-05 2.89647e-05 -0.00201733 -0.00490767
4.72 -8.72723e-06 -0.000182317 -8.46241e-05 2.65675e-05 -0.00211648 -0.00455982
4.74 -7.87333e-06 -0.000158727 -8.59183e-05 2.17164e-05 -0.00214885 -0.00396984
4.76 -6.66758e-06 -0.000126417 -8.62983e-05 1.45153e-05 -0.00215836 -0.00316174
4.78 -5.13875e-06 -8.60355e-05 -8.51548e-05 6.12273e-06 -0.00212976 -0.00215178
4.8 -3.3539e-06 -3.93499e-05 -8.23819e-05 -2.23205e-06 -0.00206041 -0.000984158
4.82 -1.42004e-06 1.00657e-05 -7.87517e-05 -1.00694e-05 -0.00196961 0.000251747
4.84 5.53408e-07 5.9202e-05 -7.45992e-05 -1.74306e-05 -0.00186576 0.00148067
4.86 2.47714e-06 0.000106028 -7.01932e-05 -2.437e-05 -0.00175556 0.0026518
4.88 4.28694e-06 0.000147606 -6.54178e-05 -3.05494e-05 -0.00163613 0.00369169
4.9 5.96654e-06 0.000181685 -5.85338e-05 -3.49186e-05 -0.00146395 0.00454401
4.92 7.55941e-06 0.0002103 -4.78336e-05 -3.64166e-05 -0.00119634 0.00525968
4.94 9.12677e-06 0.000238536 -3.45069e-05 -3.57425e-05 -0.000863033 0.00596588
4.96 1.06914e-05 0.000269777 -2.17433e-05 -3.58063e-05 -0.00054381 0.00674724
4.98 1.22229e-05 0.000303943 -1.15422e-05 -3.94279e-05 -0.000288675 0.00760174
5 1.36482e-05 0.000338604 -4.06681e-06 -4.66584e-05 -0.000101713 0.00846862
5.02 1.4861e-05 0.000369495 9.64701e-07 -5.47047e-05 2.41276e-05 0.00924122
5.04 1.57451e-05 0.000391483 4.33611e-06 -6.0201e-05 0.000108448 0.00979116
5.06 1.62135e-05 0.000401263 7.90452e-06 -6.15656e-05 0.000197695 0.0100358
5.08 1.62223e-05 0.00039862 1.30607e-05 -5.99113e-05 0.000326655 0.00996965
5.1 1.57493e-05 0.00038443 1.95383e-05 -5.79865e-05 0.00048866 0.00961477
5.12 1.47746e-05 0.000358467 2.74083e-05 -5.76249e-05 0.000685493 0.0089654
5.14 1.32747e-05 0.000319516 3.85117e-05 -5.78016e-05 0.000963193 0.00799122
5.16 1.12189e-05 0.000266416 5.38451e-05 -5.54218e-05 0.00134669 0.00666317
5.18 8.56651e-06 0.000198212 7.12077e-05 -4.80885e-05 0.00178093 0.00495735
5.2 5.28215e-06 0.000113856 8.71896e-05 -3.57491e-05 0.00218065 0.00284759
5.22 1.36554e-06 1.2326e-05 9.98146e-05 -1.96511e-05 0.0024964 0.000308279
5.24 -3.11291e-06 -0.000106435 0.000108223 -2.48198e-07 0.00270671 -0.00266199
5.26 -7.97346e-06 -0.00023917 0.00011215 2.34448e-05 0.00280492 -0.00598174
5.28 -1.29117e-05 -0.000376835 0.000113122 5.22821e-05 0.00282922 -0.00942479
5.3 -1.75511e-05 -0.000505692 0.00011369 8.45545e-05 0.00284343 -0.0126476
5.32 -2.15456e-05 -0.000612285 0.000113205 0.000115173 0.00283131 -0.0153135
5.34 -2.46541e-05 -0.000687377 0.000106105 0.000137995 0.00265373 -0.0171916
5.36 -2.67603e-05 -0.000726911 8.67421e-05 0.000149766 0.00216946 -0.0181803
5.38 -2.78695e-05 -0.000732769 5.48406e-05 0.000152105 0.00137159 -0.0183269
5.4 -2.80796e-05 -0.000712454 1.49359e-05 0.000149723 0.000373553 -0.0178188
5.42 -2.75479e-05 -0.000674873 -2.74966e-05 0.000146532 -0.000687702 -0.0168789
5.44 -2.64452e-05 -0.000627119 -6.78898e-05 0.000142912 -0.00169795 -0.0156845
5.46 -2.48897e-05 -0.000574109 -0.000102212 0.000136251 -0.00255637 -0.0143587
5.48 -2.29151e-05 -0.000518083 -0.000126803 0.000123999 -0.0031714 -0.0129575
5.5 -2.04523e-05 -0.000457421 -0.000139295 0.000106018 -0.00348384 -0.0114403
5.52 -1.73572e-05 -0.000385759 -0.000139544 8.39274e-05 -0.00349005 -0.009648
5.54 -1.35197e-05 -0.000295409 -0.000129959 5.86683e-05 -0.00325033 -0.00738831
5.56 -8.98286e-06 -0.000183659 -0.000114805 2.94368e-05 -0.00287132 -0.00459339
5.58 -3.98716e-06 -5.61662e-05 -9.72176e-05 -4.7699e-06 -0.00243145 -0.00140474
5.6 1.08289e-06 7.44684e-05 -7.60095e-05 -4.27123e-05 -0.00190103 0.00186249
5.62 5.79192e-06 0.000192779 -4.81643e-05 -7.99592e-05 -0.00120461 0.00482149
5.64 9.75644e-06 0.000285381 -1.54778e-05 -0.0001102 -0.000387105 0.00713749
5.66 1.27467e-05 0.000345633 1.5913e-05 -0.000128045 0.000397992 0.00864441
5.68 1.47387e-05 0.000375065 4.29382e-05 -0.000131774 0.0010739 0.00938053
5.7 1.58785e-05 0.000381016 6.60035e-05 -0.000124184 0.00165078 0.00952936
5.72 1.64037e-05 0.000373866 8.35071e-05 -0.000110692 0.00208855 0.00935053
5.74 1.65727e-05 0.000365047 9.33232e-05 -9.60645e-05 0.00233405 0.00912996
5.76 1.6585e-05 0.000363529 9.66344e-05 -8.23368e-05 0.00241687 0.00909202
5.78 1.64976e-05 0.000371329 9.43931e-05 -6.90393e-05 0.00236081 0.0092871
5.8 1.62096e-05 0.000382382 8.41028e-05 -5.46108e-05 0.00210345 0.00956354
5.82 1.5546e-05 0.000386627 6.32388e-05 -3.74207e-05 0.00158163 0.00966969
5.84 1.43724e-05 0.000376045 3.19534e-05 -1.62731e-05 0.000799168 0.00940503
5.86 1.26666e-05 0.00034831 -7.62731e-06 8.82998e-06 -0.000190762 0.00871138
5.88 1.0528e-05 0.000306649 -5.18876e-05 3.57464e-05 -0.00129773 0.00766943
5.9 8.14285e-06 0.000257524 -9.6777e-05 6.01779e-05 -0.00242043 0.00644078
5.92 5.734e-06 0.00020826 -0.000138722 7.71784e-05 -0.0034695 0.00520866
5.94 3.50012e-06 0.00016559 -0.000173597 8.32978e-05 -0.00434174 0.00414147
5.96 1.53143e-06 0.000133689 -0.000198106 7.7714e-05 -0.00495471 0.00334361
5.98 -2.69353e-07 0.000109735 -0.000212732 6.18544e-05 -0.00532052 0.00274451
6 -2.17339e-06 8.07529e-05 -0.000217881 3.89231e-05 -0.0054493 0.00201966
6.02 -4.48314e-06 2.85152e-05 -0.000208858 1.42646e-05 -0.00522362 0.000713177
6.04 -7.33949e-06 -5.90794e-05 -0.000182561 -5.06487e-06 -0.00456592 -0.0014776
6.06 -1.05799e-05 -0.000178699 -0.000144866 -1.31559e-05 -0.00362317 -0.00446934
6.08 -1.37268e-05 -0.000309875 -0.00010206 -9.12216e-06 -0.00255257 -0.00775011
6.1 -1.61749e-05 -0.00042301 -5.33691e-05 1.00875e-06 -0.00133478 -0.0105797
6.12 -1.74963e-05 -0.00049444 -3.38488e-06 6.46477e-06 -8.46574e-05 -0.0123662
6.14 -1.761e-05 -0.000517268 3.16144e-05 -1.81481e-06 0.000790691 -0.0129371
6.16 -1.67046e-05 -0.000500618 4.48079e-05 -2.38164e-05 0.00112066 -0.0125207
6.18 -1.50907e-05 -0.000463038 5.31922e-05 -4.87541e-05 0.00133036 -0.0115808
6.2 -1.31184e-05 -0.000425058 7.84227e-05 -6.24101e-05 0.00196138 -0.0106309
6.22 -1.10786e-05 -0.000400216 0.000126655 -5.81337e-05 0.00316769 -0.0100096
6.24 -9.08102e-06 -0.000389381 0.000193946 -4.14662e-05 0.00485068 -0.00973858
6.26 -7.02392e-06 -0.000383458 0.00027332 -2.40808e-05 0.00683586 -0.00959043
6.28 -4.66791e-06 -0.000368682 0.000349524 -1.31879e-05 0.00874175 -0.00922088
6.3 -1.74409e-06 -0.000330226 0.000397115 -6.62751e-06 0.00993202 -0.00825909
6.32 1.92519e-06 -0.000257881 0.000400535 2.66875e-06 0.0100175 -0.0064497
6.34 6.27085e-06 -0.000151502 0.000404056 1.83068e-05 0.0101056 -0.00378913
6.36 1.10385e-05 -1.96021e-05 0.00042931 3.57259e-05 0.0107372 -0.000490257
6.38 1.5935e-05 0.000125611 0.000447591 4.56309e-05 0.0111944 0.00314158
6.4 2.04518e-05 0.000269074 0.000447827 4.39812e-05 0.0112003 0.00672965
6.42 2.42139e-05 0.000393709 0.000446405 3.76773e-05 0.0111648 0.00984683
6.44 2.70226e-05 0.000485897 0.000462078 3.82924e-05 0.0115568 0.0121525
6.46 2.85991e-05 0.000540113 0.000470694 5.27732e-05 0.0117722 0.0135084
6.48 2.88874e-05 0.000562791 0.000430658 7.89416e-05 0.0107709 0.0140756
6.5 2.80982e-05 0.000571057 0.000330003 0.000106428 0.00825352 0.0142824
6.52 2.65223e-05 0.000577972 0.000187691 0.000125634 0.00469424 0.0144553
6.54 2.43334e-05 0.000581081 2.36413e-05 0.000136394 0.00059128 0.0145331
6.56 2.16306e-05 0.000570628 -0.000131457 0.000145128 -0.00328781 0.0142716
6.58 1.84906e-05 0.000539013 -0.000237912 0.000154876 -0.00595028 0.0134809
6.6 1.49842e-05 0.000482621 -0.000277318 0.000160652 -0.00693584 0.0120705
6.62 1.1172e-05 0.000403752 -0.000260854 0.000154877 -0.00652406 0.010098
6.64 7.09786e-06 0.000306254 -0.000209804 0.000135272 -0.00524728 0.00765953
6.66 2.83548e-06 0.000193152 -0.00015023 0.000107434 -0.00375731 0.00483081
6.68 -1.437e-06 7.49218e-05 -0.00011734 8.06504e-05 -0.00293471 0.00187382
6.7 -5.40173e-06 -2.86162e-05 -0.000139733 6.01119e-05 -0.00349479 -0.000715705
6.72 -8.74748e-06 -0.000100497 -0.000219388 4.25934e-05 -0.00548699 -0.00251347
6.74 -1.13411e-05 -0.00013722 -0.000337711 1.98885e-05 -0.0084463 -0.00343192
6.76 -1.32427e-05 -0.000146622 -0.000469959 -1.40253e-05 -0.0117539 -0.00366709
6.78 -1.45877e-05 -0.000141475 -0.000578913 -5.92825e-05 -0.0144788 -0.00353835
6.8 -1.56674e-05 -0.000139932 -0.000623045 -0.000108418 -0.0155826 -0.00349976
6.82 -1.68808e-05 -0.000164862 -0.000604787 -0.000146915 -0.015126 -0.00412328
6.84 -1.87028e-05 -0.000230192 -0.000556525 -0.000163536 -0.0139189 -0.0057572
6.86 -2.0887e-05 -0.000326686 -0.000474898 -0.000165215 -0.0118774 -0.00817054
6.88 -2.28748e-05 -0.000428669 -0.000332448 -0.000169204 -0.00831467 -0.0107212
6.9 -2.43405e-05 -0.000513165 -0.000162792 -0.000174159 -0.0040715 -0.0128345
6.92 -2.51898e-05 -0.000577106 -3.16232e-05 -0.000161459 -0.00079091 -0.0144337
6.94 -2.55882e-05 -0.000632798 4.44438e-05 -0.000124578 0.00111156 -0.0158265
6.96 -2.54829e-05 -0.00067862 6.52934e-05 -7.70786e-05 0.00163301 -0.0169726
6.98 -2.46084e-05 -0.000692905 2.83524e-05 -3.657e-05 0.000709105 -0.0173298
7 -2.25273e-05 -0.000656363 -3.7637e-05 -1.04642e-05 -0.000941318 -0.0164159
7.02 -1.90692e-05 -0.000569225 -7.89015e-05 4.44648e-06 -0.00197336 -0.0142366
7.04 -1.44453e-05 -0.000446266 -6.57196e-05 1.43289e-05 -0.00164367 -0.0111613
7.06 -9.18286e-06 -0.000305307 -2.22487e-06 2.14901e-05 -5.56449e-05 -0.00763587
7.08 -3.90783e-06 -0.000168447 9.95343e-05 2.3242e-05 0.00248939 -0.00421292
7.1 8.80456e-07 -5.54466e-05 0.000225128 1.79464e-05 0.00563055 -0.00138674
7.12 4.90183e-06 2.99167e-05 0.000346039 1.16256e-05 0.00865457 0.000748228
7.14 8.0279e-06 9.32503e-05 0.000429625 1.569e-05 0.0107451 0.00233223
7.16 1.02173e-05 0.000135445 0.000462187 3.69175e-05 0.0115595 0.00338754
7.18 1.15645e-05 0.000156973 0.000449385 7.09773e-05 0.0112393 0.00392596
7.2 1.22844e-05 0.000167178 0.000394088 0.000107349 0.00985631 0.00418119
7.22 1.27049e-05 0.000181045 0.000297347 0.000137311 0.00743678 0.004528
7.24 1.31627e-05 0.000211153 0.000182198 0.000155757 0.00455686 0.00528103
7.26 1.38262e-05 0.000261467 7.99534e-05 0.000161887 0.00199967 0.00653939
7.28 1.46388e-05 0.000324805 3.68123e-06 0.000159133 9.2069e-05 0.00812352
7.3 1.53786e-05 0.000387214 -4.49377e-05 0.000150551 -0.00112391 0.00968437
7.32 1.57872e-05 0.000435179 -6.72262e-05 0.000135348 -0.00168136 0.010884
7.34 1.56616e-05 0.000460586 -7.28755e-05 0.000111903 -0.00182265 0.0115194
7.36 1.48922e-05 0.00046103 -7.58932e-05 8.26885e-05 -0.00189812 0.0115305
7.38 1.34619e-05 0.000436071 -8.38001e-05 5.35287e-05 -0.00209588 0.0109063
7.4 1.14618e-05 0.000388163 -0.00010051 2.82494e-05 -0.00251379 0.00970812
7.42 9.0902e-06 0.000327097 -0.000133519 5.46301e-06 -0.00333935 0.00818084
7.44 6.61745e-06 0.000266644 -0.000188229 -1.93243e-05 -0.00470769 0.00666888
7.46 4.30667e-06 0.000216811 -0.000258637 -4.8849e-05 -0.00646863 0.00542253
7.48 2.33786e-06 0.000181754 -0.000328869 -8.1476e-05 -0.00822515 0.00454575
7.5 7.36191e-07 0.000160342 -0.000381265 -0.000113 -0.0095356 0.00401022
7.52 -6.72192e-07 0.000143796 -0.000402909 -0.000139857 -0.0100769 0.0035964
7.54 -2.2033e-06 0.000116247 -0.000388944 -0.000159822 -0.00972765 0.00290739
7.56 -4.14951e-06 6.26446e-05 -0.000341836 -0.000170482 -0.00854947 0.00156677
7.58 -6.64293e-06 -2.3711e-05 -0.000268626 -0.00016811 -0.00671844 -0.000593022
7.6 -9.61105e-06 -0.000139855 -0.000179156 -0.000148754 -0.00448077 -0.00349783
7.62 -1.27962e-05 -0.0002744 -8.49149e-05 -0.000111488 -0.00212376 -0.00686285
7.64 -1.58101e-05 -0.000409428 1.8475e-06 -6.10852e-05 4.62067e-05 -0.01024
7.66 -1.8213e-05 -0.000525068 6.97112e-05 -7.193e-06 0.00174351 -0.0131322
7.68 -1.96023e-05 -0.000604607 0.000111447 3.97415e-05 0.00278734 -0.0151215
7.7 -1.9653e-05 -0.000634767 0.00012699 7.31935e-05 0.00317607 -0.0158758
7.72 -1.81909e-05 -0.000606058 0.000123711 9.28531e-05 0.00309406 -0.0151578
7.74 -1.53246e-05 -0.00052203 0.000113506 0.000102638 0.00283884 -0.0130562
7.76 -1.14302e-05 -0.000401629 0.000108411 0.000106651 0.0027114 -0.0100449
7.78 -6.99569e-06 -0.000265664 0.000116949 0.00010694 0.00292493 -0.00664436
7.8 -2.51208e-06 -0.000130785 0.000141732 0.000103967 0.00354479 -0.00327099
7.82 1.56835e-06 -1.37143e-05 0.000178783 9.89473e-05 0.00447144 -0.000343001
7.84 4.91129e-06 7.18919e-05 0.000219391 9.56521e-05 0.00548706 0.00179805
7.86 7.40153e-06 0.000122258 0.000254107 9.87275e-05 0.00635533 0.00305772
7.88 9.16435e-06 0.000144477 0.000276014 0.0001096 0.00690321 0.00361344
7.9 1.05013e-05 0.000154577 0.000280416 0.000124069 0.00701332 0.00386604
7.92 1.17563e-05 0.000173034 0.000262269 0.000133786 0.00655946 0.00432766
7.94 1.31669e-05 0.000214979 0.000216113 0.000130508 0.00540508 0.00537671
7.96 1.47957e-05 0.000282964 0.00014107 0.000110855 0.00352822 0.00707705
7.98 1.65697e-05 0.000369968 4.54313e-05 7.8701e-05 0.00113626 0.00925305
8 1.83259e-05 0.000465205 -5.4065e-05 4.22027e-05 -0.00135219 0.011635
8.02 1.98021e-05 0.000554304 -0.000137521 7.29863e-06 -0.00343946 0.0138634
8.04 2.06689e-05 0.000620276 -0.000189796 -2.55414e-05 -0.00474687 0.0155134
8.06 2.06345e-05 0.000649976 -0.000206648 -5.81854e-05 -0.00516835 0.0162562
8.08 1.95284e-05 0.000637155 -0.00019461 -8.98228e-05 -0.00486728 0.0159355
8.1 1.73264e-05 0.000581137 -0.000166037 -0.000115446 -0.00415266 0.0145345
8.12 1.4157e-05 0.000487782 -0.000135027 -0.000128624 -0.00337708 0.0121996
8.14 1.02641e-05 0.000369623 -0.000115845 -0.000126127 -0.00289732 0.00924442
8.16 5.95446e-06 0.000242664 -0.00012066 -0.000110734 -0.00301776 0.00606912
8.18 1.55519e-06 0.000122387 -0.000154653 -8.96759e-05 -0.00386793 0.00306095
8.2 -2.64055e-06 1.9493e-05 -0.000210659 -6.97641e-05 -0.00526867 0.00048753
8.22 -6.44703e-06 -6.39549e-05 -0.000269028 -5.32443e-05 -0.0067285 -0.00159954
8.24 -9.83943e-06 -0.000134978 -0.000306428 -3.77092e-05 -0.00766389 -0.00337586
8.26 -1.29219e-05 -0.000204817 -0.000307409 -1.95683e-05 -0.00768844 -0.00512256
8.28 -1.58231e-05 -0.000282181 -0.000268199 2.47253e-06 -0.00670776 -0.00705745
8.3 -1.86018e-05 -0.000369825 -0.000193813 2.69501e-05 -0.00484734 -0.00924947
8.32 -2.1224e-05 -0.000465215 -9.6891e-05 5.2031e-05 -0.00242328 -0.0116352
8.34 -2.35798e-05 -0.000562328 2.89583e-06 7.78171e-05 7.24259e-05 -0.0140641
8.36 -2.54963e-05 -0.000652784 8.48101e-05 0.000105892 0.00212114 -0.0163264
8.38 -2.67502e-05 -0.000726451 0.000135015 0.000136323 0.00337679 -0.0181688
8.4 -2.71185e-05 -0.000772211 0.00015015 0.000165031 0.00375532 -0.0193133
8.42 -2.64344e-05 -0.000778715 0.000137324 0.000184892 0.00343454 -0.019476
8.44 -2.45566e-05 -0.000738637 0.000111788 0.000190327 0.00279587 -0.0184736
8.46 -2.15449e-05 -0.000655871 9.07523e-05 0.000180716 0.00226975 -0.0164036
8.48 -1.76886e-05 -0.000544074 8.61699e-05 0.000159947 0.00215514 -0.0136075
8.5 -1.33219e-05 -0.000418424 0.000101839 0.000133638 0.00254703 -0.010465
8.52 -8.76878e-06 -0.000291611 0.00013482 0.000106248 0.00337191 -0.00729334
8.54 -4.29577e-06 -0.000173004 0.000177257 8.01058e-05 0.00443326 -0.00432692
8.56 -1.29262e-07 -6.82284e-05 0.000217794 5.64794e-05 0.00544711 -0.00170643
8.58 3.54615e-06 1.94939e-05 0.000244582 3.67651e-05 0.00611709 0.000487537
8.6 6.62367e-06 8.90951e-05 0.000248744 2.2394e-05 0.0062212 0.00222829
8.62 9.12922e-06 0.000144656 0.000225752 1.36011e-05 0.00564615 0.0036179
8.64 1.12118e-05 0.000195729 0.000175673 8.33877e-06 0.00439366 0.00489525
8.66 1.30617e-05 0.000251934 0.0001048 2.70397e-06 0.00262109 0.00630096
8.68 1.48171e-05 0.000317677 2.52755e-05 -7.10124e-06 0.000632151 0.00794522
8.7 1.65189e-05 0.000391739 -4.97786e-05 -2.29057e-05 -0.00124498 0.00979755
8.72 1.81109e-05 0.000469461 -0.000110188 -4.41868e-05 -0.00275585 0.0117414
8.74 1.94493e-05 0.000543737 -0.000149074 -6.86939e-05 -0.00372841 0.0135991
8.76 2.03074e-05 0.000604487 -0.000163851 -9.2915e-05 -0.00409798 0.0151185
8.78 2.04078e-05 0.000639173 -0.000159193 -0.000112225 -0.00398147 0.015986
8.8 1.9487e-05 0.000635353 -0.000146885 -0.000121649 -0.00367366 0.0158904
8.82 1.74085e-05 0.000586034 -0.000140157 -0.000117628 -0.00350539 0.014657
8.84 1.42902e-05 0.000496445 -0.000147321 -9.96967e-05 -0.00368457 0.0124163
8.86 1.04529e-05 0.000382178 -0.000169806 -7.12186e-05 -0.00424691 0.00955841
8.88 6.28014e-06 0.00025929 -0.000203387 -3.86137e-05 -0.00508679 0.00648495
8.9 2.14842e-06 0.000140638 -0.000239761 -8.8933e-06 -0.00599651 0.00351741
8.92 -1.60576e-06 3.77835e-05 -0.000269085 1.28356e-05 -0.00672992 0.000944973
8.94 -4.7423e-06 -4.1258e-05 -0.000282911 2.43498e-05 -0.00707573 -0.00103189
8.96 -7.2016e-06 -9.68514e-05 -0.000274594 2.62481e-05 -0.00686772 -0.0024223
8.98 -9.12266e-06 -0.000138618 -0.000239254 2.15913e-05 -0.00598385 -0.00346689
9 -1.07695e-05 -0.000180837 -0.000177955 1.50924e-05 -0.00445073 -0.00452282
9.02 -1.2394e-05 -0.000235049 -0.000101607 1.17102e-05 -0.00254123 -0.00587867
9.04 -1.41087e-05 -0.000304359 -2.69106e-05 1.51996e-05 -0.000673046 -0.00761215
9.06 -1.5844e-05 -0.000383341 3.22861e-05 2.71989e-05 0.000807488 -0.00958753
9.08 -1.73987e-05 -0.000462462 7.01438e-05 4.67089e-05 0.00175433 -0.0115664
9.1 -1.85133e-05 -0.000531679 8.91759e-05 6.98628e-05 0.00223033 -0.0132975
9.12 -1.89149e-05 -0.000580187 9.81445e-05 9.06577e-05 0.00245464 -0.0145107
9.14 -1.83579e-05 -0.000595379 0.00010729 0.000103005 0.00268336 -0.0148907
9.16 -1.67097e-05 -0.000566855 0.000121758 0.000103108 0.00304522 -0.0141773
9.18 -1.40571e-05 -0.000494995 0.000139755 9.08949e-05 0.00349533 -0.01238
9.2 -1.07126e-05 -0.000393586 0.000158623 7.02825e-05 0.00396722 -0.00984377
9.22 -7.10048e-06 -0.000282427 0.00017933 4.79617e-05 0.00448513 -0.00706364
9.24 -3.64476e-06 -0.000179648 0.000201914 3.03997e-05 0.00504994 -0.00449307
9.26 -6.82022e-07 -9.86745e-05 0.00022182 2.1025e-05 0.00554781 -0.0024679
9.28 1.6294e-06 -4.555e-05 0.000235725 2.01071e-05 0.00589557 -0.00113923
9.3 3.34722e-06 -1.62331e-05 0.000245258 2.6331e-05 0.006134 -0.000406006
9.32 4.67085e-06 1.07911e-06 0.000249911 3.71679e-05 0.00625038 2.698e-05
9.34 5.8184e-06 1.88244e-05 0.000241358 4.84169e-05 0.00603647 0.000470796
9.36 6.98148e-06 4.61354e-05 0.000211151 5.55398e-05 0.00528096 0.00115386
9.38 8.33189e-06 9.04472e-05 0.000161185 5.6112e-05 0.0040313 0.00226211
9.4 9.96099e-06 0.000156484 0.000100336 5.02185e-05 0.00250945 0.00391372
9.42 1.17888e-05 0.00024052 3.67557e-05 3.86031e-05 0.000919274 0.0060155
9.44 1.35693e-05 0.000329269 -2.05009e-05 2.16715e-05 -0.000512737 0.00823515
9.46 1.49894e-05 0.000406492 -6.14963e-05 5.83077e-07 -0.00153805 0.0101665
9.48 1.5762e-05 0.000459435 -8.33639e-05 -2.1699e-05 -0.00208497 0.0114907
9.5 1.5679e-05 0.000480545 -9.174e-05 -4.08638e-05 -0.00229446 0.0120186
9.52 1.46279e-05 0.000466086 -9.33524e-05 -5.26934e-05 -0.00233478 0.011657
9.54 1.26119e-05 0.000415595 -9.42502e-05 -5.47578e-05 -0.00235724 0.0103942
9.56 9.7783e-06 0.000334376 -0.000102194 -4.76784e-05 -0.00255592 0.00836287
9.58 6.42999e-06 0.000235093 -0.000121802 -3.50668e-05 -0.00304633 0.00587977
9.6 2.96332e-06 0.000134776 -0.000148943 -2.18483e-05 -0.00372512 0.0033708
9.62 -2.80867e-07 4.74294e-05 -0.000175148 -1.21903e-05 -0.00438053 0.00118622
9.64 -3.12779e-06 -2.25554e-05 -0.000194505 -8.18296e-06 -0.00486466 -0.000564129
9.66 -5.54556e-06 -7.89598e-05 -0.000203108 -9.14962e-06 -0.00507981 -0.00197483
9.68 -7.54956e-06 -0.000126557 -0.000196595 -1.19088e-05 -0.00491692 -0.00316526
9.7 -9.16464e-06 -0.000167731 -0.000172845 -1.27161e-05 -0.00432292 -0.00419503
9.72 -1.04492e-05 -0.000204868 -0.000135486 -9.68414e-06 -0.00338857 -0.00512385
9.74 -1.14912e-05 -0.000241789 -9.24163e-05 -3.26944e-06 -0.00231137 -0.00604725
9.76 -1.23488e-05 -0.000281262 -5.15004e-05 5.41439e-06 -0.00128805 -0.00703449
9.78 -1.29928e-05 -0.000322305 -1.78243e-05 1.62157e-05 -0.000445792 -0.00806098
9.8 -1.32963e-05 -0.000359611 7.67706e-06 2.96709e-05 0.000192007 -0.00899403
9.82 -1.30717e-05 -0.000384421 2.85877e-05 4.52005e-05 0.00071499 -0.00961453
9.84 -1.21464e-05 -0.000386866 4.99822e-05 5.96395e-05 0.00125008 -0.00967569
9.86 -1.04442e-05 -0.000359963 7.32294e-05 6.79034e-05 0.0018315 -0.00900283
9.88 -8.0191e-06 -0.000302881 9.49074e-05 6.60748e-05 0.00237367 -0.00757518
9.9 -5.03346e-06 -0.000221292 0.000111705 5.47958e-05 0.0027938 -0.00553462
9.92 -1.72203e-06 -0.000125762 0.00012459 3.97282e-05 0.00311605 -0.00314537
9.94 1.63448e-06 -2.92298e-05 0.000136935 2.80606e-05 0.00342479 -0.000731059
9.96 4.74721e-06 5.63682e-05 0.000150302 2.38037e-05 0.00375911 0.00140978
9.98 7.38187e-06 0.000123203 0.000163147 2.5856e-05 0.00408036 0.00308134
10 9.41784e-06 0.000168895 0.000171902 3.02062e-05 0.00429934 0.00422413
10.02 1.08718e-05 0.000195953 0.00017277 3.38672e-05 0.00432105 0.00490086
10.04 1.18777e-05 0.000210495 0.000164552 3.68521e-05 0.00411552 0.00526455
10.06 1.26277e-05 0.000220984 0.000149733 4.05318e-05 0.00374488 0.00552688
10.08 1.32895e-05 0.000236154 0.000131035 4.41031e-05 0.00327724 0.00590631
10.1 1.39385e-05 0.000261877 0.000108043 4.30878e-05 0.0027022 0.00654964
10.12 1.4533e-05 0.000298452 7.89505e-05 3.23085e-05 0.00197459 0.00746441
10.14 1.49294e-05 0.000339618 4.49165e-05 1.101e-05 0.00112338 0.00849398
10.16 1.49142e-05 0.000373598 1.09695e-05 -1.4972e-05 0.000274352 0.00934384
10.18 1.42601e-05 0.00038689 -1.71264e-05 -3.63654e-05 -0.000428338 0.00967626
10.2 1.27966e-05 0.000369413 -3.5593e-05 -4.64128e-05 -0.000890196 0.00923917
10.22 1.04763e-05 0.000317921 -4.38955e-05 -4.47253e-05 -0.00109784 0.00795133
10.24 7.41055e-06 0.000237123 -4.59275e-05 -3.59688e-05 -0.00114866 0.00593052
10.26 3.85214e-06 0.000138303 -4.90007e-05 -2.50559e-05 -0.00122553 0.00345901
10.28 1.35218e-07 3.52222e-05 -5.91128e-05 -1.36125e-05 -0.00147844 0.000880913
10.3 -3.41086e-06 -6.02884e-05 -7.72487e-05 -6.15819e-07 -0.00193202 -0.00150785
10.32 -6.53277e-06 -0.000140409 -0.00010086 1.42716e-05 -0.00252254 -0.0035117
10.34 -9.07793e-06 -0.000200704 -0.00012708 2.84767e-05 -0.00317832 -0.0050197
10.36 -1.09927e-05 -0.000239636 -0.000152918 3.76456e-05 -0.00382455 -0.0059934
10.38 -1.2318e-05 -0.000260202 -0.000173442 3.90893e-05 -0.00433785 -0.00650778
10.4 -1.31714e-05 -0.000270402 -0.000181738 3.44227e-05 -0.00454535 -0.00676289
10.42 -1.36986e-05 -0.000279779 -0.000171968 2.87301e-05 -0.00430098 -0.00699741
10.44 -1.40115e-05 -0.00029472 -0.000142923 2.6691e-05 -0.00357457 -0.00737108
10.46 -1.41424e-05 -0.000315996 -9.88198e-05 2.92764e-05 -0.00247152 -0.0079032
10.48 -1.40327e-05 -0.000339173 -4.7277e-05 3.40029e-05 -0.00118242 -0.00848286
10.5 -1.35595e-05 -0.00035684 3.52323e-06 3.79205e-05 8.81174e-05 -0.00892472
10.52 -1.25843e-05 -0.000360991 4.70013e-05 4.00714e-05 0.00117552 -0.00902855
10.54 -1.10066e-05 -0.000344814 7.87402e-05 4.12841e-05 0.00196933 -0.00862395
10.56 -8.80609e-06 -0.000304529 9.63929e-05 4.20891e-05 0.00241083 -0.0076164
10.58 -6.05806e-06 -0.000241204 0.000101305 4.1357e-05 0.00253369 -0.00603261
10.6 -2.92493e-06 -0.000161218 0.000100384 3.72843e-05 0.00251064 -0.00403215
10.62 3.72132e-07 -7.4398e-05 0.000103424 2.9645e-05 0.00258669 -0.00186073
10.64 3.59294e-06 9.36852e-06 0.000117055 2.07138e-05 0.00292759 0.000234302
10.66 6.52299e-06 8.28705e-05 0.000141729 1.37169e-05 0.00354469 0.00207262
10.68 9.00678e-06 0.000142505 0.000172614 1.0417e-05 0.00431715 0.0035641
10.7 1.09586e-05 0.000187757 0.000200856 1.02396e-05 0.0050235 0.00469587
10.72 1.23597e-05 0.00021997 0.000216385 1.15712e-05 0.00541187 0.00550153
10.74 1.32514e-05 0.000241499 0.000213637 1.37303e-05 0.00534315 0.00603998
10.76 1.37159e-05 0.000255852 0.000193166 1.75482e-05 0.00483116 0.00639896
10.78 1.38441e-05 0.000267498 0.000157478 2.36486e-05 0.00393859 0.00669022
10.8 1.37047e-05 0.000279912 0.000109849 3.02373e-05 0.00274737 0.0070007
10.82 1.33267e-05 0.000293243 5.65924e-05 3.36371e-05 0.0014154 0.00733412
10.84 1.2701e-05 0.000304223 5.96657e-06 3.15047e-05 0.000149226 0.00760873
10.86 1.17917e-05 0.000308135 -3.61509e-05 2.50707e-05 -0.000904149 0.00770657
10.88 1.05561e-05 0.000300836 -6.75506e-05 1.80287e-05 -0.00168947 0.00752403
10.9 8.96561e-06 0.000280054 -8.80437e-05 1.3443e-05 -0.00220201 0.00700426
10.92 7.00679e-06 0.000245331 -0.000100415 1.15835e-05 -0.00251142 0.00613581
10.94 4.68142e-06 0.000196726 -0.000111277 1.03815e-05 -0.00278309 0.00492019
10.96 2.0327e-06 0.000134653 -0.000126102 8.05111e-06 -0.00315387 0.00336772
10.98 -8.23129e-07 6.16225e-05 -0.000144386 5.33326e-06 -0.00361115 0.00154119
11 -3.70183e-06 -1.65759e-05 -0.000162704 4.72651e-06 -0.00406929 -0.000414578
11.02 -6.38865e-06 -9.20048e-05 -0.000179624 7.2407e-06 -0.00449247 -0.00230109
11.04 -8.67216e-06 -0.000156647 -0.000194471 1.03848e-05 -0.00486379 -0.00391782
11.06 -1.03763e-05 -0.00020388 -0.000204332 9.82414e-06 -0.00511044 -0.00509912
11.08 -1.14127e-05 -0.000230474 -0.000205411 2.90596e-06 -0.00513742 -0.00576425
11.1 -1.18256e-05 -0.000239149 -0.000195235 -9.30118e-06 -0.00488291 -0.00598122
11.12 -1.17768e-05 -0.000238328 -0.000171895 -2.26155e-05 -0.00429915 -0.00596069
11.14 -1.14708e-05 -0.000237973 -0.000133762 -3.20579e-05 -0.00334544 -0.00595182
11.16 -1.1073e-05 -0.000244948 -8.22439e-05 -3.4398e-05 -0.00205695 -0.00612627
11.18 -1.06613e-05 -0.000260682 -2.36746e-05 -2.93626e-05 -0.000592111 -0.00651978
11.2 -1.0216e-05 -0.00028139 3.35042e-05 -1.87913e-05 0.000837955 -0.00703768
11.22 -9.64678e-06 -0.000300362 8.27061e-05 -4.86101e-06 0.00206852 -0.00751218
11.24 -8.83404e-06 -0.000310464 0.000119563 1.08459e-05 0.00299033 -0.00776485
11.26 -7.65754e-06 -0.000305165 0.00014206 2.69905e-05 0.00355298 -0.00763232
11.28 -6.02366e-06 -0.000279468 0.000153467 4.18789e-05 0.00383826 -0.00698962
11.3 -3.91528e-06 -0.000231976 0.000161771 5.35774e-05 0.00404597 -0.00580182
11.32 -1.4408e-06 -0.000166433 0.000172763 6.06415e-05 0.00432087 -0.00416256
11.34 1.17096e-06 -9.14406e-05 0.000186586 6.28919e-05 0.00466659 -0.00228698
11.36 3.63927e-06 -1.87172e-05 0.000202669 6.19525e-05 0.00506884 -0.000468135
11.38 5.7207e-06 4.03974e-05 0.000222475 6.11353e-05 0.0055642 0.00101035
11.4 7.2767e-06 7.96915e-05 0.000244085 6.39681e-05 0.00610467 0.00199311
11.42 8.30279e-06 0.000100697 0.00025947 7.18162e-05 0.00648945 0.00251845
11.44 8.91234e-06 0.000110817 0.000260426 8.26751e-05 0.00651335 0.00277157
11.46 9.27492e-06 0.000119248 0.000242769 9.24465e-05 0.00607174 0.00298243
11.48 9.54397e-06 0.000133908 0.00020496 9.72167e-05 0.00512613 0.00334908
11.5 9.79867e-06 0.000158867 0.000148976 9.45964e-05 0.00372596 0.00397331
11.52 1.00199e-05 0.000191803 8.35307e-05 8.43099e-05 0.00208914 0.00479707
11.54 1.01202e-05 0.000225439 2.09454e-05 6.83523e-05 0.000523853 0.00563831
11.56 1.00021e-05 0.000253293 -3.08705e-05 4.98012e-05 -0.000772085 0.00633495
11.58 9.58673e-06 0.0002717 -6.92223e-05 3.05684e-05 -0.00173128 0.00679531
11.6 8.80429e-06 0.000276152 -9.19273e-05 1.07006e-05 -0.00229914 0.00690666
11.62 7.60777e-06 0.000261878 -0.00010032 -9.62712e-06 -0.00250905 0.00654967
11.64 6.02552e-06 0.000230258 -0.000105019 -2.8454e-05 -0.00262657 0.00575884
11.66 4.17387e-06 0.000189262 -0.000118935 -4.32658e-05 -0.00297461 0.00473352
11.68 2.19204e-06 0.000145697 -0.000145731 -5.30062e-05 -0.0036448 0.00364394
11.7 1.78816e-07 0.000101251 -0.000181476 -5.81868e-05 -0.00453878 0.00253231
11.72 -1.80739e-06 5.60437e-05 -0.000221829 -6.00419e-05 -0.00554803 0.00140167
11.74 -3.7184e-06 1.13049e-05 -0.000260576 -6.01541e-05 -0.0065171 0.00028273
11.76 -5.50862e-06 -3.18007e-05 -0.000287542 -5.97664e-05 -0.00719155 -0.000795359
11.78 -7.14935e-06 -7.33495e-05 -0.000294549 -5.87776e-05 -0.0073668 -0.00183451
11.8 -8.63497e-06 -0.000114819 -0.000279569 -5.60449e-05 -0.00699213 -0.00287169
11.82 -9.96689e-06 -0.000158477 -0.000243667 -5.06843e-05 -0.00609422 -0.00396359
11.84 -1.11319e-05 -0.000205333 -0.000189941 -4.23423e-05 -0.00475049 -0.00513548
11.86 -1.20915e-05 -0.000253414 -0.000125362 -3.06762e-05 -0.00313537 -0.00633799
11.88 -1.2793e-05 -0.000298614 -5.88411e-05 -1.56276e-05 -0.00147164 -0.00746847
11.9 -1.31932e-05 -0.000337095 1.50366e-06 2.04642e-06 3.76072e-05 -0.00843089
11.92 -1.32671e-05 -0.00036658 4.82977e-05 2.12593e-05 0.00120795 -0.00916832
11.94 -1.2985e-05 -0.000385468 7.67576e-05 4.14609e-05 0.00191974 -0.00964072
11.96 -1.22898e-05 -0.000391335 8.91872e-05 6.2371e-05 0.00223061 -0.00978745
11.98 -1.11141e-05 -0.00038127 9.51221e-05 8.26781e-05 0.00237904 -0.00953573
12 -9.42776e-06 -0.000353603 0.000105293 9.94587e-05 0.00263341 -0.00884377
12.02 -7.2701e-06 -0.000308838 0.000125986 0.000109343 0.00315096 -0.00772417
12.04 -4.7531e-06 -0.00024994 0.000158369 0.000110529 0.00396087 -0.00625111
12.06 -2.05749e-06 -0.000183294 0.000200604 0.000104103 0.0050172 -0.00458426
12.08 5.90806e-07 -0.000118379 0.000248671 9.38722e-05 0.00621936 -0.00296073
12.1 2.98253e-06 -6.37321e-05 0.000295664 8.45939e-05 0.00739469 -0.00159397
12.12 4.99719e-06 -2.22414e-05 0.000332811 7.9308e-05 0.00832374 -0.000556277
12.14 6.63167e-06 9.34399e-06 0.000352512 7.76004e-05 0.00881647 0.000233688
12.16 7.97474e-06 3.72621e-05 0.000350096 7.64503e-05 0.00875604 0.000931932
12.18 9.1469e-06 6.76192e-05 0.00032403 7.31444e-05 0.00810412 0.00169117
12.2 1.02548e-05 0.000104994 0.000275601 6.7046e-05 0.00689288 0.00262593
12.22 1.13666e-05 0.000151881 0.000211023 5.8267e-05 0.00527777 0.0037986
12.24 1.24786e-05 0.000207532 0.000140865 4.62253e-05 0.0035231 0.00519046
12.26 1.35074e-05 0.000267238 7.56356e-05 3.03846e-05 0.00189168 0.00668371
12.28 1.43092e-05 0.000323645 2.40409e-05 1.12576e-05 0.000601273 0.00809448
12.3 1.47053e-05 0.000368678 -9.81509e-06 -9.58287e-06 -0.000245479 0.00922079
12.32 1.45141e-05 0.000394598 -2.94695e-05 -2.96533e-05 -0.000737044 0.00986904
12.34 1.36075e-05 0.000395632 -4.37262e-05 -4.57181e-05 -0.00109361 0.00989492
12.36 1.19625e-05 0.00037018 -6.08189e-05 -5.48325e-05 -0.00152111 0.00925835
12.38 9.67138e-06 0.000321083 -8.51035e-05 -5.59992e-05 -0.00212847 0.00803042
12.4 6.92103e-06 0.000254731 -0.000117293 -5.07203e-05 -0.00293356 0.00637093
12.42 3.95999e-06 0.000180556 -0.000156188 -4.1927e-05 -0.00390634 0.00451577
12.44 1.05279e-06 0.000109101 -0.000199577 -3.26343e-05 -0.0049915 0.00272866
12.46 -1.57987e-06 4.8097e-05 -0.000243219 -2.51614e-05 -0.00608302 0.00120292
12.48 -3.80542e-06 -1.28474e-07 -0.000279963 -2.05234e-05 -0.00700199 -3.22216e-06
12.5 -5.58902e-06 -3.76734e-05 -0.000301679 -1.80922e-05 -0.00754512 -0.000942236
12.52 -6.97547e-06 -6.8575e-05 -0.00030312 -1.62999e-05 -0.00758115 -0.0017151
12.54 -8.05082e-06 -9.70529e-05 -0.000284018 -1.40895e-05 -0.00710341 -0.00242734
12.56 -8.89216e-06 -0.000126309 -0.000247303 -1.14928e-05 -0.00618516 -0.00315906
12.58 -9.53814e-06 -0.000157739 -0.0001973 -8.61359e-06 -0.00493456 -0.00394513
12.6 -9.98419e-06 -0.000190785 -0.000140509 -4.73476e-06 -0.00351419 -0.00477161
12.62 -1.01877e-05 -0.000222702 -8.46829e-05 1.01004e-06 -0.00211795 -0.00556988
12.64 -1.00804e-05 -0.000248344 -3.61204e-05 8.55224e-06 -0.000903386 -0.00621119
12.66 -9.59984e-06 -0.000261754 1.03158e-06 1.67231e-05 2.58001e-05 -0.00654659
12.68 -8.73303e-06 -0.000259673 2.4305e-05 2.39069e-05 0.000607879 -0.00649455
12.7 -7.52256e-06 -0.000243244 3.50192e-05 2.9081e-05 0.000875846 -0.00608363
12.72 -6.03983e-06 -0.000215975 4.09584e-05 3.26226e-05 0.00102439 -0.00540164
12.74 -4.38303e-06 -0.000182111 5.32679e-05 3.59055e-05 0.00133225 -0.00455468
12.76 -2.69666e-06 -0.000147779 8.01768e-05 3.98943e-05 0.00200526 -0.00369603
12.78 -1.15025e-06 -0.000120719 0.00012528 4.45372e-05 0.00313329 -0.00301923
12.8 1.30797e-07 -0.00010588 0.000187618 4.97209e-05 0.00469241 -0.00264812
12.82 1.1101e-06 -0.000101654 0.000257736 5.61401e-05 0.00644608 -0.00254243
12.84 1.82993e-06 -0.000101783 0.000317516 6.46524e-05 0.00794122 -0.00254563
12.86 2.38744e-06 -9.98549e-05 0.000350862 7.50845e-05 0.00877521 -0.00249742
12.88 2.91411e-06 -9.05491e-05 0.000352915 8.5955e-05 0.00882655 -0.00226468
12.9 3.5146e-06 -6.92636e-05 0.000324342 9.53274e-05 0.00811193 -0.00173232
12.92 4.22276e-06 -3.34367e-05 0.000264575 0.000101463 0.00661713 -0.000836274
12.94 5.01778e-06 1.63549e-05 0.000180824 0.000102406 0.00452247 0.000409033
12.96 5.81802e-06 7.5305e-05 9.14338e-05 9.64733e-05 0.0022868 0.0018834
12.98 6.472e-06 0.000133019 1.26557e-05 8.40141e-05 0.000316525 0.00332684
13 6.81709e-06 0.000177233 -4.67048e-05 6.77493e-05 -0.00116811 0.00443266
13.02 6.76993e-06 0.000201722 -8.0315e-05 5.10494e-05 -0.00200871 0.00504514
13.04 6.32811e-06 0.000207873 -8.71655e-05 3.58167e-05 -0.00218005 0.00519897
13.06 5.49897e-06 0.000198466 -7.80169e-05 2.17276e-05 -0.00195123 0.00496372
13.08 4.29668e-06 0.000174549 -6.97004e-05 7.62629e-06 -0.00174324 0.00436554
13.1 2.8052e-06 0.00013889 -7.35439e-05 -6.22785e-06 -0.00183936 0.00347369
13.12 1.18842e-06 9.82858e-05 -9.33841e-05 -1.7722e-05 -0.00233557 0.00245816
13.14 -3.76322e-07 6.07994e-05 -0.000130296 -2.50904e-05 -0.00325876 0.00152061
13.16 -1.75484e-06 3.19119e-05 -0.000182196 -2.93339e-05 -0.00455679 0.000798121
13.18 -2.86103e-06 1.34618e-05 -0.000240052 -3.39736e-05 -0.0060038 0.000336675
13.2 -3.64735e-06 4.88303e-06 -0.000290354 -4.22183e-05 -0.00726186 0.000122118
13.22 -4.11272e-06 4.02725e-06 -0.000322498 -5.43094e-05 -0.00806581 0.000100714
13.24 -4.3103e-06 6.82314e-06 -0.000331412 -6.73136e-05 -0.00828875 0.000170641
13.26 -4.33256e-06 7.73991e-06 -0.000314664 -7.72761e-05 -0.00786987 0.000193569
13.28 -4.28712e-06 1.75172e-06 -0.000272494 -8.17772e-05 -0.00681519 4.38023e-05
13.3 -4.28105e-06 -1.39476e-05 -0.0002117 -8.07776e-05 -0.00529471 -0.000348843
13.32 -4.40226e-06 -3.97948e-05 -0.000143793 -7.54496e-05 -0.00359631 -0.000995293
13.34 -4.70433e-06 -7.5153e-05 -7.806e-05 -6.62876e-05 -0.00195231 -0.00187962
13.36 -5.20074e-06 -0.00011947 -1.99567e-05 -5.20823e-05 -0.000499125 -0.002988
13.38 -5.84485e-06 -0.000171018 2.68323e-05 -3.08915e-05 0.000671088 -0.00427724
13.4 -6.50215e-06 -0.000224023 6.16653e-05 -2.52018e-06 0.00154227 -0.00560291
13.42 -6.96989e-06 -0.000268625 8.85499e-05 2.96902e-05 0.00221467 -0.00671844
13.44 -7.06426e-06 -0.000295523 0.000113532 5.97425e-05 0.00283949 -0.00739115
13.46 -6.70948e-06 -0.000301338 0.000141367 8.23185e-05 0.00353565 -0.0075366
13.48 -5.95671e-06 -0.000289884 0.000174753 9.61238e-05 0.00437065 -0.00725014
13.5 -4.93228e-06 -0.000268735 0.000214637 0.000104528 0.00536816 -0.00672118
13.52 -3.77106e-06 -0.000244344 0.000259915 0.000112784 0.00650057 -0.00611115
13.54 -2.58509e-06 -0.000219592 0.000305578 0.000123834 0.00764264 -0.00549209
13.56 -1.46014e-06 -0.000194836 0.000340894 0.000136098 0.00852589 -0.00487294
13.58 -4.36051e-07 -0.00016956 0.000353705 0.000145231 0.00884631 -0.00424078
13.6 5.2468e-07 -0.000142059 0.000338482 0.00014835 0.00846557 -0.00355298
13.62 1.52388e-06 -0.00010869 0.00029702 0.000146477 0.0074286 -0.00271838
13.64 2.68099e-06 -6.47448e-05 0.000235259 0.000142165 0.00588394 -0.0016193
13.66 4.06702e-06 -6.75991e-06 0.00016219 0.000135028 0.00405643 -0.000169077
13.68 5.6584e-06 6.49357e-05 8.64369e-05 0.000121011 0.00216182 0.00162406
13.7 7.344e-06 0.000145053 1.33277e-05 9.62454e-05 0.00033333 0.00362784
13.72 8.97141e-06 0.000224607 -5.15829e-05 6.13329e-05 -0.00129011 0.0056175
13.74 1.03997e-05 0.000294099 -9.88195e-05 2.21543e-05 -0.00247152 0.00735553
13.76 1.15085e-05 0.000346595 -0.00012074 -1.37439e-05 -0.00301977 0.00866848
13.78 1.21896e-05 0.000378757 -0.00012081 -4.24457e-05 -0.0030215 0.00947287
13.8 1.23764e-05 0.000390879 -0.000112929 -6.57026e-05 -0.00282439 0.00977603
13.82 1.20971e-05 0.00038746 -0.000112111 -8.74868e-05 -0.00280395 0.00969054
13.84 1.14729e-05 0.00037633 -0.00012876 -0.000108803 -0.00322034 0.00941217
13.86 1.06461e-05 0.000364606 -0.000168089 -0.000126389 -0.00420398 0.00911894
13.88 9.71146e-06 0.000354877 -0.000228095 -0.000136183 -0.00570474 0.00887561
13.9 8.71009e-06 0.000345911 -0.000298282 -0.000137391 -0.00746016 0.00865137
13.92 7.65551e-06 0.000336225 -0.000364244 -0.000133273 -0.00910989 0.00840913
13.94 6.53087e-06 0.000324701 -0.000413494 -0.000128443 -0.0103417 0.00812091
13.96 5.25737e-06 0.000307136 -0.000436882 -0.000125062 -0.0109266 0.00768158
13.98 3.69249e-06 0.000274473 -0.000427401 -0.000120963 -0.0106895 0.00686468
14 1.69093e-06 0.00021669 -0.000381524 -0.000111431 -0.00954207 0.00541951
14.02 -8.12623e-07 0.000128695 -0.000302593 -9.2843e-05 -0.00756798 0.00321871
14.04 -3.73934e-06 1.38871e-05 -0.000203069 -6.48699e-05 -0.00507885 0.000347313
14.06 -6.84236e-06 -0.000114636 -0.000101902 -3.01772e-05 -0.00254862 -0.00286711
14.08 -9.76448e-06 -0.000236645 -1.9129e-05 7.28298e-06 -0.000478424 -0.00591861
14.1 -1.21778e-05 -0.000333747 2.89399e-05 4.36718e-05 0.000723798 -0.00834716
14.12 -1.38985e-05 -0.000398875 3.75773e-05 7.58995e-05 0.000939824 -0.00997604
14.14 -1.48786e-05 -0.00043545 1.97358e-05 0.000102194 0.000493601 -0.0108908
14.16 -1.51471e-05 -0.000448995 4.76031e-07 0.00012214 1.19057e-05 -0.0112296
14.18 -1.48137e-05 -0.000444711 3.22066e-06 0.000135569 8.05501e-05 -0.0111224
14.2 -1.40893e-05 -0.000430911 4.02541e-05 0.000141943 0.00100677 -0.0107773
14.22 -1.32374e-05 -0.0004182 0.000109646 0.000141663 0.00274229 -0.0104594
14.24 -1.24654e-05 -0.000414659 0.000195873 0.000137599 0.00489887 -0.0103708
14.26 -1.18179e-05 -0.00042179 0.000275936 0.000134625 0.00690128 -0.0105492
14.28 -1.11226e-05 -0.00043117 0.000329226 0.000137017 0.00823407 -0.0107837
14.3 -1.00533e-05 -0.000425396 0.000345076 0.000144862 0.0086305 -0.0106393
14.32 -8.32308e-06 -0.000388107 0.000324333 0.000152113 0.0081117 -0.00970672
14.34 -5.86165e-06 -0.000315117 0.000274597 0.000149479 0.00686779 -0.00788122
14.36 -2.81112e-06 -0.000213664 0.000205424 0.000131049 0.00513773 -0.00534385
14.38 5.96114e-07 -9.39095e-05 0.00012882 9.87875e-05 0.00322183 -0.00234873
14.4 4.09851e-06 3.30186e-05 5.91666e-05 6.08581e-05 0.00147978 0.0008258
14.42 7.40811e-06 0.000152721 6.79435e-06 2.57762e-05 0.00016993 0.0038196
14.44 1.02774e-05 0.000252934 -2.74622e-05 -2.4706e-06 -0.00068684 0.00632597
14.46 1.25962e-05 0.000331568 -4.93936e-05 -2.54193e-05 -0.00123535 0.00829264
14.48 1.43846e-05 0.000394312 -6.62852e-05 -4.75223e-05 -0.00165782 0.0098619
14.5 1.56972e-05 0.000445881 -8.49619e-05 -7.1622e-05 -0.00212493 0.0111517
14.52 1.65535e-05 0.000486533 -0.000109561 -9.58116e-05 -0.00274016 0.0121684
14.54 1.69207e-05 0.000513367 -0.000139694 -0.000114795 -0.00349381 0.0128395
14.56 1.67334e-05 0.000522217 -0.000173085 -0.000124487 -0.00432892 0.0130609
14.58 1.59541e-05 0.000511331 -0.00020788 -0.000125151 -0.00519917 0.0127886
14.6 1.4614e-05 0.000483624 -0.000240631 -0.000120586 -0.00601827 0.0120956
14.62 1.2777e-05 0.000442361 -0.000266287 -0.00011478 -0.00665994 0.0110636
14.64 1.04996e-05 0.000386981 -0.000282258 -0.000108583 -0.0070594 0.00967856
14.66 7.86729e-06 0.00031733 -0.000288843 -9.90429e-05 -0.00722407 0.00793655
14.68 5.02257e-06 0.000238029 -0.000285079 -8.28045e-05 -0.00712994 0.0059532
14.7 2.09766e-06 0.000153402 -0.000266941 -6.06087e-05 -0.00667631 0.00383664
14.72 -8.46808e-07 6.25664e-05 -0.000229374 -3.72767e-05 -0.00573673 0.0015648
14.74 -3.78525e-06 -3.53215e-05 -0.000169969 -1.69361e-05 -0.00425099 -0.000883414
14.76 -6.68336e-06 -0.000136265 -9.32084e-05 3.66112e-07 -0.00233118 -0.00340806
14.78 -9.51459e-06 -0.000236589 -1.21356e-05 1.7531e-05 -0.000303516 -0.00591719
14.8 -1.22373e-05 -0.000336385 5.7215e-05 3.79387e-05 0.00143097 -0.00841315
14.82 -1.47071e-05 -0.000432782 0.000105162 6.38188e-05 0.00263014 -0.0108241
14.84 -1.66609e-05 -0.000515132 0.000131033 9.42533e-05 0.0032772 -0.0128837
14.86 -1.78196e-05 -0.000570196 0.000138937 0.000123807 0.00347486 -0.0142608
14.88 -1.79941e-05 -0.00058847 0.000135438 0.000144836 0.00338736 -0.0147179
14.9 -1.71426e-05 -0.000567274 0.000129341 0.00015234 0.00323488 -0.0141878
14.92 -1.5403e-05 -0.000514263 0.000128787 0.000146901 0.00322102 -0.0128619
14.94 -1.30451e-05 -0.000445738 0.000139306 0.000134027 0.0034841 -0.0111481
14.96 -1.03251e-05 -0.000375 0.000163958 0.000120949 0.00410065 -0.00937892
14.98 -7.40216e-06 -0.000304066 0.000198914 0.000111884 0.00497493 -0.00760484
15 -4.38021e-06 -0.000228925 0.00023002 0.000104736 0.00575289 -0.00572551
15.02 -1.35452e-06 -0.000148009 0.000242303 9.33964e-05 0.0060601 -0.00370179
15.04 1.59166e-06 -6.33334e-05 0.000231342 7.43981e-05 0.00578597 -0.001584
15.06 4.3843e-06 2.19867e-05 0.00019825 5.07981e-05 0.00495831 0.000549887
15.08 6.95892e-06 0.000105124 0.000141258 2.92345e-05 0.00353292 0.00262919
15.1 9.30734e-06 0.000185503 6.2862e-05 1.39409e-05 0.00157221 0.00463951
15.12 1.14908e-05 0.000265224 -2.15668e-05 3.49643e-06 -0.000539396 0.00663336
15.14 1.35559e-05 0.000344903 -9.21256e-05 -7.87529e-06 -0.0023041 0.00862616
15.16 1.5455e-05 0.000420967 -0.000138194 -2.5853e-05 -0.00345628 0.0105286
15.18 1.70605e-05 0.000489044 -0.000160648 -5.13807e-05 -0.00401787 0.0122312
15.2 1.81965e-05 0.000545556 -0.000166767 -7.95504e-05 -0.00417092 0.0136446
15.22 1.86321e-05 0.000583019 -0.000166144 -0.000102937 -0.00415533 0.0145815
15.24 1.81183e-05 0.000589086 -0.000167027 -0.000116012 -0.00417742 0.0147333
15.26 1.65056e-05 0.000555181 -0.000174333 -0.00011714 -0.00436015 0.0138853
15.28 1.38377e-05 0.000483655 -0.000190935 -0.000107995 -0.00477535 0.0120964
15.3 1.03373e-05 0.000384823 -0.000216885 -9.18642e-05 -0.00542439 0.00962459
15.32 6.3334e-06 0.000271184 -0.000245989 -7.18813e-05 -0.00615228 0.00678242
15.34 2.17715e-06 0.000153983 -0.000267833 -5.03779e-05 -0.00669861 0.00385116
15.36 -1.83057e-06 4.06252e-05 -0.000274225 -2.9431e-05 -0.00685848 0.00101604
15.38 -5.45718e-06 -6.40066e-05 -0.000260866 -1.0974e-05 -0.00652437 -0.00160084
15.4 -8.54506e-06 -0.000154039 -0.000225728 3.85218e-06 -0.00564554 -0.00385258
15.42 -1.10799e-05 -0.000226413 -0.000170859 1.48309e-05 -0.00427326 -0.00566269
15.44 -1.3233e-05 -0.000288457 -0.000103864 2.27265e-05 -0.00259768 -0.00721444
15.46 -1.52421e-05 -0.000353791 -3.47073e-05 3.03328e-05 -0.000868045 -0.00884846
15.48 -1.72156e-05 -0.000428852 2.64815e-05 4.25837e-05 0.000662313 -0.0107258
15.5 -1.90554e-05 -0.00050807 6.99174e-05 6.34432e-05 0.00174866 -0.0127071
15.52 -2.05152e-05 -0.000580362 9.1062e-05 9.19618e-05 0.0022775 -0.0145151
15.54 -2.12877e-05 -0.000634262 9.59875e-05 0.00012174 0.00240069 -0.0158632
15.56 -2.10901e-05 -0.000658357 9.76429e-05 0.000144006 0.00244209 -0.0164658
15.58 -1.97349e-05 -0.000642715 0.00010574 0.000151755 0.00264461 -0.0160746
15.6 -1.71988e-05 -0.000583672 0.000122194 0.00014299 0.00305611 -0.0145979
15.62 -1.36496e-05 -0.000487124 0.000144728 0.000121574 0.00361971 -0.0121832
15.64 -9.38099e-06 -0.000364941 0.000170047 9.48358e-05 0.00425295 -0.00912734
15.66 -4.76292e-06 -0.000230366 0.000192765 6.90315e-05 0.00482113 -0.00576156
15.68 -2.07479e-07 -9.78451e-05 0.000205982 4.64528e-05 0.00515171 -0.00244716
15.7 3.9213e-06 1.88259e-05 0.000205693 2.68942e-05 0.00514446 0.000470833
15.72 7.41557e-06 0.000112703 0.000192357 1.08008e-05 0.00481094 0.00281874
15.74 1.02484e-05 0.000186078 0.000167643 -3.58493e-07 0.00419281 0.00465387
15.76 1.24974e-05 0.000245 0.000133187 -6.32734e-06 0.00333106 0.00612754
15.78 1.42646e-05 0.000294173 9.33569e-05 -9.14548e-06 0.00233489 0.00735738
15.8 1.5634e-05 0.000337696 5.38878e-05 -1.1969e-05 0.00134776 0.00844592
15.82 1.66315e-05 0.000379024 1.63539e-05 -1.77012e-05 0.000409018 0.00947955
15.84 1.72008e-05 0.00041694 -2.02132e-05 -2.78282e-05 -0.000505542 0.0104278
15.86 1.72381e-05 0.00044493 -5.24793e-05 -4.07321e-05 -0.00131253 0.0111279
15.88 1.66412e-05 0.000455565 -7.48831e-05 -5.15941e-05 -0.00187286 0.0113939
15.9 1.53191e-05 0.000442576 -8.75856e-05 -5.57814e-05 -0.00219055 0.011069
15.92 1.32235e-05 0.000401375 -9.49258e-05 -5.2326e-05 -0.00237413 0.0100385
15.94 1.04024e-05 0.000332198 -9.89585e-05 -4.33741e-05 -0.00247499 0.00830839
15.96 7.00863e-06 0.000240917 -0.000101412 -3.12497e-05 -0.00253636 0.00602542
15.98 3.27462e-06 0.000136236 -0.000106836 -1.69334e-05 -0.00267201 0.0034073
16 -5.05216e-07 2.86672e-05 -0.000117441 -6.03679e-07 -0.00293724 0.000716969
16.02 -4.0102e-06 -6.93361e-05 -0.000130498 1.69525e-05 -0.00326381 -0.00173414
16.04 -6.9918e-06 -0.000147057 -0.000144246 3.30459e-05 -0.00360764 -0.00367798
16.06 -9.3557e-06 -0.000201446 -0.000158949 4.34739e-05 -0.00397538 -0.00503825
16.08 -1.11426e-05 -0.000237869 -0.000170673 4.55991e-05 -0.00426861 -0.0059492
16.1 -1.24435e-05 -0.000264296 -0.000172041 4.14405e-05 -0.00430282 -0.00661016
16.12 -1.33392e-05 -0.00028627 -0.000158928 3.66402e-05 -0.00397486 -0.00715974
16.14 -1.38877e-05 -0.000307095 -0.000130448 3.58572e-05 -0.00326256 -0.00768057
16.16 -1.41206e-05 -0.000328697 -8.71571e-05 3.95263e-05 -0.00217983 -0.00822086
16.18 -1.40288e-05 -0.000349577 -3.57041e-05 4.46503e-05 -0.000892976 -0.00874308
16.2 -1.3551e-05 -0.000363853 1.07322e-05 4.78286e-05 0.000268417 -0.00910013
16.22 -1.25845e-05 -0.000364053 4.23953e-05 4.78819e-05 0.00106032 -0.00910513
16.24 -1.10298e-05 -0.000344321 5.8789e-05 4.6404e-05 0.00147034 -0.00861163
16.26 -8.85087e-06 -0.00030207 6.3819e-05 4.54798e-05 0.00159614 -0.00755491
16.28 -6.10312e-06 -0.000238447 6.25806e-05 4.44973e-05 0.00156517 -0.00596368
16.3 -2.92213e-06 -0.000157497 6.23656e-05 3.9918e-05 0.00155979 -0.00393908
16.32 4.96398e-07 -6.51189e-05 6.84346e-05 2.87878e-05 0.00171158 -0.00162866
16.34 3.91658e-06 3.08618e-05 7.93289e-05 1.22474e-05 0.00198405 0.000771855
16.36 7.09884e-06 0.000120742 9.19735e-05 -4.46665e-06 0.0023003 0.00301981
16.38 9.84602e-06 0.000195374 0.00010702 -1.52785e-05 0.00267661 0.00488636
16.4 1.2031e-05 0.000250149 0.000123303 -1.71803e-05 0.00308386 0.00625633
16.42 1.36029e-05 0.000286629 0.000133061 -1.2122e-05 0.00332791 0.0071687
16.44 1.45759e-05 0.000309748 0.000128764 -5.2558e-06 0.00322043 0.00774692
16.46 1.49956e-05 0.000323349 0.00010989 -5.9265e-07 0.00274839 0.00808708
16.48 1.49032e-05 0.000328204 8.0036e-05 1.99241e-06 0.00200173 0.00820851
16.5 1.43327e-05 0.00032339 4.35911e-05 5.4856e-06 0.00109023 0.0080881
16.52 1.3332e-05 0.000308612 7.02888e-06 1.18191e-05 0.000175795 0.00771849
16.54 1.19712e-05 0.000285538 -2.28636e-05 1.94222e-05 -0.000571829 0.0071414
16.56 1.03207e-05 0.000256954 -4.35261e-05 2.42815e-05 -0.00108861 0.00642652
16.58 8.41932e-06 0.000223713 -5.54967e-05 2.32812e-05 -0.00138799 0.00559514
16.6 6.26772e-06 0.000183262 -5.88183e-05 1.71308e-05 -0.00147107 0.00458344
16.62 3.84923e-06 0.000132361 -5.56063e-05 1.03532e-05 -0.00139074 0.0033104
16.64 1.16365e-06 7.0054e-05 -5.32396e-05 7.94218e-06 -0.00133154 0.00175207
16.66 -1.73677e-06 -2.21204e-06 -5.92303e-05 1.17293e-05 -0.00148137 -5.5334e-05
16.68 -4.71926e-06 -8.05199e-05 -7.45352e-05 1.98932e-05 -0.00186416 -0.00201385
16.7 -7.58119e-06 -0.000157791 -9.52484e-05 2.91575e-05 -0.0023822 -0.00394644
16.72 -1.01038e-05 -0.000225676 -0.000117727 3.67353e-05 -0.00294441 -0.00564427
16.74 -1.21044e-05 -0.000277793 -0.000138984 4.09175e-05 -0.00347606 -0.00694774
16.76 -1.34596e-05 -0.000310862 -0.000155041 4.10791e-05 -0.00387764 -0.00777481
16.78 -1.41202e-05 -0.000324868 -0.000161318 3.74682e-05 -0.00403463 -0.0081251
16.8 -1.41216e-05 -0.000323168 -0.000153517 3.08572e-05 -0.00383952 -0.00808258
16.82 -1.3572e-05 -0.000310657 -0.00012969 2.24041e-05 -0.00324361 -0.00776967
16.84 -1.26223e-05 -0.000291501 -9.44078e-05 1.36067e-05 -0.00236118 -0.00729057
16.86 -1.14253e-05 -0.000269249 -5.79597e-05 6.06706e-06 -0.0014496 -0.00673404
16.88 -1.00821e-05 -0.000247093 -2.76268e-05 1.36855e-06 -0.000690958 -0.00617992
16.9 -8.6136e-06 -0.000226007 -3.00209e-06 9.70338e-07 -7.50835e-05 -0.00565255
16.92 -6.98441e-06 -0.000203483 1.78578e-05 5.33431e-06 0.000446632 -0.00508919
16.94 -5.14363e-06 -0.000174772 3.32764e-05 1.27609e-05 0.000832256 -0.00437112
16.96 -3.04489e-06 -0.000135052 4.1698e-05 1.97209e-05 0.00104288 -0.00337772
16.98 -6.65483e-07 -8.17064e-05 4.55306e-05 2.30184e-05 0.00113874 -0.00204352
17 1.95929e-06 -1.62559e-05 4.91891e-05 2.1882e-05 0.00123024 -0.000406577
17.02 4.71821e-06 5.6095e-05 5.62838e-05 1.81413e-05 0.00140768 0.00140295
17.04 7.43889e-06 0.000129096 6.7827e-05 1.44803e-05 0.00169638 0.00322873
17.06 9.91842e-06 0.000196885 8.06292e-05 1.23348e-05 0.00201657 0.00492418
17.08 1.19648e-05 0.00025368 8.95076e-05 1.13344e-05 0.00223862 0.00634463
17.1 1.3443e-05 0.00029449 9.25241e-05 1.07097e-05 0.00231407 0.0073653
17.12 1.4294e-05 0.000316841 9.16499e-05 1.0826e-05 0.0022922 0.00792432
17.14 1.45151e-05 0.00032111 8.8208e-05 1.28717e-05 0.00220612 0.00803109
17.16 1.41411e-05 0.000309618 8.09545e-05 1.71413e-05 0.0020247 0.00774367
17.18 1.32444e-05 0.000285887 6.92554e-05 2.20662e-05 0.00173211 0.00715014
17.2 1.19312e-05 0.000253936 5.51278e-05 2.51702e-05 0.00137877 0.00635104
17.22 1.03118e-05 0.000217221 4.08229e-05 2.49837e-05 0.001021 0.00543278
17.24 8.46962e-06 0.000177702 2.68222e-05 2.20801e-05 0.000670835 0.00444438
17.26 6.45579e-06 0.000135836 1.36374e-05 1.84132e-05 0.000341078 0.0033973
17.28 4.29632e-06 9.12943e-05 2.9333e-06 1.5653e-05 7.33631e-05 0.0022833
17.3 1.99826e-06 4.32854e-05 -5.07917e-06 1.40367e-05 -0.000127032 0.00108258
17.32 -4.3529e-07 -9.52544e-06 -1.29963e-05 1.28926e-05 -0.000325044 -0.000238245
17.34 -2.96937e-06 -6.79455e-05 -2.32419e-05 1.23564e-05 -0.00058129 -0.00169936
17.36 -5.50835e-06 -0.000130151 -3.57452e-05 1.41112e-05 -0.000894003 -0.00325515
17.38 -7.90801e-06 -0.00019121 -4.95555e-05 1.97344e-05 -0.0012394 -0.00478226
17.4 -1.00166e-05 -0.000245041 -6.47163e-05 2.82862e-05 -0.00161858 -0.00612858
17.42 -1.17079e-05 -0.000286718 -8.15056e-05 3.61479e-05 -0.00203849 -0.00717095
17.44 -1.28928e-05 -0.000313676 -9.85549e-05 3.9682e-05 -0.0024649 -0.00784518
17.46 -1.35215e-05 -0.000325711 -0.000111914 3.81062e-05 -0.00279901 -0.00814618
17.48 -1.3587e-05 -0.000324113 -0.000116537 3.37774e-05 -0.00291464 -0.00810621
17.5 -1.3129e-05 -0.000310875 -0.000110063 2.97614e-05 -0.00275272 -0.00777512
17.52 -1.22243e-05 -0.000288427 -9.4966e-05 2.72026e-05 -0.00237514 -0.0072137
17.54 -1.09556e-05 -0.000259236 -7.60335e-05 2.50397e-05 -0.00190163 -0.0064836
17.56 -9.38154e-06 -0.000225196 -5.66252e-05 2.20572e-05 -0.00141622 -0.00563225
17.58 -7.52872e-06 -0.000187064 -3.82487e-05 1.88262e-05 -0.000956617 -0.00467856
17.6 -5.40227e-06 -0.000143922 -2.21388e-05 1.73027e-05 -0.000553701 -0.00359956
17.62 -3.00933e-06 -9.38006e-05 -9.46618e-06 1.84551e-05 -0.000236753 -0.002346
17.64 -3.83968e-07 -3.57318e-05 -5.27924e-07 2.05942e-05 -1.32036e-05 -0.000893678
17.66 2.4041e-06 2.91818e-05 5.19472e-06 2.04441e-05 0.000129922 0.000729838
17.68 5.25808e-06 9.85219e-05 8.66208e-06 1.59284e-05 0.000216642 0.00246406
17.7 8.06036e-06 0.000168968 1.15941e-05 7.85162e-06 0.000289974 0.00422595
17.72 1.06743e-05 0.000235905 1.63837e-05 -9.66279e-07 0.000409763 0.00590007
17.74 1.29593e-05 0.000294167 2.4892e-05 -8.0371e-06 0.000622558 0.00735724
17.76 1.47973e-05 0.000340012 3.73946e-05 -1.29163e-05 0.000935256 0.00850382
17.78 1.61062e-05 0.000372155 5.21449e-05 -1.69349e-05 0.00130417 0.00930774
17.8 1.6828e-05 0.000390692 6.52705e-05 -2.13301e-05 0.00163244 0.00977137
17.82 1.69105e-05 0.000395018 7.24765e-05 -2.55222e-05 0.00181267 0.00987956
17.84 1.63073e-05 0.000382921 7.23105e-05 -2.71185e-05 0.00180852 0.009577
17.86 1.49971e-05 0.000351927 6.66474e-05 -2.36634e-05 0.00166688 0.00880184
17.88 1.30095e-05 0.000301945 5.73676e-05 -1.45944e-05 0.00143479 0.00755176
17.9 1.04377e-05 0.000236529 4.45578e-05 -1.72338e-06 0.00111441 0.00591569
17.92 7.42319e-06 0.000161088 2.8639e-05 1.20727e-05 0.000716274 0.00402888
17.94 4.12513e-06 8.03011e-05 1.20778e-05 2.47368e-05 0.000302071 0.00200835
17.96 6.92641e-07 -2.56393e-06 -2.20594e-06 3.58577e-05 -5.51714e-05 -6.41352e-05
17.98 -2.74563e-06 -8.50113e-05 -1.28135e-05 4.59471e-05 -0.000320472 -0.00212618
18 -6.07997e-06 -0.000164891 -1.96092e-05 5.52755e-05 -0.000490434 -0.004124
18.02 -9.21292e-06 -0.000240116 -2.31059e-05 6.35174e-05 -0.000577889 -0.00600541
18.04 -1.20572e-05 -0.000308349 -2.48912e-05 7.01827e-05 -0.000622538 -0.00771196
18.06 -1.45419e-05 -0.000367589 -2.72185e-05 7.50337e-05 -0.000680745 -0.00919357
18.08 -1.66149e-05 -0.000417142 -3.16205e-05 7.81866e-05 -0.000790841 -0.0104329
18.1 -1.8226e-05 -0.00045682 -3.87718e-05 8.00399e-05 -0.000969699 -0.0114253
18.12 -1.9303e-05 -0.000484891 -4.87425e-05 8.09193e-05 -0.00121907 -0.0121273
18.14 -1.97535e-05 -0.000497977 -5.97299e-05 8.05116e-05 -0.00149387 -0.0124546
18.16 -1.94981e-05 -0.0004931 -6.8006e-05 7.77475e-05 -0.00170086 -0.0123327
18.18 -1.85008e-05 -0.000468743 -7.1165e-05 7.14662e-05 -0.00177987 -0.0117235
18.2 -1.67812e-05 -0.000424697 -7.02021e-05 6.11833e-05 -0.00175578 -0.0106219
18.22 -1.44098e-05 -0.000362754 -6.71312e-05 4.73691e-05 -0.00167898 -0.00907263
18.24 -1.1495e-05 -0.000286957 -6.22766e-05 3.14565e-05 -0.00155756 -0.00717694
18.26 -8.16983e-06 -0.000202151 -5.5067e-05 1.55282e-05 -0.00137725 -0.00505588
18.28 -4.58262e-06 -0.000112678 -4.58277e-05 1.33622e-06 -0.00114617 -0.00281812
18.3 -8.91934e-07 -2.25442e-05 -3.56315e-05 -1.06995e-05 -0.00089116 -0.000563851
18.32 2.74991e-06 6.43709e-05 -2.53773e-05 -2.1342e-05 -0.000634697 0.00160993
18.34 6.21854e-06 0.000145034 -1.54187e-05 -3.13249e-05 -0.000385628 0.00362735
18.36 9.42676e-06 0.000217777 -5.23935e-06 -4.044e-05 -0.000131038 0.00544667
18.38 1.23146e-05 0.000281946 6.38223e-06 -4.77615e-05 0.000159622 0.00705159
18.4 1.48344e-05 0.00033744 1.99416e-05 -5.2557e-05 0.000498747 0.00843952
18.42 1.69426e-05 0.000384418 3.42074e-05 -5.49666e-05 0.000855541 0.00961445
18.44 1.85967e-05 0.000422851 4.74116e-05 -5.58502e-05 0.00118578 0.0105757
18.46 1.97485e-05 0.000451953 5.87489e-05 -5.58687e-05 0.00146933 0.0113035
18.48 2.0333e-05 0.00046978 6.77639e-05 -5.45891e-05 0.0016948 0.0117494
18.5 2.02685e-05 0.000473248 7.31251e-05 -5.04761e-05 0.00182889 0.0118361
18.52 1.94776e-05 0.000458764 7.33666e-05 -4.18079e-05 0.00183493 0.0114739
18.54 1.79157e-05 0.000423081 6.86475e-05 -2.77866e-05 0.0017169 0.0105814
18.56 1.56064e-05 0.00036502 6.08425e-05 -9.01433e-06 0.0015217 0.0091293
18.58 1.26563e-05 0.000287469 5.19446e-05 1.2824e-05 0.00129915 0.0071897
18.6 9.23767e-06 0.000196734 4.29027e-05 3.5469e-05 0.00107301 0.00492039
18.62 5.56073e-06 0.000100396 3.37705e-05 5.6494e-05 0.000844615 0.00251094
18.64 1.84068e-06 5.9316e-06 2.42941e-05 7.37291e-05 0.000607606 0.000148342
18.66 -1.73519e-06 -8.07463e-05 1.41942e-05 8.5717e-05 0.000355003 -0.00201951
18.68 -5.03521e-06 -0.000156628 3.34986e-06 9.21125e-05 8.37815e-05 -0.00391733
18.7 -7.98489e-06 -0.000221333 -8.00487e-06 9.37479e-05 -0.000200205 -0.00553563
18.72 -1.05487e-05 -0.00027569 -1.95528e-05 9.21044e-05 -0.000489025 -0.00689513
18.74 -1.27095e-05 -0.000320786 -3.14218e-05 8.84616e-05 -0.000785872 -0.00802301
18.76 -1.44504e-05 -0.000357575 -4.38841e-05 8.34368e-05 -0.00109756 -0.00894312
18.78 -1.57392e-05 -0.00038626 -5.63731e-05 7.72033e-05 -0.00140992 -0.00966053
18.8 -1.65231e-05 -0.00040565 -6.74083e-05 6.98777e-05 -0.00168591 -0.0101455
18.82 -1.67394e-05 -0.000413256 -7.56921e-05 6.14971e-05 -0.00189309 -0.0103357
18.84 -1.63338e-05 -0.000406107 -8.09083e-05 5.17147e-05 -0.00202355 -0.0101569
18.86 -1.52771e-05 -0.000381669 -8.3537e-05 3.98035e-05 -0.00208929 -0.00954571
18.88 -1.35786e-05 -0.000338643 -8.43469e-05 2.52049e-05 -0.00210955 -0.00846961
18.9 -1.13059e-05 -0.000278175 -8.40078e-05 8.18073e-06 -0.00210107 -0.00695728
18.92 -8.58842e-06 -0.000204671 -8.26627e-05 -9.93847e-06 -0.00206743 -0.00511892
18.94 -5.59665e-06 -0.000124656 -7.95951e-05 -2.70255e-05 -0.00199071 -0.00311771
18.96 -2.50617e-06 -4.45944e-05 -7.34684e-05 -4.08898e-05 -0.00183747 -0.00111534
18.98 5.30702e-07 3.05878e-05 -6.31506e-05 -5.01711e-05 -0.00157942 0.000765003
19 3.39359e-06 9.78207e-05 -4.84966e-05 -5.4784e-05 -0.00121292 0.00244653
19.02 5.99074e-06 0.000155403 -3.06376e-05 -5.55181e-05 -0.000766259 0.00388668
19.04 8.25572e-06 0.000202509 -1.17839e-05 -5.3131e-05 -0.00029472 0.00506482
19.06 1.01516e-05 0.000239189 5.64938e-06 -4.77896e-05 0.000141293 0.0059822
19.08 1.16753e-05 0.000266573 2.03106e-05 -3.93461e-05 0.000507977 0.00666708
19.1 1.28491e-05 0.000286681 3.2334e-05 -2.81087e-05 0.000808687 0.00717001
19.12 1.36964e-05 0.000301498 4.2535e-05 -1.53508e-05 0.00106382 0.00754057
19.14 1.42161e-05 0.000311663 5.15191e-05 -3.0185e-06 0.00128851 0.00779481
19.16 1.43759e-05 0.000315863 5.9473e-05 7.31345e-06 0.00148744 0.00789986
19.18 1.41281e-05 0.000311643 6.62903e-05 1.54863e-05 0.00165795 0.0077943
19.2 1.34297e-05 0.000296737 7.16644e-05 2.27996e-05 0.00179236 0.0074215
19.22 1.22521e-05 0.000269411 7.50787e-05 3.08451e-05 0.00187775 0.00673807
19.24 1.0589e-05 0.000228454 7.56791e-05 4.01966e-05 0.00189276 0.00571373
19.26 8.47526e-06 0.000174226 7.23976e-05 5.01122e-05 0.00181069 0.00435745
19.28 6.00285e-06 0.000109625 6.46985e-05 5.91999e-05 0.00161814 0.00274176
19.3 3.31475e-06 3.95118e-05 5.33522e-05 6.6235e-05 0.00133436 0.000988198
19.32 5.78274e-07 -3.07219e-05 4.02811e-05 7.05643e-05 0.00100745 -0.000768376
19.34 -2.04482e-06 -9.61368e-05 2.75914e-05 7.19764e-05 0.000690073 -0.00240443
19.36 -4.42371e-06 -0.000152932 1.67556e-05 7.02907e-05 0.000419065 -0.00382491
19.38 -6.47361e-06 -0.00019911 8.31532e-06 6.52326e-05 0.00020797 -0.00497984
19.4 -8.1555e-06 -0.000234366 1.70164e-06 5.69133e-05 4.25587e-05 -0.00586161
19.42 -9.46441e-06 -0.000259236 -4.82177e-06 4.63679e-05 -0.000120595 -0.00648361
19.44 -1.04183e-05 -0.000274789 -1.35707e-05 3.53673e-05 -0.00033941 -0.0068726
19.46 -1.10462e-05 -0.000282921 -2.60409e-05 2.56117e-05 -0.000651293 -0.00707598
19.48 -1.13663e-05 -0.000285635 -4.15406e-05 1.80768e-05 -0.00103895 -0.00714387
19.5 -1.13647e-05 -0.00028317 -5.74448e-05 1.28138e-05 -0.00143672 -0.00708222
19.52 -1.09983e-05 -0.000273275 -7.11408e-05 8.98071e-06 -0.00177926 -0.00683473
19.54 -1.02227e-05 -0.000252951 -8.12513e-05 5.18092e-06 -0.00203213 -0.00632641
19.56 -9.02085e-06 -0.000220734 -8.70279e-05 3.03628e-07 -0.0021766 -0.00552065
19.58 -7.41474e-06 -0.000177241 -8.8012e-05 -5.65693e-06 -0.00220122 -0.00443287
19.6 -5.46507e-06 -0.000124459 -8.4837e-05 -1.16388e-05 -0.00212181 -0.00311279
19.62 -3.26754e-06 -6.53161e-05 -7.91217e-05 -1.63466e-05 -0.00197887 -0.00163359
19.64 -9.43596e-07 -3.47378e-06 -7.21061e-05 -1.90016e-05 -0.0018034 -8.68908e-05
19.66 1.37068e-06 5.69349e-05 -6.41945e-05 -1.94974e-05 -0.00160553 0.00142396
19.68 3.53821e-06 0.000111447 -5.55812e-05 -1.81009e-05 -0.00139011 0.00278732
19.7 5.44375e-06 0.000156025 -4.62989e-05 -1.4962e-05 -0.00115795 0.00390224
19.72 7.01865e-06 0.000188654 -3.5862e-05 -9.86444e-06 -0.000896924 0.00471831
19.74 8.24375e-06 0.0002099 -2.36498e-05 -2.67269e-06 -0.000591491 0.00524968
19.76 9.12887e-06 0.000221503 -9.61128e-06 5.88883e-06 -0.000240382 0.00553988
19.78 9.69558e-06 0.000225119 5.63379e-06 1.41913e-05 0.000140903 0.00563032
19.8 9.97396e-06 0.000222577 2.11521e-05 2.06399e-05 0.000529022 0.00556672
19.82 9.99388e-06 0.000215866 3.59871e-05 2.45872e-05 0.000900051 0.0053989
19.84 9.7641e-06 0.00020576 4.9341e-05 2.6401e-05 0.00123404 0.00514614
19.86 9.26157e-06 0.000190984 6.07421e-05 2.69451e-05 0.00151918 0.00477658
19.88 8.44536e-06 0.000169208 7.00542e-05 2.70623e-05 0.00175209 0.00423196
19.9 7.28117e-06 0.000138475 7.72757e-05 2.73132e-05 0.0019327 0.0034633
19.92 5.76218e-06 9.79442e-05 8.23033e-05 2.80249e-05 0.00205844 0.00244962
19.94 3.92287e-06 4.83652e-05 8.4728e-05 2.95225e-05 0.00211908 0.00120962
19.96 1.84255e-06 -7.70952e-06 8.38141e-05 3.21469e-05 0.00209622 -0.000192828
19.98 -3.64143e-07 -6.63926e-05 7.90225e-05 3.58978e-05 0.00197639 -0.00166052
20 -2.56641e-06 -0.00012328 7.06296e-05 4.01169e-05 0.00176647 -0.00308329
20.02 -4.64032e-06 -0.000174157 5.94275e-05 4.36571e-05 0.00148631 -0.00435576
20.04 -6.49057e-06 -0.000215851 4.59978e-05 4.54603e-05 0.00115042 -0.00539854
20.06 -8.06324e-06 -0.000247176 3.09071e-05 4.51509e-05 0.000773001 -0.006182
20.08 -9.34292e-06 -0.000269104 1.53152e-05 4.33109e-05 0.00038304 -0.00673042
20.1 -1.03367e-05 -0.000283778 6.28336e-07 4.12051e-05 1.57149e-05 -0.00709742
20.12 -1.10528e-05 -0.000293104 -1.23377e-05 4.00233e-05 -0.000308572 -0.00733067
20.14 -1.14826e-05 -0.000297648 -2.36393e-05 4.01542e-05 -0.000591228 -0.00744432
20.16 -1.15919e-05 -0.000296216 -3.41358e-05 4.10404e-05 -0.000853751 -0.0074085
20.18 -1.13279e-05 -0.000286416 -4.50897e-05 4.16396e-05 -0.00112771 -0.00716338
20.2 -1.06376e-05 -0.000265886 -5.7021e-05 4.10548e-05 -0.00142612 -0.00664992
20.22 -9.48954e-06 -0.000233248 -6.90726e-05 3.88724e-05 -0.00172753 -0.00583364
20.24 -7.89017e-06 -0.000188335 -8.00888e-05 3.50299e-05 -0.00200305 -0.00471035
20.26 -5.89185e-06 -0.000132274 -8.95033e-05 2.94619e-05 -0.00223852 -0.00330823
20.28 -3.59041e-06 -6.78722e-05 -9.63667e-05 2.20205e-05 -0.00241017 -0.00169752
20.3 -1.11422e-06 3.24794e-07 -9.87199e-05 1.28513e-05 -0.00246902 8.11312e-06
20.32 1.39503e-06 6.70251e-05 -9.51742e-05 2.77788e-06 -0.00238035 0.00167632
20.34 3.80822e-06 0.000127861 -8.64686e-05 -6.86125e-06 -0.00216262 0.00319785
20.36 6.02938e-06 0.000180478 -7.46714e-05 -1.48893e-05 -0.00186756 0.00451383
20.38 7.99637e-06 0.000224106 -6.14228e-05 -2.08953e-05 -0.00153621 0.00560497
20.4 9.66624e-06 0.000258321 -4.75364e-05 -2.52396e-05 -0.0011889 0.00646071
20.42 1.10069e-05 0.000282765 -3.36299e-05 -2.8488e-05 -0.000841098 0.00707206
20.44 1.19992e-05 0.000297827 -2.02698e-05 -3.08431e-05 -0.000506957 0.00744878
20.46 1.26338e-05 0.000304388 -7.4945e-06 -3.20849e-05 -0.000187441 0.00761285
20.48 1.28993e-05 0.000302513 5.52477e-06 -3.18898e-05 0.000138177 0.00756597
20.5 1.278e-05 0.000291314 2.01331e-05 -3.00863e-05 0.000503538 0.00728587
20.52 1.22648e-05 0.000270225 3.70674e-05 -2.67299e-05 0.00092707 0.00675842
20.54 1.13539e-05 0.000239649 5.54722e-05 -2.20599e-05 0.00138738 0.00599371
20.56 1.00604e-05 0.000200425 7.31839e-05 -1.6263e-05 0.00183036 0.00501269
20.58 8.41416e-06 0.000153422 8.78894e-05 -9.16581e-06 0.00219815 0.00383713
20.6 6.46629e-06 9.9804e-05 9.79934e-05 -2.7886e-07 0.00245086 0.00249613
20.62 4.28735e-06 4.13633e-05 0.00010281 1.07058e-05 0.00257131 0.0010345
20.64 1.96071e-06 -1.94086e-05 0.000102232 2.343e-05 0.00255686 -0.000485426
20.66 -4.25965e-07 -7.96444e-05 9.64568e-05 3.68403e-05 0.00241243 -0.00199195
20.68 -2.78814e-06 -0.000136852 8.6345e-05 4.96272e-05 0.00215952 -0.00342275
20.7 -5.04877e-06 -0.000189469 7.36966e-05 6.08475e-05 0.00184318 -0.0047387
20.72 -7.1376e-06 -0.000236566 6.04939e-05 7.02952e-05 0.00151298 -0.00591662
20.74 -8.98807e-06 -0.000277082 4.79865e-05 7.82575e-05 0.00120016 -0.00692995
20.76 -1.05383e-05 -0.000309602 3.65682e-05 8.48155e-05 0.000914587 -0.00774328
20.78 -1.17362e-05 -0.000332886 2.58573e-05 8.94134e-05 0.000646702 -0.00832562
20.8 -1.25387e-05 -0.000346061 1.48347e-05 9.12072e-05 0.000371021 -0.00865514
20.82 -1.29079e-05 -0.000348112 2.5152e-06 8.97771e-05 6.29062e-05 -0.00870644
20.84 -1.28176e-05 -0.000338011 -1.15128e-05 8.53545e-05 -0.00028794 -0.00845381
20.86 -1.22669e-05 -0.000315784 -2.71892e-05 7.84332e-05 -0.000680014 -0.00789791
20.88 -1.12819e-05 -0.00028272 -4.3995e-05 6.93727e-05 -0.00110033 -0.00707097
20.9 -9.90221e-06 -0.000240338 -6.07919e-05 5.8341e-05 -0.00152043 -0.00601097
20.92 -8.17326e-06 -0.000189775 -7.61337e-05 4.5447e-05 -0.00190413 -0.00474635
20.94 -6.15089e-06 -0.000132258 -8.88299e-05 3.09244e-05 -0.00222167 -0.00330785
20.96 -3.90764e-06 -6.97438e-05 -9.81726e-05 1.53026e-05 -0.00245534 -0.00174433
20.98 -1.53068e-06 -4.91948e-06 -0.000103761 -5.99314e-07 -0.00259511 -0.000123048
21 8.85634e-07 5.92834e-05 -0.000105186 -1.58966e-05 -0.00263075 0.00148269
21.02 3.2451e-06 0.00012015 -0.000102096 -2.98564e-05 -0.00255346 0.003005
21.04 5.45054e-06 0.000175283 -9.47795e-05 -4.19168e-05 -0.00237047 0.00438388
21.06 7.40505e-06 0.000222415 -8.4406e-05 -5.1577e-05 -0.00211103 0.00556267
21.08 9.01827e-06 0.000259283 -7.24631e-05 -5.83059e-05 -0.00181233 0.00648477
21.1 1.02178e-05 0.000283872 -6.01627e-05 -6.15304e-05 -0.0015047 0.00709974
21.12 1.09616e-05 0.000295067 -4.81718e-05 -6.07561e-05 -0.0012048 0.00737973
21.14 1.12426e-05 0.000293178 -3.64075e-05 -5.58631e-05 -0.000910566 0.00733248
21.16 1.10812e-05 0.00027965 -2.42256e-05 -4.73956e-05 -0.000605892 0.00699416
21.18 1.05093e-05 0.00025618 -1.11046e-05 -3.64915e-05 -0.000277732 0.00640715
21.2 9.55944e-06 0.000224056 3.08733e-06 -2.4357e-05 7.72154e-05 0.00560372
21.22 8.26203e-06 0.000184009 1.84378e-05 -1.16655e-05 0.000461136 0.00460212
21.24 6.64537e-06 0.000136305 3.48938e-05 1.62562e-06 0.000872707 0.00340903
21.26 4.74146e-06 8.11518e-05 5.16793e-05 1.59231e-05 0.00129252 0.00202963
21.28 2.59816e-06 1.94371e-05 6.73849e-05 3.14139e-05 0.00168533 0.000486119
21.3 2.89405e-07 -4.67173e-05 8.07307e-05 4.76674e-05 0.00201911 -0.00116843
21.32 -2.08678e-06 -0.000114056 9.0799e-05 6.36481e-05 0.00227092 -0.00285261
21.34 -4.42152e-06 -0.000178872 9.66251e-05 7.80758e-05 0.00241663 -0.00447368
21.36 -6.60885e-06 -0.000237816 9.73572e-05 8.98927e-05 0.00243494 -0.0059479
21.38 -8.55308e-06 -0.000288326 9.31755e-05 9.85666e-05 0.00233036 -0.00721117
21.4 -1.01728e-05 -0.000328539 8.55889e-05 0.000104039 0.00214061 -0.00821691
21.42 -1.14073e-05 -0.000357171 7.65802e-05 0.000106353 0.0019153 -0.008933
21.44 -1.22221e-05 -0.000373636 6.76679e-05 0.000105334 0.0016924 -0.0093448
21.46 -1.26084e-05 -0.000378056 5.94835e-05 0.000100686 0.00148771 -0.00945534
21.48 -1.25762e-05 -0.000371058 5.16691e-05 9.24367e-05 0.00129227 -0.00928032
21.5 -1.21451e-05 -0.00035368 4.33121e-05 8.12623e-05 0.00108325 -0.00884571
21.52 -1.13334e-05 -0.000327072 3.3684e-05 6.83954e-05 0.00084245 -0.00818021
21.54 -1.01497e-05 -0.000291604 2.22609e-05 5.51008e-05 0.000556755 -0.00729314
21.56 -8.59504e-06 -0.000246427 8.28166e-06 4.19613e-05 0.000207128 -0.00616325
21.58 -6.68173e-06 -0.000190543 -8.86091e-06 2.8551e-05 -0.000221615 -0.00476557
21.6 -4.45373e-06 -0.00012449 -2.86438e-05 1.399e-05 -0.000716394 -0.00311356
21.62 -1.99482e-06 -5.10417e-05 -4.91846e-05 -1.96902e-06 -0.00123013 -0.00127658
21.64 5.80117e-07 2.53393e-05 -6.789e-05 -1.83239e-05 -0.00169796 0.000633737
21.66 3.14577e-06 9.98172e-05 -8.23249e-05 -3.32362e-05 -0.00205898 0.00249646
21.68 5.58708e-06 0.00016857 -9.10246e-05 -4.50933e-05 -0.00227656 0.004216
21.7 7.80811e-06 0.00022918 -9.38869e-05 -5.33828e-05 -0.00234815 0.00573188
21.72 9.73036e-06 0.00028 -9.18949e-05 -5.86973e-05 -0.00229833 0.00700291
21.74 1.12917e-05 0.00031977 -8.67428e-05 -6.18619e-05 -0.00216947 0.00799756
21.76 1.24498e-05 0.000347802 -8.05802e-05 -6.29894e-05 -0.00201534 0.00869867
21.78 1.31844e-05 0.000363976 -7.50436e-05 -6.13495e-05 -0.00187687 0.00910317
21.8 1.3495e-05 0.000368445 -6.99506e-05 -5.6123e-05 -0.00174949 0.00921496
21.82 1.33924e-05 0.000361547 -6.37485e-05 -4.73212e-05 -0.00159438 0.00904244
21.84 1.28919e-05 0.000343946 -5.56347e-05 -3.60763e-05 -0.00139145 0.00860222
21.86 1.20115e-05 0.000316713 -4.63114e-05 -2.40431e-05 -0.00115827 0.00792111
21.88 1.0774e-05 0.000280931 -3.65788e-05 -1.23581e-05 -0.000914851 0.0070262
21.9 9.20375e-06 0.000236943 -2.64624e-05 -9.99191e-07 -0.000661835 0.00592603
21.92 7.33101e-06 0.000184448 -1.58151e-05 1.09014e-05 -0.000395541 0.00461312
21.94 5.20641e-06 0.000124011 -4.70869e-06 2.40253e-05 -0.000117766 0.00310156
21.96 2.90922e-06 5.82263e-05 6.55778e-06 3.79379e-05 0.000164013 0.00145625
21.98 5.34042e-07 -9.03513e-06 1.71116e-05 5.10454e-05 0.000427967 -0.000225983
22 -1.83166e-06 -7.44452e-05 2.57931e-05 6.15414e-05 0.000645097 -0.00186192
22.02 -4.11866e-06 -0.000136341 3.22322e-05 6.86174e-05 0.00080614 -0.00340995
22.04 -6.26962e-06 -0.000194269 3.68905e-05 7.29529e-05 0.000922646 -0.00485877
22.06 -8.22369e-06 -0.000247478 4.00746e-05 7.60429e-05 0.00100228 -0.00618953
22.08 -9.90805e-06 -0.000293961 4.17573e-05 7.88558e-05 0.00104437 -0.00735209
22.1 -1.12455e-05 -0.000330973 4.20192e-05 8.09504e-05 0.00105092 -0.00827779
22.12 -1.21714e-05 -0.000356098 4.08204e-05 8.08351e-05 0.00102093 -0.00890616
22.14 -1.26457e-05 -0.000367881 3.77756e-05 7.72294e-05 0.000944783 -0.00920086
22.16 -1.26568e-05 -0.000366203 3.2928e-05 7.01229e-05 0.000823543 -0.0091589
22.18 -1.22188e-05 -0.000352329 2.74243e-05 6.0838e-05 0.000685892 -0.0088119
22.2 -1.13606e-05 -0.000328047 2.27806e-05 5.11404e-05 0.000569753 -0.00820461
22.22 -1.01166e-05 -0.000294535 1.94491e-05 4.20661e-05 0.000486431 -0.00736645
22.24 -8.52165e-06 -0.000252091 1.62811e-05 3.33727e-05 0.000407198 -0.00630491
22.26 -6.6135e-06 -0.00020081 1.14105e-05 2.41104e-05 0.00028538 -0.00502234
22.28 -4.43729e-06 -0.00014141 3.7059e-06 1.37962e-05 9.2686e-05 -0.00353675
22.3 -2.05011e-06 -7.55358e-05 -6.40061e-06 3.04381e-06 -0.000160082 -0.00188919
22.32 4.75073e-07 -5.50724e-06 -1.7243e-05 -6.93442e-06 -0.000431255 -0.000137748
22.34 3.04743e-06 6.59676e-05 -2.69569e-05 -1.53679e-05 -0.000674203 0.00164987
22.36 5.56036e-06 0.000135822 -3.42383e-05 -2.24293e-05 -0.000856315 0.00339695
22.38 7.90001e-06 0.000200558 -3.8411e-05 -2.87372e-05 -0.000960674 0.00501603
22.4 9.96105e-06 0.000256648 -3.94019e-05 -3.43938e-05 -0.000985457 0.00641885
22.42 1.16651e-05 0.000301579 -3.79931e-05 -3.85362e-05 -0.000950224 0.00754262
22.44 1.29703e-05 0.000334649 -3.56714e-05 -3.99206e-05 -0.000892156 0.0083697
22.46 1.38644e-05 0.000356452 -3.38143e-05 -3.80461e-05 -0.00084571 0.008915
22.48 1.43498e-05 0.000367688 -3.31043e-05 -3.37057e-05 -0.000827952 0.00919601
22.5 1.44353e-05 0.000368839 -3.34899e-05 -2.84009e-05 -0.000837595 0.0092248
22.52 1.4135e-05 0.000360625 -3.41335e-05 -2.32471e-05 -0.000853694 0.00901936
22.54 1.34579e-05 0.000343657 -3.35879e-05 -1.84278e-05 -0.000840049 0.008595
22.56 1.23954e-05 0.000317334 -3.06762e-05 -1.34692e-05 -0.000767226 0.00793664
22.58 1.09291e-05 0.000279863 -2.52304e-05 -7.76533e-06 -0.000631022 0.00699949
22.6 9.06109e-06 0.000230016 -1.79219e-05 -8.74162e-07 -0.000448234 0.00575278
22.62 6.84262e-06 0.000168864 -9.8336e-06 7.376e-06 -0.000245942 0.00422335
22.64 4.37703e-06 9.99526e-05 -2.20873e-06 1.67928e-05 -5.52413e-05 0.00249985
22.66 1.80039e-06 2.82669e-05 3.95564e-06 2.67464e-05 9.89321e-05 0.000706957
22.68 -7.48685e-07 -4.10423e-05 8.02031e-06 3.62091e-05 0.000200591 -0.0010265
22.7 -3.15794e-06 -0.000104012 9.19311e-06 4.40172e-05 0.000229924 -0.00260139
22.72 -5.35455e-06 -0.000158838 6.7578e-06 4.94386e-05 0.000169015 -0.0039726
22.74 -7.29775e-06 -0.000205601 1.44555e-06 5.27464e-05 3.61538e-05 -0.00514218
22.76 -8.96542e-06 -0.000245208 -4.38804e-06 5.51137e-05 -0.000109747 -0.00613276
22.78 -1.03449e-05 -0.000278635 -8.64257e-06 5.76638e-05 -0.000216154 -0.00696878
22.8 -1.14186e-05 -0.000306272 -1.07072e-05 6.05472e-05 -0.000267791 -0.00765999
22.82 -1.21458e-05 -0.000327011 -1.0793e-05 6.29236e-05 -0.000269937 -0.00817869
22.84 -1.24625e-05 -0.000338153 -9.43015e-06 6.36754e-05 -0.000235852 -0.00845735
22.86 -1.23046e-05 -0.000336726 -7.81286e-06 6.20817e-05 -0.000195403 -0.00842168
22.88 -1.16352e-05 -0.000320898 -7.44711e-06 5.80517e-05 -0.000186255 -0.00802579
22.9 -1.04564e-05 -0.000290353 -9.08776e-06 5.19688e-05 -0.000227289 -0.00726187
22.92 -8.81265e-06 -0.000246264 -1.23229e-05 4.4305e-05 -0.0003082 -0.00615917
22.94 -6.78731e-06 -0.000191251 -1.59576e-05 3.53283e-05 -0.000399105 -0.00478328
22.96 -4.49361e-06 -0.000128991 -1.86109e-05 2.52257e-05 -0.000465467 -0.00322614
22.98 -2.05972e-06 -6.36429e-05 -1.93504e-05 1.4492e-05 -0.000483962 -0.00159175
23 3.8941e-07 6.83666e-07 -1.80841e-05 4.0928e-06 -0.00045229 1.70887e-05
23.02 2.75097e-06 6.06526e-05 -1.52965e-05 -4.83799e-06 -0.000382571 0.00151694
23.04 4.95711e-06 0.000114481 -1.14053e-05 -1.15475e-05 -0.000285252 0.00286321
23.06 6.97111e-06 0.000162111 -6.62727e-06 -1.6064e-05 -0.000165751 0.00405445
23.08 8.76709e-06 0.000204341 -1.51477e-06 -1.91721e-05 -3.7885e-05 0.00511065
23.1 1.03084e-05 0.000241361 2.96644e-06 -2.18881e-05 7.4192e-05 0.00603653
23.12 1.15413e-05 0.000271846 6.33804e-06 -2.46692e-05 0.000158517 0.00679898
23.14 1.24056e-05 0.000293443 9.14177e-06 -2.69486e-05 0.000228639 0.00733913
23.16 1.28501e-05 0.000304013 1.22167e-05 -2.75098e-05 0.000305546 0.00760348
23.18 1.28425e-05 0.000302387 1.59477e-05 -2.5463e-05 0.000398858 0.0075628
23.2 1.23727e-05 0.000288348 2.04788e-05 -2.09377e-05 0.000512183 0.00721169
23.22 1.14553e-05 0.000262486 2.59041e-05 -1.49002e-05 0.000647872 0.00656488
23.24 1.01284e-05 0.000226191 3.16952e-05 -8.35925e-06 0.000792709 0.00565713
23.26 8.45012e-06 0.000181428 3.64959e-05 -1.67672e-06 0.000912777 0.00453759
23.28 6.49279e-06 0.000130353 3.89758e-05 5.52231e-06 0.0009748 0.00326018
23.3 4.33678e-06 7.51329e-05 3.85769e-05 1.38219e-05 0.000964824 0.00187909
23.32 2.0629e-06 1.78381e-05 3.54559e-05 2.3282e-05 0.000886767 0.000446129
23.34 -2.51617e-07 -3.96169e-05 3.03453e-05 3.31371e-05 0.000758949 -0.000990846
23.36 -2.53308e-06 -9.53372e-05 2.43673e-05 4.22275e-05 0.000609435 -0.00238443
23.38 -4.71227e-06 -0.000147479 1.82517e-05 4.97466e-05 0.000456483 -0.00368852
23.4 -6.72659e-06 -0.000194621 1.1832e-05 5.56513e-05 0.000295924 -0.00486757
23.42 -8.5178e-06 -0.000235833 4.61671e-06 6.0481e-05 0.000115466 -0.00589829
23.44 -1.00269e-05 -0.000270145 -3.70931e-06 6.47829e-05 -9.27714e-05 -0.00675646
23.46 -1.11934e-05 -0.00029614 -1.34394e-05 6.85382e-05 -0.000336126 -0.0074066
23.48 -1.19595e-05 -0.000312123 -2.44959e-05 7.10121e-05 -0.000612653 -0.00780634
23.5 -1.22788e-05 -0.000316549 -3.57312e-05 7.11725e-05 -0.000893653 -0.00791704
23.52 -1.21281e-05 -0.000308528 -4.54979e-05 6.83138e-05 -0.00113792 -0.00771643
23.54 -1.15186e-05 -0.000288404 -5.29734e-05 6.24119e-05 -0.00132489 -0.00721311
23.56 -1.04928e-05 -0.000257889 -5.82571e-05 5.41043e-05 -0.00145703 -0.00644992
23.58 -9.1092e-06 -0.000219256 -6.16231e-05 4.44288e-05 -0.00154122 -0.00548369
23.6 -7.42678e-06 -0.00017429 -6.35088e-05 3.43882e-05 -0.00158838 -0.00435906
23.62 -5.50209e-06 -0.000124185 -6.47025e-05 2.45106e-05 -0.00161824 -0.00310594
23.64 -3.39172e-06 -7.00715e-05 -6.57131e-05 1.47753e-05 -0.00164351 -0.00175253
23.66 -1.15497e-06 -1.32121e-05 -6.62675e-05 4.98156e-06 -0.00165738 -0.000330451
23.68 1.14097e-06 4.48242e-05 -6.57258e-05 -4.85249e-06 -0.00164383 0.00112106
23.7 3.41576e-06 0.000101777 -6.34156e-05 -1.43653e-05 -0.00158605 0.00254548
23.72 5.57818e-06 0.000154822 -5.85026e-05 -2.29316e-05 -0.00146317 0.00387215
23.74 7.53402e-06 0.000201232 -5.03132e-05 -2.98711e-05 -0.00125835 0.0050329
23.76 9.1937e-06 0.000238674 -3.89108e-05 -3.47354e-05 -0.000973175 0.00596932
23.78 1.0482e-05 0.000265276 -2.50152e-05 -3.7412e-05 -0.00062564 0.00663466
23.8 1.13504e-05 0.000280165 -9.74855e-06 -3.79235e-05 -0.000243815 0.00700704
23.82 1.17802e-05 0.000283701 5.18683e-06 -3.6237e-05 0.000129725 0.00709547
23.84 1.17766e-05 0.000276736 1.78587e-05 -3.23174e-05 0.000446653 0.00692127
23.86 1.13621e-05 0.000260002 2.73663e-05 -2.62352e-05 0.000684441 0.00650275
23.88 1.05747e-05 0.000234431 3.43687e-05 -1.82078e-05 0.000859575 0.00586321
23.9 9.46121e-06 0.000201422 4.01998e-05 -8.69316e-06 0.00100541 0.00503763
23.92 8.06559e-06 0.00016231 4.61474e-05 1.56216e-06 0.00115417 0.00405944
23.94 6.42303e-06 0.000117884 5.3251e-05 1.17897e-05 0.00133183 0.00294832
23.96 4.56376e-06 6.86453e-05 6.13517e-05 2.1635e-05 0.00153443 0.00171684
23.98 2.52373e-06 1.52779e-05 6.83404e-05 3.12988e-05 0.00170922 0.000382096
24 3.59622e-07 -4.09785e-05 7.15181e-05 4.12611e-05 0.0017887 -0.0010249
24.02 -1.84094e-06 -9.78032e-05 6.95519e-05 5.18089e-05 0.00173952 -0.00244611
24.04 -3.96643e-06 -0.000151609 6.25698e-05 6.25356e-05 0.0015649 -0.00379181
24.06 -5.90588e-06 -0.000198478 5.14128e-05 7.20827e-05 0.00128586 -0.00496402
24.08 -7.574e-06 -0.000235659 3.76551e-05 7.85905e-05 0.00094177 -0.00589395
24.1 -8.92323e-06 -0.000262331 2.33473e-05 8.08124e-05 0.000583927 -0.00656102
24.12 -9.94074e-06 -0.000279395 9.955e-06 7.89921e-05 0.000248979 -0.00698781
24.14 -1.06335e-05 -0.000288695 -1.90316e-06 7.4698e-05 -4.75989e-05 -0.0072204
24.16 -1.10082e-05 -0.000291697 -1.18782e-05 6.97521e-05 -0.00029708 -0.00729548
24.18 -1.10592e-05 -0.000288357 -2.01539e-05 6.50323e-05 -0.000504059 -0.00721193
24.2 -1.07748e-05 -0.00027741 -2.79334e-05 5.99537e-05 -0.000698626 -0.00693815
24.22 -1.01486e-05 -0.000257767 -3.64796e-05 5.31042e-05 -0.000912371 -0.00644687
24.24 -9.18667e-06 -0.000229322 -4.59454e-05 4.36576e-05 -0.00114911 -0.00573546
24.26 -7.90924e-06 -0.000192777 -5.57612e-05 3.22908e-05 -0.00139461 -0.00482145
24.28 -6.35255e-06 -0.000149352 -6.52654e-05 2.06944e-05 -0.00163231 -0.00373537
24.3 -4.57084e-06 -0.000100804 -7.32641e-05 1.02161e-05 -0.00183237 -0.00252116
24.32 -2.63565e-06 -4.9433e-05 -7.79812e-05 9.85567e-07 -0.00195034 -0.00123635
24.34 -6.30403e-07 2.18052e-06 -7.8042e-05 -7.76532e-06 -0.00195186 5.45256e-05
24.36 1.36015e-06 5.16508e-05 -7.30071e-05 -1.66191e-05 -0.00182594 0.0012918
24.38 3.25874e-06 9.70966e-05 -6.32663e-05 -2.5133e-05 -0.00158232 0.00242842
24.4 4.9976e-06 0.000136973 -5.01273e-05 -3.19523e-05 -0.00125371 0.00342575
24.42 6.51977e-06 0.000169906 -3.56043e-05 -3.57283e-05 -0.000890479 0.0042494
24.44 7.78492e-06 0.000195157 -2.1597e-05 -3.60258e-05 -0.000540149 0.00488095
24.46 8.77151e-06 0.0002131 -9.44286e-06 -3.3517e-05 -0.00023617 0.00532971
24.48 9.46799e-06 0.000224564 9.09289e-08 -2.94009e-05 2.27417e-06 0.00561642
24.5 9.86278e-06 0.00022959 7.27369e-06 -2.45164e-05 0.000181918 0.00574214
24.52 9.94586e-06 0.000227318 1.38045e-05 -1.88156e-05 0.000345257 0.00568531
24.54 9.71623e-06 0.000217106 2.18746e-05 -1.16836e-05 0.000547093 0.00542989
24.56 9.18137e-06 0.000199169 3.24158e-05 -2.86671e-06 0.000810733 0.00498129
24.58 8.35263e-06 0.000174169 4.43246e-05 6.96357e-06 0.00110858 0.00435602
24.6 7.24822e-06 0.00014293 5.52244e-05 1.66706e-05 0.00138119 0.00357473
24.62 5.90097e-06 0.000106628 6.26785e-05 2.55974e-05 0.00156761 0.00266681
24.64 4.36027e-06 6.67223e-05 6.50495e-05 3.39496e-05 0.00162692 0.00166874
24.66 2.68767e-06 2.47605e-05 6.20217e-05 4.22945e-05 0.00155119 0.00061926
24.68 9.50994e-07 -1.75196e-05 5.44534e-05 5.07086e-05 0.0013619 -0.000438184
24.7 -7.8263e-07 -5.82484e-05 4.35574e-05 5.83208e-05 0.00108939 -0.00145683
24.72 -2.45182e-06 -9.58635e-05 3.05464e-05 6.37066e-05 0.000763978 -0.0023976
24.74 -4.00114e-06 -0.000129259 1.6956e-05 6.59098e-05 0.000424078 -0.00323283
24.76 -5.38238e-06 -0.000157582 4.29667e-06 6.51559e-05 0.000107462 -0.00394121
24.78 -6.56067e-06 -0.000180374 -6.98323e-06 6.25294e-05 -0.000174653 -0.00451125
24.8 -7.51521e-06 -0.000197716 -1.75801e-05 5.90149e-05 -0.000439686 -0.00494497
24.82 -8.22897e-06 -0.000209639 -2.83081e-05 5.49007e-05 -0.000707998 -0.00524316
24.84 -8.68157e-06 -0.000215532 -3.9451e-05 4.99178e-05 -0.000986686 -0.00539057
24.86 -8.85633e-06 -0.000214625 -5.09604e-05 4.37399e-05 -0.00127454 -0.00536787
24.88 -8.75071e-06 -0.000206894 -6.26127e-05 3.64072e-05 -0.00156597 -0.0051745
24.9 -8.37579e-06 -0.000193167 -7.36256e-05 2.84533e-05 -0.00184141 -0.00483119
24.92 -7.74837e-06 -0.000174485 -8.24381e-05 2.06347e-05 -0.00206181 -0.00436396
24.94 -6.88741e-06 -0.000151571 -8.74725e-05 1.34351e-05 -0.00218772 -0.00379086
24.96 -5.81659e-06 -0.00012478 -8.82146e-05 6.80033e-06 -0.00220628 -0.00312081
24.98 -4.56739e-06 -9.4436e-05 -8.52636e-05 3.99006e-07 -0.00213248 -0.00236189
25 -3.18012e-06 -6.12598e-05 -7.95291e-05 -5.83805e-06 -0.00198906 -0.00153214
25.02 -1.7032e-06 -2.65631e-05 -7.17423e-05 -1.1435e-05 -0.0017943 -0.000664364
25.04 -1.90224e-07 7.95965e-06 -6.23432e-05 -1.56006e-05 -0.00155923 0.000199064
25.06 1.30435e-06 4.0657e-05 -5.13102e-05 -1.77354e-05 -0.00128329 0.00101684
25.08 2.72788e-06 7.02044e-05 -3.839e-05 -1.77855e-05 -0.000960149 0.00175583
25.1 4.03092e-06 9.56079e-05 -2.37728e-05 -1.61959e-05 -0.000594568 0.00239118
25.12 5.17048e-06 0.000116117 -8.12929e-06 -1.35219e-05 -0.000203317 0.00290411
25.14 6.11436e-06 0.000131194 8.0452e-06 -1.00227e-05 0.000201214 0.00328122
25.16 6.84206e-06 0.000140535 2.45058e-05 -5.58776e-06 0.000612899 0.00351483
25.18 7.34346e-06 0.00014417 4.07506e-05 -6.39984e-08 0.00101919 0.00360575
25.2 7.61771e-06 0.00014262 5.60941e-05 6.33542e-06 0.00140294 0.00356698
25.22 7.66985e-06 0.000136719 7.0107e-05 1.29399e-05 0.0017534 0.0034194
25.24 7.50388e-06 0.000127084 8.24708e-05 1.89568e-05 0.00206263 0.00317841
25.26 7.1189e-06 0.000113738 9.27093e-05 2.3965e-05 0.0023187 0.00284463
25.28 6.51315e-06 9.62475e-05 0.000100501 2.81641e-05 0.00251358 0.00240718
25.3 5.69251e-06 7.42374e-05 0.000105865 3.21724e-05 0.00264774 0.0018567
25.32 4.67797e-06 4.80468e-05 0.000108559 3.65089e-05 0.00271511 0.00120166
25.34 3.50808e-06 1.90431e-05 0.000107595 4.11342e-05 0.002691 0.000476267
25.36 2.23512e-06 -1.08083e-05 0.000101785 4.5426e-05 0.00254569 -0.00027033
25.38 9.18004e-07 -3.96732e-05 9.0641e-05 4.86455e-05 0.00226697 -0.000992253
25.4 -3.83474e-07 -6.607e-05 7.45362e-05 5.04689e-05 0.00186418 -0.00165245
25.42 -1.6127e-06 -8.86997e-05 5.44135e-05 5.1047e-05 0.00136091 -0.00221843
25.44 -2.721e-06 -0.000106534 3.17877e-05 5.0589e-05 0.000795024 -0.00266447
25.46 -3.67278e-06 -0.000119138 8.59572e-06 4.90002e-05 0.000214983 -0.0029797
25.48 -4.44707e-06 -0.000126707 -1.35061e-05 4.59671e-05 -0.000337792 -0.00316901
25.5 -5.03436e-06 -0.000129713 -3.36344e-05 4.13403e-05 -0.000841211 -0.00324419
25.52 -5.4324e-06 -0.000128595 -5.15894e-05 3.54014e-05 -0.00129027 -0.00321622
25.54 -5.64429e-06 -0.000123789 -6.77171e-05 2.87882e-05 -0.00169363 -0.00309602
25.56 -5.67579e-06 -0.000115821 -8.26938e-05 2.21827e-05 -0.00206821 -0.00289675
25.58 -5.52993e-06 -0.000105083 -9.69773e-05 1.602e-05 -0.00242544 -0.00262818
25.6 -5.20406e-06 -9.15105e-05 -0.000110456 1.03936e-05 -0.00276256 -0.00228872
25.62 -4.69487e-06 -7.47316e-05 -0.000122533 5.14901e-06 -0.0030646 -0.00186908
25.64 -4.00795e-06 -5.46642e-05 -0.000132124 7.20859e-08 -0.00330448 -0.00136718
25.66 -3.16427e-06 -3.1993e-05 -0.000137638 -4.92875e-06 -0.00344239 -0.000800167
25.68 -2.19934e-06 -8.08817e-06 -0.000137471 -9.72409e-06 -0.00343821 -0.000202299
25.7 -1.15682e-06 1.54756e-05 -0.000130663 -1.39844e-05 -0.00326793 0.000387041
25.72 -8.17234e-08 3.73267e-05 -0.000117106 -1.72907e-05 -0.00292886 0.000933547
25.74 9.83334e-07 5.64683e-05 -9.76792e-05 -1.92757e-05 -0.002443 0.00141229
25.76 1.99979e-06 7.23256e-05 -7.44705e-05 -1.97413e-05 -0.00186254 0.00180888
25.78 2.9349e-06 8.4681e-05 -5.03062e-05 -1.86799e-05 -0.00125818 0.0021179
25.8 3.76421e-06 9.35632e-05 -2.75379e-05 -1.61738e-05 -0.000688733 0.00234005
25.82 4.47188e-06 9.91715e-05 -7.26509e-06 -1.2297e-05 -0.000181703 0.00248031
25.84 5.0484e-06 0.000101733 1.05387e-05 -7.17144e-06 0.000263577 0.00254438
25.86 5.48874e-06 0.000101385 2.67639e-05 -1.10051e-06 0.000669376 0.00253568
25.88 5.79267e-06 9.83551e-05 4.28618e-05 5.4223e-06 0.00107199 0.00245989
25.9 5.96187e-06 9.31264e-05 5.99422e-05 1.18421e-05 0.00149918 0.00232912
25.92 5.9928e-06 8.60834e-05 7.78889e-05 1.76933e-05 0.00194803 0.00215297
25.94 5.87326e-06 7.70879e-05 9.55507e-05 2.27659e-05 0.00238976 0.00192799
25.96 5.5866e-06 6.56124e-05 0.000111434 2.72391e-05 0.00278701 0.00164098
25.98 5.11845e-06 5.10879e-05 0.000123884 3.15937e-05 0.00309838 0.00127772
26 4.46377e-06 3.3129e-05 0.00013129 3.629e-05 0.00328361 0.000828561
26.02 3.63491e-06 1.19071e-05 0.000132786 4.14716e-05 0.00332102 0.000297792
26.04 2.6647e-06 -1.14912e-05 0.0001284 4.68672e-05 0.00321134 -0.00028741
26.06 1.60002e-06 -3.53096e-05 0.000118315 5.18528e-05 0.00295912 -0.000883119
26.08 4.92171e-07 -5.7871e-05 0.000102615 5.56761e-05 0.00256646 -0.00144739
26.1 -6.0682e-07 -7.80345e-05 8.20912e-05 5.78313e-05 0.00205314 -0.00195169
26.12 -1.6439e-06 -9.49556e-05 5.87659e-05 5.8292e-05 0.00146976 -0.00237489
26.14 -2.56977e-06 -0.000107738 3.52399e-05 5.72697e-05 0.000881364 -0.00269457
26.16 -3.35059e-06 -0.000115736 1.35585e-05 5.47195e-05 0.000339104 -0.00289463
26.18 -3.97595e-06 -0.000119128 -5.47458e-06 5.02515e-05 -0.000136922 -0.00297945
26.2 -4.45429e-06 -0.00011882 -2.23606e-05 4.36653e-05 -0.000559248 -0.00297176
26.22 -4.8011e-06 -0.000115967 -3.83156e-05 3.5515e-05 -0.000958289 -0.0029004
26.24 -5.02855e-06 -0.000111703 -5.41305e-05 2.70615e-05 -0.00135383 -0.00279374
26.26 -5.13885e-06 -0.000106718 -6.96119e-05 1.96154e-05 -0.00174102 -0.00266907
26.28 -5.12267e-06 -0.000100658 -8.43122e-05 1.374e-05 -0.00210868 -0.00251752
26.3 -4.96565e-06 -9.2368e-05 -9.81013e-05 8.89765e-06 -0.00245355 -0.00231017
26.32 -4.6588e-06 -8.10108e-05 -0.000110478 3.95877e-06 -0.0027631 -0.00202612
26.34 -4.20499e-06 -6.67658e-05 -0.000120008 -1.70084e-06 -0.00300144 -0.00166985
26.36 -3.62033e-06 -5.06337e-05 -0.000124909 -7.53347e-06 -0.00312402 -0.00126638
26.38 -2.93212e-06 -3.40109e-05 -0.000123756 -1.22637e-05 -0.00309518 -0.000850637
26.4 -2.17323e-06 -1.82517e-05 -0.000115675 -1.49415e-05 -0.00289308 -0.000456493
26.42 -1.37544e-06 -4.20372e-06 -0.000100643 -1.55721e-05 -0.00251713 -0.000105147
26.44 -5.66459e-07 7.88186e-06 -7.99213e-05 -1.48695e-05 -0.00199887 0.000197119
26.46 2.29796e-07 1.80239e-05 -5.59634e-05 -1.34739e-05 -0.00139967 0.000450774
26.48 9.93844e-07 2.63233e-05 -3.17283e-05 -1.13128e-05 -0.000793537 0.000658347
26.5 1.71219e-06 3.30764e-05 -9.78876e-06 -7.68008e-06 -0.000244821 0.000827244
26.52 2.37568e-06 3.87383e-05 8.43466e-06 -2.02363e-06 0.000210954 0.000968852
26.54 2.97538e-06 4.36358e-05 2.29574e-05 5.29239e-06 0.000574174 0.00109134
26.56 3.50089e-06 4.78729e-05 3.48855e-05 1.30326e-05 0.0008725 0.00119731
26.58 3.94092e-06 5.14292e-05 4.578e-05 1.9907e-05 0.00114498 0.00128626
26.6 4.28216e-06 5.3996e-05 5.71393e-05 2.53754e-05 0.00142908 0.00135045
26.62 4.50792e-06 5.47693e-05 6.9972e-05 2.97858e-05 0.00175003 0.00136979
26.64 4.60139e-06 5.28399e-05 8.4268e-05 3.38546e-05 0.00210758 0.00132154
26.66 4.55127e-06 4.78936e-05 9.86276e-05 3.79723e-05 0.00246672 0.00119783
26.68 4.3535e-06 4.03265e-05 0.000110608 4.18861e-05 0.00276634 0.00100857
26.7 4.00931e-06 3.07249e-05 0.000117694 4.50081e-05 0.00294358 0.000768433
26.72 3.52476e-06 1.94909e-05 0.000118051 4.70354e-05 0.0029525 0.000487466
26.74 2.91424e-06 6.99877e-06 0.000110725 4.82349e-05 0.00276929 0.000175032
26.76 2.20419e-06 -6.12199e-06 9.58951e-05 4.90875e-05 0.00239838 -0.000153124
26.78 1.43244e-06 -1.90097e-05 7.52065e-05 4.96743e-05 0.00188094 -0.00047545
26.8 6.42689e-07 -3.07562e-05 5.142e-05 4.94329e-05 0.00128604 -0.000769236
26.82 -1.21992e-07 -4.04705e-05 2.73741e-05 4.74835e-05 0.000684638 -0.0010122
26.84 -8.25411e-07 -4.73935e-05 5.20827e-06 4.32129e-05 0.000130261 -0.00118534
26.86 -1.44481e-06 -5.12704e-05 -1.38715e-05 3.67019e-05 -0.000346931 -0.00128231
26.88 -1.97531e-06 -5.26358e-05 -2.97287e-05 2.87545e-05 -0.000743528 -0.00131645
26.9 -2.42791e-06 -5.26252e-05 -4.3366e-05 2.05285e-05 -0.0010846 -0.00131619
26.92 -2.82013e-06 -5.2476e-05 -5.64691e-05 1.30266e-05 -0.00141231 -0.00131246
26.94 -3.16259e-06 -5.29987e-05 -7.0462e-05 6.81478e-06 -0.00176228 -0.00132553
26.96 -3.44847e-06 -5.41578e-05 -8.57163e-05 2.07427e-06 -0.0021438 -0.00135452
26.98 -3.65318e-06 -5.50868e-05 -0.000101377 -1.26459e-06 -0.00253548 -0.00137775
27 -3.74446e-06 -5.4665e-05 -0.000115716 -3.49667e-06 -0.0028941 -0.0013672
27.02 -3.69345e-06 -5.20536e-05 -0.000126686 -5.09468e-06 -0.00316846 -0.00130189
27.04 -3.48088e-06 -4.67048e-05 -0.000132451 -6.51566e-06 -0.00331265 -0.00116812
27.06 -3.1019e-06 -3.832e-05 -0.000131725 -8.0003e-06 -0.0032945 -0.000958408
27.08 -2.57299e-06 -2.72308e-05 -0.00012397 -9.51129e-06 -0.00310055 -0.000681063
27.1 -1.93448e-06 -1.4702e-05 -0.000109625 -1.07514e-05 -0.00274176 -0.000367713
27.12 -1.2422e-06 -2.57724e-06 -9.02288e-05 -1.12031e-05 -0.00225666 -6.44679e-05
27.14 -5.51251e-07 7.43959e-06 -6.80573e-05 -1.02544e-05 -0.00170214 0.000186057
27.16 9.89207e-08 1.432e-05 -4.54111e-05 -7.41135e-06 -0.00113575 0.00035814
27.18 6.92334e-07 1.80322e-05 -2.41393e-05 -2.49328e-06 -0.000603734 0.000450983
27.2 1.23529e-06 1.96487e-05 -5.4865e-06 4.22895e-06 -0.00013722 0.000491413
27.22 1.74615e-06 2.08775e-05 1.00711e-05 1.19725e-05 0.000251883 0.000522144
27.24 2.24118e-06 2.31155e-05 2.30066e-05 1.96079e-05 0.000575404 0.000578117
27.26 2.72493e-06 2.68623e-05 3.45344e-05 2.61191e-05 0.000863719 0.000671826
27.28 3.1877e-06 3.18769e-05 4.59383e-05 3.10609e-05 0.00114894 0.000797244
27.3 3.60575e-06 3.74671e-05 5.79536e-05 3.4596e-05 0.00144944 0.000937058
27.32 3.94196e-06 4.24312e-05 7.05696e-05 3.71284e-05 0.00176497 0.00106121
27.34 4.15225e-06 4.51197e-05 8.30583e-05 3.89544e-05 0.00207732 0.00112845
27.36 4.19984e-06 4.41075e-05 9.41033e-05 4.0212e-05 0.00235356 0.00110314
27.38 4.06875e-06 3.89671e-05 0.000102108 4.0996e-05 0.00255376 0.000974574
27.4 3.7668e-06 3.03401e-05 0.000105519 4.14149e-05 0.00263907 0.000758809
27.42 3.31963e-06 1.94255e-05 0.000103108 4.15456e-05 0.00257877 0.000485828
27.44 2.76362e-06 7.55615e-06 9.44106e-05 4.13496e-05 0.00236125 0.000188972
27.46 2.14008e-06 -3.97535e-06 8.00495e-05 4.06014e-05 0.00200207 -9.94354e-05
27.48 1.48882e-06 -1.40854e-05 6.14938e-05 3.89298e-05 0.00153799 -0.000352291
27.5 8.42315e-07 -2.20785e-05 4.05806e-05 3.60246e-05 0.00101494 -0.000552202
27.52 2.22328e-07 -2.77857e-05 1.9315e-05 3.1864e-05 0.000483077 -0.000694942
27.54 -3.61598e-07 -3.1684e-05 -3.71998e-07 2.67578e-05 -9.30383e-06 -0.000792441
27.56 -9.1013e-07 -3.47746e-05 -1.72267e-05 2.1209e-05 -0.000430848 -0.000869738
27.58 -1.42717e-06 -3.80457e-05 -3.10886e-05 1.57508e-05 -0.000777539 -0.00095155
27.6 -1.91208e-06 -4.1934e-05 -4.27041e-05 1.08393e-05 -0.00106805 -0.0010488
27.62 -2.35685e-06 -4.62763e-05 -5.32325e-05 6.78325e-06 -0.00133137 -0.0011574
27.64 -2.74736e-06 -5.06018e-05 -6.37546e-05 3.71996e-06 -0.00159453 -0.00126558
27.66 -3.06472e-06 -5.43272e-05 -7.48081e-05 1.65314e-06 -0.00187098 -0.00135876
27.68 -3.28617e-06 -5.67763e-05 -8.60671e-05 5.01884e-07 -0.00215257 -0.00142001
27.7 -3.38805e-06 -5.7237e-05 -9.63789e-05 1.00507e-07 -0.00241048 -0.00143153
27.72 -3.35131e-06 -5.51456e-05 -0.000104134 1.84367e-07 -0.00260443 -0.00137922
27.74 -3.16684e-06 -5.02705e-05 -0.000107723 4.45163e-07 -0.00269421 -0.0012573
27.76 -2.83892e-06 -4.28067e-05 -0.000105919 6.59496e-07 -0.00264907 -0.00107062
27.78 -2.38652e-06 -3.34321e-05 -9.82011e-05 8.08165e-07 -0.00245605 -0.000836162
27.8 -1.84143e-06 -2.32613e-05 -8.49972e-05 1.11905e-06 -0.00212582 -0.000581785
27.82 -1.24171e-06 -1.35294e-05 -6.76537e-05 2.00739e-06 -0.00169205 -0.000338386
27.84 -6.23049e-07 -5.13455e-06 -4.81033e-05 3.90344e-06 -0.00120308 -0.000128427
27.86 -1.33676e-08 1.57782e-06 -2.8422e-05 7.02556e-06 -0.000710845 3.94517e-05
27.88 5.68508e-07 6.70299e-06 -1.04065e-05 1.12431e-05 -0.000260271 0.000167634
27.9 1.113e-06 1.06201e-05 4.84105e-06 1.61276e-05 0.000121077 0.000265603
27.92 1.61961e-06 1.39424e-05 1.71977e-05 2.11235e-05 0.000430121 0.000348695
27.94 2.0936e-06 1.74014e-05 2.74326e-05 2.56934e-05 0.000686101 0.000435206
27.96 2.53873e-06 2.15399e-05 3.67482e-05 2.93857e-05 0.000919088 0.000538712
27.98 2.95013e-06 2.64146e-05 4.62222e-05 3.18812e-05 0.00115604 0.000660629
28 3.31165e-06 3.15509e-05 5.6378e-05 3.30553e-05 0.00141004 0.000789091
28.02 3.59786e-06 3.61118e-05 6.6951e-05 3.30257e-05 0.00167447 0.000903162
28.04 3.77919e-06 3.9118e-05 7.6907e-05 3.21474e-05 0.00192348 0.000978346
28.06 3.82837e-06 3.96687e-05 8.47297e-05 3.0935e-05 0.00211913 0.000992121
28.08 3.72709e-06 3.71604e-05 8.88508e-05 2.99085e-05 0.0022222 0.000929387
28.1 3.47143e-06 3.147e-05 8.80552e-05 2.94037e-05 0.0022023 0.000787068
28.12 3.07493e-06 2.30725e-05 8.18025e-05 2.94465e-05 0.00204591 0.000577043
28.14 2.56789e-06 1.30148e-05 7.04164e-05 2.97583e-05 0.00176114 0.000325497
28.16 1.99152e-06 2.65994e-06 5.50562e-05 2.98743e-05 0.00137698 6.6516e-05
28.18 1.38849e-06 -6.73573e-06 3.74412e-05 2.93132e-05 0.000936421 -0.000168474
28.2 7.94005e-07 -1.43858e-05 1.94424e-05 2.77397e-05 0.000486262 -0.000359804
28.22 2.30687e-07 -2.01102e-05 2.67859e-06 2.50746e-05 6.69927e-05 -0.000502974
28.24 -2.9215e-07 -2.42635e-05 -1.18227e-05 2.1518e-05 -0.000295691 -0.00060685
28.26 -7.76003e-07 -2.75527e-05 -2.38239e-05 1.74908e-05 -0.000595846 -0.000689115
28.28 -1.22794e-06 -3.07942e-05 -3.38198e-05 1.35283e-05 -0.000845848 -0.000770185
28.3 -1.65349e-06 -3.46297e-05 -4.27114e-05 1.01551e-05 -0.00106823 -0.000866113
28.32 -2.04987e-06 -3.92722e-05 -5.13659e-05 7.75932e-06 -0.00128468 -0.000982225
28.34 -2.40239e-06 -4.43818e-05 -6.0252e-05 6.49272e-06 -0.00150693 -0.00111002
28.36 -2.68546e-06 -4.91245e-05 -6.92506e-05 6.23691e-06 -0.00173199 -0.00122863
28.38 -2.86792e-06 -5.23945e-05 -7.76878e-05 6.65333e-06 -0.001943 -0.00131042
28.4 -2.92112e-06 -5.31436e-05 -8.45374e-05 7.29872e-06 -0.00211432 -0.00132915
28.42 -2.82681e-06 -5.07352e-05 -8.86042e-05 7.77117e-06 -0.00221603 -0.00126892
28.44 -2.58258e-06 -4.51744e-05 -8.86907e-05 7.84416e-06 -0.00221819 -0.00112984
28.46 -2.20357e-06 -3.70928e-05 -8.39867e-05 7.5327e-06 -0.00210054 -0.000927716
28.48 -1.71998e-06 -2.75426e-05 -7.45014e-05 7.05774e-06 -0.00186331 -0.000688861
28.5 -1.17111e-06 -1.77589e-05 -6.10626e-05 6.74644e-06 -0.0015272 -0.000444167
28.52 -5.97432e-07 -8.91195e-06 -4.49888e-05 6.93943e-06 -0.00112519 -0.000222902
28.54 -3.3039e-08 -1.8247e-06 -2.78368e-05 7.91908e-06 -0.000696211 -4.56467e-05
28.56 4.99434e-07 3.23756e-06 -1.11322e-05 9.82661e-06 -0.00027842 8.09627e-05
28.58 9.90253e-07 6.58066e-06 4.03131e-06 1.25822e-05 0.000100825 0.000164575
28.6 1.44008e-06 8.90628e-06 1.72171e-05 1.58707e-05 0.000430607 0.00022274
28.62 1.85455e-06 1.10194e-05 2.86697e-05 1.92227e-05 0.000717041 0.00027559
28.64 2.23734e-06 1.35131e-05 3.93623e-05 2.21645e-05 0.000984468 0.000337957
