0.02 -6.15408e-10 -7.14158e-10 1.43626e-07 -1.13788e-10 3.59216e-06 -1.78614e-08
0.04 -3.39381e-09 -2.12328e-08 6.37239e-07 -7.6438e-10 1.59376e-05 -5.31041e-07
0.06 -9.93105e-09 -1.05346e-07 1.4072e-06 -2.43429e-09 3.51946e-05 -2.63474e-06
0.08 -2.16021e-08 -3.81896e-07 2.23708e-06 -5.18529e-09 5.59502e-05 -9.55139e-06
0.1 -3.99019e-08 -1.10318e-06 3.03179e-06 -8.7355e-09 7.58264e-05 -2.7591e-05
0.12 -6.62338e-08 -2.43512e-06 3.80595e-06 -1.17055e-08 9.51884e-05 -6.09035e-05
0.14 -1.01087e-07 -4.34431e-06 4.60421e-06 -8.96324e-09 0.000115153 -0.000108653
0.16 -1.4322e-07 -6.67388e-06 5.43512e-06 9.60368e-09 0.000135934 -0.000166917
0.18 -1.90075e-07 -9.21223e-06 6.30554e-06 5.58959e-08 0.000157704 -0.000230402
0.2 -2.39259e-07 -1.19064e-05 7.28204e-06 1.37924e-07 0.000182127 -0.000297783
0.22 -2.89506e-07 -1.49043e-05 8.48871e-06 2.55561e-07 0.000212306 -0.000372762
0.24 -3.40427e-07 -1.82292e-05 1.00246e-05 4.00672e-07 0.000250719 -0.00045592
0.26 -3.91916e-07 -2.16629e-05 1.18374e-05 5.61387e-07 0.000296058 -0.000541799
0.28 -4.44019e-07 -2.51035e-05 1.36734e-05 7.25644e-07 0.000341977 -0.000627849
0.3 -4.96847e-07 -2.87446e-05 1.51855e-05 8.80966e-07 0.000379797 -0.000718914
0.32 -5.49777e-07 -3.27058e-05 1.61048e-05 1.01571e-06 0.000402787 -0.000817986
0.34 -6.00544e-07 -3.67952e-05 1.63653e-05 1.12586e-06 0.000409302 -0.000920263
0.36 -6.45267e-07 -4.07858e-05 1.61108e-05 1.21918e-06 0.000402938 -0.00102007
0.38 -6.79607e-07 -4.46434e-05 1.56021e-05 1.30909e-06 0.000390214 -0.00111655
0.4 -7.00286e-07 -4.82509e-05 1.5148e-05 1.40679e-06 0.000378859 -0.00120678
0.42 -7.06012e-07 -5.11543e-05 1.49928e-05 1.5221e-06 0.000374976 -0.00127939
0.44 -6.971e-07 -5.28812e-05 1.50175e-05 1.66362e-06 0.000375593 -0.00132258
0.46 -6.74516e-07 -5.35142e-05 1.46419e-05 1.82481e-06 0.000366199 -0.00133841
0.48 -6.39983e-07 -5.37656e-05 1.33909e-05 1.9693e-06 0.000334912 -0.0013447
0.5 -5.96582e-07 -5.43526e-05 1.14728e-05 2.04334e-06 0.00028694 -0.00135938
0.52 -5.48162e-07 -5.53524e-05 9.56137e-06 2.01261e-06 0.000239134 -0.00138439
0.54 -4.97904e-07 -5.58233e-05 8.2231e-06 1.88718e-06 0.000205663 -0.00139616
0.56 -4.48057e-07 -5.4349e-05 7.60057e-06 1.70962e-06 0.000190093 -0.00135929
0.58 -4.01469e-07 -5.04487e-05 7.45501e-06 1.51887e-06 0.000186453 -0.00126174
0.6 -3.62673e-07 -4.49372e-05 7.53025e-06 1.3214e-06 0.000188335 -0.0011239
0.62 -3.36489e-07 -3.86455e-05 7.94306e-06 1.09243e-06 0.000198659 -0.00096654
0.64 -3.25761e-07 -3.14676e-05 9.1941e-06 8.03718e-07 0.000229948 -0.000787018
0.66 -3.31358e-07 -2.31969e-05 1.17311e-05 4.48978e-07 0.000293401 -0.000580165
0.68 -3.53951e-07 -1.43095e-05 1.55007e-05 4.56326e-08 0.000387678 -0.000357885
0.7 -3.94724e-07 -5.35871e-06 1.99385e-05 -3.74266e-07 0.000498671 -0.000134024
0.72 -4.54199e-07 3.71609e-06 2.44227e-05 -7.65148e-07 0.000610821 9.2941e-05
0.74 -5.3083e-07 1.3254e-05 2.87551e-05 -1.07437e-06 0.000719176 0.000331489
0.76 -6.21237e-07 2.30183e-05 3.33072e-05 -1.26973e-06 0.000833026 0.000575697
0.78 -7.21309e-07 3.24596e-05 3.87512e-05 -1.3589e-06 0.000969184 0.000811828
0.8 -8.26579e-07 4.14333e-05 4.53912e-05 -1.36348e-06 0.00113525 0.00103626
0.82 -9.31966e-07 4.98221e-05 5.24748e-05 -1.27699e-06 0.00131242 0.00124607
0.84 -1.03279e-06 5.68251e-05 5.85269e-05 -1.07155e-06 0.00146378 0.00142122
0.86 -1.12682e-06 6.12202e-05 6.26598e-05 -7.46417e-07 0.00156715 0.00153114
0.88 -1.21373e-06 6.24918e-05 6.52637e-05 -3.42374e-07 0.00163227 0.00156295
0.9 -1.29198e-06 6.12976e-05 6.74491e-05 1.02536e-07 0.00168693 0.00153308
0.92 -1.3572e-06 5.89143e-05 6.99564e-05 5.89855e-07 0.00174964 0.00147347
0.94 -1.40532e-06 5.61683e-05 7.26406e-05 1.13954e-06 0.00181677 0.00140479
0.96 -1.43556e-06 5.30212e-05 7.44287e-05 1.74675e-06 0.00186149 0.00132608
0.98 -1.44819e-06 4.91795e-05 7.38537e-05 2.37047e-06 0.00184711 0.00123
1 -1.41063e-06 4.614e-05 6.37759e-05 2.95645e-06 0.00159506 0.00115398
1.02 -1.27417e-06 4.48699e-05 4.27722e-05 3.44606e-06 0.00106975 0.00112221
1.04 -1.03788e-06 4.25981e-05 2.61547e-05 3.74482e-06 0.000654139 0.0010654
1.06 -7.18567e-07 3.8022e-05 2.01656e-05 3.74946e-06 0.000504349 0.000950946
1.08 -3.2448e-07 3.25463e-05 1.69798e-05 3.47134e-06 0.000424671 0.000813996
1.1 1.15566e-07 2.69837e-05 1.22536e-05 3.06137e-06 0.000306467 0.000674873
1.12 5.55236e-07 2.30069e-05 1.20854e-06 2.65542e-06 3.02261e-05 0.000575411
1.14 9.35635e-07 2.14929e-05 -1.70413e-05 2.22928e-06 -0.00042621 0.000537546
1.16 1.20305e-06 2.04621e-05 -3.20707e-05 1.59772e-06 -0.000802101 0.000511765
1.18 1.36584e-06 1.96369e-05 -4.05185e-05 5.56053e-07 -0.00101338 0.000491128
1.2 1.48298e-06 2.02869e-05 -4.98758e-05 -9.12353e-07 -0.00124741 0.000507383
1.22 1.59429e-06 2.08626e-05 -6.22121e-05 -2.56114e-06 -0.00155595 0.000521783
1.24 1.6866e-06 1.87571e-05 -7.04445e-05 -4.05095e-06 -0.00176185 0.000469122
1.26 1.71345e-06 1.42724e-05 -6.71604e-05 -5.18211e-06 -0.00167971 0.00035696
1.28 1.64555e-06 1.03849e-05 -5.34749e-05 -5.95093e-06 -0.00133743 0.000259731
1.3 1.48313e-06 9.13955e-06 -3.62205e-05 -6.44225e-06 -0.00090589 0.000228584
1.32 1.22482e-06 9.83762e-06 -2.10384e-05 -6.73387e-06 -0.000526179 0.000246043
1.34 8.57244e-07 1.07508e-05 -1.03938e-05 -6.87986e-06 -0.000259953 0.000268882
1.36 4.22449e-07 1.40816e-05 -1.15171e-05 -6.90239e-06 -0.000288049 0.000352186
1.38 1.53978e-08 2.2545e-05 -2.28661e-05 -6.78381e-06 -0.00057189 0.000563859
1.4 -3.16132e-07 3.1879e-05 -2.18499e-05 -6.515e-06 -0.000546476 0.000797307
1.42 -5.57125e-07 3.79986e-05 -6.92281e-07 -6.07677e-06 -1.73142e-05 0.000950361
1.44 -6.85271e-07 4.1758e-05 2.48157e-05 -5.28373e-06 0.000620651 0.00104439
1.46 -7.05388e-07 4.43466e-05 4.33149e-05 -3.80583e-06 0.00108332 0.00110913
1.48 -6.89737e-07 4.68187e-05 5.54883e-05 -1.527e-06 0.00138779 0.00117095
1.5 -7.5158e-07 5.14783e-05 6.57093e-05 1.18065e-06 0.00164342 0.00128749
1.52 -9.4112e-07 5.97324e-05 7.46288e-05 3.64235e-06 0.0018665 0.00149393
1.54 -1.19874e-06 6.89663e-05 7.93397e-05 5.31841e-06 0.00198432 0.00172488
1.56 -1.42332e-06 7.44305e-05 7.59824e-05 6.0914e-06 0.00190035 0.00186154
1.58 -1.54962e-06 7.4317e-05 6.34739e-05 6.27545e-06 0.00158751 0.0018587
1.6 -1.55733e-06 7.05115e-05 4.85859e-05 6.39277e-06 0.00121515 0.00176352
1.62 -1.44714e-06 6.51573e-05 4.25393e-05 6.80828e-06 0.00106393 0.00162961
1.64 -1.22858e-06 5.94873e-05 4.81761e-05 7.48433e-06 0.00120491 0.0014878
1.66 -9.24133e-07 5.40426e-05 5.62101e-05 8.09848e-06 0.00140584 0.00135163
1.68 -5.75709e-07 4.7607e-05 5.58084e-05 8.34551e-06 0.00139579 0.00119067
1.7 -2.45341e-07 3.73108e-05 4.45335e-05 8.0358e-06 0.0011138 0.000933158
1.72 7.9191e-09 2.32872e-05 2.65262e-05 6.999e-06 0.000663432 0.000582424
1.74 1.71089e-07 1.0536e-05 5.65491e-06 5.12573e-06 0.000141432 0.00026351
1.76 2.90893e-07 1.98702e-06 -1.56845e-05 2.56936e-06 -0.000392275 4.96963e-05
1.78 4.32973e-07 -5.99768e-06 -3.4297e-05 -2.17783e-07 -0.000857783 -0.000150004
1.8 6.30441e-07 -1.86513e-05 -4.7531e-05 -2.70744e-06 -0.00118877 -0.000466477
1.82 8.73486e-07 -3.63702e-05 -5.61266e-05 -4.53353e-06 -0.00140375 -0.000909633
1.84 1.12732e-06 -5.54133e-05 -6.20977e-05 -5.60112e-06 -0.00155309 -0.00138591
1.86 1.35157e-06 -7.17069e-05 -6.67792e-05 -6.10835e-06 -0.00167018 -0.00179342
1.88 1.51797e-06 -8.26567e-05 -7.24789e-05 -6.44361e-06 -0.00181273 -0.00206728
1.9 1.6232e-06 -8.86352e-05 -8.16206e-05 -6.92302e-06 -0.00204137 -0.0022168
1.92 1.68807e-06 -9.26435e-05 -9.36136e-05 -7.57092e-06 -0.00234132 -0.00231705
1.94 1.7407e-06 -9.7406e-05 -0.000105234 -8.15991e-06 -0.00263195 -0.00243616
1.96 1.80027e-06 -0.000102223 -0.000113663 -8.40907e-06 -0.00284276 -0.00255663
1.98 1.87371e-06 -0.00010337 -0.000117265 -8.10292e-06 -0.00293285 -0.00258534
2 1.95828e-06 -9.81273e-05 -0.000115135 -7.12136e-06 -0.00287957 -0.00245421
2.02 2.03928e-06 -8.67436e-05 -0.000107404 -5.50894e-06 -0.00268621 -0.00216949
2.04 2.0893e-06 -7.10031e-05 -9.58839e-05 -3.54374e-06 -0.0023981 -0.00177582
2.06 2.07459e-06 -5.28339e-05 -8.28755e-05 -1.6614e-06 -0.00207275 -0.0013214
2.08 1.96182e-06 -3.36028e-05 -6.86847e-05 -2.50511e-07 -0.00171783 -0.000840421
2.1 1.72494e-06 -1.29929e-05 -5.17459e-05 5.25224e-07 -0.00129419 -0.000324959
2.12 1.35533e-06 9.98247e-06 -3.13429e-05 7.80965e-07 -0.000783899 0.000249666
2.14 8.70141e-07 3.42626e-05 -9.19062e-06 8.33054e-07 -0.000229861 0.000856921
2.16 3.05801e-07 5.69437e-05 1.27094e-05 1.02016e-06 0.000317868 0.00142419
2.18 -2.95755e-07 7.65685e-05 3.36667e-05 1.51743e-06 0.000842017 0.00191501
2.2 -8.9655e-07 9.35993e-05 5.42325e-05 2.26478e-06 0.00135638 0.00234096
2.22 -1.46889e-06 0.00010812 7.66184e-05 3.03633e-06 0.00191626 0.00270413
2.24 -1.99104e-06 0.000120402 0.000101721 3.58854e-06 0.00254409 0.00301129
2.26 -2.44094e-06 0.000131079 0.000125988 3.81125e-06 0.00315102 0.00327835
2.28 -2.80334e-06 0.00013919 0.000144917 3.785e-06 0.00362443 0.00348121
2.3 -3.07965e-06 0.000142473 0.000157547 3.68344e-06 0.00394033 0.00356331
2.32 -3.27678e-06 0.000139929 0.000164037 3.61655e-06 0.00410263 0.00349967
2.34 -3.38517e-06 0.000132783 0.00016276 3.58187e-06 0.0040707 0.00332096
2.36 -3.37937e-06 0.000123228 0.000153854 3.54009e-06 0.00384796 0.00308198
2.38 -3.23699e-06 0.000113036 0.000140457 3.48477e-06 0.00351288 0.00282708
2.4 -2.94903e-06 0.000102594 0.000124478 3.4335e-06 0.00311324 0.00256592
2.42 -2.51903e-06 9.13496e-05 0.000105832 3.38883e-06 0.00264691 0.00228469
2.44 -1.96119e-06 7.91495e-05 8.44716e-05 3.32625e-06 0.00211267 0.00197956
2.46 -1.30339e-06 6.54424e-05 6.04566e-05 3.20521e-06 0.00151204 0.00163674
2.48 -5.89178e-07 4.93912e-05 3.45084e-05 2.98241e-06 0.000863069 0.00123529
2.5 1.3312e-07 3.21443e-05 8.38548e-06 2.63217e-06 0.000209724 0.000803942
2.52 8.2584e-07 1.52776e-05 -1.75158e-05 2.15935e-06 -0.000438078 0.0003821
2.54 1.46933e-06 -9.079e-07 -4.56755e-05 1.56511e-06 -0.00114236 -2.2707e-05
2.56 2.05226e-06 -1.6289e-05 -7.67747e-05 7.93064e-07 -0.00192017 -0.000407395
2.58 2.55764e-06 -2.99207e-05 -0.000105557 -2.59137e-07 -0.00264004 -0.000748328
2.6 2.97108e-06 -4.04167e-05 -0.000126627 -1.64758e-06 -0.00316699 -0.00101084
2.62 3.29638e-06 -4.66425e-05 -0.000140384 -3.29968e-06 -0.00351107 -0.00116655
2.64 3.54817e-06 -4.74187e-05 -0.000149876 -5.02585e-06 -0.00374845 -0.00118596
2.66 3.72197e-06 -4.4262e-05 -0.00015514 -6.62046e-06 -0.0038801 -0.00110701
2.68 3.78233e-06 -4.13051e-05 -0.000153476 -7.97759e-06 -0.0038385 -0.00103306
2.7 3.68809e-06 -4.03736e-05 -0.000143464 -9.12341e-06 -0.00358809 -0.00100976
2.72 3.41761e-06 -3.89956e-05 -0.000125796 -1.01255e-05 -0.0031462 -0.000975297
2.74 2.9727e-06 -3.30159e-05 -0.000103248 -1.09617e-05 -0.00258228 -0.00082574
2.76 2.36667e-06 -2.20852e-05 -7.93794e-05 -1.14859e-05 -0.00198531 -0.000552361
2.78 1.61165e-06 -9.65698e-06 -5.35114e-05 -1.15284e-05 -0.00133834 -0.000241525
2.8 7.1872e-07 2.57158e-06 -1.98616e-05 -1.10032e-05 -0.000496747 6.43162e-05
2.82 -2.92297e-07 1.56486e-05 2.52367e-05 -9.9056e-06 0.000631181 0.000391377
2.84 -1.3868e-06 2.96321e-05 7.75546e-05 -8.25677e-06 0.00193967 0.000741111
2.86 -2.52612e-06 4.13577e-05 0.000128954 -6.10328e-06 0.00322521 0.00103437
2.88 -3.67861e-06 4.66384e-05 0.000173441 -3.53884e-06 0.00433783 0.00116645
2.9 -4.80836e-06 4.39167e-05 0.000208029 -6.66697e-07 0.00520288 0.00109837
2.92 -5.86018e-06 3.52435e-05 0.000233669 2.44718e-06 0.00584417 0.000881455
2.94 -6.76609e-06 2.47381e-05 0.000255812 5.7485e-06 0.00639797 0.000618709
2.96 -7.46577e-06 1.56452e-05 0.000278918 9.16473e-06 0.00697585 0.000391292
2.98 -7.91923e-06 8.39352e-06 0.000300524 1.26545e-05 0.00751623 0.000209925
3 -8.11065e-06 6.15008e-07 0.000313581 1.62283e-05 0.00784278 1.53816e-05
3.02 -8.05148e-06 -1.119e-05 0.000313411 1.98129e-05 0.00783855 -0.000279868
3.04 -7.77433e-06 -2.83399e-05 0.00030056 2.30958e-05 0.00751712 -0.000708792
3.06 -7.30979e-06 -4.8592e-05 0.000278158 2.55923e-05 0.00695685 -0.00121531
3.08 -6.6673e-06 -6.86468e-05 0.000248786 2.68982e-05 0.00622223 -0.00171688
3.1 -5.84394e-06 -8.83489e-05 0.000212798 2.68626e-05 0.00532217 -0.00220964
3.12 -4.84658e-06 -0.00011027 0.000168088 2.5568e-05 0.00420395 -0.0027579
3.14 -3.69758e-06 -0.000133445 0.00011316 2.3244e-05 0.00283019 -0.00333751
3.16 -2.42592e-06 -0.000152331 5.14481e-05 2.01883e-05 0.00128674 -0.00380986
3.18 -1.06105e-06 -0.000163442 -9.68718e-06 1.6629e-05 -0.00024228 -0.00408775
3.2 3.72104e-07 -0.000169205 -6.65663e-05 1.25943e-05 -0.00166485 -0.00423189
3.22 1.85242e-06 -0.000173655 -0.000121802 7.98859e-06 -0.00304633 -0.00434319
3.24 3.34499e-06 -0.000177133 -0.000177346 2.83677e-06 -0.00443549 -0.00443017
3.26 4.78569e-06 -0.000178005 -0.000230693 -2.62948e-06 -0.00576973 -0.00445198
3.28 6.09376e-06 -0.000175181 -0.000278224 -8.16536e-06 -0.00695851 -0.00438136
3.3 7.20446e-06 -0.000167826 -0.000318094 -1.36718e-05 -0.00795567 -0.0041974
3.32 8.0847e-06 -0.000156298 -0.000349422 -1.90631e-05 -0.0087392 -0.00390908
3.34 8.71508e-06 -0.000141618 -0.000370105 -2.40515e-05 -0.00925648 -0.00354192
3.36 9.06897e-06 -0.000122442 -0.000377279 -2.81815e-05 -0.00943592 -0.00306232
3.38 9.11541e-06 -9.58207e-05 -0.00036954 -3.10853e-05 -0.00924234 -0.00239652
3.4 8.83488e-06 -6.18765e-05 -0.000347968 -3.26705e-05 -0.00870282 -0.00154756
3.42 8.22866e-06 -2.44012e-05 -0.000315306 -3.30773e-05 -0.00788593 -0.000610284
3.44 7.31861e-06 1.31505e-05 -0.000273933 -3.2486e-05 -0.00685117 0.000328899
3.46 6.14535e-06 4.93231e-05 -0.000224732 -3.09546e-05 -0.00562063 0.00123359
3.48 4.76057e-06 8.33859e-05 -0.000166797 -2.84069e-05 -0.00417166 0.00208552
3.5 3.21499e-06 0.00011524 -9.91752e-05 -2.47424e-05 -0.00248041 0.0028822
3.52 1.55445e-06 0.000145971 -2.3962e-05 -1.994e-05 -0.000599299 0.00365081
3.54 -1.72788e-07 0.000176656 5.32919e-05 -1.40879e-05 0.00133285 0.00441824
3.56 -1.90708e-06 0.000205864 0.000126158 -7.38932e-06 0.00315527 0.00514874
3.58 -3.58167e-06 0.000229783 0.000191338 -1.82665e-07 0.00478544 0.00574697
3.6 -5.13497e-06 0.00024626 0.000250502 7.09359e-06 0.00626517 0.00615907
3.62 -6.51386e-06 0.000257126 0.00030673 1.4036e-05 0.00767143 0.00643083
3.64 -7.66957e-06 0.000265637 0.000359102 2.03925e-05 0.0089813 0.0066437
3.66 -8.56453e-06 0.000271727 0.000402461 2.60217e-05 0.0100657 0.00679601
3.68 -9.19004e-06 0.000271328 0.000432655 3.0754e-05 0.0108209 0.00678603
3.7 -9.56034e-06 0.000261235 0.00044809 3.43448e-05 0.0112069 0.0065336
3.72 -9.68e-06 0.000241833 0.000447008 3.65651e-05 0.0111798 0.00604834
3.74 -9.52873e-06 0.0002156 0.000428657 3.72869e-05 0.0107209 0.00539225
3.76 -9.08018e-06 0.000184966 0.000395624 3.64864e-05 0.00989472 0.00462607
3.78 -8.32498e-06 0.000151723 0.000351787 3.42464e-05 0.00879833 0.00379465
3.8 -7.27054e-06 0.000117147 0.000298869 3.078e-05 0.00747484 0.0029299
3.82 -5.93864e-06 8.0648e-05 0.00023783 2.63653e-05 0.00594822 0.00201704
3.84 -4.37678e-06 4.03669e-05 0.000171486 2.11958e-05 0.00428894 0.00100959
3.86 -2.65773e-06 -3.71243e-06 0.000101826 1.53445e-05 0.00254672 -9.28495e-05
3.88 -8.586e-07 -4.83752e-05 2.81581e-05 8.90568e-06 0.000704245 -0.00120988
3.9 9.56133e-07 -8.9336e-05 -5.00236e-05 2.09561e-06 -0.00125111 -0.00223433
3.92 2.73123e-06 -0.000123942 -0.000130484 -4.8441e-06 -0.00326345 -0.00309984
3.94 4.41286e-06 -0.000150855 -0.000208638 -1.17677e-05 -0.00521813 -0.00377295
3.96 5.9528e-06 -0.00016989 -0.000279072 -1.85681e-05 -0.00697972 -0.00424901
3.98 7.30938e-06 -0.000181642 -0.000335824 -2.5032e-05 -0.0083991 -0.00454295
4 8.43448e-06 -0.000185358 -0.000373715 -3.08024e-05 -0.00934676 -0.00463589
4.02 9.26049e-06 -0.000180085 -0.000391048 -3.54631e-05 -0.00978027 -0.00450399
4.04 9.70154e-06 -0.00016755 -0.000389046 -3.86632e-05 -0.0097302 -0.00419051
4.06 9.67007e-06 -0.00015097 -0.000369219 -4.02297e-05 -0.00923433 -0.00377582
4.08 9.10277e-06 -0.000130699 -0.000333036 -4.02028e-05 -0.00832936 -0.00326884
4.1 7.98604e-06 -0.000105129 -0.000283379 -3.87408e-05 -0.00708742 -0.00262931
4.12 6.36591e-06 -7.61476e-05 -0.000223598 -3.59821e-05 -0.00559229 -0.00190448
4.14 4.33473e-06 -4.85163e-05 -0.000154413 -3.19837e-05 -0.00386194 -0.00121341
4.16 2.01037e-06 -2.44622e-05 -7.44884e-05 -2.67168e-05 -0.00186299 -0.000611809
4.18 -4.75916e-07 -1.68893e-06 1.58728e-05 -2.00787e-05 0.000396986 -4.22409e-05
4.2 -2.99073e-06 2.16436e-05 0.000113148 -1.20078e-05 0.00282987 0.000541316
4.22 -5.42074e-06 4.34139e-05 0.000212933 -2.71089e-06 0.00532554 0.0010858
4.24 -7.68728e-06 6.15151e-05 0.000311096 7.24232e-06 0.00778064 0.00153852
4.26 -9.7303e-06 7.5796e-05 0.000400779 1.71246e-05 0.0100237 0.00189569
4.28 -1.1488e-05 8.58421e-05 0.000473879 2.63222e-05 0.0118519 0.00214695
4.3 -1.28968e-05 9.18065e-05 0.000526275 3.43961e-05 0.0131624 0.00229612
4.32 -1.38978e-05 9.62075e-05 0.00055804 4.10366e-05 0.0139568 0.00240619
4.34 -1.44377e-05 9.99689e-05 0.000570494 4.61005e-05 0.0142683 0.00250026
4.36 -1.44736e-05 9.90274e-05 0.000565654 4.96217e-05 0.0141472 0.00247672
4.38 -1.39907e-05 8.82703e-05 0.000546069 5.1675e-05 0.0136574 0.00220768
4.4 -1.30226e-05 6.46348e-05 0.000513343 5.2258e-05 0.0128389 0.00161654
4.42 -1.16558e-05 2.73381e-05 0.00046857 5.13326e-05 0.0117191 0.000683739
4.44 -1.00009e-05 -2.07037e-05 0.00041089 4.88931e-05 0.0102765 -0.000517809
4.46 -8.15166e-06 -7.46159e-05 0.000335608 4.493e-05 0.00839369 -0.00186618
4.48 -6.16854e-06 -0.000131162 0.000239247 3.93868e-05 0.00598368 -0.00328042
4.5 -4.08136e-06 -0.000189878 0.000125027 3.22365e-05 0.00312699 -0.00474893
4.52 -1.88914e-06 -0.000252719 -1.56572e-07 2.36105e-05 -3.91588e-06 -0.0063206
4.54 4.37658e-07 -0.00032146 -0.000131013 1.38461e-05 -0.00327669 -0.00803984
4.56 2.93978e-06 -0.000393573 -0.00026487 3.46572e-06 -0.00662452 -0.00984342
4.58 5.63731e-06 -0.000462762 -0.000399939 -6.8715e-06 -0.0100026 -0.0115739
4.6 8.49638e-06 -0.000523772 -0.000531769 -1.65139e-05 -0.0132998 -0.0130998
4.62 1.14193e-05 -0.000572725 -0.000651733 -2.50531e-05 -0.0163001 -0.0143241
4.64 1.42701e-05 -0.000603926 -0.000752517 -3.24299e-05 -0.0188208 -0.0151044
4.66 1.69125e-05 -0.000611659 -0.000835069 -3.87714e-05 -0.0208854 -0.0152979
4.68 1.9227e-05 -0.000594184 -0.000905453 -4.41594e-05 -0.0226458 -0.0148608
4.7 2.11086e-05 -0.00055214 -0.000965423 -4.85687e-05 -0.0241457 -0.0138093
4.72 2.24751e-05 -0.000486062 -0.00100969 -5.1925e-05 -0.0252529 -0.0121566
4.74 2.32898e-05 -0.000398424 -0.00103084 -5.41431e-05 -0.025782 -0.00996476
4.76 2.35704e-05 -0.000294844 -0.00102487 -5.51488e-05 -0.0256327 -0.00737417
4.78 2.33672e-05 -0.000180836 -0.00099279 -5.49012e-05 -0.0248303 -0.00452278
4.8 2.27232e-05 -5.95368e-05 -0.000937882 -5.3358e-05 -0.0234571 -0.00148904
4.82 2.16488e-05 6.67728e-05 -0.000861208 -5.04391e-05 -0.0215394 0.00167002
4.84 2.01319e-05 0.000197274 -0.000761303 -4.61098e-05 -0.0190408 0.00493392
4.86 1.81729e-05 0.000334984 -0.000639394 -4.05115e-05 -0.0159918 0.0083781
4.88 1.58151e-05 0.000483558 -0.000502977 -3.39474e-05 -0.0125799 0.012094
4.9 1.31458e-05 0.000640476 -0.000362442 -2.67659e-05 -0.00906506 0.0160186
4.92 1.02726e-05 0.000795592 -0.000224292 -1.93425e-05 -0.00560988 0.0198981
4.94 7.3053e-06 0.000936671 -8.91354e-05 -1.21346e-05 -0.00222956 0.0234266
4.96 4.35555e-06 0.00105475 4.42662e-05 -5.59567e-06 0.00110687 0.0263802
4.98 1.53269e-06 0.00114581 0.000175732 4.19049e-08 0.0043949 0.0286584
5 -1.08299e-06 0.00121051 0.000303999 4.86695e-06 0.0076029 0.0302777
5.02 -3.46778e-06 0.00125191 0.000426967 9.15839e-06 0.0106784 0.0313145
5.04 -5.65758e-06 0.00127146 0.000542147 1.31563e-05 0.0135591 0.0318042
5.06 -7.7279e-06 0.00126578 0.000647918 1.6889e-05 0.0162045 0.0316622
5.08 -9.76418e-06 0.00122785 0.000742909 2.0135e-05 0.0185803 0.0307136
5.1 -1.18277e-05 0.00115087 0.000822808 2.25822e-05 0.0205787 0.0287883
5.12 -1.39265e-05 0.0010293 0.000879725 2.41146e-05 0.0220024 0.0257478
5.14 -1.60116e-05 0.00085832 0.000907611 2.49709e-05 0.0227 0.0214715
5.16 -1.79967e-05 0.000634125 0.000906825 2.56193e-05 0.0226803 0.0158643
5.18 -1.97764e-05 0.000357039 0.000882516 2.6513e-05 0.0220723 0.00893425
5.2 -2.12294e-05 3.58674e-05 0.000839407 2.79968e-05 0.0209942 0.000901604
5.22 -2.22224e-05 -0.000310019 0.000779383 3.03626e-05 0.019493 -0.00774916
5.24 -2.26312e-05 -0.000655254 0.000701648 3.38246e-05 0.0175488 -0.0163837
5.26 -2.23523e-05 -0.000979668 0.000600977 3.83112e-05 0.0150309 -0.0244997
5.28 -2.12881e-05 -0.00127334 0.00046804 4.32656e-05 0.0117061 -0.0318686
5.3 -1.93311e-05 -0.0015312 0.00029627 4.77621e-05 0.00741009 -0.0384747
5.32 -1.63799e-05 -0.00174281 8.98694e-05 5.10687e-05 0.00224792 -0.0444271
5.34 -1.23783e-05 -0.00188989 -0.000136671 5.32798e-05 -0.00341793 -0.0499159
5.36 -7.35387e-06 -0.00196794 -0.000366049 5.49641e-05 -0.00915477 -0.055044
5.38 -1.4503e-06 -0.00200024 -0.000584855 5.56907e-05 -0.0146272 -0.0595463
5.4 5.02995e-06 -0.00201194 -0.000784292 5.36564e-05 -0.0196153 -0.0627648
5.42 1.16046e-05 -0.0020145 -0.000956186 4.74589e-05 -0.0239148 -0.0637823
5.44 1.77019e-05 -0.00194932 -0.00109246 3.79672e-05 -0.0273247 -0.0621521
5.46 2.28019e-05 -0.00178321 -0.00118731 2.76155e-05 -0.0296999 -0.0579976
5.48 2.65164e-05 -0.00153725 -0.00123899 1.71859e-05 -0.0309957 -0.051846
5.5 2.86392e-05 -0.00123421 -0.00124881 4.86687e-06 -0.0312421 -0.044267
5.52 2.91245e-05 -0.000893739 -0.0012148 -1.07365e-05 -0.0303914 -0.0357515
5.54 2.8037e-05 -0.000540963 -0.00112986 -2.8532e-05 -0.0282671 -0.0269275
5.56 2.5535e-05 -0.000205566 -0.000990227 -4.62154e-05 -0.0247747 -0.018533
5.58 2.18289e-05 8.9277e-05 -0.000807299 -6.21682e-05 -0.0201996 -0.0111369
5.6 1.71898e-05 0.000339201 -0.000602994 -7.54757e-05 -0.0150899 -0.00483257
5.62 1.19338e-05 0.000558795 -0.000390652 -8.48141e-05 -0.0097791 0.000767368
5.64 6.38523e-06 0.000768436 -0.000172577 -8.83266e-05 -0.00432494 0.00621894
5.66 8.80843e-07 0.000977084 4.82374e-05 -8.48388e-05 0.00119771 0.0118359
5.68 -4.22342e-06 0.00117507 0.000261553 -7.48611e-05 0.00653282 0.017488
5.7 -8.57074e-06 0.00134405 0.000450477 -6.01704e-05 0.0112579 0.0227577
5.72 -1.18551e-05 0.00147106 0.000596073 -4.24581e-05 0.0148994 0.0271854
5.74 -1.38501e-05 0.00155352 0.000682876 -2.24471e-05 0.0170704 0.0304031
5.76 -1.43969e-05 0.0015943 0.000702737 -2.05875e-07 0.0175672 0.0321364
5.78 -1.33867e-05 0.00159702 0.000654604 2.38486e-05 0.0163633 0.032256
5.8 -1.07793e-05 0.00154931 0.000543834 4.79664e-05 0.0135929 0.0310627
5.82 -6.64023e-06 0.00146908 0.000381136 6.95647e-05 0.0095238 0.0290562
5.84 -1.14714e-06 0.00137849 0.000178985 8.72413e-05 0.00446791 0.0267905
5.86 5.40625e-06 0.00128952 -4.90915e-05 0.000100917 -0.00123637 0.0245653
5.88 1.261e-05 0.00120183 -0.000288298 0.000109951 -0.00721903 0.0223722
5.9 1.99751e-05 0.00110859 -0.00052632 0.000112583 -0.013172 0.0200401
5.92 2.69924e-05 0.000996916 -0.000756189 0.000107171 -0.0189212 0.0172471
5.94 3.31569e-05 0.000846617 -0.000969501 9.32744e-05 -0.0242564 0.0134881
5.96 3.79541e-05 0.000639431 -0.00114939 7.15826e-05 -0.0287571 0.00830627
5.98 4.09029e-05 0.000374098 -0.00128106 4.33856e-05 -0.0320553 0.00167016
6 4.16813e-05 7.53041e-05 -0.00136155 1.04657e-05 -0.0340764 -0.00580286
6.02 4.02107e-05 -0.000211653 -0.00138937 -2.47076e-05 -0.0347768 -0.0129805
6.04 3.65589e-05 -0.000442614 -0.0013525 -5.91736e-05 -0.0338547 -0.0187599
6.06 3.0935e-05 -0.000604633 -0.00124467 -9.03282e-05 -0.0311579 -0.0228186
6.08 2.37682e-05 -0.000725666 -0.00107729 -0.000116832 -0.0269714 -0.0258563
6.1 1.55307e-05 -0.00085004 -0.00085554 -0.000138655 -0.0214255 -0.0289878
6.12 6.54397e-06 -0.00100626 -0.000561382 -0.000156086 -0.0140685 -0.0329481
6.14 -3.1112e-06 -0.00118888 -0.000172526 -0.000168702 -0.00434299 -0.037656
6.16 -1.35343e-05 -0.00136331 0.000305283 -0.00017517 0.00760719 -0.0423211
6.18 -2.48746e-05 -0.00148919 0.000840892 -0.0001733 0.021004 -0.0458952
6.2 -3.72422e-05 -0.0015402 0.00139605 -0.000159851 0.034969 -0.0474271
6.22 -5.01974e-05 -0.00149318 0.0018769 -0.000133314 0.0494637 -0.0462511
6.24 -5.88357e-05 -0.00133195 0.00201971 -9.64067e-05 0.0670704 -0.0422187
6.26 -6.03009e-05 -0.00107831 0.00203422 -5.11452e-05 0.0885785 -0.035875
6.28 -5.87732e-05 -0.000774943 0.00204427 3.15071e-06 0.113324 -0.0282876
6.3 -5.69099e-05 -0.000464051 0.00205431 6.43864e-05 0.138413 -0.020512
6.32 -5.44888e-05 -0.000173606 0.00206336 0.000127428 0.161049 -0.0132477
6.34 -5.04024e-05 8.93458e-05 0.00207137 0.000188529 0.181071 -0.00667001
6.36 -4.5271e-05 0.000338107 0.00207851 0.000246305 0.198939 -0.000443025
6.38 -4.08044e-05 0.000596644 0.00208444 0.000300829 0.213765 0.00604497
6.4 -3.7061e-05 0.000882407 0.00208817 0.000355117 0.22311 0.0132811
6.42 -3.35128e-05 0.00119317 0.00208834 0.000414753 0.223522 0.021403
6.44 -2.84565e-05 0.00150302 0.00176091 0.000481415 0.215321 0.0303748
6.46 -2.15307e-05 0.0017554 0.00120474 0.000551971 0.201116 0.0399934
6.48 -1.26798e-05 0.00190116 0.000630578 0.000623397 0.185404 0.0493858
6.5 -1.20237e-06 0.0019622 0.000151329 0.000690493 0.170559 0.0568912
6.52 1.24864e-05 0.0019823 -0.000250058 0.000743712 0.155896 0.0609235
6.54 2.73848e-05 0.00197282 -0.000611677 0.00077145 0.139633 0.0606862
6.56 4.13046e-05 0.00183435 -0.000932496 0.000762894 0.120903 0.0572232
6.58 5.16392e-05 0.00162434 -0.00119797 0.000715217 0.0997626 0.0519708
6.6 5.66732e-05 0.00140305 -0.00140938 0.00063679 0.0759544 0.0464361
6.62 5.70898e-05 0.00119323 -0.00157882 0.000540324 0.0481693 0.0411881
6.64 5.50958e-05 0.000987748 -0.0017134 0.000438128 0.0152157 0.0360479
6.66 5.24041e-05 0.000775336 -0.00181509 0.00034076 -0.0220807 0.0307319
6.68 4.96246e-05 0.000551139 -0.00188753 0.000253505 -0.0604199 0.025114
6.7 4.68535e-05 0.000315359 -0.00193697 0.000174196 -0.0955245 0.0191887
6.72 4.4264e-05 6.6471e-05 -0.00196968 9.5275e-05 -0.124215 0.0128942
6.74 4.22074e-05 -0.000202788 -0.00199066 8.4878e-06 -0.145367 0.0059927
6.76 4.09955e-05 -0.000497219 -0.00200339 -9.13623e-05 -0.159373 -0.00176784
6.78 4.06734e-05 -0.000803859 -0.00201001 -0.000205046 -0.167016 -0.0103165
6.8 4.10312e-05 -0.00109201 -0.00201158 -0.000327625 -0.168863 -0.0192099
6.82 4.09239e-05 -0.00133213 -0.00191197 -0.000448309 -0.16637 -0.0278913
6.84 3.88309e-05 -0.00151052 -0.00171382 -0.000556472 -0.161393 -0.0358196
6.86 3.38446e-05 -0.00163186 -0.00148451 -0.000645379 -0.155556 -0.0425807
6.88 2.54196e-05 -0.00171261 -0.00124723 -0.000708196 -0.149365 -0.0481652
6.9 1.41644e-05 -0.00176909 -0.000983285 -0.000738295 -0.142206 -0.0529104
6.92 1.23496e-06 -0.00181048 -0.000672009 -0.00073399 -0.133226 -0.0570475
6.94 -1.20943e-05 -0.00183921 -0.000311291 -0.00069804 -0.121751 -0.0603811
6.96 -2.43186e-05 -0.00185403 8.22611e-05 -0.000635094 -0.107222 -0.062294
6.98 -3.42912e-05 -0.00184521 0.000477229 -0.000552892 -0.0891982 -0.0620733
7 -4.1384e-05 -0.00174837 0.000835026 -0.000462492 -0.0676618 -0.0596514
7.02 -4.56949e-05 -0.00156836 0.00112671 -0.00037456 -0.0433482 -0.0551493
7.04 -4.77918e-05 -0.00132249 0.00134486 -0.000295941 -0.0177389 -0.0489998
7.06 -4.83172e-05 -0.00102955 0.00149939 -0.000228218 0.00735932 -0.0416727
7.08 -4.77444e-05 -0.000709548 0.00160641 -0.000167775 0.030418 -0.0336644
7.1 -4.64165e-05 -0.000386335 0.00168061 -0.000107757 0.0505779 -0.0255575
7.12 -4.46184e-05 -8.33156e-05 0.00173262 -4.10738e-05 0.067543 -0.017908
7.14 -4.26069e-05 0.000185072 0.00176891 3.7539e-05 0.081157 -0.0110403
7.16 -4.06129e-05 0.000417679 0.00179269 0.000130598 0.0910303 -0.00495085
7.18 -3.88012e-05 0.000623318 0.00180503 0.000236741 0.0964864 0.000616289
7.2 -3.66141e-05 0.000815871 0.00180607 0.000347447 0.0969566 0.00608138
7.22 -3.28313e-05 0.00100661 0.00166283 0.000447124 0.0933734 0.0118742
7.24 -2.75832e-05 0.00119295 0.00139577 0.000521752 0.086668 0.0181148
7.26 -2.09271e-05 0.00135868 0.00104637 0.000564355 0.0777494 0.0244528
7.28 -1.24448e-05 0.00148848 0.00064856 0.00057202 0.0671577 0.0302685
7.3 -2.32489e-06 0.00157711 0.000240251 0.000543761 0.0553892 0.0349215
7.32 9.06525e-06 0.00162663 -0.000140301 0.00048226 0.0430139 0.037872
7.34 2.07862e-05 0.00164203 -0.000471244 0.000397597 0.0304219 0.0388551
7.36 3.16733e-05 0.00161241 -0.000752123 0.000305762 0.0175612 0.0381144
7.38 4.0554e-05 0.00153194 -0.000992665 0.000219918 0.00398378 0.0361018
7.4 4.67086e-05 0.00141514 -0.00119944 0.000145891 -0.0107545 0.0331805
7.42 5.00656e-05 0.00127729 -0.00137184 8.43049e-05 -0.0265894 0.0297329
7.44 5.10836e-05 0.00113228 -0.00150758 3.29143e-05 -0.0427604 0.026106
7.46 5.04013e-05 0.00098482 -0.00160796 -1.27679e-05 -0.0580492 0.022418
7.48 4.859e-05 0.000827023 -0.00167793 -5.89415e-05 -0.071214 0.0184714
7.5 4.59068e-05 0.000645611 -0.00172299 -0.0001115 -0.0811998 0.0139342
7.52 4.25876e-05 0.000431791 -0.00174645 -0.000172944 -0.086983 0.00858637
7.54 3.86504e-05 0.000184482 -0.00174873 -0.000239259 -0.0875705 0.00240024
7.56 3.35306e-05 -9.26234e-05 -0.00159086 -0.000300242 -0.0836198 -0.00453488
7.58 2.73471e-05 -0.000390536 -0.00130186 -0.000346551 -0.0763374 -0.0120076
7.6 2.01467e-05 -0.000692504 -0.000949434 -0.000374429 -0.0672257 -0.019643
7.62 1.16672e-05 -0.000975995 -0.000579717 -0.000381802 -0.0571328 -0.026977
7.64 2.00633e-06 -0.00121499 -0.000218091 -0.000365253 -0.0463601 -0.0334789
7.66 -8.56998e-06 -0.0013871 0.000116467 -0.000321641 -0.0351267 -0.0385574
7.68 -1.92483e-05 -0.00148319 0.00041041 -0.000251356 -0.0236979 -0.0416562
7.7 -2.89363e-05 -0.00150616 0.00065973 -0.000162116 -0.0122632 -0.0424374
7.72 -3.6612e-05 -0.0014494 0.000870048 -6.72306e-05 -0.000753787 -0.0410179
7.74 -4.17632e-05 -0.00131762 0.00105153 2.18187e-05 0.0112106 -0.037722
7.76 -4.44835e-05 -0.00112561 0.00121026 9.82633e-05 0.0239566 -0.0329197
7.78 -4.52264e-05 -0.000891243 0.00134506 0.000158201 0.0372463 -0.0270582
7.8 -4.44603e-05 -0.000635629 0.00145238 0.000200579 0.0501866 -0.0206651
7.82 -4.2588e-05 -0.000377637 0.0015318 0.000228597 0.0616609 -0.0142121
7.84 -3.99625e-05 -0.000123885 0.00158628 0.000249446 0.070777 -0.00786273
7.86 -3.69349e-05 0.000131253 0.00161877 0.0002714 0.0768118 -0.00146989
7.88 -3.39218e-05 0.000392432 0.0016293 0.000299634 0.0788777 0.00510199
7.9 -3.03843e-05 0.000655373 0.00153994 0.000332664 0.0766425 0.011793
7.92 -2.58212e-05 0.000911228 0.00130437 0.000362709 0.0707395 0.0184761
7.94 -2.02562e-05 0.00115102 0.000978827 0.000380911 0.0624901 0.025083
7.96 -1.33153e-05 0.00136255 0.00062475 0.000381598 0.0532324 0.0314932
7.98 -4.86781e-06 0.00153108 0.000281648 0.000362001 0.0437283 0.037397
8 4.90522e-06 0.00164883 -3.22277e-05 0.000320478 0.0342696 0.0423369
8.02 1.53777e-05 0.00171897 -0.000312145 0.000257313 0.0248752 0.0458462
8.04 2.55006e-05 0.00174963 -0.0005587 0.000178454 0.0154745 0.0475827
8.06 3.41401e-05 0.0017434 -0.000775496 9.56891e-05 0.00592039 0.0474268
8.08 4.05052e-05 0.00167069 -0.000969853 2.01804e-05 -0.00415234 0.0456084
8.1 4.44052e-05 0.00153546 -0.00114835 -4.23989e-05 -0.0152672 0.042226
8.12 4.6153e-05 0.0013414 -0.00130952 -9.02904e-05 -0.0276252 0.0373725
8.14 4.62232e-05 0.00109276 -0.00144424 -0.000122852 -0.0405547 0.031154
8.16 4.50383e-05 0.000797173 -0.00154457 -0.000140936 -0.05252 0.0237611
8.18 4.30003e-05 0.000466726 -0.00160985 -0.00014826 -0.061849 0.0154947
8.2 4.05356e-05 0.000115759 -0.00164505 -0.000150638 -0.067541 0.00670451
8.22 3.80216e-05 -0.000241641 -0.00165589 -0.000153436 -0.0694046 -0.00229192
8.24 3.51493e-05 -0.000591944 -0.00160103 -0.000159145 -0.0680325 -0.0112545
8.26 3.10578e-05 -0.000921425 -0.00145602 -0.000166774 -0.0644018 -0.0200458
8.28 2.58017e-05 -0.00121578 -0.00125736 -0.000173488 -0.0594006 -0.0286344
8.3 1.94273e-05 -0.00146134 -0.00103135 -0.000176607 -0.0536317 -0.0370482
8.32 1.18631e-05 -0.00164931 -0.000789929 -0.000173804 -0.0473092 -0.0452904
8.34 3.50871e-06 -0.00178039 -0.000539137 -0.000161723 -0.0404717 -0.0532405
8.36 -5.193e-06 -0.00186437 -0.000281648 -0.000135579 -0.0330353 -0.0605911
8.38 -1.35904e-05 -0.00191402 -1.81457e-05 -9.13557e-05 -0.0248019 -0.0667833
8.4 -2.11466e-05 -0.00193924 0.00024688 -2.9689e-05 -0.0156134 -0.0709402
8.42 -2.75088e-05 -0.00194511 0.000500214 4.00612e-05 -0.00560197 -0.0720561
8.44 -3.25557e-05 -0.00186294 0.000724665 0.000101594 0.0047297 -0.0700009
8.46 -3.62988e-05 -0.00167308 0.000909763 0.000142496 0.0147499 -0.0652525
8.48 -3.88242e-05 -0.00140381 0.00105438 0.000160322 0.0239173 -0.058518
8.5 -4.0207e-05 -0.00107983 0.00116227 0.000157729 0.0318004 -0.0504123
8.52 -4.04663e-05 -0.000723256 0.00123943 0.000139178 0.0381465 -0.0414762
8.54 -3.96086e-05 -0.000362055 0.00129224 0.000112328 0.0429078 -0.0323678
8.56 -3.77283e-05 -2.51262e-05 0.00132464 8.76771e-05 0.0460244 -0.023738
8.58 -3.49955e-05 0.00027048 0.00133657 7.48676e-05 0.0472133 -0.0159407
8.6 -3.1069e-05 0.000526209 0.00129878 7.81184e-05 0.0462681 -0.00888074
8.62 -2.57797e-05 0.000756775 0.00118231 9.38134e-05 0.0433545 -0.0020926
8.64 -1.96104e-05 0.000977003 0.00100241 0.0001124 0.0388455 0.00500216
8.66 -1.2744e-05 0.00118952 0.00077595 0.000123914 0.0331296 0.0127819
8.68 -5.31048e-06 0.00138303 0.000516564 0.000122625 0.0264659 0.0212335
8.7 2.48235e-06 0.00154234 0.000239591 0.000107393 0.019102 0.0299437
8.72 1.04193e-05 0.00165938 -3.93508e-05 7.93867e-05 0.0112576 0.0381775
8.74 1.81436e-05 0.00173562 -0.000308832 4.08642e-05 0.00303917 0.0450085
8.76 2.52757e-05 0.00177697 -0.000560909 -4.13912e-06 -0.00551948 0.0494806
8.78 3.14831e-05 0.00178815 -0.000787998 -4.8448e-05 -0.0143203 0.050814
8.8 3.6545e-05 0.00171898 -0.000983422 -8.24645e-05 -0.0231373 0.049084
8.82 4.03347e-05 0.00155447 -0.00114473 -0.000100502 -0.0317019 0.0449695
8.84 4.28332e-05 0.00132657 -0.0012728 -0.000104472 -0.0397063 0.0392696
8.86 4.40936e-05 0.00105898 -0.00136901 -9.84785e-05 -0.0467026 0.0325767
8.88 4.4175e-05 0.000767792 -0.00143536 -8.54714e-05 -0.0521824 0.0252909
8.9 4.31399e-05 0.000471375 -0.00147446 -6.95474e-05 -0.055722 0.0178627
8.92 4.11156e-05 0.000187414 -0.00148804 -5.68514e-05 -0.057013 0.0107145
8.94 3.788e-05 -7.54947e-05 -0.00145197 -5.33834e-05 -0.056111 0.00403032
8.96 3.30229e-05 -0.000318765 -0.0013483 -6.17649e-05 -0.0535166 -0.00226745
8.98 2.69392e-05 -0.000548356 -0.00120032 -7.94156e-05 -0.0498039 -0.00839059
9 1.99824e-05 -0.000768448 -0.00102076 -9.97571e-05 -0.0452638 -0.0145385
9.02 1.2329e-05 -0.000978314 -0.000805622 -0.000115608 -0.0397339 -0.0208208
9.04 4.33441e-06 -0.00117253 -0.000549325 -0.000122013 -0.0329373 -0.0272372
9.06 -3.75972e-06 -0.00134267 -0.000258775 -0.000116599 -0.0248047 -0.0336474
9.08 -1.16148e-05 -0.00147911 4.58825e-05 -9.83042e-05 -0.0155284 -0.0396701
9.1 -1.8932e-05 -0.00157417 0.00033793 -6.71128e-05 -0.00553711 -0.0446111
9.12 -2.54714e-05 -0.00162459 0.000595196 -2.58102e-05 0.00461799 -0.0475972
9.14 -3.11244e-05 -0.00162981 0.000809585 1.7666e-05 0.0145337 -0.0479243
9.16 -3.58275e-05 -0.00154535 0.000985252 5.24166e-05 0.0241047 -0.0458121
9.18 -3.94632e-05 -0.00139057 0.00112968 7.23508e-05 0.033372 -0.0419408
9.2 -4.18691e-05 -0.00120009 0.00124778 7.91417e-05 0.0422601 -0.0371769
9.22 -4.29779e-05 -0.000995487 0.00134287 7.77669e-05 0.050582 -0.0320597
9.24 -4.29148e-05 -0.000780837 0.00141853 7.36166e-05 0.058182 -0.0266911
9.26 -4.19689e-05 -0.0005547 0.00147659 7.26456e-05 0.0647644 -0.0210347
9.28 -4.04683e-05 -0.000325602 0.00151527 8.05056e-05 0.0695894 -0.0153023
9.3 -3.86235e-05 -0.000111503 0.00153097 0.000100039 0.0716625 -0.00993984
9.32 -3.59792e-05 7.87375e-05 0.00148947 0.000128824 0.0706247 -0.00516426
9.34 -3.20951e-05 0.000256626 0.00135147 0.000159446 0.0671717 -0.000680159
9.36 -2.7202e-05 0.000440218 0.00115532 0.000183536 0.0622488 0.00398296
9.38 -2.12944e-05 0.00063385 0.000933661 0.000195895 0.0566339 0.00897055
9.4 -1.43633e-05 0.000825363 0.000701195 0.000195448 0.0506342 0.0140267
9.42 -6.62054e-06 0.000998562 0.000461215 0.000183768 0.0442465 0.018779
9.44 1.61356e-06 0.00114444 0.000215376 0.000163118 0.0373942 0.0229966
9.46 9.79421e-06 0.00125937 -3.10985e-05 0.000135453 0.0300679 0.0265315
9.48 1.73671e-05 0.00133648 -0.000273067 0.000102602 0.0222387 0.0290517
9.5 2.39036e-05 0.00136349 -0.000507973 6.72562e-05 0.0137735 0.0299704
9.52 2.91869e-05 0.00131932 -0.000730809 3.33969e-05 0.00460443 0.0288656
9.54 3.31626e-05 0.00119936 -0.000930601 4.47091e-06 -0.00499592 0.0258653
9.56 3.58908e-05 0.00102486 -0.00109554 -1.82573e-05 -0.0143607 0.021501
9.58 3.74929e-05 0.000816471 -0.0012203 -3.49567e-05 -0.0226836 0.0162891
9.6 3.81074e-05 0.000586804 -0.00130739 -4.65256e-05 -0.0293571 0.010545
9.62 3.78646e-05 0.00034825 -0.00136312 -5.49548e-05 -0.0341049 0.00457806
9.64 3.68911e-05 0.000119312 -0.00139364 -6.32747e-05 -0.036892 -0.00115061
9.66 3.53179e-05 -8.27949e-05 -0.00140307 -7.45036e-05 -0.0377824 -0.00621377
9.68 3.2954e-05 -0.000253623 -0.00137301 -8.99917e-05 -0.0370306 -0.0105038
9.7 2.9452e-05 -0.000403272 -0.00129149 -0.000108283 -0.0349913 -0.0142776
9.72 2.50558e-05 -0.000546552 -0.00116764 -0.000125487 -0.0318884 -0.0179149
9.74 1.99519e-05 -0.000689864 -0.00100191 -0.000136599 -0.0277155 -0.0215916
9.76 1.41745e-05 -0.000825455 -0.000790524 -0.000136911 -0.0223269 -0.0251263
9.78 7.89363e-06 -0.000935836 -0.000538355 -0.000123252 -0.0157311 -0.0280643
9.8 1.24361e-06 -0.00100366 -0.000264251 -9.48888e-05 -0.00822851 -0.0299066
9.82 -5.50443e-06 -0.00101882 5.43098e-06 -5.47429e-05 -0.000326931 -0.0303232
9.84 -1.2052e-05 -0.000975826 0.000250824 -9.59839e-06 0.00752616 -0.0292478
9.86 -1.80816e-05 -0.00087681 0.000467045 3.28275e-05 0.0151972 -0.0267714
9.88 -2.32912e-05 -0.000727966 0.000658988 6.72988e-05 0.0228344 -0.0230487
9.9 -2.73861e-05 -0.00053914 0.00083079 9.21478e-05 0.0305832 -0.0183261
9.92 -3.01525e-05 -0.000326238 0.000981605 0.000108858 0.0383607 -0.0130013
9.94 -3.15615e-05 -0.000108339 0.00110823 0.000121012 0.0458465 -0.00755129
9.96 -3.18174e-05 9.87729e-05 0.00120879 0.000132825 0.0526182 -0.00236986
9.98 -3.12713e-05 0.000287573 0.00128396 0.000147633 0.0582942 0.00235717
10 -3.02575e-05 0.000459699 0.00133513 0.000166669 0.062527 0.00667512
10.02 -2.89721e-05 0.000620308 0.00136183 0.00018844 0.0648725 0.0107205
10.04 -2.72885e-05 0.000771001 0.00135966 0.000208866 0.0648183 0.0145448
10.06 -2.48945e-05 0.000906974 0.00126915 0.000222894 0.0625544 0.0180381
10.08 -2.18232e-05 0.00101974 0.0011093 0.000227097 0.0585515 0.0209858
10.1 -1.80318e-05 0.00110254 0.000910113 0.000220558 0.0535372 0.0231935
10.12 -1.33872e-05 0.00115222 0.000693718 0.000203884 0.0480196 0.024542
10.14 -7.92885e-06 0.00116816 0.000471949 0.000178884 0.0422328 0.0249789
10.16 -1.77721e-06 0.001148 0.000251482 0.000148927 0.0362734 0.0244746
10.18 4.70039e-06 0.00108853 3.4988e-05 0.000117706 0.0301298 0.0229873
10.2 1.10232e-05 0.000989497 -0.000179015 8.7427e-05 0.0236564 0.0205105
10.22 1.67207e-05 0.000854857 -0.000392455 5.90053e-05 0.0166478 0.0171431
10.24 2.14648e-05 0.000690731 -0.000603083 3.30802e-05 0.00897461 0.0130382
10.26 2.51034e-05 0.000501562 -0.000803375 1.02465e-05 0.000688638 0.00830699
10.28 2.7669e-05 0.000291726 -0.000982865 -9.19762e-06 -0.00791329 0.00305863
10.3 2.93252e-05 6.91364e-05 -0.00113184 -2.54842e-05 -0.0162653 -0.00251003
10.32 3.02637e-05 -0.000154702 -0.00124446 -3.93383e-05 -0.023603 -0.008115
10.34 3.06236e-05 -0.000367477 -0.00131934 -5.16247e-05 -0.029133 -0.0134569
10.36 3.04879e-05 -0.000558544 -0.00135841 -6.28991e-05 -0.0322738 -0.0182819
10.38 2.99092e-05 -0.000720436 -0.00136508 -7.32031e-05 -0.032829 -0.0224126
10.4 2.86089e-05 -0.000849117 -0.00130362 -8.1998e-05 -0.0312921 -0.0257443
10.42 2.60096e-05 -0.000943461 -0.00118343 -8.83431e-05 -0.0282837 -0.0282289
10.44 2.20937e-05 -0.00100416 -0.00102428 -9.09865e-05 -0.0242863 -0.0298527
10.46 1.69902e-05 -0.00103232 -0.000831661 -8.80733e-05 -0.0194035 -0.0306145
10.48 1.07896e-05 -0.00102873 -0.000607332 -7.78992e-05 -0.0136066 -0.0305246
10.5 3.87473e-06 -0.000993233 -0.000362071 -6.04266e-05 -0.0070494 -0.0296369
10.52 -3.29285e-06 -0.000929834 -0.000110428 -3.71941e-05 4.13669e-05 -0.0280513
10.54 -1.0182e-05 -0.000843041 0.000140444 -1.00151e-05 0.00765016 -0.0258805
10.56 -1.63858e-05 -0.000734285 0.000388852 1.92591e-05 0.0159577 -0.0231605
10.58 -2.16368e-05 -0.000600419 0.000628119 4.83001e-05 0.0250233 -0.0198125
10.6 -2.57929e-05 -0.000436464 0.000844328 7.46609e-05 0.03454 -0.0157119
10.62 -2.88115e-05 -0.000241548 0.00102347 9.67762e-05 0.0438303 -0.0108369
10.64 -3.07696e-05 -2.32329e-05 0.00115851 0.000114718 0.052046 -0.00537609
10.66 -3.18304e-05 0.000202587 0.00125077 0.000130032 0.0584798 0.000275069
10.68 -3.21507e-05 0.000416759 0.00130712 0.000144661 0.0628266 0.00564353
10.7 -3.17991e-05 0.000604516 0.00133501 0.000159783 0.0651168 0.0103692
10.72 -3.07465e-05 0.000759217 0.00133815 0.000175359 0.0653801 0.0142928
10.74 -2.82668e-05 0.000880028 0.00127604 0.000190478 0.0638267 0.0173912
10.76 -2.42675e-05 0.000967805 0.00114915 0.000204219 0.0606513 0.0196719
10.78 -1.91153e-05 0.00102465 0.000970079 0.000215573 0.0561552 0.0211672
10.8 -1.28719e-05 0.00105614 0.000747744 0.000222236 0.0505173 0.0220032
10.82 -5.87142e-06 0.00106997 0.00048882 0.000220886 0.0438022 0.0223725
10.84 1.62823e-06 0.00107109 0.000204928 0.000209082 0.0361225 0.0224022
10.86 9.23416e-06 0.00105682 -8.75384e-05 0.000186735 0.0276494 0.0220453
10.88 1.65345e-05 0.00101721 -0.00037265 0.000155856 0.0185275 0.0210548
10.9 2.31028e-05 0.000939353 -0.000635938 0.000119291 0.00892922 0.0191075
10.92 2.85941e-05 0.000816018 -0.000865368 8.02226e-05 -0.000856654 0.0160229
10.94 3.27891e-05 0.000652197 -0.00105545 4.2043e-05 -0.0105013 0.0119256
10.96 3.56477e-05 0.000462774 -0.00120784 7.71538e-06 -0.019747 0.00718807
10.98 3.728e-05 0.000264687 -0.00132706 -2.11198e-05 -0.0283513 0.00223368
11 3.78662e-05 7.25591e-05 -0.00141666 -4.46788e-05 -0.0359302 -0.00257238
11.02 3.75945e-05 -0.000103302 -0.00147876 -6.47254e-05 -0.0419278 -0.00697361
11.04 3.66619e-05 -0.000259305 -0.00151449 -8.3497e-05 -0.0457224 -0.0108822
11.06 3.52419e-05 -0.000398624 -0.0015237 -0.000102536 -0.0467475 -0.0143803
11.08 3.28366e-05 -0.000527219 -0.00145546 -0.000121741 -0.0450405 -0.0176206
11.1 2.90397e-05 -0.000647604 -0.00129714 -0.000139581 -0.0410757 -0.0206711
11.12 2.4062e-05 -0.000755274 -0.00107659 -0.000154027 -0.0355174 -0.0234212
11.14 1.78351e-05 -0.000841693 -0.000814633 -0.00016231 -0.0287993 -0.0256503
11.16 1.03617e-05 -0.000900392 -0.000523107 -0.00016105 -0.0210547 -0.0271793
11.18 1.89752e-06 -0.000929215 -0.000217585 -0.000147578 -0.0124418 -0.0279354
11.2 -7.08013e-06 -0.000929162 8.16416e-05 -0.000121395 -0.00323887 -0.0279341
11.22 -1.58455e-05 -0.000901862 0.000360185 -8.44893e-05 0.00636577 -0.0272513
11.24 -2.36674e-05 -0.000849867 0.000614336 -3.97996e-05 0.0164439 -0.0259509
11.26 -2.99971e-05 -0.000774309 0.000843538 9.6915e-06 0.0271529 -0.0240611
11.28 -3.45818e-05 -0.000676841 0.00104426 6.03857e-05 0.0384427 -0.0216234
11.3 -3.74562e-05 -0.000562363 0.00121241 0.000108142 0.049986 -0.0187603
11.32 -3.88722e-05 -0.000437376 0.00134655 0.000149638 0.0612419 -0.0156343
11.34 -3.91891e-05 -0.000305072 0.00144756 0.000183716 0.0714631 -0.0123253
11.36 -3.87754e-05 -0.000163635 0.00151758 0.00021146 0.0797642 -0.00878784
11.38 -3.79441e-05 -9.92756e-06 0.00155953 0.000235 0.0853501 -0.00494324
11.4 -3.69199e-05 0.000154524 0.00157601 0.00025604 0.0876923 -0.000828999
11.42 -3.53806e-05 0.00032146 0.001539 0.000274852 0.0867667 0.00335015
11.44 -3.25335e-05 0.000477299 0.00139875 0.000290413 0.0832573 0.00725773
11.46 -2.83371e-05 0.000605853 0.0011876 0.000301365 0.0779532 0.0104907
11.48 -2.27411e-05 0.000696534 0.000934414 0.000305985 0.0715143 0.0127803
11.5 -1.55869e-05 0.000753704 0.000651139 0.000301676 0.0641137 0.0142294
11.52 -7.1366e-06 0.000793491 0.000346716 0.000285722 0.0557688 0.0152413
11.54 2.20982e-06 0.000827542 3.89883e-05 0.000256832 0.0466779 0.0161099
11.56 1.17065e-05 0.000855297 -0.000254877 0.000215694 0.0370471 0.0168199
11.58 2.05849e-05 0.000872938 -0.000531118 0.000164251 0.0266994 0.0172723
11.6 2.82082e-05 0.000878931 -0.000790781 0.000105594 0.015206 0.0174262
11.62 3.42026e-05 0.000868355 -0.00102655 4.44449e-05 0.00242668 0.0171616
11.64 3.84408e-05 0.000829061 -0.00122662 -1.35375e-05 -0.0112473 0.0161789
11.66 4.10484e-05 0.000747631 -0.00138457 -6.36188e-05 -0.0250262 0.0141423
11.68 4.23532e-05 0.000619097 -0.00150179 -0.000103495 -0.0379538 0.0109276
11.7 4.27544e-05 0.000451864 -0.00158436 -0.000133422 -0.0491392 0.00674503
11.72 4.25624e-05 0.000264607 -0.0016394 -0.000155281 -0.0579289 0.00206165
11.74 4.19337e-05 7.6668e-05 -0.00167259 -0.000171443 -0.0638894 -0.00263903
11.76 4.09228e-05 -9.98501e-05 -0.00168687 -0.00018401 -0.0666323 -0.00705489
11.78 3.91893e-05 -0.000261163 -0.00166034 -0.000194283 -0.0659689 -0.0110927
11.8 3.58442e-05 -0.000407955 -0.00152259 -0.000202491 -0.0625216 -0.014772
11.82 3.09384e-05 -0.000541672 -0.00130355 -0.00020777 -0.0570149 -0.018132
11.84 2.46355e-05 -0.000664688 -0.00103542 -0.000207904 -0.0501723 -0.0212365
11.86 1.68534e-05 -0.000781259 -0.000738942 -0.000199483 -0.0423619 -0.0241983
11.88 7.93132e-06 -0.000894016 -0.000428783 -0.000179106 -0.0337377 -0.0270926
11.9 -1.78352e-06 -0.000998223 -0.000116236 -0.000144715 -0.0243181 -0.0298067
11.92 -1.16178e-05 -0.001082 0.000190742 -9.66445e-05 -0.0139835 -0.0320284
11.94 -2.08349e-05 -0.00113298 0.000484603 -3.8159e-05 -0.00255921 -0.0334032
11.96 -2.87374e-05 -0.00114311 0.000756005 2.53152e-05 0.010052 -0.0336789
11.98 -3.48894e-05 -0.00110628 0.000995811 8.75177e-05 0.0237979 -0.0327578
12 -3.91972e-05 -0.00102388 0.00119855 0.000142432 0.0384805 -0.030697
12.02 -4.18865e-05 -0.000905083 0.00136282 0.000185555 0.0536936 -0.0277258
12.04 -4.33019e-05 -0.000762349 0.00148998 0.000215191 0.0687043 -0.024156
12.06 -4.3745e-05 -0.000605533 0.00158383 0.000232915 0.082545 -0.0202339
12.08 -4.34559e-05 -0.000439585 0.00164967 0.000242695 0.0942658 -0.0160835
12.1 -4.26704e-05 -0.000266971 0.00169276 0.000249175 0.10313 -0.0117662
12.12 -4.1629e-05 -9.02776e-05 0.00171706 0.000256018 0.108641 -0.00734632
12.14 -4.05189e-05 8.7571e-05 0.00172476 0.00026487 0.110476 -0.00289587
12.16 -3.87172e-05 0.000263725 0.00166137 0.000274953 0.10889 0.00151671
12.18 -3.52649e-05 0.00043508 0.00149193 0.00028354 0.104647 0.00581936
12.2 -3.02437e-05 0.000598386 0.00125335 0.000287311 0.0986326 0.00993974
12.22 -2.36589e-05 0.000750875 0.000975045 0.000283418 0.0914862 0.0138205
12.24 -1.5432e-05 0.000889554 0.000670272 0.000269726 0.0833696 0.0173989
12.26 -5.90044e-06 0.00100968 0.000349038 0.000244823 0.0742784 0.0205598
12.28 4.45433e-06 0.00110515 2.42946e-05 0.000208211 0.064215 0.0231329
12.3 1.48093e-05 0.00117019 -0.000289133 0.000161204 0.0532179 0.0249283
12.32 2.43063e-05 0.00119978 -0.000578347 0.000107743 0.0413357 0.0257594
12.34 3.22257e-05 0.0011885 -0.000835384 5.363e-05 0.0285846 0.0254772
12.36 3.81875e-05 0.00113146 -0.00105748 4.92983e-06 0.0149306 0.0240508
12.38 4.21538e-05 0.00103324 -0.00124413 -3.34767e-05 0.000430282 0.0215942
12.4 4.43262e-05 0.000903227 -0.00139501 -5.92143e-05 -0.014522 0.0183424
12.42 4.50182e-05 0.000751123 -0.0015111 -7.31599e-05 -0.029111 0.0145382
12.44 4.46144e-05 0.000584812 -0.00159585 -7.90898e-05 -0.042307 0.0103787
12.46 4.35422e-05 0.000411384 -0.0016544 -8.22679e-05 -0.0531936 0.00604114
12.48 4.22036e-05 0.000237915 -0.00169174 -8.75822e-05 -0.0611229 0.00170211
12.5 4.08844e-05 7.12928e-05 -0.00171111 -9.79152e-05 -0.0656007 -0.00246677
12.52 3.96352e-05 -8.24308e-05 -0.00171351 -0.000113146 -0.0661731 -0.00631546
12.54 3.74222e-05 -0.00021975 -0.00160251 -0.000129887 -0.0633965 -0.00975784
12.56 3.38581e-05 -0.000339909 -0.00139432 -0.000143296 -0.0581734 -0.0127764
12.58 2.91728e-05 -0.000442546 -0.00113545 -0.000149588 -0.0516045 -0.0153624
12.6 2.30712e-05 -0.000527587 -0.000852573 -0.000146107 -0.0442392 -0.017513
12.62 1.55856e-05 -0.000596514 -0.000557564 -0.000131054 -0.0362083 -0.0192634
12.64 6.87744e-06 -0.000650934 -0.00026216 -0.000104232 -0.0276139 -0.0206513
12.66 -2.5388e-06 -0.000690103 2.45997e-05 -6.74742e-05 -0.0184843 -0.0216541
12.68 -1.19272e-05 -0.000710594 0.000299979 -2.41747e-05 -0.00864583 -0.0221802
12.7 -2.05237e-05 -0.000710129 0.000563942 2.18137e-05 0.00223908 -0.0221686
12.72 -2.77591e-05 -0.000690568 0.000813842 6.66385e-05 0.0145214 -0.0216793
12.74 -3.33349e-05 -0.000655296 0.00104141 0.000106537 0.0283025 -0.0207972
12.76 -3.7241e-05 -0.000602716 0.00123368 0.000138682 0.0430088 -0.0194821
12.78 -3.97101e-05 -0.000528162 0.00138085 0.000162388 0.0572683 -0.0176175
12.8 -4.10983e-05 -0.000432779 0.00148314 0.000179397 0.069511 -0.0152319
12.82 -4.17205e-05 -0.000325922 0.0015481 0.000192782 0.0786836 -0.0125594
12.84 -4.17548e-05 -0.000219262 0.00158402 0.000205398 0.0843517 -0.00989178
12.86 -4.12532e-05 -0.000121034 0.00159595 0.000219012 0.0863422 -0.00743506
12.88 -3.95473e-05 -3.26478e-05 0.00154077 0.000234053 0.0849623 -0.00522445
12.9 -3.57815e-05 4.92528e-05 0.00138416 0.00024967 0.0810422 -0.003176
12.92 -3.02061e-05 0.000126761 0.00115998 0.000264059 0.0754034 -0.00123733
12.94 -2.30793e-05 0.00020093 0.000892961 0.000274413 0.0685875 0.000617997
12.96 -1.45748e-05 0.000277175 0.000597433 0.000276848 0.0608061 0.00252551
12.98 -5.19589e-06 0.000362926 0.000288467 0.000267225 0.0522228 0.00467146
13 4.52084e-06 0.000456815 -1.99945e-05 0.000242509 0.0429305 0.00702236
13.02 1.38633e-05 0.000543895 -0.000318781 0.000202032 0.0328646 0.00920481
13.04 2.2196e-05 0.000604267 -0.000599839 0.000148451 0.0219177 0.0107197
13.06 2.90553e-05 0.000626428 -0.000853858 8.7628e-05 0.0100961 0.0112762
13.08 3.42663e-05 0.000611555 -0.00107386 2.69488e-05 -0.00248933 0.0109043
13.1 3.79182e-05 0.000566463 -0.00125661 -2.68939e-05 -0.0155941 0.00977649
13.12 4.02715e-05 0.000497507 -0.00140136 -6.96972e-05 -0.0286859 0.00805189
13.14 4.16145e-05 0.000412271 -0.00150999 -0.000100655 -0.0409455 0.0059201
13.16 4.21884e-05 0.000322271 -0.00158741 -0.000122016 -0.0515529 0.00366915
13.18 4.21912e-05 0.00024043 -0.00163961 -0.000137807 -0.0599108 0.00162228
13.2 4.18065e-05 0.000175345 -0.00167094 -0.000152282 -0.065515 -5.53118e-06
13.22 4.11972e-05 0.000126712 -0.00168302 -0.000168446 -0.0678123 -0.00122186
13.24 4.00522e-05 8.55001e-05 -0.0016368 -0.000186575 -0.0666563 -0.0022526
13.26 3.74299e-05 3.81621e-05 -0.00147726 -0.000203791 -0.062662 -0.00343656
13.28 3.31954e-05 -2.80527e-05 -0.00123468 -0.000215673 -0.0565481 -0.00509268
13.3 2.73311e-05 -0.000120784 -0.000936322 -0.000218136 -0.0488747 -0.00741212
13.32 1.95841e-05 -0.000239776 -0.000601255 -0.000208154 -0.0398812 -0.0103889
13.34 1.01444e-05 -0.000374512 -0.000251395 -0.00018386 -0.029778 -0.0137609
13.36 -5.91709e-07 -0.000506398 8.96152e-05 -0.000144659 -0.0188074 -0.017065
13.38 -1.17656e-05 -0.000617239 0.000404172 -9.17331e-05 -0.00713847 -0.0198473
13.4 -2.23606e-05 -0.000698372 0.000684096 -2.87755e-05 0.00521141 -0.0218893
13.42 -3.1421e-05 -0.000752647 0.000927563 3.83799e-05 0.018329 -0.0232591
13.44 -3.8351e-05 -0.000786907 0.00113518 0.000103387 0.0322881 -0.0241259
13.46 -4.30148e-05 -0.000802975 0.00130764 0.000160955 0.0469752 -0.024533
13.48 -4.56496e-05 -0.000796373 0.00144492 0.00020791 0.0618311 -0.0243679
13.5 -4.66597e-05 -0.000763685 0.00154746 0.000243695 0.0757337 -0.0235503
13.52 -4.64862e-05 -0.000708478 0.00161806 0.000269942 0.0873265 -0.0221696
13.54 -4.55437e-05 -0.000636858 0.00166145 0.000289362 0.0955431 -0.0203783
13.56 -4.40697e-05 -0.000549572 0.0016821 0.000304699 0.0998083 -0.0181953
13.58 -4.18493e-05 -0.000440241 0.00168224 0.000317769 0.0998377 -0.0154608
13.6 -3.81539e-05 -0.000302068 0.0015467 0.0003286 0.0964469 -0.0120051
13.62 -3.30101e-05 -0.000136474 0.00130509 0.000336214 0.0903814 -0.00786347
13.64 -2.64862e-05 4.66519e-05 0.000996418 0.000339207 0.0825168 -0.00328321
13.66 -1.83787e-05 0.000236882 0.000650872 0.000334437 0.0733912 0.00147575
13.68 -8.90227e-06 0.00042894 0.000299513 0.000317626 0.0634937 0.0062842
13.7 1.61911e-06 0.000621018 -2.73174e-05 0.000285431 0.0533732 0.0111047
13.72 1.24674e-05 0.000808928 -0.000316766 0.000236437 0.0432647 0.0158496
13.74 2.2786e-05 0.000982708 -0.000576201 0.000171828 0.0328145 0.0202957
13.76 3.17447e-05 0.0011312 -0.000816832 9.61372e-05 0.0213408 0.0241837
13.78 3.87803e-05 0.00125009 -0.00104138 1.68429e-05 0.00824166 0.0274013
13.8 4.36888e-05 0.00134146 -0.00124365 -5.77301e-05 -0.00672318 0.0299752
13.82 4.66667e-05 0.00140569 -0.00141431 -0.000120726 -0.0232033 0.0318603
13.84 4.82188e-05 0.00143768 -0.00154792 -0.000168187 -0.0402073 0.0328295
13.86 4.89342e-05 0.00143102 -0.00164575 -0.000199431 -0.0563663 0.0326628
13.88 4.9242e-05 0.00138125 -0.00171348 -0.000216669 -0.0703537 0.0314181
13.9 4.93266e-05 0.00129758 -0.00175739 -0.000224131 -0.0811348 0.0293253
13.92 4.92044e-05 0.00118673 -0.00178211 -0.000226491 -0.0879622 0.026553
13.94 4.88377e-05 0.00104667 -0.00179023 -0.000227306 -0.0903411 0.0230501
13.96 4.80038e-05 0.000871509 -0.00172271 -0.000228233 -0.0886523 0.0186692
13.98 4.55716e-05 0.000660948 -0.00154335 -0.00022873 -0.0841576 0.0134029
14 4.07997e-05 0.00042612 -0.00130868 -0.000226173 -0.0782264 0.00752908
14.02 3.37655e-05 0.000187426 -0.00105776 -0.000216849 -0.0717568 0.00155596
14.04 2.46507e-05 -3.89088e-05 -0.000802187 -0.00019745 -0.064943 -0.00411576
14.06 1.39829e-05 -0.000255939 -0.000540635 -0.000166076 -0.05762 -0.00957319
14.08 2.52586e-06 -0.000480631 -0.000266289 -0.000122587 -0.0493929 -0.0152677
14.1 -8.71687e-06 -0.000721071 2.55631e-05 -6.85629e-05 -0.0397622 -0.0214684
14.12 -1.88708e-05 -0.000963201 0.000329521 -6.92306e-06 -0.0283195 -0.027944
14.14 -2.7367e-05 -0.00117886 0.000627615 5.83825e-05 -0.0149625 -0.0341011
14.16 -3.40576e-05 -0.00134429 0.000895493 0.000122283 -9.80217e-05 -0.0392899
14.18 -3.91552e-05 -0.00145122 0.00111364 0.000178548 0.0152481 -0.0430085
14.2 -4.30493e-05 -0.00150234 0.00127579 0.000221037 0.0296664 -0.0449354
14.22 -4.6e-05 -0.00149889 0.00138763 0.000246128 0.0418804 -0.0448492
14.24 -4.80061e-05 -0.00141811 0.00146115 0.000254707 0.0513242 -0.0428288
14.26 -4.89377e-05 -0.00127376 0.00150949 0.000252088 0.0583218 -0.0392185
14.28 -4.8734e-05 -0.00109742 0.00154217 0.000245002 0.063479 -0.0348083
14.3 -4.74783e-05 -0.00092187 0.00156243 0.000238489 0.06687 -0.0304176
14.32 -4.50756e-05 -0.000757653 0.00156833 0.000235323 0.0678886 -0.0263104
14.34 -4.09516e-05 -0.000589599 0.00150066 0.000236023 0.0661963 -0.0221071
14.36 -3.52378e-05 -0.00039449 0.00133268 0.0002381 0.0619916 -0.0172264
14.38 -2.84705e-05 -0.000156465 0.00108933 0.000236061 0.05587 -0.0112689
14.4 -2.07608e-05 0.000128651 0.000796821 0.00022339 0.048395 -0.0041173
14.42 -1.22267e-05 0.00045194 0.000476626 0.000195804 0.0399248 0.00405461
14.44 -2.9406e-06 0.000788884 0.000152489 0.00015357 0.0308205 0.0127789
14.46 6.85462e-06 0.00110126 -0.000150082 0.000101234 0.0215459 0.0213711
14.48 1.66693e-05 0.00135029 -0.000412891 4.50694e-05 0.0125538 0.0290607
14.5 2.58533e-05 0.00151659 -0.000633003 -9.47584e-06 0.00402791 0.0350953
14.52 3.37787e-05 0.00160658 -0.000819462 -5.81605e-05 -0.0042169 0.0389221
14.54 3.99744e-05 0.001638 -0.000983123 -9.6771e-05 -0.0125456 0.0403998
14.56 4.41933e-05 0.00161654 -0.00112929 -0.000121714 -0.0211943 0.039863
14.58 4.64231e-05 0.00154069 -0.00125735 -0.000133445 -0.0300858 0.0379659
14.6 4.68684e-05 0.00143428 -0.00136323 -0.000137141 -0.0387264 0.0353046
14.62 4.5908e-05 0.00131277 -0.00144169 -0.00013798 -0.0461521 0.0322655
14.64 4.39531e-05 0.00117214 -0.001488 -0.000137643 -0.0510575 0.0287484
14.66 4.14393e-05 0.000992023 -0.00149765 -0.000135382 -0.0521365 0.0242435
14.68 3.79511e-05 0.000757135 -0.00138479 -0.000130484 -0.0493133 0.0183686
14.7 3.31092e-05 0.000473432 -0.00115444 -0.000123238 -0.0435309 0.0112704
14.72 2.71065e-05 0.000159639 -0.000874782 -0.000113879 -0.0364083 0.00340796
14.74 1.97697e-05 -0.000168427 -0.000598265 -0.000101451 -0.0291444 -0.00485648
14.76 1.10868e-05 -0.000496443 -0.000340207 -8.43977e-05 -0.022037 -0.0132503
14.78 1.31862e-06 -0.00080221 -9.80033e-05 -6.17436e-05 -0.0149364 -0.021367
14.8 -8.89774e-06 -0.00105956 0.000130334 -3.323e-05 -0.00770197 -0.028678
14.82 -1.86031e-05 -0.00125173 0.000344762 1.38109e-06 -0.000246803 -0.0346962
14.84 -2.6897e-05 -0.00137895 0.000547594 4.23424e-05 0.00761659 -0.0391376
14.86 -3.32715e-05 -0.00145452 0.000741795 8.83627e-05 0.0161678 -0.0420385
14.88 -3.76931e-05 -0.00149357 0.000926338 0.000134703 0.0255949 -0.0436398
14.9 -4.04146e-05 -0.00150182 0.00109349 0.000173994 0.0356961 -0.0439889
14.92 -4.174e-05 -0.0014549 0.00123039 0.000200104 0.0455556 -0.0428154
14.94 -4.19445e-05 -0.00133306 0.00132674 0.000211323 0.0536879 -0.0397681
14.96 -4.13234e-05 -0.00113932 0.00138116 0.000209944 0.0588491 -0.0349225
14.98 -4.01779e-05 -0.000895464 0.0013995 0.000199672 0.0606975 -0.0288236
15 -3.86124e-05 -0.000628284 0.00136139 0.000184745 0.0597443 -0.0221412
15.02 -3.59301e-05 -0.000357022 0.00124107 0.00017035 0.0567341 -0.0153558
15.04 -3.16435e-05 -8.66816e-05 0.00106114 0.000161188 0.0522223 -0.00858886
15.06 -2.57221e-05 0.000188398 0.000846833 0.000158949 0.0468072 -0.00168667
15.08 -1.81457e-05 0.000471067 0.000622041 0.000161295 0.0410324 0.00545809
15.1 -9.27102e-06 0.000752212 0.000400843 0.000162863 0.035193 0.012701
15.12 3.73723e-07 0.00101639 0.000180719 0.000157376 0.0291484 0.0197996
15.14 1.00957e-05 0.00125017 -5.09148e-05 0.000139833 0.0224244 0.0265981
15.16 1.92092e-05 0.0014406 -0.0003007 0.000108012 0.014573 0.0328746
15.18 2.71223e-05 0.00157584 -0.000559002 6.31157e-05 0.00549117 0.0381137
15.2 3.34706e-05 0.00165182 -0.000805082 1.00781e-05 -0.00453735 0.0415556
15.22 3.8171e-05 0.00167143 -0.00101945 -4.2147e-05 -0.0149645 0.0425282
15.24 4.13806e-05 0.00161234 -0.00119112 -8.31652e-05 -0.0250692 0.0410504
15.26 4.33373e-05 0.00147801 -0.00131823 -0.000107301 -0.0340631 0.0376907
15.28 4.42289e-05 0.0012948 -0.00140551 -0.000115708 -0.0412975 0.0331086
15.3 4.41697e-05 0.00107455 -0.00145993 -0.000112333 -0.046383 0.0275999
15.32 4.32398e-05 0.000816678 -0.00148726 -0.000101371 -0.0491392 0.0211501
15.34 4.15375e-05 0.000527604 -0.00149103 -8.78543e-05 -0.0495303 0.0139173
15.36 3.8809e-05 0.000223913 -0.00143018 -7.75757e-05 -0.0480084 0.00630741
15.38 3.44682e-05 -8.34485e-05 -0.00131295 -7.49759e-05 -0.0450739 -0.00143312
15.4 2.86973e-05 -0.000395053 -0.00115938 -8.05817e-05 -0.0412166 -0.00938745
15.42 2.17429e-05 -0.000708273 -0.00098027 -9.06833e-05 -0.0366787 -0.0176428
15.44 1.37376e-05 -0.00100457 -0.000779045 -9.92817e-05 -0.0314952 -0.025985
15.46 5.14458e-06 -0.00125685 -0.000556571 -0.00010038 -0.0256015 -0.033951
15.48 -3.60093e-06 -0.00144714 -0.000311031 -8.96503e-05 -0.0188034 -0.0410183
15.5 -1.19779e-05 -0.00157451 -4.25709e-05 -6.52751e-05 -0.0108573 -0.0467086
15.52 -1.95704e-05 -0.0016492 0.000236686 -2.80803e-05 -0.0017577 -0.0506527
15.54 -2.60613e-05 -0.00168246 0.000502922 1.78293e-05 0.00809292 -0.0526184
15.56 -3.13038e-05 -0.00167728 0.000733788 6.41017e-05 0.0180203 -0.052489
15.58 -3.52989e-05 -0.0015948 0.000919141 0.000101216 0.0273624 -0.050426
15.6 -3.81225e-05 -0.00143625 0.00106064 0.000124318 0.0356666 -0.0464606
15.62 -3.98138e-05 -0.00121156 0.0011654 0.000133772 0.042705 -0.0408412
15.64 -4.03522e-05 -0.00093939 0.00124183 0.000131911 0.0484564 -0.0340339
15.66 -3.97461e-05 -0.000639715 0.0012976 0.000122354 0.0530567 -0.0265378
15.68 -3.81293e-05 -0.000326438 0.00133728 0.000110881 0.0565729 -0.0186951
15.7 -3.57511e-05 -9.79291e-06 0.00136139 0.000104479 0.0588203 -0.0107434
15.72 -3.27145e-05 0.000297381 0.00136776 0.000108252 0.0594289 -0.00295857
15.74 -2.87508e-05 0.000582389 0.0013212 0.000122248 0.0582643 0.00441851
15.76 -2.39973e-05 0.000835099 0.0012059 0.000141057 0.0553795 0.0112244
15.78 -1.8779e-05 0.00104541 0.00103211 0.000156952 0.0510217 0.017251
15.8 -1.31056e-05 0.0012056 0.000817105 0.000163707 0.0455886 0.0222247
15.82 -7.06178e-06 0.00131586 0.000579211 0.0001583 0.0394712 0.0259511
15.84 -7.3623e-07 0.00138277 0.000333257 0.000140703 0.0329471 0.0283825
15.86 5.70003e-06 0.00141168 9.19351e-05 0.000113394 0.0262388 0.0294836
15.88 1.19563e-05 0.0013993 -0.000131949 8.13923e-05 0.0196156 0.0291739
15.9 1.76753e-05 0.00133093 -0.000331781 5.07742e-05 0.0132461 0.027464
15.92 2.25354e-05 0.00120818 -0.000511969 2.5726e-05 0.0069959 0.024394
15.94 2.63209e-05 0.00103724 -0.000680045 7.96666e-06 0.000582555 0.0201187
15.96 2.89385e-05 0.000829614 -0.000837931 -2.28339e-06 -0.00613 0.0149258
15.98 3.04195e-05 0.0006003 -0.000981938 -6.43041e-06 -0.013034 0.00919052
16 3.0913e-05 0.000360343 -0.00110559 -7.54131e-06 -0.0197611 0.00318869
16.02 3.06579e-05 0.000113323 -0.00120176 -9.19752e-06 -0.0256653 -0.00299175
16.04 2.99238e-05 -0.00013601 -0.00126584 -1.40074e-05 -0.0300133 -0.00923746
16.06 2.89296e-05 -0.000373063 -0.00129647 -2.2727e-05 -0.0322307 -0.0151962
16.08 2.77392e-05 -0.000578441 -0.00128768 -3.40644e-05 -0.0320108 -0.0203985
16.1 2.58299e-05 -0.00073989 -0.00119658 -4.54024e-05 -0.0297321 -0.0245401
16.12 2.29197e-05 -0.000855555 -0.00104843 -5.43281e-05 -0.0260198 -0.0275549
16.14 1.90681e-05 -0.000929197 -0.000875017 -5.94561e-05 -0.0216486 -0.0295043
16.16 1.42054e-05 -0.000965751 -0.000693983 -5.99455e-05 -0.0170281 -0.0304828
16.18 8.51169e-06 -0.000968822 -0.000507212 -5.48998e-05 -0.0121623 -0.0305654
16.2 2.29364e-06 -0.000939118 -0.000312334 -4.38093e-05 -0.00692791 -0.0298225
16.22 -3.98193e-06 -0.000879402 -0.000109303 -2.71468e-05 -0.00123385 -0.028329
16.24 -9.82483e-06 -0.000791754 9.97707e-05 -5.9906e-06 0.00498422 -0.0261369
16.26 -1.4852e-05 -0.000674649 0.000309059 1.81753e-05 0.0117037 -0.023208
16.28 -1.88655e-05 -0.000523398 0.000507964 4.3111e-05 0.0187202 -0.0194252
16.3 -2.18378e-05 -0.000335256 0.000686977 6.59865e-05 0.0257545 -0.0147196
16.32 -2.38573e-05 -0.000114781 0.000841063 8.43963e-05 0.0325499 -0.00920514
16.34 -2.50454e-05 0.000125506 0.000966319 9.75795e-05 0.0387455 -0.0031932
16.36 -2.55041e-05 0.000368721 0.00105896 0.000106836 0.0438263 0.00290068
16.38 -2.53217e-05 0.000597156 0.0011182 0.000114785 0.047347 0.00865032
16.4 -2.46076e-05 0.000794045 0.00114705 0.000124021 0.0491498 0.0136581
16.42 -2.34816e-05 0.000946294 0.0011492 0.000135914 0.0492867 0.0175991
16.44 -2.16595e-05 0.00104781 0.00110063 0.000150048 0.048072 0.0202838
16.46 -1.89748e-05 0.00110027 0.00100846 0.000164619 0.045766 0.0216964
16.48 -1.56536e-05 0.0011118 0.000881868 0.000177008 0.0425946 0.0220098
16.5 -1.17394e-05 0.00109293 0.000724778 0.000183942 0.0386414 0.0215378
16.52 -7.33039e-06 0.00105296 0.000541958 0.000182537 0.0339941 0.0205382
16.54 -2.61162e-06 0.000994116 0.000343624 0.000171828 0.0288563 0.0190664
16.56 2.22041e-06 0.000912303 0.000138766 0.00015278 0.023386 0.0170203
16.58 6.96336e-06 0.000802213 -7.07328e-05 0.000127429 0.0175381 0.0142668
16.6 1.14581e-05 0.000660257 -0.000283527 9.86161e-05 0.0112209 0.0107165
16.62 1.55606e-05 0.000487237 -0.000490499 6.9646e-05 0.00455868 0.00638917
16.64 1.91289e-05 0.000290697 -0.000678651 4.33107e-05 -0.00212165 0.00147351
16.66 2.20476e-05 8.23188e-05 -0.000839894 2.0987e-05 -0.00850377 -0.00373879
16.68 2.42703e-05 -0.000125806 -0.000973132 2.45415e-06 -0.0143998 -0.00894703
16.7 2.58117e-05 -0.000322358 -0.00108025 -1.35745e-05 -0.0196794 -0.0138723
16.72 2.67025e-05 -0.000497732 -0.0011616 -2.85714e-05 -0.0240989 -0.0182806
16.74 2.69692e-05 -0.000644736 -0.00121479 -4.34506e-05 -0.0272217 -0.0219964
16.76 2.66555e-05 -0.000758191 -0.00123703 -5.83248e-05 -0.0285899 -0.0248869
16.78 2.57372e-05 -0.000835211 -0.00121977 -7.25529e-05 -0.0281581 -0.0268662
16.8 2.38687e-05 -0.000876351 -0.00115078 -8.48947e-05 -0.0264324 -0.0279308
16.82 2.10949e-05 -0.000884625 -0.00104572 -9.37636e-05 -0.0238018 -0.0281457
16.84 1.75562e-05 -0.000862591 -0.000905806 -9.73407e-05 -0.0202867 -0.0275946
16.86 1.32387e-05 -0.000812969 -0.000727006 -9.41464e-05 -0.015755 -0.0263535
16.88 8.35597e-06 -0.000738598 -0.000517908 -8.37257e-05 -0.0103578 -0.0244935
16.9 3.13558e-06 -0.000641553 -0.000298095 -6.63424e-05 -0.00450364 -0.0220663
16.92 -2.08901e-06 -0.000522848 -8.36403e-05 -4.25932e-05 0.00147254 -0.0190975
16.94 -7.04297e-06 -0.000383638 0.000120518 -1.36533e-05 0.00750624 -0.0156158
16.96 -1.15045e-05 -0.000225906 0.00031602 1.84308e-05 0.0137177 -0.0116708
16.98 -1.52993e-05 -5.22489e-05 0.000501132 5.09038e-05 0.0201295 -0.00732729
17 -1.82723e-05 0.000132798 0.000667518 8.10407e-05 0.0264847 -0.0026979
17.02 -2.03513e-05 0.000321149 0.000807168 0.000107051 0.0323918 0.00201784
17.04 -2.15991e-05 0.00050259 0.000918814 0.000128502 0.0376008 0.00657028
17.06 -2.21894e-05 0.000667541 0.00100658 0.000145986 0.0420751 0.0107286
17.08 -2.23095e-05 0.000807893 0.0010737 0.000160438 0.0457698 0.0142961
17.1 -2.20894e-05 0.000916719 0.00111885 0.000172628 0.0484095 0.0170945
17.12 -2.1609e-05 0.000988626 0.0011382 0.000182943 0.0495834 0.0189667
17.14 -2.08104e-05 0.00102099 0.00111969 0.000191114 0.0491205 0.019817
17.16 -1.9544e-05 0.0010145 0.00104662 0.000196053 0.0472927 0.0196549
17.18 -1.78314e-05 0.000972003 0.000933555 0.000196321 0.0444626 0.0185919
17.2 -1.56334e-05 0.00089952 0.000793548 0.000190899 0.0409484 0.0167791
17.22 -1.28485e-05 0.000802549 0.000634623 0.000179324 0.0369328 0.0143538
17.24 -9.47681e-06 0.000683995 0.000461894 0.000161563 0.0325129 0.0113887
17.26 -5.58626e-06 0.000544024 0.00027987 0.000138412 0.0277573 0.00788794
17.28 -1.37837e-06 0.000383665 9.40016e-05 0.000111613 0.0227492 0.00387728
17.3 2.88646e-06 0.000209213 -9.01145e-05 8.31944e-05 0.0175751 -0.000485934
17.32 6.94905e-06 3.14125e-05 -0.000269236 5.48881e-05 0.0122623 -0.00493339
17.34 1.06144e-05 -0.000140299 -0.00044278 2.80821e-05 0.00676101 -0.00923004
17.36 1.3761e-05 -0.000302147 -0.000608892 3.9603e-06 0.00105869 -0.0132836
17.38 1.63299e-05 -0.000454581 -0.000760606 -1.658e-05 -0.00464622 -0.0171089
17.4 1.83042e-05 -0.00059617 -0.000887201 -3.31441e-05 -0.00988406 -0.0206753
17.42 1.97074e-05 -0.000719488 -0.000980482 -4.5854e-05 -0.0140984 -0.0238002
17.44 2.06022e-05 -0.000813978 -0.00103928 -5.5058e-05 -0.0169429 -0.0262134
17.46 2.10597e-05 -0.000871467 -0.00106784 -6.09573e-05 -0.018385 -0.0276929
17.48 2.11064e-05 -0.00088879 -0.0010705 -6.34184e-05 -0.0185212 -0.0281408
17.5 2.04964e-05 -0.000866328 -0.00103005 -6.22634e-05 -0.0175094 -0.027579
17.52 1.90522e-05 -0.000806485 -0.000947038 -5.79281e-05 -0.0154326 -0.0260823
17.54 1.68931e-05 -0.000711638 -0.000828866 -5.12393e-05 -0.0124709 -0.0237101
17.56 1.40886e-05 -0.000584363 -0.000685535 -4.23247e-05 -0.00886038 -0.0205269
17.58 1.07602e-05 -0.000430906 -0.000526805 -3.04883e-05 -0.00481999 -0.0166889
17.6 7.09458e-06 -0.000260977 -0.000360113 -1.50559e-05 -0.000501398 -0.0124389
17.62 3.28791e-06 -8.32189e-05 -0.00018943 3.99234e-06 0.00403816 -0.00799289
17.64 -4.36324e-07 9.83188e-05 -1.65132e-05 2.59047e-05 0.00880632 -0.00345158
17.66 -3.8806e-06 0.000282981 0.000156259 4.93821e-05 0.0138008 0.0011707
17.68 -6.9015e-06 0.000469756 0.000324348 7.28704e-05 0.0189541 0.00585416
17.7 -9.42986e-06 0.000655058 0.000481799 9.47913e-05 0.0241271 0.0105214
17.72 -1.14631e-05 0.000832788 0.000622222 0.000113778 0.0291066 0.0150413
17.74 -1.30469e-05 0.000994737 0.000739044 0.000128989 0.0335835 0.0192338
17.76 -1.42434e-05 0.00113022 0.000827196 0.00014031 0.0372095 0.0228392
17.78 -1.51008e-05 0.00122725 0.000885286 0.000148157 0.0397367 0.0255098
17.8 -1.56342e-05 0.00127557 0.00091464 0.000153001 0.0410604 0.0268786
17.82 -1.58264e-05 0.00126834 0.00091621 0.000155008 0.0411322 0.0266976
17.84 -1.55042e-05 0.00120069 0.000873226 0.000154575 0.0400571 0.0250058
17.86 -1.45112e-05 0.00108265 0.0007909 0.000152844 0.0379976 0.0220535
17.88 -1.29116e-05 0.00092673 0.000680522 0.0001506 0.035233 0.0181539
17.9 -1.07527e-05 0.000742002 0.000551473 0.000147299 0.0319892 0.0135337
17.92 -8.10205e-06 0.000533825 0.000408496 0.000141727 0.0283683 0.00832707
17.94 -5.10449e-06 0.000306422 0.000254339 0.000132959 0.0244122 0.00263926
17.96 -1.93408e-06 6.58957e-05 9.20229e-05 0.000120613 0.0201585 -0.00337862
17.98 1.19721e-06 -0.000178648 -7.5179e-05 0.000104666 0.0156409 -0.00950434
18 4.11036e-06 -0.000417831 -0.000243826 8.53696e-05 0.0108902 -0.0155177
18.02 6.69165e-06 -0.000645805 -0.000409822 6.34042e-05 0.00595451 -0.021301
18.04 8.90634e-06 -0.000859091 -0.000568186 4.00552e-05 0.000923155 -0.0268143
18.06 1.07789e-05 -0.00105133 -0.00071253 1.70811e-05 -0.00402726 -0.0319543
18.08 1.23645e-05 -0.0012117 -0.000834703 -3.7697e-06 -0.00857168 -0.0364697
18.1 1.37156e-05 -0.0013298 -0.000927388 -2.12561e-05 -0.0122938 -0.0400154
18.12 1.4862e-05 -0.00140026 -0.000988082 -3.48019e-05 -0.0148864 -0.0422641
18.14 1.5803e-05 -0.0014217 -0.00101932 -4.43142e-05 -0.0162757 -0.0429736
18.16 1.6504e-05 -0.00138664 -0.001025 -4.99905e-05 -0.0165326 -0.0420968
18.18 1.68305e-05 -0.00129369 -0.000996163 -5.27899e-05 -0.0158113 -0.0397721
18.2 1.65568e-05 -0.00115137 -0.000932951 -5.4653e-05 -0.0142301 -0.0362125
18.22 1.56276e-05 -0.00096698 -0.000840561 -5.70634e-05 -0.0119167 -0.0316008
18.24 1.4054e-05 -0.000747335 -0.000723845 -5.9792e-05 -0.00898573 -0.0261073
18.26 1.18599e-05 -0.000502512 -0.000587028 -6.13354e-05 -0.00552726 -0.0199839
18.28 9.15941e-06 -0.00024489 -0.000433324 -5.98756e-05 -0.00159408 -0.0135387
18.3 6.07781e-06 1.48165e-05 -0.000264349 -5.38158e-05 0.00281852 -0.00703429
18.32 2.78084e-06 0.000269858 -8.19277e-05 -4.20118e-05 0.00773305 -0.000624973
18.34 -5.64544e-07 0.000516546 0.000108733 -2.40891e-05 0.0131052 0.00562809
18.36 -3.80126e-06 0.000751586 0.000298169 -8.19167e-07 0.0187731 0.0116978
18.38 -6.80855e-06 0.000969604 0.000476111 2.58463e-05 0.0245067 0.0175286
18.4 -9.50672e-06 0.0011625 0.000634948 5.33441e-05 0.0300752 0.0229948
18.42 -1.18512e-05 0.00132126 0.000769741 7.94071e-05 0.0352398 0.0278804
18.44 -1.38127e-05 0.00143916 0.000876956 0.000102715 0.0397163 0.0318869
18.46 -1.53658e-05 0.00151348 0.00095445 0.000122956 0.0432026 0.0346658
18.48 -1.64946e-05 0.00154364 0.00100245 0.000140447 0.0454856 0.0358683
18.5 -1.72006e-05 0.00152086 0.00102304 0.000155441 0.0464973 0.0352987
18.52 -1.74558e-05 0.00143218 0.00101495 0.00016769 0.046295 0.0330807
18.54 -1.7043e-05 0.00129021 0.000966495 0.000177486 0.0450831 0.0295299
18.56 -1.59463e-05 0.00110988 0.000883481 0.000186003 0.0430062 0.02502
18.58 -1.4246e-05 0.000901172 0.000769788 0.000193387 0.0401578 0.0198
18.6 -1.19511e-05 0.000670574 0.000628228 0.000198121 0.0365967 0.0140324
18.62 -9.17367e-06 0.00042488 0.000464024 0.000198337 0.0324285 0.00788618
18.64 -6.0123e-06 0.000172806 0.000284599 0.000192714 0.0277972 0.00157581
18.66 -2.61499e-06 -7.57416e-05 9.68745e-05 0.000180559 0.0228196 -0.00466036
18.68 8.7238e-07 -0.000311766 -9.41993e-05 0.000161687 0.0175505 -0.0106154
18.7 4.30298e-06 -0.000528957 -0.000284006 0.00013657 0.0120298 -0.0161577
18.72 7.54858e-06 -0.000723213 -0.000465822 0.000106591 0.00636986 -0.0212126
18.74 1.05009e-05 -0.000889901 -0.000631309 7.3961e-05 0.000787037 -0.0256784
18.76 1.30903e-05 -0.00102276 -0.000773521 4.11475e-05 -0.00445021 -0.0293728
18.78 1.52938e-05 -0.00111596 -0.000889194 1.01399e-05 -0.00910115 -0.0320678
18.8 1.71241e-05 -0.00116642 -0.000978356 -1.78808e-05 -0.0129881 -0.0335734
18.82 1.85998e-05 -0.00117342 -0.00104203 -4.22893e-05 -0.0159586 -0.0337851
18.84 1.97261e-05 -0.00113113 -0.00108037 -6.24614e-05 -0.0178374 -0.0327274
18.86 2.04978e-05 -0.00104205 -0.0010924 -7.79417e-05 -0.0184423 -0.0304996
18.88 2.07816e-05 -0.00091338 -0.00106551 -8.92796e-05 -0.0177699 -0.0272815
18.9 2.03572e-05 -0.00075245 -0.00099453 -9.75814e-05 -0.0159943 -0.0232566
18.92 1.92271e-05 -0.000565101 -0.000888286 -0.000103015 -0.0133335 -0.0185709
18.94 1.73865e-05 -0.000357937 -0.000754255 -0.000104424 -0.00996448 -0.0133896
18.96 1.4805e-05 -0.000140484 -0.000598167 -0.000100278 -0.00600808 -0.00795051
18.98 1.15764e-05 7.58046e-05 -0.000426705 -8.95816e-05 -0.00159446 -0.00253875
19 7.8469e-06 0.00028041 -0.000247294 -7.20333e-05 0.00313842 0.00258629
19.02 3.85588e-06 0.000466297 -6.561e-05 -4.78422e-05 0.00810233 0.00725514
19.04 -1.47231e-07 0.00063066 0.000115113 -1.77389e-05 0.0132757 0.0114057
19.06 -3.94095e-06 0.000773073 0.000292395 1.67882e-05 0.0186591 0.0150342
19.08 -7.36815e-06 0.00089251 0.000461904 5.34121e-05 0.0241876 0.0181162
19.1 -1.03378e-05 0.000985917 0.000616642 8.93805e-05 0.0296636 0.0205642
19.12 -1.28264e-05 0.00104969 0.000748745 0.000122279 0.03476 0.0222617
19.14 -1.48596e-05 0.00108219 0.000852197 0.000150582 0.0390946 0.0231369
19.16 -1.64829e-05 0.00108312 0.000924376 0.000173589 0.0423366 0.023162
19.18 -1.77287e-05 0.00104893 0.00096529 0.000190894 0.0442662 0.0223069
19.2 -1.85971e-05 0.00097768 0.000976275 0.000202285 0.0447967 0.020525
19.22 -1.89632e-05 0.000870114 0.000947884 0.000208298 0.0440866 0.0178347
19.24 -1.86006e-05 0.000730682 0.000881821 0.000210077 0.0424342 0.0143474
19.26 -1.75022e-05 0.000566669 0.000790077 0.000208353 0.0401378 0.0102454
19.28 -1.57139e-05 0.000387276 0.000680061 0.000202921 0.0373782 0.00575865
19.3 -1.32784e-05 0.000201934 0.000554468 0.000193058 0.0342131 0.00112281
19.32 -1.03523e-05 1.83493e-05 0.00041457 0.000178067 0.0306563 -0.00347023
19.34 -7.10877e-06 -0.000157412 0.00026161 0.000157491 0.0267096 -0.0078708
19.36 -3.74778e-06 -0.000319537 9.68659e-05 0.000131243 0.0223601 -0.0119369
19.38 -4.17542e-07 -0.000462481 -7.74124e-05 9.98926e-05 0.0176016 -0.0155333
19.4 2.79305e-06 -0.00058298 -0.000255674 6.49856e-05 0.012502 -0.0185798
19.42 5.84398e-06 -0.000680718 -0.000427623 2.9062e-05 0.00727889 -0.0210667
19.44 8.71151e-06 -0.000755498 -0.000580962 -4.85156e-06 0.0022828 -0.022983
19.46 1.13789e-05 -0.000804455 -0.000706991 -3.40237e-05 -0.0021357 -0.0242458
19.48 1.38235e-05 -0.000823158 -0.000803094 -5.65839e-05 -0.00574363 -0.0247303
19.5 1.59981e-05 -0.00080793 -0.000870911 -7.16369e-05 -0.00843944 -0.0243494
19.52 1.78224e-05 -0.000757763 -0.000913531 -7.92812e-05 -0.0102064 -0.0230947
19.54 1.92063e-05 -0.000675149 -0.000934066 -8.08352e-05 -0.0110798 -0.0210285
19.56 2.00899e-05 -0.00056427 -0.000934698 -7.83309e-05 -0.0111069 -0.0182554
19.58 2.0327e-05 -0.000429905 -0.000905613 -7.32317e-05 -0.0103795 -0.0148949
19.6 1.98065e-05 -0.00027783 -0.000847917 -6.59609e-05 -0.00893624 -0.0110914
19.62 1.86199e-05 -0.000116265 -0.000763475 -5.61985e-05 -0.00682224 -0.00705056
19.64 1.68211e-05 4.49333e-05 -0.00065343 -4.32032e-05 -0.00406021 -0.0030187
19.66 1.44552e-05 0.000197779 -0.000519593 -2.6225e-05 -0.00068064 0.00080485
19.68 1.16128e-05 0.000338179 -0.000366525 -4.91511e-06 0.00323037 0.00431859
19.7 8.38441e-06 0.000464111 -0.000201724 2.03773e-05 0.0075253 0.00747315
19.72 4.89474e-06 0.000572742 -3.41061e-05 4.84218e-05 0.0120235 0.0101987
19.74 1.27634e-06 0.000660706 0.000128073 7.71447e-05 0.0165484 0.0124109
19.76 -2.32951e-06 0.00072573 0.000278746 0.000104052 0.0209557 0.0140506
19.78 -5.78226e-06 0.000766319 0.000414284 0.000126916 0.0251371 0.0150767
19.8 -8.94845e-06 0.00078063 0.000532635 0.000144302 0.0290003 0.0154391
19.82 -1.17211e-05 0.000766106 0.000632205 0.000155653 0.0324384 0.0150758
19.84 -1.4034e-05 0.000720956 0.000711507 0.000161205 0.0353235 0.0139466
19.86 -1.58647e-05 0.000646055 0.000769423 0.000161998 0.0375257 0.0120733
19.88 -1.72234e-05 0.000545152 0.000804898 0.000159419 0.0389188 0.00954967
19.9 -1.81372e-05 0.000424017 0.000816234 0.000154379 0.0393715 0.00652003
19.92 -1.85398e-05 0.000288925 0.000794832 0.000147219 0.0388362 0.00314133
19.94 -1.83081e-05 0.000145189 0.000736818 0.000138141 0.0373852 -0.000453631
19.96 -1.74569e-05 -3.12235e-06 0.000648203 0.000127309 0.0351675 -0.00416322
19.98 -1.59796e-05 -0.000152608 0.000535292 0.000114722 0.0323358 -0.00790292
20 -1.38517e-05 -0.00030006 0.000403439 0.000100316 0.0290121 -0.0115938
20.02 -1.11303e-05 -0.000442072 0.000258677 8.41968e-05 0.0253264 -0.015153
20.04 -7.91499e-06 -0.000574335 0.000107916 6.67782e-05 0.0214238 -0.0184762
20.06 -4.3794e-06 -0.000691269 -4.27017e-05 4.87536e-05 0.0174298 -0.0214268
20.08 -7.19786e-07 -0.000786271 -0.000189203 3.09961e-05 0.0134183 -0.0238381
20.1 2.87418e-06 -0.000852664 -0.000329672 1.44694e-05 0.00941525 -0.0255342
20.12 6.25088e-06 -0.000885361 -0.000462534 2.06147e-07 0.00544511 -0.0263738
20.14 9.30396e-06 -0.000882052 -0.000584247 -1.07306e-05 0.00160769 -0.0262911
20.16 1.19792e-05 -0.000843195 -0.000689344 -1.75354e-05 -0.00189864 -0.0253193
20.18 1.42735e-05 -0.000772833 -0.000773402 -2.0229e-05 -0.00485977 -0.0235595
20.2 1.62174e-05 -0.000676028 -0.000834695 -1.97093e-05 -0.00712241 -0.0211383
20.22 1.78397e-05 -0.000557331 -0.000872616 -1.70309e-05 -0.0085717 -0.0181697
20.24 1.91387e-05 -0.000420574 -0.000886109 -1.2997e-05 -0.00909724 -0.0147493
20.26 2.00155e-05 -0.000269254 -0.000869065 -8.30733e-06 -0.00867096 -0.0109647
20.28 2.02928e-05 -0.000106081 -0.000818527 -3.58965e-06 -0.00740688 -0.00688365
20.3 1.99235e-05 6.68223e-05 -0.000741888 9.08482e-07 -0.00548889 -0.00255883
20.32 1.88864e-05 0.000246146 -0.000644918 5.57044e-06 -0.00305754 0.00192794
20.34 1.71515e-05 0.000425068 -0.000529526 1.11867e-05 -0.000151539 0.00640895
20.36 1.47654e-05 0.000593514 -0.000397073 1.84428e-05 0.00321277 0.0106378
20.38 1.18126e-05 0.000741601 -0.000251609 2.75487e-05 0.00696184 0.0143737
20.4 8.44121e-06 0.000862095 -9.94302e-05 3.82056e-05 0.0109721 0.0174372
20.42 4.81212e-06 0.000950236 5.386e-05 4.97916e-05 0.0151378 0.0197
20.44 1.07436e-06 0.00100335 0.00020466 6.15026e-05 0.0194019 0.0210761
20.46 -2.64476e-06 0.00102114 0.000349463 7.23822e-05 0.0236997 0.0215396
20.48 -6.22566e-06 0.00100488 0.000482902 8.1419e-05 0.0278867 0.0211331
20.5 -9.55881e-06 0.000957333 0.000598795 8.79752e-05 0.0317454 0.0199439
20.52 -1.25567e-05 0.000882372 0.000692855 9.23223e-05 0.0350636 0.0180691
20.54 -1.51594e-05 0.000783154 0.000764021 9.54316e-05 0.037706 0.0155876
20.56 -1.73225e-05 0.000661718 0.000813448 9.8191e-05 0.0396179 0.0125504
20.58 -1.90033e-05 0.000519936 0.000842205 0.000101108 0.040762 0.0090044
20.6 -2.01649e-05 0.000360406 0.000849777 0.000104433 0.0410675 0.00501444
20.62 -2.06614e-05 0.000186671 0.000827807 0.000108152 0.040518 0.000669008
20.64 -2.04202e-05 3.37476e-06 0.000774035 0.000111912 0.039173 -0.00391652
20.66 -1.95079e-05 -0.000183469 0.000692959 0.000115055 0.0371442 -0.00859398
20.68 -1.79545e-05 -0.000366015 0.00058866 0.00011676 0.0345297 -0.0131722
20.7 -1.58113e-05 -0.000535295 0.000464397 0.000116287 0.0314016 -0.0174346
20.72 -1.31432e-05 -0.000683495 0.000324299 0.000113222 0.0278447 -0.0211928
20.74 -1.00387e-05 -0.000805263 0.000174019 0.000107525 0.0239731 -0.024313
20.76 -6.61448e-06 -0.000896826 2.00874e-05 9.93887e-05 0.0199182 -0.0266887
20.78 -2.99719e-06 -0.00095545 -0.000131702 8.91443e-05 0.0157957 -0.0282281
20.8 6.91123e-07 -0.000980559 -0.000277223 7.73161e-05 0.0116874 -0.0288927
20.82 4.33525e-06 -0.000973431 -0.000413478 6.4681e-05 0.00765865 -0.0287144
20.84 7.82658e-06 -0.000935099 -0.000537696 5.21561e-05 0.00378931 -0.0277557
20.86 1.10707e-05 -0.000866938 -0.000647037 4.04044e-05 0.000188849 -0.026051
20.88 1.39961e-05 -0.000769154 -0.000739158 2.94743e-05 -0.00301783 -0.0236053
20.9 1.65549e-05 -0.000642394 -0.000812716 1.90449e-05 -0.00571408 -0.020435
20.92 1.87188e-05 -0.000489725 -0.000866933 8.90239e-06 -0.00779074 -0.0166167
20.94 2.04715e-05 -0.000316984 -0.000900714 -9.82383e-07 -0.00912746 -0.0122964
20.96 2.18048e-05 -0.00013169 -0.000912418 -1.05093e-05 -0.0095988 -0.00766195
20.98 2.26204e-05 5.81395e-05 -0.000895595 -1.93111e-05 -0.00917804 -0.00291349
21 2.27928e-05 0.000244547 -0.000847349 -2.66817e-05 -0.0079713 0.00175152
21.02 2.23192e-05 0.000419675 -0.000774088 -3.17612e-05 -0.00613798 0.00613991
21.04 2.11828e-05 0.000575903 -0.00068163 -3.37343e-05 -0.00382043 0.0100658
21.06 1.93664e-05 0.000706779 -0.000573799 -3.19971e-05 -0.00110726 0.0133707
21.08 1.69143e-05 0.000808241 -0.000453813 -2.6341e-05 0.00193334 0.0159503
21.1 1.39094e-05 0.000878457 -0.000325355 -1.69773e-05 0.00522673 0.0177487
21.12 1.04918e-05 0.000916383 -0.000192629 -4.39002e-06 0.00868811 0.0187259
21.14 6.81997e-06 0.000920776 -5.9572e-05 1.07696e-05 0.012239 0.0188395
21.16 3.04795e-06 0.000889359 7.09746e-05 2.76262e-05 0.0158257 0.0180537
21.18 -6.90629e-07 0.000821564 0.000196681 4.51065e-05 0.0194022 0.0163581
21.2 -4.28133e-06 0.000719046 0.000314467 6.22933e-05 0.0228899 0.0137941
21.22 -7.63255e-06 0.000585637 0.000420291 7.86701e-05 0.0261613 0.0104575
21.24 -1.06793e-05 0.000427166 0.00051031 9.39472e-05 0.0290673 0.00649405
21.26 -1.3382e-05 0.000250819 0.000582144 0.000107896 0.0314813 0.00208348
21.28 -1.57142e-05 6.4033e-05 0.000634564 0.00012032 0.0333033 -0.0025885
21.3 -1.76503e-05 -0.000126625 0.000666695 0.000130986 0.0344478 -0.0073588
21.32 -1.91561e-05 -0.000315546 0.00067816 0.000139551 0.0348616 -0.0120904
21.34 -2.01431e-05 -0.000496932 0.000666842 0.000145533 0.0345786 -0.0166451
21.36 -2.05053e-05 -0.000664351 0.000632343 0.000148398 0.0337157 -0.0208725
21.38 -2.02355e-05 -0.000811459 0.000579627 0.000147731 0.032397 -0.0246235
21.4 -1.93432e-05 -0.00093275 0.000512083 0.000143279 0.0307063 -0.0277608
21.42 -1.78441e-05 -0.00102377 0.000430987 0.000134966 0.0286731 -0.030156
21.44 -1.58007e-05 -0.00108123 0.000337616 0.000122971 0.0263244 -0.0316927
21.46 -1.32911e-05 -0.00110296 0.000234768 0.000107789 0.023722 -0.0322799
21.48 -1.04146e-05 -0.00108584 0.000126114 9.02793e-05 0.0209466 -0.0318516
21.5 -7.26331e-06 -0.00102666 1.49587e-05 7.16629e-05 0.0180688 -0.0303715
21.52 -3.91932e-06 -0.000926576 -9.59099e-05 5.31464e-05 0.0151462 -0.0278684
21.54 -4.61799e-07 -0.000790604 -0.000203342 3.54908e-05 0.0122497 -0.0244677
21.56 3.01903e-06 -0.000626723 -0.000303191 1.91784e-05 0.0094862 -0.020369
21.58 6.42225e-06 -0.000443887 -0.00039109 4.64647e-06 0.00698363 -0.0157962
21.6 9.64268e-06 -0.000249424 -0.000464087 -7.79065e-06 0.00484629 -0.0109324
21.62 1.25776e-05 -4.75834e-05 -0.000521402 -1.79692e-05 0.00312489 -0.00588361
21.64 1.51294e-05 0.000159128 -0.000563445 -2.57484e-05 0.00183512 -0.000710571
21.66 1.7211e-05 0.000366687 -0.00059032 -3.08872e-05 0.000997667 0.00449137
21.68 1.87538e-05 0.000568152 -0.00060166 -3.30619e-05 0.000641062 0.00956033
21.7 1.97065e-05 0.000754689 -0.000596782 -3.19921e-05 0.000763062 0.0142938
21.72 2.00459e-05 0.000917682 -0.000574642 -2.7581e-05 0.00131681 0.0184937
21.74 1.98131e-05 0.00105052 -0.000536477 -1.99522e-05 0.00227143 0.021995
21.76 1.90576e-05 0.00114869 -0.000482966 -9.35823e-06 0.00361049 0.0246545
21.78 1.78234e-05 0.00120964 -0.000416546 3.86453e-06 0.00527456 0.0263489
21.8 1.61748e-05 0.00123266 -0.000342747 1.91922e-05 0.00712807 0.0269993
21.82 1.41848e-05 0.00121682 -0.00026808 3.57353e-05 0.00901092 0.0266033
21.84 1.19405e-05 0.00116178 -0.000197254 5.22101e-05 0.0108068 0.0252266
21.86 9.5341e-06 0.00107111 -0.000132112 6.74967e-05 0.0124696 0.0229591
21.88 7.06489e-06 0.000949269 -7.22138e-05 8.11734e-05 0.0140102 0.0199116
21.9 4.63317e-06 0.000801432 -1.68687e-05 9.31421e-05 0.0154455 0.0162142
21.92 2.32777e-06 0.000633415 3.32456e-05 0.000103183 0.0167565 0.012012
21.94 2.11436e-07 0.000450659 7.64902e-05 0.000111038 0.0178975 0.00744108
21.96 -1.68484e-06 0.000256858 0.000111314 0.000116535 0.0188237 0.00259346
21.98 -3.35157e-06 5.49017e-05 0.000136094 0.000119549 0.0194871 -0.00246007
22 -4.78311e-06 -0.000150252 0.000148721 0.000119915 0.0198265 -0.00759955
22.02 -5.96343e-06 -0.000350313 0.00014751 0.000117469 0.0197963 -0.0126262
22.04 -6.86474e-06 -0.000535391 0.000132079 0.000112193 0.0194103 -0.0173052
22.06 -7.46247e-06 -0.000697113 0.00010537 0.000104321 0.0187423 -0.0214377
22.08 -7.73333e-06 -0.000830158 7.15526e-05 9.43139e-05 0.0178963 -0.0248901
22.1 -7.65997e-06 -0.000932206 3.4804e-05 8.27094e-05 0.0169767 -0.0275876
22.12 -7.24828e-06 -0.00100294 -1.0941e-06 7.00075e-05 0.0160777 -0.0294921
22.14 -6.53475e-06 -0.00104194 -3.33785e-05 5.67112e-05 0.0152684 -0.0305575
22.16 -5.58586e-06 -0.00104731 -6.12502e-05 4.34952e-05 0.0145689 -0.0307049
22.18 -4.48016e-06 -0.00101354 -8.61212e-05 3.13288e-05 0.013944 -0.0298603
22.2 -3.28955e-06 -0.000938912 -0.000110072 2.11114e-05 0.0133413 -0.0279939
22.22 -2.06763e-06 -0.000825997 -0.000133833 1.30222e-05 0.0127425 -0.0251699
22.24 -8.45909e-07 -0.000679987 -0.000155563 6.73836e-06 0.0121939 -0.0215181
22.26 3.65149e-07 -0.00050748 -0.000171533 2.19615e-06 0.0117901 -0.0172036
22.28 1.56689e-06 -0.000315874 -0.000178458 -3.34533e-07 0.0116148 -0.0124114
22.3 2.75183e-06 -0.000112972 -0.000174869 -6.09962e-07 0.0117045 -0.00733649
22.32 3.88535e-06 9.33061e-05 -0.000160829 1.43612e-06 0.0120557 -0.00217592
22.34 4.90527e-06 0.000295894 -0.000137574 5.75231e-06 0.0126373 0.00289651
22.36 5.74069e-06 0.000489775 -0.000107764 1.22397e-05 0.0133831 0.00776211
22.38 6.33809e-06 0.000672344 -7.51712e-05 2.07225e-05 0.0141988 0.0123682
22.4 6.6756e-06 0.000841178 -4.30081e-05 3.08576e-05 0.0150044 0.0166723
22.42 6.76118e-06 0.000990922 -1.25034e-05 4.20917e-05 0.0157692 0.0205576
22.44 6.62486e-06 0.00111368 1.69489e-05 5.37432e-05 0.0165086 0.0238242
22.46 6.31014e-06 0.00120252 4.6419e-05 6.51573e-05 0.0172497 0.0262587
22.48 5.86447e-06 0.00125393 7.56565e-05 7.57868e-05 0.0179864 0.0277042
22.5 5.32877e-06 0.00126633 0.00010199 8.51108e-05 0.0186513 0.028058
22.52 4.73036e-06 0.00123504 0.000121156 9.24937e-05 0.0191363 0.0272754
22.54 4.08528e-06 0.00115986 0.000129684 9.75076e-05 0.0193523 0.0253951
22.56 3.40936e-06 0.00104715 0.000126617 0.000100369 0.0192756 0.0225761
22.58 2.73409e-06 0.000906273 0.000112989 0.000101564 0.0189348 0.0190527
22.6 2.10531e-06 0.000746586 9.06525e-05 0.00010135 0.0183761 0.0150589
22.62 1.57516e-06 0.000575344 6.09256e-05 9.97975e-05 0.0176325 0.010776
22.64 1.19755e-06 0.00039651 2.36488e-05 9.69652e-05 0.0166998 0.00630305
22.66 1.01621e-06 0.000211047 -2.18246e-05 9.29188e-05 0.015561 0.0016635
22.68 1.05212e-06 1.97829e-05 -7.43349e-05 8.76384e-05 0.0142441 -0.00312376
22.7 1.29519e-06 -0.000173683 -0.000130547 8.10039e-05 0.0128306 -0.00797325
22.72 1.70891e-06 -0.000362749 -0.000187408 7.29619e-05 0.0113953 -0.0127285
22.74 2.24152e-06 -0.000538943 -0.000243507 6.37482e-05 0.00997188 -0.0171896
22.76 2.83312e-06 -0.000692782 -0.000297743 5.3939e-05 0.00858687 -0.0211276
22.78 3.42168e-06 -0.000814789 -0.000347992 4.42736e-05 0.00729409 -0.0242977
22.8 3.95558e-06 -0.000897883 -0.000391222 3.54358e-05 0.00617308 -0.0264914
22.82 4.40801e-06 -0.000939552 -0.000424414 2.7962e-05 0.00530601 -0.0276051
22.84 4.77823e-06 -0.000941523 -0.000445012 2.2258e-05 0.00476488 -0.0276581
22.86 5.07405e-06 -0.000906145 -0.000450784 1.85206e-05 0.00461279 -0.0267733
22.88 5.28704e-06 -0.000839302 -0.000439652 1.65146e-05 0.00489122 -0.0251015
22.9 5.38179e-06 -0.000746216 -0.000411293 1.57392e-05 0.0056005 -0.0227734
22.92 5.31593e-06 -0.00062984 -0.000367827 1.59449e-05 0.00668788 -0.0198628
22.94 5.04928e-06 -0.000491766 -0.000313048 1.71693e-05 0.00805921 -0.0164095
22.96 4.55454e-06 -0.000334155 -0.000250744 1.94576e-05 0.00962139 -0.0124675
22.98 3.83157e-06 -0.00016073 -0.000182623 2.28282e-05 0.0113344 -0.00813006
23 2.9067e-06 2.33069e-05 -0.000108071 2.73738e-05 0.0132179 -0.00352682
23.02 1.83172e-06 0.000211327 -2.64846e-05 3.32548e-05 0.0152938 0.00117744
23.04 6.70631e-07 0.000394832 6.07442e-05 4.0542e-05 0.0175364 0.00577304
23.06 -5.19726e-07 0.000563675 0.000150617 4.90357e-05 0.0198795 0.0100114
23.08 -1.70598e-06 0.000708169 0.000239678 5.82086e-05 0.0222429 0.0136551
23.1 -2.8781e-06 0.000821956 0.00032428 6.73604e-05 0.0245355 0.0165443
23.12 -4.03608e-06 0.000902874 0.000400435 7.58905e-05 0.0266471 0.0186158
23.14 -5.17681e-06 0.000951652 0.000464439 8.34449e-05 0.0284631 0.0198738
23.16 -6.28748e-06 0.000969822 0.000513595 8.98265e-05 0.029887 0.0203446
23.18 -7.33946e-06 0.000957892 0.000545911 9.48288e-05 0.0308385 0.0200462
23.2 -8.2807e-06 0.000915752 0.000559871 9.83352e-05 0.0312535 0.0189922
23.22 -9.03753e-06 0.000844299 0.000554436 0.000100567 0.0311176 0.0172052
23.24 -9.49815e-06 0.000745262 0.000529208 0.000101894 0.0304866 0.0147282
23.26 -9.55539e-06 0.000620895 0.000487538 0.000102434 0.0294443 0.0116177
23.28 -9.17623e-06 0.000474073 0.000432692 0.000102062 0.028072 0.00794566
23.3 -8.36035e-06 0.000309179 0.000366427 0.000100624 0.0264123 0.00382155
23.32 -7.1424e-06 0.000132582 0.000288187 9.80032e-05 0.0244485 -0.000595535
23.34 -5.59864e-06 -4.77181e-05 0.000195975 9.40809e-05 0.0221244 -0.0051063
23.36 -3.81327e-06 -0.000223291 8.90058e-05 8.87447e-05 0.0194084 -0.00950202
23.38 -1.86489e-06 -0.000386384 -3.05427e-05 8.19633e-05 0.0163354 -0.0135925
23.4 1.93599e-07 -0.000530679 -0.000157499 7.38896e-05 0.0130102 -0.0172239
23.42 2.33127e-06 -0.000651728 -0.000284605 6.49057e-05 0.00959344 -0.0202866
23.44 4.52444e-06 -0.00074657 -0.00040393 5.5534e-05 0.00627965 -0.0227029
23.46 6.73714e-06 -0.000813298 -0.000509155 4.62655e-05 0.00324795 -0.0244154
23.48 8.91213e-06 -0.000851072 -0.000597472 3.74563e-05 0.000605173 -0.0253906
23.5 1.09716e-05 -0.000859951 -0.000669012 2.93635e-05 -0.0016142 -0.0256206
23.52 1.28282e-05 -0.000839316 -0.000724953 2.22327e-05 -0.00340645 -0.0251045
23.54 1.44028e-05 -0.000788111 -0.000766228 1.62003e-05 -0.00476469 -0.0238238
23.56 1.56414e-05 -0.00070573 -0.000793043 1.10983e-05 -0.0056649 -0.0217634
23.58 1.65233e-05 -0.000593189 -0.000804502 6.67379e-06 -0.0060541 -0.0189487
23.6 1.70133e-05 -0.00045394 -0.000797043 2.98671e-06 -0.00586754 -0.0154661
23.62 1.70667e-05 -0.000294151 -0.000765497 3.53089e-07 -0.00507855 -0.0114697
23.64 1.67067e-05 -0.000122069 -0.000709916 -9.26433e-07 -0.00368812 -0.00716577
23.66 1.59436e-05 5.34189e-05 -0.000631499 -6.2379e-07 -0.00172467 -0.00277645
23.68 1.47625e-05 0.00022445 -0.000532692 1.45981e-06 0.000755626 0.00150239
23.7 1.3161e-05 0.000384727 -0.000417822 5.45907e-06 0.00365485 0.00551489
23.72 1.11401e-05 0.00052915 -0.000292723 1.13605e-05 0.00684296 0.00913603
23.74 8.73605e-06 0.000654117 -0.00016379 1.89534e-05 0.0101781 0.0122782
23.76 6.02253e-06 0.00075736 -3.70125e-05 2.78715e-05 0.0135251 0.0148851
23.78 3.11353e-06 0.000836783 8.31729e-05 3.77184e-05 0.0167797 0.0169013
23.8 1.48082e-07 0.000889657 0.000195117 4.81743e-05 0.0199021 0.0182507
23.82 -2.72972e-06 0.000913092 0.000299271 5.89776e-05 0.0229045 0.018851
23.84 -5.39454e-06 0.000904832 0.000395668 6.98183e-05 0.0257845 0.0186444
23.86 -7.75941e-06 0.000863487 0.000482526 8.03053e-05 0.0284785 0.0176103
23.88 -9.7865e-06 0.000789694 0.000556521 9.01484e-05 0.03086 0.0157647
23.9 -1.14796e-05 0.000686005 0.000613104 9.92244e-05 0.0327423 0.0131715
23.92 -1.28589e-05 0.000556896 0.000647042 0.000107299 0.0338994 0.00994237
23.94 -1.3936e-05 0.000408655 0.00065445 0.000113924 0.034155 0.0062348
23.96 -1.46303e-05 0.000249043 0.000629316 0.000118663 0.0335264 0.00224278
23.98 -1.48101e-05 8.62413e-05 0.000575351 0.000121319 0.0321766 -0.00182926
24 -1.44262e-05 -7.29979e-05 0.000501191 0.000121951 0.0303206 -0.00581306
24.02 -1.34297e-05 -0.000224959 0.000413517 0.000120633 0.028123 -0.00961701
24.04 -1.17995e-05 -0.000368251 0.00031586 0.000117325 0.0256667 -0.0132086
24.06 -9.6037e-06 -0.000501701 0.000209634 0.000111947 0.0229781 -0.0165618
24.08 -6.9659e-06 -0.000622347 9.57967e-05 0.00010446 0.0200678 -0.0196058
24.1 -4.05983e-06 -0.000724521 -2.37348e-05 9.49076e-05 0.0169659 -0.0221989
24.12 -1.0563e-06 -0.000801023 -0.000146279 8.34318e-05 0.0137188 -0.0241539
24.14 1.90357e-06 -0.000845948 -0.000268743 7.03515e-05 0.0103841 -0.0253091
24.16 4.72032e-06 -0.000857455 -0.00038681 5.62595e-05 0.00705893 -0.025606
24.18 7.32808e-06 -0.000837143 -0.000494607 4.20246e-05 0.00390367 -0.025098
24.2 9.68787e-06 -0.000788612 -0.000586274 2.85942e-05 0.00111008 -0.0238842
24.22 1.17789e-05 -0.000715427 -0.000657902 1.66229e-05 -0.0011572 -0.0220538
24.24 1.35839e-05 -0.000620343 -0.000707473 6.3432e-06 -0.00277615 -0.0196757
24.26 1.5071e-05 -0.000506588 -0.000733982 -2.15838e-06 -0.00366039 -0.0168307
24.28 1.61882e-05 -0.000378772 -0.00073707 -8.78467e-06 -0.00376427 -0.0136339
24.3 1.6813e-05 -0.000241811 -0.000712081 -1.35189e-05 -0.0031393 -0.0102085
24.32 1.68092e-05 -9.9346e-05 -0.000662261 -1.64613e-05 -0.00189311 -0.00664531
24.34 1.61544e-05 4.6088e-05 -0.000593425 -1.76308e-05 -0.000170224 -0.00300768
24.36 1.4858e-05 0.000191221 -0.00051019 -1.67132e-05 0.00191674 0.000623082
24.38 1.29655e-05 0.000331189 -0.000414922 -1.31658e-05 0.00431434 0.00412624
24.4 1.05968e-05 0.000460358 -0.0003088 -6.56919e-06 0.00700301 0.00736239
24.42 7.90221e-06 0.000573106 -0.000193377 3.12883e-06 0.00995904 0.0101922
24.44 5.05063e-06 0.000664075 -7.10631e-05 1.55709e-05 0.0131421 0.0124813
24.46 2.18301e-06 0.000729021 5.49191e-05 3.00923e-05 0.0164941 0.0141205
24.48 -6.00708e-07 0.000766463 0.00018014 4.58687e-05 0.0199229 0.015068
24.5 -3.23756e-06 0.000777783 0.000298245 6.20272e-05 0.0232702 0.0153549
24.52 -5.68111e-06 0.000765125 0.000401372 7.76938e-05 0.0263051 0.0150383
24.54 -7.88733e-06 0.000730303 0.00048248 9.20322e-05 0.0287806 0.0141674
24.56 -9.80288e-06 0.000675105 0.000537589 0.000104391 0.030514 0.0127869
24.58 -1.13563e-05 0.000601573 0.000566364 0.000114474 0.0314374 0.0109478
24.6 -1.24592e-05 0.000511986 0.000571168 0.000122243 0.0315929 0.00870718
24.62 -1.29881e-05 0.000408677 0.000551493 0.000127676 0.0311008 0.00612336
24.64 -1.28112e-05 0.000293992 0.000509729 0.000130765 0.0300562 0.00325505
24.66 -1.19195e-05 0.000170526 0.000447972 0.000131576 0.0285111 0.000167088
24.68 -1.03637e-05 4.21282e-05 0.000367154 0.000130105 0.0264867 -0.00304436
24.7 -8.22403e-06 -8.53281e-05 0.000267936 0.000126164 0.0239943 -0.0062326
24.72 -5.63541e-06 -0.000205305 0.000151158 0.000119436 0.0210428 -0.0092346
24.74 -2.73216e-06 -0.000312727 1.87691e-05 0.00010965 0.0176584 -0.0119239
24.76 3.50657e-07 -0.000404576 -0.000124696 9.67921e-05 0.0139211 -0.0142254
24.78 3.49741e-06 -0.000478919 -0.000271757 8.12543e-05 0.00998074 -0.0160905
24.8 6.60746e-06 -0.000534293 -0.000413754 6.38307e-05 0.00602966 -0.0174817
24.82 9.59422e-06 -0.000570244 -0.000543386 4.55605e-05 0.0022537 -0.018386
24.84 1.23751e-05 -0.000587564 -0.000655567 2.75302e-05 -0.00118289 -0.018822
24.86 1.48644e-05 -0.000587457 -0.000746842 1.07346e-05 -0.00412394 -0.0188193
24.88 1.69734e-05 -0.000570199 -0.000815404 -3.98919e-06 -0.00643612 -0.0183877
24.9 1.86216e-05 -0.000535174 -0.000861354 -1.6015e-05 -0.0080428 -0.0175117
24.92 1.97476e-05 -0.000481907 -0.000886002 -2.5045e-05 -0.00892551 -0.0161794
24.94 2.03141e-05 -0.000411217 -0.000890411 -3.11599e-05 -0.00908502 -0.0144115
24.96 2.02253e-05 -0.000325693 -0.000868844 -3.45787e-05 -0.00854562 -0.0122725
24.98 1.94139e-05 -0.000229381 -0.000819175 -3.5413e-05 -0.00730325 -0.00986367
25 1.79551e-05 -0.000126968 -0.000740833 -3.36442e-05 -0.0053425 -0.00730226
25.02 1.59013e-05 -2.31196e-05 -0.000633945 -2.91247e-05 -0.00266163 -0.00470497
25.04 1.32969e-05 7.79636e-05 -0.000501302 -2.1652e-05 0.000683301 -0.0021768
25.06 1.0217e-05 0.000172817 -0.000348808 -1.11188e-05 0.00457155 0.000195633
25.08 6.73678e-06 0.000258773 -0.000183843 2.38039e-06 0.00885876 0.00234567
25.1 2.95989e-06 0.000333899 -1.37505e-05 1.8473e-05 0.013409 0.00422506
25.12 -9.90651e-07 0.000396793 0.00015461 3.64829e-05 0.0180955 0.00579874
25.14 -4.96646e-06 0.000446484 0.000315353 5.54993e-05 0.0228002 0.00704235
25.16 -8.80598e-06 0.000482073 0.00046406 7.45351e-05 0.0274181 0.00793327
25.18 -1.23519e-05 0.000502373 0.000597516 9.26926e-05 0.0318437 0.00844155
25.2 -1.54757e-05 0.000505981 0.000713226 0.00010925 0.0359538 0.00853189
25.22 -1.80925e-05 0.000491745 0.000809244 0.000123652 0.0396029 0.00817584
25.24 -2.01607e-05 0.000459634 0.000884078 0.000135468 0.0426272 0.00737273
25.26 -2.16709e-05 0.000411486 0.000936223 0.00014441 0.0448431 0.00616853
25.28 -2.26271e-05 0.000350918 0.000963699 0.000150386 0.0460506 0.00465371
25.3 -2.30304e-05 0.000281946 0.000964294 0.000153404 0.0460771 0.0029287
25.32 -2.26875e-05 0.000207641 0.000920383 0.00015345 0.0449788 0.0010703
25.34 -2.14884e-05 0.00013004 0.000836629 0.000150641 0.0428835 -0.000870552
25.36 -1.94864e-05 5.11683e-05 0.000720688 0.000145253 0.0399791 -0.00284316
25.38 -1.66589e-05 -2.61296e-05 0.000578496 0.000137427 0.0364023 -0.00477644
25.4 -1.30461e-05 -9.87592e-05 0.000415285 0.000127184 0.0322585 -0.00659298
25.42 -8.75703e-06 -0.000164256 0.000237531 0.000114613 0.0276677 -0.00823118
25.44 -3.98182e-06 -0.000220574 5.24071e-05 9.98444e-05 0.0227535 -0.00963989
25.46 1.02915e-06 -0.000265449 -0.000133839 8.30374e-05 0.0176094 -0.0107625
25.48 6.01607e-06 -0.000296688 -0.000316649 6.45073e-05 0.012285 -0.011544
25.5 1.07477e-05 -0.000313 -0.000492145 4.49032e-05 0.00681948 -0.0119521
25.52 1.50389e-05 -0.000314376 -0.000655608 2.52398e-05 0.00130435 -0.0119865
25.54 1.87626e-05 -0.000301621 -0.00080124 6.72381e-06 -0.00407211 -0.0116675
25.56 2.18572e-05 -0.000275821 -0.00092351 -9.54663e-06 -0.00903054 -0.0110222
25.58 2.43199e-05 -0.000238447 -0.00101887 -2.28427e-05 -0.0132587 -0.0100875
25.6 2.61807e-05 -0.00019164 -0.00108618 -3.28936e-05 -0.016478 -0.00891684
25.62 2.74722e-05 -0.000138119 -0.00112592 -3.97927e-05 -0.0184855 -0.00757827
25.64 2.82063e-05 -8.02449e-05 -0.00113884 -4.38071e-05 -0.0191569 -0.00613081
25.66 2.82485e-05 -1.94346e-05 -0.00111392 -4.52366e-05 -0.0185335 -0.00460992
25.68 2.73487e-05 4.36944e-05 -0.00104477 -4.44098e-05 -0.0168039 -0.00303103
25.7 2.55092e-05 0.000108536 -0.000940796 -4.16028e-05 -0.0142004 -0.00140932
25.72 2.27756e-05 0.000173246 -0.000809966 -3.68058e-05 -0.0109135 0.00020911
25.74 1.91736e-05 0.000234685 -0.000656806 -2.96855e-05 -0.00703619 0.00174573
25.76 1.48511e-05 0.000289332 -0.000485067 -1.9809e-05 -0.00262603 0.00311251
25.78 9.98622e-06 0.000334173 -0.000299623 -6.87303e-06 0.00224958 0.00423405
25.8 4.83138e-06 0.000367124 -0.000106366 9.14949e-06 0.00751254 0.00505821
25.82 -3.62268e-07 0.000387467 8.85886e-05 2.79046e-05 0.0130859 0.00556703
25.84 -5.36875e-06 0.000396202 0.000278934 4.85807e-05 0.0188793 0.00578554
25.86 -1.00112e-05 0.000395094 0.00045793 6.99278e-05 0.024757 0.00575783
25.88 -1.41558e-05 0.000385449 0.000618989 9.04526e-05 0.0305214 0.00551658
25.9 -1.77158e-05 0.000367673 0.000756779 0.00010878 0.0359229 0.00507201
25.92 -2.06488e-05 0.000341375 0.000868151 0.000124015 0.0406946 0.00441429
25.94 -2.2947e-05 0.000305935 0.000952443 0.000135886 0.0446052 0.00352791
25.96 -2.4623e-05 0.00026131 0.00101083 0.000144627 0.0474939 0.00241182
25.98 -2.56979e-05 0.000208632 0.00104471 0.000150729 0.0492464 0.00109432
26 -2.61898e-05 0.000150012 0.00105412 0.000154687 0.0497443 -0.000371772
26.02 -2.59363e-05 8.76024e-05 0.00102386 0.000156801 0.0489874 -0.00193267
26.04 -2.47337e-05 2.30498e-05 0.000948288 0.000157091 0.047097 -0.00354716
26.06 -2.26564e-05 -4.17904e-05 0.000836159 0.000155292 0.0442894 -0.00516885
26.08 -1.97483e-05 -0.000103826 0.000696281 0.00015086 0.0407755 -0.00672039
26.1 -1.60356e-05 -0.000159558 0.000535125 0.000143185 0.0366954 -0.00811431
26.12 -1.1652e-05 -0.000206964 0.000358465 0.000131883 0.0321565 -0.0093
26.14 -6.76555e-06 -0.000245558 0.000172246 0.000116955 0.0272549 -0.0102653
26.16 -1.62938e-06 -0.000275295 -1.7391e-05 9.8805e-05 0.0220817 -0.0110091
26.18 3.49011e-06 -0.000295894 -0.000203939 7.8222e-05 0.0167399 -0.0115244
26.2 8.34493e-06 -0.00030675 -0.000381153 5.63414e-05 0.0113455 -0.011796
26.22 1.27433e-05 -0.000307186 -0.000544366 3.45465e-05 0.00600538 -0.0118069
26.24 1.65535e-05 -0.000297169 -0.000690155 1.4262e-05 0.000835377 -0.0115563
26.26 1.97048e-05 -0.000278086 -0.000814955 -3.35498e-06 -0.00398012 -0.0110791
26.28 2.21742e-05 -0.000252277 -0.000915168 -1.7681e-05 -0.00817705 -0.0104336
26.3 2.39742e-05 -0.000221734 -0.000988458 -2.86468e-05 -0.0114744 -0.00966967
26.32 2.51406e-05 -0.000187457 -0.00103414 -3.65086e-05 -0.0136439 -0.0088124
26.34 2.57162e-05 -0.000149715 -0.00105232 -4.1582e-05 -0.0145342 -0.00786845
26.36 2.56452e-05 -0.000108599 -0.00103592 -4.40918e-05 -0.0141238 -0.00684013
26.38 2.47091e-05 -6.44953e-05 -0.000973982 -4.41876e-05 -0.0125746 -0.00573708
26.4 2.28979e-05 -1.827e-05 -0.000875133 -4.19584e-05 -0.0101001 -0.00458096
26.42 2.02633e-05 2.85809e-05 -0.000748759 -3.72804e-05 -0.00692752 -0.0034092
26.44 1.68256e-05 7.42256e-05 -0.000602239 -2.97779e-05 -0.00322393 -0.00226761
26.46 1.27318e-05 0.000116792 -0.000441629 -1.90278e-05 0.000888225 -0.00120301
26.48 8.15767e-06 0.000154059 -0.000272114 -4.78623e-06 0.00531927 -0.000270944
26.5 3.35535e-06 0.000183789 -9.80905e-05 1.28634e-05 0.0100079 0.000472637
26.52 -1.42158e-06 0.000204834 7.64037e-05 3.34127e-05 0.0149057 0.000998975
26.54 -5.94701e-06 0.000217847 0.000247038 5.58686e-05 0.0199519 0.00132443
26.56 -1.00569e-05 0.000224787 0.000408865 7.87931e-05 0.0250486 0.00149802
26.58 -1.36441e-05 0.000227809 0.000556216 0.000100515 0.0300329 0.00157359
26.6 -1.66525e-05 0.000228393 0.000683197 0.000119505 0.0346651 0.00158819
26.62 -1.90634e-05 0.00022676 0.000785037 0.000134743 0.0386619 0.00154735
26.64 -2.08807e-05 0.000221659 0.000859327 0.000145873 0.0417687 0.00141977
26.66 -2.21137e-05 0.000210882 0.000905778 0.000153064 0.043806 0.00115025
26.68 -2.27632e-05 0.000192622 0.000924742 0.000156773 0.0446607 0.000693556
26.7 -2.27692e-05 0.000166631 0.000911092 0.000157576 0.0443193 4.35039e-05
26.72 -2.19112e-05 0.000134164 0.000855417 0.000156071 0.0429267 -0.000768513
26.74 -2.01588e-05 9.732e-05 0.000765015 0.000152676 0.0406646 -0.00168999
26.76 -1.75763e-05 5.88467e-05 0.000647057 0.000147338 0.0377072 -0.00265222
26.78 -1.41899e-05 2.19778e-05 0.000506067 0.00013954 0.0341543 -0.00357433
26.8 -1.01365e-05 -1.03401e-05 0.000345789 0.000128632 0.0300726 -0.00438262
26.82 -5.57131e-06 -3.64036e-05 0.000170992 0.000114175 0.0255372 -0.00503447
26.84 -7.17207e-07 -5.61642e-05 -1.2374e-05 9.61662e-05 0.0206369 -0.0055287
26.86 4.19695e-06 -7.09541e-05 -0.000197765 7.51384e-05 0.0154675 -0.0058986
26.88 8.95331e-06 -8.26075e-05 -0.000378402 5.21916e-05 0.0101384 -0.00619005
26.9 1.33707e-05 -9.21911e-05 -0.000547491 2.88958e-05 0.00479013 -0.00642974
26.92 1.7302e-05 -9.94339e-05 -0.000698734 7.02176e-06 -0.000391709 -0.00661089
26.94 2.06399e-05 -0.000103406 -0.000827205 -1.187e-05 -0.00518337 -0.00671023
26.96 2.33192e-05 -0.000103445 -0.000930083 -2.68084e-05 -0.00935214 -0.00671122
26.98 2.53135e-05 -9.91174e-05 -0.00100677 -3.75464e-05 -0.012697 -0.00660297
27 2.66253e-05 -8.97259e-05 -0.00105801 -4.43967e-05 -0.0150662 -0.00636809
27.02 2.72746e-05 -7.46503e-05 -0.00108463 -4.79341e-05 -0.0163448 -0.00599104
27.04 2.72769e-05 -5.41955e-05 -0.00108676 -4.87588e-05 -0.0164484 -0.00547946
27.06 2.64468e-05 -2.98432e-05 -0.00104771 -4.73705e-05 -0.0154719 -0.0048704
27.08 2.47337e-05 -3.502e-06 -0.000970854 -4.40733e-05 -0.013549 -0.00421159
27.1 2.22701e-05 2.32487e-05 -0.000863444 -3.88072e-05 -0.0108581 -0.00354255
27.12 1.91004e-05 4.94622e-05 -0.000730421 -3.10941e-05 -0.00751207 -0.00288694
27.14 1.53265e-05 7.50265e-05 -0.000575846 -2.03278e-05 -0.00358973 -0.00224756
27.16 1.10788e-05 0.000100051 -0.000405942 -6.15197e-06 0.000790238 -0.00162169
27.18 6.53364e-06 0.000123789 -0.000228604 1.13507e-05 0.00547673 -0.00102798
27.2 1.89594e-06 0.00014452 -5.11555e-05 3.16158e-05 0.010333 -0.000509504
27.22 -2.63404e-06 0.000160814 0.000120687 5.36122e-05 0.0152534 -0.000101981
27.24 -6.88457e-06 0.000172813 0.000282485 7.59147e-05 0.0201464 0.000198109
27.26 -1.07147e-05 0.000181712 0.000430485 9.68914e-05 0.0249096 0.000420694
27.28 -1.4017e-05 0.000188226 0.000561077 0.000115027 0.0294033 0.000583598
27.3 -1.67257e-05 0.000192002 0.000670935 0.000129291 0.0334467 0.000678055
27.32 -1.88183e-05 0.000192379 0.000757735 0.00013935 0.0368478 0.00068748
27.34 -2.03025e-05 0.000189078 0.000820382 0.000145471 0.0394353 0.000604902
27.36 -2.11979e-05 0.000182022 0.00085847 0.000148225 0.0410697 0.000428428
27.38 -2.15228e-05 0.000170864 0.000871551 0.00014821 0.0416426 0.000149385
27.4 -2.11988e-05 0.000154886 0.000851805 0.000145955 0.0411487 -0.000250249
27.42 -2.00873e-05 0.000133433 0.000793698 0.000141876 0.0396953 -0.000786794
27.44 -1.82255e-05 0.000106831 0.000703446 0.000136138 0.0374367 -0.00145212
27.46 -1.5663e-05 7.69534e-05 0.000587574 0.00012852 0.0345309 -0.00219937
27.48 -1.24383e-05 4.65254e-05 0.00045157 0.000118585 0.0311025 -0.00296039
27.5 -8.675e-06 1.78841e-05 0.000301019 0.000105998 0.0272682 -0.00367672
27.52 -4.52011e-06 -7.55684e-06 0.000141859 9.07445e-05 0.023144 -0.00431301
27.54 -1.75858e-07 -2.90351e-05 -2.02385e-05 7.31925e-05 0.0188334 -0.00485019
27.56 4.1499e-06 -4.61971e-05 -0.000180344 5.40819e-05 0.0144224 -0.00527942
27.58 8.26302e-06 -5.9315e-05 -0.000334186 3.44929e-05 0.00998872 -0.0056075
27.6 1.20072e-05 -6.9435e-05 -0.000477757 1.57553e-05 0.00562265 -0.0058606
27.62 1.52657e-05 -7.79022e-05 -0.000606923 -7.57819e-07 0.00145056 -0.00607237
27.64 1.79663e-05 -8.54528e-05 -0.000717492 -1.39392e-05 -0.00235329 -0.00626122
27.66 2.00772e-05 -9.16863e-05 -0.000805947 -2.32152e-05 -0.00558642 -0.00641712
27.68 2.15967e-05 -9.51828e-05 -0.000870186 -2.86021e-05 -0.00806028 -0.00650457
27.7 2.25362e-05 -9.40995e-05 -0.00090949 -3.05371e-05 -0.0096334 -0.00647747
27.72 2.29074e-05 -8.70454e-05 -0.00092385 -2.96442e-05 -0.0102204 -0.00630105
27.74 2.26563e-05 -7.3695e-05 -0.000908283 -2.65905e-05 -0.00983105 -0.00596715
27.76 2.16662e-05 -5.47201e-05 -0.000858067 -2.19957e-05 -0.00857503 -0.00549258
27.78 1.99672e-05 -3.13429e-05 -0.000778778 -1.62394e-05 -0.00659077 -0.00490791
27.8 1.762e-05 -5.10679e-06 -0.000676008 -9.28438e-06 -0.00401384 -0.00425173
27.82 1.46717e-05 2.21381e-05 -0.000554235 -7.67807e-07 -0.000946097 -0.00357032
27.84 1.12412e-05 4.83867e-05 -0.000417965 9.72652e-06 0.0025181 -0.00291384
27.86 7.46173e-06 7.20031e-05 -0.000272198 2.24294e-05 0.00627977 -0.00232318
27.88 3.50811e-06 9.23176e-05 -0.000122004 3.72405e-05 0.0102428 -0.0018151
27.9 -4.43926e-07 0.000109666 2.79217e-05 5.36577e-05 0.0143197 -0.0013812
27.92 -4.23126e-06 0.000124902 0.000173253 7.07703e-05 0.0184249 -0.00100016
27.94 -7.72093e-06 0.000138835 0.000309788 8.73485e-05 0.0224594 -0.000651686
27.96 -1.08087e-05 0.000151864 0.000433274 0.000102068 0.0262958 -0.000325824
27.98 -1.34213e-05 0.000163822 0.00053961 0.000113839 0.0297758 -2.67485e-05
28 -1.55141e-05 0.000173971 0.000625496 0.000122087 0.0327297 0.00022708
28.02 -1.70655e-05 0.000181108 0.00068899 0.000126817 0.0350094 0.000405582
28.04 -1.8067e-05 0.000183827 0.000729435 0.000128458 0.0365093 0.000473584
28.06 -1.85161e-05 0.000180925 0.000746831 0.000127634 0.0371667 0.000401016
28.08 -1.83864e-05 0.000171825 0.000739059 0.000124999 0.0369723 0.000173412
28.1 -1.75794e-05 0.000156787 0.000700355 0.000121131 0.0360043 -0.000202709
28.12 -1.61111e-05 0.000136866 0.000634583 0.000116358 0.0343589 -0.000700921
28.14 -1.40472e-05 0.000113669 0.000546102 0.000110625 0.0321434 -0.00128109
28.16 -1.14337e-05 8.89556e-05 0.000438624 0.00010358 0.0294449 -0.00189919
28.18 -8.37612e-06 6.42946e-05 0.00031598 9.48187e-05 0.0263478 -0.00251597
28.2 -4.98675e-06 4.08812e-05 0.000182693 8.41056e-05 0.0229469 -0.00310155
28.22 -1.41219e-06 1.9461e-05 4.37593e-05 7.15078e-05 0.0193432 -0.00363728
28.24 2.19759e-06 3.30338e-07 -9.58729e-05 5.7446e-05 0.0156358 -0.00411574
28.26 5.69768e-06 -1.65814e-05 -0.00023161 4.26845e-05 0.0119197 -0.00453871
28.28 8.96378e-06 -3.15464e-05 -0.000359267 2.82471e-05 0.00829231 -0.00491299
28.3 1.18921e-05 -4.48047e-05 -0.000474985 1.52444e-05 0.00486231 -0.00524459
28.32 1.44029e-05 -5.63155e-05 -0.000575238 4.62355e-06 0.00175513 -0.00553248
28.34 1.6441e-05 -6.5601e-05 -0.000657138 -3.06576e-06 -0.000896113 -0.00576471
28.36 1.79732e-05 -7.18444e-05 -0.000718686 -7.75823e-06 -0.0029666 -0.00592087
28.38 1.89809e-05 -7.41947e-05 -0.000758625 -9.77064e-06 -0.00435058 -0.00597965
28.4 1.94535e-05 -7.19812e-05 -0.000776242 -9.60768e-06 -0.004972 -0.00592429
28.42 1.93685e-05 -6.47922e-05 -0.000769611 -7.80495e-06 -0.00480616 -0.00574449
28.44 1.86396e-05 -5.25664e-05 -0.00073383 -4.83579e-06 -0.00391121 -0.00543871
28.46 1.7271e-05 -3.57519e-05 -0.000672007 -9.93357e-07 -0.00236456 -0.00501818
28.48 1.53142e-05 -1.5406e-05 -0.000587841 3.7273e-06 -0.000256515 -0.00450932
28.5 1.28072e-05 6.94797e-06 -0.000484692 9.59211e-06 0.00233479 -0.00395023
28.52 9.84401e-06 2.96473e-05 -0.000366171 1.69518e-05 0.00533109 -0.00338251
28.54 6.53161e-06 5.12061e-05 -0.000236598 2.60616e-05 0.00864326 -0.00284332
28.56 3.01072e-06 7.05028e-05 -0.000100712 3.69541e-05 0.0121769 -0.0023607
28.58 -5.72352e-07 8.68722e-05 3.68481e-05 4.93672e-05 0.0158413 -0.0019513
28.6 -4.07468e-06 0.000100142 0.000171715 6.27237e-05 0.0195481 -0.00161941
28.62 -7.36412e-06 0.000110675 0.000298051 7.61807e-05 0.0231535 -0.00135598
28.64 -1.03186e-05 0.000119126 0.000409681 8.87654e-05 0.0264741 -0.00114461
