0.02 -5.86292e-10 3.12221e-10 -5.62717e-08 7.73166e-11 -1.40738e-06 7.80879e-09
0.04 -2.84504e-09 8.66934e-09 -1.25455e-07 9.59303e-10 -3.13767e-06 2.16824e-07
0.06 -7.06275e-09 2.77905e-08 -3.92671e-08 4.07864e-09 -9.82085e-07 6.95053e-07
0.08 -1.14242e-08 8.26826e-08 1.38085e-07 1.28165e-08 3.45357e-06 2.06793e-06
0.1 -1.082e-08 1.8996e-07 2.84059e-07 3.46864e-08 7.10444e-06 4.75099e-06
0.12 1.7973e-09 2.47932e-07 4.44189e-07 7.25035e-08 1.11093e-05 6.20087e-06
0.14 3.224e-08 1.94103e-07 6.14368e-07 1.17457e-07 1.53656e-05 4.85459e-06
0.16 8.20606e-08 5.1894e-08 7.60685e-07 1.61557e-07 1.9025e-05 1.29789e-06
0.18 1.47134e-07 -1.87002e-07 9.14627e-07 1.98063e-07 2.28752e-05 -4.67699e-06
0.2 2.21263e-07 -4.23841e-07 1.08428e-06 2.1495e-07 2.71183e-05 -1.06004e-05
0.22 3.00903e-07 -5.79471e-07 1.23686e-06 2.1526e-07 3.09343e-05 -1.44928e-05
0.24 3.84847e-07 -7.9812e-07 1.36999e-06 2.26768e-07 3.42641e-05 -1.99613e-05
0.26 4.70963e-07 -1.15277e-06 1.52288e-06 2.8925e-07 3.80878e-05 -2.88313e-05
0.28 5.5535e-07 -1.49128e-06 1.74735e-06 4.53519e-07 4.37019e-05 -3.72976e-05
0.3 6.34405e-07 -1.75262e-06 2.0594e-06 7.53983e-07 5.15065e-05 -4.38338e-05
0.32 7.07572e-07 -2.03316e-06 2.39922e-06 1.15336e-06 6.00056e-05 -5.08501e-05
0.34 7.79247e-07 -2.30851e-06 2.65753e-06 1.56457e-06 6.6466e-05 -5.77369e-05
0.36 8.57051e-07 -2.48584e-06 2.76974e-06 1.93464e-06 6.92723e-05 -6.21718e-05
0.38 9.46407e-07 -2.63657e-06 2.74974e-06 2.24828e-06 6.87722e-05 -6.59418e-05
0.4 1.04572e-06 -2.92187e-06 2.62638e-06 2.46459e-06 6.56868e-05 -7.30773e-05
0.42 1.14589e-06 -3.3373e-06 2.46051e-06 2.52314e-06 6.15383e-05 -8.34672e-05
0.44 1.2339e-06 -3.68734e-06 2.3887e-06 2.41483e-06 5.97423e-05 -9.22219e-05
0.46 1.29942e-06 -3.77567e-06 2.42505e-06 2.20718e-06 6.06515e-05 -9.4431e-05
0.48 1.34184e-06 -3.58515e-06 2.29196e-06 2.00721e-06 5.73229e-05 -8.96661e-05
0.5 1.37112e-06 -3.32515e-06 1.78859e-06 1.91439e-06 4.47334e-05 -8.31634e-05
0.52 1.39874e-06 -3.25217e-06 1.12259e-06 1.9827e-06 2.80763e-05 -8.13381e-05
0.54 1.42023e-06 -3.60721e-06 6.00003e-07 2.18282e-06 1.50063e-05 -9.02179e-05
0.56 1.40834e-06 -4.22899e-06 3.81447e-07 2.40086e-06 9.54016e-06 -0.000105769
0.58 1.33141e-06 -4.40997e-06 5.17909e-07 2.52348e-06 1.29531e-05 -0.000110295
0.6 1.17953e-06 -3.84836e-06 8.3136e-07 2.51025e-06 2.07927e-05 -9.62491e-05
0.62 9.71576e-07 -3.05441e-06 9.83527e-07 2.35885e-06 2.45984e-05 -7.63921e-05
0.64 7.37756e-07 -2.49407e-06 8.76813e-07 2.08846e-06 2.19295e-05 -6.23778e-05
0.66 4.95549e-07 -2.05276e-06 8.1908e-07 1.7807e-06 2.04855e-05 -5.13403e-05
0.68 2.38371e-07 -1.6159e-06 1.21588e-06 1.49105e-06 3.04097e-05 -4.04144e-05
0.7 -5.168e-08 -1.17845e-06 2.17376e-06 1.0965e-06 5.43667e-05 -2.94735e-05
0.72 -3.77985e-07 -4.69265e-07 3.3827e-06 3.99658e-07 8.46027e-05 -1.17365e-05
0.74 -7.19885e-07 6.73273e-07 4.37529e-06 -6.04749e-07 0.000109428 1.68388e-05
0.76 -1.04713e-06 1.99087e-06 4.88973e-06 -1.6987e-06 0.000122294 4.97925e-05
0.78 -1.34259e-06 2.93048e-06 5.05939e-06 -2.65925e-06 0.000126538 7.32925e-05
0.8 -1.61091e-06 3.29029e-06 5.39743e-06 -3.41625e-06 0.000134992 8.22914e-05
0.82 -1.86572e-06 3.5799e-06 6.43046e-06 -4.00681e-06 0.000160828 8.95348e-05
0.84 -2.10933e-06 4.25987e-06 7.9847e-06 -4.46274e-06 0.000199701 0.000106541
0.86 -2.3204e-06 5.16978e-06 9.185e-06 -4.75739e-06 0.000229721 0.000129298
0.88 -2.46184e-06 5.78769e-06 9.45366e-06 -4.78904e-06 0.00023644 0.000144752
0.9 -2.50764e-06 5.75259e-06 9.00301e-06 -4.41815e-06 0.000225169 0.000143875
0.92 -2.46829e-06 5.01601e-06 8.50244e-06 -3.62288e-06 0.00021265 0.000125452
0.94 -2.38581e-06 4.01067e-06 8.52461e-06 -2.63236e-06 0.000213204 0.000100309
0.96 -2.29793e-06 3.32566e-06 9.26951e-06 -1.81194e-06 0.000231834 8.31761e-05
0.98 -2.2071e-06 3.07763e-06 1.02356e-05 -1.37455e-06 0.000255998 7.69729e-05
1 -2.07377e-06 2.32505e-06 1.28729e-05 -1.24903e-06 0.000321958 5.81505e-05
1.02 -1.8608e-06 1.67656e-06 1.19222e-05 -1.10701e-06 0.00029818 4.19314e-05
1.04 -1.58406e-06 2.31123e-06 2.53785e-06 -5.09138e-07 6.34727e-05 5.78049e-05
1.06 -1.29262e-06 1.9365e-06 -2.37411e-06 4.8975e-07 -5.93775e-05 4.84326e-05
1.08 -1.03173e-06 7.99399e-07 -2.53211e-07 1.17739e-06 -6.33292e-06 1.99933e-05
1.1 -8.23677e-07 1.18903e-06 -1.21523e-06 1.16413e-06 -3.03935e-05 2.97381e-05
1.12 -6.48799e-07 1.14617e-06 -4.60046e-07 6.85394e-07 -1.1506e-05 2.86662e-05
1.14 -4.63574e-07 8.22158e-07 7.12823e-07 7.39654e-08 1.7828e-05 2.05625e-05
1.16 -2.52041e-07 2.15381e-06 -6.85989e-06 -6.58011e-08 -0.000171569 5.38678e-05
1.18 -4.07284e-08 2.19243e-06 -1.26213e-05 7.52822e-07 -0.000315664 5.48336e-05
1.2 1.30533e-07 5.05146e-07 -1.00169e-05 1.85282e-06 -0.000250527 1.26339e-05
1.22 2.45068e-07 4.42366e-07 -8.48008e-06 1.99744e-06 -0.00021209 1.10638e-05
1.24 3.19584e-07 1.1577e-06 -9.00944e-06 6.79627e-07 -0.00022533 2.89546e-05
1.26 3.83374e-07 9.72846e-07 -8.45041e-06 -1.63499e-06 -0.000211348 2.43313e-05
1.28 4.42875e-07 8.01092e-07 -8.75785e-06 -3.61883e-06 -0.000219037 2.00356e-05
1.3 4.52837e-07 5.82346e-07 -9.31773e-06 -3.90993e-06 -0.00023304 1.45647e-05
1.32 3.47087e-07 -2.45734e-07 -6.63716e-06 -2.73046e-06 -0.000165998 -6.14592e-06
1.34 1.15053e-07 -6.59349e-07 -1.06158e-06 -1.82958e-06 -2.65507e-05 -1.64906e-05
1.36 -1.71923e-07 -1.24411e-06 6.97669e-06 -2.44862e-06 0.00017449 -3.11157e-05
1.38 -4.38685e-07 -1.27116e-06 8.86142e-06 -3.97576e-06 0.000221628 -3.17922e-05
1.4 -6.81911e-07 1.34453e-06 -1.68333e-06 -4.59627e-06 -4.21007e-05 3.36274e-05
1.42 -9.44803e-07 2.58837e-06 -5.52359e-06 -3.49458e-06 -0.000138147 6.47361e-05
1.44 -1.25919e-06 1.43213e-06 3.35998e-06 -2.05464e-06 8.40344e-05 3.58181e-05
1.46 -1.60962e-06 2.26089e-06 8.97714e-06 -1.96194e-06 0.000224522 5.65458e-05
1.48 -1.94103e-06 3.81694e-06 1.04394e-05 -3.3099e-06 0.000261093 9.54634e-05
1.5 -2.2118e-06 3.76079e-06 1.17049e-05 -5.06074e-06 0.000292745 9.4059e-05
1.52 -2.43127e-06 4.28323e-06 8.64784e-06 -5.66065e-06 0.000216286 0.000107125
1.54 -2.63781e-06 5.98916e-06 3.83961e-06 -3.77749e-06 9.60301e-05 0.000149791
1.56 -2.83521e-06 6.60479e-06 4.85948e-06 -1.68848e-07 0.000121538 0.000165189
1.58 -2.95895e-06 5.74636e-06 1.024e-05 2.25657e-06 0.000256105 0.000143719
1.6 -2.92293e-06 5.00754e-06 1.23074e-05 1.57064e-06 0.000307812 0.000125241
1.62 -2.70575e-06 4.98595e-06 8.34865e-06 -8.8872e-07 0.000208803 0.000124701
1.64 -2.38608e-06 4.60248e-06 2.81987e-06 -2.14038e-06 7.05261e-05 0.00011511
1.66 -2.07956e-06 3.57326e-06 4.88416e-07 -8.18396e-07 1.22155e-05 8.93687e-05
1.68 -1.83044e-06 3.26752e-06 1.67237e-06 1.68656e-06 4.18267e-05 8.17221e-05
1.7 -1.56379e-06 4.22299e-06 3.69198e-06 2.95061e-06 9.2338e-05 0.000105619
1.72 -1.16192e-06 4.17511e-06 4.15165e-06 1.96378e-06 0.000103834 0.000104421
1.74 -5.90225e-07 1.69657e-06 1.76449e-06 3.46931e-08 4.41305e-05 4.24318e-05
1.76 6.22254e-08 -7.58678e-07 -3.38802e-06 -4.40142e-07 -8.47357e-05 -1.89749e-05
1.78 6.53978e-07 -1.54017e-06 -8.22352e-06 1.55152e-06 -0.000205674 -3.85202e-05
1.8 1.11625e-06 -1.73958e-06 -8.63549e-06 4.18157e-06 -0.000215977 -4.35077e-05
1.82 1.52132e-06 -1.88294e-06 -5.06689e-06 4.48689e-06 -0.000126725 -4.7093e-05
1.84 2.00844e-06 -1.84119e-06 -2.82795e-06 1.71076e-06 -7.07282e-05 -4.60489e-05
1.86 2.62706e-06 -3.03088e-06 -4.47304e-06 -1.85147e-06 -0.000111873 -7.58035e-05
1.88 3.26915e-06 -6.13704e-06 -7.55353e-06 -3.35829e-06 -0.000188917 -0.00015349
1.9 3.76637e-06 -8.5963e-06 -1.01991e-05 -2.00133e-06 -0.000255083 -0.000214997
1.92 4.03231e-06 -8.48563e-06 -1.20006e-05 6.72606e-07 -0.000300139 -0.000212229
1.94 4.11992e-06 -6.99939e-06 -1.20349e-05 2.28168e-06 -0.000300997 -0.000175058
1.96 4.15453e-06 -6.35458e-06 -1.0908e-05 1.73621e-06 -0.000272815 -0.000158931
1.98 4.19961e-06 -7.55323e-06 -1.11275e-05 2.96226e-07 -0.000278304 -0.00018891
2 4.18068e-06 -9.59638e-06 -1.31003e-05 2.89833e-07 -0.000327644 -0.00024001
2.02 3.94037e-06 -1.07567e-05 -1.47614e-05 2.62645e-06 -0.000369189 -0.000269029
2.04 3.38045e-06 -9.79224e-06 -1.4585e-05 5.78054e-06 -0.000364778 -0.000244908
2.06 2.55955e-06 -6.39754e-06 -1.29241e-05 7.32776e-06 -0.000323237 -0.000160005
2.08 1.64847e-06 -2.1865e-06 -1.1188e-05 6.28313e-06 -0.000279816 -5.46852e-05
2.1 7.8647e-07 9.86179e-08 -9.9294e-06 3.80572e-06 -0.000248338 2.46647e-06
2.12 -1.4315e-08 2.4831e-07 -8.27538e-06 1.89727e-06 -0.000206971 6.21034e-06
2.14 -8.33584e-07 7.27144e-07 -5.22559e-06 1.58012e-06 -0.000130694 1.81862e-05
2.16 -1.73222e-06 2.87982e-06 -1.03288e-06 1.99436e-06 -2.58328e-05 7.20254e-05
2.18 -2.66776e-06 5.94615e-06 3.72496e-06 1.16575e-06 9.31628e-05 0.000148716
2.2 -3.503e-06 9.18625e-06 8.10271e-06 -1.95398e-06 0.000202652 0.000229752
2.22 -4.11419e-06 1.16372e-05 1.04889e-05 -6.23516e-06 0.000262331 0.000291052
2.24 -4.50471e-06 1.14234e-05 1.19555e-05 -9.52066e-06 0.000299013 0.000285705
2.26 -4.79052e-06 9.41425e-06 1.50286e-05 -1.06964e-05 0.000375872 0.000235454
2.28 -5.08187e-06 8.82259e-06 1.88361e-05 -1.02611e-05 0.000471099 0.000220657
2.3 -5.39102e-06 1.01848e-05 2.13908e-05 -9.45949e-06 0.000534993 0.000254727
2.32 -5.62338e-06 1.162e-05 2.33362e-05 -9.1244e-06 0.000583649 0.000290621
2.34 -5.64913e-06 1.18099e-05 2.46562e-05 -8.81934e-06 0.000616661 0.000295371
2.36 -5.41741e-06 1.01402e-05 2.32732e-05 -7.24279e-06 0.000582073 0.000253611
2.38 -5.00341e-06 6.98407e-06 2.02476e-05 -3.9456e-06 0.000506401 0.000174674
2.4 -4.52573e-06 4.47083e-06 1.86318e-05 -2.53016e-07 0.00046599 0.000111817
2.42 -4.03586e-06 4.08911e-06 1.74279e-05 1.86723e-06 0.000435879 0.00010227
2.44 -3.49011e-06 4.95759e-06 1.43965e-05 1.53475e-06 0.000360064 0.000123992
2.46 -2.79573e-06 5.89439e-06 9.99784e-06 -3.75518e-07 0.00025005 0.000147421
2.48 -1.90536e-06 5.5133e-06 4.50558e-06 -2.00181e-06 0.000112687 0.00013789
2.5 -8.9387e-07 2.65543e-06 -1.87457e-06 -2.12534e-06 -4.68838e-05 6.64134e-05
2.52 8.80523e-08 -4.43916e-07 -6.87802e-06 -1.03041e-06 -0.000172022 -1.11025e-05
2.54 9.27092e-07 -1.60214e-06 -9.29822e-06 1.84299e-07 -0.000232552 -4.00701e-05
2.56 1.60473e-06 -1.6913e-06 -1.17797e-05 6.64456e-07 -0.000294614 -4.23002e-05
2.58 2.17081e-06 -1.80362e-06 -1.64781e-05 4.48023e-07 -0.000412124 -4.51093e-05
2.6 2.67413e-06 -2.54389e-06 -2.08518e-05 5.29663e-07 -0.000521511 -6.36239e-05
2.62 3.09371e-06 -4.63895e-06 -2.25088e-05 1.86823e-06 -0.000562954 -0.000116022
2.64 3.32773e-06 -7.59591e-06 -2.2615e-05 4.13389e-06 -0.00056561 -0.000189977
2.66 3.29735e-06 -8.27018e-06 -2.2382e-05 5.9517e-06 -0.000559782 -0.000206841
2.68 3.04158e-06 -5.77068e-06 -2.15024e-05 6.29513e-06 -0.000537783 -0.000144327
2.7 2.68704e-06 -3.12075e-06 -2.00513e-05 5.1737e-06 -0.000501492 -7.80512e-05
2.72 2.34193e-06 -2.20629e-06 -1.86683e-05 3.40432e-06 -0.000466901 -5.51802e-05
2.74 2.01106e-06 -2.92353e-06 -1.59641e-05 1.94508e-06 -0.000399269 -7.31186e-05
2.76 1.61355e-06 -3.4829e-06 -1.07047e-05 9.21077e-07 -0.000267729 -8.71087e-05
2.78 1.06891e-06 -2.30714e-06 -5.41766e-06 -6.22234e-07 -0.000135498 -5.77025e-05
2.8 3.69207e-07 -8.45769e-08 -2.10197e-06 -3.60694e-06 -5.25711e-05 -2.1153e-06
2.82 -4.17355e-07 2.28763e-06 1.55735e-06 -7.61247e-06 3.89499e-05 5.72145e-05
2.84 -1.21854e-06 4.19604e-06 8.12799e-06 -1.09369e-05 0.000203284 0.000104945
2.86 -2.01328e-06 4.93112e-06 1.67521e-05 -1.20997e-05 0.000418977 0.000123329
2.88 -2.7924e-06 4.89008e-06 2.58304e-05 -1.1061e-05 0.00064603 0.000122303
2.9 -3.48921e-06 5.17684e-06 3.42993e-05 -8.85055e-06 0.000857839 0.000129475
2.92 -3.99452e-06 5.78144e-06 3.92905e-05 -6.39969e-06 0.000982673 0.000144596
2.94 -4.24611e-06 5.44737e-06 3.93695e-05 -3.99203e-06 0.000984647 0.000136241
2.96 -4.27421e-06 3.74904e-06 3.85749e-05 -1.55205e-06 0.000964774 9.37652e-05
2.98 -4.16155e-06 1.59807e-06 4.1129e-05 8.28266e-07 0.00102865 3.99685e-05
3 -3.9601e-06 3.00398e-07 4.55218e-05 2.69704e-06 0.00113852 7.51307e-06
3.02 -3.62966e-06 4.35238e-07 4.74048e-05 3.68865e-06 0.00118561 1.08855e-05
3.04 -3.07112e-06 5.91926e-07 4.44307e-05 4.14468e-06 0.00111123 1.48043e-05
3.06 -2.2388e-06 -1.01512e-06 3.72077e-05 5.0499e-06 0.00093058 -2.53886e-05
3.08 -1.21932e-06 -4.17577e-06 2.84109e-05 7.2242e-06 0.000710569 -0.000104438
3.1 -1.71259e-07 -6.78653e-06 2.15957e-05 1.04975e-05 0.000540117 -0.000169734
3.12 8.17008e-07 -7.67935e-06 1.84735e-05 1.35789e-05 0.00046203 -0.000192064
3.14 1.78405e-06 -8.32791e-06 1.62038e-05 1.49044e-05 0.000405264 -0.000208284
3.16 2.82428e-06 -9.52357e-06 9.83591e-06 1.40949e-05 0.000246 -0.000238188
3.18 3.97023e-06 -1.04462e-05 -1.53726e-06 1.25915e-05 -3.84475e-05 -0.000261263
3.2 5.14137e-06 -1.13431e-05 -1.31217e-05 1.21775e-05 -0.000328179 -0.000283695
3.22 6.20196e-06 -1.30031e-05 -2.11023e-05 1.28466e-05 -0.000527778 -0.000325214
3.24 7.06091e-06 -1.46179e-05 -2.66901e-05 1.28523e-05 -0.000667529 -0.0003656
3.26 7.72312e-06 -1.44441e-05 -3.14996e-05 1.08587e-05 -0.000787819 -0.000361253
3.28 8.23097e-06 -1.32209e-05 -3.617e-05 7.36419e-06 -0.000904627 -0.000330659
3.3 8.57897e-06 -1.27468e-05 -4.2062e-05 4.0652e-06 -0.00105199 -0.000318802
3.32 8.71629e-06 -1.22507e-05 -4.86596e-05 2.42254e-06 -0.001217 -0.000306395
3.34 8.5873e-06 -1.12259e-05 -5.29717e-05 2.47894e-06 -0.00132484 -0.000280764
3.36 8.1458e-06 -1.08304e-05 -5.2929e-05 2.49486e-06 -0.00132378 -0.000270872
3.38 7.37008e-06 -1.0177e-05 -4.93038e-05 4.50259e-07 -0.00123311 -0.000254532
3.4 6.28412e-06 -7.3332e-06 -4.42698e-05 -3.64433e-06 -0.00110721 -0.000183406
3.42 4.9465e-06 -3.35279e-06 -3.92124e-05 -7.73223e-06 -0.000980719 -8.38548e-05
3.44 3.42439e-06 -2.23616e-07 -3.41605e-05 -1.00255e-05 -0.000854368 -5.59272e-06
3.46 1.78659e-06 2.3833e-06 -2.81876e-05 -1.0482e-05 -0.000704983 5.96074e-05
3.48 8.53395e-08 5.11318e-06 -2.07207e-05 -1.03216e-05 -0.000518234 0.000127883
3.5 -1.66634e-06 7.45131e-06 -1.1599e-05 -1.09184e-05 -0.000290096 0.00018636
3.52 -3.46852e-06 9.55434e-06 -7.74866e-07 -1.27684e-05 -1.93797e-05 0.000238958
3.54 -5.28462e-06 1.22696e-05 1.07003e-05 -1.49671e-05 0.000267619 0.000306867
3.56 -7.02401e-06 1.57834e-05 2.12129e-05 -1.59805e-05 0.000530543 0.000394748
3.58 -8.56894e-06 1.91561e-05 2.9403e-05 -1.51056e-05 0.000735382 0.000479101
3.6 -9.82901e-06 2.07069e-05 3.47391e-05 -1.29964e-05 0.00086884 0.000517888
3.62 -1.07905e-05 1.99654e-05 3.87448e-05 -1.08343e-05 0.000969024 0.000499342
3.64 -1.15235e-05 1.83285e-05 4.38098e-05 -9.19284e-06 0.0010957 0.000458404
3.66 -1.21148e-05 1.7745e-05 4.99338e-05 -7.70952e-06 0.00124886 0.00044381
3.68 -1.25703e-05 1.88274e-05 5.46083e-05 -5.68278e-06 0.00136578 0.000470881
3.7 -1.27804e-05 2.01222e-05 5.68197e-05 -2.84616e-06 0.00142108 0.000503264
3.72 -1.25793e-05 2.02495e-05 5.71195e-05 4.84457e-07 0.00142858 0.000506449
3.74 -1.18676e-05 1.85763e-05 5.45772e-05 3.78558e-06 0.001365 0.000464601
3.76 -1.06881e-05 1.50171e-05 4.91984e-05 6.46913e-06 0.00123047 0.000375585
3.78 -9.18091e-06 1.07888e-05 4.34604e-05 7.83987e-06 0.00108696 0.000269833
3.8 -7.47146e-06 7.6995e-06 3.83773e-05 7.43712e-06 0.000959832 0.000192568
3.82 -5.59254e-06 6.67365e-06 3.16254e-05 5.52772e-06 0.000790963 0.000166911
3.84 -3.50778e-06 6.1554e-06 2.17047e-05 3.03782e-06 0.000542844 0.000153949
3.86 -1.2012e-06 3.41265e-06 1.07692e-05 9.3146e-07 0.000269342 8.53517e-05
3.88 1.23888e-06 -2.18232e-06 5.97412e-07 -2.29505e-07 1.49415e-05 -5.45809e-05
3.9 3.61048e-06 -8.66799e-06 -9.22394e-06 -2.85617e-07 -0.000230695 -0.00021679
3.92 5.68494e-06 -1.37223e-05 -1.86776e-05 5.61822e-07 -0.000467134 -0.000343201
3.94 7.31733e-06 -1.65581e-05 -2.74433e-05 1.79571e-06 -0.000686368 -0.000414124
3.96 8.5018e-06 -1.71173e-05 -3.59468e-05 2.98263e-06 -0.000899046 -0.00042811
3.98 9.31738e-06 -1.66258e-05 -4.4333e-05 4.15091e-06 -0.00110879 -0.000415818
4 9.80795e-06 -1.74658e-05 -5.10039e-05 5.40069e-06 -0.00127563 -0.000436826
4.02 9.9343e-06 -1.89755e-05 -5.37587e-05 6.35886e-06 -0.00134453 -0.000474585
4.04 9.63086e-06 -1.82863e-05 -5.26969e-05 6.40269e-06 -0.00131797 -0.000457347
4.06 8.88974e-06 -1.50112e-05 -4.94691e-05 5.08368e-06 -0.00123724 -0.000375437
4.08 7.79033e-06 -1.1072e-05 -4.46023e-05 2.25905e-06 -0.00111552 -0.000276916
4.1 6.46604e-06 -7.11014e-06 -3.7623e-05 -1.65304e-06 -0.000940967 -0.000177828
4.12 5.03838e-06 -2.85419e-06 -2.87358e-05 -5.66656e-06 -0.000718694 -7.13844e-05
4.14 3.55829e-06 2.71354e-07 -1.86921e-05 -9.09606e-06 -0.000467497 6.78669e-06
4.16 2.01869e-06 1.48784e-06 -7.24391e-06 -1.21559e-05 -0.000181173 3.72115e-05
4.18 4.02505e-07 2.07512e-06 5.89735e-06 -1.51635e-05 0.000147495 5.18996e-05
4.2 -1.28754e-06 3.66044e-06 1.95699e-05 -1.75751e-05 0.00048945 9.15492e-05
4.22 -3.02528e-06 5.98788e-06 3.2057e-05 -1.82661e-05 0.000801758 0.000149759
4.24 -4.7662e-06 7.01178e-06 4.32885e-05 -1.64913e-05 0.00108266 0.000175368
4.26 -6.43155e-06 6.93903e-06 5.4833e-05 -1.22253e-05 0.0013714 0.000173548
4.28 -7.91977e-06 7.27858e-06 6.57329e-05 -5.89243e-06 0.00164401 0.00018204
4.3 -9.15607e-06 6.9783e-06 7.3307e-05 1.57895e-06 0.00183344 0.00017453
4.32 -1.01041e-05 5.42984e-06 7.75429e-05 8.74155e-06 0.00193938 0.000135802
4.34 -1.07176e-05 5.455e-06 7.92526e-05 1.44726e-05 0.00198214 0.000136432
4.36 -1.0911e-05 8.12662e-06 7.76502e-05 1.84846e-05 0.00194206 0.00020325
4.38 -1.05765e-05 1.06284e-05 7.29627e-05 2.05549e-05 0.00182483 0.00026582
4.4 -9.59475e-06 1.20092e-05 6.66e-05 2.02147e-05 0.00166569 0.000300355
4.42 -7.88737e-06 1.2355e-05 5.82777e-05 1.75919e-05 0.00145755 0.000309004
4.44 -5.50553e-06 9.6389e-06 4.84361e-05 1.35365e-05 0.00121141 0.000241073
4.46 -2.62197e-06 4.42934e-06 3.85579e-05 9.0319e-06 0.000964349 0.00011078
4.48 5.59328e-07 -6.47536e-07 2.70698e-05 5.17775e-06 0.000677027 -1.61951e-05
4.5 3.87482e-06 -5.37824e-06 1.24669e-05 2.99266e-06 0.000311802 -0.000134512
4.52 7.24271e-06 -1.01194e-05 -2.80907e-06 2.87201e-06 -7.02559e-05 -0.00025309
4.54 1.0651e-05 -1.54607e-05 -1.69024e-05 4.79965e-06 -0.000422735 -0.000386679
4.56 1.40724e-05 -2.33661e-05 -3.04156e-05 8.67255e-06 -0.000760707 -0.000584396
4.58 1.73979e-05 -3.32244e-05 -4.36628e-05 1.40308e-05 -0.00109202 -0.000830957
4.6 2.04588e-05 -4.14713e-05 -5.79466e-05 2.00319e-05 -0.00144927 -0.00103722
4.62 2.3081e-05 -4.71005e-05 -7.49413e-05 2.56459e-05 -0.00187431 -0.001178
4.64 2.51218e-05 -5.11691e-05 -9.23275e-05 2.96664e-05 -0.00230915 -0.00127976
4.66 2.64969e-05 -5.29988e-05 -0.000105735 3.11973e-05 -0.00264447 -0.00132552
4.68 2.71626e-05 -5.24864e-05 -0.000114888 3.02016e-05 -0.00287339 -0.00131271
4.7 2.70558e-05 -5.14873e-05 -0.000122389 2.70257e-05 -0.003061 -0.00128772
4.72 2.60866e-05 -4.93108e-05 -0.000129151 2.19535e-05 -0.00323012 -0.00123328
4.74 2.41938e-05 -4.30491e-05 -0.000134613 1.57034e-05 -0.00336672 -0.00107668
4.76 2.13865e-05 -3.28399e-05 -0.000137301 9.32349e-06 -0.00343395 -0.00082134
4.78 1.77585e-05 -2.1295e-05 -0.000134829 3.12173e-06 -0.00337213 -0.000532597
4.8 1.3492e-05 -9.45096e-06 -0.000126601 -3.38583e-06 -0.00316633 -0.000236373
4.82 8.81273e-06 2.80422e-06 -0.000115297 -1.0352e-05 -0.00288363 7.01348e-05
4.84 3.8866e-06 1.39571e-05 -0.000103491 -1.72324e-05 -0.00258835 0.000349072
4.86 -1.24341e-06 2.25736e-05 -9.08611e-05 -2.34042e-05 -0.00227247 0.000564576
4.88 -6.61332e-06 3.0252e-05 -7.56986e-05 -2.84927e-05 -0.00189325 0.000756615
4.9 -1.22368e-05 3.9437e-05 -5.73296e-05 -3.23998e-05 -0.00143384 0.000986337
4.92 -1.80165e-05 5.03279e-05 -3.71034e-05 -3.54728e-05 -0.00092797 0.00125872
4.94 -2.37099e-05 6.15629e-05 -1.72386e-05 -3.81482e-05 -0.000431145 0.00153971
4.96 -2.89872e-05 7.19038e-05 9.70018e-07 -4.01107e-05 2.42605e-05 0.00179835
4.98 -3.35718e-05 8.00361e-05 1.71943e-05 -4.04749e-05 0.000430036 0.00200174
5 -3.73456e-05 8.50364e-05 3.20122e-05 -3.92105e-05 0.000800638 0.0021268
5.02 -4.03083e-05 8.82987e-05 4.70447e-05 -3.78501e-05 0.00117661 0.00220839
5.04 -4.24438e-05 9.25031e-05 6.23354e-05 -3.83635e-05 0.00155904 0.00231354
5.06 -4.36221e-05 9.83725e-05 7.56002e-05 -4.14751e-05 0.00189079 0.00246034
5.08 -4.36098e-05 0.000103257 8.58479e-05 -4.60528e-05 0.00214709 0.0025825
5.1 -4.21666e-05 0.000103443 9.50457e-05 -4.98459e-05 0.00237713 0.00258714
5.12 -3.9153e-05 9.76304e-05 0.000104926 -5.08249e-05 0.00262424 0.00244178
5.14 -3.45708e-05 8.67954e-05 0.000114266 -4.82073e-05 0.00285785 0.00217079
5.16 -2.84956e-05 7.27018e-05 0.000120957 -4.24901e-05 0.00302518 0.0018183
5.18 -2.09847e-05 5.59992e-05 0.000123914 -3.44929e-05 0.00309914 0.00140056
5.2 -1.20902e-05 3.48221e-05 0.000122904 -2.44337e-05 0.00307387 0.000870915
5.22 -2.00299e-06 6.27116e-06 0.000118041 -1.20133e-05 0.00295225 0.000156844
5.24 8.8195e-06 -2.92669e-05 0.000110302 2.86083e-06 0.00275871 -0.000731977
5.26 1.97208e-05 -6.60249e-05 0.000101482 1.97641e-05 0.0025381 -0.00165131
5.28 3.00669e-05 -9.84567e-05 9.07969e-05 3.80033e-05 0.00227087 -0.00246244
5.3 3.94631e-05 -0.000124485 7.37003e-05 5.7018e-05 0.00184327 -0.00311343
5.32 4.78004e-05 -0.000144546 4.67217e-05 7.67737e-05 0.00116853 -0.00361514
5.34 5.50837e-05 -0.000160981 1.19011e-05 9.74123e-05 0.000297651 -0.00402619
5.36 6.12057e-05 -0.000175152 -2.58493e-05 0.00011791 -0.000646501 -0.00438061
5.38 6.5884e-05 -0.000185235 -6.28145e-05 0.00013531 -0.00157102 -0.00463281
5.4 6.88078e-05 -0.000187488 -9.73904e-05 0.000145764 -0.00243578 -0.00468916
5.42 6.98035e-05 -0.000180162 -0.000129806 0.00014649 -0.0032465 -0.00450593
5.44 6.88923e-05 -0.000165733 -0.0001596 0.000137067 -0.00399166 -0.00414504
5.46 6.61831e-05 -0.000148603 -0.000184996 0.000119524 -0.00462683 -0.00371661
5.48 6.17107e-05 -0.000130976 -0.000203147 9.73591e-05 -0.00508079 -0.00327577
5.5 5.54173e-05 -0.00011186 -0.000210078 7.3869e-05 -0.00525415 -0.00279768
5.52 4.72863e-05 -8.91464e-05 -0.000204267 5.09193e-05 -0.0051088 -0.00222959
5.54 3.75177e-05 -6.19814e-05 -0.000186916 2.9209e-05 -0.00467486 -0.00155018
5.56 2.66086e-05 -3.1658e-05 -0.000158248 9.39798e-06 -0.00395786 -0.00079178
5.58 1.52614e-05 -2.10371e-06 -0.000117444 -7.75066e-06 -0.00293733 -5.26146e-05
5.6 4.14536e-06 2.17075e-05 -6.93745e-05 -2.26468e-05 -0.00173509 0.000542914
5.62 -6.30483e-06 3.97016e-05 -2.38532e-05 -3.74916e-05 -0.000596579 0.000992954
5.64 -1.58909e-05 5.60679e-05 1.61312e-05 -5.47913e-05 0.000403449 0.00140228
5.66 -2.44996e-05 7.36036e-05 5.1596e-05 -7.52707e-05 0.00129044 0.00184086
5.68 -3.19513e-05 9.11999e-05 8.06842e-05 -9.70001e-05 0.00201795 0.00228095
5.7 -3.79783e-05 0.000104754 0.00010361 -0.000115946 0.00259133 0.00261994
5.72 -4.23396e-05 0.000111455 0.000121807 -0.000127409 0.00304644 0.00278754
5.74 -4.49791e-05 0.000111399 0.000132346 -0.000127705 0.00331003 0.00278614
5.76 -4.60546e-05 0.000106934 0.000130637 -0.000115429 0.00326729 0.00267447
5.78 -4.58103e-05 0.000100644 0.000115672 -9.19266e-05 0.002893 0.00251716
5.8 -4.44452e-05 9.38189e-05 8.89294e-05 -6.10153e-05 0.00222416 0.00234645
5.82 -4.20794e-05 8.70305e-05 5.37947e-05 -2.79791e-05 0.00134543 0.00217667
5.84 -3.87946e-05 8.02002e-05 1.49824e-05 1.98344e-06 0.000374717 0.00200584
5.86 -3.46663e-05 7.39064e-05 -2.71315e-05 2.52681e-05 -0.00067857 0.00184843
5.88 -2.97654e-05 6.89032e-05 -7.43376e-05 4.06398e-05 -0.00185922 0.0017233
5.9 -2.4144e-05 6.48231e-05 -0.000123562 4.89399e-05 -0.00309035 0.00162125
5.92 -1.77952e-05 6.24523e-05 -0.000169352 5.22392e-05 -0.00423557 0.00156196
5.94 -1.06338e-05 6.19939e-05 -0.000209544 5.29064e-05 -0.00524078 0.00155049
5.96 -2.55381e-06 5.87423e-05 -0.000241725 5.23167e-05 -0.00604564 0.00146917
5.98 6.46095e-06 4.65865e-05 -0.000258292 5.00006e-05 -0.00645999 0.00116515
6 1.61396e-05 2.22092e-05 -0.000256363 4.44172e-05 -0.00641174 0.000555461
6.02 2.57061e-05 -1.34172e-05 -0.000243221 3.43386e-05 -0.00608306 -0.000335571
6.04 3.39308e-05 -5.18321e-05 -0.000223689 1.95909e-05 -0.00559455 -0.00129634
6.06 3.96791e-05 -7.82991e-05 -0.00019035 1.66543e-06 -0.00476072 -0.00195829
6.08 4.25716e-05 -8.58224e-05 -0.000141314 -1.60837e-05 -0.00353432 -0.00214646
6.1 4.31539e-05 -8.29545e-05 -9.04258e-05 -2.96358e-05 -0.00226159 -0.00207473
6.12 4.24582e-05 -8.24468e-05 -4.38446e-05 -3.56513e-05 -0.00109657 -0.00206203
6.14 4.12063e-05 -9.30859e-05 8.24364e-06 -3.2263e-05 0.000206177 -0.00232812
6.16 3.9253e-05 -0.000114741 7.54353e-05 -2.05048e-05 0.00188667 -0.00286971
6.18 3.57578e-05 -0.000135576 0.000154235 -5.11509e-06 0.00385749 -0.00339081
6.2 2.9973e-05 -0.000142978 0.000239033 7.29692e-06 0.00597832 -0.00357593
6.22 2.18659e-05 -0.00013615 0.000325211 1.14833e-05 0.00813367 -0.00340516
6.24 1.20246e-05 -0.000122955 0.000400897 6.38495e-06 0.0100266 -0.00307514
6.26 1.14575e-06 -0.000109934 0.00046078 -3.79343e-06 0.0115243 -0.0027495
6.28 -1.02915e-05 -9.83344e-05 0.0005104 -1.24274e-05 0.0127653 -0.00245938
6.3 -2.18289e-05 -8.35571e-05 0.000556106 -1.58077e-05 0.0139084 -0.0020898
6.32 -3.34396e-05 -5.95012e-05 0.00060128 -1.51236e-05 0.0150383 -0.00148815
6.34 -4.56581e-05 -2.53265e-05 0.000635953 -1.30188e-05 0.0159055 -0.000633426
6.36 -5.79596e-05 1.25652e-05 0.000638921 -9.20602e-06 0.0159797 0.00031426
6.38 -6.9006e-05 4.57927e-05 0.000615723 -2.48832e-07 0.0153995 0.00114529
6.4 -7.81112e-05 7.09952e-05 0.000591015 1.60853e-05 0.0147815 0.00177562
6.42 -8.53426e-05 9.13479e-05 0.000562259 3.65472e-05 0.0140623 0.00228465
6.44 -9.0711e-05 0.000112148 0.000516436 5.31185e-05 0.0129163 0.00280486
6.46 -9.35484e-05 0.000136066 0.000455826 5.88835e-05 0.0114004 0.00340306
6.48 -9.31274e-05 0.000160758 0.000381488 5.40203e-05 0.00954117 0.00402062
6.5 -8.91301e-05 0.000177896 0.000293606 4.58766e-05 0.00734322 0.00444925
6.52 -8.18221e-05 0.000179757 0.000203698 4.29042e-05 0.00509458 0.00449581
6.54 -7.17925e-05 0.000166749 0.000121573 4.86334e-05 0.00304059 0.00417047
6.56 -5.99971e-05 0.000145353 4.34645e-05 6.0842e-05 0.00108707 0.00363535
6.58 -4.75325e-05 0.00012332 -4.11132e-05 7.53735e-05 -0.00102826 0.00308428
6.6 -3.51035e-05 0.000104983 -0.000135792 9.0308e-05 -0.0033962 0.00262566
6.62 -2.30599e-05 8.76026e-05 -0.000230925 0.00010617 -0.00577552 0.00219098
6.64 -1.14453e-05 6.62869e-05 -0.000314994 0.000121454 -0.00787814 0.00165786
6.66 -1.12635e-07 4.26962e-05 -0.000382735 0.000129057 -0.00957236 0.00106785
6.68 1.11972e-05 2.26437e-05 -0.000429307 0.000119522 -0.0107371 0.000566327
6.7 2.2717e-05 8.72228e-06 -0.000454214 8.85058e-05 -0.0113601 0.000218148
6.72 3.45281e-05 -5.39227e-08 -0.000468437 4.16231e-05 -0.0117158 -1.34863e-06
6.74 4.63562e-05 -7.11872e-06 -0.000472536 -7.95507e-06 -0.0118183 -0.000178042
6.76 5.78224e-05 -1.77165e-05 -0.000458251 -4.83794e-05 -0.011461 -0.000443098
6.78 6.83061e-05 -3.45306e-05 -0.000435692 -7.55289e-05 -0.0108968 -0.000863624
6.8 7.72311e-05 -5.50226e-05 -0.000413395 -9.11828e-05 -0.0103392 -0.00137614
6.82 8.42881e-05 -7.6054e-05 -0.000387602 -9.83072e-05 -0.00969409 -0.00190214
6.84 8.91166e-05 -9.69939e-05 -0.000361836 -9.93362e-05 -0.00904968 -0.00242586
6.86 9.13647e-05 -0.000116036 -0.000343848 -9.61167e-05 -0.00859978 -0.0029021
6.88 9.09208e-05 -0.000129575 -0.000330396 -8.90003e-05 -0.00826333 -0.00324071
6.9 8.76472e-05 -0.000138047 -0.000303463 -7.77226e-05 -0.00758974 -0.0034526
6.92 8.1757e-05 -0.000144024 -0.000244094 -6.57696e-05 -0.00610489 -0.0036021
6.94 7.41602e-05 -0.000144836 -0.000159076 -6.08995e-05 -0.00397856 -0.00362242
6.96 6.58131e-05 -0.000140158 -7.09413e-05 -6.59443e-05 -0.00177427 -0.00350542
6.98 5.71078e-05 -0.000138932 1.80046e-05 -7.11364e-05 0.000450303 -0.00347474
7 4.75367e-05 -0.000143431 0.00011602 -6.18982e-05 0.00290171 -0.00358728
7.02 3.65217e-05 -0.000140791 0.000212356 -3.39527e-05 0.0053111 -0.00352125
7.04 2.41714e-05 -0.000122833 0.000288132 3.29486e-06 0.00720631 -0.00307211
7.06 1.1289e-05 -9.70389e-05 0.000336626 3.72743e-05 0.00841916 -0.00242698
7.08 -1.25634e-06 -7.26985e-05 0.000357737 6.22099e-05 0.00894715 -0.00181822
7.1 -1.30414e-05 -5.06198e-05 0.000354944 7.84686e-05 0.0088773 -0.00126602
7.12 -2.40521e-05 -2.62692e-05 0.000340755 8.56719e-05 0.00852242 -0.000657005
7.14 -3.42515e-05 3.89007e-06 0.000326087 7.96848e-05 0.00815557 9.72923e-05
7.16 -4.32189e-05 3.8968e-05 0.00031 5.71837e-05 0.00775324 0.000974606
7.18 -5.03228e-05 7.26874e-05 0.000290326 2.26304e-05 0.00726119 0.00181794
7.2 -5.50966e-05 9.57899e-05 0.000272768 -1.03917e-05 0.00682203 0.00239575
7.22 -5.76436e-05 0.000103252 0.000262381 -2.63498e-05 0.00656227 0.00258238
7.24 -5.84681e-05 9.91965e-05 0.000253317 -1.7373e-05 0.00633556 0.00248095
7.26 -5.80268e-05 9.24052e-05 0.000232575 1.36681e-05 0.00581679 0.00231109
7.28 -5.65906e-05 8.68256e-05 0.000192379 5.77271e-05 0.00481149 0.00217154
7.3 -5.42244e-05 8.09288e-05 0.000134424 0.000104765 0.00336201 0.00202406
7.32 -5.09275e-05 7.47621e-05 6.45854e-05 0.000145122 0.00161531 0.00186983
7.34 -4.67128e-05 7.083e-05 -1.03005e-05 0.000169391 -0.00025762 0.00177149
7.36 -4.16167e-05 7.15252e-05 -8.41056e-05 0.000169641 -0.00210352 0.00178887
7.38 -3.5602e-05 7.85618e-05 -0.000154418 0.000141669 -0.00386206 0.00196486
7.4 -2.85317e-05 9.07941e-05 -0.000220125 8.69348e-05 -0.00550542 0.0022708
7.42 -2.0298e-05 0.000103001 -0.000275551 1.3494e-05 -0.00689164 0.00257609
7.44 -1.10021e-05 0.000109225 -0.000311224 -6.49578e-05 -0.00778385 0.00273176
7.46 -1.00312e-06 0.000106731 -0.000321164 -0.000132897 -0.00803245 0.00266939
7.48 9.16679e-06 9.50391e-05 -0.000307056 -0.000178402 -0.00767959 0.00237697
7.5 1.89556e-05 7.3839e-05 -0.00027747 -0.000196556 -0.00693964 0.00184674
7.52 2.78796e-05 4.43746e-05 -0.000244281 -0.000188582 -0.00610956 0.00110983
7.54 3.54771e-05 9.36996e-06 -0.000214823 -0.000159045 -0.00537282 0.000234347
7.56 4.12582e-05 -2.72261e-05 -0.00018824 -0.00011475 -0.00470796 -0.000680937
7.58 4.48482e-05 -6.02463e-05 -0.000160162 -6.51009e-05 -0.00400573 -0.00150679
7.6 4.61756e-05 -8.59362e-05 -0.000127561 -2.10096e-05 -0.00319037 -0.0021493
7.62 4.55221e-05 -0.000103613 -9.02847e-05 8.61224e-06 -0.00225806 -0.0025914
7.64 4.33706e-05 -0.000114634 -4.97738e-05 2.07277e-05 -0.00124486 -0.00286706
7.66 4.01749e-05 -0.000120402 -6.11182e-06 1.94493e-05 -0.000152859 -0.00301129
7.68 3.62364e-05 -0.000122267 4.32048e-05 1.33694e-05 0.00108057 -0.00305794
7.7 3.16329e-05 -0.00012201 9.99262e-05 1.06292e-05 0.0024992 -0.00305152
7.72 2.62393e-05 -0.000120081 0.000160721 1.53138e-05 0.00401971 -0.00300328
7.74 1.9911e-05 -0.000114526 0.000217809 2.7361e-05 0.00544748 -0.00286433
7.76 1.26174e-05 -0.000102539 0.000262732 4.49103e-05 0.00657104 -0.00256454
7.78 4.44691e-06 -8.41347e-05 0.000289418 6.61683e-05 0.00723846 -0.00210424
7.8 -4.41735e-06 -6.27461e-05 0.000296571 8.88883e-05 0.00741736 -0.00156931
7.82 -1.37241e-05 -4.10242e-05 0.00028793 0.000108855 0.00720125 -0.00102603
7.84 -2.32298e-05 -1.97581e-05 0.000270356 0.000120318 0.00676173 -0.000494159
7.86 -3.27117e-05 2.50913e-06 0.000251459 0.000118799 0.00628909 6.27544e-05
7.88 -4.17937e-05 2.9128e-05 0.000235346 0.00010387 0.0058861 0.000728503
7.9 -4.98258e-05 5.96406e-05 0.000220054 7.96049e-05 0.00550364 0.00149164
7.92 -5.60041e-05 8.73623e-05 0.000201052 5.26207e-05 0.00502839 0.00218497
7.94 -5.9698e-05 0.000105576 0.000175897 2.92576e-05 0.00439927 0.00264051
7.96 -6.07536e-05 0.000114332 0.000145783 1.33241e-05 0.00364609 0.00285948
7.98 -5.95393e-05 0.000118115 0.00011435 5.01125e-06 0.00285995 0.00295411
8 -5.66708e-05 0.000120515 8.30603e-05 1.37441e-06 0.00207737 0.00301414
8.02 -5.26203e-05 0.000123469 4.80493e-05 -1.60967e-06 0.00120173 0.003088
8.04 -4.75772e-05 0.000126735 3.86237e-06 -6.86362e-06 9.65995e-05 0.00316968
8.06 -4.16128e-05 0.00012796 -5.02673e-05 -1.57358e-05 -0.00125721 0.00320034
8.08 -3.48645e-05 0.000125357 -0.000108255 -2.90158e-05 -0.00270749 0.00313524
8.1 -2.75185e-05 0.000120132 -0.000160687 -4.76172e-05 -0.00401885 0.00300455
8.12 -1.96491e-05 0.000114561 -0.000200767 -7.18476e-05 -0.00502127 0.00286521
8.14 -1.11326e-05 0.000107861 -0.000227863 -9.97316e-05 -0.00569895 0.00269765
8.16 -1.75541e-06 9.67672e-05 -0.000244197 -0.000125682 -0.00610746 0.00242019
8.18 8.54146e-06 7.78142e-05 -0.000249062 -0.000141187 -0.00622914 0.00194617
8.2 1.94639e-05 4.85464e-05 -0.000240186 -0.000138351 -0.00600716 0.00121417
8.22 3.03748e-05 1.00247e-05 -0.000219764 -0.000114215 -0.00549639 0.000250721
8.24 4.04875e-05 -3.27309e-05 -0.000193986 -7.21794e-05 -0.00485168 -0.000818614
8.26 4.91105e-05 -7.36724e-05 -0.000168212 -1.98023e-05 -0.00420706 -0.00184258
8.28 5.57944e-05 -0.000108763 -0.000146405 3.45044e-05 -0.00366165 -0.00272022
8.3 6.03406e-05 -0.000136759 -0.000130431 8.34346e-05 -0.00326214 -0.0034204
8.32 6.27367e-05 -0.000157815 -0.00011711 0.000121119 -0.00292896 -0.00394702
8.34 6.30825e-05 -0.0001719 -9.97823e-05 0.000143013 -0.0024956 -0.00429929
8.36 6.15595e-05 -0.000177807 -7.33804e-05 0.000146706 -0.00183527 -0.00444702
8.38 5.84388e-05 -0.000175045 -3.61495e-05 0.000133683 -0.000904115 -0.00437796
8.4 5.40677e-05 -0.00016614 1.11832e-05 0.000110238 0.000279697 -0.00415522
8.42 4.87711e-05 -0.000154789 6.5416e-05 8.58709e-05 0.00163608 -0.00387134
8.44 4.2752e-05 -0.000143813 0.000121003 6.94716e-05 0.00302633 -0.00359684
8.46 3.60811e-05 -0.000134354 0.000171258 6.54253e-05 0.00428323 -0.00336024
8.48 2.87275e-05 -0.000125308 0.000210488 7.23051e-05 0.00526439 -0.003134
8.5 2.06003e-05 -0.000114231 0.000235855 8.4816e-05 0.00589883 -0.00285696
8.52 1.16225e-05 -9.87907e-05 0.000247617 9.67659e-05 0.00619301 -0.0024708
8.54 1.84448e-06 -7.77191e-05 0.000248781 0.000102813 0.00622211 -0.00194379
8.56 -8.45735e-06 -5.09692e-05 0.000243729 9.90043e-05 0.00609577 -0.00127476
8.58 -1.87561e-05 -1.96446e-05 0.000234633 8.30241e-05 0.00586827 -0.00049132
8.6 -2.83677e-05 1.42025e-05 0.00022022 5.45822e-05 0.0055078 0.000355211
8.62 -3.66332e-05 4.82774e-05 0.000199656 1.61494e-05 0.00499347 0.00120744
8.64 -4.30682e-05 7.98268e-05 0.00017486 -2.64136e-05 0.00437332 0.0019965
8.66 -4.7413e-05 0.000105593 0.000148141 -6.48301e-05 0.00370508 0.00264093
8.68 -4.96204e-05 0.000123283 0.000120058 -9.1377e-05 0.00300269 0.00308335
8.7 -4.9822e-05 0.000132942 8.95548e-05 -0.000101894 0.0022398 0.00332492
8.72 -4.82757e-05 0.000136322 5.50798e-05 -9.68095e-05 0.00137757 0.00340947
8.74 -4.53098e-05 0.000134687 1.50897e-05 -8.02709e-05 0.000377401 0.00336857
8.76 -4.12825e-05 0.000129001 -3.14607e-05 -5.85874e-05 -0.000786845 0.00322636
8.78 -3.65504e-05 0.000121198 -8.3088e-05 -3.86665e-05 -0.00207807 0.00303122
8.8 -3.13969e-05 0.000113842 -0.000134932 -2.66053e-05 -0.0033747 0.00284724
8.82 -2.59539e-05 0.000109342 -0.000181416 -2.61678e-05 -0.00453728 0.00273468
8.84 -2.01989e-05 0.000107444 -0.000218707 -3.71706e-05 -0.00546994 0.00268722
8.86 -1.39851e-05 0.000104065 -0.000243739 -5.49557e-05 -0.00609602 0.0026027
8.88 -7.11886e-06 9.49425e-05 -0.000254875 -7.18308e-05 -0.00637452 0.00237455
8.9 4.91019e-07 7.83162e-05 -0.000253984 -7.97376e-05 -0.00635224 0.00195872
8.92 8.70341e-06 5.41007e-05 -0.000243513 -7.30001e-05 -0.00609035 0.00135308
8.94 1.71449e-05 2.30397e-05 -0.00022352 -5.03406e-05 -0.00559032 0.000576233
8.96 2.53133e-05 -1.27453e-05 -0.000194519 -1.52585e-05 -0.00486501 -0.000318765
8.98 3.26764e-05 -4.98396e-05 -0.000160814 2.53773e-05 -0.00402203 -0.00124651
9 3.87273e-05 -8.43647e-05 -0.000128147 6.32992e-05 -0.00320501 -0.00211
9.02 4.30293e-05 -0.000111457 -9.96606e-05 9.06042e-05 -0.00249255 -0.00278758
9.04 4.52909e-05 -0.000126769 -7.35017e-05 0.000101736 -0.00183831 -0.00317056
9.06 4.54601e-05 -0.000130448 -4.32445e-05 9.53271e-05 -0.00108156 -0.00326255
9.08 4.37475e-05 -0.000127632 -2.51632e-06 7.4605e-05 -6.29344e-05 -0.00319212
9.1 4.05416e-05 -0.000123185 5.104e-05 4.62888e-05 0.00127653 -0.0030809
9.12 3.62636e-05 -0.00011789 0.000111415 1.90072e-05 0.00278654 -0.00294848
9.14 3.12345e-05 -0.000111052 0.000165609 1.2974e-06 0.00414195 -0.00277746
9.16 2.56677e-05 -0.000102639 0.000206246 -1.08073e-06 0.0051583 -0.00256704
9.18 1.97813e-05 -9.32405e-05 0.000237712 1.25346e-05 0.00594528 -0.00233198
9.2 1.38288e-05 -8.49396e-05 0.000266252 3.71421e-05 0.00665907 -0.00212438
9.22 7.95954e-06 -8.03507e-05 0.000290986 6.37698e-05 0.00727768 -0.0020096
9.24 2.05011e-06 -7.9589e-05 0.000308355 8.30029e-05 0.00771209 -0.00199055
9.26 -4.25e-06 -7.63521e-05 0.000317618 8.88818e-05 0.00794377 -0.0019096
9.28 -1.11968e-05 -6.06441e-05 0.000318329 8.09153e-05 0.00796155 -0.00151673
9.3 -1.8614e-05 -3.10315e-05 0.000307751 6.25607e-05 0.00769698 -0.000776111
9.32 -2.58542e-05 2.50003e-06 0.000285635 3.78072e-05 0.00714385 6.25269e-05
9.34 -3.20938e-05 3.04e-05 0.000257894 1.01166e-05 0.00645003 0.000760316
9.36 -3.67729e-05 5.07372e-05 0.000229201 -1.57128e-05 0.00573241 0.00126896
9.38 -3.98429e-05 6.51669e-05 0.000198868 -3.32466e-05 0.00497378 0.00162985
9.4 -4.15612e-05 7.57595e-05 0.000167689 -3.76107e-05 0.00419396 0.00189478
9.42 -4.20969e-05 8.44941e-05 0.000137932 -2.85877e-05 0.00344974 0.00211323
9.44 -4.13991e-05 9.04904e-05 0.000106225 -1.06662e-05 0.00265672 0.0022632
9.46 -3.93935e-05 9.15932e-05 6.75507e-05 9.21568e-06 0.00168947 0.00229078
9.48 -3.61907e-05 8.8809e-05 2.32347e-05 2.4461e-05 0.00058111 0.00222115
9.5 -3.20678e-05 8.54774e-05 -2.23983e-05 3.0523e-05 -0.000560191 0.00213783
9.52 -2.72664e-05 8.37739e-05 -6.70508e-05 2.49155e-05 -0.00167697 0.00209522
9.54 -2.18601e-05 8.29944e-05 -0.000108434 7.07547e-06 -0.00271197 0.00207572
9.56 -1.57905e-05 8.17333e-05 -0.000142477 -2.04756e-05 -0.00356341 0.00204418
9.58 -9.00834e-06 7.82103e-05 -0.000165807 -5.11843e-05 -0.00414689 0.00195607
9.6 -1.59505e-06 6.89807e-05 -0.000178104 -7.61506e-05 -0.00445445 0.00172524
9.62 6.21735e-06 5.11726e-05 -0.000181023 -8.77675e-05 -0.00452745 0.00127985
9.64 1.40623e-05 2.49438e-05 -0.000175727 -8.25675e-05 -0.00439501 0.000623854
9.66 2.14539e-05 -5.70971e-06 -0.000163323 -6.19058e-05 -0.00408477 -0.000142802
9.68 2.78365e-05 -3.56111e-05 -0.000146545 -3.08367e-05 -0.00366514 -0.000890649
9.7 3.27352e-05 -6.10493e-05 -0.000128334 3.87206e-06 -0.0032097 -0.00152687
9.72 3.59179e-05 -8.03117e-05 -0.000109505 3.55598e-05 -0.00273876 -0.00200863
9.74 3.73907e-05 -9.39354e-05 -8.94433e-05 5.87086e-05 -0.00223701 -0.00234936
9.76 3.72283e-05 -0.000103037 -6.68326e-05 6.95672e-05 -0.00167151 -0.00257699
9.78 3.54394e-05 -0.000107132 -3.87093e-05 6.69974e-05 -0.000968136 -0.00267942
9.8 3.20251e-05 -0.000104106 -2.17598e-06 5.3106e-05 -5.44221e-05 -0.00260375
9.82 2.71629e-05 -9.29446e-05 4.13782e-05 3.27829e-05 0.00103489 -0.00232458
9.84 2.12951e-05 -7.63929e-05 8.52256e-05 1.22515e-05 0.00213153 -0.00191062
9.86 1.49911e-05 -5.98522e-05 0.000122841 -2.5711e-06 0.00307231 -0.00149693
9.88 8.65589e-06 -4.7767e-05 0.000153227 -7.56636e-06 0.00383227 -0.00119467
9.9 2.32708e-06 -4.05657e-05 0.000179367 -1.73478e-06 0.00448604 -0.00101457
9.92 -4.24072e-06 -3.4588e-05 0.000203691 1.22441e-05 0.00509441 -0.00086506
9.94 -1.12704e-05 -2.55323e-05 0.00022595 2.89944e-05 0.0056511 -0.000638573
9.96 -1.86964e-05 -1.14701e-05 0.000242906 4.28463e-05 0.00607519 -0.000286871
9.98 -2.61585e-05 5.99951e-06 0.000250097 5.02737e-05 0.00625504 0.00015005
10 -3.32203e-05 2.30706e-05 0.000246974 5.06249e-05 0.00617693 0.000577006
10.02 -3.9553e-05 3.84076e-05 0.000238804 4.49607e-05 0.00597258 0.00096059
10.04 -4.49255e-05 5.37301e-05 0.000231112 3.45747e-05 0.00578021 0.00134381
10.06 -4.9053e-05 7.02352e-05 0.0002241 2.06029e-05 0.00560484 0.00175661
10.08 -5.15132e-05 8.64037e-05 0.000213453 4.84507e-06 0.00533856 0.00216099
10.1 -5.18657e-05 9.85449e-05 0.000195362 -9.41661e-06 0.00488608 0.00246465
10.12 -4.99002e-05 0.000103108 0.000170103 -1.82659e-05 0.00425435 0.00257878
10.14 -4.58242e-05 9.86595e-05 0.000140482 -1.97527e-05 0.00351352 0.00246751
10.16 -4.01903e-05 8.83316e-05 0.00010938 -1.586e-05 0.00273565 0.00220921
10.18 -3.36181e-05 7.73915e-05 7.85121e-05 -1.15202e-05 0.00196362 0.00193559
10.2 -2.65357e-05 6.80072e-05 4.64922e-05 -1.13242e-05 0.00116279 0.00170089
10.22 -1.91273e-05 5.89639e-05 1.03403e-05 -1.64923e-05 0.000258616 0.00147471
10.24 -1.14673e-05 4.86572e-05 -2.96052e-05 -2.42324e-05 -0.000740439 0.00121694
10.26 -3.66727e-06 3.58795e-05 -6.81578e-05 -3.00884e-05 -0.00170465 0.000897361
10.28 4.07914e-06 1.99455e-05 -9.94925e-05 -3.13601e-05 -0.00248835 0.000498845
10.3 1.15671e-05 2.59925e-06 -0.000121676 -2.81128e-05 -0.00304316 6.50084e-05
10.32 1.86574e-05 -1.3882e-05 -0.000136403 -2.11129e-05 -0.00341149 -0.000347194
10.34 2.52521e-05 -2.98879e-05 -0.000145807 -9.9925e-06 -0.00364668 -0.000747508
10.36 3.12066e-05 -4.68777e-05 -0.00014957 6.07207e-06 -0.00374081 -0.00117243
10.38 3.62813e-05 -6.46218e-05 -0.000145911 2.64059e-05 -0.00364929 -0.00161622
10.4 4.01667e-05 -8.1658e-05 -0.000134875 4.75921e-05 -0.00337329 -0.0020423
10.42 4.25623e-05 -9.5577e-05 -0.000118213 6.4078e-05 -0.00295656 -0.00239042
10.44 4.32581e-05 -0.000103842 -9.83247e-05 7.0846e-05 -0.00245914 -0.00259714
10.46 4.2166e-05 -0.00010584 -7.67362e-05 6.63593e-05 -0.0019192 -0.00264711
10.48 3.93132e-05 -0.000102417 -5.18281e-05 5.31908e-05 -0.00129624 -0.00256149
10.5 3.48294e-05 -9.4681e-05 -2.07164e-05 3.59856e-05 -0.000518125 -0.00236801
10.52 2.89465e-05 -8.33401e-05 1.67056e-05 1.88734e-05 0.000417813 -0.00208437
10.54 2.1991e-05 -6.9147e-05 5.77103e-05 4.45035e-06 0.00144336 -0.0017294
10.56 1.43381e-05 -5.39488e-05 0.000100523 -5.53338e-06 0.00251413 -0.00134928
10.58 6.32912e-06 -4.02423e-05 0.000144791 -9.31835e-06 0.00362128 -0.00100648
10.6 -1.80351e-06 -2.94455e-05 0.000188817 -5.52661e-06 0.0047224 -0.000736444
10.62 -9.93465e-06 -2.06348e-05 0.000229479 5.36245e-06 0.00573936 -0.000516085
10.64 -1.79513e-05 -1.11982e-05 0.000262836 2.00598e-05 0.00657363 -0.000280072
10.66 -2.56344e-05 1.5363e-06 0.000283815 3.34482e-05 0.00709833 3.84235e-05
10.68 -3.26283e-05 1.78257e-05 0.000288536 4.09967e-05 0.0072164 0.000445827
10.7 -3.85392e-05 3.46291e-05 0.000279258 4.05853e-05 0.00698437 0.000866087
10.72 -4.30751e-05 4.91406e-05 0.000263269 3.26188e-05 0.00658447 0.00122903
10.74 -4.61141e-05 6.15262e-05 0.000245076 1.91255e-05 0.00612945 0.0015388
10.76 -4.76391e-05 7.32361e-05 0.000223706 2.8691e-06 0.00559497 0.00183166
10.78 -4.76357e-05 8.43643e-05 0.000197159 -1.30404e-05 0.00493102 0.00210999
10.8 -4.60564e-05 9.2821e-05 0.000165046 -2.51188e-05 0.00412786 0.00232149
10.82 -4.2907e-05 9.54388e-05 0.000127412 -2.98745e-05 0.00318662 0.00238696
10.84 -3.83831e-05 9.04424e-05 8.55206e-05 -2.5223e-05 0.00213891 0.002262
10.86 -3.28632e-05 7.98332e-05 4.28257e-05 -1.20854e-05 0.00107109 0.00199666
10.88 -2.67349e-05 6.83813e-05 9.83067e-07 5.52765e-06 2.45868e-05 0.00171024
10.9 -2.0212e-05 5.91459e-05 -4.25041e-05 2.23177e-05 -0.00106304 0.00147926
10.92 -1.33054e-05 5.09121e-05 -8.79768e-05 3.39895e-05 -0.00220034 0.00127333
10.94 -5.97188e-06 4.00686e-05 -0.000129776 3.84277e-05 -0.00324575 0.00100213
10.96 1.68917e-06 2.52785e-05 -0.000162023 3.54063e-05 -0.00405226 0.000632226
10.98 9.3655e-06 8.88762e-06 -0.000183598 2.57315e-05 -0.00459185 0.000222283
11 1.66363e-05 -6.1543e-06 -0.000196587 1.08368e-05 -0.00491671 -0.000153922
11.02 2.31632e-05 -1.75336e-05 -0.000202713 -6.76843e-06 -0.00506993 -0.000438524
11.04 2.87937e-05 -2.49578e-05 -0.000202265 -2.29432e-05 -0.00505873 -0.000624205
11.06 3.34931e-05 -3.18346e-05 -0.000194458 -3.2863e-05 -0.00486346 -0.000796196
11.08 3.71986e-05 -4.22367e-05 -0.00017799 -3.35028e-05 -0.00445161 -0.00105636
11.1 3.97319e-05 -5.65479e-05 -0.000151982 -2.54258e-05 -0.00380113 -0.00141429
11.12 4.08253e-05 -7.15247e-05 -0.000117732 -1.23234e-05 -0.00294452 -0.00178886
11.14 4.02289e-05 -8.29027e-05 -7.96994e-05 1.04542e-06 -0.00199332 -0.00207343
11.16 3.7857e-05 -8.74759e-05 -4.0855e-05 1.10208e-05 -0.0010218 -0.00218781
11.18 3.38804e-05 -8.56241e-05 8.65521e-07 1.60474e-05 2.1647e-05 -0.0021415
11.2 2.86815e-05 -8.07242e-05 4.74111e-05 1.62336e-05 0.00118577 -0.00201894
11.22 2.26953e-05 -7.553e-05 9.65847e-05 1.26226e-05 0.00241562 -0.00188904
11.24 1.62492e-05 -7.06518e-05 0.000145778 7.1007e-06 0.00364598 -0.00176703
11.26 9.51866e-06 -6.47998e-05 0.000194175 2.43615e-06 0.00485639 -0.00162067
11.28 2.60874e-06 -5.60346e-05 0.000238849 1.76223e-06 0.00597372 -0.00140145
11.3 -4.32052e-06 -4.38058e-05 0.00027436 7.50668e-06 0.00686185 -0.0010956
11.32 -1.10109e-05 -3.06423e-05 0.000298725 2.01323e-05 0.00747124 -0.000766377
11.34 -1.71949e-05 -2.03597e-05 0.000314681 3.74639e-05 0.00787031 -0.000509205
11.36 -2.27386e-05 -1.4074e-05 0.000323472 5.54357e-05 0.00809018 -0.000351997
11.38 -2.76986e-05 -9.32193e-06 0.000322833 6.98334e-05 0.00807419 -0.000233145
11.4 -3.22096e-05 -2.02846e-06 0.000312077 7.76596e-05 0.00780518 -5.07327e-05
11.42 -3.62862e-05 1.02832e-05 0.000294217 7.76432e-05 0.00735848 0.000257186
11.44 -3.96893e-05 2.70965e-05 0.000271503 7.0431e-05 0.0067904 0.000677696
11.46 -4.19658e-05 4.53526e-05 0.000243978 5.8562e-05 0.00610199 0.00113429
11.48 -4.26765e-05 5.93377e-05 0.000214113 4.55458e-05 0.00535505 0.00148406
11.5 -4.16417e-05 6.41815e-05 0.000184683 3.42369e-05 0.00461899 0.00160521
11.52 -3.90412e-05 6.20435e-05 0.000151454 2.6093e-05 0.00378794 0.00155173
11.54 -3.52801e-05 6.0683e-05 0.000108629 2.16523e-05 0.00271685 0.00151771
11.56 -3.07223e-05 6.27799e-05 5.91567e-05 2.04441e-05 0.00147953 0.00157015
11.58 -2.55319e-05 6.34802e-05 9.45636e-06 2.01812e-05 0.000236508 0.00158767
11.6 -1.97258e-05 6.01458e-05 -4.08208e-05 1.76205e-05 -0.00102095 0.00150427
11.62 -1.33736e-05 5.4324e-05 -9.32763e-05 1.07751e-05 -0.00233288 0.00135867
11.64 -6.7188e-06 4.75552e-05 -0.000142669 -6.46199e-07 -0.00356822 0.00118938
11.66 -7.91144e-08 4.19659e-05 -0.00018355 -1.62276e-05 -0.00459065 0.00104959
11.68 6.36158e-06 3.91605e-05 -0.00021458 -3.46925e-05 -0.00536674 0.00097942
11.7 1.26158e-05 3.64082e-05 -0.000233835 -5.33579e-05 -0.00584831 0.000910584
11.72 1.87388e-05 2.8903e-05 -0.000239443 -6.88569e-05 -0.00598858 0.000722876
11.74 2.4644e-05 1.57721e-05 -0.000234245 -7.80539e-05 -0.00585857 0.000394467
11.76 3.00618e-05 -3.88985e-07 -0.000224103 -7.83992e-05 -0.00560492 -9.72869e-06
11.78 3.46578e-05 -1.70942e-05 -0.000211914 -6.87981e-05 -0.00530007 -0.000427533
11.8 3.8183e-05 -3.32523e-05 -0.000196666 -5.07459e-05 -0.0049187 -0.000831654
11.82 4.05232e-05 -4.9142e-05 -0.000176202 -2.81528e-05 -0.00440688 -0.00122906
11.84 4.16415e-05 -6.47725e-05 -0.000148733 -5.68145e-06 -0.00371986 -0.00161999
11.86 4.15072e-05 -7.85162e-05 -0.000114167 1.30903e-05 -0.00285536 -0.00196372
11.88 4.0098e-05 -8.85815e-05 -7.45784e-05 2.6436e-05 -0.00186524 -0.00221546
11.9 3.74414e-05 -9.43628e-05 -3.22016e-05 3.4082e-05 -0.000805376 -0.00236005
11.92 3.36335e-05 -9.5631e-05 1.3285e-05 3.67191e-05 0.000332264 -0.00239177
11.94 2.88132e-05 -9.30306e-05 6.46138e-05 3.60134e-05 0.00161602 -0.00232673
11.96 2.31267e-05 -8.86742e-05 0.000122677 3.44755e-05 0.00306819 -0.00221778
11.98 1.67271e-05 -8.37912e-05 0.000183269 3.4936e-05 0.00458363 -0.00209565
12 9.80375e-06 -7.72939e-05 0.000238545 4.00562e-05 0.00596611 -0.00193315
12.02 2.58989e-06 -6.87305e-05 0.000283054 5.1519e-05 0.00707929 -0.00171898
12.04 -4.67206e-06 -5.99914e-05 0.000316793 6.86008e-05 0.00792311 -0.00150041
12.06 -1.17821e-05 -5.25971e-05 0.00034132 8.74688e-05 0.00853655 -0.00131548
12.08 -1.86089e-05 -4.56314e-05 0.000357919 0.000102415 0.0089517 -0.00114126
12.1 -2.50718e-05 -3.65821e-05 0.000367404 0.000108204 0.00918894 -0.000914934
12.12 -3.10815e-05 -2.33585e-05 0.00036929 0.000102076 0.00923609 -0.000584207
12.14 -3.64792e-05 -5.73367e-06 0.000363088 8.47154e-05 0.00908097 -0.000143402
12.16 -4.10236e-05 1.44959e-05 0.000350549 5.99003e-05 0.00876737 0.000362548
12.18 -4.44423e-05 3.41112e-05 0.000334206 3.28318e-05 0.00835864 0.000853135
12.2 -4.65549e-05 4.99523e-05 0.000314256 8.16001e-06 0.00785967 0.00124933
12.22 -4.73534e-05 6.10855e-05 0.000290018 -1.08947e-05 0.00725347 0.00152777
12.24 -4.69349e-05 6.91995e-05 0.000259996 -2.21643e-05 0.00650262 0.00173071
12.26 -4.54131e-05 7.60083e-05 0.000221155 -2.43665e-05 0.00553119 0.001901
12.28 -4.28532e-05 8.11964e-05 0.0001718 -1.81832e-05 0.00429678 0.00203076
12.3 -3.92539e-05 8.39629e-05 0.000112379 -7.3228e-06 0.00281065 0.00209995
12.32 -3.45982e-05 8.45979e-05 4.53518e-05 2.40939e-06 0.00113427 0.00211583
12.34 -2.89325e-05 8.33559e-05 -2.31991e-05 5.72773e-06 -0.00058022 0.00208477
12.36 -2.24114e-05 7.95166e-05 -8.51736e-05 -1.42009e-08 -0.00213023 0.00198874
12.38 -1.52682e-05 7.29788e-05 -0.000135911 -1.43097e-05 -0.0033992 0.00182523
12.4 -7.75448e-06 6.5157e-05 -0.000175862 -3.39468e-05 -0.00439838 0.0016296
12.42 -1.09753e-07 5.68428e-05 -0.000206995 -5.38664e-05 -0.00517703 0.00142166
12.44 7.42767e-06 4.67184e-05 -0.000229881 -6.85556e-05 -0.00574943 0.00116845
12.46 1.46017e-05 3.29955e-05 -0.000243052 -7.37064e-05 -0.00607884 0.000825232
12.48 2.11298e-05 1.54233e-05 -0.000245118 -6.741e-05 -0.0061305 0.000385743
12.5 2.67051e-05 -4.84888e-06 -0.000238158 -5.05565e-05 -0.00595642 -0.000121273
12.52 3.10336e-05 -2.55548e-05 -0.000226371 -2.64767e-05 -0.00566163 -0.000639136
12.54 3.39047e-05 -4.34071e-05 -0.0002123 1.15566e-07 -0.0053097 -0.00108563
12.56 3.52478e-05 -5.593e-05 -0.00019655 2.43963e-05 -0.00491579 -0.00139883
12.58 3.51364e-05 -6.32586e-05 -0.000177987 4.21941e-05 -0.00445152 -0.00158212
12.6 3.37481e-05 -6.6399e-05 -0.000153032 5.03729e-05 -0.00382741 -0.00166067
12.62 3.13316e-05 -6.53994e-05 -0.00011814 4.75414e-05 -0.00295474 -0.00163567
12.64 2.8157e-05 -6.10086e-05 -7.43605e-05 3.4907e-05 -0.00185979 -0.00152585
12.66 2.44441e-05 -5.52064e-05 -2.53948e-05 1.64231e-05 -0.000635135 -0.00138074
12.68 2.03221e-05 -4.96428e-05 2.79688e-05 -2.14447e-06 0.000699512 -0.00124159
12.7 1.58398e-05 -4.45031e-05 8.59059e-05 -1.50248e-05 0.00214854 -0.00111304
12.72 1.10142e-05 -3.98525e-05 0.000145801 -1.83866e-05 0.00364655 -0.000996727
12.74 5.88032e-06 -3.76865e-05 0.000204151 -1.13753e-05 0.0051059 -0.000942555
12.76 5.17534e-07 -3.98305e-05 0.000258978 4.29961e-06 0.00647716 -0.000996178
12.78 -4.96619e-06 -4.43689e-05 0.000305449 2.56385e-05 0.00763942 -0.00110968
12.8 -1.04602e-05 -4.68485e-05 0.000334562 4.91686e-05 0.00836754 -0.0011717
12.82 -1.58238e-05 -4.48375e-05 0.00034299 7.07962e-05 0.00857833 -0.0011214
12.84 -2.08058e-05 -3.77918e-05 0.00033678 8.59741e-05 0.008423 -0.000945188
12.86 -2.50352e-05 -2.59191e-05 0.000322953 9.12738e-05 0.00807719 -0.000648246
12.88 -2.81607e-05 -1.22471e-05 0.000303833 8.60346e-05 0.00759898 -0.000306304
12.9 -2.99513e-05 5.58863e-07 0.000280892 7.25947e-05 0.00702522 1.39774e-05
12.92 -3.03253e-05 1.32779e-05 0.000255942 5.54824e-05 0.00640121 0.000332085
12.94 -2.93593e-05 2.52988e-05 0.000226302 3.98213e-05 0.00565991 0.000632735
12.96 -2.72454e-05 3.34159e-05 0.000187514 2.92631e-05 0.00468982 0.000835745
12.98 -2.42714e-05 3.70607e-05 0.000140926 2.50939e-05 0.00352462 0.000926905
13 -2.07651e-05 3.85099e-05 9.1854e-05 2.66917e-05 0.00229731 0.000963148
13.02 -1.69955e-05 3.91148e-05 4.14013e-05 3.17293e-05 0.00103546 0.000978278
13.04 -1.30841e-05 3.9034e-05 -1.33299e-05 3.64931e-05 -0.000333386 0.000976258
13.06 -8.99255e-06 3.78072e-05 -7.11345e-05 3.74628e-05 -0.0017791 0.000945575
13.08 -4.65101e-06 3.47832e-05 -0.000125021 3.26956e-05 -0.00312684 0.000869941
13.1 -9.353e-08 3.10273e-05 -0.00016937 2.15994e-05 -0.00423601 0.000776007
13.12 4.54599e-06 2.826e-05 -0.000202692 4.35638e-06 -0.0050694 0.000706794
13.14 9.14951e-06 2.65606e-05 -0.000224236 -1.77009e-05 -0.00560824 0.000664292
13.16 1.3682e-05 2.49047e-05 -0.00023376 -4.13362e-05 -0.00584643 0.000622876
13.18 1.81081e-05 2.13969e-05 -0.000234403 -6.16415e-05 -0.00586251 0.000535145
13.2 2.2239e-05 1.3944e-05 -0.000231253 -7.38434e-05 -0.00578374 0.000348746
13.22 2.56994e-05 3.30305e-06 -0.000225277 -7.55769e-05 -0.00563428 8.26106e-05
13.24 2.80679e-05 -7.15418e-06 -0.000214353 -6.78882e-05 -0.00536105 -0.000178929
13.26 2.9084e-05 -1.43852e-05 -0.000198829 -5.44217e-05 -0.00497279 -0.000359779
13.28 2.87753e-05 -1.73909e-05 -0.000179739 -3.94896e-05 -0.00449535 -0.000434954
13.3 2.74275e-05 -1.79967e-05 -0.00015513 -2.63409e-05 -0.00387986 -0.000450106
13.32 2.54215e-05 -1.96269e-05 -0.000121765 -1.67337e-05 -0.00304539 -0.000490876
13.34 2.30403e-05 -2.48707e-05 -7.82022e-05 -1.14958e-05 -0.00195587 -0.000622026
13.36 2.03812e-05 -3.30836e-05 -2.46229e-05 -1.07246e-05 -0.000615828 -0.000827434
13.38 1.74122e-05 -4.106e-05 3.76971e-05 -1.31457e-05 0.000942821 -0.00102693
13.4 1.41094e-05 -4.62894e-05 0.000105397 -1.56144e-05 0.00263603 -0.00115772
13.42 1.05685e-05 -4.92524e-05 0.000173337 -1.36828e-05 0.00433524 -0.00123182
13.44 6.98337e-06 -5.34154e-05 0.00023573 -3.17763e-06 0.00589571 -0.00133594
13.46 3.47735e-06 -6.21121e-05 0.000287513 1.78354e-05 0.00719083 -0.00155345
13.48 -5.12469e-08 -7.44193e-05 0.000327036 4.76807e-05 0.0081793 -0.00186126
13.5 -3.86857e-06 -8.4117e-05 0.000354616 8.12937e-05 0.00886909 -0.0021038
13.52 -8.14791e-06 -8.47416e-05 0.000367793 0.000112034 0.00919865 -0.00211942
13.54 -1.27387e-05 -7.53639e-05 0.000363795 0.000133969 0.00909866 -0.00188488
13.56 -1.71883e-05 -6.02649e-05 0.000345302 0.000143599 0.00863614 -0.00150725
13.58 -2.10289e-05 -4.47531e-05 0.000319222 0.000140527 0.00798388 -0.00111929
13.6 -2.40553e-05 -3.10815e-05 0.000291583 0.000126866 0.00729262 -0.00077736
13.62 -2.63357e-05 -1.75419e-05 0.000265759 0.000105928 0.00664675 -0.00043873
13.64 -2.80085e-05 -1.40984e-06 0.000240981 8.12955e-05 0.00602702 -3.52606e-05
13.66 -2.90571e-05 1.75466e-05 0.000210315 5.67646e-05 0.00526007 0.000438849
13.68 -2.93421e-05 3.54172e-05 0.000167689 3.63291e-05 0.00419397 0.000885798
13.7 -2.88436e-05 4.75326e-05 0.000116507 2.30823e-05 0.0029139 0.00118881
13.72 -2.77901e-05 5.37528e-05 6.53713e-05 1.73011e-05 0.00163496 0.00134438
13.74 -2.65381e-05 5.83022e-05 1.80408e-05 1.54153e-05 0.000451207 0.00145816
13.76 -2.52933e-05 6.49484e-05 -2.84488e-05 1.13165e-05 -0.000711516 0.00162439
13.78 -2.39487e-05 7.40788e-05 -7.70602e-05 -3.10723e-07 -0.00192731 0.00185274
13.8 -2.21827e-05 8.42936e-05 -0.00012766 -2.0917e-05 -0.00319284 0.00210822
13.82 -1.97185e-05 9.38978e-05 -0.000177903 -4.78302e-05 -0.00444942 0.00234842
13.84 -1.649e-05 0.000101103 -0.000221975 -7.69215e-05 -0.00555168 0.00252862
13.86 -1.26056e-05 0.000104781 -0.000253328 -0.000105235 -0.00633584 0.00262061
13.88 -8.22285e-06 0.000105286 -0.000270632 -0.000130816 -0.00676861 0.00263325
13.9 -3.48785e-06 0.000103708 -0.000278536 -0.000150545 -0.0069663 0.00259379
13.92 1.44291e-06 9.98203e-05 -0.000282554 -0.000159284 -0.00706678 0.00249655
13.94 6.38769e-06 9.17115e-05 -0.000284239 -0.000152185 -0.00710894 0.00229374
13.96 1.118e-05 7.77003e-05 -0.000280882 -0.000128357 -0.00702498 0.00194332
13.98 1.56972e-05 5.73362e-05 -0.000268613 -9.25972e-05 -0.00671812 0.001434
14 1.98123e-05 3.07504e-05 -0.000247261 -5.3561e-05 -0.00618411 0.00076908
14.02 2.33251e-05 8.19366e-08 -0.00022015 -1.95965e-05 -0.00550605 2.04927e-06
14.04 2.59881e-05 -2.76626e-05 -0.000189798 4.989e-06 -0.00474693 -0.000691854
14.06 2.76896e-05 -4.46393e-05 -0.000158323 2.06861e-05 -0.00395973 -0.00111645
14.08 2.86039e-05 -5.1921e-05 -0.000124767 3.01912e-05 -0.00312046 -0.00129856
14.1 2.91202e-05 -5.80291e-05 -8.21739e-05 3.55988e-05 -0.0020552 -0.00145133
14.12 2.9573e-05 -6.87511e-05 -2.46731e-05 3.86869e-05 -0.000617085 -0.00171949
14.14 2.99424e-05 -8.46222e-05 4.5669e-05 4.2661e-05 0.0011422 -0.00211644
14.16 2.98277e-05 -0.000102371 0.000120464 5.16547e-05 0.00301286 -0.00256033
14.18 2.87858e-05 -0.000115914 0.000188195 6.83604e-05 0.00470684 -0.00289906
14.2 2.66943e-05 -0.000122201 0.000237498 9.22366e-05 0.00593992 -0.00305631
14.22 2.37485e-05 -0.000125631 0.00026436 0.000118882 0.00661174 -0.00314209
14.24 2.01346e-05 -0.000130641 0.000272289 0.000141086 0.00681006 -0.00326738
14.26 1.57833e-05 -0.000133353 0.000268386 0.000152125 0.00671243 -0.00333521
14.28 1.05089e-05 -0.000125224 0.000262945 0.000149096 0.00657635 -0.00313192
14.3 4.38592e-06 -0.00010383 0.000262693 0.000133449 0.00657007 -0.00259682
14.32 -2.0601e-06 -7.62734e-05 0.000263987 0.000109335 0.00660243 -0.00190763
14.34 -8.07612e-06 -4.98082e-05 0.000259631 8.21902e-05 0.00649348 -0.00124572
14.36 -1.31577e-05 -2.72568e-05 0.00024777 5.75095e-05 0.00619684 -0.000681704
14.38 -1.73468e-05 -9.85919e-06 0.000228636 3.84689e-05 0.00571827 -0.000246582
14.4 -2.10552e-05 5.33417e-06 0.0002012 2.43075e-05 0.0050321 0.00013341
14.42 -2.45921e-05 2.45665e-05 0.000165983 1.19785e-05 0.00415129 0.000614418
14.44 -2.78797e-05 4.89195e-05 0.000123716 -1.04092e-06 0.00309419 0.0012235
14.46 -3.05757e-05 7.32157e-05 7.27697e-05 -1.57063e-05 0.00182 0.00183115
14.48 -3.23568e-05 9.34554e-05 1.4123e-05 -3.15258e-05 0.000353223 0.00233736
14.5 -3.30796e-05 0.000109563 -4.51804e-05 -4.71508e-05 -0.00112998 0.00274022
14.52 -3.27715e-05 0.00012176 -9.76647e-05 -6.20306e-05 -0.00244263 0.00304526
14.54 -3.15058e-05 0.000130373 -0.00013937 -7.74023e-05 -0.0034857 0.00326069
14.56 -2.92561e-05 0.00013717 -0.000168933 -9.42932e-05 -0.00422509 0.00343069
14.58 -2.58958e-05 0.000141104 -0.000187466 -0.000110753 -0.0046886 0.00352908
14.6 -2.13785e-05 0.000136798 -0.000198846 -0.000122217 -0.00497322 0.00342138
14.62 -1.5899e-05 0.000121881 -0.000206191 -0.000124366 -0.00515693 0.0030483
14.64 -9.85009e-06 0.000101949 -0.000208872 -0.000115257 -0.00522397 0.00254979
14.66 -3.64871e-06 8.22048e-05 -0.000204027 -9.60063e-05 -0.00510281 0.00205598
14.68 2.40348e-06 6.00208e-05 -0.000188225 -7.04967e-05 -0.00470758 0.00150115
14.7 8.16991e-06 3.29858e-05 -0.000160365 -4.31903e-05 -0.00401081 0.000824989
14.72 1.36279e-05 4.55272e-06 -0.000123966 -1.61713e-05 -0.00310044 0.000113865
14.74 1.8734e-05 -2.26492e-05 -8.6407e-05 1.04753e-05 -0.00216108 -0.000566465
14.76 2.33367e-05 -4.94628e-05 -5.40615e-05 3.51938e-05 -0.0013521 -0.00123708
14.78 2.72364e-05 -7.45059e-05 -2.52451e-05 5.39934e-05 -0.00063139 -0.00186342
14.8 3.02603e-05 -9.45177e-05 7.8241e-06 6.3611e-05 0.000195684 -0.00236393
14.82 3.22284e-05 -0.000110252 4.99562e-05 6.42595e-05 0.00124943 -0.00275745
14.84 3.29489e-05 -0.000122973 9.95368e-05 5.95929e-05 0.00248946 -0.00307561
14.86 3.23401e-05 -0.000129853 0.000150226 5.55572e-05 0.00375721 -0.00324768
14.88 3.04858e-05 -0.000130209 0.00019291 5.82398e-05 0.00482477 -0.00325659
14.9 2.75079e-05 -0.000129299 0.000222642 7.03715e-05 0.00556836 -0.00323381
14.92 2.34251e-05 -0.000130695 0.000244283 8.94184e-05 0.00610962 -0.00326874
14.94 1.81551e-05 -0.00013009 0.000262977 0.000109356 0.00657717 -0.0032536
14.96 1.16568e-05 -0.000120394 0.000274152 0.000123781 0.00685665 -0.00301111
14.98 4.15548e-06 -9.89551e-05 0.000271685 0.00012793 0.00679496 -0.00247491
15 -3.71279e-06 -6.84464e-05 0.000258239 0.00011995 0.00645865 -0.00171187
15.02 -1.10757e-05 -3.56751e-05 0.000239423 0.00010124 0.00598807 -0.00089225
15.04 -1.72975e-05 -8.98919e-06 0.000215384 7.47454e-05 0.00538684 -0.000224823
15.06 -2.23151e-05 9.71608e-06 0.000185434 4.28449e-05 0.00463777 0.000243003
15.08 -2.65071e-05 2.81098e-05 0.000152903 7.74037e-06 0.00382418 0.000703038
15.1 -3.02539e-05 5.32662e-05 0.000120561 -2.67035e-05 0.00301529 0.00133221
15.12 -3.35918e-05 8.21736e-05 8.72895e-05 -5.50007e-05 0.00218315 0.0020552
15.14 -3.61886e-05 0.000106823 5.07863e-05 -7.21551e-05 0.00127019 0.00267168
15.16 -3.75946e-05 0.000123377 9.40206e-06 -7.5795e-05 0.000235149 0.00308572
15.18 -3.75593e-05 0.000131697 -3.71846e-05 -6.75936e-05 -0.000930002 0.0032938
15.2 -3.61121e-05 0.00013378 -8.57947e-05 -5.33183e-05 -0.00214576 0.0033459
15.22 -3.33581e-05 0.000133353 -0.000130407 -4.04008e-05 -0.00326154 0.00333522
15.24 -2.92903e-05 0.000131261 -0.000166568 -3.46216e-05 -0.00416593 0.0032829
15.26 -2.38646e-05 0.000124673 -0.00019323 -3.8517e-05 -0.00483277 0.00311813
15.28 -1.71727e-05 0.000112615 -0.000210101 -5.10345e-05 -0.00525471 0.00281654
15.3 -9.47638e-06 9.77388e-05 -0.000218165 -6.74551e-05 -0.0054564 0.00244449
15.32 -1.14097e-06 8.03033e-05 -0.000220122 -8.09854e-05 -0.00550534 0.00200842
15.34 7.42919e-06 5.72707e-05 -0.000216108 -8.59576e-05 -0.00540495 0.00143236
15.36 1.5847e-05 2.95778e-05 -0.000203752 -7.94583e-05 -0.00509593 0.000739753
15.38 2.3782e-05 1.5847e-06 -0.000183106 -6.06111e-05 -0.00457957 3.96341e-05
15.4 3.0967e-05 -2.6491e-05 -0.000156707 -3.04101e-05 -0.0039193 -0.000662552
15.42 3.72072e-05 -5.72905e-05 -0.000126291 7.34673e-06 -0.00315858 -0.00143286
15.44 4.23575e-05 -8.96679e-05 -9.37807e-05 4.64165e-05 -0.0023455 -0.00224263
15.46 4.62087e-05 -0.000119363 -6.13753e-05 7.98588e-05 -0.00153502 -0.00298531
15.48 4.84064e-05 -0.000142669 -2.88706e-05 0.000101636 -0.000722066 -0.00356822
15.5 4.85847e-05 -0.000156651 7.29536e-06 0.000108413 0.00018246 -0.00391791
15.52 4.66394e-05 -0.000159505 5.16792e-05 0.000101528 0.00129252 -0.00398929
15.54 4.28513e-05 -0.000153358 0.000103608 8.68679e-05 0.00259128 -0.00383554
15.56 3.77312e-05 -0.000143934 0.00015519 7.19236e-05 0.00388138 -0.00359985
15.58 3.17042e-05 -0.000135972 0.000198108 6.24672e-05 0.00495477 -0.00340072
15.6 2.49164e-05 -0.000128596 0.000228859 6.09046e-05 0.00572386 -0.00321625
15.62 1.73317e-05 -0.000115668 0.000247681 6.61165e-05 0.00619461 -0.00289291
15.64 8.98648e-06 -9.40981e-05 0.000256805 7.40154e-05 0.0064228 -0.00235343
15.66 1.4969e-07 -6.81265e-05 0.000260235 7.87999e-05 0.00650857 -0.00170387
15.68 -8.75418e-06 -4.28648e-05 0.000261552 7.53312e-05 0.00654153 -0.00107207
15.7 -1.73507e-05 -1.79114e-05 0.000259694 6.17496e-05 0.00649506 -0.00044797
15.72 -2.5438e-05 9.02915e-06 0.000250727 3.99366e-05 0.00627078 0.000225823
15.74 -3.2894e-05 3.73776e-05 0.000234581 1.33322e-05 0.00586697 0.000934829
15.76 -3.94367e-05 6.71789e-05 0.000215344 -1.47552e-05 0.00538585 0.00168017
15.78 -4.45249e-05 9.71902e-05 0.000193825 -4.06025e-05 0.00484765 0.00243077
15.8 -4.75659e-05 0.000120094 0.000167689 -5.98762e-05 0.00419397 0.00300359
15.82 -4.82192e-05 0.000129298 0.000138699 -6.91592e-05 0.00346891 0.0032338
15.84 -4.65502e-05 0.000126315 0.000108799 -6.72424e-05 0.00272112 0.00315918
15.86 -4.29734e-05 0.000117396 7.48407e-05 -5.54976e-05 0.0018718 0.00293613
15.88 -3.80292e-05 0.000106852 3.56715e-05 -3.80044e-05 0.00089216 0.00267242
15.9 -3.21086e-05 9.59659e-05 -3.38597e-06 -2.05294e-05 -8.46846e-05 0.00240015
15.92 -2.53657e-05 8.41265e-05 -3.80705e-05 -7.9153e-06 -0.00095216 0.00210404
15.94 -1.78966e-05 6.87656e-05 -6.9127e-05 -2.08572e-06 -0.00172889 0.00171986
15.96 -9.94538e-06 4.85971e-05 -9.62233e-05 -2.30036e-06 -0.00240659 0.00121543
15.98 -1.90544e-06 2.74293e-05 -0.000116981 -6.3994e-06 -0.00292574 0.000686018
16 5.87158e-06 1.14082e-05 -0.000132427 -1.15858e-05 -0.00331206 0.000285325
16.02 1.3252e-05 1.31095e-06 -0.000145045 -1.49742e-05 -0.00362763 3.27873e-05
16.04 2.03076e-05 -9.50759e-06 -0.000152458 -1.41956e-05 -0.00381304 -0.000237789
16.06 2.70744e-05 -2.73697e-05 -0.000151675 -7.62974e-06 -0.00379345 -0.000684526
16.08 3.32687e-05 -5.16123e-05 -0.000144433 5.4292e-06 -0.00361233 -0.00129084
16.1 3.82577e-05 -7.63531e-05 -0.000131955 2.38339e-05 -0.00330025 -0.00190962
16.12 4.13672e-05 -9.54779e-05 -0.000112914 4.37375e-05 -0.00282403 -0.00238794
16.14 4.2273e-05 -0.000105196 -8.90568e-05 5.97913e-05 -0.00222735 -0.00263101
16.16 4.11228e-05 -0.000106107 -6.5356e-05 6.79654e-05 -0.00163458 -0.00265378
16.18 3.8309e-05 -0.000103141 -4.20816e-05 6.72432e-05 -0.00105248 -0.0025796
16.2 3.41529e-05 -9.96347e-05 -1.48184e-05 5.91112e-05 -0.000370615 -0.00249191
16.22 2.87787e-05 -9.36965e-05 1.80603e-05 4.62083e-05 0.000451696 -0.00234339
16.24 2.22437e-05 -8.21363e-05 5.55004e-05 3.11863e-05 0.00138809 -0.00205426
16.26 1.47688e-05 -6.47357e-05 9.65751e-05 1.61502e-05 0.00241538 -0.00161907
16.28 6.81073e-06 -4.43106e-05 0.000137455 3.09096e-06 0.0034378 -0.00110823
16.3 -1.12017e-06 -2.47351e-05 0.000169846 -5.4837e-06 0.00424793 -0.000618636
16.32 -8.71341e-06 -8.7947e-06 0.000189665 -7.37142e-06 0.00474361 -0.000219959
16.34 -1.59287e-05 3.76945e-06 0.000201599 -2.70579e-06 0.00504208 9.42755e-05
16.36 -2.28402e-05 1.6015e-05 0.000210091 5.1245e-06 0.00525447 0.000400541
16.38 -2.94104e-05 3.10417e-05 0.000213847 1.10596e-05 0.00534841 0.000776365
16.4 -3.53667e-05 4.928e-05 0.000210684 1.13602e-05 0.0052693 0.00123251
16.42 -4.02617e-05 6.78633e-05 0.000201447 5.7079e-06 0.00503827 0.00169729
16.44 -4.36574e-05 8.30242e-05 0.000187539 -3.07143e-06 0.00469042 0.00207647
16.46 -4.52931e-05 9.25204e-05 0.000169961 -1.12765e-05 0.0042508 0.00231397
16.48 -4.5133e-05 9.57676e-05 0.00015161 -1.67459e-05 0.00379182 0.00239519
16.5 -4.3299e-05 9.39554e-05 0.000134251 -1.94259e-05 0.00335767 0.00234986
16.52 -3.99573e-05 8.97664e-05 0.000114772 -1.97145e-05 0.00287051 0.00224509
16.54 -3.52507e-05 8.39593e-05 8.98412e-05 -1.67266e-05 0.00224696 0.00209986
16.56 -2.93129e-05 7.40932e-05 6.10041e-05 -8.84853e-06 0.00152574 0.0018531
16.58 -2.23233e-05 5.88545e-05 3.13438e-05 4.05139e-06 0.000783922 0.00147198
16.6 -1.4551e-05 4.0209e-05 7.96683e-07 1.92888e-05 1.99253e-05 0.00100564
16.62 -6.35926e-06 2.04777e-05 -3.13488e-05 3.20716e-05 -0.000784047 0.000512157
16.64 1.85306e-06 1.69021e-06 -6.24327e-05 3.78393e-05 -0.00156147 4.2273e-05
16.66 9.75475e-06 -1.34028e-05 -8.87586e-05 3.50129e-05 -0.00221989 -0.000335211
16.68 1.71287e-05 -2.47539e-05 -0.000108716 2.58848e-05 -0.00271903 -0.000619105
16.7 2.38372e-05 -3.51947e-05 -0.000122249 1.46763e-05 -0.0030575 -0.000880234
16.72 2.97614e-05 -4.58943e-05 -0.00013052 5.11602e-06 -0.00326436 -0.00114784
16.74 3.47415e-05 -5.65165e-05 -0.000134902 -3.39596e-07 -0.00337395 -0.0014135
16.76 3.85468e-05 -6.71371e-05 -0.000134327 -3.90852e-07 -0.00335957 -0.00167913
16.78 4.09332e-05 -7.69693e-05 -0.000125405 5.11523e-06 -0.00313643 -0.00192503
16.8 4.17534e-05 -8.4269e-05 -0.000108324 1.50872e-05 -0.00270923 -0.0021076
16.82 4.10004e-05 -8.83312e-05 -8.90066e-05 2.6978e-05 -0.00222609 -0.0022092
16.84 3.87692e-05 -8.90268e-05 -7.10969e-05 3.7022e-05 -0.00177816 -0.0022266
16.86 3.52004e-05 -8.57868e-05 -5.17021e-05 4.1635e-05 -0.00129309 -0.00214556
16.88 3.04441e-05 -7.85533e-05 -2.71247e-05 3.90028e-05 -0.000678401 -0.00196465
16.9 2.46586e-05 -6.8074e-05 2.67986e-06 2.94173e-05 6.70243e-05 -0.00170256
16.92 1.80441e-05 -5.49555e-05 3.5447e-05 1.47767e-05 0.000886545 -0.00137446
16.94 1.08608e-05 -3.94343e-05 6.7684e-05 -1.67968e-06 0.00169281 -0.000986267
16.96 3.37756e-06 -2.26285e-05 9.57856e-05 -1.57013e-05 0.00239564 -0.000565948
16.98 -4.19508e-06 -6.59837e-06 0.0001198 -2.32351e-05 0.00299625 -0.000165028
17 -1.1698e-05 7.70625e-06 0.000142136 -2.2145e-05 0.00355488 0.000192736
17.02 -1.89655e-05 2.07668e-05 0.000162126 -1.32674e-05 0.00405483 0.000519386
17.04 -2.57845e-05 3.30111e-05 0.000176599 -5.41644e-09 0.00441682 0.000825621
17.06 -3.18981e-05 4.46819e-05 0.000183852 1.34837e-05 0.0045982 0.00111751
17.08 -3.70402e-05 5.58676e-05 0.000185403 2.42396e-05 0.00463701 0.00139727
17.1 -4.09804e-05 6.57169e-05 0.000184472 3.08652e-05 0.00461373 0.00164361
17.12 -4.35416e-05 7.32466e-05 0.00018258 3.24682e-05 0.00456641 0.00183193
17.14 -4.45829e-05 7.82811e-05 0.000179033 2.82247e-05 0.00447769 0.00195784
17.16 -4.40009e-05 8.07083e-05 0.000172833 1.84132e-05 0.00432263 0.00201855
17.18 -4.17724e-05 8.0092e-05 0.000162887 5.48847e-06 0.00407387 0.00200313
17.2 -3.80056e-05 7.57777e-05 0.000148079 -6.40524e-06 0.00370352 0.00189523
17.22 -3.29381e-05 6.71429e-05 0.000129786 -1.34778e-05 0.003246 0.00167927
17.24 -2.68645e-05 5.49512e-05 0.000111206 -1.42421e-05 0.0027813 0.00137435
17.26 -2.00471e-05 4.12348e-05 9.2493e-05 -9.67314e-06 0.00231329 0.0010313
17.28 -1.26917e-05 2.6345e-05 7.08334e-05 -1.8417e-06 0.00177157 0.000658898
17.3 -5.00705e-06 9.03095e-06 4.52052e-05 7.33505e-06 0.0011306 0.000225868
17.32 2.72635e-06 -1.01644e-05 1.80987e-05 1.64304e-05 0.000452657 -0.000254215
17.34 1.01538e-05 -2.85471e-05 -7.01057e-06 2.41883e-05 -0.000175337 -0.000713974
17.36 1.69419e-05 -4.33994e-05 -2.84101e-05 2.91502e-05 -0.00071055 -0.00108544
17.38 2.2905e-05 -5.3412e-05 -4.6726e-05 3.00462e-05 -0.00116864 -0.00133586
17.4 2.80259e-05 -5.99592e-05 -6.33808e-05 2.69292e-05 -0.00158518 -0.00149961
17.42 3.2326e-05 -6.61037e-05 -7.76218e-05 2.17418e-05 -0.00194135 -0.00165328
17.44 3.57134e-05 -7.31691e-05 -8.64135e-05 1.74349e-05 -0.00216124 -0.00182999
17.46 3.79512e-05 -7.99697e-05 -8.81738e-05 1.61842e-05 -0.00220526 -0.00200008
17.48 3.87756e-05 -8.40631e-05 -8.49556e-05 1.80429e-05 -0.00212477 -0.00210245
17.5 3.80592e-05 -8.33263e-05 -7.99215e-05 2.12336e-05 -0.00199887 -0.00208402
17.52 3.58657e-05 -7.82733e-05 -7.39783e-05 2.38125e-05 -0.00185023 -0.00195765
17.54 3.23447e-05 -7.18157e-05 -6.54748e-05 2.49459e-05 -0.00163755 -0.00179614
17.56 2.75935e-05 -6.52571e-05 -5.21324e-05 2.47409e-05 -0.00130385 -0.00163211
17.58 2.16415e-05 -5.66669e-05 -3.3162e-05 2.32817e-05 -0.000829396 -0.00141726
17.6 1.45641e-05 -4.38393e-05 -9.77592e-06 2.00496e-05 -0.0002445 -0.00109644
17.62 6.60786e-06 -2.63294e-05 1.52904e-05 1.44715e-05 0.000382419 -0.000658509
17.64 -1.80423e-06 -5.87711e-06 3.93035e-05 7.16764e-06 0.000982998 -0.000146989
17.66 -1.0203e-05 1.42552e-05 6.16806e-05 2.23122e-07 0.00154266 0.000356528
17.68 -1.82241e-05 3.15701e-05 8.35904e-05 -4.2932e-06 0.00209063 0.000789581
17.7 -2.5649e-05 4.60135e-05 0.0001054 -6.03665e-06 0.00263611 0.00115082
17.72 -3.23238e-05 5.91299e-05 0.000125792 -6.49477e-06 0.0031461 0.00147886
17.74 -3.80528e-05 7.20939e-05 0.000142868 -7.5479e-06 0.00357319 0.0018031
17.76 -4.25673e-05 8.46872e-05 0.000154476 -9.96587e-06 0.00386352 0.00211806
17.78 -4.55856e-05 9.50862e-05 0.000159273 -1.31456e-05 0.00398347 0.00237815
17.8 -4.6901e-05 0.000101123 0.000158985 -1.61183e-05 0.00397628 0.00252914
17.82 -4.6434e-05 0.000101822 0.000156789 -1.86099e-05 0.00392136 0.00254661
17.84 -4.42358e-05 9.7526e-05 0.000153397 -2.10442e-05 0.00383653 0.00243917
17.86 -4.04516e-05 8.94725e-05 0.000146776 -2.35757e-05 0.00367092 0.00223775
17.88 -3.52716e-05 7.90058e-05 0.000134995 -2.51545e-05 0.00337629 0.00197597
17.9 -2.88891e-05 6.63833e-05 0.000118555 -2.3609e-05 0.00296511 0.00166027
17.92 -2.14784e-05 5.07945e-05 9.95641e-05 -1.68549e-05 0.00249014 0.00127039
17.94 -1.32106e-05 3.14523e-05 7.9507e-05 -4.28683e-06 0.0019885 0.000786635
17.96 -4.30336e-06 8.04391e-06 5.92548e-05 1.2693e-05 0.00148199 0.000201182
17.98 4.92979e-06 -1.84738e-05 3.93007e-05 3.13152e-05 0.000982927 -0.000462038
18 1.40908e-05 -4.48716e-05 1.90315e-05 4.8802e-05 0.000475987 -0.00112226
18.02 2.27808e-05 -6.74472e-05 -1.89924e-06 6.33795e-05 -4.7501e-05 -0.00168688
18.04 3.06926e-05 -8.52825e-05 -2.2027e-05 7.40507e-05 -0.000550904 -0.00213295
18.06 3.76301e-05 -9.98041e-05 -3.98255e-05 7.97849e-05 -0.000996052 -0.00249614
18.08 4.34376e-05 -0.000111889 -5.54172e-05 7.96216e-05 -0.00138601 -0.00279839
18.1 4.79116e-05 -0.000120975 -6.85303e-05 7.37002e-05 -0.00171397 -0.00302563
18.12 5.07904e-05 -0.000126021 -7.73366e-05 6.37826e-05 -0.00193422 -0.00315184
18.14 5.18467e-05 -0.000126179 -8.10867e-05 5.2615e-05 -0.00202801 -0.00315579
18.16 5.10075e-05 -0.000121025 -8.10654e-05 4.27971e-05 -0.00202748 -0.00302688
18.18 4.83791e-05 -0.000111732 -7.84448e-05 3.58583e-05 -0.00196194 -0.00279448
18.2 4.4155e-05 -0.000100864 -7.27811e-05 3.18342e-05 -0.00182029 -0.00252265
18.22 3.85009e-05 -8.95708e-05 -6.28281e-05 2.95831e-05 -0.00157136 -0.0022402
18.24 3.15169e-05 -7.65043e-05 -4.80671e-05 2.7576e-05 -0.00120218 -0.00191341
18.26 2.33055e-05 -5.98097e-05 -2.88248e-05 2.43412e-05 -0.000720919 -0.00149586
18.28 1.40779e-05 -3.8937e-05 -6.32142e-06 1.84849e-05 -0.000158101 -0.000973832
18.3 4.1998e-06 -1.48473e-05 1.7573e-05 9.03979e-06 0.000439508 -0.000371336
18.32 -5.87382e-06 1.02653e-05 4.17482e-05 -3.86481e-06 0.00104414 0.000256738
18.34 -1.57189e-05 3.40117e-05 6.64066e-05 -1.88924e-05 0.00166086 0.000850648
18.36 -2.50107e-05 5.52797e-05 9.17599e-05 -3.41587e-05 0.00229495 0.00138257
18.38 -3.35002e-05 7.43402e-05 0.000116335 -4.79252e-05 0.0029096 0.00185928
18.4 -4.09488e-05 9.15377e-05 0.000137934 -5.87926e-05 0.0034498 0.0022894
18.42 -4.70928e-05 0.000106357 0.000155582 -6.5558e-05 0.00389118 0.00266003
18.44 -5.16723e-05 0.000117352 0.000169317 -6.72202e-05 0.00423468 0.00293502
18.46 -5.44967e-05 0.000122993 0.000179025 -6.33881e-05 0.00447749 0.00307611
18.48 -5.54961e-05 0.000122958 0.000184031 -5.47492e-05 0.00460269 0.00307522
18.5 -5.47253e-05 0.000118078 0.000183977 -4.30194e-05 0.00460135 0.00295318
18.52 -5.23281e-05 0.000109608 0.000179202 -3.02542e-05 0.00448192 0.00274135
18.54 -4.84772e-05 9.85566e-05 0.000170237 -1.79498e-05 0.00425769 0.00246494
18.56 -4.3337e-05 8.54152e-05 0.000157569 -6.53258e-06 0.00394085 0.00213627
18.58 -3.70517e-05 7.02447e-05 0.000141501 4.45504e-06 0.00353901 0.00175685
18.6 -2.97431e-05 5.30193e-05 0.000122295 1.572e-05 0.00305865 0.00132603
18.62 -2.15264e-05 3.38773e-05 0.00010021 2.77091e-05 0.0025063 0.000847284
18.64 -1.25574e-05 1.26425e-05 7.5846e-05 4.04485e-05 0.00189694 0.000316195
18.66 -3.08592e-06 -1.06807e-05 5.0628e-05 5.34786e-05 0.00126623 -0.000267128
18.68 6.52753e-06 -3.4913e-05 2.61727e-05 6.57677e-05 0.000654589 -0.000873189
18.7 1.5845e-05 -5.77925e-05 3.05515e-06 7.58065e-05 7.64105e-05 -0.00144541
18.72 2.44207e-05 -7.7182e-05 -1.9059e-05 8.19951e-05 -0.000476674 -0.00193036
18.74 3.18659e-05 -9.21468e-05 -3.98453e-05 8.31458e-05 -0.000996548 -0.00230463
18.76 3.7878e-05 -0.000102598 -5.79569e-05 7.88904e-05 -0.00144953 -0.00256602
18.78 4.2235e-05 -0.000108723 -7.1959e-05 6.98486e-05 -0.00179972 -0.0027192
18.8 4.47925e-05 -0.00011063 -8.11576e-05 5.7434e-05 -0.00202979 -0.00276691
18.82 4.55042e-05 -0.000108167 -8.59733e-05 4.34102e-05 -0.00215023 -0.0027053
18.84 4.44465e-05 -0.000101256 -8.73138e-05 2.95075e-05 -0.00218375 -0.00253246
18.86 4.18145e-05 -9.04146e-05 -8.57164e-05 1.71966e-05 -0.0021438 -0.00226131
18.88 3.78693e-05 -7.72343e-05 -8.08517e-05 7.40931e-06 -0.00202213 -0.00193166
18.9 3.28656e-05 -6.37027e-05 -7.17938e-05 1.65602e-07 -0.00179559 -0.00159323
18.92 2.69931e-05 -5.06032e-05 -5.79729e-05 -5.48541e-06 -0.00144993 -0.00126561
18.94 2.03672e-05 -3.6962e-05 -3.99527e-05 -1.0932e-05 -0.000999234 -0.000924436
18.96 1.30811e-05 -2.12438e-05 -1.93176e-05 -1.72351e-05 -0.000483141 -0.000531317
18.98 5.28706e-06 -3.03348e-06 2.55941e-06 -2.46815e-05 6.40119e-05 -7.58685e-05
19 -2.75564e-06 1.65049e-05 2.47199e-05 -3.27617e-05 0.000618256 0.000412794
19.02 -1.07129e-05 3.51419e-05 4.64122e-05 -4.04029e-05 0.00116079 0.000878913
19.04 -1.82649e-05 5.07888e-05 6.74981e-05 -4.63496e-05 0.00168815 0.00127025
19.06 -2.5175e-05 6.30337e-05 8.79e-05 -4.94843e-05 0.00219842 0.0015765
19.08 -3.12787e-05 7.29587e-05 0.000107255 -4.89104e-05 0.00268248 0.00182473
19.1 -3.64108e-05 8.13508e-05 0.000124991 -4.39909e-05 0.00312607 0.00203462
19.12 -4.03562e-05 8.73546e-05 0.000140383 -3.45755e-05 0.00351103 0.00218477
19.14 -4.28919e-05 8.89882e-05 0.000152641 -2.12709e-05 0.00381763 0.00222563
19.16 -4.38852e-05 8.56058e-05 0.000160959 -5.44647e-06 0.00402564 0.00214104
19.18 -4.33548e-05 7.86213e-05 0.000164993 1.10098e-05 0.00412654 0.00196635
19.2 -4.14404e-05 6.97997e-05 0.000164731 2.59307e-05 0.00411999 0.00174572
19.22 -3.83051e-05 6.04045e-05 0.000160261 3.72349e-05 0.0040082 0.00151074
19.24 -3.40671e-05 5.08346e-05 0.00015192 4.36365e-05 0.00379958 0.00127139
19.26 -2.88196e-05 4.02789e-05 0.00014038 4.52206e-05 0.00351097 0.00100739
19.28 -2.27052e-05 2.76141e-05 0.000126638 4.33141e-05 0.00316726 0.00069064
19.3 -1.59547e-05 1.30663e-05 0.00011145 3.98588e-05 0.0027874 0.000326794
19.32 -8.85066e-06 -1.99228e-06 9.52909e-05 3.67422e-05 0.00238327 -4.98279e-05
19.34 -1.66471e-06 -1.68365e-05 7.86599e-05 3.52041e-05 0.00196732 -0.000421089
19.36 5.37334e-06 -3.16462e-05 6.19162e-05 3.55286e-05 0.00154855 -0.000791484
19.38 1.20552e-05 -4.63267e-05 4.50778e-05 3.72643e-05 0.00112742 -0.00115865
19.4 1.816e-05 -5.98558e-05 2.79394e-05 3.96125e-05 0.000698776 -0.00149702
19.42 2.34483e-05 -7.09032e-05 1.04357e-05 4.14636e-05 0.000261 -0.00177332
19.44 2.76959e-05 -7.87196e-05 -6.47206e-06 4.13112e-05 -0.000161869 -0.00196881
19.46 3.07394e-05 -8.2859e-05 -2.09095e-05 3.76735e-05 -0.000522955 -0.00207234
19.48 3.24987e-05 -8.27908e-05 -3.2105e-05 2.99727e-05 -0.00080296 -0.00207063
19.5 3.29648e-05 -7.87544e-05 -4.07555e-05 1.90416e-05 -0.00101931 -0.00196968
19.52 3.21817e-05 -7.17484e-05 -4.75328e-05 6.78187e-06 -0.00118881 -0.00179446
19.54 3.02384e-05 -6.25387e-05 -5.25456e-05 -4.58726e-06 -0.00131419 -0.00156412
19.56 2.72562e-05 -5.17163e-05 -5.57996e-05 -1.32186e-05 -0.00139557 -0.00129345
19.58 2.33635e-05 -4.00888e-05 -5.69052e-05 -1.81805e-05 -0.00142322 -0.00100264
19.6 1.86808e-05 -2.81482e-05 -5.46927e-05 -1.96383e-05 -0.00136789 -0.000703999
19.62 1.33412e-05 -1.54835e-05 -4.84113e-05 -1.84545e-05 -0.00121079 -0.000387248
19.64 7.5175e-06 -2.02566e-06 -3.84137e-05 -1.56046e-05 -0.000960743 -5.06626e-05
19.66 1.42261e-06 1.11817e-05 -2.54756e-05 -1.19512e-05 -0.000637156 0.00027966
19.68 -4.71371e-06 2.32635e-05 -1.01641e-05 -8.25521e-06 -0.000254208 0.000581829
19.7 -1.0671e-05 3.42586e-05 7.28002e-06 -5.10926e-06 0.000182076 0.000856821
19.72 -1.62436e-05 4.4348e-05 2.65257e-05 -2.86783e-06 0.00066342 0.00110916
19.74 -2.12291e-05 5.28977e-05 4.66932e-05 -1.61786e-06 0.00116782 0.00132299
19.76 -2.54205e-05 5.91872e-05 6.65533e-05 -1.02277e-06 0.00166453 0.0014803
19.78 -2.86262e-05 6.30348e-05 8.51326e-05 -2.0405e-07 0.0021292 0.00157653
19.8 -3.07159e-05 6.41155e-05 0.000101908 1.87517e-06 0.00254876 0.00160355
19.82 -3.16408e-05 6.22515e-05 0.000116747 5.69031e-06 0.00291988 0.00155694
19.84 -3.14104e-05 5.78686e-05 0.000129677 1.08434e-05 0.00324328 0.00144732
19.86 -3.00607e-05 5.14014e-05 0.000140522 1.63525e-05 0.0035145 0.00128557
19.88 -2.76507e-05 4.29364e-05 0.000148836 2.11413e-05 0.00372246 0.00107386
19.9 -2.4279e-05 3.25231e-05 0.000154031 2.44489e-05 0.00385239 0.000813416
19.92 -2.00941e-05 2.07043e-05 0.000155379 2.60359e-05 0.00388608 0.000517823
19.94 -1.52798e-05 8.40466e-06 0.000152516 2.60962e-05 0.00381449 0.000210204
19.96 -1.0023e-05 -3.7305e-06 0.000146063 2.50256e-05 0.0036531 -9.33013e-05
19.98 -4.48372e-06 -1.54707e-05 0.000136805 2.33601e-05 0.00342156 -0.00038693
20 1.20476e-06 -2.68575e-05 0.000124693 2.18968e-05 0.00311863 -0.000671717
20.02 6.90869e-06 -3.80794e-05 0.000109445 2.16341e-05 0.00273727 -0.000952382
20.04 1.24641e-05 -4.91895e-05 9.13301e-05 2.33557e-05 0.0022842 -0.00123025
20.06 1.76706e-05 -5.97123e-05 7.11061e-05 2.71454e-05 0.00177839 -0.00149343
20.08 2.23065e-05 -6.89707e-05 4.98485e-05 3.22019e-05 0.00124673 -0.00172499
20.1 2.61549e-05 -7.64138e-05 2.8797e-05 3.70794e-05 0.000720224 -0.00191114
20.12 2.90295e-05 -8.13526e-05 8.70317e-06 4.02947e-05 0.00021767 -0.00203466
20.14 3.079e-05 -8.31399e-05 -1.05088e-05 4.0986e-05 -0.000262829 -0.00207936
20.16 3.13506e-05 -8.14454e-05 -2.8559e-05 3.91699e-05 -0.000714272 -0.00203698
20.18 3.06838e-05 -7.64641e-05 -4.39894e-05 3.54737e-05 -0.00110019 -0.0019124
20.2 2.88233e-05 -6.85355e-05 -5.56539e-05 3.06717e-05 -0.00139193 -0.0017141
20.22 2.58592e-05 -5.79597e-05 -6.36943e-05 2.53901e-05 -0.00159302 -0.0014496
20.24 2.19275e-05 -4.51645e-05 -6.83396e-05 2.00587e-05 -0.0017092 -0.00112958
20.26 1.71998e-05 -3.07207e-05 -6.93363e-05 1.50007e-05 -0.00173413 -0.000768336
20.28 1.18662e-05 -1.56181e-05 -6.6547e-05 1.04579e-05 -0.00166437 -0.000390615
20.3 6.11306e-06 -7.69561e-07 -6.04953e-05 6.43198e-06 -0.00151301 -1.9247e-05
20.32 1.09241e-07 1.3654e-05 -5.18924e-05 2.53212e-06 -0.00129785 0.000341491
20.34 -5.98046e-06 2.80951e-05 -4.05891e-05 -1.90043e-06 -0.00101515 0.000702669
20.36 -1.19696e-05 4.23757e-05 -2.58672e-05 -7.41797e-06 -0.000646949 0.00105983
20.38 -1.76441e-05 5.51918e-05 -7.47478e-06 -1.40997e-05 -0.000186947 0.00138037
20.4 -2.27831e-05 6.55639e-05 1.40415e-05 -2.13668e-05 0.000351183 0.00163978
20.42 -2.71951e-05 7.33124e-05 3.75233e-05 -2.81259e-05 0.000938474 0.00183357
20.44 -3.0747e-05 7.82499e-05 6.17376e-05 -3.32937e-05 0.00154408 0.00195706
20.46 -3.33555e-05 8.03548e-05 8.59181e-05 -3.62412e-05 0.00214885 0.00200971
20.48 -3.49528e-05 7.99587e-05 0.00010943 -3.67154e-05 0.00273688 0.0019998
20.5 -3.5471e-05 7.69541e-05 0.000131198 -3.46114e-05 0.00328131 0.00192465
20.52 -3.48618e-05 7.08454e-05 0.000149878 -3.00454e-05 0.00374852 0.00177187
20.54 -3.31275e-05 6.16809e-05 0.000164139 -2.34529e-05 0.00410519 0.00154266
20.56 -3.03378e-05 5.01952e-05 0.000173145 -1.54522e-05 0.00433044 0.0012554
20.58 -2.66201e-05 3.7231e-05 0.000177401 -6.72511e-06 0.00443686 0.000931164
20.6 -2.21288e-05 2.35516e-05 0.00017806 2.00317e-06 0.00445335 0.000589035
20.62 -1.70144e-05 9.68718e-06 0.000175479 1.01281e-05 0.00438881 0.00024228
20.64 -1.14175e-05 -4.26376e-06 0.000169441 1.74549e-05 0.0042378 -0.000106638
20.66 -5.48521e-06 -1.83531e-05 0.000159822 2.43255e-05 0.00399722 -0.00045902
20.68 6.01642e-07 -3.26486e-05 0.000146521 3.1411e-05 0.00366455 -0.000816554
20.7 6.61988e-06 -4.67967e-05 0.000129799 3.92451e-05 0.00324632 -0.00117041
20.72 1.23302e-05 -5.97278e-05 0.000110622 4.78135e-05 0.0027667 -0.00149382
20.74 1.75162e-05 -7.06812e-05 8.97982e-05 5.64762e-05 0.00224589 -0.00176777
20.76 2.20037e-05 -7.9729e-05 6.75242e-05 6.42306e-05 0.00168881 -0.00199405
20.78 2.56567e-05 -8.66097e-05 4.42936e-05 7.01816e-05 0.0011078 -0.00216614
20.8 2.83674e-05 -9.03956e-05 2.10883e-05 7.38613e-05 0.000527426 -0.00226083
20.82 3.00521e-05 -9.07765e-05 -1.00945e-06 7.50094e-05 -2.52468e-05 -0.00227036
20.84 3.06644e-05 -8.80142e-05 -2.08164e-05 7.31506e-05 -0.000520628 -0.00220127
20.86 3.02092e-05 -8.21716e-05 -3.75162e-05 6.77254e-05 -0.000938296 -0.00205515
20.88 2.87321e-05 -7.34556e-05 -5.09201e-05 5.86703e-05 -0.00127353 -0.00183716
20.9 2.62973e-05 -6.22015e-05 -6.10636e-05 4.6696e-05 -0.00152723 -0.00155568
20.92 2.2982e-05 -4.86907e-05 -6.81526e-05 3.30434e-05 -0.00170452 -0.00121777
20.94 1.88904e-05 -3.3416e-05 -7.25127e-05 1.90004e-05 -0.00181357 -0.000835749
20.96 1.41663e-05 -1.7087e-05 -7.40229e-05 5.49552e-06 -0.00185134 -0.000427353
20.98 8.98725e-06 -5.23888e-07 -7.20719e-05 -6.98869e-06 -0.00180255 -1.31027e-05
21 3.54606e-06 1.54863e-05 -6.64867e-05 -1.81953e-05 -0.00166286 0.00038732
21.02 -1.96111e-06 3.05058e-05 -5.77407e-05 -2.78605e-05 -0.00144412 0.000762962
21.04 -7.33153e-06 4.43334e-05 -4.63522e-05 -3.5713e-05 -0.00115929 0.0011088
21.06 -1.23525e-05 5.64864e-05 -3.28466e-05 -4.16503e-05 -0.000821506 0.00141275
21.08 -1.68156e-05 6.61646e-05 -1.75623e-05 -4.58262e-05 -0.00043924 0.00165481
21.1 -2.05426e-05 7.28449e-05 -3.44441e-07 -4.8469e-05 -8.61469e-06 0.00182188
21.12 -2.34038e-05 7.64299e-05 1.89052e-05 -4.95788e-05 0.000472826 0.00191154
21.14 -2.53171e-05 7.69489e-05 3.93808e-05 -4.88097e-05 0.00098493 0.00192452
21.16 -2.62292e-05 7.46584e-05 5.94749e-05 -4.55845e-05 0.00148749 0.00186724
21.18 -2.61022e-05 6.96231e-05 7.78956e-05 -3.93287e-05 0.0019482 0.0017413
21.2 -2.49253e-05 6.15026e-05 9.40628e-05 -2.97908e-05 0.00235255 0.00153821
21.22 -2.27417e-05 5.01143e-05 0.000107738 -1.73156e-05 0.00269457 0.00125338
21.24 -1.96658e-05 3.57709e-05 0.000118878 -2.86481e-06 0.0029732 0.000894645
21.26 -1.58687e-05 1.9551e-05 0.000127592 1.22539e-05 0.00319113 0.000488979
21.28 -1.154e-05 2.88727e-06 0.000134106 2.68092e-05 0.00335406 7.22119e-05
21.3 -6.84824e-06 -1.31962e-05 0.000138298 3.99779e-05 0.00345889 -0.000330042
21.32 -1.92974e-06 -2.85223e-05 0.000139723 5.13926e-05 0.00349452 -0.000713354
21.34 3.0869e-06 -4.35049e-05 0.000138472 6.09462e-05 0.00346323 -0.00108808
21.36 8.0445e-06 -5.80897e-05 0.000135234 6.86048e-05 0.00338226 -0.00145285
21.38 1.27428e-05 -7.14673e-05 0.000130568 7.43751e-05 0.00326555 -0.00178743
21.4 1.69625e-05 -8.264e-05 0.000124644 7.83016e-05 0.0031174 -0.00206686
21.42 2.05148e-05 -9.08476e-05 0.000117325 8.04071e-05 0.00293435 -0.00227214
21.44 2.32759e-05 -9.57415e-05 0.000107952 8.06574e-05 0.00269992 -0.00239454
21.46 2.51827e-05 -9.75236e-05 9.6054e-05 7.8953e-05 0.00240235 -0.00243911
21.48 2.61901e-05 -9.7021e-05 8.22571e-05 7.50622e-05 0.00205728 -0.00242654
21.5 2.62338e-05 -9.44664e-05 6.76825e-05 6.86188e-05 0.00169277 -0.00236264
21.52 2.52419e-05 -8.86465e-05 5.30481e-05 5.93668e-05 0.00132676 -0.00221709
21.54 2.31859e-05 -7.8462e-05 3.86934e-05 4.74449e-05 0.000967737 -0.00196237
21.56 2.01356e-05 -6.39314e-05 2.49195e-05 3.34632e-05 0.000623247 -0.00159895
21.58 1.62711e-05 -4.62835e-05 1.21246e-05 1.84708e-05 0.000303242 -0.00115757
21.6 1.1824e-05 -2.78216e-05 9.29746e-07 3.76111e-06 2.32532e-05 -0.000695829
21.62 6.98863e-06 -1.04852e-05 -8.01893e-06 -9.58563e-06 -0.000200557 -0.000262238
21.64 1.87704e-06 5.67881e-06 -1.46398e-05 -2.10583e-05 -0.000366148 0.000142029
21.66 -3.43798e-06 2.2048e-05 -1.93942e-05 -3.06349e-05 -0.000485057 0.00055143
21.68 -8.83678e-06 3.92003e-05 -2.25943e-05 -3.84849e-05 -0.000565093 0.000980417
21.7 -1.40972e-05 5.62026e-05 -2.42565e-05 -4.47266e-05 -0.000606665 0.00140565
21.72 -1.89262e-05 7.11231e-05 -2.45344e-05 -4.92916e-05 -0.000613617 0.00177882
21.74 -2.30634e-05 8.20416e-05 -2.36337e-05 -5.20177e-05 -0.000591089 0.0020519
21.76 -2.63642e-05 8.87192e-05 -2.0928e-05 -5.28824e-05 -0.000523418 0.00221891
21.78 -2.87936e-05 9.22611e-05 -1.53274e-05 -5.20463e-05 -0.000383344 0.00230749
21.8 -3.03525e-05 9.36739e-05 -7.0828e-06 -4.96769e-05 -0.000177144 0.00234282
21.82 -3.10076e-05 9.32689e-05 2.19377e-06 -4.57376e-05 5.48671e-05 0.00233269
21.84 -3.06835e-05 9.05424e-05 1.1214e-05 -3.99022e-05 0.000280467 0.0022645
21.86 -2.93171e-05 8.44631e-05 1.95095e-05 -3.17563e-05 0.000487941 0.00211246
21.88 -2.69314e-05 7.42593e-05 2.69069e-05 -2.12358e-05 0.000672952 0.00185726
21.9 -2.36566e-05 6.05076e-05 3.37622e-05 -8.92314e-06 0.000844407 0.00151332
21.92 -1.9685e-05 4.4968e-05 4.06594e-05 4.08369e-06 0.00101691 0.00112467
21.94 -1.51983e-05 2.93215e-05 4.7286e-05 1.66094e-05 0.00118264 0.000733344
21.96 -1.0316e-05 1.44267e-05 5.27679e-05 2.78801e-05 0.00131975 0.000360817
21.98 -5.09926e-06 -3.37066e-07 5.69435e-05 3.77236e-05 0.00142418 -8.43017e-06
22 3.81911e-07 -1.64166e-05 6.01919e-05 4.62568e-05 0.00150542 -0.000410585
22.02 5.97043e-06 -3.40282e-05 6.26736e-05 5.33799e-05 0.00156749 -0.00085106
22.04 1.13991e-05 -5.15815e-05 6.4528e-05 5.86342e-05 0.00161387 -0.00129007
22.06 1.63523e-05 -6.6718e-05 6.58472e-05 6.15096e-05 0.00164687 -0.00166864
22.08 2.05683e-05 -7.78599e-05 6.64101e-05 6.18968e-05 0.00166094 -0.00194731
22.1 2.39092e-05 -8.48516e-05 6.57517e-05 6.03331e-05 0.00164448 -0.00212217
22.12 2.63474e-05 -8.88367e-05 6.38098e-05 5.77871e-05 0.00159591 -0.00222184
22.14 2.78806e-05 -9.15461e-05 6.1354e-05 5.50224e-05 0.00153449 -0.00228961
22.16 2.84565e-05 -9.33868e-05 5.93668e-05 5.20958e-05 0.00148479 -0.00233564
22.18 2.7971e-05 -9.3092e-05 5.8165e-05 4.84684e-05 0.00145473 -0.00232827
22.2 2.63381e-05 -8.8874e-05 5.69811e-05 4.35034e-05 0.00142512 -0.00222278
22.22 2.35727e-05 -7.98407e-05 5.48196e-05 3.6889e-05 0.00137106 -0.00199685
22.24 1.98128e-05 -6.6931e-05 5.14656e-05 2.87801e-05 0.00128718 -0.00167397
22.26 1.52687e-05 -5.19072e-05 4.76575e-05 1.9683e-05 0.00119193 -0.00129822
22.28 1.01403e-05 -3.6162e-05 4.45916e-05 1.01879e-05 0.00111525 -0.000904425
22.3 4.5764e-06 -1.99621e-05 4.28863e-05 7.22653e-07 0.0010726 -0.00049926
22.32 -1.29526e-06 -2.62689e-06 4.21636e-05 -8.44068e-06 0.00105453 -6.56997e-05
22.34 -7.30742e-06 1.59221e-05 4.16902e-05 -1.69561e-05 0.00104269 0.000398218
22.36 -1.32301e-05 3.43737e-05 4.11087e-05 -2.42857e-05 0.00102815 0.0008597
22.38 -1.88157e-05 5.07471e-05 4.03156e-05 -2.9881e-05 0.00100831 0.00126921
22.4 -2.38658e-05 6.41169e-05 3.93418e-05 -3.34928e-05 0.000983955 0.00160359
22.42 -2.82523e-05 7.50594e-05 3.85973e-05 -3.53208e-05 0.000965334 0.00187727
22.44 -3.18818e-05 8.41561e-05 3.85429e-05 -3.5886e-05 0.000963974 0.00210478
22.46 -3.46467e-05 9.12604e-05 3.92517e-05 -3.56538e-05 0.000981701 0.00228246
22.48 -3.64161e-05 9.57113e-05 4.0779e-05 -3.46217e-05 0.0010199 0.00239378
22.5 -3.7072e-05 9.69935e-05 4.33069e-05 -3.22982e-05 0.00108312 0.00242585
22.52 -3.65507e-05 9.49394e-05 4.64505e-05 -2.82003e-05 0.00116175 0.00237447
22.54 -3.48578e-05 8.93474e-05 4.91971e-05 -2.24199e-05 0.00123044 0.00223461
22.56 -3.20553e-05 8.04432e-05 5.06258e-05 -1.56726e-05 0.00126617 0.00201192
22.58 -2.82529e-05 6.88393e-05 5.04114e-05 -8.81331e-06 0.00126081 0.0017217
22.6 -2.36128e-05 5.50534e-05 4.87976e-05 -2.39069e-06 0.00122045 0.00137691
22.62 -1.83402e-05 3.97617e-05 4.65908e-05 3.43366e-06 0.00116526 0.000994457
22.64 -1.26405e-05 2.40353e-05 4.45779e-05 8.79201e-06 0.00111491 0.000601133
22.66 -6.67507e-06 8.73376e-06 4.23096e-05 1.39997e-05 0.00105818 0.000218435
22.68 -5.66303e-07 -6.4484e-06 3.84885e-05 1.93795e-05 0.000962613 -0.000161277
22.7 5.55187e-06 -2.21202e-05 3.29169e-05 2.51148e-05 0.000823266 -0.000553237
22.72 1.14877e-05 -3.79194e-05 2.70537e-05 3.12435e-05 0.000676623 -0.000948379
22.74 1.69849e-05 -5.29591e-05 2.21686e-05 3.75692e-05 0.000554445 -0.00132453
22.76 2.1767e-05 -6.63151e-05 1.83573e-05 4.34516e-05 0.000459123 -0.00165857
22.78 2.56034e-05 -7.70427e-05 1.5251e-05 4.79453e-05 0.000381433 -0.00192687
22.8 2.83475e-05 -8.4371e-05 1.22715e-05 5.03861e-05 0.000306915 -0.00211015
22.82 2.99274e-05 -8.81105e-05 8.97676e-06 5.08088e-05 0.000224512 -0.00220368
22.84 3.03183e-05 -8.86538e-05 5.7255e-06 4.97338e-05 0.000143197 -0.00221727
22.86 2.95318e-05 -8.6296e-05 3.55088e-06 4.76113e-05 8.8809e-05 -0.0021583
22.88 2.76195e-05 -8.0995e-05 3.51311e-06 4.44886e-05 8.78643e-05 -0.00202572
22.9 2.46731e-05 -7.27585e-05 6.17839e-06 4.01228e-05 0.000154524 -0.00181972
22.92 2.08198e-05 -6.19084e-05 1.13136e-05 3.43616e-05 0.000282958 -0.00154836
22.94 1.6212e-05 -4.89833e-05 1.80628e-05 2.74221e-05 0.000451757 -0.00122509
22.96 1.10124e-05 -3.45864e-05 2.54956e-05 1.97934e-05 0.000637655 -0.00086502
22.98 5.38168e-06 -1.93579e-05 3.29682e-05 1.1878e-05 0.000824549 -0.000484148
23 -5.26196e-07 -3.85816e-06 4.0478e-05 3.79367e-06 0.00101237 -9.64943e-05
23.02 -6.55436e-06 1.1667e-05 4.87212e-05 -4.42539e-06 0.00121854 0.000291796
23.04 -1.25233e-05 2.71636e-05 5.80073e-05 -1.24582e-05 0.00145079 0.000679372
23.06 -1.82141e-05 4.22058e-05 6.76631e-05 -1.95807e-05 0.00169228 0.00105558
23.08 -2.33754e-05 5.56519e-05 7.69694e-05 -2.49305e-05 0.00192504 0.00139188
23.1 -2.77632e-05 6.61592e-05 8.57369e-05 -2.79087e-05 0.00214432 0.00165467
23.12 -3.11912e-05 7.31521e-05 9.3983e-05 -2.84222e-05 0.00235055 0.00182956
23.14 -3.35607e-05 7.6798e-05 0.000101651 -2.69055e-05 0.00254234 0.00192075
23.16 -3.48422e-05 7.76636e-05 0.00010873 -2.41543e-05 0.00271938 0.0019424
23.18 -3.50257e-05 7.63809e-05 0.00011516 -2.09518e-05 0.00288021 0.00191032
23.2 -3.40891e-05 7.29619e-05 0.000120172 -1.76738e-05 0.00300556 0.00182481
23.22 -3.20173e-05 6.68807e-05 0.000122384 -1.42084e-05 0.00306088 0.00167271
23.24 -2.88544e-05 5.77476e-05 0.000120988 -1.0231e-05 0.00302596 0.00144429
23.26 -2.47334e-05 4.61193e-05 0.000116191 -5.54396e-06 0.00290598 0.00115346
23.28 -1.9854e-05 3.3189e-05 0.000108735 -2.11762e-07 0.0027195 0.00083007
23.3 -1.443e-05 1.97935e-05 9.95803e-05 5.54391e-06 0.00249055 0.000495043
23.32 -8.6423e-06 6.22942e-06 8.9638e-05 1.15869e-05 0.00224188 0.0001558
23.34 -2.63733e-06 -7.68497e-06 7.89216e-05 1.80249e-05 0.00197386 -0.000192204
23.36 3.4345e-06 -2.21197e-05 6.65457e-05 2.5071e-05 0.00166433 -0.000553223
23.38 9.38256e-06 -3.67466e-05 5.2184e-05 3.2708e-05 0.00130514 -0.000919048
23.4 1.49772e-05 -5.06044e-05 3.63832e-05 4.0468e-05 0.000909958 -0.00126564
23.42 1.99839e-05 -6.25031e-05 1.99629e-05 4.75019e-05 0.000499281 -0.00156323
23.44 2.41992e-05 -7.17924e-05 3.9223e-06 5.28782e-05 9.80983e-05 -0.00179556
23.46 2.74723e-05 -7.82386e-05 -1.05217e-05 5.59655e-05 -0.000263153 -0.00195678
23.48 2.97124e-05 -8.16056e-05 -2.26193e-05 5.67036e-05 -0.000565718 -0.00204099
23.5 3.08806e-05 -8.18507e-05 -3.27724e-05 5.551e-05 -0.000819651 -0.00204712
23.52 3.09761e-05 -7.93565e-05 -4.15608e-05 5.2835e-05 -0.00103945 -0.00198474
23.54 3.00222e-05 -7.45636e-05 -4.88095e-05 4.87932e-05 -0.00122075 -0.00186487
23.56 2.80586e-05 -6.74289e-05 -5.39594e-05 4.3225e-05 -0.00134955 -0.00168642
23.58 2.51396e-05 -5.78829e-05 -5.65388e-05 3.60141e-05 -0.00141406 -0.00144767
23.6 2.13407e-05 -4.62783e-05 -5.61427e-05 2.73007e-05 -0.00140415 -0.00115744
23.62 1.67754e-05 -3.28966e-05 -5.2537e-05 1.75484e-05 -0.00131397 -0.000822758
23.64 1.16021e-05 -1.81098e-05 -4.60505e-05 7.50804e-06 -0.00115174 -0.000452933
23.66 6.00873e-06 -2.76587e-06 -3.72216e-05 -2.00408e-06 -0.000930927 -6.91757e-05
23.68 1.89439e-07 1.21737e-05 -2.60845e-05 -1.03863e-05 -0.000652385 0.000304469
23.7 -5.66323e-06 2.63015e-05 -1.25174e-05 -1.73319e-05 -0.000313066 0.000657813
23.72 -1.13527e-05 3.94556e-05 3.27244e-06 -2.27566e-05 8.1845e-05 0.0009868
23.74 -1.66745e-05 5.09641e-05 2.08516e-05 -2.67715e-05 0.000521507 0.00127463
23.76 -2.14176e-05 6.03092e-05 3.94388e-05 -2.96042e-05 0.000986382 0.00150836
23.78 -2.53785e-05 6.74012e-05 5.77539e-05 -3.13786e-05 0.00144445 0.00168573
23.8 -2.83915e-05 7.19306e-05 7.43583e-05 -3.20446e-05 0.00185973 0.00179902
23.82 -3.03542e-05 7.34776e-05 8.87372e-05 -3.15367e-05 0.00221935 0.00183771
23.84 -3.12319e-05 7.20327e-05 0.000101443 -2.98287e-05 0.00253712 0.00180157
23.86 -3.10454e-05 6.80292e-05 0.000112818 -2.68121e-05 0.00282163 0.00170144
23.88 -2.98528e-05 6.18215e-05 0.000122768 -2.22683e-05 0.00307049 0.00154618
23.9 -2.77278e-05 5.34761e-05 0.000131233 -1.60043e-05 0.00328219 0.00133746
23.92 -2.47431e-05 4.3155e-05 0.000137505 -7.97151e-06 0.00343906 0.00107932
23.94 -2.09792e-05 3.10297e-05 0.00013989 1.64662e-06 0.00349871 0.000776066
23.96 -1.65524e-05 1.72092e-05 0.00013741 1.23056e-05 0.00343668 0.00043041
23.98 -1.16328e-05 2.19672e-06 0.000130883 2.30866e-05 0.00327345 5.49409e-05
24 -6.43031e-06 -1.27597e-05 0.000121734 3.29724e-05 0.00304461 -0.000319124
24.02 -1.15039e-06 -2.61979e-05 0.000110949 4.1246e-05 0.00277488 -0.000655221
24.04 4.04912e-06 -3.77017e-05 9.9037e-05 4.76889e-05 0.00247696 -0.000942934
24.06 9.06958e-06 -4.7658e-05 8.59026e-05 5.25213e-05 0.00214846 -0.00119195
24.08 1.38318e-05 -5.66379e-05 7.08124e-05 5.62087e-05 0.00177105 -0.00141654
24.1 1.82083e-05 -6.51707e-05 5.34764e-05 5.91001e-05 0.00133747 -0.00162995
24.12 2.19938e-05 -7.28553e-05 3.51613e-05 6.10437e-05 0.000879399 -0.00182214
24.14 2.49499e-05 -7.80945e-05 1.76162e-05 6.13816e-05 0.000440587 -0.00195318
24.16 2.68994e-05 -7.92184e-05 1.70346e-06 5.93873e-05 4.26041e-05 -0.00198129
24.18 2.77938e-05 -7.62348e-05 -1.22371e-05 5.47562e-05 -0.000306054 -0.00190666
24.2 2.77057e-05 -7.07266e-05 -2.38715e-05 4.78335e-05 -0.000597036 -0.0017689
24.22 2.67484e-05 -6.42498e-05 -3.31522e-05 3.9522e-05 -0.00082915 -0.00160691
24.24 2.49859e-05 -5.73352e-05 -4.03071e-05 3.08458e-05 -0.0010081 -0.00143398
24.26 2.24171e-05 -4.91671e-05 -4.48413e-05 2.24056e-05 -0.0011215 -0.00122969
24.28 1.90453e-05 -3.85993e-05 -4.58569e-05 1.42236e-05 -0.0011469 -0.000965385
24.3 1.49591e-05 -2.5724e-05 -4.31287e-05 6.10324e-06 -0.00107867 -0.000643368
24.32 1.03484e-05 -1.19741e-05 -3.67922e-05 -1.89161e-06 -0.000920188 -0.000299478
24.34 5.44406e-06 9.96257e-07 -2.73494e-05 -9.2752e-06 -0.00068402 2.49168e-05
24.36 4.40268e-07 1.23929e-05 -1.57788e-05 -1.54441e-05 -0.000394634 0.000309953
24.38 -4.5356e-06 2.24345e-05 -2.90986e-06 -2.01895e-05 -7.2777e-05 0.000561096
24.4 -9.38573e-06 3.18562e-05 1.10115e-05 -2.38837e-05 0.000275403 0.000796738
24.42 -1.39803e-05 4.12204e-05 2.59791e-05 -2.70746e-05 0.000649749 0.00103094
24.44 -1.81349e-05 5.01163e-05 4.1655e-05 -2.9879e-05 0.00104181 0.00125343
24.46 -2.16493e-05 5.70845e-05 5.75142e-05 -3.17825e-05 0.00143845 0.00142771
24.48 -2.43749e-05 6.06533e-05 7.31268e-05 -3.19627e-05 0.00182893 0.00151696
24.5 -2.62531e-05 6.08123e-05 8.81548e-05 -2.9762e-05 0.00220479 0.00152094
24.52 -2.72962e-05 5.88287e-05 0.000102039 -2.49938e-05 0.00255203 0.00147133
24.54 -2.75338e-05 5.55356e-05 0.000113671 -1.804e-05 0.00284296 0.00138897
24.56 -2.69656e-05 5.09349e-05 0.000121948 -9.66709e-06 0.00304998 0.0012739
24.58 -2.55636e-05 4.4734e-05 0.000126244 -5.93932e-07 0.00315742 0.00111882
24.6 -2.33239e-05 3.65524e-05 0.00012635 8.73539e-06 0.00316006 0.000914192
24.62 -2.03167e-05 2.65111e-05 0.000122856 1.79088e-05 0.00307267 0.000663054
24.64 -1.66808e-05 1.56623e-05 0.00011681 2.62751e-05 0.00292147 0.000391722
24.66 -1.25714e-05 5.32379e-06 0.00010855 3.30919e-05 0.00271488 0.00013315
24.68 -8.11685e-06 -4.1495e-06 9.77552e-05 3.79297e-05 0.0024449 -0.000103781
24.7 -3.42302e-06 -1.33674e-05 8.44072e-05 4.09389e-05 0.00211106 -0.000334323
24.72 1.39197e-06 -2.26183e-05 6.89367e-05 4.27945e-05 0.00172413 -0.000565693
24.74 6.1682e-06 -3.16339e-05 5.17694e-05 4.42594e-05 0.00129477 -0.000791176
24.76 1.071e-05 -3.9962e-05 3.34006e-05 4.55646e-05 0.000835363 -0.000999466
24.78 1.48263e-05 -4.69585e-05 1.45932e-05 4.62121e-05 0.000364981 -0.00117445
24.8 1.83699e-05 -5.19706e-05 -3.73094e-06 4.54787e-05 -9.33126e-05 -0.00129981
24.82 2.12454e-05 -5.47938e-05 -2.067e-05 4.30672e-05 -0.000516967 -0.00137042
24.84 2.33916e-05 -5.58017e-05 -3.57263e-05 3.92437e-05 -0.000893529 -0.00139562
24.86 2.47633e-05 -5.53916e-05 -4.85945e-05 3.44815e-05 -0.00121537 -0.00138537
24.88 2.53261e-05 -5.36622e-05 -5.84675e-05 2.90773e-05 -0.0014623 -0.00134211
24.9 2.50609e-05 -5.04452e-05 -6.45413e-05 2.30705e-05 -0.00161421 -0.00126166
24.92 2.39729e-05 -4.55786e-05 -6.68231e-05 1.64786e-05 -0.00167127 -0.00113994
24.94 2.21016e-05 -3.92331e-05 -6.57633e-05 9.57907e-06 -0.00164477 -0.000981236
24.96 1.95241e-05 -3.17627e-05 -6.17091e-05 2.93995e-06 -0.00154337 -0.000794399
24.98 1.63453e-05 -2.35686e-05 -5.49046e-05 -2.82106e-06 -0.00137319 -0.000589461
25 1.26773e-05 -1.51594e-05 -4.54866e-05 -7.34436e-06 -0.00113764 -0.000379142
25.02 8.62544e-06 -6.87329e-06 -3.31425e-05 -1.06592e-05 -0.000828908 -0.000171904
25.04 4.29059e-06 1.25475e-06 -1.74348e-05 -1.30333e-05 -0.000436051 3.13817e-05
25.06 -2.16929e-07 9.22624e-06 1.26042e-06 -1.46847e-05 3.15237e-05 0.000230752
25.08 -4.76587e-06 1.68743e-05 2.18742e-05 -1.55908e-05 0.000547082 0.000422032
25.1 -9.20468e-06 2.38413e-05 4.35148e-05 -1.55185e-05 0.00108832 0.000596281
25.12 -1.33766e-05 2.96516e-05 6.56601e-05 -1.42371e-05 0.00164219 0.000741598
25.14 -1.71423e-05 3.38345e-05 8.77633e-05 -1.17536e-05 0.002195 0.000846215
25.16 -2.03905e-05 3.63607e-05 0.000109312 -8.34613e-06 0.00273395 0.000909397
25.18 -2.303e-05 3.75537e-05 0.000129869 -4.35709e-06 0.00324807 0.000939233
25.2 -2.49788e-05 3.76147e-05 0.000148599 1.92254e-08 0.00371651 0.00094076
25.22 -2.61608e-05 3.65187e-05 0.000164345 4.75737e-06 0.00411034 0.000913349
25.24 -2.65189e-05 3.39935e-05 0.000176307 9.84748e-06 0.00440952 0.000850192
25.26 -2.60366e-05 2.97144e-05 0.000184366 1.5083e-05 0.00461107 0.000743169
25.28 -2.47544e-05 2.38095e-05 0.00018861 1.99815e-05 0.00471721 0.000595485
25.3 -2.27597e-05 1.71308e-05 0.000188661 2.39864e-05 0.00471848 0.000428449
25.32 -2.0158e-05 1.05576e-05 0.000183922 2.6795e-05 0.00459996 0.00026405
25.34 -1.70464e-05 4.28153e-06 0.000174421 2.84998e-05 0.00436235 0.000107083
25.36 -1.35106e-05 -2.00561e-06 0.000160684 2.94792e-05 0.00401879 -5.01612e-05
25.38 -9.64565e-06 -8.57519e-06 0.000143208 3.01862e-05 0.00358168 -0.000214469
25.4 -5.57791e-06 -1.52933e-05 0.00012258 3.09324e-05 0.00306579 -0.000382493
25.42 -1.46191e-06 -2.15645e-05 9.94316e-05 3.17629e-05 0.00248683 -0.000539338
25.44 2.54583e-06 -2.67497e-05 7.41192e-05 3.25126e-05 0.00185375 -0.00066902
25.46 6.31387e-06 -3.0584e-05 4.70804e-05 3.29611e-05 0.0011775 -0.000764918
25.48 9.74482e-06 -3.30882e-05 1.93068e-05 3.29069e-05 0.00048287 -0.000827548
25.5 1.27619e-05 -3.44938e-05 -8.10602e-06 3.20937e-05 -0.000202735 -0.000862704
25.52 1.52912e-05 -3.49764e-05 -3.42095e-05 3.01214e-05 -0.000855594 -0.000874774
25.54 1.72555e-05 -3.44215e-05 -5.80159e-05 2.65504e-05 -0.001451 -0.000860897
25.56 1.85835e-05 -3.24995e-05 -7.86289e-05 2.11961e-05 -0.00196654 -0.000812826
25.58 1.92251e-05 -2.89843e-05 -9.52728e-05 1.43582e-05 -0.00238281 -0.00072491
25.6 1.91631e-05 -2.40692e-05 -0.000107232 6.77468e-06 -0.00268191 -0.00060198
25.62 1.84189e-05 -1.82859e-05 -0.000113877 -6.31254e-07 -0.0028481 -0.000457337
25.64 1.70431e-05 -1.23994e-05 -0.000115096 -7.02258e-06 -0.0028786 -0.000310115
25.66 1.50962e-05 -6.89992e-06 -0.000111329 -1.18164e-05 -0.00278439 -0.00017257
25.68 1.26353e-05 -1.89519e-06 -0.000102981 -1.47435e-05 -0.00257559 -4.73996e-05
25.7 9.71489e-06 2.72439e-06 -9.0301e-05 -1.58677e-05 -0.00225847 6.81382e-05
25.72 6.40655e-06 7.33619e-06 -7.37536e-05 -1.55553e-05 -0.00184461 0.000183481
25.74 2.81491e-06 1.19958e-05 -5.39873e-05 -1.43716e-05 -0.00135025 0.000300019
25.76 -9.23504e-07 1.63571e-05 -3.13031e-05 -1.29363e-05 -0.000782904 0.000409099
25.78 -4.66057e-06 2.0072e-05 -5.79098e-06 -1.17267e-05 -0.000144835 0.00050201
25.8 -8.2631e-06 2.29396e-05 2.21054e-05 -1.08971e-05 0.000552864 0.000573729
25.82 -1.16294e-05 2.48123e-05 5.1527e-05 -1.0264e-05 0.00128871 0.000620566
25.84 -1.46865e-05 2.57106e-05 8.14655e-05 -9.43826e-06 0.00203748 0.000643032
25.86 -1.73696e-05 2.60894e-05 0.000110618 -7.92742e-06 0.0027666 0.000652507
25.88 -1.96071e-05 2.61035e-05 0.000137273 -5.22261e-06 0.00343326 0.000652861
25.9 -2.13203e-05 2.53447e-05 0.000160033 -9.95472e-07 0.00400249 0.000633882
25.92 -2.24336e-05 2.35299e-05 0.000178303 4.723e-06 0.00445943 0.000588493
25.94 -2.28912e-05 2.05694e-05 0.000191838 1.15138e-05 0.00479795 0.000514449
25.96 -2.26751e-05 1.64666e-05 0.000200469 1.86246e-05 0.00501382 0.000411837
25.98 -2.18095e-05 1.15186e-05 0.000204526 2.51328e-05 0.00511528 0.000288084
26 -2.03444e-05 6.30355e-06 0.000204602 3.0257e-05 0.00511719 0.000157654
26.02 -1.83345e-05 1.39211e-06 0.000200681 3.36371e-05 0.00501912 3.48172e-05
26.04 -1.58278e-05 -3.0751e-06 0.000192183 3.53897e-05 0.00480658 -7.69094e-05
26.06 -1.28763e-05 -7.55529e-06 0.000178767 3.59606e-05 0.00447105 -0.000188961
26.08 -9.56114e-06 -1.25655e-05 0.000160956 3.59156e-05 0.00402559 -0.000314268
26.1 -6.00853e-06 -1.77874e-05 0.000139904 3.57826e-05 0.00349906 -0.000444871
26.12 -2.37169e-06 -2.23692e-05 0.000116554 3.59268e-05 0.00291507 -0.000559463
26.14 1.20709e-06 -2.59886e-05 9.13374e-05 3.63945e-05 0.00228439 -0.000649986
26.16 4.62908e-06 -2.85946e-05 6.43177e-05 3.68783e-05 0.00160861 -0.000715164
26.18 7.83424e-06 -3.02276e-05 3.55796e-05 3.69162e-05 0.000889859 -0.000756005
26.2 1.07609e-05 -3.13617e-05 6.34416e-06 3.60292e-05 0.00015867 -0.000784369
26.22 1.33144e-05 -3.22482e-05 -2.08553e-05 3.36551e-05 -0.000521599 -0.000806542
26.24 1.538e-05 -3.21957e-05 -4.40173e-05 2.92164e-05 -0.00110089 -0.000805228
26.26 1.68712e-05 -3.02495e-05 -6.26869e-05 2.24667e-05 -0.00156783 -0.000756552
26.28 1.77664e-05 -2.64325e-05 -7.7049e-05 1.38097e-05 -0.00192703 -0.000661088
26.3 1.81032e-05 -2.17388e-05 -8.72674e-05 4.35316e-06 -0.00218259 -0.000543695
26.32 1.79331e-05 -1.73252e-05 -9.33372e-05 -4.35364e-06 -0.0023344 -0.000433312
26.34 1.72719e-05 -1.39497e-05 -9.48637e-05 -1.09105e-05 -0.00237258 -0.000348887
26.36 1.60881e-05 -1.15396e-05 -9.14175e-05 -1.46892e-05 -0.00228639 -0.00028861
26.38 1.43448e-05 -9.24076e-06 -8.3042e-05 -1.59453e-05 -0.00207691 -0.000231115
26.4 1.20555e-05 -6.36291e-06 -7.0385e-05 -1.53525e-05 -0.00176036 -0.000159139
26.42 9.30531e-06 -3.01364e-06 -5.44541e-05 -1.34906e-05 -0.00136192 -7.53723e-05
26.44 6.22549e-06 8.8574e-08 -3.60959e-05 -1.07272e-05 -0.000902773 2.21527e-06
26.46 2.94592e-06 2.48116e-06 -1.56498e-05 -7.43715e-06 -0.000391409 6.20549e-05
26.48 -4.28778e-07 4.58801e-06 6.95344e-06 -4.18455e-06 0.000173908 0.000114748
26.5 -3.80888e-06 6.99054e-06 3.16313e-05 -1.60352e-06 0.000791112 0.000174836
26.52 -7.09236e-06 9.78068e-06 5.77194e-05 -2.68207e-08 0.00144359 0.000244619
26.54 -1.01543e-05 1.25901e-05 8.39354e-05 8.64693e-07 0.00209926 0.000314883
26.56 -1.28698e-05 1.47498e-05 0.000108725 2.01208e-06 0.00271926 0.000368898
26.58 -1.51515e-05 1.56054e-05 0.000130828 4.45339e-06 0.00327206 0.000390298
26.6 -1.69669e-05 1.5054e-05 0.000149429 8.6846e-06 0.00373728 0.000376506
26.62 -1.83186e-05 1.37137e-05 0.000163941 1.44129e-05 0.00410023 0.000342985
26.64 -1.9207e-05 1.231e-05 0.000173943 2.0795e-05 0.00435039 0.000307879
26.66 -1.96046e-05 1.10372e-05 0.000179418 2.68753e-05 0.00448733 0.000276045
26.68 -1.94615e-05 9.48507e-06 0.000180697 3.19222e-05 0.00451931 0.000237225
26.7 -1.87371e-05 7.22403e-06 0.00017787 3.55184e-05 0.00444861 0.000180676
26.72 -1.74328e-05 4.38399e-06 0.000170906 3.74528e-05 0.00427443 0.000109645
26.74 -1.55981e-05 1.48884e-06 0.000160162 3.76034e-05 0.00400571 3.72364e-05
26.76 -1.33116e-05 -1.08242e-06 0.000146215 3.59818e-05 0.0036569 -2.70717e-05
26.78 -1.06544e-05 -3.28989e-06 0.000129451 3.29269e-05 0.00323763 -8.22816e-05
26.8 -7.70186e-06 -5.36945e-06 0.0001099 2.92031e-05 0.00274864 -0.000134292
26.82 -4.5362e-06 -7.65818e-06 8.75328e-05 2.5758e-05 0.00218923 -0.000191534
26.84 -1.26095e-06 -1.02336e-05 6.26141e-05 2.32369e-05 0.001566 -0.000255946
26.86 2.00132e-06 -1.27124e-05 3.57565e-05 2.16436e-05 0.000894286 -0.000317941
26.88 5.12711e-06 -1.46443e-05 8.02077e-06 2.03765e-05 0.000200603 -0.00036626
26.9 8.00648e-06 -1.59808e-05 -1.90838e-05 1.85418e-05 -0.000477294 -0.000399686
26.92 1.05455e-05 -1.67763e-05 -4.38968e-05 1.53726e-05 -0.00109788 -0.000419582
26.94 1.26633e-05 -1.68461e-05 -6.50186e-05 1.0603e-05 -0.00162614 -0.000421328
26.96 1.4293e-05 -1.60499e-05 -8.16133e-05 4.58981e-06 -0.00204118 -0.000401415
26.98 1.53886e-05 -1.46141e-05 -9.3311e-05 -1.88513e-06 -0.00233375 -0.000365505
27 1.59301e-05 -1.29168e-05 -0.000100112 -7.90259e-06 -0.00250384 -0.000323056
27.02 1.59194e-05 -1.11715e-05 -0.000102239 -1.25754e-05 -0.00255704 -0.000279405
27.04 1.53702e-05 -9.52453e-06 -9.98479e-05 -1.51777e-05 -0.00249724 -0.000238212
27.06 1.43034e-05 -8.06338e-06 -9.31959e-05 -1.53423e-05 -0.00233087 -0.000201668
27.08 1.27538e-05 -6.75138e-06 -8.28268e-05 -1.32297e-05 -0.00207153 -0.000168855
27.1 1.07765e-05 -5.45124e-06 -6.94298e-05 -9.52903e-06 -0.00173647 -0.000136338
27.12 8.44e-06 -4.09098e-06 -5.34979e-05 -5.27082e-06 -0.00133801 -0.000102317
27.14 5.81081e-06 -2.72423e-06 -3.51739e-05 -1.51061e-06 -0.000879714 -6.81342e-05
27.16 2.9489e-06 -1.0792e-06 -1.45205e-05 1.03666e-06 -0.000363164 -2.69912e-05
27.18 -7.76845e-08 1.30209e-06 8.23945e-06 2.25604e-06 0.000206072 3.25658e-05
27.2 -3.17349e-06 4.3752e-06 3.25785e-05 2.61058e-06 0.000814803 0.000109426
27.22 -6.21336e-06 7.43957e-06 5.76573e-05 2.89457e-06 0.00144203 0.000186067
27.24 -9.0668e-06 9.66772e-06 8.23148e-05 3.97908e-06 0.00205873 0.000241794
27.26 -1.16311e-05 1.07989e-05 0.00010525 6.60389e-06 0.00263234 0.000270086
27.28 -1.38446e-05 1.11008e-05 0.000125529 1.11215e-05 0.00313953 0.000277635
27.3 -1.56693e-05 1.08789e-05 0.000142538 1.72462e-05 0.00356494 0.000272085
27.32 -1.70635e-05 1.02876e-05 0.000155758 2.40514e-05 0.00389558 0.000257298
27.34 -1.79717e-05 9.3965e-06 0.000164892 3.03106e-05 0.00412401 0.00023501
27.36 -1.83428e-05 8.19829e-06 0.000169802 3.49346e-05 0.00424683 0.000205043
27.38 -1.81547e-05 6.71643e-06 0.000170428 3.72233e-05 0.00426247 0.000167981
27.4 -1.74194e-05 5.21905e-06 0.000166933 3.69251e-05 0.00417505 0.000130531
27.42 -1.6168e-05 4.02996e-06 0.000159824 3.42291e-05 0.00399726 0.000100791
27.44 -1.44369e-05 3.06109e-06 0.000149575 2.97203e-05 0.00374093 7.6559e-05
27.46 -1.22721e-05 1.8638e-06 0.000136379 2.42838e-05 0.00341089 4.66145e-05
27.48 -9.74267e-06 1.47005e-07 0.000120438 1.89711e-05 0.00301219 3.67666e-06
27.5 -6.94794e-06 -2.08748e-06 0.000102039 1.47768e-05 0.00255203 -5.22087e-05
27.52 -4.00941e-06 -4.69236e-06 8.15041e-05 1.2313e-05 0.00203845 -0.000117358
27.54 -1.05168e-06 -7.43975e-06 5.92946e-05 1.15685e-05 0.00148298 -0.000186071
27.56 1.8146e-06 -1.00688e-05 3.61311e-05 1.19537e-05 0.000903654 -0.000251824
27.58 4.49813e-06 -1.23484e-05 1.29881e-05 1.25842e-05 0.000324837 -0.00030884
27.6 6.92412e-06 -1.41038e-05 -9.06354e-06 1.26078e-05 -0.000226683 -0.000352743
27.62 9.0323e-06 -1.52101e-05 -2.90377e-05 1.14378e-05 -0.000726244 -0.000380412
27.64 1.07767e-05 -1.56128e-05 -4.61058e-05 8.85862e-06 -0.00115313 -0.000390482
27.66 1.2124e-05 -1.53212e-05 -5.95767e-05 5.03862e-06 -0.00149004 -0.000383191
27.68 1.30478e-05 -1.44997e-05 -6.89881e-05 4.94428e-07 -0.00172542 -0.000362642
27.7 1.35236e-05 -1.34139e-05 -7.42062e-05 -3.9922e-06 -0.00185593 -0.000335488
27.72 1.35299e-05 -1.2192e-05 -7.5357e-05 -7.52187e-06 -0.00188471 -0.000304928
27.74 1.30553e-05 -1.08713e-05 -7.27201e-05 -9.2984e-06 -0.00181876 -0.000271896
27.76 1.2104e-05 -9.58604e-06 -6.6675e-05 -8.88798e-06 -0.00166757 -0.000239751
27.78 1.06967e-05 -8.48923e-06 -5.76082e-05 -6.38987e-06 -0.00144081 -0.000212319
27.8 8.86798e-06 -7.51935e-06 -4.57876e-05 -2.39854e-06 -0.00114517 -0.000188062
27.82 6.66561e-06 -6.3919e-06 -3.1373e-05 2.21005e-06 -0.000784651 -0.000159864
27.84 4.15557e-06 -4.8137e-06 -1.45423e-05 6.53957e-06 -0.000363708 -0.000120393
27.86 1.42859e-06 -2.70527e-06 4.40316e-06 9.90121e-06 0.000110125 -6.76599e-05
27.88 -1.40126e-06 -2.40644e-07 2.49981e-05 1.19755e-05 0.000625212 -6.0186e-06
27.9 -4.20987e-06 2.31318e-06 4.6591e-05 1.28694e-05 0.00116526 5.78537e-05
27.92 -6.88197e-06 4.68595e-06 6.83287e-05 1.30392e-05 0.00170893 0.000117198
27.94 -9.3236e-06 6.65796e-06 8.92319e-05 1.3105e-05 0.00223173 0.000166518
27.96 -1.14623e-05 8.13792e-06 0.000108333 1.36419e-05 0.00270944 0.000203533
27.98 -1.32416e-05 9.08639e-06 0.000124773 1.50105e-05 0.00312064 0.000227254
28 -1.46181e-05 9.44568e-06 0.000137873 1.72433e-05 0.00344825 0.00023624
28.02 -1.5563e-05 9.23014e-06 0.000147193 2.00164e-05 0.00368136 0.00023085
28.04 -1.60633e-05 8.5874e-06 0.000152588 2.27397e-05 0.00381629 0.000214774
28.06 -1.61196e-05 7.73141e-06 0.000154174 2.47338e-05 0.00385597 0.000193366
28.08 -1.57411e-05 6.83912e-06 0.000152241 2.54339e-05 0.00380761 0.000171049
28.1 -1.49413e-05 5.9872e-06 0.000147138 2.45716e-05 0.00367999 0.000149742
28.12 -1.37383e-05 5.14021e-06 0.000139195 2.22836e-05 0.00348131 0.000128559
28.14 -1.21591e-05 4.17295e-06 0.000128671 1.9094e-05 0.0032181 0.000104367
28.16 -1.02441e-05 2.9183e-06 0.000115769 1.57591e-05 0.00289544 7.29878e-05
28.18 -8.04961e-06 1.24283e-06 0.000100691 1.30274e-05 0.00251834 3.10836e-05
28.2 -5.64726e-06 -8.83683e-07 8.37031e-05 1.14035e-05 0.00209345 -2.21013e-05
28.22 -3.12271e-06 -3.37325e-06 6.51843e-05 1.10023e-05 0.00163029 -8.43665e-05
28.24 -5.7123e-07 -6.0407e-06 4.56664e-05 1.15335e-05 0.00114214 -0.00015108
28.26 1.90878e-06 -8.62789e-06 2.58578e-05 1.24104e-05 0.000646715 -0.000215787
28.28 4.22358e-06 -1.08552e-05 6.60704e-06 1.29361e-05 0.000165245 -0.000271494
28.3 6.29048e-06 -1.25008e-05 -1.12015e-05 1.25095e-05 -0.000280154 -0.000312651
28.32 8.04153e-06 -1.34501e-05 -2.67589e-05 1.08042e-05 -0.000669251 -0.000336392
28.34 9.42471e-06 -1.37019e-05 -3.94041e-05 7.88495e-06 -0.000985512 -0.000342691
28.36 1.04032e-05 -1.33387e-05 -4.87446e-05 4.2226e-06 -0.00121912 -0.000333605
28.38 1.0954e-05 -1.25183e-05 -5.46193e-05 5.8244e-07 -0.00136605 -0.000313089
28.4 1.10667e-05 -1.14933e-05 -5.68332e-05 -2.1993e-06 -0.00142142 -0.000287451
28.42 1.07424e-05 -1.04967e-05 -5.53045e-05 -3.46917e-06 -0.00138319 -0.000262526
28.44 9.99255e-06 -9.61498e-06 -5.03127e-05 -2.93948e-06 -0.00125834 -0.000240475
28.46 8.83886e-06 -8.8157e-06 -4.22579e-05 -7.56748e-07 -0.00105689 -0.000220484
28.48 7.31501e-06 -7.98934e-06 -3.14725e-05 2.54147e-06 -0.00078714 -0.000199817
28.5 5.46874e-06 -6.96718e-06 -1.8318e-05 6.17565e-06 -0.000458141 -0.000174252
28.52 3.36252e-06 -5.61276e-06 -3.11374e-06 9.33948e-06 -7.7876e-05 -0.000140377
28.54 1.07202e-06 -3.89474e-06 1.39397e-05 1.14058e-05 0.000348637 -9.74091e-05
28.56 -1.31724e-06 -1.85292e-06 3.25009e-05 1.20786e-05 0.000812861 -4.63423e-05
28.58 -3.71461e-06 4.06854e-07 5.20004e-05 1.14751e-05 0.00130055 1.01756e-05
28.6 -6.02955e-06 2.68382e-06 7.17467e-05 1.01025e-05 0.00179442 6.71235e-05
28.62 -8.17089e-06 4.67139e-06 9.16736e-05 8.70623e-06 0.00229279 0.000116833
28.64 -1.00514e-05 6.13086e-06 0.000110376 8.03666e-06 0.00276054 0.000153335
