0.02 -2.04257e-11 1.2117e-10 -2.54603e-08 -1.59345e-11 -6.36773e-07 3.03052e-09
0.04 -2.95587e-10 3.11503e-09 -1.14921e-07 -2.17886e-10 -2.87423e-06 7.79081e-08
0.06 -1.65851e-09 1.35846e-08 -1.9078e-07 -1.08563e-09 -4.77148e-06 3.39757e-07
0.08 -5.48814e-09 3.79251e-08 -9.9841e-08 -3.31385e-09 -2.49707e-06 9.48523e-07
0.1 -1.31707e-08 8.1358e-08 1.38568e-07 -9.00694e-09 3.46566e-06 2.0348e-06
0.12 -2.64826e-08 8.52746e-08 3.81687e-07 -2.34999e-08 9.54614e-06 2.13275e-06
0.14 -4.84794e-08 -9.78958e-08 5.9069e-07 -5.1957e-08 1.47734e-05 -2.44841e-06
0.16 -8.20291e-08 -5.64615e-07 8.0348e-07 -9.3739e-08 2.00954e-05 -1.41213e-05
0.18 -1.266e-07 -1.27163e-06 1.04778e-06 -1.3899e-07 2.62054e-05 -3.18039e-05
0.2 -1.77865e-07 -2.08876e-06 1.33803e-06 -1.60259e-07 3.34647e-05 -5.22407e-05
0.22 -2.31371e-07 -2.86734e-06 1.62546e-06 -1.14189e-07 4.06533e-05 -7.17135e-05
0.24 -2.86231e-07 -3.60281e-06 1.81909e-06 2.97895e-08 4.54963e-05 -9.01079e-05
0.26 -3.44486e-07 -4.47574e-06 1.93034e-06 2.70618e-07 4.82787e-05 -0.00011194
0.28 -4.06331e-07 -5.51931e-06 2.09207e-06 5.88204e-07 5.23236e-05 -0.00013804
0.3 -4.67147e-07 -6.47395e-06 2.40378e-06 9.53223e-07 6.01195e-05 -0.000161916
0.32 -5.21495e-07 -7.16852e-06 2.83796e-06 1.33533e-06 7.09785e-05 -0.000179288
0.34 -5.69133e-07 -7.7278e-06 3.28435e-06 1.72172e-06 8.2143e-05 -0.000193276
0.36 -6.13871e-07 -8.30124e-06 3.61812e-06 2.09647e-06 9.04907e-05 -0.000207617
0.38 -6.57526e-07 -8.91869e-06 3.75182e-06 2.39501e-06 9.38347e-05 -0.00022306
0.4 -6.988e-07 -9.62512e-06 3.66916e-06 2.54274e-06 9.17673e-05 -0.000240728
0.42 -7.36612e-07 -1.04674e-05 3.4208e-06 2.5538e-06 8.55556e-05 -0.000261793
0.44 -7.6941e-07 -1.13314e-05 3.12915e-06 2.52798e-06 7.82614e-05 -0.000283402
0.46 -7.91592e-07 -1.19432e-05 2.95165e-06 2.5403e-06 7.38221e-05 -0.000298705
0.48 -7.96107e-07 -1.20679e-05 2.87278e-06 2.5882e-06 7.18494e-05 -0.000301824
0.5 -7.82883e-07 -1.17577e-05 2.59702e-06 2.6427e-06 6.49525e-05 -0.000294064
0.52 -7.61949e-07 -1.14156e-05 1.90117e-06 2.69358e-06 4.75491e-05 -0.00028551
0.54 -7.44973e-07 -1.15036e-05 9.95439e-07 2.74278e-06 2.48963e-05 -0.000287709
0.56 -7.3203e-07 -1.20287e-05 3.29482e-07 2.80261e-06 8.24047e-06 -0.000300842
0.58 -7.07071e-07 -1.22332e-05 1.88565e-07 2.89822e-06 4.71609e-06 -0.000305956
0.6 -6.50765e-07 -1.11808e-05 5.02956e-07 3.02194e-06 1.25791e-05 -0.000279636
0.62 -5.62116e-07 -8.96398e-06 8.71997e-07 3.0947e-06 2.1809e-05 -0.000224193
0.64 -4.63512e-07 -6.76085e-06 9.07953e-07 3.00864e-06 2.27083e-05 -0.000169092
0.66 -3.77504e-07 -5.35639e-06 7.00856e-07 2.66904e-06 1.75287e-05 -0.000133965
0.68 -3.02227e-07 -4.29443e-06 7.81547e-07 1.99225e-06 1.95468e-05 -0.000107406
0.7 -2.18414e-07 -2.73096e-06 1.59117e-06 9.82494e-07 3.97958e-05 -6.83024e-05
0.72 -1.16542e-07 -3.77797e-07 3.09324e-06 -1.73403e-07 7.73632e-05 -9.44886e-06
0.74 -6.16117e-09 2.46821e-06 4.79864e-06 -1.2505e-06 0.000120016 6.1731e-05
0.76 9.83091e-08 5.22721e-06 6.08745e-06 -2.24938e-06 0.00015225 0.000130735
0.78 1.88683e-07 7.36525e-06 6.67647e-06 -3.34735e-06 0.000166981 0.000184208
0.8 2.61179e-07 8.73479e-06 6.92581e-06 -4.5623e-06 0.000173218 0.000218461
0.82 3.16372e-07 9.73577e-06 7.63077e-06 -5.62155e-06 0.000190849 0.000243496
0.84 3.63093e-07 1.10391e-05 9.26638e-06 -6.20601e-06 0.000231756 0.000276092
0.86 4.11187e-07 1.29007e-05 1.13019e-05 -6.21784e-06 0.000282666 0.000322651
0.88 4.55235e-07 1.47275e-05 1.25517e-05 -5.79718e-06 0.000313924 0.000368342
0.9 4.73137e-07 1.54858e-05 1.23881e-05 -5.1877e-06 0.000309831 0.000387307
0.92 4.47725e-07 1.46365e-05 1.13666e-05 -4.59031e-06 0.000284283 0.000366065
0.94 3.87252e-07 1.27495e-05 1.06338e-05 -4.01737e-06 0.000265956 0.000318869
0.96 3.19504e-07 1.11394e-05 1.09541e-05 -3.25958e-06 0.000273967 0.000278601
0.98 2.6573e-07 1.05869e-05 1.21671e-05 -2.10904e-06 0.000304304 0.000264782
1 2.25762e-07 1.02913e-05 1.43488e-05 -6.52262e-07 0.00035887 0.000257389
1.02 2.00424e-07 9.08098e-06 1.67419e-05 7.174e-07 0.000418721 0.000227119
1.04 2.20505e-07 7.73782e-06 1.36487e-05 1.53521e-06 0.000341361 0.000193526
1.06 3.07701e-07 7.29113e-06 3.17236e-06 1.56354e-06 7.93419e-05 0.000182354
1.08 4.13466e-07 6.76801e-06 -4.55524e-06 1.13441e-06 -0.000113928 0.000169271
1.1 4.72827e-07 6.12892e-06 -4.25078e-06 1.04024e-06 -0.000106314 0.000153287
1.12 5.02797e-07 6.51661e-06 -2.17004e-06 1.71292e-06 -5.42736e-05 0.000162983
1.14 5.64761e-07 7.27935e-06 -1.67185e-06 2.76211e-06 -4.18138e-05 0.00018206
1.16 6.59703e-07 7.8165e-06 -5.27747e-06 3.33033e-06 -0.000131992 0.000195494
1.18 7.22734e-07 7.83963e-06 -1.48096e-05 2.59655e-06 -0.000370393 0.000196073
1.2 6.95485e-07 5.60105e-06 -2.01295e-05 5.70534e-07 -0.000503448 0.000140084
1.22 5.90311e-07 2.14118e-06 -1.41049e-05 -1.39249e-06 -0.000352769 5.35518e-05
1.24 4.93328e-07 1.43693e-06 -7.08691e-06 -1.88823e-06 -0.000177247 3.59382e-05
1.26 4.6722e-07 3.11869e-06 -7.9647e-06 -1.20497e-06 -0.000199201 7.79999e-05
1.28 4.56809e-07 3.16794e-06 -1.2716e-05 -9.23982e-07 -0.000318032 7.92314e-05
1.3 3.61139e-07 5.72537e-07 -1.57191e-05 -2.16774e-06 -0.00039314 1.43194e-05
1.32 1.80916e-07 -2.572e-06 -1.42339e-05 -4.54578e-06 -0.000355995 -6.43268e-05
1.34 1.04686e-08 -4.01672e-06 -6.85941e-06 -6.32609e-06 -0.000171557 -0.00010046
1.36 -9.12469e-08 -2.96822e-06 4.29833e-06 -5.94964e-06 0.000107503 -7.42364e-05
1.38 -1.26867e-07 -9.50755e-07 1.345e-05 -3.88553e-06 0.000336391 -2.37788e-05
1.4 -8.28249e-08 9.91688e-07 1.23435e-05 -2.47363e-06 0.000308717 2.48025e-05
1.42 5.05065e-08 3.2434e-06 1.38864e-06 -3.4906e-06 3.47304e-05 8.11187e-05
1.44 1.93873e-07 4.86904e-06 -3.6721e-06 -6.09065e-06 -9.18407e-05 0.000121777
1.46 2.6117e-07 6.13838e-06 4.66238e-06 -7.55983e-06 0.000116608 0.000153523
1.48 3.06673e-07 9.44352e-06 1.41567e-05 -6.22348e-06 0.000354065 0.000236186
1.5 4.37212e-07 1.39418e-05 1.54384e-05 -3.0766e-06 0.00038612 0.000348689
1.52 6.20646e-07 1.67412e-05 1.04982e-05 -5.46856e-07 0.000262565 0.000418704
1.54 7.32622e-07 1.78601e-05 3.92741e-06 -3.94742e-07 9.82261e-05 0.000446689
1.56 7.3832e-07 1.83309e-05 2.92567e-06 -2.28834e-06 7.31723e-05 0.000458462
1.58 7.01426e-07 1.82125e-05 1.18855e-05 -3.58939e-06 0.000297262 0.000455503
1.6 6.77386e-07 1.83588e-05 2.20365e-05 -1.69901e-06 0.000551143 0.000459161
1.62 6.87849e-07 1.91727e-05 2.10289e-05 2.531e-06 0.000525941 0.000479516
1.64 7.30111e-07 1.86995e-05 9.80558e-06 5.20316e-06 0.000245242 0.000467681
1.66 7.5787e-07 1.5711e-05 -6.06483e-07 3.9631e-06 -1.51684e-05 0.000392938
1.68 7.19942e-07 1.24494e-05 -3.19137e-06 7.53068e-07 -7.98176e-05 0.000311364
1.7 6.31732e-07 1.15568e-05 5.11523e-07 -6.59638e-07 1.27934e-05 0.000289039
1.72 5.37697e-07 1.18905e-05 4.50378e-06 1.24599e-06 0.000112641 0.000297387
1.74 4.20831e-07 9.56062e-06 3.71977e-06 4.5866e-06 9.30331e-05 0.000239115
1.76 2.37923e-07 3.25016e-06 -1.94358e-06 6.09878e-06 -4.86098e-05 8.12879e-05
1.78 2.2859e-08 -3.68534e-06 -8.15368e-06 4.05234e-06 -0.000203927 -9.21719e-05
1.8 -1.44019e-07 -7.63203e-06 -1.07058e-05 -9.5878e-08 -0.000267755 -0.00019088
1.82 -2.60135e-07 -8.71388e-06 -8.85422e-06 -2.81232e-06 -0.000221448 -0.000217938
1.84 -4.04243e-07 -9.65168e-06 -5.55064e-06 -1.98726e-06 -0.000138824 -0.000241393
1.86 -6.17751e-07 -1.31605e-05 -5.11075e-06 6.90821e-07 -0.000127822 -0.000329151
1.88 -8.53996e-07 -2e-05 -8.8969e-06 1.65403e-06 -0.000222515 -0.000500208
1.9 -1.03912e-06 -2.72842e-05 -1.39651e-05 -4.50046e-07 -0.000349274 -0.000682389
1.92 -1.12925e-06 -3.04722e-05 -1.6834e-05 -3.47292e-06 -0.000421026 -0.000762123
1.94 -1.12534e-06 -2.86915e-05 -1.64087e-05 -4.2759e-06 -0.000410388 -0.000717587
1.96 -1.07523e-06 -2.56496e-05 -1.37864e-05 -1.67144e-06 -0.000344802 -0.000641507
1.98 -1.0365e-06 -2.49447e-05 -1.18655e-05 2.76328e-06 -0.00029676 -0.000623877
2 -1.0028e-06 -2.65955e-05 -1.34827e-05 6.0685e-06 -0.000337208 -0.000665164
2.02 -8.94038e-07 -2.75941e-05 -1.80139e-05 6.43602e-06 -0.000450534 -0.00069014
2.04 -6.46457e-07 -2.45512e-05 -2.16646e-05 4.88071e-06 -0.000541841 -0.000614037
2.06 -2.89028e-07 -1.64757e-05 -2.15156e-05 4.12723e-06 -0.000538113 -0.000412064
2.08 8.29709e-08 -5.96299e-06 -1.79773e-05 5.61357e-06 -0.00044962 -0.000149137
2.1 3.84448e-07 2.49682e-06 -1.37554e-05 7.94267e-06 -0.000344028 6.24465e-05
2.12 5.88068e-07 6.53131e-06 -1.09336e-05 8.41847e-06 -0.000273453 0.000163351
2.14 7.29607e-07 8.44715e-06 -8.76702e-06 5.69642e-06 -0.000219267 0.000211267
2.16 8.7207e-07 1.24434e-05 -4.77086e-06 8.43995e-07 -0.000119321 0.000311215
2.18 1.03796e-06 1.95206e-05 2.15523e-06 -3.70833e-06 5.39032e-05 0.000488219
2.2 1.17718e-06 2.69051e-05 1.05237e-05 -6.17868e-06 0.000263201 0.000672909
2.22 1.22143e-06 3.15106e-05 1.72912e-05 -6.91571e-06 0.000432459 0.000788093
2.24 1.15819e-06 3.18686e-05 2.0348e-05 -7.90841e-06 0.000508911 0.000797047
2.26 1.03627e-06 2.87606e-05 2.12929e-05 -1.04037e-05 0.000532544 0.000719314
2.28 9.24631e-07 2.59406e-05 2.35302e-05 -1.32707e-05 0.000588501 0.000648785
2.3 8.74117e-07 2.7032e-05 2.73291e-05 -1.42081e-05 0.000683513 0.000676081
2.32 8.79437e-07 3.08504e-05 3.05361e-05 -1.21674e-05 0.000763721 0.000771583
2.34 8.69571e-07 3.29468e-05 3.24825e-05 -8.22148e-06 0.0008124 0.000824012
2.36 7.78629e-07 3.07995e-05 3.2874e-05 -4.56302e-06 0.000822191 0.000770309
2.38 6.31532e-07 2.53725e-05 3.04227e-05 -2.80922e-06 0.000760884 0.000634576
2.4 5.22016e-07 1.98541e-05 2.6004e-05 -2.73415e-06 0.000650372 0.00049656
2.42 5.08956e-07 1.7519e-05 2.2239e-05 -2.63684e-06 0.000556208 0.000438157
2.44 5.65413e-07 1.83806e-05 1.89909e-05 -1.27163e-06 0.00047497 0.000459706
2.46 6.18966e-07 1.88838e-05 1.42611e-05 8.19644e-07 0.000356676 0.000472291
2.48 6.12923e-07 1.60345e-05 7.49362e-06 2.03251e-06 0.000187419 0.00040103
2.5 5.36941e-07 9.69401e-06 -1.07426e-06 1.41726e-06 -2.68678e-05 0.000242451
2.52 4.26833e-07 2.02862e-06 -1.00914e-05 -3.60107e-07 -0.000252389 5.07366e-05
2.54 3.37861e-07 -3.45909e-06 -1.60491e-05 -1.55995e-06 -0.000401396 -8.65133e-05
2.56 2.99865e-07 -5.09289e-06 -1.7626e-05 -8.68947e-07 -0.000440834 -0.000127375
2.58 2.90747e-07 -5.15489e-06 -1.89239e-05 1.56246e-06 -0.000473296 -0.000128926
2.6 2.58917e-07 -6.88665e-06 -2.35596e-05 4.3527e-06 -0.000589236 -0.000172238
2.62 1.75723e-07 -1.11472e-05 -2.91649e-05 5.99138e-06 -0.000729425 -0.000278796
2.64 7.13901e-08 -1.63338e-05 -3.17973e-05 6.05309e-06 -0.000795264 -0.000408514
2.66 2.22819e-08 -1.89988e-05 -3.13183e-05 5.54639e-06 -0.000783284 -0.000475169
2.68 8.35971e-08 -1.6083e-05 -2.97771e-05 5.68813e-06 -0.000744737 -0.000402243
2.7 2.13015e-07 -9.51048e-06 -2.84359e-05 6.30002e-06 -0.000711193 -0.000237861
2.72 2.83301e-07 -5.30477e-06 -2.73665e-05 5.91263e-06 -0.000684448 -0.000132675
2.74 2.07456e-07 -6.34512e-06 -2.51417e-05 3.36306e-06 -0.000628805 -0.000158694
2.76 3.79834e-08 -9.35298e-06 -1.95058e-05 -1.09807e-06 -0.000487849 -0.000233922
2.78 -9.39862e-08 -9.22734e-06 -1.09567e-05 -6.01737e-06 -0.000274032 -0.00023078
2.8 -1.31421e-07 -4.65222e-06 -3.39143e-06 -9.7708e-06 -8.4821e-05 -0.000116354
2.82 -1.48948e-07 9.54206e-07 1.61134e-06 -1.17016e-05 4.03004e-05 2.38651e-05
2.84 -2.53979e-07 3.83079e-06 7.56041e-06 -1.2495e-05 0.000189089 9.58096e-05
2.86 -4.61447e-07 3.87727e-06 1.76063e-05 -1.32321e-05 0.000440342 9.6972e-05
2.88 -6.88406e-07 3.95116e-06 3.03735e-05 -1.39574e-05 0.000759655 9.88201e-05
2.9 -8.57888e-07 6.2894e-06 4.27152e-05 -1.35288e-05 0.00106832 0.0001573
2.92 -9.76675e-07 9.92637e-06 5.21411e-05 -1.11068e-05 0.00130407 0.000248263
2.94 -1.10533e-06 1.15908e-05 5.64733e-05 -7.36144e-06 0.00141242 0.000289891
2.96 -1.27948e-06 9.40352e-06 5.61709e-05 -3.79431e-06 0.00140486 0.000235186
2.98 -1.47697e-06 5.09015e-06 5.57906e-05 -1.14295e-06 0.00139535 0.000127307
3 -1.6438e-06 1.9095e-06 5.85899e-05 1.17186e-06 0.00146536 4.77574e-05
3.02 -1.73732e-06 1.26117e-06 6.18795e-05 4.17438e-06 0.00154763 3.15424e-05
3.04 -1.76097e-06 1.49455e-06 6.05988e-05 8.12901e-06 0.0015156 3.73794e-05
3.06 -1.76737e-06 -6.78067e-07 5.28718e-05 1.21209e-05 0.00132235 -1.69587e-05
3.08 -1.80706e-06 -6.84153e-06 4.11018e-05 1.48063e-05 0.00102797 -0.000171109
3.1 -1.86457e-06 -1.44315e-05 3.01017e-05 1.57161e-05 0.000752856 -0.000360938
3.12 -1.87174e-06 -1.90068e-05 2.38057e-05 1.5831e-05 0.000595391 -0.000475368
3.14 -1.797e-06 -1.97491e-05 2.13721e-05 1.67045e-05 0.000534525 -0.000493932
3.16 -1.68693e-06 -2.05955e-05 1.69337e-05 1.88364e-05 0.000423519 -0.000515103
3.18 -1.59616e-06 -2.47766e-05 5.29784e-06 2.08509e-05 0.000132501 -0.000619674
3.2 -1.5163e-06 -3.11917e-05 -1.19296e-05 2.05537e-05 -0.000298365 -0.000780116
3.22 -1.40801e-06 -3.70353e-05 -2.75769e-05 1.72551e-05 -0.000689709 -0.000926269
3.24 -1.2629e-06 -4.07932e-05 -3.68956e-05 1.28973e-05 -0.000922775 -0.00102026
3.26 -1.09055e-06 -4.20703e-05 -4.19433e-05 1.01948e-05 -0.00104902 -0.0010522
3.28 -8.81902e-07 -4.13497e-05 -4.74222e-05 9.65222e-06 -0.00118605 -0.00103417
3.3 -6.3223e-07 -4.02989e-05 -5.55696e-05 9.12394e-06 -0.00138982 -0.00100789
3.32 -3.70909e-07 -3.9825e-05 -6.51054e-05 6.35698e-06 -0.00162831 -0.00099604
3.34 -1.31983e-07 -3.87647e-05 -7.23857e-05 1.29813e-06 -0.0018104 -0.000969521
3.36 8.01167e-08 -3.63239e-05 -7.42542e-05 -4.04606e-06 -0.00185713 -0.000908475
3.38 2.80224e-07 -3.27562e-05 -7.06906e-05 -7.45294e-06 -0.001768 -0.000819246
3.4 4.88244e-07 -2.70044e-05 -6.40056e-05 -8.4473e-06 -0.00160081 -0.000675392
3.42 7.23149e-07 -1.8144e-05 -5.63325e-05 -8.84016e-06 -0.0014089 -0.000453788
3.44 9.75022e-07 -8.36061e-06 -4.86192e-05 -1.0873e-05 -0.00121599 -0.000209102
3.46 1.19608e-06 -1.77974e-07 -4.05376e-05 -1.47358e-05 -0.00101386 -4.45121e-06
3.48 1.35447e-06 7.09605e-06 -3.0793e-05 -1.85551e-05 -0.000770146 0.000177475
3.5 1.47502e-06 1.52073e-05 -1.85256e-05 -2.05813e-05 -0.000463333 0.000380341
3.52 1.59665e-06 2.4369e-05 -4.10286e-06 -2.05587e-05 -0.000102614 0.000609478
3.54 1.71954e-06 3.41555e-05 1.1434e-05 -1.93457e-05 0.00028597 0.000854244
3.56 1.82172e-06 4.40018e-05 2.66229e-05 -1.80617e-05 0.00066585 0.0011005
3.58 1.89399e-06 5.2686e-05 3.96455e-05 -1.7294e-05 0.00099155 0.0013177
3.6 1.92948e-06 5.89118e-05 4.90826e-05 -1.6518e-05 0.00122758 0.00147341
3.62 1.90813e-06 6.21149e-05 5.51815e-05 -1.45233e-05 0.00138011 0.00155352
3.64 1.8266e-06 6.29106e-05 6.03505e-05 -1.07179e-05 0.00150939 0.00157342
3.66 1.7306e-06 6.3398e-05 6.69434e-05 -5.77192e-06 0.00167428 0.00158561
3.68 1.68316e-06 6.58688e-05 7.39166e-05 -8.75627e-07 0.00184868 0.0016474
3.7 1.68765e-06 6.98259e-05 7.7743e-05 3.29013e-06 0.00194438 0.00174638
3.72 1.66101e-06 7.14964e-05 7.7145e-05 6.67119e-06 0.00192943 0.00178816
3.74 1.50941e-06 6.76474e-05 7.38206e-05 9.22867e-06 0.00184628 0.00169189
3.76 1.22742e-06 5.86838e-05 6.88819e-05 1.06324e-05 0.00172276 0.00146771
3.78 8.98529e-07 4.76683e-05 6.23574e-05 1.06885e-05 0.00155959 0.0011922
3.8 6.02465e-07 3.74908e-05 5.47381e-05 9.74647e-06 0.00136902 0.000937661
3.82 3.50181e-07 2.88846e-05 4.5692e-05 8.36187e-06 0.00114278 0.000722416
3.84 1.0119e-07 2.01515e-05 3.33547e-05 6.74925e-06 0.000834214 0.000503996
3.86 -1.94418e-07 8.53272e-06 1.75118e-05 4.88807e-06 0.000437979 0.000213407
3.88 -5.63488e-07 -7.17358e-06 1.07931e-06 3.00368e-06 2.69941e-05 -0.000179414
3.9 -9.70201e-07 -2.47328e-05 -1.33382e-05 1.59989e-06 -0.000333594 -0.000618578
3.92 -1.3065e-06 -3.97019e-05 -2.56541e-05 1.10163e-06 -0.000641619 -0.000992962
3.94 -1.4665e-06 -4.89448e-05 -3.67748e-05 1.67956e-06 -0.000919753 -0.00122413
3.96 -1.44025e-06 -5.27106e-05 -4.75493e-05 3.18297e-06 -0.00118923 -0.00131831
3.98 -1.31011e-06 -5.36655e-05 -5.85734e-05 4.92519e-06 -0.00146495 -0.0013422
4 -1.16153e-06 -5.47996e-05 -6.90756e-05 5.82763e-06 -0.00172761 -0.00137056
4.02 -1.01631e-06 -5.67164e-05 -7.66287e-05 5.22354e-06 -0.00191652 -0.0014185
4.04 -8.38884e-07 -5.60843e-05 -7.92244e-05 3.3054e-06 -0.00198143 -0.00140269
4.06 -5.96653e-07 -4.95461e-05 -7.70789e-05 5.26734e-07 -0.00192778 -0.00123917
4.08 -3.28762e-07 -3.89444e-05 -7.13581e-05 -2.98779e-06 -0.0017847 -0.000974017
4.1 -1.44772e-07 -2.92175e-05 -6.20806e-05 -7.25813e-06 -0.00155266 -0.000730741
4.12 -1.27187e-07 -2.23391e-05 -4.86669e-05 -1.22282e-05 -0.00121718 -0.000558711
4.14 -2.55107e-07 -1.69997e-05 -3.17904e-05 -1.77008e-05 -0.000795091 -0.00042517
4.16 -4.54531e-07 -1.22453e-05 -1.31252e-05 -2.28408e-05 -0.000328267 -0.000306259
4.18 -6.85448e-07 -7.91407e-06 6.31038e-06 -2.60244e-05 0.000157825 -0.000197934
4.2 -9.32827e-07 -3.2933e-06 2.60516e-05 -2.60135e-05 0.000651562 -8.23668e-05
4.22 -1.15396e-06 2.4138e-06 4.48641e-05 -2.30275e-05 0.00112207 6.03702e-05
4.24 -1.302e-06 8.86036e-06 6.11438e-05 -1.80335e-05 0.00152923 0.000221601
4.26 -1.38159e-06 1.50125e-05 7.49645e-05 -1.14693e-05 0.00187489 0.000375468
4.28 -1.4235e-06 2.07612e-05 8.77829e-05 -3.40578e-06 0.00219549 0.000519247
4.3 -1.42019e-06 2.63921e-05 9.92158e-05 5.50674e-06 0.00248143 0.000660077
4.32 -1.33483e-06 3.13436e-05 0.000106956 1.41054e-05 0.00267502 0.000783917
4.34 -1.15551e-06 3.58427e-05 0.000109983 2.13573e-05 0.00275071 0.000896441
4.36 -9.0668e-07 4.12139e-05 0.000108564 2.62736e-05 0.00271524 0.00103078
4.38 -6.40503e-07 4.62145e-05 0.000102651 2.79122e-05 0.00256735 0.00115584
4.4 -4.45942e-07 4.71501e-05 9.28982e-05 2.63108e-05 0.00232342 0.00117924
4.42 -4.24864e-07 4.23253e-05 8.05248e-05 2.26855e-05 0.00201396 0.00105857
4.44 -6.2938e-07 3.1704e-05 6.58765e-05 1.81757e-05 0.0016476 0.000792931
4.46 -1.0384e-06 1.5127e-05 5.01882e-05 1.3319e-05 0.00125523 0.000378332
4.48 -1.586e-06 -5.12723e-06 3.55245e-05 8.87366e-06 0.000888482 -0.000128234
4.5 -2.19301e-06 -2.52827e-05 2.09285e-05 5.994e-06 0.000523429 -0.000632331
4.52 -2.7999e-06 -4.4604e-05 4.00487e-06 5.50027e-06 0.000100164 -0.00111556
4.54 -3.39588e-06 -6.45756e-05 -1.43494e-05 7.57374e-06 -0.000358884 -0.00161506
4.56 -3.99155e-06 -8.59917e-05 -3.19725e-05 1.18448e-05 -0.000799646 -0.00215069
4.58 -4.54379e-06 -0.000108419 -4.91972e-05 1.74653e-05 -0.00123044 -0.0027116
4.6 -4.93093e-06 -0.000128894 -6.80224e-05 2.33902e-05 -0.00170127 -0.00322369
4.62 -5.03119e-06 -0.00014307 -9.06991e-05 2.86565e-05 -0.00226842 -0.00357824
4.64 -4.82754e-06 -0.000150294 -0.000117394 3.24743e-05 -0.00293606 -0.00375892
4.66 -4.41169e-06 -0.000153387 -0.000142823 3.43763e-05 -0.00357206 -0.00383627
4.68 -3.86986e-06 -0.00015329 -0.000160031 3.4191e-05 -0.00400245 -0.00383384
4.7 -3.18667e-06 -0.000148714 -0.000168689 3.18038e-05 -0.00421897 -0.00371939
4.72 -2.28101e-06 -0.000138709 -0.000174226 2.72523e-05 -0.00435746 -0.00346917
4.74 -1.10683e-06 -0.000121865 -0.000179677 2.08235e-05 -0.00449381 -0.0030479
4.76 3.04819e-07 -9.69171e-05 -0.000182947 1.26926e-05 -0.00457559 -0.00242394
4.78 1.86764e-06 -6.57731e-05 -0.000179977 3.08643e-06 -0.0045013 -0.00164501
4.8 3.47742e-06 -3.19654e-05 -0.000168422 -6.89696e-06 -0.0042123 -0.000799467
4.82 5.05463e-06 3.04202e-06 -0.000150698 -1.56583e-05 -0.00376901 7.60821e-05
4.84 6.56386e-06 3.8461e-05 -0.000132854 -2.26656e-05 -0.00332272 0.000961926
4.86 7.9799e-06 7.18573e-05 -0.000117782 -2.86561e-05 -0.00294578 0.00179718
4.88 9.26499e-06 0.000102036 -0.000101614 -3.40907e-05 -0.0025414 0.00255197
4.9 1.04178e-05 0.000131632 -7.90579e-05 -3.83736e-05 -0.00197727 0.00329217
4.92 1.15033e-05 0.000163786 -5.00475e-05 -4.06734e-05 -0.00125171 0.00409636
4.94 1.25722e-05 0.000198121 -1.95972e-05 -4.08199e-05 -0.000490134 0.00495509
4.96 1.35706e-05 0.000231165 7.25082e-06 -3.96438e-05 0.000181346 0.00578152
4.98 1.43773e-05 0.000258902 2.90432e-05 -3.89582e-05 0.000726383 0.00647524
5 1.49143e-05 0.000278964 4.73643e-05 -4.05715e-05 0.0011846 0.00697702
5.02 1.51826e-05 0.000292335 6.44703e-05 -4.46344e-05 0.00161243 0.00731143
5.04 1.52013e-05 0.000302351 8.14103e-05 -4.9452e-05 0.00203611 0.00756193
5.06 1.49322e-05 0.00031018 9.70002e-05 -5.33721e-05 0.00242602 0.00775774
5.08 1.42499e-05 0.00031185 0.000109242 -5.63144e-05 0.00273218 0.0077995
5.1 1.29764e-05 0.00030087 0.00011869 -5.91092e-05 0.0029685 0.00752488
5.12 1.0982e-05 0.000273586 0.000128732 -6.18832e-05 0.00321963 0.0068425
5.14 8.28073e-06 0.000231673 0.000141305 -6.34326e-05 0.00353409 0.00579424
5.16 5.01202e-06 0.000179751 0.000154099 -6.18079e-05 0.00385408 0.00449565
5.18 1.30922e-06 0.000120823 0.000162993 -5.53619e-05 0.00407652 0.00302184
5.2 -2.79696e-06 5.33421e-05 0.000165626 -4.36259e-05 0.00414237 0.00133411
5.22 -7.31605e-06 -2.70647e-05 0.000162057 -2.73109e-05 0.00405312 -0.000676899
5.24 -1.213e-05 -0.000121094 0.00015349 -7.2403e-06 0.00383885 -0.00302862
5.26 -1.6897e-05 -0.000220268 0.000141409 1.65667e-05 0.0035367 -0.005509
5.28 -2.11462e-05 -0.000310448 0.00012677 4.43823e-05 0.00317057 -0.00776444
5.3 -2.44953e-05 -0.00038226 0.000108082 7.54756e-05 0.00270317 -0.00956048
5.32 -2.67922e-05 -0.000435826 8.09543e-05 0.000107518 0.0020247 -0.0109002
5.34 -2.80614e-05 -0.000475925 4.17467e-05 0.00013697 0.0010441 -0.0119031
5.36 -2.83518e-05 -0.000505216 -8.33487e-06 0.000160145 -0.000208459 -0.0126357
5.38 -2.76631e-05 -0.000521255 -6.38253e-05 0.000174681 -0.0015963 -0.0130368
5.4 -2.59986e-05 -0.000518781 -0.000119001 0.000180355 -0.00297628 -0.0129749
5.42 -2.34608e-05 -0.000495562 -0.000170957 0.000178242 -0.0042757 -0.0123942
5.44 -2.03162e-05 -0.000456647 -0.000218946 0.000169186 -0.00547593 -0.0114209
5.46 -1.69371e-05 -0.000411773 -0.000260654 0.000153304 -0.00651906 -0.0102986
5.48 -1.36293e-05 -0.000367366 -0.000290444 0.000130874 -0.00726414 -0.00918797
5.5 -1.04866e-05 -0.000321789 -0.000301881 0.000103415 -0.00755016 -0.00804808
5.52 -7.40483e-06 -0.000268111 -0.000291919 7.36557e-05 -0.00730102 -0.00670557
5.54 -4.26686e-06 -0.000201255 -0.000263292 4.41577e-05 -0.00658505 -0.00503348
5.56 -1.12149e-06 -0.000123344 -0.000221656 1.57034e-05 -0.00554371 -0.00308488
5.58 1.80016e-06 -4.31894e-05 -0.000169803 -1.28995e-05 -0.00424685 -0.00108019
5.6 4.2394e-06 2.86495e-05 -0.000108038 -4.30248e-05 -0.00270208 0.000716536
5.62 6.10271e-06 8.66134e-05 -4.14197e-05 -7.40758e-05 -0.00103592 0.00216624
5.64 7.52037e-06 0.000133748 2.03627e-05 -0.000103356 0.00050928 0.00334509
5.66 8.70275e-06 0.000176671 7.22694e-05 -0.000127928 0.00180749 0.00441862
5.68 9.74078e-06 0.000216993 0.000115422 -0.000145875 0.00288675 0.00542708
5.7 1.05767e-05 0.000249857 0.000151211 -0.00015575 0.00378185 0.00624902
5.72 1.11721e-05 0.00027051 0.000179628 -0.000155961 0.00449257 0.00676557
5.74 1.16646e-05 0.000280533 0.000198371 -0.000145501 0.00496133 0.00701624
5.76 1.23261e-05 0.000286964 0.000201805 -0.000124944 0.00504724 0.00717709
5.78 1.33642e-05 0.000295927 0.000186083 -9.63006e-05 0.00465402 0.00740126
5.8 1.47716e-05 0.000307497 0.000153379 -6.21337e-05 0.00383608 0.00769063
5.82 1.63665e-05 0.000316928 0.000108047 -2.51363e-05 0.0027023 0.00792651
5.84 1.79568e-05 0.000320174 5.33529e-05 1.17597e-05 0.00133438 0.00800769
5.86 1.94373e-05 0.000317076 -8.1986e-06 4.54544e-05 -0.00020505 0.00793021
5.88 2.07393e-05 0.000309465 -7.61051e-05 7.31334e-05 -0.00190342 0.00773985
5.9 2.17243e-05 0.000297156 -0.000149597 9.26836e-05 -0.00374149 0.00743199
5.92 2.21596e-05 0.00027771 -0.000221893 0.000102845 -0.00554963 0.00694565
5.94 2.17926e-05 0.000249863 -0.000283184 0.000103189 -0.00708254 0.00624917
5.96 2.04032e-05 0.000212596 -0.000329029 9.41419e-05 -0.00822915 0.00531711
5.98 1.77738e-05 0.000160719 -0.000358207 7.72405e-05 -0.0089589 0.00401964
6 1.37146e-05 8.67386e-05 -0.000366239 5.51025e-05 -0.00915979 0.00216937
6.02 8.26726e-06 -1.1271e-05 -0.000350936 3.06429e-05 -0.00877706 -0.000281891
6.04 1.91055e-06 -0.000123239 -0.000318444 6.43575e-06 -0.00796442 -0.00308226
6.06 -4.55266e-06 -0.000227038 -0.000273388 -1.51451e-05 -0.00683754 -0.00567831
6.08 -1.04271e-05 -0.000300631 -0.000211671 -3.20443e-05 -0.00529399 -0.00751889
6.1 -1.54986e-05 -0.000341334 -0.000134914 -4.32061e-05 -0.00337426 -0.00853691
6.12 -2.00141e-05 -0.000368028 -5.89118e-05 -4.87994e-05 -0.00147341 -0.00920454
6.14 -2.43261e-05 -0.000400282 5.16086e-06 -5.0213e-05 0.000129075 -0.0100112
6.16 -2.85298e-05 -0.000440355 6.59195e-05 -4.99887e-05 0.00164867 -0.0110135
6.18 -3.23585e-05 -0.000473134 0.000140151 -5.01671e-05 0.00350524 -0.0118333
6.2 -3.54028e-05 -0.000478996 0.000235584 -4.98981e-05 0.00589204 -0.0119799
6.22 -3.74683e-05 -0.000452252 0.000348062 -4.61511e-05 0.00870519 -0.011311
6.24 -3.87131e-05 -0.000408352 0.000464389 -3.77236e-05 0.0116146 -0.010213
6.26 -3.93504e-05 -0.0003668 0.000569103 -2.7642e-05 0.0142335 -0.00917382
6.28 -3.91874e-05 -0.000328868 0.000654258 -2.0596e-05 0.0163633 -0.00822513
6.3 -3.74882e-05 -0.000277158 0.000712481 -1.7645e-05 0.0178195 -0.00693183
6.32 -3.35738e-05 -0.000193606 0.000758305 -1.3765e-05 0.0189655 -0.00484217
6.34 -2.79935e-05 -7.61814e-05 0.000809064 -1.89571e-06 0.020235 -0.00190533
6.36 -2.1538e-05 5.81184e-05 0.000842227 1.99122e-05 0.0210645 0.00145357
6.38 -1.46124e-05 0.000185472 0.000831241 4.59284e-05 0.0207897 0.00463872
6.4 -7.67183e-06 0.000291997 0.000793618 6.76275e-05 0.0198487 0.00730296
6.42 -1.10003e-06 0.000380233 0.000763326 8.14853e-05 0.0190911 0.0095098
6.44 4.97167e-06 0.00046015 0.000743215 9.16969e-05 0.0185881 0.0115085
6.46 1.07681e-05 0.00053457 0.000709001 0.000104485 0.0177324 0.0133698
6.48 1.6405e-05 0.000595597 0.000630251 0.000121039 0.0157628 0.0148961
6.5 2.17556e-05 0.000634493 0.000492093 0.000136945 0.0123075 0.0158689
6.52 2.64685e-05 0.00064765 0.000312373 0.000147213 0.00781258 0.016198
6.54 3.02239e-05 0.000633212 0.000134334 0.000152247 0.00335976 0.0158369
6.56 3.29424e-05 0.000598332 -1.77232e-05 0.000159189 -0.00044326 0.0149645
6.58 3.4702e-05 0.000556126 -0.000150403 0.000174926 -0.00376163 0.0139089
6.6 3.54231e-05 0.000511078 -0.000267619 0.000196793 -0.00669325 0.0127823
6.62 3.4882e-05 0.00045486 -0.000355447 0.000212472 -0.00888987 0.0113762
6.64 3.29329e-05 0.000376949 -0.000403998 0.000210447 -0.0101042 0.00942766
6.66 2.97675e-05 0.000280355 -0.000424715 0.000188913 -0.0106223 0.0070118
6.68 2.5974e-05 0.000179223 -0.000443098 0.000153883 -0.0110821 0.00448244
6.7 2.22001e-05 8.67881e-05 -0.000480871 0.000111258 -0.0120268 0.00217061
6.72 1.87262e-05 7.15272e-06 -0.00054483 6.2364e-05 -0.0136264 0.000178893
6.74 1.53966e-05 -6.45681e-05 -0.000623261 6.0575e-06 -0.015588 -0.00161488
6.76 1.1856e-05 -0.000137524 -0.000694834 -5.59899e-05 -0.0173781 -0.00343953
6.78 7.7294e-06 -0.000217511 -0.000739495 -0.000116317 -0.0184951 -0.00544005
6.8 2.83681e-06 -0.000301613 -0.000744264 -0.000165148 -0.0186144 -0.00754346
6.82 -2.43297e-06 -0.000381326 -0.000708807 -0.000196451 -0.0177276 -0.00953712
6.84 -7.46519e-06 -0.00045058 -0.000648189 -0.000209059 -0.0162115 -0.0112692
6.86 -1.22126e-05 -0.00050959 -0.000589211 -0.000205201 -0.0147364 -0.0127451
6.88 -1.70333e-05 -0.000562709 -0.000529412 -0.000193052 -0.0132408 -0.0140736
6.9 -2.1692e-05 -0.000608759 -0.000425832 -0.000184976 -0.0106503 -0.0152253
6.92 -2.5521e-05 -0.000632074 -0.000273925 -0.000183064 -0.00685101 -0.0158084
6.94 -2.831e-05 -0.000619452 -0.000132968 -0.000173812 -0.00332561 -0.0154927
6.96 -3.03848e-05 -0.000587669 -4.4907e-05 -0.000146451 -0.00112317 -0.0146978
6.98 -3.1954e-05 -0.00056568 6.99258e-06 -0.000107945 0.000174861 -0.0141479
7 -3.26583e-05 -0.000548897 5.84809e-05 -7.31127e-05 0.00146261 -0.0137282
7.02 -3.19858e-05 -0.000501046 0.0001279 -4.64242e-05 0.00319881 -0.0125314
7.04 -2.9772e-05 -0.000404807 0.000213324 -1.98129e-05 0.00533528 -0.0101244
7.06 -2.64406e-05 -0.000286281 0.000302021 1.42165e-05 0.00755365 -0.00716
7.08 -2.27262e-05 -0.000180696 0.000382604 5.17056e-05 0.00956907 -0.00451928
7.1 -1.90261e-05 -9.60428e-05 0.000451492 7.92427e-05 0.011292 -0.00240207
7.12 -1.50863e-05 -1.79391e-05 0.000507769 8.62431e-05 0.0126995 -0.000448666
7.14 -1.0496e-05 6.78009e-05 0.000545541 7.57278e-05 0.0136442 0.00169573
7.16 -5.38501e-06 0.00016146 0.000552101 6.18496e-05 0.0138083 0.00403817
7.18 -4.31715e-07 0.000248115 0.000523764 5.65044e-05 0.0130995 0.00620547
7.2 3.8304e-06 0.000310116 0.000475898 6.09104e-05 0.0119024 0.00775613
7.22 7.44453e-06 0.000344995 0.000422096 7.12943e-05 0.0105568 0.00862846
7.24 1.07758e-05 0.000367356 0.000358817 8.82419e-05 0.00897413 0.00918772
7.26 1.41337e-05 0.000391816 0.000282343 0.000115851 0.0070615 0.00979947
7.28 1.76009e-05 0.000419981 0.000201893 0.000153953 0.0050494 0.0105039
7.3 2.10268e-05 0.000444156 0.000125142 0.000194797 0.00312983 0.0111085
7.32 2.4127e-05 0.000457358 5.03065e-05 0.000226236 0.00125816 0.0114387
7.34 2.66957e-05 0.000457167 -2.42827e-05 0.000236637 -0.000607345 0.0114339
7.36 2.86715e-05 0.000444393 -9.67847e-05 0.000218984 -0.00242065 0.0111144
7.38 3.00028e-05 0.000422252 -0.000167875 0.000173412 -0.00419866 0.0105607
7.4 3.05411e-05 0.000392801 -0.000240818 0.000106327 -0.00602297 0.0098241
7.42 3.00595e-05 0.000352438 -0.000315353 2.66738e-05 -0.00788713 0.00881462
7.44 2.83612e-05 0.000295252 -0.000384977 -5.67937e-05 -0.00962845 0.00738438
7.46 2.54037e-05 0.000221631 -0.000439392 -0.000135389 -0.0109894 0.00554308
7.48 2.13695e-05 0.000139602 -0.000469228 -0.000199628 -0.0117356 0.00349151
7.5 1.65719e-05 5.70477e-05 -0.000471452 -0.000240357 -0.0117912 0.00142678
7.52 1.12864e-05 -2.37863e-05 -0.000451374 -0.000252225 -0.0112891 -0.000594907
7.54 5.70271e-06 -0.000104293 -0.000417375 -0.000236971 -0.0104388 -0.00260842
7.56 2.82479e-09 -0.000184334 -0.000372718 -0.000202949 -0.00932187 -0.00461028
7.58 -5.56504e-06 -0.000258931 -0.000313897 -0.000160447 -0.00785072 -0.00647596
7.6 -1.07276e-05 -0.000320373 -0.000238406 -0.000116781 -0.00596267 -0.00801265
7.62 -1.52824e-05 -0.000364657 -0.000152043 -7.52307e-05 -0.00380268 -0.00912021
7.64 -1.91349e-05 -0.000393838 -6.62144e-05 -3.7445e-05 -0.00165608 -0.00985006
7.66 -2.22682e-05 -0.000410965 1.0528e-05 -5.64626e-06 0.000263285 -0.0102784
7.68 -2.4683e-05 -0.000416024 7.70092e-05 1.79565e-05 0.00192601 -0.0104049
7.7 -2.62831e-05 -0.000408058 0.000137005 3.36632e-05 0.00342652 -0.0102057
7.72 -2.68154e-05 -0.000385317 0.000193533 4.57272e-05 0.00484031 -0.00963693
7.74 -2.60464e-05 -0.000342001 0.000245503 6.0354e-05 0.00614011 -0.00855358
7.76 -2.39438e-05 -0.000274218 0.000289479 8.09989e-05 0.00723997 -0.0068583
7.78 -2.06896e-05 -0.000188981 0.000323247 0.000105615 0.00808453 -0.00472649
7.8 -1.6608e-05 -9.85402e-05 0.000346922 0.000128926 0.00867665 -0.00246453
7.82 -1.20757e-05 -1.03498e-05 0.00036166 0.000146504 0.00904525 -0.000258854
7.84 -7.40892e-06 7.19425e-05 0.000369152 0.000156604 0.00923262 0.00179931
7.86 -2.77846e-06 0.000146207 0.00037223 0.000159761 0.0093096 0.00365671
7.88 1.76455e-06 0.000215279 0.000372823 0.000157296 0.00932444 0.00538422
7.9 6.20514e-06 0.000283939 0.000368162 0.000149556 0.00920787 0.00710142
7.92 1.04727e-05 0.000348605 0.000349398 0.000135786 0.00873857 0.00871875
7.94 1.44209e-05 0.00039786 0.000306719 0.000116137 0.00767114 0.00995064
7.96 1.79377e-05 0.00042622 0.00023821 9.2806e-05 0.00595772 0.0106599
7.98 2.10771e-05 0.000441049 0.000153401 6.8557e-05 0.00383661 0.0110308
8 2.39735e-05 0.00045333 6.75639e-05 4.50698e-05 0.00168978 0.011338
8.02 2.65797e-05 0.000465954 -8.93161e-06 2.28566e-05 -0.000223409 0.0116537
8.04 2.85877e-05 0.00047165 -7.55171e-05 1.04788e-06 -0.00188874 0.0117962
8.06 2.96419e-05 0.000459641 -0.000135733 -2.31608e-05 -0.00339476 0.0114958
8.08 2.95535e-05 0.000425048 -0.000188868 -5.28683e-05 -0.0047237 0.0106306
8.1 2.83407e-05 0.000372411 -0.00022933 -8.79656e-05 -0.00573566 0.00931416
8.12 2.61578e-05 0.000310306 -0.000253875 -0.000123687 -0.00634955 0.00776087
8.14 2.31938e-05 0.000243894 -0.000268325 -0.000153008 -0.00671094 0.0060999
8.16 1.95856e-05 0.000172398 -0.000285514 -0.000170404 -0.00714086 0.00431175
8.18 1.54011e-05 9.26755e-05 -0.000313766 -0.00017364 -0.00784744 0.00231785
8.2 1.06946e-05 4.30714e-06 -0.000347024 -0.00016276 -0.00867925 0.000107722
8.22 5.57496e-06 -8.85507e-05 -0.000369604 -0.000138035 -0.00924398 -0.00221469
8.24 2.41985e-07 -0.000178741 -0.000370194 -9.93582e-05 -0.00925872 -0.00447039
8.26 -5.04896e-06 -0.000259534 -0.000348196 -4.81255e-05 -0.00870855 -0.00649106
8.28 -1.00793e-05 -0.000327857 -0.000308821 1.02939e-05 -0.00772376 -0.00819983
8.3 -1.47301e-05 -0.000384697 -0.000257095 6.67648e-05 -0.00643009 -0.00962142
8.32 -1.8941e-05 -0.000432196 -0.000196244 0.000112107 -0.00490816 -0.0108094
8.34 -2.26176e-05 -0.00047012 -0.00012894 0.000141444 -0.00322487 -0.0117579
8.36 -2.56041e-05 -0.000494837 -6.01112e-05 0.000155581 -0.00150343 -0.0123761
8.38 -2.77647e-05 -0.00050211 2.93588e-06 0.000158767 7.34019e-05 -0.012558
8.4 -2.90849e-05 -0.000491998 5.54449e-05 0.000155334 0.00138667 -0.0123051
8.42 -2.96399e-05 -0.000469778 9.89234e-05 0.000148102 0.00247409 -0.0117493
8.44 -2.9486e-05 -0.00043967 0.000138341 0.000139094 0.00345994 -0.0109963
8.46 -2.86273e-05 -0.000400496 0.000177087 0.000130795 0.004429 -0.0100166
8.48 -2.70435e-05 -0.000350642 0.000215394 0.000125869 0.00538706 -0.00876971
8.5 -2.47169e-05 -0.000291857 0.000251926 0.000125325 0.00630074 -0.00729947
8.52 -2.16445e-05 -0.000225168 0.000285346 0.00012691 0.00713659 -0.00563154
8.54 -1.78636e-05 -0.000149645 0.000314418 0.000125297 0.00786371 -0.00374268
8.56 -1.34744e-05 -6.71013e-05 0.000337124 0.000114733 0.00843159 -0.00167823
8.58 -8.64593e-06 1.70824e-05 0.000349687 9.26613e-05 0.00874578 0.000427237
8.6 -3.57717e-06 9.78982e-05 0.00034572 6.11587e-05 0.00864658 0.00244847
8.62 1.55767e-06 0.00017259 0.000319255 2.50728e-05 0.00798467 0.00431654
8.64 6.60717e-06 0.000239695 0.000270733 -1.07545e-05 0.00677111 0.00599488
8.66 1.13907e-05 0.000297733 0.000207899 -4.27208e-05 0.00519961 0.00744641
8.68 1.5705e-05 0.00034451 0.000140262 -6.80886e-05 0.00350799 0.00861633
8.7 1.94107e-05 0.000378346 7.38355e-05 -8.45046e-05 0.00184663 0.0094626
8.72 2.24808e-05 0.000400207 1.09887e-05 -9.06838e-05 0.000274806 0.0100093
8.74 2.49472e-05 0.00041262 -4.69731e-05 -8.79089e-05 -0.00117484 0.0103198
8.76 2.68232e-05 0.000416127 -9.87163e-05 -8.03774e-05 -0.00246896 0.0104075
8.78 2.80997e-05 0.000409329 -0.000144357 -7.323e-05 -0.00361046 0.0102375
8.8 2.87563e-05 0.000392399 -0.00018647 -6.97938e-05 -0.00466373 0.00981405
8.82 2.87594e-05 0.000367368 -0.000228308 -7.04817e-05 -0.0057101 0.00918801
8.84 2.80724e-05 0.000334952 -0.000270949 -7.3635e-05 -0.00677657 0.00837728
8.86 2.66234e-05 0.000293943 -0.000311803 -7.66304e-05 -0.00779834 0.00735163
8.88 2.42831e-05 0.000242645 -0.000345608 -7.64762e-05 -0.00864382 0.00606866
8.9 2.09533e-05 0.000179354 -0.000368014 -7.03769e-05 -0.00920421 0.00448572
8.92 1.66947e-05 0.000104605 -0.000377571 -5.63834e-05 -0.00944322 0.00261622
8.94 1.17244e-05 2.34808e-05 -0.000372418 -3.4134e-05 -0.00931437 0.000587263
8.96 6.2956e-06 -5.75803e-05 -0.000347612 -5.61943e-06 -0.00869394 -0.00144011
8.98 6.32514e-07 -0.000135512 -0.0003001 2.48654e-05 -0.00750565 -0.00338922
9 -5.016e-06 -0.000209488 -0.000235441 5.20739e-05 -0.0058885 -0.00523937
9.02 -1.03226e-05 -0.000276201 -0.000166362 7.15412e-05 -0.00416082 -0.00690789
9.04 -1.49587e-05 -0.000329154 -0.000104053 8.05932e-05 -0.00260243 -0.00823229
9.06 -1.87584e-05 -0.000363838 -5.03637e-05 7.87781e-05 -0.00125964 -0.00909974
9.08 -2.17945e-05 -0.000382578 1.82836e-06 6.83535e-05 4.57023e-05 -0.00956845
9.1 -2.42539e-05 -0.000391953 6.03775e-05 5.42725e-05 0.00151004 -0.00980291
9.12 -2.62084e-05 -0.000394821 0.000125576 4.2413e-05 0.00314067 -0.00987464
9.14 -2.75053e-05 -0.000387412 0.000188331 3.66299e-05 0.00471021 -0.00968935
9.16 -2.79235e-05 -0.000364968 0.000237747 3.73581e-05 0.00594613 -0.00912801
9.18 -2.74508e-05 -0.000327775 0.000273338 4.30012e-05 0.00683627 -0.0081978
9.2 -2.63397e-05 -0.00028212 0.000306191 5.19253e-05 0.00765793 -0.00705594
9.22 -2.48604e-05 -0.000236462 0.000344346 6.28258e-05 0.0086122 -0.00591403
9.24 -2.30478e-05 -0.000194774 0.000382138 7.38207e-05 0.0095574 -0.00487139
9.26 -2.07101e-05 -0.000152757 0.000408172 8.16416e-05 0.0102085 -0.00382051
9.28 -1.76404e-05 -0.000101188 0.000418057 8.20604e-05 0.0104557 -0.00253076
9.3 -1.38172e-05 -3.51203e-05 0.000414383 7.2276e-05 0.0103639 -0.000878374
9.32 -9.48749e-06 3.82977e-05 0.000399249 5.40477e-05 0.00998537 0.00095784
9.34 -5.05775e-06 0.000104281 0.00037193 3.39664e-05 0.00930211 0.00260811
9.36 -8.20853e-07 0.000154962 0.000331998 1.90005e-05 0.00830339 0.00387565
9.38 3.22188e-06 0.000195777 0.000280277 1.14669e-05 0.00700983 0.00489647
9.4 7.22177e-06 0.000236467 0.000219556 9.29498e-06 0.00549115 0.00591415
9.42 1.11572e-05 0.000279732 0.000156675 1.04528e-05 0.00391847 0.0069962
9.44 1.47168e-05 0.000318443 9.7825e-05 1.47577e-05 0.00244662 0.00796438
9.46 1.75366e-05 0.000341609 4.27466e-05 2.11101e-05 0.00106908 0.00854378
9.48 1.9483e-05 0.00034466 -1.05508e-05 2.52869e-05 -0.000263906 0.00862008
9.5 2.06643e-05 0.000333416 -5.98391e-05 2.18989e-05 -0.00149663 0.00833887
9.52 2.11971e-05 0.000315623 -0.000103192 8.27786e-06 -0.00258091 0.00789385
9.54 2.10507e-05 0.000291072 -0.00014334 -1.3516e-05 -0.00358501 0.00727983
9.56 2.01118e-05 0.000254168 -0.000182975 -3.79778e-05 -0.0045763 0.00635685
9.58 1.83339e-05 0.000203951 -0.000220312 -5.94757e-05 -0.00551013 0.00510091
9.6 1.57897e-05 0.00014518 -0.000251102 -7.46903e-05 -0.0062802 0.00363101
9.62 1.25976e-05 8.10401e-05 -0.000271854 -8.20105e-05 -0.0067992 0.00202684
9.64 8.86838e-06 1.14615e-05 -0.000280718 -7.96118e-05 -0.0070209 0.000286656
9.66 4.76546e-06 -6.14298e-05 -0.000277127 -6.58846e-05 -0.00693108 -0.00153639
9.68 5.8423e-07 -0.000130383 -0.00026117 -4.20022e-05 -0.00653199 -0.00326094
9.7 -3.32293e-06 -0.000186944 -0.00023358 -1.2811e-05 -0.00584196 -0.00467555
9.72 -6.73441e-06 -0.000227511 -0.000196723 1.534e-05 -0.00492016 -0.00569014
9.74 -9.6379e-06 -0.000255394 -0.000154987 3.72835e-05 -0.00387632 -0.0063875
9.76 -1.21105e-05 -0.000276502 -0.000112765 5.01558e-05 -0.00282032 -0.00691543
9.78 -1.41509e-05 -0.000292073 -7.08257e-05 5.34364e-05 -0.00177141 -0.00730486
9.8 -1.56438e-05 -0.000296439 -2.53367e-05 4.87611e-05 -0.000633706 -0.00741406
9.82 -1.64659e-05 -0.000283167 2.74327e-05 3.94245e-05 0.000686078 -0.00708212
9.84 -1.66063e-05 -0.000252699 8.49036e-05 2.94018e-05 0.00212345 -0.00632012
9.86 -1.61841e-05 -0.000212879 0.000138394 2.21217e-05 0.00346127 -0.00532418
9.88 -1.53484e-05 -0.000172276 0.000180935 1.94464e-05 0.00452523 -0.0043087
9.9 -1.41508e-05 -0.000133323 0.000213764 2.15177e-05 0.00534629 -0.00333446
9.92 -1.25152e-05 -9.11097e-05 0.000243679 2.76647e-05 0.00609449 -0.00227869
9.94 -1.03437e-05 -3.90374e-05 0.000274957 3.7274e-05 0.00687676 -0.000976342
9.96 -7.66309e-06 2.34404e-05 0.00030475 4.93573e-05 0.00762189 0.000586252
9.98 -4.67186e-06 8.87427e-05 0.000325266 6.13797e-05 0.00813501 0.00221949
10 -1.64065e-06 0.000146725 0.000330506 6.93474e-05 0.00826607 0.00366965
10.02 1.23884e-06 0.000192573 0.000322402 6.99672e-05 0.00806338 0.00481632
10.04 3.92073e-06 0.000229825 0.000309478 6.30584e-05 0.00774016 0.00574802
10.06 6.43954e-06 0.000264933 0.000297615 5.1695e-05 0.00744346 0.00662609
10.08 8.77957e-06 0.000298891 0.000283431 3.97886e-05 0.0070887 0.00747538
10.1 1.08024e-05 0.000325206 0.000258426 2.92167e-05 0.00646331 0.00813353
10.12 1.23098e-05 0.000335572 0.000218545 1.89068e-05 0.00546588 0.00839279
10.14 1.31835e-05 0.000326617 0.0001684 6.74644e-06 0.00421174 0.00816883
10.16 1.34626e-05 0.000302339 0.000116827 -7.35861e-06 0.00292186 0.00756163
10.18 1.3289e-05 0.00027104 7.01704e-05 -2.05252e-05 0.00175497 0.00677883
10.2 1.27592e-05 0.000238125 2.92587e-05 -2.93267e-05 0.000731745 0.00595561
10.22 1.18401e-05 0.000201279 -9.52655e-06 -3.29705e-05 -0.000238289 0.00503407
10.24 1.04562e-05 0.00015467 -5.01968e-05 -3.36981e-05 -0.00125547 0.00386836
10.26 8.63375e-06 9.75543e-05 -9.29209e-05 -3.40797e-05 -0.00232402 0.00243987
10.28 6.52941e-06 3.59981e-05 -0.000133814 -3.40336e-05 -0.00334678 0.000900325
10.3 4.32899e-06 -2.27035e-05 -0.000168861 -3.04578e-05 -0.00422332 -0.000567826
10.32 2.14781e-06 -7.43247e-05 -0.000197343 -2.00183e-05 -0.00493564 -0.00185889
10.34 1.14182e-08 -0.000118692 -0.000221296 -2.71568e-06 -0.00553473 -0.00296853
10.36 -2.11635e-06 -0.000158789 -0.000241537 1.73543e-05 -0.00604096 -0.00397139
10.38 -4.28776e-06 -0.000197211 -0.00025415 3.49446e-05 -0.00635642 -0.00493234
10.4 -6.51127e-06 -0.000233089 -0.000252428 4.71502e-05 -0.00631335 -0.00582966
10.42 -8.71075e-06 -0.000263108 -0.000232795 5.41431e-05 -0.00582232 -0.00658045
10.44 -1.07533e-05 -0.000284099 -0.000197534 5.72054e-05 -0.00494044 -0.00710544
10.46 -1.25223e-05 -0.000294676 -0.000152168 5.6488e-05 -0.00380581 -0.00736997
10.48 -1.39543e-05 -0.00029562 -0.00010095 5.07492e-05 -0.00252484 -0.00739357
10.5 -1.50053e-05 -0.000288068 -4.48246e-05 3.9377e-05 -0.00112111 -0.0072047
10.52 -1.55971e-05 -0.000271091 1.55264e-05 2.45823e-05 0.000388296 -0.0067801
10.54 -1.56263e-05 -0.000242236 7.55417e-05 1.11748e-05 0.0018893 -0.00605841
10.56 -1.5053e-05 -0.000201145 0.000128895 3.77949e-06 0.00322369 -0.00503073
10.58 -1.39731e-05 -0.000151878 0.000174147 4.05304e-06 0.00435546 -0.00379855
10.6 -1.25672e-05 -0.000100453 0.000216003 1.03378e-05 0.0054023 -0.00251236
10.62 -1.09542e-05 -5.00404e-05 0.00025925 1.96123e-05 0.00648393 -0.00125153
10.64 -9.10932e-06 6.39748e-07 0.000303452 2.95464e-05 0.00758942 1.59992e-05
10.66 -6.94206e-06 5.41167e-05 0.000342743 3.88556e-05 0.00857211 0.00135348
10.68 -4.44393e-06 0.000109723 0.000369098 4.61845e-05 0.00923126 0.00274421
10.7 -1.74685e-06 0.000162143 0.000377517 4.93682e-05 0.00944183 0.00405526
10.72 9.59243e-07 0.000205034 0.000369957 4.64276e-05 0.00925276 0.00512799
10.74 3.56102e-06 0.000236948 0.000351948 3.74334e-05 0.00880233 0.00592618
10.76 6.08325e-06 0.000262328 0.000324574 2.51747e-05 0.00811771 0.00656093
10.78 8.59005e-06 0.00028556 0.000283642 1.39036e-05 0.00709398 0.00714198
10.8 1.10074e-05 0.000305222 0.000227137 7.18306e-06 0.00568077 0.00763373
10.82 1.30946e-05 0.000314913 0.000160004 6.27569e-06 0.00400175 0.00787611
10.84 1.46249e-05 0.000309374 9.08248e-05 1.01795e-05 0.00227154 0.00773758
10.86 1.55643e-05 0.000290015 2.64122e-05 1.71768e-05 0.000660555 0.00725339
10.88 1.60437e-05 0.000264292 -3.05623e-05 2.60533e-05 -0.000764402 0.00661006
10.9 1.6174e-05 0.00023836 -8.21865e-05 3.55385e-05 -0.00205554 0.00596149
10.92 1.59014e-05 0.00021041 -0.000132769 4.31156e-05 -0.00332064 0.00526244
10.94 1.5038e-05 0.000172692 -0.000182668 4.53391e-05 -0.00456862 0.0043191
10.96 1.34457e-05 0.000120323 -0.000226561 3.97539e-05 -0.0056664 0.00300934
10.98 1.12073e-05 5.74754e-05 -0.000259711 2.66239e-05 -0.0064955 0.00143748
11 8.60914e-06 -5.62047e-06 -0.000282928 9.05115e-06 -0.00707617 -0.000140572
11.02 5.93261e-06 -6.0922e-05 -0.000299794 -8.5741e-06 -0.00749801 -0.00152368
11.04 3.27155e-06 -0.00010699 -0.00031124 -2.2855e-05 -0.00778428 -0.00267586
11.06 5.52417e-07 -0.000147395 -0.000313896 -3.27725e-05 -0.0078507 -0.00368641
11.08 -2.30648e-06 -0.000186337 -0.00030269 -3.88859e-05 -0.00757042 -0.00466037
11.1 -5.27678e-06 -0.000224231 -0.000274541 -4.13848e-05 -0.00686642 -0.00560811
11.12 -8.21976e-06 -0.000256885 -0.000230125 -3.96252e-05 -0.00575555 -0.00642481
11.14 -1.09592e-05 -0.000279295 -0.000173171 -3.364e-05 -0.00433111 -0.00698527
11.16 -1.33669e-05 -0.000289211 -0.000108335 -2.52535e-05 -0.00270954 -0.00723329
11.18 -1.54093e-05 -0.00028776 -3.83258e-05 -1.72023e-05 -0.000958571 -0.00719699
11.2 -1.71174e-05 -0.000278713 3.6191e-05 -1.12442e-05 0.000905125 -0.00697073
11.22 -1.84924e-05 -0.000265921 0.000112104 -6.9975e-06 0.00280375 -0.00665079
11.24 -1.94287e-05 -0.000249571 0.000182278 -2.36812e-06 0.00455882 -0.00624188
11.26 -1.9744e-05 -0.000225829 0.000241334 4.86049e-06 0.00603584 -0.00564808
11.28 -1.93017e-05 -0.000190582 0.000289794 1.56581e-05 0.00724785 -0.00476652
11.3 -1.81106e-05 -0.000143279 0.00033 2.96341e-05 0.00825342 -0.00358348
11.32 -1.63318e-05 -8.83999e-05 0.000361932 4.58065e-05 0.00905206 -0.00221092
11.34 -1.42109e-05 -3.39361e-05 0.000385646 6.31612e-05 0.00964515 -0.000848756
11.36 -1.1968e-05 1.34602e-05 0.000403567 8.05105e-05 0.0100933 0.000336645
11.38 -9.67845e-06 5.32807e-05 0.000416937 9.6131e-05 0.0104277 0.00133257
11.4 -7.24526e-06 9.05919e-05 0.000422851 0.000107979 0.0105757 0.00226574
11.42 -4.53773e-06 0.000130379 0.000417303 0.000114545 0.0104369 0.00326083
11.44 -1.57185e-06 0.000172551 0.000398167 0.000115464 0.00995831 0.00431557
11.46 1.47539e-06 0.000212086 0.000364681 0.000111313 0.00912081 0.00530436
11.48 4.39259e-06 0.000242648 0.000317259 0.000103166 0.00793475 0.00606872
11.5 7.04125e-06 0.000259793 0.000258971 9.24998e-05 0.00647694 0.00649753
11.52 9.39237e-06 0.000263876 0.00019371 8.09918e-05 0.00484475 0.00659965
11.54 1.15128e-05 0.00026149 0.000122095 6.9627e-05 0.00305361 0.00653997
11.56 1.34591e-05 0.000259673 4.52888e-05 5.79782e-05 0.00113267 0.00649453
11.58 1.50999e-05 0.000256291 -2.84583e-05 4.49016e-05 -0.000711779 0.00640995
11.6 1.61316e-05 0.000241564 -8.98713e-05 2.98084e-05 -0.00224774 0.0060416
11.62 1.63809e-05 0.000210823 -0.000140087 1.2501e-05 -0.00350365 0.00527277
11.64 1.60198e-05 0.000170052 -0.000187769 -7.73111e-06 -0.00469622 0.00425307
11.66 1.53626e-05 0.000128916 -0.000237328 -3.13127e-05 -0.00593569 0.00322424
11.68 1.45093e-05 9.24955e-05 -0.000285997 -5.66244e-05 -0.00715293 0.00231335
11.7 1.32935e-05 5.79681e-05 -0.000328015 -8.01064e-05 -0.00820381 0.0014498
11.72 1.15203e-05 1.78758e-05 -0.000358031 -9.80265e-05 -0.00895454 0.000447079
11.74 9.17131e-06 -3.07845e-05 -0.00037441 -0.000107785 -0.00936418 -0.000769934
11.76 6.40805e-06 -8.21956e-05 -0.000379762 -0.000108468 -0.00949804 -0.00205575
11.78 3.43434e-06 -0.000128872 -0.000375577 -0.000100907 -0.00939336 -0.00322314
11.8 3.4774e-07 -0.000169307 -0.000358393 -8.67448e-05 -0.00896359 -0.00423445
11.82 -2.87984e-06 -0.000206309 -0.000323608 -6.74226e-05 -0.0080936 -0.00515987
11.84 -6.25548e-06 -0.000241433 -0.000270333 -4.46299e-05 -0.00676117 -0.00603835
11.86 -9.63243e-06 -0.000272459 -0.000202314 -2.12136e-05 -0.00505998 -0.00681431
11.88 -1.27627e-05 -0.000294834 -0.000127211 -5.06832e-07 -0.00318164 -0.00737392
11.9 -1.54541e-05 -0.0003057 -5.38192e-05 1.54887e-05 -0.00134607 -0.0076457
11.92 -1.76437e-05 -0.000306024 1.29552e-05 2.71164e-05 0.000323988 -0.00765378
11.94 -1.93375e-05 -0.000297968 7.44129e-05 3.65691e-05 0.00186107 -0.00745231
11.96 -2.05322e-05 -0.000281977 0.000134921 4.66416e-05 0.00337441 -0.00705237
11.98 -2.11999e-05 -0.000257408 0.000196963 5.95603e-05 0.00492611 -0.00643788
12 -2.1316e-05 -0.000224146 0.00025865 7.60679e-05 0.00646891 -0.00560598
12.02 -2.08931e-05 -0.00018338 0.000315426 9.48691e-05 0.00788891 -0.0045864
12.04 -2.00071e-05 -0.000138456 0.000365179 0.000113043 0.00913326 -0.00346285
12.06 -1.87857e-05 -9.40265e-05 0.000410575 0.000127539 0.0102686 -0.00235164
12.08 -1.73248e-05 -5.25946e-05 0.000454391 0.000136455 0.0113645 -0.00131541
12.1 -1.56043e-05 -1.27059e-05 0.000494 0.000138911 0.0123551 -0.00031778
12.12 -1.3519e-05 2.86888e-05 0.000521642 0.00013425 0.0130464 0.000717518
12.14 -1.10155e-05 7.25897e-05 0.000529752 0.000121973 0.0132493 0.0018155
12.16 -8.17355e-06 0.000116631 0.000516896 0.000102535 0.0129278 0.00291698
12.18 -5.14211e-06 0.000156891 0.000487672 7.81605e-05 0.0121969 0.00392392
12.2 -2.00664e-06 0.000191072 0.000446019 5.3007e-05 0.0111551 0.00477879
12.22 1.22256e-06 0.000220068 0.000391708 3.19827e-05 0.00979675 0.00550399
12.24 4.5286e-06 0.000246299 0.000325866 1.81637e-05 0.00815002 0.00616004
12.26 7.83966e-06 0.000270544 0.000254292 1.09285e-05 0.00635992 0.00676641
12.28 1.10184e-05 0.000290517 0.000181737 7.08473e-06 0.00454529 0.00726594
12.3 1.38817e-05 0.000302376 0.000108621 3.64781e-06 0.00271664 0.00756254
12.32 1.62372e-05 0.000303303 3.42893e-05 -1.00813e-06 0.000857564 0.00758574
12.34 1.79337e-05 0.000292281 -4.00634e-05 -8.05986e-06 -0.00100203 0.00731008
12.36 1.8887e-05 0.000269264 -0.000111 -1.87045e-05 -0.00277619 0.00673442
12.38 1.90786e-05 0.000235315 -0.000174539 -3.30508e-05 -0.00436532 0.00588532
12.4 1.8562e-05 0.000193334 -0.000229878 -4.92174e-05 -0.00574938 0.00483535
12.42 1.74591e-05 0.000147088 -0.000280337 -6.40458e-05 -0.00701136 0.00367873
12.44 1.59035e-05 9.91243e-05 -0.000328359 -7.44063e-05 -0.00821243 0.00247914
12.46 1.39686e-05 5.02335e-05 -0.000370319 -7.78254e-05 -0.00926185 0.00125636
12.48 1.16812e-05 9.93718e-07 -0.000397782 -7.27447e-05 -0.00994871 2.48522e-05
12.5 9.11603e-06 -4.67421e-05 -0.00040462 -5.90385e-05 -0.0101197 -0.00116904
12.52 6.43805e-06 -8.99157e-05 -0.000392699 -3.84583e-05 -0.00982159 -0.00224883
12.54 3.82663e-06 -0.000125449 -0.000368885 -1.45444e-05 -0.00922599 -0.00313753
12.56 1.36291e-06 -0.000151936 -0.000337128 7.95752e-06 -0.00843174 -0.00379999
12.58 -9.88704e-07 -0.000170832 -0.000296194 2.4308e-05 -0.00740797 -0.00427259
12.6 -3.29519e-06 -0.000184898 -0.000243953 3.16363e-05 -0.00610138 -0.00462439
12.62 -5.5727e-06 -0.00019476 -0.00018121 3.01421e-05 -0.00453217 -0.00487103
12.64 -7.76841e-06 -0.000198783 -0.000112317 2.22888e-05 -0.00280912 -0.00497164
12.66 -9.79842e-06 -0.000196608 -4.38478e-05 1.1098e-05 -0.00109668 -0.00491725
12.68 -1.16058e-05 -0.000190037 1.93543e-05 -3.97904e-07 0.000484032 -0.0047529
12.7 -1.31782e-05 -0.000180144 7.80367e-05 -8.77607e-06 0.00195171 -0.00450549
12.72 -1.45173e-05 -0.000166166 0.000136559 -1.05034e-05 0.00341536 -0.00415588
12.74 -1.56227e-05 -0.00014814 0.000198282 -3.0356e-06 0.00495908 -0.00370505
12.76 -1.65034e-05 -0.000128867 0.000264829 1.41578e-05 0.00662345 -0.00322301
12.78 -1.71375e-05 -0.000111183 0.000335645 3.89938e-05 0.0083946 -0.00278073
12.8 -1.73799e-05 -9.36959e-05 0.000403591 6.68707e-05 0.010094 -0.00234338
12.82 -1.69747e-05 -7.16302e-05 0.00045538 9.21502e-05 0.0113892 -0.0017915
12.84 -1.57437e-05 -4.20803e-05 0.000481669 0.000110627 0.0120467 -0.00105245
12.86 -1.37486e-05 -6.57309e-06 0.000483625 0.000120864 0.0120956 -0.000164397
12.88 -1.12262e-05 3.04268e-05 0.000466815 0.000123282 0.0116752 0.000760985
12.9 -8.36286e-06 6.47441e-05 0.000433269 0.00011882 0.0108362 0.00161928
12.92 -5.19204e-06 9.63213e-05 0.000381674 0.000109018 0.00954579 0.00240904
12.94 -1.75683e-06 0.000127674 0.000310723 9.64335e-05 0.00777128 0.00319318
12.96 1.72923e-06 0.000156493 0.000223758 8.38544e-05 0.00559627 0.00391395
12.98 4.94877e-06 0.000175691 0.000132697 7.33099e-05 0.00331878 0.0043941
13 7.67699e-06 0.00018285 5.23313e-05 6.58066e-05 0.0013088 0.00457314
13.02 9.88652e-06 0.000182769 -1.10237e-05 6.09969e-05 -0.000275734 0.00457112
13.04 1.16502e-05 0.000179526 -6.23859e-05 5.68928e-05 -0.00156032 0.00449003
13.06 1.29745e-05 0.000171334 -0.000110256 5.05375e-05 -0.00275757 0.00428512
13.08 1.37746e-05 0.000153745 -0.000158445 3.91941e-05 -0.00396279 0.00384522
13.1 1.40195e-05 0.000126044 -0.000205275 2.13713e-05 -0.00513403 0.00315241
13.12 1.38353e-05 9.40395e-05 -0.000248504 -2.26785e-06 -0.00621522 0.00235196
13.14 1.34051e-05 6.50431e-05 -0.000288613 -2.86754e-05 -0.00721836 0.00162675
13.16 1.27835e-05 4.03792e-05 -0.000326638 -5.37211e-05 -0.00816939 0.0010099
13.18 1.18718e-05 1.53081e-05 -0.000360765 -7.42986e-05 -0.00902291 0.00038286
13.2 1.05814e-05 -1.42058e-05 -0.000386762 -8.92475e-05 -0.0096731 -0.000355294
13.22 8.97316e-06 -4.62727e-05 -0.00040031 -9.83731e-05 -0.0100119 -0.0011573
13.24 7.20755e-06 -7.4275e-05 -0.000397362 -0.000101216 -0.0099382 -0.00185765
13.26 5.38695e-06 -9.29487e-05 -0.000375326 -9.73929e-05 -0.00938709 -0.00232469
13.28 3.46609e-06 -0.000102956 -0.000334972 -8.79897e-05 -0.00837781 -0.00257497
13.3 1.30166e-06 -0.000109682 -0.000279285 -7.59934e-05 -0.00698506 -0.0027432
13.32 -1.24411e-06 -0.000119047 -0.000211696 -6.48877e-05 -0.00529464 -0.00297742
13.34 -4.22655e-06 -0.000134466 -0.000135916 -5.65014e-05 -0.00339934 -0.00336305
13.36 -7.56406e-06 -0.000155322 -5.52823e-05 -4.98247e-05 -0.00138266 -0.00388467
13.38 -1.10271e-05 -0.000176655 2.79529e-05 -4.16426e-05 0.000699089 -0.00441822
13.4 -1.43122e-05 -0.00019176 0.000111097 -2.8464e-05 0.00277856 -0.004796
13.42 -1.71758e-05 -0.000197084 0.00019023 -8.32929e-06 0.0047577 -0.00492916
13.44 -1.95173e-05 -0.00019498 0.000262307 1.86176e-05 0.00656038 -0.00487654
13.46 -2.1326e-05 -0.000191041 0.00032614 5.07225e-05 0.00815687 -0.00477803
13.48 -2.25377e-05 -0.000187535 0.000381397 8.56822e-05 0.00953888 -0.00469034
13.5 -2.29543e-05 -0.000178936 0.000428615 0.000120919 0.0107198 -0.00447526
13.52 -2.23389e-05 -0.000155649 0.00046749 0.00015344 0.0116921 -0.00389284
13.54 -2.06258e-05 -0.000114259 0.000492876 0.000179785 0.012327 -0.00285768
13.56 -1.80381e-05 -6.30851e-05 0.000497251 0.000196592 0.0124364 -0.00157779
13.58 -1.49748e-05 -1.55379e-05 0.000479042 0.000201516 0.011981 -0.000388611
13.6 -1.17341e-05 2.17638e-05 0.000443866 0.000194048 0.0111013 0.000544321
13.62 -8.31459e-06 5.37633e-05 0.000398596 0.000176176 0.00996903 0.00134464
13.64 -4.53925e-06 9.0426e-05 0.000346013 0.000152362 0.00865391 0.00226159
13.66 -3.59245e-07 0.000135625 0.000283395 0.000127754 0.0070878 0.00339205
13.68 4.01039e-06 0.000182256 0.00020662 0.000105211 0.00516762 0.0045583
13.7 8.21943e-06 0.000218664 0.000118055 8.41105e-05 0.00295259 0.00546888
13.72 1.20106e-05 0.000240237 3.03797e-05 6.23065e-05 0.000759783 0.00600842
13.74 1.53329e-05 0.000253396 -4.13487e-05 3.87795e-05 -0.00103417 0.00633755
13.76 1.82679e-05 0.000267146 -9.2415e-05 1.40871e-05 -0.00231136 0.00668144
13.78 2.08507e-05 0.000282481 -0.000131306 -1.13111e-05 -0.00328404 0.00706496
13.8 2.29861e-05 0.000292213 -0.000170504 -3.86876e-05 -0.0042644 0.00730837
13.82 2.45549e-05 0.000289987 -0.000217066 -7.0631e-05 -0.00542894 0.00725269
13.84 2.55616e-05 0.000276729 -0.000270215 -0.000108162 -0.00675822 0.00692111
13.86 2.61188e-05 0.000258338 -0.000324216 -0.000147614 -0.00810879 0.00646114
13.88 2.63047e-05 0.000239505 -0.000373948 -0.000180994 -0.00935261 0.00599013
13.9 2.60896e-05 0.000220796 -0.000418475 -0.000200657 -0.0104663 0.0055222
13.92 2.53822e-05 0.000200091 -0.000458251 -0.00020411 -0.0114611 0.00500437
13.94 2.40707e-05 0.000174792 -0.000489885 -0.00019415 -0.0122522 0.00437163
13.96 2.20092e-05 0.000142473 -0.000505262 -0.000174806 -0.0126368 0.00356331
13.98 1.90335e-05 0.000100836 -0.000495052 -0.000147977 -0.0123815 0.00252195
14 1.50741e-05 4.83143e-05 -0.000454103 -0.000114062 -0.0113573 0.00120836
14.02 1.02803e-05 -1.40403e-05 -0.00038577 -7.49267e-05 -0.0096483 -0.000351156
14.04 5.04685e-06 -7.96917e-05 -0.000301436 -3.53605e-05 -0.00753908 -0.00199312
14.06 -1.12216e-07 -0.000137088 -0.000215962 -1.32075e-06 -0.00540132 -0.00342863
14.08 -4.8183e-06 -0.000178273 -0.000141846 2.35534e-05 -0.00354764 -0.00445868
14.1 -9.0271e-06 -0.000207608 -8.28244e-05 4.05087e-05 -0.0020715 -0.00519237
14.12 -1.29645e-05 -0.000236336 -3.19303e-05 5.49645e-05 -0.000798616 -0.00591086
14.14 -1.67887e-05 -0.00026879 2.10608e-05 7.2331e-05 0.000526713 -0.00672256
14.16 -2.03366e-05 -0.000298334 8.1288e-05 9.41161e-05 0.00203302 -0.00746145
14.18 -2.32641e-05 -0.000314787 0.000147936 0.000118178 0.00369992 -0.00787296
14.2 -2.5387e-05 -0.000314334 0.000216262 0.000141597 0.00540877 -0.00786163
14.22 -2.67924e-05 -0.000304865 0.000279694 0.000162242 0.00699523 -0.0076248
14.24 -2.7612e-05 -0.000298689 0.000333311 0.000178566 0.00833621 -0.00747033
14.26 -2.77293e-05 -0.000295899 0.000374151 0.000189159 0.00935765 -0.00740056
14.28 -2.6761e-05 -0.000279998 0.000399576 0.000192371 0.00999355 -0.00700288
14.3 -2.43983e-05 -0.00023559 0.000408922 0.000186492 0.0102273 -0.00589221
14.32 -2.07793e-05 -0.000167123 0.000402645 0.00017112 0.0100703 -0.00417983
14.34 -1.64395e-05 -9.45678e-05 0.000378418 0.000148115 0.00946437 -0.00236518
14.36 -1.18688e-05 -3.25252e-05 0.00033412 0.000120317 0.00835645 -0.000813471
14.38 -7.19569e-06 2.01467e-05 0.000274876 8.97803e-05 0.00687474 0.000503876
14.4 -2.31973e-06 7.26773e-05 0.000211801 5.83454e-05 0.00529721 0.00181769
14.42 2.77941e-06 0.000131665 0.000153787 2.89251e-05 0.00384625 0.00329299
14.44 7.94148e-06 0.000195515 0.000102055 4.04922e-06 0.00255241 0.00488991
14.46 1.29282e-05 0.000254944 5.0082e-05 -1.68599e-05 0.00125255 0.00637626
14.48 1.75214e-05 0.000301152 -1.00708e-05 -3.7297e-05 -0.0002519 0.00753194
14.5 2.15492e-05 0.000333406 -7.798e-05 -6.06452e-05 -0.00195034 0.00833862
14.52 2.48763e-05 0.000355641 -0.000143998 -8.74963e-05 -0.00360147 0.00889473
14.54 2.73798e-05 0.000369172 -0.000199542 -0.00011487 -0.00499067 0.00923314
14.56 2.8934e-05 0.000372981 -0.000243528 -0.000137677 -0.00609077 0.00932841
14.58 2.94327e-05 0.000366049 -0.000278748 -0.000152097 -0.00697163 0.00915503
14.6 2.88111e-05 0.000344944 -0.00030742 -0.000157849 -0.00768873 0.00862719
14.62 2.70649e-05 0.000305141 -0.000330117 -0.000156516 -0.00825639 0.00763169
14.64 2.43064e-05 0.000249351 -0.00034511 -0.000148357 -0.00863136 0.00623638
14.66 2.07789e-05 0.000188552 -0.000348925 -0.000131991 -0.00872677 0.00471576
14.68 1.67044e-05 0.000129843 -0.000337892 -0.000106586 -0.00845085 0.00324743
14.7 1.21097e-05 6.9507e-05 -0.000307948 -7.33995e-05 -0.00770194 0.0017384
14.72 6.92515e-06 2.31216e-06 -0.000256518 -3.6275e-05 -0.00641566 5.78268e-05
14.74 1.26979e-06 -6.97387e-05 -0.000188261 -1.31556e-06 -0.0047085 -0.00174419
14.76 -4.5024e-06 -0.000141258 -0.000115906 2.59554e-05 -0.00289887 -0.00353291
14.78 -1.00582e-05 -0.00020863 -5.04036e-05 4.46063e-05 -0.00126064 -0.00521791
14.8 -1.52352e-05 -0.000269048 8.77917e-06 5.83155e-05 0.000219545 -0.006729
14.82 -1.98998e-05 -0.000319878 6.88454e-05 7.10655e-05 0.00172183 -0.00800029
14.84 -2.37932e-05 -0.000358541 0.000130933 8.44365e-05 0.00327468 -0.00896726
14.86 -2.66046e-05 -0.000379984 0.000187009 9.86553e-05 0.00467715 -0.00950355
14.88 -2.81613e-05 -0.00037969 0.000227513 0.000113523 0.00569017 -0.00949621
14.9 -2.85373e-05 -0.000361955 0.000249908 0.00012801 0.00625027 -0.00905263
14.92 -2.79832e-05 -0.000337202 0.000263521 0.000140939 0.00659075 -0.00843356
14.94 -2.6684e-05 -0.000308233 0.00028418 0.000151951 0.00710744 -0.00770904
14.96 -2.45577e-05 -0.00026628 0.000316696 0.000160271 0.00792067 -0.00665978
14.98 -2.13901e-05 -0.000203181 0.000346325 0.000163094 0.0086617 -0.00508164
15 -1.72225e-05 -0.000122989 0.000355476 0.000156509 0.00889058 -0.00307601
15.02 -1.25026e-05 -4.07346e-05 0.000342486 0.000137808 0.00856569 -0.00101879
15.04 -7.74925e-06 2.81112e-05 0.000315617 0.000107059 0.00789369 0.000703072
15.06 -3.10199e-06 7.96871e-05 0.000277022 6.79827e-05 0.0069284 0.00199301
15.08 1.7079e-06 0.000126193 0.000222255 2.74713e-05 0.00555866 0.00315615
15.1 6.93755e-06 0.000184 0.000151073 -7.63436e-06 0.00377837 0.00460193
15.12 1.24274e-05 0.000254315 7.2501e-05 -3.40877e-05 0.00181325 0.00636052
15.14 1.76199e-05 0.00032066 -1.54127e-07 -5.21474e-05 -3.88049e-06 0.00801985
15.16 2.19669e-05 0.000367258 -5.91853e-05 -6.31255e-05 -0.00148027 0.00918527
15.18 2.52888e-05 0.000392816 -0.000108232 -6.86649e-05 -0.00270696 0.00982449
15.2 2.77093e-05 0.000404718 -0.000155391 -7.13967e-05 -0.00388641 0.0101222
15.22 2.92994e-05 0.000407682 -0.0002012 -7.41652e-05 -0.00503213 0.0101963
15.24 2.98874e-05 0.000399552 -0.000239136 -7.85407e-05 -0.00598092 0.00999295
15.26 2.92472e-05 0.000373218 -0.000267158 -8.46812e-05 -0.00668175 0.00933434
15.28 2.73663e-05 0.000324304 -0.000291092 -9.18597e-05 -0.00728035 0.00811097
15.3 2.44664e-05 0.000258586 -0.000315995 -9.85715e-05 -0.00790318 0.00646734
15.32 2.08076e-05 0.000186495 -0.000340123 -0.000102575 -0.00850665 0.00466431
15.34 1.65174e-05 0.000111029 -0.000356393 -0.00010079 -0.00891356 0.00277687
15.36 1.1628e-05 2.9644e-05 -0.00035596 -8.94694e-05 -0.00890273 0.000741407
15.38 6.259e-06 -5.40304e-05 -0.00033345 -6.63519e-05 -0.00833976 -0.00135132
15.4 6.82821e-07 -0.00013136 -0.000291264 -3.355e-05 -0.00728466 -0.00328536
15.42 -4.85046e-06 -0.000200257 -0.000236098 3.07342e-06 -0.00590494 -0.00500851
15.44 -1.02561e-05 -0.000265853 -0.0001731 3.78768e-05 -0.00432934 -0.0066491
15.46 -1.54666e-05 -0.000330346 -0.00010708 6.76913e-05 -0.00267813 -0.00826208
15.48 -2.02024e-05 -0.000388058 -4.46715e-05 9.08942e-05 -0.00111728 -0.00970551
15.5 -2.40469e-05 -0.000429237 9.7658e-06 0.000106707 0.000244221 -0.0107354
15.52 -2.67564e-05 -0.000446741 5.85577e-05 0.000115734 0.00146453 -0.0111732
15.54 -2.83982e-05 -0.000441624 0.000107904 0.000119641 0.0026987 -0.0110452
15.56 -2.91785e-05 -0.000422509 0.000160148 0.000120024 0.00400533 -0.0105671
15.58 -2.91729e-05 -0.000397177 0.000210463 0.000118084 0.00526373 -0.00993356
15.6 -2.82582e-05 -0.000364455 0.00025222 0.000114786 0.0063081 -0.00911516
15.62 -2.62614e-05 -0.000315809 0.000283591 0.00011043 0.00709269 -0.00789851
15.64 -2.31554e-05 -0.000245892 0.000307394 0.00010431 0.00768802 -0.00614987
15.66 -1.91677e-05 -0.000160698 0.000326418 9.54665e-05 0.00816381 -0.00401913
15.68 -1.47082e-05 -7.3939e-05 0.000340448 8.339e-05 0.00851472 -0.00184925
15.7 -1.0125e-05 4.64251e-06 0.000345987 6.73959e-05 0.00865324 0.00011611
15.72 -5.50486e-06 7.58095e-05 0.000337648 4.62483e-05 0.0084447 0.00189603
15.74 -7.80782e-07 0.00014513 0.000312577 1.99928e-05 0.00781765 0.00362977
15.76 3.9725e-06 0.00021416 0.00027525 -7.94226e-06 0.0068841 0.00535623
15.78 8.43649e-06 0.000278531 0.000234357 -3.20338e-05 0.00586133 0.00696617
15.8 1.22399e-05 0.000329822 0.000193455 -4.84515e-05 0.00483836 0.00824897
15.82 1.51676e-05 0.000359433 0.000149894 -5.66605e-05 0.00374889 0.00898956
15.84 1.71966e-05 0.00036577 0.000102451 -5.7852e-05 0.00256233 0.00914805
15.86 1.84392e-05 0.000356166 5.29281e-05 -5.35864e-05 0.00132373 0.00890786
15.88 1.90486e-05 0.000338887 2.7146e-06 -4.57138e-05 6.78675e-05 0.0084757
15.9 1.90668e-05 0.000315879 -4.53078e-05 -3.5944e-05 -0.00113319 0.00790027
15.92 1.83737e-05 0.000283517 -8.59424e-05 -2.55615e-05 -0.00214948 0.00709087
15.94 1.68506e-05 0.000237064 -0.000117941 -1.6272e-05 -0.00294979 0.00592906
15.96 1.45819e-05 0.00017565 -0.000145675 -1.02346e-05 -0.00364341 0.00439308
15.98 1.18664e-05 0.000106046 -0.000172191 -8.16938e-06 -0.0043066 0.00265225
16 9.04673e-06 4.02801e-05 -0.000196819 -8.14466e-06 -0.00492255 0.00100742
16.02 6.32307e-06 -1.36509e-05 -0.000219265 -6.94152e-06 -0.00548392 -0.000341415
16.04 3.65456e-06 -5.91619e-05 -0.000238852 -2.16157e-06 -0.00597381 -0.00147966
16.06 8.33824e-07 -0.000106942 -0.000251315 6.93766e-06 -0.00628553 -0.00267468
16.08 -2.25692e-06 -0.000162309 -0.00025277 1.94386e-05 -0.0063219 -0.00405942
16.1 -5.42837e-06 -0.000218155 -0.000243251 3.31042e-05 -0.00608383 -0.00545616
16.12 -8.28981e-06 -0.000261204 -0.000222176 4.56255e-05 -0.00555675 -0.00653283
16.14 -1.0586e-05 -0.000283723 -0.000186943 5.59188e-05 -0.00467556 -0.00709604
16.16 -1.23541e-05 -0.00028882 -0.0001394 6.35727e-05 -0.00348647 -0.00722352
16.18 -1.37476e-05 -0.00028605 -8.70249e-05 6.72305e-05 -0.00217655 -0.00715424
16.2 -1.47932e-05 -0.000281639 -3.56688e-05 6.47797e-05 -0.000892117 -0.00704391
16.22 -1.53295e-05 -0.000271837 1.3237e-05 5.55412e-05 0.000331038 -0.00679875
16.24 -1.5132e-05 -0.000247105 5.91736e-05 4.16971e-05 0.00147993 -0.0061802
16.26 -1.41064e-05 -0.000203046 0.000102073 2.74555e-05 0.00255286 -0.00507826
16.28 -1.2392e-05 -0.000145295 0.000142829 1.67985e-05 0.00357218 -0.00363389
16.3 -1.02652e-05 -8.42084e-05 0.000179502 1.12448e-05 0.0044894 -0.00210609
16.32 -7.93283e-06 -2.69487e-05 0.000206999 9.2171e-06 0.00517709 -0.000673999
16.34 -5.4448e-06 2.57509e-05 0.000224716 7.96822e-06 0.00562022 0.000644039
16.36 -2.7869e-06 7.74554e-05 0.000239069 6.39052e-06 0.00597918 0.00193719
16.38 1.26302e-08 0.000131279 0.000254458 5.58107e-06 0.00636407 0.00328334
16.4 2.86796e-06 0.000186165 0.000266801 6.65868e-06 0.00667279 0.00465606
16.42 5.64615e-06 0.000236782 0.000268354 8.66138e-06 0.00671162 0.00592203
16.44 8.16381e-06 0.000276525 0.000254867 8.97927e-06 0.0063743 0.006916
16.46 1.02336e-05 0.000301141 0.000227524 5.84039e-06 0.00569043 0.00753165
16.48 1.17535e-05 0.000310501 0.000191812 4.7098e-07 0.00479728 0.00776576
16.5 1.27338e-05 0.00030771 0.000154297 -3.14617e-06 0.00385901 0.00769596
16.52 1.32313e-05 0.000296811 0.000117362 -1.13128e-06 0.00293526 0.00742337
16.54 1.32717e-05 0.000279751 7.85621e-05 7.04308e-06 0.00196484 0.00699668
16.56 1.28151e-05 0.000254093 3.71771e-05 1.80632e-05 0.00092979 0.00635496
16.58 1.1791e-05 0.000215682 -2.20754e-06 2.76298e-05 -5.52373e-05 0.0053943
16.6 1.02064e-05 0.000164806 -3.54914e-05 3.35371e-05 -0.00088768 0.00412186
16.62 8.22568e-06 0.000107267 -6.48021e-05 3.60369e-05 -0.00162075 0.00268278
16.64 6.09176e-06 4.92627e-05 -9.51537e-05 3.61514e-05 -0.00237986 0.00123208
16.66 3.96001e-06 -5.8199e-06 -0.000127836 3.42274e-05 -0.00319725 -0.000145559
16.68 1.84862e-06 -5.70591e-05 -0.000159701 2.97864e-05 -0.00399422 -0.00142707
16.7 -2.63323e-07 -0.000105555 -0.000187069 2.26917e-05 -0.0046787 -0.00263997
16.72 -2.34488e-06 -0.000152002 -0.000208755 1.4633e-05 -0.00522107 -0.00380164
16.74 -4.31831e-06 -0.000193832 -0.000225876 8.8087e-06 -0.00564927 -0.00484781
16.76 -6.11442e-06 -0.000227572 -0.000237752 7.52261e-06 -0.00594629 -0.00569168
16.78 -7.70693e-06 -0.000252212 -0.000238042 1.05241e-05 -0.00595355 -0.00630793
16.8 -9.08754e-06 -0.000267617 -0.000219221 1.57985e-05 -0.00548283 -0.00669322
16.82 -1.0207e-05 -0.000272964 -0.000183109 2.1135e-05 -0.00457965 -0.00682695
16.84 -1.09717e-05 -0.000268511 -0.000141749 2.47604e-05 -0.00354524 -0.00671558
16.86 -1.13243e-05 -0.000255837 -0.000104312 2.53266e-05 -0.00260891 -0.0063986
16.88 -1.12954e-05 -0.000235992 -6.83154e-05 2.19859e-05 -0.00170862 -0.00590226
16.9 -1.09362e-05 -0.000209202 -2.68174e-05 1.48574e-05 -0.00067074 -0.00523223
16.92 -1.02263e-05 -0.000175334 2.05409e-05 5.64828e-06 0.000513711 -0.00438518
16.94 -9.09211e-06 -0.000133938 6.61272e-05 -2.67559e-06 0.00165384 -0.00334985
16.96 -7.51246e-06 -8.56177e-05 0.000101448 -7.60008e-06 0.00253724 -0.00214134
16.98 -5.57714e-06 -3.34014e-05 0.000125622 -8.38871e-06 0.00314184 -0.000835383
17 -3.43517e-06 1.93379e-05 0.000146978 -5.39487e-06 0.00367595 0.000483648
17.02 -1.19493e-06 7.18949e-05 0.00017319 1.34577e-06 0.00433154 0.00179812
17.04 1.10644e-06 0.000124872 0.000201069 1.19706e-05 0.0050288 0.00312311
17.06 3.42429e-06 0.000176517 0.000220644 2.52979e-05 0.00551836 0.00441477
17.08 5.61789e-06 0.000222436 0.000227413 3.81091e-05 0.00568767 0.00556322
17.1 7.4759e-06 0.000258204 0.000226228 4.64177e-05 0.00565803 0.0064578
17.12 8.83569e-06 0.000281424 0.000223999 4.79205e-05 0.00560227 0.00703853
17.14 9.6572e-06 0.00029229 0.000221654 4.34879e-05 0.00554362 0.0073103
17.16 9.97846e-06 0.000292198 0.000214294 3.60916e-05 0.00535956 0.007308
17.18 9.82804e-06 0.000281403 0.000197834 2.82057e-05 0.00494789 0.00703801
17.2 9.208e-06 0.000259065 0.000173299 2.05365e-05 0.00433425 0.00647932
17.22 8.14733e-06 0.000225652 0.000145014 1.32114e-05 0.00362685 0.00564366
17.24 6.73707e-06 0.000184188 0.000116916 7.45172e-06 0.00292409 0.00460661
17.26 5.09981e-06 0.00013888 9.01433e-05 5.35259e-06 0.0022545 0.00347345
17.28 3.32918e-06 9.22234e-05 6.25777e-05 7.96205e-06 0.00156507 0.00230654
17.3 1.46127e-06 4.32612e-05 3.15829e-05 1.39823e-05 0.000789876 0.00108198
17.32 -4.89303e-07 -9.74184e-06 -2.37444e-06 2.0548e-05 -5.94114e-05 -0.000243649
17.34 -2.45346e-06 -6.46413e-05 -3.58911e-05 2.51366e-05 -0.000897678 -0.00161671
17.36 -4.28032e-06 -0.000115297 -6.59983e-05 2.69029e-05 -0.00165067 -0.00288364
17.38 -5.81676e-06 -0.000156294 -9.24731e-05 2.67198e-05 -0.00231282 -0.00390898
17.4 -7.02272e-06 -0.000187073 -0.000117333 2.60578e-05 -0.00293458 -0.00467876
17.42 -7.98727e-06 -0.000211805 -0.000141832 2.5527e-05 -0.00354731 -0.00529733
17.44 -8.81379e-06 -0.000234541 -0.000163005 2.45129e-05 -0.00407685 -0.00586597
17.46 -9.49085e-06 -0.000253913 -0.000174657 2.23944e-05 -0.00436828 -0.00635046
17.48 -9.88318e-06 -0.000263833 -0.000173458 1.98912e-05 -0.00433829 -0.00659857
17.5 -9.85386e-06 -0.000259471 -0.000162448 1.87874e-05 -0.00406292 -0.00648948
17.52 -9.39466e-06 -0.000241808 -0.000146968 2.01313e-05 -0.00367577 -0.00604772
17.54 -8.62688e-06 -0.00021676 -0.000128704 2.2875e-05 -0.00321896 -0.00542127
17.56 -7.66361e-06 -0.000189369 -0.000105252 2.46405e-05 -0.00263243 -0.00473619
17.58 -6.47628e-06 -0.000158207 -7.46961e-05 2.39017e-05 -0.00186821 -0.00395681
17.6 -4.92223e-06 -0.000117227 -3.92428e-05 2.1217e-05 -0.000981506 -0.0029319
17.62 -2.92026e-06 -6.36005e-05 -4.04548e-06 1.83541e-05 -0.000101205 -0.00159068
17.64 -5.82681e-07 -1.76546e-06 2.69419e-05 1.64078e-05 0.000673803 -4.41559e-05
17.66 1.84356e-06 6.01066e-05 5.359e-05 1.47971e-05 0.00134028 0.00150329
17.68 4.14986e-06 0.00011614 7.85319e-05 1.20999e-05 0.00196409 0.00290471
17.7 6.26091e-06 0.000165704 0.000103869 7.8494e-06 0.00259777 0.00414434
17.72 8.18054e-06 0.0002113 0.000129191 3.22051e-06 0.00323108 0.00528469
17.74 9.88449e-06 0.000253793 0.000152698 -2.69578e-07 0.00381901 0.00634748
17.76 1.12786e-05 0.000290278 0.000172772 -2.51495e-06 0.00432107 0.00725997
17.78 1.22418e-05 0.000316269 0.000187555 -5.00819e-06 0.0046908 0.00791002
17.8 1.26879e-05 0.000328648 0.000195104 -9.294e-06 0.00487961 0.00821961
17.82 1.25871e-05 0.000326624 0.000195402 -1.52611e-05 0.00488706 0.008169
17.84 1.19553e-05 0.000311269 0.00019021 -2.08316e-05 0.0047572 0.00778497
17.86 1.08424e-05 0.000284659 0.000180046 -2.32383e-05 0.00450301 0.00711945
17.88 9.32474e-06 0.000248983 0.000163108 -2.073e-05 0.00407937 0.00622716
17.9 7.47255e-06 0.000205707 0.00013796 -1.33106e-05 0.0034504 0.00514482
17.92 5.30876e-06 0.000155151 0.000106432 -2.09364e-06 0.00266189 0.0038804
17.94 2.82171e-06 9.70528e-05 7.30456e-05 1.18918e-05 0.00182687 0.00242733
17.96 3.55812e-08 3.19914e-05 4.17647e-05 2.82126e-05 0.00104453 0.000800118
17.98 -2.93549e-06 -3.74946e-05 1.38569e-05 4.64048e-05 0.000346542 -0.000937756
18 -5.90433e-06 -0.000106815 -1.17298e-05 6.49264e-05 -0.000293392 -0.0026715
18.02 -8.67511e-06 -0.000170626 -3.65585e-05 8.09223e-05 -0.000914368 -0.00426742
18.04 -1.11111e-05 -0.000225642 -6.07058e-05 9.14073e-05 -0.0015183 -0.0056434
18.06 -1.31653e-05 -0.000272356 -8.2694e-05 9.50635e-05 -0.00206824 -0.00681174
18.08 -1.48401e-05 -0.00031265 -0.000101885 9.29141e-05 -0.00254822 -0.0078195
18.1 -1.61017e-05 -0.000345889 -0.000119341 8.71046e-05 -0.0029848 -0.00865084
18.12 -1.68506e-05 -0.000368478 -0.000135004 7.92164e-05 -0.00337653 -0.0092158
18.14 -1.69913e-05 -0.00037674 -0.000146118 6.99667e-05 -0.00365449 -0.00942242
18.16 -1.65131e-05 -0.000369398 -0.000150086 6.00648e-05 -0.00375374 -0.0092388
18.18 -1.54853e-05 -0.00034813 -0.000147125 5.05875e-05 -0.00367968 -0.00870689
18.2 -1.40031e-05 -0.000316502 -0.000138922 4.23837e-05 -0.00347453 -0.00791586
18.22 -1.21472e-05 -0.000277396 -0.000125879 3.54198e-05 -0.00314831 -0.00693778
18.24 -9.95978e-06 -0.000230826 -0.0001067 2.87317e-05 -0.00266865 -0.00577307
18.26 -7.4448e-06 -0.00017492 -8.04996e-05 2.09604e-05 -0.00201335 -0.00437482
18.28 -4.62158e-06 -0.0001093 -4.87944e-05 1.11599e-05 -0.00122039 -0.00273365
18.3 -1.59711e-06 -3.72001e-05 -1.51718e-05 -7.44476e-07 -0.000379479 -0.000930391
18.32 1.43552e-06 3.5551e-05 1.7448e-05 -1.42659e-05 0.000436357 0.000889145
18.34 4.28406e-06 0.000103479 4.91287e-05 -2.88414e-05 0.0012287 0.00258806
18.36 6.84093e-06 0.00016422 8.17843e-05 -4.36469e-05 0.00204543 0.00410722
18.38 9.08817e-06 0.000218703 0.000115684 -5.71075e-05 0.00289327 0.00546985
18.4 1.1035e-05 0.00026821 0.000147983 -6.71526e-05 0.0037011 0.00670803
18.42 1.26526e-05 0.000311554 0.000175246 -7.22256e-05 0.00438296 0.00779209
18.44 1.38624e-05 0.0003455 0.000196418 -7.20083e-05 0.00491246 0.00864109
18.46 1.45852e-05 0.0003672 0.000212353 -6.71971e-05 0.005311 0.00918381
18.48 1.48002e-05 0.000375825 0.000223067 -5.8686e-05 0.00557898 0.00939954
18.5 1.4553e-05 0.000372423 0.000226648 -4.69846e-05 0.00566854 0.00931446
18.52 1.39042e-05 0.000358563 0.000221222 -3.23264e-05 0.00553284 0.0089678
18.54 1.28683e-05 0.000335064 0.000207339 -1.51564e-05 0.00518561 0.00838008
18.56 1.14244e-05 0.000301712 0.000187738 3.63644e-06 0.00469539 0.00754595
18.58 9.57688e-06 0.000258361 0.000164867 2.30152e-05 0.00412336 0.00646172
18.6 7.37956e-06 0.000206366 0.00013914 4.22329e-05 0.00347993 0.0051613
18.62 4.91062e-06 0.000148041 0.000109835 6.07968e-05 0.002747 0.00370256
18.64 2.24422e-06 8.49187e-05 7.71425e-05 7.80341e-05 0.00192934 0.00212385
18.66 -5.41804e-07 1.79852e-05 4.29062e-05 9.28908e-05 0.00107308 0.000449817
18.68 -3.33981e-06 -5.04118e-05 9.51595e-06 0.00010416 0.000237972 -0.00126082
18.7 -6.00054e-06 -0.000116111 -2.18162e-05 0.00011083 -0.000545657 -0.00290399
18.72 -8.36414e-06 -0.000174888 -5.16169e-05 0.000112321 -0.00129098 -0.00437404
18.74 -1.03155e-05 -0.000224297 -8.06505e-05 0.000108571 -0.00201713 -0.00560977
18.76 -1.18104e-05 -0.000263846 -0.000107895 9.99711e-05 -0.00269853 -0.00659889
18.78 -1.28444e-05 -0.000293604 -0.000130597 8.72716e-05 -0.00326631 -0.00734316
18.8 -1.34016e-05 -0.000312796 -0.000146342 7.1572e-05 -0.00366009 -0.00782316
18.82 -1.34437e-05 -0.000319769 -0.000154777 5.43072e-05 -0.00387105 -0.00799756
18.84 -1.2948e-05 -0.000313325 -0.00015741 3.69666e-05 -0.00393692 -0.00783638
18.86 -1.19484e-05 -0.000294063 -0.000155873 2.05862e-05 -0.00389847 -0.00735464
18.88 -1.05347e-05 -0.00026442 -0.000150396 5.477e-06 -0.00376148 -0.00661324
18.9 -8.82259e-06 -0.000227455 -0.000139903 -8.48356e-06 -0.00349905 -0.00568874
18.92 -6.91321e-06 -0.000185465 -0.000123387 -2.13326e-05 -0.00308597 -0.00463856
18.94 -4.8628e-06 -0.000139226 -0.000101064 -3.28627e-05 -0.00252768 -0.00348211
18.96 -2.69068e-06 -8.82624e-05 -7.43104e-05 -4.28639e-05 -0.00185856 -0.00220748
18.98 -4.28603e-07 -3.25378e-05 -4.45851e-05 -5.12924e-05 -0.00111512 -0.000813786
19 1.83298e-06 2.5609e-05 -1.26282e-05 -5.80633e-05 -0.000315862 0.000640489
19.02 3.95851e-06 8.17092e-05 2.09008e-05 -6.2705e-05 0.000522711 0.00204358
19.04 5.83404e-06 0.000131674 5.45097e-05 -6.43017e-05 0.00136329 0.00329322
19.06 7.42178e-06 0.000174203 8.62496e-05 -6.18018e-05 0.00215711 0.00435688
19.08 8.74747e-06 0.00021088 0.000114706 -5.44661e-05 0.00286881 0.00527419
19.1 9.83259e-06 0.000243578 0.00013945 -4.22351e-05 0.00348768 0.00609198
19.12 1.06349e-05 0.000271409 0.000160623 -2.58542e-05 0.00401722 0.00678805
19.14 1.1055e-05 0.000290431 0.000178064 -6.71988e-06 0.00445344 0.00726379
19.16 1.10097e-05 0.000296891 0.000190924 1.33821e-05 0.00477506 0.00742537
19.18 1.05063e-05 0.000290791 0.000198235 3.24992e-05 0.00495791 0.0072728
19.2 9.63537e-06 0.00027545 0.000199695 4.88371e-05 0.00499442 0.00688913
19.22 8.48253e-06 0.000253731 0.000195547 6.12722e-05 0.00489068 0.00634592
19.24 7.06473e-06 0.000225668 0.000185957 6.96167e-05 0.00465085 0.00564405
19.26 5.3571e-06 0.000189545 0.000170906 7.42635e-05 0.0042744 0.0047406
19.28 3.36638e-06 0.000144532 0.000150754 7.56875e-05 0.0037704 0.00361479
19.3 1.16853e-06 9.25149e-05 0.000126751 7.44432e-05 0.00317008 0.00231384
19.32 -1.11367e-06 3.77206e-05 0.000100766 7.14213e-05 0.00252017 0.000943407
19.34 -3.36061e-06 -1.58748e-05 7.46386e-05 6.77353e-05 0.00186672 -0.000397036
19.36 -5.49047e-06 -6.67114e-05 4.97535e-05 6.42236e-05 0.00124433 -0.00166848
19.38 -7.44671e-06 -0.000114718 2.67732e-05 6.0997e-05 0.000669584 -0.00286915
19.4 -9.15195e-06 -0.000158764 5.37456e-06 5.73148e-05 0.000134394 -0.00397076
19.42 -1.04895e-05 -0.000196023 -1.57307e-05 5.19675e-05 -0.000393458 -0.00490261
19.44 -1.13511e-05 -0.000223823 -3.77798e-05 4.41102e-05 -0.000944915 -0.0055979
19.46 -1.16995e-05 -0.000241334 -6.01922e-05 3.39033e-05 -0.00150546 -0.00603587
19.48 -1.15672e-05 -0.00024904 -8.04897e-05 2.22939e-05 -0.00201311 -0.0062286
19.5 -1.0997e-05 -0.000247317 -9.67376e-05 1.02575e-05 -0.00241947 -0.00618549
19.52 -1.00108e-05 -0.00023624 -0.000109014 -1.53705e-06 -0.0027265 -0.00590846
19.54 -8.63798e-06 -0.000216211 -0.000117939 -1.24252e-05 -0.00294972 -0.00540753
19.56 -6.9476e-06 -0.000188248 -0.000123056 -2.15148e-05 -0.0030777 -0.00470817
19.58 -5.03033e-06 -0.000153879 -0.000123153 -2.78995e-05 -0.00308013 -0.00384858
19.6 -2.96129e-06 -0.000114491 -0.000117253 -3.09443e-05 -0.00293256 -0.00286347
19.62 -7.95287e-07 -7.05878e-05 -0.000105305 -3.04556e-05 -0.00263376 -0.00176543
19.64 1.40332e-06 -2.265e-05 -8.85818e-05 -2.68896e-05 -0.00221549 -0.000566488
19.66 3.53211e-06 2.68472e-05 -6.89472e-05 -2.13474e-05 -0.00172442 0.000671457
19.68 5.45901e-06 7.37456e-05 -4.74168e-05 -1.50336e-05 -0.00118594 0.00184441
19.7 7.06989e-06 0.00011513 -2.38728e-05 -8.65923e-06 -0.000597094 0.00287944
19.72 8.3101e-06 0.000150656 1.9324e-06 -2.40279e-06 4.83044e-05 0.00376796
19.74 9.16924e-06 0.000180615 2.95246e-05 3.8104e-06 0.000738397 0.00451725
19.76 9.63148e-06 0.000203978 5.76343e-05 1.01417e-05 0.00144143 0.00510158
19.78 9.66482e-06 0.000219009 8.46743e-05 1.66359e-05 0.00211771 0.00547749
19.8 9.26058e-06 0.000224801 0.000109367 2.29532e-05 0.0027353 0.00562236
19.82 8.45679e-06 0.000221758 0.000131067 2.85197e-05 0.00327802 0.00554626
19.84 7.31027e-06 0.000211122 0.000149599 3.30597e-05 0.00374152 0.00528024
19.86 5.86004e-06 0.000193855 0.00016482 3.67216e-05 0.0041222 0.00484839
19.88 4.12786e-06 0.000169751 0.000176306 3.96053e-05 0.00440945 0.00424555
19.9 2.14675e-06 0.00013824 0.000183433 4.14385e-05 0.00458771 0.00345744
19.92 -1.49031e-08 0.000100067 0.000185532 4.18318e-05 0.00464021 0.00250272
19.94 -2.25278e-06 5.7574e-05 0.000181933 4.07377e-05 0.00455019 0.00143995
19.96 -4.45131e-06 1.34067e-05 0.000172456 3.86742e-05 0.00431316 0.000335305
19.98 -6.51447e-06 -3.05107e-05 0.000157909 3.65892e-05 0.00394934 -0.000763087
20 -8.37418e-06 -7.29084e-05 0.000139352 3.54034e-05 0.00348523 -0.00182347
20.02 -9.97491e-06 -0.000112765 0.000117014 3.55e-05 0.00292653 -0.00282029
20.04 -1.12639e-05 -0.000149095 9.06971e-05 3.6617e-05 0.00226835 -0.00372892
20.06 -1.2201e-05 -0.000180797 6.10752e-05 3.82255e-05 0.00152749 -0.0045218
20.08 -1.27684e-05 -0.000206698 3.01174e-05 3.99464e-05 0.000753222 -0.00516961
20.1 -1.2962e-05 -0.000225901 3.88363e-07 4.1623e-05 9.6874e-06 -0.00564987
20.12 -1.27747e-05 -0.000237754 -2.62414e-05 4.31221e-05 -0.000656333 -0.00594633
20.14 -1.21892e-05 -0.000241479 -4.97301e-05 4.41066e-05 -0.0012438 -0.00603948
20.16 -1.11875e-05 -0.00023633 -7.13717e-05 4.3991e-05 -0.00178506 -0.00591072
20.18 -9.77236e-06 -0.000222149 -9.15147e-05 4.22178e-05 -0.00228885 -0.00555605
20.2 -7.97847e-06 -0.000199373 -0.000108513 3.86942e-05 -0.00271399 -0.0049864
20.22 -5.86272e-06 -0.000168537 -0.000120687 3.39318e-05 -0.00301847 -0.00421518
20.24 -3.49048e-06 -0.000130269 -0.000128084 2.86762e-05 -0.00320345 -0.00325808
20.26 -9.45163e-07 -8.5873e-05 -0.000131386 2.33642e-05 -0.00328604 -0.00214772
20.28 1.65194e-06 -3.77322e-05 -0.000130198 1.79035e-05 -0.00325634 -0.000943699
20.3 4.15345e-06 1.10464e-05 -0.000123282 1.19204e-05 -0.00308335 0.000276274
20.32 6.43299e-06 5.789e-05 -0.00011009 5.21416e-06 -0.00275342 0.00144785
20.34 8.41718e-06 0.000101839 -9.1454e-05 -2.02398e-06 -0.00228733 0.00254705
20.36 1.00639e-05 0.000142777 -6.8643e-05 -9.40443e-06 -0.00171682 0.00357092
20.38 1.1318e-05 0.000179403 -4.22584e-05 -1.6622e-05 -0.00105693 0.00448694
20.4 1.21089e-05 0.000209064 -1.25185e-05 -2.34505e-05 -0.000313118 0.00522877
20.42 1.23992e-05 0.00023002 1.94732e-05 -2.95631e-05 0.000487007 0.00575289
20.44 1.22155e-05 0.000242612 5.14046e-05 -3.44667e-05 0.00128563 0.00606782
20.46 1.16146e-05 0.000247909 8.1397e-05 -3.75352e-05 0.00203575 0.00620031
20.48 1.06285e-05 0.000246325 0.000109602 -3.81108e-05 0.00274116 0.00616068
20.5 9.26001e-06 0.000237443 0.000137152 -3.57836e-05 0.0034302 0.00593854
20.52 7.52695e-06 0.000220498 0.000163695 -3.06521e-05 0.00409406 0.00551474
20.54 5.49199e-06 0.000195392 0.000186772 -2.32562e-05 0.00467122 0.00488684
20.56 3.2511e-06 0.000163419 0.000203487 -1.43164e-05 0.00508926 0.00408717
20.58 9.03199e-07 0.000126572 0.000212585 -4.53872e-06 0.00531682 0.00316563
20.6 -1.46754e-06 8.65139e-05 0.000215045 5.58898e-06 0.00537835 0.00216375
20.62 -3.78917e-06 4.4605e-05 0.000212319 1.59799e-05 0.00531015 0.00111559
20.64 -5.99295e-06 2.16249e-06 0.000204278 2.68012e-05 0.00510906 5.40837e-05
20.66 -8.01514e-06 -3.98496e-05 0.000189752 3.80572e-05 0.00474576 -0.000996655
20.68 -9.80693e-06 -8.08618e-05 0.000168631 4.94083e-05 0.0042175 -0.00202239
20.7 -1.13322e-05 -0.000120085 0.000142617 6.04183e-05 0.00356689 -0.00300338
20.72 -1.255e-05 -0.000155871 0.000114314 7.08552e-05 0.00285901 -0.00389839
20.74 -1.34086e-05 -0.00018606 8.57875e-05 8.0648e-05 0.00214556 -0.00465343
20.76 -1.38659e-05 -0.000209362 5.75494e-05 8.95472e-05 0.00143931 -0.00523624
20.78 -1.39076e-05 -0.0002258 2.90985e-05 9.68332e-05 0.00072774 -0.00564736
20.8 -1.35353e-05 -0.000235325 4.86547e-07 0.000101327 1.2143e-05 -0.00588557
20.82 -1.27469e-05 -0.000237025 -2.73568e-05 0.000101793 -0.000684231 -0.00592809
20.84 -1.15465e-05 -0.000230189 -5.34208e-05 9.7596e-05 -0.0013361 -0.00575711
20.86 -9.96986e-06 -0.000215127 -7.68956e-05 8.90859e-05 -0.00192322 -0.00538042
20.88 -8.08264e-06 -0.000192825 -9.71408e-05 7.71792e-05 -0.00242956 -0.00482264
20.9 -5.9526e-06 -0.000164368 -0.000113756 6.26267e-05 -0.00284511 -0.00411091
20.92 -3.63533e-06 -0.000130514 -0.000126421 4.58767e-05 -0.00316188 -0.00326421
20.94 -1.18943e-06 -9.18312e-05 -0.000134828 2.75571e-05 -0.00337212 -0.00229674
20.96 1.30265e-06 -4.94971e-05 -0.000138725 8.78413e-06 -0.0034696 -0.00123794
20.98 3.73524e-06 -5.56801e-06 -0.000137594 -9.10409e-06 -0.0034413 -0.000139259
21 6.00137e-06 3.78078e-05 -0.000130624 -2.50631e-05 -0.00326699 0.000945589
21.02 8.01551e-06 7.91608e-05 -0.000117667 -3.86279e-05 -0.00294292 0.00197984
21.04 9.7157e-06 0.000117535 -9.98438e-05 -4.97925e-05 -0.00249716 0.0029396
21.06 1.10455e-05 0.000151684 -7.89251e-05 -5.86278e-05 -0.00197397 0.00379368
21.08 1.19404e-05 0.000179681 -5.63431e-05 -6.49542e-05 -0.00140919 0.00449389
21.1 1.23424e-05 0.000199659 -3.26028e-05 -6.8317e-05 -0.000815436 0.00499355
21.12 1.22294e-05 0.00021094 -7.48631e-06 -6.82346e-05 -0.000187261 0.00527569
21.14 1.1627e-05 0.000214077 1.88164e-05 -6.44448e-05 0.00047058 0.00535416
21.16 1.05845e-05 0.000209862 4.48709e-05 -5.69569e-05 0.00112221 0.00524874
21.18 9.14286e-06 0.000198517 6.8828e-05 -4.6007e-05 0.00172139 0.00496499
21.2 7.32495e-06 0.000179587 8.9962e-05 -3.20528e-05 0.00224996 0.00449155
21.22 5.15609e-06 0.000152658 0.000108797 -1.57295e-05 0.00272102 0.00381803
21.24 2.69161e-06 0.000118389 0.000125878 2.27881e-06 0.00314823 0.00296096
21.26 2.49391e-08 7.87319e-05 0.000140919 2.12853e-05 0.00352442 0.00196912
21.28 -2.73061e-06 3.61188e-05 0.000153054 4.04858e-05 0.00382791 0.000903344
21.3 -5.46932e-06 -7.48248e-06 0.000161463 5.88813e-05 0.00403823 -0.000187141
21.32 -8.1073e-06 -5.09691e-05 0.000165522 7.54324e-05 0.00413975 -0.00127476
21.34 -1.05767e-05 -9.38595e-05 0.000164768 8.93612e-05 0.0041209 -0.00234747
21.36 -1.28092e-05 -0.000135453 0.000159269 0.000100322 0.00398337 -0.00338774
21.38 -1.47242e-05 -0.000173969 0.000149878 0.000108278 0.00374848 -0.00435103
21.4 -1.62332e-05 -0.000206812 0.000137899 0.000113248 0.00344888 -0.00517247
21.42 -1.72618e-05 -0.000231868 0.000124516 0.000115175 0.00311418 -0.00579912
21.44 -1.77735e-05 -0.000248377 0.000110195 0.00011397 0.00275599 -0.00621202
21.46 -1.77696e-05 -0.000256759 9.45071e-05 0.000109519 0.00236364 -0.00642165
21.48 -1.72689e-05 -0.000257935 7.71323e-05 0.000101697 0.00192909 -0.00645105
21.5 -1.62834e-05 -0.000252395 5.88751e-05 9.05396e-05 0.00147246 -0.00631251
21.52 -1.4803e-05 -0.00023912 4.09362e-05 7.64554e-05 0.00102381 -0.0059805
21.54 -1.28048e-05 -0.000215961 2.34702e-05 6.01606e-05 0.000586973 -0.00540127
21.56 -1.02965e-05 -0.000181946 5.61913e-06 4.24297e-05 0.000140511 -0.00455054
21.58 -7.36414e-06 -0.000138861 -1.3155e-05 2.39736e-05 -0.000329037 -0.00347298
21.6 -4.17027e-06 -9.05739e-05 -3.20739e-05 5.45885e-06 -0.000802208 -0.00226529
21.62 -8.91252e-07 -4.10444e-05 -4.91787e-05 -1.24207e-05 -0.00123001 -0.00102654
21.64 2.35006e-06 7.84045e-06 -6.24771e-05 -2.8838e-05 -0.00156261 0.000196092
21.66 5.49498e-06 5.68602e-05 -7.11583e-05 -4.28807e-05 -0.00177973 0.0014221
21.68 8.49556e-06 0.000107014 -7.55237e-05 -5.38768e-05 -0.00188891 0.00267646
21.7 1.12524e-05 0.000156447 -7.59183e-05 -6.16621e-05 -0.00189878 0.00391281
21.72 1.36138e-05 0.000200653 -7.25162e-05 -6.6479e-05 -0.00181369 0.0050184
21.74 1.54452e-05 0.000235448 -6.61775e-05 -6.86813e-05 -0.00165515 0.00588864
21.76 1.66993e-05 0.000259547 -5.83464e-05 -6.84984e-05 -0.00145929 0.00649138
21.78 1.74111e-05 0.000274751 -4.95471e-05 -6.59081e-05 -0.00123922 0.00687163
21.8 1.76324e-05 0.000283519 -3.90523e-05 -6.0675e-05 -0.000976741 0.00709092
21.82 1.73784e-05 0.000286318 -2.66151e-05 -5.25755e-05 -0.000665679 0.00716094
21.84 1.66301e-05 0.000281539 -1.34966e-05 -4.16917e-05 -0.000337582 0.00704142
21.86 1.53723e-05 0.000267335 -1.38106e-06 -2.85733e-05 -3.45665e-05 0.00668616
21.88 1.36235e-05 0.000243061 8.97571e-06 -1.40736e-05 0.00022446 0.00607904
21.9 1.14432e-05 0.000209759 1.81073e-05 1.08721e-06 0.000452845 0.00524617
21.92 8.92451e-06 0.000170017 2.73067e-05 1.65826e-05 0.000682927 0.00425218
21.94 6.17615e-06 0.000126816 3.71316e-05 3.22089e-05 0.00092865 0.00317171
21.96 3.29531e-06 8.20476e-05 4.63296e-05 4.73792e-05 0.0011587 0.00205204
21.98 3.43393e-07 3.59009e-05 5.31138e-05 6.09824e-05 0.00132837 0.000897895
22 -2.64917e-06 -1.2645e-05 5.7162e-05 7.18179e-05 0.00142962 -0.000316259
22.02 -5.63805e-06 -6.40028e-05 5.94336e-05 7.9258e-05 0.00148643 -0.00160074
22.04 -8.51423e-06 -0.00011581 6.07119e-05 8.35398e-05 0.0015184 -0.00289645
22.06 -1.11064e-05 -0.000163136 6.11425e-05 8.54112e-05 0.00152917 -0.00408011
22.08 -1.32516e-05 -0.000201501 6.05113e-05 8.55101e-05 0.00151339 -0.00503961
22.1 -1.4871e-05 -0.000229539 5.84383e-05 8.4038e-05 0.00146154 -0.00574088
22.12 -1.59762e-05 -0.000248792 5.46946e-05 8.08636e-05 0.00136791 -0.0062224
22.14 -1.66089e-05 -0.000261465 4.96708e-05 7.58421e-05 0.00124226 -0.00653934
22.16 -1.67796e-05 -0.000268152 4.44857e-05 6.91147e-05 0.00111258 -0.00670659
22.18 -1.64501e-05 -0.000266974 4.04721e-05 6.1149e-05 0.0010122 -0.00667714
22.2 -1.55638e-05 -0.000255043 3.82063e-05 5.24397e-05 0.00095553 -0.00637873
22.22 -1.40974e-05 -0.000231027 3.68184e-05 4.31743e-05 0.000920817 -0.00577809
22.24 -1.20997e-05 -0.000196509 3.46237e-05 3.32141e-05 0.000865928 -0.00491477
22.26 -9.68123e-06 -0.00015503 3.07182e-05 2.23771e-05 0.000768248 -0.00387736
22.28 -6.96184e-06 -0.000109635 2.58272e-05 1.07748e-05 0.000645923 -0.00274203
22.3 -4.02492e-06 -6.12075e-05 2.14791e-05 -1.01467e-06 0.000537176 -0.00153083
22.32 -9.24942e-07 -9.08297e-06 1.84755e-05 -1.20697e-05 0.000462053 -0.00022717
22.34 2.26099e-06 4.65926e-05 1.64925e-05 -2.15377e-05 0.000412459 0.0011653
22.36 5.39355e-06 0.000102934 1.51511e-05 -2.90412e-05 0.00037891 0.00257442
22.38 8.29405e-06 0.000155075 1.48379e-05 -3.46727e-05 0.000371076 0.00387848
22.4 1.08187e-05 0.000199309 1.60997e-05 -3.85947e-05 0.000402635 0.00498479
22.42 1.29136e-05 0.000235384 1.87644e-05 -4.07135e-05 0.000469281 0.00588705
22.44 1.45901e-05 0.000265157 2.20446e-05 -4.07516e-05 0.000551319 0.00663168
22.46 1.58466e-05 0.000289208 2.51498e-05 -3.85488e-05 0.000628982 0.00723322
22.48 1.66277e-05 0.000305629 2.77309e-05 -3.42979e-05 0.000693536 0.0076439
22.5 1.68636e-05 0.000311993 3.00255e-05 -2.85901e-05 0.000750925 0.00780307
22.52 1.65327e-05 0.000307641 3.23901e-05 -2.21927e-05 0.000810063 0.00769424
22.54 1.56671e-05 0.000293575 3.4606e-05 -1.56167e-05 0.000865486 0.00734243
22.56 1.43091e-05 0.000270702 3.60733e-05 -8.85642e-06 0.000902181 0.00677038
22.58 1.24888e-05 0.000239152 3.65818e-05 -1.65011e-06 0.000914901 0.00598128
22.6 1.02503e-05 0.000199227 3.63911e-05 6.01146e-06 0.000910132 0.00498274
22.62 7.68537e-06 0.000152518 3.5783e-05 1.37674e-05 0.000894923 0.00381454
22.64 4.92754e-06 0.000101994 3.48965e-05 2.12636e-05 0.000872751 0.00255092
22.66 2.11531e-06 5.08136e-05 3.33299e-05 2.84466e-05 0.00083357 0.00127087
22.68 -6.43388e-07 6.81605e-07 2.95729e-05 3.54178e-05 0.000739604 1.70461e-05
22.7 -3.27981e-06 -4.83586e-05 2.20153e-05 4.21382e-05 0.000550586 -0.00120947
22.72 -5.74445e-06 -9.60479e-05 1.11746e-05 4.83355e-05 0.000279457 -0.0024022
22.74 -7.97731e-06 -0.000140464 -1.36359e-07 5.36334e-05 -3.43611e-06 -0.00351307
22.76 -9.89973e-06 -0.000178928 -9.35202e-06 5.78316e-05 -0.000233924 -0.00447508
22.78 -1.14367e-05 -0.000209543 -1.59222e-05 6.11042e-05 -0.000398247 -0.00524075
22.8 -1.2541e-05 -0.000231543 -2.06553e-05 6.37162e-05 -0.000516624 -0.00579099
22.82 -1.31902e-05 -0.000244842 -2.43989e-05 6.54266e-05 -0.000610253 -0.00612361
22.84 -1.3371e-05 -0.000249476 -2.72335e-05 6.54144e-05 -0.000681148 -0.00623951
22.86 -1.30743e-05 -0.000245174 -2.84483e-05 6.2991e-05 -0.000711529 -0.00613191
22.88 -1.23041e-05 -0.000231457 -2.74097e-05 5.82294e-05 -0.000685553 -0.00578884
22.9 -1.10853e-05 -0.000208326 -2.41917e-05 5.176e-05 -0.000605069 -0.00521031
22.92 -9.46972e-06 -0.000176714 -1.91223e-05 4.4114e-05 -0.000478283 -0.00441969
22.94 -7.53612e-06 -0.000138313 -1.23011e-05 3.54152e-05 -0.000307681 -0.00345926
22.96 -5.38006e-06 -9.51983e-05 -3.86311e-06 2.5619e-05 -9.66437e-05 -0.00238095
22.98 -3.09938e-06 -4.9479e-05 5.77082e-06 1.49445e-05 0.000144305 -0.00123749
23 -7.84636e-07 -2.97661e-06 1.62652e-05 4.08938e-06 0.000406773 -7.44475e-05
23.02 1.48464e-06 4.29925e-05 2.79155e-05 -5.94642e-06 0.000698153 0.00107526
23.04 3.64208e-06 8.76307e-05 4.13542e-05 -1.42935e-05 0.00103426 0.00219168
23.06 5.62978e-06 0.0001302 5.6276e-05 -2.05557e-05 0.00140746 0.00325635
23.08 7.38284e-06 0.000169179 7.09722e-05 -2.47961e-05 0.00177502 0.00423123
23.1 8.81767e-06 0.000202015 8.37318e-05 -2.72487e-05 0.00209414 0.00505248
23.12 9.84806e-06 0.000226279 9.42856e-05 -2.80758e-05 0.0023581 0.00565933
23.14 1.04226e-05 0.000241137 0.000103518 -2.73414e-05 0.00258901 0.00603093
23.16 1.0542e-05 0.000247367 0.00011222 -2.50795e-05 0.00280665 0.00618674
23.18 1.02347e-05 0.000246029 0.000120411 -2.13569e-05 0.00301152 0.00615329
23.2 9.51992e-06 0.0002372 0.000127367 -1.6387e-05 0.00318549 0.00593248
23.22 8.40672e-06 0.000219867 0.000131794 -1.06176e-05 0.0032962 0.00549897
23.24 6.92861e-06 0.000193293 0.000132311 -4.56266e-06 0.00330912 0.00483434
23.26 5.16748e-06 0.000158695 0.000128212 1.54963e-06 0.0032066 0.00396903
23.28 3.23734e-06 0.000119232 0.00011973 7.91826e-06 0.00299446 0.00298205
23.3 1.24191e-06 7.7965e-05 0.000107745 1.49486e-05 0.00269473 0.00194994
23.32 -7.55681e-07 3.62031e-05 9.34787e-05 2.29251e-05 0.00233792 0.000905453
23.34 -2.72423e-06 -6.04503e-06 7.79e-05 3.17872e-05 0.00194829 -0.00015119
23.36 -4.62764e-06 -4.86672e-05 6.09183e-05 4.10584e-05 0.00152357 -0.00121719
23.38 -6.39908e-06 -9.05752e-05 4.17879e-05 5.00142e-05 0.00104511 -0.00226533
23.4 -7.95027e-06 -0.000129675 2.06081e-05 5.80328e-05 0.000515392 -0.00324322
23.42 -9.19889e-06 -0.000163529 -1.37896e-06 6.48024e-05 -3.45142e-05 -0.00408993
23.44 -1.00861e-05 -0.000190334 -2.28714e-05 7.01977e-05 -0.000572048 -0.00476034
23.46 -1.05792e-05 -0.000209336 -4.30161e-05 7.402e-05 -0.00107588 -0.00523558
23.48 -1.06667e-05 -0.000220277 -6.11158e-05 7.58621e-05 -0.00152856 -0.00550923
23.5 -1.03538e-05 -0.00022292 -7.67257e-05 7.51767e-05 -0.00191897 -0.00557532
23.52 -9.66025e-06 -0.000217387 -8.98156e-05 7.15531e-05 -0.00224635 -0.00543695
23.54 -8.62245e-06 -0.000204447 -0.000100164 6.50507e-05 -0.00250516 -0.00511331
23.56 -7.28991e-06 -0.00018492 -0.000106991 5.62462e-05 -0.00267592 -0.00462492
23.58 -5.71055e-06 -0.000159147 -0.000109614 4.58821e-05 -0.00274152 -0.00398033
23.6 -3.92318e-06 -0.000127451 -0.000108012 3.45359e-05 -0.00270144 -0.00318761
23.62 -1.97045e-06 -9.06403e-05 -0.000102648 2.26603e-05 -0.00256729 -0.00226695
23.64 8.48955e-08 -4.99157e-05 -9.42092e-05 1.07441e-05 -0.00235624 -0.00124841
23.66 2.15987e-06 -6.91956e-06 -8.33911e-05 -7.18119e-07 -0.00208567 -0.000173062
23.68 4.16202e-06 3.62875e-05 -7.0275e-05 -1.12882e-05 -0.00175763 0.000907564
23.7 5.99951e-06 7.79264e-05 -5.40896e-05 -2.05382e-05 -0.00135283 0.00194897
23.72 7.59024e-06 0.000116892 -3.41394e-05 -2.8086e-05 -0.000853865 0.00292351
23.74 8.8663e-06 0.000151966 -1.06836e-05 -3.37229e-05 -0.000267226 0.00380074
23.76 9.77218e-06 0.000181314 1.52086e-05 -3.74038e-05 0.000380346 0.00453473
23.78 1.02691e-05 0.000203354 4.19569e-05 -3.91547e-05 0.00104933 0.00508596
23.8 1.03477e-05 0.000217396 6.74779e-05 -3.90806e-05 0.00168762 0.00543717
23.82 1.00285e-05 0.000223228 8.97641e-05 -3.73156e-05 0.00224501 0.00558302
23.84 9.3429e-06 0.000220938 0.000108027 -3.38174e-05 0.00270178 0.00552576
23.86 8.32069e-06 0.000211169 0.00012279 -2.83406e-05 0.00307099 0.00528141
23.88 6.99659e-06 0.000194877 0.000134755 -2.07195e-05 0.00337025 0.00487395
23.9 5.41479e-06 0.000172805 0.000144297 -1.10832e-05 0.0036089 0.00432191
23.92 3.62068e-06 0.000145423 0.000151611 1.95398e-07 0.00379184 0.00363709
23.94 1.65957e-06 0.000113143 0.000156165 1.25781e-05 0.00390573 0.00282975
23.96 -4.08881e-07 7.64126e-05 0.00015646 2.53915e-05 0.0039131 0.00191111
23.98 -2.50094e-06 3.61874e-05 0.00015141 3.79818e-05 0.0037868 0.000905061
24 -4.51554e-06 -5.39926e-06 0.000141392 4.98919e-05 0.00353625 -0.000135039
24.02 -6.34976e-06 -4.53379e-05 0.000127419 6.07995e-05 0.00318677 -0.00113392
24.04 -7.92078e-06 -8.12885e-05 0.000110113 7.03318e-05 0.00275395 -0.00203306
24.06 -9.19015e-06 -0.000112774 8.97148e-05 7.80305e-05 0.00224378 -0.00282052
24.08 -1.01654e-05 -0.000140622 6.63552e-05 8.34206e-05 0.00165955 -0.00351702
24.1 -1.08668e-05 -0.000165556 4.04866e-05 8.60567e-05 0.00101256 -0.00414062
24.12 -1.1289e-05 -0.000187093 1.37684e-05 8.56929e-05 0.000344329 -0.00467927
24.14 -1.13951e-05 -0.000203077 -1.0992e-05 8.2547e-05 -0.00027494 -0.00507905
24.16 -1.11426e-05 -0.000210649 -3.17527e-05 7.72395e-05 -0.000794173 -0.00526842
24.18 -1.05214e-05 -0.000208613 -4.86202e-05 7.03418e-05 -0.00121604 -0.00521751
24.2 -9.5765e-06 -0.000198799 -6.28238e-05 6.20465e-05 -0.00157128 -0.00497204
24.22 -8.38876e-06 -0.000184394 -7.51393e-05 5.22782e-05 -0.00187929 -0.00461177
24.24 -7.018e-06 -0.000166992 -8.56445e-05 4.10303e-05 -0.00214203 -0.00417655
24.26 -5.46903e-06 -0.000145467 -9.38765e-05 2.8674e-05 -0.00234792 -0.00363818
24.28 -3.729e-06 -0.000117537 -9.86666e-05 1.6075e-05 -0.00246772 -0.00293966
24.3 -1.84105e-06 -8.27146e-05 -9.86432e-05 4.30842e-06 -0.00246713 -0.00206873
24.32 7.0727e-08 -4.39033e-05 -9.30022e-05 -5.92331e-06 -0.00232605 -0.00109804
24.34 1.85683e-06 -5.66232e-06 -8.15793e-05 -1.46265e-05 -0.00204036 -0.000141618
24.36 3.4234e-06 2.9167e-05 -6.50041e-05 -2.22521e-05 -0.00162581 0.000729478
24.38 4.76081e-06 6.07427e-05 -4.48229e-05 -2.90874e-05 -0.00112107 0.0015192
24.4 5.90034e-06 9.05008e-05 -2.26063e-05 -3.48423e-05 -0.00056542 0.00226346
24.42 6.85169e-06 0.000118915 8.64108e-07 -3.87738e-05 2.1586e-05 0.00297412
24.44 7.5822e-06 0.000144792 2.49512e-05 -4.02385e-05 0.000624014 0.0036213
24.46 8.04204e-06 0.000165906 4.82876e-05 -3.91379e-05 0.00120767 0.00414937
24.48 8.19583e-06 0.000180168 6.93148e-05 -3.5802e-05 0.00173357 0.00450607
24.5 8.03761e-06 0.000186855 8.74884e-05 -3.05089e-05 0.00218809 0.00467333
24.52 7.59332e-06 0.000187111 0.000103525 -2.32368e-05 0.00258917 0.00467973
24.54 6.90958e-06 0.000182751 0.000118311 -1.38658e-05 0.00295897 0.00457068
24.56 6.02648e-06 0.000174388 0.000131589 -2.51896e-06 0.00329108 0.00436152
24.58 4.96138e-06 0.000161121 0.000141804 1.02101e-05 0.00354654 0.0040297
24.6 3.72901e-06 0.000141846 0.000147024 2.32232e-05 0.00367711 0.00354762
24.62 2.3756e-06 0.000116692 0.000146092 3.52476e-05 0.0036538 0.00291852
24.64 9.83696e-07 8.7629e-05 0.000139273 4.54624e-05 0.00348325 0.00219164
24.66 -3.59825e-07 5.75832e-05 0.000127605 5.38095e-05 0.00319142 0.00144018
24.68 -1.60105e-06 2.83671e-05 0.000111589 6.06065e-05 0.00279087 0.000709471
24.7 -2.73128e-06 -4.12371e-07 9.12409e-05 6.59379e-05 0.00228195 -1.03147e-05
24.72 -3.76373e-06 -2.98443e-05 6.7301e-05 6.94791e-05 0.0016832 -0.00074642
24.74 -4.6926e-06 -5.95051e-05 4.1467e-05 7.07982e-05 0.00103708 -0.00148825
24.76 -5.47488e-06 -8.73863e-05 1.53939e-05 6.97917e-05 0.000384983 -0.00218557
24.78 -6.05519e-06 -0.000111417 -9.94723e-06 6.69103e-05 -0.00024881 -0.0027866
24.8 -6.40277e-06 -0.000130441 -3.41007e-05 6.28801e-05 -0.000852899 -0.00326239
24.82 -6.51875e-06 -0.000144234 -5.67245e-05 5.8051e-05 -0.00141873 -0.00360735
24.84 -6.41732e-06 -0.000153103 -7.74057e-05 5.21095e-05 -0.00193598 -0.00382918
24.86 -6.11316e-06 -0.000157313 -9.58013e-05 4.45867e-05 -0.00239606 -0.00393446
24.88 -5.62523e-06 -0.000156789 -0.000111476 3.55656e-05 -0.00278809 -0.00392135
24.9 -4.98104e-06 -0.00015138 -0.000123342 2.57746e-05 -0.00308485 -0.00378609
24.92 -4.21179e-06 -0.000141104 -0.0001299 1.60994e-05 -0.00324887 -0.00352908
24.94 -3.34628e-06 -0.000126155 -0.000130353 7.12355e-06 -0.00326022 -0.00315519
24.96 -2.41217e-06 -0.000107049 -0.000125113 -9.50156e-07 -0.00312915 -0.00267734
24.98 -1.44178e-06 -8.47323e-05 -0.000115249 -8.10259e-06 -0.00288246 -0.00211919
25 -4.73298e-07 -6.03439e-05 -0.00010168 -1.4251e-05 -0.00254307 -0.00150923
25.02 4.54741e-07 -3.47947e-05 -8.45981e-05 -1.91127e-05 -0.00211586 -0.00087023
25.04 1.30911e-06 -8.54737e-06 -6.34918e-05 -2.22733e-05 -0.00158798 -0.000213774
25.06 2.06163e-06 1.80815e-05 -3.80999e-05 -2.34316e-05 -0.00095292 0.000452225
25.08 2.68447e-06 4.43501e-05 -9.39995e-06 -2.26099e-05 -0.000235123 0.00110921
25.1 3.14653e-06 6.89475e-05 2.08439e-05 -2.01219e-05 0.000521288 0.0017244
25.12 3.41612e-06 9.04368e-05 5.13728e-05 -1.63399e-05 0.00128483 0.00226186
25.14 3.4713e-06 0.000107772 8.17669e-05 -1.14787e-05 0.002045 0.00269542
25.16 3.31174e-06 0.000120588 0.000111753 -5.55839e-06 0.00279496 0.00301595
25.18 2.96076e-06 0.000129185 0.000140669 1.42698e-06 0.00351818 0.00323096
25.2 2.45217e-06 0.000133976 0.000167339 9.25527e-06 0.0041852 0.00335079
25.22 1.81246e-06 0.000134839 0.000190196 1.73755e-05 0.00475687 0.00337238
25.24 1.05493e-06 0.00013114 0.000207915 2.50927e-05 0.00520003 0.00327987
25.26 1.90578e-07 0.000122308 0.000220097 3.18861e-05 0.0055047 0.00305897
25.28 -7.53773e-07 0.000108458 0.000227103 3.75931e-05 0.0056799 0.00271257
25.3 -1.72441e-06 9.07628e-05 0.000229105 4.23314e-05 0.00572999 0.00227001
25.32 -2.64864e-06 7.10702e-05 0.00022541 4.62491e-05 0.00563757 0.00177749
25.34 -3.46157e-06 5.07131e-05 0.000214929 4.93439e-05 0.00537543 0.00126836
25.36 -4.12882e-06 2.98366e-05 0.000197274 5.15177e-05 0.00493388 0.000746225
25.38 -4.63859e-06 8.18029e-06 0.00017308 5.27558e-05 0.00432878 0.000204591
25.4 -4.97147e-06 -1.36843e-05 0.000143438 5.32021e-05 0.00358741 -0.00034225
25.42 -5.08909e-06 -3.4104e-05 0.000109435 5.30708e-05 0.00273699 -0.000852956
25.44 -4.96042e-06 -5.1296e-05 7.21526e-05 5.24748e-05 0.00180454 -0.00128293
25.46 -4.59421e-06 -6.45593e-05 3.29044e-05 5.12694e-05 0.000822926 -0.00161466
25.48 -4.03883e-06 -7.44574e-05 -6.48038e-06 4.90413e-05 -0.000162103 -0.00186221
25.5 -3.35078e-06 -8.18035e-05 -4.40117e-05 4.53129e-05 -0.00110078 -0.00204594
25.52 -2.5666e-06 -8.67345e-05 -7.84739e-05 3.9833e-05 -0.00196269 -0.00216927
25.54 -1.70173e-06 -8.87526e-05 -0.000109557 3.2725e-05 -0.00274009 -0.00221974
25.56 -7.68054e-07 -8.73098e-05 -0.000137022 2.43973e-05 -0.00342701 -0.00218366
25.58 2.12626e-07 -8.21903e-05 -0.00016024 1.53494e-05 -0.00400768 -0.00205562
25.6 1.20752e-06 -7.35555e-05 -0.000178386 6.08355e-06 -0.00446153 -0.00183965
25.62 2.17565e-06 -6.18909e-05 -0.000190623 -2.83453e-06 -0.0047676 -0.00154792
25.64 3.06909e-06 -4.80007e-05 -0.000196192 -1.07374e-05 -0.00490686 -0.00120052
25.66 3.83825e-06 -3.28701e-05 -0.000194618 -1.69872e-05 -0.0048675 -0.000822096
25.68 4.4437e-06 -1.72446e-05 -0.000185671 -2.12036e-05 -0.00464374 -0.000431297
25.7 4.86433e-06 -1.39694e-06 -0.000169112 -2.3389e-05 -0.00422959 -3.49393e-05
25.72 5.09383e-06 1.46691e-05 -0.000144994 -2.38483e-05 -0.0036264 0.00036688
25.74 5.13106e-06 3.07665e-05 -0.000114336 -2.29988e-05 -0.00285962 0.000769483
25.76 4.97426e-06 4.61357e-05 -7.8999e-05 -2.12178e-05 -0.00197582 0.00115387
25.78 4.62421e-06 5.97118e-05 -4.08271e-05 -1.87799e-05 -0.00102113 0.00149342
25.8 4.09431e-06 7.08655e-05 -1.28002e-06 -1.58474e-05 -3.20395e-05 0.00177238
25.82 3.41615e-06 7.9624e-05 3.83073e-05 -1.24481e-05 0.000958056 0.00199143
25.84 2.63157e-06 8.62463e-05 7.67472e-05 -8.41904e-06 0.00191945 0.00215706
25.86 1.77826e-06 9.09776e-05 0.000113274 -3.44234e-06 0.002833 0.00227539
25.88 8.83628e-07 9.39785e-05 0.000147327 2.72342e-06 0.00368468 0.00235044
25.9 -3.33654e-08 9.49705e-05 0.000178147 1.00148e-05 0.00445551 0.00237525
25.92 -9.59942e-07 9.32878e-05 0.000204896 1.80868e-05 0.0051245 0.00233316
25.94 -1.88502e-06 8.85027e-05 0.000226838 2.64711e-05 0.0056733 0.00221349
25.96 -2.79046e-06 8.06326e-05 0.00024314 3.46514e-05 0.00608102 0.00201665
25.98 -3.64665e-06 6.99778e-05 0.00025297 4.21221e-05 0.00632686 0.00175017
26 -4.41803e-06 5.7176e-05 0.000255997 4.84995e-05 0.00640257 0.00142999
26.02 -5.07035e-06 4.3109e-05 0.00025221 5.3562e-05 0.00630784 0.00107817
26.04 -5.57502e-06 2.84214e-05 0.000241221 5.72083e-05 0.00603302 0.000710831
26.06 -5.91437e-06 1.31814e-05 0.000222374 5.94723e-05 0.00556164 0.000329672
26.08 -6.08438e-06 -2.85241e-06 0.000195769 6.0566e-05 0.00489624 -7.1341e-05
26.1 -6.0855e-06 -1.93859e-05 0.000163027 6.07976e-05 0.00407735 -0.00048485
26.12 -5.90865e-06 -3.50037e-05 0.000126778 6.03863e-05 0.00317075 -0.000875459
26.14 -5.54164e-06 -4.80024e-05 8.93082e-05 5.93599e-05 0.00223361 -0.00120056
26.16 -4.99685e-06 -5.7858e-05 5.16918e-05 5.75704e-05 0.00129281 -0.00144705
26.18 -4.32397e-06 -6.5396e-05 1.40674e-05 5.46698e-05 0.000351806 -0.00163558
26.2 -3.58744e-06 -7.18148e-05 -2.32716e-05 5.00792e-05 -0.000582059 -0.00179612
26.22 -2.83339e-06 -7.76647e-05 -5.87714e-05 4.32623e-05 -0.00146992 -0.00194243
26.24 -2.07671e-06 -8.21337e-05 -8.99946e-05 3.42395e-05 -0.00225083 -0.0020542
26.26 -1.31172e-06 -8.34399e-05 -0.000115576 2.37466e-05 -0.00289062 -0.00208687
26.28 -5.37915e-07 -8.06148e-05 -0.000136093 1.28064e-05 -0.00340377 -0.00201621
26.3 2.13503e-07 -7.47095e-05 -0.000152592 2.23992e-06 -0.00381641 -0.00186852
26.32 8.80336e-07 -6.78006e-05 -0.000164937 -7.42054e-06 -0.00412517 -0.00169572
26.34 1.40676e-06 -6.11409e-05 -0.000171677 -1.57149e-05 -0.00429373 -0.00152916
26.36 1.77975e-06 -5.43878e-05 -0.000170966 -2.20262e-05 -0.00427597 -0.00136026
26.38 2.02311e-06 -4.61282e-05 -0.000161746 -2.5601e-05 -0.00404536 -0.00115369
26.4 2.15943e-06 -3.52561e-05 -0.000144315 -2.59747e-05 -0.00360939 -0.000881771
26.42 2.1839e-06 -2.22863e-05 -0.000119934 -2.34897e-05 -0.00299961 -0.000557391
26.44 2.07414e-06 -9.13594e-06 -9.02005e-05 -1.92701e-05 -0.00225598 -0.000228495
26.46 1.82256e-06 2.61345e-06 -5.68109e-05 -1.45493e-05 -0.00142089 6.53624e-05
26.48 1.45996e-06 1.31061e-05 -2.14394e-05 -9.98393e-06 -0.000536233 0.000327788
26.5 1.04535e-06 2.37172e-05 1.44692e-05 -5.52026e-06 0.000361854 0.000593176
26.52 6.27295e-07 3.52692e-05 4.97095e-05 -7.37193e-07 0.00124323 0.000882097
26.54 2.14743e-07 4.70275e-05 8.31528e-05 4.72322e-06 0.00207966 0.00117618
26.56 -2.12915e-07 5.73205e-05 0.000113758 1.09014e-05 0.00284511 0.00143361
26.58 -6.716e-07 6.47814e-05 0.000140867 1.75634e-05 0.00352312 0.00162021
26.6 -1.15181e-06 6.91388e-05 0.000164461 2.44953e-05 0.00411321 0.00172919
26.62 -1.62432e-06 7.11861e-05 0.000184877 3.17092e-05 0.00462383 0.00178039
26.64 -2.05723e-06 7.19504e-05 0.000202071 3.92511e-05 0.00505386 0.00179951
26.66 -2.42979e-06 7.16942e-05 0.000215196 4.67954e-05 0.00538212 0.0017931
26.68 -2.73729e-06 6.96903e-05 0.000222955 5.35223e-05 0.00557618 0.00174298
26.7 -2.98176e-06 6.49631e-05 0.000224088 5.8448e-05 0.00560452 0.00162475
26.72 -3.15296e-06 5.73156e-05 0.000217541 6.09247e-05 0.00544076 0.00143349
26.74 -3.22145e-06 4.76993e-05 0.000202823 6.09338e-05 0.00507266 0.00119298
26.76 -3.15763e-06 3.74917e-05 0.000180541 5.90104e-05 0.00451537 0.000937681
26.78 -2.95854e-06 2.74091e-05 0.000152338 5.58816e-05 0.00381 0.000685511
26.8 -2.65039e-06 1.72279e-05 0.000120144 5.20694e-05 0.00300481 0.000430875
26.82 -2.26517e-06 6.46812e-06 8.54619e-05 4.77231e-05 0.00213741 0.000161769
26.84 -1.8202e-06 -4.80467e-06 4.93361e-05 4.27572e-05 0.00123389 -0.000120168
26.86 -1.31999e-06 -1.57907e-05 1.28024e-05 3.70968e-05 0.000320167 -0.000394932
26.88 -7.71387e-07 -2.5505e-05 -2.28792e-05 3.07787e-05 -0.000572244 -0.000637892
26.9 -1.93738e-07 -3.35554e-05 -5.65089e-05 2.38938e-05 -0.00141334 -0.000839235
26.92 3.84059e-07 -4.02194e-05 -8.73324e-05 1.65334e-05 -0.00218425 -0.0010059
26.94 9.3594e-07 -4.56625e-05 -0.000114992 8.81007e-06 -0.00287602 -0.00114204
26.96 1.44716e-06 -4.94626e-05 -0.000139094 9.23413e-07 -0.00347883 -0.00123708
26.98 1.90767e-06 -5.11347e-05 -0.000158879 -6.72548e-06 -0.00397364 -0.0012789
27 2.29885e-06 -5.0736e-05 -0.000173257 -1.34497e-05 -0.00433326 -0.00126893
27.02 2.59434e-06 -4.86633e-05 -0.000181161 -1.84366e-05 -0.00453094 -0.00121709
27.04 2.77619e-06 -4.51302e-05 -0.000181805 -2.11417e-05 -0.00454704 -0.00112873
27.06 2.84406e-06 -4.00695e-05 -0.000174759 -2.15428e-05 -0.00437082 -0.00100216
27.08 2.80635e-06 -3.34072e-05 -0.000160146 -2.00174e-05 -0.00400535 -0.00083553
27.1 2.66843e-06 -2.53637e-05 -0.000138868 -1.7067e-05 -0.00347318 -0.000634358
27.12 2.43307e-06 -1.65123e-05 -0.000112448 -1.31811e-05 -0.0028124 -0.000412981
27.14 2.10875e-06 -7.47899e-06 -8.24727e-05 -8.81271e-06 -0.0020627 -0.000187054
27.16 1.71546e-06 1.56663e-06 -5.01663e-05 -4.31209e-06 -0.00125471 3.9181e-05
27.18 1.28424e-06 1.10933e-05 -1.65083e-05 1.6585e-07 -0.000412906 0.000277446
27.2 8.46732e-07 2.15515e-05 1.73905e-05 4.69975e-06 0.000434917 0.000539012
27.22 4.18124e-07 3.24898e-05 5.02558e-05 9.57433e-06 0.00125689 0.000812581
27.24 -8.43707e-09 4.26235e-05 8.10653e-05 1.51569e-05 0.00202745 0.00106603
27.26 -4.43122e-07 5.09007e-05 0.000109333 2.16548e-05 0.00273444 0.00127305
27.28 -8.75938e-07 5.73318e-05 0.000134944 2.89141e-05 0.00337498 0.00143389
27.3 -1.28032e-06 6.25755e-05 0.000157774 3.64675e-05 0.00394596 0.00156504
27.32 -1.64049e-06 6.68023e-05 0.000177363 4.37452e-05 0.00443589 0.00167075
27.34 -1.96515e-06 6.924e-05 0.000192922 5.01595e-05 0.00482505 0.00173172
27.36 -2.26863e-06 6.8868e-05 0.000203604 5.50259e-05 0.00509218 0.00172242
27.38 -2.54434e-06 6.53855e-05 0.000208567 5.76121e-05 0.00521631 0.00163532
27.4 -2.76226e-06 5.94735e-05 0.000206992 5.74502e-05 0.00517693 0.00148746
27.42 -2.89056e-06 5.21859e-05 0.000198461 5.46384e-05 0.00496355 0.00130519
27.44 -2.91648e-06 4.40782e-05 0.000183293 4.98296e-05 0.0045842 0.00110241
27.46 -2.84748e-06 3.49911e-05 0.000162314 4.39501e-05 0.00405952 0.000875141
27.48 -2.69621e-06 2.47421e-05 0.000136521 3.78772e-05 0.00341442 0.000618809
27.5 -2.46773e-06 1.37757e-05 0.000107086 3.22224e-05 0.00267825 0.000344534
27.52 -2.16283e-06 2.90522e-06 7.53764e-05 2.728e-05 0.00188517 7.26595e-05
27.54 -1.79158e-06 -7.32466e-06 4.28571e-05 2.31242e-05 0.00107185 -0.000183194
27.56 -1.37787e-06 -1.67833e-05 1.10038e-05 1.96921e-05 0.000275185 -0.000419759
27.58 -9.48147e-07 -2.54518e-05 -1.89495e-05 1.67362e-05 -0.00047396 -0.00063656
27.6 -5.1857e-07 -3.31572e-05 -4.63382e-05 1.3788e-05 -0.00115896 -0.000829277
27.62 -9.53021e-08 -3.95654e-05 -7.10426e-05 1.03301e-05 -0.00177683 -0.000989549
27.64 3.15345e-07 -4.43857e-05 -9.30605e-05 6.10048e-06 -0.00232751 -0.00111011
27.66 7.00535e-07 -4.75312e-05 -0.000112083 1.27157e-06 -0.00280327 -0.00118878
27.68 1.04378e-06 -4.90375e-05 -0.000127388 -3.61182e-06 -0.00318606 -0.00122645
27.7 1.33097e-06 -4.89019e-05 -0.000138059 -7.83964e-06 -0.00345294 -0.00122306
27.72 1.55274e-06 -4.70342e-05 -0.000143291 -1.07507e-05 -0.00358378 -0.00117635
27.74 1.70252e-06 -4.33469e-05 -0.000142547 -1.18916e-05 -0.00356518 -0.00108413
27.76 1.77351e-06 -3.79601e-05 -0.000135577 -1.10981e-05 -0.00339086 -0.000949399
27.78 1.75874e-06 -3.12789e-05 -0.000122442 -8.48524e-06 -0.00306234 -0.000782298
27.8 1.65599e-06 -2.37289e-05 -0.00010358 -4.38841e-06 -0.00259061 -0.000593471
27.82 1.47422e-06 -1.54349e-05 -7.98625e-05 6.87495e-07 -0.00199742 -0.000386034
27.84 1.23288e-06 -6.28516e-06 -5.25573e-05 6.13471e-06 -0.00131451 -0.000157196
27.86 9.52102e-07 3.67599e-06 -2.31626e-05 1.13816e-05 -0.000579332 9.19369e-05
27.88 6.43241e-07 1.39826e-05 6.84279e-06 1.60533e-05 0.000171115 0.00034971
27.9 3.09854e-07 2.39104e-05 3.62033e-05 2.00402e-05 0.000905434 0.000598009
27.92 -4.3471e-08 3.28937e-05 6.39997e-05 2.34454e-05 0.00160063 0.000822683
27.94 -4.06166e-07 4.07309e-05 8.96943e-05 2.64837e-05 0.00224327 0.00101869
27.96 -7.65495e-07 4.74187e-05 0.00011307 2.93812e-05 0.00282791 0.00118596
27.98 -1.11222e-06 5.28657e-05 0.000134004 3.22752e-05 0.00335147 0.00132219
28 -1.44044e-06 5.67821e-05 0.000152179 3.5128e-05 0.00380604 0.00142014
28.02 -1.74252e-06 5.88587e-05 0.000166981 3.77143e-05 0.00417624 0.00147208
28.04 -2.00546e-06 5.90343e-05 0.000177627 3.96929e-05 0.00444251 0.00147647
28.06 -2.21274e-06 5.75122e-05 0.000183374 4.07219e-05 0.00458625 0.0014384
28.08 -2.34995e-06 5.45363e-05 0.000183654 4.05772e-05 0.00459324 0.00136398
28.1 -2.40933e-06 5.02428e-05 0.000178155 3.92389e-05 0.00445571 0.00125659
28.12 -2.3901e-06 4.47126e-05 0.000166896 3.69029e-05 0.00417412 0.00111828
28.14 -2.29609e-06 3.8075e-05 0.000150286 3.39108e-05 0.00375869 0.000952271
28.16 -2.13436e-06 3.05277e-05 0.00012915 3.06523e-05 0.00323006 0.000763509
28.18 -1.91549e-06 2.2296e-05 0.000104656 2.74884e-05 0.00261747 0.000557631
28.2 -1.65318e-06 1.36048e-05 7.81399e-05 2.46856e-05 0.00195429 0.000340262
28.22 -1.36185e-06 4.69479e-06 5.08848e-05 2.23479e-05 0.00127262 0.000117418
28.24 -1.05377e-06 -4.14981e-06 2.39783e-05 2.03749e-05 0.000599682 -0.00010379
28.26 -7.37884e-07 -1.26041e-05 -1.75759e-06 1.84929e-05 -4.39837e-05 -0.000315235
28.28 -4.20445e-07 -2.03402e-05 -2.57797e-05 1.6365e-05 -0.000644787 -0.000508717
28.3 -1.06556e-07 -2.70695e-05 -4.77692e-05 1.37367e-05 -0.00119475 -0.00067702
28.32 1.9833e-07 -3.25565e-05 -6.74831e-05 1.05549e-05 -0.00168781 -0.000814252
28.34 4.87446e-07 -3.66023e-05 -8.45697e-05 7.00902e-06 -0.00211515 -0.000915439
28.36 7.52452e-07 -3.90326e-05 -9.85121e-05 3.48454e-06 -0.00246385 -0.000976222
28.38 9.83308e-07 -3.97253e-05 -0.000108741 4.59966e-07 -0.00271968 -0.000993546
28.4 1.16753e-06 -3.8685e-05 -0.000114647 -1.60423e-06 -0.00286739 -0.00096753
28.42 1.29015e-06 -3.60808e-05 -0.000115494 -2.36185e-06 -0.00288858 -0.000902397
28.44 1.33712e-06 -3.21484e-05 -0.000110662 -1.66405e-06 -0.00276772 -0.000804046
28.46 1.30091e-06 -2.70741e-05 -0.000100063 3.79621e-07 -0.00250265 -0.000677135
28.48 1.1824e-06 -2.10164e-05 -8.41824e-05 3.40162e-06 -0.00210546 -0.00052563
28.5 9.87429e-07 -1.41857e-05 -6.38623e-05 6.86428e-06 -0.00159725 -0.000354792
28.52 7.23377e-07 -6.85983e-06 -4.01662e-05 1.02059e-05 -0.0010046 -0.000171568
28.54 3.99732e-07 6.53637e-07 -1.42053e-05 1.29934e-05 -0.000355307 1.63466e-05
28.56 2.99996e-08 8.09303e-06 1.29606e-05 1.50366e-05 0.000324124 0.000202409
28.58 -3.69151e-07 1.52966e-05 4.02327e-05 1.64191e-05 0.00100621 0.000382572
28.6 -7.81602e-07 2.21256e-05 6.6548e-05 1.74284e-05 0.00166437 0.000553369
28.62 -1.19506e-06 2.833e-05 9.14958e-05 1.84382e-05 0.00228832 0.000708544
28.64 -1.59855e-06 3.35855e-05 0.000115197 1.98075e-05 0.0028811 0.000839987
