0.02 1.68454e-11 1.02558e-11 8.23228e-10 1.60799e-11 2.05893e-08 2.56501e-10
0.04 1.19564e-10 3.32207e-11 4.40425e-09 1.74387e-10 1.10152e-07 8.30863e-10
0.06 3.58735e-10 4.20436e-11 2.56968e-09 7.93175e-10 6.42687e-08 1.05153e-09
0.08 3.79139e-10 4.8189e-10 -4.79809e-08 2.14691e-09 -1.20002e-06 1.20523e-08
0.1 -1.03368e-09 4.95399e-09 -2.27981e-07 4.26419e-09 -5.70191e-06 1.23901e-07
0.12 -5.54288e-09 2.92817e-08 -6.04098e-07 7.26272e-09 -1.51087e-05 7.32347e-07
0.14 -1.38022e-08 1.18039e-07 -1.16612e-06 1.05301e-08 -2.91651e-05 2.9522e-06
0.16 -2.45523e-08 3.52215e-07 -1.8203e-06 9.5098e-09 -4.55266e-05 8.80905e-06
0.18 -3.56415e-08 8.2498e-07 -2.4417e-06 -5.66894e-09 -6.10679e-05 2.06331e-05
0.2 -4.58124e-08 1.59131e-06 -2.93668e-06 -4.50252e-08 -7.34476e-05 3.97994e-05
0.22 -5.50973e-08 2.62652e-06 -3.27556e-06 -1.1071e-07 -8.19231e-05 6.56904e-05
0.24 -6.37549e-08 3.82667e-06 -3.48575e-06 -1.94624e-07 -8.718e-05 9.57067e-05
0.26 -7.15787e-08 5.05912e-06 -3.62522e-06 -2.83796e-07 -9.06681e-05 0.000126531
0.28 -7.85315e-08 6.22644e-06 -3.76712e-06 -3.66865e-07 -9.42172e-05 0.000155726
0.3 -8.56486e-08 7.28392e-06 -3.99837e-06 -4.35359e-07 -0.000100001 0.000182174
0.32 -9.47348e-08 8.20931e-06 -4.39989e-06 -4.81935e-07 -0.000110043 0.000205318
0.34 -1.06816e-07 8.98978e-06 -4.99135e-06 -5.01658e-07 -0.000124836 0.000224838
0.36 -1.20744e-07 9.64753e-06 -5.67616e-06 -4.96242e-07 -0.000141963 0.000241289
0.38 -1.33265e-07 1.02488e-05 -6.24477e-06 -4.76112e-07 -0.000156184 0.000256326
0.4 -1.40542e-07 1.08707e-05 -6.45622e-06 -4.59125e-07 -0.000161473 0.000271882
0.42 -1.4015e-07 1.15702e-05 -6.15747e-06 -4.67872e-07 -0.000154001 0.000289375
0.44 -1.32451e-07 1.23689e-05 -5.37213e-06 -5.23032e-07 -0.000134359 0.000309351
0.46 -1.20683e-07 1.32194e-05 -4.30801e-06 -6.29869e-07 -0.000107745 0.000330624
0.48 -1.09392e-07 1.39635e-05 -3.26382e-06 -7.66008e-07 -8.16295e-05 0.000349233
0.5 -1.01592e-07 1.43682e-05 -2.45774e-06 -8.86111e-07 -6.14691e-05 0.000359356
0.52 -9.62277e-08 1.42704e-05 -1.88155e-06 -9.47866e-07 -4.70584e-05 0.00035691
0.54 -8.85923e-08 1.37203e-05 -1.32558e-06 -9.43268e-07 -3.31533e-05 0.00034315
0.56 -7.47444e-08 1.29804e-05 -5.94441e-07 -9.09848e-07 -1.48672e-05 0.000324645
0.58 -5.65654e-08 1.23418e-05 2.64802e-07 -9.05988e-07 6.62281e-06 0.000308675
0.6 -4.17599e-08 1.18676e-05 9.32816e-07 -9.61155e-07 2.33301e-05 0.000296814
0.62 -3.75634e-08 1.12786e-05 1.02565e-06 -1.042e-06 2.56519e-05 0.000282081
0.64 -4.41071e-08 1.0138e-05 3.74056e-07 -1.07097e-06 9.35531e-06 0.000253554
0.66 -5.44154e-08 8.20019e-06 -8.70234e-07 -9.82751e-07 -2.17649e-05 0.00020509
0.68 -6.12113e-08 5.57851e-06 -2.41394e-06 -7.64737e-07 -6.03737e-05 0.000139521
0.7 -6.39235e-08 2.59469e-06 -4.12894e-06 -4.5298e-07 -0.000103266 6.48943e-05
0.72 -6.9485e-08 -4.62058e-07 -6.18218e-06 -1.00192e-07 -0.000154619 -1.15563e-05
0.74 -8.64185e-08 -3.42757e-06 -8.84347e-06 2.58195e-07 -0.000221179 -8.5725e-05
0.76 -1.17182e-07 -6.22755e-06 -1.21384e-05 6.23743e-07 -0.000303588 -0.000155754
0.78 -1.54847e-07 -8.82533e-06 -1.56767e-05 1.02684e-06 -0.000392082 -0.000220725
0.8 -1.87144e-07 -1.11674e-05 -1.88501e-05 1.49161e-06 -0.000471448 -0.000279302
0.82 -2.05686e-07 -1.3148e-05 -2.12744e-05 2.00493e-06 -0.000532081 -0.000328836
0.84 -2.13464e-07 -1.46743e-05 -2.31043e-05 2.5239e-06 -0.000577848 -0.000367011
0.86 -2.23233e-07 -1.57861e-05 -2.48934e-05 3.01441e-06 -0.000622593 -0.000394818
0.88 -2.4607e-07 -1.66256e-05 -2.7046e-05 3.47534e-06 -0.000676431 -0.000415812
0.9 -2.7944e-07 -1.72194e-05 -2.93335e-05 3.91951e-06 -0.000733643 -0.000430664
0.92 -3.07246e-07 -1.73325e-05 -3.0973e-05 4.33478e-06 -0.000774647 -0.000433494
0.94 -3.13931e-07 -1.66109e-05 -3.12609e-05 4.6704e-06 -0.000781848 -0.000415445
0.96 -2.99624e-07 -1.48953e-05 -3.0207e-05 4.86481e-06 -0.000755489 -0.000372538
0.98 -2.80956e-07 -1.24122e-05 -2.85894e-05 4.88912e-06 -0.000715032 -0.000310435
1 -2.77118e-07 -9.68356e-06 -2.73815e-05 4.76702e-06 -0.000684823 -0.00024219
1.02 -2.93993e-07 -7.25471e-06 -2.69217e-05 4.55819e-06 -0.000673322 -0.000181443
1.04 -3.14487e-07 -5.51785e-06 -2.60756e-05 4.33455e-06 -0.000652161 -0.000138004
1.06 -2.94967e-07 -4.72737e-06 -2.21667e-05 4.16213e-06 -0.000554398 -0.000118234
1.08 -1.82891e-07 -4.9485e-06 -1.30568e-05 4.03393e-06 -0.000326555 -0.000123764
1.1 2.74498e-08 -5.89553e-06 -8.37155e-08 3.77797e-06 -2.09376e-06 -0.00014745
1.12 2.51769e-07 -6.98542e-06 1.20848e-05 3.13354e-06 0.000302247 -0.000174708
1.14 3.68718e-07 -7.604e-06 1.90896e-05 2.02075e-06 0.00047744 -0.000190179
1.16 3.3724e-07 -7.37218e-06 2.01878e-05 6.76737e-07 0.000504906 -0.000184381
1.18 2.40615e-07 -6.37798e-06 1.85943e-05 -5.31694e-07 0.000465051 -0.000159516
1.2 2.01811e-07 -5.11593e-06 1.86544e-05 -1.37798e-06 0.000466554 -0.000127951
1.22 2.64519e-07 -4.03849e-06 2.18792e-05 -1.89295e-06 0.000547208 -0.000101004
1.24 3.62546e-07 -3.30268e-06 2.60111e-05 -2.33321e-06 0.000650548 -8.26014e-05
1.26 4.03272e-07 -2.89911e-06 2.8208e-05 -3.00438e-06 0.000705494 -7.25079e-05
1.28 3.69816e-07 -2.66824e-06 2.79711e-05 -4.00355e-06 0.000699569 -6.67338e-05
1.3 3.22783e-07 -2.27372e-06 2.6511e-05 -5.13518e-06 0.000663051 -5.68666e-05
1.32 3.0608e-07 -1.52754e-06 2.43408e-05 -6.07203e-06 0.000608774 -3.82043e-05
1.34 2.84601e-07 -6.80103e-07 2.01567e-05 -6.52017e-06 0.000504127 -1.70097e-05
1.36 1.882e-07 -1.78445e-07 1.19041e-05 -6.29024e-06 0.000297727 -4.46298e-06
1.38 -5.11765e-09 -2.62572e-07 -8.39952e-07 -5.37345e-06 -2.10076e-05 -6.56703e-06
1.4 -2.36649e-07 -1.0146e-06 -1.48291e-05 -3.93312e-06 -0.000370881 -2.53755e-05
1.42 -3.92534e-07 -2.70674e-06 -2.38053e-05 -2.14284e-06 -0.00059538 -6.76968e-05
1.44 -3.68265e-07 -5.70881e-06 -2.32448e-05 -1.61341e-07 -0.000581363 -0.00014278
1.46 -1.65954e-07 -9.8954e-06 -1.54987e-05 1.67313e-06 -0.000387628 -0.000247488
1.48 5.73388e-08 -1.43871e-05 -8.66882e-06 2.92396e-06 -0.000216811 -0.000359828
1.5 1.03193e-07 -1.79435e-05 -9.47961e-06 3.54359e-06 -0.000237089 -0.000448774
1.52 -7.08122e-08 -1.95804e-05 -1.80298e-05 4.05325e-06 -0.000450933 -0.000489714
1.54 -3.10386e-07 -1.91962e-05 -2.90603e-05 5.0614e-06 -0.000726809 -0.000480105
1.56 -4.39838e-07 -1.78566e-05 -3.69696e-05 6.76528e-06 -0.000924625 -0.000446601
1.58 -4.30461e-07 -1.70762e-05 -3.98248e-05 8.90457e-06 -0.000996035 -0.000427083
1.6 -3.77072e-07 -1.74811e-05 -3.94695e-05 1.08725e-05 -0.000987148 -0.00043721
1.62 -3.57663e-07 -1.82927e-05 -3.7995e-05 1.1882e-05 -0.000950271 -0.000457508
1.64 -3.522e-07 -1.81599e-05 -3.46005e-05 1.14348e-05 -0.000865374 -0.000454186
1.66 -2.83179e-07 -1.63595e-05 -2.68112e-05 9.75459e-06 -0.000670559 -0.000409158
1.68 -1.15537e-07 -1.32992e-05 -1.46261e-05 7.57184e-06 -0.000365806 -0.000332618
1.7 8.47371e-08 -1.01004e-05 -2.26375e-06 5.52629e-06 -5.66172e-05 -0.000252616
1.72 1.96124e-07 -7.63378e-06 4.91412e-06 3.90709e-06 0.000122904 -0.000190924
1.74 1.55439e-07 -5.69313e-06 5.09924e-06 2.72876e-06 0.000127534 -0.000142387
1.76 2.3572e-08 -3.11279e-06 1.65831e-06 1.76143e-06 4.14749e-05 -7.78521e-05
1.78 -6.86107e-08 1.01108e-06 4.05225e-07 6.07196e-07 1.01349e-05 2.52876e-05
1.8 -3.39893e-08 6.13409e-06 5.19188e-06 -1.02385e-06 0.000129851 0.000153416
1.82 1.11928e-07 1.05882e-05 1.53639e-05 -3.14341e-06 0.000384257 0.000264815
1.84 2.83391e-07 1.32614e-05 2.67094e-05 -5.60397e-06 0.000668014 0.000331674
1.86 3.9513e-07 1.47784e-05 3.48798e-05 -8.19841e-06 0.000872358 0.000369614
1.88 4.13795e-07 1.69045e-05 3.84407e-05 -1.05782e-05 0.000961417 0.000422789
1.9 3.68541e-07 2.08652e-05 3.90947e-05 -1.22727e-05 0.000977776 0.000521846
1.92 3.20065e-07 2.61455e-05 3.93885e-05 -1.29422e-05 0.000985123 0.000653911
1.94 3.10175e-07 3.07101e-05 4.05347e-05 -1.25913e-05 0.00101379 0.000768071
1.96 3.36086e-07 3.25036e-05 4.21573e-05 -1.15461e-05 0.00105437 0.000812929
1.98 3.70464e-07 3.10883e-05 4.34305e-05 -1.03013e-05 0.00108622 0.000777531
2 3.96582e-07 2.79246e-05 4.41487e-05 -9.32211e-06 0.00110418 0.000698407
2.02 4.18854e-07 2.49128e-05 4.48076e-05 -8.78357e-06 0.00112066 0.000623079
2.04 4.46972e-07 2.25871e-05 4.56846e-05 -8.39902e-06 0.00114259 0.000564913
2.06 4.77482e-07 1.97402e-05 4.5858e-05 -7.58166e-06 0.00114693 0.000493711
2.08 4.89227e-07 1.47115e-05 4.33661e-05 -5.86777e-06 0.0010846 0.000367941
2.1 4.55263e-07 6.99212e-06 3.65996e-05 -3.23533e-06 0.000915371 0.000174876
2.12 3.6354e-07 -2.24289e-06 2.56105e-05 -1.05902e-07 0.000640529 -5.60956e-05
2.14 2.27965e-07 -1.1003e-05 1.20258e-05 2.88982e-06 0.000300769 -0.00027519
2.16 7.60694e-08 -1.79693e-05 -2.25549e-06 5.22827e-06 -5.64107e-05 -0.00044942
2.18 -7.42484e-08 -2.32776e-05 -1.61801e-05 6.74309e-06 -0.000404671 -0.000582182
2.2 -2.2138e-07 -2.78758e-05 -2.94896e-05 7.64875e-06 -0.000737547 -0.000697185
2.22 -3.64431e-07 -3.22168e-05 -4.1873e-05 8.31937e-06 -0.00104726 -0.000805755
2.24 -4.89238e-07 -3.57065e-05 -5.2406e-05 9.0198e-06 -0.0013107 -0.000893035
2.26 -5.76001e-07 -3.73273e-05 -5.99864e-05 9.78695e-06 -0.00150029 -0.000933571
2.28 -6.20549e-07 -3.66645e-05 -6.44274e-05 1.04827e-05 -0.00161136 -0.000916995
2.3 -6.44103e-07 -3.44479e-05 -6.69155e-05 1.09328e-05 -0.00167358 -0.000861555
2.32 -6.76225e-07 -3.21655e-05 -6.90397e-05 1.10544e-05 -0.00172671 -0.000804473
2.34 -7.25021e-07 -3.09322e-05 -7.135e-05 1.08836e-05 -0.00178449 -0.000773627
2.36 -7.67708e-07 -3.05562e-05 -7.29002e-05 1.04942e-05 -0.00182326 -0.000764223
2.38 -7.72144e-07 -2.97602e-05 -7.18993e-05 9.91739e-06 -0.00179823 -0.000744314
2.4 -7.21259e-07 -2.73612e-05 -6.67778e-05 9.16073e-06 -0.00167014 -0.000684315
2.42 -6.16188e-07 -2.32676e-05 -5.71828e-05 8.26525e-06 -0.00143016 -0.000581933
2.44 -4.68988e-07 -1.8468e-05 -4.42796e-05 7.28432e-06 -0.00110745 -0.000461892
2.46 -2.9929e-07 -1.41703e-05 -2.99236e-05 6.21694e-06 -0.000748401 -0.000354405
2.48 -1.27618e-07 -1.08921e-05 -1.54547e-05 5.00344e-06 -0.000386529 -0.000272415
2.5 3.6783e-08 -8.20217e-06 -1.27168e-06 3.56892e-06 -3.18053e-05 -0.00020514
2.52 1.96776e-07 -5.19676e-06 1.26741e-05 1.85273e-06 0.000316985 -0.000129973
2.54 3.51488e-07 -1.275e-06 2.60875e-05 -1.36611e-07 0.000652459 -3.18884e-05
2.56 4.8445e-07 3.37282e-06 3.79857e-05 -2.24876e-06 0.000950037 8.43556e-05
2.58 5.74928e-07 7.97012e-06 4.73679e-05 -4.23457e-06 0.00118469 0.000199336
2.6 6.23711e-07 1.18479e-05 5.43658e-05 -5.91001e-06 0.00135971 0.000296322
2.62 6.6183e-07 1.48825e-05 6.02815e-05 -7.26399e-06 0.00150766 0.000372217
2.64 7.22013e-07 1.72458e-05 6.60951e-05 -8.42528e-06 0.00165306 0.000431324
2.66 7.9877e-07 1.88412e-05 7.11877e-05 -9.5423e-06 0.00178043 0.000471227
2.68 8.48715e-07 1.90527e-05 7.37831e-05 -1.06264e-05 0.00184534 0.000476515
2.7 8.36867e-07 1.70913e-05 7.24183e-05 -1.1472e-05 0.00181121 0.00042746
2.72 7.70641e-07 1.27794e-05 6.68449e-05 -1.17941e-05 0.00167182 0.000319618
2.74 6.78451e-07 7.13131e-06 5.77485e-05 -1.14692e-05 0.00144431 0.000178357
2.76 5.66234e-07 1.97522e-06 4.583e-05 -1.05951e-05 0.00114623 4.94011e-05
2.78 4.10875e-07 -1.32347e-06 3.12656e-05 -9.33693e-06 0.000781965 -3.31005e-05
2.8 1.95981e-07 -2.85376e-06 1.41968e-05 -7.7839e-06 0.000355068 -7.13736e-05
2.82 -5.62609e-08 -3.80266e-06 -4.4142e-06 -5.93232e-06 -0.000110401 -9.5106e-05
2.84 -2.96525e-07 -5.23047e-06 -2.30485e-05 -3.74779e-06 -0.000576453 -0.000130816
2.86 -4.95758e-07 -7.38158e-06 -4.10867e-05 -1.24388e-06 -0.00102759 -0.000184616
2.88 -6.79297e-07 -9.94499e-06 -5.95656e-05 1.48937e-06 -0.00148976 -0.000248728
2.9 -9.03428e-07 -1.24697e-05 -7.99361e-05 4.35919e-06 -0.00199923 -0.000311872
2.92 -1.19067e-06 -1.44136e-05 -0.000101914 7.35175e-06 -0.0025489 -0.000360489
2.94 -1.49152e-06 -1.50871e-05 -0.000122474 1.04757e-05 -0.00306312 -0.000377334
2.96 -1.7137e-06 -1.37627e-05 -0.00013702 1.36159e-05 -0.00342692 -0.000344212
2.98 -1.79e-06 -9.95966e-06 -0.000142229 1.64754e-05 -0.00355719 -0.000249095
3 -1.72747e-06 -3.87776e-06 -0.000138591 1.86625e-05 -0.00346621 -9.69844e-05
3.02 -1.60302e-06 3.31782e-06 -0.000130204 1.98708e-05 -0.00325645 8.298e-05
3.04 -1.50505e-06 9.92455e-06 -0.000121508 2.00686e-05 -0.00303897 0.000248217
3.06 -1.4596e-06 1.48004e-05 -0.000113788 1.95368e-05 -0.0028459 0.000370163
3.08 -1.40777e-06 1.81302e-05 -0.000104649 1.86382e-05 -0.0026173 0.000453444
3.1 -1.26482e-06 2.10189e-05 -9.07203e-05 1.75125e-05 -0.00226895 0.000525692
3.12 -1.006e-06 2.43554e-05 -7.09766e-05 1.6011e-05 -0.00177515 0.000609138
3.14 -6.9087e-07 2.81866e-05 -4.77013e-05 1.38597e-05 -0.00119303 0.000704959
3.16 -4.0435e-07 3.21508e-05 -2.43277e-05 1.08121e-05 -0.000608445 0.000804106
3.18 -1.77828e-07 3.6195e-05 -2.19163e-06 6.75106e-06 -5.48136e-05 0.000905253
3.2 3.56153e-08 4.05194e-05 2.05518e-05 1.8115e-06 0.000514009 0.00101341
3.22 3.12411e-07 4.48687e-05 4.65519e-05 -3.60246e-06 0.00116428 0.00112218
3.24 6.79617e-07 4.82773e-05 7.57913e-05 -9.02794e-06 0.00189557 0.00120744
3.26 1.07816e-06 4.97096e-05 0.000104717 -1.41681e-05 0.00261902 0.00124326
3.28 1.40831e-06 4.87976e-05 0.000128807 -1.88796e-05 0.00322151 0.00122045
3.3 1.61567e-06 4.59215e-05 0.00014579 -2.30389e-05 0.00364626 0.00114851
3.32 1.72868e-06 4.17948e-05 0.000156555 -2.65177e-05 0.0039155 0.00104531
3.34 1.8129e-06 3.70051e-05 0.000163438 -2.92228e-05 0.00408765 0.000925513
3.36 1.89989e-06 3.17438e-05 0.000167731 -3.10802e-05 0.00419503 0.000793925
3.38 1.96322e-06 2.59056e-05 0.000168469 -3.20238e-05 0.00421348 0.000647911
3.4 1.94916e-06 1.94207e-05 0.000163239 -3.20198e-05 0.00408266 0.000485721
3.42 1.82036e-06 1.22996e-05 0.000150122 -3.10135e-05 0.00375462 0.000307619
3.44 1.57947e-06 4.333e-06 0.000129148 -2.88376e-05 0.00323006 0.00010837
3.46 1.26564e-06 -4.92391e-06 0.000102257 -2.52829e-05 0.0025575 -0.000123149
3.48 9.29741e-07 -1.56421e-05 7.20903e-05 -2.03176e-05 0.00180301 -0.000391216
3.5 6.03689e-07 -2.7266e-05 4.06859e-05 -1.42096e-05 0.00101757 -0.000681933
3.52 2.86344e-07 -3.86114e-05 8.92913e-06 -7.43775e-06 0.000223321 -0.000965687
3.54 -4.39434e-08 -4.83882e-05 -2.31939e-05 -4.93589e-07 -0.00058009 -0.00121021
3.56 -4.04626e-07 -5.58064e-05 -5.58787e-05 6.30202e-06 -0.00139755 -0.00139574
3.58 -7.91902e-07 -6.09601e-05 -8.86385e-05 1.28774e-05 -0.00221689 -0.00152464
3.6 -1.17635e-06 -6.46235e-05 -0.000119731 1.93145e-05 -0.00299452 -0.00161626
3.62 -1.50959e-06 -6.74309e-05 -0.000146441 2.56154e-05 -0.00366256 -0.00168647
3.64 -1.74564e-06 -6.91912e-05 -0.000166371 3.15191e-05 -0.004161 -0.0017305
3.66 -1.87251e-06 -6.91919e-05 -0.000178953 3.65465e-05 -0.00447568 -0.00173052
3.68 -1.92659e-06 -6.72321e-05 -0.000185829 4.02485e-05 -0.00464765 -0.0016815
3.7 -1.96462e-06 -6.41338e-05 -0.000189456 4.24323e-05 -0.00473838 -0.00160401
3.72 -2.01169e-06 -6.10423e-05 -0.000191044 4.31743e-05 -0.0047781 -0.00152669
3.74 -2.03893e-06 -5.82439e-05 -0.000189643 4.26419e-05 -0.00474304 -0.0014567
3.76 -1.99494e-06 -5.47242e-05 -0.000182922 4.09139e-05 -0.00457496 -0.00136868
3.78 -1.85137e-06 -4.88317e-05 -0.000168722 3.79376e-05 -0.0042198 -0.0012213
3.8 -1.61453e-06 -3.94516e-05 -0.000146325 3.36077e-05 -0.00365965 -0.000986701
3.82 -1.30658e-06 -2.68647e-05 -0.000116879 2.78821e-05 -0.00292318 -0.000671898
3.84 -9.49865e-07 -1.27079e-05 -8.26614e-05 2.08822e-05 -0.0020674 -0.000317831
3.86 -5.62422e-07 1.05011e-06 -4.58168e-05 1.29256e-05 -0.0011459 2.62636e-05
3.88 -1.55933e-07 1.34093e-05 -7.81695e-06 4.43054e-06 -0.000195505 0.000335371
3.9 2.58491e-07 2.47429e-05 3.00166e-05 -4.23536e-06 0.000750727 0.000618831
3.92 6.56648e-07 3.58728e-05 6.60311e-05 -1.27718e-05 0.00165146 0.000897193
3.94 1.00445e-06 4.67557e-05 9.86121e-05 -2.08116e-05 0.00246633 0.00116938
3.96 1.28682e-06 5.60732e-05 0.000126887 -2.78768e-05 0.00317351 0.00140241
3.98 1.52619e-06 6.19751e-05 0.000150897 -3.35514e-05 0.003774 0.00155002
4 1.75868e-06 6.32266e-05 0.000171 -3.76719e-05 0.00427679 0.00158132
4.02 1.99058e-06 5.99253e-05 0.000186842 -4.03284e-05 0.00467299 0.00149876
4.04 2.18065e-06 5.33131e-05 0.000196574 -4.17122e-05 0.0049164 0.00133338
4.06 2.26137e-06 4.48172e-05 0.000197152 -4.19275e-05 0.00493085 0.0011209
4.08 2.17734e-06 3.52512e-05 0.000185841 -4.08593e-05 0.00464796 0.000881648
4.1 1.91416e-06 2.49943e-05 0.000161854 -3.82139e-05 0.00404803 0.000625118
4.12 1.50156e-06 1.46609e-05 0.000126814 -3.37574e-05 0.00317167 0.000366675
4.14 9.91521e-07 5.19829e-06 8.39781e-05 -2.75592e-05 0.00210033 0.000130011
4.16 4.33114e-07 -2.57341e-06 3.71366e-05 -2.00296e-05 0.000928801 -6.43621e-05
4.18 -1.3527e-07 -8.20056e-06 -1.02222e-05 -1.17704e-05 -0.00025566 -0.0002051
4.2 -6.81976e-07 -1.15609e-05 -5.55065e-05 -3.3742e-06 -0.00138824 -0.000289144
4.22 -1.18442e-06 -1.30327e-05 -9.73003e-05 4.75936e-06 -0.00243352 -0.000325952
4.24 -1.63481e-06 -1.36401e-05 -0.000135122 1.25306e-05 -0.00337946 -0.000341143
4.26 -2.03481e-06 -1.45903e-05 -0.000168928 2.00657e-05 -0.00422496 -0.000364909
4.28 -2.3846e-06 -1.65425e-05 -0.000198804 2.7481e-05 -0.00497218 -0.000413734
4.3 -2.68229e-06 -1.94386e-05 -0.000224683 3.46852e-05 -0.0056194 -0.000486168
4.32 -2.92541e-06 -2.28049e-05 -0.000245729 4.13539e-05 -0.00614579 -0.000570359
4.34 -3.09895e-06 -2.59528e-05 -0.000259935 4.70037e-05 -0.00650108 -0.000649091
4.36 -3.16498e-06 -2.82323e-05 -0.000264697 5.10879e-05 -0.00662018 -0.000706101
4.38 -3.08075e-06 -2.94521e-05 -0.000258086 5.31264e-05 -0.00645483 -0.00073661
4.4 -2.8334e-06 -2.9718e-05 -0.000239798 5.28292e-05 -0.00599746 -0.000743259
4.42 -2.45352e-06 -2.84949e-05 -0.000211354 5.0113e-05 -0.00528604 -0.000712668
4.44 -1.99878e-06 -2.40808e-05 -0.000175581 4.50257e-05 -0.00439136 -0.000602272
4.46 -1.53013e-06 -1.43091e-05 -0.000135668 3.77139e-05 -0.00339311 -0.000357877
4.48 -1.09536e-06 2.1421e-06 -9.4205e-05 2.84866e-05 -0.00235611 5.35748e-05
4.5 -7.15095e-07 2.47903e-05 -5.24536e-05 1.78561e-05 -0.00131189 0.000620016
4.52 -3.68875e-07 5.12314e-05 -9.90412e-06 6.43587e-06 -0.000247706 0.00128132
4.54 2.76194e-09 7.80115e-05 3.53126e-05 -5.24714e-06 0.000883182 0.0019511
4.56 4.64225e-07 0.000102153 8.49279e-05 -1.68898e-05 0.00212408 0.00255489
4.58 1.03618e-06 0.000122375 0.000139068 -2.8417e-05 0.00347815 0.00306064
4.6 1.67942e-06 0.000139038 0.000196074 -3.98133e-05 0.00490389 0.0034774
4.62 2.33214e-06 0.000152859 0.00025348 -5.08389e-05 0.00633965 0.00382307
4.64 2.9605e-06 0.000163651 0.00030898 -6.08799e-05 0.00772773 0.00409298
4.66 3.5642e-06 0.000170234 0.000360301 -6.91255e-05 0.00901127 0.00425762
4.68 4.13155e-06 0.000171205 0.000404146 -7.49227e-05 0.0101079 0.00428191
4.7 4.6008e-06 0.000165526 0.00043597 -7.79886e-05 0.0109038 0.00413987
4.72 4.88621e-06 0.000152652 0.000451884 -7.83745e-05 0.0113018 0.00381789
4.74 4.95385e-06 0.000132477 0.000451252 -7.62849e-05 0.011286 0.00331329
4.76 4.8635e-06 0.000105129 0.000437139 -7.19043e-05 0.010933 0.00262933
4.78 4.71991e-06 7.08575e-05 0.000413965 -6.5355e-05 0.0103534 0.00177218
4.8 4.5796e-06 3.05094e-05 0.000384486 -5.68086e-05 0.00961616 0.000763053
4.82 4.40968e-06 -1.3679e-05 0.000348688 -4.66142e-05 0.00872084 -0.000342117
4.84 4.13412e-06 -5.81443e-05 0.000305307 -3.52839e-05 0.00763586 -0.00145421
4.86 3.71154e-06 -9.92051e-05 0.000254246 -2.33368e-05 0.00635879 -0.00248116
4.88 3.16677e-06 -0.000134454 0.000197328 -1.11454e-05 0.00493527 -0.00336274
4.9 2.55498e-06 -0.000163584 0.000136819 1.1021e-06 0.00342191 -0.0040913
4.92 1.90757e-06 -0.000188588 7.37965e-05 1.33445e-05 0.00184568 -0.00471666
4.94 1.22427e-06 -0.000213002 8.48766e-06 2.55617e-05 0.00021228 -0.00532727
4.96 5.16488e-07 -0.000239954 -5.78865e-05 3.76659e-05 -0.00144777 -0.00600135
4.98 -1.59259e-07 -0.000270059 -0.000122015 4.93673e-05 -0.00305165 -0.00675429
5 -7.27738e-07 -0.000300783 -0.000179507 6.01132e-05 -0.00448955 -0.00752271
5.02 -1.15563e-06 -0.000327616 -0.000227202 6.9203e-05 -0.00568243 -0.00819381
5.04 -1.4797e-06 -0.000346006 -0.000264859 7.60294e-05 -0.00662423 -0.00865375
5.06 -1.77659e-06 -0.000352979 -0.000294894 8.02821e-05 -0.00737543 -0.00882815
5.08 -2.1087e-06 -0.000347774 -0.00032044 8.20039e-05 -0.00801434 -0.00869797
5.1 -2.49258e-06 -0.000331155 -0.000343336 8.14739e-05 -0.00858697 -0.00828233
5.12 -2.90746e-06 -0.00030389 -0.000363611 7.89527e-05 -0.00909407 -0.00760042
5.14 -3.32823e-06 -0.000265729 -0.000380259 7.44498e-05 -0.00951043 -0.006646
5.16 -3.74655e-06 -0.000215697 -0.000391757 6.77359e-05 -0.009798 -0.00539467
5.18 -4.15343e-06 -0.000153009 -0.000395636 5.86036e-05 -0.00989502 -0.00382682
5.2 -4.50367e-06 -7.75144e-05 -0.000388141 4.70871e-05 -0.00970758 -0.00193867
5.22 -4.71613e-06 1.04651e-05 -0.000365217 3.34244e-05 -0.00913423 0.000261736
5.24 -4.72582e-06 0.000110076 -0.00032451 1.79182e-05 -0.00811613 0.00275304
5.26 -4.53481e-06 0.00021896 -0.000266949 9.72894e-07 -0.00667651 0.00547629
5.28 -4.20285e-06 0.00033164 -0.000196673 -1.66908e-05 -0.00491888 0.00829446
5.3 -3.78502e-06 0.000438759 -0.000119026 -3.39193e-05 -0.0029769 0.0109735
5.32 -3.27366e-06 0.00052874 -3.74799e-05 -4.93363e-05 -0.000937387 0.013224
5.34 -2.58666e-06 0.000591486 4.84772e-05 -6.18661e-05 0.00121244 0.0147933
5.36 -1.60771e-06 0.000621719 0.000142401 -7.136e-05 0.00356152 0.0155495
5.38 -2.63467e-07 0.000620119 0.000246954 -7.88909e-05 0.00617642 0.0155094
5.4 1.39983e-06 0.000592104 0.000359634 -8.60301e-05 0.00899459 0.0148088
5.42 3.19587e-06 0.000545759 0.000471462 -9.32059e-05 0.0117915 0.0136496
5.44 4.86166e-06 0.000490845 0.000569892 -9.90593e-05 0.0142532 0.0122762
5.46 6.16445e-06 0.000436877 0.000643767 -0.000102044 0.0161009 0.0109265
5.48 6.97581e-06 0.000388312 0.000686433 -0.000102305 0.017168 0.00971186
5.5 7.27973e-06 0.000341804 0.000695341 -0.000101312 0.0173908 0.00854866
5.52 7.13696e-06 0.000289105 0.000669899 -9.96967e-05 0.0167545 0.00723063
5.54 6.63672e-06 0.000222323 0.000610596 -9.61133e-05 0.0152712 0.00556039
5.56 5.8617e-06 0.00013745 0.000520183 -8.86274e-05 0.01301 0.00343768
5.58 4.87925e-06 3.6022e-05 0.000404643 -7.68689e-05 0.0101203 0.000900925
5.6 3.74153e-06 -7.382e-05 0.000271999 -6.24546e-05 0.0068028 -0.00184627
5.62 2.47857e-06 -0.0001785 0.000130542 -4.75019e-05 0.00326491 -0.00446436
5.64 1.10933e-06 -0.000263915 -1.1112e-05 -3.30348e-05 -0.000277915 -0.00660061
5.66 -3.06704e-07 -0.000321263 -0.000143072 -1.87231e-05 -0.0035783 -0.00803493
5.68 -1.63058e-06 -0.00034987 -0.0002553 -3.73814e-06 -0.00638517 -0.00875039
5.7 -2.69381e-06 -0.000356275 -0.000340924 1.24736e-05 -0.00852666 -0.00891058
5.72 -3.40346e-06 -0.000350875 -0.000398612 3.01276e-05 -0.00996944 -0.00877553
5.74 -3.78254e-06 -0.000343502 -0.000431518 4.91896e-05 -0.0107924 -0.00859112
5.76 -3.90012e-06 -0.000339971 -0.000443287 6.89636e-05 -0.0110868 -0.00850281
5.78 -3.77297e-06 -0.00034137 -0.000434012 8.76565e-05 -0.0108548 -0.00853781
5.8 -3.33605e-06 -0.000345533 -0.000399451 0.000102897 -0.00999044 -0.00864192
5.82 -2.49695e-06 -0.00034868 -0.000334339 0.000113077 -0.00836196 -0.00872063
5.84 -1.22138e-06 -0.000346341 -0.000237065 0.000118149 -0.0059291 -0.00866214
5.86 4.14559e-07 -0.000334435 -0.000112074 0.000118872 -0.00280301 -0.00836436
5.88 2.24299e-06 -0.000311188 3.13279e-05 0.000115258 0.000783523 -0.00778294
5.9 4.07953e-06 -0.000278493 0.000182043 0.000106132 0.00455297 -0.00696522
5.92 5.79169e-06 -0.000240952 0.000329422 9.04232e-05 0.00823899 -0.00602632
5.94 7.30113e-06 -0.00020331 0.000463656 6.86264e-05 0.0115962 -0.00508486
5.96 8.53339e-06 -0.00016801 0.000575779 4.26272e-05 0.0144005 -0.004202
5.98 9.38647e-06 -0.00013329 0.000658542 1.41551e-05 0.0164704 -0.00333363
6 9.75103e-06 -9.22222e-05 0.000707223 -1.63331e-05 0.017688 -0.00230652
6.02 9.54177e-06 -3.4629e-05 0.000719523 -4.92433e-05 0.0179956 -0.000866087
6.04 8.71606e-06 4.72942e-05 0.0006957 -8.44765e-05 0.0173997 0.00118285
6.06 7.30905e-06 0.000152147 0.000639159 -0.000120377 0.0159856 0.00380526
6.08 5.4769e-06 0.000265729 0.000555403 -0.000153718 0.0138909 0.00664599
6.1 3.46682e-06 0.000364406 0.000449369 -0.000180571 0.0112389 0.00911395
6.12 1.49778e-06 0.000425762 0.00032469 -0.000197469 0.00812063 0.0106485
6.14 -3.29227e-07 0.000441074 0.000185292 -0.000202359 0.00463424 0.0110314
6.16 -2.02994e-06 0.000420651 3.46631e-05 -0.000195062 0.00086694 0.0105207
6.18 -3.73449e-06 0.000387328 -0.000128656 -0.00017704 -0.00321775 0.00968723
6.2 -5.71139e-06 0.000362758 -0.000313371 -0.000150411 -0.00783753 0.00907274
6.22 -8.28312e-06 0.000356358 -0.000530067 -0.000117018 -0.0132572 0.00891266
6.24 -1.16096e-05 0.000363065 -0.000779578 -7.85075e-05 -0.0194976 0.0090804
6.26 -1.5369e-05 0.000368608 -0.00104072 -3.61638e-05 -0.0260293 0.00921904
6.28 -1.86663e-05 0.00035667 -0.00126869 1.04644e-05 -0.0317367 0.00892046
6.3 -2.04273e-05 0.000313713 -0.00141336 6.28008e-05 -0.035374 0.0078461
6.32 -2.01493e-05 0.000232474 -0.0014525 0.000120334 -0.0363642 0.00581428
6.34 -1.81815e-05 0.000115113 -0.00141195 0.000181021 -0.0353499 0.00287903
6.36 -1.56557e-05 -2.64213e-05 -0.00134509 0.000244192 -0.0336776 -0.000660807
6.38 -1.38028e-05 -0.00017269 -0.0012939 0.000310132 -0.0323975 -0.00431905
6.4 -1.28712e-05 -0.00030287 -0.00126939 0.000374799 -0.0317844 -0.00757491
6.42 -1.23335e-05 -0.000402797 -0.0012582 0.000428064 -0.0315045 -0.0100741
6.44 -1.1837e-05 -0.000467338 -0.00125014 0.000460915 -0.031303 -0.0116883
6.46 -1.15346e-05 -0.00049902 -0.00123768 0.000469758 -0.0309913 -0.0124807
6.48 -1.14203e-05 -0.000506972 -0.00119099 0.000453156 -0.0298236 -0.0126796
6.5 -1.06269e-05 -0.00050297 -0.00106431 0.000412316 -0.0266552 -0.0125795
6.52 -7.95456e-06 -0.000495537 -0.000821369 0.000356053 -0.0205792 -0.0123936
6.54 -3.09963e-06 -0.000486948 -0.000463743 0.000299326 -0.0116348 -0.0121788
6.56 2.89495e-06 -0.00047454 -4.96913e-05 0.0002548 -0.00127921 -0.0118685
6.58 8.30846e-06 -0.000452815 0.000331666 0.000226538 0.00825871 -0.0113251
6.6 1.18761e-05 -0.000414492 0.00061571 0.000208448 0.0153629 -0.0103666
6.62 1.34404e-05 -0.000354107 0.000789021 0.000186758 0.0196981 -0.00885636
6.64 1.3665e-05 -0.000272673 0.000875201 0.00014691 0.0218543 -0.00681965
6.66 1.32484e-05 -0.000178718 0.000908698 8.18815e-05 0.0226926 -0.00446981
6.68 1.25083e-05 -8.44936e-05 0.000915124 -4.27343e-06 0.0228534 -0.00211322
6.7 1.1568e-05 -1.02571e-06 0.000908101 -0.000100366 0.0226778 -2.56533e-05
6.72 1.06567e-05 6.42108e-05 0.000901974 -0.000194638 0.0225246 0.00160594
6.74 1.01501e-05 0.000108918 0.000918705 -0.000278085 0.022943 0.00272409
6.76 1.03839e-05 0.000137527 0.000976258 -0.000344256 0.0243824 0.00343962
6.78 1.14259e-05 0.000159452 0.00107423 -0.000388316 0.0268327 0.00398795
6.8 1.29775e-05 0.000185149 0.0011935 -0.000407818 0.0298158 0.00463067
6.82 1.45099e-05 0.000222282 0.00130346 -0.000405911 0.0325658 0.00555937
6.84 1.54248e-05 0.000272702 0.00136741 -0.000392247 0.0341652 0.0068204
6.86 1.51703e-05 0.000332348 0.00135254 -0.00037639 0.0337935 0.00831217
6.88 1.34855e-05 0.000394815 0.00124331 -0.000360747 0.0310614 0.00987448
6.9 1.05313e-05 0.000453731 0.00104754 -0.000343673 0.0261653 0.011348
6.92 6.83028e-06 0.00050075 0.000793092 -0.000326774 0.0198014 0.012524
6.94 3.04989e-06 0.000526515 0.000519367 -0.000313615 0.0129554 0.0131684
6.96 -2.6788e-07 0.000526758 0.000261208 -0.000303143 0.00649874 0.0131744
6.98 -2.89738e-06 0.000504278 3.50835e-05 -0.000288912 0.000843264 0.0126122
7 -4.97607e-06 0.000465744 -0.000159108 -0.000262704 -0.00401355 0.0116485
7.02 -6.77408e-06 0.0004191 -0.000328975 -0.000217192 -0.00826199 0.0104819
7.04 -8.41235e-06 0.000366963 -0.000481302 -0.0001492 -0.0120718 0.00917791
7.06 -9.80649e-06 0.000302698 -0.000617604 -6.18739e-05 -0.0154808 0.00757061
7.08 -1.08031e-05 0.000220938 -0.000734925 3.7445e-05 -0.0184153 0.00552575
7.1 -1.13186e-05 0.000126276 -0.00082951 0.000139216 -0.0207814 0.00315821
7.12 -1.13805e-05 2.80224e-05 -0.000899295 0.000231173 -0.0225275 0.000700852
7.14 -1.10968e-05 -6.641e-05 -0.000943935 0.000300308 -0.0236447 -0.00166094
7.16 -1.06051e-05 -0.00015203 -0.000963948 0.000338697 -0.0241457 -0.00380234
7.18 -1.00135e-05 -0.00022497 -0.000961714 0.000347427 -0.0240898 -0.00562658
7.2 -9.38722e-06 -0.000281163 -0.000943131 0.000334274 -0.0236251 -0.00703199
7.22 -8.83073e-06 -0.000316686 -0.00091388 0.000308336 -0.0228935 -0.00792044
7.24 -8.40441e-06 -0.000330445 -0.000872 0.000277902 -0.021846 -0.00826457
7.26 -7.96072e-06 -0.000325989 -0.000805973 0.00025054 -0.0201947 -0.00815313
7.28 -7.1101e-06 -0.000311877 -0.00069833 0.000230922 -0.0175025 -0.00780017
7.3 -5.40379e-06 -0.000299578 -0.00053469 0.000218694 -0.0134098 -0.00749257
7.32 -2.67153e-06 -0.000297814 -0.000315673 0.000210146 -0.00793208 -0.00744846
7.34 8.3275e-07 -0.000308614 -5.99217e-05 0.000200806 -0.00153564 -0.00771856
7.36 4.5743e-06 -0.00032827 0.000203619 0.000185048 0.00505563 -0.00821017
7.38 8.02002e-06 -0.000349461 0.000445955 0.000154822 0.0111165 -0.00874016
7.4 1.07878e-05 -0.000363246 0.000645681 0.000102225 0.0161118 -0.00908495
7.42 1.26502e-05 -0.000361925 0.000792201 2.58658e-05 0.0197764 -0.0090519
7.44 1.35334e-05 -0.000340815 0.000883879 -6.52518e-05 0.0220695 -0.00852393
7.46 1.3529e-05 -0.000298466 0.000924943 -0.000155556 0.0230967 -0.00746476
7.48 1.28422e-05 -0.000237032 0.000924376 -0.000231308 0.0230825 -0.00592828
7.5 1.1714e-05 -0.000162074 0.000894919 -0.000285711 0.0223458 -0.00405353
7.52 1.03852e-05 -8.0209e-05 0.000850695 -0.000317843 0.0212397 -0.00200606
7.54 9.09625e-06 3.70471e-06 0.000804674 -0.000329232 0.0200887 9.26566e-05
7.56 8.05944e-06 8.71292e-05 0.000766466 -0.000322345 0.0191331 0.00217914
7.58 7.37733e-06 0.000168216 0.000737323 -0.000301233 0.0184042 0.00420715
7.6 6.9166e-06 0.000244118 0.00070311 -0.000271491 0.0175485 0.00610548
7.62 6.23634e-06 0.000310943 0.000636235 -0.000238006 0.015876 0.00777682
7.64 4.782e-06 0.00036527 0.00051173 -0.000203015 0.0127621 0.00913557
7.66 2.31506e-06 0.000404994 0.000325301 -0.000167501 0.00809937 0.0101291
7.68 -8.36723e-07 0.000428507 9.74377e-05 -0.000133829 0.00240042 0.0107171
7.7 -4.02112e-06 0.000433944 -0.000138276 -0.000104718 -0.00349489 0.0108531
7.72 -6.73265e-06 0.000419952 -0.000351694 -7.88696e-05 -0.00883255 0.0105032
7.74 -8.81068e-06 0.000387008 -0.000526473 -4.86976e-05 -0.0132038 0.00967924
7.76 -1.02738e-05 0.000336466 -0.000659418 -4.23952e-06 -0.0165289 0.00841515
7.78 -1.11124e-05 0.000269219 -0.000752166 5.88541e-05 -0.0188486 0.00673327
7.8 -1.12688e-05 0.000187688 -0.000805246 0.000134581 -0.0201762 0.00469416
7.82 -1.07506e-05 9.72657e-05 -0.000820018 0.000209584 -0.0205456 0.00243266
7.84 -9.72317e-06 4.80522e-06 -0.000803535 0.000270359 -0.0201334 0.000120181
7.86 -8.48725e-06 -8.24565e-05 -0.000769344 0.000308369 -0.0192783 -0.00206227
7.88 -7.36878e-06 -0.000158135 -0.000732869 0.000320819 -0.018366 -0.00395503
7.9 -6.60261e-06 -0.000219707 -0.000704985 0.000309259 -0.0176686 -0.00549498
7.92 -6.23282e-06 -0.000269536 -0.000687178 0.000278569 -0.0172233 -0.00674121
7.94 -6.0791e-06 -0.00031185 -0.000667469 0.000236372 -0.0167304 -0.00779951
7.96 -5.73957e-06 -0.000349372 -0.000620451 0.000191347 -0.0155544 -0.00873794
7.98 -4.68889e-06 -0.000382622 -0.000519246 0.000150336 -0.0130232 -0.00956955
8 -2.59404e-06 -0.000410983 -0.000353674 0.000116404 -0.00888221 -0.0102788
8.02 3.75865e-07 -0.000433323 -0.00013879 8.94409e-05 -0.00350786 -0.0108376
8.04 3.59826e-06 -0.000447881 9.21558e-05 6.7876e-05 0.00226819 -0.0112017
8.06 6.41479e-06 -0.000452241 0.000303823 4.89356e-05 0.00756208 -0.0113107
8.08 8.49751e-06 -0.000443416 0.000473535 2.75863e-05 0.0118066 -0.01109
8.1 9.85863e-06 -0.000418636 0.000596064 -2.63982e-06 0.0148712 -0.0104703
8.12 1.06239e-05 -0.00037657 0.000677243 -4.54785e-05 0.0169015 -0.00941818
8.14 1.08715e-05 -0.000317444 0.000724771 -9.79066e-05 0.0180902 -0.0079394
8.16 1.06505e-05 -0.000243048 0.000745364 -0.000151058 0.0186052 -0.00607873
8.18 1.00762e-05 -0.000156765 0.000747745 -0.000195784 0.0186648 -0.00392077
8.2 9.36203e-06 -6.22142e-05 0.00074387 -0.000227301 0.0185679 -0.001556
8.22 8.72826e-06 3.79098e-05 0.00074435 -0.000244983 0.0185799 0.000948139
8.24 8.26781e-06 0.00014116 0.000751772 -0.000249149 0.0187655 0.00353048
8.26 7.88917e-06 0.000244149 0.000757918 -0.000239224 0.0189192 0.00610626
8.28 7.3712e-06 0.000342063 0.000746759 -0.000214891 0.0186401 0.00855513
8.3 6.4956e-06 0.000428814 0.000701259 -0.000178313 0.0175021 0.0107248
8.32 5.14336e-06 0.000498032 0.000611654 -0.000134885 0.0152611 0.012456
8.34 3.35212e-06 0.000544767 0.000481528 -9.20588e-05 0.0120066 0.0136248
8.36 1.3381e-06 0.000566772 0.000326275 -5.72459e-05 0.00812363 0.0141752
8.38 -6.08148e-07 0.000564908 0.000164786 -3.57014e-05 0.00408472 0.0141286
8.4 -2.29824e-06 0.000543035 1.17801e-05 -2.88521e-05 0.000257988 0.0135815
8.42 -3.72859e-06 0.000507355 -0.000125163 -3.35649e-05 -0.00316703 0.0126892
8.44 -4.99993e-06 0.000465408 -0.000245145 -4.20747e-05 -0.00616781 0.01164
8.46 -6.19563e-06 0.000423956 -0.000351193 -4.26356e-05 -0.00882012 0.0106033
8.48 -7.3209e-06 0.000384498 -0.000445831 -2.35813e-05 -0.0111871 0.00961644
8.5 -8.28416e-06 0.000341224 -0.000527637 1.87961e-05 -0.0132331 0.00853414
8.52 -8.9116e-06 0.000285585 -0.00059149 7.53779e-05 -0.0148301 0.0071426
8.54 -9.03926e-06 0.000211953 -0.000631858 0.000128933 -0.0158397 0.00530103
8.56 -8.63175e-06 0.000119618 -0.000646276 0.000164673 -0.0162003 0.00299168
8.58 -7.80152e-06 1.30302e-05 -0.00063672 0.000176775 -0.0159613 0.000325891
8.6 -6.72642e-06 -9.89087e-05 -0.000608318 0.00016721 -0.0152509 -0.00247375
8.62 -5.55888e-06 -0.000205457 -0.000566346 0.000141746 -0.0142012 -0.00513857
8.64 -4.39756e-06 -0.000296994 -0.000513035 0.000107922 -0.0128679 -0.00742795
8.66 -3.27087e-06 -0.000366763 -0.000445717 7.431e-05 -0.0111842 -0.0091729
8.68 -2.09884e-06 -0.000412015 -0.00035864 4.84381e-05 -0.00900638 -0.0103047
8.7 -7.49045e-07 -0.000434639 -0.000248469 3.39621e-05 -0.00625095 -0.0108705
8.72 8.23098e-07 -0.000440204 -0.000118352 2.98601e-05 -0.00299669 -0.0110097
8.74 2.51616e-06 -0.000435504 2.27937e-05 3.23839e-05 0.000533436 -0.0108921
8.76 4.17652e-06 -0.000426222 0.00016372 3.75517e-05 0.00405806 -0.01066
8.78 5.71403e-06 -0.000415764 0.000294688 4.20743e-05 0.00733362 -0.0103984
8.8 7.11256e-06 -0.00040499 0.000410334 4.27076e-05 0.010226 -0.010129
8.82 8.37542e-06 -0.00039241 0.000509797 3.52162e-05 0.0127136 -0.00981433
8.84 9.47896e-06 -0.00037424 0.000593917 1.50066e-05 0.0148175 -0.00935991
8.86 1.03441e-05 -0.000344099 0.000661984 -1.90908e-05 0.0165198 -0.00860605
8.88 1.08362e-05 -0.000295104 0.000711034 -6.13421e-05 0.0177466 -0.00738068
8.9 1.0832e-05 -0.000224466 0.00073813 -0.000101404 0.0184243 -0.00561399
8.92 1.03205e-05 -0.000134998 0.000742847 -0.000130811 0.0185423 -0.00337635
8.94 9.42741e-06 -3.30349e-05 0.000727442 -0.000146478 0.018157 -0.000826215
8.96 8.31369e-06 7.3044e-05 0.000694667 -0.000148842 0.0173373 0.00182686
8.98 7.06184e-06 0.000174162 0.00064479 -0.000139224 0.0160898 0.00435586
9 5.67404e-06 0.000263007 0.000574706 -0.000120141 0.014337 0.00657792
9.02 4.12487e-06 0.000335049 0.000481645 -9.6706e-05 0.0120095 0.00837971
9.04 2.43941e-06 0.000387474 0.000368705 -7.56517e-05 0.00918484 0.00969088
9.06 7.52888e-07 0.000418791 0.000245086 -6.21003e-05 0.00609308 0.0104741
9.08 -7.62723e-07 0.000429747 0.000119871 -5.7249e-05 0.00296139 0.0107481
9.1 -2.0673e-06 0.00042398 -3.6223e-06 -5.87899e-05 -0.000127231 0.0106039
9.12 -3.3232e-06 0.000407537 -0.000127751 -6.28347e-05 -0.00323173 0.0101927
9.14 -4.74596e-06 0.000386978 -0.000255466 -6.52279e-05 -0.00642594 0.00967849
9.16 -6.38098e-06 0.000366714 -0.000384219 -6.13928e-05 -0.00964611 0.00917168
9.18 -8.02689e-06 0.000347119 -0.000504066 -4.58023e-05 -0.0126435 0.00868159
9.2 -9.35861e-06 0.000324131 -0.000602274 -1.3872e-05 -0.0150998 0.00810666
9.22 -1.01275e-05 0.000291444 -0.000670528 3.32008e-05 -0.0168068 0.00728915
9.24 -1.02915e-05 0.000245464 -0.000708793 8.58401e-05 -0.0177639 0.00613916
9.26 -1.00074e-05 0.000188507 -0.000723679 0.000130513 -0.0181362 0.00471464
9.28 -9.50808e-06 0.000126307 -0.000723759 0.000157804 -0.0181382 0.003159
9.3 -8.95674e-06 6.28637e-05 -0.000715761 0.000166621 -0.0179381 0.00157225
9.32 -8.39419e-06 -1.79956e-06 -0.000703131 0.000162073 -0.0176222 -4.50076e-05
9.34 -7.7818e-06 -6.91485e-05 -0.000685446 0.000150927 -0.0171799 -0.00172943
9.36 -7.06628e-06 -0.000137678 -0.00065721 0.000138861 -0.0164737 -0.00344339
9.38 -6.1732e-06 -0.000201334 -0.000607702 0.00012968 -0.0152355 -0.00503544
9.4 -4.97038e-06 -0.000253003 -0.000525807 0.000124681 -0.0131873 -0.0063277
9.42 -3.35472e-06 -0.000289502 -0.000408338 0.00012224 -0.0102494 -0.00724057
9.44 -1.40312e-06 -0.000312755 -0.000264156 0.000119007 -0.00664329 -0.00782214
9.46 6.21888e-07 -0.00032666 -0.000110349 0.00011223 -0.00279653 -0.0081699
9.48 2.45194e-06 -0.000333642 3.58712e-05 0.000101042 0.000860505 -0.00834453
9.5 3.97627e-06 -0.000333717 0.000163896 8.59091e-05 0.00406246 -0.00834641
9.52 5.2309e-06 -0.000325637 0.000271421 6.73116e-05 0.00675171 -0.00814432
9.54 6.28432e-06 -0.000308625 0.000361326 4.46861e-05 0.00900026 -0.00771884
9.56 7.16314e-06 -0.000282711 0.000437362 1.63948e-05 0.010902 -0.00707073
9.58 7.85175e-06 -0.000247091 0.000501848 -1.85648e-05 0.0125148 -0.00617984
9.6 8.31406e-06 -0.000199582 0.000555538 -5.83485e-05 0.0138576 -0.00499162
9.62 8.51193e-06 -0.000138668 0.000598159 -9.81252e-05 0.0149236 -0.00346813
9.64 8.42736e-06 -6.52728e-05 0.000628534 -0.000132132 0.0156833 -0.0016325
9.66 8.07404e-06 1.70876e-05 0.00064452 -0.000155705 0.0160831 0.000427368
9.68 7.48849e-06 0.000102455 0.00064352 -0.000166132 0.0160581 0.00256243
9.7 6.71634e-06 0.000182745 0.000623426 -0.000163032 0.0155555 0.00457053
9.72 5.8082e-06 0.000249238 0.000583037 -0.000148795 0.0145453 0.00623353
9.74 4.81726e-06 0.000295036 0.000521882 -0.000128422 0.0130158 0.00737898
9.76 3.7679e-06 0.000317423 0.000440643 -0.000107854 0.010984 0.00793889
9.78 2.64447e-06 0.000318848 0.000341798 -9.14674e-05 0.00851187 0.00797451
9.8 1.42236e-06 0.000305523 0.000228664 -8.0459e-05 0.00568234 0.00764125
9.82 7.86568e-08 0.000284119 0.000103703 -7.28823e-05 0.00255702 0.00710593
9.84 -1.41509e-06 0.000258781 -3.10463e-05 -6.46274e-05 -0.000813125 0.00647223
9.86 -3.05691e-06 0.00023027 -0.000171387 -5.05237e-05 -0.0043231 0.00575914
9.88 -4.73576e-06 0.000197206 -0.000308853 -2.59253e-05 -0.00776119 0.0049322
9.9 -6.21756e-06 0.000158234 -0.000431409 1.0767e-05 -0.0108264 0.0039575
9.92 -7.25703e-06 0.000113349 -0.000527614 5.61517e-05 -0.0132325 0.00283492
9.94 -7.75001e-06 6.34075e-05 -0.00059207 0.000102652 -0.0148446 0.00158585
9.96 -7.78448e-06 9.18496e-06 -0.000627837 0.000141995 -0.0157391 0.00022972
9.98 -7.55156e-06 -4.82525e-05 -0.000643634 0.000168807 -0.0161342 -0.00120681
10 -7.21189e-06 -0.0001065 -0.000648152 0.000182008 -0.0162472 -0.00266361
10.02 -6.83309e-06 -0.000161749 -0.000646034 0.000183836 -0.0161942 -0.00404542
10.04 -6.42434e-06 -0.000210021 -0.000638129 0.00017799 -0.0159965 -0.00525271
10.06 -5.99998e-06 -0.000248803 -0.000624208 0.00016815 -0.0156484 -0.00622266
10.08 -5.59362e-06 -0.000277939 -0.000603499 0.000157197 -0.0151304 -0.00695136
10.1 -5.19206e-06 -0.000298924 -0.000571545 0.00014672 -0.0143312 -0.00747621
10.12 -4.64848e-06 -0.000312979 -0.000518637 0.000136712 -0.013008 -0.00782773
10.14 -3.72803e-06 -0.000319477 -0.000434834 0.000125818 -0.010912 -0.00799024
10.16 -2.30932e-06 -0.000315941 -0.000317913 0.000112254 -0.00798779 -0.00790181
10.18 -5.33964e-07 -0.000299522 -0.000176752 9.46514e-05 -0.00445728 -0.00749118
10.2 1.27403e-06 -0.000268864 -2.79358e-05 7.2262e-05 -0.000735335 -0.0067244
10.22 2.83009e-06 -0.000225179 0.000111518 4.50579e-05 0.00275247 -0.00563183
10.24 4.02392e-06 -0.000171859 0.000230962 1.42628e-05 0.0057398 -0.00429827
10.26 4.89598e-06 -0.000112831 0.000328548 -1.76766e-05 0.00818047 -0.00282196
10.28 5.54743e-06 -5.14623e-05 0.000408313 -4.83122e-05 0.0101754 -0.00128709
10.3 6.06413e-06 9.16719e-06 0.000475071 -7.6301e-05 0.0118451 0.000229275
10.32 6.4756e-06 6.63254e-05 0.000531239 -0.000101094 0.0132498 0.00165882
10.34 6.76024e-06 0.000118508 0.000576749 -0.000121835 0.0143881 0.00296393
10.36 6.89043e-06 0.000165555 0.000610483 -0.000136992 0.0152318 0.00414061
10.38 6.86824e-06 0.000207785 0.000631138 -0.000145096 0.0157484 0.00519678
10.4 6.71041e-06 0.000245213 0.00063664 -0.000145671 0.015886 0.00613289
10.42 6.39686e-06 0.000277159 0.00062275 -0.000139443 0.0155386 0.00693187
10.44 5.83538e-06 0.000302082 0.000582665 -0.000127907 0.014536 0.00755519
10.46 4.907e-06 0.000317944 0.000509631 -0.000112839 0.0127094 0.00795192
10.48 3.55794e-06 0.000322887 0.000402166 -9.60172e-05 0.0100217 0.00807554
10.5 1.8737e-06 0.000315509 0.000267502 -7.90454e-05 0.00665368 0.00789102
10.52 6.82885e-08 0.000294865 0.000118738 -6.28497e-05 0.00293304 0.0073747
10.54 -1.6432e-06 0.00026086 -3.14348e-05 -4.682e-05 -0.000822844 0.00652421
10.56 -3.16147e-06 0.000215117 -0.000174095 -2.87651e-05 -0.00439084 0.00538016
10.58 -4.48659e-06 0.00016146 -0.000303793 -6.5054e-06 -0.00763463 0.00403819
10.6 -5.6242e-06 0.000105138 -0.000417542 2.03278e-05 -0.0104795 0.00262956
10.62 -6.55969e-06 5.11037e-05 -0.000514244 5.02249e-05 -0.0128981 0.00127812
10.64 -7.30057e-06 2.36333e-06 -0.000594148 8.11067e-05 -0.0148965 5.9108e-05
10.66 -7.87739e-06 -4.09904e-05 -0.000657996 0.00011118 -0.0164934 -0.00102519
10.68 -8.28351e-06 -8.15937e-05 -0.000705581 0.0001387 -0.0176835 -0.00204069
10.7 -8.44273e-06 -0.000122963 -0.000734375 0.000161563 -0.0184037 -0.00307536
10.72 -8.2551e-06 -0.000166732 -0.000740069 0.000177568 -0.0185461 -0.00417004
10.74 -7.68209e-06 -0.000211084 -0.00071933 0.000185106 -0.0180274 -0.0052793
10.76 -6.77166e-06 -0.000251598 -0.000672209 0.000183745 -0.0168489 -0.00629256
10.78 -5.63498e-06 -0.0002836 -0.000601253 0.000174459 -0.0150742 -0.00709296
10.8 -4.36532e-06 -0.000304024 -0.000508489 0.000159355 -0.0127542 -0.00760377
10.82 -2.963e-06 -0.000311617 -0.000394913 0.000141003 -0.0099136 -0.00779366
10.84 -1.38933e-06 -0.000306193 -0.000262753 0.000121784 -0.00660822 -0.00765801
10.86 3.29695e-07 -0.000288272 -0.000117023 0.000103341 -0.00296345 -0.00720981
10.88 2.0815e-06 -0.000259574 3.47021e-05 8.59487e-05 0.000831259 -0.00649204
10.9 3.74736e-06 -0.000223536 0.000183786 6.80215e-05 0.00455992 -0.00559073
10.92 5.26289e-06 -0.000184545 0.000322599 4.68101e-05 0.00803168 -0.00461554
10.94 6.60037e-06 -0.000145698 0.000445877 2.02381e-05 0.0111149 -0.00364398
10.96 7.72385e-06 -0.000106876 0.000550291 -1.19137e-05 0.0137263 -0.00267301
10.98 8.57096e-06 -6.51528e-05 0.000633057 -4.83259e-05 0.0157964 -0.0016295
11 9.06539e-06 -1.76215e-05 0.00069161 -8.67606e-05 0.0172608 -0.000440721
11.02 9.15689e-06 3.56599e-05 0.000724877 -0.000124048 0.0180928 0.000891868
11.04 8.87494e-06 9.08749e-05 0.000734668 -0.000156146 0.0183377 0.00227282
11.06 8.34526e-06 0.00014205 0.000725517 -0.000179145 0.0181089 0.00355273
11.08 7.73367e-06 0.00018381 0.000702597 -0.000190738 0.0175356 0.00459717
11.1 7.13213e-06 0.000213795 0.000668236 -0.000190932 0.0166762 0.00534709
11.12 6.48447e-06 0.000233413 0.000618465 -0.000181618 0.0154314 0.00583774
11.14 5.60023e-06 0.000246498 0.000543033 -0.000165406 0.0135448 0.00616503
11.16 4.24703e-06 0.00025675 0.000431836 -0.000144603 0.0107638 0.00642142
11.18 2.32845e-06 0.000265427 0.000283837 -0.000121148 0.00706225 0.00663843
11.2 8.96923e-09 0.000270717 0.00010957 -9.69998e-05 0.00270375 0.00677074
11.22 -2.37587e-06 0.000269237 -7.42735e-05 -7.36677e-05 -0.00189425 0.00673373
11.24 -4.54645e-06 0.000258392 -0.000251545 -5.08793e-05 -0.00632789 0.00646248
11.26 -6.38995e-06 0.000237597 -0.00041034 -2.6221e-05 -0.0102994 0.00594241
11.28 -7.8771e-06 0.000207796 -0.000543644 3.07037e-06 -0.0136334 0.00519706
11.3 -8.96427e-06 0.000170309 -0.000648118 3.78955e-05 -0.0162463 0.00425949
11.32 -9.61223e-06 0.000126435 -0.000722855 7.69813e-05 -0.0181156 0.0031622
11.34 -9.84799e-06 7.82542e-05 -0.000769546 0.000118038 -0.0192833 0.00195717
11.36 -9.7694e-06 2.95214e-05 -0.000793104 0.000158415 -0.0198725 0.000738342
11.38 -9.50779e-06 -1.49438e-05 -0.000800793 0.000194864 -0.0200648 -0.000373751
11.4 -9.19189e-06 -5.15357e-05 -0.00079949 0.000223622 -0.0200322 -0.00128893
11.42 -8.9078e-06 -8.01274e-05 -0.000792692 0.000241469 -0.0198622 -0.00200402
11.44 -8.64217e-06 -0.000104417 -0.000778758 0.000246888 -0.0195137 -0.00261152
11.46 -8.25128e-06 -0.000129804 -0.000750213 0.000240312 -0.0187998 -0.00324645
11.48 -7.51826e-06 -0.000159998 -0.000694769 0.000223528 -0.0174131 -0.00400162
11.5 -6.24234e-06 -0.000194323 -0.000600587 0.000199013 -0.0150576 -0.00486011
11.52 -4.35528e-06 -0.000227195 -0.000464424 0.000169708 -0.0116521 -0.00568225
11.54 -2.01974e-06 -0.000250564 -0.000294967 0.000138898 -0.00741393 -0.00626671
11.56 4.39004e-07 -0.000258436 -0.000108089 0.000109452 -0.00274002 -0.00646358
11.58 2.74025e-06 -0.000250347 7.98802e-05 8.24733e-05 0.00196116 -0.00626128
11.6 4.77722e-06 -0.000230845 0.000255656 5.65787e-05 0.00635738 -0.00577352
11.62 6.53574e-06 -0.000205674 0.000409861 2.89197e-05 0.0102141 -0.005144
11.64 7.96946e-06 -0.000178588 0.000537206 -2.79906e-06 0.0133991 -0.00446656
11.66 9.01878e-06 -0.000151247 0.000636453 -3.9198e-05 0.0158813 -0.00378276
11.68 9.706e-06 -0.000124585 0.000709857 -7.9441e-05 0.0177172 -0.00311592
11.7 1.01326e-05 -9.88861e-05 0.000761829 -0.000121635 0.019017 -0.00247318
11.72 1.03786e-05 -7.25996e-05 0.000796898 -0.000162751 0.0198941 -0.00181575
11.74 1.04428e-05 -4.19284e-05 0.000817873 -0.000198698 0.0204187 -0.00104865
11.76 1.02815e-05 -2.44238e-06 0.000825429 -0.000225167 0.0206077 -6.10847e-05
11.78 9.87895e-06 4.79877e-05 0.000819296 -0.000238928 0.0204543 0.00120019
11.8 9.27297e-06 0.000106986 0.000799205 -0.000238664 0.0199518 0.00267577
11.82 8.50964e-06 0.000168054 0.000763018 -0.000225049 0.0190468 0.0042031
11.84 7.57644e-06 0.000223477 0.000703281 -0.000200482 0.0175527 0.00558925
11.86 6.33445e-06 0.000267586 0.000608519 -0.000168683 0.0151827 0.00669244
11.88 4.58637e-06 0.000298111 0.000471574 -0.000134121 0.0117576 0.00745588
11.9 2.29867e-06 0.000315348 0.000297136 -0.000101205 0.0073949 0.00788698
11.92 -2.86693e-07 0.000320684 0.000101242 -7.30263e-05 0.0024955 0.00802045
11.94 -2.79711e-06 0.000316035 -9.54566e-05 -4.99701e-05 -0.00242402 0.00790418
11.96 -4.97517e-06 0.000303925 -0.000275783 -2.92991e-05 -0.00693407 0.00760129
11.98 -6.76754e-06 0.000286864 -0.000431389 -6.5449e-06 -0.0108258 0.00717459
12 -8.2371e-06 0.000266108 -0.000562158 2.20908e-05 -0.0140964 0.00665547
12.02 -9.44146e-06 0.000241254 -0.000670848 5.80371e-05 -0.0168148 0.00603386
12.04 -1.03757e-05 0.000210965 -0.000758584 0.000100053 -0.0190091 0.00527633
12.06 -1.09887e-05 0.000174096 -0.000824837 0.000144702 -0.0206662 0.00435422
12.08 -1.12505e-05 0.000130868 -0.000870172 0.000187094 -0.0218001 0.00327306
12.1 -1.12171e-05 8.34056e-05 -0.000898001 0.000221989 -0.0224962 0.00208601
12.12 -1.10223e-05 3.47692e-05 -0.000913481 0.000245185 -0.0228834 0.000869593
12.14 -1.07903e-05 -1.28283e-05 -0.000920628 0.00025474 -0.0230621 -0.000320842
12.16 -1.05559e-05 -5.88933e-05 -0.000919916 0.000251375 -0.0230443 -0.00147295
12.18 -1.02434e-05 -0.00010403 -0.000907305 0.000237622 -0.0227289 -0.00260183
12.2 -9.71103e-06 -0.000148712 -0.000873705 0.000216384 -0.0218886 -0.00371935
12.22 -8.79478e-06 -0.000192295 -0.000806284 0.000190366 -0.0202023 -0.00480937
12.24 -7.32634e-06 -0.000232584 -0.000694773 0.000162371 -0.0174134 -0.00581703
12.26 -5.23651e-06 -0.00026653 -0.000539142 0.000135307 -0.013521 -0.00666603
12.28 -2.67945e-06 -0.000291676 -0.000351071 0.000111622 -0.00881729 -0.00729494
12.3 2.07988e-08 -0.00030689 -0.000148525 9.25168e-05 -0.00375153 -0.00767546
12.32 2.58077e-06 -0.000312129 5.12822e-05 7.71641e-05 0.00124574 -0.00780647
12.34 4.88309e-06 -0.000307869 0.000236139 6.24069e-05 0.00586909 -0.00769992
12.36 6.89974e-06 -0.000294343 0.000398984 4.37185e-05 0.0099419 -0.00736165
12.38 8.56377e-06 -0.000271077 0.000535233 1.71756e-05 0.0133495 -0.00677975
12.4 9.75692e-06 -0.000237603 0.000640785 -1.8659e-05 0.0159895 -0.00594254
12.42 1.03983e-05 -0.000194709 0.000713291 -6.17604e-05 0.0178029 -0.00486976
12.44 1.05232e-05 -0.000144785 0.000755143 -0.000106954 0.0188496 -0.00362112
12.46 1.02882e-05 -9.11935e-05 0.000774211 -0.000147593 0.0193266 -0.00228079
12.48 9.9052e-06 -3.73015e-05 0.000780647 -0.000177887 0.0194875 -0.000932925
12.5 9.54133e-06 1.44244e-05 0.000782142 -0.000194656 0.0195249 0.00036076
12.52 9.25133e-06 6.26255e-05 0.000781357 -0.00019784 0.0195053 0.00156629
12.54 8.99611e-06 0.000106388 0.000776607 -0.000189821 0.0193865 0.00266082
12.56 8.69762e-06 0.000144437 0.000762818 -0.000174145 0.0190416 0.00361244
12.58 8.26561e-06 0.000174957 0.000730122 -0.000154419 0.0182239 0.00437574
12.6 7.53232e-06 0.000196168 0.000663862 -0.00013355 0.0165667 0.00490624
12.62 6.24156e-06 0.000207292 0.000551681 -0.000113341 0.013761 0.00518445
12.64 4.25201e-06 0.00020905 0.000393118 -9.47156e-05 0.00979527 0.00522842
12.66 1.73396e-06 0.000203168 0.000201693 -7.80944e-05 0.00500765 0.00508131
12.68 -9.12578e-07 0.000191848 -1.18218e-06 -6.29729e-05 -6.63494e-05 0.00479821
12.7 -3.34014e-06 0.000177895 -0.000194357 -4.71418e-05 -0.00489773 0.00444922
12.72 -5.40179e-06 0.000164259 -0.000363212 -2.73792e-05 -0.00912088 0.00410818
12.74 -7.07959e-06 0.000152725 -0.000502072 -1.57584e-06 -0.0125938 0.00381972
12.76 -8.38573e-06 0.00014349 -0.00061195 3.00541e-05 -0.0153419 0.00358874
12.78 -9.35232e-06 0.000136128 -0.000696535 6.56579e-05 -0.0174574 0.00340462
12.8 -1.00391e-05 0.000130023 -0.000759873 0.000102806 -0.0190416 0.00325194
12.82 -1.04974e-05 0.000123263 -0.000805305 0.000138779 -0.0201779 0.00308286
12.84 -1.07285e-05 0.000111837 -0.000834143 0.00017054 -0.0208991 0.00279708
12.86 -1.06862e-05 9.09904e-05 -0.000845124 0.000195023 -0.0211738 0.00227571
12.88 -1.0326e-05 5.79845e-05 -0.000835753 0.000209665 -0.0209394 0.00145022
12.9 -9.6365e-06 1.41673e-05 -0.000803982 0.000212859 -0.0201448 0.000354331
12.92 -8.64406e-06 -3.51292e-05 -0.000747175 0.000204302 -0.018724 -0.000878597
12.94 -7.36499e-06 -8.27439e-05 -0.000660051 0.000185551 -0.016545 -0.00206946
12.96 -5.73704e-06 -0.000122157 -0.000537537 0.000160189 -0.0134809 -0.0030552
12.98 -3.69505e-06 -0.000149079 -0.000380959 0.000132885 -0.00956482 -0.00372852
13 -1.3294e-06 -0.000162033 -0.0002005 0.000107823 -0.00505144 -0.00405252
13.02 1.09837e-06 -0.000162249 -1.23799e-05 8.73398e-05 -0.000346489 -0.00405791
13.04 3.32098e-06 -0.000153466 0.000166439 7.09976e-05 0.00412585 -0.00383824
13.06 5.20982e-06 -0.000141065 0.000323689 5.55129e-05 0.00805873 -0.00352809
13.08 6.76613e-06 -0.000129532 0.000454705 3.61069e-05 0.0113355 -0.00323964
13.1 8.03161e-06 -0.000120059 0.000560837 8.60169e-06 0.0139899 -0.00300272
13.12 9.02677e-06 -0.000110946 0.000645224 -2.88765e-05 0.0161005 -0.00277481
13.14 9.74114e-06 -9.98692e-05 0.000709996 -7.48648e-05 0.0177205 -0.00249777
13.16 1.0158e-05 -8.52395e-05 0.000756418 -0.000124435 0.0188815 -0.00213188
13.18 1.02918e-05 -6.62846e-05 0.000786178 -0.000170553 0.0196258 -0.00165781
13.2 1.02045e-05 -4.30398e-05 0.000801814 -0.000206503 0.0200169 -0.00107644
13.22 9.98018e-06 -1.64734e-05 0.000806084 -0.000227926 0.0201237 -0.000412007
13.24 9.68891e-06 1.14921e-05 0.000800914 -0.000233614 0.0199944 0.000287422
13.26 9.35969e-06 3.8036e-05 0.000785727 -0.000225177 0.0196145 0.000951296
13.28 8.94822e-06 5.99951e-05 0.000754574 -0.000206062 0.0188354 0.0015005
13.3 8.30909e-06 7.54176e-05 0.000694787 -0.000180453 0.0173401 0.00188623
13.32 7.18998e-06 8.53407e-05 0.000592091 -0.000152235 0.0147716 0.00213441
13.34 5.36339e-06 9.41393e-05 0.000440248 -0.000124299 0.010974 0.00235446
13.36 2.83359e-06 0.000107613 0.000246076 -9.8417e-05 0.00611765 0.00269146
13.38 -1.36177e-07 0.00012985 2.65503e-05 -7.51928e-05 0.000627235 0.00324761
13.4 -3.1984e-06 0.000160969 -0.000197184 -5.37267e-05 -0.00496845 0.00402591
13.42 -6.07866e-06 0.00019676 -0.000405407 -3.15712e-05 -0.0101762 0.00492105
13.44 -8.57279e-06 0.000229976 -0.000583583 -5.56376e-06 -0.0146325 0.0057518
13.46 -1.05014e-05 0.00025317 -0.000723049 2.68266e-05 -0.0181206 0.00633189
13.48 -1.17402e-05 0.000262068 -0.000819872 6.63054e-05 -0.0205422 0.00655443
13.5 -1.2281e-05 0.000256826 -0.000874705 0.000111081 -0.0219137 0.00642332
13.52 -1.22382e-05 0.000239977 -0.000893594 0.000157098 -0.0223861 0.00600193
13.54 -1.17997e-05 0.00021348 -0.000887096 0.000199287 -0.0222236 0.00533921
13.56 -1.1162e-05 0.000177936 -0.00086665 0.000233057 -0.0217122 0.00445026
13.58 -1.0471e-05 0.000134125 -0.000840205 0.000255057 -0.0210508 0.00335453
13.6 -9.78358e-06 8.45619e-05 -0.000809985 0.000263209 -0.020295 0.00211493
13.62 -9.07174e-06 3.31909e-05 -0.000772618 0.000256791 -0.0193604 0.000830119
13.64 -8.25484e-06 -1.68324e-05 -0.000718789 0.000236782 -0.0180142 -0.000420985
13.66 -7.16413e-06 -6.50311e-05 -0.000634504 0.00020602 -0.0159062 -0.00162645
13.68 -5.55092e-06 -0.000112891 -0.000508281 0.000168979 -0.0127493 -0.00282344
13.7 -3.26529e-06 -0.000161161 -0.00033904 0.000131154 -0.00851648 -0.0040307
13.72 -4.33248e-07 -0.000207819 -0.000138019 9.76696e-05 -0.00348887 -0.00519763
13.74 2.57439e-06 -0.000248844 7.40537e-05 7.10795e-05 0.00181515 -0.00622368
13.76 5.34224e-06 -0.000281256 0.00027247 4.99171e-05 0.00677763 -0.00703434
13.78 7.5655e-06 -0.000305079 0.000436527 2.97646e-05 0.0108808 -0.00763016
13.8 9.10936e-06 -0.000322232 0.000556799 5.98556e-06 0.0138888 -0.00805915
13.82 1.00298e-05 -0.000334299 0.000636892 -2.4301e-05 0.015892 -0.00836096
13.84 1.05401e-05 -0.00034175 0.00068923 -6.16228e-05 0.017201 -0.0085473
13.86 1.08895e-05 -0.000344433 0.000728285 -0.000104032 0.0181778 -0.0086144
13.88 1.12328e-05 -0.000341862 0.000764794 -0.000147425 0.0190909 -0.00855011
13.9 1.15956e-05 -0.000332897 0.000803098 -0.000186695 0.0200489 -0.0083259
13.92 1.1931e-05 -0.000315515 0.000842052 -0.000217094 0.0210232 -0.00789117
13.94 1.21833e-05 -0.000287295 0.000877795 -0.000235076 0.0219172 -0.00718536
13.96 1.23128e-05 -0.000246519 0.000905812 -0.000238935 0.022618 -0.00616555
13.98 1.22805e-05 -0.000192909 0.000920048 -0.00022929 0.0229741 -0.00482473
14 1.19699e-05 -0.000127268 0.000908732 -0.000208646 0.0226911 -0.00318303
14.02 1.11231e-05 -5.08355e-05 0.000853667 -0.000180451 0.0213139 -0.00127142
14.04 9.42638e-06 3.4171e-05 0.00073996 -0.000148661 0.0184701 0.000854632
14.06 6.78591e-06 0.00012256 0.000569686 -0.000117457 0.0142114 0.00306529
14.08 3.56323e-06 0.000204867 0.000365447 -9.03385e-05 0.00910332 0.00512381
14.1 4.37713e-07 0.000269739 0.000159521 -6.88106e-05 0.00395302 0.00674628
14.12 -2.03975e-06 0.000310151 -2.19258e-05 -5.18257e-05 -0.00058503 0.00775701
14.14 -3.77978e-06 0.000328657 -0.000169159 -3.67618e-05 -0.00426738 0.00821985
14.16 -5.08874e-06 0.000336146 -0.000289004 -2.1117e-05 -0.00726477 0.00840715
14.18 -6.35208e-06 0.000344664 -0.000395292 -3.257e-06 -0.00992307 0.00862018
14.2 -7.75974e-06 0.000360299 -0.000496996 1.8202e-05 -0.0124667 0.00901123
14.22 -9.22313e-06 0.000380971 -0.000592922 4.48884e-05 -0.0148659 0.00952824
14.24 -1.04726e-05 0.000399237 -0.00067462 7.76568e-05 -0.0169092 0.00998508
14.26 -1.12433e-05 0.000406598 -0.000732555 0.000114575 -0.0183582 0.0101692
14.28 -1.14161e-05 0.000395679 -0.000760714 0.000149751 -0.0190625 0.00989609
14.3 -1.10264e-05 0.000360356 -0.000758538 0.00017466 -0.0190081 0.00901264
14.32 -1.01906e-05 0.000296947 -0.000731157 0.000182091 -0.0183233 0.00742678
14.34 -9.0651e-06 0.000207518 -0.000687933 0.000170285 -0.0172422 0.00519012
14.36 -7.8449e-06 0.000102109 -0.000637877 0.000144074 -0.0159903 0.0025538
14.38 -6.70542e-06 -3.52362e-06 -0.000583663 0.000112289 -0.0146344 -8.8127e-05
14.4 -5.65734e-06 -9.44914e-05 -0.000518507 8.34273e-05 -0.0130048 -0.00236327
14.42 -4.48147e-06 -0.00016373 -0.000429942 6.25742e-05 -0.0107897 -0.00409495
14.44 -2.89297e-06 -0.0002144 -0.000309296 5.07846e-05 -0.00777234 -0.00536224
14.46 -7.91002e-07 -0.000256145 -0.000158252 4.57668e-05 -0.00399467 -0.00640629
14.48 1.67227e-06 -0.000298346 1.23181e-05 4.27019e-05 0.000271361 -0.00746176
14.5 4.23541e-06 -0.000344935 0.000187107 3.57796e-05 0.00464291 -0.00862696
14.52 6.66145e-06 -0.000393101 0.000350123 2.09975e-05 0.00871999 -0.00983161
14.54 8.73276e-06 -0.000435421 0.000487102 -1.56613e-06 0.0121459 -0.0108901
14.56 1.02254e-05 -0.000463477 0.000587381 -2.85146e-05 0.0146539 -0.0115917
14.58 1.09798e-05 -0.000470753 0.000645836 -5.63485e-05 0.0161159 -0.0117737
14.6 1.09968e-05 -0.000453584 0.000664862 -8.33271e-05 0.0165918 -0.0113443
14.62 1.04438e-05 -0.000410936 0.000654632 -0.00010801 0.0163359 -0.0102777
14.64 9.57905e-06 -0.000344902 0.000630111 -0.000127399 0.0157226 -0.00862613
14.66 8.67064e-06 -0.000261874 0.00060576 -0.000138061 0.0151136 -0.00654958
14.68 7.93921e-06 -0.000171806 0.000590021 -0.00013901 0.0147199 -0.00429694
14.7 7.46235e-06 -8.42627e-05 0.000580966 -0.000132513 0.0144935 -0.00210744
14.72 7.07948e-06 -3.88493e-06 0.000563913 -0.000121716 0.014067 -9.71635e-05
14.74 6.38868e-06 7.08018e-05 0.000514677 -0.000107991 0.0128356 0.00177078
14.76 4.92711e-06 0.000144202 0.000413237 -9.0999e-05 0.0102985 0.00360656
14.78 2.53675e-06 0.000218914 0.00025992 -7.09491e-05 0.00646399 0.00547514
14.8 -4.07971e-07 0.000293021 7.7731e-05 -4.99639e-05 0.00190737 0.00732859
14.82 -3.22047e-06 0.000360729 -0.000101398 -3.09774e-05 -0.00257273 0.00902197
14.84 -5.40087e-06 0.000415166 -0.000253085 -1.58136e-05 -0.00636647 0.0103835
14.86 -6.89171e-06 0.000451015 -0.000368185 -4.66995e-06 -0.00924517 0.0112801
14.88 -7.89145e-06 0.000465374 -0.000450045 3.40018e-06 -0.0112925 0.0116392
14.9 -8.54776e-06 0.000457507 -0.000506372 1.08631e-05 -0.0127013 0.0114424
14.92 -8.8748e-06 0.000429219 -0.000543344 2.22547e-05 -0.013626 0.010735
14.94 -8.87835e-06 0.000385431 -0.000566013 4.23137e-05 -0.0141929 0.0096398
14.96 -8.67079e-06 0.000332381 -0.000581285 7.20925e-05 -0.0145749 0.00831299
14.98 -8.44224e-06 0.000273692 -0.000596901 0.000106862 -0.0149655 0.00684514
15 -8.31569e-06 0.000208281 -0.000615896 0.000138232 -0.0154405 0.0052092
15.02 -8.22309e-06 0.000132754 -0.000632148 0.000158463 -0.015847 0.00332023
15.04 -7.91002e-06 4.61934e-05 -0.000631218 0.000163231 -0.0158237 0.00115532
15.06 -7.08989e-06 -4.69631e-05 -0.000596299 0.000151944 -0.0149504 -0.00117457
15.08 -5.62545e-06 -0.000138198 -0.000516196 0.000127395 -0.012947 -0.0034564
15.1 -3.58709e-06 -0.000219204 -0.000391497 9.55579e-05 -0.00982822 -0.00548237
15.12 -1.20298e-06 -0.000286035 -0.000235742 6.42835e-05 -0.00593273 -0.00715386
15.14 1.22919e-06 -0.000339973 -7.01169e-05 4.03021e-05 -0.00179037 -0.00850288
15.16 3.43346e-06 -0.000384331 8.49804e-05 2.64113e-05 0.00208868 -0.00961229
15.18 5.23349e-06 -0.000420317 0.000216619 2.10786e-05 0.00538102 -0.0105123
15.2 6.5936e-06 -0.000445833 0.000322019 2.02784e-05 0.00801711 -0.0111505
15.22 7.60155e-06 -0.000457447 0.000406441 1.94419e-05 0.0101285 -0.0114409
15.24 8.39525e-06 -0.00045271 0.000477725 1.39786e-05 0.0119114 -0.0113225
15.26 9.06894e-06 -0.000430751 0.000541428 -8.39299e-07 0.0135046 -0.0107733
15.28 9.6207e-06 -0.000391104 0.000599108 -2.8404e-05 0.0149472 -0.00978168
15.3 9.97524e-06 -0.000332642 0.000648861 -6.74174e-05 0.0161916 -0.00831952
15.32 1.00511e-05 -0.000255263 0.000686795 -0.000110204 0.0171403 -0.00638424
15.34 9.81578e-06 -0.00016275 0.000708965 -0.000146081 0.0176948 -0.00407046
15.36 9.29979e-06 -6.23841e-05 0.000712641 -0.000167366 0.0177867 -0.00156025
15.38 8.55622e-06 3.82783e-05 0.000695629 -0.000172215 0.0173613 0.000957356
15.4 7.58259e-06 0.000133509 0.000654605 -0.000162806 0.0163352 0.00333911
15.42 6.313e-06 0.000219722 0.000585214 -0.000142668 0.0145997 0.00549535
15.44 4.68553e-06 0.000295553 0.000485832 -0.000116147 0.0121141 0.0073919
15.46 2.74258e-06 0.000361368 0.000362122 -8.87221e-05 0.0090201 0.00903798
15.48 6.80286e-07 0.000417465 0.000226585 -6.58391e-05 0.00563027 0.010441
15.5 -1.24328e-06 0.000462266 9.29569e-05 -5.07416e-05 0.00228818 0.0115615
15.52 -2.85719e-06 0.000492399 -2.95448e-05 -4.3565e-05 -0.00077564 0.0123151
15.54 -4.15486e-06 0.000504378 -0.000139115 -4.21388e-05 -0.00351604 0.0126147
15.56 -5.25389e-06 0.000496163 -0.000240474 -4.26946e-05 -0.00605107 0.0124093
15.58 -6.29861e-06 0.000467832 -0.000339859 -3.96198e-05 -0.00853672 0.0117007
15.6 -7.35426e-06 0.000421937 -0.000438805 -2.60875e-05 -0.0110114 0.0105528
15.62 -8.33599e-06 0.000362464 -0.000531554 2.53239e-06 -0.0133311 0.00906538
15.64 -9.03837e-06 0.000291914 -0.000607701 4.43337e-05 -0.0152356 0.00730089
15.66 -9.26928e-06 0.000210488 -0.000657899 9.05042e-05 -0.016491 0.0052644
15.68 -8.98147e-06 0.000119003 -0.000678799 0.000130201 -0.0170138 0.00297632
15.7 -8.29277e-06 2.16006e-05 -0.000674116 0.000155927 -0.0168966 0.00054024
15.72 -7.39824e-06 -7.47155e-05 -0.000651715 0.000165206 -0.0163364 -0.00186867
15.74 -6.46481e-06 -0.000163038 -0.00061929 0.000159362 -0.0155254 -0.00407765
15.76 -5.57839e-06 -0.000239309 -0.000581126 0.00014222 -0.0145709 -0.00598523
15.78 -4.74473e-06 -0.000302446 -0.000536864 0.000119496 -0.0134639 -0.00756431
15.8 -3.89533e-06 -0.000352281 -0.000481807 9.76431e-05 -0.0120869 -0.00881068
15.82 -2.90846e-06 -0.000387771 -0.000409283 8.16999e-05 -0.010273 -0.00969831
15.84 -1.68638e-06 -0.000406667 -0.000314983 7.33805e-05 -0.00791458 -0.0101709
15.86 -2.40585e-07 -0.000406481 -0.000200115 7.07665e-05 -0.00504168 -0.0101662
15.88 1.30503e-06 -0.000386552 -7.13622e-05 6.95267e-05 -0.00182151 -0.00966782
15.9 2.80179e-06 -0.000349808 6.14326e-05 6.46813e-05 0.00149974 -0.00874883
15.92 4.15178e-06 -0.00030193 0.000188031 5.21456e-05 0.00466602 -0.00755139
15.94 5.29512e-06 -0.000247985 0.000299614 3.0077e-05 0.00745674 -0.00620222
15.96 6.15905e-06 -0.000189967 0.000389554 -8.9577e-08 0.00970618 -0.00475117
15.98 6.6643e-06 -0.000127817 0.000454461 -3.40024e-05 0.0113295 -0.00319676
16 6.79662e-06 -6.21355e-05 0.00049554 -6.64243e-05 0.0123569 -0.00155404
16.02 6.65487e-06 4.25425e-06 0.000518598 -9.33425e-05 0.0129336 0.000106401
16.04 6.40902e-06 6.67891e-05 0.000531854 -0.000112721 0.0132652 0.00167042
16.06 6.20373e-06 0.000121749 0.000542311 -0.000124132 0.0135267 0.003045
16.08 6.08419e-06 0.000169176 0.00055242 -0.000128278 0.0137795 0.00423116
16.1 5.98555e-06 0.000212538 0.000558858 -0.000126694 0.0139406 0.00531565
16.12 5.76378e-06 0.000254545 0.000553357 -0.000121197 0.013803 0.00636628
16.14 5.25778e-06 0.000293364 0.000524638 -0.000113096 0.0130847 0.00733716
16.16 4.34953e-06 0.000322943 0.000462329 -0.000102889 0.0115263 0.00807694
16.18 3.01163e-06 0.000336582 0.00036336 -9.08075e-05 0.00905106 0.00841806
16.2 1.3642e-06 0.000330513 0.000235983 -7.75151e-05 0.00586531 0.00826626
16.22 -3.36967e-07 0.000305229 9.64747e-05 -6.40305e-05 0.00237616 0.00763391
16.24 -1.83347e-06 0.000264342 -3.86886e-05 -5.08568e-05 -0.00100433 0.00661129
16.26 -3.01306e-06 0.00021236 -0.000159048 -3.72105e-05 -0.00401457 0.00531122
16.28 -3.922e-06 0.00015325 -0.000261705 -2.13006e-05 -0.00658206 0.00383284
16.3 -4.65474e-06 9.04489e-05 -0.000348504 -1.44725e-06 -0.00875295 0.00226217
16.32 -5.25686e-06 2.75177e-05 -0.000421384 2.30429e-05 -0.0105757 0.00068823
16.34 -5.70991e-06 -3.20368e-05 -0.000479739 5.16032e-05 -0.0120352 -0.000801255
16.36 -5.96738e-06 -8.60307e-05 -0.000521777 8.22924e-05 -0.0130866 -0.00215166
16.38 -6.00405e-06 -0.000134645 -0.000547576 0.000111766 -0.0137318 -0.00336753
16.4 -5.85051e-06 -0.000179853 -0.00055985 0.000135862 -0.0140388 -0.00449819
16.42 -5.57555e-06 -0.000223314 -0.000561572 0.000150979 -0.0140819 -0.00558517
16.44 -5.22515e-06 -0.000264282 -0.00055313 0.000155495 -0.0138707 -0.00660979
16.46 -4.77596e-06 -0.000299091 -0.000531627 0.000150295 -0.0133329 -0.0074804
16.48 -4.16679e-06 -0.000322502 -0.000492511 0.000138198 -0.0123546 -0.0080659
16.5 -3.36812e-06 -0.000329904 -0.000432485 0.00012277 -0.0108533 -0.00825104
16.52 -2.40636e-06 -0.00031909 -0.000352212 0.000107041 -0.00884569 -0.00798058
16.54 -1.35093e-06 -0.000290981 -0.000256608 9.27139e-05 -0.00645458 -0.00727755
16.56 -2.79432e-07 -0.000249248 -0.000152091 7.98818e-05 -0.00384059 -0.00623381
16.58 7.6597e-07 -0.00019898 -4.38655e-05 6.70113e-05 -0.00113381 -0.00497658
16.6 1.78706e-06 -0.000145069 6.41822e-05 5.15814e-05 0.00156851 -0.00362824
16.62 2.7849e-06 -9.10099e-05 0.000168463 3.15037e-05 0.00417661 -0.00227619
16.64 3.72287e-06 -3.83719e-05 0.000265728 6.32052e-06 0.00660926 -0.000959696
16.66 4.55181e-06 1.27523e-05 0.000353587 -2.27522e-05 0.00880665 0.000318941
16.68 5.24986e-06 6.25399e-05 0.000430251 -5.35922e-05 0.0107241 0.00156415
16.7 5.80914e-06 0.00011046 0.000493806 -8.37759e-05 0.0123136 0.00276265
16.72 6.19803e-06 0.000155178 0.000542005 -0.000110757 0.0135191 0.00388105
16.74 6.37023e-06 0.000195015 0.000572992 -0.000132117 0.014294 0.00487739
16.76 6.31481e-06 0.000228385 0.000586324 -0.000146141 0.0146275 0.00571201
16.78 6.0755e-06 0.000253996 0.000582997 -0.000152297 0.0145443 0.00635256
16.8 5.70822e-06 0.000270853 0.000563814 -0.000151171 0.0140645 0.00677415
16.82 5.21276e-06 0.00027818 0.000527452 -0.000144006 0.0131551 0.0069574
16.84 4.5314e-06 0.000275466 0.000470882 -0.000132196 0.0117402 0.00688951
16.86 3.61562e-06 0.000262743 0.000392763 -0.000116938 0.00978646 0.00657131
16.88 2.498e-06 0.000240739 0.0002964 -9.91953e-05 0.00737636 0.00602097
16.9 1.29543e-06 0.000210534 0.00018838 -7.98404e-05 0.00467476 0.00526555
16.92 1.13324e-07 0.000173195 7.46944e-05 -5.95464e-05 0.00183142 0.00433169
16.94 -1.03055e-06 0.000129918 -4.05665e-05 -3.85198e-05 -0.0010513 0.0032493
16.96 -2.15879e-06 8.22163e-05 -0.000153229 -1.64682e-05 -0.00386905 0.00205626
16.98 -3.22529e-06 3.16815e-05 -0.000257391 7.12037e-06 -0.00647418 0.000792368
17 -4.10289e-06 -2.02005e-05 -0.000346496 3.26179e-05 -0.00870273 -0.000505223
17.02 -4.69032e-06 -7.18669e-05 -0.0004163 5.99459e-05 -0.0104485 -0.00179742
17.04 -5.00152e-06 -0.00012159 -0.000466892 8.82172e-05 -0.0117139 -0.00304101
17.06 -5.1338e-06 -0.000167617 -0.000501578 0.000115477 -0.0125814 -0.00419218
17.08 -5.16677e-06 -0.000208171 -0.000523695 0.000138973 -0.0131345 -0.00520645
17.1 -5.11193e-06 -0.00024137 -0.000534703 0.000155972 -0.0134099 -0.00603676
17.12 -4.95366e-06 -0.000265468 -0.000535067 0.000164618 -0.013419 -0.00663947
17.14 -4.71503e-06 -0.000279232 -0.000526055 0.00016444 -0.0131936 -0.0069837
17.16 -4.46211e-06 -0.00028198 -0.000509683 0.000156457 -0.0127841 -0.00705244
17.18 -4.23769e-06 -0.000273376 -0.000486221 0.000142769 -0.0121973 -0.00683724
17.2 -3.99584e-06 -0.000253465 -0.000451879 0.000125649 -0.0113384 -0.00633927
17.22 -3.60513e-06 -0.000223006 -0.0004001 0.000106611 -0.0100434 -0.00557748
17.24 -2.94028e-06 -0.000183595 -0.000326352 8.612e-05 -0.00819891 -0.00459179
17.26 -1.99175e-06 -0.000137499 -0.000232206 6.41549e-05 -0.0058443 -0.00343892
17.28 -8.81892e-07 -8.72862e-05 -0.000125208 4.09879e-05 -0.00316822 -0.00218306
17.3 2.27649e-07 -3.52001e-05 -1.51852e-05 1.72312e-05 -0.000416505 -0.000880369
17.32 1.23782e-06 1.73068e-05 8.98413e-05 -6.68714e-06 0.00221025 0.00043285
17.34 2.12798e-06 6.93064e-05 0.00018537 -3.0644e-05 0.00459948 0.00173338
17.36 2.90181e-06 0.000119475 0.000269243 -5.43414e-05 0.00669715 0.00298811
17.38 3.54426e-06 0.000165314 0.000339715 -7.69059e-05 0.0084597 0.00413457
17.4 4.03214e-06 0.000203461 0.000395274 -9.70175e-05 0.00984925 0.00508865
17.42 4.37045e-06 0.000231243 0.000435936 -0.000113368 0.0108662 0.00578348
17.44 4.60123e-06 0.000248257 0.000463595 -0.000125024 0.011558 0.00620902
17.46 4.76471e-06 0.000256403 0.000480232 -0.000131503 0.0119741 0.00641275
17.48 4.84911e-06 0.000258217 0.000485692 -0.000132658 0.0121106 0.00645812
17.5 4.79053e-06 0.000254963 0.000477456 -0.000128557 0.0119047 0.00637673
17.52 4.5273e-06 0.000245925 0.000452633 -0.000119376 0.0112838 0.00615068
17.54 4.05759e-06 0.000229223 0.000409978 -0.000105332 0.010217 0.00573297
17.56 3.4349e-06 0.000203321 0.000350047 -8.67589e-05 0.0087181 0.00508514
17.58 2.70319e-06 0.000167967 0.00027444 -6.44685e-05 0.00682714 0.00420094
17.6 1.86766e-06 0.000123897 0.000185751 -4.01578e-05 0.004609 0.00309871
17.62 9.36697e-07 7.1925e-05 8.79781e-05 -1.61093e-05 0.00216365 0.00179887
17.64 -3.16296e-08 1.29217e-05 -1.32714e-05 5.95508e-06 -0.00036864 0.000323177
17.66 -9.39998e-07 -5.1043e-05 -0.000111178 2.57786e-05 -0.00281732 -0.00127661
17.68 -1.70331e-06 -0.000115926 -0.000199273 4.42775e-05 -0.00502062 -0.00289937
17.7 -2.29021e-06 -0.000176578 -0.0002736 6.24049e-05 -0.00687956 -0.00441628
17.72 -2.72994e-06 -0.000228546 -0.000333693 8.02887e-05 -0.00838253 -0.00571604
17.74 -3.08492e-06 -0.000269384 -0.000381589 9.72086e-05 -0.00958041 -0.00673742
17.76 -3.40544e-06 -0.000298833 -0.00041973 0.000112037 -0.0105343 -0.00747394
17.78 -3.69589e-06 -0.00031807 -0.000449096 0.000123604 -0.0112688 -0.00795507
17.8 -3.91556e-06 -0.00032845 -0.000468484 0.000130912 -0.0117537 -0.00821466
17.82 -4.00874e-06 -0.000330363 -0.000475316 0.000133334 -0.0119246 -0.00826251
17.84 -3.94243e-06 -0.000322803 -0.000467313 0.00013069 -0.0117244 -0.00807345
17.86 -3.72233e-06 -0.000303725 -0.000443455 0.00012305 -0.0111277 -0.00759629
17.88 -3.37598e-06 -0.000270964 -0.000403317 0.000110428 -0.0101238 -0.00677693
17.9 -2.91644e-06 -0.000223448 -0.000346 9.27871e-05 -0.00869032 -0.00558852
17.92 -2.32117e-06 -0.000162271 -0.000270989 7.07046e-05 -0.00681426 -0.00405846
17.94 -1.56938e-06 -9.08727e-05 -0.000180629 4.60667e-05 -0.00455433 -0.00227276
17.96 -7.0358e-07 -1.38523e-05 -8.11821e-05 2.16227e-05 -0.00206712 -0.000346451
17.98 1.6712e-07 6.45041e-05 1.884e-05 -4.93563e-07 0.000434481 0.00161328
18 9.31601e-07 0.000140692 0.000111607 -1.97473e-05 0.00275462 0.00351877
18.02 1.53979e-06 0.000211654 0.000192313 -3.67827e-05 0.0047731 0.00529355
18.04 2.0104e-06 0.000274381 0.000259791 -5.23006e-05 0.00646077 0.00686239
18.06 2.39783e-06 0.00032585 0.000315343 -6.64835e-05 0.00785013 0.00814965
18.08 2.75465e-06 0.000363661 0.000360973 -7.92613e-05 0.00899138 0.0090953
18.1 3.10786e-06 0.000387103 0.000398295 -9.06804e-05 0.00992481 0.0096816
18.12 3.4531e-06 0.000397425 0.000428137 -0.000100828 0.0106712 0.00993975
18.14 3.76315e-06 0.000396713 0.000450233 -0.000109552 0.0112238 0.00992197
18.16 3.99882e-06 0.000386368 0.000462894 -0.000116304 0.0115405 0.00966322
18.18 4.11607e-06 0.00036638 0.000463249 -0.000120058 0.0115493 0.00916331
18.2 4.07637e-06 0.000335731 0.000448247 -0.00011931 0.0111741 0.00839678
18.22 3.86023e-06 0.000293371 0.000415627 -0.00011237 0.0103583 0.00733733
18.24 3.47269e-06 0.000239255 0.000364322 -9.81352e-05 0.00907513 0.00598388
18.26 2.92854e-06 0.000174941 0.000294891 -7.72356e-05 0.00733862 0.00437535
18.28 2.2429e-06 0.000102923 0.000210063 -5.24812e-05 0.00521704 0.00257414
18.3 1.44683e-06 2.55409e-05 0.000114578 -2.76838e-05 0.00282893 0.000638789
18.32 5.99023e-07 -5.46804e-05 1.42771e-05 -5.66852e-06 0.00032036 -0.00136758
18.34 -2.31495e-07 -0.000133971 -8.50512e-05 1.28364e-05 -0.00216388 -0.00335066
18.36 -1.00042e-06 -0.000207563 -0.000178827 2.87835e-05 -0.00450925 -0.00519123
18.38 -1.70565e-06 -0.000271095 -0.000264392 4.36405e-05 -0.00664926 -0.00678019
18.4 -2.37107e-06 -0.000321713 -0.000340667 5.85508e-05 -0.00855694 -0.00804619
18.42 -3.00997e-06 -0.000358461 -0.000406967 7.41074e-05 -0.0102151 -0.00896525
18.44 -3.59918e-06 -0.000382084 -0.000462015 9.03346e-05 -0.0115919 -0.00955608
18.46 -4.08685e-06 -0.000394193 -0.000503967 0.00010662 -0.0126411 -0.00985893
18.48 -4.42599e-06 -0.000396154 -0.000531165 0.000121754 -0.0133214 -0.00990799
18.5 -4.59978e-06 -0.000388527 -0.000542711 0.00013422 -0.0136102 -0.00971723
18.52 -4.61546e-06 -0.00037114 -0.000538378 0.000142573 -0.0135018 -0.00928238
18.54 -4.4824e-06 -0.000343274 -0.00051819 0.00014573 -0.0129969 -0.00858541
18.56 -4.19983e-06 -0.000303815 -0.000482049 0.00014303 -0.012093 -0.00759855
18.58 -3.77032e-06 -0.00025189 -0.000429637 0.00013398 -0.0107821 -0.00629986
18.6 -3.20792e-06 -0.000188146 -0.000361107 0.000118356 -0.00906815 -0.00470561
18.62 -2.5322e-06 -0.000115557 -0.00027834 9.71175e-05 -0.00699811 -0.00289012
18.64 -1.76893e-06 -3.84674e-05 -0.000185215 7.28487e-05 -0.00466902 -0.000962085
18.66 -9.49152e-07 3.89042e-05 -8.65089e-05 4.86128e-05 -0.00220034 0.000973011
18.68 -1.05351e-07 0.000112879 1.31726e-05 2.61945e-05 0.000292737 0.00282316
18.7 7.29811e-07 0.000180295 0.000109681 5.52312e-06 0.00270646 0.00450925
18.72 1.52096e-06 0.000238714 0.000199309 -1.4401e-05 0.00494808 0.00597033
18.74 2.2368e-06 0.000286229 0.000278984 -3.431e-05 0.0069408 0.00715872
18.76 2.8648e-06 0.000321067 0.000346675 -5.42797e-05 0.00863378 0.00803002
18.78 3.41289e-06 0.000341982 0.000401506 -7.39861e-05 0.0100051 0.00855312
18.8 3.88858e-06 0.000349008 0.000443262 -9.29015e-05 0.0110494 0.00872885
18.82 4.2771e-06 0.000343388 0.000471716 -0.000110227 0.0117611 0.00858827
18.84 4.54587e-06 0.00032673 0.00048651 -0.00012482 0.0121311 0.00817166
18.86 4.67185e-06 0.00030029 0.000487586 -0.000135291 0.012158 0.00751037
18.88 4.66304e-06 0.000264807 0.000475526 -0.000140282 0.0118564 0.00662294
18.9 4.54763e-06 0.000220881 0.000451056 -0.000138733 0.0112444 0.00552432
18.92 4.3364e-06 0.000169599 0.000413747 -0.000129959 0.0103113 0.00424174
18.94 3.99644e-06 0.000113073 0.000361441 -0.000113907 0.00900307 0.002828
18.96 3.46235e-06 5.41297e-05 0.000291869 -9.17479e-05 0.00726305 0.00135381
18.98 2.69346e-06 -4.8534e-06 0.000205399 -6.60027e-05 0.0051004 -0.000121385
19 1.73064e-06 -6.25725e-05 0.000106269 -3.95665e-05 0.00262111 -0.00156496
19.02 6.86156e-07 -0.000118077 1.46456e-06 -1.43361e-05 -8.72098e-08 -0.00295316
19.04 -3.22352e-07 -0.000169726 -0.000101376 9.3347e-06 -0.00257218 -0.00424491
19.06 -1.22524e-06 -0.000214953 -0.000195749 3.20007e-05 -0.00493249 -0.00537607
19.08 -2.00116e-06 -0.000250952 -0.000277356 5.41358e-05 -0.00697351 -0.00627642
19.1 -2.65213e-06 -0.000275785 -0.000344377 7.57213e-05 -0.00864972 -0.00689749
19.12 -3.18935e-06 -0.000289201 -0.000397048 9.64202e-05 -0.00996706 -0.00723304
19.14 -3.63038e-06 -0.000292431 -0.000436875 0.000115729 -0.0109631 -0.00731382
19.16 -3.99342e-06 -0.000287049 -0.000465647 0.000132866 -0.0116827 -0.00717922
19.18 -4.28755e-06 -0.000273974 -0.000484452 0.000146693 -0.0121531 -0.0068522
19.2 -4.50533e-06 -0.000253437 -0.000493039 0.000155902 -0.0123678 -0.00633857
19.22 -4.62193e-06 -0.000225656 -0.000489888 0.000159335 -0.012289 -0.00564376
19.24 -4.59985e-06 -0.000191257 -0.000472705 0.000156134 -0.0118593 -0.00478341
19.26 -4.39661e-06 -0.000151062 -0.000438995 0.000145681 -0.0110162 -0.00377812
19.28 -3.98155e-06 -0.000105792 -0.000386974 0.000127776 -0.0097151 -0.0026459
19.3 -3.35482e-06 -5.61274e-05 -0.000317213 0.000103275 -0.00797035 -0.00140377
19.32 -2.56509e-06 -3.03161e-06 -0.000233903 7.44614e-05 -0.00588673 -7.58216e-05
19.34 -1.70931e-06 5.1765e-05 -0.000144091 4.44496e-05 -0.00364048 0.00129467
19.36 -8.91548e-07 0.000105438 -5.51807e-05 1.59392e-05 -0.00141681 0.00263706
19.38 -1.70716e-07 0.000154524 2.73912e-05 -9.66731e-06 0.000648349 0.00386472
19.4 4.5549e-07 0.000195978 0.000101159 -3.22149e-05 0.0024933 0.00490148
19.42 1.02395e-06 0.000227828 0.000166337 -5.21671e-05 0.00412345 0.00569808
19.44 1.57584e-06 0.000249052 0.00022465 -7.00819e-05 0.00558188 0.00622889
19.46 2.14339e-06 0.000259273 0.000277758 -8.63893e-05 0.00691012 0.00648454
19.48 2.73802e-06 0.000258794 0.000325879 -0.000101206 0.00811365 0.00647254
19.5 3.33195e-06 0.000248641 0.000367172 -0.000114105 0.00914641 0.00621862
19.52 3.85609e-06 0.000230271 0.000398233 -0.000124034 0.00992325 0.00575917
19.54 4.23114e-06 0.000205068 0.000415487 -0.000129509 0.0103548 0.00512883
19.56 4.41004e-06 0.000174017 0.000416632 -0.000128945 0.0103834 0.00435225
19.58 4.39563e-06 0.000137688 0.000401293 -0.000121022 0.0099998 0.00344364
19.6 4.22119e-06 9.65713e-05 0.00037079 -0.000105226 0.0092369 0.00241529
19.62 3.9209e-06 5.15922e-05 0.000327281 -8.2531e-05 0.00814872 0.00129034
19.64 3.51495e-06 4.26674e-06 0.000272845 -5.55106e-05 0.00678725 0.000106713
19.66 3.00618e-06 -4.34604e-05 0.00020927 -2.74427e-05 0.00519722 -0.00108696
19.68 2.39352e-06 -8.9264e-05 0.00013855 -1.06589e-06 0.00342848 -0.00223253
19.7 1.69084e-06 -0.000130532 6.31066e-05 2.21504e-05 0.00154161 -0.00326465
19.72 9.25789e-07 -0.000164856 -1.45111e-05 4.199e-05 -0.000399646 -0.00412313
19.74 1.23313e-07 -0.000190642 -9.18457e-05 5.90268e-05 -0.00233382 -0.00476805
19.76 -6.99096e-07 -0.000207329 -0.000166454 7.40563e-05 -0.0041998 -0.00518539
19.78 -1.51613e-06 -0.000215197 -0.000235705 8.76173e-05 -0.00593179 -0.00538216
19.8 -2.28368e-06 -0.000215029 -0.000296654 9.97267e-05 -0.00745617 -0.00537796
19.82 -2.94922e-06 -0.000207791 -0.000346347 0.000109877 -0.00869899 -0.00519695
19.84 -3.47345e-06 -0.000194359 -0.000382613 0.000117206 -0.00960602 -0.00486099
19.86 -3.8445e-06 -0.000175274 -0.000404785 0.00012071 -0.0101606 -0.00438369
19.88 -4.07743e-06 -0.00015061 -0.000413675 0.000119469 -0.0103829 -0.00376681
19.9 -4.20147e-06 -0.000120052 -0.000410838 0.000112863 -0.0103119 -0.00300256
19.92 -4.24319e-06 -8.33588e-05 -0.000397679 0.000100852 -0.00998282 -0.00208484
19.94 -4.21126e-06 -4.09938e-05 -0.000374887 8.42219e-05 -0.00941279 -0.00102527
19.96 -4.08884e-06 5.44553e-06 -0.000342204 6.44841e-05 -0.00859538 0.000136195
19.98 -3.83964e-06 5.32743e-05 -0.000298608 4.33204e-05 -0.00750502 0.00133241
20 -3.42257e-06 9.92855e-05 -0.000243211 2.20593e-05 -0.00611952 0.00248317
20.02 -2.81795e-06 0.000140689 -0.000176555 1.62452e-06 -0.00445244 0.00351868
20.04 -2.05086e-06 0.000175889 -0.000101186 -1.72233e-05 -0.00256742 0.00439905
20.06 -1.1842e-06 0.000204563 -2.11012e-05 -3.37935e-05 -0.000564466 0.00511621
20.08 -2.88409e-07 0.000227098 5.91367e-05 -4.76191e-05 0.00144232 0.00567981
20.1 5.79694e-07 0.000243897 0.000135028 -5.85934e-05 0.0033404 0.00609996
20.12 1.37436e-06 0.000254955 0.000202598 -6.69027e-05 0.00503034 0.00637654
20.14 2.05682e-06 0.000259697 0.000258891 -7.28821e-05 0.00643826 0.00649513
20.16 2.60743e-06 0.000256977 0.000302488 -7.69221e-05 0.00752863 0.0064271
20.18 3.03972e-06 0.000245279 0.000333693 -7.93142e-05 0.00830909 0.00613453
20.2 3.39243e-06 0.000223191 0.000353949 -7.99605e-05 0.0088157 0.00558211
20.22 3.6999e-06 0.000190083 0.000364625 -7.81861e-05 0.0090827 0.00475406
20.24 3.96595e-06 0.000146695 0.000366144 -7.29982e-05 0.00912069 0.00366891
20.26 4.16436e-06 9.53277e-05 0.000358105 -6.37701e-05 0.00891964 0.00238418
20.28 4.25939e-06 3.9448e-05 0.000339893 -5.07759e-05 0.00846415 0.000986612
20.3 4.21988e-06 -1.70704e-05 0.000310937 -3.50884e-05 0.00773994 -0.000426937
20.32 4.01977e-06 -7.07109e-05 0.000270647 -1.80612e-05 0.00673229 -0.00176851
20.34 3.63642e-06 -0.000118945 0.000218796 -9.5027e-07 0.00543546 -0.00297487
20.36 3.06651e-06 -0.000160649 0.00015642 1.51318e-05 0.00387542 -0.0040179
20.38 2.34704e-06 -0.000195942 8.61747e-05 2.92008e-05 0.00211855 -0.00490059
20.4 1.54396e-06 -0.000225339 1.15386e-05 4.05937e-05 0.00025187 -0.00563583
20.42 7.12508e-07 -0.000248789 -6.42091e-05 4.92456e-05 -0.00164261 -0.00622231
20.44 -1.25455e-07 -0.000265369 -0.00013832 5.57158e-05 -0.00349617 -0.006637
20.46 -9.62067e-07 -0.000273743 -0.000208335 6.08645e-05 -0.00524727 -0.00684643
20.48 -1.77495e-06 -0.000272815 -0.000271885 6.54448e-05 -0.00683666 -0.00682321
20.5 -2.52869e-06 -0.000262073 -0.000326873 6.98666e-05 -0.00821195 -0.00655457
20.52 -3.19795e-06 -0.000241606 -0.000371812 7.41028e-05 -0.00933588 -0.00604267
20.54 -3.77592e-06 -0.000212014 -0.00040579 7.76276e-05 -0.0101857 -0.00530256
20.56 -4.25701e-06 -0.000174376 -0.000428003 7.94671e-05 -0.0107413 -0.00436121
20.58 -4.61883e-06 -0.000130306 -0.000437452 7.85836e-05 -0.0109776 -0.00325902
20.6 -4.82821e-06 -8.19699e-05 -0.000433378 7.44863e-05 -0.0108757 -0.0020501
20.62 -4.86653e-06 -3.17727e-05 -0.000416047 6.75073e-05 -0.0104422 -0.000794649
20.64 -4.74389e-06 1.81581e-05 -0.000386988 5.84794e-05 -0.00971545 0.000454141
20.66 -4.49029e-06 6.6331e-05 -0.000348155 4.82249e-05 -0.00874421 0.00165897
20.68 -4.12963e-06 0.000111941 -0.000300721 3.7326e-05 -0.00755787 0.00279969
20.7 -3.6598e-06 0.000154631 -0.00024494 2.62207e-05 -0.00616277 0.00386738
20.72 -3.06791e-06 0.000193996 -0.000181246 1.5362e-05 -0.00456976 0.00485192
20.74 -2.36172e-06 0.000229096 -0.000111239 5.20923e-06 -0.00281886 0.00572977
20.76 -1.57789e-06 0.000258333 -3.76804e-05 -3.94841e-06 -0.000979118 0.00646101
20.78 -7.58794e-07 0.000279786 3.614e-05 -1.21461e-05 0.000867161 0.00699757
20.8 6.77104e-08 0.00029173 0.000107107 -1.96928e-05 0.00264206 0.0072963
20.82 8.83612e-07 0.000293013 0.000172669 -2.69496e-05 0.0042818 0.00732838
20.84 1.66666e-06 0.000283165 0.000230767 -3.41467e-05 0.00573487 0.00708206
20.86 2.388e-06 0.000262403 0.000279635 -4.13328e-05 0.00695706 0.00656281
20.88 3.02017e-06 0.000231706 0.000317896 -4.83323e-05 0.00791398 0.00579507
20.9 3.54426e-06 0.000192797 0.000344853 -5.46136e-05 0.0085882 0.00482193
20.92 3.95206e-06 0.000147805 0.000360609 -5.92394e-05 0.00898227 0.00369666
20.94 4.2463e-06 9.87766e-05 0.000365943 -6.11863e-05 0.00911566 0.00247044
20.96 4.43869e-06 4.73582e-05 0.000362013 -5.98862e-05 0.00901739 0.00118445
20.98 4.54386e-06 -5.15915e-06 0.000349929 -5.54768e-05 0.00871515 -0.000129032
21 4.56723e-06 -5.74567e-05 0.000330222 -4.85873e-05 0.00822227 -0.00143702
21.02 4.49419e-06 -0.000107805 0.00030242 -3.99818e-05 0.00752694 -0.00269624
21.04 4.29055e-06 -0.000154057 0.000265199 -3.0347e-05 0.00659603 -0.00385303
21.06 3.91671e-06 -0.000193985 0.000217516 -2.02245e-05 0.00540345 -0.00485166
21.08 3.35751e-06 -0.000225635 0.000160093 -1.00051e-05 0.00396729 -0.00564321
21.1 2.64531e-06 -0.000247522 9.58223e-05 5.67203e-08 0.00235984 -0.00619062
21.12 1.84613e-06 -0.000258706 2.87367e-05 9.83876e-06 0.000682 -0.00647034
21.14 1.01989e-06 -0.00025883 -3.7336e-05 1.93468e-05 -0.000970506 -0.00647344
21.16 1.97854e-07 -0.000248185 -9.95247e-05 2.86498e-05 -0.00252587 -0.00620721
21.18 -6.03659e-07 -0.000227714 -0.000155884 3.77624e-05 -0.00393544 -0.00569522
21.2 -1.3609e-06 -0.000198764 -0.00020493 4.65764e-05 -0.00516209 -0.00497117
21.22 -2.0423e-06 -0.00016262 -0.000245391 5.48413e-05 -0.00617404 -0.00406719
21.24 -2.62642e-06 -0.000120177 -0.00027648 6.20847e-05 -0.00695161 -0.00300567
21.26 -3.11442e-06 -7.2101e-05 -0.00029827 6.75779e-05 -0.00749657 -0.00180328
21.28 -3.52333e-06 -1.93426e-05 -0.000311589 7.05559e-05 -0.00782968 -0.000483766
21.3 -3.86731e-06 3.64428e-05 -0.000317457 7.05584e-05 -0.00797645 0.000911449
21.32 -4.1431e-06 9.27982e-05 -0.000316487 6.75696e-05 -0.0079522 0.00232092
21.34 -4.33039e-06 0.000146795 -0.000308641 6.19014e-05 -0.00775594 0.0036714
21.36 -4.40266e-06 0.000195716 -0.000293398 5.40186e-05 -0.00737473 0.00489494
21.38 -4.33879e-06 0.00023764 -0.000270201 4.44488e-05 -0.00679456 0.00594348
21.4 -4.13076e-06 0.000271457 -0.000238944 3.37483e-05 -0.00601281 0.00678924
21.42 -3.78483e-06 0.000296462 -0.000200421 2.24646e-05 -0.00504934 0.00741464
21.44 -3.3213e-06 0.000312066 -0.000156487 1.11148e-05 -0.00395052 0.0078049
21.46 -2.77221e-06 0.000317839 -0.000109588 1.69074e-07 -0.00277755 0.0079493
21.48 -2.16953e-06 0.0003137 -6.19023e-05 -1.00222e-05 -0.00158492 0.00784576
21.5 -1.53209e-06 0.000299969 -1.48704e-05 -1.93371e-05 -0.000408632 0.00750234
21.52 -8.66485e-07 0.000277168 3.05749e-05 -2.78726e-05 0.000727975 0.00693209
21.54 -1.81204e-07 0.000245621 7.35025e-05 -3.57232e-05 0.00180161 0.00614308
21.56 5.05931e-07 0.000205195 0.000112711 -4.26476e-05 0.00278222 0.00513202
21.58 1.17562e-06 0.000155672 0.000146871 -4.79365e-05 0.0036366 0.00389342
21.6 1.81533e-06 9.77101e-05 0.000174902 -5.0736e-05 0.00433765 0.00244377
21.62 2.41259e-06 3.36458e-05 0.000196114 -5.05721e-05 0.00486817 0.000841496
21.64 2.94107e-06 -3.25658e-05 0.00020998 -4.75442e-05 0.00521497 -0.000814485
21.66 3.35941e-06 -9.63476e-05 0.000215917 -4.20692e-05 0.00536346 -0.00240969
21.68 3.63031e-06 -0.000153975 0.000213486 -3.45434e-05 0.00530265 -0.00385099
21.7 3.74407e-06 -0.000203613 0.00020288 -2.52708e-05 0.00503739 -0.00509244
21.72 3.72369e-06 -0.000245102 0.000185197 -1.46338e-05 0.00459513 -0.0061301
21.74 3.60638e-06 -0.000278751 0.00016217 -3.22002e-06 0.00401923 -0.00697168
21.76 3.4194e-06 -0.000304253 0.000135564 8.27055e-06 0.00335381 -0.00760949
21.78 3.16916e-06 -0.000320594 0.000106666 1.92343e-05 0.00263105 -0.00801819
21.8 2.84839e-06 -0.000326794 7.61208e-05 2.92857e-05 0.0018671 -0.00817327
21.82 2.45045e-06 -0.000322655 4.41524e-05 3.8243e-05 0.00106755 -0.00806974
21.84 1.97928e-06 -0.000308835 1.11775e-05 4.60707e-05 0.000242837 -0.00772408
21.86 1.45526e-06 -0.000286265 -2.14717e-05 5.28151e-05 -0.000573733 -0.00715961
21.88 9.16898e-07 -0.000255519 -5.1345e-05 5.84598e-05 -0.00132088 -0.00639063
21.9 4.11828e-07 -0.000216721 -7.553e-05 6.26625e-05 -0.00192575 -0.00542029
21.92 -2.32531e-08 -0.000170153 -9.18408e-05 6.46472e-05 -0.00233369 -0.0042556
21.94 -3.79305e-07 -0.000117004 -9.98296e-05 6.361e-05 -0.0025335 -0.00292632
21.96 -6.72673e-07 -5.95742e-05 -0.000100891 5.93363e-05 -0.00256004 -0.00148998
21.98 -9.25762e-07 -8.01208e-07 -9.73159e-05 5.23398e-05 -0.00247063 -2.00384e-05
22 -1.14878e-06 5.65157e-05 -9.10466e-05 4.34226e-05 -0.00231383 0.00141348
22.02 -1.33801e-06 0.000110473 -8.30356e-05 3.31894e-05 -0.00211347 0.00276298
22.04 -1.48713e-06 0.000160305 -7.34042e-05 2.19626e-05 -0.00187259 0.0040093
22.06 -1.59428e-06 0.000205704 -6.19257e-05 1.00377e-05 -0.00158551 0.00514473
22.08 -1.65582e-06 0.000245714 -4.83484e-05 -2.09402e-06 -0.00124593 0.00614542
22.1 -1.65665e-06 0.000278269 -3.25119e-05 -1.37894e-05 -0.000849853 0.00695961
22.12 -1.57396e-06 0.000300807 -1.45017e-05 -2.44526e-05 -0.000399409 0.00752331
22.14 -1.39546e-06 0.000311483 5.06681e-06 -3.36611e-05 9.00065e-05 0.00779031
22.16 -1.13604e-06 0.000310073 2.479e-05 -4.11628e-05 0.000583291 0.00775505
22.18 -8.38556e-07 0.000297969 4.24886e-05 -4.68311e-05 0.00102594 0.00745232
22.2 -5.57927e-07 0.000277203 5.56913e-05 -5.06086e-05 0.00135615 0.00693297
22.22 -3.36404e-07 0.000249166 6.25553e-05 -5.24069e-05 0.00152782 0.00623175
22.24 -1.81528e-07 0.000213933 6.27289e-05 -5.19392e-05 0.00153216 0.00535055
22.26 -6.08601e-08 0.000170778 5.75139e-05 -4.86465e-05 0.00140173 0.00427122
22.28 7.76902e-08 0.000119498 4.91606e-05 -4.20537e-05 0.00119281 0.00298868
22.3 2.6949e-07 6.13224e-05 3.96658e-05 -3.23704e-05 0.000955342 0.0015337
22.32 5.06959e-07 -1.22525e-06 2.9769e-05 -2.06037e-05 0.000707818 -3.06438e-05
22.34 7.44781e-07 -6.49595e-05 1.88239e-05 -7.96786e-06 0.000434077 -0.00162467
22.36 9.30977e-07 -0.000126576 5.5925e-06 4.76786e-06 0.000103154 -0.00316571
22.38 1.03587e-06 -0.000183023 -1.06889e-05 1.73602e-05 -0.000304051 -0.00457748
22.4 1.05743e-06 -0.000231705 -2.9681e-05 2.96847e-05 -0.00077905 -0.00579503
22.42 1.00885e-06 -0.000270648 -5.00046e-05 4.13892e-05 -0.00128735 -0.00676902
22.44 9.08608e-07 -0.000298863 -6.97778e-05 5.19225e-05 -0.00178189 -0.00747468
22.46 7.80167e-07 -0.000316642 -8.72201e-05 6.07723e-05 -0.00221813 -0.00791935
22.48 6.5063e-07 -0.000325239 -0.00010108 6.76242e-05 -0.00256476 -0.00813437
22.5 5.39877e-07 -0.00032596 -0.000110858 7.237e-05 -0.00280931 -0.0081524
22.52 4.48358e-07 -0.000319387 -0.000116804 7.50404e-05 -0.00295803 -0.00798801
22.54 3.58064e-07 -0.000305199 -0.000119557 7.57032e-05 -0.0030269 -0.00763314
22.56 2.49028e-07 -0.000282449 -0.000119464 7.43411e-05 -0.00302457 -0.00706416
22.58 1.1808e-07 -0.000250009 -0.000115954 7.07194e-05 -0.00293678 -0.00625283
22.6 -1.53771e-08 -0.00020726 -0.000107565 6.4392e-05 -0.00272695 -0.00518366
22.62 -1.2063e-07 -0.000154989 -9.28163e-05 5.50775e-05 -0.00235809 -0.00387635
22.64 -1.73731e-07 -9.57833e-05 -7.13243e-05 4.31261e-05 -0.00182057 -0.00239558
22.66 -1.67841e-07 -3.35623e-05 -4.42382e-05 2.95125e-05 -0.00114313 -0.000839406
22.68 -1.10034e-07 2.72789e-05 -1.36741e-05 1.53622e-05 -0.000378712 0.000682258
22.7 -9.40223e-09 8.29416e-05 1.84106e-05 1.51878e-06 0.000423741 0.0020744
22.72 1.3217e-07 0.000131344 5.09045e-05 -1.15262e-05 0.00123643 0.00328496
22.74 3.15404e-07 0.000172448 8.31394e-05 -2.34633e-05 0.00204263 0.004313
22.76 5.26778e-07 0.000207328 0.000113944 -3.40308e-05 0.00281307 0.00518537
22.78 7.29731e-07 0.000236808 0.000141309 -4.30086e-05 0.00349748 0.00592268
22.8 8.81662e-07 0.000260702 0.000163067 -5.02439e-05 0.00404166 0.00652026
22.82 9.64634e-07 0.000277774 0.000177926 -5.56455e-05 0.00441329 0.00694725
22.84 9.97951e-07 0.000286107 0.000185931 -5.91691e-05 0.0046135 0.00715565
22.86 1.01941e-06 0.000283687 0.000187969 -6.0784e-05 0.00466446 0.00709512
22.88 1.05418e-06 0.000269101 0.000184715 -6.03788e-05 0.00458307 0.00673034
22.9 1.0976e-06 0.000242084 0.000175841 -5.76616e-05 0.00436114 0.00605463
22.92 1.11969e-06 0.000203771 0.000160066 -5.21959e-05 0.00396659 0.00509639
22.94 1.08205e-06 0.000156641 0.000136002 -4.36814e-05 0.00336475 0.00391765
22.96 9.55707e-07 0.000104108 0.000103272 -3.23724e-05 0.00254617 0.00260379
22.98 7.34278e-07 4.9741e-05 6.31539e-05 -1.91854e-05 0.00154279 0.00124404
23 4.38697e-07 -3.57338e-06 1.83798e-05 -5.26903e-06 0.000422971 -8.93717e-05
23.02 1.09885e-07 -5.40123e-05 -2.77314e-05 8.52392e-06 -0.000730291 -0.00135087
23.04 -2.09307e-07 -0.000100705 -7.23553e-05 2.17605e-05 -0.00184635 -0.00251867
23.06 -4.93983e-07 -0.000143409 -0.000113895 3.41978e-05 -0.00288527 -0.00358671
23.08 -7.45291e-07 -0.000182016 -0.000151959 4.55812e-05 -0.00383728 -0.00455228
23.1 -9.80325e-07 -0.000215903 -0.000186713 5.5656e-05 -0.00470648 -0.00539982
23.12 -1.21433e-06 -0.000243535 -0.000218171 6.42533e-05 -0.00549326 -0.00609091
23.14 -1.4525e-06 -0.000262706 -0.000245922 7.12757e-05 -0.00618733 -0.00657038
23.16 -1.69448e-06 -0.00027132 -0.000269259 7.66095e-05 -0.00677099 -0.00678583
23.18 -1.93856e-06 -0.000268236 -0.000287396 8.00854e-05 -0.00722462 -0.00670869
23.2 -2.17664e-06 -0.000253684 -0.000299501 8.15028e-05 -0.00752737 -0.00634475
23.22 -2.38703e-06 -0.000229108 -0.000304515 8.06668e-05 -0.00765277 -0.00573009
23.24 -2.53528e-06 -0.000196552 -0.000300967 7.74008e-05 -0.00756403 -0.00491586
23.26 -2.5822e-06 -0.000158005 -0.00028707 7.15437e-05 -0.00721645 -0.00395177
23.28 -2.49406e-06 -0.00011514 -0.000261369 6.30694e-05 -0.00657365 -0.00287969
23.3 -2.25597e-06 -6.94537e-05 -0.000223762 5.23176e-05 -0.0056331 -0.00173707
23.32 -1.88389e-06 -2.23414e-05 -0.000176185 4.00329e-05 -0.00444318 -0.000558768
23.34 -1.42637e-06 2.49997e-05 -0.000122324 2.7076e-05 -0.00309608 0.000625252
23.36 -9.47642e-07 7.16038e-05 -6.636e-05 1.40838e-05 -0.00169641 0.00179084
23.38 -4.97078e-07 0.000116604 -1.14199e-05 1.38973e-06 -0.000322333 0.00291632
23.4 -8.49825e-08 0.000158949 4.13276e-05 -1.08003e-05 0.000996905 0.00397538
23.42 3.17212e-07 0.000197076 9.23718e-05 -2.22355e-05 0.00227354 0.00492894
23.44 7.51795e-07 0.000228849 0.000142613 -3.26334e-05 0.00353011 0.00572362
23.46 1.24282e-06 0.000251968 0.000192003 -4.17978e-05 0.00476536 0.00630182
23.48 1.77811e-06 0.000264636 0.000238853 -4.96514e-05 0.0059371 0.00661867
23.5 2.31297e-06 0.000266076 0.000280133 -5.6147e-05 0.00696952 0.00665466
23.52 2.7895e-06 0.000256622 0.000312509 -6.11564e-05 0.00777925 0.00641821
23.54 3.15981e-06 0.000237491 0.000333548 -6.44257e-05 0.00830547 0.00593974
23.56 3.40209e-06 0.000210413 0.00034242 -6.56206e-05 0.00852736 0.00526253
23.58 3.522e-06 0.00017719 0.000339777 -6.44067e-05 0.00846126 0.00443161
23.6 3.54078e-06 0.000139263 0.000327085 -6.05188e-05 0.00814382 0.00348304
23.62 3.4805e-06 9.75679e-05 0.000305942 -5.39241e-05 0.00761503 0.00244021
23.64 3.35601e-06 5.26983e-05 0.000277617 -4.50216e-05 0.00690659 0.00131801
23.66 3.17335e-06 5.23033e-06 0.000242782 -3.45777e-05 0.00603537 0.000130813
23.68 2.92712e-06 -4.38336e-05 0.000201572 -2.33563e-05 0.00500469 -0.0010963
23.7 2.60214e-06 -9.26903e-05 0.000153965 -1.18162e-05 0.00381402 -0.00231822
23.72 2.18289e-06 -0.000138805 0.000100194 -1.46149e-07 0.00246919 -0.00347157
23.74 1.66194e-06 -0.000179417 4.10084e-05 1.15166e-05 0.000988921 -0.0044873
23.76 1.04342e-06 -0.000212097 -2.20686e-05 2.29724e-05 -0.000588661 -0.00530463
23.78 3.46338e-07 -0.000235109 -8.65293e-05 3.39895e-05 -0.00220085 -0.00588017
23.8 -3.89788e-07 -0.000247648 -0.000148925 4.43256e-05 -0.00376139 -0.00619379
23.82 -1.1057e-06 -0.000249912 -0.000205248 5.36896e-05 -0.00517007 -0.0062504
23.84 -1.73655e-06 -0.00024288 -0.000251745 6.17366e-05 -0.00633297 -0.00607453
23.86 -2.23507e-06 -0.000227858 -0.000286046 6.81336e-05 -0.00719085 -0.00569881
23.88 -2.59147e-06 -0.000206057 -0.00030802 7.26311e-05 -0.00774044 -0.00515357
23.9 -2.83651e-06 -0.000178392 -0.000319629 7.50835e-05 -0.00803077 -0.00446166
23.92 -3.02197e-06 -0.000145426 -0.00032372 7.53952e-05 -0.00813309 -0.00363717
23.94 -3.18884e-06 -0.000107502 -0.000322453 7.34817e-05 -0.0081014 -0.00268867
23.96 -3.3437e-06 -6.50461e-05 -0.000316146 6.93647e-05 -0.00794367 -0.00162683
23.98 -3.45287e-06 -1.88833e-05 -0.000302999 6.32765e-05 -0.00761484 -0.000472279
24 -3.45336e-06 2.95297e-05 -0.000279845 5.55531e-05 -0.00703574 0.00073855
24.02 -3.27889e-06 7.7928e-05 -0.000243821 4.63991e-05 -0.00613478 0.00194901
24.04 -2.89229e-06 0.000123351 -0.0001943 3.58453e-05 -0.00489624 0.00308507
24.06 -2.31158e-06 0.000162808 -0.000133902 2.40168e-05 -0.00338566 0.00407189
24.08 -1.60851e-06 0.000194237 -6.77144e-05 1.1393e-05 -0.00173028 0.00485796
24.1 -8.72366e-07 0.000217126 -1.24307e-06 -1.28047e-06 -6.78062e-05 0.0054304
24.12 -1.67838e-07 0.000232338 6.13904e-05 -1.33171e-05 0.00149868 0.00581087
24.14 4.78979e-07 0.000241277 0.000117996 -2.42935e-05 0.00291441 0.00603443
24.16 1.06429e-06 0.000244833 0.000167711 -3.40229e-05 0.0041578 0.00612339
24.18 1.58736e-06 0.000242735 0.000210105 -4.24734e-05 0.0052181 0.00607091
24.2 2.04741e-06 0.000233737 0.000244806 -4.97208e-05 0.00608598 0.00584586
24.22 2.44941e-06 0.000216602 0.000271657 -5.58555e-05 0.00675754 0.0054173
24.24 2.8024e-06 0.000191151 0.000290799 -6.08041e-05 0.0072363 0.00478077
24.26 3.10785e-06 0.000158547 0.00030232 -6.41566e-05 0.00752443 0.00396532
24.28 3.35057e-06 0.000120702 0.000305762 -6.51893e-05 0.00761051 0.00301881
24.3 3.50217e-06 7.94985e-05 0.000299946 -6.31894e-05 0.00746506 0.00198829
24.32 3.53033e-06 3.64844e-05 0.000283244 -5.78655e-05 0.00704734 0.000912491
24.34 3.40483e-06 -6.83758e-06 0.000254186 -4.94883e-05 0.00632057 -0.00017101
24.36 3.10384e-06 -4.86258e-05 0.000212269 -3.87005e-05 0.00527221 -0.00121615
24.38 2.62499e-06 -8.68547e-05 0.000158779 -2.62623e-05 0.00393442 -0.00217227
24.4 2.00076e-06 -0.000120011 9.71069e-05 -1.29446e-05 0.00239197 -0.00300153
24.42 1.30054e-06 -0.000147617 3.20293e-05 5.32738e-07 0.000764351 -0.00369197
24.44 6.0478e-07 -0.000170031 -3.17541e-05 1.36509e-05 -0.0008309 -0.00425255
24.46 -3.1407e-08 -0.000187699 -9.08799e-05 2.61989e-05 -0.00230966 -0.00469443
24.48 -5.94504e-07 -0.000200443 -0.000143728 3.81534e-05 -0.00363141 -0.00501315
24.5 -1.1e-06 -0.000207243 -0.000190031 4.94283e-05 -0.00478947 -0.00518323
24.52 -1.57042e-06 -0.000206704 -0.000230141 5.97611e-05 -0.00579264 -0.00516974
24.54 -2.02108e-06 -0.000197933 -0.000264346 6.88128e-05 -0.00664812 -0.00495039
24.56 -2.45225e-06 -0.000181194 -0.000292353 7.62973e-05 -0.0073486 -0.00453174
24.58 -2.84195e-06 -0.000157817 -0.0003129 8.19617e-05 -0.00786248 -0.00394708
24.6 -3.14436e-06 -0.000129555 -0.000323674 8.54487e-05 -0.00813194 -0.00324024
24.62 -3.30236e-06 -9.79948e-05 -0.000321837 8.6216e-05 -0.00808599 -0.00245089
24.64 -3.27034e-06 -6.4421e-05 -0.000305114 8.36821e-05 -0.00766774 -0.0016112
24.66 -3.03282e-06 -2.99869e-05 -0.000272931 7.75399e-05 -0.00686283 -0.000749985
24.68 -2.61055e-06 4.16593e-06 -0.000226909 6.79614e-05 -0.0057118 0.000104192
24.7 -2.05065e-06 3.6993e-05 -0.000170429 5.55467e-05 -0.00429922 0.000925211
24.72 -1.40937e-06 6.77748e-05 -0.000107571 4.11433e-05 -0.00272711 0.00169508
24.74 -7.36907e-07 9.62012e-05 -4.19981e-05 2.56773e-05 -0.00108711 0.00240603
24.76 -6.63758e-08 0.000122059 2.36569e-05 1.00022e-05 0.000554952 0.00305275
24.78 5.89596e-07 0.00014474 8.77929e-05 -5.23336e-06 0.00215902 0.00362001
24.8 1.23367e-06 0.000163099 0.000149474 -1.96477e-05 0.00370168 0.00407919
24.82 1.87185e-06 0.000175825 0.000207882 -3.30893e-05 0.00516251 0.00439746
24.84 2.50012e-06 0.000181954 0.000261772 -4.55265e-05 0.00651031 0.00455074
24.86 3.09615e-06 0.000181178 0.000309229 -5.69045e-05 0.00769723 0.00453134
24.88 3.62192e-06 0.000173903 0.000347913 -6.70178e-05 0.00866474 0.0043494
24.9 4.03608e-06 0.000161093 0.00037553 -7.5452e-05 0.00935544 0.00402901
24.92 4.30574e-06 0.000143954 0.000390221 -8.1629e-05 0.00972288 0.00360035
24.94 4.41066e-06 0.000123584 0.000390847 -8.49183e-05 0.00973852 0.0030909
24.96 4.34471e-06 0.000100765 0.000377219 -8.47416e-05 0.0093977 0.00252018
24.98 4.11779e-06 7.59518e-05 0.000350208 -8.06829e-05 0.00872214 0.00189959
25 3.75579e-06 4.94356e-05 0.000311498 -7.26655e-05 0.00775399 0.0012364
25.02 3.2918e-06 2.15838e-05 0.000263022 -6.10967e-05 0.00654158 0.00053982
25.04 2.74769e-06 -6.93792e-06 0.000206419 -4.68106e-05 0.00512591 -0.00017352
25.06 2.12566e-06 -3.50777e-05 0.000142792 -3.08349e-05 0.00353457 -0.000877308
25.08 1.41734e-06 -6.15239e-05 7.28345e-05 -1.41243e-05 0.0017849 -0.00153874
25.1 6.18272e-07 -8.49644e-05 -2.60399e-06 2.63605e-06 -0.000101843 -0.00212499
25.12 -2.60079e-07 -0.000104305 -8.17636e-05 1.90784e-05 -0.00208166 -0.00260871
25.14 -1.18422e-06 -0.00011878 -0.000161685 3.50238e-05 -0.00408053 -0.00297073
25.16 -2.10257e-06 -0.000128006 -0.000238646 5.028e-05 -0.00600536 -0.00320148
25.18 -2.96046e-06 -0.000131995 -0.000308924 6.45277e-05 -0.00776304 -0.00330126
25.2 -3.71521e-06 -0.000131096 -0.000369442 7.73429e-05 -0.00927661 -0.00327878
25.22 -4.34039e-06 -0.000125867 -0.000418111 8.82694e-05 -0.0104938 -0.00314798
25.24 -4.82139e-06 -0.000116892 -0.000453815 9.68756e-05 -0.0113868 -0.00292352
25.26 -5.15164e-06 -0.000104577 -0.000476178 0.000102801 -0.0119461 -0.00261553
25.28 -5.33264e-06 -8.90424e-05 -0.000485361 0.000105784 -0.0121758 -0.00222699
25.3 -5.37416e-06 -7.02616e-05 -0.000481924 0.000105645 -0.0120898 -0.00175727
25.32 -5.29145e-06 -4.84504e-05 -0.000466545 0.000102254 -0.0117052 -0.00121177
25.34 -5.09043e-06 -2.44251e-05 -0.000439426 9.55734e-05 -0.0110269 -0.000610883
25.36 -4.754e-06 3.79221e-07 -0.000399655 8.57338e-05 -0.0100323 9.48465e-06
25.38 -4.24028e-06 2.42837e-05 -0.000345397 7.30206e-05 -0.00867525 0.000607346
25.4 -3.50384e-06 4.58765e-05 -0.00027552 5.78705e-05 -0.0069276 0.00114739
25.42 -2.54163e-06 6.43373e-05 -0.000191453 4.10018e-05 -0.00482503 0.0016091
25.44 -1.41667e-06 7.93993e-05 -9.74317e-05 2.34499e-05 -0.00247352 0.00198581
25.46 -2.27914e-07 9.10301e-05 7.83525e-07 6.28093e-06 -1.71202e-05 0.0022767
25.48 9.41447e-07 9.9133e-05 9.74161e-05 -9.78189e-06 0.0023997 0.00247936
25.5 2.04176e-06 0.000103525 0.000187688 -2.44387e-05 0.00465744 0.00258922
25.52 3.03923e-06 0.000104123 0.000268198 -3.76349e-05 0.00667102 0.00260416
25.54 3.90306e-06 0.000101039 0.000336796 -4.94293e-05 0.0083867 0.00252702
25.56 4.61355e-06 9.44883e-05 0.000392388 -5.99602e-05 0.00977706 0.00236319
25.58 5.17093e-06 8.46677e-05 0.000434841 -6.9317e-05 0.0108388 0.00211758
25.6 5.58905e-06 7.17439e-05 0.0004647 -7.73198e-05 0.0115856 0.00179434
25.62 5.8805e-06 5.59564e-05 0.000482565 -8.3431e-05 0.0120324 0.00139949
25.64 6.04595e-06 3.77887e-05 0.000488527 -8.69015e-05 0.0121816 0.000945112
25.66 6.07334e-06 1.81237e-05 0.000482031 -8.70257e-05 0.0120191 0.00045328
25.68 5.9422e-06 -1.77891e-06 0.000462106 -8.33548e-05 0.0115208 -4.44912e-05
25.7 5.62681e-06 -2.05749e-05 0.000427542 -7.5811e-05 0.0106563 -0.000514588
25.72 5.10259e-06 -3.72495e-05 0.000376995 -6.46914e-05 0.00939209 -0.000931625
25.74 4.35089e-06 -5.13998e-05 0.000309829 -5.06277e-05 0.00771223 -0.00128553
25.76 3.37779e-06 -6.32376e-05 0.000227625 -3.45844e-05 0.00565629 -0.0015816
25.78 2.24068e-06 -7.3298e-05 0.000134679 -1.77877e-05 0.00333166 -0.00183321
25.8 1.03707e-06 -8.19804e-05 3.67305e-05 -1.41765e-06 0.000881929 -0.00205036
25.82 -1.44593e-07 -8.91706e-05 -6.07492e-05 1.3807e-05 -0.00155608 -0.00223019
25.84 -1.26093e-06 -9.42152e-05 -0.00015361 2.77871e-05 -0.00387856 -0.00235636
25.86 -2.30123e-06 -9.63018e-05 -0.000239218 4.08215e-05 -0.00601966 -0.00240855
25.88 -3.25576e-06 -9.49438e-05 -0.000315939 5.32836e-05 -0.00793847 -0.00237458
25.9 -4.10373e-06 -9.01856e-05 -0.000382392 6.54385e-05 -0.0096005 -0.00225558
25.92 -4.82077e-06 -8.24613e-05 -0.00043717 7.73198e-05 -0.0109705 -0.00206239
25.94 -5.38677e-06 -7.23183e-05 -0.000479064 8.85581e-05 -0.0120183 -0.00180871
25.96 -5.78861e-06 -6.01998e-05 -0.000507317 9.83073e-05 -0.0127249 -0.00150562
25.98 -6.02185e-06 -4.63617e-05 -0.000521642 0.000105421 -0.0130832 -0.00115953
26 -6.09048e-06 -3.09456e-05 -0.000522153 0.000108812 -0.013096 -0.000773961
26.02 -6.00527e-06 -1.41678e-05 -0.000509313 0.000107793 -0.0127748 -0.000354341
26.04 -5.77688e-06 3.50005e-06 -0.000483708 0.000102264 -0.0121345 8.75379e-05
26.06 -5.40586e-06 2.13102e-05 -0.000445347 9.27063e-05 -0.011175 0.000532978
26.08 -4.87431e-06 3.84247e-05 -0.000393054 7.99956e-05 -0.00986715 0.000961018
26.1 -4.14392e-06 5.41561e-05 -0.000325365 6.5155e-05 -0.00817423 0.00135447
26.12 -3.18977e-06 6.80364e-05 -0.00024276 4.92118e-05 -0.00610825 0.00170162
26.14 -2.05008e-06 7.96869e-05 -0.000148937 3.31248e-05 -0.00376169 0.001993
26.16 -8.25909e-07 8.86877e-05 -4.99284e-05 1.76127e-05 -0.00128545 0.00221812
26.18 3.76037e-07 9.46126e-05 4.78523e-05 2.94078e-06 0.00116009 0.0023663
26.2 1.49351e-06 9.72258e-05 0.000139301 -1.10512e-05 0.00344725 0.00243166
26.22 2.50444e-06 9.66956e-05 0.000221274 -2.46391e-05 0.00549743 0.0024184
26.24 3.39404e-06 9.3569e-05 0.00029197 -3.79415e-05 0.00726557 0.0023402
26.26 4.13747e-06 8.84069e-05 0.0003499 -5.08697e-05 0.00871443 0.00221109
26.28 4.70782e-06 8.1396e-05 0.000393739 -6.31182e-05 0.00981086 0.00203575
26.3 5.09406e-06 7.23833e-05 0.000423044 -7.40702e-05 0.0105438 0.00181034
26.32 5.31156e-06 6.13325e-05 0.000438695 -8.28045e-05 0.0109352 0.00153395
26.34 5.39306e-06 4.87572e-05 0.000442359 -8.83355e-05 0.0110269 0.00121944
26.36 5.36417e-06 3.57209e-05 0.000435375 -8.9925e-05 0.0108522 0.000893395
26.38 5.22285e-06 2.33947e-05 0.000417826 -8.72402e-05 0.0104133 0.000585112
26.4 4.93689e-06 1.25072e-05 0.000388253 -8.03438e-05 0.00967366 0.00031281
26.42 4.46393e-06 3.08824e-06 0.000344194 -6.9616e-05 0.00857171 7.72383e-05
26.44 3.772e-06 -5.3468e-06 0.000283729 -5.57023e-05 0.00705947 -0.000133726
26.46 2.86025e-06 -1.33917e-05 0.000207534 -3.95441e-05 0.00515379 -0.000334932
26.48 1.78151e-06 -2.14492e-05 0.000119678 -2.23651e-05 0.00295649 -0.000536454
26.5 6.33705e-07 -2.96579e-05 2.63795e-05 -5.39837e-06 0.000623046 -0.000741756
26.52 -4.83594e-07 -3.78979e-05 -6.60407e-05 1.05556e-05 -0.00168842 -0.000947842
26.54 -1.50943e-06 -4.57373e-05 -0.000152628 2.53462e-05 -0.003854 -0.00114391
26.56 -2.4222e-06 -5.24087e-05 -0.000230314 3.92616e-05 -0.00579696 -0.00131076
26.58 -3.21638e-06 -5.6958e-05 -0.000297557 5.26457e-05 -0.00747873 -0.00142454
26.6 -3.88777e-06 -5.85389e-05 -0.000353608 6.56659e-05 -0.00888059 -0.00146408
26.62 -4.43332e-06 -5.67503e-05 -0.000398098 7.8221e-05 -0.0099933 -0.00141935
26.64 -4.85258e-06 -5.18917e-05 -0.000430996 8.98508e-05 -0.0108161 -0.00129783
26.66 -5.14457e-06 -4.49446e-05 -0.000452465 9.9701e-05 -0.0113531 -0.00112408
26.68 -5.30347e-06 -3.71771e-05 -0.000462489 0.000106665 -0.0116037 -0.000929814
26.7 -5.31806e-06 -2.95615e-05 -0.000460595 0.000109669 -0.0115564 -0.000739345
26.72 -5.17601e-06 -2.23898e-05 -0.000445873 0.000107957 -0.0111882 -0.000559978
26.74 -4.86363e-06 -1.5332e-05 -0.000417096 0.00010128 -0.0104685 -0.00038346
26.76 -4.36777e-06 -7.86208e-06 -0.000372974 8.99931e-05 -0.00936494 -0.000196634
26.78 -3.67765e-06 2.97259e-07 -0.000312909 7.50304e-05 -0.00786269 7.43475e-06
26.8 -2.79664e-06 9.02451e-06 -0.000238236 5.778e-05 -0.00599509 0.000225707
26.82 -1.7654e-06 1.79255e-05 -0.000152685 3.98277e-05 -0.00385544 0.000448324
26.84 -6.59595e-07 2.64865e-05 -6.13712e-05 2.25368e-05 -0.00157164 0.000662438
26.86 4.44993e-07 3.41072e-05 3.07194e-05 6.63609e-06 0.000731588 0.000853034
26.88 1.50465e-06 4.01156e-05 0.000119642 -7.88411e-06 0.00295558 0.00100331
26.9 2.5027e-06 4.39404e-05 0.00020262 -2.14819e-05 0.0050309 0.00109897
26.92 3.42333e-06 4.53914e-05 0.000277588 -3.46473e-05 0.00690587 0.00113526
26.94 4.23818e-06 4.47842e-05 0.000342611 -4.76427e-05 0.00853214 0.00112007
26.96 4.91285e-06 4.27553e-05 0.000395744 -6.03865e-05 0.00986101 0.00106933
26.98 5.41844e-06 3.99096e-05 0.000435345 -7.23611e-05 0.0108514 0.000998157
27 5.73844e-06 3.65662e-05 0.000460431 -8.26071e-05 0.0114789 0.000914536
27.02 5.87051e-06 3.27447e-05 0.000470773 -8.99229e-05 0.0117375 0.000818958
27.04 5.82441e-06 2.83223e-05 0.000466776 -9.32168e-05 0.0116376 0.000708352
27.06 5.61836e-06 2.31905e-05 0.000449272 -9.18157e-05 0.0111998 0.000580005
27.08 5.26853e-06 1.73186e-05 0.000419166 -8.56123e-05 0.0104468 0.000433146
27.1 4.78367e-06 1.07793e-05 0.000376935 -7.50471e-05 0.00939058 0.000269594
27.12 4.16144e-06 3.79283e-06 0.000322444 -6.09851e-05 0.00802775 9.48605e-05
27.14 3.39032e-06 -3.2747e-06 0.000255885 -4.46003e-05 0.00636307 -8.19013e-05
27.16 2.47602e-06 -1.00299e-05 0.000179092 -2.72701e-05 0.00444244 -0.000250853
27.18 1.46324e-06 -1.62522e-05 9.55789e-05 -1.03184e-05 0.00235375 -0.000406473
27.2 4.20206e-07 -2.20185e-05 9.41695e-06 5.39955e-06 0.000198805 -0.000550692
27.22 -5.98795e-07 -2.75838e-05 -7.56383e-05 1.97577e-05 -0.00192846 -0.000689882
27.24 -1.5644e-06 -3.30632e-05 -0.000156365 3.31647e-05 -0.00394747 -0.000826925
27.26 -2.45213e-06 -3.81872e-05 -0.000230005 4.6076e-05 -0.00578925 -0.000955077
27.28 -3.22961e-06 -4.23263e-05 -0.000294134 5.86641e-05 -0.00739312 -0.0010586
27.3 -3.86732e-06 -4.47702e-05 -0.000346731 7.07899e-05 -0.0087086 -0.00111972
27.32 -4.35155e-06 -4.50841e-05 -0.000386582 8.203e-05 -0.0097053 -0.00112757
27.34 -4.68348e-06 -4.32868e-05 -0.000413523 9.16364e-05 -0.0103791 -0.00108262
27.36 -4.8712e-06 -3.97266e-05 -0.00042813 9.85998e-05 -0.0107444 -0.000993577
27.38 -4.92377e-06 -3.48308e-05 -0.000431107 0.000101917 -0.0108189 -0.000871132
27.4 -4.84817e-06 -2.89878e-05 -0.000422863 0.000100916 -0.0106127 -0.000724996
27.42 -4.64529e-06 -2.25768e-05 -0.000403402 9.54502e-05 -0.010126 -0.000564656
27.44 -4.30698e-06 -1.5987e-05 -0.000372326 8.58948e-05 -0.00934874 -0.00039984
27.46 -3.82042e-06 -9.53002e-06 -0.000328917 7.3018e-05 -0.00826307 -0.00023835
27.48 -3.17323e-06 -3.28882e-06 -0.000272718 5.78367e-05 -0.00685751 -8.22546e-05
27.5 -2.36648e-06 2.95472e-06 -0.000204607 4.15268e-05 -0.00515403 7.3899e-05
27.52 -1.43333e-06 9.56708e-06 -0.000127363 2.529e-05 -0.00322212 0.000239277
27.54 -4.37037e-07 1.67366e-05 -4.51527e-05 1.00777e-05 -0.00116601 0.000418589
27.56 5.5448e-07 2.42155e-05 3.74144e-05 -3.68051e-06 0.000899034 0.00060564
27.58 1.49187e-06 3.13395e-05 0.00011608 -1.60867e-05 0.00286648 0.000783815
27.6 2.34394e-06 3.73058e-05 0.000187451 -2.74949e-05 0.00465151 0.000933033
27.62 3.08678e-06 4.1481e-05 0.000249167 -3.82012e-05 0.00619506 0.00103746
27.64 3.70145e-06 4.35463e-05 0.000299785 -4.82991e-05 0.00746102 0.00108911
27.66 4.17854e-06 4.35051e-05 0.000338648 -5.7636e-05 0.00843301 0.00108808
27.68 4.51845e-06 4.16528e-05 0.000365761 -6.57614e-05 0.00911113 0.00104175
27.7 4.7255e-06 3.85041e-05 0.000381499 -7.19366e-05 0.00950474 0.000963003
27.72 4.80204e-06 3.46386e-05 0.000386225 -7.52973e-05 0.00962293 0.000866325
27.74 4.74739e-06 3.05121e-05 0.000380062 -7.51125e-05 0.00946879 0.000763122
27.76 4.55941e-06 2.63192e-05 0.000362892 -7.09986e-05 0.00903936 0.000658255
27.78 4.23475e-06 2.19732e-05 0.000334426 -6.3017e-05 0.00832742 0.00054956
27.8 3.77085e-06 1.72328e-05 0.000294308 -5.16714e-05 0.00732405 0.000430999
27.82 3.16641e-06 1.18846e-05 0.000242544 -3.78574e-05 0.0060294 0.00029724
27.84 2.42849e-06 5.83731e-06 0.000180288 -2.27737e-05 0.00447235 0.000145994
27.86 1.58699e-06 -8.92936e-07 0.000110203 -7.71597e-06 0.00271951 -2.23325e-05
27.88 6.94239e-07 -8.18239e-06 3.59486e-05 6.26867e-06 0.000862374 -0.000204645
27.9 -1.94565e-07 -1.57178e-05 -3.86454e-05 1.86862e-05 -0.00100325 -0.00039311
27.92 -1.04035e-06 -2.29468e-05 -0.000110173 2.96263e-05 -0.00279219 -0.00057391
27.94 -1.81975e-06 -2.9205e-05 -0.000175955 3.95047e-05 -0.00443744 -0.000730429
27.96 -2.51469e-06 -3.39593e-05 -0.000234056 4.87439e-05 -0.00589055 -0.000849335
27.98 -3.10823e-06 -3.69674e-05 -0.000283115 5.75812e-05 -0.00711755 -0.00092457
28 -3.58738e-06 -3.82813e-05 -0.000322231 6.5973e-05 -0.00809586 -0.000957431
28.02 -3.94448e-06 -3.81601e-05 -0.000350905 7.35282e-05 -0.00881299 -0.000954399
28.04 -4.17507e-06 -3.69441e-05 -0.000368908 7.9526e-05 -0.00926327 -0.000923987
28.06 -4.27549e-06 -3.49212e-05 -0.000376106 8.3093e-05 -0.0094433 -0.000873393
28.08 -4.243e-06 -3.22507e-05 -0.000372382 8.34786e-05 -0.00935015 -0.000806603
28.1 -4.07772e-06 -2.89698e-05 -0.000357711 8.0287e-05 -0.00898321 -0.000724548
28.12 -3.78201e-06 -2.50354e-05 -0.000332217 7.35766e-05 -0.0083456 -0.000626145
28.14 -3.36083e-06 -2.03695e-05 -0.00029613 6.38314e-05 -0.00744304 -0.00050945
28.16 -2.82012e-06 -1.49187e-05 -0.000249883 5.18661e-05 -0.00628639 -0.000373123
28.18 -2.1686e-06 -8.70952e-06 -0.00019457 3.87161e-05 -0.00490299 -0.000217829
28.2 -1.42806e-06 -1.87441e-06 -0.000132289 2.54752e-05 -0.00334532 -4.68795e-05
28.22 -6.36517e-07 5.35084e-06 -6.59038e-05 1.30429e-05 -0.001685 0.000133827
28.24 1.62984e-07 1.26294e-05 1.50096e-06 1.88136e-06 8.23225e-07 0.000315866
28.26 9.36825e-07 1.95333e-05 6.70489e-05 -8.03469e-06 0.0016402 0.000488535
28.28 1.66229e-06 2.56088e-05 0.000128303 -1.70278e-05 0.00317219 0.000640487
28.3 2.3201e-06 3.04818e-05 0.000183303 -2.54452e-05 0.00454776 0.000762362
28.32 2.89071e-06 3.39187e-05 0.000230474 -3.34796e-05 0.00572753 0.00084832
28.34 3.35721e-06 3.58234e-05 0.000268587 -4.10917e-05 0.00668075 0.000895958
28.36 3.70817e-06 3.62249e-05 0.000296813 -4.79677e-05 0.0073867 0.000906001
28.38 3.9372e-06 3.52668e-05 0.000314732 -5.3529e-05 0.00783486 0.000882038
28.4 4.04146e-06 3.31667e-05 0.000322223 -5.70539e-05 0.00802221 0.000829514
28.42 4.02047e-06 3.01611e-05 0.000319312 -5.7889e-05 0.00794941 0.000754343
28.44 3.87543e-06 2.64737e-05 0.000306057 -5.56457e-05 0.0076179 0.000662117
28.46 3.60609e-06 2.22978e-05 0.000282481 -5.03013e-05 0.00702825 0.000557676
28.48 3.21136e-06 1.77743e-05 0.000248591 -4.21925e-05 0.00618064 0.000444542
28.5 2.69216e-06 1.29754e-05 0.000204625 -3.19455e-05 0.00508104 0.00032452
28.52 2.05677e-06 7.90887e-06 0.000151548 -2.03934e-05 0.00375356 0.000197804
28.54 1.3293e-06 2.54887e-06 9.13425e-05 -8.46012e-06 0.0022478 6.37485e-05
28.56 5.48738e-07 -3.1003e-06 2.67392e-05 3.03677e-06 0.000632043 -7.75397e-05
28.58 -2.43345e-07 -8.91708e-06 -3.93263e-05 1.36e-05 -0.00102028 -0.00022302
28.6 -1.01505e-06 -1.46076e-05 -0.000104109 2.31344e-05 -0.00264053 -0.000365342
28.62 -1.74436e-06 -1.97445e-05 -0.000165244 3.18338e-05 -0.00416954 -0.000493818
28.64 -2.41262e-06 -2.38803e-05 -0.000220773 3.99761e-05 -0.00555833 -0.000597257
