0.02 1.68454e-11 3.1065e-11 -1.41014e-09 1.60799e-11 -3.52682e-08 7.76949e-10
0.04 1.19564e-10 3.83889e-10 -1.64367e-08 1.74387e-10 -4.11088e-07 9.60124e-09
0.06 3.58735e-10 3.00861e-09 -7.4647e-08 7.93175e-10 -1.86695e-06 7.52465e-08
0.08 3.79139e-10 1.49575e-08 -1.83677e-07 2.14691e-09 -4.59384e-06 3.74093e-07
0.1 -1.03368e-09 5.54175e-08 -2.63305e-07 4.26419e-09 -6.58536e-06 1.38601e-06
0.12 -5.54288e-09 1.65316e-07 -1.72257e-07 7.26272e-09 -4.30823e-06 4.13462e-06
0.14 -1.38022e-08 3.95478e-07 1.47097e-07 1.05301e-08 3.67896e-06 9.89106e-06
0.16 -2.45523e-08 7.5148e-07 5.75189e-07 9.5098e-09 1.43857e-05 1.87948e-05
0.18 -3.56415e-08 1.1458e-06 9.07015e-07 -5.66894e-09 2.26848e-05 2.8657e-05
0.2 -4.58124e-08 1.43881e-06 1.02676e-06 -4.50252e-08 2.56796e-05 3.59852e-05
0.22 -5.50973e-08 1.56039e-06 9.66693e-07 -1.1071e-07 2.41774e-05 3.9026e-05
0.24 -6.37549e-08 1.59928e-06 8.15727e-07 -1.94624e-07 2.04017e-05 3.99987e-05
0.26 -7.15787e-08 1.74187e-06 6.20615e-07 -2.83796e-07 1.55218e-05 4.35648e-05
0.28 -7.85315e-08 2.08317e-06 3.95477e-07 -3.66865e-07 9.89104e-06 5.21009e-05
0.3 -8.56486e-08 2.52158e-06 2.0028e-07 -4.35359e-07 5.00909e-06 6.30659e-05
0.32 -9.47348e-08 2.89841e-06 1.67525e-07 -4.81935e-07 4.18988e-06 7.24904e-05
0.34 -1.06816e-07 3.21026e-06 4.1857e-07 -5.01658e-07 1.04686e-05 8.02898e-05
0.36 -1.20744e-07 3.58806e-06 9.33431e-07 -4.96242e-07 2.33455e-05 8.97388e-05
0.38 -1.33265e-07 4.07926e-06 1.49868e-06 -4.76112e-07 3.74826e-05 0.000102024
0.4 -1.40542e-07 4.56768e-06 1.80085e-06 -4.59125e-07 4.50401e-05 0.00011424
0.42 -1.4015e-07 4.91942e-06 1.60718e-06 -4.67872e-07 4.01961e-05 0.000123037
0.44 -1.32451e-07 5.08295e-06 9.05685e-07 -5.23032e-07 2.26516e-05 0.000127127
0.46 -1.20683e-07 5.02071e-06 -6.84884e-08 -6.29869e-07 -1.71292e-06 0.00012557
0.48 -1.09392e-07 4.70643e-06 -9.17726e-07 -7.66008e-07 -2.29527e-05 0.00011771
0.5 -1.01592e-07 4.30105e-06 -1.28385e-06 -8.86111e-07 -3.21097e-05 0.000107571
0.52 -9.62277e-08 4.19663e-06 -1.12945e-06 -9.47866e-07 -2.8248e-05 0.000104959
0.54 -8.85923e-08 4.67121e-06 -8.59771e-07 -9.43268e-07 -2.15032e-05 0.000116829
0.56 -7.47444e-08 5.45305e-06 -1.02903e-06 -9.09848e-07 -2.57366e-05 0.000136383
0.58 -5.65654e-08 5.75455e-06 -1.79728e-06 -9.05988e-07 -4.49507e-05 0.000143924
0.6 -4.17599e-08 4.92261e-06 -2.68889e-06 -9.61155e-07 -6.72503e-05 0.000123116
0.62 -3.75634e-08 3.15977e-06 -2.96636e-06 -1.042e-06 -7.419e-05 7.90271e-05
0.64 -4.41071e-08 1.48944e-06 -2.29272e-06 -1.07097e-06 -5.73419e-05 3.72516e-05
0.66 -5.44154e-08 7.97469e-07 -1.03881e-06 -9.82751e-07 -2.5981e-05 1.9945e-05
0.68 -6.12113e-08 9.26644e-07 7.41439e-08 -7.64737e-07 1.85437e-06 2.31758e-05
0.7 -6.39235e-08 9.24477e-07 6.70456e-07 -4.5298e-07 1.67684e-05 2.31216e-05
0.72 -6.9485e-08 1.47997e-07 1.0984e-06 -1.00192e-07 2.74715e-05 3.70146e-06
0.74 -8.64185e-08 -1.15664e-06 2.11405e-06 2.58195e-07 5.28734e-05 -2.89281e-05
0.76 -1.17182e-07 -2.36913e-06 4.13309e-06 6.23743e-07 0.00010337 -5.92529e-05
0.78 -1.54847e-07 -3.21443e-06 6.73043e-06 1.02684e-06 0.000168331 -8.03941e-05
0.8 -1.87144e-07 -3.8186e-06 8.87369e-06 1.49161e-06 0.000221935 -9.55047e-05
0.82 -2.05686e-07 -4.38432e-06 9.74869e-06 2.00493e-06 0.000243819 -0.000109654
0.84 -2.13464e-07 -5.06052e-06 9.51647e-06 2.5239e-06 0.000238011 -0.000126566
0.86 -2.23233e-07 -5.87835e-06 9.30927e-06 3.01441e-06 0.000232829 -0.00014702
0.88 -2.4607e-07 -6.53546e-06 1.0293e-05 3.47534e-06 0.000257432 -0.000163455
0.9 -2.7944e-07 -6.45546e-06 1.24889e-05 3.91951e-06 0.000312352 -0.000161454
0.92 -3.07246e-07 -5.42592e-06 1.45236e-05 4.33478e-06 0.000363242 -0.000135705
0.94 -3.13931e-07 -4.11565e-06 1.47677e-05 4.6704e-06 0.000369346 -0.000102934
0.96 -2.99624e-07 -3.59886e-06 1.28808e-05 4.86481e-06 0.000322154 -9.0009e-05
0.98 -2.80956e-07 -4.24001e-06 1.02402e-05 4.88912e-06 0.000256111 -0.000106045
1 -2.77118e-07 -5.26371e-06 8.87021e-06 4.76702e-06 0.000221848 -0.000131648
1.02 -2.93993e-07 -5.66089e-06 1.01334e-05 4.55819e-06 0.000253439 -0.000141581
1.04 -3.14487e-07 -5.34257e-06 1.3792e-05 4.33455e-06 0.000344943 -0.00013362
1.06 -2.94967e-07 -4.85549e-06 1.66422e-05 4.16213e-06 0.000416228 -0.000121438
1.08 -1.82891e-07 -4.17529e-06 1.31994e-05 4.03393e-06 0.000330123 -0.000104426
1.1 2.74498e-08 -2.7966e-06 1.49144e-06 3.77797e-06 3.73015e-05 -6.99441e-05
1.12 2.51769e-07 -9.80469e-07 -1.22196e-05 3.13354e-06 -0.000305618 -2.45219e-05
1.14 3.68718e-07 9.02299e-08 -1.81015e-05 2.02075e-06 -0.000452725 2.25669e-06
1.16 3.3724e-07 -3.82841e-07 -1.26497e-05 6.76737e-07 -0.000316373 -9.575e-06
1.18 2.40615e-07 -1.78758e-06 -2.57158e-06 -5.31694e-07 -6.43162e-05 -4.47081e-05
1.2 2.01811e-07 -2.6911e-06 1.68413e-06 -1.37798e-06 4.21207e-05 -6.73057e-05
1.22 2.64519e-07 -2.46057e-06 -3.56086e-06 -1.89295e-06 -8.90585e-05 -6.15398e-05
1.24 3.62546e-07 -1.78229e-06 -1.19246e-05 -2.33321e-06 -0.00029824 -4.45759e-05
1.26 4.03272e-07 -1.3354e-06 -1.49291e-05 -3.00438e-06 -0.000373384 -3.33988e-05
1.28 3.69816e-07 -8.0152e-07 -1.1656e-05 -4.00355e-06 -0.000291522 -2.00464e-05
1.3 3.22783e-07 1.65739e-07 -8.45809e-06 -5.13518e-06 -0.00021154 4.1452e-06
1.32 3.0608e-07 7.90518e-07 -1.0059e-05 -6.07203e-06 -0.000251579 1.97712e-05
1.34 2.84601e-07 2.8162e-08 -1.3677e-05 -6.52017e-06 -0.000342069 7.04343e-07
1.36 1.882e-07 -1.75823e-06 -1.24905e-05 -6.29024e-06 -0.000312392 -4.3974e-05
1.38 -5.11765e-09 -3.16803e-06 -2.77695e-06 -5.37345e-06 -6.94526e-05 -7.92338e-05
1.4 -2.36649e-07 -3.88826e-06 1.26597e-05 -3.93312e-06 0.000316625 -9.7247e-05
1.42 -3.92534e-07 -4.87602e-06 2.50179e-05 -2.14284e-06 0.000625709 -0.000121951
1.44 -3.68265e-07 -6.02567e-06 2.41448e-05 -1.61341e-07 0.000603871 -0.000150705
1.46 -1.65954e-07 -5.72157e-06 8.50771e-06 1.67313e-06 0.000212781 -0.000143099
1.48 5.73388e-08 -3.55641e-06 -9.21694e-06 2.92396e-06 -0.000230519 -8.89474e-05
1.5 1.03193e-07 -1.63868e-06 -1.26237e-05 3.54359e-06 -0.000315723 -4.09842e-05
1.52 -7.08122e-08 -2.23422e-06 1.07428e-06 4.05325e-06 2.68683e-05 -5.58788e-05
1.54 -3.10386e-07 -5.31154e-06 1.84753e-05 5.0614e-06 0.000462075 -0.000132844
1.56 -4.39838e-07 -8.90982e-06 2.54431e-05 6.76528e-06 0.000636343 -0.000222838
1.58 -4.30461e-07 -1.08244e-05 2.11524e-05 8.90457e-06 0.00052903 -0.000270722
1.6 -3.77072e-07 -9.74391e-06 1.55297e-05 1.08725e-05 0.000388404 -0.000243699
1.62 -3.57663e-07 -6.13396e-06 1.61899e-05 1.1882e-05 0.000404917 -0.000153413
1.64 -3.522e-07 -2.50038e-06 2.04792e-05 1.14348e-05 0.000512194 -6.25356e-05
1.66 -2.83179e-07 -1.5879e-06 1.95181e-05 9.75459e-06 0.000488155 -3.97139e-05
1.68 -1.15537e-07 -3.62065e-06 8.62558e-06 7.57184e-06 0.000215729 -9.05539e-05
1.7 8.47371e-08 -5.90648e-06 -6.57859e-06 5.52629e-06 -0.000164533 -0.000147723
1.72 1.96124e-07 -5.45704e-06 -1.47435e-05 3.90709e-06 -0.000368741 -0.000136483
1.74 1.55439e-07 -1.74095e-06 -9.85601e-06 2.72876e-06 -0.000246503 -4.35419e-05
1.76 2.3572e-08 2.79525e-06 2.65236e-06 1.76143e-06 6.63366e-05 6.99103e-05
1.78 -6.86107e-08 4.63888e-06 1.11773e-05 6.07196e-07 0.000279549 0.00011602
1.8 -3.39893e-08 2.53512e-06 8.51012e-06 -1.02385e-06 0.000212842 6.34044e-05
1.82 1.11928e-07 -5.23501e-07 -3.07956e-06 -3.14341e-06 -7.7021e-05 -1.3093e-05
1.84 2.83391e-07 2.72392e-07 -1.54575e-05 -5.60397e-06 -0.000386599 6.81264e-06
1.86 3.9513e-07 6.2093e-06 -2.1681e-05 -8.19841e-06 -0.000542251 0.000155297
1.88 4.13795e-07 1.29899e-05 -2.05354e-05 -1.05782e-05 -0.000513598 0.000324883
1.9 3.68541e-07 1.49457e-05 -1.61716e-05 -1.22727e-05 -0.000404458 0.000373798
1.92 3.20065e-07 1.08475e-05 -1.37989e-05 -1.29422e-05 -0.000345117 0.000271302
1.94 3.10175e-07 4.96903e-06 -1.51693e-05 -1.25913e-05 -0.000379391 0.000124278
1.96 3.36086e-07 2.82539e-06 -1.79277e-05 -1.15461e-05 -0.000448378 7.06642e-05
1.98 3.70464e-07 6.20159e-06 -1.89915e-05 -1.03013e-05 -0.000474984 0.000155104
2 3.96582e-07 1.17593e-05 -1.79392e-05 -9.32211e-06 -0.000448668 0.000294105
2.02 4.18854e-07 1.40198e-05 -1.69897e-05 -8.78357e-06 -0.000424921 0.000350642
2.04 4.46972e-07 1.02053e-05 -1.82258e-05 -8.39902e-06 -0.000455835 0.000255239
2.06 4.77482e-07 2.78016e-06 -2.11832e-05 -7.58166e-06 -0.0005298 6.9533e-05
2.08 4.89227e-07 -2.81421e-06 -2.29433e-05 -5.86777e-06 -0.000573822 -7.03845e-05
2.1 4.55263e-07 -3.19807e-06 -2.05187e-05 -3.23533e-06 -0.00051318 -7.99851e-05
2.12 3.6354e-07 5.30219e-09 -1.35122e-05 -1.05902e-07 -0.000337946 1.3261e-07
2.14 2.27965e-07 1.98654e-06 -4.56345e-06 2.88982e-06 -0.000114134 4.96843e-05
2.16 7.60694e-08 -6.33695e-07 3.13343e-06 5.22827e-06 7.83683e-05 -1.5849e-05
2.18 -7.42484e-08 -6.73076e-06 8.75639e-06 6.74309e-06 0.000219001 -0.000168339
2.2 -2.2138e-07 -1.19447e-05 1.39518e-05 7.64875e-06 0.000348941 -0.000298741
2.22 -3.64431e-07 -1.3001e-05 2.01325e-05 8.31937e-06 0.000503523 -0.000325161
2.24 -4.89238e-07 -1.07025e-05 2.6265e-05 9.0198e-06 0.000656899 -0.000267674
2.26 -5.76001e-07 -8.71651e-06 2.96791e-05 9.78695e-06 0.000742285 -0.000218004
2.28 -6.20549e-07 -9.8785e-06 2.90821e-05 1.04827e-05 0.000727356 -0.000247065
2.3 -6.44103e-07 -1.37622e-05 2.64817e-05 1.09328e-05 0.000662318 -0.000344199
2.32 -6.76225e-07 -1.72474e-05 2.55499e-05 1.10544e-05 0.000639015 -0.000431365
2.34 -7.25021e-07 -1.72104e-05 2.79944e-05 1.08836e-05 0.000700151 -0.000430439
2.36 -7.67708e-07 -1.32328e-05 3.2075e-05 1.04942e-05 0.000802209 -0.000330958
2.38 -7.72144e-07 -8.12403e-06 3.4556e-05 9.91739e-06 0.000864261 -0.000203185
2.4 -7.21259e-07 -5.54414e-06 3.32634e-05 9.16073e-06 0.000831931 -0.000138661
2.42 -6.16188e-07 -6.71279e-06 2.79836e-05 8.26525e-06 0.000699882 -0.00016789
2.44 -4.68988e-07 -9.37005e-06 2.01933e-05 7.28432e-06 0.000505043 -0.000234349
2.46 -2.9929e-07 -1.00558e-05 1.22319e-05 6.21694e-06 0.000305925 -0.000251499
2.48 -1.27618e-07 -7.32568e-06 5.81281e-06 5.00344e-06 0.000145381 -0.000183218
2.5 3.6783e-08 -2.66448e-06 7.59629e-07 3.56892e-06 1.89986e-05 -6.66397e-05
2.52 1.96776e-07 1.2774e-06 -4.54917e-06 1.85273e-06 -0.000113777 3.19482e-05
2.54 3.51488e-07 2.85999e-06 -1.1106e-05 -1.36611e-07 -0.000277766 7.15296e-05
2.56 4.8445e-07 2.38082e-06 -1.76321e-05 -2.24876e-06 -0.000440985 5.95453e-05
2.58 5.74928e-07 1.61346e-06 -2.15119e-05 -4.23457e-06 -0.000538021 4.03533e-05
2.6 6.23711e-07 2.28909e-06 -2.19224e-05 -5.91001e-06 -0.000548288 5.72512e-05
2.62 6.6183e-07 4.46048e-06 -2.15548e-05 -7.26399e-06 -0.000539094 0.000111559
2.64 7.22013e-07 6.32683e-06 -2.39895e-05 -8.42528e-06 -0.000599986 0.000158237
2.66 7.9877e-07 5.94453e-06 -2.92997e-05 -9.5423e-06 -0.000732799 0.000148675
2.68 8.48715e-07 3.25493e-06 -3.359e-05 -1.06264e-05 -0.000840099 8.14071e-05
2.7 8.36867e-07 5.2903e-07 -3.33542e-05 -1.1472e-05 -0.000834203 1.32313e-05
2.72 7.70641e-07 5.52955e-07 -2.91053e-05 -1.17941e-05 -0.000727934 1.38296e-05
2.74 6.78451e-07 3.75008e-06 -2.39834e-05 -1.14692e-05 -0.000599836 9.37911e-05
2.76 5.66234e-07 7.06234e-06 -1.97353e-05 -1.05951e-05 -0.000493588 0.000176632
2.78 4.10875e-07 6.53714e-06 -1.50727e-05 -9.33693e-06 -0.000376975 0.000163497
2.8 1.95981e-07 1.5608e-06 -7.88282e-06 -7.7839e-06 -0.000197153 3.90363e-05
2.82 -5.62609e-08 -4.18691e-06 1.51484e-06 -5.93232e-06 3.78868e-05 -0.000104716
2.84 -2.96525e-07 -6.68591e-06 9.93581e-06 -3.74779e-06 0.000248499 -0.000167217
2.86 -4.95758e-07 -5.74003e-06 1.47897e-05 -1.24388e-06 0.000369897 -0.000143561
2.88 -6.79297e-07 -4.27734e-06 1.77676e-05 1.48937e-06 0.000444374 -0.000106978
2.9 -9.03428e-07 -4.21457e-06 2.38826e-05 4.35919e-06 0.000597314 -0.000105408
2.92 -1.19067e-06 -4.4652e-06 3.61751e-05 7.35175e-06 0.000904753 -0.000111676
2.94 -1.49152e-06 -3.11121e-06 5.17586e-05 1.04757e-05 0.0012945 -7.78127e-05
2.96 -1.7137e-06 -2.94193e-07 6.33405e-05 1.36159e-05 0.00158417 -7.35788e-06
2.98 -1.79e-06 1.77913e-06 6.47305e-05 1.64754e-05 0.00161894 4.44969e-05
3 -1.72747e-06 1.29332e-06 5.58675e-05 1.86625e-05 0.00139727 3.23464e-05
3.02 -1.60302e-06 -1.18975e-06 4.34767e-05 1.98708e-05 0.00108737 -2.97561e-05
3.04 -1.50505e-06 -3.02899e-06 3.61032e-05 2.00686e-05 0.000902956 -7.57562e-05
3.06 -1.4596e-06 -1.63446e-06 3.68448e-05 1.95368e-05 0.000921504 -4.08785e-05
3.08 -1.40777e-06 3.24221e-06 4.04941e-05 1.86382e-05 0.00101278 8.10891e-05
3.1 -1.26482e-06 8.97463e-06 3.8577e-05 1.75125e-05 0.000964827 0.000224459
3.12 -1.006e-06 1.22897e-05 2.76224e-05 1.6011e-05 0.000690848 0.000307371
3.14 -6.9087e-07 1.25961e-05 1.23234e-05 1.38597e-05 0.000308213 0.000315035
3.16 -4.0435e-07 1.25588e-05 6.41124e-07 1.08121e-05 1.60348e-05 0.000314101
3.18 -1.77828e-07 1.4565e-05 -4.03565e-06 6.75106e-06 -0.000100933 0.000364276
3.2 3.56153e-08 1.74192e-05 -6.13796e-06 1.8115e-06 -0.000153513 0.000435661
3.22 3.12411e-07 1.80366e-05 -1.34834e-05 -3.60246e-06 -0.000337226 0.000451102
3.24 6.79617e-07 1.59137e-05 -2.9196e-05 -9.02794e-06 -0.000730205 0.000398008
3.26 1.07816e-06 1.39149e-05 -4.80388e-05 -1.41681e-05 -0.00120147 0.000348017
3.28 1.40831e-06 1.44035e-05 -6.12844e-05 -1.88796e-05 -0.00153275 0.000360236
3.3 1.61567e-06 1.644e-05 -6.50144e-05 -2.30389e-05 -0.00162604 0.00041117
3.32 1.72868e-06 1.74382e-05 -6.29707e-05 -2.65177e-05 -0.00157492 0.000436137
3.34 1.8129e-06 1.61966e-05 -6.1723e-05 -2.92228e-05 -0.00154372 0.000405083
3.36 1.89989e-06 1.35348e-05 -6.42725e-05 -3.10802e-05 -0.00160748 0.00033851
3.38 1.96322e-06 1.07141e-05 -6.83594e-05 -3.20238e-05 -0.0017097 0.000267964
3.4 1.94916e-06 7.91089e-06 -6.94583e-05 -3.20198e-05 -0.00173718 0.000197855
3.42 1.82036e-06 4.26646e-06 -6.44521e-05 -3.10135e-05 -0.00161197 0.000106706
3.44 1.57947e-06 -6.49268e-07 -5.32897e-05 -2.88376e-05 -0.0013328 -1.62385e-05
3.46 1.26564e-06 -5.7486e-06 -3.85222e-05 -2.52829e-05 -0.000963456 -0.000143775
3.48 9.29741e-07 -9.28674e-06 -2.35104e-05 -2.03176e-05 -0.000588006 -0.000232265
3.5 6.03689e-07 -1.07362e-05 -1.03717e-05 -1.42096e-05 -0.000259401 -0.000268517
3.52 2.86344e-07 -1.13521e-05 9.47766e-07 -7.43775e-06 2.3704e-05 -0.00028392
3.54 -4.39434e-08 -1.29442e-05 1.19536e-05 -4.93589e-07 0.000298965 -0.000323739
3.56 -4.04626e-07 -1.64252e-05 2.42199e-05 6.30202e-06 0.00060575 -0.000410801
3.58 -7.91902e-07 -2.12318e-05 3.83965e-05 1.28774e-05 0.000960314 -0.000531016
3.6 -1.17635e-06 -2.55223e-05 5.36092e-05 1.93145e-05 0.00134079 -0.000638324
3.62 -1.50959e-06 -2.72394e-05 6.71839e-05 2.56154e-05 0.0016803 -0.00068127
3.64 -1.74564e-06 -2.60044e-05 7.56068e-05 3.15191e-05 0.00189096 -0.000650382
3.66 -1.87251e-06 -2.41021e-05 7.71962e-05 3.65465e-05 0.00193071 -0.000602804
3.68 -1.92659e-06 -2.45164e-05 7.43584e-05 4.02485e-05 0.00185973 -0.000613164
3.7 -1.96462e-06 -2.73316e-05 7.21978e-05 4.24323e-05 0.0018057 -0.000683575
3.72 -2.01169e-06 -2.88904e-05 7.39023e-05 4.31743e-05 0.00184833 -0.000722561
3.74 -2.03893e-06 -2.55306e-05 7.78008e-05 4.26419e-05 0.00194583 -0.00063853
3.76 -1.99494e-06 -1.78195e-05 7.93255e-05 4.09139e-05 0.00198396 -0.000445673
3.78 -1.85137e-06 -1.01785e-05 7.50966e-05 3.79376e-05 0.0018782 -0.000254568
3.8 -1.61453e-06 -6.44231e-06 6.47302e-05 3.36077e-05 0.00161893 -0.000161125
3.82 -1.30658e-06 -6.5121e-06 5.00007e-05 2.78821e-05 0.00125054 -0.00016287
3.84 -9.49865e-07 -7.11694e-06 3.34306e-05 2.08822e-05 0.000836112 -0.000177998
3.86 -5.62422e-07 -4.87222e-06 1.69587e-05 1.29256e-05 0.000424145 -0.000121856
3.88 -1.55933e-07 1.29594e-06 9.06611e-07 4.43054e-06 2.26747e-05 3.24121e-05
3.9 2.58491e-07 9.4295e-06 -1.54051e-05 -4.23536e-06 -0.000385289 0.000235836
3.92 6.56648e-07 1.57074e-05 -3.15783e-05 -1.27718e-05 -0.000789786 0.00039285
3.94 1.00445e-06 1.7326e-05 -4.54899e-05 -2.08116e-05 -0.00113772 0.000433331
3.96 1.28682e-06 1.50614e-05 -5.54502e-05 -2.78768e-05 -0.00138683 0.000376693
3.98 1.52619e-06 1.26709e-05 -6.23881e-05 -3.35514e-05 -0.00156035 0.000316905
4 1.75868e-06 1.33161e-05 -6.9047e-05 -3.76719e-05 -0.0017269 0.000333042
4.02 1.99058e-06 1.66186e-05 -7.71006e-05 -4.03284e-05 -0.00192832 0.000415638
4.04 2.18065e-06 1.92551e-05 -8.52642e-05 -4.17122e-05 -0.00213249 0.000481578
4.06 2.26137e-06 1.83581e-05 -8.98437e-05 -4.19275e-05 -0.00224703 0.000459144
4.08 2.17734e-06 1.43182e-05 -8.70489e-05 -4.08593e-05 -0.00217713 0.000358104
4.1 1.91416e-06 1.01139e-05 -7.55007e-05 -3.82139e-05 -0.00188831 0.000252953
4.12 1.50156e-06 7.90144e-06 -5.70819e-05 -3.37574e-05 -0.00142764 0.000197618
4.14 9.91521e-07 6.93032e-06 -3.53792e-05 -2.75592e-05 -0.000884848 0.00017333
4.16 4.33114e-07 5.21972e-06 -1.34075e-05 -2.00296e-05 -0.000335328 0.000130547
4.18 -1.3527e-07 2.27652e-06 7.11064e-06 -1.17704e-05 0.00017784 5.69366e-05
4.2 -6.81976e-07 -9.76586e-07 2.51286e-05 -3.3742e-06 0.000628477 -2.44248e-05
4.22 -1.18442e-06 -4.17358e-06 4.01463e-05 4.75936e-06 0.00100408 -0.000104383
4.24 -1.63481e-06 -7.67956e-06 5.26496e-05 1.25306e-05 0.00131679 -0.000192069
4.26 -2.03481e-06 -1.09768e-05 6.37312e-05 2.00657e-05 0.00159394 -0.000274534
4.28 -2.3846e-06 -1.26475e-05 7.41729e-05 2.7481e-05 0.0018551 -0.000316319
4.3 -2.68229e-06 -1.22831e-05 8.44091e-05 3.46852e-05 0.00211111 -0.000307206
4.32 -2.92541e-06 -1.11443e-05 9.47252e-05 4.13539e-05 0.00236912 -0.000278724
4.34 -3.09895e-06 -1.06966e-05 0.00010428 4.70037e-05 0.00260807 -0.000267527
4.36 -3.16498e-06 -1.12769e-05 0.000110276 5.10879e-05 0.00275804 -0.000282039
4.38 -3.08075e-06 -1.19213e-05 0.000109432 5.31264e-05 0.00273695 -0.000298158
4.4 -2.8334e-06 -1.07301e-05 0.000100585 5.28292e-05 0.00251567 -0.000268365
4.42 -2.45352e-06 -5.9018e-06 8.54268e-05 5.0113e-05 0.00213656 -0.000147606
4.44 -1.99878e-06 2.582e-06 6.6909e-05 4.50257e-05 0.00167342 6.45769e-05
4.46 -1.53013e-06 1.21943e-05 4.75466e-05 3.77139e-05 0.00118916 0.000304983
4.48 -1.09536e-06 1.93541e-05 2.92217e-05 2.84866e-05 0.000730847 0.000484054
4.5 -7.15095e-07 2.22692e-05 1.33911e-05 1.78561e-05 0.000334918 0.000556961
4.52 -3.68875e-07 2.2599e-05 3.42755e-08 6.43587e-06 8.57246e-07 0.000565209
4.54 2.76194e-09 2.42781e-05 -1.34689e-05 -5.24714e-06 -0.000336862 0.000607206
4.56 4.64225e-07 3.04287e-05 -3.08414e-05 -1.68898e-05 -0.000771356 0.000761034
4.58 1.03618e-06 4.08206e-05 -5.34543e-05 -2.8417e-05 -0.00133691 0.00102094
4.6 1.67942e-06 5.17719e-05 -7.89031e-05 -3.98133e-05 -0.0019734 0.00129484
4.62 2.33214e-06 5.88198e-05 -0.000103534 -5.08389e-05 -0.00258944 0.00147111
4.64 2.9605e-06 6.02657e-05 -0.000126088 -6.08799e-05 -0.00315352 0.00150727
4.66 3.5642e-06 5.80983e-05 -0.000148092 -6.91255e-05 -0.00370385 0.00145306
4.68 4.13155e-06 5.51212e-05 -0.000170085 -7.49227e-05 -0.0042539 0.00137861
4.7 4.6008e-06 5.18038e-05 -0.000187983 -7.79886e-05 -0.00470153 0.00129563
4.72 4.88621e-06 4.65354e-05 -0.000194925 -7.83745e-05 -0.00487515 0.00116387
4.74 4.95385e-06 3.81152e-05 -0.000187825 -7.62849e-05 -0.00469759 0.000953278
4.76 4.8635e-06 2.71007e-05 -0.000171294 -7.19043e-05 -0.00428412 0.000677799
4.78 4.71991e-06 1.53457e-05 -0.000153793 -6.5355e-05 -0.00384642 0.000383802
4.8 4.5796e-06 4.92037e-06 -0.000139913 -5.68086e-05 -0.00349927 0.00012306
4.82 4.40968e-06 -3.22502e-06 -0.000127043 -4.66142e-05 -0.00317741 -8.06591e-05
4.84 4.13412e-06 -1.03395e-05 -0.000109521 -3.52839e-05 -0.00273916 -0.000258596
4.86 3.71154e-06 -1.93143e-05 -8.52388e-05 -2.33368e-05 -0.00213186 -0.000483058
4.88 3.16677e-06 -3.26441e-05 -5.76448e-05 -1.11454e-05 -0.00144172 -0.000816443
4.9 2.55498e-06 -5.0896e-05 -3.14627e-05 1.1021e-06 -0.000786895 -0.00127293
4.92 1.90757e-06 -7.24223e-05 -7.29816e-06 1.33445e-05 -0.00018253 -0.00181131
4.94 1.22427e-06 -9.34807e-05 1.86337e-05 2.55617e-05 0.000466036 -0.00233799
4.96 5.16488e-07 -0.000109113 4.93089e-05 3.76659e-05 0.00123323 -0.00272897
4.98 -1.59259e-07 -0.000115817 8.22487e-05 4.93673e-05 0.00205707 -0.00289664
5 -7.27738e-07 -0.000114425 0.000110784 6.01132e-05 0.00277076 -0.00286181
5.02 -1.15563e-06 -0.000109858 0.000129685 6.9203e-05 0.00324348 -0.0027476
5.04 -1.4797e-06 -0.000107333 0.000139122 7.60294e-05 0.0034795 -0.00268446
5.06 -1.77659e-06 -0.000108436 0.000143622 8.02821e-05 0.00359205 -0.00271204
5.08 -2.1087e-06 -0.000110313 0.000147924 8.20039e-05 0.00369965 -0.00275897
5.1 -2.49258e-06 -0.000108019 0.000153665 8.14739e-05 0.00384323 -0.0027016
5.12 -2.90746e-06 -9.79423e-05 0.000159326 7.89527e-05 0.00398482 -0.00244958
5.14 -3.32823e-06 -7.99345e-05 0.000162956 7.44498e-05 0.00407561 -0.0019992
5.16 -3.74655e-06 -5.66217e-05 0.00016446 6.77359e-05 0.00411322 -0.00141613
5.18 -4.15343e-06 -3.04235e-05 0.000164482 5.86036e-05 0.00411376 -0.000760905
5.2 -4.50367e-06 -1.29828e-06 0.000161125 4.70871e-05 0.0040298 -3.24706e-05
5.22 -4.71613e-06 3.19621e-05 0.000149192 3.34244e-05 0.00373136 0.000799386
5.24 -4.72582e-06 6.78532e-05 0.000123973 1.79182e-05 0.00310062 0.00169704
5.26 -4.53481e-06 0.000100293 8.58674e-05 9.72894e-07 0.00214758 0.00250837
5.28 -4.20285e-06 0.000122244 4.10998e-05 -1.66908e-05 0.00102792 0.00305737
5.3 -3.78502e-06 0.000132356 -1.85114e-06 -3.39193e-05 -4.62979e-05 0.00331028
5.32 -3.27366e-06 0.000137501 -3.71997e-05 -4.93363e-05 -0.00093038 0.00343896
5.34 -2.58666e-06 0.000147323 -6.54975e-05 -6.18661e-05 -0.00163812 0.0036846
5.36 -1.60771e-06 0.000165647 -9.38609e-05 -7.136e-05 -0.0023475 0.00414291
5.38 -2.63467e-07 0.000187542 -0.000131354 -7.88909e-05 -0.00328522 0.0046905
5.4 1.39983e-06 0.000205517 -0.000181484 -8.60301e-05 -0.004539 0.00514007
5.42 3.19587e-06 0.00021778 -0.000237782 -9.32059e-05 -0.00594702 0.00544677
5.44 4.86166e-06 0.000226381 -0.000287483 -9.90593e-05 -0.00719007 0.00566188
5.46 6.16445e-06 0.000227361 -0.000320469 -0.000102044 -0.00801506 0.00568639
5.48 6.97581e-06 0.000209038 -0.000334509 -0.000102305 -0.0083662 0.00522814
5.5 7.27973e-06 0.000164584 -0.000332341 -0.000101312 -0.00831199 0.00411632
5.52 7.13696e-06 0.000104782 -0.000315453 -9.96967e-05 -0.00788961 0.00262063
5.54 6.63672e-06 5.18655e-05 -0.00028219 -9.61133e-05 -0.00705769 0.00129718
5.56 5.8617e-06 1.97324e-05 -0.000231679 -8.86274e-05 -0.00579438 0.000493515
5.58 4.87925e-06 5.54519e-06 -0.00016776 -7.68689e-05 -0.00419575 0.000138688
5.6 3.74153e-06 -4.0342e-07 -9.7361e-05 -6.24546e-05 -0.00243504 -1.00897e-05
5.62 2.47857e-06 -4.3688e-06 -2.53831e-05 -4.75019e-05 -0.000634842 -0.000109266
5.64 1.10933e-06 -1.04858e-05 4.6373e-05 -3.30348e-05 0.00115981 -0.000262254
5.66 -3.06704e-07 -2.50049e-05 0.000114234 -1.87231e-05 0.00285704 -0.000625382
5.68 -1.63058e-06 -5.25852e-05 0.000169525 -3.73814e-06 0.0042399 -0.00131518
5.7 -2.69381e-06 -8.92632e-05 0.000203833 1.24736e-05 0.00509794 -0.00223251
5.72 -3.40346e-06 -0.000123227 0.000217292 3.01276e-05 0.00543457 -0.00308197
5.74 -3.78254e-06 -0.000143836 0.000219473 4.91896e-05 0.00548912 -0.0035974
5.76 -3.90012e-06 -0.000148891 0.000221049 6.89636e-05 0.00552852 -0.00372382
5.78 -3.77297e-06 -0.000143525 0.000224657 8.76565e-05 0.00561877 -0.00358962
5.8 -3.33605e-06 -0.000133792 0.000223245 0.000102897 0.00558345 -0.00334619
5.82 -2.49695e-06 -0.000121924 0.00020612 0.000113077 0.00515514 -0.00304936
5.84 -1.22138e-06 -0.000107262 0.000166852 0.000118149 0.00417305 -0.00268268
5.86 4.14559e-07 -9.09661e-05 0.000107357 0.000118872 0.00268506 -0.0022751
5.88 2.24299e-06 -7.78073e-05 3.61125e-05 0.000115258 0.000903188 -0.00194599
5.9 4.07953e-06 -7.15408e-05 -3.74772e-05 0.000106132 -0.00093732 -0.00178927
5.92 5.79169e-06 -6.95413e-05 -0.00010758 9.04232e-05 -0.00269062 -0.00173926
5.94 7.30113e-06 -6.38196e-05 -0.000171464 6.86264e-05 -0.00428837 -0.00159616
5.96 8.53339e-06 -4.672e-05 -0.000226114 4.26272e-05 -0.00565521 -0.00116849
5.98 9.38647e-06 -1.50072e-05 -0.000267566 1.41551e-05 -0.00669195 -0.000375336
6 9.75103e-06 2.87387e-05 -0.000293531 -1.63331e-05 -0.00734134 0.000718767
6.02 9.54177e-06 7.49444e-05 -0.000304129 -4.92433e-05 -0.00760641 0.00187439
6.04 8.71606e-06 0.000107852 -0.000299679 -8.44765e-05 -0.00749509 0.00269743
6.06 7.30905e-06 0.000112885 -0.000280814 -0.000120377 -0.00702329 0.00282331
6.08 5.4769e-06 8.90142e-05 -0.000250953 -0.000153718 -0.00627644 0.00222628
6.1 3.46682e-06 5.57065e-05 -0.00021441 -0.000180571 -0.00536249 0.00139324
6.12 1.49778e-06 4.39522e-05 -0.000171846 -0.000197469 -0.00429794 0.00109926
6.14 -3.29227e-07 7.38036e-05 -0.000122809 -0.000202359 -0.00307149 0.00184586
6.16 -2.02994e-06 0.000136171 -7.28021e-05 -0.000195062 -0.00182081 0.00340568
6.18 -3.73449e-06 0.000196524 -2.95422e-05 -0.00017704 -0.000738862 0.00491515
6.2 -5.71139e-06 0.000219783 1.20098e-05 -0.000150411 0.000300371 0.00549687
6.22 -8.28312e-06 0.000195846 7.43598e-05 -0.000117018 0.00185977 0.00489819
6.24 -1.16096e-05 0.000143086 0.000180318 -7.85075e-05 0.00450984 0.00357864
6.26 -1.5369e-05 8.76688e-05 0.000319288 -3.61638e-05 0.00798552 0.00219263
6.28 -1.86663e-05 4.19945e-05 0.000436888 1.04644e-05 0.0109268 0.0010503
6.3 -2.04273e-05 4.63555e-06 0.000488371 6.28008e-05 0.0122144 0.000115937
6.32 -2.01493e-05 -2.50201e-05 0.000435611 0.000120334 0.0108948 -0.000625763
6.34 -1.81815e-05 -4.16115e-05 0.000302334 0.000181021 0.00756149 -0.00104072
6.36 -1.56557e-05 -4.33353e-05 0.000189227 0.000244192 0.00473266 -0.00108383
6.38 -1.38028e-05 -3.93072e-05 0.000145861 0.000310132 0.00364804 -0.000983089
6.4 -1.28712e-05 -4.36591e-05 0.000168528 0.000374799 0.00421495 -0.00109193
6.42 -1.23335e-05 -6.56802e-05 0.00020388 0.000428064 0.00509912 -0.00164269
6.44 -1.1837e-05 -0.000107464 0.000210709 0.000460915 0.00526991 -0.00268772
6.46 -1.15346e-05 -0.000162447 0.000235142 0.000469758 0.005881 -0.00406286
6.48 -1.14203e-05 -0.000212882 0.000305893 0.000453156 0.00765051 -0.00532426
6.5 -1.06269e-05 -0.000240558 0.000365508 0.000412316 0.00914152 -0.00601645
6.52 -7.95456e-06 -0.000242688 0.00031679 0.000356053 0.00792305 -0.00606972
6.54 -3.09963e-06 -0.000231711 0.000113944 0.000299326 0.00284978 -0.0057952
6.56 2.89495e-06 -0.000219228 -0.000175197 0.0002548 -0.00438174 -0.00548299
6.58 8.30846e-06 -0.000202197 -0.00041701 0.000226538 -0.0104296 -0.00505703
6.6 1.18761e-05 -0.000170029 -0.000521278 0.000208448 -0.0130374 -0.00425249
6.62 1.34404e-05 -0.000125266 -0.000500853 0.000186758 -0.0125265 -0.00313295
6.64 1.3665e-05 -8.86508e-05 -0.000430396 0.00014691 -0.0107644 -0.00221719
6.66 1.32484e-05 -7.68063e-05 -0.000367461 8.18815e-05 -0.00919035 -0.00192096
6.68 1.25083e-05 -8.07686e-05 -0.000316672 -4.27343e-06 -0.00792011 -0.00202006
6.7 1.1568e-05 -7.52646e-05 -0.000254908 -0.000100366 -0.00637534 -0.0018824
6.72 1.06567e-05 -4.58322e-05 -0.000177035 -0.000194638 -0.00442771 -0.00114628
6.74 1.01501e-05 -4.30915e-08 -0.000111486 -0.000278085 -0.00278831 -1.07774e-06
6.76 1.03839e-05 4.54012e-05 -9.42251e-05 -0.000344256 -0.00235661 0.0011355
6.78 1.14259e-05 8.12719e-05 -0.000136188 -0.000388316 -0.00340612 0.00203264
6.8 1.29775e-05 0.000108944 -0.000219799 -0.000407818 -0.00549726 0.00272473
6.82 1.45099e-05 0.000133141 -0.000317216 -0.000405911 -0.00793371 0.00332992
6.84 1.54248e-05 0.000155479 -0.000403821 -0.000392247 -0.0100997 0.0038886
6.86 1.51703e-05 0.000173806 -0.0004494 -0.00037639 -0.0112397 0.00434696
6.88 1.34855e-05 0.00018547 -0.000419949 -0.000360747 -0.0105031 0.00463868
6.9 1.05313e-05 0.000190511 -0.000318816 -0.000343673 -0.00797373 0.00476475
6.92 6.83028e-06 0.000193686 -0.000175265 -0.000326774 -0.00438346 0.00484418
6.94 3.04989e-06 0.000202478 -2.55716e-05 -0.000313615 -0.000639555 0.00506406
6.96 -2.6788e-07 0.000219981 9.29607e-05 -0.000303143 0.00232499 0.00550183
6.98 -2.89738e-06 0.000239001 0.000167602 -0.000288912 0.0041918 0.00597751
7 -4.97607e-06 0.000243253 0.000209935 -0.000262704 0.00525057 0.00608385
7.02 -6.77408e-06 0.000218077 0.000241158 -0.000217192 0.00603147 0.00545419
7.04 -8.41235e-06 0.000165105 0.000271848 -0.0001492 0.00679904 0.00412936
7.06 -9.80649e-06 0.000104213 0.00029877 -6.18739e-05 0.00747237 0.0026064
7.08 -1.08031e-05 5.67485e-05 0.000314624 3.7445e-05 0.00786887 0.0014193
7.1 -1.13186e-05 2.93896e-05 0.000317628 0.000139216 0.007944 0.000735046
7.12 -1.13805e-05 1.49466e-05 0.000311809 0.000231173 0.00779848 0.000373821
7.14 -1.10968e-05 3.8573e-06 0.000302349 0.000300308 0.00756189 9.64727e-05
7.16 -1.06051e-05 -7.52076e-06 0.000292295 0.000338697 0.00731043 -0.000188097
7.18 -1.00135e-05 -1.76408e-05 0.000282912 0.000347427 0.00707576 -0.000441205
7.2 -9.38722e-06 -2.56045e-05 0.000275157 0.000334274 0.00688179 -0.00064038
7.22 -8.83073e-06 -3.49695e-05 0.0002752 0.000308336 0.00688286 -0.000874603
7.24 -8.40441e-06 -5.29071e-05 0.000288886 0.000277902 0.00722516 -0.00132323
7.26 -7.96072e-06 -8.53383e-05 0.000310263 0.00025054 0.0077598 -0.00213435
7.28 -7.1101e-06 -0.000130055 0.000315495 0.000230922 0.00789066 -0.00325272
7.3 -5.40379e-06 -0.00017412 0.000273475 0.000218694 0.00683972 -0.00435481
7.32 -2.67153e-06 -0.000200989 0.000173425 0.000210146 0.00433742 -0.00502681
7.34 8.3275e-07 -0.000201623 3.52892e-05 0.000200806 0.000882598 -0.00504268
7.36 4.5743e-06 -0.000178472 -0.000105626 0.000185048 -0.00264175 -0.00446365
7.38 8.02002e-06 -0.00014103 -0.000221155 0.000154822 -0.00553117 -0.00352722
7.4 1.07878e-05 -0.000100102 -0.000298682 0.000102225 -0.00747015 -0.0025036
7.42 1.26502e-05 -6.46313e-05 -0.000337107 2.58658e-05 -0.00843119 -0.00161646
7.44 1.35334e-05 -4.00366e-05 -0.000341187 -6.52518e-05 -0.00853323 -0.00100133
7.46 1.3529e-05 -2.73463e-05 -0.00031953 -0.000155556 -0.00799158 -0.000683942
7.48 1.28422e-05 -2.37701e-05 -0.000283142 -0.000231308 -0.00708151 -0.000594499
7.5 1.1714e-05 -2.42049e-05 -0.00024075 -0.000285711 -0.00602127 -0.000605376
7.52 1.03852e-05 -2.25544e-05 -0.000199637 -0.000317843 -0.00499299 -0.000564096
7.54 9.09625e-06 -1.3589e-05 -0.000168833 -0.000329232 -0.00422258 -0.000339866
7.56 8.05944e-06 4.30311e-06 -0.000159143 -0.000322345 -0.00398022 0.000107622
7.58 7.37733e-06 2.85177e-05 -0.000181217 -0.000301233 -0.0045323 0.000713241
7.6 6.9166e-06 5.57853e-05 -0.000231249 -0.000271491 -0.00578364 0.00139521
7.62 6.23634e-06 8.5321e-05 -0.000276846 -0.000238006 -0.00692402 0.00213391
7.64 4.782e-06 0.000116678 -0.000270544 -0.000203015 -0.00676642 0.00291816
7.66 2.31506e-06 0.000146115 -0.00018903 -0.000167501 -0.00472772 0.00365439
7.68 -8.36723e-07 0.000167328 -5.66928e-05 -0.000133829 -0.00141791 0.00418495
7.7 -4.02112e-06 0.000174703 7.60568e-05 -0.000104718 0.00190221 0.00436939
7.72 -6.73265e-06 0.000164606 0.00017418 -7.88696e-05 0.00435631 0.00411687
7.74 -8.81068e-06 0.000136346 0.000235403 -4.86976e-05 0.00588753 0.00341008
7.76 -1.02738e-05 9.53545e-05 0.000274623 -4.23952e-06 0.00686843 0.00238486
7.78 -1.11124e-05 5.3234e-05 0.000300675 5.88541e-05 0.00752 0.00133141
7.8 -1.12688e-05 2.07517e-05 0.000309624 0.000134581 0.00774382 0.000519008
7.82 -1.07506e-05 1.16466e-06 0.000295021 0.000209584 0.00737861 2.91286e-05
7.84 -9.72317e-06 -9.14696e-06 0.000259211 0.000270359 0.00648296 -0.000228769
7.86 -8.48725e-06 -1.62477e-05 0.000215362 0.000308369 0.00538629 -0.000406361
7.88 -7.36878e-06 -2.59544e-05 0.000181945 0.000320819 0.00455051 -0.00064913
7.9 -6.60261e-06 -4.23463e-05 0.00017275 0.000309259 0.00432055 -0.0010591
7.92 -6.23282e-06 -6.55184e-05 0.000193332 0.000278569 0.00483532 -0.00163864
7.94 -6.0791e-06 -9.10104e-05 0.000239211 0.000236372 0.00598278 -0.00227621
7.96 -5.73957e-06 -0.00011395 0.000286781 0.000191347 0.00717252 -0.00284994
7.98 -4.68889e-06 -0.000134199 0.000295387 0.000150336 0.00738776 -0.00335638
8 -2.59404e-06 -0.000155061 0.000233777 0.000116404 0.00584687 -0.00387813
8.02 3.75865e-07 -0.000176384 0.000109841 8.94409e-05 0.00274716 -0.00441144
8.04 3.59826e-06 -0.000191555 -3.1686e-05 6.7876e-05 -0.000792481 -0.00479086
8.06 6.41479e-06 -0.000192679 -0.000143893 4.89356e-05 -0.00359883 -0.00481899
8.08 8.49751e-06 -0.000177369 -0.000209115 2.75863e-05 -0.00523006 -0.00443608
8.1 9.85863e-06 -0.000149664 -0.000239196 -2.63982e-06 -0.00598239 -0.00374316
8.12 1.06239e-05 -0.000116056 -0.000252591 -4.54785e-05 -0.00631741 -0.00290261
8.14 1.08715e-05 -8.1727e-05 -0.000255997 -9.79066e-05 -0.00640258 -0.00204403
8.16 1.06505e-05 -4.88771e-05 -0.000246142 -0.000151058 -0.00615612 -0.00122244
8.18 1.00762e-05 -1.70218e-05 -0.000223663 -0.000195784 -0.00559391 -0.000425723
8.2 9.36203e-06 1.46582e-05 -0.000201001 -0.000227301 -0.00502713 0.000366607
8.22 8.72826e-06 4.46478e-05 -0.000195534 -0.000244983 -0.00489038 0.00111666
8.24 8.26781e-06 6.91917e-05 -0.000215543 -0.000249149 -0.00539083 0.00173051
8.26 7.88917e-06 8.56271e-05 -0.000253302 -0.000239224 -0.00633518 0.00214157
8.28 7.3712e-06 9.58491e-05 -0.000290848 -0.000214891 -0.00727422 0.00239723
8.3 6.4956e-06 0.000106269 -0.000308608 -0.000178313 -0.00771842 0.00265783
8.32 5.14336e-06 0.000123689 -0.000291743 -0.000134885 -0.00729661 0.00309353
8.34 3.35212e-06 0.000150522 -0.00023807 -9.20588e-05 -0.00595422 0.00376461
8.36 1.3381e-06 0.00018338 -0.00016194 -5.72459e-05 -0.00405018 0.00458642
8.38 -6.08148e-07 0.000215745 -8.53231e-05 -3.57014e-05 -0.00213397 0.00539586
8.4 -2.29824e-06 0.000242095 -2.22997e-05 -2.88521e-05 -0.000557725 0.00605491
8.42 -3.72859e-06 0.000259309 2.65146e-05 -3.35649e-05 0.000663142 0.00648542
8.44 -4.99993e-06 0.00026299 6.70202e-05 -4.20747e-05 0.0016762 0.0065775
8.46 -6.19563e-06 0.000244476 0.000104259 -4.26356e-05 0.00260756 0.00611444
8.48 -7.3209e-06 0.000197265 0.000140972 -2.35813e-05 0.00352577 0.00493369
8.5 -8.28416e-06 0.000128802 0.000176906 1.87961e-05 0.0044245 0.00322138
8.52 -8.9116e-06 6.11635e-05 0.000207006 7.53779e-05 0.00517731 0.00152973
8.54 -9.03926e-06 1.51935e-05 0.000224214 0.000128933 0.00560768 0.000379997
8.56 -8.63175e-06 -5.11461e-06 0.000226593 0.000164673 0.00566718 -0.000127919
8.58 -7.80152e-06 -1.04503e-05 0.000219252 0.000176775 0.0054836 -0.000261367
8.6 -6.72642e-06 -1.17983e-05 0.000208973 0.00016721 0.00522649 -0.000295081
8.62 -5.55888e-06 -1.30421e-05 0.000200658 0.000141746 0.00501853 -0.000326188
8.64 -4.39756e-06 -1.62013e-05 0.000196772 0.000107922 0.00492134 -0.0004052
8.66 -3.27087e-06 -2.70172e-05 0.000195101 7.431e-05 0.00487956 -0.000675712
8.68 -2.09884e-06 -5.17017e-05 0.000185589 4.84381e-05 0.00464165 -0.00129308
8.7 -7.49045e-07 -9.02572e-05 0.000155591 3.39621e-05 0.00389139 -0.00225737
8.72 8.23098e-07 -0.000135124 0.000102573 2.98601e-05 0.0025654 -0.00337951
8.74 2.51616e-06 -0.000175606 3.74933e-05 3.23839e-05 0.000937723 -0.00439198
8.76 4.17652e-06 -0.000203094 -2.49757e-05 3.75517e-05 -0.000624652 -0.00507946
8.78 5.71403e-06 -0.000213753 -7.68515e-05 4.20743e-05 -0.00192209 -0.00534606
8.8 7.11256e-06 -0.000207256 -0.000117875 4.27076e-05 -0.0029481 -0.00518356
8.82 8.37542e-06 -0.000182635 -0.000151253 3.52162e-05 -0.0037829 -0.00456779
8.84 9.47896e-06 -0.000138247 -0.000180731 1.50066e-05 -0.00452015 -0.00345761
8.86 1.03441e-05 -7.95704e-05 -0.000208082 -1.90908e-05 -0.00520421 -0.00199009
8.88 1.08362e-05 -2.33171e-05 -0.000230398 -6.13421e-05 -0.00576234 -0.000583171
8.9 1.0832e-05 1.3471e-05 -0.000242282 -0.000101404 -0.00605957 0.000336916
8.92 1.03205e-05 2.7734e-05 -0.000242718 -0.000130811 -0.00607047 0.00069364
8.94 9.42741e-06 2.95784e-05 -0.000236909 -0.000146478 -0.00592518 0.000739769
8.96 8.31369e-06 2.95258e-05 -0.000231486 -0.000148842 -0.00578956 0.000738453
8.98 7.06184e-06 3.12017e-05 -0.000228179 -0.000139224 -0.00570686 0.000780367
9 5.67404e-06 3.51557e-05 -0.000220435 -0.000120141 -0.00551316 0.00087926
9.02 4.12487e-06 4.41372e-05 -0.000197952 -9.6706e-05 -0.00495085 0.00110389
9.04 2.43941e-06 6.20278e-05 -0.000156791 -7.56517e-05 -0.00392141 0.00155134
9.06 7.52888e-07 8.98419e-05 -0.000106137 -6.21003e-05 -0.00265453 0.00224698
9.08 -7.62723e-07 0.000124671 -6.16761e-05 -5.7249e-05 -0.00154254 0.00311808
9.1 -2.0673e-06 0.000160872 -2.97762e-05 -5.87899e-05 -0.000744714 0.00402347
9.12 -3.3232e-06 0.000190591 -4.72852e-07 -6.28347e-05 -1.18262e-05 0.00476677
9.14 -4.74596e-06 0.000204916 4.18815e-05 -6.52279e-05 0.00104747 0.00512503
9.16 -6.38098e-06 0.000197035 0.000101359 -6.13928e-05 0.00253504 0.00492792
9.18 -8.02689e-06 0.000165616 0.000164859 -4.58023e-05 0.0041232 0.00414213
9.2 -9.35861e-06 0.00011747 0.000212662 -1.3872e-05 0.00531877 0.00293797
9.22 -1.01275e-05 6.79628e-05 0.000233146 3.32008e-05 0.00583107 0.00169978
9.24 -1.02915e-05 3.40252e-05 0.0002291 8.58401e-05 0.00572988 0.000850985
9.26 -1.00074e-05 2.10073e-05 0.000213455 0.000130513 0.0053386 0.000525402
9.28 -9.50808e-06 1.73464e-05 0.000199675 0.000157804 0.00499395 0.000433841
9.3 -8.95674e-06 6.92666e-06 0.00019395 0.000166621 0.00485077 0.000173239
9.32 -8.39419e-06 -1.25248e-05 0.000195848 0.000162073 0.00489825 -0.00031325
9.34 -7.7818e-06 -2.72256e-05 0.000204129 0.000150927 0.00510535 -0.000680923
9.36 -7.06628e-06 -2.57332e-05 0.000217865 0.000138861 0.00544889 -0.000643599
9.38 -6.1732e-06 -1.6034e-05 0.000229639 0.00012968 0.00574337 -0.000401016
9.4 -4.97038e-06 -1.94203e-05 0.00022184 0.000124681 0.00554832 -0.00048571
9.42 -3.35472e-06 -4.77756e-05 0.000179255 0.00012224 0.00448325 -0.00119489
9.44 -1.40312e-06 -9.09309e-05 0.000106379 0.000119007 0.00266059 -0.00227422
9.46 6.21888e-07 -0.000127173 2.64569e-05 0.00011223 0.000661698 -0.00318064
9.48 2.45194e-06 -0.000142911 -3.80624e-05 0.000101042 -0.000951956 -0.00357426
9.5 3.97627e-06 -0.000140479 -8.12698e-05 8.59091e-05 -0.00203259 -0.00351344
9.52 5.2309e-06 -0.000129199 -0.000110859 6.73116e-05 -0.00277263 -0.00323132
9.54 6.28432e-06 -0.000112479 -0.000135334 4.46861e-05 -0.00338476 -0.00281315
9.56 7.16314e-06 -8.60017e-05 -0.000157582 1.63948e-05 -0.00394119 -0.00215094
9.58 7.85175e-06 -4.78957e-05 -0.00017743 -1.85648e-05 -0.00443759 -0.00119789
9.6 8.31406e-06 -6.44402e-06 -0.000195019 -5.83485e-05 -0.00487752 -0.000161168
9.62 8.51193e-06 2.54643e-05 -0.000210951 -9.81252e-05 -0.00527597 0.000636874
9.64 8.42736e-06 4.15258e-05 -0.000225432 -0.000132132 -0.00563815 0.00103858
9.66 8.07404e-06 4.47578e-05 -0.000237905 -0.000155705 -0.00595011 0.00111941
9.68 7.48849e-06 4.10304e-05 -0.00024648 -0.000166132 -0.00616457 0.00102619
9.7 6.71634e-06 3.43293e-05 -0.000248386 -0.000163032 -0.00621224 0.000858589
9.72 5.8082e-06 2.89844e-05 -0.0002424 -0.000148795 -0.00606252 0.000724911
9.74 4.81726e-06 3.21124e-05 -0.000228184 -0.000128422 -0.00570698 0.000803144
9.76 3.7679e-06 4.94778e-05 -0.000204607 -0.000107854 -0.0051173 0.00123746
9.78 2.64447e-06 7.87134e-05 -0.000171395 -9.14674e-05 -0.00428665 0.00196866
9.8 1.42236e-06 0.000108748 -0.00013087 -8.0459e-05 -0.00327312 0.00271984
9.82 7.86568e-08 0.000126913 -8.55765e-05 -7.28823e-05 -0.0021403 0.00317414
9.84 -1.41509e-06 0.000126669 -3.40129e-05 -6.46274e-05 -0.000850676 0.00316805
9.86 -3.05691e-06 0.000109825 2.74033e-05 -5.05237e-05 0.000685368 0.00274676
9.88 -4.73576e-06 8.33945e-05 9.64559e-05 -2.59253e-05 0.0024124 0.00208573
9.9 -6.21756e-06 5.44172e-05 0.000160766 1.0767e-05 0.00402083 0.001361
9.92 -7.25703e-06 2.61692e-05 0.00020432 5.61517e-05 0.00511013 0.000654503
9.94 -7.75001e-06 -1.40032e-06 0.000219838 0.000102652 0.00549825 -3.50227e-05
9.96 -7.78448e-06 -2.76559e-05 0.000214541 0.000141995 0.00536575 -0.000691686
9.98 -7.55156e-06 -4.86783e-05 0.000203641 0.000168807 0.00509314 -0.00121747
10 -7.21189e-06 -5.99311e-05 0.000198421 0.000182008 0.00496259 -0.0014989
10.02 -6.83309e-06 -6.15944e-05 0.000199813 0.000183836 0.00499742 -0.0015405
10.04 -6.42434e-06 -6.01122e-05 0.000202135 0.00017799 0.00505549 -0.00150343
10.06 -5.99998e-06 -6.33148e-05 0.000202475 0.00016815 0.00506399 -0.00158353
10.08 -5.59362e-06 -7.37993e-05 0.000205052 0.000157197 0.00512844 -0.00184575
10.1 -5.19206e-06 -8.72399e-05 0.000213868 0.00014672 0.00534892 -0.00218191
10.12 -4.64848e-06 -9.68727e-05 0.000220537 0.000136712 0.00551573 -0.00242283
10.14 -3.72803e-06 -9.93586e-05 0.00020515 0.000125818 0.00513088 -0.002485
10.16 -2.30932e-06 -9.66394e-05 0.000154119 0.000112254 0.00385458 -0.00241699
10.18 -5.33964e-07 -9.26259e-05 7.47711e-05 9.46514e-05 0.00187006 -0.00231661
10.2 1.27403e-06 -8.83916e-05 -1.00712e-05 7.2262e-05 -0.000251886 -0.00221071
10.22 2.83009e-06 -8.07549e-05 -7.98215e-05 4.50579e-05 -0.00199637 -0.00201971
10.24 4.02392e-06 -6.55668e-05 -0.000127271 1.42628e-05 -0.00318309 -0.00163985
10.26 4.89598e-06 -4.21701e-05 -0.000156914 -1.76766e-05 -0.00392448 -0.00105469
10.28 5.54743e-06 -1.42103e-05 -0.000177616 -4.83122e-05 -0.00444226 -0.000355406
10.3 6.06413e-06 1.36339e-05 -0.000196422 -7.6301e-05 -0.0049126 0.000340989
10.32 6.4756e-06 3.86209e-05 -0.000215336 -0.000101094 -0.00538564 0.000965924
10.34 6.76024e-06 5.97689e-05 -0.000232079 -0.000121835 -0.00580439 0.00149485
10.36 6.89043e-06 7.63537e-05 -0.000244535 -0.000136992 -0.00611593 0.00190964
10.38 6.86824e-06 8.75921e-05 -0.00025427 -0.000145096 -0.00635941 0.00219072
10.4 6.71041e-06 9.34011e-05 -0.000264675 -0.000145671 -0.00661964 0.002336
10.42 6.39686e-06 9.48275e-05 -0.000275215 -0.000139443 -0.00688324 0.00237167
10.44 5.83538e-06 9.37288e-05 -0.000278769 -0.000127907 -0.00697214 0.0023442
10.46 4.907e-06 9.20939e-05 -0.000264135 -0.000112839 -0.00660613 0.00230331
10.48 3.55794e-06 9.12436e-05 -0.000222615 -9.60172e-05 -0.00556769 0.00228204
10.5 1.8737e-06 9.11699e-05 -0.000157279 -7.90454e-05 -0.00393362 0.0022802
10.52 6.82885e-08 9.04061e-05 -8.30458e-05 -6.28497e-05 -0.00207701 0.00226109
10.54 -1.6432e-06 8.69873e-05 -1.4487e-05 -4.682e-05 -0.000362325 0.00217559
10.56 -3.16147e-06 8.00803e-05 4.40375e-05 -2.87651e-05 0.0011014 0.00200284
10.58 -4.48659e-06 7.01952e-05 9.51555e-05 -6.5054e-06 0.00237988 0.00175561
10.6 -5.6242e-06 5.72033e-05 0.000139362 2.03278e-05 0.00348549 0.00143068
10.62 -6.55969e-06 3.87789e-05 0.000173773 5.02249e-05 0.00434615 0.000969876
10.64 -7.30057e-06 1.22008e-05 0.000198207 8.11067e-05 0.00495723 0.000305146
10.66 -7.87739e-06 -2.14977e-05 0.000217515 0.00011118 0.00544015 -0.000537667
10.68 -8.28351e-06 -5.55457e-05 0.000236344 0.0001387 0.00591107 -0.00138922
10.7 -8.44273e-06 -8.05698e-05 0.000253647 0.000161563 0.00634382 -0.00201508
10.72 -8.2551e-06 -9.07475e-05 0.000263402 0.000177568 0.0065878 -0.00226963
10.74 -7.68209e-06 -8.78314e-05 0.000259333 0.000185106 0.00648601 -0.0021967
10.76 -6.77166e-06 -7.96809e-05 0.000241275 0.000183745 0.00603439 -0.00199285
10.78 -5.63498e-06 -7.4455e-05 0.000215641 0.000174459 0.00539328 -0.00186215
10.8 -4.36532e-06 -7.50883e-05 0.000186667 0.000159355 0.00466861 -0.00187799
10.82 -2.963e-06 -7.87387e-05 0.000151113 0.000141003 0.00377941 -0.00196929
10.84 -1.38933e-06 -8.15532e-05 0.000102905 0.000121784 0.0025737 -0.00203968
10.86 3.29695e-07 -8.32112e-05 4.18106e-05 0.000103341 0.0010457 -0.00208115
10.88 2.0815e-06 -8.56804e-05 -2.46899e-05 8.59487e-05 -0.000617506 -0.0021429
10.9 3.74736e-06 -8.8032e-05 -8.78209e-05 6.80215e-05 -0.00219644 -0.00220172
10.92 5.26289e-06 -8.42978e-05 -0.000142906 4.68101e-05 -0.00357413 -0.00210832
10.94 6.60037e-06 -6.76569e-05 -0.000189152 2.02381e-05 -0.00473076 -0.00169213
10.96 7.72385e-06 -3.7182e-05 -0.000227053 -1.19137e-05 -0.0056787 -0.000929937
10.98 8.57096e-06 -5.82895e-07 -0.000256641 -4.83259e-05 -0.0064187 -1.45784e-05
11 9.06539e-06 3.02356e-05 -0.000276466 -8.67606e-05 -0.00691454 0.000756206
11.02 9.15689e-06 4.7443e-05 -0.000284161 -0.000124048 -0.007107 0.00118657
11.04 8.87494e-06 5.22342e-05 -0.000279672 -0.000156146 -0.0069947 0.0013064
11.06 8.34526e-06 5.25183e-05 -0.0002678 -0.000179145 -0.00669778 0.0013135
11.08 7.73367e-06 5.61816e-05 -0.000256618 -0.000190738 -0.00641812 0.00140513
11.1 7.13213e-06 6.59059e-05 -0.00025309 -0.000190932 -0.00632989 0.00164833
11.12 6.48447e-06 7.88438e-05 -0.000256613 -0.000181618 -0.00641799 0.00197192
11.14 5.60023e-06 8.97609e-05 -0.000255039 -0.000165406 -0.00637864 0.00224496
11.16 4.24703e-06 9.46241e-05 -0.000229326 -0.000144603 -0.00573553 0.00236659
11.18 2.32845e-06 9.30565e-05 -0.000168657 -0.000121148 -0.00421818 0.00232738
11.2 8.96923e-09 8.84894e-05 -8.25449e-05 -9.69998e-05 -0.00206448 0.00221316
11.22 -2.37587e-06 8.50116e-05 6.8126e-06 -7.36677e-05 0.000170386 0.00212618
11.24 -4.54645e-06 8.32142e-05 8.294e-05 -5.08793e-05 0.00207436 0.00208122
11.26 -6.38995e-06 7.96669e-05 0.000143013 -2.6221e-05 0.00357682 0.0019925
11.28 -7.8771e-06 7.06761e-05 0.000189887 3.07037e-06 0.00474916 0.00176764
11.3 -8.96427e-06 5.58795e-05 0.00022311 3.78955e-05 0.00558009 0.00139757
11.32 -9.61223e-06 3.83335e-05 0.000240025 7.69813e-05 0.00600312 0.000958737
11.34 -9.84799e-06 2.20265e-05 0.000241331 0.000118038 0.00603579 0.000550893
11.36 -9.7694e-06 9.05469e-06 0.000232122 0.000158415 0.00580547 0.000226462
11.38 -9.50779e-06 -2.10899e-06 0.000219346 0.000194864 0.00548593 -5.27468e-05
11.4 -9.19189e-06 -1.57713e-05 0.000210084 0.000223622 0.00525428 -0.000394448
11.42 -8.9078e-06 -3.49606e-05 0.000209546 0.000241469 0.00524083 -0.000874379
11.44 -8.64217e-06 -5.70618e-05 0.000219151 0.000246888 0.00548106 -0.00142714
11.46 -8.25128e-06 -7.41407e-05 0.000234612 0.000240312 0.00586775 -0.00185429
11.48 -7.51826e-06 -7.87353e-05 0.000243807 0.000223528 0.00609771 -0.0019692
11.5 -6.24234e-06 -6.99501e-05 0.000229336 0.000199013 0.00573579 -0.00174948
11.52 -4.35528e-06 -5.48979e-05 0.00017943 0.000169708 0.00448763 -0.00137302
11.54 -2.01974e-06 -4.49366e-05 9.9645e-05 0.000138898 0.00249216 -0.00112388
11.56 4.39004e-07 -4.85044e-05 9.78626e-06 0.000109452 0.000244758 -0.00121312
11.58 2.74025e-06 -6.4185e-05 -7.25267e-05 8.24733e-05 -0.00181392 -0.00160529
11.6 4.77722e-06 -8.05944e-05 -0.000141854 5.65787e-05 -0.00354782 -0.0020157
11.62 6.53574e-06 -8.58497e-05 -0.000198658 2.89197e-05 -0.00496852 -0.00214714
11.64 7.96946e-06 -7.77585e-05 -0.000240086 -2.79906e-06 -0.00600465 -0.00194477
11.66 9.01878e-06 -6.29192e-05 -0.000262169 -3.9198e-05 -0.00655695 -0.00157364
11.68 9.706e-06 -4.64962e-05 -0.000267576 -7.9441e-05 -0.00669219 -0.00116289
11.7 1.01326e-05 -2.63964e-05 -0.000265355 -0.000121635 -0.00663665 -0.000660186
11.72 1.03786e-05 1.21331e-06 -0.000263222 -0.000162751 -0.00658329 3.03453e-05
11.74 1.04428e-05 3.33315e-05 -0.000263224 -0.000198698 -0.00658333 0.000833635
11.76 1.02815e-05 5.98065e-05 -0.000264188 -0.000225167 -0.00660745 0.00149579
11.78 9.87895e-06 7.17078e-05 -0.00026499 -0.000238928 -0.00662752 0.00179344
11.8 9.27297e-06 6.91219e-05 -0.000266714 -0.000238664 -0.00667062 0.00172877
11.82 8.50964e-06 6.08924e-05 -0.000272604 -0.000225049 -0.00681795 0.00152294
11.84 7.57644e-06 5.7424e-05 -0.000280401 -0.000200482 -0.00701294 0.0014362
11.86 6.33445e-06 6.34783e-05 -0.000275072 -0.000168683 -0.00687967 0.00158762
11.88 4.58637e-06 7.6799e-05 -0.000236353 -0.000134121 -0.00591129 0.00192078
11.9 2.29867e-06 9.23525e-05 -0.000158145 -0.000101205 -0.00395526 0.00230977
11.92 -2.86693e-07 0.000106726 -5.77295e-05 -7.30263e-05 -0.00144384 0.00266926
11.94 -2.79711e-06 0.000118252 3.72447e-05 -4.99701e-05 0.000931505 0.00295754
11.96 -4.97517e-06 0.000124532 0.00010864 -2.92991e-05 0.00271714 0.0031146
11.98 -6.76754e-06 0.00012213 0.00015537 -6.5449e-06 0.00388586 0.00305452
12 -8.2371e-06 0.000109205 0.000186325 2.20908e-05 0.00466007 0.00273126
12.02 -9.44146e-06 8.75192e-05 0.00020972 5.80371e-05 0.00524519 0.00218889
12.04 -1.03757e-05 6.18561e-05 0.000227549 0.000100053 0.00569109 0.00154705
12.06 -1.09887e-05 3.79377e-05 0.000236684 0.000144702 0.00591957 0.000948836
12.08 -1.12505e-05 1.97933e-05 0.000234463 0.000187094 0.00586401 0.000495038
12.1 -1.12171e-05 7.43404e-06 0.000224171 0.000221989 0.0056066 0.000185928
12.12 -1.10223e-05 -2.97499e-06 0.000214878 0.000245185 0.00537418 -7.44057e-05
12.14 -1.07903e-05 -1.55365e-05 0.000215026 0.00025474 0.0053779 -0.000388575
12.16 -1.05559e-05 -3.07377e-05 0.000226284 0.000251375 0.00565947 -0.000768763
12.18 -1.02434e-05 -4.52969e-05 0.000244255 0.000237622 0.00610893 -0.00113289
12.2 -9.71103e-06 -5.58525e-05 0.000262197 0.000216384 0.00655766 -0.00139689
12.22 -8.79478e-06 -6.25716e-05 0.000268644 0.000190366 0.0067189 -0.00156494
12.24 -7.32634e-06 -6.91063e-05 0.000247038 0.000162371 0.00617854 -0.00172838
12.26 -5.23651e-06 -7.91974e-05 0.000187078 0.000135307 0.00467891 -0.00198076
12.28 -2.67945e-06 -9.31772e-05 9.71463e-05 0.000111622 0.00242967 -0.0023304
12.3 2.07988e-08 -0.000107135 2.83519e-07 9.25168e-05 7.09091e-06 -0.00267949
12.32 2.58077e-06 -0.000115093 -8.43967e-05 7.71641e-05 -0.0021108 -0.00287854
12.34 4.88309e-06 -0.00011268 -0.000152845 6.24069e-05 -0.00382272 -0.00281818
12.36 6.89974e-06 -9.98019e-05 -0.000209671 4.37185e-05 -0.00524396 -0.00249609
12.38 8.56377e-06 -8.02952e-05 -0.000256023 1.71756e-05 -0.00640325 -0.00200822
12.4 9.75692e-06 -5.90945e-05 -0.000286482 -1.8659e-05 -0.00716503 -0.00147798
12.42 1.03983e-05 -3.97056e-05 -0.000295376 -6.17604e-05 -0.00738747 -0.000993054
12.44 1.05232e-05 -2.34835e-05 -0.000283797 -0.000106954 -0.00709789 -0.000587332
12.46 1.02882e-05 -9.88918e-06 -0.000261207 -0.000147593 -0.00653288 -0.000247333
12.48 9.9052e-06 2.68136e-06 -0.000241049 -0.000177887 -0.00602874 6.7062e-05
12.5 9.54133e-06 1.5217e-05 -0.000233235 -0.000194656 -0.00583329 0.000380584
12.52 9.25133e-06 2.68177e-05 -0.000238687 -0.00019784 -0.00596965 0.000670721
12.54 8.99611e-06 3.55021e-05 -0.000252015 -0.000189821 -0.006303 0.000887922
12.56 8.69762e-06 4.05122e-05 -0.000269478 -0.000174145 -0.00673976 0.00101323
12.58 8.26561e-06 4.37252e-05 -0.000288891 -0.000154419 -0.00722529 0.00109359
12.6 7.53232e-06 4.84817e-05 -0.000298845 -0.00013355 -0.00747425 0.00121255
12.62 6.24156e-06 5.67527e-05 -0.00027667 -0.000113341 -0.00691963 0.00141941
12.64 4.25201e-06 6.75908e-05 -0.000207799 -9.47156e-05 -0.00519715 0.00169048
12.66 1.73396e-06 7.82014e-05 -0.000104148 -7.80944e-05 -0.00260478 0.00195585
12.68 -9.12578e-07 8.56429e-05 4.23673e-06 -6.29729e-05 0.000105962 0.00214196
12.7 -3.34014e-06 8.74637e-05 9.31864e-05 -4.71418e-05 0.00233063 0.0021875
12.72 -5.40179e-06 8.22978e-05 0.00015587 -2.73792e-05 0.00389836 0.0020583
12.74 -7.07959e-06 7.1123e-05 0.00019577 -1.57584e-06 0.00489628 0.00177882
12.76 -8.38573e-06 5.72959e-05 0.000217392 3.00541e-05 0.00543706 0.00143299
12.78 -9.35232e-06 4.38908e-05 0.000225108 6.56579e-05 0.00563005 0.00109773
12.8 -1.00391e-05 3.07648e-05 0.000225172 0.000102806 0.00563164 0.00076944
12.82 -1.04974e-05 1.55144e-05 0.000224264 0.000138779 0.00560893 0.000388022
12.84 -1.07285e-05 -1.81131e-06 0.000225947 0.00017054 0.00565103 -4.53015e-05
12.86 -1.06862e-05 -1.60351e-05 0.000229428 0.000195023 0.00573808 -0.000401043
12.88 -1.0326e-05 -2.05769e-05 0.000231101 0.000209665 0.00577993 -0.000514636
12.9 -9.6365e-06 -1.41601e-05 0.000228923 0.000212859 0.00572547 -0.00035415
12.92 -8.64406e-06 -3.16848e-06 0.000224117 0.000204302 0.00560527 -7.92449e-05
12.94 -7.36499e-06 3.06468e-06 0.000213519 0.000185551 0.00534021 7.66488e-05
12.96 -5.73704e-06 -6.12177e-07 0.000185085 0.000160189 0.00462906 -1.53108e-05
12.98 -3.69505e-06 -1.26501e-05 0.000127367 0.000132885 0.00318549 -0.000316385
13 -1.3294e-06 -2.86473e-05 4.34114e-05 0.000107823 0.00108574 -0.000716482
13.02 1.09837e-06 -4.56947e-05 -4.83407e-05 8.73398e-05 -0.00120902 -0.00114284
13.04 3.32098e-06 -6.14048e-05 -0.000128001 7.09976e-05 -0.00320135 -0.00153576
13.06 5.20982e-06 -7.05903e-05 -0.00018614 5.55129e-05 -0.00465544 -0.00176549
13.08 6.76613e-06 -6.69561e-05 -0.000224065 3.61069e-05 -0.00560396 -0.0016746
13.1 8.03161e-06 -4.95527e-05 -0.000247528 8.60169e-06 -0.00619077 -0.00123933
13.12 9.02677e-06 -2.55018e-05 -0.000261559 -2.88765e-05 -0.0065417 -0.000637811
13.14 9.74114e-06 -4.5165e-06 -0.000268269 -7.48648e-05 -0.00670952 -0.00011296
13.16 1.0158e-05 8.6615e-06 -0.000267552 -0.000124435 -0.00669159 0.000216628
13.18 1.02918e-05 1.55338e-05 -0.000260215 -0.000170553 -0.00650809 0.000388508
13.2 1.02045e-05 1.88577e-05 -0.000250264 -0.000206503 -0.0062592 0.000471639
13.22 9.98018e-06 1.86388e-05 -0.000243304 -0.000227926 -0.00608514 0.000466164
13.24 9.68891e-06 1.37032e-05 -0.000242993 -0.000233614 -0.00607735 0.000342723
13.26 9.35969e-06 5.78371e-06 -0.000250784 -0.000225177 -0.00627221 0.000144653
13.28 8.94822e-06 6.00564e-07 -0.000265795 -0.000206062 -0.00664765 1.50203e-05
13.3 8.30909e-06 4.66955e-06 -0.000278626 -0.000180453 -0.00696856 0.000116787
13.32 7.18998e-06 2.09557e-05 -0.000269148 -0.000152235 -0.00673149 0.00052411
13.34 5.36339e-06 4.66563e-05 -0.00021942 -0.000124299 -0.00548778 0.00116689
13.36 2.83359e-06 7.40854e-05 -0.00013079 -9.8417e-05 -0.00327111 0.00185291
13.38 -1.36177e-07 9.3881e-05 -2.39002e-05 -7.51928e-05 -0.000597755 0.002348
13.4 -3.1984e-06 9.92956e-05 7.82361e-05 -5.37267e-05 0.00195672 0.00248343
13.42 -6.07866e-06 9.00262e-05 0.000163138 -3.15712e-05 0.00408016 0.00225159
13.44 -8.57279e-06 7.3051e-05 0.000227112 -5.56376e-06 0.00568016 0.00182704
13.46 -1.05014e-05 5.84307e-05 0.000268104 2.68266e-05 0.0067054 0.00146138
13.48 -1.17402e-05 5.2004e-05 0.000284125 6.63054e-05 0.00710609 0.00130064
13.5 -1.2281e-05 5.11372e-05 0.000276288 0.000111081 0.00691008 0.00127896
13.52 -1.22382e-05 4.81371e-05 0.000250884 0.000157098 0.00627471 0.00120393
13.54 -1.17997e-05 3.86058e-05 0.000218765 0.000199287 0.00547141 0.000965547
13.56 -1.1162e-05 2.6311e-05 0.000191284 0.000233057 0.0047841 0.00065805
13.58 -1.0471e-05 1.90079e-05 0.00017628 0.000255057 0.00440883 0.000475396
13.6 -9.78358e-06 1.91948e-05 0.00017509 0.000263209 0.00437906 0.00048007
13.62 -9.07174e-06 1.99358e-05 0.000184135 0.000256791 0.00460529 0.000498604
13.64 -8.25484e-06 1.10313e-05 0.000198029 0.000236782 0.00495279 0.000275896
13.66 -7.16413e-06 -1.06091e-05 0.000204425 0.00020602 0.00511275 -0.000265337
13.68 -5.55092e-06 -3.75852e-05 0.000183802 0.000168979 0.00459697 -0.000940022
13.7 -3.26529e-06 -5.95077e-05 0.000123141 0.000131154 0.00307981 -0.00148831
13.72 -4.33248e-07 -7.3099e-05 2.84677e-05 9.76696e-05 0.00071199 -0.00182824
13.74 2.57439e-06 -8.36686e-05 -7.84662e-05 7.10795e-05 -0.00196247 -0.00209259
13.76 5.34224e-06 -9.71279e-05 -0.000173291 4.99171e-05 -0.00433407 -0.00242921
13.78 7.5655e-06 -0.000112432 -0.000237883 2.97646e-05 -0.00594954 -0.00281196
13.8 9.10936e-06 -0.000122748 -0.000263973 5.98556e-06 -0.00660207 -0.00306997
13.82 1.00298e-05 -0.000123047 -0.000255971 -2.4301e-05 -0.00640193 -0.00307745
13.84 1.05401e-05 -0.000115091 -0.00022993 -6.16228e-05 -0.00575064 -0.00287847
13.86 1.08895e-05 -0.000104721 -0.00020453 -0.000104032 -0.00511539 -0.00261913
13.88 1.12328e-05 -9.54458e-05 -0.00019043 -0.000147425 -0.00476272 -0.00238714
13.9 1.15956e-05 -8.6038e-05 -0.000188071 -0.000186695 -0.00470373 -0.00215185
13.92 1.1931e-05 -7.42699e-05 -0.000193804 -0.000217094 -0.00484713 -0.00185752
13.94 1.21833e-05 -6.09959e-05 -0.000205727 -0.000235076 -0.00514533 -0.00152553
13.96 1.23128e-05 -4.86407e-05 -0.000225082 -0.000238935 -0.00562939 -0.00121653
13.98 1.22805e-05 -3.65889e-05 -0.000255206 -0.00022929 -0.00638282 -0.000915104
14 1.19699e-05 -2.11286e-05 -0.000292744 -0.000208646 -0.00732165 -0.000528435
14.02 1.11231e-05 -8.32935e-07 -0.000318117 -0.000180451 -0.00795624 -2.08321e-05
14.04 9.42638e-06 1.99169e-05 -0.000301476 -0.000148661 -0.00754003 0.000498129
14.06 6.78591e-06 3.45891e-05 -0.000225544 -0.000117457 -0.00564094 0.000865087
14.08 3.56323e-06 4.24479e-05 -0.000108581 -9.03385e-05 -0.00271566 0.00106164
14.1 4.37713e-07 5.23562e-05 4.76164e-06 -6.88106e-05 0.000119091 0.00130945
14.12 -2.03975e-06 7.62121e-05 7.8398e-05 -5.18257e-05 0.00196077 0.0019061
14.14 -3.77978e-06 0.000115891 0.000107812 -3.67618e-05 0.00269642 0.00289849
14.16 -5.08874e-06 0.000156964 0.000114366 -2.1117e-05 0.00286034 0.00392574
14.18 -6.35208e-06 0.00017823 0.000123054 -3.257e-06 0.00307762 0.00445759
14.2 -7.75974e-06 0.000169599 0.00014582 1.8202e-05 0.00364702 0.00424175
14.22 -9.22313e-06 0.000140543 0.000178621 4.48884e-05 0.00446738 0.00351504
14.24 -1.04726e-05 0.000110152 0.000208584 7.76568e-05 0.00521678 0.00275494
14.26 -1.12433e-05 8.92187e-05 0.000224457 0.000114575 0.00561377 0.0022314
14.28 -1.14161e-05 7.38034e-05 0.000223448 0.000149751 0.00558852 0.00184585
14.3 -1.10264e-05 5.67365e-05 0.000210242 0.00017466 0.00525824 0.001419
14.32 -1.01906e-05 4.13224e-05 0.000190478 0.000182091 0.00476395 0.00103349
14.34 -9.0651e-06 3.82967e-05 0.000171047 0.000170285 0.00427797 0.000957818
14.36 -7.8449e-06 4.92155e-05 0.000161443 0.000144074 0.00403775 0.0012309
14.38 -6.70542e-06 5.83448e-05 0.000168012 0.000112289 0.00420206 0.00145923
14.4 -5.65734e-06 4.49015e-05 0.000184586 8.34273e-05 0.00461657 0.00112301
14.42 -4.48147e-06 1.9168e-06 0.000189279 6.25742e-05 0.00473395 4.794e-05
14.44 -2.89297e-06 -5.84788e-05 0.000160614 5.07846e-05 0.00401702 -0.00146258
14.46 -7.91002e-07 -0.00011555 9.67538e-05 4.57668e-05 0.00241985 -0.00288996
14.48 1.67227e-06 -0.000153061 1.46392e-05 4.27019e-05 0.000366133 -0.00382813
14.5 4.23541e-06 -0.000165377 -6.71759e-05 3.57796e-05 -0.0016801 -0.00413616
14.52 6.66145e-06 -0.000157035 -0.000139235 2.09975e-05 -0.00348233 -0.00392752
14.54 8.73276e-06 -0.000138683 -0.000196812 -1.56613e-06 -0.00492235 -0.00346851
14.56 1.02254e-05 -0.000120605 -0.000233071 -2.85146e-05 -0.00582919 -0.00301637
14.58 1.09798e-05 -0.000106795 -0.000241546 -5.63485e-05 -0.00604116 -0.00267098
14.6 1.09968e-05 -9.47278e-05 -0.000223603 -8.33271e-05 -0.0055924 -0.00236918
14.62 1.04438e-05 -8.19576e-05 -0.00019013 -0.00010801 -0.00475524 -0.00204979
14.64 9.57905e-06 -7.19187e-05 -0.000155797 -0.000127399 -0.00389656 -0.00179872
14.66 8.67064e-06 -6.97032e-05 -0.000134658 -0.000138061 -0.00336785 -0.00174331
14.68 7.93921e-06 -7.15219e-05 -0.000137213 -0.00013901 -0.00343175 -0.00178879
14.7 7.46235e-06 -6.30638e-05 -0.00016662 -0.000132513 -0.00416724 -0.00157725
14.72 7.07948e-06 -3.28786e-05 -0.000213548 -0.000121716 -0.00534093 -0.000822309
14.74 6.38868e-06 1.37462e-05 -0.000250154 -0.000107991 -0.00625646 0.000343799
14.76 4.92711e-06 5.85914e-05 -0.000239684 -9.0999e-05 -0.00599461 0.00146539
14.78 2.53675e-06 8.84106e-05 -0.000166218 -7.09491e-05 -0.00415719 0.00221119
14.8 -4.07971e-07 0.000105115 -5.4878e-05 -4.99639e-05 -0.00137252 0.00262896
14.82 -3.22047e-06 0.000117768 4.61802e-05 -3.09774e-05 0.00115498 0.00294542
14.84 -5.40087e-06 0.000129796 0.000105758 -1.58136e-05 0.00264505 0.00324624
14.86 -6.89171e-06 0.000137438 0.000128321 -4.66995e-06 0.00320936 0.00343738
14.88 -7.89145e-06 0.000137531 0.000136495 3.40018e-06 0.0034138 0.0034397
14.9 -8.54776e-06 0.000132379 0.00014402 1.08631e-05 0.003602 0.00331086
14.92 -8.8748e-06 0.000126612 0.000148451 2.22547e-05 0.00371281 0.00316662
14.94 -8.87835e-06 0.000120722 0.000143618 4.23137e-05 0.00359195 0.00301931
14.96 -8.67079e-06 0.000108638 0.000132823 7.20925e-05 0.00332197 0.00271709
14.98 -8.44224e-06 8.33506e-05 0.000129419 0.000106862 0.00323683 0.00208463
15 -8.31569e-06 4.65058e-05 0.000145841 0.000138232 0.00364754 0.00116313
15.02 -8.22309e-06 1.09251e-05 0.00018189 0.000158463 0.00454914 0.000273241
15.04 -7.91002e-06 -9.46398e-06 0.000221913 0.000163231 0.00555014 -0.000236698
15.06 -7.08989e-06 -1.31732e-05 0.000243545 0.000151944 0.00609116 -0.000329467
15.08 -5.62545e-06 -1.38524e-05 0.000230598 0.000127395 0.00576735 -0.000346454
15.1 -3.58709e-06 -2.8558e-05 0.000180105 9.55579e-05 0.00450451 -0.000714248
15.12 -1.20298e-06 -6.23757e-05 0.000103403 6.42835e-05 0.00258615 -0.00156004
15.14 1.22919e-06 -0.000103898 2.07436e-05 4.03021e-05 0.000518806 -0.00259853
15.16 3.43346e-06 -0.000135865 -4.8313e-05 2.64113e-05 -0.00120833 -0.00339803
15.18 5.23349e-06 -0.000150107 -9.28944e-05 2.10786e-05 -0.00232333 -0.00375425
15.2 6.5936e-06 -0.000151685 -0.000114475 2.02784e-05 -0.00286307 -0.00379371
15.22 7.60155e-06 -0.000149646 -0.000123883 1.94419e-05 -0.00309838 -0.00374272
15.24 8.39525e-06 -0.000146045 -0.000133276 1.39786e-05 -0.00333329 -0.00365263
15.26 9.06894e-06 -0.000134487 -0.000148924 -8.39299e-07 -0.00372464 -0.00336357
15.28 9.6207e-06 -0.000108849 -0.000170189 -2.8404e-05 -0.00425649 -0.00272236
15.3 9.97524e-06 -7.31162e-05 -0.000193185 -6.74174e-05 -0.00483163 -0.00182867
15.32 1.00511e-05 -4.03626e-05 -0.000214195 -0.000110204 -0.00535711 -0.00100949
15.34 9.81578e-06 -1.97289e-05 -0.00023121 -0.000146081 -0.00578265 -0.000493429
15.36 9.29979e-06 -6.88145e-06 -0.000244317 -0.000167366 -0.00611047 -0.000172108
15.38 8.55622e-06 9.3221e-06 -0.000253936 -0.000172215 -0.00635105 0.00023315
15.4 7.58259e-06 3.32927e-05 -0.000258663 -0.000162806 -0.00646927 0.000832665
15.42 6.313e-06 6.03184e-05 -0.000251619 -0.000142668 -0.0062931 0.00150859
15.44 4.68553e-06 8.56331e-05 -0.000223084 -0.000116147 -0.00557943 0.00214172
15.46 2.74258e-06 0.000109525 -0.000171548 -8.87221e-05 -0.00429049 0.00273926
15.48 6.80286e-07 0.000132541 -0.000108839 -6.58391e-05 -0.00272211 0.0033149
15.5 -1.24328e-06 0.000151369 -5.26142e-05 -5.07416e-05 -0.0013159 0.0037858
15.52 -2.85719e-06 0.000162748 -1.3429e-05 -4.3565e-05 -0.000335865 0.0040704
15.54 -4.15486e-06 0.000168131 1.0764e-05 -4.21388e-05 0.000269211 0.00420504
15.56 -5.25389e-06 0.000171004 3.10166e-05 -4.26946e-05 0.000775737 0.00427689
15.58 -6.29861e-06 0.000170546 5.94794e-05 -3.96198e-05 0.0014876 0.00426542
15.6 -7.35426e-06 0.000160342 0.000101634 -2.60875e-05 0.00254192 0.00401021
15.62 -8.33599e-06 0.000134593 0.000151936 2.53239e-06 0.00379998 0.00336622
15.64 -9.03837e-06 9.53777e-05 0.000196324 4.43337e-05 0.00491014 0.00238544
15.66 -9.26928e-06 5.29152e-05 0.000221774 9.05042e-05 0.00554667 0.00132343
15.68 -8.98147e-06 1.84221e-05 0.000225686 0.000130201 0.0056445 0.000460746
15.7 -8.29277e-06 -3.81006e-06 0.000216109 0.000155927 0.00540499 -9.52911e-05
15.72 -7.39824e-06 -1.85915e-05 0.000203177 0.000165206 0.00508154 -0.000464982
15.74 -6.46481e-06 -3.42755e-05 0.000193518 0.000159362 0.00483998 -0.000857246
15.76 -5.57839e-06 -5.43168e-05 0.000189427 0.00014222 0.00473765 -0.00135849
15.78 -4.74473e-06 -7.45407e-05 0.000190409 0.000119496 0.0047622 -0.0018643
15.8 -3.89533e-06 -8.85949e-05 0.000192231 9.76431e-05 0.00480779 -0.0022158
15.82 -2.90846e-06 -9.47024e-05 0.00018472 8.16999e-05 0.00461993 -0.00236855
15.84 -1.68638e-06 -9.68089e-05 0.00015749 7.33805e-05 0.00393889 -0.00242123
15.86 -2.40585e-07 -0.00010063 0.00010844 7.07665e-05 0.00271214 -0.0025168
15.88 1.30503e-06 -0.000108762 4.55403e-05 6.95267e-05 0.00113898 -0.00272019
15.9 2.80179e-06 -0.000117486 -2.00183e-05 6.46813e-05 -0.000500666 -0.00293837
15.92 4.15178e-06 -0.000117785 -8.0813e-05 5.21456e-05 -0.00202117 -0.00294585
15.94 5.29512e-06 -0.00010204 -0.000133437 3.0077e-05 -0.00333732 -0.00255207
15.96 6.15905e-06 -7.13625e-05 -0.000174225 -8.9577e-08 -0.00435743 -0.0017848
15.98 6.6643e-06 -3.55982e-05 -0.00019846 -3.40024e-05 -0.00496356 -0.000890325
16 6.79662e-06 -5.44972e-06 -0.000205016 -6.64243e-05 -0.00512754 -0.0001363
16.02 6.65487e-06 1.55746e-05 -0.000199794 -9.33425e-05 -0.00499693 0.000389528
16.04 6.40902e-06 3.24253e-05 -0.000193121 -0.000112721 -0.00483005 0.000810971
16.06 6.20373e-06 5.24861e-05 -0.000193976 -0.000124132 -0.00485141 0.0013127
16.08 6.08419e-06 7.72097e-05 -0.000205893 -0.000128278 -0.00514947 0.00193105
16.1 5.98555e-06 9.87877e-05 -0.000226475 -0.000126694 -0.00566424 0.00247072
16.12 5.76378e-06 0.000106312 -0.000248789 -0.000121197 -0.00622232 0.00265891
16.14 5.25778e-06 9.68398e-05 -0.000262515 -0.000113096 -0.00656561 0.002422
16.16 4.34953e-06 7.99378e-05 -0.000254351 -0.000102889 -0.00636142 0.00199928
16.18 3.01163e-06 6.9925e-05 -0.000214017 -9.08075e-05 -0.00535265 0.00174885
16.2 1.3642e-06 7.33584e-05 -0.000144886 -7.75151e-05 -0.00362366 0.00183472
16.22 -3.36967e-07 8.42007e-05 -6.54887e-05 -6.40305e-05 -0.0016379 0.00210589
16.24 -1.83347e-06 9.04996e-05 3.15698e-06 -5.08568e-05 7.89573e-05 0.00226343
16.26 -3.01306e-06 8.4987e-05 5.2367e-05 -3.72105e-05 0.00130972 0.00212556
16.28 -3.922e-06 6.92929e-05 8.75595e-05 -2.13006e-05 0.0021899 0.00173304
16.3 -4.65474e-06 4.91645e-05 0.000118088 -1.44725e-06 0.00295343 0.00122962
16.32 -5.25686e-06 2.74105e-05 0.000147765 2.30429e-05 0.00369567 0.000685549
16.34 -5.70991e-06 2.33224e-06 0.000173549 5.16032e-05 0.00434052 5.83302e-05
16.36 -5.96738e-06 -2.77683e-05 0.000190138 8.22924e-05 0.00475542 -0.000694497
16.38 -6.00405e-06 -5.99419e-05 0.000195749 0.000111766 0.00489576 -0.00149917
16.4 -5.85051e-06 -8.69452e-05 0.000194951 0.000135862 0.00487579 -0.00217453
16.42 -5.57555e-06 -0.00010189 0.000195403 0.000150979 0.00488711 -0.00254831
16.44 -5.22515e-06 -0.000102641 0.000200366 0.000155495 0.00501123 -0.00256709
16.46 -4.77596e-06 -9.2765e-05 0.000205376 0.000150295 0.00513654 -0.00232009
16.48 -4.16679e-06 -7.92337e-05 0.000202131 0.000138198 0.00505539 -0.00198167
16.5 -3.36812e-06 -6.87248e-05 0.000184182 0.00012277 0.00460648 -0.00171884
16.52 -2.40636e-06 -6.4629e-05 0.000150618 0.000107041 0.00376701 -0.0016164
16.54 -1.35093e-06 -6.61721e-05 0.000106349 9.27139e-05 0.00265983 -0.00165499
16.56 -2.79432e-07 -6.9523e-05 5.8569e-05 7.98818e-05 0.00146483 -0.0017388
16.58 7.6597e-07 -6.98263e-05 1.15465e-05 6.70113e-05 0.000288782 -0.00174639
16.6 1.78706e-06 -6.32148e-05 -3.47146e-05 5.15814e-05 -0.000868227 -0.00158103
16.62 2.7849e-06 -4.82475e-05 -8.0345e-05 3.15037e-05 -0.00200946 -0.00120669
16.64 3.72287e-06 -2.623e-05 -0.000122595 6.32052e-06 -0.00306615 -0.000656024
16.66 4.55181e-06 -2.7292e-07 -0.000158526 -2.27522e-05 -0.0039648 -6.82585e-06
16.68 5.24986e-06 2.60992e-05 -0.000188525 -5.35922e-05 -0.00471508 0.000652751
16.7 5.80914e-06 4.99681e-05 -0.000214476 -8.37759e-05 -0.00536413 0.00124972
16.72 6.19803e-06 6.95197e-05 -0.000235473 -0.000110757 -0.00588927 0.00173872
16.74 6.37023e-06 8.40219e-05 -0.000248134 -0.000132117 -0.00620594 0.00210142
16.76 6.31481e-06 9.33504e-05 -0.000251414 -0.000146141 -0.00628797 0.00233473
16.78 6.0755e-06 9.75098e-05 -0.00024887 -0.000152297 -0.00622435 0.00243876
16.8 5.70822e-06 9.66315e-05 -0.000244777 -0.000151171 -0.00612197 0.00241679
16.82 5.21276e-06 9.15147e-05 -0.000238906 -0.000144006 -0.00597514 0.00228882
16.84 4.5314e-06 8.40725e-05 -0.000224787 -0.000132196 -0.00562201 0.00210269
16.86 3.61562e-06 7.66841e-05 -0.000195166 -0.000116938 -0.00488119 0.0019179
16.88 2.498e-06 7.0593e-05 -0.00015071 -9.91953e-05 -0.00376933 0.00176556
16.9 1.29543e-06 6.5084e-05 -0.000100557 -7.98404e-05 -0.00251496 0.00162778
16.92 1.13324e-07 5.83921e-05 -5.27309e-05 -5.95464e-05 -0.00131882 0.00146041
16.94 -1.03055e-06 4.90418e-05 -6.35861e-06 -3.85198e-05 -0.000159032 0.00122656
16.96 -2.15879e-06 3.63408e-05 4.3398e-05 -1.64682e-05 0.0010854 0.000908898
16.98 -3.22529e-06 2.02973e-05 9.48228e-05 7.12037e-06 0.00237156 0.000507644
17 -4.10289e-06 1.47199e-06 0.000138116 3.26179e-05 0.00345433 3.68151e-05
17.02 -4.69032e-06 -1.91715e-05 0.000164991 5.99459e-05 0.00412649 -0.000479487
17.04 -5.00152e-06 -4.02238e-05 0.000177011 8.82172e-05 0.00442711 -0.00100601
17.06 -5.1338e-06 -5.96237e-05 0.0001828 0.000115477 0.0045719 -0.00149121
17.08 -5.16677e-06 -7.50055e-05 0.000188557 0.000138973 0.00471588 -0.00187592
17.1 -5.11193e-06 -8.48079e-05 0.000193265 0.000155972 0.00483364 -0.00212108
17.12 -4.95366e-06 -8.90247e-05 0.000192807 0.000164618 0.00482217 -0.00222654
17.14 -4.71503e-06 -8.86595e-05 0.000186638 0.00016444 0.0046679 -0.00221741
17.16 -4.46211e-06 -8.46379e-05 0.000179645 0.000156457 0.004493 -0.00211683
17.18 -4.23769e-06 -7.75702e-05 0.000176916 0.000142769 0.00442473 -0.00194006
17.2 -3.99584e-06 -6.82865e-05 0.000176311 0.000125649 0.00440961 -0.00170787
17.22 -3.60513e-06 -5.80189e-05 0.000167372 0.000106611 0.00418605 -0.00145108
17.24 -2.94028e-06 -4.79568e-05 0.000139271 8.612e-05 0.00348322 -0.00119942
17.26 -1.99175e-06 -3.85102e-05 9.07876e-05 6.41549e-05 0.00227064 -0.000963157
17.28 -8.81892e-07 -2.86051e-05 3.18905e-05 4.09879e-05 0.000797594 -0.000715426
17.3 2.27649e-07 -1.59729e-05 -2.45423e-05 1.72312e-05 -0.000613813 -0.000399489
17.32 1.23782e-06 8.40623e-07 -7.18847e-05 -6.68714e-06 -0.00179787 2.10243e-05
17.34 2.12798e-06 2.02284e-05 -0.00011123 -3.0644e-05 -0.0027819 0.00050592
17.36 2.90181e-06 3.80181e-05 -0.000145643 -5.43414e-05 -0.00364258 0.000950849
17.38 3.54426e-06 5.1284e-05 -0.00017472 -7.69059e-05 -0.00436981 0.00128263
17.4 4.03214e-06 6.15952e-05 -0.000195158 -9.70175e-05 -0.004881 0.00154052
17.42 4.37045e-06 7.33835e-05 -0.000205713 -0.000113368 -0.00514497 0.00183535
17.44 4.60123e-06 8.84423e-05 -0.000210189 -0.000125024 -0.00525691 0.00221198
17.46 4.76471e-06 0.000102564 -0.000214525 -0.000131503 -0.00536535 0.00256517
17.48 4.84911e-06 0.00010849 -0.000220694 -0.000132658 -0.00551965 0.00271337
17.5 4.79053e-06 0.000102404 -0.0002241 -0.000128557 -0.00560484 0.00256116
17.52 4.5273e-06 8.73025e-05 -0.000218173 -0.000119376 -0.00545659 0.00218347
17.54 4.05759e-06 7.00246e-05 -0.000201072 -0.000105332 -0.00502888 0.00175134
17.56 3.4349e-06 5.53592e-05 -0.00017567 -8.67589e-05 -0.00439358 0.00138456
17.58 2.70319e-06 4.29989e-05 -0.000144165 -6.44685e-05 -0.00360562 0.00107542
17.6 1.86766e-06 2.96173e-05 -0.000105608 -4.01578e-05 -0.00264129 0.00074074
17.62 9.36697e-07 1.34335e-05 -5.90012e-05 -1.61093e-05 -0.00147564 0.000335979
17.64 -3.16296e-08 -3.51365e-06 -7.06464e-06 5.95508e-06 -0.00017669 -8.78778e-05
17.66 -9.39998e-07 -1.77421e-05 4.38866e-05 2.57786e-05 0.00109762 -0.000443737
17.68 -1.70331e-06 -2.86138e-05 8.70428e-05 4.42775e-05 0.00217698 -0.000715644
17.7 -2.29021e-06 -3.95692e-05 0.000118448 6.24049e-05 0.00296244 -0.000989642
17.72 -2.72994e-06 -5.48124e-05 0.000138705 8.02887e-05 0.00346907 -0.00137088
17.74 -3.08492e-06 -7.50209e-05 0.000152151 9.72086e-05 0.00380536 -0.0018763
17.76 -3.40544e-06 -9.63668e-05 0.000163751 0.000112037 0.00409548 -0.00241017
17.78 -3.69589e-06 -0.00011322 0.000175764 0.000123604 0.00439593 -0.00283168
17.8 -3.91556e-06 -0.00012144 0.000186634 0.000130912 0.00466781 -0.00303726
17.82 -4.00874e-06 -0.00011972 0.000192626 0.000133334 0.00481767 -0.00299424
17.84 -3.94243e-06 -0.000109034 0.000190671 0.00013069 0.00476877 -0.00272699
17.86 -3.72233e-06 -9.15615e-05 0.000180556 0.00012305 0.00451578 -0.00228999
17.88 -3.37598e-06 -7.02259e-05 0.000164242 0.000110428 0.00410775 -0.00175638
17.9 -2.91644e-06 -4.86241e-05 0.000141689 9.27871e-05 0.00354371 -0.00121611
17.92 -2.32117e-06 -2.97451e-05 0.000109036 7.07046e-05 0.00272704 -0.000743936
17.94 -1.56938e-06 -1.37395e-05 6.32471e-05 4.60667e-05 0.00158184 -0.00034363
17.96 -7.0358e-07 2.24059e-06 7.83487e-06 2.16227e-05 0.000195953 5.60381e-05
17.98 1.6712e-07 2.10466e-05 -4.7815e-05 -4.93563e-07 -0.00119587 0.000526385
18 9.31601e-07 4.24352e-05 -9.49537e-05 -1.97473e-05 -0.00237483 0.00106132
18.02 1.53979e-06 6.3257e-05 -0.000130375 -3.67827e-05 -0.00326073 0.00158208
18.04 2.0104e-06 8.08136e-05 -0.000155856 -5.23006e-05 -0.00389802 0.00202118
18.06 2.39783e-06 9.58399e-05 -0.000174754 -6.64835e-05 -0.00437067 0.002397
18.08 2.75465e-06 0.000111582 -0.00018966 -7.92613e-05 -0.00474348 0.00279071
18.1 3.10786e-06 0.000129499 -0.000202014 -9.06804e-05 -0.00505245 0.00323882
18.12 3.4531e-06 0.000146289 -0.000212645 -0.000100828 -0.00531835 0.00365876
18.14 3.76315e-06 0.000155881 -0.000222011 -0.000109552 -0.00555258 0.00389864
18.16 3.99882e-06 0.00015434 -0.000229476 -0.000116304 -0.00573928 0.0038601
18.18 4.11607e-06 0.000142332 -0.000232554 -0.000120058 -0.00581628 0.00355978
18.2 4.07637e-06 0.000123218 -0.000227794 -0.00011931 -0.00569722 0.00308175
18.22 3.86023e-06 0.000100444 -0.000213253 -0.00011237 -0.00533353 0.00251215
18.24 3.47269e-06 7.67637e-05 -0.000188875 -9.81352e-05 -0.00472385 0.00191989
18.26 2.92854e-06 5.36304e-05 -0.000155005 -7.72356e-05 -0.00387674 0.00134132
18.28 2.2429e-06 3.07285e-05 -0.00011231 -5.24812e-05 -0.00280891 0.000768531
18.3 1.44683e-06 7.59419e-06 -6.29687e-05 -2.76838e-05 -0.00157487 0.000189934
18.32 5.99023e-07 -1.43611e-05 -1.12456e-05 -5.66852e-06 -0.000281258 -0.000359176
18.34 -2.31495e-07 -3.28908e-05 3.78038e-05 1.28364e-05 0.000945489 -0.000822611
18.36 -1.00042e-06 -4.81028e-05 8.04065e-05 2.87835e-05 0.002011 -0.00120307
18.38 -1.70565e-06 -6.32948e-05 0.00011556 4.36405e-05 0.00289022 -0.00158303
18.4 -2.37107e-06 -8.18076e-05 0.000144843 5.85508e-05 0.00362259 -0.00204604
18.42 -3.00997e-06 -0.000103427 0.000170368 7.41074e-05 0.00426098 -0.00258675
18.44 -3.59918e-06 -0.000124271 0.000192409 9.03346e-05 0.00481224 -0.00310806
18.46 -4.08685e-06 -0.0001398 0.000209108 0.00010662 0.00522989 -0.00349644
18.48 -4.42599e-06 -0.000147571 0.000218587 0.000121754 0.00546695 -0.0036908
18.5 -4.59978e-06 -0.000147557 0.0002208 0.00013422 0.00552231 -0.00369045
18.52 -4.61546e-06 -0.000140451 0.000216811 0.000142573 0.00542254 -0.00351273
18.54 -4.4824e-06 -0.000125885 0.000206878 0.00014573 0.0051741 -0.00314844
18.56 -4.19983e-06 -0.000103392 0.000190423 0.00014303 0.00476255 -0.00258588
18.58 -3.77032e-06 -7.58339e-05 0.000166447 0.00013398 0.00416292 -0.00189664
18.6 -3.20792e-06 -4.943e-05 0.000133854 0.000118356 0.00334775 -0.00123626
18.62 -2.5322e-06 -2.83027e-05 9.28865e-05 9.71175e-05 0.00232313 -0.000707862
18.64 -1.76893e-06 -1.06765e-05 4.62328e-05 7.28487e-05 0.0011563 -0.000267023
18.66 -9.49152e-07 7.87252e-06 -2.07209e-06 4.86128e-05 -5.18239e-05 0.000196895
18.68 -1.05351e-07 2.86589e-05 -4.91096e-05 2.61945e-05 -0.00122825 0.000716772
18.7 7.29811e-07 4.87677e-05 -9.34568e-05 5.52312e-06 -0.00233739 0.0012197
18.72 1.52096e-06 6.49013e-05 -0.000133507 -1.4401e-05 -0.00333908 0.00162321
18.74 2.2368e-06 7.69404e-05 -0.000166886 -3.431e-05 -0.0041739 0.00192431
18.76 2.8648e-06 8.75378e-05 -0.00019218 -5.42797e-05 -0.00480651 0.00218936
18.78 3.41289e-06 9.89308e-05 -0.000210284 -7.39861e-05 -0.00525929 0.0024743
18.8 3.88858e-06 0.000110477 -0.000223134 -9.29015e-05 -0.00558067 0.00276308
18.82 4.2771e-06 0.000118924 -0.000231399 -0.000110227 -0.00578739 0.00297434
18.84 4.54587e-06 0.000120749 -0.000234019 -0.00012482 -0.00585292 0.00301997
18.86 4.67185e-06 0.000114421 -0.00022993 -0.000135291 -0.00575065 0.00286172
18.88 4.66304e-06 0.000100895 -0.000219779 -0.000140282 -0.00549676 0.00252342
18.9 4.54763e-06 8.26892e-05 -0.00020605 -0.000138733 -0.00515341 0.00206809
18.92 4.3364e-06 6.26756e-05 -0.00019071 -0.000129959 -0.00476974 0.00156754
18.94 3.99644e-06 4.25908e-05 -0.000171795 -0.000113907 -0.00429666 0.00106521
18.96 3.46235e-06 2.21212e-05 -0.000143894 -9.17479e-05 -0.00359886 0.00055326
18.98 2.69346e-06 3.33831e-07 -0.000103311 -6.60027e-05 -0.00258385 8.34926e-06
19 1.73064e-06 -2.16156e-05 -5.24488e-05 -3.95665e-05 -0.00131177 -0.000540616
19.02 6.86156e-07 -4.01492e-05 1.42698e-06 -1.43361e-05 3.56893e-05 -0.00100415
19.04 -3.22352e-07 -5.23548e-05 5.1153e-05 9.3347e-06 0.00127936 -0.00130941
19.06 -1.22524e-06 -5.91116e-05 9.27007e-05 3.20007e-05 0.00231848 -0.00147841
19.08 -2.00116e-06 -6.46271e-05 0.000124711 5.41358e-05 0.00311909 -0.00161635
19.1 -2.65213e-06 -7.2741e-05 0.000147189 7.57213e-05 0.00368125 -0.00181928
19.12 -3.18935e-06 -8.36151e-05 0.000161326 9.64202e-05 0.00403482 -0.00209125
19.14 -3.63038e-06 -9.37489e-05 0.000169587 0.000115729 0.00424145 -0.0023447
19.16 -3.99342e-06 -9.90441e-05 0.000174808 0.000132866 0.00437202 -0.00247713
19.18 -4.28755e-06 -9.8021e-05 0.000178745 0.000146693 0.00447049 -0.00245155
19.2 -4.50533e-06 -9.21826e-05 0.000181328 0.000155902 0.00453509 -0.00230552
19.22 -4.62193e-06 -8.33071e-05 0.000181034 0.000159335 0.00452773 -0.00208354
19.24 -4.59985e-06 -7.10744e-05 0.000175716 0.000156134 0.00439473 -0.0017776
19.26 -4.39661e-06 -5.4117e-05 0.000163163 0.000145681 0.00408078 -0.00135349
19.28 -3.98155e-06 -3.28715e-05 0.000140717 0.000127776 0.00351938 -0.00082213
19.3 -3.35482e-06 -1.04349e-05 0.000106297 0.000103275 0.00265854 -0.000260981
19.32 -2.56509e-06 9.34358e-06 6.15442e-05 7.44614e-05 0.00153925 0.000233687
19.34 -1.70931e-06 2.43355e-05 1.29076e-05 4.44496e-05 0.000322825 0.000608642
19.36 -8.91548e-07 3.51217e-05 -3.16478e-05 1.59392e-05 -0.000791525 0.000878409
19.38 -1.70716e-07 4.39558e-05 -6.73983e-05 -9.66731e-06 -0.00168566 0.00109935
19.4 4.5549e-07 5.26174e-05 -9.42586e-05 -3.22149e-05 -0.00235745 0.00131598
19.42 1.02395e-06 6.10776e-05 -0.000114715 -5.21671e-05 -0.00286908 0.00152758
19.44 1.57584e-06 6.82624e-05 -0.000131636 -7.00819e-05 -0.00329227 0.00170727
19.46 2.14339e-06 7.37848e-05 -0.000147623 -8.63893e-05 -0.00369212 0.00184539
19.48 2.73802e-06 7.82085e-05 -0.000164453 -0.000101206 -0.00411304 0.00195603
19.5 3.33195e-06 8.14811e-05 -0.000181649 -0.000114105 -0.00454312 0.00203788
19.52 3.85609e-06 8.19143e-05 -0.000195914 -0.000124034 -0.00489988 0.00204871
19.54 4.23114e-06 7.73122e-05 -0.000203033 -0.000129509 -0.00507795 0.00193361
19.56 4.41004e-06 6.69304e-05 -0.000200741 -0.000128945 -0.00502061 0.00167396
19.58 4.39563e-06 5.21807e-05 -0.000189528 -0.000121022 -0.00474016 0.00130506
19.6 4.22119e-06 3.55704e-05 -0.000171553 -0.000105226 -0.00429061 0.000889631
19.62 3.9209e-06 1.90448e-05 -0.00014928 -8.2531e-05 -0.00373355 0.000476319
19.64 3.51495e-06 3.35564e-06 -0.000124078 -5.55106e-05 -0.00310325 8.3926e-05
19.66 3.00618e-06 -1.11709e-05 -9.58924e-05 -2.74427e-05 -0.00239831 -0.00027939
19.68 2.39352e-06 -2.38191e-05 -6.44856e-05 -1.06589e-06 -0.00161281 -0.000595725
19.7 1.69084e-06 -3.39105e-05 -3.09387e-05 2.21504e-05 -0.000773789 -0.000848116
19.72 9.25789e-07 -4.18111e-05 2.54184e-06 4.199e-05 6.35725e-05 -0.00104571
19.74 1.23313e-07 -4.87556e-05 3.43583e-05 5.90268e-05 0.000859315 -0.0012194
19.76 -6.99096e-07 -5.53776e-05 6.42773e-05 7.40563e-05 0.0016076 -0.00138502
19.78 -1.51613e-06 -6.09153e-05 9.22144e-05 8.76173e-05 0.00230632 -0.00152352
19.8 -2.28368e-06 -6.41739e-05 0.000116756 9.97267e-05 0.00292012 -0.00160502
19.82 -2.94922e-06 -6.47226e-05 0.000135403 0.000109877 0.00338649 -0.00161874
19.84 -3.47345e-06 -6.26554e-05 0.000146218 0.000117206 0.00365696 -0.00156704
19.86 -3.8445e-06 -5.76217e-05 0.000149126 0.00012071 0.0037297 -0.00144114
19.88 -4.07743e-06 -4.8918e-05 0.000145841 0.000119469 0.00364755 -0.00122346
19.9 -4.20147e-06 -3.67255e-05 0.000138686 0.000112863 0.0034686 -0.00091852
19.92 -4.24319e-06 -2.27169e-05 0.00012924 0.000100852 0.00323234 -0.000568158
19.94 -4.21126e-06 -9.01986e-06 0.000118001 8.42219e-05 0.00295125 -0.00022559
19.96 -4.08884e-06 3.34655e-06 0.00010465 6.44841e-05 0.00261734 8.36986e-05
19.98 -3.83964e-06 1.49829e-05 8.77858e-05 4.33204e-05 0.00219556 0.000374728
20 -3.42257e-06 2.72394e-05 6.51532e-05 2.20593e-05 0.00162951 0.000681269
20.02 -2.81795e-06 4.08318e-05 3.54093e-05 1.62452e-06 0.000885601 0.00102122
20.04 -2.05086e-06 5.5089e-05 -5.1848e-08 -1.72233e-05 -1.29675e-06 0.0013778
20.06 -1.1842e-06 6.83272e-05 -3.76829e-05 -3.37935e-05 -0.000942464 0.00170889
20.08 -2.88409e-07 7.88416e-05 -7.41621e-05 -4.76191e-05 -0.00185483 0.00197186
20.1 5.79694e-07 8.56179e-05 -0.000107487 -5.85934e-05 -0.00268829 0.00214134
20.12 1.37436e-06 8.83629e-05 -0.000136002 -6.69027e-05 -0.00340148 0.00220999
20.14 2.05682e-06 8.71792e-05 -0.000157594 -7.28821e-05 -0.00394149 0.00218039
20.16 2.60743e-06 8.23988e-05 -0.000170722 -7.69221e-05 -0.00426983 0.00206083
20.18 3.03972e-06 7.46713e-05 -0.000176065 -7.93142e-05 -0.00440347 0.00186756
20.2 3.39243e-06 6.50105e-05 -0.000176417 -7.99605e-05 -0.00441225 0.00162594
20.22 3.6999e-06 5.45915e-05 -0.000174473 -7.81861e-05 -0.00436364 0.00136536
20.24 3.96595e-06 4.42804e-05 -0.00017081 -7.29982e-05 -0.00427202 0.00110747
20.26 4.16436e-06 3.40742e-05 -0.000164204 -6.37701e-05 -0.0041068 0.000852211
20.28 4.25939e-06 2.30254e-05 -0.000153667 -5.07759e-05 -0.00384327 0.000575875
20.3 4.21988e-06 9.92747e-06 -0.000139454 -3.50884e-05 -0.00348781 0.00024829
20.32 4.01977e-06 -5.87329e-06 -0.000121631 -1.80612e-05 -0.00304204 -0.000146893
20.34 3.63642e-06 -2.4104e-05 -9.88542e-05 -9.5027e-07 -0.00247238 -0.000602852
20.36 3.06651e-06 -4.33927e-05 -7.00036e-05 1.51318e-05 -0.00175082 -0.00108527
20.38 2.34704e-06 -6.1213e-05 -3.66244e-05 2.92008e-05 -0.000915991 -0.00153096
20.4 1.54396e-06 -7.46523e-05 -2.43658e-06 4.05937e-05 -6.09399e-05 -0.00186709
20.42 7.12508e-07 -8.21295e-05 2.97617e-05 4.92456e-05 0.000744352 -0.00205409
20.44 -1.25455e-07 -8.44838e-05 5.96026e-05 5.57158e-05 0.00149068 -0.00211297
20.46 -9.62067e-07 -8.39575e-05 8.73905e-05 6.08645e-05 0.00218567 -0.00209981
20.48 -1.77495e-06 -8.20717e-05 0.000111961 6.54448e-05 0.00280019 -0.00205265
20.5 -2.52869e-06 -7.87526e-05 0.000131186 6.98666e-05 0.00328102 -0.00196964
20.52 -3.19795e-06 -7.32733e-05 0.000144168 7.41028e-05 0.00360571 -0.00183259
20.54 -3.77592e-06 -6.54721e-05 0.000151931 7.76276e-05 0.00379986 -0.00163748
20.56 -4.25701e-06 -5.59613e-05 0.000155673 7.94671e-05 0.00389345 -0.00139962
20.58 -4.61883e-06 -4.53941e-05 0.000154966 7.85836e-05 0.00387577 -0.00113532
20.6 -4.82821e-06 -3.36719e-05 0.000148207 7.44863e-05 0.00370671 -0.000842149
20.62 -4.86653e-06 -1.99566e-05 0.000134639 6.75073e-05 0.00336737 -0.000499123
20.64 -4.74389e-06 -3.53012e-06 0.000115971 5.84794e-05 0.00290047 -8.82898e-05
20.66 -4.49029e-06 1.53035e-05 9.53058e-05 4.82249e-05 0.00238364 0.000382747
20.68 -4.12963e-06 3.50288e-05 7.42075e-05 3.7326e-05 0.00185596 0.000876086
20.7 -3.6598e-06 5.34656e-05 5.12701e-05 2.62207e-05 0.00128229 0.0013372
20.72 -3.06791e-06 6.85824e-05 2.4057e-05 1.5362e-05 0.000601675 0.00171527
20.74 -2.36172e-06 7.92269e-05 -7.61018e-06 5.20923e-06 -0.000190334 0.0019815
20.76 -1.57789e-06 8.55751e-05 -4.106e-05 -3.94841e-06 -0.00102693 0.00214027
20.78 -7.58794e-07 8.88799e-05 -7.30352e-05 -1.21461e-05 -0.00182664 0.00222292
20.8 6.77104e-08 9.03605e-05 -0.000101768 -1.96928e-05 -0.00254527 0.00225995
20.82 8.83612e-07 9.02072e-05 -0.0001268 -2.69496e-05 -0.00317131 0.00225612
20.84 1.66666e-06 8.78945e-05 -0.000147635 -3.41467e-05 -0.00369242 0.00219828
20.86 2.388e-06 8.32626e-05 -0.000163242 -4.13328e-05 -0.00408274 0.00208243
20.88 3.02017e-06 7.66907e-05 -0.000172702 -4.83323e-05 -0.00431934 0.00191807
20.9 3.54426e-06 6.819e-05 -0.00017591 -5.46136e-05 -0.00439958 0.00170546
20.92 3.95206e-06 5.69685e-05 -0.000173584 -5.92394e-05 -0.0043414 0.00142481
20.94 4.2463e-06 4.22892e-05 -0.000166944 -6.11863e-05 -0.00417534 0.00105767
20.96 4.43869e-06 2.46565e-05 -0.000157461 -5.98862e-05 -0.00393816 0.00061667
20.98 4.54386e-06 5.93701e-06 -0.000146501 -5.54768e-05 -0.00366405 0.000148487
21 4.56723e-06 -1.17621e-05 -0.000135022 -4.85873e-05 -0.00337696 -0.000294174
21.02 4.49419e-06 -2.72777e-05 -0.000122908 -3.99818e-05 -0.00307398 -0.000682227
21.04 4.29055e-06 -4.05335e-05 -0.000108337 -3.0347e-05 -0.00270956 -0.00101376
21.06 3.91671e-06 -5.17572e-05 -8.84876e-05 -2.02245e-05 -0.00221311 -0.00129447
21.08 3.35751e-06 -6.07489e-05 -6.20019e-05 -1.00051e-05 -0.00155069 -0.00151936
21.1 2.64531e-06 -6.69463e-05 -3.10965e-05 5.67203e-08 -0.000777737 -0.00167435
21.12 1.84613e-06 -7.01101e-05 -3.56629e-07 9.83876e-06 -8.91944e-06 -0.00175348
21.14 1.01989e-06 -7.07007e-05 2.66294e-05 1.93468e-05 0.000666012 -0.00176825
21.16 1.97854e-07 -6.93308e-05 4.91072e-05 2.86498e-05 0.00122819 -0.00173399
21.18 -6.03659e-07 -6.58543e-05 6.78516e-05 3.77624e-05 0.001697 -0.00164704
21.2 -1.3609e-06 -5.92249e-05 8.29039e-05 4.65764e-05 0.00207346 -0.00148124
21.22 -2.0423e-06 -4.84809e-05 9.31016e-05 5.48413e-05 0.00232851 -0.00121253
21.24 -2.62642e-06 -3.3928e-05 9.74696e-05 6.20847e-05 0.00243776 -0.000848553
21.26 -3.11442e-06 -1.72757e-05 9.64931e-05 6.75779e-05 0.00241333 -0.000432071
21.28 -3.52333e-06 -5.867e-07 9.19771e-05 7.05559e-05 0.00230039 -1.46736e-05
21.3 -3.86731e-06 1.49448e-05 8.58833e-05 7.05584e-05 0.00214798 0.000373775
21.32 -4.1431e-06 2.9436e-05 7.92529e-05 6.75696e-05 0.00198215 0.000736207
21.34 -4.33039e-06 4.38014e-05 7.18965e-05 6.19014e-05 0.00179816 0.00109549
21.36 -4.40266e-06 5.86669e-05 6.29122e-05 5.40186e-05 0.00157346 0.00146728
21.38 -4.33879e-06 7.34336e-05 5.14209e-05 4.44488e-05 0.00128606 0.0018366
21.4 -4.13076e-06 8.63222e-05 3.68359e-05 3.37483e-05 0.000921281 0.00215895
21.42 -3.78483e-06 9.55418e-05 1.90822e-05 2.24646e-05 0.000477254 0.00238954
21.44 -3.3213e-06 0.00010053 -8.49299e-07 1.11148e-05 -2.12413e-05 0.00251429
21.46 -2.77221e-06 0.000102018 -2.08396e-05 1.69074e-07 -0.000521206 0.00255151
21.48 -2.16953e-06 0.000100932 -3.8858e-05 -1.00222e-05 -0.000971854 0.00252434
21.5 -1.53209e-06 9.72665e-05 -5.43841e-05 -1.93371e-05 -0.00136017 0.00243268
21.52 -8.66485e-07 8.9918e-05 -6.81913e-05 -2.78726e-05 -0.00170549 0.00224889
21.54 -1.81204e-07 7.76962e-05 -8.07385e-05 -3.57232e-05 -0.0020193 0.00194321
21.56 5.05931e-07 6.0956e-05 -9.12061e-05 -4.26476e-05 -0.0022811 0.00152454
21.58 1.17562e-06 4.23115e-05 -9.82798e-05 -4.79365e-05 -0.00245802 0.00105823
21.6 1.81533e-06 2.5221e-05 -0.000101582 -5.0736e-05 -0.0025406 0.000630788
21.62 2.41259e-06 1.13701e-05 -0.000101945 -5.05721e-05 -0.00254969 0.00028437
21.64 2.94107e-06 -7.42485e-07 -0.000100248 -4.75442e-05 -0.00250724 -1.85699e-05
21.66 3.35941e-06 -1.45797e-05 -9.6297e-05 -4.20692e-05 -0.00240843 -0.000364644
21.68 3.63031e-06 -3.25339e-05 -8.91374e-05 -3.45434e-05 -0.00222936 -0.000813687
21.7 3.74407e-06 -5.3528e-05 -7.83689e-05 -2.52708e-05 -0.00196004 -0.00133876
21.72 3.72369e-06 -7.33837e-05 -6.50007e-05 -1.46338e-05 -0.0016257 -0.00183536
21.74 3.60638e-06 -8.78152e-05 -5.09484e-05 -3.22002e-06 -0.00127424 -0.0021963
21.76 3.4194e-06 -9.54942e-05 -3.77811e-05 8.27055e-06 -0.00094492 -0.00238835
21.78 3.16916e-06 -9.84646e-05 -2.60311e-05 1.92343e-05 -0.000651049 -0.00246264
21.8 2.84839e-06 -9.96545e-05 -1.53269e-05 2.92857e-05 -0.000383331 -0.0024924
21.82 2.45045e-06 -0.000100007 -4.75652e-06 3.8243e-05 -0.000118963 -0.00250121
21.84 1.97928e-06 -9.79135e-05 6.64908e-06 4.60707e-05 0.000166296 -0.00244886
21.86 1.45526e-06 -9.11082e-05 1.8978e-05 5.28151e-05 0.000474648 -0.00227865
21.88 9.16898e-07 -7.89694e-05 3.05464e-05 5.84598e-05 0.000763977 -0.00197506
21.9 4.11828e-07 -6.33012e-05 3.82554e-05 6.26625e-05 0.000956785 -0.00158319
21.92 -2.32531e-08 -4.70952e-05 3.94117e-05 6.46472e-05 0.000985702 -0.00117787
21.94 -3.79305e-07 -3.23475e-05 3.37105e-05 6.361e-05 0.000843113 -0.000809025
21.96 -6.72673e-07 -1.87858e-05 2.35933e-05 5.93363e-05 0.000590079 -0.000469842
21.98 -9.25762e-07 -4.43804e-06 1.24841e-05 5.23398e-05 0.000312232 -0.000110997
22 -1.14878e-06 1.26157e-05 2.50761e-06 4.34226e-05 6.27163e-05 0.000315525
22.02 -1.33801e-06 3.25226e-05 -6.21487e-06 3.31894e-05 -0.000155437 0.000813403
22.04 -1.48713e-06 5.29741e-05 -1.44513e-05 2.19626e-05 -0.000361432 0.0013249
22.06 -1.59428e-06 7.02289e-05 -2.25863e-05 1.00377e-05 -0.000564892 0.00175645
22.08 -1.65582e-06 8.15372e-05 -3.05466e-05 -2.09402e-06 -0.000763982 0.00203928
22.1 -1.65665e-06 8.71789e-05 -3.84955e-05 -1.37894e-05 -0.000962789 0.00218038
22.12 -1.57396e-06 9.01133e-05 -4.70358e-05 -2.44526e-05 -0.00117638 0.00225377
22.14 -1.39546e-06 9.33067e-05 -5.6598e-05 -3.36611e-05 -0.00141554 0.00233364
22.16 -1.13604e-06 9.71186e-05 -6.67294e-05 -4.11628e-05 -0.00166893 0.00242898
22.18 -8.38556e-07 9.89891e-05 -7.58477e-05 -4.68311e-05 -0.00189698 0.00247576
22.2 -5.57927e-07 9.53974e-05 -8.15559e-05 -5.06086e-05 -0.00203975 0.00238593
22.22 -3.36404e-07 8.43764e-05 -8.16019e-05 -5.24069e-05 -0.0020409 0.00211029
22.24 -1.81528e-07 6.70478e-05 -7.52593e-05 -5.19392e-05 -0.00188227 0.00167689
22.26 -6.08601e-08 4.7204e-05 -6.41407e-05 -4.86465e-05 -0.00160419 0.00118059
22.28 7.76902e-08 2.8777e-05 -5.1556e-05 -4.20537e-05 -0.00128944 0.000719726
22.3 2.6949e-07 1.30787e-05 -4.05854e-05 -3.23704e-05 -0.00101506 0.000327105
22.32 5.06959e-07 -1.49181e-06 -3.21462e-05 -2.06037e-05 -0.000803989 -3.73109e-05
22.34 7.44781e-07 -1.70446e-05 -2.46549e-05 -7.96786e-06 -0.000616631 -0.000426291
22.36 9.30977e-07 -3.37746e-05 -1.56835e-05 4.76786e-06 -0.00039225 -0.000844717
22.38 1.03587e-06 -5.0004e-05 -4.07779e-06 1.73602e-05 -0.000101987 -0.00125062
22.4 1.05743e-06 -6.42937e-05 9.39374e-06 2.96847e-05 0.000234941 -0.00160801
22.42 1.00885e-06 -7.69936e-05 2.30386e-05 4.13892e-05 0.000576206 -0.00192564
22.44 9.08608e-07 -8.93602e-05 3.53783e-05 5.19225e-05 0.000884827 -0.00223494
22.46 7.80167e-07 -0.000101273 4.53734e-05 6.07723e-05 0.00113481 -0.00253287
22.48 6.5063e-07 -0.000110339 5.22133e-05 6.76242e-05 0.00130588 -0.00275962
22.5 5.39877e-07 -0.00011363 5.5498e-05 7.237e-05 0.00138803 -0.00284194
22.52 4.48358e-07 -0.00011012 5.56893e-05 7.50404e-05 0.00139281 -0.00275415
22.54 3.58064e-07 -0.000101022 5.40754e-05 7.57032e-05 0.00135245 -0.00252661
22.56 2.49028e-07 -8.80399e-05 5.19233e-05 7.43411e-05 0.00129862 -0.00220192
22.58 1.1808e-07 -7.23978e-05 4.92685e-05 7.07194e-05 0.00123223 -0.0018107
22.6 -1.53771e-08 -5.57332e-05 4.44118e-05 6.4392e-05 0.00111076 -0.00139391
22.62 -1.2063e-07 -4.03628e-05 3.50068e-05 5.50775e-05 0.000875533 -0.00100949
22.64 -1.73731e-07 -2.76098e-05 2.0077e-05 4.31261e-05 0.000502135 -0.000690532
22.66 -1.67841e-07 -1.63494e-05 1.10007e-06 2.95125e-05 2.75132e-05 -0.000408906
22.68 -1.10034e-07 -3.77742e-06 -1.88891e-05 1.53622e-05 -0.000472425 -9.44749e-05
22.7 -9.40223e-09 1.23557e-05 -3.74454e-05 1.51878e-06 -0.000936526 0.000309021
22.72 1.3217e-07 3.20109e-05 -5.42985e-05 -1.15262e-05 -0.00135803 0.000800606
22.74 3.15404e-07 5.2703e-05 -7.08717e-05 -2.34633e-05 -0.00177253 0.00131812
22.76 5.26778e-07 7.08278e-05 -8.80176e-05 -3.40308e-05 -0.00220136 0.00177143
22.78 7.29731e-07 8.35975e-05 -0.000104261 -4.30086e-05 -0.00260761 0.00209081
22.8 8.81662e-07 9.02581e-05 -0.000116606 -5.02439e-05 -0.00291636 0.00225739
22.82 9.64634e-07 9.17685e-05 -0.000123156 -5.56455e-05 -0.00308019 0.00229517
22.84 9.97951e-07 8.95506e-05 -0.000124676 -5.91691e-05 -0.00311819 0.0022397
22.86 1.01941e-06 8.46546e-05 -0.000123512 -6.0784e-05 -0.00308908 0.00211725
22.88 1.05418e-06 7.77592e-05 -0.000121291 -6.03788e-05 -0.00303355 0.00194479
22.9 1.0976e-06 6.94088e-05 -0.000117697 -5.76616e-05 -0.00294366 0.00173594
22.92 1.11969e-06 6.00775e-05 -0.000110944 -5.21959e-05 -0.00277476 0.00150256
22.94 1.08205e-06 4.99913e-05 -9.90333e-05 -4.36814e-05 -0.00247686 0.0012503
22.96 9.55707e-07 3.87379e-05 -8.09849e-05 -3.23724e-05 -0.00202546 0.000968852
22.98 7.34278e-07 2.5273e-05 -5.75891e-05 -1.91854e-05 -0.00144033 0.000632087
23 4.38697e-07 8.82474e-06 -3.13076e-05 -5.26903e-06 -0.000783015 0.00022071
23.02 1.09885e-07 -1.00651e-05 -5.35424e-06 8.52392e-06 -0.000133912 -0.000251732
23.04 -2.09307e-07 -2.95226e-05 1.76183e-05 2.17605e-05 0.000440641 -0.000738371
23.06 -4.93983e-07 -4.72855e-05 3.66238e-05 3.41978e-05 0.000915978 -0.00118263
23.08 -7.45291e-07 -6.15603e-05 5.25084e-05 4.55812e-05 0.00131326 -0.00153965
23.1 -9.80325e-07 -7.12949e-05 6.68417e-05 5.5656e-05 0.00167174 -0.00178311
23.12 -1.21433e-06 -7.63395e-05 8.03721e-05 6.42533e-05 0.00201014 -0.00190928
23.14 -1.4525e-06 -7.77206e-05 9.25264e-05 7.12757e-05 0.00231412 -0.00194383
23.16 -1.69448e-06 -7.73424e-05 0.000102308 7.66095e-05 0.00255878 -0.00193437
23.18 -1.93856e-06 -7.67291e-05 0.000109324 8.00854e-05 0.00273424 -0.00191903
23.2 -2.17664e-06 -7.57696e-05 0.000113757 8.15028e-05 0.0028451 -0.00189503
23.22 -2.38703e-06 -7.27728e-05 0.00011563 8.06668e-05 0.00289196 -0.00182008
23.24 -2.53528e-06 -6.59302e-05 0.000114269 7.74008e-05 0.00285791 -0.00164894
23.26 -2.5822e-06 -5.4873e-05 0.000108196 7.15437e-05 0.00270601 -0.0013724
23.28 -2.49406e-06 -4.08086e-05 9.55617e-05 6.30694e-05 0.00239004 -0.00102064
23.3 -2.25597e-06 -2.52406e-05 7.52091e-05 5.23176e-05 0.00188101 -0.000631278
23.32 -1.88389e-06 -8.8449e-06 4.80163e-05 4.00329e-05 0.00120091 -0.000221215
23.34 -1.42637e-06 8.32667e-06 1.73309e-05 2.7076e-05 0.000433452 0.000208253
23.36 -9.47642e-07 2.58121e-05 -1.23687e-05 1.40838e-05 -0.000309346 0.000645571
23.38 -4.97078e-07 4.22009e-05 -3.7812e-05 1.38973e-06 -0.000945693 0.00105546
23.4 -8.49825e-08 5.57234e-05 -5.86058e-05 -1.08003e-05 -0.00146576 0.00139367
23.42 3.17212e-07 6.53776e-05 -7.69772e-05 -2.22355e-05 -0.00192523 0.00163512
23.44 7.51795e-07 7.15384e-05 -9.58169e-05 -3.26334e-05 -0.00239642 0.0017892
23.46 1.24282e-06 7.55423e-05 -0.000116505 -4.17978e-05 -0.00291384 0.00188934
23.48 1.77811e-06 7.86044e-05 -0.000137991 -4.96514e-05 -0.00345122 0.00196593
23.5 2.31297e-06 8.09348e-05 -0.000157411 -5.6147e-05 -0.0039369 0.00202421
23.52 2.7895e-06 8.17398e-05 -0.000171516 -6.11564e-05 -0.00428968 0.00204435
23.54 3.15981e-06 7.99355e-05 -0.000178135 -6.44257e-05 -0.00445523 0.00199922
23.56 3.40209e-06 7.47131e-05 -0.000177062 -6.56206e-05 -0.0044284 0.00186861
23.58 3.522e-06 6.56318e-05 -0.000169847 -6.44067e-05 -0.00424795 0.00164148
23.6 3.54078e-06 5.27064e-05 -0.000158523 -6.05188e-05 -0.00396474 0.00131821
23.62 3.4805e-06 3.66565e-05 -0.000144621 -5.39241e-05 -0.00361703 0.000916795
23.64 3.35601e-06 1.89422e-05 -0.000129002 -4.50216e-05 -0.00322639 0.000473753
23.66 3.17335e-06 1.37341e-06 -0.000111988 -3.45777e-05 -0.00280086 3.43496e-05
23.68 2.92712e-06 -1.45086e-05 -9.33196e-05 -2.33563e-05 -0.00233396 -0.000362865
23.7 2.60214e-06 -2.79243e-05 -7.23204e-05 -1.18162e-05 -0.00180876 -0.000698398
23.72 2.18289e-06 -3.89777e-05 -4.85918e-05 -1.46149e-07 -0.0012153 -0.000974848
23.74 1.66194e-06 -4.83276e-05 -2.23399e-05 1.15166e-05 -0.00055873 -0.00120869
23.76 1.04342e-06 -5.65982e-05 5.85064e-06 2.29724e-05 0.000146327 -0.00141555
23.78 3.46338e-07 -6.39698e-05 3.50965e-05 3.39895e-05 0.000877778 -0.00159991
23.8 -3.89788e-07 -7.0168e-05 6.37625e-05 4.43256e-05 0.00159473 -0.00175493
23.82 -1.1057e-06 -7.46041e-05 8.91255e-05 5.36896e-05 0.00222907 -0.00186588
23.84 -1.73655e-06 -7.6458e-05 0.000107931 6.17366e-05 0.00269941 -0.00191225
23.86 -2.23507e-06 -7.48853e-05 0.000117836 6.81336e-05 0.00294713 -0.00187291
23.88 -2.59147e-06 -6.94103e-05 0.000118875 7.26311e-05 0.00297311 -0.00173598
23.9 -2.83651e-06 -6.01672e-05 0.00011379 7.50835e-05 0.00284593 -0.00150481
23.92 -3.02197e-06 -4.78255e-05 0.000106672 7.53952e-05 0.00266792 -0.00119614
23.94 -3.18884e-06 -3.33835e-05 0.00010074 7.34817e-05 0.00251955 -0.000834934
23.96 -3.3437e-06 -1.79862e-05 9.67622e-05 6.93647e-05 0.00242006 -0.000449843
23.98 -3.45287e-06 -2.79968e-06 9.29115e-05 6.32765e-05 0.00232376 -7.00211e-05
24 -3.45336e-06 1.11364e-05 8.55938e-05 5.55531e-05 0.00214074 0.000278527
24.02 -3.27889e-06 2.3222e-05 7.07728e-05 4.63991e-05 0.00177006 0.000580792
24.04 -2.89229e-06 3.37156e-05 4.61648e-05 3.58453e-05 0.0011546 0.000843242
24.06 -2.31158e-06 4.37864e-05 1.3444e-05 2.40168e-05 0.00033624 0.00109512
24.08 -1.60851e-06 5.47453e-05 -2.19778e-05 1.1393e-05 -0.000549675 0.0013692
24.1 -8.72366e-07 6.67658e-05 -5.42328e-05 -1.28047e-06 -0.00135638 0.00166984
24.12 -1.67838e-07 7.8146e-05 -8.04789e-05 -1.33171e-05 -0.00201281 0.00195447
24.14 4.78979e-07 8.59589e-05 -0.000101351 -2.42935e-05 -0.00253482 0.00214987
24.16 1.06429e-06 8.78506e-05 -0.000118561 -3.40229e-05 -0.00296525 0.00219718
24.18 1.58736e-06 8.37522e-05 -0.000132615 -4.24734e-05 -0.00331675 0.00209468
24.2 2.04741e-06 7.61061e-05 -0.000142809 -4.97208e-05 -0.0035717 0.00190344
24.22 2.44941e-06 6.81294e-05 -0.000148759 -5.58555e-05 -0.00372053 0.00170395
24.24 2.8024e-06 6.1338e-05 -0.000151278 -6.08041e-05 -0.00378354 0.00153409
24.26 3.10785e-06 5.45609e-05 -0.000151653 -6.41566e-05 -0.00379289 0.00136459
24.28 3.35057e-06 4.54498e-05 -0.000150372 -6.51893e-05 -0.00376087 0.00113672
24.3 3.50217e-06 3.3033e-05 -0.000146672 -6.31894e-05 -0.00366832 0.000826169
24.32 3.53033e-06 1.8808e-05 -0.000139048 -5.78655e-05 -0.00347766 0.000470397
24.34 3.40483e-06 5.29341e-06 -0.000125968 -4.94883e-05 -0.00315051 0.00013239
24.36 3.10384e-06 -6.44623e-06 -0.000106162 -3.87005e-05 -0.00265515 -0.000161223
24.38 2.62499e-06 -1.76017e-05 -7.9319e-05 -2.62623e-05 -0.0019838 -0.000440227
24.4 2.00076e-06 -2.9834e-05 -4.72868e-05 -1.29446e-05 -0.00118266 -0.000746161
24.42 1.30054e-06 -4.29544e-05 -1.41497e-05 5.32738e-07 -0.000353891 -0.00107431
24.44 6.0478e-07 -5.46371e-05 1.56766e-05 1.36509e-05 0.000392079 -0.0013665
24.46 -3.1407e-08 -6.22468e-05 3.98196e-05 2.61989e-05 0.000995904 -0.00155682
24.48 -5.94504e-07 -6.47463e-05 5.84982e-05 3.81534e-05 0.00146306 -0.00161933
24.5 -1.1e-06 -6.3182e-05 7.31616e-05 4.94283e-05 0.0018298 -0.00158021
24.52 -1.57042e-06 -5.985e-05 8.50827e-05 5.97611e-05 0.00212795 -0.00149687
24.54 -2.02108e-06 -5.68254e-05 9.51334e-05 6.88128e-05 0.00237933 -0.00142123
24.56 -2.45225e-06 -5.45585e-05 0.000104016 7.62973e-05 0.00260147 -0.00136453
24.58 -2.84195e-06 -5.1562e-05 0.000111823 8.19617e-05 0.00279673 -0.00128959
24.6 -3.14436e-06 -4.57871e-05 0.000117209 8.54487e-05 0.00293144 -0.00114515
24.62 -3.30236e-06 -3.65736e-05 0.000117404 8.6216e-05 0.00293631 -0.00091472
24.64 -3.27034e-06 -2.51625e-05 0.000109544 8.36821e-05 0.00273973 -0.000629325
24.66 -3.03282e-06 -1.33178e-05 9.25608e-05 7.75399e-05 0.00231498 -0.000333085
24.68 -2.61055e-06 -1.72061e-06 6.78743e-05 6.79614e-05 0.00169756 -4.30331e-05
24.7 -2.05065e-06 1.01383e-05 3.85715e-05 5.55467e-05 0.00096469 0.000253564
24.72 -1.40937e-06 2.26094e-05 8.02432e-06 4.11433e-05 0.000200692 0.00056547
24.74 -7.36907e-07 3.46984e-05 -2.13148e-05 2.56773e-05 -0.000533093 0.000867821
24.76 -6.63758e-08 4.44776e-05 -4.83366e-05 1.00022e-05 -0.00120892 0.0011124
24.78 5.89596e-07 5.07221e-05 -7.30426e-05 -5.23336e-06 -0.00182683 0.00126858
24.8 1.23367e-06 5.39638e-05 -9.601e-05 -1.96477e-05 -0.00240125 0.00134966
24.82 1.87185e-06 5.58326e-05 -0.000117853 -3.30893e-05 -0.00294754 0.0013964
24.84 2.50012e-06 5.75328e-05 -0.000138665 -4.55265e-05 -0.00346807 0.00143892
24.86 3.09615e-06 5.90853e-05 -0.000157613 -5.69045e-05 -0.00394196 0.00147775
24.88 3.62192e-06 5.97753e-05 -0.000173111 -6.70178e-05 -0.00432958 0.00149501
24.9 4.03608e-06 5.88824e-05 -0.000183588 -7.5452e-05 -0.0045916 0.00147267
24.92 4.30574e-06 5.58887e-05 -0.000188089 -8.1629e-05 -0.00470419 0.0013978
24.94 4.41066e-06 5.03937e-05 -0.000186199 -8.49183e-05 -0.00465693 0.00126037
24.96 4.34471e-06 4.22961e-05 -0.000177708 -8.47416e-05 -0.00444456 0.00105784
24.98 4.11779e-06 3.21496e-05 -0.000163022 -8.06829e-05 -0.00407726 0.000804074
25 3.75579e-06 2.11292e-05 -0.000143711 -7.26655e-05 -0.00359426 0.00052845
25.02 3.2918e-06 1.04633e-05 -0.000121803 -6.10967e-05 -0.00304635 0.000261692
25.04 2.74769e-06 8.45056e-07 -9.85744e-05 -4.68106e-05 -0.00246539 2.11352e-05
25.06 2.12566e-06 -7.65235e-06 -7.40251e-05 -3.08349e-05 -0.0018514 -0.000191388
25.08 1.41734e-06 -1.52292e-05 -4.73248e-05 -1.41243e-05 -0.00118361 -0.000380887
25.1 6.18272e-07 -2.20259e-05 -1.76957e-05 2.63605e-06 -0.000442576 -0.000550877
25.12 -2.60079e-07 -2.80291e-05 1.47429e-05 1.90784e-05 0.000368726 -0.000701019
25.14 -1.18422e-06 -3.31271e-05 4.84313e-05 3.50238e-05 0.00121129 -0.000828523
25.16 -2.10257e-06 -3.72059e-05 8.06718e-05 5.028e-05 0.00201764 -0.000930534
25.18 -2.96046e-06 -4.02224e-05 0.000108755 6.45277e-05 0.00272001 -0.00100598
25.2 -3.71521e-06 -4.21364e-05 0.000131035 7.73429e-05 0.00327724 -0.00105385
25.22 -4.34039e-06 -4.26923e-05 0.000147112 8.82694e-05 0.00367933 -0.00106775
25.24 -4.82139e-06 -4.13484e-05 0.000157255 9.68756e-05 0.00393301 -0.00103414
25.26 -5.15164e-06 -3.76216e-05 0.000161853 0.000102801 0.00404801 -0.000940931
25.28 -5.33264e-06 -3.16423e-05 0.000161359 0.000105784 0.00403565 -0.000791387
25.3 -5.37416e-06 -2.4376e-05 0.000156506 0.000105645 0.00391429 -0.000609653
25.32 -5.29145e-06 -1.7154e-05 0.000148316 0.000102254 0.00370944 -0.000429029
25.34 -5.09043e-06 -1.07646e-05 0.000137967 9.55734e-05 0.00345061 -0.000269228
25.36 -4.754e-06 -4.87668e-06 0.000125491 8.57338e-05 0.00313858 -0.000121968
25.38 -4.24028e-06 1.57196e-06 0.000108271 7.30206e-05 0.00270789 3.93155e-05
25.4 -3.50384e-06 9.21057e-06 8.23091e-05 5.78705e-05 0.00205858 0.00023036
25.42 -2.54163e-06 1.73544e-05 4.6167e-05 4.10018e-05 0.00115466 0.00043404
25.44 -1.41667e-06 2.44296e-05 3.31236e-06 2.34499e-05 8.28435e-05 0.000610994
25.46 -2.27914e-07 2.937e-05 -4.03353e-05 6.28093e-06 -0.0010088 0.000734555
25.48 9.41447e-07 3.2403e-05 -8.0463e-05 -9.78189e-06 -0.00201241 0.000810412
25.5 2.04176e-06 3.43801e-05 -0.000115528 -2.44387e-05 -0.00288941 0.000859861
25.52 3.03923e-06 3.56549e-05 -0.000144994 -3.76349e-05 -0.00362636 0.000891743
25.54 3.90306e-06 3.58832e-05 -0.000168006 -4.94293e-05 -0.00420189 0.000897453
25.56 4.61355e-06 3.46822e-05 -0.000184017 -5.99602e-05 -0.00460234 0.000867416
25.58 5.17093e-06 3.2098e-05 -0.000193764 -6.9317e-05 -0.00484612 0.000802786
25.6 5.58905e-06 2.84823e-05 -0.000198973 -7.73198e-05 -0.0049764 0.000712355
25.62 5.8805e-06 2.42468e-05 -0.000201236 -8.3431e-05 -0.005033 0.000606423
25.64 6.04595e-06 1.97882e-05 -0.000201197 -8.69015e-05 -0.00503202 0.00049491
25.66 6.07334e-06 1.53439e-05 -0.000198388 -8.70257e-05 -0.00496176 0.000383756
25.68 5.9422e-06 1.07096e-05 -0.000191817 -8.33548e-05 -0.00479743 0.000267851
25.7 5.62681e-06 5.23964e-06 -0.000180796 -7.5811e-05 -0.00452179 0.000131046
25.72 5.10259e-06 -1.63123e-06 -0.000164118 -6.46914e-05 -0.00410467 -4.07976e-05
25.74 4.35089e-06 -9.71054e-06 -0.000139342 -5.06277e-05 -0.00348499 -0.000242865
25.76 3.37779e-06 -1.78089e-05 -0.00010493 -3.45844e-05 -0.00262435 -0.000445409
25.78 2.24068e-06 -2.42743e-05 -6.32089e-05 -1.77877e-05 -0.00158088 -0.00060711
25.8 1.03707e-06 -2.80249e-05 -1.9911e-05 -1.41765e-06 -0.000497983 -0.000700914
25.82 -1.44593e-07 -2.92412e-05 1.98588e-05 1.3807e-05 0.000496677 -0.000731336
25.84 -1.26093e-06 -2.90799e-05 5.4426e-05 2.77871e-05 0.00136122 -0.000727301
25.86 -2.30123e-06 -2.875e-05 8.45282e-05 4.08215e-05 0.00211408 -0.00071905
25.88 -3.25576e-06 -2.88327e-05 0.000110767 5.32836e-05 0.00277033 -0.000721117
25.9 -4.10373e-06 -2.91895e-05 0.000132703 6.54385e-05 0.00331897 -0.000730041
25.92 -4.82077e-06 -2.9187e-05 0.000149612 7.73198e-05 0.00374187 -0.00072998
25.94 -5.38677e-06 -2.80323e-05 0.000161152 8.85581e-05 0.00403047 -0.000701099
25.96 -5.78861e-06 -2.51919e-05 0.00016737 9.83073e-05 0.004186 -0.00063006
25.98 -6.02185e-06 -2.06932e-05 0.000168588 0.000105421 0.00421646 -0.000517546
26 -6.09048e-06 -1.50567e-05 0.000165321 0.000108812 0.00413475 -0.000376574
26.02 -6.00527e-06 -8.93206e-06 0.000158042 0.000107793 0.00395269 -0.000223395
26.04 -5.77688e-06 -2.74106e-06 0.000147555 0.000102264 0.00369041 -6.8555e-05
26.06 -5.40586e-06 3.47662e-06 0.00013492 9.27063e-05 0.00337442 8.69518e-05
26.08 -4.87431e-06 9.92406e-06 0.000119256 7.99956e-05 0.00298265 0.000248205
26.1 -4.14392e-06 1.65621e-05 9.66723e-05 6.5155e-05 0.00241782 0.000414226
26.12 -3.18977e-06 2.2639e-05 6.34819e-05 4.92118e-05 0.00158771 0.000566211
26.14 -2.05008e-06 2.70144e-05 2.09192e-05 3.31248e-05 0.000523198 0.000675642
26.16 -8.25909e-07 2.92965e-05 -2.46074e-05 1.76127e-05 -0.00061544 0.000732717
26.18 3.76037e-07 3.04551e-05 -6.6357e-05 2.94078e-06 -0.00165962 0.000761696
26.2 1.49351e-06 3.19022e-05 -0.000101446 -1.10512e-05 -0.00253721 0.000797887
26.22 2.50444e-06 3.39857e-05 -0.000130566 -2.46391e-05 -0.00326551 0.000849998
26.24 3.39404e-06 3.56634e-05 -0.000154932 -3.79415e-05 -0.00387492 0.000891958
26.26 4.13747e-06 3.56473e-05 -0.000174208 -5.08697e-05 -0.00435703 0.000891554
26.28 4.70782e-06 3.36916e-05 -0.000186894 -6.31182e-05 -0.0046743 0.000842642
26.3 5.09406e-06 3.08089e-05 -0.000192151 -7.40702e-05 -0.00480577 0.000770543
26.32 5.31156e-06 2.8358e-05 -0.000191228 -8.28045e-05 -0.00478269 0.000709245
26.34 5.39306e-06 2.68141e-05 -0.000187125 -8.83355e-05 -0.00468007 0.000670632
26.36 5.36417e-06 2.52423e-05 -0.0001825 -8.9925e-05 -0.00456441 0.000631321
26.38 5.22285e-06 2.20212e-05 -0.000177827 -8.72402e-05 -0.00444754 0.00055076
26.4 4.93689e-06 1.62933e-05 -0.000171403 -8.03438e-05 -0.00428687 0.000407501
26.42 4.46393e-06 8.80294e-06 -0.00015996 -6.9616e-05 -0.00400066 0.000220165
26.44 3.772e-06 1.33817e-06 -0.000139623 -5.57023e-05 -0.00349204 3.34682e-05
26.46 2.86025e-06 -4.58463e-06 -0.000108284 -3.95441e-05 -0.00270824 -0.000114664
26.48 1.78151e-06 -8.56184e-06 -6.81088e-05 -2.23651e-05 -0.00170343 -0.000214135
26.5 6.33705e-07 -1.11175e-05 -2.50511e-05 -5.39837e-06 -0.00062654 -0.000278054
26.52 -4.83594e-07 -1.28909e-05 1.49453e-05 1.05556e-05 0.000373789 -0.000322407
26.54 -1.50943e-06 -1.40382e-05 4.90657e-05 2.53462e-05 0.00122715 -0.000351102
26.56 -2.4222e-06 -1.44102e-05 7.73402e-05 3.92616e-05 0.00193431 -0.000360406
26.58 -3.21638e-06 -1.423e-05 0.000100415 5.26457e-05 0.00251141 -0.000355898
26.6 -3.88777e-06 -1.43743e-05 0.000118341 6.56659e-05 0.00295976 -0.000359507
26.62 -4.43332e-06 -1.57609e-05 0.00013107 7.8221e-05 0.00327812 -0.000394187
26.64 -4.85258e-06 -1.83994e-05 0.000139193 8.98508e-05 0.00348128 -0.000460177
26.66 -5.14457e-06 -2.10829e-05 0.000143821 9.9701e-05 0.00359702 -0.000527292
26.68 -5.30347e-06 -2.20316e-05 0.00014585 0.000106665 0.00364777 -0.00055102
26.7 -5.31806e-06 -1.99717e-05 0.000145366 0.000109669 0.00363566 -0.000499501
26.72 -5.17601e-06 -1.49313e-05 0.000141603 0.000107957 0.00354154 -0.000373438
26.74 -4.86363e-06 -8.27031e-06 0.0001336 0.00010128 0.00334138 -0.000206844
26.76 -4.36777e-06 -1.82948e-06 0.000120013 8.99931e-05 0.00300158 -4.57562e-05
26.78 -3.67765e-06 3.22328e-06 9.87545e-05 7.50304e-05 0.00246989 8.06155e-05
26.8 -2.79664e-06 6.8113e-06 6.85544e-05 5.778e-05 0.00171457 0.000170353
26.82 -1.7654e-06 9.34313e-06 3.11997e-05 3.98277e-05 0.000780316 0.000233676
26.84 -6.59595e-07 1.09999e-05 -8.6193e-06 2.25368e-05 -0.000215572 0.000275113
26.86 4.44993e-07 1.17965e-05 -4.64278e-05 6.63609e-06 -0.00116118 0.000295035
26.88 1.50465e-06 1.21112e-05 -8.04485e-05 -7.88411e-06 -0.00201205 0.000302907
26.9 2.5027e-06 1.2791e-05 -0.000111033 -2.14819e-05 -0.00277699 0.000319909
26.92 3.42333e-06 1.45785e-05 -0.000138495 -3.46473e-05 -0.00346383 0.000364613
26.94 4.23818e-06 1.74366e-05 -0.000162089 -4.76427e-05 -0.00405392 0.000436096
26.96 4.91285e-06 2.04453e-05 -0.00018061 -6.03865e-05 -0.00451713 0.000511345
26.98 5.41844e-06 2.24215e-05 -0.000193243 -7.23611e-05 -0.00483308 0.000560771
27 5.73844e-06 2.27429e-05 -0.00019981 -8.26071e-05 -0.00499732 0.000568809
27.02 5.87051e-06 2.1594e-05 -0.000200679 -8.99229e-05 -0.00501906 0.000540075
27.04 5.82441e-06 1.94484e-05 -0.000196561 -9.32168e-05 -0.00491608 0.000486414
27.06 5.61836e-06 1.6499e-05 -0.000188204 -9.18157e-05 -0.00470705 0.000412646
27.08 5.26853e-06 1.27624e-05 -0.000176572 -8.56123e-05 -0.00441613 0.000319193
27.1 4.78367e-06 8.55914e-06 -0.000162304 -7.50471e-05 -0.0040593 0.000214068
27.12 4.16144e-06 4.53435e-06 -0.000144423 -6.09851e-05 -0.00361209 0.000113406
27.14 3.39032e-06 1.16983e-06 -0.0001206 -4.46003e-05 -0.00301624 2.92579e-05
27.16 2.47602e-06 -1.5525e-06 -8.98453e-05 -2.72701e-05 -0.00224707 -3.88288e-05
27.18 1.46324e-06 -4.00281e-06 -5.46395e-05 -1.03184e-05 -0.00136656 -0.000100112
27.2 4.20206e-07 -6.49095e-06 -1.90768e-05 5.39955e-06 -0.00047712 -0.000162341
27.22 -5.98795e-07 -8.90388e-06 1.44111e-05 1.97577e-05 0.000360429 -0.00022269
27.24 -1.5644e-06 -1.06978e-05 4.55794e-05 3.31647e-05 0.00113996 -0.000267557
27.26 -2.45213e-06 -1.14574e-05 7.42054e-05 4.6076e-05 0.00185591 -0.000286555
27.28 -3.22961e-06 -1.16025e-05 9.87404e-05 5.86641e-05 0.00246954 -0.000290182
27.3 -3.86732e-06 -1.22625e-05 0.00011731 7.07899e-05 0.00293398 -0.00030669
27.32 -4.35155e-06 -1.41199e-05 0.000129277 8.203e-05 0.00323328 -0.000353144
27.34 -4.68348e-06 -1.65024e-05 0.000135472 9.16364e-05 0.00338822 -0.000412733
27.36 -4.8712e-06 -1.7931e-05 0.000137341 9.85998e-05 0.00343495 -0.000448461
27.38 -4.92377e-06 -1.75038e-05 0.000136104 0.000101917 0.00340401 -0.000437778
27.4 -4.84817e-06 -1.54819e-05 0.000132283 0.000100916 0.00330844 -0.000387209
27.42 -4.64529e-06 -1.26052e-05 0.000125778 9.54502e-05 0.00314577 -0.000315261
27.44 -4.30698e-06 -9.20274e-06 0.000116252 8.58948e-05 0.00290752 -0.000230164
27.46 -3.82042e-06 -5.10243e-06 0.000102754 7.3018e-05 0.00256993 -0.000127614
27.48 -3.17323e-06 -2.63558e-07 8.34651e-05 5.78367e-05 0.0020875 -6.5917e-06
27.5 -2.36648e-06 4.65799e-06 5.69663e-05 4.15268e-05 0.00142475 0.000116498
27.52 -1.43333e-06 8.50017e-06 2.41364e-05 2.529e-05 0.000603661 0.000212593
27.54 -4.37037e-07 1.04683e-05 -1.17201e-05 1.00777e-05 -0.000293123 0.000261815
27.56 5.5448e-07 1.08359e-05 -4.68993e-05 -3.68051e-06 -0.00117297 0.00027101
27.58 1.49187e-06 1.07164e-05 -7.90209e-05 -1.60867e-05 -0.00197635 0.000268023
27.6 2.34394e-06 1.11597e-05 -0.000106954 -2.74949e-05 -0.00267497 0.000279108
27.62 3.08678e-06 1.25338e-05 -0.000129922 -3.82012e-05 -0.00324939 0.000313477
27.64 3.70145e-06 1.46572e-05 -0.000147299 -4.82991e-05 -0.003684 0.000366583
27.66 4.17854e-06 1.72002e-05 -0.000159074 -5.7636e-05 -0.0039785 0.000430184
27.68 4.51845e-06 1.97777e-05 -0.000166011 -6.57614e-05 -0.00415199 0.000494649
27.7 4.7255e-06 2.18101e-05 -0.00016918 -7.19366e-05 -0.00423127 0.000545479
27.72 4.80204e-06 2.25628e-05 -0.000169367 -7.52973e-05 -0.00423593 0.000564306
27.74 4.74739e-06 2.14628e-05 -0.000166745 -7.51125e-05 -0.00417036 0.000536795
27.76 4.55941e-06 1.845e-05 -0.00016103 -7.09986e-05 -0.00402744 0.000461441
27.78 4.23475e-06 1.40897e-05 -0.000151896 -6.3017e-05 -0.00379898 0.00035239
27.8 3.77085e-06 9.30473e-06 -0.000138711 -5.16714e-05 -0.00346922 0.000232715
27.82 3.16641e-06 4.89212e-06 -0.000120267 -3.78574e-05 -0.00300792 0.000122354
27.84 2.42849e-06 1.24742e-06 -9.57278e-05 -2.27737e-05 -0.00239419 3.11985e-05
27.86 1.58699e-06 -1.51639e-06 -6.60906e-05 -7.71597e-06 -0.00165295 -3.79256e-05
27.88 6.94239e-07 -3.34783e-06 -3.41996e-05 6.26867e-06 -0.000855347 -8.37307e-05
27.9 -1.94565e-07 -4.29389e-06 -3.03438e-06 1.86862e-05 -7.58911e-05 -0.000107392
27.92 -1.04035e-06 -4.71476e-06 2.5662e-05 2.96263e-05 0.000641818 -0.000117918
27.94 -1.81975e-06 -5.28718e-06 5.11961e-05 3.95047e-05 0.00128044 -0.000132235
27.96 -2.51469e-06 -6.65566e-06 7.30564e-05 4.87439e-05 0.00182717 -0.000166461
27.98 -3.10823e-06 -9.0209e-06 9.06786e-05 5.75812e-05 0.00226791 -0.000225617
28 -3.58738e-06 -1.20106e-05 0.000103822 6.5973e-05 0.00259662 -0.000300389
28.02 -3.94448e-06 -1.48899e-05 0.000112743 7.35282e-05 0.00281975 -0.000372401
28.04 -4.17507e-06 -1.69153e-05 0.000117898 7.9526e-05 0.00294869 -0.000423058
28.06 -4.27549e-06 -1.75959e-05 0.000119572 8.3093e-05 0.00299055 -0.00044008
28.08 -4.243e-06 -1.67613e-05 0.000117742 8.34786e-05 0.00294477 -0.000419208
28.1 -4.07772e-06 -1.45092e-05 0.000112218 8.0287e-05 0.00280663 -0.000362882
28.12 -3.78201e-06 -1.11515e-05 0.000103028 7.35766e-05 0.00257677 -0.000278904
28.14 -3.36083e-06 -7.16387e-06 9.02142e-05 6.38314e-05 0.00225629 -0.000179171
28.16 -2.82012e-06 -3.09502e-06 7.3341e-05 5.18661e-05 0.00183429 -7.74078e-05
28.18 -2.1686e-06 5.40933e-07 5.18702e-05 3.87161e-05 0.0012973 1.3529e-05
28.2 -1.42806e-06 3.37075e-06 2.62665e-05 2.54752e-05 0.000656936 8.43039e-05
28.22 -6.36517e-07 5.27723e-06 -1.59154e-06 1.30429e-05 -3.9805e-05 0.000131986
28.24 1.62984e-07 6.46139e-06 -2.94374e-05 1.88136e-06 -0.000736242 0.000161602
28.26 9.36825e-07 7.34686e-06 -5.57614e-05 -8.03469e-06 -0.00139462 0.000183748
28.28 1.66229e-06 8.3567e-06 -7.98735e-05 -1.70278e-05 -0.00199767 0.000209004
28.3 2.3201e-06 9.73895e-06 -0.000101233 -2.54452e-05 -0.00253188 0.000243575
28.32 2.89071e-06 1.15435e-05 -0.000119128 -3.34796e-05 -0.00297944 0.000288709
28.34 3.35721e-06 1.36617e-05 -0.000132953 -4.10917e-05 -0.0033252 0.000341686
28.36 3.70817e-06 1.58247e-05 -0.000142515 -4.79677e-05 -0.00356435 0.000395781
28.38 3.9372e-06 1.76111e-05 -0.00014799 -5.3529e-05 -0.00370129 0.00044046
28.4 4.04146e-06 1.85613e-05 -0.000149716 -5.70539e-05 -0.00374445 0.000464226
28.42 4.02047e-06 1.83556e-05 -0.000148007 -5.7889e-05 -0.00370171 0.000459082
28.44 3.87543e-06 1.69179e-05 -0.000143011 -5.56457e-05 -0.00357676 0.000423124
28.46 3.60609e-06 1.43941e-05 -0.000134739 -5.03013e-05 -0.00336989 0.000360002
28.48 3.21136e-06 1.10716e-05 -0.00012291 -4.21925e-05 -0.00307403 0.000276904
28.5 2.69216e-06 7.32977e-06 -0.000106851 -3.19455e-05 -0.0026724 0.000183321
28.52 2.05677e-06 3.6366e-06 -8.61176e-05 -2.03934e-05 -0.00215384 9.09528e-05
28.54 1.3293e-06 4.9465e-07 -6.13817e-05 -8.46012e-06 -0.00153518 1.23714e-05
28.56 5.48738e-07 -1.73492e-06 -3.45198e-05 3.03677e-06 -0.000863354 -4.33911e-05
28.58 -2.43345e-07 -3.01996e-06 -7.57668e-06 1.36e-05 -0.000189496 -7.55306e-05
28.6 -1.01505e-06 -3.66112e-06 1.81468e-05 2.31344e-05 0.000453858 -9.15661e-05
28.62 -1.74436e-06 -4.09516e-06 4.202e-05 3.18338e-05 0.00105094 -0.000102422
28.64 -2.41262e-06 -4.69267e-06 6.35783e-05 3.99761e-05 0.00159012 -0.000117366
