0.02 3.91653e-11 1.28585e-10 -2.2414e-08 3.19639e-11 -5.60583e-07 3.21596e-09
0.04 3.42398e-10 3.19605e-09 -1.52928e-07 -2.60988e-12 -3.82479e-06 7.99346e-08
0.06 1.43437e-09 2.06196e-08 -4.85107e-07 -8.68097e-10 -1.21327e-05 5.15705e-07
0.08 4.00209e-09 8.26849e-08 -9.85782e-07 -3.78163e-09 -2.46548e-05 2.06798e-06
0.1 8.54421e-09 2.57551e-07 -1.50988e-06 -8.75747e-09 -3.77627e-05 6.44146e-06
0.12 1.48961e-08 6.37416e-07 -1.96144e-06 -1.3744e-08 -4.90565e-05 1.5942e-05
0.14 2.17773e-08 1.25522e-06 -2.36414e-06 -1.58518e-08 -5.91282e-05 3.13935e-05
0.16 2.67737e-08 2.02485e-06 -2.7908e-06 -1.1616e-08 -6.97991e-05 5.06424e-05
0.18 2.71109e-08 2.78747e-06 -3.29504e-06 5.05589e-09 -8.24103e-05 6.97159e-05
0.2 2.09285e-08 3.42149e-06 -3.9114e-06 4.24808e-08 -9.78257e-05 8.55729e-05
0.22 8.17707e-09 3.9412e-06 -4.66373e-06 1.0553e-07 -0.000116642 9.85711e-05
0.24 -9.39889e-09 4.4803e-06 -5.55331e-06 1.90274e-07 -0.000138891 0.000112054
0.26 -2.89526e-08 5.13814e-06 -6.55501e-06 2.85243e-07 -0.000163943 0.000128507
0.28 -4.74439e-08 5.89045e-06 -7.61209e-06 3.78518e-07 -0.000190381 0.000147323
0.3 -6.24944e-08 6.70131e-06 -8.61097e-06 4.64961e-07 -0.000215364 0.000167602
0.32 -7.29978e-08 7.62095e-06 -9.38085e-06 5.47052e-07 -0.000234619 0.000190603
0.34 -7.94476e-08 8.67898e-06 -9.76775e-06 6.27703e-07 -0.000244296 0.000217065
0.36 -8.40966e-08 9.78677e-06 -9.74613e-06 7.05092e-07 -0.000243755 0.000244771
0.38 -9.07311e-08 1.08457e-05 -9.46637e-06 7.79736e-07 -0.000236758 0.000271256
0.4 -1.03496e-07 1.18314e-05 -9.18605e-06 8.62802e-07 -0.000229747 0.000295908
0.42 -1.24853e-07 1.26486e-05 -9.12891e-06 9.66063e-07 -0.000228318 0.000316346
0.44 -1.53927e-07 1.30406e-05 -9.32583e-06 1.08247e-06 -0.000233243 0.00032615
0.46 -1.86574e-07 1.28438e-05 -9.50409e-06 1.18762e-06 -0.000237701 0.000321229
0.48 -2.17159e-07 1.23085e-05 -9.20251e-06 1.26193e-06 -0.000230159 0.00030784
0.5 -2.40909e-07 1.19971e-05 -8.17967e-06 1.29826e-06 -0.000204577 0.000300053
0.52 -2.55837e-07 1.2298e-05 -6.73497e-06 1.28508e-06 -0.000168444 0.000307579
0.54 -2.63345e-07 1.30331e-05 -5.51508e-06 1.20148e-06 -0.000137934 0.000325964
0.56 -2.66512e-07 1.34735e-05 -4.98626e-06 1.04158e-06 -0.000124708 0.000336979
0.58 -2.66535e-07 1.28273e-05 -5.10993e-06 8.32107e-07 -0.000127802 0.000320816
0.6 -2.60133e-07 1.09353e-05 -5.45815e-06 6.10762e-07 -0.000136511 0.000273496
0.62 -2.40389e-07 8.45373e-06 -5.61978e-06 3.89377e-07 -0.000140553 0.000211431
0.64 -2.00524e-07 6.19234e-06 -5.59693e-06 1.46303e-07 -0.000139982 0.000154873
0.66 -1.37689e-07 4.40365e-06 -5.87756e-06 -1.41661e-07 -0.000147 0.000110137
0.68 -5.40657e-08 2.86369e-06 -7.05302e-06 -4.58734e-07 -0.000176399 7.16222e-05
0.7 4.54064e-08 1.32255e-06 -9.2559e-06 -7.4583e-07 -0.000231494 3.30775e-05
0.72 1.56357e-07 -4.15059e-07 -1.19485e-05 -9.45542e-07 -0.000298837 -1.03808e-05
0.74 2.75829e-07 -2.54723e-06 -1.43284e-05 -1.0465e-06 -0.000358358 -6.37072e-05
0.76 4.00025e-07 -5.02469e-06 -1.60348e-05 -1.067e-06 -0.000401038 -0.00012567
0.78 5.22432e-07 -7.41447e-06 -1.75259e-05 -1.00185e-06 -0.000438331 -0.000185439
0.8 6.35564e-07 -9.38632e-06 -1.97227e-05 -8.16811e-07 -0.000493273 -0.000234756
0.82 7.34867e-07 -1.11559e-05 -2.31025e-05 -4.99451e-07 -0.000577803 -0.000279015
0.84 8.20453e-07 -1.3029e-05 -2.70199e-05 -7.97498e-08 -0.000675779 -0.000325861
0.86 8.94819e-07 -1.46681e-05 -3.00747e-05 4.13211e-07 -0.00075218 -0.000366855
0.88 9.58521e-07 -1.52935e-05 -3.13478e-05 9.78278e-07 -0.000784022 -0.000382497
0.9 1.00706e-06 -1.46275e-05 -3.12611e-05 1.60618e-06 -0.000781854 -0.00036584
0.92 1.0316e-06 -1.3292e-05 -3.11759e-05 2.25406e-06 -0.000779723 -0.000332439
0.94 1.02427e-06 -1.22219e-05 -3.21866e-05 2.88463e-06 -0.000805 -0.000305674
0.96 9.84958e-07 -1.18805e-05 -3.41852e-05 3.49713e-06 -0.000854986 -0.000297135
0.98 9.23452e-07 -1.20559e-05 -3.58036e-05 4.08365e-06 -0.000895463 -0.000301524
1 8.52183e-07 -1.23773e-05 -3.42935e-05 4.57758e-06 -0.000857695 -0.000309561
1.02 7.72925e-07 -1.28525e-05 -2.62018e-05 4.89929e-06 -0.000655318 -0.000321446
1.04 6.73488e-07 -1.3225e-05 -1.27284e-05 5.05854e-06 -0.000318343 -0.000330762
1.06 5.40219e-07 -1.24408e-05 -2.16503e-06 5.12993e-06 -5.41482e-05 -0.000311149
1.08 3.70483e-07 -1.00844e-05 -4.01193e-07 5.09969e-06 -1.0034e-05 -0.000252215
1.1 1.79438e-07 -7.22702e-06 -3.73964e-06 4.83907e-06 -9.35299e-05 -0.000180751
1.12 -4.77222e-10 -5.1373e-06 -4.49854e-06 4.24832e-06 -0.00011251 -0.000128486
1.14 -1.38251e-07 -4.35074e-06 2.04581e-06 3.3304e-06 5.11664e-05 -0.000108814
1.16 -2.28398e-07 -4.63028e-06 1.48794e-05 2.13518e-06 0.000372139 -0.000115805
1.18 -2.91553e-07 -5.16344e-06 2.7466e-05 7.12236e-07 0.000686936 -0.00012914
1.2 -3.52975e-07 -5.41077e-06 3.37685e-05 -8.91194e-07 0.000844564 -0.000135326
1.22 -4.22654e-07 -5.34098e-06 3.40764e-05 -2.61393e-06 0.000852266 -0.00013358
1.24 -4.91191e-07 -4.60052e-06 3.25136e-05 -4.34275e-06 0.000813178 -0.000115061
1.26 -5.4066e-07 -2.76721e-06 3.11079e-05 -5.90318e-06 0.000778022 -6.92091e-05
1.28 -5.59453e-07 -5.97778e-07 2.86386e-05 -7.14496e-06 0.000716264 -1.49507e-05
1.3 -5.4548e-07 3.39212e-07 2.34398e-05 -8.0407e-06 0.00058624 8.48383e-06
1.32 -4.93965e-07 -4.30398e-07 1.51322e-05 -8.6587e-06 0.000378462 -1.07644e-05
1.34 -3.8922e-07 -1.76665e-06 5.10576e-06 -9.05639e-06 0.000127697 -4.41846e-05
1.36 -2.18976e-07 -2.82632e-06 -1.94317e-06 -9.23917e-06 -4.85995e-05 -7.06873e-05
1.38 2.25848e-10 -4.60502e-06 5.05188e-07 -9.14579e-06 1.2635e-05 -0.000115174
1.4 2.21369e-07 -7.85341e-06 1.05608e-05 -8.57937e-06 0.000264129 -0.000196417
1.42 3.96369e-07 -1.0659e-05 1.38829e-05 -7.27945e-06 0.000347218 -0.000266586
1.44 5.04791e-07 -1.09592e-05 5.16575e-07 -5.21785e-06 1.29198e-05 -0.000274094
1.46 5.64414e-07 -9.67033e-06 -2.1405e-05 -2.70681e-06 -0.000535348 -0.000241859
1.48 6.22598e-07 -8.99919e-06 -3.68212e-05 -1.02082e-07 -0.000920914 -0.000225073
1.5 7.24018e-07 -9.90201e-06 -4.0208e-05 2.44998e-06 -0.00100562 -0.000247653
1.52 8.73556e-07 -1.2601e-05 -3.59133e-05 4.88757e-06 -0.000898207 -0.000315157
1.54 1.03405e-06 -1.70607e-05 -3.00572e-05 7.05588e-06 -0.000751743 -0.000426696
1.56 1.16297e-06 -2.15189e-05 -2.6953e-05 8.78682e-06 -0.000674105 -0.000538196
1.58 1.24198e-06 -2.28398e-05 -2.77558e-05 1.00235e-05 -0.000694185 -0.000571234
1.6 1.26856e-06 -1.99593e-05 -2.88381e-05 1.07977e-05 -0.000721252 -0.000499189
1.62 1.23328e-06 -1.54493e-05 -2.5606e-05 1.12219e-05 -0.000640416 -0.000386393
1.64 1.11871e-06 -1.26411e-05 -1.95023e-05 1.15025e-05 -0.000487762 -0.000316159
1.66 9.2098e-07 -1.24824e-05 -1.69113e-05 1.17379e-05 -0.000422958 -0.00031219
1.68 6.69417e-07 -1.35058e-05 -2.01842e-05 1.16559e-05 -0.000504815 -0.000337786
1.7 4.21128e-07 -1.32852e-05 -2.37519e-05 1.07617e-05 -0.000594044 -0.000332268
1.72 2.27866e-07 -9.86742e-06 -2.02569e-05 8.82162e-06 -0.000506634 -0.000246788
1.74 9.89007e-08 -3.70703e-06 -7.75503e-06 6.07335e-06 -0.000193957 -9.27144e-05
1.76 -6.55174e-09 1.88483e-06 9.40521e-06 2.97454e-06 0.000235228 4.71405e-05
1.78 -1.46857e-07 4.18287e-06 2.3998e-05 -8.08361e-08 0.000600199 0.000104615
1.8 -3.51949e-07 4.58416e-06 3.02267e-05 -2.83944e-06 0.000755984 0.000114652
1.82 -6.03538e-07 6.91844e-06 2.79392e-05 -5.22583e-06 0.000698771 0.000173033
1.84 -8.55758e-07 1.27693e-05 2.33882e-05 -7.34465e-06 0.00058495 0.000319366
1.86 -1.07235e-06 2.00204e-05 2.36466e-05 -9.2844e-06 0.000591411 0.000500718
1.88 -1.24607e-06 2.52691e-05 3.01272e-05 -1.09166e-05 0.000753493 0.000631992
1.9 -1.38907e-06 2.64368e-05 3.88293e-05 -1.20274e-05 0.000971138 0.000661195
1.92 -1.51018e-06 2.40551e-05 4.55598e-05 -1.26029e-05 0.00113947 0.000601628
1.94 -1.60258e-06 2.11923e-05 4.90859e-05 -1.28109e-05 0.00122766 0.000530028
1.96 -1.65207e-06 2.12412e-05 5.04628e-05 -1.27155e-05 0.0012621 0.000531252
1.98 -1.65493e-06 2.449e-05 5.12562e-05 -1.21636e-05 0.00128194 0.000612505
2 -1.62388e-06 2.72728e-05 5.20391e-05 -1.09694e-05 0.00130152 0.000682104
2.02 -1.57365e-06 2.54404e-05 5.1607e-05 -9.1119e-06 0.00129071 0.000636276
2.04 -1.50005e-06 1.83875e-05 4.80354e-05 -6.77686e-06 0.00120139 0.000459879
2.06 -1.3745e-06 9.33342e-06 4.10588e-05 -4.30966e-06 0.0010269 0.000233433
2.08 -1.16147e-06 2.30538e-06 3.27078e-05 -2.09559e-06 0.000818035 5.76584e-05
2.1 -8.45136e-07 -1.00205e-06 2.49665e-05 -3.53768e-07 0.000624422 -2.50617e-05
2.12 -4.43255e-07 -2.29297e-06 1.75876e-05 9.91556e-07 0.000439872 -5.73481e-05
2.14 2.06536e-09 -4.91309e-06 8.96514e-06 2.19176e-06 0.000224222 -0.000122879
2.16 4.47667e-07 -1.0567e-05 -1.58342e-06 3.42427e-06 -3.9602e-05 -0.000264285
2.18 8.67368e-07 -1.78142e-05 -1.32128e-05 4.66579e-06 -0.000330457 -0.00044554
2.2 1.25115e-06 -2.38709e-05 -2.45507e-05 5.75764e-06 -0.000614022 -0.000597022
2.22 1.59039e-06 -2.72012e-05 -3.49055e-05 6.5608e-06 -0.000873001 -0.000680313
2.24 1.86852e-06 -2.83734e-05 -4.49587e-05 7.07517e-06 -0.00112444 -0.00070963
2.26 2.06893e-06 -2.93972e-05 -5.57716e-05 7.41851e-06 -0.00139487 -0.000735237
2.28 2.19014e-06 -3.20048e-05 -6.67294e-05 7.68079e-06 -0.00166893 -0.000800452
2.3 2.25072e-06 -3.56588e-05 -7.54791e-05 7.832e-06 -0.00188776 -0.000891843
2.32 2.27711e-06 -3.76307e-05 -7.99664e-05 7.792e-06 -0.00199999 -0.000941159
2.34 2.28244e-06 -3.57478e-05 -7.93946e-05 7.54552e-06 -0.00198569 -0.000894069
2.36 2.25394e-06 -3.073e-05 -7.40087e-05 7.16622e-06 -0.00185099 -0.000768571
2.38 2.16163e-06 -2.54605e-05 -6.56125e-05 6.76868e-06 -0.001641 -0.000636778
2.4 1.98123e-06 -2.23274e-05 -5.70525e-05 6.44676e-06 -0.00142691 -0.000558418
2.42 1.71124e-06 -2.14361e-05 -4.94769e-05 6.21152e-06 -0.00123744 -0.000536125
2.44 1.37349e-06 -2.10183e-05 -4.12036e-05 5.96792e-06 -0.00103052 -0.000525678
2.46 1.00032e-06 -1.90756e-05 -3.01534e-05 5.57896e-06 -0.000754148 -0.000477089
2.48 6.17527e-07 -1.46301e-05 -1.63259e-05 4.9707e-06 -0.000408317 -0.000365905
2.5 2.35694e-07 -8.3551e-06 -1.63436e-06 4.1607e-06 -4.08761e-05 -0.000208965
2.52 -1.4323e-07 -2.38095e-06 1.1929e-05 3.17706e-06 0.00029835 -5.95486e-05
2.54 -5.13488e-07 1.50148e-06 2.41039e-05 1.98135e-06 0.000602849 3.75526e-05
2.56 -8.61674e-07 3.60049e-06 3.65274e-05 4.99008e-07 0.000913566 9.00498e-05
2.58 -1.17271e-06 5.60974e-06 5.02149e-05 -1.29646e-06 0.0012559 0.000140302
2.6 -1.43739e-06 8.39586e-06 6.31655e-05 -3.35404e-06 0.0015798 0.000209984
2.62 -1.65482e-06 1.11341e-05 7.20815e-05 -5.56296e-06 0.00180279 0.00027847
2.64 -1.82566e-06 1.22745e-05 7.5971e-05 -7.76152e-06 0.00190007 0.00030699
2.66 -1.93952e-06 1.10091e-05 7.63373e-05 -9.77009e-06 0.00190923 0.000275343
2.68 -1.97194e-06 8.47557e-06 7.44809e-05 -1.1475e-05 0.0018628 0.000211977
2.7 -1.89903e-06 7.27996e-06 7.03785e-05 -1.28707e-05 0.0017602 0.000182075
2.72 -1.71559e-06 8.85409e-06 6.35839e-05 -1.39857e-05 0.00159026 0.000221444
2.74 -1.43844e-06 1.14947e-05 5.37254e-05 -1.47769e-05 0.00134369 0.000287487
2.76 -1.09523e-06 1.18874e-05 4.08801e-05 -1.51099e-05 0.00102243 0.000297308
2.78 -7.11518e-07 8.61551e-06 2.60697e-05 -1.482e-05 0.000652013 0.000215477
2.8 -3.02672e-07 3.18336e-06 9.96364e-06 -1.37985e-05 0.000249195 7.96173e-05
2.82 1.27533e-07 -2.29374e-06 -8.92901e-06 -1.207e-05 -0.000223318 -5.73673e-05
2.84 5.80828e-07 -6.83428e-06 -3.26935e-05 -9.77605e-06 -0.000817677 -0.000170928
2.86 1.05665e-06 -9.96196e-06 -6.03388e-05 -7.02494e-06 -0.0015091 -0.000249153
2.88 1.54942e-06 -1.10196e-05 -8.72877e-05 -3.79118e-06 -0.0021831 -0.000275605
2.9 2.04568e-06 -9.81069e-06 -0.00010847 -4.71097e-08 -0.00271287 -0.000245369
2.92 2.5142e-06 -7.05251e-06 -0.000121398 4.06438e-06 -0.00303622 -0.000176386
2.94 2.9012e-06 -3.79806e-06 -0.000127924 8.32281e-06 -0.00319943 -9.4991e-05
2.96 3.14707e-06 -1.02948e-06 -0.000133759 1.26493e-05 -0.00334538 -2.57478e-05
2.98 3.21737e-06 2.47615e-07 -0.00014382 1.70674e-05 -0.00359699 6.19296e-06
3 3.12268e-06 -4.5335e-07 -0.000156476 2.14515e-05 -0.00391353 -1.13385e-05
3.02 2.91117e-06 -1.94767e-06 -0.000163993 2.54624e-05 -0.00410152 -4.8712e-05
3.04 2.63869e-06 -1.55868e-06 -0.000159733 2.87322e-05 -0.00399499 -3.89831e-05
3.06 2.33579e-06 2.54977e-06 -0.000144029 3.099e-05 -0.00360223 6.37709e-05
3.08 1.99547e-06 9.4135e-06 -0.00012293 3.20323e-05 -0.00307452 0.000235436
3.1 1.59115e-06 1.64373e-05 -0.000102557 3.17361e-05 -0.002565 0.000411103
3.12 1.10755e-06 2.24037e-05 -8.44973e-05 3.01293e-05 -0.00211331 0.000560327
3.14 5.54971e-07 2.81002e-05 -6.50175e-05 2.73295e-05 -0.00162611 0.000702798
3.16 -4.30741e-08 3.37601e-05 -3.8819e-05 2.34004e-05 -0.000970879 0.000844354
3.18 -6.71316e-07 3.78332e-05 -5.03977e-06 1.83912e-05 -0.000126047 0.000946225
3.2 -1.32844e-06 3.92865e-05 3.06683e-05 1.25208e-05 0.000767028 0.000982573
3.22 -2.0105e-06 3.93587e-05 6.13645e-05 6.15326e-06 0.00153475 0.000984377
3.24 -2.68894e-06 3.97459e-05 8.52971e-05 -4.84424e-07 0.00213332 0.000994062
3.26 -3.30848e-06 4.0553e-05 0.000105959 -7.41568e-06 0.00265008 0.00101425
3.28 -3.81263e-06 4.12254e-05 0.000127233 -1.46259e-05 0.00318215 0.00103106
3.3 -4.17381e-06 4.17308e-05 0.000149816 -2.17595e-05 0.00374697 0.0010437
3.32 -4.39781e-06 4.17029e-05 0.000170848 -2.82545e-05 0.00427298 0.00104301
3.34 -4.50198e-06 4.00814e-05 0.000185454 -3.37292e-05 0.00463827 0.00100245
3.36 -4.49169e-06 3.625e-05 0.0001896 -3.80952e-05 0.00474197 0.000906628
3.38 -4.35402e-06 3.02664e-05 0.000183094 -4.13139e-05 0.00457926 0.000756975
3.4 -4.06743e-06 2.21279e-05 0.000169757 -4.31991e-05 0.00424569 0.000553429
3.42 -3.61636e-06 1.2116e-05 0.000153869 -4.35031e-05 0.00384833 0.000303026
3.44 -3.00144e-06 1.49547e-06 0.000136545 -4.21099e-05 0.00341504 3.74023e-05
3.46 -2.24215e-06 -8.17822e-06 0.000115767 -3.90963e-05 0.00289539 -0.000204541
3.48 -1.37347e-06 -1.61628e-05 8.91975e-05 -3.46329e-05 0.00223087 -0.000404238
3.5 -4.38458e-07 -2.2669e-05 5.62164e-05 -2.88509e-05 0.001406 -0.000566962
3.52 5.21051e-07 -2.86726e-05 1.82257e-05 -2.18157e-05 0.000455833 -0.000717113
3.54 1.47112e-06 -3.57129e-05 -2.15692e-05 -1.36385e-05 -0.000539455 -0.000893195
3.56 2.38559e-06 -4.47309e-05 -5.89465e-05 -4.59141e-06 -0.00147428 -0.00111874
3.58 3.24033e-06 -5.44829e-05 -9.07366e-05 4.91205e-06 -0.00226936 -0.00136264
3.6 4.00779e-06 -6.20564e-05 -0.000117044 1.4427e-05 -0.00292732 -0.00155206
3.62 4.65744e-06 -6.584e-05 -0.000141022 2.35346e-05 -0.00352703 -0.00164669
3.64 5.16287e-06 -6.73555e-05 -0.000165442 3.18481e-05 -0.00413777 -0.00168459
3.66 5.51177e-06 -6.92853e-05 -0.000189224 3.90566e-05 -0.00473257 -0.00173285
3.68 5.71202e-06 -7.20127e-05 -0.000207941 4.49596e-05 -0.0052007 -0.00180107
3.7 5.78612e-06 -7.30362e-05 -0.000217589 4.93702e-05 -0.005442 -0.00182667
3.72 5.75158e-06 -6.97221e-05 -0.000216867 5.1992e-05 -0.00542393 -0.00174378
3.74 5.59992e-06 -6.16767e-05 -0.000206549 5.25221e-05 -0.00516587 -0.00154256
3.76 5.29533e-06 -5.06247e-05 -0.000188877 5.09203e-05 -0.00472389 -0.00126615
3.78 4.79821e-06 -3.91599e-05 -0.000167191 4.74638e-05 -0.00418152 -0.000979406
3.8 4.0937e-06 -2.95858e-05 -0.000143676 4.24782e-05 -0.00359339 -0.000739952
3.82 3.20336e-06 -2.24849e-05 -0.000117365 3.61237e-05 -0.00293534 -0.000562356
3.84 2.17696e-06 -1.57012e-05 -8.63008e-05 2.8499e-05 -0.00215842 -0.000392694
3.86 1.07467e-06 -5.95245e-06 -5.11638e-05 1.98126e-05 -0.00127963 -0.000148873
3.88 -4.97577e-08 7.54182e-06 -1.46195e-05 1.03436e-05 -0.000365639 0.000188624
3.9 -1.15594e-06 2.16942e-05 2.20351e-05 3.53929e-07 0.000551108 0.000542582
3.92 -2.21089e-06 3.24425e-05 5.92469e-05 -9.83467e-06 0.00148179 0.0008114
3.94 -3.17901e-06 3.83455e-05 9.6717e-05 -1.97712e-05 0.00241893 0.000959038
3.96 -4.02037e-06 4.09683e-05 0.000132262 -2.90118e-05 0.00330794 0.00102463
3.98 -4.6984e-06 4.28337e-05 0.000162666 -3.72637e-05 0.00406834 0.00107129
4 -5.18595e-06 4.53636e-05 0.000184377 -4.4294e-05 0.00461133 0.00113456
4.02 -5.46308e-06 4.78406e-05 0.000194428 -4.97817e-05 0.00486273 0.00119651
4.04 -5.51114e-06 4.82471e-05 0.000192388 -5.33796e-05 0.0048117 0.00120668
4.06 -5.31136e-06 4.55202e-05 0.000180864 -5.48905e-05 0.00452349 0.00113848
4.08 -4.85119e-06 4.04779e-05 0.000163024 -5.43234e-05 0.0040773 0.00101237
4.1 -4.13659e-06 3.43493e-05 0.000140175 -5.18214e-05 0.00350582 0.000859091
4.12 -3.20385e-06 2.77071e-05 0.000112133 -4.75506e-05 0.00280448 0.000692967
4.14 -2.11956e-06 2.11763e-05 7.85572e-05 -4.15798e-05 0.00196475 0.000529628
4.16 -9.64053e-07 1.53866e-05 3.91093e-05 -3.38715e-05 0.000978139 0.000384826
4.18 1.90689e-07 9.56497e-06 -6.21217e-06 -2.44721e-05 -0.000155369 0.000239224
4.2 1.2935e-06 1.87252e-06 -5.57504e-05 -1.36813e-05 -0.00139434 4.68324e-05
4.22 2.31523e-06 -7.85619e-06 -0.000106185 -1.94847e-06 -0.00265573 -0.000196487
4.24 3.24623e-06 -1.7258e-05 -0.000154571 1.03045e-05 -0.00386588 -0.00043163
4.26 4.09039e-06 -2.42296e-05 -0.000199024 2.26053e-05 -0.00497766 -0.000605993
4.28 4.85082e-06 -2.8741e-05 -0.000236821 3.42979e-05 -0.00592299 -0.000718824
4.3 5.51407e-06 -3.13848e-05 -0.000264213 4.47359e-05 -0.00660809 -0.000784948
4.32 6.04669e-06 -3.24856e-05 -0.000279339 5.35775e-05 -0.0069864 -0.000812477
4.34 6.40404e-06 -3.29696e-05 -0.000283529 6.0713e-05 -0.00709119 -0.000824584
4.36 6.54165e-06 -3.34889e-05 -0.000279217 6.5983e-05 -0.00698334 -0.000837572
4.38 6.4259e-06 -3.23591e-05 -0.000268209 6.91574e-05 -0.00670802 -0.000809314
4.4 6.04327e-06 -2.65068e-05 -0.000251793 7.00833e-05 -0.00629746 -0.000662947
4.42 5.40077e-06 -1.45822e-05 -0.000230668 6.86471e-05 -0.0057691 -0.000364707
4.44 4.51741e-06 1.72658e-06 -0.000204258 6.46763e-05 -0.00510858 4.31825e-05
4.46 3.41667e-06 1.88888e-05 -0.000170463 5.80761e-05 -0.00426334 0.000472416
4.48 2.12619e-06 3.38019e-05 -0.000126731 4.90219e-05 -0.00316961 0.000845399
4.5 6.80921e-07 4.5738e-05 -7.26241e-05 3.78882e-05 -0.00181636 0.00114393
4.52 -8.77723e-07 5.68274e-05 -1.1346e-05 2.50618e-05 -0.000283769 0.00142128
4.54 -2.50869e-06 7.06341e-05 5.22541e-05 1.0964e-05 0.0013069 0.00176659
4.56 -4.17727e-06 8.92316e-05 0.000115059 -3.79843e-06 0.00287767 0.00223172
4.58 -5.85289e-06 0.000110791 0.000176674 -1.8466e-05 0.0044187 0.00277093
4.6 -7.5012e-06 0.00013057 0.00023769 -3.23244e-05 0.00594472 0.0032656
4.62 -9.07645e-06 0.000144653 0.000297061 -4.48161e-05 0.00742961 0.00361784
4.64 -1.05152e-05 0.000151891 0.000350957 -5.55548e-05 0.00877757 0.00379885
4.66 -1.1734e-05 0.000152531 0.000395131 -6.43786e-05 0.0098824 0.00381485
4.68 -1.26396e-05 0.000147003 0.00042898 -7.13311e-05 0.010729 0.0036766
4.7 -1.31488e-05 0.000136074 0.000455854 -7.64425e-05 0.0114011 0.00340327
4.72 -1.32086e-05 0.000120255 0.000478585 -7.95558e-05 0.0119696 0.00300764
4.74 -1.2808e-05 9.92171e-05 0.000495691 -8.04537e-05 0.0123974 0.00248146
4.76 -1.19782e-05 7.34148e-05 0.000502237 -7.90722e-05 0.0125612 0.00183614
4.78 -1.07789e-05 4.55458e-05 0.000493609 -7.54986e-05 0.0123454 0.00113912
4.8 -9.27794e-06 1.85756e-05 0.000468772 -6.98769e-05 0.0117242 0.000464583
4.82 -7.54113e-06 -7.15738e-06 0.000430823 -6.24271e-05 0.0107751 -0.000179009
4.84 -5.63634e-06 -3.38173e-05 0.000384274 -5.34521e-05 0.00961086 -0.000845784
4.86 -3.63428e-06 -6.42781e-05 0.000331539 -4.32334e-05 0.00829192 -0.00160762
4.88 -1.59524e-06 -0.000101131 0.000272565 -3.20229e-05 0.00681696 -0.00252932
4.9 4.4831e-07 -0.00014514 0.000207852 -2.01999e-05 0.00519847 -0.00363
4.92 2.49431e-06 -0.00019278 0.000140562 -8.29583e-06 0.00351552 -0.00482152
4.94 4.55197e-06 -0.000236536 7.49247e-05 3.21498e-06 0.0018739 -0.00591586
4.96 6.61e-06 -0.000269318 1.32753e-05 1.40452e-05 0.00033202 -0.00673577
4.98 8.61216e-06 -0.000288652 -4.49234e-05 2.3997e-05 -0.00112355 -0.0072193
5 1.046e-05 -0.000296892 -0.00010195 3.28902e-05 -0.00254981 -0.00742538
5.02 1.20449e-05 -0.000298749 -0.000159764 4.06192e-05 -0.00399577 -0.00747184
5.04 1.32876e-05 -0.00029845 -0.000217803 4.71227e-05 -0.00544735 -0.00746435
5.06 1.41569e-05 -0.000297117 -0.000272623 5.22403e-05 -0.00681842 -0.00743103
5.08 1.46602e-05 -0.000291498 -0.000320616 5.57072e-05 -0.00801874 -0.00729049
5.1 1.48179e-05 -0.000275929 -0.00036068 5.73249e-05 -0.00902076 -0.0069011
5.12 1.46378e-05 -0.000246353 -0.000393089 5.70719e-05 -0.00983131 -0.00616138
5.14 1.40998e-05 -0.000202226 -0.000416592 5.50996e-05 -0.0104191 -0.00505775
5.16 1.31573e-05 -0.000144906 -0.000428653 5.17438e-05 -0.0107208 -0.00362416
5.18 1.17494e-05 -7.55635e-05 -0.000428443 4.75141e-05 -0.0107155 -0.00188987
5.2 9.81859e-06 4.32776e-06 -0.00041801 4.29206e-05 -0.0104546 0.000108239
5.22 7.33114e-06 9.05169e-05 -0.000400231 3.82672e-05 -0.0100099 0.00226387
5.24 4.30493e-06 0.00017477 -0.000376366 3.36627e-05 -0.00941306 0.00437107
5.26 8.34712e-07 0.000247676 -0.000344581 2.91887e-05 -0.00861812 0.00619449
5.28 -2.90393e-06 0.000304291 -0.000299022 2.4931e-05 -0.00747867 0.00761045
5.3 -6.68424e-06 0.000347241 -0.000231523 2.07828e-05 -0.0057905 0.00868464
5.32 -1.02833e-05 0.00038392 -0.00013773 1.62025e-05 -0.00344469 0.00960201
5.34 -1.35373e-05 0.000420505 -2.28897e-05 1.03095e-05 -0.000572481 0.010517
5.36 -1.63628e-05 0.000458462 9.95309e-05 2.87523e-06 0.00248931 0.0114663
5.38 -1.87308e-05 0.000495829 0.000215628 -4.52771e-06 0.00539295 0.0124009
5.4 -2.06379e-05 0.000529165 0.000317666 -9.64067e-06 0.00794496 0.0132346
5.42 -2.20837e-05 0.000552733 0.000404401 -1.23857e-05 0.0101142 0.0138241
5.44 -2.30329e-05 0.000557287 0.000477335 -1.586e-05 0.0119383 0.013938
5.46 -2.34291e-05 0.000530719 0.000536609 -2.36691e-05 0.0134208 0.0132735
5.48 -2.32066e-05 0.000466879 0.000578884 -3.5959e-05 0.0144781 0.0116768
5.5 -2.2273e-05 0.000376101 0.000598649 -4.96375e-05 0.0149725 0.00940645
5.52 -2.05089e-05 0.000276389 0.000591899 -6.26228e-05 0.0148036 0.0069126
5.54 -1.78105e-05 0.000180945 0.000557922 -7.54949e-05 0.0139539 0.00452551
5.56 -1.4183e-05 0.000100631 0.000497717 -8.89263e-05 0.0124481 0.00251683
5.58 -9.79603e-06 4.4923e-05 0.000413809 -0.000101344 0.0103495 0.00112354
5.6 -4.96302e-06 1.30805e-05 0.000313006 -0.000109729 0.0078284 0.000327148
5.62 -6.84749e-08 -9.98726e-06 0.000205796 -0.000111936 0.00514704 -0.000249786
5.64 4.50856e-06 -4.29941e-05 0.000100016 -0.000107554 0.00250145 -0.0010753
5.66 8.45885e-06 -9.46979e-05 -2.51438e-06 -9.69178e-05 -6.28856e-05 -0.00236843
5.68 1.1597e-05 -0.000161167 -0.000101845 -8.01947e-05 -0.00254718 -0.00403084
5.7 1.38898e-05 -0.000231542 -0.000194478 -5.77839e-05 -0.00486397 -0.00579096
5.72 1.5431e-05 -0.000293661 -0.000271886 -3.11268e-05 -0.00679997 -0.00734458
5.74 1.63613e-05 -0.000337648 -0.000322284 -2.5181e-06 -0.00806045 -0.00844471
5.76 1.67768e-05 -0.000359175 -0.000334761 2.60554e-05 -0.00837251 -0.00898311
5.78 1.66808e-05 -0.00036058 -0.00030498 5.37981e-05 -0.00762767 -0.00901826
5.8 1.59998e-05 -0.000347711 -0.000238586 8.10952e-05 -0.00596713 -0.0086964
5.82 1.46416e-05 -0.00032606 -0.000147938 0.000107934 -0.00369999 -0.00815489
5.84 1.25582e-05 -0.000300889 -4.3858e-05 0.000131838 -0.00109691 -0.00752535
5.86 9.7852e-06 -0.000278062 6.91021e-05 0.000149012 0.00172827 -0.00695444
5.88 6.45017e-06 -0.000260695 0.000189404 0.00015731 0.00473707 -0.00652008
5.9 2.7592e-06 -0.000246166 0.000313015 0.000156548 0.00782865 -0.00615672
5.92 -1.03242e-06 -0.000227631 0.00043277 0.000146694 0.0108238 -0.00569316
5.94 -4.66787e-06 -0.000195989 0.000541132 0.000127065 0.0135339 -0.00490176
5.96 -7.94499e-06 -0.000141235 0.000630249 9.72143e-05 0.0157628 -0.00353235
5.98 -1.0757e-05 -5.8106e-05 0.000691159 5.79744e-05 0.0172862 -0.00145326
6 -1.30994e-05 4.53451e-05 0.000718264 1.15925e-05 0.0179641 0.0011341
6.02 -1.50338e-05 0.000146045 0.000713339 -3.88105e-05 0.0178409 0.00365263
6.04 -1.66062e-05 0.000216523 0.000679683 -8.98872e-05 0.0169992 0.00541533
6.06 -1.77611e-05 0.000242313 0.000615036 -0.000138513 0.0153823 0.00606034
6.08 -1.83157e-05 0.000234389 0.000517161 -0.000181928 0.0129344 0.00586216
6.1 -1.80198e-05 0.000225442 0.000390771 -0.000217682 0.00977336 0.00563841
6.12 -1.66679e-05 0.000249141 0.000238601 -0.000243637 0.00596752 0.00623112
6.14 -1.42018e-05 0.000316772 5.06968e-05 -0.000258005 0.00126795 0.00792261
6.16 -1.07458e-05 0.000408792 -0.000185258 -0.000259344 -0.00463337 0.0102241
6.18 -6.53581e-06 0.00048749 -0.000463758 -0.000247061 -0.0115988 0.0121923
6.2 -1.78387e-06 0.00052083 -0.000759745 -0.000222209 -0.0190016 0.0130262
6.22 3.39393e-06 0.000497017 -0.00104091 -0.00018517 -0.0260341 0.0124306
6.24 8.84704e-06 0.000421605 -0.00127213 -0.000134335 -0.031823 0.0105445
6.26 1.40494e-05 0.000312284 -0.00143542 -7.17771e-05 -0.0359315 0.00781036
6.28 1.74079e-05 0.000194526 -0.00154904 -3.0097e-06 -0.038829 0.00486518
6.3 1.86899e-05 8.86118e-05 -0.00166217 7.08864e-05 -0.041805 0.00221622
6.32 2.03184e-05 5.51472e-06 -0.00180454 0.000151519 -0.0459362 0.000137925
6.34 2.24791e-05 -5.22621e-05 -0.00194842 0.000235849 -0.0520633 -0.0013071
6.36 2.46914e-05 -9.32084e-05 -0.00201177 0.000318041 -0.060229 -0.00233118
6.38 2.75143e-05 -0.000129569 -0.00202431 0.000395341 -0.0681316 -0.00324057
6.4 3.00927e-05 -0.000176472 -0.00202684 0.000465021 -0.0718594 -0.00441363
6.42 3.21624e-05 -0.000246641 -0.00197375 0.00052125 -0.0705315 -0.0061686
6.44 3.34005e-05 -0.000340895 -0.00181027 0.000564619 -0.0664429 -0.00852593
6.46 3.33364e-05 -0.00045089 -0.00154942 0.000603612 -0.059919 -0.011277
6.48 3.16988e-05 -0.000561243 -0.0012107 0.000641208 -0.0514473 -0.0140369
6.5 2.80313e-05 -0.00065396 -0.000855477 0.000672214 -0.0425615 -0.0163558
6.52 2.23595e-05 -0.000714226 -0.000553025 0.000689448 -0.0349897 -0.0178631
6.54 1.51474e-05 -0.000730522 -0.000332528 0.000686596 -0.0294588 -0.0182707
6.56 7.37208e-06 -0.000699455 -0.000156008 0.000659458 -0.0250167 -0.0174937
6.58 1.29581e-07 -0.000623739 3.675e-05 0.000604281 -0.0201394 -0.0156
6.6 -5.68857e-06 -0.000519248 0.000282062 0.000520268 -0.0138609 -0.0129866
6.62 -9.82201e-06 -0.000418628 0.000570761 0.000416213 -0.00627863 -0.0104701
6.64 -1.27703e-05 -0.000342046 0.000869753 0.00030542 0.00201145 -0.00855471
6.66 -1.53105e-05 -0.00028506 0.00115104 0.000195806 0.0106378 -0.00712947
6.68 -1.77533e-05 -0.000236085 0.00139858 8.9675e-05 0.0196141 -0.00590459
6.7 -1.99589e-05 -0.000186841 0.00160102 -1.20161e-05 0.0290616 -0.00467298
6.72 -2.18336e-05 -0.000127204 0.00174896 -0.000107972 0.0387407 -0.00318142
6.74 -2.35216e-05 -4.7025e-05 0.00184046 -0.000197134 0.0474836 -0.00117612
6.76 -2.52561e-05 5.35389e-05 0.00188445 -0.000279273 0.0532759 0.00133903
6.78 -2.71327e-05 0.000163688 0.00189278 -0.000355616 0.0545626 0.00409389
6.8 -2.90778e-05 0.000273199 0.00182714 -0.000430116 0.0529209 0.00683283
6.82 -3.09974e-05 0.00037754 0.00172458 -0.000506942 0.050356 0.00944243
6.84 -3.24577e-05 0.000471452 0.00159658 -0.0005818 0.0471547 0.0117912
6.86 -3.28143e-05 0.000545386 0.00144577 -0.000642707 0.0433828 0.0136403
6.88 -3.15637e-05 0.000594566 0.00129284 -0.000682568 0.0395579 0.0148703
6.9 -2.87596e-05 0.000624196 0.00114999 -0.000700843 0.0359848 0.0156114
6.92 -2.47613e-05 0.000643537 0.00100013 -0.000694699 0.0322356 0.0160951
6.94 -1.99442e-05 0.000657576 0.000814121 -0.000659011 0.0275799 0.0164463
6.96 -1.48223e-05 0.000661846 0.000578979 -0.000593843 0.0216862 0.016553
6.98 -9.75801e-06 0.00064588 0.00030749 -0.000506267 0.0148552 0.0161537
7 -4.95416e-06 0.000600466 2.28594e-05 -0.00040649 0.00762656 0.0150179
7.02 -4.15466e-07 0.000524267 -0.00025246 -0.000304095 0.00050095 0.0131121
7.04 3.92688e-06 0.000427814 -0.000501259 -0.0002057 -0.00614905 0.0106998
7.06 8.1334e-06 0.000329448 -0.00071443 -0.000114598 -0.0121195 0.00823963
7.08 1.21887e-05 0.00024426 -0.000891927 -3.15327e-05 -0.0173966 0.00610904
7.1 1.6012e-05 0.000175946 -0.00103763 4.53711e-05 -0.0220394 0.0044005
7.12 1.94776e-05 0.000118043 -0.00115367 0.000120559 -0.0260216 0.0029523
7.14 2.24532e-05 6.14527e-05 -0.00123969 0.000198584 -0.029194 0.00153696
7.16 2.48386e-05 3.66286e-07 -0.00129534 0.000280098 -0.0313731 9.16325e-06
7.18 2.6594e-05 -6.68416e-05 -0.00132009 0.000360052 -0.0323799 -0.00167173
7.2 2.75314e-05 -0.000139841 -0.00130412 0.000431531 -0.0319805 -0.00349749
7.22 2.74209e-05 -0.000218319 -0.00122025 0.000489554 -0.0298828 -0.00546024
7.24 2.63642e-05 -0.000302452 -0.00106383 0.000528241 -0.0259707 -0.00756444
7.26 2.43628e-05 -0.000388873 -0.000852919 0.000540709 -0.0206958 -0.00972588
7.28 2.1372e-05 -0.000466381 -0.000618986 0.000524579 -0.014845 -0.0116644
7.3 1.75213e-05 -0.000519504 -0.000388755 0.000483049 -0.00908687 -0.012993
7.32 1.30201e-05 -0.000536242 -0.000176443 0.000421282 -0.00377687 -0.0134116
7.34 8.22452e-06 -0.000512297 1.45428e-05 0.000342713 0.000999779 -0.0128128
7.36 3.49784e-06 -0.000453484 0.000192062 0.000250773 0.00543962 -0.0113418
7.38 -8.58071e-07 -0.000377284 0.000369465 0.000153932 0.0098767 -0.00943603
7.4 -4.67276e-06 -0.000304356 0.000553206 6.25759e-05 0.0144728 -0.00761206
7.42 -7.90186e-06 -0.000246106 0.000736492 -1.84314e-05 0.0190594 -0.0061552
7.44 -1.06036e-05 -0.000203647 0.000905827 -9.0875e-05 0.0233025 -0.00509329
7.46 -1.28856e-05 -0.000173097 0.00105142 -0.000159104 0.0269626 -0.00432923
7.48 -1.48543e-05 -0.000146524 0.00116884 -0.00022598 0.0299324 -0.00366463
7.5 -1.65853e-05 -0.000112393 0.00125336 -0.000290873 0.032089 -0.00281099
7.52 -1.81317e-05 -6.14374e-05 0.00129714 -0.000349947 0.0332156 -0.00153657
7.54 -1.93468e-05 7.17802e-06 0.00128686 -0.000399418 0.0329585 0.000179527
7.56 -2.02229e-05 8.70644e-05 0.00120555 -0.000437805 0.0309249 0.00217752
7.58 -2.07517e-05 0.000170605 0.00104295 -0.000461813 0.0268583 0.00426691
7.6 -2.06484e-05 0.000252188 0.000816214 -0.000464682 0.0211874 0.00630733
7.62 -1.96334e-05 0.000326876 0.000572768 -0.000442684 0.0150985 0.0081753
7.64 -1.74765e-05 0.000388753 0.000351679 -0.000397998 0.0095676 0.00972287
7.66 -1.41842e-05 0.000431289 0.000162909 -0.0003354 0.00484214 0.0107867
7.68 -1.00465e-05 0.00044777 -1.82512e-06 -0.000258775 0.000712408 0.0111989
7.7 -5.53068e-06 0.000431282 -0.000156525 -0.000169283 -0.00317609 0.0107865
7.72 -1.06744e-06 0.000380143 -0.000313792 -6.93354e-05 -0.0071478 0.00950755
7.74 3.09061e-06 0.00030503 -0.000474838 3.17841e-05 -0.0112486 0.00762894
7.76 6.88057e-06 0.00022349 -0.000627835 0.000122152 -0.0151964 0.00558958
7.78 1.03321e-05 0.000148532 -0.000760356 0.00019563 -0.0186798 0.00371485
7.8 1.34487e-05 8.61578e-05 -0.000870515 0.00025309 -0.0216413 0.00215484
7.82 1.61661e-05 3.75092e-05 -0.000963782 0.000298418 -0.024213 0.000938123
7.84 1.84126e-05 -2.46955e-06 -0.00104148 0.000334948 -0.0264144 -6.17625e-05
7.86 2.01773e-05 -4.54451e-05 -0.00109513 0.000363685 -0.0279729 -0.0011366
7.88 2.14919e-05 -0.000102501 -0.00111036 0.000383289 -0.0284222 -0.00256358
7.9 2.22798e-05 -0.000174963 -0.00106383 0.000392537 -0.0272583 -0.0043759
7.92 2.25416e-05 -0.000254051 -0.000939098 0.000391915 -0.0241388 -0.00635391
7.94 2.21887e-05 -0.000329628 -0.000743207 0.000381096 -0.0192395 -0.00824414
7.96 2.09937e-05 -0.000396096 -0.00051601 0.000357249 -0.0135572 -0.00990653
7.98 1.88227e-05 -0.000450359 -0.00030474 0.000317963 -0.00827325 -0.0112637
8 1.56552e-05 -0.00048852 -0.000129216 0.00026448 -0.0038833 -0.0122181
8.02 1.17373e-05 -0.000506113 1.62646e-05 0.000200413 -0.000244777 -0.0126581
8.04 7.49932e-06 -0.000499556 0.000149471 0.000127468 0.00308678 -0.0124941
8.06 3.39119e-06 -0.000467803 0.00028789 4.63084e-05 0.00654876 -0.0116999
8.08 -3.01577e-07 -0.000415648 0.00043889 -3.7273e-05 0.0103256 -0.0103955
8.1 -3.51516e-06 -0.000352429 0.000594903 -0.000112467 0.0142284 -0.0088144
8.12 -6.34791e-06 -0.000285749 0.000741721 -0.000171257 0.0179031 -0.0071467
8.14 -8.93363e-06 -0.000218264 0.000870663 -0.000212825 0.0211341 -0.00545886
8.16 -1.13618e-05 -0.000149128 0.000979829 -0.000240397 0.0238755 -0.00372974
8.18 -1.36941e-05 -7.65526e-05 0.00106532 -0.000256973 0.0260297 -0.00191461
8.2 -1.6005e-05 -3.8353e-08 0.00111663 -0.000264276 0.0273272 -9.57333e-07
8.22 -1.83504e-05 7.7998e-05 0.00112278 -0.000263315 0.027483 0.00195076
8.24 -2.06411e-05 0.000153125 0.00107846 -0.000255358 0.0263747 0.00382972
8.26 -2.25146e-05 0.000222484 0.00098318 -0.000242748 0.0239917 0.00556443
8.28 -2.3682e-05 0.000287157 0.000849803 -0.000227967 0.0206558 0.00718193
8.3 -2.38969e-05 0.000350897 0.000704601 -0.000211242 0.0170243 0.00877609
8.32 -2.29676e-05 0.000416182 0.00056584 -0.000189823 0.0135538 0.0104089
8.34 -2.09599e-05 0.000481644 0.000433015 -0.000160416 0.0102317 0.0120461
8.36 -1.80898e-05 0.000542361 0.000296479 -0.000122075 0.0068164 0.0135647
8.38 -1.47119e-05 0.000591092 0.000150979 -7.66343e-05 0.00317601 0.0147835
8.4 -1.11721e-05 0.000619607 -3.53104e-06 -2.70059e-05 -0.000692268 0.0154966
8.42 -7.72531e-06 0.000619553 -0.000163915 2.52082e-05 -0.00471349 0.0154953
8.44 -4.48502e-06 0.000584017 -0.000321033 7.82154e-05 -0.00866456 0.0146065
8.46 -1.45616e-06 0.000513301 -0.000459293 0.000124148 -0.012159 0.0128379
8.48 1.42376e-06 0.000419964 -0.00056718 0.000152077 -0.0149045 0.0105035
8.5 4.22948e-06 0.000322076 -0.000646173 0.000159243 -0.0169297 0.00805525
8.52 6.99017e-06 0.000232312 -0.000704065 0.000152476 -0.0184244 0.00581023
8.54 9.66124e-06 0.000156083 -0.000744625 0.000140687 -0.019478 0.0039037
8.56 1.21452e-05 9.47677e-05 -0.000767051 0.000130226 -0.0200631 0.00237018
8.58 1.43329e-05 4.5823e-05 -0.000768738 0.000124016 -0.0201072 0.00114605
8.6 1.60386e-05 1.83763e-06 -0.000741524 0.000121551 -0.0194266 4.59623e-05
8.62 1.71029e-05 -4.61467e-05 -0.000673511 0.000120382 -0.0177255 -0.00115415
8.64 1.74793e-05 -0.000103636 -0.000561581 0.000118419 -0.0149261 -0.00259197
8.66 1.70885e-05 -0.000171294 -0.000419574 0.000113931 -0.0113745 -0.00428413
8.68 1.58945e-05 -0.000246484 -0.000266744 0.000104274 -0.00755211 -0.00616468
8.7 1.3961e-05 -0.00032406 -0.000113732 8.68429e-05 -0.00372522 -0.00810486
8.72 1.14399e-05 -0.000395872 3.59919e-05 6.16582e-05 1.94319e-05 -0.00990092
8.74 8.57706e-06 -0.000451764 0.000180428 3.17639e-05 0.00363185 -0.0112988
8.76 5.63242e-06 -0.000482947 0.000320326 8.00476e-07 0.00713075 -0.0120787
8.78 2.81197e-06 -0.000484272 0.000459012 -2.96222e-05 0.0105994 -0.0121118
8.8 2.15281e-07 -0.000453514 0.000595344 -5.9394e-05 0.0140093 -0.0113426
8.82 -2.16399e-06 -0.000392605 0.000718915 -8.4738e-05 0.0171006 -0.00981921
8.84 -4.40324e-06 -0.000312588 0.000818127 -9.87717e-05 0.0195833 -0.00781795
8.86 -6.60042e-06 -0.000230003 0.000891063 -0.000100633 0.0214094 -0.00575246
8.88 -8.81691e-06 -0.000155625 0.00094212 -9.67826e-05 0.0226886 -0.00389225
8.9 -1.10419e-05 -9.23358e-05 0.000972292 -9.37795e-05 0.023445 -0.00230935
8.92 -1.31999e-05 -4.02426e-05 0.000977998 -9.48945e-05 0.0235881 -0.00100648
8.94 -1.51317e-05 2.88636e-06 0.000953839 -0.000100997 0.0229838 7.21911e-05
8.96 -1.65875e-05 4.38082e-05 0.000892497 -0.000111253 0.0214497 0.00109566
8.98 -1.74285e-05 9.02866e-05 0.000794346 -0.000123383 0.0189949 0.00225811
9 -1.75547e-05 0.000144861 0.000673538 -0.000134383 0.0159734 0.00362303
9.02 -1.68953e-05 0.000204303 0.000544966 -0.000140923 0.0127577 0.0051097
9.04 -1.55072e-05 0.000264807 0.000409853 -0.000139276 0.00937847 0.00662293
9.06 -1.35035e-05 0.00032481 0.000258976 -0.000126433 0.00560476 0.00812363
9.08 -1.10522e-05 0.000381927 8.84945e-05 -0.000102633 0.00133993 0.00955216
9.1 -8.30852e-06 0.000429407 -9.28846e-05 -7.21271e-05 -0.00320032 0.0107397
9.12 -5.40485e-06 0.000457159 -0.000267975 -4.0137e-05 -0.00759027 0.0114337
9.14 -2.45412e-06 0.000455879 -0.000420541 -8.50667e-06 -0.0114281 0.0114017
9.16 4.39732e-07 0.000421445 -0.000543881 2.32625e-05 -0.0145467 0.0105405
9.18 3.18667e-06 0.000360364 -0.000643519 5.2132e-05 -0.0170828 0.00901285
9.2 5.71793e-06 0.000291008 -0.000732319 7.29386e-05 -0.0193613 0.00727823
9.22 8.00041e-06 0.000232141 -0.000819908 8.57652e-05 -0.021632 0.00580594
9.24 1.00373e-05 0.000188519 -0.000904385 9.61773e-05 -0.0238514 0.00471494
9.26 1.18517e-05 0.000150034 -0.000974829 0.00010965 -0.0257308 0.0037524
9.28 1.34667e-05 0.00010396 -0.00101967 0.000128437 -0.0269441 0.00260007
9.3 1.49041e-05 4.75827e-05 -0.00103085 0.000151614 -0.0272487 0.00119006
9.32 1.60913e-05 -1.04186e-05 -0.00100015 0.000176231 -0.026481 -0.000260572
9.34 1.69437e-05 -5.99908e-05 -0.000922476 0.000198558 -0.0245383 -0.00150039
9.36 1.74022e-05 -9.97451e-05 -0.000803991 0.000214695 -0.021575 -0.00249466
9.38 1.72791e-05 -0.000136651 -0.000665477 0.000221378 -0.0181107 -0.0034177
9.4 1.63906e-05 -0.000177917 -0.000527564 0.00021696 -0.0146614 -0.00444977
9.42 1.46894e-05 -0.000224725 -0.000396591 0.00020152 -0.0113857 -0.00562046
9.44 1.23073e-05 -0.000271659 -0.000268663 0.000176545 -0.00818622 -0.00679431
9.46 9.52933e-06 -0.000309795 -0.000138294 0.000144609 -0.00492564 -0.0077481
9.48 6.64999e-06 -0.000330888 -1.26761e-06 0.00010879 -0.00149854 -0.00827565
9.5 3.86781e-06 -0.000330178 0.000143955 7.15506e-05 0.00213356 -0.00825789
9.52 1.25397e-06 -0.000306637 0.000292578 3.42737e-05 0.00585076 -0.00766911
9.54 -1.20928e-06 -0.000262465 0.000432913 -1.27876e-06 0.00936086 -0.00656435
9.56 -3.57961e-06 -0.000203745 0.000553184 -3.26923e-05 0.0123696 -0.00509574
9.58 -5.92163e-06 -0.000138942 0.000648565 -5.91076e-05 0.0147563 -0.003475
9.6 -8.28287e-06 -7.49304e-05 0.000719682 -8.18435e-05 0.0165367 -0.00187404
9.62 -1.06638e-05 -1.61421e-05 0.000766835 -0.000102805 0.0177177 -0.000403718
9.64 -1.29942e-05 3.33156e-05 0.000788914 -0.000123354 0.0182708 0.000833238
9.66 -1.51359e-05 7.01795e-05 0.000786517 -0.000143981 0.0182109 0.00175522
9.68 -1.68808e-05 9.5996e-05 0.000761242 -0.00016401 0.0175787 0.0024009
9.7 -1.79679e-05 0.000118353 0.000711241 -0.000181309 0.0163282 0.00296007
9.72 -1.82591e-05 0.000146202 0.000636428 -0.000192488 0.0144571 0.00365658
9.74 -1.76957e-05 0.000183832 0.000541593 -0.000194054 0.0120852 0.00459771
9.76 -1.62786e-05 0.00022827 0.000429644 -0.000183765 0.00928535 0.00570912
9.78 -1.41214e-05 0.000270524 0.000299675 -0.000161285 0.00603474 0.00676591
9.8 -1.13763e-05 0.000298902 0.000153754 -0.00012824 0.00238509 0.00747567
9.82 -8.22033e-06 0.000303307 2.49444e-06 -8.73088e-05 -0.00139852 0.00758583
9.84 -4.80182e-06 0.000280269 -0.000140227 -4.14439e-05 -0.00496973 0.00700965
9.86 -1.24871e-06 0.000235832 -0.00026584 5.35323e-06 -0.00811521 0.00589827
9.88 2.30752e-06 0.000181386 -0.000375001 4.84944e-05 -0.0108523 0.00453655
9.9 5.71273e-06 0.000125202 -0.000474667 8.51544e-05 -0.0133563 0.00313136
9.92 8.81128e-06 6.97382e-05 -0.000571447 0.000115291 -0.0157953 0.00174418
9.94 1.1493e-05 1.57679e-05 -0.000665917 0.000140705 -0.0181868 0.000394364
9.96 1.3733e-05 -3.46772e-05 -0.000751225 0.000163566 -0.0203595 -0.000867288
9.98 1.55802e-05 -7.95784e-05 -0.000816955 0.00018509 -0.0220453 -0.00199029
10 1.70979e-05 -0.000118952 -0.00085577 0.000204793 -0.0230469 -0.00297505
10.02 1.83097e-05 -0.000154919 -0.000867048 0.000220977 -0.0233389 -0.0038746
10.04 1.91622e-05 -0.000190034 -0.000852624 0.000232214 -0.0229781 -0.00475282
10.06 1.95923e-05 -0.00022492 -0.000809154 0.000237758 -0.0218909 -0.00562535
10.08 1.95667e-05 -0.000256773 -0.000730305 0.000236417 -0.0199189 -0.00642201
10.1 1.90021e-05 -0.000280373 -0.000620306 0.000226693 -0.0171677 -0.00701224
10.12 1.77933e-05 -0.000291214 -0.000496186 0.000208237 -0.0140634 -0.00728338
10.14 1.58561e-05 -0.000288026 -0.000374332 0.000181867 -0.0110158 -0.00720364
10.16 1.31747e-05 -0.000272825 -0.000261902 0.00014864 -0.00820392 -0.00682347
10.18 9.86479e-06 -0.000249354 -0.000158059 0.000110476 -0.00560675 -0.00623645
10.2 6.15558e-06 -0.00022043 -5.58339e-05 7.0656e-05 -0.00305006 -0.00551305
10.22 2.31649e-06 -0.000185838 5.51792e-05 3.21876e-05 -0.000273571 -0.00464788
10.24 -1.42506e-06 -0.000143883 0.000180056 -3.31932e-06 0.00284966 -0.00359856
10.26 -4.92119e-06 -9.44152e-05 0.000311402 -3.50825e-05 0.00613472 -0.00236136
10.28 -8.10448e-06 -3.9255e-05 0.00043445 -6.2596e-05 0.00921232 -0.000981782
10.3 -1.09602e-05 1.8782e-05 0.00053842 -8.56093e-05 0.011813 0.000469749
10.32 -1.34846e-05 7.61875e-05 0.00062021 -0.000104106 0.0138591 0.00190548
10.34 -1.56567e-05 0.000129319 0.000678981 -0.000118337 0.0153296 0.00323433
10.36 -1.74408e-05 0.000175625 0.000711623 -0.000128988 0.0161466 0.00439247
10.38 -1.87964e-05 0.000214009 0.000714335 -0.000136926 0.0162144 0.00535247
10.4 -1.96484e-05 0.00024403 0.000683801 -0.000142527 0.0154508 0.00610328
10.42 -1.98194e-05 0.000265325 0.000616837 -0.000145078 0.013776 0.00663589
10.44 -1.9201e-05 0.000278173 0.000520841 -0.000143129 0.0113751 0.00695721
10.46 -1.77397e-05 0.00028361 0.00041179 -0.000135679 0.00864765 0.00709322
10.48 -1.5429e-05 0.000281926 0.000298108 -0.000122056 0.00580442 0.00705108
10.5 -1.23924e-05 0.000271871 0.000177999 -0.000101144 0.0028004 0.00679962
10.52 -8.81583e-06 0.000252866 4.87076e-05 -7.25707e-05 -0.000433394 0.0063243
10.54 -4.93712e-06 0.000227172 -8.73681e-05 -3.83184e-05 -0.00383737 0.00568167
10.56 -9.73306e-07 0.000197662 -0.000227376 -1.82653e-06 -0.00734114 0.00494361
10.58 2.89396e-06 0.000164372 -0.000369468 3.39372e-05 -0.0109007 0.004111
10.6 6.51615e-06 0.000124534 -0.000508145 6.71985e-05 -0.0143823 0.00311465
10.62 9.77591e-06 7.51278e-05 -0.000633316 9.72084e-05 -0.0175372 0.00187898
10.64 1.26105e-05 1.56832e-05 -0.000735623 0.000123787 -0.0201308 0.000392246
10.66 1.5017e-05 -4.97373e-05 -0.000809684 0.000146838 -0.0220209 -0.00124395
10.68 1.70199e-05 -0.000112702 -0.000853238 0.000166371 -0.0231391 -0.00281873
10.7 1.8621e-05 -0.000164089 -0.000867329 0.000183041 -0.0235021 -0.00410392
10.72 1.97763e-05 -0.00019948 -0.000856508 0.000198185 -0.0232315 -0.00498908
10.74 2.03162e-05 -0.000221306 -0.000821408 0.00021273 -0.0223536 -0.00553496
10.76 2.01157e-05 -0.00023559 -0.000756826 0.000225638 -0.0207384 -0.00589219
10.78 1.91671e-05 -0.000247094 -0.000660981 0.000234157 -0.0183413 -0.00617993
10.8 1.7454e-05 -0.00025705 -0.000539012 0.000235874 -0.0152908 -0.00642893
10.82 1.50186e-05 -0.000264343 -0.000399044 0.000229216 -0.0117901 -0.00661133
10.84 1.19593e-05 -0.000267416 -0.000247645 0.000212726 -0.00800355 -0.00668818
10.86 8.42613e-06 -0.000264731 -9.07075e-05 0.000185475 -0.00407847 -0.00662104
10.88 4.6171e-06 -0.0002544 6.57628e-05 0.000148452 -0.000165082 -0.00636264
10.9 7.45802e-07 -0.000233339 0.000218447 0.000104909 0.00365363 -0.00583591
10.92 -2.99514e-06 -0.000197379 0.000365207 5.87588e-05 0.00732424 -0.00493653
10.94 -6.4642e-06 -0.000144726 0.000500633 1.31283e-05 0.0107116 -0.00361966
10.96 -9.58454e-06 -8.03861e-05 0.000617327 -2.98247e-05 0.0136308 -0.00201049
10.98 -1.2337e-05 -1.53047e-05 0.000712349 -6.87607e-05 0.0160087 -0.000382775
11 -1.47247e-05 3.98568e-05 0.00078828 -0.000103076 0.0179098 0.000996837
11.02 -1.67337e-05 8.03624e-05 0.000846934 -0.00013278 0.0193793 0.0020099
11.04 -1.8323e-05 0.000108821 0.00088475 -0.000158362 0.0203274 0.00272165
11.06 -1.94481e-05 0.000133015 0.000894508 -0.00018047 0.0205721 0.00332676
11.08 -1.9986e-05 0.000161199 0.000864472 -0.000199497 0.0198209 0.00403166
11.1 -1.98312e-05 0.000196507 0.000782463 -0.000214639 0.0177698 0.00491473
11.12 -1.8968e-05 0.000234696 0.000652491 -0.000223505 0.0145192 0.00586984
11.14 -1.73478e-05 0.000267127 0.000496423 -0.000223874 0.0106158 0.00668096
11.16 -1.49576e-05 0.000286656 0.000335467 -0.000214683 0.00659023 0.00716939
11.18 -1.18699e-05 0.000291458 0.000176433 -0.000195171 0.00261252 0.00728948
11.2 -8.24823e-06 0.000283567 1.7225e-05 -0.000164196 -0.00137021 0.00709212
11.22 -4.33755e-06 0.00026558 -0.000142691 -0.00012122 -0.00537264 0.00664226
11.24 -3.9339e-07 0.000239787 -0.000302414 -6.84571e-05 -0.0093753 0.00599718
11.26 3.37372e-06 0.000208105 -0.000461031 -1.06243e-05 -0.0133614 0.00520478
11.28 6.8219e-06 0.000171403 -0.000614309 4.77149e-05 -0.0172344 0.00428685
11.3 9.86936e-06 0.000131056 -0.000754083 0.000103624 -0.0207991 0.00327778
11.32 1.2483e-05 9.09269e-05 -0.00087493 0.00015532 -0.0239234 0.00227412
11.34 1.46663e-05 5.50873e-05 -0.000977138 0.000201391 -0.0266126 0.00137776
11.36 1.64442e-05 2.30853e-05 -0.00105994 0.000240687 -0.0288358 0.000577375
11.38 1.78473e-05 -1.07769e-05 -0.00111602 0.000272651 -0.0303714 -0.000269531
11.4 1.89092e-05 -5.23352e-05 -0.00113626 0.000297552 -0.0309325 -0.00130892
11.42 1.96064e-05 -0.000101854 -0.00111302 0.000316354 -0.0303514 -0.00254741
11.44 1.98167e-05 -0.000152678 -0.00103939 0.000329697 -0.0285097 -0.00381854
11.46 1.94909e-05 -0.000194649 -0.000918845 0.000336614 -0.0254949 -0.00486826
11.48 1.85352e-05 -0.000219228 -0.000770283 0.000335015 -0.0217793 -0.00548299
11.5 1.68135e-05 -0.000224557 -0.000614337 0.000323141 -0.017879 -0.00561626
11.52 1.42864e-05 -0.000218129 -0.000457709 0.000299715 -0.0139617 -0.00545549
11.54 1.10048e-05 -0.000211709 -0.000295998 0.000263454 -0.0099172 -0.00529493
11.56 7.17548e-06 -0.000211123 -0.000127689 0.000214013 -0.00570773 -0.00528028
11.58 3.09066e-06 -0.000212376 4.40815e-05 0.000153752 -0.00141164 -0.0053116
11.6 -9.42479e-07 -0.000208068 0.000218435 8.74086e-05 0.00294915 -0.00520386
11.62 -4.67555e-06 -0.000194556 0.000395578 1.99708e-05 0.00738026 -0.00486593
11.64 -7.9461e-06 -0.000171794 0.000569483 -4.45478e-05 0.0117321 -0.00429663
11.66 -1.06909e-05 -0.000139668 0.000729356 -0.000103017 0.0157373 -0.00349316
11.68 -1.29392e-05 -9.75086e-05 0.000867387 -0.000153104 0.0192037 -0.00243873
11.7 -1.47854e-05 -4.63214e-05 0.000979727 -0.000193663 0.022037 -0.00115852
11.72 -1.63446e-05 1.00278e-05 0.00106218 -0.00022498 0.0241285 0.000250802
11.74 -1.77142e-05 6.54199e-05 0.00111088 -0.000248421 0.0253707 0.00163618
11.76 -1.89518e-05 0.000113234 0.00112595 -0.000265577 0.0257565 0.00283203
11.78 -2.00096e-05 0.000149269 0.00110729 -0.000277461 0.0252897 0.00373329
11.8 -2.06537e-05 0.000174396 0.00104397 -0.000283941 0.0237062 0.00436171
11.82 -2.07195e-05 0.000194437 0.000927507 -0.000283585 0.0207933 0.00486294
11.84 -2.00289e-05 0.000216189 0.000769644 -0.000274388 0.0168451 0.00540697
11.86 -1.83949e-05 0.000242574 0.000594512 -0.000254593 0.012465 0.00606687
11.88 -1.58073e-05 0.000271509 0.000419775 -0.000222935 0.00809464 0.00679056
11.9 -1.23925e-05 0.000297868 0.000249304 -0.000179009 0.00383063 0.00744981
11.92 -8.45315e-06 0.000315477 7.98648e-05 -0.000123726 -0.000408758 0.00789021
11.94 -4.34365e-06 0.000318975 -9.53808e-05 -5.96465e-05 -0.00479685 0.0079777
11.96 -3.74185e-07 0.000306168 -0.000282155 8.57895e-06 -0.00948298 0.0076574
11.98 3.26296e-06 0.000278619 -0.000477047 7.50206e-05 -0.014396 0.00696839
12 6.49516e-06 0.00023979 -0.000666002 0.000134708 -0.0192066 0.00599725
12.02 9.34073e-06 0.000194215 -0.000835014 0.000185006 -0.0235845 0.0048574
12.04 1.18509e-05 0.000148043 -0.000979979 0.000225263 -0.0274373 0.00370261
12.06 1.40618e-05 0.000107035 -0.00110362 0.000255999 -0.030837 0.002677
12.08 1.59882e-05 7.23325e-05 -0.00120631 0.000278596 -0.033779 0.00180907
12.1 1.76478e-05 3.95877e-05 -0.00128332 0.000295048 -0.0360831 0.000990107
12.12 1.90723e-05 3.22582e-06 -0.00132868 0.000307207 -0.037491 8.06812e-05
12.14 2.02931e-05 -3.9061e-05 -0.00133838 0.000315964 -0.0377977 -0.000976931
12.16 2.12041e-05 -8.56151e-05 -0.00130238 0.000321139 -0.0368972 -0.00214127
12.18 2.15606e-05 -0.000132267 -0.00121204 0.000321756 -0.0346378 -0.00330805
12.2 2.12703e-05 -0.000174788 -0.00107288 0.000316069 -0.0311575 -0.00437151
12.22 2.02157e-05 -0.000210911 -0.000908401 0.000301992 -0.0270438 -0.00527498
12.24 1.82761e-05 -0.000240848 -0.000738994 0.000278037 -0.0228068 -0.00602371
12.26 1.54974e-05 -0.000265787 -0.000568222 0.000243864 -0.0185357 -0.00664745
12.28 1.2032e-05 -0.000284724 -0.000390821 0.000200412 -0.0140988 -0.00712105
12.3 8.16645e-06 -0.000293464 -0.000205263 0.000149638 -0.00945793 -0.00733965
12.32 4.19572e-06 -0.000287485 -1.42523e-05 9.44344e-05 -0.0046805 -0.00719012
12.34 3.57797e-07 -0.000265863 0.000177571 3.89866e-05 0.000117907 -0.00664934
12.36 -3.20527e-06 -0.000232149 0.000362922 -1.20383e-05 0.00475636 -0.00580613
12.38 -6.42352e-06 -0.000192359 0.000534275 -5.53432e-05 0.00904938 -0.00481098
12.4 -9.26772e-06 -0.000152737 0.000689548 -8.98563e-05 0.0129491 -0.00382002
12.42 -1.17268e-05 -0.000117467 0.000831457 -0.000116344 0.01653 -0.00293789
12.44 -1.38133e-05 -8.64012e-05 0.000959339 -0.000136756 0.0197825 -0.00216093
12.46 -1.55737e-05 -5.55771e-05 0.00106462 -0.000153596 0.0224911 -0.00139
12.48 -1.70751e-05 -2.10898e-05 0.00113632 -0.000169014 0.0243601 -0.000527462
12.5 -1.83677e-05 1.75807e-05 0.00116869 -0.000183868 0.0252127 0.000439702
12.52 -1.94458e-05 5.77652e-05 0.00116164 -0.000197569 0.0250363 0.00144473
12.54 -2.00824e-05 9.58054e-05 0.00110849 -0.000208927 0.023707 0.00239614
12.56 -2.01523e-05 0.00012901 0.00100297 -0.000216036 0.0210679 0.00322659
12.58 -1.95376e-05 0.000156609 0.000854486 -0.000215787 0.0173543 0.00391685
12.6 -1.80364e-05 0.000179071 0.000688887 -0.000205635 0.0132125 0.00447864
12.62 -1.5596e-05 0.000196907 0.000526847 -0.000184723 0.00915986 0.00492473
12.64 -1.22663e-05 0.000209839 0.000370369 -0.000153223 0.00524615 0.00524816
12.66 -8.30526e-06 0.000216391 0.00021582 -0.000112101 0.00138034 0.00541204
12.68 -4.08168e-06 0.000214523 5.9596e-05 -6.37694e-05 -0.00252835 0.0053653
12.7 2.94814e-08 0.000203306 -0.000105497 -1.25233e-05 -0.00666173 0.00508476
12.72 3.75493e-06 0.000184539 -0.00028586 3.68043e-05 -0.0111851 0.0046154
12.74 6.94198e-06 0.000162267 -0.000476407 8.09362e-05 -0.0159831 0.00405837
12.76 9.54904e-06 0.000139676 -0.00066112 0.000118845 -0.0206738 0.00349337
12.78 1.16196e-05 0.000116145 -0.000823647 0.000150907 -0.0248625 0.00290485
12.8 1.32511e-05 8.86632e-05 -0.000953432 0.00017793 -0.0282777 0.00221751
12.82 1.45574e-05 5.66329e-05 -0.00104468 0.00020103 -0.0307356 0.00141642
12.84 1.5634e-05 2.3929e-05 -0.00109537 0.000221843 -0.0321281 0.000598476
12.86 1.65317e-05 -4.0287e-06 -0.00110741 0.00024198 -0.0324623 -0.000100757
12.88 1.71439e-05 -2.43607e-05 -0.00107838 0.000262069 -0.0317364 -0.000609269
12.9 1.72444e-05 -3.83137e-05 -0.00100069 0.000281129 -0.0297933 -0.00095824
12.92 1.67075e-05 -5.03976e-05 -0.000875442 0.000296405 -0.0266607 -0.00126046
12.94 1.5406e-05 -6.51799e-05 -0.000718982 0.000304074 -0.0227476 -0.00163017
12.96 1.32482e-05 -8.47522e-05 -0.000550434 0.000300371 -0.0185321 -0.00211969
12.98 1.03e-05 -0.00010885 -0.000379704 0.000282395 -0.0142621 -0.00272239
13 6.75886e-06 -0.000134896 -0.00020947 0.000248982 -0.0100044 -0.0033738
13.02 2.94675e-06 -0.000157075 -4.0654e-05 0.000201458 -0.00578224 -0.0039285
13.04 -8.05409e-07 -0.000167049 0.00012952 0.000143377 -0.00152588 -0.00417797
13.06 -4.23964e-06 -0.000158773 0.000304359 7.964e-05 0.00284782 -0.00397098
13.08 -7.21957e-06 -0.000133438 0.000479868 1.56331e-05 0.00724053 -0.00333733
13.1 -9.72813e-06 -9.86229e-05 0.000645203 -4.38965e-05 0.0113843 -0.0024666
13.12 -1.18329e-05 -6.27133e-05 0.000791919 -9.58382e-05 0.0150723 -0.00156848
13.14 -1.36217e-05 -3.11652e-05 0.000917966 -0.000139017 0.0182575 -0.000779452
13.16 -1.51509e-05 -6.67956e-06 0.00102298 -0.00017415 0.0209325 -0.000167056
13.18 -1.64407e-05 1.0063e-05 0.00110446 -0.000203411 0.0230291 0.000251682
13.2 -1.74979e-05 2.05358e-05 0.0011588 -0.000229116 0.024442 0.00051361
13.22 -1.83241e-05 2.77734e-05 0.00118207 -0.000252159 0.0250514 0.000694626
13.24 -1.88451e-05 3.51605e-05 0.00116555 -0.000271766 0.0246383 0.000879381
13.26 -1.88317e-05 4.59526e-05 0.00109237 -0.000286236 0.0228079 0.0011493
13.28 -1.81311e-05 6.41006e-05 0.000960444 -0.000292959 0.0195084 0.00160319
13.3 -1.66304e-05 9.31192e-05 0.000789513 -0.000288581 0.0152334 0.00232895
13.32 -1.42375e-05 0.00013281 0.000602076 -0.000270225 0.0105455 0.00332163
13.34 -1.10305e-05 0.000177039 0.000409639 -0.000236764 0.00573247 0.00442782
13.36 -7.2301e-06 0.000214638 0.000215013 -0.000189261 0.000864312 0.00536819
13.38 -3.19517e-06 0.000234304 2.16775e-05 -0.000130471 -0.00397307 0.00586005
13.4 7.08143e-07 0.000230798 -0.000169082 -6.3974e-05 -0.00875041 0.00577236
13.42 4.20029e-06 0.000208826 -0.000358712 5.95104e-06 -0.0135105 0.00522283
13.44 7.13463e-06 0.000180668 -0.00054533 7.44498e-05 -0.0182193 0.00451859
13.46 9.48165e-06 0.000157803 -0.000721588 0.000137406 -0.0227116 0.00394673
13.48 1.12971e-05 0.000143536 -0.000880979 0.000192565 -0.0268434 0.00358989
13.5 1.26825e-05 0.00013327 -0.00102041 0.000239307 -0.0305502 0.00333313
13.52 1.37579e-05 0.00012095 -0.00113489 0.000278086 -0.0336945 0.003025
13.54 1.46465e-05 0.000104432 -0.00121506 0.000310081 -0.0359749 0.00261188
13.56 1.54516e-05 8.50116e-05 -0.00125267 0.000336462 -0.0370733 0.00212618
13.58 1.6102e-05 6.3169e-05 -0.00124171 0.000357568 -0.0367992 0.00157989
13.6 1.64467e-05 3.61162e-05 -0.00117384 0.000372946 -0.0351016 0.000903285
13.62 1.63943e-05 -6.26703e-07 -0.00104739 0.000380825 -0.0319392 -1.56719e-05
13.64 1.57605e-05 -4.8698e-05 -0.000871271 0.000378262 -0.0275343 -0.00121795
13.66 1.43867e-05 -0.000103907 -0.000670182 0.000363065 -0.022505 -0.00259876
13.68 1.2235e-05 -0.00015787 -0.000466382 0.000333645 -0.0174079 -0.00394839
13.7 9.38586e-06 -0.000202787 -0.000271467 0.000288534 -0.0125329 -0.0050718
13.72 6.07792e-06 -0.000235697 -9.2806e-05 0.000228185 -0.00806443 -0.00589488
13.74 2.64365e-06 -0.000258096 6.96888e-05 0.000156021 -0.00399991 -0.00645508
13.76 -5.79934e-07 -0.000272333 0.000229667 7.73106e-05 2.62073e-06 -0.00681115
13.78 -3.3372e-06 -0.000279758 0.000404336 -2.17473e-06 0.00437565 -0.00699687
13.8 -5.50122e-06 -0.000281778 0.00059721 -7.67793e-05 0.00921381 -0.00704737
13.82 -7.10216e-06 -0.000280137 0.000795914 -0.00014198 0.0142239 -0.00700635
13.84 -8.30712e-06 -0.000275434 0.000983439 -0.000195333 0.019008 -0.00688873
13.86 -9.33671e-06 -0.000266636 0.00114626 -0.000236377 0.0232553 -0.00666869
13.88 -1.03622e-05 -0.000252607 0.0012752 -0.00026593 0.0267343 -0.0063178
13.9 -1.14583e-05 -0.000233249 0.00136578 -0.000285683 0.0292797 -0.00583366
13.92 -1.26295e-05 -0.000208628 0.0014186 -0.000298084 0.0308193 -0.00521787
13.94 -1.38591e-05 -0.000177287 0.00143545 -0.000305426 0.0313212 -0.00443403
13.96 -1.51366e-05 -0.000136314 0.00140973 -0.000308474 0.0306781 -0.00340926
13.98 -1.62227e-05 -8.40751e-05 0.00132542 -0.000306487 0.0285695 -0.00210275
14 -1.67204e-05 -2.36832e-05 0.0011809 -0.000298177 0.0249549 -0.000592326
14.02 -1.64731e-05 3.68853e-05 0.00101033 -0.000281795 0.0206889 0.000922519
14.04 -1.53836e-05 8.78714e-05 0.000849529 -0.00025502 0.0166672 0.0021977
14.06 -1.34522e-05 0.000124523 0.000705889 -0.000215871 0.0130747 0.00311436
14.08 -1.08994e-05 0.000153234 0.000566043 -0.000164007 0.00957694 0.00383245
14.1 -8.02554e-06 0.000187613 0.000408655 -0.000101604 0.00564021 0.00469227
14.12 -5.13773e-06 0.000236114 0.000218047 -3.37021e-05 0.000871416 0.0059053
14.14 -2.44402e-06 0.000293132 -5.80579e-06 3.27135e-05 -0.0047337 0.00733136
14.16 -5.50012e-08 0.000342515 -0.000240772 9.1384e-05 -0.0106317 0.00856646
14.18 2.00518e-06 0.000368942 -0.000453744 0.000139482 -0.0160089 0.00922741
14.2 3.77123e-06 0.000367381 -0.000622307 0.000177376 -0.0203084 0.00918836
14.22 5.30234e-06 0.000344084 -0.000745279 0.000205934 -0.0234867 0.00860569
14.24 6.64808e-06 0.000308927 -0.000833617 0.000224973 -0.0258022 0.00772641
14.26 7.84608e-06 0.00026787 -0.0008976 0.000234584 -0.0275015 0.00669954
14.28 8.93864e-06 0.000224166 -0.00094334 0.00023774 -0.0287303 0.00560648
14.3 9.98257e-06 0.000183045 -0.000972713 0.000239574 -0.0295266 0.00457803
14.32 1.09939e-05 0.00014992 -0.00097942 0.000242889 -0.0297092 0.00374956
14.34 1.18488e-05 0.000123938 -0.000945969 0.000245802 -0.0288726 0.00309975
14.36 1.2507e-05 9.61607e-05 -0.000857779 0.000243776 -0.0266669 0.00240502
14.38 1.28504e-05 5.49995e-05 -0.0007147 0.000232543 -0.0230885 0.00137556
14.4 1.2643e-05 -7.16496e-06 -0.000536409 0.000209496 -0.0186293 -0.000179196
14.42 1.17578e-05 -9.03559e-05 -0.000347906 0.000174051 -0.0139148 -0.00225984
14.44 1.01696e-05 -0.000184845 -0.000162652 0.000127813 -0.00928152 -0.00462306
14.46 8.03471e-06 -0.000272438 1.2463e-05 7.4525e-05 -0.00490178 -0.00681378
14.48 5.60753e-06 -0.000334927 0.000172228 1.96993e-05 -0.000905792 -0.00837666
14.5 3.16069e-06 -0.000364503 0.00031528 -3.05586e-05 0.00267263 -0.00911636
14.52 8.99393e-07 -0.000366181 0.000445876 -7.20569e-05 0.00594047 -0.00915834
14.54 -1.05862e-06 -0.00035082 0.000568941 -0.000104795 0.00902192 -0.00877416
14.56 -2.68177e-06 -0.000327189 0.000685931 -0.000131601 0.0119551 -0.00818313
14.58 -4.01513e-06 -0.000299746 0.000795751 -0.000153427 0.0147148 -0.00749676
14.6 -5.17101e-06 -0.000271683 0.000896358 -0.000168409 0.0172526 -0.00679491
14.62 -6.29822e-06 -0.00024703 0.000982049 -0.00017621 0.0194256 -0.00617833
14.64 -7.52641e-06 -0.000226908 0.00103969 -0.000179457 0.0208961 -0.00567506
14.66 -8.91171e-06 -0.000204452 0.00105169 -0.000180668 0.0212032 -0.00511343
14.68 -1.03026e-05 -0.000166938 0.000999686 -0.000180029 0.0199027 -0.00417519
14.7 -1.14709e-05 -0.000105836 0.000875024 -0.000175816 0.0167848 -0.00264701
14.72 -1.21735e-05 -2.43369e-05 0.0006956 -0.000166056 0.0122974 -0.000608675
14.74 -1.21479e-05 6.5921e-05 0.000506134 -0.000149603 0.00755872 0.00164871
14.76 -1.12987e-05 0.000153172 0.000344595 -0.000126091 0.00351853 0.00383091
14.78 -9.71572e-06 0.000228837 0.000214289 -9.56899e-05 0.000259374 0.00572331
14.8 -7.66114e-06 0.000286674 9.55191e-05 -5.92317e-05 -0.0027115 0.00716985
14.82 -5.47749e-06 0.000324031 -3.00374e-05 -1.8429e-05 -0.00585276 0.00810416
14.84 -3.44365e-06 0.000343214 -0.000169326 2.41392e-05 -0.0093393 0.00858392
14.86 -1.67275e-06 0.000348777 -0.000318539 6.57233e-05 -0.0130785 0.00872306
14.88 -1.16704e-07 0.000344353 -0.000465398 0.000104504 -0.0167674 0.00861242
14.9 1.34652e-06 0.000333125 -0.000596386 0.000139283 -0.0200713 0.00833159
14.92 2.82816e-06 0.000317385 -0.000705725 0.00016791 -0.0228458 0.00793794
14.94 4.39984e-06 0.000294306 -0.000793421 0.000187268 -0.0250878 0.00736072
14.96 6.09868e-06 0.000256783 -0.00085465 0.000195867 -0.0266652 0.00642226
14.98 7.93214e-06 0.000202558 -0.000877959 0.000196165 -0.0272689 0.00506605
15 9.86222e-06 0.000139021 -0.000854313 0.000192847 -0.0266774 0.00347698
15.02 1.16897e-05 7.69931e-05 -0.000782578 0.000189142 -0.0248833 0.00192563
15.04 1.3085e-05 2.15728e-05 -0.000670645 0.000185712 -0.0220838 0.000539547
15.06 1.37957e-05 -3.12125e-05 -0.000537343 0.000181508 -0.0187499 -0.000780634
15.08 1.36231e-05 -9.02591e-05 -0.000402272 0.000174466 -0.0153717 -0.00225742
15.1 1.25275e-05 -0.000160808 -0.000274163 0.00016197 -0.0121677 -0.00402188
15.12 1.07142e-05 -0.000238111 -0.000150009 0.000141628 -0.00906252 -0.00595526
15.14 8.51649e-06 -0.000309543 -1.93718e-05 0.00011234 -0.00579521 -0.0077418
15.16 6.28204e-06 -0.000362901 0.000126874 7.52738e-05 -0.00213746 -0.00907631
15.18 4.22529e-06 -0.000392365 0.00028927 3.38857e-05 0.00192445 -0.00981321
15.2 2.38598e-06 -0.000398333 0.000457592 -7.81475e-06 0.00613563 -0.00996248
15.22 6.62466e-07 -0.000383902 0.000616703 -4.78597e-05 0.0101192 -0.00960154
15.24 -1.10142e-06 -0.000352065 0.00075405 -8.54743e-05 0.0135637 -0.00880529
15.26 -3.03862e-06 -0.00030662 0.000862015 -0.000116986 0.0162793 -0.00766868
15.28 -5.21112e-06 -0.000254493 0.000937843 -0.000137298 0.0181936 -0.00636497
15.3 -7.59533e-06 -0.000203119 0.000983743 -0.000146103 0.0193566 -0.00508008
15.32 -1.00905e-05 -0.000154187 0.00100354 -0.000148151 0.0198595 -0.00385627
15.34 -1.2539e-05 -0.000103339 0.000997972 -0.000148345 0.0197202 -0.00258456
15.36 -1.47288e-05 -4.6373e-05 0.000963159 -0.000148948 0.0188495 -0.00115981
15.38 -1.63391e-05 1.79998e-05 0.000892558 -0.000149986 0.0170838 0.000450185
15.4 -1.72146e-05 9.0892e-05 0.000789669 -0.000150236 0.0145105 0.00227325
15.42 -1.73263e-05 0.000172944 0.000669806 -0.000147496 0.0115126 0.0043254
15.44 -1.66832e-05 0.000258783 0.000545169 -0.000139417 0.00839543 0.00647228
15.46 -1.54275e-05 0.000336468 0.000418322 -0.000124812 0.00522291 0.00841522
15.48 -1.37342e-05 0.000395467 0.000285149 -0.000103579 0.00189216 0.00989079
15.5 -1.17898e-05 0.000432742 0.000140058 -7.58807e-05 -0.00173683 0.0108231
15.52 -9.69518e-06 0.000450493 -2.03625e-05 -4.26014e-05 -0.00574986 0.011267
15.54 -7.45554e-06 0.000450997 -0.000190578 -5.72225e-06 -0.0100099 0.0112796
15.56 -5.0156e-06 0.000435142 -0.000354059 3.28651e-05 -0.0141065 0.0108831
15.58 -2.32758e-06 0.000404202 -0.000491614 7.03869e-05 -0.0175617 0.0101093
15.6 6.00405e-07 0.00036015 -0.000593448 0.000101347 -0.0201285 0.0090075
15.62 3.67682e-06 0.000304326 -0.000663691 0.000121271 -0.0219057 0.00761133
15.64 6.74289e-06 0.000239316 -0.000713719 0.000131235 -0.023176 0.00598538
15.66 9.62322e-06 0.000171427 -0.000752561 0.000136145 -0.0241655 0.00428745
15.68 1.21836e-05 0.000106827 -0.000782714 0.000140413 -0.0249358 0.00267179
15.7 1.43535e-05 4.51569e-05 -0.000800077 0.000145854 -0.0253804 0.00112939
15.72 1.60767e-05 -1.89139e-05 -0.000795913 0.000151928 -0.0252762 -0.000473042
15.74 1.72534e-05 -8.77627e-05 -0.000759547 0.000157282 -0.0243667 -0.00219498
15.76 1.78923e-05 -0.000157323 -0.000685758 0.000160999 -0.0225212 -0.00393471
15.78 1.80078e-05 -0.000220035 -0.000578686 0.000162069 -0.0198433 -0.00550316
15.8 1.75401e-05 -0.000268373 -0.000451567 0.000158492 -0.016664 -0.00671213
15.82 1.64419e-05 -0.000297747 -0.000318925 0.000147977 -0.0133465 -0.00744677
15.84 1.46568e-05 -0.000309583 -0.000188818 0.000129542 -0.0100925 -0.00774279
15.86 1.22015e-05 -0.000310145 -6.46527e-05 0.000104067 -0.00698709 -0.00775686
15.88 9.18558e-06 -0.000303594 5.22641e-05 7.33703e-05 -0.00406294 -0.00759301
15.9 5.7998e-06 -0.00028775 0.000161165 4.02527e-05 -0.00133924 -0.00719675
15.92 2.27256e-06 -0.000258218 0.00026217 9.02995e-06 0.00118709 -0.00645814
15.94 -1.17854e-06 -0.000214132 0.000357191 -1.68755e-05 0.00356391 -0.00535552
15.96 -4.39043e-06 -0.000159367 0.00044867 -3.71067e-05 0.00585248 -0.00398583
15.98 -7.26684e-06 -0.00010084 0.000537 -5.29054e-05 0.00806289 -0.00252204
16 -9.77291e-06 -4.48351e-05 0.000619821 -6.53095e-05 0.0101365 -0.00112134
16.02 -1.19197e-05 7.91833e-06 0.000691629 -7.52331e-05 0.0119356 0.000198043
16.04 -1.37451e-05 6.25973e-05 0.000743087 -8.37554e-05 0.013226 0.00156559
16.06 -1.52903e-05 0.000122713 0.000764091 -9.165e-05 0.0137531 0.0030691
16.08 -1.65746e-05 0.000182655 0.000749286 -9.92448e-05 0.0133828 0.00456829
16.1 -1.752e-05 0.00023046 0.00069729 -0.000106549 0.0120823 0.00576391
16.12 -1.7976e-05 0.000257784 0.000611537 -0.000112724 0.00993763 0.00644729
16.14 -1.77903e-05 0.000265805 0.000507133 -0.000115926 0.00732644 0.00664789
16.16 -1.67853e-05 0.000262576 0.000403255 -0.000114296 0.00472843 0.00656713
16.18 -1.48742e-05 0.000256532 0.000307955 -0.000106816 0.00234492 0.00641596
16.2 -1.2146e-05 0.000251023 0.000215853 -9.2838e-05 4.1397e-05 0.00627818
16.22 -8.83363e-06 0.000242929 0.000117628 -7.18275e-05 -0.00241528 0.00607576
16.24 -5.24102e-06 0.000226524 8.80648e-06 -4.45573e-05 -0.00513706 0.00566546
16.26 -1.62487e-06 0.000198082 -0.000109069 -1.36218e-05 -0.00808554 0.0049541
16.28 1.85208e-06 0.000157515 -0.000228542 1.76877e-05 -0.0110746 0.00393951
16.3 5.10131e-06 0.000107366 -0.000337726 4.67284e-05 -0.0138075 0.00268528
16.32 8.06253e-06 5.06865e-05 -0.000427552 7.2077e-05 -0.0160575 0.00126769
16.34 1.06841e-05 -1.0155e-05 -0.000498077 9.33425e-05 -0.0178258 -0.000253978
16.36 1.29284e-05 -7.27628e-05 -0.000553923 0.000110821 -0.0192276 -0.00181983
16.38 1.47841e-05 -0.000133137 -0.000594894 0.000125378 -0.0202572 -0.00332981
16.4 1.62628e-05 -0.000185327 -0.000615106 0.000138344 -0.0207655 -0.00463511
16.42 1.73694e-05 -0.000223441 -0.000609971 0.00015107 -0.0206371 -0.00558834
16.44 1.80238e-05 -0.000244822 -0.000578236 0.000164141 -0.0198434 -0.0061231
16.46 1.8103e-05 -0.000251593 -0.000521572 0.000176468 -0.0184262 -0.00629243
16.48 1.75195e-05 -0.000249283 -0.000447508 0.000185489 -0.0165738 -0.00623467
16.5 1.62101e-05 -0.000243571 -0.000365141 0.00018857 -0.0145138 -0.00609182
16.52 1.41897e-05 -0.000237127 -0.000277633 0.000183561 -0.0123252 -0.00593065
16.54 1.15599e-05 -0.000228498 -0.000182915 0.000168815 -0.00995625 -0.00571482
16.56 8.47668e-06 -0.000213702 -8.05289e-05 0.000144373 -0.00739554 -0.00534478
16.58 5.1203e-06 -0.000188845 2.59468e-05 0.000112631 -0.00473253 -0.00472308
16.6 1.65265e-06 -0.000151802 0.000133731 7.70096e-05 -0.0020368 -0.00379663
16.62 -1.79594e-06 -0.000103178 0.0002416 4.05568e-05 0.000661085 -0.00258051
16.64 -5.12065e-06 -4.6591e-05 0.000345821 5.71951e-06 0.0032678 -0.00116526
16.66 -8.2347e-06 1.24148e-05 0.000440111 -2.57057e-05 0.00562625 0.000310502
16.68 -1.10686e-05 6.87206e-05 0.00052049 -5.28178e-05 0.00763701 0.00171873
16.7 -1.35615e-05 0.000119252 0.000586836 -7.55974e-05 0.00929703 0.00298255
16.72 -1.5649e-05 0.000162653 0.000639274 -9.46631e-05 0.0106094 0.00406801
16.74 -1.72667e-05 0.000198332 0.000675299 -0.000111067 0.0115112 0.00496037
16.76 -1.83659e-05 0.000226029 0.000690671 -0.00012585 0.0118961 0.00565309
16.78 -1.89133e-05 0.000245542 0.000681302 -0.00013934 0.0116618 0.00614112
16.8 -1.88322e-05 0.000256613 0.000643685 -0.000150662 0.010721 0.00641799
16.82 -1.80948e-05 0.000259515 0.000581257 -0.000157925 0.00915964 0.00649059
16.84 -1.67041e-05 0.000255284 0.000503752 -0.000159148 0.00722119 0.00638476
16.86 -1.46734e-05 0.000244489 0.000416395 -0.000152685 0.00503637 0.00611477
16.88 -1.20857e-05 0.000226872 0.000317906 -0.000137267 0.0025731 0.00567416
16.9 -9.05762e-06 0.000202396 0.0002085 -0.000112747 -0.000163187 0.005062
16.92 -5.74157e-06 0.000171117 9.50438e-05 -8.04634e-05 -0.00300079 0.0042797
16.94 -2.28333e-06 0.00013266 -1.45361e-05 -4.27741e-05 -0.00574151 0.00331787
16.96 1.17931e-06 8.73005e-05 -0.000116923 -2.53277e-06 -0.00830247 0.00218342
16.98 4.51292e-06 3.69967e-05 -0.000212628 3.73839e-05 -0.0106966 0.000925305
17 7.59169e-06 -1.53812e-05 -0.000302168 7.45629e-05 -0.012937 -0.000384689
17.02 1.03224e-05 -6.7029e-05 -0.000384196 0.000107307 -0.0149903 -0.00167642
17.04 1.26585e-05 -0.000115076 -0.000455746 0.000134645 -0.0167824 -0.00287809
17.06 1.45876e-05 -0.000156712 -0.000513366 0.00015641 -0.0182267 -0.00391942
17.08 1.6102e-05 -0.000190234 -0.000554772 0.000173316 -0.0192654 -0.00475782
17.1 1.71816e-05 -0.000215363 -0.00057982 0.000186533 -0.0198941 -0.00538632
17.12 1.78014e-05 -0.000232221 -0.000589256 0.000196825 -0.0201311 -0.00580795
17.14 1.79365e-05 -0.000240543 -0.000581592 0.000204016 -0.0199394 -0.00601607
17.16 1.7567e-05 -0.000240046 -0.000551691 0.000207041 -0.0191916 -0.00600364
17.18 1.66839e-05 -0.000230835 -0.000496909 0.000204183 -0.0178215 -0.00577328
17.2 1.52577e-05 -0.000213237 -0.000422839 0.000193682 -0.0159689 -0.00533314
17.22 1.32563e-05 -0.000188403 -0.000340184 0.000174942 -0.0139017 -0.00471204
17.24 1.06937e-05 -0.000158152 -0.000257236 0.000149001 -0.0118271 -0.00395545
17.26 7.65423e-06 -0.000122971 -0.000175857 0.000117485 -0.0097918 -0.00307554
17.28 4.29454e-06 -8.1672e-05 -9.33023e-05 8.19286e-05 -0.00772708 -0.00204265
17.3 8.03502e-07 -3.40731e-05 -6.12407e-06 4.4263e-05 -0.00554671 -0.00085218
17.32 -2.64146e-06 1.66378e-05 8.61287e-05 7.05874e-06 -0.00323943 0.00041612
17.34 -5.89856e-06 6.5119e-05 0.000179995 -2.71053e-05 -0.000891779 0.00162866
17.36 -8.85759e-06 0.000107566 0.000270526 -5.63934e-05 0.00137246 0.00269028
17.38 -1.14271e-05 0.000144055 0.000354176 -7.9957e-05 0.00346466 0.00360287
17.4 -1.3533e-05 0.000177317 0.000428451 -9.78127e-05 0.00532247 0.00443478
17.42 -1.51323e-05 0.000209168 0.00048931 -0.000110595 0.00684482 0.00523138
17.44 -1.62238e-05 0.000237781 0.000531029 -0.00011917 0.00788848 0.005947
17.46 -1.68355e-05 0.000258222 0.000549854 -0.000124215 0.00835945 0.00645825
17.48 -1.69906e-05 0.0002656 0.000546955 -0.000126014 0.00828696 0.00664276
17.5 -1.66593e-05 0.000258003 0.00052531 -0.000124382 0.0077456 0.00645277
17.52 -1.57901e-05 0.000237249 0.000486282 -0.000118545 0.0067695 0.0059337
17.54 -1.43586e-05 0.000207632 0.000431308 -0.000107707 0.00539457 0.00519296
17.56 -1.23608e-05 0.000173131 0.00036366 -9.18972e-05 0.00370268 0.00433009
17.58 -9.83657e-06 0.000134892 0.000287441 -7.16038e-05 0.0017964 0.00337371
17.6 -6.87198e-06 9.23034e-05 0.000206123 -4.71757e-05 -0.000237394 0.00230855
17.62 -3.59033e-06 4.62146e-05 0.000123292 -1.91527e-05 -0.00230904 0.00115585
17.64 -1.49223e-07 -6.34156e-07 4.20137e-05 1.12063e-05 -0.00434185 -1.58583e-05
17.66 3.27869e-06 -4.61137e-05 -3.76666e-05 4.18948e-05 -0.00633471 -0.00115332
17.68 6.52545e-06 -9.02157e-05 -0.000117953 7.05896e-05 -0.00834277 -0.00225633
17.7 9.44903e-06 -0.000134069 -0.000199095 9.53261e-05 -0.0103723 -0.00335311
17.72 1.19531e-05 -0.000178271 -0.000276924 0.000115106 -0.0123192 -0.00445863
17.74 1.39963e-05 -0.000221808 -0.000344693 0.000129982 -0.0140147 -0.0055475
17.76 1.55762e-05 -0.000261366 -0.000396395 0.000140596 -0.0153084 -0.00653688
17.78 1.66974e-05 -0.000291518 -0.000429037 0.00014775 -0.0161254 -0.00729099
17.8 1.73476e-05 -0.000306686 -0.000443406 0.000152274 -0.0164851 -0.00767035
17.82 1.74939e-05 -0.000303852 -0.000442555 0.000154853 -0.0164638 -0.00759947
17.84 1.70779e-05 -0.000283117 -0.00042707 0.000155234 -0.0160765 -0.00708088
17.86 1.6033e-05 -0.000247525 -0.000394035 0.000152115 -0.0152503 -0.00619069
17.88 1.43243e-05 -0.000203496 -0.00034331 0.000144794 -0.0139817 -0.00508952
17.9 1.19517e-05 -0.000157375 -0.00028044 0.0001338 -0.0124093 -0.003936
17.92 8.97197e-06 -0.000110843 -0.000212326 0.000119601 -0.0107057 -0.00277223
17.94 5.51874e-06 -6.17066e-05 -0.000142631 0.000101962 -0.00896261 -0.00154331
17.96 1.79116e-06 -7.96344e-06 -7.18884e-05 8.06791e-05 -0.0071933 -0.000199167
17.98 -1.98028e-06 4.98504e-05 6.7581e-07 5.63665e-05 -0.00537844 0.00124678
18 -5.5889e-06 0.000109067 7.64947e-05 3.05968e-05 -0.00348218 0.00272782
18.02 -8.88226e-06 0.00016646 0.000155887 5.50087e-06 -0.00149653 0.00416325
18.04 -1.17624e-05 0.000220036 0.000235889 -1.70326e-05 0.000504356 0.00550319
18.06 -1.41739e-05 0.000269592 0.00031096 -3.61482e-05 0.00238192 0.0067426
18.08 -1.60949e-05 0.000314979 0.000376024 -5.20954e-05 0.00400923 0.00787775
18.1 -1.753e-05 0.000353819 0.000427781 -6.55298e-05 0.00530374 0.00884917
18.12 -1.84965e-05 0.000381498 0.000463967 -7.68553e-05 0.0062088 0.00954144
18.14 -1.90073e-05 0.000393418 0.000483526 -8.62018e-05 0.00669803 0.00983955
18.16 -1.9055e-05 0.000386942 0.000487563 -9.36866e-05 0.00679901 0.00967759
18.18 -1.85963e-05 0.000361719 0.00047749 -9.90327e-05 0.00654707 0.00904674
18.2 -1.75533e-05 0.000320999 0.000452826 -0.000101416 0.00593021 0.00802831
18.22 -1.58734e-05 0.000271791 0.00041372 -0.000100557 0.00495216 0.0067976
18.24 -1.35521e-05 0.000219415 0.000362524 -9.69011e-05 0.00367173 0.00548766
18.26 -1.06366e-05 0.000164197 0.000301967 -9.03823e-05 0.00215716 0.00410664
18.28 -7.23947e-06 0.000105572 0.000233656 -8.0026e-05 0.000448678 0.00264041
18.3 -3.52123e-06 4.56334e-05 0.000158293 -6.48737e-05 -0.00143618 0.00114131
18.32 3.30821e-07 -1.30083e-05 7.64063e-05 -4.4972e-05 -0.0034842 -0.00032534
18.34 4.13371e-06 -7.01318e-05 -1.14542e-05 -2.15939e-05 -0.00568164 -0.00175402
18.36 7.7245e-06 -0.000126914 -0.000103387 3.31294e-06 -0.00798096 -0.00317418
18.38 1.09708e-05 -0.000183519 -0.000194913 2.80445e-05 -0.0102701 -0.00458989
18.4 1.37797e-05 -0.000238609 -0.00028013 5.17399e-05 -0.0124017 -0.0059677
18.42 1.60991e-05 -0.000289766 -0.000354435 7.42153e-05 -0.0142605 -0.00724717
18.44 1.79033e-05 -0.000333253 -0.000415555 9.54107e-05 -0.0157898 -0.0083348
18.46 1.91756e-05 -0.000364443 -0.00046234 0.000115157 -0.0169607 -0.00911488
18.48 1.99013e-05 -0.00037981 -0.000493719 0.000133326 -0.0177462 -0.00949921
18.5 2.00695e-05 -0.000378233 -0.000509086 0.000150042 -0.018131 -0.00945976
18.52 1.96696e-05 -0.000359395 -0.000508155 0.000165408 -0.0181077 -0.00898863
18.54 1.86608e-05 -0.000323539 -0.000489306 0.00017825 -0.0176363 -0.00809185
18.56 1.70226e-05 -0.000275412 -0.000452259 0.000186415 -0.0167097 -0.00688818
18.58 1.47661e-05 -0.000223101 -0.000400113 0.000189079 -0.0154055 -0.00557984
18.6 1.19285e-05 -0.000170851 -0.000336689 0.000186625 -0.0138192 -0.00427304
18.62 8.60876e-06 -0.000117655 -0.000264008 0.000178799 -0.0120015 -0.0029426
18.64 4.95747e-06 -6.2193e-05 -0.000183175 0.000164664 -0.00997979 -0.00155547
18.66 1.16227e-06 -5.22529e-06 -9.66545e-05 0.000143784 -0.00781589 -0.000130685
18.68 -2.59706e-06 5.19714e-05 -7.28188e-06 0.000116973 -0.00558064 0.00129983
18.7 -6.16905e-06 0.000108019 8.30598e-05 8.61676e-05 -0.00332115 0.0027016
18.72 -9.42768e-06 0.000160449 0.000172729 5.37007e-05 -0.0010785 0.00401289
18.74 -1.2265e-05 0.000206572 0.000258858 2.1379e-05 0.00107565 0.00516644
18.76 -1.45981e-05 0.000245324 0.000337618 -9.92903e-06 0.0030455 0.00613567
18.78 -1.63781e-05 0.000276714 0.000405601 -3.98466e-05 0.00474585 0.00692074
18.8 -1.75887e-05 0.000299561 0.000460655 -6.7848e-05 0.00612289 0.00749214
18.82 -1.82368e-05 0.000311117 0.000501853 -9.32422e-05 0.00715339 0.00778116
18.84 -1.83421e-05 0.000308989 0.000529045 -0.000115632 0.00783358 0.00772795
18.86 -1.79294e-05 0.000292381 0.000541739 -0.000134576 0.00815114 0.00731257
18.88 -1.70062e-05 0.00026262 0.00053699 -0.000148725 0.00803236 0.00656824
18.9 -1.55624e-05 0.000223771 0.000510698 -0.000156496 0.00737478 0.00559662
18.92 -1.36147e-05 0.00018022 0.000462826 -0.000157389 0.00617749 0.00450737
18.94 -1.11878e-05 0.0001333 0.000398778 -0.000151676 0.00457562 0.0033339
18.96 -8.32428e-06 8.23833e-05 0.000325339 -0.000139272 0.00273887 0.00206044
18.98 -5.11512e-06 2.85408e-05 0.000246801 -0.000119668 0.000774605 0.000713818
19 -1.69123e-06 -2.4641e-05 0.000165083 -9.27975e-05 -0.00126918 -0.000616279
19.02 1.78262e-06 -7.35892e-05 8.09603e-05 -5.96668e-05 -0.00337314 -0.0018405
19.04 5.13396e-06 -0.000116771 -5.79887e-06 -2.23136e-05 -0.00554303 -0.00292049
19.06 8.20139e-06 -0.000154612 -9.53106e-05 1.67617e-05 -0.00778181 -0.00386691
19.08 1.08556e-05 -0.000188386 -0.00018565 5.53673e-05 -0.0100414 -0.00471162
19.1 1.30167e-05 -0.000218805 -0.000272475 9.20419e-05 -0.0122132 -0.00547241
19.12 1.46602e-05 -0.000244653 -0.000350685 0.000125797 -0.0141699 -0.00611887
19.14 1.5804e-05 -0.000262895 -0.000415886 0.000155641 -0.0158015 -0.00657511
19.16 1.64821e-05 -0.000270774 -0.000464611 0.000180586 -0.0170212 -0.00677217
19.18 1.67194e-05 -0.000267547 -0.000494442 0.000200109 -0.0177682 -0.00669145
19.2 1.65203e-05 -0.00025357 -0.00050452 0.000214027 -0.0180206 -0.0063419
19.22 1.58608e-05 -0.000228938 -0.000494826 0.000221785 -0.0177781 -0.00572584
19.24 1.46954e-05 -0.000194544 -0.000466263 0.000222616 -0.0170637 -0.00486562
19.26 1.30083e-05 -0.000152894 -0.000423156 0.000216388 -0.0159856 -0.00382394
19.28 1.08149e-05 -0.000106931 -0.000371815 0.000203558 -0.0147016 -0.0026744
19.3 8.16889e-06 -5.9471e-05 -0.000316061 0.000184437 -0.0133071 -0.00148739
19.32 5.18807e-06 -1.33563e-05 -0.000255644 0.000159047 -0.0117961 -0.000334045
19.34 2.03846e-06 2.94944e-05 -0.000188577 0.000127637 -0.0101187 0.000737669
19.36 -1.09226e-06 6.91254e-05 -0.000113775 9.11673e-05 -0.00824786 0.00172886
19.38 -4.04037e-06 0.000106477 -3.13206e-05 5.14725e-05 -0.00618565 0.00266304
19.4 -6.69159e-06 0.000141392 5.70664e-05 1.10334e-05 -0.00397505 0.00353627
19.42 -8.98506e-06 0.000172491 0.00014694 -2.76033e-05 -0.00172727 0.00431408
19.44 -1.08983e-05 0.000198475 0.000231406 -6.23774e-05 0.000385267 0.00496394
19.46 -1.24265e-05 0.000218309 0.000303865 -9.1878e-05 0.00219752 0.00546001
19.48 -1.35636e-05 0.000230409 0.000360941 -0.000115232 0.00362504 0.00576263
19.5 -1.42938e-05 0.000232875 0.000402843 -0.000132036 0.00467309 0.0058243
19.52 -1.45912e-05 0.000224489 0.000431391 -0.000142202 0.00538713 0.00561457
19.54 -1.44267e-05 0.00020509 0.000448128 -0.000145568 0.00580575 0.00512939
19.56 -1.37833e-05 0.000176033 0.000453833 -0.000142164 0.00594845 0.00440265
19.58 -1.26516e-05 0.000140399 0.000447757 -0.000132808 0.00579649 0.00351143
19.6 -1.1049e-05 0.000101493 0.000427632 -0.000118524 0.00529315 0.00253838
19.62 -9.04409e-06 6.15403e-05 0.000392081 -9.97898e-05 0.00440401 0.00153915
19.64 -6.72525e-06 2.21554e-05 0.000342403 -7.67056e-05 0.00316153 0.000554119
19.66 -4.19512e-06 -1.52952e-05 0.000281366 -4.94408e-05 0.00163499 -0.000382536
19.68 -1.5659e-06 -5.0342e-05 0.000211218 -1.85979e-05 -0.000119446 -0.00125907
19.7 1.05628e-06 -8.34677e-05 0.000134094 1.45329e-05 -0.00204835 -0.00208756
19.72 3.57113e-06 -0.000114751 5.30879e-05 4.80659e-05 -0.00407436 -0.00286997
19.74 5.89217e-06 -0.00014284 -2.82398e-05 8.00154e-05 -0.0061084 -0.00357249
19.76 7.94928e-06 -0.000165751 -0.000106778 0.000108741 -0.00807268 -0.00414549
19.78 9.68676e-06 -0.000182093 -0.00018007 0.000133003 -0.00990581 -0.00455423
19.8 1.10577e-05 -0.000190965 -0.00024633 0.000151888 -0.0115631 -0.00477612
19.82 1.20242e-05 -0.0001913 -0.000304684 0.000164912 -0.0130228 -0.00478448
19.84 1.25616e-05 -0.000182048 -0.000354706 0.000171993 -0.0142741 -0.00455308
19.86 1.26618e-05 -0.00016303 -0.000395167 0.000173149 -0.0152864 -0.00407744
19.88 1.23318e-05 -0.00013576 -0.000423643 0.00016865 -0.0159989 -0.00339541
19.9 1.15916e-05 -0.00010317 -0.000437415 0.000159406 -0.0163435 -0.00258032
19.92 1.04579e-05 -6.81878e-05 -0.000434073 0.00014652 -0.0162599 -0.0017054
19.94 8.95185e-06 -3.28017e-05 -0.000412311 0.000130636 -0.0157156 -0.000820382
19.96 7.12291e-06 2.08367e-06 -0.000373499 0.000112117 -0.0147449 5.21157e-05
19.98 5.02858e-06 3.66692e-05 -0.000321773 9.14732e-05 -0.0134512 0.000917113
20 2.73413e-06 7.18766e-05 -0.000261593 6.93888e-05 -0.0119461 0.00179767
20.02 3.1777e-07 0.000108185 -0.00019554 4.66161e-05 -0.0102941 0.00270575
20.04 -2.13534e-06 0.000144534 -0.000125216 2.39692e-05 -0.00853526 0.00361487
20.06 -4.53149e-06 0.000178415 -5.26722e-05 2.26741e-06 -0.0067209 0.00446224
20.08 -6.7774e-06 0.000206877 2.01087e-05 -1.77502e-05 -0.00490062 0.00517409
20.1 -8.78531e-06 0.000227363 9.20085e-05 -3.5398e-05 -0.00310238 0.00568646
20.12 -1.0477e-05 0.000238022 0.000162382 -5.00182e-05 -0.0013423 0.00595303
20.14 -1.17876e-05 0.000237963 0.0002301 -6.10903e-05 0.000351365 0.00595155
20.16 -1.26719e-05 0.000227446 0.000292945 -6.82529e-05 0.00192315 0.00568852
20.18 -1.31057e-05 0.000207727 0.0003476 -7.11008e-05 0.0032901 0.00519535
20.2 -1.30829e-05 0.000181073 0.000390629 -6.94485e-05 0.00436629 0.00452871
20.22 -1.26133e-05 0.000150463 0.000419771 -6.39792e-05 0.00509519 0.00376315
20.24 -1.17224e-05 0.00011814 0.000434074 -5.60116e-05 0.00545293 0.00295474
20.26 -1.04435e-05 8.46884e-05 0.000433023 -4.66277e-05 0.00542663 0.00211809
20.28 -8.82198e-06 4.96333e-05 0.000416362 -3.63325e-05 0.00500993 0.00124135
20.3 -6.928e-06 1.21297e-05 0.00038533 -2.53468e-05 0.0042338 0.00030337
20.32 -4.83224e-06 -2.86165e-05 0.000343028 -1.39036e-05 0.00317583 -0.000715707
20.34 -2.59778e-06 -7.23099e-05 0.000292242 -2.21723e-06 0.00190563 -0.0018085
20.36 -2.87242e-07 -0.000116356 0.000233601 9.61845e-06 0.000439005 -0.00291011
20.38 2.03632e-06 -0.000156404 0.000167051 2.16258e-05 -0.00122544 -0.00391172
20.4 4.30303e-06 -0.000188732 9.39881e-05 3.3828e-05 -0.00305277 -0.00472026
20.42 6.44024e-06 -0.000211803 1.69937e-05 4.60433e-05 -0.00497843 -0.00529728
20.44 8.37515e-06 -0.000225624 -6.15341e-05 5.77764e-05 -0.00694245 -0.00564296
20.46 1.00386e-05 -0.000230626 -0.000139627 6.83976e-05 -0.00889563 -0.00576804
20.48 1.13697e-05 -0.000227463 -0.000214976 7.74435e-05 -0.0107802 -0.00568894
20.5 1.23223e-05 -0.000216887 -0.000284601 8.46048e-05 -0.0125217 -0.00542442
20.52 1.28668e-05 -0.000199407 -0.00034535 8.95234e-05 -0.0140413 -0.00498725
20.54 1.29891e-05 -0.000175831 -0.000394667 9.21517e-05 -0.0152751 -0.0043976
20.56 1.26899e-05 -0.000147626 -0.000431113 9.31966e-05 -0.016187 -0.00369219
20.58 1.19853e-05 -0.000115992 -0.00045442 9.3638e-05 -0.0167702 -0.00290099
20.6 1.091e-05 -8.11492e-05 -0.00046489 9.40066e-05 -0.0170322 -0.00202957
20.62 9.50143e-06 -4.28622e-05 -0.000462057 9.43011e-05 -0.0169613 -0.001072
20.64 7.81996e-06 -1.22182e-06 -0.000444383 9.42238e-05 -0.0165193 -3.0556e-05
20.66 5.92957e-06 4.28712e-05 -0.000410959 9.33501e-05 -0.0156833 0.00107223
20.68 3.87542e-06 8.73774e-05 -0.000363545 9.12753e-05 -0.0144975 0.00218535
20.7 1.70109e-06 0.000129221 -0.00030557 8.76727e-05 -0.0130475 0.00323187
20.72 -5.4876e-07 0.000165297 -0.000239932 8.22127e-05 -0.0114059 0.00413416
20.74 -2.81001e-06 0.000193905 -0.000168992 7.45764e-05 -0.00963166 0.00484966
20.76 -4.99924e-06 0.000215031 -9.48566e-05 6.46775e-05 -0.0077775 0.00537802
20.78 -7.02275e-06 0.000229168 -1.9156e-05 5.28475e-05 -0.0058842 0.00573158
20.8 -8.79272e-06 0.000236389 5.68512e-05 3.97379e-05 -0.00398322 0.00591218
20.82 -1.02376e-05 0.000236739 0.000131482 2.60482e-05 -0.00211668 0.00592094
20.84 -1.1307e-05 0.000230634 0.000202415 1.23516e-05 -0.000342597 0.00576827
20.86 -1.19725e-05 0.000218219 0.000267488 -8.03972e-07 0.00128491 0.00545774
20.88 -1.2227e-05 0.000198975 0.000325312 -1.28218e-05 0.00273112 0.00497644
20.9 -1.20845e-05 0.000172499 0.000374962 -2.34208e-05 0.00397291 0.00431428
20.92 -1.15767e-05 0.000139218 0.000415249 -3.28198e-05 0.00498054 0.0034819
20.94 -1.07469e-05 0.000100381 0.000444365 -4.12734e-05 0.00570879 0.00251056
20.96 -9.64332e-06 5.79828e-05 0.000460191 -4.8689e-05 0.00610464 0.00145018
20.98 -8.30115e-06 1.46226e-05 0.00046057 -5.47308e-05 0.00611412 0.00036572
21 -6.75273e-06 -2.71742e-05 0.000444112 -5.89312e-05 0.00570248 -0.000679636
21.02 -5.0414e-06 -6.56774e-05 0.000412174 -6.06593e-05 0.00490371 -0.00164262
21.04 -3.20726e-06 -9.99258e-05 0.000369084 -5.93058e-05 0.00382601 -0.00249918
21.06 -1.29919e-06 -0.000129202 0.000319161 -5.45122e-05 0.00257742 -0.0032314
21.08 6.1735e-07 -0.000152829 0.000264134 -4.61417e-05 0.00120117 -0.00382231
21.1 2.46383e-06 -0.000170411 0.000203954 -3.42414e-05 -0.000303956 -0.00426204
21.12 4.15509e-06 -0.000181861 0.000138849 -1.91755e-05 -0.00193227 -0.00454842
21.14 5.61595e-06 -0.00018699 6.99864e-05 -1.69087e-06 -0.00365455 -0.00467669
21.16 6.79273e-06 -0.000185142 -7.34388e-07 1.72768e-05 -0.00542331 -0.00463047
21.18 7.65472e-06 -0.000175217 -7.09749e-05 3.67949e-05 -0.00718006 -0.00438224
21.2 8.18715e-06 -0.000156168 -0.000138359 5.58691e-05 -0.00886539 -0.00390582
21.22 8.38547e-06 -0.000127988 -0.000201055 7.35374e-05 -0.0104335 -0.00320104
21.24 8.25422e-06 -9.23358e-05 -0.000257791 8.92163e-05 -0.0118526 -0.00230935
21.26 7.809e-06 -5.20479e-05 -0.000307059 0.000102696 -0.013085 -0.00130174
21.28 7.07939e-06 -1.0103e-05 -0.000346659 0.00011386 -0.0140756 -0.000252678
21.3 6.10969e-06 3.13458e-05 -0.000374288 0.000122556 -0.0147669 0.000783974
21.32 4.95345e-06 7.15156e-05 -0.000388604 0.000128565 -0.015125 0.00178864
21.34 3.65814e-06 0.00011057 -0.000389593 0.000131599 -0.0151498 0.00276541
21.36 2.2667e-06 0.000148336 -0.000378346 0.000131313 -0.0148685 0.00370994
21.38 8.24518e-07 0.000183432 -0.000356949 0.000127368 -0.0143333 0.00458772
21.4 -6.27641e-07 0.00021374 -0.000327753 0.000119601 -0.0136031 0.00534574
21.42 -2.04619e-06 0.000237503 -0.000292001 0.000108099 -0.0127089 0.00594006
21.44 -3.3806e-06 0.00025383 -0.000249464 9.31586e-05 -0.0116451 0.00634839
21.46 -4.57973e-06 0.000262424 -0.00019998 7.52886e-05 -0.0104075 0.00656333
21.48 -5.59874e-06 0.000262987 -0.000144791 5.52448e-05 -0.00902717 0.00657741
21.5 -6.40635e-06 0.00025454 -8.60091e-05 3.3997e-05 -0.007557 0.00636615
21.52 -6.98097e-06 0.000235495 -2.56218e-05 1.28495e-05 -0.00604669 0.00588982
21.54 -7.30205e-06 0.000205432 3.46443e-05 -6.67368e-06 -0.00453941 0.00513795
21.56 -7.34651e-06 0.000166838 9.30487e-05 -2.35239e-05 -0.00307869 0.00417269
21.58 -7.09558e-06 0.000124198 0.000147662 -3.73948e-05 -0.0017128 0.00310625
21.6 -6.54813e-06 8.14072e-05 0.000196399 -4.82761e-05 -0.000493865 0.00203603
21.62 -5.73129e-06 3.98705e-05 0.000237396 -5.61149e-05 0.000531486 0.000997181
21.64 -4.69881e-06 -1.68058e-06 0.000269516 -6.08209e-05 0.00133483 -4.20299e-05
21.66 -3.51666e-06 -4.5554e-05 0.000292541 -6.23597e-05 0.0019107 -0.00113932
21.68 -2.24594e-06 -9.24332e-05 0.000306786 -6.0782e-05 0.00226697 -0.00231179
21.7 -9.33956e-07 -0.000139807 0.000312429 -5.6207e-05 0.00240812 -0.00349664
21.72 3.78171e-07 -0.000183036 0.000309266 -4.87379e-05 0.00232899 -0.00457781
21.74 1.64767e-06 -0.00021811 0.000296868 -3.84005e-05 0.00201892 -0.00545501
21.76 2.83001e-06 -0.000243566 0.000275058 -2.52622e-05 0.00147345 -0.00609169
21.78 3.8811e-06 -0.000260115 0.00024459 -9.6322e-06 0.000711435 -0.00650558
21.8 4.76529e-06 -0.000268906 0.00020782 7.85586e-06 -0.000208217 -0.00672545
21.82 5.45935e-06 -0.000270164 0.000168565 2.6366e-05 -0.00118999 -0.0067569
21.84 5.94781e-06 -0.000262865 0.000130391 4.50157e-05 -0.00214473 -0.00657435
21.86 6.21116e-06 -0.000245527 9.4937e-05 6.26533e-05 -0.00303146 -0.00614072
21.88 6.21897e-06 -0.000218116 6.18076e-05 7.78874e-05 -0.00386004 -0.00545518
21.9 5.93807e-06 -0.000183178 2.96399e-05 8.98822e-05 -0.00466456 -0.00458135
21.92 5.35135e-06 -0.000144331 -2.33363e-06 9.85964e-05 -0.00546424 -0.00360978
21.94 4.47551e-06 -0.000103958 -3.31751e-05 0.000104164 -0.00623559 -0.00260002
21.96 3.36526e-06 -6.23162e-05 -6.05857e-05 0.000106529 -0.00692114 -0.00155855
21.98 2.09928e-06 -1.81809e-05 -8.2245e-05 0.000105583 -0.00746285 -0.00045471
22 7.55536e-07 2.94462e-05 -9.68116e-05 0.000101393 -0.00782717 0.000736465
22.02 -6.07266e-07 7.93209e-05 -0.000104038 9.42649e-05 -0.00800792 0.00198385
22.04 -1.95094e-06 0.000127428 -0.000104449 8.46912e-05 -0.00801819 0.00318704
22.06 -3.24705e-06 0.000168984 -9.89973e-05 7.31978e-05 -0.00788184 0.00422637
22.08 -4.46367e-06 0.000201321 -8.88825e-05 6.02016e-05 -0.00762886 0.00503512
22.1 -5.55809e-06 0.00022493 -7.55126e-05 4.60173e-05 -0.00729448 0.0056256
22.12 -6.48006e-06 0.000242072 -6.06051e-05 3.10299e-05 -0.00692163 0.00605433
22.14 -7.18153e-06 0.000254482 -4.60759e-05 1.58208e-05 -0.00655825 0.0063647
22.16 -7.62606e-06 0.000261714 -3.31801e-05 1.0881e-06 -0.00623572 0.00654558
22.18 -7.79194e-06 0.000260914 -2.1424e-05 -1.25335e-05 -0.0059417 0.00652556
22.2 -7.66805e-06 0.000248226 -8.7859e-06 -2.43089e-05 -0.00562561 0.00620823
22.22 -7.24814e-06 0.000221792 6.41725e-06 -3.31553e-05 -0.00524538 0.00554711
22.24 -6.53295e-06 0.000184078 2.38377e-05 -3.82586e-05 -0.00480968 0.00460386
22.26 -5.53693e-06 0.000140244 4.09378e-05 -3.97017e-05 -0.004382 0.00350758
22.28 -4.293e-06 9.43984e-05 5.4247e-05 -3.79687e-05 -0.00404913 0.00236095
22.3 -2.85285e-06 4.81768e-05 6.13372e-05 -3.33138e-05 -0.00387181 0.00120492
22.32 -1.28037e-06 1.95058e-06 6.20579e-05 -2.5839e-05 -0.00385378 4.87869e-05
22.34 3.5924e-07 -4.39295e-05 5.80827e-05 -1.58339e-05 -0.0039532 -0.00109869
22.36 2.00611e-06 -8.88734e-05 5.16022e-05 -3.92326e-06 -0.00411528 -0.00222276
22.38 3.60258e-06 -0.000132203 4.43823e-05 9.02502e-06 -0.00429585 -0.00330644
22.4 5.08796e-06 -0.000173327 3.73276e-05 2.2175e-05 -0.0044723 -0.00433498
22.42 6.40094e-06 -0.000211635 3.02899e-05 3.50344e-05 -0.00464831 -0.00529307
22.44 7.48931e-06 -0.00024588 2.23698e-05 4.74987e-05 -0.0048464 -0.00614957
22.46 8.31923e-06 -0.00027374 1.27279e-05 5.95275e-05 -0.00508754 -0.00684636
22.48 8.8777e-06 -0.000292359 1.26561e-06 7.07982e-05 -0.00537422 -0.00731201
22.5 9.16673e-06 -0.000299474 -1.11673e-05 8.07218e-05 -0.00568517 -0.00748997
22.52 9.1923e-06 -0.000293861 -2.28305e-05 8.87425e-05 -0.00597687 -0.00734959
22.54 8.9521e-06 -0.000275063 -3.13828e-05 9.42724e-05 -0.00619077 -0.00687943
22.56 8.43024e-06 -0.000244459 -3.4865e-05 9.65986e-05 -0.00627786 -0.00611403
22.58 7.60435e-06 -0.000206499 -3.29847e-05 9.54695e-05 -0.00623083 -0.00516463
22.6 6.45966e-06 -0.000166416 -2.71483e-05 9.13317e-05 -0.00608486 -0.00416214
22.62 5.00572e-06 -0.000127016 -1.91057e-05 8.48203e-05 -0.00588371 -0.00317672
22.64 3.29169e-06 -8.84678e-05 -9.49384e-06 7.63947e-05 -0.00564332 -0.00221262
22.66 1.4066e-06 -4.95135e-05 2.70022e-06 6.63595e-05 -0.00533834 -0.00123835
22.68 -5.41822e-07 -8.08837e-06 1.90836e-05 5.50369e-05 -0.00492858 -0.000202291
22.7 -2.45577e-06 3.7511e-05 3.9771e-05 4.29185e-05 -0.00441118 0.000938167
22.72 -4.264e-06 8.65042e-05 6.25502e-05 3.06658e-05 -0.00384147 0.00216351
22.74 -5.92099e-06 0.000134957 8.45426e-05 1.8886e-05 -0.00329143 0.00337532
22.76 -7.3944e-06 0.000177703 0.000104351 7.89612e-06 -0.00279601 0.00444444
22.78 -8.65048e-06 0.000210716 0.000122251 -2.24376e-06 -0.00234831 0.0052701
22.8 -9.64759e-06 0.000231918 0.000138803 -1.14923e-05 -0.00193436 0.00580038
22.82 -1.03416e-05 0.000241028 0.000153667 -1.96586e-05 -0.0015626 0.00602822
22.84 -1.06952e-05 0.000239365 0.000165302 -2.63927e-05 -0.00127159 0.00598662
22.86 -1.06825e-05 0.000229092 0.000171271 -3.11775e-05 -0.00112232 0.00572969
22.88 -1.02857e-05 0.000212063 0.000169159 -3.3336e-05 -0.00117514 0.00530379
22.9 -9.49601e-06 0.000189857 0.000158128 -3.24855e-05 -0.00145102 0.00474839
22.92 -8.32168e-06 0.000163996 0.000139798 -2.89733e-05 -0.00190948 0.00410161
22.94 -6.79757e-06 0.000134841 0.000117133 -2.34123e-05 -0.00247633 0.00337244
22.96 -4.98842e-06 0.000101323 9.24961e-05 -1.60837e-05 -0.00309251 0.00253412
22.98 -2.9851e-06 6.2496e-05 6.65617e-05 -7.04963e-06 -0.00374114 0.00156305
23 -8.89997e-07 1.87755e-05 3.83826e-05 3.49506e-06 -0.00444591 0.000469585
23.02 1.20257e-06 -2.81678e-05 6.39728e-06 1.51173e-05 -0.00524587 -0.000704485
23.04 3.21992e-06 -7.56962e-05 -3.0016e-05 2.72277e-05 -0.00615659 -0.00189319
23.06 5.11166e-06 -0.000120166 -6.96031e-05 3.9234e-05 -0.00714668 -0.0030054
23.08 6.84132e-06 -0.000157582 -0.000109876 5.07333e-05 -0.00815392 -0.00394119
23.1 8.37547e-06 -0.000185274 -0.000148478 6.15556e-05 -0.00911938 -0.00463377
23.12 9.67521e-06 -0.000203085 -0.000183769 7.15564e-05 -0.010002 -0.00507924
23.14 1.06946e-05 -0.000212772 -0.000214536 8.04322e-05 -0.0107715 -0.00532151
23.16 1.13884e-05 -0.000216341 -0.000239766 8.78265e-05 -0.0114025 -0.00541078
23.18 1.17233e-05 -0.000214822 -0.000258523 9.3534e-05 -0.0118716 -0.00537277
23.2 1.16833e-05 -0.000207833 -0.000269583 9.73864e-05 -0.0121483 -0.00519799
23.22 1.12664e-05 -0.000194094 -0.000271458 9.90478e-05 -0.0121952 -0.00485436
23.24 1.04762e-05 -0.000172827 -0.000263421 9.83304e-05 -0.0119942 -0.00432246
23.26 9.32131e-06 -0.000144477 -0.000246655 9.55086e-05 -0.0115748 -0.00361344
23.28 7.82613e-06 -0.000110107 -0.000223782 9.09893e-05 -0.0110028 -0.00275383
23.3 6.03478e-06 -7.08742e-05 -0.000196832 8.49387e-05 -0.0103287 -0.00177259
23.32 4.01473e-06 -2.81777e-05 -0.000165864 7.73575e-05 -0.0095542 -0.000704734
23.34 1.85267e-06 1.6155e-05 -0.000129101 6.83053e-05 -0.00863475 0.000404045
23.36 -3.63701e-07 5.99194e-05 -8.43104e-05 5.80051e-05 -0.00751452 0.00149861
23.38 -2.55906e-06 0.00010066 -3.07631e-05 4.68499e-05 -0.00617528 0.00251755
23.4 -4.67481e-06 0.00013601 2.95357e-05 3.532e-05 -0.00466718 0.00340168
23.42 -6.66207e-06 0.000164433 9.22278e-05 2.38145e-05 -0.00309923 0.00411255
23.44 -8.47102e-06 0.000185793 0.000152242 1.25652e-05 -0.00159826 0.00464677
23.46 -1.00436e-05 0.00020095 0.000205602 1.74367e-06 -0.000263689 0.00502584
23.48 -1.1315e-05 0.000210703 0.000250657 -8.40473e-06 0.000863151 0.00526976
23.5 -1.2225e-05 0.000215176 0.000288123 -1.75895e-05 0.00180021 0.00538164
23.52 -1.27306e-05 0.00021388 0.000319673 -2.55956e-05 0.00258926 0.00534923
23.54 -1.28154e-05 0.000205755 0.000346028 -3.22126e-05 0.00324843 0.00514602
23.56 -1.24893e-05 0.000189468 0.000366253 -3.70893e-05 0.00375427 0.00473867
23.58 -1.17855e-05 0.000164504 0.000378537 -3.99825e-05 0.00406148 0.00411432
23.6 -1.07441e-05 0.000131795 0.000380992 -4.09846e-05 0.0041229 0.00329625
23.62 -9.40476e-06 9.32304e-05 0.000371974 -4.0199e-05 0.00389734 0.00233173
23.64 -7.81106e-06 5.12298e-05 0.000350759 -3.74907e-05 0.00336675 0.00128128
23.66 -6.00268e-06 8.65367e-06 0.000318112 -3.2716e-05 0.00255025 0.000216434
23.68 -4.02051e-06 -3.17972e-05 0.000275653 -2.59477e-05 0.00148833 -0.000795259
23.7 -1.9141e-06 -6.85043e-05 0.000224953 -1.74391e-05 0.000220304 -0.00171332
23.72 2.56573e-07 -0.000101023 0.000167869 -7.53021e-06 -0.00120741 -0.00252662
23.74 2.4172e-06 -0.000129376 0.000107073 3.42157e-06 -0.00272794 -0.00323575
23.76 4.48363e-06 -0.000153616 4.55537e-05 1.51235e-05 -0.00426656 -0.00384199
23.78 6.36835e-06 -0.000173731 -1.42377e-05 2.73622e-05 -0.00576197 -0.00434507
23.8 7.98784e-06 -0.000189287 -7.09034e-05 3.99177e-05 -0.0071792 -0.00473414
23.82 9.27111e-06 -0.000199116 -0.000124371 5.25147e-05 -0.00851646 -0.00497996
23.84 1.01706e-05 -0.000201743 -0.000175549 6.48635e-05 -0.00979647 -0.00504567
23.86 1.06699e-05 -0.000196106 -0.000224888 7.66405e-05 -0.0110305 -0.0049047
23.88 1.07837e-05 -0.000181727 -0.000270835 8.73092e-05 -0.0121797 -0.00454507
23.9 1.05481e-05 -0.000158845 -0.000309706 9.6189e-05 -0.0131519 -0.00397279
23.92 1.00067e-05 -0.000128766 -0.000336911 0.000102871 -0.0138325 -0.00322048
23.94 9.19523e-06 -9.36041e-05 -0.000348506 0.000107276 -0.0141225 -0.00234107
23.96 8.1246e-06 -5.57463e-05 -0.000342522 0.000109372 -0.0139728 -0.00139424
23.98 6.78855e-06 -1.76193e-05 -0.000320223 0.000109041 -0.0134151 -0.000440663
24 5.19194e-06 1.8641e-05 -0.000286352 0.000106196 -0.012568 0.000466221
24.02 3.3583e-06 5.19777e-05 -0.000246631 0.000100969 -0.0115745 0.00129999
24.04 1.34411e-06 8.29677e-05 -0.000204171 9.36332e-05 -0.0105126 0.00207506
24.06 -7.57414e-07 0.00011309 -0.00015852 8.44036e-05 -0.00937085 0.00282843
24.08 -2.83569e-06 0.000143082 -0.000107777 7.33715e-05 -0.00810175 0.00357855
24.1 -4.78711e-06 0.000171768 -5.10351e-05 6.05894e-05 -0.00668261 0.00429599
24.12 -6.53661e-06 0.000196111 1.06254e-05 4.62364e-05 -0.00514046 0.00490482
24.14 -8.03918e-06 0.000212448 7.442e-05 3.07401e-05 -0.00354493 0.00531341
24.16 -9.26742e-06 0.000218424 0.000136888 1.47273e-05 -0.00198258 0.00546287
24.18 -1.01984e-05 0.000214441 0.000194943 -1.13309e-06 -0.000530607 0.00536325
24.2 -1.08107e-05 0.000203127 0.000246314 -1.61794e-05 0.000754216 0.0050803
24.22 -1.10894e-05 0.000187114 0.000289275 -2.96317e-05 0.00182868 0.00467981
24.24 -1.1032e-05 0.00016746 0.000322157 -4.07129e-05 0.00265108 0.00418825
24.26 -1.0648e-05 0.00014393 0.000343202 -4.90523e-05 0.00317742 0.00359975
24.28 -9.95177e-06 0.000116259 0.000350916 -5.46909e-05 0.00337036 0.00290769
24.3 -8.95014e-06 8.5214e-05 0.000344531 -5.77168e-05 0.00321068 0.00213124
24.32 -7.6475e-06 5.2527e-05 0.000324713 -5.80506e-05 0.002715 0.00131372
24.34 -6.06816e-06 1.97428e-05 0.000294162 -5.555e-05 0.00195091 0.000493779
24.36 -4.25821e-06 -1.26985e-05 0.000256425 -5.01814e-05 0.00100711 -0.000317592
24.38 -2.28835e-06 -4.50985e-05 0.00021373 -4.19564e-05 -6.07166e-05 -0.00112793
24.4 -2.49975e-07 -7.73352e-05 0.000166266 -3.08729e-05 -0.00124781 -0.00193418
24.42 1.76253e-06 -0.000108051 0.000113412 -1.70526e-05 -0.0025697 -0.0027024
24.44 3.6644e-06 -0.000134724 5.52008e-05 -8.62979e-07 -0.0040256 -0.0033695
24.46 5.3892e-06 -0.000154553 -7.21719e-06 1.70821e-05 -0.0055867 -0.00386545
24.48 6.88747e-06 -0.000165937 -7.15495e-05 3.59781e-05 -0.00719568 -0.00415016
24.5 8.12243e-06 -0.000169597 -0.000134357 5.49166e-05 -0.00876652 -0.00424169
24.52 9.06669e-06 -0.000167953 -0.000191363 7.3021e-05 -0.0101923 -0.00420057
24.54 9.70157e-06 -0.000162954 -0.000238366 8.95481e-05 -0.0113679 -0.00407555
24.56 1.00156e-05 -0.000154618 -0.000272297 0.000103833 -0.0122166 -0.00386707
24.58 9.99982e-06 -0.000141739 -0.000291815 0.000115217 -0.0127047 -0.00354496
24.6 9.64366e-06 -0.000123612 -0.000297375 0.000123251 -0.0128438 -0.00309158
24.62 8.93328e-06 -0.000100716 -0.00029063 0.000127907 -0.0126751 -0.00251894
24.64 7.85937e-06 -7.42006e-05 -0.000273469 0.000129334 -0.0122459 -0.00185578
24.66 6.44341e-06 -4.52467e-05 -0.000247346 0.000127551 -0.0115926 -0.00113164
24.68 4.73854e-06 -1.48127e-05 -0.000212582 0.000122457 -0.0107231 -0.00037047
24.7 2.82007e-06 1.62373e-05 -0.000168489 0.000113931 -0.00962032 0.000406103
24.72 7.7596e-07 4.67375e-05 -0.000114518 0.00010193 -0.00827046 0.00116893
24.74 -1.31108e-06 7.50739e-05 -5.13156e-05 8.66412e-05 -0.00668975 0.00187763
24.76 -3.36822e-06 9.96947e-05 1.89335e-05 6.85475e-05 -0.00493279 0.00249341
24.78 -5.33303e-06 0.00011976 9.2785e-05 4.83532e-05 -0.00308574 0.00299525
24.8 -7.14858e-06 0.000135255 0.000166022 2.68896e-05 -0.00125406 0.00338279
24.82 -8.76129e-06 0.000146651 0.000234551 5.09013e-06 0.000459896 0.00366779
24.84 -1.01217e-05 0.000154521 0.000295358 -1.60295e-05 0.0019807 0.00386464
24.86 -1.11866e-05 0.000159149 0.000346635 -3.54795e-05 0.00326315 0.00398037
24.88 -1.19203e-05 0.000160154 0.000387158 -5.24604e-05 0.00427666 0.00400553
24.9 -1.22964e-05 0.000156528 0.000416022 -6.64417e-05 0.00499857 0.00391482
24.92 -1.23e-05 0.000147231 0.000432927 -7.70443e-05 0.00542139 0.00368231
24.94 -1.19296e-05 0.00013199 0.000438082 -8.3909e-05 0.0055503 0.00330112
24.96 -1.11881e-05 0.000111649 0.000431098 -8.68158e-05 0.00537565 0.0027924
24.98 -1.00899e-05 8.7833e-05 0.000410781 -8.57451e-05 0.00486752 0.00219674
25 -8.67456e-06 6.22987e-05 0.000376252 -8.07308e-05 0.00400392 0.00155812
25.02 -6.98808e-06 3.65679e-05 0.000327427 -7.18326e-05 0.0027828 0.000914582
25.04 -5.08061e-06 1.17345e-05 0.000265047 -5.91714e-05 0.00122264 0.000293486
25.06 -3.00817e-06 -1.16932e-05 0.000191089 -4.29719e-05 -0.000627079 -0.00029245
25.08 -8.28351e-07 -3.36499e-05 0.000109205 -2.36827e-05 -0.00267502 -0.000841596
25.1 1.39475e-06 -5.40862e-05 2.37809e-05 -2.03441e-06 -0.00481153 -0.00135272
25.12 3.59061e-06 -7.26489e-05 -6.17948e-05 2.10347e-05 -0.00695182 -0.00181698
25.14 5.68227e-06 -8.8759e-05 -0.000145568 4.45194e-05 -0.00904705 -0.0022199
25.16 7.59128e-06 -0.000101876 -0.000226186 6.74579e-05 -0.0110634 -0.00254795
25.18 9.24607e-06 -0.000111534 -0.00030214 8.89895e-05 -0.0129633 -0.0027895
25.2 1.05909e-05 -0.000117151 -0.000371582 0.000108382 -0.0147004 -0.00292998
25.22 1.15898e-05 -0.000117992 -0.000432351 0.000125042 -0.0162208 -0.00295104
25.24 1.22255e-05 -0.000113479 -0.000482133 0.000138519 -0.0174666 -0.00283816
25.26 1.24941e-05 -0.000103639 -0.000518774 0.00014846 -0.0183838 -0.00259205
25.28 1.24007e-05 -8.94454e-05 -0.000540345 0.000154583 -0.0189239 -0.00223706
25.3 1.19561e-05 -7.26844e-05 -0.000544825 0.000156781 -0.0190361 -0.00181787
25.32 1.11551e-05 -5.50871e-05 -0.000529233 0.000155169 -0.0186461 -0.00137775
25.34 1.0006e-05 -3.73986e-05 -0.000491705 0.000149836 -0.0177075 -0.000935353
25.36 8.52823e-06 -1.93998e-05 -0.000434439 0.000140847 -0.0162753 -0.000485194
25.38 6.7396e-06 -8.17981e-07 -0.000363101 0.000128517 -0.0144911 -2.04559e-05
25.4 4.67938e-06 1.80059e-05 -0.00028277 0.000113248 -0.012482 0.000450338
25.42 2.40745e-06 3.6225e-05 -0.000195725 9.52942e-05 -0.0103049 0.000906005
25.44 1.5943e-08 5.29061e-05 -0.000103448 7.49621e-05 -0.00799704 0.0013232
25.46 -2.38264e-06 6.7302e-05 -7.60436e-06 5.28144e-05 -0.00559994 0.00168325
25.48 -4.67363e-06 7.88976e-05 9.03291e-05 2.96449e-05 -0.00315058 0.00197326
25.5 -6.75876e-06 8.73994e-05 0.000188702 6.374e-06 -0.000690219 0.0021859
25.52 -8.56393e-06 9.26563e-05 0.00028459 -1.60299e-05 0.00170799 0.00231737
25.54 -1.00418e-05 9.44668e-05 0.000374057 -3.66539e-05 0.00394567 0.00236266
25.56 -1.11703e-05 9.24899e-05 0.000453486 -5.47293e-05 0.0059324 0.00231321
25.58 -1.19472e-05 8.65408e-05 0.000519966 -6.96528e-05 0.00759534 0.00216442
25.6 -1.2381e-05 7.70733e-05 0.000570639 -8.101e-05 0.00886306 0.00192764
25.62 -1.24835e-05 6.52607e-05 0.000602771 -8.86619e-05 0.009667 0.0016322
25.64 -1.22647e-05 5.24254e-05 0.000614808 -9.27857e-05 0.00996819 0.00131118
25.66 -1.17206e-05 3.92358e-05 0.000605983 -9.37068e-05 0.00974748 0.000981305
25.68 -1.08329e-05 2.55003e-05 0.00057537 -9.15918e-05 0.00898182 0.000637776
25.7 -9.6072e-06 1.06879e-05 0.000524355 -8.63818e-05 0.00770593 0.000267311
25.72 -8.0582e-06 -5.37968e-06 0.000457908 -7.80052e-05 0.00604404 -0.000134546
25.74 -6.20891e-06 -2.2088e-05 0.000381303 -6.64352e-05 0.00412813 -0.000552429
25.76 -4.11193e-06 -3.81407e-05 0.000296783 -5.1613e-05 0.00201424 -0.000953913
25.78 -1.84467e-06 -5.21373e-05 0.000204561 -3.3546e-05 -0.000292269 -0.00130397
25.8 4.89091e-07 -6.32131e-05 0.000105638 -1.25252e-05 -0.00276638 -0.00158098
25.82 2.78116e-06 -7.13277e-05 2.00627e-06 1.07417e-05 -0.00535828 -0.00178393
25.84 4.93653e-06 -7.70996e-05 -0.000103773 3.51623e-05 -0.00800398 -0.00192829
25.86 6.8826e-06 -8.13121e-05 -0.000207994 5.94484e-05 -0.0106109 -0.00203365
25.88 8.5674e-06 -8.42491e-05 -0.000305752 8.23867e-05 -0.0130566 -0.0021071
25.9 9.9566e-06 -8.53401e-05 -0.000392721 0.000103021 -0.0152331 -0.00213439
25.92 1.10296e-05 -8.35043e-05 -0.00046657 0.000120669 -0.0170822 -0.00208848
25.94 1.17743e-05 -7.79003e-05 -0.000526202 0.000134908 -0.0185762 -0.00194832
25.96 1.21835e-05 -6.84585e-05 -0.000570395 0.000145624 -0.0196843 -0.00171217
25.98 1.22536e-05 -5.59494e-05 -0.00059781 0.000153003 -0.0203721 -0.00139932
26 1.19878e-05 -4.1697e-05 -0.000607503 0.000157344 -0.0206154 -0.00104286
26.02 1.13771e-05 -2.69836e-05 -0.000597442 0.000158808 -0.0203637 -0.000674869
26.04 1.04105e-05 -1.24564e-05 -0.000564576 0.000157265 -0.0195417 -0.000311537
26.06 9.10876e-06 1.99603e-06 -0.000509113 0.000152379 -0.0181546 4.99238e-05
26.08 7.49064e-06 1.65746e-05 -0.000436658 0.000143857 -0.0163425 0.000414539
26.1 5.58104e-06 3.08319e-05 -0.000354382 0.00013151 -0.0142847 0.000771122
26.12 3.43534e-06 4.39356e-05 -0.000266322 0.000115276 -0.0120823 0.00109885
26.14 1.13731e-06 5.55181e-05 -0.000173776 9.53675e-05 -0.00976768 0.00138853
26.16 -1.19856e-06 6.59046e-05 -7.76611e-05 7.24154e-05 -0.00736379 0.0016483
26.18 -3.45414e-06 7.54743e-05 2.0943e-05 4.74495e-05 -0.00489766 0.00188765
26.2 -5.53006e-06 8.40519e-05 0.00012012 2.17763e-05 -0.00241719 0.00210218
26.22 -7.35667e-06 9.08149e-05 0.000216089 -3.22037e-06 -1.69528e-05 0.00227132
26.24 -8.8894e-06 9.45948e-05 0.000304129 -2.63287e-05 0.00218501 0.00236586
26.26 -1.01014e-05 9.45225e-05 0.000381072 -4.66598e-05 0.00410952 0.00236405
26.28 -1.09779e-05 9.0796e-05 0.000445828 -6.36284e-05 0.00572928 0.00227085
26.3 -1.15159e-05 8.47646e-05 0.000497309 -7.69101e-05 0.00701708 0.00212
26.32 -1.17264e-05 7.79588e-05 0.000532916 -8.64673e-05 0.00790789 0.00194978
26.34 -1.16329e-05 7.09448e-05 0.000549448 -9.24951e-05 0.00832151 0.00177436
26.36 -1.12526e-05 6.31102e-05 0.000544315 -9.52135e-05 0.00819312 0.00157841
26.38 -1.05756e-05 5.34758e-05 0.000515749 -9.46215e-05 0.00747867 0.00133745
26.4 -9.59446e-06 4.1693e-05 0.000465345 -9.04839e-05 0.00621804 0.00104276
26.42 -8.29872e-06 2.83965e-05 0.000399238 -8.25924e-05 0.0045647 0.000710209
26.44 -6.68363e-06 1.48128e-05 0.000324514 -7.08632e-05 0.00269582 0.000370477
26.46 -4.78368e-06 1.99252e-06 0.000244986 -5.52293e-05 0.000706778 4.9836e-05
26.48 -2.67163e-06 -9.65252e-06 0.000161144 -3.57035e-05 -0.00139015 -0.000241411
26.5 -4.56878e-07 -2.01112e-05 7.31059e-05 -1.26292e-05 -0.00359201 -0.000502987
26.52 1.74198e-06 -2.93189e-05 -1.82321e-05 1.31293e-05 -0.00587643 -0.000733275
26.54 3.81974e-06 -3.70843e-05 -0.000111115 4.02104e-05 -0.00819954 -0.00092749
26.56 5.69629e-06 -4.33666e-05 -0.000202591 6.69965e-05 -0.0104876 -0.00108461
26.58 7.31524e-06 -4.84427e-05 -0.000288552 9.19605e-05 -0.0126379 -0.00121157
26.6 8.64143e-06 -5.27516e-05 -0.000364981 0.000113915 -0.0145501 -0.00131934
26.62 9.659e-06 -5.65222e-05 -0.000428949 0.000132052 -0.016151 -0.00141364
26.64 1.03679e-05 -5.93714e-05 -0.000478295 0.000145905 -0.0173864 -0.0014849
26.66 1.07765e-05 -6.01799e-05 -0.000511017 0.000155376 -0.0182059 -0.00150512
26.68 1.08923e-05 -5.75847e-05 -0.000525501 0.00016072 -0.0185687 -0.00144022
26.7 1.07099e-05 -5.0952e-05 -0.000520696 0.000162335 -0.0184485 -0.00127433
26.72 1.01953e-05 -4.10375e-05 -0.000495445 0.00016046 -0.017817 -0.00102636
26.74 9.3255e-06 -2.9636e-05 -0.000450535 0.000155116 -0.0166938 -0.000741207
26.76 8.09412e-06 -1.84727e-05 -0.000390032 0.00014626 -0.0151805 -0.000462009
26.78 6.51243e-06 -8.46011e-06 -0.000318729 0.000133805 -0.0133972 -0.000211589
26.8 4.63261e-06 2.38542e-07 -0.000239262 0.000117582 -0.0114097 5.96819e-06
26.82 2.53757e-06 7.89145e-06 -0.000152295 9.7525e-05 -0.00923467 0.000197371
26.84 3.34968e-07 1.50097e-05 -5.8961e-05 7.39791e-05 -0.00690034 0.000375401
26.86 -1.86625e-06 2.21891e-05 3.85442e-05 4.78676e-05 -0.00446169 0.00055496
26.88 -3.97162e-06 2.98649e-05 0.000137298 2.06016e-05 -0.00199182 0.000746936
26.9 -5.90814e-06 3.80833e-05 0.000233564 -6.20369e-06 0.000415839 0.000952481
26.92 -7.62146e-06 4.63273e-05 0.000322896 -3.10592e-05 0.00265011 0.00115867
26.94 -9.07254e-06 5.35183e-05 0.000401423 -5.28114e-05 0.00461419 0.00133852
26.96 -1.02343e-05 5.84062e-05 0.000466945 -7.06771e-05 0.00625306 0.00146077
26.98 -1.10879e-05 6.0191e-05 0.000518438 -8.42345e-05 0.00754112 0.0015054
27 -1.16202e-05 5.88216e-05 0.000554869 -9.34598e-05 0.00845249 0.00147116
27.02 -1.1823e-05 5.47874e-05 0.000574917 -9.86873e-05 0.00895405 0.00137026
27.04 -1.1694e-05 4.88064e-05 0.000577454 -0.000100364 0.00901752 0.00122067
27.06 -1.12158e-05 4.1698e-05 0.000560775 -9.87329e-05 0.00860038 0.00104289
27.08 -1.03949e-05 3.42942e-05 0.00052375 -9.37348e-05 0.00767436 0.000857715
27.1 -9.25301e-06 2.71275e-05 0.000468221 -8.52104e-05 0.00628556 0.000678473
27.12 -7.81134e-06 2.02062e-05 0.000399211 -7.30843e-05 0.00455959 0.000505368
27.14 -6.11382e-06 1.3105e-05 0.000321384 -5.73059e-05 0.0026131 0.000327765
27.16 -4.217e-06 5.1871e-06 0.000236672 -3.78709e-05 0.00049441 0.000129734
27.18 -2.19748e-06 -3.99801e-06 0.00014685 -1.50733e-05 -0.00175208 -9.99897e-05
27.2 -1.38744e-07 -1.41948e-05 5.47825e-05 1.02795e-05 -0.00405473 -0.000355016
27.22 1.87991e-06 -2.4286e-05 -3.67409e-05 3.68654e-05 -0.0063438 -0.0006074
27.24 3.78991e-06 -3.29613e-05 -0.000125572 6.30618e-05 -0.0085656 -0.000824374
27.26 5.52903e-06 -3.96583e-05 -0.000209262 8.72998e-05 -0.0106589 -0.000991868
27.28 7.04025e-06 -4.46748e-05 -0.000285045 0.000108381 -0.0125547 -0.00111733
27.3 8.2772e-06 -4.83992e-05 -0.000350901 0.000125554 -0.0142024 -0.00121048
27.32 9.21101e-06 -5.07524e-05 -0.000405598 0.00013841 -0.0155713 -0.00126934
27.34 9.83122e-06 -5.14238e-05 -0.000447524 0.000146832 -0.0166209 -0.00128613
27.36 1.01406e-05 -5.02936e-05 -0.000474353 0.000151048 -0.0172927 -0.00125786
27.38 1.01478e-05 -4.74462e-05 -0.000484144 0.000151563 -0.0175379 -0.00118665
27.4 9.85245e-06 -4.29886e-05 -0.000475769 0.000148859 -0.0173284 -0.00107516
27.42 9.24652e-06 -3.703e-05 -0.00044852 0.000143142 -0.0166469 -0.000926133
27.44 8.33751e-06 -2.96993e-05 -0.000403476 0.00013442 -0.0155203 -0.00074279
27.46 7.13651e-06 -2.11153e-05 -0.000344308 0.000122695 -0.0140405 -0.0005281
27.48 5.66137e-06 -1.15526e-05 -0.000275517 0.000107994 -0.01232 -0.000288933
27.5 3.95158e-06 -1.63147e-06 -0.000200234 9.03647e-05 -0.0104372 -4.08017e-05
27.52 2.06722e-06 7.8657e-06 -0.000120338 7.00363e-05 -0.00843892 0.000196727
27.54 9.22993e-08 1.64242e-05 -3.77805e-05 4.75923e-05 -0.00637413 0.000410777
27.56 -1.87832e-06 2.39915e-05 4.54791e-05 2.40199e-05 -0.00429178 0.00060004
27.58 -3.75232e-06 3.07914e-05 0.000127709 6.16604e-07 -0.00223516 0.000770108
27.6 -5.45133e-06 3.70731e-05 0.000206893 -2.12317e-05 -0.000254728 0.000927216
27.62 -6.91639e-06 4.29699e-05 0.000280318 -4.0324e-05 0.00158165 0.0010747
27.64 -8.11049e-06 4.83693e-05 0.000345117 -5.58147e-05 0.00320235 0.00120974
27.66 -9.01692e-06 5.28248e-05 0.000398899 -6.72278e-05 0.00454751 0.00132117
27.68 -9.63401e-06 5.56866e-05 0.000439665 -7.44306e-05 0.00556712 0.00139275
27.7 -9.96803e-06 5.63697e-05 0.00046562 -7.76414e-05 0.00621632 0.00140983
27.72 -1.00267e-05 5.45231e-05 0.00047553 -7.73573e-05 0.00646419 0.00136365
27.74 -9.80927e-06 5.0114e-05 0.000468817 -7.41169e-05 0.00629631 0.00125337
27.76 -9.30438e-06 4.35507e-05 0.000445178 -6.82743e-05 0.00570509 0.00108922
27.78 -8.51166e-06 3.56564e-05 0.000405639 -6.00171e-05 0.00471619 0.000891784
27.8 -7.43758e-06 2.72856e-05 0.000353269 -4.94713e-05 0.00340639 0.000682427
27.82 -6.09931e-06 1.89584e-05 0.000291747 -3.66682e-05 0.00186772 0.00047416
27.84 -4.53793e-06 1.08859e-05 0.000223643 -2.15505e-05 0.000164393 0.000272264
27.86 -2.81437e-06 3.18062e-06 0.000150562 -4.16009e-06 -0.00166337 7.95509e-05
27.88 -1.00762e-06 -4.11037e-06 7.43034e-05 1.51447e-05 -0.00357064 -0.0001028
27.9 7.9891e-07 -1.1104e-05 -3.17797e-06 3.55953e-05 -0.00550849 -0.000277714
27.92 2.52802e-06 -1.80088e-05 -8.00106e-05 5.60819e-05 -0.00743012 -0.000450406
27.94 4.11535e-06 -2.49146e-05 -0.000154066 7.53684e-05 -0.00928233 -0.000623123
27.96 5.51115e-06 -3.16782e-05 -0.000222689 9.23568e-05 -0.0109987 -0.000792283
27.98 6.68122e-06 -3.7927e-05 -0.000283212 0.000106245 -0.0125126 -0.000948568
28 7.60536e-06 -4.3089e-05 -0.000333529 0.000116548 -0.0137713 -0.00107767
28.02 8.27313e-06 -4.65043e-05 -0.000372022 0.000123097 -0.0147343 -0.00116309
28.04 8.6788e-06 -4.76641e-05 -0.000397323 0.000126081 -0.0153673 -0.0011921
28.06 8.81829e-06 -4.64138e-05 -0.000408508 0.00012598 -0.0156472 -0.00116083
28.08 8.6863e-06 -4.29555e-05 -0.000405237 0.000123331 -0.0155654 -0.00107433
28.1 8.27258e-06 -3.77231e-05 -0.000387217 0.000118488 -0.0151147 -0.000943468
28.12 7.58014e-06 -3.12785e-05 -0.000354849 0.000111611 -0.0143052 -0.000782287
28.14 6.62285e-06 -2.41812e-05 -0.000310109 0.000102779 -0.0131862 -0.000604779
28.16 5.42291e-06 -1.68555e-05 -0.000255863 9.19921e-05 -0.0118295 -0.00042156
28.18 4.01993e-06 -9.5442e-06 -0.000194533 7.91822e-05 -0.0102956 -0.000238702
28.2 2.46687e-06 -2.33513e-06 -0.00012787 6.43629e-05 -0.00862832 -5.84003e-05
28.22 8.30116e-07 4.78322e-06 -5.77917e-05 4.78049e-05 -0.00687565 0.000119633
28.24 -8.19719e-07 1.18566e-05 1.35699e-05 3.01171e-05 -0.00509086 0.000296542
28.26 -2.41569e-06 1.88675e-05 8.41815e-05 1.221e-05 -0.00332484 0.000471886
28.28 -3.89987e-06 2.56639e-05 0.000152006 -4.8544e-06 -0.00162853 0.000641866
28.3 -5.22424e-06 3.19751e-05 0.000214754 -2.00851e-05 -5.91514e-05 0.000799714
28.32 -6.35116e-06 3.74726e-05 0.000270182 -3.2736e-05 0.00132712 0.000937206
28.34 -7.25324e-06 4.18049e-05 0.000316528 -4.23537e-05 0.00248626 0.00104556
28.36 -7.91243e-06 4.4637e-05 0.000352461 -4.87637e-05 0.00338496 0.00111639
28.38 -8.31809e-06 4.57423e-05 0.000376712 -5.2075e-05 0.00399151 0.00114404
28.4 -8.46512e-06 4.5084e-05 0.000388063 -5.26461e-05 0.00427539 0.00112757
28.42 -8.35114e-06 4.27772e-05 0.000385661 -5.09243e-05 0.00421534 0.00106988
28.44 -7.9706e-06 3.89954e-05 0.000368965 -4.72417e-05 0.00379775 0.000975292
28.46 -7.32766e-06 3.39619e-05 0.000338367 -4.176e-05 0.00303248 0.000849403
28.48 -6.43486e-06 2.79687e-05 0.000295758 -3.45397e-05 0.00196682 0.000699512
28.5 -5.31128e-06 2.13534e-05 0.000243753 -2.55595e-05 0.000666159 0.00053406
28.52 -3.99097e-06 1.44588e-05 0.000184533 -1.47316e-05 -0.000814956 0.000361623
28.54 -2.52036e-06 7.59428e-06 0.000119669 -2.01681e-06 -0.00243724 0.000189938
28.56 -9.58622e-07 1.00138e-06 5.08688e-05 1.24244e-05 -0.00415796 2.50471e-05
28.58 6.29757e-07 -5.17221e-06 -1.98775e-05 2.81465e-05 -0.00592736 -0.000129357
28.6 2.18145e-06 -1.08542e-05 -9.05138e-05 4.44286e-05 -0.00769401 -0.000271467
28.62 3.63869e-06 -1.60165e-05 -0.000158622 6.03799e-05 -0.00939744 -0.000400577
28.64 4.94932e-06 -2.06647e-05 -0.00022082 7.51161e-05 -0.0109531 -0.00051683
