0.02 -6.94392e-12 -3.71397e-12 -1.33238e-08 7.48163e-11 -3.33233e-07 -9.28878e-11
0.04 -1.53879e-11 1.14259e-09 -8.4068e-08 5.45476e-10 -2.10258e-06 2.85765e-08
0.06 1.7536e-10 8.18262e-09 -2.33482e-07 1.56789e-09 -5.83949e-06 2.04651e-07
0.08 1.333e-09 3.3584e-08 -3.78415e-07 1.70322e-09 -9.46432e-06 8.39951e-07
0.1 5.01753e-09 1.01486e-07 -3.90472e-07 -2.70047e-09 -9.76587e-06 2.53821e-06
0.12 1.33078e-08 2.18845e-07 -2.35327e-07 -1.53083e-08 -5.88563e-06 5.47341e-06
0.14 2.81891e-08 3.10132e-07 1.58328e-08 -3.61401e-08 3.95985e-07 7.75653e-06
0.16 5.11703e-08 2.10749e-07 2.85864e-07 -6.08261e-08 7.14958e-06 5.27091e-06
0.18 8.33026e-08 -2.38742e-07 5.34424e-07 -8.52786e-08 1.33662e-05 -5.97104e-06
0.2 1.24909e-07 -1.08677e-06 7.16508e-07 -1.10442e-07 1.79202e-05 -2.71807e-05
0.22 1.74616e-07 -2.2398e-06 7.68623e-07 -1.40083e-07 1.92236e-05 -5.60182e-05
0.24 2.28869e-07 -3.53763e-06 6.59739e-07 -1.75095e-07 1.65003e-05 -8.84776e-05
0.26 2.83233e-07 -4.87243e-06 4.32551e-07 -2.12009e-07 1.08183e-05 -0.000121862
0.28 3.3462e-07 -6.19412e-06 1.92062e-07 -2.45434e-07 4.80355e-06 -0.000154918
0.3 3.82344e-07 -7.39621e-06 6.84633e-08 -2.71346e-07 1.7123e-06 -0.000184982
0.32 4.27398e-07 -8.31806e-06 1.7104e-07 -2.89992e-07 4.27778e-06 -0.000208038
0.34 4.70846e-07 -8.93085e-06 5.26612e-07 -3.03685e-07 1.31708e-05 -0.000223364
0.36 5.12429e-07 -9.4062e-06 1.03133e-06 -3.09183e-07 2.5794e-05 -0.000235253
0.38 5.5045e-07 -9.92017e-06 1.47615e-06 -2.97943e-07 3.69191e-05 -0.000248108
0.4 5.8325e-07 -1.05124e-05 1.64605e-06 -2.6985e-07 4.11683e-05 -0.000262921
0.42 6.10734e-07 -1.12209e-05 1.41986e-06 -2.407e-07 3.55113e-05 -0.000280639
0.44 6.34001e-07 -1.21765e-05 8.40221e-07 -2.28879e-07 2.10143e-05 -0.000304539
0.46 6.53275e-07 -1.3373e-05 1.51329e-07 -2.40323e-07 3.7848e-06 -0.000334464
0.48 6.66099e-07 -1.44344e-05 -3.06915e-07 -2.72352e-07 -7.67607e-06 -0.000361011
0.5 6.67414e-07 -1.48396e-05 -3.9357e-07 -3.22349e-07 -9.84334e-06 -0.000371145
0.52 6.52109e-07 -1.44214e-05 -3.43157e-07 -3.82702e-07 -8.5825e-06 -0.000360686
0.54 6.19497e-07 -1.35549e-05 -5.28677e-07 -4.38073e-07 -1.32224e-05 -0.000339013
0.56 5.76562e-07 -1.28457e-05 -1.06109e-06 -4.82601e-07 -2.65383e-05 -0.000321277
0.58 5.35165e-07 -1.26052e-05 -1.69051e-06 -5.33143e-07 -4.22802e-05 -0.000315263
0.6 5.02949e-07 -1.25436e-05 -2.0548e-06 -6.12238e-07 -5.13915e-05 -0.000313721
0.62 4.756e-07 -1.20301e-05 -1.97065e-06 -7.19536e-07 -4.92869e-05 -0.000300878
0.64 4.38602e-07 -1.07144e-05 -1.54334e-06 -8.22496e-07 -3.85996e-05 -0.000267971
0.66 3.77604e-07 -8.73477e-06 -1.05926e-06 -8.70308e-07 -2.64926e-05 -0.00021846
0.68 2.89084e-07 -6.2711e-06 -7.24985e-07 -8.23749e-07 -1.81322e-05 -0.000156843
0.7 1.83729e-07 -3.25834e-06 -4.41473e-07 -6.85847e-07 -1.10414e-05 -8.14925e-05
0.72 8.01163e-08 2.41331e-07 1.43233e-07 -4.97447e-07 3.58233e-06 6.03578e-06
0.74 -7.13374e-09 3.74844e-06 1.29334e-06 -2.87984e-07 3.2347e-05 9.37501e-05
0.76 -7.55285e-08 6.79034e-06 2.87433e-06 -3.78926e-08 7.18882e-05 0.000169829
0.78 -1.32547e-07 9.36789e-06 4.37751e-06 2.97084e-07 0.000109483 0.000234295
0.8 -1.86159e-07 1.16561e-05 5.27395e-06 7.35964e-07 0.000131904 0.000291524
0.82 -2.371e-07 1.35223e-05 5.45279e-06 1.26111e-06 0.000136377 0.000338199
0.84 -2.78603e-07 1.47938e-05 5.39458e-06 1.83733e-06 0.000134921 0.00037
0.86 -3.02362e-07 1.57699e-05 5.79127e-06 2.42049e-06 0.000144842 0.000394411
0.88 -3.05535e-07 1.69053e-05 6.84208e-06 2.96884e-06 0.000171123 0.000422809
0.9 -2.9282e-07 1.80091e-05 7.97527e-06 3.47694e-06 0.000199465 0.000450415
0.92 -2.70658e-07 1.82362e-05 8.36136e-06 3.97987e-06 0.000209121 0.000456095
0.94 -2.38514e-07 1.6981e-05 7.67125e-06 4.48961e-06 0.000191861 0.000424701
0.96 -1.87548e-07 1.44811e-05 6.34246e-06 4.94015e-06 0.000158628 0.000362177
0.98 -1.10387e-07 1.14562e-05 5.25918e-06 5.23211e-06 0.000131534 0.000286524
1 -1.26401e-08 8.34102e-06 5.74431e-06 5.32549e-06 0.000143668 0.000208612
1.02 8.22742e-08 5.18765e-06 9.09615e-06 5.2699e-06 0.000227499 0.000129745
1.04 1.32781e-07 2.59699e-06 1.31631e-05 5.16931e-06 0.000329214 6.49517e-05
1.06 8.89949e-08 1.81136e-06 1.20575e-05 5.12006e-06 0.000301562 4.53028e-05
1.08 -7.51669e-08 3.02559e-06 3.98315e-06 5.11509e-06 9.96202e-05 7.56712e-05
1.1 -3.22803e-07 4.92774e-06 -5.54758e-06 4.96626e-06 -0.000138747 0.000123245
1.12 -5.52373e-07 6.37644e-06 -1.08009e-05 4.37268e-06 -0.000270135 0.000159478
1.14 -6.60541e-07 7.18095e-06 -1.06891e-05 3.17345e-06 -0.000267339 0.000179598
1.16 -6.2648e-07 7.45033e-06 -7.60029e-06 1.57878e-06 -0.000190087 0.000186336
1.18 -5.28206e-07 7.09511e-06 -5.01982e-06 5.46852e-08 -0.000125548 0.000177452
1.2 -4.66392e-07 5.85664e-06 -4.41552e-06 -1.10551e-06 -0.000110434 0.000146477
1.22 -4.77539e-07 4.00457e-06 -4.41945e-06 -2.03239e-06 -0.000110532 0.000100156
1.24 -5.22035e-07 2.78666e-06 -4.18551e-06 -3.06321e-06 -0.000104681 6.96955e-05
1.26 -5.43682e-07 3.13049e-06 -5.10219e-06 -4.35279e-06 -0.000127608 7.82949e-05
1.28 -5.27724e-07 4.1127e-06 -7.93477e-06 -5.7314e-06 -0.000198452 0.00010286
1.3 -4.95651e-07 3.9551e-06 -1.07386e-05 -6.88364e-06 -0.000268577 9.89186e-05
1.32 -4.52917e-07 2.44479e-06 -1.11526e-05 -7.62984e-06 -0.000278931 6.11453e-05
1.34 -3.6486e-07 1.13825e-06 -8.71464e-06 -8.0182e-06 -0.000217957 2.84682e-05
1.36 -1.95716e-07 9.01707e-07 -3.05276e-06 -8.12024e-06 -7.63508e-05 2.25521e-05
1.38 3.50608e-08 6.52097e-07 7.13009e-06 -7.78812e-06 0.000178326 1.63092e-05
1.4 2.35788e-07 -8.42327e-08 1.82746e-05 -6.71407e-06 0.000457055 -2.1067e-06
1.42 2.83764e-07 7.74849e-07 2.07466e-05 -4.76537e-06 0.000518882 1.93793e-05
1.44 1.10633e-07 4.83501e-06 1.13788e-05 -2.22682e-06 0.000284589 0.000120926
1.46 -2.2202e-07 1.05012e-05 -4.05055e-07 3.09842e-07 -1.01306e-05 0.000262641
1.48 -5.354e-07 1.53464e-05 -5.11504e-06 2.311e-06 -0.000127929 0.000383821
1.5 -6.5718e-07 1.86332e-05 -3.39626e-06 3.67402e-06 -8.49418e-05 0.000466024
1.52 -5.57519e-07 2.01098e-05 -4.61266e-08 4.85215e-06 -1.15364e-06 0.000502955
1.54 -3.58839e-07 1.91455e-05 3.88952e-06 6.48409e-06 9.72786e-05 0.000478837
1.56 -2.10526e-07 1.65984e-05 8.96928e-06 8.71197e-06 0.000224325 0.000415133
1.58 -1.68411e-07 1.50721e-05 1.34779e-05 1.0943e-05 0.000337089 0.000376958
1.6 -1.92974e-07 1.57499e-05 1.54307e-05 1.24225e-05 0.000385929 0.000393911
1.62 -2.31976e-07 1.68608e-05 1.46015e-05 1.29101e-05 0.00036519 0.000421695
1.64 -2.78488e-07 1.63287e-05 1.08505e-05 1.26548e-05 0.000271377 0.000408388
1.66 -3.53341e-07 1.41645e-05 3.95534e-06 1.19098e-05 9.89248e-05 0.00035426
1.68 -4.51144e-07 1.15801e-05 -3.96823e-06 1.07074e-05 -9.92471e-05 0.000289624
1.7 -5.17349e-07 9.45721e-06 -8.89988e-06 9.00184e-06 -0.00022259 0.000236529
1.72 -4.8346e-07 8.04533e-06 -8.66755e-06 6.84696e-06 -0.000216779 0.000201217
1.74 -3.26941e-07 6.53639e-06 -4.52148e-06 4.46897e-06 -0.000113084 0.000163478
1.76 -9.85539e-08 3.17907e-06 7.68063e-07 2.19962e-06 1.92096e-05 7.95099e-05
1.78 1.08679e-07 -2.39108e-06 4.46122e-06 1.99137e-07 0.000111577 -5.98019e-05
1.8 2.21716e-07 -7.64841e-06 4.26316e-06 -1.78576e-06 0.000106623 -0.00019129
1.82 2.29967e-07 -9.93923e-06 -1.38074e-07 -4.19528e-06 -3.45329e-06 -0.000248584
1.84 1.82052e-07 -9.9786e-06 -5.90573e-06 -7.11073e-06 -0.000147705 -0.000249569
1.86 1.51908e-07 -1.08242e-05 -9.41293e-06 -1.00735e-05 -0.000235421 -0.000270718
1.88 1.99995e-07 -1.42545e-05 -9.62229e-06 -1.24734e-05 -0.000240657 -0.00035651
1.9 3.41386e-07 -1.96481e-05 -7.99348e-06 -1.39661e-05 -0.00019992 -0.000491408
1.92 5.32794e-07 -2.53539e-05 -6.1555e-06 -1.4526e-05 -0.000153952 -0.000634111
1.94 6.95153e-07 -2.96659e-05 -4.99763e-06 -1.43193e-05 -0.000124993 -0.000741956
1.96 7.62607e-07 -3.12802e-05 -5.00001e-06 -1.36143e-05 -0.000125052 -0.00078233
1.98 7.19171e-07 -3.02689e-05 -6.13986e-06 -1.2662e-05 -0.000153561 -0.000757038
2 5.96605e-07 -2.82393e-05 -7.91031e-06 -1.15568e-05 -0.00019784 -0.000706277
2.02 4.42832e-07 -2.65286e-05 -9.98638e-06 -1.02488e-05 -0.000249763 -0.000663492
2.04 2.87557e-07 -2.4633e-05 -1.23628e-05 -8.68307e-06 -0.0003092 -0.000616082
2.06 1.27826e-07 -2.102e-05 -1.45689e-05 -6.84331e-06 -0.000364373 -0.000525718
2.08 -5.67278e-08 -1.49191e-05 -1.55186e-05 -4.68956e-06 -0.000388126 -0.000373133
2.1 -2.71467e-07 -6.89999e-06 -1.4579e-05 -2.19209e-06 -0.000364628 -0.000172572
2.12 -4.88356e-07 1.72259e-06 -1.21031e-05 5.32076e-07 -0.000302702 4.30827e-05
2.14 -6.61341e-07 9.79386e-06 -8.51482e-06 3.19007e-06 -0.000212959 0.000244948
2.16 -7.59471e-07 1.70125e-05 -3.64283e-06 5.44538e-06 -9.11088e-05 0.000425489
2.18 -7.85383e-07 2.36979e-05 2.49547e-06 7.07779e-06 6.24126e-05 0.000592695
2.2 -7.67695e-07 2.97575e-05 8.92709e-06 8.09351e-06 0.00022327 0.000744248
2.22 -7.39541e-07 3.43909e-05 1.41152e-05 8.74439e-06 0.000353027 0.00086013
2.24 -7.16971e-07 3.68624e-05 1.68122e-05 9.36867e-06 0.000420481 0.000921944
2.26 -6.89002e-07 3.69624e-05 1.695e-05 1.01238e-05 0.000423926 0.000924444
2.28 -6.30767e-07 3.50445e-05 1.59593e-05 1.0878e-05 0.000399148 0.000876478
2.3 -5.31892e-07 3.22847e-05 1.55508e-05 1.13634e-05 0.000388932 0.000807453
2.32 -4.11761e-07 3.03242e-05 1.62903e-05 1.13992e-05 0.000407427 0.000758421
2.34 -3.06155e-07 2.98576e-05 1.79972e-05 1.10001e-05 0.000450118 0.000746752
2.36 -2.39238e-07 2.9879e-05 2.04501e-05 1.03454e-05 0.000511466 0.000747286
2.38 -2.06393e-07 2.87772e-05 2.25391e-05 9.64952e-06 0.000563712 0.000719729
2.4 -1.84106e-07 2.58973e-05 2.22343e-05 9.01724e-06 0.000556088 0.000647703
2.42 -1.58927e-07 2.18076e-05 1.87518e-05 8.40321e-06 0.000468991 0.000545417
2.44 -1.44417e-07 1.74062e-05 1.34929e-05 7.69778e-06 0.000337462 0.000435336
2.46 -1.66907e-07 1.32799e-05 8.15377e-06 6.82482e-06 0.000203929 0.000332137
2.48 -2.3779e-07 9.82396e-06 3.12115e-06 5.75343e-06 7.80612e-05 0.000245701
2.5 -3.39777e-07 7.08944e-06 -1.96855e-06 4.45459e-06 -4.92342e-05 0.00017731
2.52 -4.34411e-07 4.35623e-06 -7.00982e-06 2.89337e-06 -0.000175319 0.000108951
2.54 -4.82903e-07 8.01302e-07 -1.10023e-05 1.0632e-06 -0.000275171 2.00409e-05
2.56 -4.67495e-07 -3.41334e-06 -1.27768e-05 -9.97468e-07 -0.000319554 -8.53691e-05
2.58 -4.01197e-07 -7.50487e-06 -1.26334e-05 -3.19403e-06 -0.000315966 -0.0001877
2.6 -3.21422e-07 -1.12596e-05 -1.27582e-05 -5.3534e-06 -0.000319087 -0.000281607
2.62 -2.69239e-07 -1.50341e-05 -1.48008e-05 -7.28133e-06 -0.000370175 -0.000376009
2.64 -2.62797e-07 -1.87347e-05 -1.77638e-05 -8.91824e-06 -0.000444281 -0.000468564
2.66 -2.88398e-07 -2.13114e-05 -1.96389e-05 -1.03889e-05 -0.000491177 -0.000533008
2.68 -3.24798e-07 -2.1119e-05 -2.01124e-05 -1.18147e-05 -0.000503019 -0.000528195
2.7 -3.71891e-07 -1.71096e-05 -2.00788e-05 -1.31046e-05 -0.000502178 -0.000427918
2.72 -4.41021e-07 -1.02459e-05 -1.9517e-05 -1.39872e-05 -0.000488129 -0.000256255
2.74 -5.16727e-07 -3.3231e-06 -1.751e-05 -1.42256e-05 -0.000437933 -8.31122e-05
2.76 -5.43696e-07 1.32708e-06 -1.35516e-05 -1.37704e-05 -0.000338932 3.31907e-05
2.78 -4.63722e-07 3.79975e-06 -7.92436e-06 -1.27318e-05 -0.000198191 9.50333e-05
2.8 -2.68311e-07 5.56717e-06 -1.7921e-06 -1.12435e-05 -4.48212e-05 0.000139237
2.82 -1.47125e-08 7.00874e-06 2.93709e-06 -9.33243e-06 7.34577e-05 0.000175291
2.84 2.14752e-07 7.47189e-06 5.31763e-06 -6.91379e-06 0.000132996 0.000186875
2.86 3.79804e-07 7.48581e-06 7.0277e-06 -3.95983e-06 0.000175766 0.000187223
2.88 5.1447e-07 8.99863e-06 1.1023e-05 -6.56043e-07 0.00027569 0.000225059
2.9 6.89361e-07 1.28145e-05 1.86561e-05 2.72451e-06 0.000466596 0.000320497
2.92 9.40916e-07 1.70316e-05 2.86648e-05 6.11762e-06 0.00071692 0.000425969
2.94 1.24034e-06 1.86771e-05 3.78231e-05 9.70678e-06 0.000945972 0.000467122
2.96 1.52636e-06 1.61293e-05 4.2192e-05 1.36056e-05 0.00105524 0.000403401
2.98 1.75836e-06 9.68471e-06 3.97336e-05 1.75883e-05 0.000993753 0.000242219
3 1.93949e-06 8.22122e-07 3.271e-05 2.11682e-05 0.000818092 2.05616e-05
3.02 2.09754e-06 -8.31522e-06 2.61149e-05 2.38672e-05 0.000653144 -0.000207967
3.04 2.24411e-06 -1.55644e-05 2.30054e-05 2.5425e-05 0.000575373 -0.000389271
3.06 2.34907e-06 -2.01428e-05 2.22358e-05 2.58941e-05 0.000556127 -0.00050378
3.08 2.35959e-06 -2.32547e-05 2.07146e-05 2.55737e-05 0.000518081 -0.000581609
3.1 2.25073e-06 -2.64133e-05 1.66509e-05 2.47136e-05 0.000416445 -0.000660608
3.12 2.05676e-06 -2.94343e-05 1.06506e-05 2.31992e-05 0.000266375 -0.000736164
3.14 1.85031e-06 -3.13436e-05 4.86012e-06 2.06126e-05 0.000121554 -0.000783916
3.16 1.68811e-06 -3.30116e-05 1.01386e-06 1.6676e-05 2.53572e-05 -0.000825634
3.18 1.56899e-06 -3.67277e-05 -1.56582e-06 1.15781e-05 -3.91618e-05 -0.000918576
3.2 1.43658e-06 -4.26573e-05 -5.59129e-06 5.80682e-06 -0.000139841 -0.00106688
3.22 1.22608e-06 -4.78986e-05 -1.25976e-05 -2.67956e-07 -0.000315071 -0.00119796
3.24 9.17441e-07 -5.00064e-05 -2.10828e-05 -6.54476e-06 -0.00052729 -0.00125068
3.26 5.47113e-07 -4.94454e-05 -2.8587e-05 -1.29701e-05 -0.000714972 -0.00123665
3.28 1.70813e-07 -4.75184e-05 -3.40305e-05 -1.93105e-05 -0.000851116 -0.00118845
3.3 -1.80074e-07 -4.40926e-05 -3.72759e-05 -2.51919e-05 -0.000932285 -0.00110277
3.32 -5.07863e-07 -3.8691e-05 -3.83095e-05 -3.02747e-05 -0.000958137 -0.000967679
3.34 -8.25008e-07 -3.20128e-05 -3.79835e-05 -3.43496e-05 -0.000949983 -0.000800653
3.36 -1.1258e-06 -2.52795e-05 -3.80371e-05 -3.73409e-05 -0.000951323 -0.00063225
3.38 -1.37939e-06 -1.91562e-05 -3.90101e-05 -3.92479e-05 -0.000975658 -0.000479105
3.4 -1.55164e-06 -1.3572e-05 -3.89979e-05 -4.00101e-05 -0.000975353 -0.000339441
3.42 -1.6357e-06 -7.69989e-06 -3.55543e-05 -3.94244e-05 -0.000889228 -0.000192577
3.44 -1.66013e-06 -2.8182e-07 -2.83265e-05 -3.72574e-05 -0.000708458 -7.04845e-06
3.46 -1.66928e-06 9.29914e-06 -1.91541e-05 -3.34348e-05 -0.000479052 0.000232575
3.48 -1.69547e-06 2.04695e-05 -1.01816e-05 -2.80895e-05 -0.000254646 0.000511951
3.5 -1.73858e-06 3.20955e-05 -2.59754e-06 -2.14757e-05 -6.49657e-05 0.000802721
3.52 -1.76164e-06 4.29988e-05 3.52534e-06 -1.38951e-05 8.81701e-05 0.00107542
3.54 -1.71145e-06 5.18814e-05 9.23812e-06 -5.66764e-06 0.000231049 0.00129757
3.56 -1.55585e-06 5.78379e-05 1.62197e-05 2.90184e-06 0.000405661 0.00144655
3.58 -1.30828e-06 6.13598e-05 2.51924e-05 1.15463e-05 0.000630073 0.00153463
3.6 -1.02023e-06 6.38559e-05 3.44825e-05 2.00312e-05 0.000862421 0.00159706
3.62 -7.50947e-07 6.56202e-05 4.07967e-05 2.81441e-05 0.00102034 0.00164119
3.64 -5.34914e-07 6.5255e-05 4.21614e-05 3.56659e-05 0.00105447 0.00163205
3.66 -3.66267e-07 6.19151e-05 3.99717e-05 4.22828e-05 0.000999709 0.00154852
3.68 -2.13193e-07 5.73045e-05 3.75354e-05 4.75359e-05 0.000938775 0.00143321
3.7 -5.42023e-08 5.41855e-05 3.68829e-05 5.09676e-05 0.000922458 0.0013552
3.72 9.83096e-08 5.31891e-05 3.79042e-05 5.23889e-05 0.000948 0.00133028
3.74 2.14529e-07 5.23316e-05 3.97628e-05 5.1947e-05 0.000994485 0.00130883
3.76 2.86797e-07 4.94249e-05 4.12558e-05 4.98816e-05 0.00103182 0.00123614
3.78 3.45249e-07 4.36049e-05 4.0335e-05 4.62787e-05 0.0010088 0.00109058
3.8 4.28573e-07 3.4668e-05 3.546e-05 4.11154e-05 0.00088687 0.000867061
3.82 5.42034e-07 2.272e-05 2.73987e-05 3.44455e-05 0.000685253 0.000568236
3.84 6.48597e-07 9.11162e-06 1.80721e-05 2.64417e-05 0.00045199 0.000227885
3.86 7.00596e-07 -3.85356e-06 8.19359e-06 1.73259e-05 0.000204925 -9.63793e-05
3.88 6.80448e-07 -1.51448e-05 -2.21718e-06 7.38769e-06 -5.54526e-05 -0.000378777
3.9 6.16437e-07 -2.58698e-05 -1.19536e-05 -2.95189e-06 -0.000298966 -0.000647015
3.92 5.60434e-07 -3.7111e-05 -1.92964e-05 -1.32045e-05 -0.000482612 -0.000928162
3.94 5.4016e-07 -4.7921e-05 -2.4134e-05 -2.29323e-05 -0.000603602 -0.00119852
3.96 5.22731e-07 -5.62181e-05 -2.80077e-05 -3.17335e-05 -0.000700484 -0.00140604
3.98 4.28108e-07 -6.06131e-05 -3.24582e-05 -3.91874e-05 -0.000811793 -0.00151596
4 1.91657e-07 -6.07732e-05 -3.82398e-05 -4.4968e-05 -0.000956394 -0.00151996
4.02 -1.76525e-07 -5.69411e-05 -4.52257e-05 -4.89974e-05 -0.00113111 -0.00142412
4.04 -5.89648e-07 -4.95764e-05 -5.1854e-05 -5.13682e-05 -0.00129689 -0.00123993
4.06 -9.36658e-07 -3.91979e-05 -5.53333e-05 -5.2122e-05 -0.00138391 -0.000980356
4.08 -1.13848e-06 -2.67746e-05 -5.34237e-05 -5.11724e-05 -0.00133615 -0.000669644
4.1 -1.1697e-06 -1.42515e-05 -4.57886e-05 -4.83755e-05 -0.00114519 -0.000356436
4.12 -1.04608e-06 -3.62764e-06 -3.35066e-05 -4.36083e-05 -0.000838013 -9.07287e-05
4.14 -7.97309e-07 4.70629e-06 -1.82955e-05 -3.68877e-05 -0.000457578 0.000117706
4.16 -4.46897e-07 1.14146e-05 -2.56202e-06 -2.85056e-05 -6.40771e-05 0.000285485
4.18 -1.40336e-08 1.59672e-05 1.11414e-05 -1.89642e-05 0.000278652 0.000399346
4.2 4.71444e-07 1.67818e-05 2.16508e-05 -8.72684e-06 0.000541495 0.000419719
4.22 9.66158e-07 1.41594e-05 2.95515e-05 1.8822e-06 0.000739095 0.000354134
4.24 1.42809e-06 1.10161e-05 3.56742e-05 1.2554e-05 0.000892226 0.000275517
4.26 1.82958e-06 9.69255e-06 4.0382e-05 2.29627e-05 0.00100997 0.000242415
4.28 2.1575e-06 1.00106e-05 4.46642e-05 3.28877e-05 0.00111707 0.000250369
4.3 2.41023e-06 1.11516e-05 5.00083e-05 4.21651e-05 0.00125073 0.000278905
4.32 2.59283e-06 1.30923e-05 5.63171e-05 5.04673e-05 0.00140852 0.000327444
4.34 2.70026e-06 1.55322e-05 6.14189e-05 5.73137e-05 0.00153611 0.000388468
4.36 2.70237e-06 1.7748e-05 6.30879e-05 6.23083e-05 0.00157786 0.000443885
4.38 2.56214e-06 1.99776e-05 6.04033e-05 6.51615e-05 0.00151071 0.000499649
4.4 2.27998e-06 2.29157e-05 5.33369e-05 6.5521e-05 0.00133398 0.000573132
4.42 1.91913e-06 2.55224e-05 4.24309e-05 6.30547e-05 0.00106121 0.000638327
4.44 1.59341e-06 2.4566e-05 2.92768e-05 5.77229e-05 0.000732226 0.000614405
4.46 1.43147e-06 1.65902e-05 1.68276e-05 4.97902e-05 0.000420866 0.000414927
4.48 1.52535e-06 1.74496e-07 8.19424e-06 3.96023e-05 0.000204941 4.36421e-06
4.5 1.87574e-06 -2.33384e-05 4.0242e-06 2.75296e-05 0.000100647 -0.000583703
4.52 2.37333e-06 -5.06286e-05 1.52575e-06 1.4084e-05 3.81595e-05 -0.00126624
4.54 2.84403e-06 -7.77178e-05 -2.87929e-06 -1.21725e-07 -7.20122e-05 -0.00194376
4.56 3.13622e-06 -0.000101514 -1.05025e-05 -1.4587e-05 -0.000262673 -0.0025389
4.58 3.19179e-06 -0.000121066 -2.05558e-05 -2.89769e-05 -0.000514109 -0.0030279
4.6 3.04919e-06 -0.000137032 -3.22933e-05 -4.29263e-05 -0.000807668 -0.00342722
4.62 2.7794e-06 -0.000149789 -4.61174e-05 -5.58933e-05 -0.00115342 -0.00374628
4.64 2.41714e-06 -0.000158977 -6.27254e-05 -6.72372e-05 -0.00156879 -0.00397608
4.66 1.94922e-06 -0.000164555 -8.10971e-05 -7.63696e-05 -0.00202827 -0.0041156
4.68 1.35623e-06 -0.000166426 -9.74548e-05 -8.2871e-05 -0.00243738 -0.00416237
4.7 6.51221e-07 -0.000163011 -0.000107312 -8.66016e-05 -0.00268391 -0.00407697
4.72 -1.32142e-07 -0.000152004 -0.000109005 -8.76795e-05 -0.00272625 -0.00380169
4.74 -9.91928e-07 -0.0001324 -0.000104561 -8.62277e-05 -0.0026151 -0.00331138
4.76 -1.98435e-06 -0.000104371 -9.72529e-05 -8.21998e-05 -0.00243234 -0.00261035
4.78 -3.17318e-06 -6.80251e-05 -8.91444e-05 -7.55917e-05 -0.00222954 -0.00170134
4.8 -4.54245e-06 -2.42598e-05 -8.07056e-05 -6.67329e-05 -0.00201848 -0.000606747
4.82 -5.96466e-06 2.35929e-05 -7.17075e-05 -5.61748e-05 -0.00179343 0.000590068
4.84 -7.25567e-06 7.04617e-05 -6.2067e-05 -4.43411e-05 -0.00155232 0.00176228
4.86 -8.26235e-06 0.000111598 -5.19246e-05 -3.14559e-05 -0.00129866 0.00279112
4.88 -8.92185e-06 0.00014381 -4.0946e-05 -1.77506e-05 -0.00102408 0.00359675
4.9 -9.27316e-06 0.000166705 -2.79301e-05 -3.57561e-06 -0.000698543 0.00416937
4.92 -9.43076e-06 0.000184133 -1.17697e-05 1.06525e-05 -0.000294365 0.00460525
4.94 -9.54168e-06 0.000202889 7.05014e-06 2.45078e-05 0.000176327 0.00507434
4.96 -9.74208e-06 0.00022811 2.63177e-05 3.76239e-05 0.000658217 0.00570513
4.98 -1.011e-05 0.000259823 4.34397e-05 4.97742e-05 0.00108645 0.00649829
5 -1.06146e-05 0.000293787 5.65131e-05 6.07723e-05 0.00141342 0.00734775
5.02 -1.10997e-05 0.000324376 6.46169e-05 7.02367e-05 0.0016161 0.00811277
5.04 -1.13405e-05 0.000346487 6.82352e-05 7.7602e-05 0.00170659 0.00866579
5.06 -1.11472e-05 0.000356623 6.93291e-05 8.24525e-05 0.00173395 0.00891929
5.08 -1.04381e-05 0.000353745 7.01165e-05 8.47319e-05 0.00175364 0.00884731
5.1 -9.23309e-06 0.000338788 7.19126e-05 8.45682e-05 0.00179856 0.00847323
5.12 -7.59094e-06 0.000312795 7.56275e-05 8.20152e-05 0.00189147 0.00782313
5.14 -5.548e-06 0.000275915 8.23356e-05 7.70272e-05 0.00205925 0.00690076
5.16 -3.10526e-06 0.000228058 9.18713e-05 6.9583e-05 0.00229774 0.00570381
5.18 -2.64927e-07 0.000169193 0.000101279 5.97929e-05 0.00253304 0.00423159
5.2 2.92897e-06 9.81653e-05 0.000105994 4.79721e-05 0.00265096 0.00245515
5.22 6.39438e-06 1.1921e-05 0.000102694 3.4639e-05 0.00256842 0.000298149
5.24 1.00463e-05 -9.2471e-05 9.06885e-05 2.03728e-05 0.00226816 -0.00231274
5.26 1.37959e-05 -0.000213474 7.17449e-05 5.67109e-06 0.00179437 -0.00533906
5.28 1.74852e-05 -0.000342006 4.99412e-05 -9.01211e-06 0.00124905 -0.00855372
5.3 2.08186e-05 -0.000463153 3.02714e-05 -2.31488e-05 0.000757101 -0.0115836
5.32 2.33742e-05 -0.000561488 1.4608e-05 -3.61966e-05 0.000365353 -0.014043
5.34 2.47095e-05 -0.000625414 -1.08837e-06 -4.79035e-05 -2.72205e-05 -0.0156419
5.36 2.45073e-05 -0.000648877 -2.34818e-05 -5.84972e-05 -0.00058729 -0.0162287
5.38 2.26967e-05 -0.000632897 -5.56005e-05 -6.81445e-05 -0.00139059 -0.015829
5.4 1.95047e-05 -0.000583558 -9.5366e-05 -7.61284e-05 -0.00238514 -0.014595
5.42 1.54374e-05 -0.00051114 -0.000138701 -8.14173e-05 -0.00346897 -0.0127838
5.44 1.11812e-05 -0.000437335 -0.000180604 -8.43836e-05 -0.00451698 -0.0109379
5.46 7.41145e-06 -0.000380666 -0.000214693 -8.70252e-05 -0.00536956 -0.00952061
5.48 4.57053e-06 -0.000341406 -0.00023409 -9.0921e-05 -0.0058547 -0.00853871
5.5 2.66381e-06 -0.000305217 -0.000234814 -9.54711e-05 -0.00587279 -0.00763362
5.52 1.24926e-06 -0.000257415 -0.000218136 -9.87562e-05 -0.00545568 -0.00643805
5.54 -2.77864e-07 -0.000193499 -0.000188386 -9.97268e-05 -0.00471161 -0.0048395
5.56 -2.31641e-06 -0.000109273 -0.000149674 -9.87215e-05 -0.0037434 -0.00273297
5.58 -4.86862e-06 8.40456e-07 -0.000103914 -9.60835e-05 -0.00259894 2.102e-05
5.6 -7.60928e-06 0.000131259 -5.10267e-05 -9.11653e-05 -0.0012762 0.00328285
5.62 -1.0073e-05 0.000258877 7.80377e-06 -8.28977e-05 0.000195176 0.00647463
5.64 -1.18279e-05 0.000356815 6.65167e-05 -7.08458e-05 0.00166361 0.0089241
5.66 -1.26155e-05 0.000411996 0.000116234 -5.53471e-05 0.00290707 0.0103042
5.68 -1.24488e-05 0.000428091 0.000151221 -3.6751e-05 0.0037821 0.0107067
5.7 -1.16073e-05 0.000416816 0.000171021 -1.49646e-05 0.00427732 0.0104248
5.72 -1.05122e-05 0.000391024 0.000178138 9.9294e-06 0.00445531 0.00977968
5.74 -9.56401e-06 0.000363078 0.000176326 3.6743e-05 0.00441 0.00908073
5.76 -9.03701e-06 0.000343259 0.000169997 6.32802e-05 0.00425169 0.00858505
5.78 -9.06152e-06 0.000336565 0.000161787 8.75209e-05 0.00404637 0.00841764
5.8 -9.66212e-06 0.00034144 0.000149713 0.000108614 0.00374438 0.00853957
5.82 -1.07882e-05 0.000350724 0.000127819 0.000126653 0.00319681 0.00877174
5.84 -1.23051e-05 0.000353679 9.1056e-05 0.000141362 0.00227735 0.00884565
5.86 -1.39794e-05 0.000341571 4.02166e-05 0.00015107 0.00100583 0.00854283
5.88 -1.55253e-05 0.000313909 -1.87507e-05 0.000153484 -0.000468962 0.00785099
5.9 -1.67135e-05 0.000277433 -7.94721e-05 0.000147396 -0.00198763 0.00693871
5.92 -1.74556e-05 0.000239874 -0.000136791 0.000132979 -0.00342121 0.00599934
5.94 -1.77728e-05 0.000207246 -0.000185351 0.000110543 -0.00463571 0.00518331
5.96 -1.76592e-05 0.000183938 -0.000220945 7.99855e-05 -0.00552593 0.00460036
5.98 -1.6953e-05 0.000168635 -0.000242812 4.1743e-05 -0.00607283 0.00421764
6 -1.53262e-05 0.000148681 -0.000250794 -2.38326e-06 -0.00627246 0.00371857
6.02 -1.24166e-05 0.000103169 -0.000242181 -4.97486e-05 -0.00605704 0.0025803
6.04 -8.05172e-06 1.65438e-05 -0.000216045 -9.78344e-05 -0.00540337 0.000413767
6.06 -2.472e-06 -0.000107447 -0.000177803 -0.000144322 -0.00444693 -0.00268729
6.08 3.59495e-06 -0.000242589 -0.000133649 -0.000186521 -0.00334262 -0.00606726
6.1 9.14358e-06 -0.000351793 -8.52735e-05 -0.000221349 -0.00213272 -0.0087985
6.12 1.33335e-05 -0.000407125 -3.72064e-05 -0.000245994 -0.000930547 -0.0101824
6.14 1.59046e-05 -0.000404618 -2.07122e-06 -0.000258353 -5.18022e-05 -0.0101197
6.16 1.73153e-05 -0.000364188 1.20941e-05 -0.000257002 0.000302479 -0.0091085
6.18 1.85361e-05 -0.000316414 1.60244e-05 -0.000241499 0.000400778 -0.00791364
6.2 2.05857e-05 -0.000286305 3.21441e-05 -0.00021331 0.000803938 -0.0071606
6.22 2.4001e-05 -0.000284724 7.84045e-05 -0.000175411 0.00196093 -0.00712106
6.24 2.8495e-05 -0.000310821 0.000158417 -0.000129196 0.00396208 -0.00777377
6.26 3.29651e-05 -0.000353367 0.000246305 -7.31315e-05 0.0061602 -0.00883786
6.28 3.58627e-05 -0.000385909 0.000276405 -7.05251e-06 0.00691302 -0.00965174
6.3 3.57871e-05 -0.000375106 0.000188925 6.4937e-05 0.0047251 -0.00938157
6.32 3.21558e-05 -0.000303337 1.77688e-05 0.000139224 0.000444406 -0.0075866
6.34 2.55515e-05 -0.00017923 -0.000172063 0.000216629 -0.00430337 -0.00448261
6.36 1.75391e-05 -2.56321e-05 -0.00035736 0.000297206 -0.00893773 -0.000641068
6.38 9.86544e-06 0.000134779 -0.000528725 0.000374857 -0.0132236 0.00337089
6.4 3.61106e-06 0.000276728 -0.000661014 0.000443245 -0.0165322 0.00692107
6.42 -7.90468e-07 0.000373435 -0.000700239 0.000501788 -0.0175133 0.00933978
6.44 -3.35594e-06 0.000418099 -0.000639035 0.000548218 -0.0159825 0.0104568
6.46 -4.47272e-06 0.000427172 -0.000527074 0.000574853 -0.0131823 0.0106837
6.48 -4.85682e-06 0.000416785 -0.00042423 0.000578786 -0.0106102 0.010424
6.5 -5.71163e-06 0.000395434 -0.000387364 0.000565689 -0.00968812 0.00988997
6.52 -8.13337e-06 0.000373747 -0.000443095 0.000541124 -0.011082 0.00934756
6.54 -1.22425e-05 0.000362094 -0.000571155 0.000506592 -0.0142848 0.00905613
6.56 -1.71326e-05 0.000363361 -0.000725819 0.000464174 -0.018153 0.0090878
6.58 -2.14479e-05 0.000365631 -0.000863424 0.00041746 -0.0215946 0.00914458
6.6 -2.41543e-05 0.000344705 -0.000943979 0.000366374 -0.0236093 0.0086212
6.62 -2.48612e-05 0.000286097 -0.000931012 0.00030519 -0.023285 0.0071554
6.64 -2.36881e-05 0.000201213 -0.000811101 0.000228255 -0.020286 0.00503243
6.66 -2.10517e-05 0.000114923 -0.000606843 0.000135441 -0.0151774 0.00287426
6.68 -1.75649e-05 4.09059e-05 -0.000359111 3.14901e-05 -0.00898152 0.00102307
6.7 -1.39633e-05 -2.03049e-05 -0.000104996 -7.60179e-05 -0.00262599 -0.000507834
6.72 -1.08781e-05 -6.65856e-05 0.000124765 -0.000178004 0.00312042 -0.00166533
6.74 -8.61712e-06 -9.02805e-05 0.000300665 -0.000267193 0.00751977 -0.00225795
6.76 -7.16482e-06 -8.97552e-05 0.000396062 -0.000341329 0.00990568 -0.00224481
6.78 -6.33259e-06 -7.74313e-05 0.000396873 -0.000401605 0.00992595 -0.00193659
6.8 -5.84474e-06 -7.43677e-05 0.000313303 -0.000448489 0.00783584 -0.00185997
6.82 -5.34404e-06 -9.68202e-05 0.000187426 -0.00048205 0.0046876 -0.00242151
6.84 -4.29422e-06 -0.000144877 7.95898e-05 -0.00050573 0.00199057 -0.00362343
6.86 -2.22427e-06 -0.000206627 2.7147e-05 -0.000524689 0.000678958 -0.00516784
6.88 7.81927e-07 -0.000271863 4.43675e-05 -0.000539074 0.00110965 -0.00679942
6.9 4.27213e-06 -0.000333713 0.000125662 -0.000542937 0.00314287 -0.0083463
6.92 7.66983e-06 -0.00038172 0.00023928 -0.000531364 0.00598449 -0.00954697
6.94 1.05676e-05 -0.000404477 0.000351465 -0.000505282 0.00879028 -0.0101161
6.96 1.29875e-05 -0.000400043 0.000441204 -0.000467856 0.0110347 -0.0100052
6.98 1.50971e-05 -0.000378007 0.000498303 -0.000419009 0.0124628 -0.00945412
7 1.70961e-05 -0.000351499 0.00051463 -0.000355731 0.0128711 -0.00879113
7.02 1.90596e-05 -0.000326416 0.000488749 -0.000276918 0.0122238 -0.0081638
7.04 2.07542e-05 -0.000298002 0.000430846 -0.00018578 0.0107756 -0.00745315
7.06 2.16923e-05 -0.000257792 0.000355535 -8.77862e-05 0.00889208 -0.00644749
7.08 2.12782e-05 -0.000200855 0.00027162 1.18612e-05 0.00679332 -0.00502347
7.1 1.90574e-05 -0.000127887 0.0001827 0.000108964 0.0045694 -0.00319852
7.12 1.49892e-05 -4.29698e-05 9.50135e-05 0.000199713 0.00237633 -0.00107469
7.14 9.60599e-06 4.87749e-05 2.0502e-05 0.000279517 0.000512765 0.00121988
7.16 3.88509e-06 0.000140775 -2.83646e-05 0.000342931 -0.000709409 0.00352083
7.18 -1.16592e-06 0.000223497 -4.6595e-05 0.00038589 -0.00116536 0.00558975
7.2 -4.86454e-06 0.000285478 -3.52098e-05 0.000408988 -0.000880611 0.00713992
7.22 -6.76564e-06 0.000316855 3.3345e-06 0.000417626 8.33978e-05 0.00792466
7.24 -6.81134e-06 0.00031359 5.56589e-05 0.00041706 0.00139205 0.007843
7.26 -5.53291e-06 0.000282882 9.65576e-05 0.000408058 0.00241495 0.00707499
7.28 -3.9616e-06 0.000243244 0.000104836 0.000388744 0.00262199 0.00608364
7.3 -3.38673e-06 0.000213845 7.23499e-05 0.000359522 0.0018095 0.00534834
7.32 -4.83242e-06 0.000205046 -5.17931e-07 0.00032377 -1.29532e-05 0.00512828
7.34 -8.63795e-06 0.00021971 -0.000106826 0.000282846 -0.00267176 0.00549503
7.36 -1.43303e-05 0.000256873 -0.000223697 0.000232698 -0.00559476 0.00642449
7.38 -2.0823e-05 0.000309731 -0.000314285 0.000168079 -0.00786039 0.00774651
7.4 -2.67635e-05 0.000363701 -0.000350396 8.9401e-05 -0.00876355 0.00909632
7.42 -3.09064e-05 0.000401928 -0.000329005 2.81811e-06 -0.00822854 0.0100524
7.44 -3.24142e-05 0.000412563 -0.000264257 -8.55251e-05 -0.00660918 0.0103184
7.46 -3.10245e-05 0.000390736 -0.000172896 -0.000171684 -0.00432421 0.00977248
7.48 -2.70349e-05 0.000337971 -7.15918e-05 -0.000250843 -0.00179054 0.0084528
7.5 -2.11699e-05 0.0002616 2.10416e-05 -0.00031642 0.000526259 0.00654271
7.52 -1.44059e-05 0.000172061 8.80052e-05 -0.000363783 0.00220105 0.00430331
7.54 -7.7734e-06 7.77406e-05 0.00011697 -0.000393018 0.00292547 0.00194432
7.56 -2.14639e-06 -1.68506e-05 0.000100002 -0.0004071 0.0025011 -0.000421441
7.58 1.95361e-06 -0.000106968 4.17376e-05 -0.000408021 0.00104388 -0.00267531
7.6 4.54436e-06 -0.000186965 -2.90719e-05 -0.000394927 -0.0007271 -0.00467607
7.62 6.17752e-06 -0.000254955 -7.46772e-05 -0.000366038 -0.00186771 -0.00637652
7.64 7.64094e-06 -0.000311713 -7.73539e-05 -0.000322506 -0.00193465 -0.00779606
7.66 9.5478e-06 -0.000356046 -4.0552e-05 -0.000269387 -0.00101422 -0.00890487
7.68 1.20941e-05 -0.000385309 2.76844e-05 -0.000212385 0.0006924 -0.00963674
7.7 1.51182e-05 -0.000398686 0.000116186 -0.000154024 0.00290587 -0.0099713
7.72 1.82726e-05 -0.0003973 0.000201437 -9.25803e-05 0.00503804 -0.00993665
7.74 2.11249e-05 -0.000381175 0.000254342 -2.52557e-05 0.0063612 -0.00953335
7.76 2.31387e-05 -0.000348115 0.000260548 4.73968e-05 0.0065164 -0.0087065
7.78 2.36984e-05 -0.000296766 0.000225558 0.000121631 0.00564129 -0.00742225
7.8 2.23066e-05 -0.000228749 0.000161151 0.000194021 0.00403045 -0.00572111
7.82 1.88491e-05 -0.000147216 7.77046e-05 0.000261593 0.00194343 -0.00368194
7.84 1.37246e-05 -5.67225e-05 -1.02214e-05 0.000318863 -0.000255641 -0.00141865
7.86 7.73151e-06 3.4737e-05 -8.16113e-05 0.000358373 -0.00204113 0.000868787
7.88 1.80767e-06 0.000117442 -0.000117122 0.000375531 -0.00292928 0.00293727
7.9 -3.24603e-06 0.000186495 -0.000105168 0.000371607 -0.0026303 0.00466432
7.92 -6.98331e-06 0.000243968 -4.5375e-05 0.000351721 -0.00113485 0.00610174
7.94 -9.38324e-06 0.000292563 3.96545e-05 0.000321219 0.000991777 0.00731713
7.96 -1.08346e-05 0.000331594 0.000105878 0.000283944 0.00264805 0.00829331
7.98 -1.19757e-05 0.000361388 0.000119581 0.00024223 0.00299077 0.00903847
8 -1.33791e-05 0.000386329 7.89295e-05 0.000197659 0.00197406 0.00966225
8.02 -1.5297e-05 0.000409922 8.65282e-07 0.000151854 2.16415e-05 0.0102523
8.04 -1.76309e-05 0.000430214 -9.5656e-05 0.000105785 -0.0023924 0.0107598
8.06 -2.01228e-05 0.000443045 -0.000188518 5.79463e-05 -0.0047149 0.0110807
8.08 -2.25036e-05 0.000446454 -0.000250943 5.32053e-06 -0.00627619 0.011166
8.1 -2.44911e-05 0.000439111 -0.000265427 -5.21068e-05 -0.00663844 0.0109824
8.12 -2.57067e-05 0.000417245 -0.000235519 -0.000109512 -0.00589043 0.0104355
8.14 -2.5709e-05 0.000376586 -0.000178259 -0.000161483 -0.00445834 0.00941858
8.16 -2.4163e-05 0.000316625 -0.000110771 -0.000205956 -0.00277043 0.00791892
8.18 -2.09916e-05 0.000239578 -4.82958e-05 -0.000242227 -0.0012079 0.00599194
8.2 -1.64141e-05 0.000146588 -6.7319e-06 -0.000267653 -0.000168367 0.00366624
8.22 -1.08437e-05 3.84968e-05 2.60843e-06 -0.000279233 6.52385e-05 0.00096282
8.24 -4.75467e-06 -8.05342e-05 -2.03342e-05 -0.000277288 -0.000508565 -0.00201419
8.26 1.37807e-06 -0.000202389 -6.59878e-05 -0.000265178 -0.00165038 -0.00506182
8.28 7.07435e-06 -0.000317698 -0.000117968 -0.000245689 -0.00295042 -0.00794575
8.3 1.18659e-05 -0.000417728 -0.000154837 -0.000219237 -0.00387254 -0.0104475
8.32 1.53791e-05 -0.000494403 -0.00016354 -0.0001856 -0.00409021 -0.0123652
8.34 1.74359e-05 -0.00054067 -0.000147001 -0.000146471 -0.00367655 -0.0135224
8.36 1.81097e-05 -0.000552474 -0.000113077 -0.000106304 -0.00282811 -0.0138176
8.38 1.7735e-05 -0.00053131 -6.63405e-05 -7.10523e-05 -0.0016592 -0.0132883
8.4 1.68651e-05 -0.00048526 -1.17183e-05 -4.51576e-05 -0.000293079 -0.0121366
8.42 1.61466e-05 -0.000427615 4.12856e-05 -2.76587e-05 0.00103257 -0.0106948
8.44 1.61711e-05 -0.000376693 8.28924e-05 -1.12783e-05 0.00207317 -0.00942124
8.46 1.72371e-05 -0.000346251 0.000107889 1.17395e-05 0.00269835 -0.00865987
8.48 1.90931e-05 -0.000331309 0.000116016 4.21548e-05 0.00290162 -0.00828617
8.5 2.0908e-05 -0.000313413 0.000110104 7.44746e-05 0.00275375 -0.0078386
8.52 2.152e-05 -0.000278225 9.30334e-05 0.000104545 0.0023268 -0.00695853
8.54 1.9947e-05 -0.000220529 6.78203e-05 0.000131789 0.00169622 -0.00551551
8.56 1.58598e-05 -0.000135195 4.11594e-05 0.000153556 0.00102941 -0.00338127
8.58 9.6856e-06 -1.76598e-05 2.34548e-05 0.000163206 0.000586615 -0.00044168
8.6 2.36977e-06 0.000123538 2.26527e-05 0.000156802 0.000566555 0.00308974
8.62 -4.97291e-06 0.000264441 4.05483e-05 0.000138443 0.00101413 0.00661378
8.64 -1.13291e-05 0.000380046 6.87833e-05 0.000116601 0.0017203 0.0095051
8.66 -1.59774e-05 0.000457262 8.95966e-05 9.7123e-05 0.00224085 0.0114363
8.68 -1.86308e-05 0.000494922 8.99361e-05 8.10566e-05 0.00224934 0.0123782
8.7 -1.94736e-05 0.000498428 6.9249e-05 6.71867e-05 0.00173195 0.0124659
8.72 -1.90604e-05 0.000477456 3.25493e-05 5.45796e-05 0.000814072 0.0119414
8.74 -1.813e-05 0.000444686 -1.60216e-05 4.31199e-05 -0.000400706 0.0111218
8.76 -1.74168e-05 0.000412349 -7.03483e-05 3.28964e-05 -0.00175944 0.010313
8.78 -1.75014e-05 0.00038904 -0.000120406 2.30379e-05 -0.0030114 0.00973004
8.8 -1.86898e-05 0.000380025 -0.000157383 1.07008e-05 -0.00393621 0.00950457
8.82 -2.09126e-05 0.000386444 -0.0001778 -7.30898e-06 -0.00444686 0.00966512
8.84 -2.36498e-05 0.000397482 -0.000182871 -3.04868e-05 -0.00457367 0.00994118
8.86 -2.59699e-05 0.000392431 -0.000176679 -5.44928e-05 -0.00441882 0.00981485
8.88 -2.67803e-05 0.000358268 -0.00016316 -7.67637e-05 -0.00408069 0.00896043
8.9 -2.52486e-05 0.000295707 -0.000144892 -9.8789e-05 -0.00362381 0.00739576
8.92 -2.11721e-05 0.000207635 -0.000126146 -0.000120811 -0.00315495 0.00519303
8.94 -1.50308e-05 9.45495e-05 -0.000113645 -0.00013832 -0.0028423 0.00236472
8.96 -7.71966e-06 -3.58032e-05 -0.000112808 -0.000146678 -0.00282138 -0.000895453
8.98 -2.19721e-07 -0.000165062 -0.000120437 -0.000146468 -0.00301217 -0.00412827
9 6.5825e-06 -0.000275031 -0.00012296 -0.000141697 -0.00307529 -0.00687863
9.02 1.19784e-05 -0.000357112 -0.000111632 -0.000134541 -0.00279197 -0.00893152
9.04 1.55103e-05 -0.000409488 -9.19316e-05 -0.000124292 -0.00229925 -0.0102415
9.06 1.70663e-05 -0.000431165 -7.21872e-05 -0.000110598 -0.00180543 -0.0107836
9.08 1.69778e-05 -0.000423519 -5.22498e-05 -9.54333e-05 -0.00130679 -0.0105924
9.1 1.60089e-05 -0.000394804 -2.6295e-05 -8.16016e-05 -0.000657649 -0.00987422
9.12 1.5144e-05 -0.000358543 8.91673e-06 -7.02534e-05 0.000223012 -0.00896731
9.14 1.52159e-05 -0.000327132 5.15534e-05 -5.94519e-05 0.00128937 -0.00818172
9.16 1.65732e-05 -0.000308629 9.41617e-05 -4.43232e-05 0.00235502 -0.00771893
9.18 1.89504e-05 -0.000303934 0.000123563 -2.02375e-05 0.00309036 -0.00760151
9.2 2.15732e-05 -0.000302438 0.000127815 1.26153e-05 0.00319672 -0.00756409
9.22 2.3463e-05 -0.000288737 0.000105409 4.93791e-05 0.00263632 -0.00722142
9.24 2.38209e-05 -0.000257307 6.47911e-05 8.56018e-05 0.00162045 -0.00643536
9.26 2.23129e-05 -0.000213886 1.80941e-05 0.000119361 0.000452542 -0.00534938
9.28 1.91042e-05 -0.000162085 -2.1185e-05 0.000148252 -0.000529845 -0.0040538
9.3 1.46575e-05 -9.67458e-05 -3.99782e-05 0.000168243 -0.000999871 -0.00241965
9.32 9.50769e-06 -1.37987e-05 -3.16857e-05 0.000177604 -0.000792471 -0.000345112
9.34 4.17258e-06 7.84697e-05 -9.17342e-07 0.000179819 -2.29427e-05 0.00196256
9.36 -8.20615e-07 0.000162967 3.33889e-05 0.000180408 0.000835071 0.00407587
9.38 -4.98996e-06 0.000227959 4.67104e-05 0.000181461 0.00116825 0.00570135
9.4 -8.04531e-06 0.000273788 2.91047e-05 0.000180448 0.000727921 0.00684756
9.42 -9.99143e-06 0.000305828 -1.09252e-05 0.000173708 -0.000273243 0.00764887
9.44 -1.11174e-05 0.000326194 -6.09635e-05 0.000159832 -0.00152472 0.00815824
9.46 -1.18667e-05 0.000334542 -0.000113681 0.000139933 -0.00284322 0.00836704
9.48 -1.2676e-05 0.000333334 -0.000162318 0.000116053 -0.00405965 0.00833681
9.5 -1.38436e-05 0.000328647 -0.000197504 8.97649e-05 -0.00493965 0.00821961
9.52 -1.54551e-05 0.000326084 -0.000213076 6.14634e-05 -0.00532912 0.00815549
9.54 -1.73615e-05 0.000326194 -0.000211365 3.0667e-05 -0.00528632 0.00815824
9.56 -1.91991e-05 0.000322268 -0.000200225 -2.60358e-06 -0.0050077 0.00806007
9.58 -2.04454e-05 0.000304542 -0.000186373 -3.72324e-05 -0.00466127 0.00761671
9.6 -2.05317e-05 0.000268118 -0.000172508 -7.21512e-05 -0.0043145 0.00670575
9.62 -1.90127e-05 0.000213818 -0.000159604 -0.000106823 -0.00399177 0.00534769
9.64 -1.57513e-05 0.000141985 -0.000149672 -0.000139688 -0.00374336 0.0035511
9.66 -1.10262e-05 5.14369e-05 -0.000145092 -0.000167156 -0.00362881 0.00128646
9.68 -5.487e-06 -5.31037e-05 -0.000146717 -0.00018533 -0.00366946 -0.00132815
9.7 1.95929e-08 -0.000156602 -0.000153964 -0.000192627 -0.00385071 -0.00391669
9.72 4.67245e-06 -0.000240335 -0.000162771 -0.000190133 -0.00407097 -0.00601089
9.74 7.88953e-06 -0.000292603 -0.000165761 -0.000179845 -0.00414575 -0.00731812
9.76 9.48278e-06 -0.000312576 -0.000159546 -0.0001635 -0.00399031 -0.00781767
9.78 9.69861e-06 -0.000306532 -0.000145858 -0.000142907 -0.00364798 -0.0076665
9.8 9.1185e-06 -0.00028328 -0.000124205 -0.000120158 -0.00310642 -0.00708494
9.82 8.45126e-06 -0.000251846 -8.99206e-05 -9.64901e-05 -0.00224895 -0.00629878
9.84 8.28987e-06 -0.000219852 -4.20097e-05 -7.08542e-05 -0.00105068 -0.00549858
9.86 8.9049e-06 -0.000191441 1.04045e-05 -4.05254e-05 0.00026022 -0.00478802
9.88 1.01494e-05 -0.000166514 5.2718e-05 -3.90668e-06 0.0013185 -0.00416459
9.9 1.1537e-05 -0.000142564 7.44105e-05 3.76923e-05 0.00186104 -0.00356557
9.92 1.24697e-05 -0.000116151 7.30002e-05 8.10684e-05 0.00182576 -0.00290498
9.94 1.24817e-05 -8.2712e-05 5.25193e-05 0.000122705 0.00131353 -0.00206866
9.96 1.13632e-05 -3.77742e-05 2.1703e-05 0.000159068 0.000542802 -0.000944749
9.98 9.14982e-06 1.94685e-05 -8.31735e-06 0.000186887 -0.00020802 0.000486915
10 6.06508e-06 8.40124e-05 -2.87097e-05 0.00020453 -0.000718041 0.00210118
10.02 2.48602e-06 0.000147475 -3.65172e-05 0.000212923 -0.00091331 0.00368842
10.04 -1.0994e-06 0.000203055 -3.28385e-05 0.000214631 -0.000821305 0.00507849
10.06 -4.19323e-06 0.000248093 -1.75551e-05 0.000212028 -0.000439059 0.00620491
10.08 -6.43902e-06 0.000282797 7.22962e-06 0.00020614 0.000180816 0.00707287
10.1 -7.76338e-06 0.000308131 2.96003e-05 0.00019668 0.000740315 0.00770649
10.12 -8.39466e-06 0.000324555 3.44503e-05 0.000182907 0.000861618 0.00811727
10.14 -8.70686e-06 0.000331362 1.58055e-05 0.000164375 0.000395304 0.0082875
10.16 -8.98914e-06 0.000327095 -2.23504e-05 0.000140763 -0.000558991 0.00818078
10.18 -9.31923e-06 0.000310971 -7.2247e-05 0.000111661 -0.00180693 0.00777751
10.2 -9.62349e-06 0.0002831 -0.000124198 7.75853e-05 -0.00310625 0.00708045
10.22 -9.81553e-06 0.000243939 -0.000166675 4.08417e-05 -0.00416862 0.00610101
10.24 -9.8641e-06 0.000194934 -0.000190964 4.26299e-06 -0.00477608 0.00487537
10.26 -9.75973e-06 0.000139539 -0.000196794 -3.05186e-05 -0.0049219 0.00348992
10.28 -9.44703e-06 8.26023e-05 -0.000191189 -6.28455e-05 -0.00478172 0.00206592
10.3 -8.79788e-06 2.79129e-05 -0.000181835 -9.18912e-05 -0.00454778 0.000698113
10.32 -7.6612e-06 -2.33172e-05 -0.000173342 -0.000116656 -0.00433535 -0.000583174
10.34 -5.95547e-06 -7.16148e-05 -0.000168843 -0.000136618 -0.00422284 -0.00179112
10.36 -3.73577e-06 -0.000117737 -0.000171504 -0.00015162 -0.00428939 -0.00294466
10.38 -1.18974e-06 -0.000162064 -0.00018259 -0.000161319 -0.00456665 -0.0040533
10.4 1.42659e-06 -0.000204373 -0.000200075 -0.000165257 -0.00500395 -0.00511145
10.42 3.87297e-06 -0.00024309 -0.000218394 -0.000163409 -0.00546211 -0.00607979
10.44 5.98108e-06 -0.000275071 -0.000227943 -0.000156242 -0.00570096 -0.00687965
10.46 7.65666e-06 -0.000296829 -0.000218897 -0.000144326 -0.0054747 -0.00742381
10.48 8.85241e-06 -0.000305665 -0.000189969 -0.00012821 -0.00475121 -0.00764481
10.5 9.55253e-06 -0.000299854 -0.000147896 -0.00010832 -0.00369893 -0.00749947
10.52 9.7909e-06 -0.000278491 -9.89397e-05 -8.47412e-05 -0.00247452 -0.00696518
10.54 9.68106e-06 -0.000241502 -4.82495e-05 -5.77022e-05 -0.00120674 -0.00604007
10.56 9.4064e-06 -0.000191181 -3.87427e-06 -2.81994e-05 -9.68967e-05 -0.00478153
10.58 9.15212e-06 -0.000133986 2.53878e-05 2.6943e-06 0.000634959 -0.00335105
10.6 9.02861e-06 -7.89545e-05 3.73958e-05 3.48044e-05 0.000935286 -0.00197469
10.62 9.03618e-06 -3.29369e-05 3.80874e-05 6.811e-05 0.000952581 -0.000823765
10.64 9.05734e-06 3.11883e-06 3.51244e-05 0.000101309 0.000878477 7.80032e-05
10.66 8.85544e-06 3.36075e-05 3.27079e-05 0.000132074 0.000818039 0.000840539
10.68 8.11101e-06 6.49065e-05 3.18226e-05 0.000158651 0.000795897 0.00162334
10.7 6.5374e-06 0.000102005 3.1535e-05 0.000180544 0.000788703 0.00255119
10.72 4.04298e-06 0.000146258 2.92253e-05 0.000197778 0.000730938 0.00365797
10.74 8.31693e-07 0.000194812 2.30975e-05 0.000210125 0.000577678 0.00487233
10.76 -2.64633e-06 0.000242111 1.52074e-05 0.000216916 0.000380345 0.00605529
10.78 -5.8614e-06 0.00028256 5.59561e-06 0.000217076 0.000139949 0.00706695
10.8 -8.41947e-06 0.000311732 -9.93235e-06 0.000209774 -0.000248412 0.00779655
10.82 -1.01809e-05 0.000325293 -3.37058e-05 0.000195526 -0.000842996 0.00813572
10.84 -1.12153e-05 0.000319649 -6.508e-05 0.000176077 -0.00162768 0.00799455
10.86 -1.16965e-05 0.000295642 -0.000102955 0.000152664 -0.00257495 0.00739412
10.88 -1.18368e-05 0.000260023 -0.000145316 0.000125047 -0.00363442 0.0065033
10.9 -1.18753e-05 0.000221862 -0.000186461 9.27715e-05 -0.00466347 0.00554886
10.92 -1.20303e-05 0.000187696 -0.000219533 5.65315e-05 -0.00549062 0.00469435
10.94 -1.2392e-05 0.000158988 -0.000241234 1.76044e-05 -0.00603336 0.00397637
10.96 -1.28311e-05 0.000132289 -0.000251328 -2.31556e-05 -0.00628583 0.00330859
10.98 -1.30151e-05 0.000101845 -0.000249015 -6.48821e-05 -0.00622796 0.00254719
11 -1.25514e-05 6.33532e-05 -0.000233446 -0.000105804 -0.00583859 0.00158449
11.02 -1.11898e-05 1.6352e-05 -0.00020777 -0.000143466 -0.00519642 0.00040897
11.04 -8.97083e-06 -3.57553e-05 -0.000179936 -0.000175587 -0.00450028 -0.000894255
11.06 -6.2149e-06 -8.69614e-05 -0.000158624 -0.000200453 -0.00396725 -0.00217494
11.08 -3.34848e-06 -0.00013078 -0.000150364 -0.000217012 -0.00376067 -0.00327087
11.1 -6.82895e-07 -0.000162986 -0.000158243 -0.000225042 -0.00395772 -0.00407634
11.12 1.70407e-06 -0.000183865 -0.000174013 -0.000224844 -0.00435213 -0.00459854
11.14 3.93094e-06 -0.000198085 -0.000179475 -0.000216675 -0.00448874 -0.00495419
11.16 6.1577e-06 -0.000210662 -0.000163584 -0.000200836 -0.00409131 -0.00526874
11.18 8.41915e-06 -0.000222786 -0.000128492 -0.000178083 -0.00321364 -0.00557198
11.2 1.0576e-05 -0.000232162 -7.98286e-05 -0.000149353 -0.00199655 -0.00580648
11.22 1.24217e-05 -0.000235953 -2.20756e-05 -0.000115152 -0.00055212 -0.00590129
11.24 1.38332e-05 -0.000232021 3.52424e-05 -7.57755e-05 0.000881428 -0.00580295
11.26 1.48061e-05 -0.000218755 7.75013e-05 -3.21928e-05 0.00193834 -0.00547115
11.28 1.53685e-05 -0.000195818 9.54342e-05 1.40527e-05 0.00238685 -0.00489749
11.3 1.55055e-05 -0.000164466 9.0189e-05 6.18364e-05 0.00225566 -0.00411335
11.32 1.51773e-05 -0.00012647 6.6775e-05 0.000110395 0.00167007 -0.00316306
11.34 1.43804e-05 -8.4155e-05 2.89881e-05 0.000158097 0.000725004 -0.00210475
11.36 1.31796e-05 -4.19917e-05 -1.66734e-05 0.000202109 -0.000417009 -0.00105023
11.38 1.16918e-05 -6.01138e-06 -5.80577e-05 0.000239627 -0.00145205 -0.000150347
11.4 1.00325e-05 2.04188e-05 -8.3273e-05 0.000268951 -0.00208269 0.000510684
11.42 8.24607e-06 4.01184e-05 -8.77905e-05 0.000289285 -0.00219568 0.00100338
11.44 6.25675e-06 6.04527e-05 -7.2731e-05 0.000300092 -0.00181903 0.00151195
11.46 3.90351e-06 8.8502e-05 -4.63933e-05 0.000300903 -0.00116031 0.00221347
11.48 1.07167e-06 0.000127569 -2.7056e-05 0.000291494 -0.000676682 0.00319056
11.5 -2.17832e-06 0.00017504 -2.97191e-05 0.000272171 -0.000743286 0.00437781
11.52 -5.55537e-06 0.000221432 -5.49525e-05 0.000243985 -0.00137439 0.0055381
11.54 -8.62219e-06 0.000254585 -9.62929e-05 0.00020859 -0.00240833 0.00636729
11.56 -1.10187e-05 0.000267963 -0.000149526 0.000167705 -0.00373971 0.00670187
11.58 -1.26573e-05 0.000263571 -0.000208318 0.000122823 -0.00521013 0.00659201
11.6 -1.37262e-05 0.000246617 -0.000258392 7.5377e-05 -0.00646248 0.00616799
11.62 -1.45081e-05 0.000221513 -0.000285636 2.66231e-05 -0.00714388 0.00554014
11.64 -1.51957e-05 0.000194189 -0.000287387 -2.27597e-05 -0.00718768 0.00485674
11.66 -1.58379e-05 0.000172884 -0.000270121 -7.23899e-05 -0.00675585 0.0043239
11.68 -1.63781e-05 0.000162424 -0.000239995 -0.0001212 -0.00600236 0.00406229
11.7 -1.6679e-05 0.0001591 -0.000201571 -0.000167056 -0.00504136 0.00397915
11.72 -1.65127e-05 0.000153069 -0.000162229 -0.000207525 -0.00405743 0.00382832
11.74 -1.55907e-05 0.000134838 -0.000130813 -0.000240757 -0.00327169 0.00337235
11.76 -1.36859e-05 9.91604e-05 -0.000112292 -0.000265502 -0.00280848 0.00248004
11.78 -1.07858e-05 4.5418e-05 -0.000107482 -0.00028063 -0.00268818 0.00113592
11.8 -7.14973e-06 -2.26588e-05 -0.000118813 -0.000285042 -0.00297157 -0.000566705
11.82 -3.21928e-06 -9.73728e-05 -0.00014568 -0.000278107 -0.00364351 -0.00243533
11.84 5.72241e-07 -0.000168933 -0.000172345 -0.000260163 -0.00431041 -0.00422509
11.86 3.98013e-06 -0.000228226 -0.000178683 -0.000232683 -0.00446894 -0.00570803
11.88 6.96363e-06 -0.00026905 -0.000158068 -0.000197885 -0.00395334 -0.00672906
11.9 9.56181e-06 -0.000289749 -0.000115563 -0.000158084 -0.00289027 -0.00724675
11.92 1.17933e-05 -0.000293624 -5.90076e-05 -0.000115358 -0.0014758 -0.00734366
11.94 1.36712e-05 -0.000287008 1.54017e-06 -7.13158e-05 3.85207e-05 -0.00717818
11.96 1.5269e-05 -0.000276051 5.16216e-05 -2.67076e-05 0.00129108 -0.00690414
11.98 1.6711e-05 -0.000264545 7.90248e-05 1.84856e-05 0.00197644 -0.00661638
12 1.80685e-05 -0.000253554 8.14721e-05 6.42914e-05 0.00203765 -0.0063415
12.02 1.92568e-05 -0.000241551 6.38122e-05 0.000110173 0.00159597 -0.00604128
12.04 2.00292e-05 -0.000224864 3.05195e-05 0.000155003 0.000763306 -0.00562394
12.06 2.00904e-05 -0.000199881 -1.47305e-05 0.000197087 -0.000368417 -0.00499911
12.08 1.92558e-05 -0.000165801 -6.46207e-05 0.000234128 -0.00161619 -0.00414674
12.1 1.7551e-05 -0.000124699 -0.000108178 0.000263679 -0.00270559 -0.00311879
12.12 1.5189e-05 -7.90462e-05 -0.000135572 0.000284023 -0.00339072 -0.00197698
12.14 1.24536e-05 -3.00831e-05 -0.000141414 0.00029465 -0.00353682 -0.000752391
12.16 9.57768e-06 2.15166e-05 -0.000125542 0.000296019 -0.00313985 0.000538139
12.18 6.66805e-06 7.45802e-05 -9.21639e-05 0.000289145 -0.00230506 0.00186528
12.2 3.76881e-06 0.000127398 -5.37271e-05 0.00027519 -0.00134374 0.00318628
12.22 8.88122e-07 0.000178144 -3.25834e-05 0.000254926 -0.000814925 0.00445545
12.24 -2.00401e-06 0.000224734 -4.22439e-05 0.000228634 -0.00105654 0.0056207
12.26 -4.91595e-06 0.000264548 -7.75417e-05 0.000196972 -0.00193935 0.00661647
12.28 -7.81001e-06 0.000295093 -0.000128877 0.000161856 -0.00322327 0.0073804
12.3 -1.06195e-05 0.000315048 -0.000191287 0.000125956 -0.00478416 0.00787947
12.32 -1.33045e-05 0.000324595 -0.000258312 9.09898e-05 -0.00646049 0.00811824
12.34 -1.58364e-05 0.000325017 -0.000316535 5.6685e-05 -0.00791666 0.00812882
12.36 -1.81153e-05 0.000317708 -0.000352847 2.16342e-05 -0.00882484 0.00794602
12.38 -1.99093e-05 0.000302819 -0.00036197 -1.51064e-05 -0.00905302 0.00757363
12.4 -2.09077e-05 0.000279028 -0.000344385 -5.34038e-05 -0.00861321 0.0069786
12.42 -2.08611e-05 0.000245306 -0.000302659 -9.22931e-05 -0.00756963 0.00613522
12.44 -1.97076e-05 0.000202787 -0.000243957 -0.000129998 -0.00610148 0.00507178
12.46 -1.76047e-05 0.000154257 -0.000182357 -0.000163814 -0.00456082 0.00385803
12.48 -1.48646e-05 0.000102101 -0.000133751 -0.000190765 -0.00334518 0.00255358
12.5 -1.18444e-05 4.78049e-05 -0.000108236 -0.00020888 -0.00270702 0.00119562
12.52 -8.86009e-06 -6.73157e-06 -0.000107629 -0.000217928 -0.00269186 -0.000168359
12.54 -6.14546e-06 -5.85342e-05 -0.000130341 -0.000219095 -0.00325989 -0.00146396
12.56 -3.85552e-06 -0.000103883 -0.000172423 -0.000213985 -0.00431237 -0.00259815
12.58 -2.04288e-06 -0.000139196 -0.000215162 -0.000203575 -0.00538129 -0.00348136
12.6 -5.80653e-07 -0.000162597 -0.000231624 -0.000187941 -0.00579302 -0.00406661
12.62 8.08202e-07 -0.000173954 -0.000211927 -0.000167011 -0.00530038 -0.00435067
12.64 2.39175e-06 -0.000173991 -0.000164577 -0.000141305 -0.00411614 -0.00435158
12.66 4.28575e-06 -0.000164858 -9.92864e-05 -0.000111793 -0.00248319 -0.00412316
12.68 6.44936e-06 -0.00015087 -2.38448e-05 -7.94516e-05 -0.000596367 -0.00377332
12.7 8.78337e-06 -0.000137262 4.61261e-05 -4.52002e-05 0.00115363 -0.00343297
12.72 1.11804e-05 -0.000127715 9.08178e-05 -9.83289e-06 0.00227139 -0.0031942
12.74 1.35041e-05 -0.000123507 0.000101371 2.62225e-05 0.00253534 -0.00308895
12.76 1.55756e-05 -0.000124953 8.43997e-05 6.27336e-05 0.00211087 -0.00312512
12.78 1.72007e-05 -0.000132413 5.25311e-05 9.91109e-05 0.00131382 -0.00331171
12.8 1.8195e-05 -0.000144348 1.62093e-05 0.000134257 0.000405401 -0.00361021
12.82 1.83888e-05 -0.000154677 -1.69534e-05 0.000166933 -0.00042401 -0.00386854
12.84 1.76426e-05 -0.000154231 -4.14731e-05 0.000196059 -0.00103726 -0.00385737
12.86 1.59014e-05 -0.000136018 -5.51157e-05 0.000220699 -0.00137847 -0.00340187
12.88 1.32674e-05 -9.8884e-05 -5.93304e-05 0.000239918 -0.00148388 -0.00247313
12.9 9.99936e-06 -4.69888e-05 -5.48543e-05 0.000252562 -0.00137193 -0.00117521
12.92 6.50509e-06 1.27225e-05 -4.57459e-05 0.000257088 -0.00114412 0.000318195
12.94 3.18131e-06 7.24416e-05 -4.57197e-05 0.000251894 -0.00114347 0.0018118
12.96 2.38264e-07 0.000123745 -6.48509e-05 0.000236367 -0.00162195 0.00309491
12.98 -2.2841e-06 0.000158108 -0.000101498 0.000211746 -0.00253851 0.00395434
13 -4.44482e-06 0.000170713 -0.000150771 0.000180698 -0.00377084 0.00426959
13.02 -6.34688e-06 0.000164998 -0.000208105 0.00014592 -0.00520478 0.00412666
13.04 -8.14424e-06 0.000151475 -0.000264185 0.000108974 -0.00660737 0.00378846
13.06 -1.00069e-05 0.000140543 -0.00030526 6.99428e-05 -0.00763469 0.00351504
13.08 -1.20271e-05 0.000136509 -0.000322452 2.8065e-05 -0.00806467 0.00341414
13.1 -1.41223e-05 0.000138172 -0.000316207 -1.70093e-05 -0.00790847 0.00345573
13.12 -1.60147e-05 0.000143096 -0.000291231 -6.4479e-05 -0.00728382 0.00357888
13.14 -1.73208e-05 0.000149097 -0.000252021 -0.00011268 -0.00630315 0.00372898
13.16 -1.77139e-05 0.000152193 -0.000204573 -0.00015942 -0.00511645 0.0038064
13.18 -1.70633e-05 0.00014634 -0.000157946 -0.000201775 -0.0039503 0.00366002
13.2 -1.54771e-05 0.000127327 -0.00012157 -0.000236332 -0.00304051 0.0031845
13.22 -1.32543e-05 9.64791e-05 -0.000102455 -0.000260395 -0.00256244 0.00241298
13.24 -1.07951e-05 5.98953e-05 -0.000104666 -0.000273045 -0.00261774 0.00149801
13.26 -8.47926e-06 2.49818e-05 -0.00012928 -0.000274992 -0.00323335 0.000624806
13.28 -6.55677e-06 -2.03138e-06 -0.000167476 -0.000267585 -0.00418864 -5.08058e-05
13.3 -5.04238e-06 -1.7811e-05 -0.000196508 -0.000251882 -0.00491475 -0.000445461
13.32 -3.66042e-06 -2.40085e-05 -0.000198106 -0.000228373 -0.00495472 -0.000600462
13.34 -1.96334e-06 -2.79177e-05 -0.000171124 -0.000197426 -0.00427988 -0.000698234
13.36 4.57666e-07 -3.96802e-05 -0.00012095 -0.000160042 -0.00302502 -0.000992418
13.38 3.80117e-06 -6.685e-05 -5.2085e-05 -0.000118169 -0.00130267 -0.00167195
13.4 7.98217e-06 -0.000109938 2.56765e-05 -7.39139e-05 0.000642181 -0.0027496
13.42 1.26409e-05 -0.000162271 9.33966e-05 -2.82328e-05 0.00233589 -0.00405848
13.44 1.72118e-05 -0.000213765 0.000133009 1.91198e-05 0.0033266 -0.00534634
13.46 2.10691e-05 -0.000255633 0.000137564 6.81511e-05 0.00344053 -0.00639348
13.48 2.37096e-05 -0.000283226 0.000109567 0.00011773 0.00274031 -0.0070836
13.5 2.48801e-05 -0.000295444 5.54843e-05 0.00016616 0.00138769 -0.00738918
13.52 2.45852e-05 -0.000291806 -1.36635e-05 0.000211736 -0.00034173 -0.00729818
13.54 2.30092e-05 -0.000271082 -8.15074e-05 0.000252409 -0.00203853 -0.00677987
13.56 2.04337e-05 -0.000233709 -0.000132735 0.000285707 -0.00331976 -0.00584517
13.58 1.71935e-05 -0.000184444 -0.00016102 0.000309626 -0.00402718 -0.00461301
13.6 1.36387e-05 -0.000130373 -0.000163597 0.000323182 -0.00409164 -0.00326068
13.62 1.00844e-05 -7.62849e-05 -0.000140669 0.000325648 -0.0035182 -0.00190792
13.64 6.72886e-06 -2.22123e-05 -0.00010595 0.00031574 -0.00264985 -0.00055554
13.66 3.52991e-06 3.45854e-05 -8.15462e-05 0.000292518 -0.0020395 0.000864996
13.68 2.35071e-07 9.42869e-05 -8.19938e-05 0.000257262 -0.0020507 0.00235816
13.7 -3.39772e-06 0.000152722 -0.000110928 0.000213534 -0.00277436 0.00381965
13.72 -7.39451e-06 0.000205272 -0.00016718 0.000165291 -0.00418125 0.00513395
13.74 -1.15323e-05 0.000250212 -0.000241155 0.000115614 -0.00603138 0.0062579
13.76 -1.5488e-05 0.000288275 -0.000310141 6.64587e-05 -0.00775676 0.00720988
13.78 -1.90036e-05 0.000320706 -0.000348519 1.82517e-05 -0.00871661 0.00802099
13.8 -2.19638e-05 0.000348123 -0.000344274 -2.98451e-05 -0.00861042 0.00870669
13.82 -2.43727e-05 0.00037071 -0.00030284 -7.81479e-05 -0.00757415 0.00927162
13.84 -2.62654e-05 0.000389311 -0.0002383 -0.000125256 -0.00595999 0.00973682
13.86 -2.7619e-05 0.000405362 -0.000165571 -0.00016909 -0.00414099 0.0101383
13.88 -2.8334e-05 0.000418451 -9.85327e-05 -0.000208194 -0.00246434 0.0104656
13.9 -2.82913e-05 0.000424151 -4.88554e-05 -0.000241269 -0.00122189 0.0106082
13.92 -2.74292e-05 0.000415909 -2.37116e-05 -0.00026634 -0.000593037 0.0104021
13.94 -2.57797e-05 0.000390016 -2.55943e-05 -0.000281545 -0.000640124 0.00975447
13.96 -2.34491e-05 0.000347437 -5.527e-05 -0.000286371 -0.00138233 0.00868953
13.98 -2.05332e-05 0.000289822 -0.000107694 -0.000281374 -0.00269347 0.00724856
14 -1.7034e-05 0.000216112 -0.000162597 -0.00026741 -0.00406663 0.00540506
14.02 -1.28775e-05 0.000124855 -0.000190242 -0.00024556 -0.00475804 0.00312267
14.04 -8.01276e-06 1.89633e-05 -0.000172839 -0.000216859 -0.00432279 0.000474279
14.06 -2.62201e-06 -9.11672e-05 -0.000118573 -0.00018197 -0.00296555 -0.00228013
14.08 2.76602e-06 -0.000188545 -4.85374e-05 -0.000141925 -0.00121394 -0.00471558
14.1 7.50051e-06 -0.000257075 1.92036e-05 -9.91672e-05 0.000480291 -0.00642956
14.12 1.12146e-05 -0.000292214 6.94173e-05 -5.709e-05 0.00173616 -0.00730839
14.14 1.40792e-05 -0.000304239 9.1367e-05 -1.82642e-05 0.00228513 -0.00760916
14.16 1.66609e-05 -0.000309898 8.71316e-05 1.64676e-05 0.0021792 -0.00775068
14.18 1.95068e-05 -0.000321404 7.23831e-05 4.74119e-05 0.00181033 -0.00803844
14.2 2.2749e-05 -0.000343057 6.22213e-05 7.5586e-05 0.00155618 -0.00857999
14.22 2.59843e-05 -0.000374437 5.84236e-05 0.00010283 0.0014612 -0.00936484
14.24 2.84793e-05 -0.000412407 5.2423e-05 0.000130863 0.00131112 -0.0103145
14.26 2.95256e-05 -0.000447723 3.6531e-05 0.000159191 0.000913656 -0.0111977
14.28 2.86989e-05 -0.000461573 9.78873e-06 0.00018445 0.000244821 -0.0115441
14.3 2.59344e-05 -0.000432811 -2.23983e-05 0.000202455 -0.000560191 -0.0108248
14.32 2.15036e-05 -0.000353501 -5.03327e-05 0.000210439 -0.00125884 -0.00884122
14.34 1.59999e-05 -0.000235741 -6.16758e-05 0.000207198 -0.00154254 -0.00589597
14.36 1.02765e-05 -0.000102808 -4.65387e-05 0.000192677 -0.00116395 -0.00257126
14.38 5.16154e-06 2.32684e-05 -1.14783e-05 0.000168991 -0.000287077 0.000581952
14.4 1.10454e-06 0.000126623 2.00042e-05 0.000140931 0.000500315 0.00316689
14.42 -2.00741e-06 0.000198753 2.84058e-05 0.000113427 0.000710441 0.00497089
14.44 -4.75471e-06 0.000242199 9.91142e-06 8.81673e-05 0.000247889 0.0060575
14.46 -7.84343e-06 0.000271611 -3.17477e-05 6.35058e-05 -0.000794022 0.00679311
14.48 -1.17459e-05 0.000305352 -9.25403e-05 3.75549e-05 -0.00231447 0.00763699
14.5 -1.64877e-05 0.000353366 -0.00016319 1.04685e-05 -0.00408145 0.00883784
14.52 -2.16248e-05 0.000412699 -0.000226624 -1.64365e-05 -0.00566797 0.0103218
14.54 -2.63792e-05 0.000472602 -0.00026625 -4.29073e-05 -0.00665902 0.01182
14.56 -2.99052e-05 0.000521584 -0.00027428 -7.01599e-05 -0.00685986 0.013045
14.58 -3.15868e-05 0.000549726 -0.00025135 -9.84753e-05 -0.00628637 0.0137489
14.6 -3.11975e-05 0.000546459 -0.000204237 -0.000124849 -0.00510804 0.0136672
14.62 -2.88724e-05 0.000503114 -0.000146807 -0.000144727 -0.0036717 0.0125831
14.64 -2.50211e-05 0.000421939 -9.7936e-05 -0.000156467 -0.00244942 0.0105529
14.66 -2.02681e-05 0.000319846 -7.40492e-05 -0.000162382 -0.001852 0.00799947
14.68 -1.5345e-05 0.000217733 -8.37549e-05 -0.00016489 -0.00209474 0.0054456
14.7 -1.0831e-05 0.000125478 -0.000125939 -0.000163407 -0.00314978 0.00313827
14.72 -6.87068e-06 4.05431e-05 -0.000179908 -0.000155952 -0.00449958 0.001014
14.74 -3.11696e-06 -4.13409e-05 -0.000209522 -0.000142247 -0.00524024 -0.00103395
14.76 9.77055e-07 -0.000119829 -0.000194085 -0.000123624 -0.00485414 -0.00299697
14.78 5.69495e-06 -0.00019498 -0.000143548 -0.000100692 -0.00359019 -0.00487653
14.8 1.07984e-05 -0.000270691 -8.01999e-05 -7.31252e-05 -0.00200583 -0.0067701
14.82 1.56855e-05 -0.000347571 -1.88838e-05 -4.21727e-05 -0.00047229 -0.00869291
14.84 1.97971e-05 -0.000416367 3.15185e-05 -1.18066e-05 0.000788292 -0.0104135
14.86 2.28716e-05 -0.000463404 6.19682e-05 1.39167e-05 0.00154985 -0.0115899
14.88 2.48813e-05 -0.000480974 6.7643e-05 3.44348e-05 0.00169178 -0.0120294
14.9 2.58538e-05 -0.000470376 5.22947e-05 5.28685e-05 0.00130791 -0.0117643
14.92 2.58223e-05 -0.000438891 2.35694e-05 7.27082e-05 0.00058948 -0.0109768
14.94 2.48839e-05 -0.00039695 -1.10164e-05 9.49601e-05 -0.000275523 -0.00992788
14.96 2.32082e-05 -0.000351938 -4.1933e-05 0.000118293 -0.00104876 -0.00880212
14.98 2.09422e-05 -0.000301999 -5.82514e-05 0.000140711 -0.00145689 -0.00755312
15 1.80938e-05 -0.000238845 -5.4132e-05 0.000160168 -0.00135386 -0.00597361
15.02 1.45231e-05 -0.000156895 -3.23584e-05 0.000173891 -0.000809296 -0.003924
15.04 1.0092e-05 -5.88212e-05 -1.90792e-06 0.000178603 -4.77174e-05 -0.00147114
15.06 4.876e-06 4.63118e-05 2.33748e-05 0.000172398 0.000584615 0.00115828
15.08 -7.46529e-07 0.000147918 2.83732e-05 0.000156114 0.000709626 0.00369949
15.1 -6.2486e-06 0.000238334 6.08071e-06 0.000132692 0.000152081 0.00596083
15.12 -1.11971e-05 0.000314275 -3.857e-05 0.000105688 -0.00096465 0.00786014
15.14 -1.53698e-05 0.000374876 -9.26453e-05 7.84063e-05 -0.0023171 0.00937581
15.16 -1.87248e-05 0.000419924 -0.00014187 5.34711e-05 -0.00354823 0.0105025
15.18 -2.13104e-05 0.000450911 -0.000176937 3.22251e-05 -0.00442527 0.0112775
15.2 -2.32053e-05 0.000471378 -0.000196063 1.42226e-05 -0.00490362 0.0117894
15.22 -2.45014e-05 0.000483977 -0.000202822 -2.87509e-06 -0.00507266 0.0121045
15.24 -2.52959e-05 0.000488068 -0.000201159 -2.27165e-05 -0.00503107 0.0122068
15.26 -2.5638e-05 0.000479753 -0.00019305 -4.79927e-05 -0.00482826 0.0119988
15.28 -2.54349e-05 0.000452009 -0.000181036 -7.76016e-05 -0.00452779 0.0113049
15.3 -2.44286e-05 0.000397903 -0.000169424 -0.000107347 -0.00423736 0.00995172
15.32 -2.23237e-05 0.000319097 -0.000161128 -0.000134042 -0.00402989 0.00798074
15.34 -1.89889e-05 0.000225254 -0.000156834 -0.000156813 -0.00392247 0.00563369
15.36 -1.45708e-05 0.000122997 -0.000158267 -0.000173955 -0.00395833 0.0030762
15.38 -9.42608e-06 1.38874e-05 -0.000167813 -0.000181656 -0.00419707 0.000347329
15.4 -3.94186e-06 -9.64259e-05 -0.00018148 -0.000177728 -0.00453888 -0.00241165
15.42 1.57942e-06 -0.000195917 -0.00018629 -0.000164601 -0.0046592 -0.00489997
15.44 6.90346e-06 -0.000277433 -0.000173437 -0.000146759 -0.00433773 -0.00693872
15.46 1.17698e-05 -0.00034517 -0.00014695 -0.000126576 -0.00367529 -0.00863285
15.48 1.5855e-05 -0.000404955 -0.000115602 -0.000104526 -0.00289125 -0.0101281
15.5 1.88731e-05 -0.000453563 -8.54055e-05 -8.21777e-05 -0.00213603 -0.0113438
15.52 2.07209e-05 -0.000482664 -5.93445e-05 -6.23329e-05 -0.00148423 -0.0120716
15.54 2.15488e-05 -0.000488972 -3.78551e-05 -4.59561e-05 -0.000946771 -0.0122294
15.56 2.17078e-05 -0.000475397 -1.77309e-05 -3.03725e-05 -0.000443457 -0.0118899
15.58 2.15907e-05 -0.000446156 4.08423e-06 -1.12144e-05 0.000102149 -0.0111586
15.6 2.1428e-05 -0.000404924 2.52093e-05 1.37592e-05 0.000630495 -0.0101273
15.62 2.11318e-05 -0.000352971 3.93855e-05 4.31085e-05 0.000985049 -0.00882796
15.64 2.03274e-05 -0.000289191 4.16659e-05 7.41334e-05 0.00104208 -0.00723278
15.66 1.85737e-05 -0.000212455 3.02002e-05 0.000105192 0.000755319 -0.0053136
15.68 1.56214e-05 -0.000123329 6.92785e-06 0.000134211 0.000173269 -0.00308451
15.7 1.15487e-05 -2.54922e-05 -2.04528e-05 0.000156775 -0.000511533 -0.000637572
15.72 6.71256e-06 7.53389e-05 -4.07334e-05 0.000168296 -0.00101876 0.00188426
15.74 1.60306e-06 0.000173468 -4.49446e-05 0.000167919 -0.00112408 0.00433851
15.76 -3.29084e-06 0.00026363 -3.09058e-05 0.000159066 -0.000772968 0.0065935
15.78 -7.57833e-06 0.000340337 -7.13933e-06 0.000146451 -0.000178557 0.00851197
15.8 -1.10142e-05 0.000399089 1.07524e-05 0.000133268 0.000268922 0.00998138
15.82 -1.34878e-05 0.000437513 1.11767e-05 0.000120551 0.000279534 0.0109424
15.84 -1.49937e-05 0.000453957 -8.43943e-06 0.000108015 -0.000211073 0.0113537
15.86 -1.56222e-05 0.000446843 -4.55168e-05 9.49197e-05 -0.00113839 0.0111757
15.88 -1.55713e-05 0.000417644 -9.57743e-05 8.01229e-05 -0.00239535 0.0104454
15.9 -1.51271e-05 0.000373631 -0.000151445 6.17823e-05 -0.00378769 0.00934467
15.92 -1.45782e-05 0.000323589 -0.000200352 3.83578e-05 -0.0050109 0.00809309
15.94 -1.40838e-05 0.000271445 -0.000231249 1.0439e-05 -0.00578364 0.00678896
15.96 -1.35849e-05 0.000216626 -0.000240015 -1.94276e-05 -0.00600287 0.00541791
15.98 -1.28508e-05 0.000158401 -0.000229547 -4.87292e-05 -0.00574107 0.00396167
16 -1.16511e-05 9.80204e-05 -0.000206226 -7.56705e-05 -0.0051578 0.00245153
16.02 -9.91152e-06 3.8221e-05 -0.000178792 -9.84005e-05 -0.00447167 0.000955923
16.04 -7.72486e-06 -1.77929e-05 -0.000158004 -0.000115313 -0.00395173 -0.000445009
16.06 -5.24122e-06 -6.89146e-05 -0.000152608 -0.00012636 -0.00381679 -0.00172358
16.08 -2.56714e-06 -0.000118225 -0.000164819 -0.000132999 -0.00412219 -0.00295686
16.1 2.42968e-07 -0.000169907 -0.000190644 -0.000136618 -0.00476808 -0.00424943
16.12 3.11893e-06 -0.000223187 -0.000220899 -0.000137579 -0.00552478 -0.00558199
16.14 5.89633e-06 -0.000271339 -0.00023965 -0.000135549 -0.00599376 -0.0067863
16.16 8.30746e-06 -0.00030651 -0.00023253 -0.00012995 -0.00581567 -0.00766595
16.18 1.00605e-05 -0.000323484 -0.000199301 -0.000120111 -0.00498459 -0.00809047
16.2 1.09539e-05 -0.000319541 -0.000151115 -0.000105635 -0.00377944 -0.00799186
16.22 1.09623e-05 -0.000293812 -9.9062e-05 -8.68131e-05 -0.00247758 -0.00734837
16.24 1.02573e-05 -0.000248082 -5.02289e-05 -6.4615e-05 -0.00125625 -0.00620464
16.26 9.14881e-06 -0.000187672 -1.07605e-05 -4.03025e-05 -0.000269123 -0.00469376
16.28 7.96324e-06 -0.00012073 1.48696e-05 -1.48192e-05 0.000371895 -0.0030195
16.3 6.91933e-06 -5.55067e-05 2.72424e-05 1.16673e-05 0.000681344 -0.00138825
16.32 6.06594e-06 2.5954e-06 2.98396e-05 3.94223e-05 0.000746301 6.4912e-05
16.34 5.29302e-06 5.21396e-05 2.42597e-05 6.82032e-05 0.000606745 0.00130403
16.36 4.38904e-06 9.48644e-05 1.14485e-05 9.67206e-05 0.000286333 0.0023726
16.38 3.12485e-06 0.0001343 -3.9825e-06 0.00012295 -9.96035e-05 0.0033589
16.4 1.3472e-06 0.000174557 -1.52056e-05 0.00014483 -0.000380298 0.00436573
16.42 -9.49728e-07 0.000218622 -1.87142e-05 0.000160829 -0.000468049 0.00546782
16.44 -3.60009e-06 0.000265906 -1.55917e-05 0.000170301 -0.000389955 0.00665041
16.46 -6.29141e-06 0.000310835 -8.98721e-06 0.000173486 -0.000224774 0.00777412
16.48 -8.63103e-06 0.000344694 -4.77359e-06 0.000171038 -0.000119389 0.00862094
16.5 -1.02537e-05 0.000359489 -9.78919e-06 0.000163607 -0.000244831 0.00899097
16.52 -1.09388e-05 0.000350712 -2.63192e-05 0.000151881 -0.000658254 0.00877144
16.54 -1.0685e-05 0.000318913 -5.21971e-05 0.000136361 -0.00130547 0.00797614
16.56 -9.70741e-06 0.000269817 -8.43377e-05 0.00011691 -0.00210932 0.00674823
16.58 -8.35876e-06 0.000212025 -0.000119114 9.31668e-05 -0.00297909 0.00530284
16.6 -7.00436e-06 0.00015345 -0.000151028 6.54066e-05 -0.00377727 0.00383784
16.62 -5.90234e-06 9.90775e-05 -0.000175137 3.44647e-05 -0.00438024 0.00247797
16.64 -5.14248e-06 5.07465e-05 -0.000190994 1.22946e-06 -0.00477684 0.00126919
16.66 -4.6618e-06 7.50947e-06 -0.000201554 -3.30452e-05 -0.00504096 0.000187815
16.68 -4.3017e-06 -3.30397e-05 -0.00020841 -6.62828e-05 -0.00521243 -0.000826337
16.7 -3.86264e-06 -7.26412e-05 -0.000210613 -9.62518e-05 -0.00526752 -0.00181679
16.72 -3.15437e-06 -0.000111266 -0.000208032 -0.000121685 -0.00520296 -0.00278281
16.74 -2.05936e-06 -0.000147725 -0.000203464 -0.000142332 -0.00508873 -0.00369466
16.76 -5.89738e-07 -0.000180597 -0.000200654 -0.000158117 -0.00501845 -0.0045168
16.78 1.11051e-06 -0.000208405 -0.000201222 -0.000168719 -0.00503264 -0.0052123
16.8 2.82869e-06 -0.000229177 -0.000203229 -0.000173894 -0.00508284 -0.0057318
16.82 4.36244e-06 -0.000240462 -0.000201749 -0.000173647 -0.00504583 -0.00601405
16.84 5.56103e-06 -0.000240524 -0.000191648 -0.000167925 -0.00479319 -0.00601561
16.86 6.32466e-06 -0.000229454 -0.000173145 -0.000156405 -0.00433043 -0.00573873
16.88 6.59453e-06 -0.000208644 -0.00015079 -0.00013863 -0.00377132 -0.00521827
16.9 6.37348e-06 -0.000179413 -0.000125751 -0.000114554 -0.00314509 -0.0044872
16.92 5.76353e-06 -0.000142818 -9.54083e-05 -8.52588e-05 -0.0023862 -0.00357193
16.94 4.95107e-06 -0.000100322 -6.02776e-05 -5.28283e-05 -0.00150757 -0.00250909
16.96 4.11578e-06 -5.39685e-05 -2.69654e-05 -1.91254e-05 -0.000674416 -0.00134977
16.98 3.33625e-06 -6.01206e-06 -2.70924e-06 1.50262e-05 -6.77587e-05 -0.000150364
17 2.58187e-06 4.15629e-05 1.01042e-05 4.92497e-05 0.000252711 0.00103951
17.02 1.78297e-06 8.75096e-05 1.31067e-05 8.2626e-05 0.000327805 0.00218865
17.04 8.95098e-07 0.000131389 8.25221e-06 0.000113643 0.000206392 0.00328611
17.06 -9.54386e-08 0.000172757 -2.99816e-06 0.00014086 -7.49847e-05 0.00432072
17.08 -1.19601e-06 0.000210287 -1.80164e-05 0.00016326 -0.000450596 0.00525935
17.1 -2.40238e-06 0.000242068 -3.25183e-05 0.000180096 -0.000813295 0.00605423
17.12 -3.65218e-06 0.00026659 -4.20796e-05 0.000190683 -0.00105243 0.00666753
17.14 -4.79382e-06 0.000282924 -4.37595e-05 0.000194467 -0.00109444 0.00707606
17.16 -5.62689e-06 0.000289886 -3.67279e-05 0.000191291 -0.000918581 0.00725016
17.18 -5.99835e-06 0.000285651 -2.43858e-05 0.000181583 -0.000609899 0.00714425
17.2 -5.8785e-06 0.000268844 -1.51182e-05 0.000166101 -0.000378112 0.0067239
17.22 -5.35586e-06 0.000239681 -1.64897e-05 0.000145444 -0.000412413 0.00599452
17.24 -4.56502e-06 0.000200163 -3.03594e-05 0.000120058 -0.000759301 0.00500616
17.26 -3.6157e-06 0.000153793 -5.45955e-05 9.06751e-05 -0.00136546 0.00384642
17.28 -2.5777e-06 0.000104473 -8.57377e-05 5.83827e-05 -0.00214433 0.00261292
17.3 -1.51223e-06 5.46297e-05 -0.000119203 2.44507e-05 -0.00298133 0.00136631
17.32 -4.91973e-07 4.35035e-06 -0.000149711 -9.54997e-06 -0.00374433 0.000108804
17.34 4.16822e-07 -4.67667e-05 -0.000173168 -4.17696e-05 -0.00433101 -0.00116966
17.36 1.1793e-06 -9.66095e-05 -0.000187787 -7.06776e-05 -0.00469662 -0.00241624
17.38 1.78856e-06 -0.00014021 -0.000193798 -9.55872e-05 -0.00484698 -0.00350672
17.4 2.24253e-06 -0.000172982 -0.000193428 -0.000116348 -0.00483771 -0.00432635
17.42 2.53812e-06 -0.000194087 -0.000190921 -0.000132656 -0.004775 -0.00485419
17.44 2.69769e-06 -0.000206329 -0.00019056 -0.000143973 -0.00476599 -0.00516038
17.46 2.7961e-06 -0.000213081 -0.000193493 -0.000150082 -0.00483933 -0.00532924
17.48 2.93997e-06 -0.000215854 -0.000197229 -0.000151351 -0.00493277 -0.0053986
17.5 3.19284e-06 -0.000214399 -0.000198891 -0.000148225 -0.00497434 -0.0053622
17.52 3.50407e-06 -0.000207955 -0.000198245 -0.00014047 -0.00495819 -0.00520105
17.54 3.7115e-06 -0.000195766 -0.000195451 -0.000127135 -0.00488832 -0.0048962
17.56 3.62923e-06 -0.000176664 -0.000188049 -0.00010764 -0.00470318 -0.00441844
17.58 3.14937e-06 -0.000148785 -0.000173423 -8.28917e-05 -0.00433738 -0.00372118
17.6 2.27394e-06 -0.000109902 -0.000151428 -5.49286e-05 -0.00378727 -0.00274868
17.62 1.07142e-06 -5.86659e-05 -0.000123714 -2.56862e-05 -0.00309413 -0.00146726
17.64 -3.75351e-07 3.56196e-06 -9.29565e-05 3.48147e-06 -0.00232488 8.9086e-05
17.66 -1.97472e-06 7.20181e-05 -6.33403e-05 3.14907e-05 -0.00158417 0.0018012
17.68 -3.5975e-06 0.000139987 -3.98855e-05 5.74586e-05 -0.000997553 0.00350113
17.7 -5.06788e-06 0.000201271 -2.56281e-05 8.09208e-05 -0.000640968 0.00503386
17.72 -6.20886e-06 0.000251694 -1.97179e-05 0.000101693 -0.000493153 0.00629496
17.74 -6.9217e-06 0.000289289 -1.85197e-05 0.000119479 -0.000463186 0.00723525
17.76 -7.23811e-06 0.000314258 -1.81229e-05 0.000133819 -0.00045326 0.00785972
17.78 -7.29886e-06 0.00032892 -1.62213e-05 0.000144347 -0.0004057 0.00822641
17.8 -7.26914e-06 0.000336557 -1.28539e-05 0.000150902 -0.00032148 0.00841743
17.82 -7.24523e-06 0.000339096 -9.69553e-06 0.000153451 -0.000242489 0.00848094
17.84 -7.2046e-06 0.000335494 -8.18464e-06 0.000151884 -0.000204701 0.00839084
17.86 -7.01969e-06 0.000322011 -8.52723e-06 0.000145656 -0.000213269 0.00805364
17.88 -6.52371e-06 0.000293988 -1.1865e-05 0.000133911 -0.000296748 0.00735277
17.9 -5.59325e-06 0.000248772 -2.17915e-05 0.000116541 -0.000545013 0.00622189
17.92 -4.20023e-06 0.000187778 -4.08535e-05 9.47567e-05 -0.00102176 0.00469641
17.94 -2.40716e-06 0.000115376 -6.76174e-05 7.01316e-05 -0.00169114 0.00288559
17.96 -3.26289e-07 3.63229e-05 -9.84044e-05 4.37248e-05 -0.00246113 0.000908452
17.98 1.91572e-06 -4.54604e-05 -0.000129642 1.6597e-05 -0.0032424 -0.00113698
18 4.18253e-06 -0.000126282 -0.000157819 -9.60353e-06 -0.00394712 -0.00315836
18.02 6.31177e-06 -0.000201475 -0.000179338 -3.33127e-05 -0.00448531 -0.00503897
18.04 8.11224e-06 -0.000265492 -0.000192365 -5.39912e-05 -0.00481112 -0.00664005
18.06 9.40036e-06 -0.000313929 -0.000198237 -7.19524e-05 -0.00495799 -0.00785149
18.08 1.00634e-05 -0.000345678 -0.000200348 -8.75347e-05 -0.0050108 -0.00864554
18.1 1.01072e-05 -0.000362678 -0.000202045 -0.000100834 -0.00505324 -0.00907073
18.12 9.65471e-06 -0.000367632 -0.000205232 -0.000111997 -0.00513295 -0.00919464
18.14 8.89753e-06 -0.000362461 -0.000209631 -0.000121258 -0.00524295 -0.00906529
18.16 8.02451e-06 -0.000348515 -0.000213058 -0.000128583 -0.00532867 -0.0087165
18.18 7.15585e-06 -0.000326898 -0.000213338 -0.000133294 -0.00533567 -0.00817586
18.2 6.30721e-06 -0.000297206 -0.000210211 -0.000133884 -0.00525746 -0.00743324
18.22 5.39875e-06 -0.000257132 -0.00020428 -0.000128571 -0.00510913 -0.00643099
18.24 4.30451e-06 -0.000205685 -0.000194431 -0.000116609 -0.0048628 -0.00514427
18.26 2.9174e-06 -0.000144334 -0.000178707 -9.88837e-05 -0.00446955 -0.00360986
18.28 1.19631e-06 -7.41843e-05 -0.000156763 -7.70921e-05 -0.00392072 -0.00185538
18.3 -8.25393e-07 4.56937e-06 -0.000130016 -5.29186e-05 -0.00325176 0.000114282
18.32 -3.05645e-06 8.95303e-05 -0.000100711 -2.80267e-05 -0.00251882 0.00223919
18.34 -5.35184e-06 0.000174335 -7.14607e-05 -3.94598e-06 -0.00178726 0.00436019
18.36 -7.50268e-06 0.000251258 -4.48468e-05 1.85769e-05 -0.00112164 0.00628407
18.38 -9.25848e-06 0.000314767 -2.25093e-05 3.98255e-05 -0.000562966 0.00787245
18.4 -1.04058e-05 0.000362325 -4.95394e-06 6.0474e-05 -0.0001239 0.00906191
18.42 -1.08572e-05 0.000393338 7.63266e-06 8.08768e-05 0.000190896 0.00983755
18.44 -1.06827e-05 0.00040875 1.50383e-05 0.000100949 0.000376115 0.010223
18.46 -1.00625e-05 0.000411162 1.76216e-05 0.000120277 0.000440724 0.0102833
18.48 -9.20333e-06 0.000403992 1.64268e-05 0.000138069 0.000410841 0.010104
18.5 -8.27535e-06 0.000390002 1.22848e-05 0.00015326 0.000307247 0.00975411
18.52 -7.38767e-06 0.000370554 5.22421e-06 0.000164959 0.00013066 0.0092677
18.54 -6.57487e-06 0.000344459 -4.87825e-06 0.000172411 -0.000122007 0.00861507
18.56 -5.7834e-06 0.000307011 -1.75226e-05 0.000174318 -0.000438247 0.00767848
18.58 -4.88076e-06 0.000254639 -3.25375e-05 0.000169162 -0.000813776 0.00636863
18.6 -3.71428e-06 0.000189587 -5.02404e-05 0.000156701 -0.00125653 0.00474164
18.62 -2.1978e-06 0.000117005 -7.07084e-05 0.000138218 -0.00176845 0.00292634
18.64 -3.6382e-07 4.03307e-05 -9.39731e-05 0.000115215 -0.00235031 0.00100869
18.66 1.65842e-06 -3.85109e-05 -0.000119885 8.88426e-05 -0.00299838 -0.000963174
18.68 3.70803e-06 -0.000116032 -0.000147267 6.04739e-05 -0.00368321 -0.002902
18.7 5.63005e-06 -0.000186847 -0.000173318 3.16941e-05 -0.00433477 -0.00467311
18.72 7.26785e-06 -0.000246081 -0.000194856 3.4373e-06 -0.00487344 -0.0061546
18.74 8.45466e-06 -0.000290923 -0.000210249 -2.42355e-05 -0.00525842 -0.0072761
18.76 9.04265e-06 -0.000320221 -0.000219731 -5.13623e-05 -0.00549557 -0.00800886
18.78 8.96027e-06 -0.000333849 -0.000224025 -7.751e-05 -0.00560297 -0.0083497
18.8 8.25858e-06 -0.000332699 -0.000223414 -0.000101966 -0.00558766 -0.00832095
18.82 7.10879e-06 -0.00031861 -0.000218234 -0.000124019 -0.00545813 -0.00796857
18.84 5.73969e-06 -0.000293808 -0.000209658 -0.000142924 -0.00524362 -0.00734826
18.86 4.34534e-06 -0.000260428 -0.000199502 -0.000157795 -0.00498963 -0.0065134
18.88 3.02344e-06 -0.000219885 -0.000189838 -0.000167361 -0.00474793 -0.00549942
18.9 1.78034e-06 -0.000172776 -0.000182806 -0.000169856 -0.00457206 -0.00432121
18.92 5.879e-07 -0.000120535 -0.000178182 -0.000163882 -0.00445641 -0.00301462
18.94 -5.65612e-07 -6.59437e-05 -0.000171884 -0.000149595 -0.00429889 -0.00164928
18.96 -1.67275e-06 -1.10199e-05 -0.00015959 -0.000128522 -0.0039914 -0.000275612
18.98 -2.73992e-06 4.42302e-05 -0.000140026 -0.000102292 -0.00350211 0.00110622
19 -3.81008e-06 0.000100205 -0.000114238 -7.21376e-05 -0.00285715 0.00250616
19.02 -4.93041e-06 0.000155539 -8.44423e-05 -3.94641e-05 -0.00211194 0.00389008
19.04 -6.08189e-06 0.000206936 -5.46401e-05 -6.01623e-06 -0.00136657 0.00517555
19.06 -7.14078e-06 0.000250496 -3.02691e-05 2.68482e-05 -0.000757041 0.006265
19.08 -7.91891e-06 0.000283011 -1.53847e-05 5.86085e-05 -0.000384777 0.00707823
19.1 -8.25193e-06 0.0003028 -1.03521e-05 8.90725e-05 -0.000258911 0.00757315
19.12 -8.06839e-06 0.000310026 -1.25727e-05 0.000117682 -0.000314447 0.00775388
19.14 -7.40342e-06 0.00030616 -1.86752e-05 0.000143442 -0.000467074 0.00765718
19.16 -6.36909e-06 0.000292917 -2.56858e-05 0.000165285 -0.000642411 0.00732598
19.18 -5.11247e-06 0.000271928 -3.13004e-05 0.000182336 -0.000782837 0.00680104
19.2 -3.78198e-06 0.000245217 -3.4481e-05 0.000193934 -0.000862383 0.00613297
19.22 -2.50486e-06 0.000214777 -3.5812e-05 0.000199318 -0.000895672 0.00537167
19.24 -1.36987e-06 0.0001812 -3.69342e-05 0.000197376 -0.000923739 0.00453188
19.26 -4.11305e-07 0.000143812 -4.06332e-05 0.000187164 -0.00101625 0.00359679
19.28 4.03203e-07 0.000102034 -5.03835e-05 0.000168795 -0.00126011 0.00255192
19.3 1.16801e-06 5.58795e-05 -6.71475e-05 0.000143491 -0.00167939 0.00139757
19.32 2.00499e-06 5.9263e-06 -8.82172e-05 0.000112831 -0.00220635 0.000148219
19.34 3.00621e-06 -4.62756e-05 -0.000109981 7.84275e-05 -0.00275068 -0.00115737
19.36 4.17857e-06 -9.79906e-05 -0.000129863 4.22389e-05 -0.00324792 -0.00245079
19.38 5.42045e-06 -0.000145927 -0.000145822 6.48593e-06 -0.00364707 -0.0036497
19.4 6.54611e-06 -0.000186857 -0.000156172 -2.70839e-05 -0.00390592 -0.00467336
19.42 7.34541e-06 -0.000217632 -0.000161201 -5.76494e-05 -0.00403171 -0.00544307
19.44 7.64618e-06 -0.000235604 -0.000163893 -8.49512e-05 -0.00409903 -0.00589256
19.46 7.35765e-06 -0.000239972 -0.0001677 -0.000108707 -0.00419425 -0.0060018
19.48 6.49389e-06 -0.00023242 -0.000173651 -0.000128455 -0.00434307 -0.00581291
19.5 5.17668e-06 -0.000215753 -0.000180133 -0.000143715 -0.00450519 -0.00539608
19.52 3.60589e-06 -0.000192149 -0.000184903 -0.000154005 -0.0046245 -0.00480574
19.54 1.99468e-06 -0.000163006 -0.00018656 -0.000158574 -0.00466595 -0.00407684
19.56 4.97135e-07 -0.00012958 -0.00018488 -0.000156246 -0.00462393 -0.00324086
19.58 -8.29117e-07 -9.30579e-05 -0.000180841 -0.000146054 -0.00452292 -0.00232742
19.6 -2.0068e-06 -5.41705e-05 -0.000176102 -0.000128197 -0.00440439 -0.00135483
19.62 -3.09081e-06 -1.30863e-05 -0.000171337 -0.000104074 -0.0042852 -0.000327295
19.64 -4.12231e-06 3.01796e-05 -0.000165423 -7.55133e-05 -0.0041373 0.000754805
19.66 -5.10568e-06 7.49555e-05 -0.000157161 -4.43719e-05 -0.00393067 0.00187467
19.68 -6.0087e-06 0.000119032 -0.000146318 -1.25663e-05 -0.00365947 0.00297705
19.7 -6.77251e-06 0.000158844 -0.000132805 1.81525e-05 -0.0033215 0.00397275
19.72 -7.31997e-06 0.000191125 -0.000116457 4.66227e-05 -0.00291263 0.00478011
19.74 -7.56714e-06 0.000214317 -9.79427e-05 7.2329e-05 -0.00244959 0.00536016
19.76 -7.44746e-06 0.000228118 -7.921e-05 9.50729e-05 -0.00198108 0.00570532
19.78 -6.9417e-06 0.000232448 -6.26319e-05 0.000114673 -0.00156645 0.00581363
19.8 -6.09111e-06 0.000227766 -4.9994e-05 0.000130817 -0.00125037 0.00569652
19.82 -4.98092e-06 0.00021584 -4.22025e-05 0.000142979 -0.0010555 0.00539825
19.84 -3.70595e-06 0.00019906 -3.9331e-05 0.000150456 -0.000983684 0.00497858
19.86 -2.34087e-06 0.000178724 -4.04739e-05 0.000152546 -0.00101227 0.00446995
19.88 -9.27185e-07 0.000154348 -4.3641e-05 0.000148741 -0.00109148 0.00386032
19.9 5.21992e-07 0.000124679 -4.64036e-05 0.000139034 -0.00116057 0.00311826
19.92 2.00287e-06 8.8967e-05 -4.71791e-05 0.000124159 -0.00117997 0.0022251
19.94 3.49338e-06 4.7547e-05 -4.59205e-05 0.000105306 -0.00114849 0.00118917
19.96 4.93237e-06 2.07928e-06 -4.43501e-05 8.35774e-05 -0.00110921 5.20036e-05
19.98 6.22394e-06 -4.45456e-05 -4.5764e-05 5.99472e-05 -0.00114458 -0.0011141
20 7.26802e-06 -8.89404e-05 -5.28524e-05 3.55297e-05 -0.00132186 -0.00222444
20.02 8.00016e-06 -0.000128203 -6.60463e-05 1.14829e-05 -0.00165185 -0.00320642
20.04 8.4144e-06 -0.000160644 -8.44917e-05 -1.1321e-05 -0.00211317 -0.00401778
20.06 8.5539e-06 -0.000186079 -0.000107036 -3.22621e-05 -0.00267702 -0.00465392
20.08 8.47789e-06 -0.000205533 -0.000131722 -5.06918e-05 -0.00329441 -0.00514046
20.1 8.22996e-06 -0.00022034 -0.000155299 -6.59673e-05 -0.00388409 -0.00551079
20.12 7.82358e-06 -0.000231099 -0.000174346 -7.77698e-05 -0.00436048 -0.00577989
20.14 7.24006e-06 -0.000237062 -0.000186947 -8.61932e-05 -0.00467562 -0.00592901
20.16 6.43157e-06 -0.000236218 -0.000193271 -9.14712e-05 -0.00483379 -0.0059079
20.18 5.33371e-06 -0.000225936 -0.00019485 -9.36432e-05 -0.00487329 -0.00565076
20.2 3.89438e-06 -0.000203901 -0.000193623 -9.24472e-05 -0.00484258 -0.00509966
20.22 2.11081e-06 -0.000169116 -0.000191454 -8.76033e-05 -0.00478834 -0.00422967
20.24 5.35154e-08 -0.000122647 -0.000189813 -7.92478e-05 -0.00474731 -0.00306745
20.26 -2.13876e-06 -6.75494e-05 -0.000189433 -6.79078e-05 -0.00473779 -0.00168944
20.28 -4.28964e-06 -8.16679e-06 -0.000190043 -5.40859e-05 -0.00475306 -0.000204255
20.3 -6.22502e-06 5.06022e-05 -0.000189848 -3.82097e-05 -0.00474817 0.00126558
20.32 -7.81049e-06 0.000104354 -0.000185731 -2.10353e-05 -0.00464521 0.00260995
20.34 -8.97986e-06 0.000150599 -0.000175758 -3.73445e-06 -0.00439578 0.00376655
20.36 -9.74607e-06 0.000189411 -0.000160733 1.26179e-05 -0.00401999 0.00473724
20.38 -1.01813e-05 0.000222305 -0.000142305 2.74671e-05 -0.00355911 0.00555994
20.4 -1.03653e-05 0.000250281 -0.000121165 4.06271e-05 -0.00303039 0.00625963
20.42 -1.03312e-05 0.00027302 -9.79841e-05 5.19739e-05 -0.00245062 0.00682834
20.44 -1.00501e-05 0.000289502 -7.49178e-05 6.14633e-05 -0.00187373 0.00724056
20.46 -9.46132e-06 0.000298496 -5.48033e-05 6.92914e-05 -0.00137065 0.00746552
20.48 -8.51818e-06 0.000298406 -3.91499e-05 7.58273e-05 -0.000979156 0.00746325
20.5 -7.21285e-06 0.000287546 -2.77678e-05 8.13307e-05 -0.000694485 0.00719164
20.52 -5.57518e-06 0.000265169 -2.00362e-05 8.56694e-05 -0.000501114 0.00663198
20.54 -3.66516e-06 0.000232015 -1.56141e-05 8.82976e-05 -0.000390516 0.00580278
20.56 -1.57335e-06 0.000190031 -1.42749e-05 8.86957e-05 -0.000357021 0.00475275
20.58 5.79591e-07 0.000141836 -1.5935e-05 8.68613e-05 -0.00039854 0.00354737
20.6 2.66082e-06 9.0253e-05 -2.05694e-05 8.31776e-05 -0.000514449 0.00225726
20.62 4.55851e-06 3.79927e-05 -2.76626e-05 7.7928e-05 -0.000691853 0.000950212
20.64 6.20956e-06 -1.27212e-05 -3.59835e-05 7.1223e-05 -0.000899963 -0.000318162
20.66 7.60344e-06 -6.05692e-05 -4.52115e-05 6.32904e-05 -0.00113076 -0.00151486
20.68 8.75976e-06 -0.000105279 -5.67275e-05 5.45323e-05 -0.00141878 -0.00263308
20.7 9.69829e-06 -0.000147249 -7.14431e-05 4.52543e-05 -0.00178682 -0.00368277
20.72 1.04218e-05 -0.000186652 -8.87686e-05 3.55066e-05 -0.00222014 -0.00466824
20.74 1.0912e-05 -0.000222532 -0.000107964 2.52433e-05 -0.00270022 -0.00556562
20.76 1.11293e-05 -0.000252833 -0.000128791 1.45489e-05 -0.00322112 -0.00632347
20.78 1.10161e-05 -0.000275314 -0.000150423 3.67375e-06 -0.00376215 -0.00688572
20.8 1.05122e-05 -0.00028807 -0.000170832 -7.10595e-06 -0.00427257 -0.00720475
20.82 9.58017e-06 -0.00028927 -0.000187818 -1.76334e-05 -0.00469741 -0.00723477
20.84 8.22887e-06 -0.000277385 -0.000200125 -2.78897e-05 -0.0050052 -0.00693751
20.86 6.5171e-06 -0.000252352 -0.000207299 -3.78259e-05 -0.00518464 -0.00631142
20.88 4.53927e-06 -0.000216141 -0.000209259 -4.70881e-05 -0.00523366 -0.00540578
20.9 2.40302e-06 -0.000171817 -0.000206563 -5.49787e-05 -0.00516622 -0.00429723
20.92 2.09201e-07 -0.0001222 -0.0002006 -6.08502e-05 -0.00501709 -0.00305628
20.94 -1.96333e-06 -6.92491e-05 -0.000193127 -6.4447e-05 -0.00483018 -0.00173195
20.96 -4.0641e-06 -1.43524e-05 -0.000185828 -6.57331e-05 -0.00464765 -0.00035896
20.98 -6.06248e-06 4.11194e-05 -0.000180083 -6.46216e-05 -0.00450395 0.00102841
21 -7.9263e-06 9.56938e-05 -0.000176328 -6.11078e-05 -0.00441005 0.00239334
21.02 -9.59959e-06 0.000147866 -0.000172784 -5.54685e-05 -0.0043214 0.0036982
21.04 -1.09954e-05 0.000195917 -0.000165937 -4.80822e-05 -0.00415015 0.00489998
21.06 -1.20127e-05 0.000237713 -0.00015385 -3.91316e-05 -0.00384786 0.00594531
21.08 -1.25683e-05 0.000270849 -0.000137564 -2.86162e-05 -0.00344053 0.00677404
21.1 -1.26208e-05 0.000293052 -0.000119121 -1.6592e-05 -0.00297927 0.00732936
21.12 -1.217e-05 0.000302783 -0.000100062 -3.32566e-06 -0.0025026 0.00757273
21.14 -1.1241e-05 0.000299775 -8.18669e-05 1.07282e-05 -0.00204753 0.00749749
21.16 -9.87575e-06 0.000285045 -6.64575e-05 2.50544e-05 -0.00166213 0.0071291
21.18 -8.13823e-06 0.00026028 -5.55137e-05 3.9203e-05 -0.00138842 0.00650971
21.2 -6.11456e-06 0.000227062 -4.96686e-05 5.27536e-05 -0.00124223 0.00567892
21.22 -3.89543e-06 0.000186484 -4.8484e-05 6.51382e-05 -0.00121261 0.00466404
21.24 -1.55196e-06 0.000139333 -5.09109e-05 7.56594e-05 -0.0012733 0.00348477
21.26 8.71563e-07 8.64028e-05 -5.56876e-05 8.37738e-05 -0.00139277 0.00216097
21.28 3.33893e-06 2.87905e-05 -6.14513e-05 8.92175e-05 -0.00153692 0.000720063
21.3 5.79302e-06 -3.16444e-05 -6.68198e-05 9.18412e-05 -0.00167119 -0.000791439
21.32 8.1432e-06 -9.2041e-05 -7.08512e-05 9.15074e-05 -0.00177202 -0.00230198
21.34 1.02794e-05 -0.000149072 -7.36092e-05 8.82034e-05 -0.001841 -0.00372834
21.36 1.20997e-05 -0.000199959 -7.61358e-05 8.21201e-05 -0.00190419 -0.00500106
21.38 1.35303e-05 -0.000242917 -8.00072e-05 7.35375e-05 -0.00200101 -0.00607546
21.4 1.45291e-05 -0.000276736 -8.65214e-05 6.27085e-05 -0.00216393 -0.00692129
21.42 1.50761e-05 -0.000300444 -9.54887e-05 4.99198e-05 -0.00238821 -0.00751424
21.44 1.51638e-05 -0.000313534 -0.000105408 3.56065e-05 -0.00263629 -0.00784161
21.46 1.47919e-05 -0.00031615 -0.000115081 2.03514e-05 -0.00287822 -0.00790705
21.48 1.3969e-05 -0.000308911 -0.000124294 4.79022e-06 -0.00310864 -0.00772599
21.5 1.27143e-05 -0.000292652 -0.000132917 -1.04918e-05 -0.00332431 -0.00731934
21.52 1.10552e-05 -0.000267971 -0.000140114 -2.49721e-05 -0.0035043 -0.00670205
21.54 9.01969e-06 -0.00023443 -0.000145083 -3.80384e-05 -0.00362859 -0.0058632
21.56 6.63209e-06 -0.0001907 -0.000148144 -4.89385e-05 -0.00370514 -0.00476949
21.58 3.92255e-06 -0.000135999 -0.00015034 -5.70611e-05 -0.00376008 -0.00340139
21.6 9.54327e-07 -7.14859e-05 -0.00015226 -6.21481e-05 -0.00380809 -0.00178789
21.62 -2.14745e-06 -7.21568e-07 -0.000153717 -6.4123e-05 -0.00384452 -1.80468e-05
21.64 -5.19599e-06 7.1031e-05 -0.000154213 -6.29243e-05 -0.00385693 0.00177651
21.66 -7.98884e-06 0.000138471 -0.000153287 -5.86449e-05 -0.00383378 0.00346321
21.68 -1.03765e-05 0.000198004 -0.000150646 -5.16672e-05 -0.00376771 0.00495215
21.7 -1.23046e-05 0.000248268 -0.000146319 -4.24959e-05 -0.00365949 0.00620929
21.72 -1.37999e-05 0.00028924 -0.000140815 -3.15109e-05 -0.00352185 0.00723402
21.74 -1.49122e-05 0.000321021 -0.000135033 -1.89678e-05 -0.00337723 0.00802887
21.76 -1.56587e-05 0.000343387 -0.000129856 -5.19766e-06 -0.00324776 0.00858826
21.78 -1.60075e-05 0.0003561 -0.000125658 9.27283e-06 -0.00314277 0.00890621
21.8 -1.59073e-05 0.000359151 -0.000121779 2.38043e-05 -0.00304574 0.00898251
21.82 -1.533e-05 0.000352667 -0.000116785 3.78175e-05 -0.00292085 0.00882035
21.84 -1.42938e-05 0.000336854 -0.000109966 5.09064e-05 -0.0027503 0.00842485
21.86 -1.28541e-05 0.000311986 -0.000102503 6.27382e-05 -0.00256365 0.0078029
21.88 -1.10777e-05 0.000278161 -9.66755e-05 7.27326e-05 -0.00241789 0.00695692
21.9 -9.02246e-06 0.000235499 -9.4062e-05 8.00114e-05 -0.00235253 0.00588993
21.92 -6.73775e-06 0.000184761 -9.49278e-05 8.3898e-05 -0.00237418 0.00462095
21.94 -4.28233e-06 0.000127627 -9.86779e-05 8.42701e-05 -0.00246797 0.00319201
21.96 -1.74086e-06 6.67957e-05 -0.000104172 8.12873e-05 -0.00260539 0.00167059
21.98 7.81423e-07 5.71206e-06 -0.000109917 7.50936e-05 -0.00274906 0.000142861
22 3.18671e-06 -5.25406e-05 -0.000114512 6.59845e-05 -0.00286399 -0.00131406
22.02 5.41265e-06 -0.000106549 -0.000117179 5.46131e-05 -0.0029307 -0.00266484
22.04 7.43467e-06 -0.000156463 -0.000117979 4.17808e-05 -0.00295071 -0.00391319
22.06 9.23694e-06 -0.000202289 -0.000117651 2.80783e-05 -0.00294249 -0.00505932
22.08 1.07734e-05 -0.000242452 -0.000117253 1.38524e-05 -0.00293255 -0.00606383
22.1 1.19532e-05 -0.000274131 -0.000117796 -5.40012e-07 -0.00294613 -0.00685613
22.12 1.26682e-05 -0.000294662 -0.000120044 -1.45691e-05 -0.00300235 -0.00736961
22.14 1.28495e-05 -0.000302618 -0.000124343 -2.76171e-05 -0.00310987 -0.0075686
22.16 1.25115e-05 -0.000298246 -0.00013015 -3.91483e-05 -0.00325509 -0.00745925
22.18 1.17487e-05 -0.00028337 -0.000135618 -4.87948e-05 -0.00339186 -0.00708721
22.2 1.06836e-05 -0.000260464 -0.000138115 -5.62736e-05 -0.0034543 -0.00651431
22.22 9.3993e-06 -0.000230947 -0.000135927 -6.10911e-05 -0.0033996 -0.00577608
22.24 7.89981e-06 -0.000194415 -0.000129858 -6.24287e-05 -0.00324779 -0.00486239
22.26 6.12726e-06 -0.000149952 -0.000122727 -5.96739e-05 -0.00306945 -0.00375036
22.28 4.0247e-06 -9.75857e-05 -0.000117171 -5.29982e-05 -0.0029305 -0.00244066
22.3 1.60471e-06 -3.83737e-05 -0.000114186 -4.31416e-05 -0.00285584 -0.000959742
22.32 -1.02349e-06 2.59066e-05 -0.000113346 -3.08447e-05 -0.00283483 0.000647935
22.34 -3.68586e-06 9.25894e-05 -0.000113528 -1.67788e-05 -0.00283939 0.0023157
22.36 -6.20262e-06 0.000157813 -0.000113303 -1.76918e-06 -0.00283375 0.00394698
22.38 -8.42906e-06 0.000216932 -0.00011132 1.3332e-05 -0.00278416 0.00542556
22.4 -1.02643e-05 0.000265767 -0.000107026 2.79805e-05 -0.00267677 0.00664696
22.42 -1.16494e-05 0.000302079 -0.00010114 4.19313e-05 -0.00252954 0.00755512
22.44 -1.25712e-05 0.000326171 -9.52382e-05 5.49252e-05 -0.00238195 0.00815766
22.46 -1.30665e-05 0.000339992 -9.07973e-05 6.65415e-05 -0.00227088 0.00850335
22.48 -1.32063e-05 0.000345513 -8.85386e-05 7.63327e-05 -0.00221439 0.00864141
22.5 -1.30617e-05 0.000343926 -8.82976e-05 8.39584e-05 -0.00220836 0.00860173
22.52 -1.26678e-05 0.000336029 -8.91727e-05 8.91872e-05 -0.00223025 0.00840423
22.54 -1.20108e-05 0.000322284 -9.00793e-05 9.18028e-05 -0.00225292 0.00806044
22.56 -1.10419e-05 0.000301549 -9.04513e-05 9.14374e-05 -0.00226223 0.00754186
22.58 -9.71228e-06 0.00027069 -9.05203e-05 8.76469e-05 -0.00226395 0.00677006
22.6 -8.00966e-06 0.000227223 -9.12456e-05 8.03747e-05 -0.00228209 0.00568295
22.62 -5.98088e-06 0.000171999 -9.38047e-05 7.01332e-05 -0.00234609 0.00430177
22.64 -3.73607e-06 0.00010892 -9.86509e-05 5.75879e-05 -0.0024673 0.00272413
22.66 -1.43115e-06 4.32153e-05 -0.000105117 4.3268e-05 -0.00262901 0.00108083
22.68 7.70053e-07 -1.98011e-05 -0.000112261 2.77933e-05 -0.0028077 -0.000495235
22.7 2.73835e-06 -7.58038e-05 -0.000119999 1.20565e-05 -0.00300123 -0.00189589
22.72 4.40556e-06 -0.000122783 -0.000128907 -3.03707e-06 -0.00322401 -0.00307084
22.74 5.76754e-06 -0.000161377 -0.000138888 -1.69025e-05 -0.00347365 -0.00403611
22.76 6.86775e-06 -0.000193568 -0.000148639 -2.929e-05 -0.00371753 -0.0048412
22.78 7.76241e-06 -0.000221008 -0.000156615 -4.01008e-05 -0.003917 -0.0055275
22.8 8.47554e-06 -0.000244202 -0.000162045 -4.92457e-05 -0.00405282 -0.0061076
22.82 8.96975e-06 -0.000262199 -0.000164924 -5.65796e-05 -0.00412482 -0.00655769
22.84 9.15807e-06 -0.000272478 -0.000165611 -6.18922e-05 -0.004142 -0.00681478
22.86 8.95055e-06 -0.000271706 -0.000164769 -6.49428e-05 -0.00412095 -0.00679549
22.88 8.30116e-06 -0.000257294 -0.000163264 -6.54248e-05 -0.0040833 -0.00643503
22.9 7.22892e-06 -0.000228546 -0.000161627 -6.29064e-05 -0.00404235 -0.00571602
22.92 5.81311e-06 -0.00018693 -0.000159349 -5.70666e-05 -0.00398538 -0.00467519
22.94 4.1739e-06 -0.00013593 -0.000154834 -4.80863e-05 -0.00387247 -0.00339967
22.96 2.4458e-06 -8.01708e-05 -0.000146627 -3.65635e-05 -0.0036672 -0.0020051
22.98 7.47187e-07 -2.3929e-05 -0.000134842 -2.30952e-05 -0.00337245 -0.000598475
23 -8.47423e-07 2.98191e-05 -0.000121238 -8.24077e-06 -0.00303221 0.000745788
23.02 -2.31895e-06 7.94724e-05 -0.000108007 7.22656e-06 -0.00270129 0.00198764
23.04 -3.68765e-06 0.000124574 -9.65367e-05 2.24108e-05 -0.00241442 0.00311566
23.06 -4.97489e-06 0.000165658 -8.71355e-05 3.66772e-05 -0.00217929 0.00414318
23.08 -6.16692e-06 0.000203598 -7.95419e-05 4.97608e-05 -0.00198938 0.00509207
23.1 -7.20252e-06 0.000238224 -7.33845e-05 6.1529e-05 -0.00183538 0.00595807
23.12 -7.98592e-06 0.000267365 -6.81988e-05 7.181e-05 -0.00170568 0.00668692
23.14 -8.41369e-06 0.000287596 -6.34172e-05 8.04201e-05 -0.00158609 0.00719289
23.16 -8.40578e-06 0.000296054 -5.86615e-05 8.71787e-05 -0.00146715 0.00740444
23.18 -7.93444e-06 0.000291635 -5.39631e-05 9.18726e-05 -0.00134964 0.0072939
23.2 -7.04033e-06 0.000274928 -4.96125e-05 9.42795e-05 -0.00124083 0.00687607
23.22 -5.8255e-06 0.000247646 -4.60154e-05 9.41592e-05 -0.00115086 0.00619373
23.24 -4.42377e-06 0.000212069 -4.39202e-05 9.12249e-05 -0.00109846 0.00530394
23.26 -2.96393e-06 0.000170745 -4.48127e-05 8.53514e-05 -0.00112078 0.00427041
23.28 -1.54176e-06 0.000126173 -5.05649e-05 7.68345e-05 -0.00126465 0.00315565
23.3 -2.0661e-07 8.02874e-05 -6.20135e-05 6.62373e-05 -0.00155098 0.00200802
23.32 1.038e-06 3.41667e-05 -7.78635e-05 5.40384e-05 -0.0019474 0.000854524
23.34 2.22238e-06 -1.18391e-05 -9.52452e-05 4.06251e-05 -0.00238212 -0.0002961
23.36 3.3861e-06 -5.76312e-05 -0.000111316 2.65234e-05 -0.00278407 -0.00144138
23.38 4.54393e-06 -0.000102791 -0.000124544 1.23833e-05 -0.0031149 -0.00257086
23.4 5.65672e-06 -0.000146169 -0.000135061 -1.27997e-06 -0.00337793 -0.00365576
23.42 6.62567e-06 -0.000185743 -0.000144254 -1.4195e-05 -0.00360785 -0.00464552
23.44 7.31792e-06 -0.000218813 -0.000153962 -2.6195e-05 -0.00385066 -0.0054726
23.46 7.61309e-06 -0.000242577 -0.000165424 -3.70918e-05 -0.00413731 -0.00606694
23.48 7.44766e-06 -0.000254859 -0.000178271 -4.66919e-05 -0.00445863 -0.00637413
23.5 6.83626e-06 -0.000254591 -0.000190393 -5.48366e-05 -0.0047618 -0.00636742
23.52 5.86205e-06 -0.000242029 -0.000199117 -6.13846e-05 -0.00498 -0.00605325
23.54 4.6433e-06 -0.000218883 -0.000202757 -6.61473e-05 -0.00507105 -0.00547435
23.56 3.29306e-06 -0.000187958 -0.000201253 -6.87705e-05 -0.00503343 -0.00470091
23.58 1.88983e-06 -0.000152039 -0.000195864 -6.874e-05 -0.00489863 -0.00380255
23.6 4.69266e-07 -0.000112889 -0.000188416 -6.57361e-05 -0.00471237 -0.00282341
23.62 -9.65943e-07 -7.10561e-05 -0.000180583 -5.99618e-05 -0.00451645 -0.00177714
23.64 -2.42601e-06 -2.63485e-05 -0.00017317 -5.19397e-05 -0.00433106 -0.000658988
23.66 -3.91027e-06 2.13739e-05 -0.00016579 -4.21171e-05 -0.00414648 0.000534571
23.68 -5.38637e-06 7.14967e-05 -0.000157602 -3.08647e-05 -0.00394169 0.00178816
23.7 -6.78152e-06 0.000122208 -0.000147925 -1.86653e-05 -0.00369967 0.00305646
23.72 -7.99066e-06 0.000170591 -0.000136033 -6.01718e-06 -0.00340224 0.00426655
23.74 -8.89826e-06 0.000213246 -0.000121235 6.79448e-06 -0.00303214 0.00533338
23.76 -9.40645e-06 0.000246992 -0.000103531 1.96595e-05 -0.00258935 0.00617736
23.78 -9.46312e-06 0.00026947 -8.40885e-05 3.24191e-05 -0.00210309 0.00673955
23.8 -9.07991e-06 0.000279727 -6.51144e-05 4.47849e-05 -0.00162854 0.00699608
23.82 -8.32843e-06 0.000278423 -4.94037e-05 5.64142e-05 -0.00123561 0.00696346
23.84 -7.31322e-06 0.000267292 -3.95191e-05 6.69594e-05 -0.00098839 0.00668509
23.86 -6.13358e-06 0.000248283 -3.66228e-05 7.60683e-05 -0.00091595 0.00620966
23.88 -4.85181e-06 0.000223089 -3.97715e-05 8.33607e-05 -0.0009947 0.00557954
23.9 -3.48164e-06 0.000192953 -4.62045e-05 8.83828e-05 -0.00115559 0.00482583
23.92 -2.00277e-06 0.000158481 -5.23806e-05 9.07181e-05 -0.00131006 0.00396367
23.94 -3.93406e-07 0.000119643 -5.55365e-05 9.02755e-05 -0.00138899 0.00299232
23.96 1.33604e-06 7.61356e-05 -5.51605e-05 8.73434e-05 -0.00137959 0.00190418
23.98 3.12258e-06 2.8073e-05 -5.34658e-05 8.22714e-05 -0.0013372 0.000702118
24 4.8514e-06 -2.32501e-05 -5.45841e-05 7.52146e-05 -0.00136517 -0.000581494
24.02 6.37985e-06 -7.48903e-05 -6.22501e-05 6.62407e-05 -0.0015569 -0.00187304
24.04 7.5785e-06 -0.000122659 -7.71832e-05 5.55214e-05 -0.00193038 -0.00306776
24.06 8.37192e-06 -0.000162517 -9.70312e-05 4.32972e-05 -0.00242679 -0.00406461
24.08 8.75782e-06 -0.000192167 -0.000118462 2.98084e-05 -0.00296279 -0.00480618
24.1 8.79455e-06 -0.000211801 -0.000138716 1.54335e-05 -0.00346934 -0.00529722
24.12 8.56737e-06 -0.000223493 -0.000155908 8.01609e-07 -0.00389931 -0.00558964
24.14 8.15182e-06 -0.000229618 -0.000168915 -1.33951e-05 -0.00422464 -0.00574283
24.16 7.58705e-06 -0.000231228 -0.000177489 -2.66893e-05 -0.00443907 -0.00578312
24.18 6.86633e-06 -0.000227457 -0.000182293 -3.88855e-05 -0.00455922 -0.0056888
24.2 5.94965e-06 -0.000216425 -0.000184463 -4.98767e-05 -0.00461349 -0.00541287
24.22 4.79584e-06 -0.00019683 -0.00018495 -5.9429e-05 -0.00462568 -0.0049228
24.24 3.39879e-06 -0.000168776 -0.000184422 -6.70691e-05 -0.00461248 -0.00422116
24.26 1.80695e-06 -0.000133478 -0.000183583 -7.2207e-05 -0.0045915 -0.00333835
24.28 1.13622e-07 -9.25396e-05 -0.000182948 -7.44287e-05 -0.00457561 -0.00231445
24.3 -1.57237e-06 -4.76475e-05 -0.000182231 -7.35887e-05 -0.00455768 -0.00119168
24.32 -3.15105e-06 -9.30915e-07 -0.000180119 -6.96237e-05 -0.00450485 -2.32826e-05
24.34 -4.53763e-06 4.48174e-05 -0.000174511 -6.24821e-05 -0.00436459 0.0011209
24.36 -5.66257e-06 8.68356e-05 -0.000163589 -5.23593e-05 -0.00409143 0.00217179
24.38 -6.48209e-06 0.000123494 -0.000147341 -3.98526e-05 -0.00368506 0.00308864
24.4 -6.99709e-06 0.000154476 -0.000127776 -2.57031e-05 -0.00319572 0.00386351
24.42 -7.25911e-06 0.000180035 -0.000107733 -1.04396e-05 -0.00269444 0.00450275
24.44 -7.34532e-06 0.000200518 -8.97934e-05 5.61371e-06 -0.00224577 0.00501503
24.46 -7.31185e-06 0.000216304 -7.58322e-05 2.20847e-05 -0.00189659 0.00540984
24.48 -7.15739e-06 0.000227299 -6.67027e-05 3.84598e-05 -0.00166826 0.00568483
24.5 -6.82411e-06 0.000232244 -6.17821e-05 5.42005e-05 -0.0015452 0.00580851
24.52 -6.23522e-06 0.00022921 -5.90487e-05 6.88199e-05 -0.00147683 0.00573265
24.54 -5.34497e-06 0.000217181 -5.61786e-05 8.18369e-05 -0.00140505 0.00543178
24.56 -4.17341e-06 0.00019684 -5.20163e-05 9.27385e-05 -0.00130095 0.00492306
24.58 -2.8107e-06 0.000169812 -4.72006e-05 0.000101013 -0.00118051 0.00424707
24.6 -1.39133e-06 0.000137763 -4.36255e-05 0.000106214 -0.00109109 0.00344551
24.62 -5.11394e-08 0.000102463 -4.34625e-05 0.00010805 -0.00108701 0.00256263
24.64 1.11094e-06 6.59986e-05 -4.83504e-05 0.000106388 -0.00120926 0.00165065
24.66 2.04856e-06 3.04071e-05 -5.87783e-05 0.000101134 -0.00147007 0.000760495
24.68 2.76192e-06 -2.92404e-06 -7.37818e-05 9.22182e-05 -0.00184531 -7.31316e-05
24.7 3.28321e-06 -3.36089e-05 -9.12197e-05 7.98128e-05 -0.00228144 -0.000840572
24.72 3.66124e-06 -6.2037e-05 -0.000108764 6.44985e-05 -0.00272024 -0.00155157
24.74 3.94292e-06 -8.85797e-05 -0.000124792 4.71197e-05 -0.00312109 -0.00221542
24.76 4.15155e-06 -0.000112873 -0.000138591 2.85042e-05 -0.00346622 -0.00282299
24.78 4.27161e-06 -0.000133832 -0.000150365 9.33277e-06 -0.0037607 -0.00334719
24.8 4.25079e-06 -0.000150177 -0.000161012 -9.81822e-06 -0.00402699 -0.003756
24.82 4.02251e-06 -0.000160718 -0.000171409 -2.84088e-05 -0.00428702 -0.00401962
24.84 3.54135e-06 -0.000164325 -0.000181613 -4.59223e-05 -0.00454222 -0.00410985
24.86 2.81265e-06 -0.000160233 -0.000190869 -6.1876e-05 -0.00477372 -0.00400748
24.88 1.89787e-06 -0.00014872 -0.000198249 -7.58086e-05 -0.00495828 -0.00371956
24.9 8.94107e-07 -0.000131368 -0.000202895 -8.72455e-05 -0.00507448 -0.00328558
24.92 -9.69581e-08 -0.000110339 -0.000203846 -9.56697e-05 -0.00509828 -0.00275962
24.94 -9.95107e-07 -8.73253e-05 -0.000200384 -0.00010052 -0.00501169 -0.00218404
24.96 -1.75721e-06 -6.31568e-05 -0.000192908 -0.000101278 -0.0048247 -0.00157958
24.98 -2.38081e-06 -3.80871e-05 -0.000183105 -9.7658e-05 -0.00457953 -0.000952574
25 -2.89279e-06 -1.21965e-05 -0.000172602 -8.97119e-05 -0.00431686 -0.00030504
25.02 -3.32465e-06 1.43624e-05 -0.000162075 -7.77806e-05 -0.00405357 0.00035921
25.04 -3.68676e-06 4.12355e-05 -0.000151696 -6.24348e-05 -0.00379399 0.00103132
25.06 -3.95748e-06 6.76887e-05 -0.000141057 -4.44322e-05 -0.00352789 0.00169292
25.08 -4.09183e-06 9.2497e-05 -0.000128913 -2.46176e-05 -0.00322417 0.00231339
25.1 -4.04105e-06 0.000114164 -0.000114079 -3.79399e-06 -0.00285317 0.0028553
25.12 -3.77273e-06 0.000131325 -9.66927e-05 1.73566e-05 -0.00241832 0.0032845
25.14 -3.2833e-06 0.000142997 -7.82852e-05 3.82701e-05 -0.00195794 0.00357642
25.16 -2.59857e-06 0.000148686 -6.08341e-05 5.8427e-05 -0.00152149 0.00371871
25.18 -1.76494e-06 0.000148536 -4.60434e-05 7.72586e-05 -0.00115156 0.00371496
25.2 -8.38794e-07 0.000143382 -3.51191e-05 9.4123e-05 -0.000878344 0.00358605
25.22 1.21742e-07 0.000134415 -2.86013e-05 0.000108394 -0.00071533 0.00336176
25.24 1.0651e-06 0.000122591 -2.62538e-05 0.000119582 -0.000656618 0.00306606
25.26 1.95551e-06 0.000108242 -2.72283e-05 0.000127367 -0.000680992 0.00270718
25.28 2.77839e-06 9.112e-05 -3.02815e-05 0.00013153 -0.000757352 0.00227895
25.3 3.53493e-06 7.09055e-05 -3.39071e-05 0.000131916 -0.000848031 0.00177338
25.32 4.22363e-06 4.78623e-05 -3.67408e-05 0.000128508 -0.000918903 0.00119706
25.34 4.81646e-06 2.31267e-05 -3.84677e-05 0.000121439 -0.000962094 0.000578408
25.36 5.248e-06 -1.54501e-06 -4.15139e-05 0.000110863 -0.00103828 -3.86415e-05
25.38 5.43169e-06 -2.43992e-05 -4.95562e-05 9.69743e-05 -0.00123942 -0.000610234
25.4 5.3007e-06 -4.42774e-05 -6.3924e-05 8.02009e-05 -0.00159876 -0.0011074
25.42 4.84744e-06 -6.05345e-05 -8.36199e-05 6.1205e-05 -0.00209137 -0.00151399
25.44 4.12795e-06 -7.26736e-05 -0.000107301 4.07185e-05 -0.00268365 -0.0018176
25.46 3.22652e-06 -8.05518e-05 -0.000133492 1.95535e-05 -0.0033387 -0.00201463
25.48 2.21387e-06 -8.46322e-05 -0.000159406 -1.34887e-06 -0.00398682 -0.00211669
25.5 1.13388e-06 -8.5473e-05 -0.000181485 -2.11457e-05 -0.00453901 -0.00213772
25.52 1.6445e-08 -8.30632e-05 -0.000197439 -3.93727e-05 -0.00493803 -0.00207744
25.54 -1.11055e-06 -7.70258e-05 -0.000207115 -5.58626e-05 -0.00518004 -0.00192645
25.56 -2.22343e-06 -6.7315e-05 -0.000211539 -7.04242e-05 -0.00529067 -0.00168358
25.58 -3.30809e-06 -5.43098e-05 -0.00021198 -8.27172e-05 -0.0053017 -0.00135831
25.6 -4.35545e-06 -3.83265e-05 -0.000209953 -9.2375e-05 -0.00525102 -0.000958561
25.62 -5.3475e-06 -1.95155e-05 -0.000207156 -9.90947e-05 -0.00518105 -0.000488091
25.64 -6.24542e-06 1.58084e-06 -0.000204771 -0.00010261 -0.00512141 3.95374e-05
25.66 -6.98891e-06 2.35898e-05 -0.000203088 -0.000102685 -0.00507931 0.00058999
25.68 -7.50654e-06 4.46201e-05 -0.000201846 -9.91474e-05 -0.00504826 0.00111597
25.7 -7.73226e-06 6.29528e-05 -0.000199466 -9.18999e-05 -0.00498872 0.00157448
25.72 -7.62423e-06 7.7599e-05 -0.000192298 -8.09924e-05 -0.00480945 0.00194078
25.74 -7.18117e-06 8.85962e-05 -0.000177949 -6.67656e-05 -0.00445059 0.00221583
25.76 -6.45236e-06 9.68045e-05 -0.000157738 -4.98463e-05 -0.00394508 0.00242112
25.78 -5.52961e-06 0.000103248 -0.000134324 -3.09827e-05 -0.00335949 0.00258228
25.8 -4.51248e-06 0.000108563 -0.000109491 -1.09671e-05 -0.00273841 0.0027152
25.82 -3.46435e-06 0.000112796 -8.48341e-05 9.36467e-06 -0.00212174 0.00282107
25.84 -2.39461e-06 0.000115319 -6.27964e-05 2.92739e-05 -0.00157056 0.00288417
25.86 -1.28151e-06 0.000114959 -4.54326e-05 4.83242e-05 -0.00113629 0.00287518
25.88 -1.11406e-07 0.000110699 -3.29991e-05 6.63397e-05 -0.00082532 0.00276862
25.9 1.09797e-06 0.000102421 -2.46973e-05 8.31305e-05 -0.00061769 0.0025616
25.92 2.29935e-06 9.08747e-05 -2.01638e-05 9.83199e-05 -0.000504305 0.00227281
25.94 3.43191e-06 7.7024e-05 -1.94096e-05 0.000111407 -0.000485442 0.0019264
25.96 4.43911e-06 6.16097e-05 -2.18788e-05 0.000121869 -0.000547199 0.00154088
25.98 5.28176e-06 4.51384e-05 -2.63866e-05 0.000129172 -0.000659939 0.00112893
26 5.94226e-06 2.79651e-05 -3.16579e-05 0.000132823 -0.000791778 0.000699419
26.02 6.41866e-06 1.03976e-05 -3.63858e-05 0.000132487 -0.000910022 0.000260048
26.04 6.71171e-06 -7.07118e-06 -3.92252e-05 0.000128077 -0.000981039 -0.000176853
26.06 6.81234e-06 -2.3676e-05 -4.11259e-05 0.00011972 -0.00102858 -0.000592147
26.08 6.69659e-06 -3.87874e-05 -4.66866e-05 0.000107753 -0.00116765 -0.00097009
26.1 6.33608e-06 -5.23022e-05 -5.96585e-05 9.27361e-05 -0.00149208 -0.0013081
26.12 5.72376e-06 -6.41684e-05 -7.96074e-05 7.53383e-05 -0.00199101 -0.00160488
26.14 4.89315e-06 -7.36514e-05 -0.000104101 5.61602e-05 -0.00260361 -0.00184205
26.16 3.90725e-06 -7.96824e-05 -0.000130957 3.57787e-05 -0.00327528 -0.00199289
26.18 2.82485e-06 -8.18606e-05 -0.000157749 1.48952e-05 -0.00394538 -0.00204737
26.2 1.68117e-06 -8.06066e-05 -0.00018132 -5.74153e-06 -0.0045349 -0.00201601
26.22 5.00875e-07 -7.64807e-05 -0.000199202 -2.55677e-05 -0.00498213 -0.00191281
26.24 -6.79185e-07 -6.98179e-05 -0.000210615 -4.42258e-05 -0.00526756 -0.00174617
26.26 -1.80694e-06 -6.08467e-05 -0.00021576 -6.13495e-05 -0.00539626 -0.0015218
26.28 -2.83259e-06 -4.96911e-05 -0.000215201 -7.64366e-05 -0.00538226 -0.00124279
26.3 -3.72541e-06 -3.64045e-05 -0.000210348 -8.89276e-05 -0.0052609 -0.000910491
26.32 -4.4731e-06 -2.1427e-05 -0.000203677 -9.8308e-05 -0.00509405 -0.000535898
26.34 -5.06479e-06 -5.95296e-06 -0.000197731 -0.000104136 -0.00494534 -0.000148886
26.36 -5.47426e-06 8.43687e-06 -0.000194045 -0.000106084 -0.00485314 0.00021101
26.38 -5.66018e-06 2.05479e-05 -0.000192965 -0.00010398 -0.00482613 0.000513912
26.4 -5.58502e-06 2.99106e-05 -0.000192971 -9.77769e-05 -0.00482628 0.000748078
26.42 -5.23834e-06 3.66355e-05 -0.000189783 -8.75293e-05 -0.00474655 0.000916269
26.44 -4.64678e-06 4.13231e-05 -0.000179465 -7.35058e-05 -0.00448849 0.00103351
26.46 -3.87047e-06 4.49735e-05 -0.000161809 -5.62502e-05 -0.00404691 0.00112481
26.48 -2.9913e-06 4.866e-05 -0.000139156 -3.6496e-05 -0.00348035 0.00121701
26.5 -2.09161e-06 5.31912e-05 -0.000114114 -1.50949e-05 -0.00285404 0.00133033
26.52 -1.22731e-06 5.88338e-05 -8.92501e-05 6.99563e-06 -0.00223218 0.00147146
26.54 -4.12085e-07 6.4968e-05 -6.75678e-05 2.88517e-05 -0.0016899 0.00162488
26.56 3.74578e-07 7.00218e-05 -5.15267e-05 4.98162e-05 -0.0012887 0.00175127
26.58 1.16424e-06 7.21166e-05 -4.17336e-05 6.95216e-05 -0.00104377 0.00180367
26.6 1.97686e-06 7.00311e-05 -3.71421e-05 8.76438e-05 -0.000928939 0.00175151
26.62 2.80459e-06 6.36957e-05 -3.62385e-05 0.000103704 -0.000906338 0.00159306
26.64 3.6035e-06 5.41001e-05 -3.76367e-05 0.000117114 -0.00094131 0.00135307
26.66 4.29857e-06 4.29843e-05 -4.0025e-05 0.000127314 -0.00100104 0.00107506
26.68 4.80528e-06 3.23294e-05 -4.22768e-05 0.000133815 -0.00105736 0.000808571
26.7 5.06038e-06 2.35584e-05 -4.37512e-05 0.000136205 -0.00109424 0.000589205
26.72 5.04364e-06 1.69541e-05 -4.44444e-05 0.000134164 -0.00111157 0.000424028
26.74 4.77701e-06 1.19234e-05 -4.54665e-05 0.000127532 -0.00113714 0.00029821
26.76 4.30585e-06 7.67155e-06 -4.97819e-05 0.000116433 -0.00124507 0.000191869
26.78 3.6783e-06 3.42941e-06 -5.99976e-05 0.000101381 -0.00150056 8.57709e-05
26.8 2.93778e-06 -1.52819e-06 -7.58664e-05 8.32058e-05 -0.00189745 -3.82208e-05
26.82 2.12607e-06 -7.48362e-06 -9.55493e-05 6.28324e-05 -0.00238973 -0.000187168
26.84 1.27886e-06 -1.38593e-05 -0.000117486 4.11621e-05 -0.00293837 -0.000346626
26.86 4.10761e-07 -1.94209e-05 -0.000140279 1.9077e-05 -0.00350844 -0.000485725
26.88 -4.91272e-07 -2.2895e-05 -0.000161867 -2.63681e-06 -0.00404837 -0.000572613
26.9 -1.4498e-06 -2.346e-05 -0.000180231 -2.34379e-05 -0.00450764 -0.000586743
26.92 -2.46576e-06 -2.10025e-05 -0.000194529 -4.30102e-05 -0.00486525 -0.00052528
26.94 -3.49971e-06 -1.61333e-05 -0.000204843 -6.10441e-05 -0.00512321 -0.000403501
26.96 -4.47761e-06 -9.83665e-06 -0.000211138 -7.70743e-05 -0.00528066 -0.000246019
26.98 -5.3134e-06 -2.99475e-06 -0.000213203 -9.05246e-05 -0.00533229 -7.49001e-05
27 -5.9342e-06 3.73188e-06 -0.00021141 -0.000100828 -0.00528744 9.33358e-05
27.02 -6.29782e-06 9.78104e-06 -0.000206947 -0.000107483 -0.00517583 0.000244628
27.04 -6.39883e-06 1.48329e-05 -0.000201233 -0.000110087 -0.00503291 0.000370977
27.06 -6.26275e-06 1.91178e-05 -0.000195473 -0.000108381 -0.00488885 0.000478144
27.08 -5.93116e-06 2.3212e-05 -0.000190707 -0.000102276 -0.00476966 0.000580542
27.1 -5.44574e-06 2.73991e-05 -0.000185948 -9.18937e-05 -0.00465063 0.000685263
27.12 -4.83741e-06 3.14656e-05 -0.000178247 -7.76611e-05 -0.00445803 0.000786967
27.14 -4.12693e-06 3.50736e-05 -0.000166317 -6.03055e-05 -0.00415965 0.000877205
27.16 -3.33661e-06 3.80356e-05 -0.000151151 -4.06543e-05 -0.00378035 0.000951287
27.18 -2.49838e-06 4.03971e-05 -0.000133551 -1.95115e-05 -0.00334017 0.00101035
27.2 -1.6462e-06 4.25974e-05 -0.000113521 2.26462e-06 -0.00283921 0.00106538
27.22 -8.00675e-07 4.52884e-05 -9.22608e-05 2.37596e-05 -0.00230748 0.00113268
27.24 3.40441e-08 4.8557e-05 -7.25822e-05 4.42429e-05 -0.00181531 0.00121443
27.26 8.58654e-07 5.14684e-05 -5.69124e-05 6.3328e-05 -0.0014234 0.00128725
27.28 1.66691e-06 5.27705e-05 -4.60269e-05 8.07743e-05 -0.00115115 0.00131981
27.3 2.44143e-06 5.1932e-05 -3.98036e-05 9.61812e-05 -0.000995505 0.00129884
27.32 3.15263e-06 4.91838e-05 -3.79653e-05 0.000108957 -0.000949527 0.00123011
27.34 3.75945e-06 4.48233e-05 -3.96553e-05 0.000118521 -0.000991794 0.00112105
27.36 4.21611e-06 3.90354e-05 -4.31454e-05 0.000124456 -0.00107908 0.000976293
27.38 4.48531e-06 3.23616e-05 -4.66278e-05 0.000126501 -0.00116618 0.000809378
27.4 4.54933e-06 2.58178e-05 -4.91029e-05 0.000124523 -0.00122808 0.000645713
27.42 4.41055e-06 2.03607e-05 -5.03382e-05 0.000118502 -0.00125898 0.000509229
27.44 4.08398e-06 1.64125e-05 -5.12104e-05 0.000108575 -0.00128079 0.000410482
27.46 3.59195e-06 1.37629e-05 -5.44142e-05 9.5143e-05 -0.00136092 0.000344217
27.48 2.96489e-06 1.16734e-05 -6.25372e-05 7.88996e-05 -0.00156408 0.000291955
27.5 2.24553e-06 9.22367e-06 -7.59879e-05 6.0667e-05 -0.00190049 0.000230688
27.52 1.48666e-06 5.80159e-06 -9.37587e-05 4.1206e-05 -0.00234494 0.0001451
27.54 7.35453e-07 1.30831e-06 -0.000114585 2.12434e-05 -0.00286582 3.27213e-05
27.56 1.32289e-08 -3.96082e-06 -0.000136744 1.5633e-06 -0.00342002 -9.90618e-05
27.58 -6.90344e-07 -9.35524e-06 -0.000157639 -1.70987e-05 -0.00394261 -0.000233979
27.6 -1.40022e-06 -1.37988e-05 -0.000174717 -3.42494e-05 -0.00436973 -0.000345115
27.62 -2.13061e-06 -1.60523e-05 -0.000186705 -4.9624e-05 -0.00466956 -0.000401475
27.64 -2.87003e-06 -1.53652e-05 -0.000193715 -6.29762e-05 -0.00484489 -0.000384289
27.66 -3.58147e-06 -1.19238e-05 -0.000196555 -7.39491e-05 -0.00491593 -0.000298219
27.68 -4.21073e-06 -6.67959e-06 -0.000196347 -8.2136e-05 -0.00491071 -0.000167059
27.7 -4.69743e-06 -8.49741e-07 -0.000194443 -8.71937e-05 -0.0048631 -2.12524e-05
27.72 -4.98794e-06 4.47971e-06 -0.000192085 -8.88921e-05 -0.00480413 0.000112039
27.74 -5.04955e-06 8.61645e-06 -0.000189959 -8.71074e-05 -0.00475097 0.000215501
27.76 -4.88016e-06 1.14153e-05 -0.000188215 -8.18021e-05 -0.00470732 0.000285502
27.78 -4.50731e-06 1.31782e-05 -0.000186242 -7.30488e-05 -0.00465799 0.000329591
27.8 -3.97831e-06 1.4438e-05 -0.000182119 -6.11393e-05 -0.00455487 0.000361099
27.82 -3.34741e-06 1.58717e-05 -0.000174004 -4.66561e-05 -0.00435192 0.000396957
27.84 -2.66744e-06 1.82102e-05 -0.000161721 -3.03554e-05 -0.0040447 0.000455444
27.86 -1.98516e-06 2.1976e-05 -0.000146095 -1.29916e-05 -0.0036539 0.000549628
27.88 -1.33323e-06 2.71912e-05 -0.000128027 4.71253e-06 -0.00320202 0.000680063
27.9 -7.20033e-07 3.32907e-05 -0.000108735 2.20444e-05 -0.00271952 0.000832615
27.92 -1.28027e-07 3.92969e-05 -9.01874e-05 3.84077e-05 -0.00225563 0.000982831
27.94 4.72336e-07 4.41506e-05 -7.43817e-05 5.34532e-05 -0.00186032 0.00110422
27.96 1.10122e-06 4.70519e-05 -6.2335e-05 6.70156e-05 -0.00155902 0.00117679
27.98 1.75365e-06 4.76857e-05 -5.40428e-05 7.89111e-05 -0.00135163 0.00119264
28 2.39593e-06 4.62614e-05 -4.91013e-05 8.88332e-05 -0.00122804 0.00115702
28.02 2.97306e-06 4.33918e-05 -4.69761e-05 9.64132e-05 -0.00117489 0.00108525
28.04 3.42296e-06 3.9887e-05 -4.69182e-05 0.000101313 -0.00117344 0.000997589
28.06 3.69272e-06 3.65068e-05 -4.81159e-05 0.000103272 -0.0012034 0.00091305
28.08 3.7524e-06 3.37196e-05 -5.00404e-05 0.000102133 -0.00125153 0.000843342
28.1 3.60187e-06 3.15832e-05 -5.24544e-05 9.78511e-05 -0.00131191 0.000789909
28.12 3.26821e-06 2.98388e-05 -5.54433e-05 9.05088e-05 -0.00138666 0.00074628
28.14 2.79637e-06 2.80634e-05 -6.00726e-05 8.03792e-05 -0.00150244 0.000701877
28.16 2.23764e-06 2.5755e-05 -6.77047e-05 6.79727e-05 -0.00169332 0.000644142
28.18 1.64067e-06 2.24831e-05 -7.86183e-05 5.3942e-05 -0.00196627 0.000562311
28.2 1.04576e-06 1.80993e-05 -9.22379e-05 3.89209e-05 -0.00230691 0.000452671
28.22 4.78428e-07 1.27947e-05 -0.000107913 2.3488e-05 -0.00269896 0.000320001
28.24 -5.71977e-08 6.99058e-06 -0.0001249 8.2193e-06 -0.0031238 0.000174837
28.26 -5.77855e-07 1.26283e-06 -0.000141876 -6.3549e-06 -0.00354838 3.15838e-05
28.28 -1.10894e-06 -3.68174e-06 -0.000157222 -1.98692e-05 -0.0039322 -9.20818e-05
28.3 -1.66732e-06 -7.14925e-06 -0.000169799 -3.2125e-05 -0.00424673 -0.000178806
28.32 -2.24965e-06 -8.71725e-06 -0.000179202 -4.29469e-05 -0.00448193 -0.000218022
28.34 -2.83009e-06 -8.379e-06 -0.000185431 -5.20728e-05 -0.00463769 -0.000209562
28.36 -3.36523e-06 -6.46339e-06 -0.000188683 -5.91822e-05 -0.00471903 -0.000161652
28.38 -3.80316e-06 -3.45963e-06 -0.000189494 -6.39777e-05 -0.00473931 -8.65269e-05
28.4 -4.09457e-06 1.07369e-07 -0.000188689 -6.6232e-05 -0.00471919 2.6853e-06
28.42 -4.20362e-06 3.74744e-06 -0.000186969 -6.58056e-05 -0.00467617 9.37249e-05
28.44 -4.11518e-06 7.07718e-06 -0.000184632 -6.26512e-05 -0.00461771 0.000177003
28.46 -3.8361e-06 9.88042e-06 -0.000181512 -5.68176e-05 -0.0045397 0.000247113
28.48 -3.39253e-06 1.21714e-05 -0.000176649 -4.84882e-05 -0.00441806 0.000304412
28.5 -2.82519e-06 1.42346e-05 -0.000168919 -3.8026e-05 -0.00422473 0.000356012
28.52 -2.18393e-06 1.65109e-05 -0.000158105 -2.59269e-05 -0.00395426 0.000412945
28.54 -1.5202e-06 1.93677e-05 -0.000144696 -1.27109e-05 -0.00361891 0.000484395
28.56 -8.75351e-07 2.29547e-05 -0.000129313 1.11428e-06 -0.00323418 0.000574107
28.58 -2.6865e-07 2.71883e-05 -0.000112721 1.50302e-05 -0.00281919 0.000679991
28.6 3.06238e-07 3.17234e-05 -9.61525e-05 2.85514e-05 -0.00240481 0.000793415
28.62 8.71727e-07 3.59153e-05 -8.08731e-05 4.13249e-05 -0.00202267 0.000898258
28.64 1.44951e-06 3.89463e-05 -6.73503e-05 5.3141e-05 -0.00168446 0.000974063
