0.02 4.10144e-13 3.80015e-11 -5.79338e-09 1.91978e-11 -1.44895e-07 9.50433e-10
0.04 8.36803e-12 1.04784e-09 -4.13739e-08 3.0711e-10 -1.03478e-06 2.6207e-08
0.06 3.57018e-11 7.12154e-09 -1.1341e-07 1.74759e-09 -2.83644e-06 1.78113e-07
0.08 1.7595e-11 2.70203e-08 -1.32104e-07 4.78712e-09 -3.30398e-06 6.75789e-07
0.1 -4.06648e-10 7.52251e-08 2.27277e-08 3.69798e-09 5.68428e-07 1.88141e-06
0.12 -2.20113e-09 1.58314e-07 3.22804e-07 -2.06854e-08 8.07346e-06 3.95949e-06
0.14 -7.05835e-09 2.26117e-07 6.46432e-07 -9.16488e-08 1.61675e-05 5.65529e-06
0.16 -1.68963e-08 1.596e-07 9.81966e-07 -2.00078e-07 2.45594e-05 3.99167e-06
0.18 -3.28881e-08 -1.37078e-07 1.3823e-06 -2.78208e-07 3.45718e-05 -3.42837e-06
0.2 -5.49734e-08 -6.66312e-07 1.80847e-06 -2.34549e-07 4.52306e-05 -1.66647e-05
0.22 -8.21681e-08 -1.37026e-06 2.17761e-06 -2.67456e-08 5.4463e-05 -3.42708e-05
0.24 -1.13112e-07 -2.17561e-06 2.46004e-06 3.03556e-07 6.15266e-05 -5.44128e-05
0.26 -1.46437e-07 -3.0407e-06 2.65984e-06 6.63852e-07 6.65237e-05 -7.60492e-05
0.28 -1.80534e-07 -3.96401e-06 2.81651e-06 9.80541e-07 7.04422e-05 -9.91414e-05
0.3 -2.13024e-07 -4.85996e-06 3.03508e-06 1.24471e-06 7.59087e-05 -0.00012155
0.32 -2.41637e-07 -5.54091e-06 3.40491e-06 1.48243e-06 8.51583e-05 -0.000138581
0.34 -2.66208e-07 -5.96832e-06 3.89078e-06 1.68803e-06 9.731e-05 -0.00014927
0.36 -2.88479e-07 -6.32568e-06 4.35947e-06 1.82423e-06 0.000109032 -0.000158208
0.38 -3.09677e-07 -6.71499e-06 4.67901e-06 1.887e-06 0.000117024 -0.000167945
0.4 -3.2992e-07 -7.05849e-06 4.7604e-06 1.92621e-06 0.00011906 -0.000176536
0.42 -3.49838e-07 -7.39234e-06 4.56169e-06 2.00566e-06 0.00011409 -0.000184886
0.44 -3.70217e-07 -7.91775e-06 4.12815e-06 2.18103e-06 0.000103247 -0.000198026
0.46 -3.89497e-07 -8.64478e-06 3.63745e-06 2.48805e-06 9.09743e-05 -0.00021621
0.48 -4.03703e-07 -9.26193e-06 3.30157e-06 2.88322e-06 8.25737e-05 -0.000231645
0.5 -4.09829e-07 -9.46425e-06 3.10709e-06 3.2022e-06 7.77095e-05 -0.000236705
0.52 -4.08319e-07 -9.25135e-06 2.75191e-06 3.25166e-06 6.88264e-05 -0.00023138
0.54 -4.01911e-07 -8.87507e-06 2.02345e-06 2.98906e-06 5.06074e-05 -0.000221969
0.56 -3.92613e-07 -8.62319e-06 1.12759e-06 2.60637e-06 2.82015e-05 -0.000215669
0.58 -3.79382e-07 -8.60142e-06 4.66321e-07 2.40919e-06 1.16629e-05 -0.000215125
0.6 -3.58121e-07 -8.55159e-06 2.48367e-07 2.55958e-06 6.21176e-06 -0.000213879
0.62 -3.24996e-07 -8.03414e-06 4.19722e-07 2.87507e-06 1.04974e-05 -0.000200937
0.64 -2.80115e-07 -6.99038e-06 7.62849e-07 2.9051e-06 1.90792e-05 -0.000174832
0.66 -2.25698e-07 -5.78154e-06 1.04855e-06 2.31474e-06 2.62246e-05 -0.000144599
0.68 -1.60936e-07 -4.46167e-06 1.30924e-06 1.21997e-06 3.27447e-05 -0.000111588
0.7 -8.32364e-08 -2.61714e-06 1.90545e-06 6.51816e-08 4.7656e-05 -6.54558e-05
0.72 4.7687e-09 -2.03418e-07 3.14909e-06 -8.25201e-07 7.876e-05 -5.08756e-06
0.74 9.46017e-08 2.19478e-06 4.95025e-06 -1.48841e-06 0.000123808 5.48924e-05
0.76 1.79348e-07 4.20086e-06 6.90701e-06 -2.16774e-06 0.000172747 0.000105065
0.78 2.57204e-07 6.01321e-06 8.60426e-06 -3.04008e-06 0.000215196 0.000150393
0.8 3.27509e-07 7.75215e-06 9.82693e-06 -4.05329e-06 0.000245776 0.000193885
0.82 3.88345e-07 9.14213e-06 1.07086e-05 -4.90285e-06 0.000267828 0.000228649
0.84 4.39094e-07 1.00799e-05 1.17096e-05 -5.21616e-06 0.000292861 0.000252101
0.86 4.80672e-07 1.09279e-05 1.31625e-05 -4.91941e-06 0.000329199 0.000273311
0.88 5.11145e-07 1.19186e-05 1.47265e-05 -4.41888e-06 0.000368316 0.00029809
0.9 5.244e-07 1.26794e-05 1.56042e-05 -4.25739e-06 0.000390267 0.000317116
0.92 5.1551e-07 1.26541e-05 1.54417e-05 -4.52066e-06 0.000386204 0.000316484
0.94 4.85706e-07 1.17194e-05 1.47022e-05 -4.66734e-06 0.000367708 0.000293106
0.96 4.40993e-07 1.01939e-05 1.40908e-05 -4.02289e-06 0.000352416 0.000254953
0.98 3.87383e-07 8.46738e-06 1.39696e-05 -2.4536e-06 0.000349386 0.000211773
1 3.28426e-07 6.67331e-06 1.45295e-05 -5.72599e-07 0.000363389 0.000166902
1.02 2.6773e-07 4.62942e-06 1.60633e-05 7.22912e-07 0.00040175 0.000115784
1.04 2.14757e-07 2.56353e-06 1.69215e-05 9.79821e-07 0.000423215 6.41149e-05
1.06 1.83734e-07 1.67947e-06 1.23784e-05 5.05322e-07 0.000309588 4.20043e-05
1.08 1.80389e-07 2.50152e-06 2.03858e-06 9.34447e-08 5.09859e-05 6.2564e-05
1.1 1.9471e-07 3.66827e-06 -6.1112e-06 5.62682e-07 -0.000152844 9.17451e-05
1.12 2.11597e-07 4.30063e-06 -8.07884e-06 2.11235e-06 -0.000202055 0.000107561
1.14 2.19891e-07 5.00496e-06 -9.213e-06 3.64772e-06 -0.000230421 0.000125176
1.16 2.12265e-07 5.60032e-06 -1.19644e-05 3.40616e-06 -0.000299233 0.000140066
1.18 1.88962e-07 5.37109e-06 -1.42332e-05 9.62246e-07 -0.000355977 0.000134333
1.2 1.58088e-07 4.53957e-06 -1.63237e-05 -1.97578e-06 -0.000408263 0.000113536
1.22 1.27251e-07 3.26662e-06 -1.68385e-05 -3.18961e-06 -0.000421137 8.16996e-05
1.24 1.00847e-07 1.91813e-06 -1.36361e-05 -2.00337e-06 -0.000341044 4.79733e-05
1.26 7.86175e-08 1.65438e-06 -1.16574e-05 8.67363e-08 -0.000291556 4.13768e-05
1.28 5.1823e-08 1.95336e-06 -1.49955e-05 6.39172e-07 -0.000375043 4.88543e-05
1.3 1.53761e-08 7.84075e-07 -1.79199e-05 -1.28451e-06 -0.000448185 1.961e-05
1.32 -1.74398e-08 -1.44205e-06 -1.50944e-05 -3.96965e-06 -0.000377516 -3.60663e-05
1.34 -2.95675e-08 -2.36145e-06 -9.06716e-06 -5.01173e-06 -0.000226773 -5.90609e-05
1.36 -2.25173e-08 -1.7504e-06 -2.03191e-06 -4.01987e-06 -5.08189e-05 -4.37783e-05
1.38 -7.61626e-09 -1.44172e-06 7.55751e-06 -2.71608e-06 0.000189016 -3.6058e-05
1.4 1.91997e-08 -1.8124e-06 1.66157e-05 -2.88478e-06 0.000415566 -4.5329e-05
1.42 7.85075e-08 -7.90786e-07 1.64817e-05 -4.77342e-06 0.000412213 -1.97779e-05
1.44 1.79412e-07 2.76379e-06 7.41355e-06 -6.92544e-06 0.000185416 6.91236e-05
1.46 3.0241e-07 6.77655e-06 2.59908e-06 -7.08748e-06 6.50041e-05 0.000169484
1.48 4.17975e-07 9.57782e-06 7.25394e-06 -4.18557e-06 0.000181424 0.000239545
1.5 5.07052e-07 1.21752e-05 1.07975e-05 -2.24468e-07 0.00027005 0.000304507
1.52 5.60061e-07 1.43446e-05 8.59996e-06 1.01493e-06 0.000215089 0.000358764
1.54 5.80785e-07 1.42097e-05 8.65554e-06 -1.60777e-06 0.000216479 0.000355389
1.56 5.91274e-07 1.2861e-05 1.34949e-05 -4.83495e-06 0.000337512 0.000321659
1.58 6.07453e-07 1.30642e-05 1.78885e-05 -4.88474e-06 0.000447398 0.00032674
1.6 6.16341e-07 1.42696e-05 2.06197e-05 -1.63907e-06 0.000515707 0.00035689
1.62 5.97067e-07 1.4213e-05 2.15651e-05 1.9719e-06 0.000539351 0.000355474
1.64 5.50082e-07 1.29073e-05 1.66108e-05 3.28396e-06 0.000415444 0.000322816
1.66 4.9015e-07 1.12907e-05 6.4004e-06 1.96267e-06 0.000160077 0.000282386
1.68 4.26766e-07 9.20896e-06 -1.13015e-06 6.64108e-08 -2.82654e-05 0.00023032
1.7 3.61708e-07 7.0839e-06 -2.32096e-06 2.94968e-07 -5.80482e-05 0.000177171
1.72 2.8967e-07 6.20276e-06 -1.471e-06 3.05562e-06 -3.67902e-05 0.000155134
1.74 1.95858e-07 5.85565e-06 -1.93017e-06 5.43907e-06 -4.82743e-05 0.000146452
1.76 7.09483e-08 3.471e-06 -2.72752e-06 4.30156e-06 -6.82165e-05 8.68113e-05
1.78 -6.72047e-08 -1.1027e-06 -3.57602e-06 1.41546e-07 -8.94377e-05 -2.7579e-05
1.8 -1.86767e-07 -4.77437e-06 -5.91677e-06 -3.27635e-06 -0.000147981 -0.000119409
1.82 -2.8165e-07 -6.0185e-06 -9.26756e-06 -3.0387e-06 -0.000231786 -0.000150525
1.84 -3.77538e-07 -6.96965e-06 -1.14552e-05 1.54776e-07 -0.000286499 -0.000174314
1.86 -4.95118e-07 -9.52453e-06 -1.23675e-05 3.12048e-06 -0.000309315 -0.000238213
1.88 -6.27857e-07 -1.30854e-05 -1.38975e-05 3.19605e-06 -0.000347581 -0.00032727
1.9 -7.55399e-07 -1.68485e-05 -1.61407e-05 4.481e-07 -0.000403687 -0.000421388
1.92 -8.57577e-07 -2.05347e-05 -1.71035e-05 -2.28403e-06 -0.000427765 -0.000513582
1.94 -9.18353e-07 -2.28647e-05 -1.64167e-05 -1.89237e-06 -0.000410587 -0.000571857
1.96 -9.35371e-07 -2.27594e-05 -1.59071e-05 1.78953e-06 -0.000397842 -0.000569223
1.98 -9.22263e-07 -2.13981e-05 -1.66478e-05 5.65203e-06 -0.000416369 -0.000535176
2 -8.89356e-07 -2.0539e-05 -1.85682e-05 6.58869e-06 -0.000464397 -0.00051369
2.02 -8.28435e-07 -1.9993e-05 -2.1743e-05 4.62294e-06 -0.000543801 -0.000500032
2.04 -7.2405e-07 -1.84476e-05 -2.52048e-05 2.50616e-06 -0.000630383 -0.000461381
2.06 -5.7181e-07 -1.53674e-05 -2.6392e-05 2.75435e-06 -0.000660075 -0.000384345
2.08 -3.80553e-07 -1.08712e-05 -2.40733e-05 5.29855e-06 -0.000602083 -0.000271893
2.1 -1.65198e-07 -5.13944e-06 -1.99661e-05 7.56781e-06 -0.000499361 -0.00012854
2.12 5.82339e-08 1.06087e-06 -1.60656e-05 6.74913e-06 -0.000401806 2.65327e-05
2.14 2.78763e-07 6.62907e-06 -1.19933e-05 2.43869e-06 -0.000299957 0.000165796
2.16 4.94012e-07 1.16152e-05 -5.94312e-06 -2.80989e-06 -0.00014864 0.0002905
2.18 6.99648e-07 1.68759e-05 2.73773e-06 -5.90666e-06 6.84718e-05 0.000422074
2.2 8.7763e-07 2.19641e-05 1.26433e-05 -6.1654e-06 0.000316214 0.000549331
2.22 1.00681e-06 2.53824e-05 2.14545e-05 -5.55752e-06 0.000536585 0.000634824
2.24 1.08202e-06 2.68125e-05 2.73099e-05 -6.31628e-06 0.000683032 0.000670591
2.26 1.11256e-06 2.68637e-05 2.99406e-05 -8.70223e-06 0.000748827 0.000671872
2.28 1.11026e-06 2.55806e-05 3.13704e-05 -1.08781e-05 0.000784587 0.000639783
2.3 1.08817e-06 2.34841e-05 3.39376e-05 -1.06922e-05 0.000848794 0.000587347
2.32 1.05716e-06 2.21604e-05 3.71918e-05 -7.91191e-06 0.000930181 0.000554242
2.34 1.01508e-06 2.18908e-05 3.91264e-05 -4.78686e-06 0.000978568 0.000547499
2.36 9.5197e-07 2.11112e-05 3.94481e-05 -3.92699e-06 0.000986613 0.000528001
2.38 8.68031e-07 1.9102e-05 3.83174e-05 -5.60564e-06 0.000958333 0.00047775
2.4 7.74819e-07 1.6684e-05 3.44854e-05 -7.54831e-06 0.000862495 0.000417275
2.42 6.8153e-07 1.44391e-05 2.81526e-05 -7.22038e-06 0.000704108 0.000361127
2.44 5.88998e-07 1.23435e-05 2.17696e-05 -4.06233e-06 0.000544466 0.000308715
2.46 4.92871e-07 1.03975e-05 1.57246e-05 1.2108e-07 0.000393278 0.000260047
2.48 3.88175e-07 8.51001e-06 7.99307e-06 2.65712e-06 0.00019991 0.000212839
2.5 2.73301e-07 6.45347e-06 -1.5236e-06 2.26359e-06 -3.81058e-05 0.000161404
2.52 1.50501e-07 3.97285e-06 -1.07736e-05 2.10785e-07 -0.000269452 9.93627e-05
2.54 2.44696e-08 9.57976e-07 -1.81839e-05 -8.18238e-07 -0.000454786 2.39594e-05
2.56 -9.93635e-08 -2.09821e-06 -2.27776e-05 7.61794e-07 -0.000569678 -5.2477e-05
2.58 -2.20157e-07 -4.72602e-06 -2.49321e-05 3.95169e-06 -0.000623563 -0.0001182
2.6 -3.41507e-07 -7.48548e-06 -2.77235e-05 6.22272e-06 -0.000693377 -0.000187215
2.62 -4.58339e-07 -1.09278e-05 -3.31683e-05 6.06996e-06 -0.000829553 -0.000273309
2.64 -5.50799e-07 -1.43431e-05 -3.83732e-05 4.39345e-06 -0.000959731 -0.000358727
2.66 -5.9727e-07 -1.66349e-05 -3.9915e-05 3.34916e-06 -0.00099829 -0.000416046
2.68 -5.86511e-07 -1.69627e-05 -3.89515e-05 4.01875e-06 -0.000974193 -0.000424245
2.7 -5.20729e-07 -1.45402e-05 -3.78716e-05 5.22775e-06 -0.000947185 -0.000363658
2.72 -4.18897e-07 -9.99963e-06 -3.59914e-05 4.61263e-06 -0.000900159 -0.000250095
2.74 -3.08738e-07 -5.8407e-06 -3.18141e-05 1.03012e-06 -0.000795684 -0.000146078
2.76 -2.03521e-07 -3.41167e-06 -2.53297e-05 -4.05663e-06 -0.000633506 -8.53272e-05
2.78 -9.71041e-08 -1.31731e-06 -1.64252e-05 -7.84323e-06 -0.000410802 -3.29465e-05
2.8 1.19385e-08 1.68207e-06 -5.34393e-06 -8.84204e-06 -0.000133654 4.20693e-05
2.82 1.08243e-07 4.3763e-06 5.44175e-06 -8.02694e-06 0.000136101 0.000109453
2.84 1.81316e-07 5.23346e-06 1.42814e-05 -7.4086e-06 0.000357184 0.000130891
2.86 2.4341e-07 5.132e-06 2.35568e-05 -7.92456e-06 0.000589165 0.000128353
2.88 3.1166e-07 6.18183e-06 3.57468e-05 -8.93365e-06 0.000894041 0.00015461
2.9 3.8133e-07 8.77932e-06 4.93006e-05 -9.38322e-06 0.00123303 0.000219574
2.92 4.28064e-07 1.13891e-05 6.15411e-05 -8.95394e-06 0.00153917 0.000284847
2.94 4.30111e-07 1.24813e-05 7.1317e-05 -8.04181e-06 0.00178367 0.000312162
2.96 3.81433e-07 1.14376e-05 7.69027e-05 -6.92648e-06 0.00192337 0.00028606
2.98 2.9094e-07 8.37117e-06 7.68196e-05 -5.11437e-06 0.00192129 0.000209366
3 1.7571e-07 4.13611e-06 7.36057e-05 -1.6254e-06 0.00184091 0.000103446
3.02 5.02001e-08 -5.93698e-09 7.11816e-05 3.77045e-06 0.00178028 -1.48486e-07
3.04 -8.1627e-08 -3.31792e-06 6.90058e-05 9.55305e-06 0.00172586 -8.29825e-05
3.06 -2.22223e-07 -6.06064e-06 6.37334e-05 1.32037e-05 0.001594 -0.000151579
3.08 -3.69382e-07 -8.99859e-06 5.47839e-05 1.34967e-05 0.00137017 -0.000225059
3.1 -5.11531e-07 -1.23208e-05 4.42444e-05 1.19645e-05 0.00110657 -0.000308148
3.12 -6.36508e-07 -1.50856e-05 3.36926e-05 1.15919e-05 0.000842667 -0.000377297
3.14 -7.48429e-07 -1.65092e-05 2.38355e-05 1.38373e-05 0.000596136 -0.000412902
3.16 -8.7154e-07 -1.78789e-05 1.45467e-05 1.71692e-05 0.000363819 -0.000447159
3.18 -1.02434e-06 -2.14317e-05 3.7077e-06 1.87223e-05 9.27312e-05 -0.000536015
3.2 -1.18974e-06 -2.67934e-05 -1.09393e-05 1.71947e-05 -0.000273598 -0.000670114
3.22 -1.32729e-06 -3.10136e-05 -2.7817e-05 1.39291e-05 -0.000695714 -0.000775664
3.24 -1.41541e-06 -3.27967e-05 -4.25921e-05 1.14202e-05 -0.00106525 -0.000820258
3.26 -1.46231e-06 -3.36479e-05 -5.38061e-05 1.10203e-05 -0.00134571 -0.000841549
3.28 -1.47677e-06 -3.42982e-05 -6.37371e-05 1.17737e-05 -0.00159409 -0.000857812
3.3 -1.45316e-06 -3.35516e-05 -7.34165e-05 1.11727e-05 -0.00183618 -0.00083914
3.32 -1.38686e-06 -3.11628e-05 -8.11602e-05 7.43685e-06 -0.00202985 -0.000779394
3.34 -1.28192e-06 -2.82675e-05 -8.60417e-05 1.44737e-06 -0.00215194 -0.000706981
3.36 -1.14258e-06 -2.50728e-05 -8.85313e-05 -3.87079e-06 -0.0022142 -0.00062708
3.38 -9.72698e-07 -2.13058e-05 -8.80826e-05 -6.31887e-06 -0.00220298 -0.000532867
3.4 -7.76108e-07 -1.75379e-05 -8.34842e-05 -6.2884e-06 -0.00208797 -0.00043863
3.42 -5.47798e-07 -1.34918e-05 -7.49182e-05 -6.02333e-06 -0.00187374 -0.000337436
3.44 -2.78958e-07 -7.66524e-06 -6.36265e-05 -7.63924e-06 -0.00159133 -0.000191711
3.46 2.51923e-08 -1.42313e-07 -5.05082e-05 -1.15975e-05 -0.00126323 -3.55931e-06
3.48 3.49258e-07 7.53611e-06 -3.60398e-05 -1.62827e-05 -0.000901371 0.000188481
3.5 6.84155e-07 1.53212e-05 -2.06275e-05 -1.91904e-05 -0.000515903 0.00038319
3.52 1.02063e-06 2.3862e-05 -4.50681e-06 -1.91597e-05 -0.000112717 0.000596798
3.54 1.33664e-06 3.19071e-05 1.2314e-05 -1.73131e-05 0.000307978 0.000798009
3.56 1.61019e-06 3.78206e-05 2.97121e-05 -1.55803e-05 0.000743113 0.000945908
3.58 1.83548e-06 4.21115e-05 4.68747e-05 -1.47951e-05 0.00117235 0.00105323
3.6 2.01377e-06 4.60165e-05 6.21106e-05 -1.44359e-05 0.00155341 0.00115089
3.62 2.13996e-06 4.91386e-05 7.36263e-05 -1.35063e-05 0.00184142 0.00122898
3.64 2.20953e-06 5.02135e-05 8.09873e-05 -1.12023e-05 0.00202552 0.00125586
3.66 2.23102e-06 4.92124e-05 8.57543e-05 -7.25103e-06 0.00214475 0.00123082
3.68 2.22069e-06 4.75777e-05 8.97587e-05 -2.26944e-06 0.0022449 0.00118994
3.7 2.18477e-06 4.66037e-05 9.26959e-05 2.21967e-06 0.00231836 0.00116558
3.72 2.11203e-06 4.60111e-05 9.2956e-05 4.61709e-06 0.00232487 0.00115076
3.74 1.98616e-06 4.44365e-05 9.05519e-05 4.47593e-06 0.00226474 0.00111138
3.76 1.80119e-06 4.11657e-05 8.65156e-05 2.93324e-06 0.00216379 0.00102957
3.78 1.56071e-06 3.64473e-05 7.99937e-05 1.79774e-06 0.00200067 0.000911563
3.8 1.26781e-06 3.0247e-05 6.95008e-05 2.20333e-06 0.00173824 0.00075649
3.82 9.24949e-07 2.21774e-05 5.59506e-05 4.04066e-06 0.00139935 0.000554666
3.84 5.41215e-07 1.27531e-05 4.08379e-05 6.25271e-06 0.00102137 0.000318959
3.86 1.30766e-07 3.19372e-06 2.34977e-05 7.47247e-06 0.000587687 7.98762e-05
3.88 -2.9407e-07 -6.24409e-06 3.75531e-06 6.90861e-06 9.3922e-05 -0.000156167
3.9 -7.19835e-07 -1.6296e-05 -1.55292e-05 5.1692e-06 -0.000388392 -0.000407571
3.92 -1.12334e-06 -2.68276e-05 -3.18489e-05 3.95674e-06 -0.000796555 -0.000670968
3.94 -1.47461e-06 -3.63671e-05 -4.59539e-05 4.43438e-06 -0.00114933 -0.000909556
3.96 -1.74904e-06 -4.36995e-05 -5.92806e-05 5.99643e-06 -0.00148263 -0.00109294
3.98 -1.93132e-06 -4.85116e-05 -7.18142e-05 6.93238e-06 -0.0017961 -0.00121329
4 -2.01111e-06 -5.05112e-05 -8.34556e-05 6.06377e-06 -0.00208726 -0.00126331
4.02 -1.98292e-06 -4.94632e-05 -9.40024e-05 3.53822e-06 -0.00235104 -0.0012371
4.04 -1.84851e-06 -4.56194e-05 -0.000101226 4.29358e-07 -0.0025317 -0.00114096
4.06 -1.6179e-06 -3.89478e-05 -0.000101976 -2.22933e-06 -0.00255046 -0.000974101
4.08 -1.31632e-06 -2.95084e-05 -9.53477e-05 -4.41751e-06 -0.00238468 -0.000738017
4.1 -9.86135e-07 -1.92244e-05 -8.24667e-05 -7.18268e-06 -0.00206253 -0.00048081
4.12 -6.65417e-07 -1.05876e-05 -6.39891e-05 -1.12755e-05 -0.00160039 -0.000264799
4.14 -3.67842e-07 -3.48313e-06 -4.04344e-05 -1.58858e-05 -0.00101128 -8.71146e-05
4.16 -9.83933e-08 3.43546e-06 -1.41325e-05 -1.92336e-05 -0.000353459 8.59222e-05
4.18 1.24897e-07 9.00839e-06 1.18878e-05 -2.00903e-05 0.000297319 0.000225304
4.2 2.87226e-07 1.10384e-05 3.64727e-05 -1.82626e-05 0.000912198 0.000276074
4.22 4.02546e-07 1.04004e-05 5.96623e-05 -1.42142e-05 0.00149218 0.000260118
4.24 5.00075e-07 1.00123e-05 8.0324e-05 -8.95643e-06 0.00200894 0.000250412
4.26 5.94732e-07 1.07348e-05 9.69301e-05 -3.81291e-06 0.00242426 0.000268482
4.28 6.88724e-07 1.16041e-05 0.000110126 4.88984e-07 0.00275431 0.000290222
4.3 7.88445e-07 1.30095e-05 0.000121664 4.22309e-06 0.00304287 0.000325373
4.32 8.97588e-07 1.60148e-05 0.000130824 7.74123e-06 0.00327196 0.000400536
4.34 1.00469e-06 1.96503e-05 0.000135003 1.07142e-05 0.00337648 0.000491463
4.36 1.09562e-06 2.25974e-05 0.000133496 1.27357e-05 0.00333879 0.000565171
4.38 1.16192e-06 2.5756e-05 0.000127263 1.39164e-05 0.00318291 0.000644168
4.4 1.18061e-06 2.95867e-05 0.000116184 1.4367e-05 0.0029058 0.000739977
4.42 1.10696e-06 3.17413e-05 0.000100128 1.38962e-05 0.00250424 0.000793864
4.44 8.99959e-07 2.99602e-05 8.10168e-05 1.26625e-05 0.00202626 0.000749317
4.46 5.38436e-07 2.36335e-05 6.14638e-05 1.14426e-05 0.00153723 0.000591083
4.48 1.80811e-08 1.193e-05 4.32488e-05 1.10565e-05 0.00108167 0.000298374
4.5 -6.42132e-07 -5.30506e-06 2.68115e-05 1.19666e-05 0.000670567 -0.000132682
4.52 -1.3957e-06 -2.56924e-05 1.01409e-05 1.4175e-05 0.000253628 -0.000642577
4.54 -2.18638e-06 -4.6383e-05 -9.6828e-06 1.70817e-05 -0.000242171 -0.00116006
4.56 -2.96538e-06 -6.61128e-05 -3.29053e-05 1.9792e-05 -0.000822975 -0.00165351
4.58 -3.69163e-06 -8.4328e-05 -5.80156e-05 2.18728e-05 -0.001451 -0.00210908
4.6 -4.3278e-06 -0.000100347 -8.50414e-05 2.36032e-05 -0.00212692 -0.00250972
4.62 -4.83957e-06 -0.000113229 -0.000114731 2.54347e-05 -0.00286948 -0.0028319
4.64 -5.19971e-06 -0.000122041 -0.000146268 2.73712e-05 -0.00365823 -0.0030523
4.66 -5.39215e-06 -0.000126969 -0.000177033 2.89226e-05 -0.00442766 -0.00317555
4.68 -5.40314e-06 -0.00012863 -0.000202747 2.957e-05 -0.00507079 -0.0032171
4.7 -5.21183e-06 -0.000125872 -0.000219423 2.89647e-05 -0.00548787 -0.00314811
4.72 -4.80301e-06 -0.000117044 -0.000227206 2.65675e-05 -0.00568252 -0.00292732
4.74 -4.17925e-06 -0.000102653 -0.000229438 2.17164e-05 -0.00573834 -0.00256739
4.76 -3.34907e-06 -8.35563e-05 -0.000227347 1.45153e-05 -0.00568604 -0.00208978
4.78 -2.32477e-06 -5.89104e-05 -0.000219492 6.12273e-06 -0.00548959 -0.00147337
4.8 -1.14621e-06 -2.89639e-05 -0.000205749 -2.23205e-06 -0.00514587 -0.0007244
4.82 1.14592e-07 3.27406e-06 -0.000188015 -1.00694e-05 -0.00470233 8.18856e-05
4.84 1.38229e-06 3.50132e-05 -0.000168078 -1.74306e-05 -0.00420369 0.000875694
4.86 2.59723e-06 6.46994e-05 -0.000146844 -2.437e-05 -0.00367264 0.00161816
4.88 3.7176e-06 8.9953e-05 -0.000123761 -3.05494e-05 -0.00309533 0.00224976
4.9 4.73437e-06 0.000109128 -9.65038e-05 -3.49186e-05 -0.0024136 0.00272935
4.92 5.67968e-06 0.000124767 -6.37434e-05 -3.64166e-05 -0.00159425 0.00312048
4.94 6.59496e-06 0.000141417 -2.80924e-05 -3.57425e-05 -0.000702603 0.00353691
4.96 7.49124e-06 0.00016069 5.79273e-06 -3.58063e-05 0.000144879 0.00401893
4.98 8.34809e-06 0.000181287 3.53175e-05 -3.94279e-05 0.000883305 0.00453408
5 9.1308e-06 0.000201842 6.05159e-05 -4.66584e-05 0.00151353 0.00504815
5.02 9.79136e-06 0.000220827 8.1928e-05 -5.47047e-05 0.00204905 0.00552297
5.04 1.02676e-05 0.000235642 0.00010016 -6.0201e-05 0.00250505 0.00589349
5.06 1.04981e-05 0.000244192 0.000116541 -6.15656e-05 0.00291473 0.00610733
5.08 1.04334e-05 0.00024599 0.000132019 -5.99113e-05 0.00330185 0.00615231
5.1 1.00328e-05 0.000240607 0.000146349 -5.79865e-05 0.00366026 0.00601768
5.12 9.26368e-06 0.000226729 0.000159942 -5.76249e-05 0.00400022 0.00567058
5.14 8.11e-06 0.000203568 0.000174639 -5.78016e-05 0.0043678 0.00509132
5.16 6.57008e-06 0.000171638 0.000190641 -5.54218e-05 0.00476801 0.00429274
5.18 4.64242e-06 0.000131261 0.000204524 -4.80885e-05 0.00511524 0.0032829
5.2 2.32255e-06 8.13065e-05 0.000212062 -3.57491e-05 0.00530377 0.00203351
5.22 -3.77886e-07 1.9833e-05 0.000211253 -1.96511e-05 0.00528354 0.000496031
5.24 -3.40048e-06 -5.42482e-05 0.000201737 -2.48198e-07 0.00504554 -0.00135677
5.26 -6.61332e-06 -0.000138982 0.000183846 2.34448e-05 0.00459807 -0.003476
5.28 -9.80897e-06 -0.000227527 0.000159517 5.22821e-05 0.00398958 -0.00569054
5.3 -1.27449e-05 -0.000309728 0.000131316 8.45545e-05 0.00328427 -0.00774643
5.32 -1.51996e-05 -0.000376912 9.83434e-05 0.000115173 0.00245961 -0.00942674
5.34 -1.6997e-05 -0.000424268 5.52602e-05 0.000137995 0.00138208 -0.0106111
5.36 -1.80382e-05 -0.000449478 -2.12123e-06 0.000149766 -5.30528e-05 -0.0112416
5.38 -1.83749e-05 -0.000452558 -7.15782e-05 0.000152105 -0.0017902 -0.0113187
5.4 -1.81123e-05 -0.000437001 -0.000146131 0.000149723 -0.00365481 -0.0109296
5.42 -1.72942e-05 -0.000408208 -0.00021874 0.000146532 -0.00547079 -0.0102094
5.44 -1.60804e-05 -0.000372345 -0.000283731 0.000142912 -0.00709624 -0.00931251
5.46 -1.464e-05 -0.000335226 -0.000335509 0.000136251 -0.00839121 -0.00838413
5.48 -1.30455e-05 -0.000300483 -0.000368225 0.000123999 -0.00920947 -0.00751521
5.5 -1.13059e-05 -0.000267276 -0.000377413 0.000106018 -0.00943925 -0.0066847
5.52 -9.33009e-06 -0.000229262 -0.000361967 8.39274e-05 -0.00905294 -0.00573394
5.54 -7.03447e-06 -0.000179049 -0.00032501 5.86683e-05 -0.00812863 -0.00447809
5.56 -4.41923e-06 -0.000113991 -0.000272752 2.94368e-05 -0.00682163 -0.00285096
5.58 -1.60974e-06 -3.82517e-05 -0.000210737 -4.7699e-06 -0.00527063 -0.00095669
5.6 1.1866e-06 3.94399e-05 -0.000140538 -4.27123e-05 -0.00351491 0.000986409
5.62 3.74571e-06 0.000108968 -6.26917e-05 -7.99592e-05 -0.00156795 0.00272533
5.64 5.89291e-06 0.000162145 1.70576e-05 -0.0001102 0.000426618 0.00405531
5.66 7.54534e-06 0.000195996 8.96404e-05 -0.000128045 0.00224194 0.00490194
5.68 8.71481e-06 0.000212993 0.000150684 -0.000131774 0.00376866 0.00532705
5.7 9.47556e-06 0.000217898 0.000200004 -0.000124184 0.00500219 0.00544971
5.72 9.93536e-06 0.000215788 0.000235085 -0.000110692 0.00587957 0.00539695
5.74 1.02192e-05 0.000212595 0.000252494 -9.60645e-05 0.00631497 0.0053171
5.76 1.0437e-05 0.000214114 0.000252349 -8.23368e-05 0.00631136 0.00535507
5.78 1.06339e-05 0.000222304 0.000235421 -6.90393e-05 0.00588797 0.00555992
5.8 1.07708e-05 0.000233349 0.000200101 -5.46108e-05 0.00500462 0.00583615
5.82 1.07611e-05 0.000240401 0.000145509 -3.74207e-05 0.00363924 0.00601254
5.84 1.05305e-05 0.000238316 7.37201e-05 -1.62731e-05 0.00184377 0.00596039
5.86 1.00522e-05 0.000226013 -1.12366e-05 8.82998e-06 -0.000281032 0.00565267
5.88 9.34248e-06 0.000205513 -0.000103822 3.57464e-05 -0.00259663 0.00513996
5.9 8.44235e-06 0.000179991 -0.000197525 6.01779e-05 -0.00494019 0.00450165
5.92 7.40613e-06 0.000152931 -0.000285355 7.71784e-05 -0.00713685 0.00382488
5.94 6.28728e-06 0.000128507 -0.000359421 8.32978e-05 -0.00898926 0.00321403
5.96 5.10031e-06 0.000110691 -0.000413559 7.7714e-05 -0.0103433 0.00276843
5.98 3.76818e-06 9.84948e-05 -0.000446694 6.18544e-05 -0.011172 0.0024634
6 2.12151e-06 8.18464e-05 -0.000458474 3.89231e-05 -0.0114666 0.00204701
6.02 -6.88903e-09 4.58603e-05 -0.000444107 1.42646e-05 -0.0111073 0.00114698
6.04 -2.64648e-06 -1.88048e-05 -0.000401154 -5.06487e-06 -0.010033 -0.000470315
6.06 -5.61121e-06 -0.000108603 -0.000336229 -1.31559e-05 -0.00840923 -0.0027162
6.08 -8.53464e-06 -0.000206566 -0.000256066 -9.12216e-06 -0.00640433 -0.00516631
6.1 -1.10139e-05 -0.000289523 -0.000161393 1.00875e-06 -0.00403652 -0.00724109
6.12 -1.27807e-05 -0.000341233 -6.0069e-05 6.46477e-06 -0.00150235 -0.00853437
6.14 -1.37834e-05 -0.000360022 2.91035e-05 -1.81481e-06 0.000727891 -0.0090043
6.16 -1.41242e-05 -0.000353892 0.000100312 -2.38164e-05 0.00250884 -0.00885098
6.18 -1.39443e-05 -0.000332989 0.000173621 -4.87541e-05 0.00434233 -0.00832818
6.2 -1.34162e-05 -0.000307569 0.000271431 -6.24101e-05 0.00678859 -0.00769244
6.22 -1.27171e-05 -0.000286538 0.000396421 -5.81337e-05 0.00991465 -0.00716644
6.24 -1.19404e-05 -0.000274459 0.000539195 -4.14662e-05 0.0134855 -0.00686433
6.26 -1.10403e-05 -0.000270103 0.00068858 -2.40808e-05 0.0172217 -0.00675539
6.28 -9.81725e-06 -0.00026507 0.000827262 -1.31879e-05 0.0206902 -0.00662951
6.3 -8.00125e-06 -0.00024444 0.00092895 -6.62751e-06 0.0232335 -0.00611354
6.32 -5.40468e-06 -0.000194987 0.0009792 2.66875e-06 0.0244903 -0.00487672
6.34 -2.0324e-06 -0.000114985 0.00101416 1.83068e-05 0.0253647 -0.00287583
6.36 1.8345e-06 -1.46313e-05 0.00105231 3.57259e-05 0.026319 -0.000365936
6.38 5.69628e-06 9.10655e-05 0.00106949 4.56309e-05 0.0267487 0.00227759
6.4 9.27951e-06 0.000188753 0.0010539 4.39812e-05 0.0263588 0.00472079
6.42 1.24121e-05 0.000269824 0.00102821 3.76773e-05 0.0257163 0.00674841
6.44 1.48521e-05 0.000330187 0.00101305 3.82924e-05 0.0253371 0.00825812
6.46 1.65176e-05 0.000369595 0.000978283 5.27732e-05 0.0244675 0.00924372
6.48 1.75381e-05 0.000393615 0.000875629 7.89416e-05 0.0219001 0.00984448
6.5 1.81304e-05 0.000412563 0.000691932 0.000106428 0.0173057 0.0103184
6.52 1.84335e-05 0.000432978 0.000453515 0.000125634 0.0113428 0.010829
6.54 1.84769e-05 0.000451298 0.000188868 0.000136394 0.0047239 0.0112871
6.56 1.80985e-05 0.000458925 -6.60265e-05 0.000145128 -0.00165113 0.0114779
6.58 1.69984e-05 0.000446363 -0.000269483 0.000154876 -0.00673966 0.0111637
6.6 1.50922e-05 0.000404894 -0.000400415 0.000160652 -0.0100143 0.0101266
6.62 1.24536e-05 0.000334202 -0.000465351 0.000154877 -0.0116384 0.00835853
6.64 9.23147e-06 0.000241093 -0.000481711 0.000135272 -0.0120476 0.00602984
6.66 5.73777e-06 0.000134918 -0.000475791 0.000107434 -0.0118995 0.00337435
6.68 2.35054e-06 3.19264e-05 -0.000486652 8.06504e-05 -0.0121712 0.000798493
6.7 -5.30574e-07 -4.68673e-05 -0.000546422 6.01119e-05 -0.013666 -0.00117217
6.72 -2.69487e-06 -8.92014e-05 -0.000657834 4.25934e-05 -0.0164525 -0.00223097
6.74 -4.20509e-06 -9.9127e-05 -0.00080135 1.98885e-05 -0.0200419 -0.00247921
6.76 -5.31941e-06 -9.04131e-05 -0.000950524 -1.40253e-05 -0.0237728 -0.00226127
6.78 -6.33478e-06 -7.85361e-05 -0.00106648 -5.92825e-05 -0.0266729 -0.00196422
6.8 -7.5526e-06 -7.88061e-05 -0.00110369 -0.000108418 -0.0276035 -0.00197097
6.82 -9.2604e-06 -0.000103794 -0.00106491 -0.000146915 -0.0266337 -0.00259594
6.84 -1.14438e-05 -0.000158332 -0.000992472 -0.000163536 -0.0248219 -0.00395995
6.86 -1.40314e-05 -0.000239638 -0.000884745 -0.000165215 -0.0221276 -0.00599345
6.88 -1.63728e-05 -0.000335294 -0.000705282 -0.000169204 -0.0176392 -0.00838583
6.9 -1.75719e-05 -0.000417366 -0.000480176 -0.000174159 -0.0120092 -0.0104385
6.92 -1.80695e-05 -0.00046632 -0.000277494 -0.000161459 -0.00694001 -0.0116629
6.94 -1.8277e-05 -0.000492062 -0.000125242 -0.000124578 -0.00313213 -0.0123067
6.96 -1.82568e-05 -0.000506149 -3.29152e-05 -7.70786e-05 -0.000823006 -0.012659
6.98 -1.77123e-05 -0.000499725 -4.44028e-06 -3.657e-05 -0.000110836 -0.0124983
7 -1.60772e-05 -0.000458409 -6.13044e-06 -1.04642e-05 -0.000153107 -0.011465
7.02 -1.3616e-05 -0.000383095 1.90059e-05 4.44648e-06 0.000475564 -0.00958136
7.04 -1.05852e-05 -0.000286833 9.72112e-05 1.43289e-05 0.00243151 -0.00717382
7.06 -7.2794e-06 -0.000183829 0.000217109 2.14901e-05 0.0054302 -0.00459763
7.08 -4.11208e-06 -9.21006e-05 0.000362468 2.3242e-05 0.0090657 -0.00230347
7.1 -1.26524e-06 -2.58895e-05 0.000519973 1.79464e-05 0.013005 -0.000647507
7.12 1.27099e-06 1.9551e-05 0.000663576 1.16256e-05 0.0165965 0.00048898
7.14 3.61974e-06 5.87277e-05 0.0007603 1.569e-05 0.0190156 0.0014688
7.16 5.77984e-06 9.5678e-05 0.000794358 3.69175e-05 0.0198674 0.00239295
7.18 7.65304e-06 0.000126046 0.000771709 7.09773e-05 0.019301 0.00315246
7.2 9.19324e-06 0.000151036 0.000698255 0.000107349 0.0174639 0.00377748
7.22 1.0452e-05 0.000177775 0.000576593 0.000137311 0.014421 0.00444624
7.24 1.15173e-05 0.000210747 0.000429311 0.000155757 0.0107375 0.00527087
7.26 1.24496e-05 0.000249073 0.000287179 0.000161887 0.00718268 0.00622941
7.28 1.32353e-05 0.000288121 0.000163292 0.000159133 0.00408422 0.00720602
7.3 1.37928e-05 0.000320357 6.05978e-05 0.000150551 0.00151579 0.00801227
7.32 1.39724e-05 0.000336945 -1.9946e-05 0.000135348 -0.000498639 0.00842712
7.34 1.37488e-05 0.000333153 -8.51612e-05 0.000111903 -0.0021297 0.00833229
7.36 1.31781e-05 0.000311807 -0.000146244 8.26885e-05 -0.00365741 0.00779841
7.38 1.23153e-05 0.000278387 -0.00020841 5.35287e-05 -0.00521219 0.00696258
7.4 1.12335e-05 0.000237608 -0.000273804 2.82494e-05 -0.00684774 0.00594267
7.42 9.98898e-06 0.000195882 -0.000348112 5.46301e-06 -0.0087062 0.00489909
7.44 8.65822e-06 0.000160197 -0.000434342 -1.93243e-05 -0.0108629 0.00400658
7.46 7.29207e-06 0.000134235 -0.000524082 -4.8849e-05 -0.0131073 0.00335727
7.48 5.90295e-06 0.000118542 -0.000600603 -8.1476e-05 -0.0150211 0.00296479
7.5 4.43235e-06 0.000110685 -0.000647958 -0.000113 -0.0162055 0.00276828
7.52 2.74715e-06 0.00010193 -0.000656724 -0.000139857 -0.0164247 0.00254931
7.54 6.95826e-07 7.82506e-05 -0.00062522 -0.000159822 -0.0156368 0.00195708
7.56 -1.78353e-06 2.88898e-05 -0.000556877 -0.000170482 -0.0139275 0.000722545
7.58 -4.59453e-06 -4.69194e-05 -0.000457554 -0.00016811 -0.0114434 -0.00117347
7.6 -7.49636e-06 -0.000140858 -0.00033601 -0.000148754 -0.00840354 -0.00352293
7.62 -1.01686e-05 -0.000239636 -0.000204377 -0.000111488 -0.00511135 -0.00599341
7.64 -1.2313e-05 -0.000328797 -7.67213e-05 -6.10852e-05 -0.00191862 -0.00822334
7.66 -1.37666e-05 -0.000396521 3.4088e-05 -7.193e-06 0.000852765 -0.00991716
7.68 -1.44922e-05 -0.000435456 0.000120355 3.97415e-05 0.00301034 -0.0108909
7.7 -1.43245e-05 -0.000439224 0.000181641 7.31935e-05 0.00454313 -0.0109852
7.72 -1.30619e-05 -0.000401201 0.000223844 9.28531e-05 0.00559864 -0.0100342
7.74 -1.08764e-05 -0.000324644 0.000256025 0.000102638 0.00640349 -0.00811949
7.76 -8.06958e-06 -0.000226053 0.000286975 0.000106651 0.00717757 -0.00565367
7.78 -4.94936e-06 -0.000122519 0.000323011 0.00010694 0.00807885 -0.00306425
7.8 -1.86492e-06 -2.66736e-05 0.000366293 0.000103967 0.00916136 -0.000667119
7.82 9.1788e-07 4.94087e-05 0.000413834 9.89473e-05 0.0103504 0.00123573
7.84 3.23692e-06 9.80192e-05 0.000458669 9.56521e-05 0.0114717 0.0024515
7.86 5.0971e-06 0.000120839 0.000493166 9.87275e-05 0.0123345 0.00302224
7.88 6.61248e-06 0.000126431 0.000511545 0.0001096 0.0127942 0.00316208
7.9 7.94902e-06 0.000127184 0.000508849 0.000124069 0.0127267 0.00318092
7.92 9.26966e-06 0.000137049 0.000478144 0.000133786 0.0119588 0.00342764
7.94 1.06815e-05 0.000164835 0.000411594 0.000130508 0.0102944 0.00412259
7.96 1.21895e-05 0.000209794 0.000307541 0.000110855 0.00769195 0.00524704
7.98 1.37219e-05 0.000266598 0.000175979 7.8701e-05 0.00440152 0.00666772
8 1.51404e-05 0.00032984 3.65586e-05 4.22027e-05 0.000914557 0.00824943
8.02 1.62276e-05 0.000389876 -8.8689e-05 7.29863e-06 -0.00221794 0.00975095
8.04 1.67821e-05 0.00043143 -0.000183812 -2.55414e-05 -0.004597 0.0107902
8.06 1.66716e-05 0.000442091 -0.000243756 -5.81854e-05 -0.00609623 0.0110569
8.08 1.57224e-05 0.000418155 -0.000272918 -8.98228e-05 -0.00682558 0.0104582
8.1 1.40018e-05 0.000363541 -0.000280704 -0.000115446 -0.00702031 0.00909231
8.12 1.17328e-05 0.000288113 -0.000279416 -0.000128624 -0.00698811 0.00720584
8.14 9.1114e-06 0.000204786 -0.000284023 -0.000126127 -0.00710331 0.00512179
8.16 6.36537e-06 0.000125139 -0.000309017 -0.000110734 -0.00772843 0.00312978
8.18 3.64067e-06 5.68419e-05 -0.000361036 -8.96759e-05 -0.00902944 0.00142164
8.2 1.03108e-06 3.10878e-06 -0.0004319 -6.97641e-05 -0.0108018 7.77519e-05
8.22 -1.45564e-06 -3.79812e-05 -0.000499492 -5.32443e-05 -0.0124923 -0.000949926
8.24 -3.87521e-06 -7.3509e-05 -0.000538995 -3.77092e-05 -0.0134803 -0.00183849
8.26 -6.30896e-06 -0.000112836 -0.000535446 -1.95683e-05 -0.0133915 -0.00282208
8.28 -8.7898e-06 -0.000162845 -0.000486266 2.47253e-06 -0.0121615 -0.00407282
8.3 -1.12551e-05 -0.000224939 -0.000396752 2.69501e-05 -0.00992272 -0.00562581
8.32 -1.35425e-05 -0.000295026 -0.000278824 5.2031e-05 -0.0069733 -0.00737873
8.34 -1.54383e-05 -0.000365122 -0.000151594 7.78171e-05 -0.00379123 -0.00913184
8.36 -1.67641e-05 -0.00042567 -3.63593e-05 0.000105892 -0.00090915 -0.0106462
8.38 -1.74554e-05 -0.00046807 5.14549e-05 0.000136323 0.00128712 -0.0117066
8.4 -1.75503e-05 -0.000486331 0.00010671 0.000165031 0.00266908 -0.0121633
8.42 -1.69312e-05 -0.000476299 0.000135177 0.000184892 0.00338104 -0.0119124
8.44 -1.55232e-05 -0.000436687 0.000151003 0.000190327 0.00377686 -0.0109217
8.46 -1.35601e-05 -0.000373213 0.000169898 0.000180716 0.00424943 -0.00933422
8.48 -1.12359e-05 -0.000296865 0.000201773 0.000159947 0.00504664 -0.00742471
8.5 -8.70539e-06 -0.000217704 0.000248631 0.000133638 0.00621857 -0.00544487
8.52 -6.12017e-06 -0.000143151 0.000306842 0.000106248 0.00767446 -0.00358026
8.54 -3.55842e-06 -7.81206e-05 0.00036887 8.01058e-05 0.00922579 -0.00195383
8.56 -1.07566e-06 -2.40357e-05 0.000423699 5.64794e-05 0.0105971 -0.000601142
8.58 1.29725e-06 1.98141e-05 0.000458874 3.67651e-05 0.0114768 0.000495559
8.6 3.53693e-06 5.49988e-05 0.000464 2.2394e-05 0.011605 0.00137554
8.62 5.64924e-06 8.57628e-05 0.000433187 1.36011e-05 0.0108344 0.00214496
8.64 7.66062e-06 0.000119002 0.000366506 8.33877e-06 0.00916667 0.00297629
8.66 9.57859e-06 0.000159882 0.000271746 2.70397e-06 0.0067967 0.00399872
8.68 1.13571e-05 0.000208513 0.000162984 -7.10124e-06 0.00407651 0.005215
8.7 1.29079e-05 0.000261081 5.46081e-05 -2.29057e-05 0.00136598 0.00652975
8.72 1.41402e-05 0.000312537 -4.2587e-05 -4.41868e-05 -0.00106491 0.00781669
8.74 1.49947e-05 0.000357776 -0.000120941 -6.86939e-05 -0.00302458 0.00894814
8.76 1.54442e-05 0.000391219 -0.000176552 -9.2915e-05 -0.00441544 0.00978454
8.78 1.54718e-05 0.00040655 -0.000212659 -0.000112225 -0.00531849 0.010168
8.8 1.49411e-05 0.000397335 -0.000239925 -0.000121649 -0.00600043 0.00993751
8.82 1.37563e-05 0.000360326 -0.000270589 -0.000117628 -0.00676732 0.0090119
8.84 1.20658e-05 0.000300945 -0.000311633 -9.96967e-05 -0.00779387 0.00752677
8.86 1.00153e-05 0.00023092 -0.000362768 -7.12186e-05 -0.00907278 0.00577541
8.88 7.71852e-06 0.000159397 -0.000418186 -3.86137e-05 -0.0104588 0.0039866
8.9 5.29981e-06 9.1576e-05 -0.000468668 -8.8933e-06 -0.0117214 0.00229035
8.92 2.86549e-06 3.26549e-05 -0.000504074 1.28356e-05 -0.0126069 0.000816712
8.94 5.18862e-07 -1.32424e-05 -0.000515716 2.43498e-05 -0.0128981 -0.000331198
8.96 -1.69613e-06 -4.70531e-05 -0.000496578 2.62481e-05 -0.0124194 -0.00117682
8.98 -3.79601e-06 -7.54027e-05 -0.000442013 2.15913e-05 -0.0110547 -0.00188585
9 -5.82539e-06 -0.00010731 -0.000354735 1.50924e-05 -0.00887187 -0.00268386
9.02 -7.79233e-06 -0.000149124 -0.000248198 1.17102e-05 -0.00620732 -0.00372966
9.04 -9.62839e-06 -0.000200537 -0.000140798 1.51996e-05 -0.0035212 -0.00501551
9.06 -1.12033e-05 -0.000254881 -4.61306e-05 2.71989e-05 -0.00115354 -0.00637469
9.08 -1.23921e-05 -0.000303821 3.12499e-05 4.67089e-05 0.000781783 -0.00759868
9.1 -1.31303e-05 -0.000341704 9.41109e-05 6.98628e-05 0.00235396 -0.00854616
9.12 -1.34001e-05 -0.000365097 0.000149238 9.06577e-05 0.00373271 -0.00913122
9.14 -1.31494e-05 -0.000369139 0.000203344 0.000103005 0.00508594 -0.00923232
9.16 -1.23162e-05 -0.00034799 0.0002585 0.000103108 0.00646539 -0.00870337
9.18 -1.09511e-05 -0.000301322 0.000311971 9.08949e-05 0.00780273 -0.0075362
9.2 -9.18725e-06 -0.000237106 0.000361973 7.02825e-05 0.00905331 -0.00593012
9.22 -7.20067e-06 -0.000166601 0.000409962 4.79617e-05 0.0102535 -0.00416675
9.24 -5.18745e-06 -0.000100561 0.000454604 3.03997e-05 0.01137 -0.00251508
9.26 -3.30675e-06 -4.88928e-05 0.000489287 2.1025e-05 0.0122375 -0.00122283
9.28 -1.63805e-06 -1.72561e-05 0.000510035 2.01071e-05 0.0127564 -0.000431582
9.3 -1.46302e-07 -2.12099e-06 0.000519357 2.6331e-05 0.0129895 -5.3047e-05
9.32 1.26479e-06 7.0797e-06 0.000517394 3.71679e-05 0.0129404 0.000177066
9.34 2.67679e-06 1.94052e-05 0.000495414 4.84169e-05 0.0123907 0.000485332
9.36 4.13908e-06 3.91073e-05 0.000444662 5.55398e-05 0.0111214 0.000978089
9.38 5.69234e-06 7.01248e-05 0.000367966 5.6112e-05 0.00920319 0.00175385
9.4 7.34097e-06 0.000116492 0.00027606 5.02185e-05 0.00690459 0.0029135
9.42 8.98735e-06 0.000175391 0.000178707 3.86031e-05 0.00446975 0.00438661
9.44 1.04331e-05 0.000235199 8.56984e-05 2.16715e-05 0.00214356 0.00588242
9.46 1.14721e-05 0.000282891 7.22192e-06 5.83077e-07 0.000180834 0.00707521
9.48 1.19859e-05 0.000310655 -5.31721e-05 -2.1699e-05 -0.00132965 0.00776961
9.5 1.19552e-05 0.00031624 -9.95727e-05 -4.08638e-05 -0.00249014 0.00790929
9.52 1.13609e-05 0.000300081 -0.000137059 -5.26934e-05 -0.00342769 0.00750514
9.54 1.02385e-05 0.0002636 -0.000170886 -5.47578e-05 -0.00427372 0.00659275
9.56 8.67714e-06 0.000210427 -0.000208593 -4.76784e-05 -0.00521679 0.00526287
9.58 6.7926e-06 0.000147927 -0.000254061 -3.50668e-05 -0.00635396 0.00369972
9.6 4.75138e-06 8.63781e-05 -0.000301708 -2.18483e-05 -0.00754562 0.00216035
9.62 2.68298e-06 3.40613e-05 -0.000341906 -1.21903e-05 -0.008551 0.000851887
9.64 6.49266e-07 -8.25128e-06 -0.000368642 -8.18296e-06 -0.00921968 -0.000206368
9.66 -1.33306e-06 -4.54678e-05 -0.000378531 -9.14962e-06 -0.009467 -0.00113717
9.68 -3.22128e-06 -8.07514e-05 -0.000367532 -1.19088e-05 -0.00919193 -0.00201963
9.7 -4.9385e-06 -0.000113139 -0.000333578 -1.27161e-05 -0.00834271 -0.00282965
9.72 -6.41982e-06 -0.000141953 -0.00028059 -9.68414e-06 -0.00701746 -0.00355031
9.74 -7.64098e-06 -0.000169319 -0.000217145 -3.26944e-06 -0.00543067 -0.00423473
9.76 -8.59211e-06 -0.000197294 -0.000151656 5.41439e-06 -0.00379277 -0.00493442
9.78 -9.2391e-06 -0.000224726 -8.9128e-05 1.62157e-05 -0.00222892 -0.00562049
9.8 -9.51517e-06 -0.000247053 -3.01123e-05 2.96709e-05 -0.00075291 -0.00617889
9.82 -9.34412e-06 -0.000257863 2.85401e-05 4.52005e-05 0.000714011 -0.00644927
9.84 -8.68e-06 -0.000251369 8.97675e-05 5.96395e-05 0.00224533 -0.00628685
9.86 -7.5462e-06 -0.000225331 0.00015165 6.79034e-05 0.00379303 -0.00563563
9.88 -6.0161e-06 -0.000181966 0.000208159 6.60748e-05 0.00520636 -0.00455105
9.9 -4.18187e-06 -0.000125999 0.000255424 5.47958e-05 0.00638848 -0.00315129
9.92 -2.15221e-06 -6.29991e-05 0.000295287 3.97282e-05 0.00738545 -0.00157563
9.94 -6.09591e-08 4.71957e-07 0.000331544 2.80606e-05 0.00829227 1.18038e-05
9.96 1.9335e-06 5.69747e-05 0.00036467 2.38037e-05 0.00912076 0.00142496
9.98 3.68968e-06 0.000100022 0.00039131 2.5856e-05 0.00978704 0.00250158
10 5.13206e-06 0.000126625 0.000407067 3.02062e-05 0.0101811 0.00316695
10.02 6.27519e-06 0.000138694 0.000409143 3.38672e-05 0.010233 0.00346879
10.04 7.20572e-06 0.000142542 0.000398255 3.68521e-05 0.00996074 0.00356504
10.06 8.03063e-06 0.000146715 0.000377767 4.05318e-05 0.00944833 0.0036694
10.08 8.81597e-06 0.00015828 0.000349257 4.41031e-05 0.00873528 0.00395864
10.1 9.5528e-06 0.000179369 0.000310288 4.30878e-05 0.00776063 0.0044861
10.12 1.01681e-05 0.000206845 0.000258275 3.23085e-05 0.00645978 0.00517327
10.14 1.05597e-05 0.000234638 0.000195714 1.101e-05 0.0048951 0.00586839
10.16 1.06244e-05 0.00025567 0.000129982 -1.4972e-05 0.00325112 0.00639441
10.18 1.02715e-05 0.000262949 6.85407e-05 -3.63654e-05 0.00171444 0.00657647
10.2 9.403e-06 0.000250816 1.56398e-05 -4.64128e-05 0.000391369 0.00627301
10.22 7.97268e-06 0.000216185 -2.82475e-05 -4.47253e-05 -0.00070627 0.00540688
10.24 6.06048e-06 0.000160463 -6.65524e-05 -3.59688e-05 -0.00166429 0.00401324
10.26 3.83162e-06 9.0856e-05 -0.000105115 -2.50559e-05 -0.00262877 0.00227235
10.28 1.50668e-06 1.8492e-05 -0.000147921 -1.36125e-05 -0.00369936 0.000462492
10.3 -6.98886e-07 -4.60756e-05 -0.000194382 -6.15819e-07 -0.00486137 -0.00115237
10.32 -2.64326e-06 -9.66334e-05 -0.000241364 1.42716e-05 -0.0060364 -0.00241684
10.34 -4.2639e-06 -0.000131525 -0.000285944 2.84767e-05 -0.00715138 -0.0032895
10.36 -5.56378e-06 -0.000152093 -0.000324638 3.76456e-05 -0.00811913 -0.0038039
10.38 -6.58836e-06 -0.000162332 -0.000351191 3.90893e-05 -0.00878322 -0.00405999
10.4 -7.40465e-06 -0.000168183 -0.000357288 3.44227e-05 -0.00893571 -0.00420633
10.42 -8.07316e-06 -0.000175044 -0.000336682 2.87301e-05 -0.00842035 -0.00437792
10.44 -8.62463e-06 -0.00018587 -0.000288962 2.6691e-05 -0.00722685 -0.00464869
10.46 -9.04678e-06 -0.000200904 -0.000219539 2.92764e-05 -0.00549056 -0.00502469
10.48 -9.28226e-06 -0.000217714 -0.000136808 3.40029e-05 -0.00342141 -0.00544511
10.5 -9.24003e-06 -0.00023142 -4.93878e-05 3.79205e-05 -0.001235 -0.00578792
10.52 -8.81644e-06 -0.000235647 3.51482e-05 4.00714e-05 0.000879281 -0.00589364
10.54 -7.94268e-06 -0.000224351 0.000110274 4.12841e-05 0.00275821 -0.00561112
10.56 -6.61918e-06 -0.000194416 0.000171086 4.20891e-05 0.00427915 -0.00486242
10.58 -4.92477e-06 -0.000147724 0.000217218 4.1357e-05 0.00543292 -0.00369465
10.6 -3.00305e-06 -9.09262e-05 0.000255031 3.72843e-05 0.00637865 -0.0022741
10.62 -1.01718e-06 -3.25691e-05 0.000293871 2.9645e-05 0.00735005 -0.000814567
10.64 8.92484e-07 2.04303e-05 0.00033885 2.07138e-05 0.00847499 0.000510969
10.66 2.63504e-06 6.44561e-05 0.000387936 1.37169e-05 0.00970264 0.00161207
10.68 4.17088e-06 9.87658e-05 0.000434065 1.0417e-05 0.0108564 0.00247017
10.7 5.49862e-06 0.000124383 0.000467611 1.02396e-05 0.0116954 0.00311088
10.72 6.63819e-06 0.000143105 0.000479401 1.15712e-05 0.0119902 0.00357911
10.74 7.61863e-06 0.000157151 0.000465361 1.37303e-05 0.0116391 0.00393041
10.76 8.46655e-06 0.000169577 0.000426705 1.75482e-05 0.0106723 0.0042412
10.78 9.18645e-06 0.000183584 0.000365487 2.36486e-05 0.00914119 0.00459151
10.8 9.74258e-06 0.000199923 0.000284768 3.02373e-05 0.00712238 0.00500015
10.82 1.00665e-05 0.000215523 0.000192195 3.36371e-05 0.00480708 0.00539033
10.84 1.00917e-05 0.000225625 9.85554e-05 3.15047e-05 0.00246512 0.00564298
10.86 9.77665e-06 0.000226727 1.21883e-05 2.50707e-05 0.000305045 0.00567054
10.88 9.11286e-06 0.000217471 -6.31567e-05 1.80287e-05 -0.00157936 0.00543905
10.9 8.12698e-06 0.000198231 -0.000126556 1.3443e-05 -0.00316502 0.00495783
10.92 6.85175e-06 0.000170068 -0.000180138 1.15835e-05 -0.00450511 0.00425347
10.94 5.31837e-06 0.000133321 -0.000229151 1.03815e-05 -0.00573096 0.00333443
10.96 3.57727e-06 8.80599e-05 -0.000276979 8.05111e-06 -0.00692715 0.00220241
10.98 1.71316e-06 3.65444e-05 -0.000321305 5.33326e-06 -0.00803577 0.00091399
11 -1.57853e-07 -1.59588e-05 -0.00035818 4.72651e-06 -0.00895803 -0.000399137
11.02 -1.92101e-06 -6.36967e-05 -0.00038666 7.2407e-06 -0.00967033 -0.00159308
11.04 -3.48578e-06 -0.000102871 -0.000406315 1.03848e-05 -0.0101619 -0.00257284
11.06 -4.79138e-06 -0.000131249 -0.000413546 9.82414e-06 -0.0103427 -0.0032826
11.08 -5.81335e-06 -0.000147786 -0.000403543 2.90596e-06 -0.0100926 -0.00369618
11.1 -6.57653e-06 -0.000154424 -0.000373532 -9.30118e-06 -0.00934198 -0.0038622
11.12 -7.14718e-06 -0.0001566 -0.000322336 -2.26155e-05 -0.00806155 -0.00391663
11.14 -7.59818e-06 -0.000160342 -0.000249641 -3.20579e-05 -0.00624341 -0.00401021
11.16 -7.97246e-06 -0.000169175 -0.000158155 -3.4398e-05 -0.00395532 -0.00423113
11.18 -8.26113e-06 -0.000183011 -5.52667e-05 -2.93626e-05 -0.00138203 -0.00457717
11.2 -8.40649e-06 -0.000198392 4.94267e-05 -1.87913e-05 0.00123639 -0.00496187
11.22 -8.32569e-06 -0.000210048 0.000147436 -4.86101e-06 0.00368765 -0.00525338
11.24 -7.93787e-06 -0.000212922 0.000231733 1.08459e-05 0.00579596 -0.00532526
11.26 -7.18409e-06 -0.000203066 0.000297864 2.69905e-05 0.00744992 -0.00507876
11.28 -6.04415e-06 -0.000178111 0.000347734 4.18789e-05 0.00869719 -0.00445462
11.3 -4.55842e-06 -0.000138438 0.000388712 5.35774e-05 0.00972207 -0.00346238
11.32 -2.83903e-06 -8.79545e-05 0.00042594 6.06415e-05 0.0106532 -0.00219978
11.34 -1.05152e-06 -3.36189e-05 0.000458943 6.28919e-05 0.0114786 -0.000840822
11.36 6.31345e-07 1.60355e-05 0.000487091 6.19525e-05 0.0121825 0.000401055
11.38 2.08419e-06 5.37322e-05 0.000512206 6.11353e-05 0.0128107 0.00134387
11.4 3.26579e-06 7.68357e-05 0.000532527 6.39681e-05 0.0133189 0.00192169
11.42 4.21661e-06 8.82514e-05 0.00053988 7.18162e-05 0.0135028 0.0022072
11.44 5.02082e-06 9.39908e-05 0.000526034 8.26751e-05 0.0131566 0.00235075
11.46 5.76311e-06 0.000100371 0.000487049 9.24465e-05 0.0121815 0.00251031
11.48 6.49574e-06 0.000112546 0.000421639 9.72167e-05 0.0105456 0.00281482
11.5 7.21314e-06 0.00013247 0.000332097 9.45964e-05 0.00830611 0.00331312
11.52 7.84633e-06 0.000156618 0.000227679 8.43099e-05 0.00569456 0.00391708
11.54 8.29796e-06 0.000178129 0.000121513 6.83523e-05 0.00303931 0.00445508
11.56 8.49092e-06 0.00019264 2.2999e-05 4.98012e-05 0.000575426 0.00481802
11.58 8.36718e-06 0.00019896 -6.27319e-05 3.05684e-05 -0.00156874 0.00497607
11.6 7.88805e-06 0.000194116 -0.000131003 1.07006e-05 -0.00327622 0.00485492
11.62 7.05836e-06 0.000174362 -0.000181928 -9.62712e-06 -0.0045499 0.00436087
11.64 5.96201e-06 0.000142456 -0.000225988 -2.8454e-05 -0.00565185 0.00356288
11.66 4.74259e-06 0.000107422 -0.000275505 -4.32658e-05 -0.00689028 0.00268666
11.68 3.51146e-06 7.57893e-05 -0.000332496 -5.30062e-05 -0.00831566 0.00189552
11.7 2.30309e-06 4.80743e-05 -0.000391379 -5.81868e-05 -0.00978834 0.00120236
11.72 1.09745e-06 2.27885e-05 -0.000447271 -6.00419e-05 -0.0111862 0.000569951
11.74 -1.39144e-07 -1.35618e-06 -0.000494467 -6.01541e-05 -0.0123666 -3.39186e-05
11.76 -1.43028e-06 -2.59932e-05 -0.000523514 -5.97664e-05 -0.0130931 -0.000650101
11.78 -2.77777e-06 -5.23194e-05 -0.000526436 -5.87776e-05 -0.0131662 -0.00130853
11.8 -4.16289e-06 -8.08589e-05 -0.000500692 -5.60449e-05 -0.0125223 -0.00202231
11.82 -5.55002e-06 -0.000112426 -0.000446511 -5.06843e-05 -0.0111672 -0.00281181
11.84 -6.87831e-06 -0.000146962 -0.00036659 -4.23423e-05 -0.00916836 -0.00367557
11.86 -8.05862e-06 -0.000181596 -0.000268529 -3.06762e-05 -0.00671581 -0.0045418
11.88 -8.99524e-06 -0.0002118 -0.000162759 -1.56276e-05 -0.00407045 -0.0052972
11.9 -9.61748e-06 -0.000234255 -5.91885e-05 2.04642e-06 -0.00148012 -0.00585882
11.92 -9.88979e-06 -0.000247751 3.33625e-05 2.12593e-05 0.000834621 -0.00619636
11.94 -9.79364e-06 -0.000251655 0.000109235 4.14609e-05 0.00273223 -0.006294
11.96 -9.33156e-06 -0.000244718 0.000170074 6.2371e-05 0.00425382 -0.00612049
11.98 -8.53149e-06 -0.000226254 0.000224278 8.26781e-05 0.00560949 -0.0056587
12 -7.45007e-06 -0.000197797 0.000280656 9.94587e-05 0.00701953 -0.00494698
12.02 -6.16762e-06 -0.000162446 0.00034341 0.000109343 0.00858903 -0.00406284
12.04 -4.7652e-06 -0.000123256 0.000412518 0.000110529 0.0103174 -0.00308269
12.06 -3.32162e-06 -8.35972e-05 0.000486119 0.000104103 0.0121583 -0.0020908
12.08 -1.90883e-06 -4.78603e-05 0.000560371 9.38722e-05 0.0140153 -0.00119701
12.1 -5.74168e-07 -1.94044e-05 0.000627699 8.45939e-05 0.0156992 -0.000485313
12.12 6.77878e-07 2.00428e-06 0.000677897 7.9308e-05 0.0169547 5.01278e-05
12.14 1.87882e-06 1.95457e-05 0.000702221 7.76004e-05 0.0175631 0.000488847
12.16 3.07349e-06 3.70297e-05 0.000696033 7.64503e-05 0.0174083 0.000926129
12.18 4.30052e-06 5.80299e-05 0.000658524 7.31444e-05 0.0164702 0.00145135
12.2 5.57247e-06 8.55487e-05 0.00059115 6.7046e-05 0.0147851 0.00213961
12.22 6.85857e-06 0.000120368 0.000499695 5.8267e-05 0.0124978 0.00301045
12.24 8.08479e-06 0.000159706 0.000394787 4.62253e-05 0.00987401 0.0039943
12.26 9.15125e-06 0.000198338 0.000287871 3.03846e-05 0.00719998 0.00496051
12.28 9.95574e-06 0.000230813 0.000188948 1.12576e-05 0.00472588 0.00577273
12.3 1.0406e-05 0.000252374 0.000103434 -9.58287e-06 0.00258714 0.00631199
12.32 1.04237e-05 0.000259159 2.93246e-05 -2.96533e-05 0.000733632 0.00648168
12.34 9.99317e-06 0.00024965 -3.99878e-05 -4.57181e-05 -0.0009999 0.00624386
12.36 9.15986e-06 0.000225778 -0.000109971 -5.48325e-05 -0.00275021 0.00564681
12.38 7.99665e-06 0.000191157 -0.000182481 -5.59992e-05 -0.00456371 0.00478091
12.4 6.59523e-06 0.000149409 -0.00025692 -5.07203e-05 -0.00642548 0.00373678
12.42 5.05639e-06 0.000105106 -0.00033196 -4.1927e-05 -0.00830225 0.00262876
12.44 3.4858e-06 6.38522e-05 -0.000405405 -3.26343e-05 -0.0101391 0.00159697
12.46 1.96558e-06 2.95039e-05 -0.000472238 -2.51614e-05 -0.0118107 0.000737905
12.48 5.36782e-07 2.17181e-06 -0.000523986 -2.05234e-05 -0.0131049 5.4318e-05
12.5 -7.95354e-07 -2.05301e-05 -0.000551843 -1.80922e-05 -0.0138016 -0.000513466
12.52 -2.04299e-06 -4.15235e-05 -0.000551268 -1.62999e-05 -0.0137872 -0.00103852
12.54 -3.21765e-06 -6.3623e-05 -0.000523334 -1.40895e-05 -0.0130886 -0.00159124
12.56 -4.31094e-06 -8.87064e-05 -0.000471444 -1.14928e-05 -0.0117908 -0.00221859
12.58 -5.28196e-06 -0.000116274 -0.000399196 -8.61359e-06 -0.00998385 -0.00290806
12.6 -6.06697e-06 -0.000143415 -0.000312295 -4.73476e-06 -0.00781042 -0.00358688
12.62 -6.59966e-06 -0.000166091 -0.000218681 1.01004e-06 -0.00546908 -0.004154
12.64 -6.82272e-06 -0.000179844 -0.000126034 8.55224e-06 -0.00315195 -0.00449797
12.66 -6.69912e-06 -0.000180795 -4.06674e-05 1.67231e-05 -0.0010169 -0.00452177
12.68 -6.25269e-06 -0.000168212 3.27752e-05 2.39069e-05 0.000819933 -0.00420704
12.7 -5.56454e-06 -0.000145432 9.40808e-05 2.9081e-05 0.00235321 -0.00363732
12.72 -4.73871e-06 -0.000117022 0.000150091 3.26226e-05 0.00375406 -0.00292677
12.74 -3.88992e-06 -8.69191e-05 0.000210916 3.59055e-05 0.00527531 -0.00217388
12.76 -3.1344e-06 -6.03698e-05 0.000283149 3.98943e-05 0.00708189 -0.00150988
12.78 -2.56637e-06 -4.42761e-05 0.000368141 4.45372e-05 0.00920756 -0.00110736
12.8 -2.20125e-06 -4.23471e-05 0.000462273 4.97209e-05 0.0115618 -0.00105912
12.82 -1.95146e-06 -5.08423e-05 0.000553569 5.61401e-05 0.0138452 -0.00127159
12.84 -1.66804e-06 -6.12069e-05 0.000622648 6.46524e-05 0.0155729 -0.00153081
12.86 -1.20836e-06 -6.57714e-05 0.000654099 7.50845e-05 0.0163595 -0.00164497
12.88 -4.77284e-07 -5.94149e-05 0.000644909 8.5955e-05 0.0161297 -0.00148599
12.9 5.55252e-07 -3.87701e-05 0.000597023 9.53274e-05 0.014932 -0.000969656
12.92 1.83789e-06 -3.39473e-06 0.000509753 0.000101463 0.0127493 -8.49037e-05
12.94 3.23942e-06 4.30791e-05 0.000390047 0.000102406 0.00975546 0.00107743
12.96 4.57626e-06 9.34184e-05 0.0002576 9.64733e-05 0.00644289 0.00233643
12.98 5.64846e-06 0.000137427 0.000131505 8.40141e-05 0.00328922 0.00343711
13 6.30072e-06 0.000165291 2.36933e-05 6.77493e-05 0.000592793 0.004134
13.02 6.48043e-06 0.000173635 -5.72481e-05 5.10494e-05 -0.00143159 0.00434269
13.04 6.22697e-06 0.000165932 -0.000109482 3.58167e-05 -0.00273798 0.00415004
13.06 5.61679e-06 0.000146077 -0.000143726 2.17276e-05 -0.00359444 0.00365346
13.08 4.74088e-06 0.000115824 -0.0001762 7.62629e-06 -0.00440661 0.0028968
13.1 3.72448e-06 7.89879e-05 -0.00021655 -6.22785e-06 -0.00541578 0.00197552
13.12 2.71964e-06 4.34425e-05 -0.000266952 -1.7722e-05 -0.00667637 0.00108651
13.14 1.84643e-06 1.69003e-05 -0.000328041 -2.50904e-05 -0.00820423 0.000422685
13.16 1.14547e-06 2.10023e-06 -0.000398268 -2.93339e-05 -0.00996063 5.25275e-05
13.18 5.8642e-07 -3.3728e-06 -0.00046896 -3.39736e-05 -0.0117287 -8.43551e-05
13.2 1.13078e-07 -3.68509e-06 -0.000526248 -4.22183e-05 -0.0131615 -9.21657e-05
13.22 -3.23525e-07 -2.25068e-06 -0.000558793 -5.43094e-05 -0.0139754 -5.62905e-05
13.24 -7.60686e-07 -1.85111e-06 -0.000560809 -6.73136e-05 -0.0140259 -4.6297e-05
13.26 -1.22914e-06 -5.15966e-06 -0.000529311 -7.72761e-05 -0.0132381 -0.000129045
13.28 -1.75249e-06 -1.41665e-05 -0.000464266 -8.17772e-05 -0.0116113 -0.00035431
13.3 -2.34238e-06 -2.93805e-05 -0.000372616 -8.07776e-05 -0.00931908 -0.000734819
13.32 -2.99604e-06 -4.97858e-05 -0.000266371 -7.54496e-05 -0.00666183 -0.00124516
13.34 -3.69726e-06 -7.37197e-05 -0.000155593 -6.62876e-05 -0.00389123 -0.00184376
13.36 -4.41693e-06 -9.98135e-05 -4.69807e-05 -5.20823e-05 -0.00117479 -0.00249638
13.38 -5.10725e-06 -0.000126442 5.38161e-05 -3.08915e-05 0.00134617 -0.00316238
13.4 -5.69648e-06 -0.000150131 0.000143555 -2.52018e-06 0.00359057 -0.00375484
13.42 -6.10556e-06 -0.000165891 0.000223424 2.96902e-05 0.00558814 -0.004149
13.44 -6.28359e-06 -0.000170386 0.000296885 5.97425e-05 0.00742543 -0.00426144
13.46 -6.22922e-06 -0.000164635 0.000366626 8.23185e-05 0.00916968 -0.00411759
13.48 -5.97519e-06 -0.000153182 0.000433975 9.61238e-05 0.0108541 -0.00383114
13.5 -5.55222e-06 -0.000140577 0.000499206 0.000104528 0.0124856 -0.0035159
13.52 -4.96846e-06 -0.000128386 0.00056085 0.000112784 0.0140273 -0.003211
13.54 -4.22203e-06 -0.000115393 0.00061337 0.000123834 0.0153408 -0.00288603
13.56 -3.32453e-06 -0.000100459 0.000645692 0.000136098 0.0161492 -0.00251253
13.58 -2.29676e-06 -8.39071e-05 0.000646515 0.000145231 0.0161698 -0.00209855
13.6 -1.13835e-06 -6.52255e-05 0.000612488 0.00014835 0.0153188 -0.00163132
13.62 1.80697e-07 -4.09273e-05 0.00054751 0.000146477 0.0136937 -0.00102361
13.64 1.67728e-06 -6.69527e-06 0.000457932 0.000142165 0.0114533 -0.000167452
13.66 3.30763e-06 3.83137e-05 0.000351702 0.000135028 0.00879643 0.000958241
13.68 4.96059e-06 8.98476e-05 0.000236615 0.000121011 0.00591806 0.00224712
13.7 6.49409e-06 0.000140551 0.000119087 9.62454e-05 0.00297862 0.00351523
13.72 7.78934e-06 0.00018327 8.10621e-06 6.13329e-05 0.000202953 0.00458366
13.74 8.78196e-06 0.000213812 -8.29139e-05 2.21543e-05 -0.0020735 0.00534753
13.76 9.45125e-06 0.000231489 -0.000144535 -1.37439e-05 -0.00361466 0.00578963
13.78 9.79064e-06 0.000236872 -0.000181282 -4.24457e-05 -0.00453373 0.00592426
13.8 9.82277e-06 0.000230389 -0.000208977 -6.57026e-05 -0.0052264 0.00576211
13.82 9.62593e-06 0.000214846 -0.000243035 -8.74868e-05 -0.0060782 0.00537338
13.84 9.3286e-06 0.000197603 -0.000292428 -0.000108803 -0.00731352 0.00494213
13.86 9.04994e-06 0.000186986 -0.00036065 -0.000126389 -0.00901978 0.00467659
13.88 8.82259e-06 0.000186084 -0.000445086 -0.000136183 -0.0111316 0.00465405
13.9 8.58398e-06 0.000191514 -0.00053566 -0.000137391 -0.0133969 0.00478984
13.92 8.22291e-06 0.000197649 -0.000618189 -0.000133273 -0.015461 0.00494328
13.94 7.62372e-06 0.000199742 -0.000679167 -0.000128443 -0.016986 0.00499564
13.96 6.67687e-06 0.000192945 -0.000707299 -0.000125062 -0.0176896 0.00482562
13.98 5.28857e-06 0.00017127 -0.000693548 -0.000120963 -0.0173457 0.00428352
14 3.41464e-06 0.000129596 -0.000633554 -0.000111431 -0.0158452 0.00324124
14.02 1.10227e-06 6.6484e-05 -0.000531406 -9.2843e-05 -0.0132905 0.00166279
14.04 -1.48502e-06 -1.41813e-05 -0.000401584 -6.48699e-05 -0.0100436 -0.00035468
14.06 -4.07401e-06 -0.000101719 -0.000265347 -3.01772e-05 -0.00663624 -0.00254404
14.08 -6.34582e-06 -0.000179453 -0.000144494 7.28298e-06 -0.00361364 -0.00448818
14.1 -8.06308e-06 -0.000232405 -5.62121e-05 4.36718e-05 -0.00140568 -0.00581254
14.12 -9.17089e-06 -0.00025686 -5.34656e-06 7.58995e-05 -0.000133512 -0.00642418
14.14 -9.75535e-06 -0.000259542 2.10476e-05 0.000102194 0.000526616 -0.00649125
14.16 -9.96013e-06 -0.000248717 4.71966e-05 0.00012214 0.00118061 -0.00622052
14.18 -9.95974e-06 -0.00023155 9.43967e-05 0.000135569 0.00236111 -0.00579117
14.2 -9.92184e-06 -0.000216921 0.000171951 0.000141943 0.00430076 -0.00542528
14.22 -9.95888e-06 -0.000213195 0.000275189 0.000141663 0.00688279 -0.00533209
14.24 -1.00699e-05 -0.000223436 0.000387171 0.000137599 0.00968352 -0.00558823
14.26 -1.01107e-05 -0.000243817 0.000485144 0.000134625 0.0121339 -0.00609796
14.28 -9.82992e-06 -0.000262975 0.000549852 0.000137017 0.0137522 -0.00657711
14.3 -8.97101e-06 -0.000264329 0.000572011 0.000144862 0.0143064 -0.00661098
14.32 -7.41744e-06 -0.000236173 0.000552727 0.000152113 0.0138241 -0.00590678
14.34 -5.26303e-06 -0.000180775 0.000498402 0.000149479 0.0124655 -0.00452126
14.36 -2.73159e-06 -0.000109547 0.000417243 0.000131049 0.0104356 -0.00273982
14.38 -4.36516e-08 -3.13818e-05 0.000321622 9.87875e-05 0.0080441 -0.000784872
14.4 2.62114e-06 4.84412e-05 0.000227842 6.08581e-05 0.00569864 0.00121153
14.42 5.09473e-06 0.000121957 0.000147763 2.57762e-05 0.00369582 0.00305019
14.44 7.24187e-06 0.00018069 8.2176e-05 -2.4706e-06 0.00205547 0.00451914
14.46 9.01034e-06 0.000223046 2.45e-05 -2.54193e-05 0.000612964 0.00557847
14.48 1.04223e-05 0.000253186 -3.22173e-05 -4.75223e-05 -0.000805559 0.0063323
14.5 1.15235e-05 0.000274991 -9.23048e-05 -7.1622e-05 -0.00230837 0.00687765
14.52 1.23461e-05 0.000290966 -0.000156146 -9.58116e-05 -0.00390507 0.00727719
14.54 1.28847e-05 0.000302572 -0.000220454 -0.000114795 -0.00551344 0.00756745
14.56 1.30854e-05 0.000308357 -0.000282146 -0.000124487 -0.00705638 0.00771213
14.58 1.28804e-05 0.00030552 -0.000340006 -0.000125151 -0.00850348 0.00764119
14.6 1.22297e-05 0.000293509 -0.000391235 -0.000120586 -0.00978473 0.00734078
14.62 1.11248e-05 0.000272082 -0.000430737 -0.00011478 -0.0107727 0.00680488
14.64 9.58613e-06 0.000238878 -0.000455297 -0.000108583 -0.011387 0.00597444
14.66 7.68673e-06 0.000194387 -0.000464317 -9.90429e-05 -0.0116125 0.00486169
14.68 5.54302e-06 0.000144843 -0.000455918 -8.28045e-05 -0.0114025 0.00362258
14.7 3.23867e-06 9.40832e-05 -0.000425429 -6.06087e-05 -0.01064 0.00235306
14.72 7.97351e-07 3.80915e-05 -0.000367931 -3.72767e-05 -0.00920189 0.000952683
14.74 -1.74828e-06 -2.64306e-05 -0.000282417 -1.69361e-05 -0.00706316 -0.000661041
14.76 -4.30486e-06 -9.49084e-05 -0.000175713 3.66112e-07 -0.00439444 -0.0023737
14.78 -6.75297e-06 -0.000161568 -6.28074e-05 1.7531e-05 -0.00157063 -0.00404089
14.8 -8.97554e-06 -0.000224993 3.98105e-05 3.79387e-05 0.000995886 -0.00562717
14.82 -1.08352e-05 -0.000282125 0.000122827 6.38188e-05 0.00307217 -0.00705607
14.84 -1.21828e-05 -0.000324974 0.000184859 9.42533e-05 0.00462362 -0.00812773
14.86 -1.29196e-05 -0.00034715 0.00022747 0.000123807 0.00568933 -0.00868237
14.88 -1.30212e-05 -0.000347361 0.000254312 0.000144836 0.00636065 -0.00868764
14.9 -1.25289e-05 -0.000327043 0.000273005 0.00015234 0.00682818 -0.00817949
14.92 -1.15574e-05 -0.000291823 0.000292871 0.000146901 0.00732504 -0.00729861
14.94 -1.02447e-05 -0.000252055 0.000321413 0.000134027 0.00803887 -0.006304
14.96 -8.67739e-06 -0.000214355 0.000361911 0.000120949 0.00905175 -0.00536111
14.98 -6.87685e-06 -0.000176113 0.000408168 0.000111884 0.0102087 -0.00440466
15 -4.85549e-06 -0.000132555 0.000443205 0.000104736 0.0110849 -0.00331525
15.02 -2.66254e-06 -8.38338e-05 0.000451376 9.33964e-05 0.0112893 -0.00209672
15.04 -3.60302e-07 -3.22863e-05 0.000429455 7.43981e-05 0.0107411 -0.000807495
15.06 1.99828e-06 2.13896e-05 0.000379272 5.07981e-05 0.00948597 0.000534964
15.08 4.35892e-06 7.67193e-05 0.000298606 2.92345e-05 0.00746847 0.00191878
15.1 6.65873e-06 0.000132816 0.00019013 1.39409e-05 0.00475543 0.00332179
15.12 8.82384e-06 0.000189259 7.13115e-05 3.49643e-06 0.00178374 0.00473345
15.14 1.07485e-05 0.000243444 -3.51369e-05 -7.87529e-06 -0.000878581 0.00608864
15.16 1.23065e-05 0.000289342 -0.00011703 -2.5853e-05 -0.00292677 0.00723656
15.18 1.34166e-05 0.000323214 -0.000175156 -5.13807e-05 -0.00438051 0.00808372
15.2 1.40692e-05 0.000346745 -0.000216653 -7.95504e-05 -0.00541838 0.00867223
15.22 1.42535e-05 0.000360426 -0.000249753 -0.000102937 -0.00624622 0.00901439
15.24 1.38862e-05 0.000358687 -0.000280784 -0.000116012 -0.00702232 0.0089709
15.26 1.29068e-05 0.000335861 -0.000313771 -0.00011714 -0.00784734 0.00840003
15.28 1.13424e-05 0.000292638 -0.000352067 -0.000107995 -0.00880514 0.007319
15.3 9.28086e-06 0.000234254 -0.000396248 -9.18642e-05 -0.00991013 0.00585879
15.32 6.86027e-06 0.000167424 -0.00043946 -7.18813e-05 -0.0109909 0.00418735
15.34 4.22397e-06 9.872e-05 -0.000469663 -5.03779e-05 -0.0117463 0.00246903
15.36 1.49379e-06 3.14633e-05 -0.000477126 -2.9431e-05 -0.0119329 0.00078691
15.38 -1.22197e-06 -3.3265e-05 -0.000456863 -1.0974e-05 -0.0114261 -0.000831973
15.4 -3.81205e-06 -9.15589e-05 -0.000407139 3.85218e-06 -0.0101825 -0.00228993
15.42 -6.2045e-06 -0.000139523 -0.00033108 1.48309e-05 -0.00828024 -0.00348952
15.44 -8.41139e-06 -0.000181733 -0.000237775 2.27265e-05 -0.00594665 -0.00454523
15.46 -1.04692e-05 -0.000227981 -0.000138684 3.03328e-05 -0.00346834 -0.0057019
15.48 -1.23265e-05 -0.000280492 -4.5108e-05 4.25837e-05 -0.00112796 -0.00701522
15.5 -1.3832e-05 -0.000331498 3.26585e-05 6.34432e-05 0.000817011 -0.00829091
15.52 -1.48333e-05 -0.000372335 9.02079e-05 9.19618e-05 0.00225635 -0.00931226
15.54 -1.52565e-05 -0.000398128 0.000133627 0.00012174 0.00334229 -0.00995734
15.56 -1.50889e-05 -0.000405321 0.000174644 0.000144006 0.00436812 -0.0101373
15.58 -1.42564e-05 -0.000390323 0.000220373 0.000151755 0.00551183 -0.00976213
15.6 -1.27646e-05 -0.000352055 0.000270156 0.00014299 0.00675692 -0.00880504
15.62 -1.06945e-05 -0.000293631 0.000320642 0.000121574 0.0080196 -0.00734383
15.64 -8.13073e-06 -0.000219615 0.000368896 9.48358e-05 0.00922646 -0.00549266
15.66 -5.24421e-06 -0.000135288 0.000410013 6.90315e-05 0.0102548 -0.00338361
15.68 -2.25484e-06 -5.00463e-05 0.000436743 4.64528e-05 0.0109233 -0.00125168
15.7 6.0486e-07 2.44666e-05 0.000444115 2.68942e-05 0.0111077 0.000611919
15.72 3.19564e-06 8.27081e-05 0.000431803 1.08008e-05 0.0107998 0.00206856
15.74 5.48555e-06 0.000128061 0.000401397 -3.58493e-07 0.0100393 0.00320286
15.76 7.48719e-06 0.000165991 0.000355292 -6.32734e-06 0.00888621 0.00415152
15.78 9.19341e-06 0.000198909 0.000298917 -9.14548e-06 0.00747625 0.0049748
15.8 1.05784e-05 0.000228607 0.000238424 -1.1969e-05 0.00596329 0.00571756
15.82 1.16069e-05 0.00025695 0.00017505 -1.77012e-05 0.00437828 0.00642642
15.84 1.22305e-05 0.000281725 0.000107772 -2.78282e-05 0.00269563 0.00704605
15.86 1.24089e-05 0.000297319 4.09321e-05 -4.07321e-05 0.00102394 0.00743608
15.88 1.21178e-05 0.000300146 -1.81559e-05 -5.15941e-05 -0.000453878 0.00750679
15.9 1.13095e-05 0.000288385 -6.77586e-05 -5.57814e-05 -0.00169446 0.00721264
15.92 9.985e-06 0.000259258 -0.000110503 -5.2326e-05 -0.00276351 0.00648415
15.94 8.19822e-06 0.00021202 -0.000147253 -4.33741e-05 -0.00368266 0.00530271
15.96 6.05183e-06 0.00015055 -0.00017927 -3.12497e-05 -0.00448341 0.00376531
15.98 3.7152e-06 8.1177e-05 -0.000210945 -1.69334e-05 -0.00527561 0.00203027
16 1.37536e-06 1.14931e-05 -0.000244125 -6.03679e-07 -0.00610547 0.000287448
16.02 -7.84055e-07 -4.91648e-05 -0.000275569 1.69525e-05 -0.00689188 -0.00122963
16.04 -2.65039e-06 -9.32462e-05 -0.000303053 3.30459e-05 -0.00757927 -0.00233213
16.06 -4.22026e-06 -0.000120986 -0.000326273 4.34739e-05 -0.00816003 -0.0030259
16.08 -5.56377e-06 -0.000139874 -0.000340512 4.55991e-05 -0.00851614 -0.0034983
16.1 -6.73595e-06 -0.000156896 -0.000337631 4.14405e-05 -0.00844408 -0.00392403
16.12 -7.73945e-06 -0.000173928 -0.000313003 3.66402e-05 -0.00782813 -0.00435
16.14 -8.55293e-06 -0.000190855 -0.000265747 3.58572e-05 -0.00664624 -0.00477335
16.16 -9.15502e-06 -0.000208498 -0.000197294 3.95263e-05 -0.00493421 -0.00521462
16.18 -9.50846e-06 -0.000226215 -0.000115917 4.46503e-05 -0.00289892 -0.00565773
16.2 -9.54023e-06 -0.000239741 -3.62937e-05 4.78286e-05 -0.00090751 -0.00599602
16.22 -9.14225e-06 -0.000242932 3.09918e-05 4.78819e-05 0.000775327 -0.00607582
16.24 -8.22854e-06 -0.000230192 8.47293e-05 4.6404e-05 0.00211932 -0.0057572
16.26 -6.80432e-06 -0.000198651 0.000127414 4.54798e-05 0.00318688 -0.00496834
16.28 -4.96377e-06 -0.000150302 0.000162005 4.44973e-05 0.00405202 -0.00375912
16.3 -2.86203e-06 -9.13454e-05 0.000193562 3.9918e-05 0.00484129 -0.00228459
16.32 -6.65662e-07 -2.87259e-05 0.000225805 2.87878e-05 0.00564768 -0.000718448
16.34 1.48919e-06 3.20638e-05 0.000257042 1.22474e-05 0.00642894 0.00080193
16.36 3.4985e-06 8.65675e-05 0.000285059 -4.46665e-06 0.00712965 0.00216509
16.38 5.28837e-06 0.000131248 0.000311125 -1.52785e-05 0.00778158 0.00328257
16.4 6.81305e-06 0.000164847 0.00033337 -1.71803e-05 0.00833793 0.0041229
16.42 8.05124e-06 0.000188737 0.000342616 -1.2122e-05 0.00856917 0.00472039
16.44 8.99575e-06 0.000205194 0.000330776 -5.2558e-06 0.00827306 0.005132
16.46 9.64371e-06 0.000215759 0.000298203 -5.9265e-07 0.0074584 0.00539621
16.48 9.99008e-06 0.000221129 0.000249958 1.99241e-06 0.00625176 0.00553053
16.5 1.00257e-05 0.000221477 0.00019143 5.4856e-06 0.00478795 0.00553922
16.52 9.73362e-06 0.000216362 0.000129361 1.18191e-05 0.00323559 0.0054113
16.54 9.10962e-06 0.00020528 7.06377e-05 1.94222e-05 0.00176689 0.00513415
16.56 8.16596e-06 0.000188216 1.8566e-05 2.42815e-05 0.000464552 0.00470737
16.58 6.92139e-06 0.000164558 -2.58223e-05 2.32812e-05 -0.000645618 0.00411567
16.6 5.40996e-06 0.000132845 -6.1022e-05 1.71308e-05 -0.00152598 0.00332252
16.62 3.68827e-06 9.31417e-05 -8.85116e-05 1.03532e-05 -0.0022135 0.00232951
16.64 1.83426e-06 4.77785e-05 -0.000115631 7.94218e-06 -0.00289177 0.00119496
16.66 -7.01584e-08 -1.00487e-06 -0.000149319 1.17293e-05 -0.00373433 -2.51322e-05
16.68 -1.94076e-06 -5.13105e-05 -0.000189095 1.98932e-05 -0.00472914 -0.0012833
16.7 -3.68665e-06 -9.94205e-05 -0.000229666 2.91575e-05 -0.00574383 -0.00248655
16.72 -5.22335e-06 -0.000140647 -0.000266885 3.67353e-05 -0.0066747 -0.00351764
16.74 -6.4906e-06 -0.00017203 -0.000297772 4.09175e-05 -0.00744719 -0.00430255
16.76 -7.45317e-06 -0.000192447 -0.000317811 4.10791e-05 -0.00794837 -0.00481317
16.78 -8.09868e-06 -0.000202142 -0.000321082 3.74682e-05 -0.00803018 -0.00505566
16.8 -8.44013e-06 -0.000203378 -0.000302313 3.08572e-05 -0.00756076 -0.00508657
16.82 -8.50735e-06 -0.000199289 -0.000260394 2.24041e-05 -0.00651234 -0.0049843
16.84 -8.32965e-06 -0.000191838 -0.000202336 1.36067e-05 -0.0050603 -0.00479794
16.86 -7.93123e-06 -0.000182163 -0.000140436 6.06706e-06 -0.00351216 -0.00455598
16.88 -7.32079e-06 -0.000171167 -8.21085e-05 1.36855e-06 -0.00205336 -0.00428096
16.9 -6.48623e-06 -0.000158124 -2.63228e-05 9.70338e-07 -0.000658136 -0.00395474
16.92 -5.41323e-06 -0.000140531 2.80428e-05 5.33431e-06 0.00070157 -0.00351475
16.94 -4.10597e-06 -0.000116213 7.66635e-05 1.27609e-05 0.00191759 -0.00290654
16.96 -2.59162e-06 -8.43485e-05 0.00011539 1.97209e-05 0.00288617 -0.00210959
16.98 -9.11969e-07 -4.51371e-05 0.000145931 2.30184e-05 0.00364999 -0.0011289
17 8.75571e-07 -1.31846e-07 0.000173623 2.1882e-05 0.00434259 -3.29753e-06
17.02 2.69412e-06 4.77118e-05 0.000202658 1.81413e-05 0.00506876 0.00119329
17.04 4.45058e-06 9.51493e-05 0.000232948 1.44803e-05 0.00582633 0.00237972
17.06 6.04374e-06 0.000138868 0.000259411 1.23348e-05 0.00648818 0.00347316
17.08 7.37896e-06 0.000174934 0.000276182 1.13344e-05 0.00690763 0.00437518
17.1 8.39055e-06 0.000200097 0.000282498 1.07097e-05 0.00706561 0.0050045
17.12 9.05211e-06 0.000213769 0.00028189 1.0826e-05 0.00705041 0.00534646
17.14 9.36213e-06 0.000217458 0.000275861 1.28717e-05 0.00689961 0.00543871
17.16 9.32397e-06 0.000212753 0.000262 1.71413e-05 0.00655293 0.00532105
17.18 8.94558e-06 0.000200729 0.000238724 2.20662e-05 0.00597079 0.00502031
17.2 8.25747e-06 0.000182544 0.000208414 2.51702e-05 0.00521272 0.0045655
17.22 7.30487e-06 0.000159652 0.000174556 2.49837e-05 0.00436592 0.00399296
17.24 6.13264e-06 0.000133311 0.000138672 2.20801e-05 0.00346845 0.00333415
17.26 4.78068e-06 0.00010428 0.000101626 1.84132e-05 0.00254191 0.00260809
17.28 3.28017e-06 7.29035e-05 6.50448e-05 1.5653e-05 0.00162701 0.00182335
17.3 1.65841e-06 3.88244e-05 2.93757e-05 1.40367e-05 0.000734907 0.000971013
17.32 -5.21095e-08 7.85502e-07 -6.97846e-06 1.28926e-05 -0.000174325 1.96457e-05
17.34 -1.79372e-06 -4.17486e-05 -4.48256e-05 1.23564e-05 -0.0011209 -0.00104415
17.36 -3.47364e-06 -8.61791e-05 -8.26252e-05 1.41112e-05 -0.00206628 -0.00215538
17.38 -4.98481e-06 -0.000127279 -0.000118767 1.97344e-05 -0.00297021 -0.0031833
17.4 -6.24452e-06 -0.000160552 -0.000153287 2.82862e-05 -0.00383357 -0.00401548
17.42 -7.21339e-06 -0.000184364 -0.000186239 3.61479e-05 -0.00465771 -0.00461102
17.44 -7.88257e-06 -0.000199229 -0.0002152 3.9682e-05 -0.00538204 -0.0049828
17.46 -8.25067e-06 -0.000206053 -0.000234806 3.81062e-05 -0.00587239 -0.00515346
17.48 -8.31604e-06 -0.000205179 -0.000239414 3.37774e-05 -0.00598765 -0.00513162
17.5 -8.09045e-06 -0.000196973 -0.000227404 2.97614e-05 -0.00568726 -0.00492638
17.52 -7.60696e-06 -0.000182871 -0.000202476 2.72026e-05 -0.00506379 -0.00457369
17.54 -6.8996e-06 -0.000165071 -0.000169897 2.50397e-05 -0.00424899 -0.00412849
17.56 -5.98344e-06 -0.000145109 -0.000132624 2.20572e-05 -0.00331678 -0.00362924
17.58 -4.85089e-06 -0.000122779 -9.19373e-05 1.88262e-05 -0.00229918 -0.00307075
17.6 -3.48629e-06 -9.60169e-05 -4.99788e-05 1.73027e-05 -0.00124978 -0.00240142
17.62 -1.89507e-06 -6.25321e-05 -9.75035e-06 1.84551e-05 -0.000243651 -0.00156395
17.64 -1.23073e-07 -2.23054e-05 2.67409e-05 2.05942e-05 0.00066901 -0.000557867
17.66 1.7516e-06 2.22146e-05 5.91601e-05 2.04441e-05 0.00147983 0.000555598
17.68 3.64329e-06 6.83458e-05 8.82871e-05 1.59284e-05 0.00220831 0.00170936
17.7 5.46941e-06 0.000114182 0.000115604 7.85162e-06 0.00289151 0.00285574
17.72 7.1455e-06 0.000157516 0.000142729 -9.66279e-07 0.00356992 0.00393955
17.74 8.58712e-06 0.000195395 0.000170381 -8.0371e-06 0.00426152 0.00488692
17.76 9.72493e-06 0.00022526 0.000197812 -1.29163e-05 0.00494758 0.00563384
17.78 1.05164e-05 0.000246011 0.000222633 -1.69349e-05 0.00556835 0.00615283
17.8 1.09425e-05 0.000257805 0.0002407 -2.13301e-05 0.00602021 0.00644782
17.82 1.09924e-05 0.00026087 0.000247728 -2.55222e-05 0.00619599 0.00652448
17.84 1.06492e-05 0.0002545 0.000242367 -2.71185e-05 0.0060619 0.00636515
17.86 9.88737e-06 0.000237243 0.000226419 -2.36634e-05 0.00566305 0.00593356
17.88 8.70937e-06 0.000208382 0.000201571 -1.45944e-05 0.00504158 0.00521173
17.9 7.15014e-06 0.000169148 0.000168113 -1.72338e-06 0.00420479 0.00423047
17.92 5.2696e-06 0.000122127 0.000127515 1.20727e-05 0.00318942 0.00305444
17.94 3.15107e-06 7.00575e-05 8.38752e-05 2.47368e-05 0.00209796 0.00175217
17.96 8.85931e-07 1.55065e-05 4.15856e-05 3.58577e-05 0.00104028 0.000387825
17.98 -1.42978e-06 -3.92347e-05 2.95628e-06 4.59471e-05 7.41468e-05 -0.000981277
18 -3.70207e-06 -9.24747e-05 -3.12831e-05 5.52755e-05 -0.000782195 -0.00231283
18.02 -5.83879e-06 -0.000142772 -6.09482e-05 6.35174e-05 -0.00152413 -0.00357079
18.04 -7.75384e-06 -0.000188156 -8.6741e-05 7.01827e-05 -0.00216922 -0.00470585
18.06 -9.38073e-06 -0.000226724 -0.000110122 7.50337e-05 -0.00275399 -0.00567045
18.08 -1.06836e-05 -0.000258077 -0.000132193 7.81866e-05 -0.00330599 -0.00645461
18.1 -1.16448e-05 -0.000282725 -0.000153419 8.00399e-05 -0.00383686 -0.00707108
18.12 -1.22407e-05 -0.000299976 -0.000173428 8.09193e-05 -0.00433729 -0.00750252
18.14 -1.24416e-05 -0.000307851 -0.000189626 8.05116e-05 -0.00474243 -0.00769949
18.16 -1.22291e-05 -0.000304977 -0.00019766 7.77475e-05 -0.00494334 -0.00762759
18.18 -1.1594e-05 -0.000290955 -0.000195163 7.14662e-05 -0.00488089 -0.0072769
18.2 -1.05523e-05 -0.00026561 -0.000183614 6.11833e-05 -0.00459205 -0.00664301
18.22 -9.1367e-06 -0.000229623 -0.000165313 4.73691e-05 -0.00413434 -0.00574298
18.24 -7.38563e-06 -0.00018503 -0.000140511 3.14565e-05 -0.00351402 -0.00462769
18.26 -5.35485e-06 -0.000134101 -0.00010876 1.55282e-05 -0.00271993 -0.00335391
18.28 -3.11659e-06 -7.87879e-05 -7.12592e-05 1.33622e-06 -0.00178201 -0.00197052
18.3 -7.68512e-07 -2.16693e-05 -3.05613e-05 -1.06995e-05 -0.000764142 -0.000541958
18.32 1.58164e-06 3.39282e-05 1.10126e-05 -2.1342e-05 0.000275639 0.000848559
18.34 3.8394e-06 8.54159e-05 5.22052e-05 -3.13249e-05 0.00130588 0.00213629
18.36 5.93643e-06 0.000131834 9.29382e-05 -4.044e-05 0.00232463 0.00329723
18.38 7.82369e-06 0.000173176 0.000133565 -4.77615e-05 0.00334071 0.00433119
18.4 9.4617e-06 0.000209558 0.00017321 -5.2557e-05 0.00433226 0.00524114
18.42 1.08166e-05 0.000240978 0.000209222 -5.49666e-05 0.00523293 0.00602696
18.44 1.18601e-05 0.000267189 0.000238958 -5.58502e-05 0.00597664 0.0066825
18.46 1.25696e-05 0.000287611 0.000261317 -5.58687e-05 0.00653586 0.00719328
18.48 1.29263e-05 0.000301256 0.000275634 -5.45891e-05 0.00689392 0.00753453
18.5 1.29115e-05 0.000306547 0.000280181 -5.04761e-05 0.00700766 0.00766686
18.52 1.24955e-05 0.000301301 0.00027326 -4.18079e-05 0.00683455 0.00753567
18.54 1.16237e-05 0.000282893 0.000255401 -2.77866e-05 0.00638789 0.00707528
18.56 1.02951e-05 0.000249669 0.000229397 -9.01433e-06 0.00573753 0.00624433
18.58 8.56064e-06 0.000202953 0.000198216 1.2824e-05 0.00495768 0.00507593
18.6 6.49716e-06 0.000146636 0.000163509 3.5469e-05 0.00408963 0.00366743
18.62 4.2226e-06 8.55641e-05 0.000125915 5.6494e-05 0.00314939 0.00213999
18.64 1.86352e-06 2.47959e-05 8.60247e-05 7.37291e-05 0.00215172 0.000620155
18.66 -4.54697e-07 -3.14419e-05 4.47747e-05 8.5717e-05 0.00112004 -0.000786374
18.68 -2.63424e-06 -8.09633e-05 3.37091e-06 9.21125e-05 8.45168e-05 -0.00202493
18.7 -4.60739e-06 -0.000123403 -3.68738e-05 9.37479e-05 -0.000922019 -0.00308637
18.72 -6.33129e-06 -0.000159133 -7.49269e-05 9.21044e-05 -0.00187375 -0.00397998
18.74 -7.77959e-06 -0.000188857 -0.000110333 8.84616e-05 -0.00275925 -0.0047234
18.76 -8.9368e-06 -0.000213571 -0.0001426 8.34368e-05 -0.00356629 -0.00534151
18.78 -9.78852e-06 -0.000233876 -0.000170236 7.72033e-05 -0.00425746 -0.00584934
18.8 -1.03142e-05 -0.000249162 -0.000191049 6.98777e-05 -0.004778 -0.00623164
18.82 -1.04889e-05 -0.000257687 -0.000203612 6.14971e-05 -0.00509221 -0.00644485
18.84 -1.02924e-05 -0.000257375 -0.000207996 5.17147e-05 -0.00520187 -0.00643705
18.86 -9.7087e-06 -0.00024638 -0.000205169 3.98035e-05 -0.00513116 -0.00616207
18.88 -8.73013e-06 -0.000223329 -0.00019615 2.52049e-05 -0.00490558 -0.00558555
18.9 -7.38909e-06 -0.000188248 -0.000181676 8.18073e-06 -0.00454358 -0.00470815
18.92 -5.75236e-06 -0.00014355 -0.000162092 -9.93847e-06 -0.00405378 -0.00359026
18.94 -3.90851e-06 -9.33642e-05 -0.00013723 -2.70255e-05 -0.00343196 -0.00233508
18.96 -1.95975e-06 -4.19035e-05 -0.000106581 -4.08898e-05 -0.00266542 -0.00104802
18.98 -1.31329e-09 7.51954e-06 -6.99168e-05 -5.01711e-05 -0.00174844 0.000188067
19 1.88122e-06 5.25948e-05 -2.79697e-05 -5.4784e-05 -0.000699325 0.00131542
19.02 3.61769e-06 9.17317e-05 1.71993e-05 -5.55181e-05 0.00043037 0.00229425
19.04 5.1562e-06 0.000124018 6.23373e-05 -5.3131e-05 0.00155929 0.00310173
19.06 6.46791e-06 0.000149484 0.000104015 -4.77896e-05 0.00260166 0.00373865
19.08 7.54606e-06 0.000169207 0.000140116 -3.93461e-05 0.00350457 0.00423195
19.1 8.39663e-06 0.000184904 0.000170307 -2.81087e-05 0.00425965 0.00462453
19.12 9.02159e-06 0.000197953 0.00019506 -1.53508e-05 0.00487875 0.00495089
19.14 9.40692e-06 0.0002083 0.000214601 -3.0185e-06 0.00536746 0.00520968
19.16 9.5271e-06 0.000214291 0.000228739 7.31345e-06 0.00572107 0.00535951
19.18 9.36264e-06 0.000213957 0.000237196 1.54863e-05 0.00593258 0.00535115
19.2 8.90751e-06 0.000206349 0.000239786 2.27996e-05 0.00599735 0.00516087
19.22 8.15917e-06 0.000191108 0.000236274 3.08451e-05 0.00590951 0.00477969
19.24 7.12204e-06 0.000167483 0.000226081 4.01966e-05 0.00565458 0.00418883
19.26 5.81166e-06 0.000135034 0.000208435 5.01122e-05 0.00521326 0.00337725
19.28 4.26744e-06 9.49605e-05 0.000183308 5.91999e-05 0.00458481 0.002375
19.3 2.56084e-06 5.00686e-05 0.000152274 6.6235e-05 0.00380865 0.00125224
19.32 7.80846e-07 3.80133e-06 0.000118221 7.05643e-05 0.00295696 9.50729e-05
19.34 -9.79543e-07 -4.04432e-05 8.41379e-05 7.19764e-05 0.00210453 -0.0010115
19.36 -2.63872e-06 -7.99706e-05 5.21715e-05 7.02907e-05 0.00130504 -0.0020001
19.38 -4.13317e-06 -0.000113524 2.33403e-05 6.52326e-05 0.00058396 -0.00283928
19.4 -5.41432e-06 -0.000140957 -2.59092e-06 5.69133e-05 -6.45911e-05 -0.00352539
19.42 -6.44233e-06 -0.000162076 -2.71111e-05 4.63679e-05 -0.00067785 -0.00405359
19.44 -7.18996e-06 -0.000176562 -5.22569e-05 3.53673e-05 -0.00130676 -0.00441588
19.46 -7.65038e-06 -0.000184993 -7.9074e-05 2.56117e-05 -0.00197746 -0.00462676
19.48 -7.83187e-06 -0.000188736 -0.000106294 1.80768e-05 -0.00265826 -0.00472038
19.5 -7.74114e-06 -0.000188235 -0.000130867 1.28138e-05 -0.00327282 -0.00470783
19.52 -7.37464e-06 -0.000182231 -0.000150081 8.98071e-06 -0.00375337 -0.00455767
19.54 -6.72961e-06 -0.00016916 -0.000162618 5.18092e-06 -0.00406693 -0.00423075
19.56 -5.81937e-06 -0.000148593 -0.00016766 3.03628e-07 -0.00419303 -0.00371638
19.58 -4.6689e-06 -0.00012098 -0.000164528 -5.65693e-06 -0.00411472 -0.00302577
19.6 -3.31332e-06 -8.70292e-05 -0.000153719 -1.16388e-05 -0.00384436 -0.00217664
19.62 -1.8049e-06 -4.80734e-05 -0.000136989 -1.63466e-05 -0.00342595 -0.00120234
19.64 -2.15103e-07 -6.37876e-06 -0.000116011 -1.90016e-05 -0.00290126 -0.000159536
19.66 1.3682e-06 3.51322e-05 -9.17656e-05 -1.94974e-05 -0.00229489 0.000878672
19.68 2.85206e-06 7.30445e-05 -6.50102e-05 -1.81009e-05 -0.00162572 0.00182687
19.7 4.15669e-06 0.000104167 -3.62518e-05 -1.4962e-05 -0.000906464 0.00260527
19.72 5.23369e-06 0.000127178 -5.48489e-06 -9.86444e-06 -0.00013697 0.00318078
19.74 6.06593e-06 0.000142997 2.72728e-05 -2.67269e-06 0.000682312 0.00357641
19.76 6.65067e-06 0.000152936 6.12454e-05 5.88883e-06 0.00153198 0.003825
19.78 6.98958e-06 0.000157447 9.49723e-05 1.41913e-05 0.00237551 0.00393783
19.8 7.09416e-06 0.000157142 0.000126886 2.06399e-05 0.00317369 0.00393018
19.82 6.98567e-06 0.000153499 0.000155657 2.45872e-05 0.00389326 0.00383907
19.84 6.67914e-06 0.000147513 0.000180242 2.6401e-05 0.00450814 0.00368937
19.86 6.17147e-06 0.000138524 0.000199903 2.69451e-05 0.00499986 0.00346454
19.88 5.44938e-06 0.0001249 0.000214186 2.70623e-05 0.00535708 0.0031238
19.9 4.50371e-06 0.000105161 0.0002228 2.73132e-05 0.00557254 0.00263012
19.92 3.34283e-06 7.85208e-05 0.000225463 2.80249e-05 0.00563914 0.00196384
19.94 2.00225e-06 4.54344e-05 0.000221727 2.95225e-05 0.00554569 0.00113633
19.96 5.44057e-07 7.92181e-06 0.00021098 3.21469e-05 0.00527691 0.000198128
19.98 -9.53341e-07 -3.10411e-05 0.000192975 3.58978e-05 0.0048266 -0.000776351
20 -2.40997e-06 -6.84694e-05 0.000168372 4.01169e-05 0.00421125 -0.00171245
20.02 -3.75532e-06 -0.000101817 0.000138359 4.36571e-05 0.00346064 -0.00254648
20.04 -4.93621e-06 -0.000129286 0.000104004 4.54603e-05 0.00260139 -0.00323349
20.06 -5.92132e-06 -0.000150317 6.66162e-05 4.51509e-05 0.00166631 -0.0037595
20.08 -6.69883e-06 -0.000165586 2.8393e-05 4.33109e-05 0.000710329 -0.00414138
20.1 -7.26723e-06 -0.00017628 -8.14812e-06 4.12051e-05 -0.000203579 -0.00440884
20.12 -7.62498e-06 -0.000183378 -4.13063e-05 4.00233e-05 -0.00103288 -0.00458636
20.14 -7.76266e-06 -0.000187197 -7.06002e-05 4.01542e-05 -0.00176553 -0.00468187
20.16 -7.65972e-06 -0.000187059 -9.65344e-05 4.10404e-05 -0.00241416 -0.00467842
20.18 -7.28802e-06 -0.000181433 -0.000119925 4.16396e-05 -0.00299915 -0.00453772
20.2 -6.62285e-06 -0.000168671 -0.00014071 4.10548e-05 -0.00351901 -0.00421854
20.22 -5.65814e-06 -0.000147713 -0.000157607 3.88724e-05 -0.00394161 -0.00369436
20.24 -4.41337e-06 -0.000118338 -0.000169425 3.50299e-05 -0.00423718 -0.00295969
20.26 -2.93705e-06 -8.13746e-05 -0.0001758 2.94619e-05 -0.00439661 -0.00203521
20.28 -1.30656e-06 -3.90536e-05 -0.000175889 2.20205e-05 -0.00439886 -0.000976746
20.3 3.83185e-07 5.13842e-06 -0.000167713 1.28513e-05 -0.00419436 0.000128514
20.32 2.03753e-06 4.74905e-05 -0.000149996 2.77788e-06 -0.00375126 0.00118776
20.34 3.58055e-06 8.5391e-05 -0.000123881 -6.86125e-06 -0.00309811 0.00213567
20.36 4.96213e-06 0.000117926 -9.19738e-05 -1.48893e-05 -0.00230009 0.00294937
20.38 6.15053e-06 0.000145151 -5.64304e-05 -2.08953e-05 -0.00141114 0.00363029
20.4 7.12042e-06 0.000166835 -1.86638e-05 -2.52396e-05 -0.000466579 0.00417262
20.42 7.85095e-06 0.000182395 1.98342e-05 -2.8488e-05 0.00049627 0.00456176
20.44 8.33125e-06 0.000191942 5.74119e-05 -3.08431e-05 0.0014361 0.00480056
20.46 8.55807e-06 0.000196248 9.30515e-05 -3.20849e-05 0.00232747 0.00490825
20.48 8.52635e-06 0.000195414 0.000126914 -3.18898e-05 0.00317438 0.00488739
20.5 8.22701e-06 0.000188643 0.000159826 -3.00863e-05 0.00399752 0.00471805
20.52 7.6571e-06 0.00017539 0.000191846 -2.67299e-05 0.00479837 0.00438659
20.54 6.82976e-06 0.000155863 0.000221262 -2.20599e-05 0.00553405 0.00389821
20.56 5.7722e-06 0.000130594 0.000245217 -1.6263e-05 0.00613318 0.00326621
20.58 4.52478e-06 0.000100371 0.00026123 -9.16581e-06 0.00653367 0.00251031
20.6 3.14001e-06 6.65043e-05 0.000268032 -2.7886e-07 0.00670381 0.0016633
20.62 1.67455e-06 3.06514e-05 0.000265366 1.07058e-05 0.00663712 0.000766605
20.64 1.8185e-07 -5.54736e-06 0.000253326 2.343e-05 0.00633599 -0.000138742
20.66 -1.29285e-06 -4.06863e-05 0.0002322 3.68403e-05 0.00580763 -0.00101758
20.68 -2.71289e-06 -7.38725e-05 0.000203216 4.96272e-05 0.00508272 -0.00184758
20.7 -4.04673e-06 -0.000104801 0.000168986 6.08475e-05 0.00422661 -0.00262112
20.72 -5.26181e-06 -0.000133231 0.000132537 7.02952e-05 0.00331502 -0.00333216
20.74 -6.32114e-06 -0.000158359 9.60592e-05 7.82575e-05 0.00240269 -0.00396062
20.76 -7.18682e-06 -0.000179013 6.06338e-05 8.48155e-05 0.00151669 -0.00447718
20.78 -7.82571e-06 -0.000194448 2.6462e-05 8.94134e-05 0.000662034 -0.00486321
20.8 -8.20862e-06 -0.000204336 -6.77252e-06 9.12072e-05 -0.000169175 -0.00511053
20.82 -8.3067e-06 -0.000207795 -3.92125e-05 8.97771e-05 -0.000980512 -0.00519705
20.84 -8.09855e-06 -0.000203433 -7.04994e-05 8.53545e-05 -0.00176301 -0.00508795
20.86 -7.58198e-06 -0.000190783 -0.000100067 7.84332e-05 -0.00250252 -0.00477157
20.88 -6.77854e-06 -0.000170797 -0.000127157 6.93727e-05 -0.00318003 -0.00427171
20.9 -5.72581e-06 -0.00014477 -0.000150532 5.8341e-05 -0.00376466 -0.00362076
20.92 -4.4646e-06 -0.000113618 -0.000168712 4.5447e-05 -0.00421935 -0.00284164
20.94 -3.04065e-06 -7.82469e-05 -0.000180548 3.09244e-05 -0.00451537 -0.00195699
20.96 -1.50924e-06 -4.0001e-05 -0.000185466 1.53026e-05 -0.00463836 -0.00100044
20.98 6.8064e-08 -5.90422e-07 -0.000183237 -5.99314e-07 -0.00458262 -1.47667e-05
21 1.62822e-06 3.82243e-05 -0.000173643 -1.58966e-05 -0.00434267 0.000956005
21.02 3.11144e-06 7.48624e-05 -0.000156646 -2.98564e-05 -0.00391758 0.00187234
21.04 4.46195e-06 0.000107981 -0.000133085 -4.19168e-05 -0.0033283 0.00270065
21.06 5.62777e-06 0.000136369 -0.000104848 -5.1577e-05 -0.00262208 0.00341065
21.08 6.56229e-06 0.000158819 -7.41334e-05 -5.83059e-05 -0.0018539 0.00397212
21.1 7.22934e-06 0.00017424 -4.27288e-05 -6.15304e-05 -0.00106846 0.00435781
21.12 7.60902e-06 0.000182107 -1.17965e-05 -6.07561e-05 -0.000294827 0.00455458
21.14 7.69837e-06 0.000182751 1.81632e-05 -5.58631e-05 0.000454479 0.00457067
21.16 7.50475e-06 0.000176948 4.70545e-05 -4.73956e-05 0.00117706 0.00442555
21.18 7.03739e-06 0.000165257 7.46684e-05 -3.64915e-05 0.0018677 0.00413314
21.2 6.30774e-06 0.00014789 0.000100684 -2.4357e-05 0.00251837 0.0036988
21.22 5.33411e-06 0.000125011 0.000125094 -1.16655e-05 0.00312887 0.00312658
21.24 4.14101e-06 9.6822e-05 0.000147928 1.62562e-06 0.00369996 0.00242156
21.26 2.76111e-06 6.36013e-05 0.000168464 1.59231e-05 0.00421357 0.00159069
21.28 1.23877e-06 2.60368e-05 0.000185297 3.14139e-05 0.00463455 0.000651191
21.3 -3.68338e-07 -1.44267e-05 0.000197197 4.76674e-05 0.00493218 -0.000360818
21.32 -1.992e-06 -5.56566e-05 0.00020338 6.36481e-05 0.00508683 -0.00139199
21.34 -3.56149e-06 -9.53125e-05 0.00020308 7.80758e-05 0.00507933 -0.00238381
21.36 -5.01111e-06 -0.000131402 0.000195743 8.98927e-05 0.00489582 -0.00328641
21.38 -6.28407e-06 -0.000162472 0.000182001 9.85666e-05 0.00455212 -0.0040635
21.4 -7.33419e-06 -0.000187431 0.000163899 0.000104039 0.00409938 -0.00468773
21.42 -8.12894e-06 -0.000205538 0.000143863 0.000106353 0.00359828 -0.00514059
21.44 -8.65189e-06 -0.000216679 0.00012365 0.000105334 0.00309274 -0.00541923
21.46 -8.89946e-06 -0.000221276 0.000104 0.000100686 0.0026013 -0.0055342
21.48 -8.87327e-06 -0.000219816 8.47558e-05 9.24367e-05 0.00211999 -0.0054977
21.5 -8.57354e-06 -0.000212681 6.54089e-05 8.12623e-05 0.00163611 -0.00531925
21.52 -7.99586e-06 -0.000200099 4.57016e-05 6.83954e-05 0.00114322 -0.00500456
21.54 -7.13376e-06 -0.00018163 2.53966e-05 5.51008e-05 0.000635389 -0.00454264
21.56 -5.98461e-06 -0.000156032 3.77635e-06 4.19613e-05 9.46572e-05 -0.00390242
21.58 -4.56401e-06 -0.000122396 -1.97685e-05 2.8551e-05 -0.00049421 -0.00306116
21.6 -2.91831e-06 -8.14129e-05 -4.45532e-05 1.399e-05 -0.00111409 -0.00203617
21.62 -1.12151e-06 -3.54231e-05 -6.83832e-05 -1.96902e-06 -0.00171008 -0.000885948
21.64 7.37203e-07 1.2357e-05 -8.84099e-05 -1.83239e-05 -0.00221096 0.000309054
21.66 2.56935e-06 5.87795e-05 -0.000102177 -3.32362e-05 -0.00255528 0.0014701
21.68 4.29819e-06 0.000101614 -0.000108422 -4.50933e-05 -0.00271146 0.00254141
21.7 5.86075e-06 0.00013956 -0.00010734 -5.33828e-05 -0.00268441 0.00349044
21.72 7.20527e-06 0.000171526 -0.000100239 -5.86973e-05 -0.00250681 0.00428993
21.74 8.29323e-06 0.000196532 -8.91733e-05 -6.18619e-05 -0.00223005 0.00491534
21.76 9.10431e-06 0.00021429 -7.66303e-05 -6.29894e-05 -0.00191635 0.00535949
21.78 9.63484e-06 0.000225262 -6.44391e-05 -6.13495e-05 -0.00161144 0.00563389
21.8 9.88806e-06 0.000230034 -5.25112e-05 -5.6123e-05 -0.00131312 0.00575326
21.82 9.86444e-06 0.000228796 -3.95536e-05 -4.73212e-05 -0.000989043 0.00572229
21.84 9.55881e-06 0.000221339 -2.53119e-05 -3.60763e-05 -0.000632853 0.00553578
21.86 8.96948e-06 0.000207517 -1.10606e-05 -2.40431e-05 -0.000276422 0.00519008
21.88 8.10766e-06 0.000187546 2.17133e-06 -1.23581e-05 5.45148e-05 0.00469061
21.9 6.99357e-06 0.000161639 1.45338e-05 -9.99191e-07 0.000363704 0.00404265
21.92 5.65565e-06 0.000129807 2.64821e-05 1.09014e-05 0.000662537 0.00324654
21.94 4.13616e-06 9.26612e-05 3.80794e-05 2.40253e-05 0.00095259 0.0023175
21.96 2.49176e-06 5.20501e-05 4.89237e-05 3.79379e-05 0.00122381 0.00130179
21.98 7.85741e-07 1.04084e-05 5.80155e-05 5.10454e-05 0.0014512 0.000260319
22 -9.24003e-07 -3.04155e-05 6.42905e-05 6.15414e-05 0.00160814 -0.000760705
22.02 -2.58843e-06 -6.96491e-05 6.77008e-05 6.86174e-05 0.00169343 -0.00174195
22.04 -4.16106e-06 -0.000107029 6.90531e-05 7.29529e-05 0.00172726 -0.00267683
22.06 -5.58983e-06 -0.000141726 6.88666e-05 7.60429e-05 0.00172259 -0.00354462
22.08 -6.81848e-06 -0.000172026 6.72084e-05 7.88558e-05 0.00168112 -0.00430245
22.1 -7.79747e-06 -0.000196164 6.42295e-05 8.09504e-05 0.00160662 -0.00490613
22.12 -8.49314e-06 -0.000213073 6.00135e-05 8.08351e-05 0.00150117 -0.00532905
22.14 -8.8877e-06 -0.000222282 5.44026e-05 7.72294e-05 0.00136084 -0.00555936
22.16 -8.9749e-06 -0.000223746 4.77743e-05 7.01229e-05 0.00119506 -0.00559597
22.18 -8.75498e-06 -0.00021794 4.15977e-05 6.0838e-05 0.00104059 -0.00545078
22.2 -8.23316e-06 -0.000205514 3.74908e-05 5.11404e-05 0.000937869 -0.00514
22.22 -7.42217e-06 -0.00018679 3.56857e-05 4.20661e-05 0.000892724 -0.0046717
22.24 -6.33922e-06 -0.000161823 3.46611e-05 3.33727e-05 0.000867097 -0.00404727
22.26 -5.00712e-06 -0.000130779 3.2333e-05 2.41104e-05 0.00080887 -0.00327084
22.28 -3.45747e-06 -9.41288e-05 2.76401e-05 1.37962e-05 0.0006915 -0.0023542
22.3 -1.73227e-06 -5.26552e-05 2.11922e-05 3.04381e-06 0.000530235 -0.00131693
22.32 1.10519e-07 -7.55191e-06 1.46582e-05 -6.93442e-06 0.000366817 -0.000188876
22.34 1.99504e-06 3.93545e-05 9.65688e-06 -1.53679e-05 0.000241732 0.000984272
22.36 3.83177e-06 8.55183e-05 7.18231e-06 -2.24293e-05 0.000179841 0.00213885
22.38 5.52998e-06 0.000127929 7.72401e-06 -2.87372e-05 0.00019339 0.00319955
22.4 7.01451e-06 0.000163867 1.12726e-05 -3.43938e-05 0.000282141 0.00409837
22.42 8.23994e-06 0.000191989 1.69343e-05 -3.85362e-05 0.000423743 0.00480172
22.44 9.19124e-06 0.000212748 2.30309e-05 -3.99206e-05 0.000576221 0.00532091
22.46 9.86837e-06 0.000227315 2.79748e-05 -3.80461e-05 0.00069987 0.00568525
22.48 1.02697e-05 0.000236102 3.0931e-05 -3.37057e-05 0.000773806 0.00590501
22.5 1.03901e-05 0.000238769 3.18683e-05 -2.84009e-05 0.000797249 0.0059717
22.52 1.02276e-05 0.000235342 3.15463e-05 -2.32471e-05 0.000789195 0.005886
22.54 9.78026e-06 0.000226248 3.12526e-05 -1.84278e-05 0.000781849 0.00565855
22.56 9.04248e-06 0.000211093 3.19408e-05 -1.34692e-05 0.000799061 0.00527951
22.58 8.00769e-06 0.000188375 3.3645e-05 -7.76533e-06 0.000841684 0.00471134
22.6 6.68551e-06 0.000156972 3.57809e-05 -8.74162e-07 0.000895105 0.00392594
22.62 5.12124e-06 0.000117663 3.7532e-05 7.376e-06 0.000938899 0.00294281
22.64 3.39324e-06 7.3134e-05 3.79121e-05 1.67928e-05 0.000948407 0.00182911
22.66 1.59766e-06 2.70076e-05 3.59945e-05 2.67464e-05 0.000900446 0.000675471
22.68 -1.72785e-07 -1.71484e-05 3.10358e-05 3.62091e-05 0.000776427 -0.000428888
22.7 -1.84526e-06 -5.68515e-05 2.22524e-05 4.40172e-05 0.000556752 -0.00142188
22.72 -3.37235e-06 -9.13229e-05 9.39402e-06 4.94386e-05 0.000235157 -0.00228402
22.74 -4.72531e-06 -0.00012087 -5.91455e-06 5.27464e-05 -0.000147716 -0.00302301
22.76 -5.88626e-06 -0.000145928 -2.04799e-05 5.51137e-05 -0.000512002 -0.00364971
22.78 -6.84508e-06 -0.000167051 -3.18459e-05 5.76638e-05 -0.00079627 -0.00417802
22.8 -7.59228e-06 -0.000184928 -3.9433e-05 6.05472e-05 -0.000986028 -0.00462512
22.82 -8.1054e-06 -0.000199344 -4.34428e-05 6.29236e-05 -0.00108631 -0.00498567
22.84 -8.3445e-06 -0.00020849 -4.41139e-05 6.36754e-05 -0.0011031 -0.00521442
22.86 -8.26593e-06 -0.000209898 -4.22171e-05 6.20817e-05 -0.00105566 -0.00524963
22.88 -7.83867e-06 -0.000201783 -3.89967e-05 5.80517e-05 -0.000975114 -0.00504668
22.9 -7.05747e-06 -0.000183466 -3.52305e-05 5.19688e-05 -0.00088092 -0.00458857
22.92 -5.95326e-06 -0.000155479 -3.07334e-05 4.4305e-05 -0.000768447 -0.00388859
22.94 -4.58604e-06 -0.000119728 -2.46321e-05 3.53283e-05 -0.00061585 -0.00299444
22.96 -3.0364e-06 -7.91158e-05 -1.59263e-05 2.52257e-05 -0.000398116 -0.00197872
22.98 -1.39458e-06 -3.67983e-05 -4.1051e-06 1.4492e-05 -0.000102461 -0.00092034
23 2.55528e-07 4.38844e-06 1.05316e-05 4.0928e-06 0.000263608 0.000109757
23.02 1.84669e-06 4.23881e-05 2.72063e-05 -4.83799e-06 0.00068065 0.00106014
23.04 3.33403e-06 7.63178e-05 4.5247e-05 -1.15475e-05 0.00113185 0.00190874
23.06 4.68968e-06 0.000106432 6.4041e-05 -1.6064e-05 0.0016019 0.0026619
23.08 5.89021e-06 0.00013337 8.24333e-05 -1.91721e-05 0.0020619 0.00333563
23.1 6.90524e-06 0.000157095 9.88529e-05 -2.18881e-05 0.00247256 0.00392901
23.12 7.69722e-06 0.000176502 0.000112478 -2.46692e-05 0.00281333 0.00441438
23.14 8.23106e-06 0.000190122 0.000123776 -2.69486e-05 0.00309589 0.00475504
23.16 8.48282e-06 0.000197014 0.000133532 -2.75098e-05 0.0033399 0.00492741
23.18 8.44005e-06 0.000196782 0.00014189 -2.5463e-05 0.00354894 0.00492159
23.2 8.0967e-06 0.000189122 0.000148562 -2.09377e-05 0.00371581 0.00473003
23.22 7.4585e-06 0.000173878 0.000153169 -1.49002e-05 0.00383104 0.00434875
23.24 6.55218e-06 0.000151521 0.000154849 -8.35925e-06 0.00387305 0.00378961
23.26 5.42133e-06 0.000123295 0.000152207 -1.67672e-06 0.00380697 0.00308365
23.28 4.12149e-06 9.09276e-05 0.000144214 5.52231e-06 0.00360706 0.00227414
23.3 2.71166e-06 5.63006e-05 0.000130836 1.38219e-05 0.00327247 0.0014081
23.32 1.24372e-06 2.09531e-05 0.000112781 2.3282e-05 0.00282091 0.000524046
23.34 -2.398e-07 -1.42337e-05 9.12124e-05 3.31371e-05 0.00228147 -0.00035599
23.36 -1.70072e-06 -4.86614e-05 6.75487e-05 4.22275e-05 0.00168963 -0.00121704
23.38 -3.09809e-06 -8.15262e-05 4.28238e-05 4.97466e-05 0.00107125 -0.002039
23.4 -4.38646e-06 -0.000111884 1.73717e-05 5.56513e-05 0.000434682 -0.00279826
23.42 -5.51789e-06 -0.000138814 -8.57023e-06 6.0481e-05 -0.000214136 -0.0034718
23.44 -6.44527e-06 -0.000161278 -3.45297e-05 6.47829e-05 -0.000863393 -0.00403363
23.46 -7.12752e-06 -0.00017813 -6.0129e-05 6.85382e-05 -0.00150364 -0.0044551
23.48 -7.53455e-06 -0.000188435 -8.47717e-05 7.10121e-05 -0.00211997 -0.00471285
23.5 -7.64956e-06 -0.000191558 -0.000106917 7.11725e-05 -0.00267382 -0.00479095
23.52 -7.46989e-06 -0.000187128 -0.000124643 6.83138e-05 -0.00311716 -0.00468014
23.54 -7.00679e-06 -0.00017537 -0.000136941 6.24119e-05 -0.00342475 -0.00438608
23.56 -6.28732e-06 -0.000157329 -0.000143754 5.41043e-05 -0.00359513 -0.00393487
23.58 -5.3447e-06 -0.000134272 -0.00014524 4.44288e-05 -0.00363231 -0.00335819
23.6 -4.21024e-06 -0.000106948 -0.000141868 3.43882e-05 -0.00354797 -0.0026748
23.62 -2.91809e-06 -7.58621e-05 -0.000134655 2.45106e-05 -0.00336756 -0.00189734
23.64 -1.50874e-06 -4.18778e-05 -0.000124475 1.47753e-05 -0.00311297 -0.00104738
23.66 -2.97539e-08 -6.0655e-06 -0.000111436 4.98156e-06 -0.00278685 -0.000151701
23.68 1.46587e-06 3.04771e-05 -9.51919e-05 -4.85249e-06 -0.00238058 0.000762246
23.7 2.91943e-06 6.62747e-05 -7.53028e-05 -1.43653e-05 -0.00188314 0.00165756
23.72 4.26945e-06 9.95112e-05 -5.12468e-05 -2.29316e-05 -0.0012815 0.00248882
23.74 5.45707e-06 0.000128574 -2.29049e-05 -2.98711e-05 -0.000572653 0.00321569
23.76 6.4302e-06 0.000152085 8.83365e-06 -3.47354e-05 0.000221142 0.00380372
23.78 7.14879e-06 0.000168769 4.22739e-05 -3.7412e-05 0.0010575 0.00422099
23.8 7.59249e-06 0.000178076 7.53458e-05 -3.79235e-05 0.00188464 0.00445377
23.82 7.76176e-06 0.000180569 0.000105601 -3.6237e-05 0.00264134 0.00451611
23.84 7.66906e-06 0.000177095 0.000130698 -3.23174e-05 0.00326902 0.00442923
23.86 7.32974e-06 0.000168086 0.000149649 -2.62352e-05 0.003743 0.00420391
23.88 6.7616e-06 0.000153954 0.000163172 -1.82078e-05 0.00408122 0.00385045
23.9 5.98537e-06 0.000135393 0.000172608 -8.69316e-06 0.00431721 0.00338622
23.92 5.0193e-06 0.000112844 0.000179134 1.56216e-06 0.00448042 0.00282227
23.94 3.88105e-06 8.62549e-05 0.000183588 1.17897e-05 0.00459182 0.00215727
23.96 2.59652e-06 5.56934e-05 0.000185626 2.1635e-05 0.00464279 0.00139291
23.98 1.20634e-06 2.18117e-05 0.000183173 3.12988e-05 0.00458145 0.00054552
24 -2.32029e-07 -1.41421e-05 0.000173918 4.12611e-05 0.00434997 -0.0003537
24.02 -1.64809e-06 -5.01506e-05 0.000157146 5.18089e-05 0.0039305 -0.00125429
24.04 -2.96919e-06 -8.34705e-05 0.000133564 6.25356e-05 0.00334069 -0.00208763
24.06 -4.13722e-06 -0.000111659 0.000104429 7.20827e-05 0.00261202 -0.00279263
24.08 -5.11916e-06 -0.00013371 7.17178e-05 7.85905e-05 0.0017939 -0.00334414
24.1 -5.90356e-06 -0.000149977 3.80951e-05 8.08124e-05 0.000952982 -0.00375098
24.12 -6.48906e-06 -0.000161363 5.94691e-06 7.89921e-05 0.000148944 -0.00403576
24.14 -6.87478e-06 -0.000168777 -2.3051e-05 7.4698e-05 -0.000576306 -0.00422118
24.16 -7.05514e-06 -0.000172597 -4.77174e-05 6.97521e-05 -0.00119322 -0.00431673
24.18 -7.02072e-06 -0.000172238 -6.78851e-05 6.50323e-05 -0.00169763 -0.00430775
24.2 -6.76556e-06 -0.000166732 -8.4785e-05 5.99537e-05 -0.0021203 -0.00417005
24.22 -6.29156e-06 -0.000155793 -9.97501e-05 5.31042e-05 -0.00249458 -0.00389645
24.24 -5.60812e-06 -0.000139788 -0.000112826 4.36576e-05 -0.00282163 -0.00349617
24.26 -4.72799e-06 -0.000118935 -0.00012319 3.22908e-05 -0.00308082 -0.00297463
24.28 -3.67079e-06 -9.32524e-05 -0.00012992 2.06944e-05 -0.00324913 -0.00233228
24.3 -2.47383e-06 -6.33486e-05 -0.000131699 1.02161e-05 -0.00329363 -0.00158438
24.32 -1.19427e-06 -3.09185e-05 -0.000126856 9.85567e-07 -0.0031725 -0.000773284
24.34 1.00619e-07 1.63538e-06 -0.000114364 -7.76532e-06 -0.00286009 4.09015e-05
24.36 1.35053e-06 3.21657e-05 -9.43298e-05 -1.66191e-05 -0.00235902 0.000804478
24.38 2.51301e-06 5.9529e-05 -6.78035e-05 -2.5133e-05 -0.00169558 0.00148885
24.4 3.56169e-06 8.3415e-05 -3.67847e-05 -3.19523e-05 -0.000919791 0.00208624
24.42 4.47809e-06 0.000103676 -3.96225e-06 -3.57283e-05 -9.88885e-05 0.00259298
24.44 5.24711e-06 0.000120207 2.80787e-05 -3.60258e-05 0.000702469 0.00300644
24.46 5.85559e-06 0.000133222 5.72789e-05 -3.3517e-05 0.00143278 0.00333194
24.48 6.28898e-06 0.000142885 8.22023e-05 -2.94009e-05 0.00205612 0.00357362
24.5 6.52939e-06 0.000148615 0.000102659 -2.45164e-05 0.00256775 0.00371692
24.52 6.56139e-06 0.000149392 0.000120125 -1.88156e-05 0.00300458 0.00373635
24.54 6.38006e-06 0.000144829 0.000136607 -1.16836e-05 0.00341681 0.00362223
24.56 5.9899e-06 0.00013527 0.000152674 -2.86671e-06 0.00381865 0.00338317
24.58 5.40283e-06 0.000120975 0.000166711 6.96357e-06 0.00416972 0.00302564
24.6 4.64035e-06 0.0001021 0.000175953 1.66706e-05 0.00440088 0.00255356
24.62 3.73735e-06 7.94285e-05 0.000177935 2.55974e-05 0.00445044 0.00198654
24.64 2.73995e-06 5.44097e-05 0.000171342 3.39496e-05 0.00428555 0.00136081
24.66 1.6949e-06 2.85699e-05 0.000156309 4.22945e-05 0.00390957 0.000714544
24.68 6.41484e-07 3.18694e-06 0.000134074 5.07086e-05 0.00335346 7.97067e-05
24.7 -3.91976e-07 -2.09189e-05 0.000106201 5.83208e-05 0.00265634 -0.000523189
24.72 -1.38499e-06 -4.35711e-05 7.44439e-05 6.37066e-05 0.00186208 -0.00108973
24.74 -2.31646e-06 -6.47423e-05 4.11461e-05 6.59098e-05 0.00102929 -0.00161923
24.76 -3.15947e-06 -8.38268e-05 8.69353e-06 6.51559e-05 0.000217638 -0.00209654
24.78 -3.88627e-06 -9.99583e-05 -2.17545e-05 6.25294e-05 -0.000543881 -0.0025
24.8 -4.47524e-06 -0.000112806 -5.03659e-05 5.90149e-05 -0.00125946 -0.00282132
24.82 -4.90966e-06 -0.000122339 -7.74598e-05 5.49007e-05 -0.00193709 -0.00305975
24.84 -5.17425e-06 -0.000128115 -0.000102783 4.99178e-05 -0.00257043 -0.00320421
24.86 -5.25878e-06 -0.000129522 -0.000125774 4.37399e-05 -0.00314546 -0.0032394
24.88 -5.16403e-06 -0.000126521 -0.000145781 3.64072e-05 -0.00364585 -0.00316434
24.9 -4.90068e-06 -0.000119631 -0.000161648 2.84533e-05 -0.00404266 -0.00299203
24.92 -4.48365e-06 -0.000109385 -0.000171514 2.06347e-05 -0.00428943 -0.00273576
24.94 -3.92962e-06 -9.61108e-05 -0.000173713 1.34351e-05 -0.00434442 -0.00240377
24.96 -3.25678e-06 -8.00898e-05 -0.000167922 6.80033e-06 -0.00419958 -0.00200308
24.98 -2.48551e-06 -6.16885e-05 -0.000155107 3.99006e-07 -0.00387909 -0.00154285
25 -1.63885e-06 -4.13903e-05 -0.000136532 -5.83805e-06 -0.0034145 -0.00103519
25.02 -7.42828e-07 -1.98272e-05 -0.000113169 -1.1435e-05 -0.00283019 -0.000495886
25.04 1.72584e-07 2.195e-06 -8.56637e-05 -1.56006e-05 -0.00214228 5.48979e-05
25.06 1.07367e-06 2.3746e-05 -5.43356e-05 -1.77354e-05 -0.00135875 0.000593897
25.08 1.92444e-06 4.38465e-05 -1.95261e-05 -1.77855e-05 -0.000488146 0.00109662
25.1 2.68971e-06 6.15295e-05 1.78035e-05 -1.61959e-05 0.000445483 0.00153888
25.12 3.33993e-06 7.59964e-05 5.62419e-05 -1.35219e-05 0.00140684 0.0019007
25.14 3.85538e-06 8.68239e-05 9.46889e-05 -1.00227e-05 0.00236842 0.0021715
25.16 4.22675e-06 9.39787e-05 0.000132344 -5.58776e-06 0.00331018 0.00235045
25.18 4.4527e-06 9.76767e-05 0.000168068 -6.39984e-08 0.00420365 0.00244293
25.2 4.53656e-06 9.8297e-05 0.000200451 6.33542e-06 0.00501358 0.00245845
25.22 4.4831e-06 9.62354e-05 0.000228362 1.29399e-05 0.00571164 0.00240689
25.24 4.29574e-06 9.16376e-05 0.000250933 1.89568e-05 0.00627615 0.00229189
25.26 3.97665e-06 8.43164e-05 0.000267366 2.3965e-05 0.00668714 0.00210879
25.28 3.53057e-06 7.39571e-05 0.000277206 2.81641e-05 0.00693326 0.0018497
25.3 2.969e-06 6.04309e-05 0.000280401 3.21724e-05 0.00701314 0.0015114
25.32 2.31277e-06 4.41156e-05 0.000276601 3.65089e-05 0.00691812 0.00110335
25.34 1.5914e-06 2.59886e-05 0.000264753 4.11342e-05 0.0066218 0.000649984
25.36 8.38779e-07 7.23683e-06 0.000243807 4.5426e-05 0.00609793 0.000180996
25.38 8.94171e-08 -1.11708e-05 0.000213693 4.86455e-05 0.00534476 -0.000279387
25.4 -6.22926e-07 -2.83806e-05 0.000175385 5.04689e-05 0.00438667 -0.00070981
25.42 -1.26707e-06 -4.34312e-05 0.000130512 5.1047e-05 0.00326436 -0.00108623
25.44 -1.81917e-06 -5.55346e-05 8.13576e-05 5.0589e-05 0.002035 -0.00138894
25.46 -2.26635e-06 -6.451e-05 3.07689e-05 4.90002e-05 0.000769752 -0.00161342
25.48 -2.60454e-06 -7.07067e-05 -1.85658e-05 4.59671e-05 -0.000464129 -0.0017684
25.5 -2.83244e-06 -7.44906e-05 -6.47307e-05 4.13403e-05 -0.00161873 -0.00186304
25.52 -2.9479e-06 -7.59133e-05 -0.000106646 3.54014e-05 -0.00266705 -0.00189862
25.54 -2.94896e-06 -7.48822e-05 -0.000143978 2.87882e-05 -0.00360073 -0.00187283
25.56 -2.83609e-06 -7.14516e-05 -0.000176838 2.21827e-05 -0.00442259 -0.00178703
25.58 -2.61206e-06 -6.57533e-05 -0.000205155 1.602e-05 -0.0051308 -0.00164452
25.6 -2.2814e-06 -5.77297e-05 -0.000228337 1.03936e-05 -0.00571058 -0.00144384
25.62 -1.85312e-06 -4.72051e-05 -0.000245444 5.14901e-06 -0.00613845 -0.00118062
25.64 -1.34477e-06 -3.43226e-05 -0.000255242 7.20859e-08 -0.00638349 -0.000858422
25.66 -7.83248e-07 -1.98372e-05 -0.000256157 -4.92875e-06 -0.00640637 -0.000496136
25.68 -2.00142e-07 -4.92519e-06 -0.000246711 -9.72409e-06 -0.00617013 -0.000123181
25.7 3.75477e-07 9.29212e-06 -0.000226135 -1.39844e-05 -0.00565553 0.0002324
25.72 9.21776e-07 2.20692e-05 -0.000194631 -1.72907e-05 -0.00486758 0.00055196
25.74 1.42493e-06 3.30868e-05 -0.000153597 -1.92757e-05 -0.00384132 0.000827514
25.76 1.87744e-06 4.23641e-05 -0.000105865 -1.97413e-05 -0.00264752 0.00105954
25.78 2.27587e-06 5.00819e-05 -5.51184e-05 -1.86799e-05 -0.00137832 0.00125257
25.8 2.61865e-06 5.6448e-05 -4.58397e-06 -1.61738e-05 -0.000114438 0.00141179
25.82 2.90336e-06 6.16528e-05 4.37501e-05 -1.2297e-05 0.00109442 0.00154196
25.84 3.12374e-06 6.56989e-05 8.89949e-05 -7.17144e-06 0.00222601 0.00164316
25.86 3.26961e-06 6.82452e-05 0.000131143 -1.10051e-06 0.00328015 0.00170684
25.88 3.33135e-06 6.89159e-05 0.00017082 5.4223e-06 0.0042725 0.00172362
25.9 3.30372e-06 6.77026e-05 0.000208401 1.18421e-05 0.00521239 0.00169327
25.92 3.18505e-06 6.4737e-05 0.000243143 1.76933e-05 0.00608131 0.0016191
25.94 2.97535e-06 5.99155e-05 0.000273425 2.27659e-05 0.00683868 0.00149851
25.96 2.67738e-06 5.3072e-05 0.000297451 2.72391e-05 0.00743957 0.00132735
25.98 2.29769e-06 4.41952e-05 0.000313409 3.15937e-05 0.00783869 0.00110534
26 1.84631e-06 3.33189e-05 0.000319656 3.629e-05 0.00799495 0.000833319
26.02 1.3376e-06 2.06343e-05 0.000315368 4.14716e-05 0.00788769 0.000516071
26.04 7.91294e-07 6.82123e-06 0.00030062 4.68672e-05 0.00751883 0.000170602
26.06 2.2982e-07 -7.11149e-06 0.000275687 5.18528e-05 0.00689525 -0.000177861
26.08 -3.25702e-07 -2.0412e-05 0.00024098 5.56761e-05 0.00602722 -0.000510513
26.1 -8.55495e-07 -3.27508e-05 0.000198005 5.78313e-05 0.0049524 -0.000819112
26.12 -1.33881e-06 -4.37358e-05 0.000149786 5.8292e-05 0.00374642 -0.00109385
26.14 -1.75618e-06 -5.263e-05 9.99248e-05 5.72697e-05 0.00249937 -0.0013163
26.16 -2.09659e-06 -5.8934e-05 5.12779e-05 5.47195e-05 0.00128269 -0.00147396
26.18 -2.35997e-06 -6.29783e-05 5.36246e-06 5.02515e-05 0.000134326 -0.00157511
26.2 -2.55014e-06 -6.547e-05 -3.747e-05 4.36653e-05 -0.00093693 -0.00163743
26.22 -2.66703e-06 -6.67631e-05 -7.73506e-05 3.5515e-05 -0.00193436 -0.00166977
26.24 -2.70639e-06 -6.68892e-05 -0.000113978 2.70615e-05 -0.00285043 -0.00167293
26.26 -2.66328e-06 -6.57128e-05 -0.000146445 1.96154e-05 -0.00366244 -0.00164351
26.28 -2.5352e-06 -6.2744e-05 -0.000174118 1.374e-05 -0.00435457 -0.00156925
26.3 -2.32588e-06 -5.74438e-05 -0.00019694 8.89765e-06 -0.00492535 -0.00143669
26.32 -2.04775e-06 -4.99424e-05 -0.00021435 3.95877e-06 -0.00536077 -0.00124908
26.34 -1.71864e-06 -4.09872e-05 -0.000224617 -1.70084e-06 -0.00561757 -0.00102511
26.36 -1.3567e-06 -3.13145e-05 -0.000225663 -7.53347e-06 -0.00564372 -0.000783189
26.38 -9.79287e-07 -2.15387e-05 -0.000216038 -1.22637e-05 -0.00540299 -0.000538691
26.4 -6.03207e-07 -1.23468e-05 -0.000195191 -1.49415e-05 -0.00488159 -0.000308799
26.42 -2.41848e-07 -4.31029e-06 -0.000163651 -1.55721e-05 -0.00409276 -0.000107802
26.44 9.84224e-08 2.36268e-06 -0.00012332 -1.48695e-05 -0.00308408 5.90916e-05
26.46 4.1962e-07 7.80007e-06 -7.73273e-05 -1.34739e-05 -0.00193378 0.000195083
26.48 7.31109e-07 1.24924e-05 -2.93471e-05 -1.13128e-05 -0.000733774 0.000312441
26.5 1.04469e-06 1.73346e-05 1.7258e-05 -7.68008e-06 0.000431839 0.000433546
26.52 1.36503e-06 2.31512e-05 6.01888e-05 -2.02363e-06 0.00150556 0.000579022
26.54 1.68172e-06 2.99483e-05 9.85278e-05 5.29239e-06 0.00246443 0.000749018
26.56 1.97134e-06 3.68699e-05 0.000132496 1.30326e-05 0.00331398 0.000922132
26.58 2.20744e-06 4.28884e-05 0.000162941 1.9907e-05 0.00407544 0.00107266
26.6 2.36882e-06 4.72208e-05 0.000190883 2.53754e-05 0.00477426 0.00118101
26.62 2.44249e-06 4.92468e-05 0.00021702 2.97858e-05 0.00542797 0.00123168
26.64 2.4248e-06 4.86061e-05 0.00024108 3.38546e-05 0.00602971 0.00121566
26.66 2.3216e-06 4.5477e-05 0.000261375 3.79723e-05 0.00653731 0.0011374
26.68 2.14506e-06 4.04266e-05 0.000275187 4.18861e-05 0.00688276 0.00101109
26.7 1.90934e-06 3.39588e-05 0.000279812 4.50081e-05 0.00699843 0.000849324
26.72 1.62881e-06 2.64205e-05 0.000273347 4.70354e-05 0.00683672 0.000660787
26.74 1.31856e-06 1.8282e-05 0.000254932 4.82349e-05 0.00637616 0.000457241
26.76 9.93342e-07 1.02007e-05 0.000225054 4.90875e-05 0.00562891 0.000255124
26.78 6.64321e-07 2.67629e-06 0.000185885 4.96743e-05 0.00464927 6.69352e-05
26.8 3.37961e-07 -4.19114e-06 0.000140827 4.94329e-05 0.00352236 -0.000104822
26.82 1.89104e-08 -1.04786e-05 9.33872e-05 4.74835e-05 0.00233586 -0.000262074
26.84 -2.86278e-07 -1.61295e-05 4.64139e-05 4.32129e-05 0.00116104 -0.000403405
26.86 -5.68584e-07 -2.0986e-05 1.9385e-06 3.67019e-05 4.86916e-05 -0.000524869
26.88 -8.18863e-07 -2.49805e-05 -3.89664e-05 2.87545e-05 -0.000974356 -0.000624772
26.9 -1.03054e-06 -2.82045e-05 -7.63669e-05 2.05285e-05 -0.00190976 -0.000705407
26.92 -1.20057e-06 -3.09104e-05 -0.000111123 1.30266e-05 -0.00277903 -0.000773082
26.94 -1.32719e-06 -3.33681e-05 -0.000143967 6.81478e-06 -0.00360047 -0.00083455
26.96 -1.40639e-06 -3.54825e-05 -0.00017468 2.07427e-06 -0.0043686 -0.000887431
26.98 -1.43178e-06 -3.66674e-05 -0.000201914 -1.26459e-06 -0.00504975 -0.000917068
27 -1.399e-06 -3.63422e-05 -0.000223583 -3.49667e-06 -0.00559169 -0.000908933
27.02 -1.30838e-06 -3.43663e-05 -0.000237437 -5.09468e-06 -0.00593818 -0.000859516
27.04 -1.16273e-06 -3.07951e-05 -0.000241584 -6.51566e-06 -0.00604191 -0.000770199
27.06 -9.6576e-07 -2.55835e-05 -0.000234821 -8.0003e-06 -0.00587276 -0.000639854
27.08 -7.25063e-07 -1.88906e-05 -0.000216855 -9.51129e-06 -0.00542343 -0.000472462
27.1 -4.54724e-07 -1.14285e-05 -0.000188573 -1.07514e-05 -0.00471607 -0.000285832
27.12 -1.72248e-07 -4.20347e-06 -0.00015211 -1.12031e-05 -0.00380412 -0.00010513
27.14 1.07795e-07 1.9924e-06 -0.000110365 -1.02544e-05 -0.00276007 4.98308e-05
27.16 3.78277e-07 6.81398e-06 -6.62148e-05 -7.41135e-06 -0.00165585 0.00017042
27.18 6.40436e-07 1.04631e-05 -2.20896e-05 -2.49328e-06 -0.00055226 0.000261687
27.2 9.0061e-07 1.37371e-05 2.0066e-05 4.22895e-06 0.000502069 0.00034357
27.22 1.16285e-06 1.76051e-05 5.89461e-05 1.19725e-05 0.00147448 0.000440312
27.24 1.42236e-06 2.24487e-05 9.41875e-05 1.96079e-05 0.00235588 0.000561452
27.26 1.66614e-06 2.78687e-05 0.000126301 2.61191e-05 0.00315904 0.000697009
27.28 1.87897e-06 3.325e-05 0.000156033 3.10609e-05 0.00390266 0.000831596
27.3 2.04638e-06 3.81401e-05 0.000183685 3.4596e-05 0.00459424 0.0009539
27.32 2.15276e-06 4.19356e-05 0.000208834 3.71284e-05 0.00522324 0.00104883
27.34 2.18198e-06 4.36427e-05 0.000230366 3.89544e-05 0.00576176 0.00109152
27.36 2.12462e-06 4.24052e-05 0.00024666 4.0212e-05 0.00616929 0.00106057
27.38 1.98493e-06 3.82057e-05 0.000255949 4.0996e-05 0.00640161 0.000955539
27.4 1.77979e-06 3.18494e-05 0.00025664 4.14149e-05 0.00641889 0.000796567
27.42 1.53118e-06 2.44137e-05 0.000247589 4.15456e-05 0.00619251 0.000610597
27.44 1.25924e-06 1.68593e-05 0.000228531 4.13496e-05 0.00571588 0.000421658
27.46 9.7869e-07 9.88884e-06 0.000200406 4.06014e-05 0.00501243 0.000247324
27.48 6.98055e-07 3.83997e-06 0.0001651 3.89298e-05 0.00412942 9.60392e-05
27.5 4.20944e-07 -1.28366e-06 0.000124987 3.60246e-05 0.0031262 -3.21049e-05
27.52 1.47845e-07 -5.66897e-06 8.27435e-05 3.1864e-05 0.00206966 -0.000141783
27.54 -1.22729e-07 -9.70158e-06 4.10834e-05 2.67578e-05 0.00102772 -0.000242641
27.56 -3.91978e-07 -1.3957e-05 2.10188e-06 2.1209e-05 5.27779e-05 -0.00034907
27.58 -6.56316e-07 -1.88437e-05 -3.32214e-05 1.57508e-05 -0.000830672 -0.000471288
27.6 -9.0446e-07 -2.42182e-05 -6.49009e-05 1.08393e-05 -0.00162299 -0.000605706
27.62 -1.11988e-06 -2.94772e-05 -9.34817e-05 6.78325e-06 -0.00233781 -0.000737238
27.64 -1.28633e-06 -3.39511e-05 -0.000119539 3.71996e-06 -0.00298952 -0.000849131
27.66 -1.39163e-06 -3.71105e-05 -0.000143183 1.65314e-06 -0.00358087 -0.00092815
27.68 -1.42872e-06 -3.85426e-05 -0.000163723 5.01884e-07 -0.00409456 -0.000963966
27.7 -1.39593e-06 -3.79647e-05 -0.000179721 1.00507e-07 -0.0044947 -0.000949512
27.72 -1.29739e-06 -3.53476e-05 -0.000189404 1.84367e-07 -0.00473687 -0.000884059
27.74 -1.14243e-06 -3.09592e-05 -0.000191124 4.45163e-07 -0.00477988 -0.000774302
27.76 -9.4369e-07 -2.52675e-05 -0.000183728 6.59496e-07 -0.00459491 -0.00063195
27.78 -7.15052e-07 -1.88708e-05 -0.000166874 8.08165e-07 -0.00417337 -0.000471966
27.8 -4.69573e-07 -1.24574e-05 -0.000141269 1.11905e-06 -0.003533 -0.000311565
27.82 -2.16869e-07 -6.60347e-06 -0.000108656 2.00739e-06 -0.00271734 -0.000165156
27.84 3.84594e-08 -1.50627e-06 -7.14792e-05 3.90344e-06 -0.00178752 -3.76726e-05
27.86 2.95299e-07 3.00477e-06 -3.24373e-05 7.02556e-06 -0.000811061 7.51506e-05
27.88 5.52632e-07 7.19498e-06 5.95504e-06 1.12431e-05 0.000149147 0.000179949
27.9 8.07582e-07 1.12578e-05 4.18336e-05 1.61276e-05 0.00104648 0.000281563
27.92 1.05574e-06 1.5377e-05 7.43371e-05 2.11235e-05 0.00185941 0.000384585
27.94 1.29146e-06 1.97512e-05 0.000103575 2.56934e-05 0.00259067 0.000493985
27.96 1.50685e-06 2.44182e-05 0.000130182 2.93857e-05 0.00325612 0.00061071
27.98 1.69112e-06 2.90921e-05 0.00015474 3.18812e-05 0.00387032 0.000727607
28 1.832e-06 3.32294e-05 0.00017733 3.30553e-05 0.0044353 0.000831081
28.02 1.91853e-06 3.62276e-05 0.000197305 3.30257e-05 0.00493488 0.000906067
28.04 1.94353e-06 3.75867e-05 0.000213339 3.21474e-05 0.00533589 0.00094006
28.06 1.9048e-06 3.70134e-05 0.000223737 3.0935e-05 0.00559596 0.00092572
28.08 1.80496e-06 3.4468e-05 0.000226869 2.99085e-05 0.00567429 0.00086206
28.1 1.65066e-06 3.01485e-05 0.000221563 2.94037e-05 0.0055416 0.000754027
28.12 1.45175e-06 2.4469e-05 0.000207425 2.94465e-05 0.005188 0.00061198
28.14 1.22048e-06 1.80421e-05 0.000185039 2.97583e-05 0.00462811 0.000451241
28.16 9.69847e-07 1.15646e-05 0.000155946 2.98743e-05 0.00390049 0.000289236
28.18 7.11147e-07 5.59799e-06 0.000122364 2.93132e-05 0.00306058 0.000140008
28.2 4.52288e-07 4.00029e-07 8.6745e-05 2.77397e-05 0.00216974 1.00049e-05
28.22 1.97927e-07 -4.07484e-06 5.13476e-05 2.50746e-05 0.00128443 -0.000101913
28.24 -4.90233e-08 -8.06337e-06 1.78666e-05 2.1518e-05 0.00044706 -0.000201668
28.26 -2.85726e-07 -1.18729e-05 -1.2798e-05 1.74908e-05 -0.000319875 -0.000296946
28.28 -5.0817e-07 -1.5771e-05 -4.05183e-05 1.35283e-05 -0.00101317 -0.00039444
28.3 -7.1035e-07 -1.98695e-05 -6.56349e-05 1.01551e-05 -0.00164135 -0.000496946
28.32 -8.83987e-07 -2.40369e-05 -8.85213e-05 7.75932e-06 -0.00221375 -0.000601173
28.34 -1.01908e-06 -2.78939e-05 -0.000109213 6.49272e-06 -0.00273125 -0.000697638
28.36 -1.1054e-06 -3.08942e-05 -0.00012722 6.23691e-06 -0.00318162 -0.000772677
28.38 -1.13464e-06 -3.24587e-05 -0.000141571 6.65333e-06 -0.00354054 -0.000811806
28.4 -1.1027e-06 -3.21429e-05 -0.000151018 7.29872e-06 -0.00377681 -0.000803907
28.42 -1.01134e-06 -2.98073e-05 -0.000154223 7.77117e-06 -0.00385697 -0.000745493
28.44 -8.68231e-07 -2.56952e-05 -0.000149953 7.84416e-06 -0.00375018 -0.000642649
28.46 -6.85293e-07 -2.03406e-05 -0.000137514 7.5327e-06 -0.00343908 -0.000508727
28.48 -4.76189e-07 -1.43954e-05 -0.000117191 7.05774e-06 -0.00293079 -0.000360035
28.5 -2.54029e-07 -8.50695e-06 -9.02061e-05 6.74644e-06 -0.00225588 -0.000212762
28.52 -2.94014e-08 -3.20845e-06 -5.83475e-05 6.93943e-06 -0.00145909 -8.02446e-05
28.54 1.90982e-07 1.22606e-06 -2.37041e-05 7.91908e-06 -0.000592639 3.06642e-05
28.56 4.04266e-07 4.84888e-06 1.15987e-05 9.82661e-06 0.000290297 0.000121272
28.58 6.09793e-07 7.95115e-06 4.58035e-05 1.25822e-05 0.00114577 0.000198862
28.6 8.06758e-07 1.0902e-05 7.77887e-05 1.58707e-05 0.00194574 0.000272663
28.62 9.9225e-07 1.39852e-05 0.000107146 1.92227e-05 0.00267998 0.000349775
28.64 1.16034e-06 1.72621e-05 0.000134196 2.21645e-05 0.00335649 0.000431731
